coin,combo,k,n,mean,t,n_t,m_t,n_h,m_h,b_t,b_h,level
BTCUSDT,rsi<30,1,78,0.0010784745875410616,0.20636596938588947,48,0.003949976730348733,30,-0.003515928840951209,0.0004526386537719616,-0.0009208384857374589,-
BTCUSDT,rsi>70,1,252,0.0033139371091239754,1.679721250093625,198,0.003643713624677985,54,0.0021047565520926044,0.0004526386537719616,-0.0009208384857374589,-
BTCUSDT,rsi50-70,1,957,0.00016942434595896202,0.18834464173187662,552,0.000942944181226115,405,-0.0008848545406273787,0.0004526386537719616,-0.0009208384857374589,-
BTCUSDT,>ema20,1,1204,0.0004064776065856912,0.49583863225884395,752,0.0010231386630842954,452,-0.00061947176174827,0.0004526386537719616,-0.0009208384857374589,-
BTCUSDT,>ema50,1,1211,0.0008961047723894819,1.0689684127522476,763,0.0017489589314187597,448,-0.0005564124672072564,0.0004526386537719616,-0.0009208384857374589,-
BTCUSDT,ema20>ema50,1,1242,0.0006266039820350871,0.7468327165019027,783,0.0017278102869266836,459,-0.001251924420427048,0.0004526386537719616,-0.0009208384857374589,-
BTCUSDT,>sma200,1,1310,0.0004390228838022447,0.5400541137966786,809,0.0013313898879238944,501,-0.0010019449931127555,0.0004526386537719616,-0.0009208384857374589,-
BTCUSDT,macd>signal,1,1154,0.0004998537900468808,0.5944844246461551,706,0.001117200918981397,448,-0.0004730191408186749,0.0004526386537719616,-0.0009208384857374589,-
BTCUSDT,macd_hist_up,1,1128,0.00017213265182000904,0.20567093542878884,686,0.0008014841638765966,442,-0.0008046436768470032,0.0004526386537719616,-0.0009208384857374589,-
BTCUSDT,<lower_bb,1,107,-0.004048814350398564,-0.8985293162191154,57,-0.007550480621400705,50,-5.691480145612271e-05,0.0004526386537719616,-0.0009208384857374589,-
BTCUSDT,>upper_bb,1,172,0.001969235254105924,0.806145859961505,118,0.002961617721960676,54,-0.00019930421268778977,0.0004526386537719616,-0.0009208384857374589,-
BTCUSDT,stoch<20,1,326,0.0010536251284341683,0.5480226482021648,193,0.0019122180449075265,133,-0.00019230293832792506,0.0004526386537719616,-0.0009208384857374589,-
BTCUSDT,dip>3%,1,230,0.002998090550225012,1.0924775239569526,156,0.006663012881712495,74,-0.0047279619323702254,0.0004526386537719616,-0.0009208384857374589,-
BTCUSDT,pop>3%,1,271,-0.001491282042738031,-0.8095717790113801,197,-0.000843178739095539,74,-0.0032166381348673664,0.0004526386537719616,-0.0009208384857374589,-
BTCUSDT,vol>1.5x,1,311,0.0015466377250785742,0.7779334340416283,183,0.004104368566488533,128,-0.002110118087249727,0.0004526386537719616,-0.0009208384857374589,-
BTCUSDT,20d_high,1,338,0.0022925148006936735,1.376943734953662,215,0.0036123665488259397,123,-1.4543133033458394e-05,0.0004526386537719616,-0.0009208384857374589,-
BTCUSDT,20d_low,1,205,0.0004313301761488375,0.14632575875251136,110,0.001607073697315039,95,-0.0009300570588857112,0.0004526386537719616,-0.0009208384857374589,-
BTCUSDT,adx>25,1,1274,0.0005710862056221886,0.6391019560011126,851,0.0014979858437781514,423,-0.001293669331188035,0.0004526386537719616,-0.0009208384857374589,-
BTCUSDT,btc>ema50,1,1211,0.0008961047723894819,1.0689684127522476,763,0.0017489589314187597,448,-0.0005564124672072564,0.0004526386537719616,-0.0009208384857374589,-
BTCUSDT,funding<0,1,264,0.002683400865785282,1.4275587389901911,144,0.00470519884046515,120,0.0002572432961694409,0.0004526386537719616,-0.0009208384857374589,-
BTCUSDT,rsi<30 & rsi>70,2,0,,,0,,0,,0.0004526386537719616,-0.0009208384857374589,-
BTCUSDT,rsi<30 & rsi50-70,2,0,,,0,,0,,0.0004526386537719616,-0.0009208384857374589,-
BTCUSDT,rsi<30 & >ema20,2,0,,,0,,0,,0.0004526386537719616,-0.0009208384857374589,-
BTCUSDT,rsi<30 & >ema50,2,0,,,0,,0,,0.0004526386537719616,-0.0009208384857374589,-
BTCUSDT,rsi<30 & ema20>ema50,2,2,0.0013232007811641924,0.10367897745279639,2,0.0013232007811641924,0,,0.0004526386537719616,-0.0009208384857374589,-
BTCUSDT,rsi<30 & >sma200,2,9,-0.01891286455410794,-1.0794136753211627,4,-0.03996874267264204,5,-0.0020681620592806634,0.0004526386537719616,-0.0009208384857374589,-
BTCUSDT,rsi<30 & macd>signal,2,3,0.015136593312937242,0.9660012327097622,3,0.015136593312937242,0,,0.0004526386537719616,-0.0009208384857374589,-
BTCUSDT,rsi<30 & macd_hist_up,2,25,0.0018158596451245345,0.28286707963916924,17,0.005031503996031846,8,-0.0050173846005535025,0.0004526386537719616,-0.0009208384857374589,-
BTCUSDT,rsi<30 & <lower_bb,2,41,-0.003682368072163614,-0.45280703896893176,22,-0.004125660802678582,19,-0.0031690817526199666,0.0004526386537719616,-0.0009208384857374589,-
BTCUSDT,rsi<30 & >upper_bb,2,0,,,0,,0,,0.0004526386537719616,-0.0009208384857374589,-
BTCUSDT,rsi<30 & stoch<20,2,45,0.0003529026309234089,0.04458134460402047,23,0.008241545009511606,22,-0.00789431440123698,0.0004526386537719616,-0.0009208384857374589,-
BTCUSDT,rsi<30 & dip>3%,2,31,0.009783255714469261,0.9875578354101207,18,0.024937361581852655,13,-0.011199352409600065,0.0004526386537719616,-0.0009208384857374589,-
BTCUSDT,rsi<30 & pop>3%,2,4,-0.014770250098488933,-0.8989010386913941,3,-0.01801732782006564,1,,0.0004526386537719616,-0.0009208384857374589,-
BTCUSDT,rsi<30 & vol>1.5x,2,39,-0.0006669092226721105,-0.08276344345332465,21,0.007800684437215652,18,-0.010545768492541172,0.0004526386537719616,-0.0009208384857374589,-
BTCUSDT,rsi<30 & 20d_high,2,0,,,0,,0,,0.0004526386537719616,-0.0009208384857374589,-
BTCUSDT,rsi<30 & 20d_low,2,43,0.00447641043445826,0.5450197923102781,22,0.01483567706209253,21,-0.006376154604015731,0.0004526386537719616,-0.0009208384857374589,-
BTCUSDT,rsi<30 & adx>25,2,67,-0.0018290182261756667,-0.31617602973092496,39,0.0010783543276194677,28,-0.005878572854676029,0.0004526386537719616,-0.0009208384857374589,-
BTCUSDT,rsi<30 & btc>ema50,2,0,,,0,,0,,0.0004526386537719616,-0.0009208384857374589,-
BTCUSDT,rsi<30 & funding<0,2,22,0.008784083460591086,0.7442314882492874,18,0.013254955740010815,4,-0.011334841796797687,0.0004526386537719616,-0.0009208384857374589,-
BTCUSDT,rsi>70 & rsi50-70,2,0,,,0,,0,,0.0004526386537719616,-0.0009208384857374589,-
BTCUSDT,rsi>70 & >ema20,2,252,0.0033139371091239754,1.679721250093625,198,0.003643713624677985,54,0.0021047565520926044,0.0004526386537719616,-0.0009208384857374589,-
BTCUSDT,rsi>70 & >ema50,2,252,0.0033139371091239754,1.679721250093625,198,0.003643713624677985,54,0.0021047565520926044,0.0004526386537719616,-0.0009208384857374589,-
BTCUSDT,rsi>70 & ema20>ema50,2,244,0.0027295077666628868,1.369732563023866,192,0.0030676017176004973,52,0.001481160870893246,0.0004526386537719616,-0.0009208384857374589,-
BTCUSDT,rsi>70 & >sma200,2,243,0.0032163643473803547,1.6076675638799491,190,0.0034356831230728906,53,0.0024301272269731536,0.0004526386537719616,-0.0009208384857374589,-
BTCUSDT,rsi>70 & macd>signal,2,239,0.003573930884944411,1.7583964217585086,186,0.0041150380849117344,53,0.0016749509001534265,0.0004526386537719616,-0.0009208384857374589,-
BTCUSDT,rsi>70 & macd_hist_up,2,145,0.0038163965400882164,1.4114221504613225,111,0.003541039417261792,34,0.004715356558727422,0.0004526386537719616,-0.0009208384857374589,-
BTCUSDT,rsi>70 & <lower_bb,2,0,,,0,,0,,0.0004526386537719616,-0.0009208384857374589,-
BTCUSDT,rsi>70 & >upper_bb,2,87,0.0053226358026647776,1.5169421266469993,65,0.003908952123944582,22,0.009499428489792626,0.0004526386537719616,-0.0009208384857374589,-
BTCUSDT,rsi>70 & stoch<20,2,0,,,0,,0,,0.0004526386537719616,-0.0009208384857374589,-
BTCUSDT,rsi>70 & dip>3%,2,3,0.007556759601434385,0.1796087881226213,2,-0.009035462822993941,1,,0.0004526386537719616,-0.0009208384857374589,-
BTCUSDT,rsi>70 & pop>3%,2,77,0.0026099115827919466,0.66671103530864,64,0.0005371453726278402,13,0.01281429907898447,0.0004526386537719616,-0.0009208384857374589,-
BTCUSDT,rsi>70 & vol>1.5x,2,79,0.007552021382682178,2.0237623936118596,58,0.00823354879440829,21,0.005669707578867196,0.0004526386537719616,-0.0009208384857374589,-
BTCUSDT,rsi>70 & 20d_high,2,155,0.003992367734392666,1.4677367598420203,120,0.004207425265918093,35,0.003255027626305486,0.0004526386537719616,-0.0009208384857374589,-
BTCUSDT,rsi>70 & 20d_low,2,0,,,0,,0,,0.0004526386537719616,-0.0009208384857374589,-
BTCUSDT,rsi>70 & adx>25,2,228,0.0027783217347610964,1.3280094674361111,188,0.003094540699265071,40,0.001292092601592415,0.0004526386537719616,-0.0009208384857374589,-
BTCUSDT,rsi>70 & btc>ema50,2,252,0.0033139371091239754,1.679721250093625,198,0.003643713624677985,54,0.0021047565520926044,0.0004526386537719616,-0.0009208384857374589,-
BTCUSDT,rsi>70 & funding<0,2,8,0.01345953395190619,1.0168819307778807,7,0.0170732145402818,1,,0.0004526386537719616,-0.0009208384857374589,-
BTCUSDT,rsi50-70 & >ema20,2,904,-5.470363981433484e-05,-0.05916809702993984,524,0.0005949607649996288,380,-0.0009505566611893785,0.0004526386537719616,-0.0009208384857374589,-
BTCUSDT,rsi50-70 & >ema50,2,842,0.000513332265547596,0.5247290289566626,497,0.0013352404411427496,345,-0.0006706919758170153,0.0004526386537719616,-0.0009208384857374589,-
BTCUSDT,rsi50-70 & ema20>ema50,2,706,0.0008467378610171764,0.7790961536796629,422,0.0020190053055355087,284,-0.0008951524966825997,0.0004526386537719616,-0.0009208384857374589,-
BTCUSDT,rsi50-70 & >sma200,2,679,0.00044536364882724936,0.4014901847637636,407,0.001519876635506187,272,-0.0011624554157989551,0.0004526386537719616,-0.0009208384857374589,-
BTCUSDT,rsi50-70 & macd>signal,2,573,-0.00018321772646996584,-0.1586589230564477,312,0.0005760039724160933,261,-0.0010907930906556005,0.0004526386537719616,-0.0009208384857374589,-
BTCUSDT,rsi50-70 & macd_hist_up,2,500,0.0013219482776387515,1.0568595378812011,292,0.002718599749947819,208,-0.0006387355200259014,0.0004526386537719616,-0.0009208384857374589,-
BTCUSDT,rsi50-70 & <lower_bb,2,0,,,0,,0,,0.0004526386537719616,-0.0009208384857374589,-
BTCUSDT,rsi50-70 & >upper_bb,2,85,-0.0014630688367719595,-0.4332838912520309,53,0.001799792511980413,32,-0.006867182945643074,0.0004526386537719616,-0.0009208384857374589,-
BTCUSDT,rsi50-70 & stoch<20,2,11,-0.0017423186006162445,-0.2650047090355769,4,-0.0022376684627700358,7,-0.0014592615365283637,0.0004526386537719616,-0.0009208384857374589,-
BTCUSDT,rsi50-70 & dip>3%,2,55,0.00535382999681896,1.1517659802615006,45,0.0074498021549798,10,-0.004078044714904815,0.0004526386537719616,-0.0009208384857374589,-
BTCUSDT,rsi50-70 & pop>3%,2,127,-0.0006648334173627313,-0.28965962574860116,90,0.001910479627237927,37,-0.006929108390715683,0.0004526386537719616,-0.0009208384857374589,-
BTCUSDT,rsi50-70 & vol>1.5x,2,105,-0.000775119264072005,-0.25079631029236304,61,0.00034005997569851436,44,-0.0023211632101174952,0.0004526386537719616,-0.0009208384857374589,-
BTCUSDT,rsi50-70 & 20d_high,2,181,0.0009435520156718052,0.45824615608699165,93,0.0030806202916172495,88,-0.0013149405941341751,0.0004526386537719616,-0.0009208384857374589,-
BTCUSDT,rsi50-70 & 20d_low,2,1,,,0,,1,,0.0004526386537719616,-0.0009208384857374589,-
BTCUSDT,rsi50-70 & adx>25,2,463,0.000870506291405168,0.6419190788597477,323,0.0016746075992164525,140,-0.000984670297330868,0.0004526386537719616,-0.0009208384857374589,-
BTCUSDT,rsi50-70 & btc>ema50,2,842,0.000513332265547596,0.5247290289566626,497,0.0013352404411427496,345,-0.0006706919758170153,0.0004526386537719616,-0.0009208384857374589,-
BTCUSDT,rsi50-70 & funding<0,2,85,8.488751660365813e-05,0.03527702963985393,33,0.002837049410596018,52,-0.001661676762276109,0.0004526386537719616,-0.0009208384857374589,-
BTCUSDT,>ema20 & >ema50,2,1044,0.001027971668755609,1.1408283331670608,670,0.0017817608094367178,374,-0.0003223992517158965,0.0004526386537719616,-0.0009208384857374589,-
BTCUSDT,>ema20 & ema20>ema50,2,899,0.0011985319737081365,1.2172576412180658,588,0.0021386541333892855,311,-0.0005789337172645826,0.0004526386537719616,-0.0009208384857374589,-
BTCUSDT,>ema20 & >sma200,2,887,0.0009266568584291132,0.9390998397991034,577,0.0018880618846302832,310,-0.0008627970129195151,0.0004526386537719616,-0.0009208384857374589,-
BTCUSDT,>ema20 & macd>signal,2,854,0.00052003859886345,0.5302484898914803,526,0.0012471886889469915,328,-0.0006460618504778388,0.0004526386537719616,-0.0009208384857374589,-
BTCUSDT,>ema20 & macd_hist_up,2,667,0.0012200644570349983,1.1024079148440684,416,0.0019827562757785766,251,-4.399847761571352e-05,0.0004526386537719616,-0.0009208384857374589,-
BTCUSDT,>ema20 & <lower_bb,2,0,,,0,,0,,0.0004526386537719616,-0.0009208384857374589,-
BTCUSDT,>ema20 & >upper_bb,2,172,0.001969235254105924,0.806145859961505,118,0.002961617721960676,54,-0.00019930421268778977,0.0004526386537719616,-0.0009208384857374589,-
BTCUSDT,>ema20 & stoch<20,2,3,0.0020609369587706477,0.3320664442895157,1,,2,-0.0038654779237972878,0.0004526386537719616,-0.0009208384857374589,-
BTCUSDT,>ema20 & dip>3%,2,49,0.004281028718047821,0.797059674917403,38,0.005521306575871064,11,-3.567518068828142e-06,0.0004526386537719616,-0.0009208384857374589,-
BTCUSDT,>ema20 & pop>3%,2,212,-0.00021792232758075953,-0.10753820033363835,159,0.0005928469460537671,53,-0.002650230148484337,0.0004526386537719616,-0.0009208384857374589,-
BTCUSDT,>ema20 & vol>1.5x,2,178,0.002946342428475986,1.202852494287622,117,0.003705463748669652,61,0.0014903228471209206,0.0004526386537719616,-0.0009208384857374589,-
BTCUSDT,>ema20 & 20d_high,2,338,0.0022925148006936735,1.376943734953662,215,0.0036123665488259397,123,-1.4543133033458394e-05,0.0004526386537719616,-0.0009208384857374589,-
BTCUSDT,>ema20 & 20d_low,2,0,,,0,,0,,0.0004526386537719616,-0.0009208384857374589,-
BTCUSDT,>ema20 & adx>25,2,695,0.0006520946879679931,0.5818133963174342,511,0.001324060961467922,184,-0.0012140725172410504,0.0004526386537719616,-0.0009208384857374589,-
BTCUSDT,>ema20 & btc>ema50,2,1044,0.001027971668755609,1.1408283331670608,670,0.0017817608094367178,374,-0.0003223992517158965,0.0004526386537719616,-0.0009208384857374589,-
BTCUSDT,>ema20 & funding<0,2,97,0.0017771859761758946,0.7024554646709594,43,0.004125348777087669,54,-9.26473652908865e-05,0.0004526386537719616,-0.0009208384857374589,-
BTCUSDT,>ema50 & ema20>ema50,2,1066,0.0010220081628015212,1.1302171282735531,681,0.002053163807316905,385,-0.0008019320811334823,0.0004526386537719616,-0.0009208384857374589,-
BTCUSDT,>ema50 & >sma200,2,1013,0.0011949501491250825,1.2861387245079028,654,0.00211164016991768,359,-0.0004750088302575313,0.0004526386537719616,-0.0009208384857374589,-
BTCUSDT,>ema50 & macd>signal,2,715,0.0012379061642038528,1.1207772886297374,450,0.002406622128851598,265,-0.0007467058512357149,0.0004526386537719616,-0.0009208384857374589,-
BTCUSDT,>ema50 & macd_hist_up,2,610,0.0019309125746167794,1.6246555082093115,389,0.002576614632086441,221,0.0007943600843195025,0.0004526386537719616,-0.0009208384857374589,-
BTCUSDT,>ema50 & <lower_bb,2,6,0.001104269658155364,0.1538035260559991,3,0.0035497160927498647,3,-0.001341176776439137,0.0004526386537719616,-0.0009208384857374589,-
BTCUSDT,>ema50 & >upper_bb,2,163,0.0022184095712146925,0.8793305881009748,113,0.0034065686841927745,50,-0.00046683002411577383,0.0004526386537719616,-0.0009208384857374589,-
BTCUSDT,>ema50 & stoch<20,2,56,0.004873813108419304,1.1588378254833869,34,0.008332486852919211,22,-0.00047140995126236586,0.0004526386537719616,-0.0009208384857374589,-
BTCUSDT,>ema50 & dip>3%,2,80,0.006167807700332243,1.4408721244582232,63,0.008100963694962797,17,-0.0009962409856515628,0.0004526386537719616,-0.0009208384857374589,-
BTCUSDT,>ema50 & pop>3%,2,188,0.0003169696008224587,0.14496075140237943,144,0.0002243231410320208,44,0.0006201761965002544,0.0004526386537719616,-0.0009208384857374589,-
BTCUSDT,>ema50 & vol>1.5x,2,183,0.0035996007386472936,1.5075440028591127,116,0.005098670878206676,67,0.0010041957209026915,0.0004526386537719616,-0.0009208384857374589,-
BTCUSDT,>ema50 & 20d_high,2,321,0.002515025925047601,1.4554865367603569,204,0.003966242914184985,117,-1.5301132935526815e-05,0.0004526386537719616,-0.0009208384857374589,-
BTCUSDT,>ema50 & 20d_low,2,21,0.012725077274699298,2.157804712402254,11,0.019445051981210156,10,0.00533310509753734,0.0004526386537719616,-0.0009208384857374589,-
BTCUSDT,>ema50 & adx>25,2,701,0.0019786469812939755,1.738461163880209,528,0.002737281857224618,173,-0.0003367242007371161,0.0004526386537719616,-0.0009208384857374589,-
BTCUSDT,>ema50 & btc>ema50,2,1211,0.0008961047723894819,1.0689684127522476,763,0.0017489589314187597,448,-0.0005564124672072564,0.0004526386537719616,-0.0009208384857374589,-
BTCUSDT,>ema50 & funding<0,2,74,0.0033612305563923543,1.2588467394045733,32,0.007980447866486617,42,-0.0001581731084413692,0.0004526386537719616,-0.0009208384857374589,-
BTCUSDT,ema20>ema50 & >sma200,2,1107,0.0010841992501854673,1.2240791117307765,716,0.002210537105734584,391,-0.0009783529354236572,0.0004526386537719616,-0.0009208384857374589,-
BTCUSDT,ema20>ema50 & macd>signal,2,579,0.001632719378808249,1.2933356591876797,373,0.003145686854273222,206,-0.0011067799821064825,0.0004526386537719616,-0.0009208384857374589,-
BTCUSDT,ema20>ema50 & macd_hist_up,2,551,0.001671827532764868,1.301396125345019,365,0.002670505143036622,186,-0.00028794304653185365,0.0004526386537719616,-0.0009208384857374589,-
BTCUSDT,ema20>ema50 & <lower_bb,2,32,-0.00614724948200424,-0.9219504871086689,17,-0.00904653253714152,15,-0.002861395352848655,0.0004526386537719616,-0.0009208384857374589,-
BTCUSDT,ema20>ema50 & >upper_bb,2,120,0.0017118823955466513,0.5600265737437148,87,0.0024899187609230666,33,-0.00033930438590025583,0.0004526386537719616,-0.0009208384857374589,-
BTCUSDT,ema20>ema50 & stoch<20,2,138,0.0030606443081017663,1.231823658473788,84,0.004948357287154218,54,0.00012420189624239868,0.0004526386537719616,-0.0009208384857374589,-
BTCUSDT,ema20>ema50 & dip>3%,2,107,0.0039153268954305155,1.0576387058582404,81,0.007223203975527788,26,-0.006389982469487905,0.0004526386537719616,-0.0009208384857374589,-
BTCUSDT,ema20>ema50 & pop>3%,2,162,-0.00011579992183887095,-0.04727676455843436,127,5.2842717447938014e-05,35,-0.0007277317843938661,0.0004526386537719616,-0.0009208384857374589,-
BTCUSDT,ema20>ema50 & vol>1.5x,2,182,0.0023303751683271573,0.9584950883433251,113,0.0031859870269314392,69,0.000929155747714349,0.0004526386537719616,-0.0009208384857374589,-
BTCUSDT,ema20>ema50 & 20d_high,2,255,0.0020354091424563793,1.0148414395736525,169,0.0035154154255585,86,-0.0008729752975931361,0.0004526386537719616,-0.0009208384857374589,-
BTCUSDT,ema20>ema50 & 20d_low,2,82,0.0012536410855826493,0.33529142315960186,42,0.00019552387226792655,40,0.0023646641595631104,0.0004526386537719616,-0.0009208384857374589,-
BTCUSDT,ema20>ema50 & adx>25,2,711,0.0020407891706714153,1.7895904484520078,537,0.003002957812151422,174,-0.0009286623263099839,0.0004526386537719616,-0.0009208384857374589,-
BTCUSDT,ema20>ema50 & btc>ema50,2,1066,0.0010220081628015212,1.1302171282735531,681,0.002053163807316905,385,-0.0008019320811334823,0.0004526386537719616,-0.0009208384857374589,-
BTCUSDT,ema20>ema50 & funding<0,2,57,0.004265986524448236,1.4051700557672548,21,0.013673453142216843,36,-0.0012217023359167847,0.0004526386537719616,-0.0009208384857374589,-
BTCUSDT,>sma200 & macd>signal,2,621,0.0014558860137694734,1.2221564793408544,386,0.003010583492732177,235,-0.0010977872921011786,0.0004526386537719616,-0.0009208384857374589,-
BTCUSDT,>sma200 & macd_hist_up,2,639,0.0012123585756088394,1.031201537162103,403,0.0019564528459741987,236,-5.82769792947197e-05,0.0004526386537719616,-0.0009208384857374589,-
BTCUSDT,>sma200 & <lower_bb,2,43,-0.0031797146279921055,-0.5966462053055975,22,-0.01051777678955611,21,0.0045077790650749445,0.0004526386537719616,-0.0009208384857374589,-
BTCUSDT,>sma200 & >upper_bb,2,128,0.0023843600874631343,0.8135259349812209,88,0.0029737070075826376,40,0.0010877968632002299,0.0004526386537719616,-0.0009208384857374589,-
BTCUSDT,>sma200 & stoch<20,2,135,0.002436687369083172,0.8982308548055763,80,0.003961414667152992,55,0.0002189022082543438,0.0004526386537719616,-0.0009208384857374589,-
BTCUSDT,>sma200 & dip>3%,2,116,0.0046188232980346015,1.4353310438784608,82,0.008214675379808233,34,-0.004053525840360628,0.0004526386537719616,-0.0009208384857374589,-
BTCUSDT,>sma200 & pop>3%,2,179,-0.0014283388669302328,-0.6080785669102253,133,-0.0009134897599253361,46,-0.0029169243284878675,0.0004526386537719616,-0.0009208384857374589,-
BTCUSDT,>sma200 & vol>1.5x,2,197,0.0023992295167840003,1.0709008108722622,115,0.003731461736318866,82,0.0005308550625582754,0.0004526386537719616,-0.0009208384857374589,-
BTCUSDT,>sma200 & 20d_high,2,253,0.002211532132571041,1.0923332231510028,164,0.003573829053576185,89,-0.00029876781175304333,0.0004526386537719616,-0.0009208384857374589,-
BTCUSDT,>sma200 & 20d_low,2,91,0.00040613487705747265,0.11579650545299147,48,-0.0003810078551756621,43,0.001284805833968882,0.0004526386537719616,-0.0009208384857374589,-
BTCUSDT,>sma200 & adx>25,2,766,0.001123702747717586,1.005780961552006,552,0.0018786440621622249,214,-0.0008236225119713887,0.0004526386537719616,-0.0009208384857374589,-
BTCUSDT,>sma200 & btc>ema50,2,1013,0.0011949501491250825,1.2861387245079028,654,0.00211164016991768,359,-0.0004750088302575313,0.0004526386537719616,-0.0009208384857374589,-
BTCUSDT,>sma200 & funding<0,2,56,0.0024233675785966208,0.601537170820155,27,0.009349161746840988,29,-0.004024785612527447,0.0004526386537719616,-0.0009208384857374589,-
BTCUSDT,macd>signal & macd_hist_up,2,611,0.001251187278386153,1.0995055052787561,378,0.0026653981139411705,233,-0.001043111845389799,0.0004526386537719616,-0.0009208384857374589,-
BTCUSDT,macd>signal & <lower_bb,2,2,0.009470948161206895,1.6222325047623627,0,,2,0.009470948161206895,0.0004526386537719616,-0.0009208384857374589,-
BTCUSDT,macd>signal & >upper_bb,2,164,0.002854826969952488,1.1421800603419061,111,0.004436426145717214,53,-0.00045757885098872604,0.0004526386537719616,-0.0009208384857374589,-
BTCUSDT,macd>signal & stoch<20,2,29,0.004913224793605007,1.0677615799077276,21,0.0019111341205726396,8,0.012793712810314974,0.0004526386537719616,-0.0009208384857374589,-
BTCUSDT,macd>signal & dip>3%,2,66,0.0008233116006614323,0.19108982943502778,48,0.0012279640063257245,18,-0.0002557614811100085,0.0004526386537719616,-0.0009208384857374589,-
BTCUSDT,macd>signal & pop>3%,2,166,0.0007088426566961666,0.3140613704537432,123,0.0009055709781217376,43,0.00014610815587418348,0.0004526386537719616,-0.0009208384857374589,-
BTCUSDT,macd>signal & vol>1.5x,2,176,0.004152695775666749,1.74800033441294,113,0.004189801171777145,63,0.004086141652484614,0.0004526386537719616,-0.0009208384857374589,-
BTCUSDT,macd>signal & 20d_high,2,311,0.0027973806555045776,1.6005592981758194,197,0.004412260559052527,114,6.754857268211846e-06,0.0004526386537719616,-0.0009208384857374589,-
BTCUSDT,macd>signal & 20d_low,2,12,-0.0002749180716707193,-0.017954740951649315,11,-0.0006301587555724329,1,,0.0004526386537719616,-0.0009208384857374589,-
BTCUSDT,macd>signal & adx>25,2,652,0.0009564394625156239,0.8081467108674619,449,0.0017767341730761095,203,-0.0008579069662610193,0.0004526386537719616,-0.0009208384857374589,-
BTCUSDT,macd>signal & btc>ema50,2,715,0.0012379061642038528,1.1207772886297374,450,0.002406622128851598,265,-0.0007467058512357149,0.0004526386537719616,-0.0009208384857374589,-
BTCUSDT,macd>signal & funding<0,2,133,0.0016098384900707873,0.756677039968091,65,0.003607458032620789,68,-0.00029965077854318483,0.0004526386537719616,-0.0009208384857374589,-
BTCUSDT,macd_hist_up & <lower_bb,2,0,,,0,,0,,0.0004526386537719616,-0.0009208384857374589,-
BTCUSDT,macd_hist_up & >upper_bb,2,172,0.001969235254105924,0.806145859961505,118,0.002961617721960676,54,-0.00019930421268778977,0.0004526386537719616,-0.0009208384857374589,-
BTCUSDT,macd_hist_up & stoch<20,2,61,0.0016094979768260138,0.5054030213987817,46,0.0010902676539879875,15,0.003201804300195959,0.0004526386537719616,-0.0009208384857374589,-
BTCUSDT,macd_hist_up & dip>3%,2,14,0.019924732419013068,3.0642041129799416,10,0.01916512285997419,4,0.021823756316610272,0.0004526386537719616,-0.0009208384857374589,-
BTCUSDT,macd_hist_up & pop>3%,2,246,-0.0007341020102154131,-0.3759659539536703,177,0.0002929398370075647,69,-0.0033686876183091348,0.0004526386537719616,-0.0009208384857374589,-
BTCUSDT,macd_hist_up & vol>1.5x,2,152,0.0028582403976465816,1.078265712752801,100,0.004899652007037233,52,-0.001067551158873898,0.0004526386537719616,-0.0009208384857374589,-
BTCUSDT,macd_hist_up & 20d_high,2,293,0.0022704422205552005,1.268835708556554,187,0.0035602933991469086,106,-5.049952998095558e-06,0.0004526386537719616,-0.0009208384857374589,-
BTCUSDT,macd_hist_up & 20d_low,2,15,0.0015978665073354645,0.2639843559756423,9,0.007275553012754436,6,-0.006918663250792992,0.0004526386537719616,-0.0009208384857374589,-
BTCUSDT,macd_hist_up & adx>25,2,619,-0.0006639457938878672,-0.5522515512115824,412,-6.976439526104039e-05,207,-0.0018465677080629992,0.0004526386537719616,-0.0009208384857374589,-
BTCUSDT,macd_hist_up & btc>ema50,2,610,0.0019309125746167794,1.6246555082093115,389,0.002576614632086441,221,0.0007943600843195025,0.0004526386537719616,-0.0009208384857374589,-
BTCUSDT,macd_hist_up & funding<0,2,148,0.00042602326151877195,0.18733840189393258,83,0.0018762396603465249,65,-0.0014257915246766667,0.0004526386537719616,-0.0009208384857374589,-
BTCUSDT,<lower_bb & >upper_bb,2,0,,,0,,0,,0.0004526386537719616,-0.0009208384857374589,-
BTCUSDT,<lower_bb & stoch<20,2,83,-0.004328113696573888,-0.8444851502696162,44,-0.00539424589908409,39,-0.003125297878357247,0.0004526386537719616,-0.0009208384857374589,-
BTCUSDT,<lower_bb & dip>3%,2,62,-0.00015753238632623106,-0.02378011596856109,33,0.0017057428632875772,29,-0.0022778111186453898,0.0004526386537719616,-0.0009208384857374589,-
BTCUSDT,<lower_bb & pop>3%,2,4,-0.024577019307815494,-1.6204054110742907,3,-0.027083712167972285,1,,0.0004526386537719616,-0.0009208384857374589,-
BTCUSDT,<lower_bb & vol>1.5x,2,62,-0.0029430450490451057,-0.5005438571606335,33,-1.0225687191602099e-05,29,-0.006280391219430124,0.0004526386537719616,-0.0009208384857374589,-
BTCUSDT,<lower_bb & 20d_high,2,0,,,0,,0,,0.0004526386537719616,-0.0009208384857374589,-
BTCUSDT,<lower_bb & 20d_low,2,90,-0.0034131467556733895,-0.668033707066473,48,-0.006125865793637297,42,-0.00031289642657178056,0.0004526386537719616,-0.0009208384857374589,-
BTCUSDT,<lower_bb & adx>25,2,65,-0.005669863994755729,-0.9752590837593647,38,-0.007046829125874332,27,-0.0037319130694776874,0.0004526386537719616,-0.0009208384857374589,-
BTCUSDT,<lower_bb & btc>ema50,2,6,0.001104269658155364,0.1538035260559991,3,0.0035497160927498647,3,-0.001341176776439137,0.0004526386537719616,-0.0009208384857374589,-
BTCUSDT,<lower_bb & funding<0,2,16,0.016289933945271985,1.3458697666202804,14,0.018644510392832714,2,-0.00019210118765308065,0.0004526386537719616,-0.0009208384857374589,-
BTCUSDT,>upper_bb & stoch<20,2,0,,,0,,0,,0.0004526386537719616,-0.0009208384857374589,-
BTCUSDT,>upper_bb & dip>3%,2,0,,,0,,0,,0.0004526386537719616,-0.0009208384857374589,-
BTCUSDT,>upper_bb & pop>3%,2,77,0.004284872050376918,1.1186285327897791,57,0.0037321532608444547,20,0.005860120600544439,0.0004526386537719616,-0.0009208384857374589,-
BTCUSDT,>upper_bb & vol>1.5x,2,82,0.0025807187246509465,0.6510091722218494,58,0.00254339628783232,24,0.002670914613629293,0.0004526386537719616,-0.0009208384857374589,-
BTCUSDT,>upper_bb & 20d_high,2,149,0.00168223371556879,0.6131328993850433,101,0.003078383694201852,48,-0.001255498531138271,0.0004526386537719616,-0.0009208384857374589,-
BTCUSDT,>upper_bb & 20d_low,2,0,,,0,,0,,0.0004526386537719616,-0.0009208384857374589,-
BTCUSDT,>upper_bb & adx>25,2,96,0.0015236621549399657,0.4307879403388497,77,0.0017291970601178799,19,0.0006907049076400019,0.0004526386537719616,-0.0009208384857374589,-
BTCUSDT,>upper_bb & btc>ema50,2,163,0.0022184095712146925,0.8793305881009748,113,0.0034065686841927745,50,-0.00046683002411577383,0.0004526386537719616,-0.0009208384857374589,-
BTCUSDT,>upper_bb & funding<0,2,11,0.0034149187161627388,0.5501812184343838,6,0.008982842515925847,5,-0.0032665898435529903,0.0004526386537719616,-0.0009208384857374589,-
BTCUSDT,stoch<20 & dip>3%,2,95,0.0042190582668697975,0.8844548547171359,58,0.012994307798454447,37,-0.009536738296154784,0.0004526386537719616,-0.0009208384857374589,-
BTCUSDT,stoch<20 & pop>3%,2,3,-0.038118528728168184,-3.045123504119613,3,-0.038118528728168184,0,,0.0004526386537719616,-0.0009208384857374589,-
BTCUSDT,stoch<20 & vol>1.5x,2,68,0.0026923825225912933,0.5407498676681725,37,0.013781802081871837,31,-0.010543376306227408,0.0004526386537719616,-0.0009208384857374589,-
BTCUSDT,stoch<20 & 20d_high,2,0,,,0,,0,,0.0004526386537719616,-0.0009208384857374589,-
BTCUSDT,stoch<20 & 20d_low,2,160,0.0005507891738665172,0.1661969084356062,81,0.0027367336720164363,79,-0.0016904956913251726,0.0004526386537719616,-0.0009208384857374589,-
BTCUSDT,stoch<20 & adx>25,2,165,0.002432983846350272,0.8132018905954447,101,0.005284292790387487,64,-0.0020667380809584537,0.0004526386537719616,-0.0009208384857374589,-
BTCUSDT,stoch<20 & btc>ema50,2,56,0.004873813108419304,1.1588378254833869,34,0.008332486852919211,22,-0.00047140995126236586,0.0004526386537719616,-0.0009208384857374589,-
BTCUSDT,stoch<20 & funding<0,2,47,0.013314650074328065,2.6677627015436154,36,0.01611336410446286,11,0.004155222339341462,0.0004526386537719616,-0.0009208384857374589,-
BTCUSDT,dip>3% & pop>3%,2,0,,,0,,0,,0.0004526386537719616,-0.0009208384857374589,-
BTCUSDT,dip>3% & vol>1.5x,2,91,0.0031621312611990315,0.7177903759009399,54,0.008954387385151481,37,-0.005291431730515348,0.0004526386537719616,-0.0009208384857374589,-
BTCUSDT,dip>3% & 20d_high,2,0,,,0,,0,,0.0004526386537719616,-0.0009208384857374589,-
BTCUSDT,dip>3% & 20d_low,2,95,0.0026985578894727067,0.5341631810480003,58,0.00805655809478401,37,-0.005700469459393666,0.0004526386537719616,-0.0009208384857374589,-
BTCUSDT,dip>3% & adx>25,2,143,0.005636335259509386,1.580808868614085,105,0.011332853829357848,38,-0.010104044999282408,0.0004526386537719616,-0.0009208384857374589,-
BTCUSDT,dip>3% & btc>ema50,2,80,0.006167807700332243,1.4408721244582232,63,0.008100963694962797,17,-0.0009962409856515628,0.0004526386537719616,-0.0009208384857374589,-
BTCUSDT,dip>3% & funding<0,2,24,0.022071636326532765,2.477340777954579,15,0.039464920727988684,9,-0.006917171009227084,0.0004526386537719616,-0.0009208384857374589,-
BTCUSDT,pop>3% & vol>1.5x,2,79,0.002396104520590935,0.6257866307023565,55,0.0035027283456622277,24,-0.0001399084118641064,0.0004526386537719616,-0.0009208384857374589,-
BTCUSDT,pop>3% & 20d_high,2,133,0.0016766964754080964,0.6312189368894343,101,0.0017505467726062307,32,0.0014436064748764845,0.0004526386537719616,-0.0009208384857374589,-
BTCUSDT,pop>3% & 20d_low,2,0,,,0,,0,,0.0004526386537719616,-0.0009208384857374589,-
BTCUSDT,pop>3% & adx>25,2,178,-0.0015841940595962706,-0.6778147201601833,142,-0.0016036876433664052,36,-0.001507302701391849,0.0004526386537719616,-0.0009208384857374589,-
BTCUSDT,pop>3% & btc>ema50,2,188,0.0003169696008224587,0.14496075140237943,144,0.0002243231410320208,44,0.0006201761965002544,0.0004526386537719616,-0.0009208384857374589,-
BTCUSDT,pop>3% & funding<0,2,35,-0.0037709432024989973,-0.8704719322568881,22,0.0005988326637993084,13,-0.011165948514696131,0.0004526386537719616,-0.0009208384857374589,-
BTCUSDT,vol>1.5x & 20d_high,2,102,0.004003393010699074,1.1493534556198075,68,0.005251679524538216,34,0.001506819983020789,0.0004526386537719616,-0.0009208384857374589,-
BTCUSDT,vol>1.5x & 20d_low,2,72,0.0007287333629831728,0.13951157307696332,37,0.008009904418444026,35,-0.006968504609932579,0.0004526386537719616,-0.0009208384857374589,-
BTCUSDT,vol>1.5x & adx>25,2,185,0.001108830620704174,0.4044215519707687,118,0.0045707573151684295,67,-0.004988294005367199,0.0004526386537719616,-0.0009208384857374589,-
BTCUSDT,vol>1.5x & btc>ema50,2,183,0.0035996007386472936,1.5075440028591127,116,0.005098670878206676,67,0.0010041957209026915,0.0004526386537719616,-0.0009208384857374589,-
BTCUSDT,vol>1.5x & funding<0,2,36,0.0033850123145206176,0.4542958524400014,26,0.012070411090412791,10,-0.01919702450279902,0.0004526386537719616,-0.0009208384857374589,-
BTCUSDT,20d_high & 20d_low,2,0,,,0,,0,,0.0004526386537719616,-0.0009208384857374589,-
BTCUSDT,20d_high & adx>25,2,202,0.002501225726843116,1.0536246782304464,153,0.0031853867265260283,49,0.0003649679115066766,0.0004526386537719616,-0.0009208384857374589,-
BTCUSDT,20d_high & btc>ema50,2,321,0.002515025925047601,1.4554865367603569,204,0.003966242914184985,117,-1.5301132935526815e-05,0.0004526386537719616,-0.0009208384857374589,-
BTCUSDT,20d_high & funding<0,2,27,0.005565191078592423,1.009803245782229,10,0.023362558933359114,17,-0.004903848835976219,0.0004526386537719616,-0.0009208384857374589,-
BTCUSDT,20d_low & adx>25,2,118,0.0012145370808396086,0.2923545857664542,68,0.006478725350148014,50,-0.005944758965419818,0.0004526386537719616,-0.0009208384857374589,-
BTCUSDT,20d_low & btc>ema50,2,21,0.012725077274699298,2.157804712402254,11,0.019445051981210156,10,0.00533310509753734,0.0004526386537719616,-0.0009208384857374589,-
BTCUSDT,20d_low & funding<0,2,24,0.01865996233628425,2.1144057531606615,16,0.030778716405746663,8,-0.005577545802640575,0.0004526386537719616,-0.0009208384857374589,-
BTCUSDT,adx>25 & btc>ema50,2,701,0.0019786469812939755,1.738461163880209,528,0.002737281857224618,173,-0.0003367242007371161,0.0004526386537719616,-0.0009208384857374589,-
BTCUSDT,adx>25 & funding<0,2,152,0.0021500943734164436,0.7707777773251719,82,0.005346595148256398,70,-0.001594377962824645,0.0004526386537719616,-0.0009208384857374589,-
BTCUSDT,btc>ema50 & funding<0,2,74,0.0033612305563923543,1.2588467394045733,32,0.007980447866486617,42,-0.0001581731084413692,0.0004526386537719616,-0.0009208384857374589,-
BTCUSDT,rsi<30 & rsi>70 & rsi50-70,3,0,,,0,,0,,0.0004526386537719616,-0.0009208384857374589,-
BTCUSDT,rsi<30 & rsi>70 & >ema20,3,0,,,0,,0,,0.0004526386537719616,-0.0009208384857374589,-
BTCUSDT,rsi<30 & rsi>70 & >ema50,3,0,,,0,,0,,0.0004526386537719616,-0.0009208384857374589,-
BTCUSDT,rsi<30 & rsi>70 & ema20>ema50,3,0,,,0,,0,,0.0004526386537719616,-0.0009208384857374589,-
BTCUSDT,rsi<30 & rsi>70 & >sma200,3,0,,,0,,0,,0.0004526386537719616,-0.0009208384857374589,-
BTCUSDT,rsi<30 & rsi>70 & macd>signal,3,0,,,0,,0,,0.0004526386537719616,-0.0009208384857374589,-
BTCUSDT,rsi<30 & rsi>70 & macd_hist_up,3,0,,,0,,0,,0.0004526386537719616,-0.0009208384857374589,-
BTCUSDT,rsi<30 & rsi>70 & <lower_bb,3,0,,,0,,0,,0.0004526386537719616,-0.0009208384857374589,-
BTCUSDT,rsi<30 & rsi>70 & >upper_bb,3,0,,,0,,0,,0.0004526386537719616,-0.0009208384857374589,-
BTCUSDT,rsi<30 & rsi>70 & stoch<20,3,0,,,0,,0,,0.0004526386537719616,-0.0009208384857374589,-
BTCUSDT,rsi<30 & rsi>70 & dip>3%,3,0,,,0,,0,,0.0004526386537719616,-0.0009208384857374589,-
BTCUSDT,rsi<30 & rsi>70 & pop>3%,3,0,,,0,,0,,0.0004526386537719616,-0.0009208384857374589,-
BTCUSDT,rsi<30 & rsi>70 & vol>1.5x,3,0,,,0,,0,,0.0004526386537719616,-0.0009208384857374589,-
BTCUSDT,rsi<30 & rsi>70 & 20d_high,3,0,,,0,,0,,0.0004526386537719616,-0.0009208384857374589,-
BTCUSDT,rsi<30 & rsi>70 & 20d_low,3,0,,,0,,0,,0.0004526386537719616,-0.0009208384857374589,-
BTCUSDT,rsi<30 & rsi>70 & adx>25,3,0,,,0,,0,,0.0004526386537719616,-0.0009208384857374589,-
BTCUSDT,rsi<30 & rsi>70 & btc>ema50,3,0,,,0,,0,,0.0004526386537719616,-0.0009208384857374589,-
BTCUSDT,rsi<30 & rsi>70 & funding<0,3,0,,,0,,0,,0.0004526386537719616,-0.0009208384857374589,-
BTCUSDT,rsi<30 & rsi50-70 & >ema20,3,0,,,0,,0,,0.0004526386537719616,-0.0009208384857374589,-
BTCUSDT,rsi<30 & rsi50-70 & >ema50,3,0,,,0,,0,,0.0004526386537719616,-0.0009208384857374589,-
BTCUSDT,rsi<30 & rsi50-70 & ema20>ema50,3,0,,,0,,0,,0.0004526386537719616,-0.0009208384857374589,-
BTCUSDT,rsi<30 & rsi50-70 & >sma200,3,0,,,0,,0,,0.0004526386537719616,-0.0009208384857374589,-
BTCUSDT,rsi<30 & rsi50-70 & macd>signal,3,0,,,0,,0,,0.0004526386537719616,-0.0009208384857374589,-
BTCUSDT,rsi<30 & rsi50-70 & macd_hist_up,3,0,,,0,,0,,0.0004526386537719616,-0.0009208384857374589,-
BTCUSDT,rsi<30 & rsi50-70 & <lower_bb,3,0,,,0,,0,,0.0004526386537719616,-0.0009208384857374589,-
BTCUSDT,rsi<30 & rsi50-70 & >upper_bb,3,0,,,0,,0,,0.0004526386537719616,-0.0009208384857374589,-
BTCUSDT,rsi<30 & rsi50-70 & stoch<20,3,0,,,0,,0,,0.0004526386537719616,-0.0009208384857374589,-
BTCUSDT,rsi<30 & rsi50-70 & dip>3%,3,0,,,0,,0,,0.0004526386537719616,-0.0009208384857374589,-
BTCUSDT,rsi<30 & rsi50-70 & pop>3%,3,0,,,0,,0,,0.0004526386537719616,-0.0009208384857374589,-
BTCUSDT,rsi<30 & rsi50-70 & vol>1.5x,3,0,,,0,,0,,0.0004526386537719616,-0.0009208384857374589,-
BTCUSDT,rsi<30 & rsi50-70 & 20d_high,3,0,,,0,,0,,0.0004526386537719616,-0.0009208384857374589,-
BTCUSDT,rsi<30 & rsi50-70 & 20d_low,3,0,,,0,,0,,0.0004526386537719616,-0.0009208384857374589,-
BTCUSDT,rsi<30 & rsi50-70 & adx>25,3,0,,,0,,0,,0.0004526386537719616,-0.0009208384857374589,-
BTCUSDT,rsi<30 & rsi50-70 & btc>ema50,3,0,,,0,,0,,0.0004526386537719616,-0.0009208384857374589,-
BTCUSDT,rsi<30 & rsi50-70 & funding<0,3,0,,,0,,0,,0.0004526386537719616,-0.0009208384857374589,-
BTCUSDT,rsi<30 & >ema20 & >ema50,3,0,,,0,,0,,0.0004526386537719616,-0.0009208384857374589,-
BTCUSDT,rsi<30 & >ema20 & ema20>ema50,3,0,,,0,,0,,0.0004526386537719616,-0.0009208384857374589,-
BTCUSDT,rsi<30 & >ema20 & >sma200,3,0,,,0,,0,,0.0004526386537719616,-0.0009208384857374589,-
BTCUSDT,rsi<30 & >ema20 & macd>signal,3,0,,,0,,0,,0.0004526386537719616,-0.0009208384857374589,-
BTCUSDT,rsi<30 & >ema20 & macd_hist_up,3,0,,,0,,0,,0.0004526386537719616,-0.0009208384857374589,-
BTCUSDT,rsi<30 & >ema20 & <lower_bb,3,0,,,0,,0,,0.0004526386537719616,-0.0009208384857374589,-
BTCUSDT,rsi<30 & >ema20 & >upper_bb,3,0,,,0,,0,,0.0004526386537719616,-0.0009208384857374589,-
BTCUSDT,rsi<30 & >ema20 & stoch<20,3,0,,,0,,0,,0.0004526386537719616,-0.0009208384857374589,-
BTCUSDT,rsi<30 & >ema20 & dip>3%,3,0,,,0,,0,,0.0004526386537719616,-0.0009208384857374589,-
BTCUSDT,rsi<30 & >ema20 & pop>3%,3,0,,,0,,0,,0.0004526386537719616,-0.0009208384857374589,-
BTCUSDT,rsi<30 & >ema20 & vol>1.5x,3,0,,,0,,0,,0.0004526386537719616,-0.0009208384857374589,-
BTCUSDT,rsi<30 & >ema20 & 20d_high,3,0,,,0,,0,,0.0004526386537719616,-0.0009208384857374589,-
BTCUSDT,rsi<30 & >ema20 & 20d_low,3,0,,,0,,0,,0.0004526386537719616,-0.0009208384857374589,-
BTCUSDT,rsi<30 & >ema20 & adx>25,3,0,,,0,,0,,0.0004526386537719616,-0.0009208384857374589,-
BTCUSDT,rsi<30 & >ema20 & btc>ema50,3,0,,,0,,0,,0.0004526386537719616,-0.0009208384857374589,-
BTCUSDT,rsi<30 & >ema20 & funding<0,3,0,,,0,,0,,0.0004526386537719616,-0.0009208384857374589,-
BTCUSDT,rsi<30 & >ema50 & ema20>ema50,3,0,,,0,,0,,0.0004526386537719616,-0.0009208384857374589,-
BTCUSDT,rsi<30 & >ema50 & >sma200,3,0,,,0,,0,,0.0004526386537719616,-0.0009208384857374589,-
BTCUSDT,rsi<30 & >ema50 & macd>signal,3,0,,,0,,0,,0.0004526386537719616,-0.0009208384857374589,-
BTCUSDT,rsi<30 & >ema50 & macd_hist_up,3,0,,,0,,0,,0.0004526386537719616,-0.0009208384857374589,-
BTCUSDT,rsi<30 & >ema50 & <lower_bb,3,0,,,0,,0,,0.0004526386537719616,-0.0009208384857374589,-
BTCUSDT,rsi<30 & >ema50 & >upper_bb,3,0,,,0,,0,,0.0004526386537719616,-0.0009208384857374589,-
BTCUSDT,rsi<30 & >ema50 & stoch<20,3,0,,,0,,0,,0.0004526386537719616,-0.0009208384857374589,-
BTCUSDT,rsi<30 & >ema50 & dip>3%,3,0,,,0,,0,,0.0004526386537719616,-0.0009208384857374589,-
BTCUSDT,rsi<30 & >ema50 & pop>3%,3,0,,,0,,0,,0.0004526386537719616,-0.0009208384857374589,-
BTCUSDT,rsi<30 & >ema50 & vol>1.5x,3,0,,,0,,0,,0.0004526386537719616,-0.0009208384857374589,-
BTCUSDT,rsi<30 & >ema50 & 20d_high,3,0,,,0,,0,,0.0004526386537719616,-0.0009208384857374589,-
BTCUSDT,rsi<30 & >ema50 & 20d_low,3,0,,,0,,0,,0.0004526386537719616,-0.0009208384857374589,-
BTCUSDT,rsi<30 & >ema50 & adx>25,3,0,,,0,,0,,0.0004526386537719616,-0.0009208384857374589,-
BTCUSDT,rsi<30 & >ema50 & btc>ema50,3,0,,,0,,0,,0.0004526386537719616,-0.0009208384857374589,-
BTCUSDT,rsi<30 & >ema50 & funding<0,3,0,,,0,,0,,0.0004526386537719616,-0.0009208384857374589,-
BTCUSDT,rsi<30 & ema20>ema50 & >sma200,3,2,0.0013232007811641924,0.10367897745279639,2,0.0013232007811641924,0,,0.0004526386537719616,-0.0009208384857374589,-
BTCUSDT,rsi<30 & ema20>ema50 & macd>signal,3,0,,,0,,0,,0.0004526386537719616,-0.0009208384857374589,-
BTCUSDT,rsi<30 & ema20>ema50 & macd_hist_up,3,0,,,0,,0,,0.0004526386537719616,-0.0009208384857374589,-
BTCUSDT,rsi<30 & ema20>ema50 & <lower_bb,3,2,0.0013232007811641924,0.10367897745279639,2,0.0013232007811641924,0,,0.0004526386537719616,-0.0009208384857374589,-
BTCUSDT,rsi<30 & ema20>ema50 & >upper_bb,3,0,,,0,,0,,0.0004526386537719616,-0.0009208384857374589,-
BTCUSDT,rsi<30 & ema20>ema50 & stoch<20,3,2,0.0013232007811641924,0.10367897745279639,2,0.0013232007811641924,0,,0.0004526386537719616,-0.0009208384857374589,-
BTCUSDT,rsi<30 & ema20>ema50 & dip>3%,3,1,,,1,,0,,0.0004526386537719616,-0.0009208384857374589,-
BTCUSDT,rsi<30 & ema20>ema50 & pop>3%,3,0,,,0,,0,,0.0004526386537719616,-0.0009208384857374589,-
BTCUSDT,rsi<30 & ema20>ema50 & vol>1.5x,3,2,0.0013232007811641924,0.10367897745279639,2,0.0013232007811641924,0,,0.0004526386537719616,-0.0009208384857374589,-
BTCUSDT,rsi<30 & ema20>ema50 & 20d_high,3,0,,,0,,0,,0.0004526386537719616,-0.0009208384857374589,-
BTCUSDT,rsi<30 & ema20>ema50 & 20d_low,3,2,0.0013232007811641924,0.10367897745279639,2,0.0013232007811641924,0,,0.0004526386537719616,-0.0009208384857374589,-
BTCUSDT,rsi<30 & ema20>ema50 & adx>25,3,0,,,0,,0,,0.0004526386537719616,-0.0009208384857374589,-
BTCUSDT,rsi<30 & ema20>ema50 & btc>ema50,3,0,,,0,,0,,0.0004526386537719616,-0.0009208384857374589,-
BTCUSDT,rsi<30 & ema20>ema50 & funding<0,3,1,,,1,,0,,0.0004526386537719616,-0.0009208384857374589,-
BTCUSDT,rsi<30 & >sma200 & macd>signal,3,0,,,0,,0,,0.0004526386537719616,-0.0009208384857374589,-
BTCUSDT,rsi<30 & >sma200 & macd_hist_up,3,0,,,0,,0,,0.0004526386537719616,-0.0009208384857374589,-
BTCUSDT,rsi<30 & >sma200 & <lower_bb,3,9,-0.01891286455410794,-1.0794136753211627,4,-0.03996874267264204,5,-0.0020681620592806634,0.0004526386537719616,-0.0009208384857374589,-
BTCUSDT,rsi<30 & >sma200 & >upper_bb,3,0,,,0,,0,,0.0004526386537719616,-0.0009208384857374589,-
BTCUSDT,rsi<30 & >sma200 & stoch<20,3,8,-0.023669829510829982,-1.2378835737469174,4,-0.03996874267264204,4,-0.007370916349017924,0.0004526386537719616,-0.0009208384857374589,-
BTCUSDT,rsi<30 & >sma200 & dip>3%,3,5,-0.010522254461435197,-0.8460749453851684,2,-0.014386205687960472,3,-0.007946286977085014,0.0004526386537719616,-0.0009208384857374589,-
BTCUSDT,rsi<30 & >sma200 & pop>3%,3,0,,,0,,0,,0.0004526386537719616,-0.0009208384857374589,-
BTCUSDT,rsi<30 & >sma200 & vol>1.5x,3,7,-0.0027689624775157004,-0.27828683068330684,3,-0.00489557717034108,4,-0.001174001457896666,0.0004526386537719616,-0.0009208384857374589,-
BTCUSDT,rsi<30 & >sma200 & 20d_high,3,0,,,0,,0,,0.0004526386537719616,-0.0009208384857374589,-
BTCUSDT,rsi<30 & >sma200 & 20d_low,3,7,-0.02624483308883189,-1.1995912692523312,4,-0.03996874267264204,3,-0.007946286977085014,0.0004526386537719616,-0.0009208384857374589,-
BTCUSDT,rsi<30 & >sma200 & adx>25,3,6,-0.032730788648549856,-1.33575072662008,2,-0.08126068612644827,4,-0.00846583990960064,0.0004526386537719616,-0.0009208384857374589,-
BTCUSDT,rsi<30 & >sma200 & btc>ema50,3,0,,,0,,0,,0.0004526386537719616,-0.0009208384857374589,-
BTCUSDT,rsi<30 & >sma200 & funding<0,3,1,,,1,,0,,0.0004526386537719616,-0.0009208384857374589,-
BTCUSDT,rsi<30 & macd>signal & macd_hist_up,3,1,,,1,,0,,0.0004526386537719616,-0.0009208384857374589,-
BTCUSDT,rsi<30 & macd>signal & <lower_bb,3,0,,,0,,0,,0.0004526386537719616,-0.0009208384857374589,-
BTCUSDT,rsi<30 & macd>signal & >upper_bb,3,0,,,0,,0,,0.0004526386537719616,-0.0009208384857374589,-
BTCUSDT,rsi<30 & macd>signal & stoch<20,3,0,,,0,,0,,0.0004526386537719616,-0.0009208384857374589,-
BTCUSDT,rsi<30 & macd>signal & dip>3%,3,1,,,1,,0,,0.0004526386537719616,-0.0009208384857374589,-
BTCUSDT,rsi<30 & macd>signal & pop>3%,3,0,,,0,,0,,0.0004526386537719616,-0.0009208384857374589,-
BTCUSDT,rsi<30 & macd>signal & vol>1.5x,3,0,,,0,,0,,0.0004526386537719616,-0.0009208384857374589,-
BTCUSDT,rsi<30 & macd>signal & 20d_high,3,0,,,0,,0,,0.0004526386537719616,-0.0009208384857374589,-
BTCUSDT,rsi<30 & macd>signal & 20d_low,3,0,,,0,,0,,0.0004526386537719616,-0.0009208384857374589,-
BTCUSDT,rsi<30 & macd>signal & adx>25,3,3,0.015136593312937242,0.9660012327097622,3,0.015136593312937242,0,,0.0004526386537719616,-0.0009208384857374589,-
BTCUSDT,rsi<30 & macd>signal & btc>ema50,3,0,,,0,,0,,0.0004526386537719616,-0.0009208384857374589,-
BTCUSDT,rsi<30 & macd>signal & funding<0,3,1,,,1,,0,,0.0004526386537719616,-0.0009208384857374589,-
BTCUSDT,rsi<30 & macd_hist_up & <lower_bb,3,0,,,0,,0,,0.0004526386537719616,-0.0009208384857374589,-
BTCUSDT,rsi<30 & macd_hist_up & >upper_bb,3,0,,,0,,0,,0.0004526386537719616,-0.0009208384857374589,-
BTCUSDT,rsi<30 & macd_hist_up & stoch<20,3,5,0.010861109411900173,0.5707432777380742,2,0.04041312736683159,3,-0.00884023589138744,0.0004526386537719616,-0.0009208384857374589,-
BTCUSDT,rsi<30 & macd_hist_up & dip>3%,3,1,,,1,,0,,0.0004526386537719616,-0.0009208384857374589,-
BTCUSDT,rsi<30 & macd_hist_up & pop>3%,3,2,-0.0030536187750347596,-1.54582445141447,1,,1,,0.0004526386537719616,-0.0009208384857374589,-
BTCUSDT,rsi<30 & macd_hist_up & vol>1.5x,3,2,-0.0161100747566413,-0.7089156671772179,1,,1,,0.0004526386537719616,-0.0009208384857374589,-
BTCUSDT,rsi<30 & macd_hist_up & 20d_high,3,0,,,0,,0,,0.0004526386537719616,-0.0009208384857374589,-
BTCUSDT,rsi<30 & macd_hist_up & 20d_low,3,2,-0.026553610625385436,-0.9314181382469251,1,,1,,0.0004526386537719616,-0.0009208384857374589,-
BTCUSDT,rsi<30 & macd_hist_up & adx>25,3,25,0.0018158596451245345,0.28286707963916924,17,0.005031503996031846,8,-0.0050173846005535025,0.0004526386537719616,-0.0009208384857374589,-
BTCUSDT,rsi<30 & macd_hist_up & btc>ema50,3,0,,,0,,0,,0.0004526386537719616,-0.0009208384857374589,-
BTCUSDT,rsi<30 & macd_hist_up & funding<0,3,7,0.000590405076227351,0.03484979361701222,5,0.00196355685192081,2,-0.0028424743630062962,0.0004526386537719616,-0.0009208384857374589,-
BTCUSDT,rsi<30 & <lower_bb & >upper_bb,3,0,,,0,,0,,0.0004526386537719616,-0.0009208384857374589,-
BTCUSDT,rsi<30 & <lower_bb & stoch<20,3,31,-0.007236797388856223,-0.759849780014096,15,-0.005487516335054712,16,-0.008876748376795142,0.0004526386537719616,-0.0009208384857374589,-
BTCUSDT,rsi<30 & <lower_bb & dip>3%,3,24,0.0023054836414189927,0.2072677271744005,12,0.013773808507019392,12,-0.009162841224181416,0.0004526386537719616,-0.0009208384857374589,-
BTCUSDT,rsi<30 & <lower_bb & pop>3%,3,2,-0.026486881421943106,-0.7231632281338297,2,-0.026486881421943106,0,,0.0004526386537719616,-0.0009208384857374589,-
BTCUSDT,rsi<30 & <lower_bb & vol>1.5x,3,33,-0.0021816203323912773,-0.24227183884973422,17,0.0025504616562203714,16,-0.007209457445291155,0.0004526386537719616,-0.0009208384857374589,-
BTCUSDT,rsi<30 & <lower_bb & 20d_high,3,0,,,0,,0,,0.0004526386537719616,-0.0009208384857374589,-
BTCUSDT,rsi<30 & <lower_bb & 20d_low,3,34,-0.0003663364920130808,-0.039822403420931574,17,0.0036032448944815477,17,-0.004335917878507711,0.0004526386537719616,-0.0009208384857374589,-
BTCUSDT,rsi<30 & <lower_bb & adx>25,3,32,-0.009241465465910436,-0.9578886599899932,15,-0.011759477793797471,17,-0.007019689882480699,0.0004526386537719616,-0.0009208384857374589,-
BTCUSDT,rsi<30 & <lower_bb & btc>ema50,3,0,,,0,,0,,0.0004526386537719616,-0.0009208384857374589,-
BTCUSDT,rsi<30 & <lower_bb & funding<0,3,10,0.014816233597823802,0.8146680681614697,9,0.016908807533865814,1,,0.0004526386537719616,-0.0009208384857374589,-
BTCUSDT,rsi<30 & >upper_bb & stoch<20,3,0,,,0,,0,,0.0004526386537719616,-0.0009208384857374589,-
BTCUSDT,rsi<30 & >upper_bb & dip>3%,3,0,,,0,,0,,0.0004526386537719616,-0.0009208384857374589,-
BTCUSDT,rsi<30 & >upper_bb & pop>3%,3,0,,,0,,0,,0.0004526386537719616,-0.0009208384857374589,-
BTCUSDT,rsi<30 & >upper_bb & vol>1.5x,3,0,,,0,,0,,0.0004526386537719616,-0.0009208384857374589,-
BTCUSDT,rsi<30 & >upper_bb & 20d_high,3,0,,,0,,0,,0.0004526386537719616,-0.0009208384857374589,-
BTCUSDT,rsi<30 & >upper_bb & 20d_low,3,0,,,0,,0,,0.0004526386537719616,-0.0009208384857374589,-
BTCUSDT,rsi<30 & >upper_bb & adx>25,3,0,,,0,,0,,0.0004526386537719616,-0.0009208384857374589,-
BTCUSDT,rsi<30 & >upper_bb & btc>ema50,3,0,,,0,,0,,0.0004526386537719616,-0.0009208384857374589,-
BTCUSDT,rsi<30 & >upper_bb & funding<0,3,0,,,0,,0,,0.0004526386537719616,-0.0009208384857374589,-
BTCUSDT,rsi<30 & stoch<20 & dip>3%,3,26,0.007157283057426416,0.6426754398682144,14,0.026234326155591497,12,-0.01509926722376618,0.0004526386537719616,-0.0009208384857374589,-
BTCUSDT,rsi<30 & stoch<20 & pop>3%,3,1,,,1,,0,,0.0004526386537719616,-0.0009208384857374589,-
BTCUSDT,rsi<30 & stoch<20 & vol>1.5x,3,29,-0.002172742375508653,-0.23135181360522386,15,0.011319646506564958,14,-0.016628873320587524,0.0004526386537719616,-0.0009208384857374589,-
BTCUSDT,rsi<30 & stoch<20 & 20d_high,3,0,,,0,,0,,0.0004526386537719616,-0.0009208384857374589,-
BTCUSDT,rsi<30 & stoch<20 & 20d_low,3,37,0.001281170045002433,0.1412150611312978,18,0.013554172443260827,19,-0.010345884858610783,0.0004526386537719616,-0.0009208384857374589,-
BTCUSDT,rsi<30 & stoch<20 & adx>25,3,39,-0.004573639198594898,-0.5329727496837331,18,0.0010458631902228767,21,-0.009390355531867275,0.0004526386537719616,-0.0009208384857374589,-
BTCUSDT,rsi<30 & stoch<20 & btc>ema50,3,0,,,0,,0,,0.0004526386537719616,-0.0009208384857374589,-
BTCUSDT,rsi<30 & stoch<20 & funding<0,3,13,0.023283693825316202,1.6341969124142839,10,0.030919235980984262,3,-0.0021681133602440123,0.0004526386537719616,-0.0009208384857374589,-
BTCUSDT,rsi<30 & dip>3% & pop>3%,3,0,,,0,,0,,0.0004526386537719616,-0.0009208384857374589,-
BTCUSDT,rsi<30 & dip>3% & vol>1.5x,3,27,0.004864325923939154,0.4653966281510183,14,0.019780598662225573,13,-0.011199352409600065,0.0004526386537719616,-0.0009208384857374589,-
BTCUSDT,rsi<30 & dip>3% & 20d_high,3,0,,,0,,0,,0.0004526386537719616,-0.0009208384857374589,-
BTCUSDT,rsi<30 & dip>3% & 20d_low,3,28,0.008809814014273228,0.8118225845331013,15,0.026151091581630086,13,-0.011199352409600065,0.0004526386537719616,-0.0009208384857374589,-
BTCUSDT,rsi<30 & dip>3% & adx>25,3,25,0.005851643764563069,0.5100111193944631,14,0.025071775010090724,11,-0.01861034145701758,0.0004526386537719616,-0.0009208384857374589,-
BTCUSDT,rsi<30 & dip>3% & btc>ema50,3,0,,,0,,0,,0.0004526386537719616,-0.0009208384857374589,-
BTCUSDT,rsi<30 & dip>3% & funding<0,3,8,0.042603344151702166,1.9994401102200272,6,0.06341352861246592,2,-0.01982720923058908,0.0004526386537719616,-0.0009208384857374589,-
BTCUSDT,rsi<30 & pop>3% & vol>1.5x,3,1,,,1,,0,,0.0004526386537719616,-0.0009208384857374589,-
BTCUSDT,rsi<30 & pop>3% & 20d_high,3,0,,,0,,0,,0.0004526386537719616,-0.0009208384857374589,-
BTCUSDT,rsi<30 & pop>3% & 20d_low,3,0,,,0,,0,,0.0004526386537719616,-0.0009208384857374589,-
BTCUSDT,rsi<30 & pop>3% & adx>25,3,4,-0.014770250098488933,-0.8989010386913941,3,-0.01801732782006564,1,,0.0004526386537719616,-0.0009208384857374589,-
BTCUSDT,rsi<30 & pop>3% & btc>ema50,3,0,,,0,,0,,0.0004526386537719616,-0.0009208384857374589,-
BTCUSDT,rsi<30 & pop>3% & funding<0,3,0,,,0,,0,,0.0004526386537719616,-0.0009208384857374589,-
BTCUSDT,rsi<30 & vol>1.5x & 20d_high,3,0,,,0,,0,,0.0004526386537719616,-0.0009208384857374589,-
BTCUSDT,rsi<30 & vol>1.5x & 20d_low,3,33,0.0043403316658039565,0.4982279565642144,17,0.01843309446061655,16,-0.010633228803684421,0.0004526386537719616,-0.0009208384857374589,-
BTCUSDT,rsi<30 & vol>1.5x & adx>25,3,31,-0.006379144508946591,-0.6861205371749066,15,0.00341283518605262,16,-0.01555912547300835,0.0004526386537719616,-0.0009208384857374589,-
BTCUSDT,rsi<30 & vol>1.5x & btc>ema50,3,0,,,0,,0,,0.0004526386537719616,-0.0009208384857374589,-
BTCUSDT,rsi<30 & vol>1.5x & funding<0,3,9,0.008084834360851686,0.3713294035687394,6,0.02520882580255034,3,-0.026163148522545625,0.0004526386537719616,-0.0009208384857374589,-
BTCUSDT,rsi<30 & 20d_high & 20d_low,3,0,,,0,,0,,0.0004526386537719616,-0.0009208384857374589,-
BTCUSDT,rsi<30 & 20d_high & adx>25,3,0,,,0,,0,,0.0004526386537719616,-0.0009208384857374589,-
BTCUSDT,rsi<30 & 20d_high & btc>ema50,3,0,,,0,,0,,0.0004526386537719616,-0.0009208384857374589,-
BTCUSDT,rsi<30 & 20d_high & funding<0,3,0,,,0,,0,,0.0004526386537719616,-0.0009208384857374589,-
BTCUSDT,rsi<30 & 20d_low & adx>25,3,34,-0.00045447781048405986,-0.046586792183437836,15,0.011837945055350985,19,-0.01015902217824857,0.0004526386537719616,-0.0009208384857374589,-
BTCUSDT,rsi<30 & 20d_low & btc>ema50,3,0,,,0,,0,,0.0004526386537719616,-0.0009208384857374589,-
BTCUSDT,rsi<30 & 20d_low & funding<0,3,10,0.03656271614596617,2.1725690783691967,8,0.05066019749010498,2,-0.01982720923058908,0.0004526386537719616,-0.0009208384857374589,-
BTCUSDT,rsi<30 & adx>25 & btc>ema50,3,0,,,0,,0,,0.0004526386537719616,-0.0009208384857374589,-
BTCUSDT,rsi<30 & adx>25 & funding<0,3,17,0.0022396927163756265,0.16018345662007943,13,0.0064164725665828,4,-0.011334841796797687,0.0004526386537719616,-0.0009208384857374589,-
BTCUSDT,rsi<30 & btc>ema50 & funding<0,3,0,,,0,,0,,0.0004526386537719616,-0.0009208384857374589,-
BTCUSDT,rsi>70 & rsi50-70 & >ema20,3,0,,,0,,0,,0.0004526386537719616,-0.0009208384857374589,-
BTCUSDT,rsi>70 & rsi50-70 & >ema50,3,0,,,0,,0,,0.0004526386537719616,-0.0009208384857374589,-
BTCUSDT,rsi>70 & rsi50-70 & ema20>ema50,3,0,,,0,,0,,0.0004526386537719616,-0.0009208384857374589,-
BTCUSDT,rsi>70 & rsi50-70 & >sma200,3,0,,,0,,0,,0.0004526386537719616,-0.0009208384857374589,-
BTCUSDT,rsi>70 & rsi50-70 & macd>signal,3,0,,,0,,0,,0.0004526386537719616,-0.0009208384857374589,-
BTCUSDT,rsi>70 & rsi50-70 & macd_hist_up,3,0,,,0,,0,,0.0004526386537719616,-0.0009208384857374589,-
BTCUSDT,rsi>70 & rsi50-70 & <lower_bb,3,0,,,0,,0,,0.0004526386537719616,-0.0009208384857374589,-
BTCUSDT,rsi>70 & rsi50-70 & >upper_bb,3,0,,,0,,0,,0.0004526386537719616,-0.0009208384857374589,-
BTCUSDT,rsi>70 & rsi50-70 & stoch<20,3,0,,,0,,0,,0.0004526386537719616,-0.0009208384857374589,-
BTCUSDT,rsi>70 & rsi50-70 & dip>3%,3,0,,,0,,0,,0.0004526386537719616,-0.0009208384857374589,-
BTCUSDT,rsi>70 & rsi50-70 & pop>3%,3,0,,,0,,0,,0.0004526386537719616,-0.0009208384857374589,-
BTCUSDT,rsi>70 & rsi50-70 & vol>1.5x,3,0,,,0,,0,,0.0004526386537719616,-0.0009208384857374589,-
BTCUSDT,rsi>70 & rsi50-70 & 20d_high,3,0,,,0,,0,,0.0004526386537719616,-0.0009208384857374589,-
BTCUSDT,rsi>70 & rsi50-70 & 20d_low,3,0,,,0,,0,,0.0004526386537719616,-0.0009208384857374589,-
BTCUSDT,rsi>70 & rsi50-70 & adx>25,3,0,,,0,,0,,0.0004526386537719616,-0.0009208384857374589,-
BTCUSDT,rsi>70 & rsi50-70 & btc>ema50,3,0,,,0,,0,,0.0004526386537719616,-0.0009208384857374589,-
BTCUSDT,rsi>70 & rsi50-70 & funding<0,3,0,,,0,,0,,0.0004526386537719616,-0.0009208384857374589,-
BTCUSDT,rsi>70 & >ema20 & >ema50,3,252,0.0033139371091239754,1.679721250093625,198,0.003643713624677985,54,0.0021047565520926044,0.0004526386537719616,-0.0009208384857374589,-
BTCUSDT,rsi>70 & >ema20 & ema20>ema50,3,244,0.0027295077666628868,1.369732563023866,192,0.0030676017176004973,52,0.001481160870893246,0.0004526386537719616,-0.0009208384857374589,-
BTCUSDT,rsi>70 & >ema20 & >sma200,3,243,0.0032163643473803547,1.6076675638799491,190,0.0034356831230728906,53,0.0024301272269731536,0.0004526386537719616,-0.0009208384857374589,-
BTCUSDT,rsi>70 & >ema20 & macd>signal,3,239,0.003573930884944411,1.7583964217585086,186,0.0041150380849117344,53,0.0016749509001534265,0.0004526386537719616,-0.0009208384857374589,-
BTCUSDT,rsi>70 & >ema20 & macd_hist_up,3,145,0.0038163965400882164,1.4114221504613225,111,0.003541039417261792,34,0.004715356558727422,0.0004526386537719616,-0.0009208384857374589,-
BTCUSDT,rsi>70 & >ema20 & <lower_bb,3,0,,,0,,0,,0.0004526386537719616,-0.0009208384857374589,-
BTCUSDT,rsi>70 & >ema20 & >upper_bb,3,87,0.0053226358026647776,1.5169421266469993,65,0.003908952123944582,22,0.009499428489792626,0.0004526386537719616,-0.0009208384857374589,-
BTCUSDT,rsi>70 & >ema20 & stoch<20,3,0,,,0,,0,,0.0004526386537719616,-0.0009208384857374589,-
BTCUSDT,rsi>70 & >ema20 & dip>3%,3,3,0.007556759601434385,0.1796087881226213,2,-0.009035462822993941,1,,0.0004526386537719616,-0.0009208384857374589,-
BTCUSDT,rsi>70 & >ema20 & pop>3%,3,77,0.0026099115827919466,0.66671103530864,64,0.0005371453726278402,13,0.01281429907898447,0.0004526386537719616,-0.0009208384857374589,-
BTCUSDT,rsi>70 & >ema20 & vol>1.5x,3,79,0.007552021382682178,2.0237623936118596,58,0.00823354879440829,21,0.005669707578867196,0.0004526386537719616,-0.0009208384857374589,-
BTCUSDT,rsi>70 & >ema20 & 20d_high,3,155,0.003992367734392666,1.4677367598420203,120,0.004207425265918093,35,0.003255027626305486,0.0004526386537719616,-0.0009208384857374589,-
BTCUSDT,rsi>70 & >ema20 & 20d_low,3,0,,,0,,0,,0.0004526386537719616,-0.0009208384857374589,-
BTCUSDT,rsi>70 & >ema20 & adx>25,3,228,0.0027783217347610964,1.3280094674361111,188,0.003094540699265071,40,0.001292092601592415,0.0004526386537719616,-0.0009208384857374589,-
BTCUSDT,rsi>70 & >ema20 & btc>ema50,3,252,0.0033139371091239754,1.679721250093625,198,0.003643713624677985,54,0.0021047565520926044,0.0004526386537719616,-0.0009208384857374589,-
BTCUSDT,rsi>70 & >ema20 & funding<0,3,8,0.01345953395190619,1.0168819307778807,7,0.0170732145402818,1,,0.0004526386537719616,-0.0009208384857374589,-
BTCUSDT,rsi>70 & >ema50 & ema20>ema50,3,244,0.0027295077666628868,1.369732563023866,192,0.0030676017176004973,52,0.001481160870893246,0.0004526386537719616,-0.0009208384857374589,-
BTCUSDT,rsi>70 & >ema50 & >sma200,3,243,0.0032163643473803547,1.6076675638799491,190,0.0034356831230728906,53,0.0024301272269731536,0.0004526386537719616,-0.0009208384857374589,-
BTCUSDT,rsi>70 & >ema50 & macd>signal,3,239,0.003573930884944411,1.7583964217585086,186,0.0041150380849117344,53,0.0016749509001534265,0.0004526386537719616,-0.0009208384857374589,-
BTCUSDT,rsi>70 & >ema50 & macd_hist_up,3,145,0.0038163965400882164,1.4114221504613225,111,0.003541039417261792,34,0.004715356558727422,0.0004526386537719616,-0.0009208384857374589,-
BTCUSDT,rsi>70 & >ema50 & <lower_bb,3,0,,,0,,0,,0.0004526386537719616,-0.0009208384857374589,-
BTCUSDT,rsi>70 & >ema50 & >upper_bb,3,87,0.0053226358026647776,1.5169421266469993,65,0.003908952123944582,22,0.009499428489792626,0.0004526386537719616,-0.0009208384857374589,-
BTCUSDT,rsi>70 & >ema50 & stoch<20,3,0,,,0,,0,,0.0004526386537719616,-0.0009208384857374589,-
BTCUSDT,rsi>70 & >ema50 & dip>3%,3,3,0.007556759601434385,0.1796087881226213,2,-0.009035462822993941,1,,0.0004526386537719616,-0.0009208384857374589,-
BTCUSDT,rsi>70 & >ema50 & pop>3%,3,77,0.0026099115827919466,0.66671103530864,64,0.0005371453726278402,13,0.01281429907898447,0.0004526386537719616,-0.0009208384857374589,-
BTCUSDT,rsi>70 & >ema50 & vol>1.5x,3,79,0.007552021382682178,2.0237623936118596,58,0.00823354879440829,21,0.005669707578867196,0.0004526386537719616,-0.0009208384857374589,-
BTCUSDT,rsi>70 & >ema50 & 20d_high,3,155,0.003992367734392666,1.4677367598420203,120,0.004207425265918093,35,0.003255027626305486,0.0004526386537719616,-0.0009208384857374589,-
BTCUSDT,rsi>70 & >ema50 & 20d_low,3,0,,,0,,0,,0.0004526386537719616,-0.0009208384857374589,-
BTCUSDT,rsi>70 & >ema50 & adx>25,3,228,0.0027783217347610964,1.3280094674361111,188,0.003094540699265071,40,0.001292092601592415,0.0004526386537719616,-0.0009208384857374589,-
BTCUSDT,rsi>70 & >ema50 & btc>ema50,3,252,0.0033139371091239754,1.679721250093625,198,0.003643713624677985,54,0.0021047565520926044,0.0004526386537719616,-0.0009208384857374589,-
BTCUSDT,rsi>70 & >ema50 & funding<0,3,8,0.01345953395190619,1.0168819307778807,7,0.0170732145402818,1,,0.0004526386537719616,-0.0009208384857374589,-
BTCUSDT,rsi>70 & ema20>ema50 & >sma200,3,241,0.003050113289782414,1.5198831010170681,189,0.0034817827383656786,52,0.001481160870893246,0.0004526386537719616,-0.0009208384857374589,-
BTCUSDT,rsi>70 & ema20>ema50 & macd>signal,3,231,0.0029656156929360037,1.443345712020728,180,0.0035162295327035398,51,0.0010222727290505847,0.0004526386537719616,-0.0009208384857374589,-
BTCUSDT,rsi>70 & ema20>ema50 & macd_hist_up,3,137,0.0028048557801408323,1.016038800160452,105,0.002481710546753462,32,0.0038651760771931413,0.0004526386537719616,-0.0009208384857374589,-
BTCUSDT,rsi>70 & ema20>ema50 & <lower_bb,3,0,,,0,,0,,0.0004526386537719616,-0.0009208384857374589,-
BTCUSDT,rsi>70 & ema20>ema50 & >upper_bb,3,79,0.0037209754227637754,1.0213725323372174,59,0.0020611206804991905,20,0.008617546912444294,0.0004526386537719616,-0.0009208384857374589,-
BTCUSDT,rsi>70 & ema20>ema50 & stoch<20,3,0,,,0,,0,,0.0004526386537719616,-0.0009208384857374589,-
BTCUSDT,rsi>70 & ema20>ema50 & dip>3%,3,3,0.007556759601434385,0.1796087881226213,2,-0.009035462822993941,1,,0.0004526386537719616,-0.0009208384857374589,-
BTCUSDT,rsi>70 & ema20>ema50 & pop>3%,3,73,0.0016115249448249687,0.4036664409663042,61,4.642312604185194e-05,12,0.009567459190305813,0.0004526386537719616,-0.0009208384857374589,-
BTCUSDT,rsi>70 & ema20>ema50 & vol>1.5x,3,73,0.006321483180844646,1.6314188913037078,54,0.007019275955037037,19,0.004338282664718913,0.0004526386537719616,-0.0009208384857374589,-
BTCUSDT,rsi>70 & ema20>ema50 & 20d_high,3,147,0.0030592159346759587,1.099987078468279,114,0.003266800561431804,33,0.002342105405883036,0.0004526386537719616,-0.0009208384857374589,-
BTCUSDT,rsi>70 & ema20>ema50 & 20d_low,3,0,,,0,,0,,0.0004526386537719616,-0.0009208384857374589,-
BTCUSDT,rsi>70 & ema20>ema50 & adx>25,3,223,0.002785386001743955,1.312156148435156,184,0.0030125950277642873,39,0.0017134254687249512,0.0004526386537719616,-0.0009208384857374589,-
BTCUSDT,rsi>70 & ema20>ema50 & btc>ema50,3,244,0.0027295077666628868,1.369732563023866,192,0.0030676017176004973,52,0.001481160870893246,0.0004526386537719616,-0.0009208384857374589,-
BTCUSDT,rsi>70 & ema20>ema50 & funding<0,3,8,0.01345953395190619,1.0168819307778807,7,0.0170732145402818,1,,0.0004526386537719616,-0.0009208384857374589,-
BTCUSDT,rsi>70 & >sma200 & macd>signal,3,230,0.0034810168105039075,1.687333904721752,178,0.003914166176916801,52,0.0019983132100905416,0.0004526386537719616,-0.0009208384857374589,-
BTCUSDT,rsi>70 & >sma200 & macd_hist_up,3,137,0.0033555295104490653,1.2080121756074111,104,0.0027331301030597407,33,0.005317030673130572,0.0004526386537719616,-0.0009208384857374589,-
BTCUSDT,rsi>70 & >sma200 & <lower_bb,3,0,,,0,,0,,0.0004526386537719616,-0.0009208384857374589,-
BTCUSDT,rsi>70 & >sma200 & >upper_bb,3,81,0.004203164098446944,1.1663352270595073,60,0.0019388162663698018,21,0.01067272933295306,0.0004526386537719616,-0.0009208384857374589,-
BTCUSDT,rsi>70 & >sma200 & stoch<20,3,0,,,0,,0,,0.0004526386537719616,-0.0009208384857374589,-
BTCUSDT,rsi>70 & >sma200 & dip>3%,3,3,0.007556759601434385,0.1796087881226213,2,-0.009035462822993941,1,,0.0004526386537719616,-0.0009208384857374589,-
BTCUSDT,rsi>70 & >sma200 & pop>3%,3,74,0.0024848347138337274,0.6234164066827576,61,0.0002834734556868477,13,0.01281429907898447,0.0004526386537719616,-0.0009208384857374589,-
BTCUSDT,rsi>70 & >sma200 & vol>1.5x,3,75,0.006772900077033646,1.7717739923163103,55,0.006795704680086107,20,0.006710187418639384,0.0004526386537719616,-0.0009208384857374589,-
BTCUSDT,rsi>70 & >sma200 & 20d_high,3,147,0.0035724288670040396,1.277863695218727,113,0.0035051432505515527,34,0.003796054592272604,0.0004526386537719616,-0.0009208384857374589,-
BTCUSDT,rsi>70 & >sma200 & 20d_low,3,0,,,0,,0,,0.0004526386537719616,-0.0009208384857374589,-
BTCUSDT,rsi>70 & >sma200 & adx>25,3,222,0.003043853553120273,1.4348855746401876,183,0.003327387407171735,39,0.0017134254687249512,0.0004526386537719616,-0.0009208384857374589,-
BTCUSDT,rsi>70 & >sma200 & btc>ema50,3,243,0.0032163643473803547,1.6076675638799491,190,0.0034356831230728906,53,0.0024301272269731536,0.0004526386537719616,-0.0009208384857374589,-
BTCUSDT,rsi>70 & >sma200 & funding<0,3,8,0.01345953395190619,1.0168819307778807,7,0.0170732145402818,1,,0.0004526386537719616,-0.0009208384857374589,-
BTCUSDT,rsi>70 & macd>signal & macd_hist_up,3,138,0.004407032970433343,1.5998177853943518,105,0.00450221793359941,33,0.00410417172399586,0.0004526386537719616,-0.0009208384857374589,-
BTCUSDT,rsi>70 & macd>signal & <lower_bb,3,0,,,0,,0,,0.0004526386537719616,-0.0009208384857374589,-
BTCUSDT,rsi>70 & macd>signal & >upper_bb,3,85,0.006362877892670181,1.812506553712044,63,0.005267574509548059,22,0.009499428489792626,0.0004526386537719616,-0.0009208384857374589,-
BTCUSDT,rsi>70 & macd>signal & stoch<20,3,0,,,0,,0,,0.0004526386537719616,-0.0009208384857374589,-
BTCUSDT,rsi>70 & macd>signal & dip>3%,3,3,0.007556759601434385,0.1796087881226213,2,-0.009035462822993941,1,,0.0004526386537719616,-0.0009208384857374589,-
BTCUSDT,rsi>70 & macd>signal & pop>3%,3,72,0.0037381829144713325,0.9372413219906717,59,0.001738360708731149,13,0.01281429907898447,0.0004526386537719616,-0.0009208384857374589,-
BTCUSDT,rsi>70 & macd>signal & vol>1.5x,3,77,0.006972902001249557,1.83659228767667,56,0.0074615999096429375,21,0.005669707578867196,0.0004526386537719616,-0.0009208384857374589,-
BTCUSDT,rsi>70 & macd>signal & 20d_high,3,148,0.004277313241985556,1.5436745604364324,114,0.004771937271912626,34,0.002618867965171266,0.0004526386537719616,-0.0009208384857374589,-
BTCUSDT,rsi>70 & macd>signal & 20d_low,3,0,,,0,,0,,0.0004526386537719616,-0.0009208384857374589,-
BTCUSDT,rsi>70 & macd>signal & adx>25,3,215,0.003034952025711639,1.4027503693452759,176,0.0035552013498248575,39,0.0006871602040725028,0.0004526386537719616,-0.0009208384857374589,-
BTCUSDT,rsi>70 & macd>signal & btc>ema50,3,239,0.003573930884944411,1.7583964217585086,186,0.0041150380849117344,53,0.0016749509001534265,0.0004526386537719616,-0.0009208384857374589,-
BTCUSDT,rsi>70 & macd>signal & funding<0,3,8,0.01345953395190619,1.0168819307778807,7,0.0170732145402818,1,,0.0004526386537719616,-0.0009208384857374589,-
BTCUSDT,rsi>70 & macd_hist_up & <lower_bb,3,0,,,0,,0,,0.0004526386537719616,-0.0009208384857374589,-
BTCUSDT,rsi>70 & macd_hist_up & >upper_bb,3,87,0.0053226358026647776,1.5169421266469993,65,0.003908952123944582,22,0.009499428489792626,0.0004526386537719616,-0.0009208384857374589,-
BTCUSDT,rsi>70 & macd_hist_up & stoch<20,3,0,,,0,,0,,0.0004526386537719616,-0.0009208384857374589,-
BTCUSDT,rsi>70 & macd_hist_up & dip>3%,3,0,,,0,,0,,0.0004526386537719616,-0.0009208384857374589,-
BTCUSDT,rsi>70 & macd_hist_up & pop>3%,3,72,0.003919245559500216,0.9534516461587281,60,0.0018212176005335493,12,0.014409385354333554,0.0004526386537719616,-0.0009208384857374589,-
BTCUSDT,rsi>70 & macd_hist_up & vol>1.5x,3,69,0.006857042267623622,1.6545085187246114,50,0.00724899753463337,19,0.005825581038650594,0.0004526386537719616,-0.0009208384857374589,-
BTCUSDT,rsi>70 & macd_hist_up & 20d_high,3,122,0.0038888201455264267,1.252851176555657,94,0.0038394774381175943,28,0.004054470663256082,0.0004526386537719616,-0.0009208384857374589,-
BTCUSDT,rsi>70 & macd_hist_up & 20d_low,3,0,,,0,,0,,0.0004526386537719616,-0.0009208384857374589,-
BTCUSDT,rsi>70 & macd_hist_up & adx>25,3,122,0.0026745485629015584,0.8881523770149314,101,0.0025086507830856556,21,0.0034724378848732832,0.0004526386537719616,-0.0009208384857374589,-
BTCUSDT,rsi>70 & macd_hist_up & btc>ema50,3,145,0.0038163965400882164,1.4114221504613225,111,0.003541039417261792,34,0.004715356558727422,0.0004526386537719616,-0.0009208384857374589,-
BTCUSDT,rsi>70 & macd_hist_up & funding<0,3,3,0.038773620746323706,1.2244079653953657,3,0.038773620746323706,0,,0.0004526386537719616,-0.0009208384857374589,-
BTCUSDT,rsi>70 & <lower_bb & >upper_bb,3,0,,,0,,0,,0.0004526386537719616,-0.0009208384857374589,-
BTCUSDT,rsi>70 & <lower_bb & stoch<20,3,0,,,0,,0,,0.0004526386537719616,-0.0009208384857374589,-
BTCUSDT,rsi>70 & <lower_bb & dip>3%,3,0,,,0,,0,,0.0004526386537719616,-0.0009208384857374589,-
BTCUSDT,rsi>70 & <lower_bb & pop>3%,3,0,,,0,,0,,0.0004526386537719616,-0.0009208384857374589,-
BTCUSDT,rsi>70 & <lower_bb & vol>1.5x,3,0,,,0,,0,,0.0004526386537719616,-0.0009208384857374589,-
BTCUSDT,rsi>70 & <lower_bb & 20d_high,3,0,,,0,,0,,0.0004526386537719616,-0.0009208384857374589,-
BTCUSDT,rsi>70 & <lower_bb & 20d_low,3,0,,,0,,0,,0.0004526386537719616,-0.0009208384857374589,-
BTCUSDT,rsi>70 & <lower_bb & adx>25,3,0,,,0,,0,,0.0004526386537719616,-0.0009208384857374589,-
BTCUSDT,rsi>70 & <lower_bb & btc>ema50,3,0,,,0,,0,,0.0004526386537719616,-0.0009208384857374589,-
BTCUSDT,rsi>70 & <lower_bb & funding<0,3,0,,,0,,0,,0.0004526386537719616,-0.0009208384857374589,-
BTCUSDT,rsi>70 & >upper_bb & stoch<20,3,0,,,0,,0,,0.0004526386537719616,-0.0009208384857374589,-
BTCUSDT,rsi>70 & >upper_bb & dip>3%,3,0,,,0,,0,,0.0004526386537719616,-0.0009208384857374589,-
BTCUSDT,rsi>70 & >upper_bb & pop>3%,3,44,0.0058192996280928555,1.0173745639809746,35,0.0016137918370303429,9,0.022174052148891513,0.0004526386537719616,-0.0009208384857374589,-
BTCUSDT,rsi>70 & >upper_bb & vol>1.5x,3,52,0.005571547143483276,1.1520216281838334,38,0.003565702793308103,14,0.011015981808244457,0.0004526386537719616,-0.0009208384857374589,-
BTCUSDT,rsi>70 & >upper_bb & 20d_high,3,73,0.005301831658698581,1.30247551615833,56,0.004542171146544933,17,0.007804242757557654,0.0004526386537719616,-0.0009208384857374589,-
BTCUSDT,rsi>70 & >upper_bb & 20d_low,3,0,,,0,,0,,0.0004526386537719616,-0.0009208384857374589,-
BTCUSDT,rsi>70 & >upper_bb & adx>25,3,67,0.003560202190194039,0.8567544250702966,57,0.0025695684711114367,10,0.009206814388964878,0.0004526386537719616,-0.0009208384857374589,-
BTCUSDT,rsi>70 & >upper_bb & btc>ema50,3,87,0.0053226358026647776,1.5169421266469993,65,0.003908952123944582,22,0.009499428489792626,0.0004526386537719616,-0.0009208384857374589,-
BTCUSDT,rsi>70 & >upper_bb & funding<0,3,1,,,1,,0,,0.0004526386537719616,-0.0009208384857374589,-
BTCUSDT,rsi>70 & stoch<20 & dip>3%,3,0,,,0,,0,,0.0004526386537719616,-0.0009208384857374589,-
BTCUSDT,rsi>70 & stoch<20 & pop>3%,3,0,,,0,,0,,0.0004526386537719616,-0.0009208384857374589,-
BTCUSDT,rsi>70 & stoch<20 & vol>1.5x,3,0,,,0,,0,,0.0004526386537719616,-0.0009208384857374589,-
BTCUSDT,rsi>70 & stoch<20 & 20d_high,3,0,,,0,,0,,0.0004526386537719616,-0.0009208384857374589,-
BTCUSDT,rsi>70 & stoch<20 & 20d_low,3,0,,,0,,0,,0.0004526386537719616,-0.0009208384857374589,-
BTCUSDT,rsi>70 & stoch<20 & adx>25,3,0,,,0,,0,,0.0004526386537719616,-0.0009208384857374589,-
BTCUSDT,rsi>70 & stoch<20 & btc>ema50,3,0,,,0,,0,,0.0004526386537719616,-0.0009208384857374589,-
BTCUSDT,rsi>70 & stoch<20 & funding<0,3,0,,,0,,0,,0.0004526386537719616,-0.0009208384857374589,-
BTCUSDT,rsi>70 & dip>3% & pop>3%,3,0,,,0,,0,,0.0004526386537719616,-0.0009208384857374589,-
BTCUSDT,rsi>70 & dip>3% & vol>1.5x,3,1,,,1,,0,,0.0004526386537719616,-0.0009208384857374589,-
BTCUSDT,rsi>70 & dip>3% & 20d_high,3,0,,,0,,0,,0.0004526386537719616,-0.0009208384857374589,-
BTCUSDT,rsi>70 & dip>3% & 20d_low,3,0,,,0,,0,,0.0004526386537719616,-0.0009208384857374589,-
BTCUSDT,rsi>70 & dip>3% & adx>25,3,3,0.007556759601434385,0.1796087881226213,2,-0.009035462822993941,1,,0.0004526386537719616,-0.0009208384857374589,-
BTCUSDT,rsi>70 & dip>3% & btc>ema50,3,3,0.007556759601434385,0.1796087881226213,2,-0.009035462822993941,1,,0.0004526386537719616,-0.0009208384857374589,-
BTCUSDT,rsi>70 & dip>3% & funding<0,3,0,,,0,,0,,0.0004526386537719616,-0.0009208384857374589,-
BTCUSDT,rsi>70 & pop>3% & vol>1.5x,3,41,0.010034913924192718,1.7863504792062859,31,0.007518069741163378,10,0.017837130891583668,0.0004526386537719616,-0.0009208384857374589,-
BTCUSDT,rsi>70 & pop>3% & 20d_high,3,73,0.0031517996821897984,0.7676847315904165,60,0.0010582581462176208,13,0.01281429907898447,0.0004526386537719616,-0.0009208384857374589,-
BTCUSDT,rsi>70 & pop>3% & 20d_low,3,0,,,0,,0,,0.0004526386537719616,-0.0009208384857374589,-
BTCUSDT,rsi>70 & pop>3% & adx>25,3,66,0.0010941299228163848,0.2584487366991321,59,0.00031346141626584293,7,0.007674050192313808,0.0004526386537719616,-0.0009208384857374589,-
BTCUSDT,rsi>70 & pop>3% & btc>ema50,3,77,0.0026099115827919466,0.66671103530864,64,0.0005371453726278402,13,0.01281429907898447,0.0004526386537719616,-0.0009208384857374589,-
BTCUSDT,rsi>70 & pop>3% & funding<0,3,2,0.007106736283087313,27.347910227407883,2,0.007106736283087313,0,,0.0004526386537719616,-0.0009208384857374589,-
BTCUSDT,rsi>70 & vol>1.5x & 20d_high,3,64,0.006058040875035248,1.401955888095643,46,0.006589780033617229,18,0.0046991519142146375,0.0004526386537719616,-0.0009208384857374589,-
BTCUSDT,rsi>70 & vol>1.5x & 20d_low,3,0,,,0,,0,,0.0004526386537719616,-0.0009208384857374589,-
BTCUSDT,rsi>70 & vol>1.5x & adx>25,3,65,0.005517435916619192,1.3236121457895464,52,0.006368334285152279,13,0.0021138424424868483,0.0004526386537719616,-0.0009208384857374589,-
BTCUSDT,rsi>70 & vol>1.5x & btc>ema50,3,79,0.007552021382682178,2.0237623936118596,58,0.00823354879440829,21,0.005669707578867196,0.0004526386537719616,-0.0009208384857374589,-
BTCUSDT,rsi>70 & vol>1.5x & funding<0,3,3,0.03858850246478732,1.2150244482442591,3,0.03858850246478732,0,,0.0004526386537719616,-0.0009208384857374589,-
BTCUSDT,rsi>70 & 20d_high & 20d_low,3,0,,,0,,0,,0.0004526386537719616,-0.0009208384857374589,-
BTCUSDT,rsi>70 & 20d_high & adx>25,3,134,0.00329463257206785,1.1006758001218595,111,0.0036619855847556788,23,0.0015217549890961602,0.0004526386537719616,-0.0009208384857374589,-
BTCUSDT,rsi>70 & 20d_high & btc>ema50,3,155,0.003992367734392666,1.4677367598420203,120,0.004207425265918093,35,0.003255027626305486,0.0004526386537719616,-0.0009208384857374589,-
BTCUSDT,rsi>70 & 20d_high & funding<0,3,5,0.020211668118232263,0.9726401619352812,4,0.028223642689471105,1,,0.0004526386537719616,-0.0009208384857374589,-
BTCUSDT,rsi>70 & 20d_low & adx>25,3,0,,,0,,0,,0.0004526386537719616,-0.0009208384857374589,-
BTCUSDT,rsi>70 & 20d_low & btc>ema50,3,0,,,0,,0,,0.0004526386537719616,-0.0009208384857374589,-
BTCUSDT,rsi>70 & 20d_low & funding<0,3,0,,,0,,0,,0.0004526386537719616,-0.0009208384857374589,-
BTCUSDT,rsi>70 & adx>25 & btc>ema50,3,228,0.0027783217347610964,1.3280094674361111,188,0.003094540699265071,40,0.001292092601592415,0.0004526386537719616,-0.0009208384857374589,-
BTCUSDT,rsi>70 & adx>25 & funding<0,3,8,0.01345953395190619,1.0168819307778807,7,0.0170732145402818,1,,0.0004526386537719616,-0.0009208384857374589,-
BTCUSDT,rsi>70 & btc>ema50 & funding<0,3,8,0.01345953395190619,1.0168819307778807,7,0.0170732145402818,1,,0.0004526386537719616,-0.0009208384857374589,-
BTCUSDT,rsi50-70 & >ema20 & >ema50,3,790,0.0002693869136544109,0.26682083889907776,470,0.0009511698632802775,320,-0.0007319817936085809,0.0004526386537719616,-0.0009208384857374589,-
BTCUSDT,rsi50-70 & >ema20 & ema20>ema50,3,653,0.0005914329868349789,0.5224447940141076,394,0.0016326763750227791,259,-0.0009925434415279301,0.0004526386537719616,-0.0009208384857374589,-
BTCUSDT,rsi50-70 & >ema20 & >sma200,3,632,7.981408907127765e-05,0.06955656748344544,380,0.001057960860907375,252,-0.0013951691383006155,0.0004526386537719616,-0.0009208384857374589,-
BTCUSDT,rsi50-70 & >ema20 & macd>signal,3,571,-0.00018016219486804294,-0.15546820806824663,312,0.0005760039724160933,259,-0.001091065068198741,0.0004526386537719616,-0.0009208384857374589,-
BTCUSDT,rsi50-70 & >ema20 & macd_hist_up,3,482,0.0010725571473368337,0.8565722689936474,283,0.0023176386113900205,199,-0.0006980863417438288,0.0004526386537719616,-0.0009208384857374589,-
BTCUSDT,rsi50-70 & >ema20 & <lower_bb,3,0,,,0,,0,,0.0004526386537719616,-0.0009208384857374589,-
BTCUSDT,rsi50-70 & >ema20 & >upper_bb,3,85,-0.0014630688367719595,-0.4332838912520309,53,0.001799792511980413,32,-0.006867182945643074,0.0004526386537719616,-0.0009208384857374589,-
BTCUSDT,rsi50-70 & >ema20 & stoch<20,3,3,0.0020609369587706477,0.3320664442895157,1,,2,-0.0038654779237972878,0.0004526386537719616,-0.0009208384857374589,-
BTCUSDT,rsi50-70 & >ema20 & dip>3%,3,45,0.004354817249839601,0.8114724263618998,35,0.00676420638262372,10,-0.004078044714904815,0.0004526386537719616,-0.0009208384857374589,-
BTCUSDT,rsi50-70 & >ema20 & pop>3%,3,125,-0.0005431230101952877,-0.2353206132704909,89,0.0017056575108123637,36,-0.006102608187130866,0.0004526386537719616,-0.0009208384857374589,-
BTCUSDT,rsi50-70 & >ema20 & vol>1.5x,3,99,-0.0007288963329612766,-0.22679820027267975,59,-0.0007458740929039207,40,-0.0007038541370458753,0.0004526386537719616,-0.0009208384857374589,-
BTCUSDT,rsi50-70 & >ema20 & 20d_high,3,181,0.0009435520156718052,0.45824615608699165,93,0.0030806202916172495,88,-0.0013149405941341751,0.0004526386537719616,-0.0009208384857374589,-
BTCUSDT,rsi50-70 & >ema20 & 20d_low,3,0,,,0,,0,,0.0004526386537719616,-0.0009208384857374589,-
BTCUSDT,rsi50-70 & >ema20 & adx>25,3,437,0.000402889878359601,0.2927603969783525,304,0.001250625541436792,133,-0.001534791637245407,0.0004526386537719616,-0.0009208384857374589,-
BTCUSDT,rsi50-70 & >ema20 & btc>ema50,3,790,0.0002693869136544109,0.26682083889907776,470,0.0009511698632802775,320,-0.0007319817936085809,0.0004526386537719616,-0.0009208384857374589,-
BTCUSDT,rsi50-70 & >ema20 & funding<0,3,83,0.00011840273066185094,0.04821792839723091,33,0.002837049410596018,50,-0.0016759040780946989,0.0004526386537719616,-0.0009208384857374589,-
BTCUSDT,rsi50-70 & >ema50 & ema20>ema50,3,705,0.0008590295690884149,0.7893360727977068,421,0.0020423732904161296,284,-0.0008951524966825997,0.0004526386537719616,-0.0009208384857374589,-
BTCUSDT,rsi50-70 & >ema50 & >sma200,3,664,0.0008219610508308267,0.7375377850811606,399,0.0019347651327268167,265,-0.0008535439630427582,0.0004526386537719616,-0.0009208384857374589,-
BTCUSDT,rsi50-70 & >ema50 & macd>signal,3,468,0.00012204775332777933,0.09213437267580439,259,0.0012489604084990448,209,-0.0012744612308318267,0.0004526386537719616,-0.0009208384857374589,-
BTCUSDT,rsi50-70 & >ema50 & macd_hist_up,3,428,0.0019361345610640522,1.3990986943102581,257,0.0032415394400746632,171,-2.5789730782303852e-05,0.0004526386537719616,-0.0009208384857374589,-
BTCUSDT,rsi50-70 & >ema50 & <lower_bb,3,0,,,0,,0,,0.0004526386537719616,-0.0009208384857374589,-
BTCUSDT,rsi50-70 & >ema50 & >upper_bb,3,76,-0.0013351125621557983,-0.370161055757861,48,0.0027262577761955377,28,-0.00829746171361523,0.0004526386537719616,-0.0009208384857374589,-
BTCUSDT,rsi50-70 & >ema50 & stoch<20,3,11,-0.0017423186006162445,-0.2650047090355769,4,-0.0022376684627700358,7,-0.0014592615365283637,0.0004526386537719616,-0.0009208384857374589,-
BTCUSDT,rsi50-70 & >ema50 & dip>3%,3,54,0.005817114831712156,1.2346153719558837,45,0.0074498021549798,9,-0.002346321784626061,0.0004526386537719616,-0.0009208384857374589,-
BTCUSDT,rsi50-70 & >ema50 & pop>3%,3,108,-0.0002555604204498123,-0.1047009056276686,77,0.0014506183113273663,31,-0.004493488238089902,0.0004526386537719616,-0.0009208384857374589,-
BTCUSDT,rsi50-70 & >ema50 & vol>1.5x,3,92,0.00014852391196555157,0.04539474971268295,53,0.0008824405478010432,39,-0.000848849977759601,0.0004526386537719616,-0.0009208384857374589,-
BTCUSDT,rsi50-70 & >ema50 & 20d_high,3,166,0.001135580259695283,0.5223676504137312,84,0.003621696697423401,82,-0.0014111731643188861,0.0004526386537719616,-0.0009208384857374589,-
BTCUSDT,rsi50-70 & >ema50 & 20d_low,3,1,,,0,,1,,0.0004526386537719616,-0.0009208384857374589,-
BTCUSDT,rsi50-70 & >ema50 & adx>25,3,421,0.001294800069278199,0.910955228332813,301,0.002077365403627121,120,-0.0006681346443803468,0.0004526386537719616,-0.0009208384857374589,-
BTCUSDT,rsi50-70 & >ema50 & btc>ema50,3,842,0.000513332265547596,0.5247290289566626,497,0.0013352404411427496,345,-0.0006706919758170153,0.0004526386537719616,-0.0009208384857374589,-
BTCUSDT,rsi50-70 & >ema50 & funding<0,3,65,0.0018609106302506617,0.7243081311335337,24,0.004823592973087809,41,0.00012665755151672207,0.0004526386537719616,-0.0009208384857374589,-
BTCUSDT,rsi50-70 & ema20>ema50 & >sma200,3,621,0.0008632921685619167,0.7363629774573427,383,0.0019478369591465273,238,-0.0008820047003200405,0.0004526386537719616,-0.0009208384857374589,-
BTCUSDT,rsi50-70 & ema20>ema50 & macd>signal,3,336,0.0006894868980260407,0.42250441328092886,185,0.0026176691664513774,151,-0.0016728556162699034,0.0004526386537719616,-0.0009208384857374589,-
BTCUSDT,rsi50-70 & ema20>ema50 & macd_hist_up,3,313,0.0024232073447929504,1.4111826445655589,195,0.00428194050051734,118,-0.0006484279549210852,0.0004526386537719616,-0.0009208384857374589,-
BTCUSDT,rsi50-70 & ema20>ema50 & <lower_bb,3,0,,,0,,0,,0.0004526386537719616,-0.0009208384857374589,-
BTCUSDT,rsi50-70 & ema20>ema50 & >upper_bb,3,41,-0.0021592968520180444,-0.38830039747316125,28,0.003393457573244805,13,-0.014119075614122647,0.0004526386537719616,-0.0009208384857374589,-
BTCUSDT,rsi50-70 & ema20>ema50 & stoch<20,3,11,-0.0017423186006162445,-0.2650047090355769,4,-0.0022376684627700358,7,-0.0014592615365283637,0.0004526386537719616,-0.0009208384857374589,-
BTCUSDT,rsi50-70 & ema20>ema50 & dip>3%,3,52,0.006596371443530189,1.4597642744229655,44,0.009431732984587162,8,-0.008998117032283155,0.0004526386537719616,-0.0009208384857374589,-
BTCUSDT,rsi50-70 & ema20>ema50 & pop>3%,3,78,-0.0012997689136164097,-0.4502236390120651,57,0.0007649306817691334,21,-0.006903953529662883,0.0004526386537719616,-0.0009208384857374589,-
BTCUSDT,rsi50-70 & ema20>ema50 & vol>1.5x,3,72,0.00040648166039276,0.11233955727481355,39,0.0013760983621691554,33,-0.0007394289871611598,0.0004526386537719616,-0.0009208384857374589,-
BTCUSDT,rsi50-70 & ema20>ema50 & 20d_high,3,108,0.0006418943419352862,0.22485059431241874,55,0.004030726234839288,53,-0.0028748179997575463,0.0004526386537719616,-0.0009208384857374589,-
BTCUSDT,rsi50-70 & ema20>ema50 & 20d_low,3,1,,,0,,1,,0.0004526386537719616,-0.0009208384857374589,-
BTCUSDT,rsi50-70 & ema20>ema50 & adx>25,3,391,0.0017583393363614496,1.1804601449365482,288,0.0024935680669236357,103,-0.00029744585200660337,0.0004526386537719616,-0.0009208384857374589,-
BTCUSDT,rsi50-70 & ema20>ema50 & btc>ema50,3,705,0.0008590295690884149,0.7893360727977068,421,0.0020423732904161296,284,-0.0008951524966825997,0.0004526386537719616,-0.0009208384857374589,-
BTCUSDT,rsi50-70 & ema20>ema50 & funding<0,3,37,0.003263499370956931,1.229344774894229,8,0.008709792816034116,29,0.0017610735930046054,0.0004526386537719616,-0.0009208384857374589,-
BTCUSDT,rsi50-70 & >sma200 & macd>signal,3,329,0.00014158346661131326,0.08754450322438985,175,0.0016120052992351708,154,-0.0015293504340976158,0.0004526386537719616,-0.0009208384857374589,-
BTCUSDT,rsi50-70 & >sma200 & macd_hist_up,3,333,0.0016385761179126487,0.9893481836327361,206,0.003356602677428489,127,-0.0011481441282311553,0.0004526386537719616,-0.0009208384857374589,-
BTCUSDT,rsi50-70 & >sma200 & <lower_bb,3,0,,,0,,0,,0.0004526386537719616,-0.0009208384857374589,-
BTCUSDT,rsi50-70 & >sma200 & >upper_bb,3,47,-0.000750174484657896,-0.1490637151180792,28,0.005191330024467283,19,-0.009506075866526582,0.0004526386537719616,-0.0009208384857374589,-
BTCUSDT,rsi50-70 & >sma200 & stoch<20,3,11,-0.0017423186006162445,-0.2650047090355769,4,-0.0022376684627700358,7,-0.0014592615365283637,0.0004526386537719616,-0.0009208384857374589,-
BTCUSDT,rsi50-70 & >sma200 & dip>3%,3,49,0.007924227120348687,1.7013340398152688,42,0.0099715879259024,7,-0.004359937712973594,0.0004526386537719616,-0.0009208384857374589,-
BTCUSDT,rsi50-70 & >sma200 & pop>3%,3,85,-0.0035132374227210463,-1.2159699768197,59,-0.0009004830742735813,26,-0.009442179982659529,0.0004526386537719616,-0.0009208384857374589,-
BTCUSDT,rsi50-70 & >sma200 & vol>1.5x,3,73,-0.0014489168389059134,-0.3791795572289123,39,0.00026465081770001773,34,-0.0034144797391303626,0.0004526386537719616,-0.0009208384857374589,-
BTCUSDT,rsi50-70 & >sma200 & 20d_high,3,106,0.00032425081217810997,0.11220393185963091,51,0.003726015244591549,55,-0.0028301125706052623,0.0004526386537719616,-0.0009208384857374589,-
BTCUSDT,rsi50-70 & >sma200 & 20d_low,3,1,,,0,,1,,0.0004526386537719616,-0.0009208384857374589,-
BTCUSDT,rsi50-70 & >sma200 & adx>25,3,382,0.0010723024074950744,0.7069444132089314,281,0.0013666374679898537,101,0.00025340981344524314,0.0004526386537719616,-0.0009208384857374589,-
BTCUSDT,rsi50-70 & >sma200 & btc>ema50,3,664,0.0008219610508308267,0.7375377850811606,399,0.0019347651327268167,265,-0.0008535439630427582,0.0004526386537719616,-0.0009208384857374589,-
BTCUSDT,rsi50-70 & >sma200 & funding<0,3,28,-0.005233191045863522,-1.114715145792872,12,-0.00440517468468618,16,-0.005854203316746528,0.0004526386537719616,-0.0009208384857374589,-
BTCUSDT,rsi50-70 & macd>signal & macd_hist_up,3,310,0.0017238729325511472,1.1083275892514513,178,0.003709661130732941,132,-0.0009539323649970293,0.0004526386537719616,-0.0009208384857374589,-
BTCUSDT,rsi50-70 & macd>signal & <lower_bb,3,0,,,0,,0,,0.0004526386537719616,-0.0009208384857374589,-
BTCUSDT,rsi50-70 & macd>signal & >upper_bb,3,79,-0.0009196582000602174,-0.2604350699684925,48,0.003345543918189232,31,-0.007523842125091622,0.0004526386537719616,-0.0009208384857374589,-
BTCUSDT,rsi50-70 & macd>signal & stoch<20,3,0,,,0,,0,,0.0004526386537719616,-0.0009208384857374589,-
BTCUSDT,rsi50-70 & macd>signal & dip>3%,3,25,-0.0021214516114990336,-0.26275847457865315,18,-0.0016854526898718639,7,-0.0032425916956831838,0.0004526386537719616,-0.0009208384857374589,-
BTCUSDT,rsi50-70 & macd>signal & pop>3%,3,74,0.0016431569797457414,0.6124639987590564,51,0.004048860818974496,23,-0.0036912297941962824,0.0004526386537719616,-0.0009208384857374589,-
BTCUSDT,rsi50-70 & macd>signal & vol>1.5x,3,82,0.0007759951398913292,0.21929242033406993,50,0.0001926373292513485,32,0.0016874917190163007,0.0004526386537719616,-0.0009208384857374589,-
BTCUSDT,rsi50-70 & macd>signal & 20d_high,3,161,0.001563185932180495,0.7050065367928269,81,0.004196844347756871,80,-0.0011033932135905845,0.0004526386537719616,-0.0009208384857374589,-
BTCUSDT,rsi50-70 & macd>signal & 20d_low,3,0,,,0,,0,,0.0004526386537719616,-0.0009208384857374589,-
BTCUSDT,rsi50-70 & macd>signal & adx>25,3,219,0.0010883173550084943,0.5557638795677448,139,0.0027182277228462903,80,-0.0017436519091096757,0.0004526386537719616,-0.0009208384857374589,-
BTCUSDT,rsi50-70 & macd>signal & btc>ema50,3,468,0.00012204775332777933,0.09213437267580439,259,0.0012489604084990448,209,-0.0012744612308318267,0.0004526386537719616,-0.0009208384857374589,-
BTCUSDT,rsi50-70 & macd>signal & funding<0,3,73,0.0006109163902367821,0.2523196769796675,30,0.0017796817430797039,43,-0.0002045012977931632,0.0004526386537719616,-0.0009208384857374589,-
BTCUSDT,rsi50-70 & macd_hist_up & <lower_bb,3,0,,,0,,0,,0.0004526386537719616,-0.0009208384857374589,-
BTCUSDT,rsi50-70 & macd_hist_up & >upper_bb,3,85,-0.0014630688367719595,-0.4332838912520309,53,0.001799792511980413,32,-0.006867182945643074,0.0004526386537719616,-0.0009208384857374589,-
BTCUSDT,rsi50-70 & macd_hist_up & stoch<20,3,1,,,0,,1,,0.0004526386537719616,-0.0009208384857374589,-
BTCUSDT,rsi50-70 & macd_hist_up & dip>3%,3,3,0.019974330852700967,1.703706794984995,3,0.019974330852700967,0,,0.0004526386537719616,-0.0009208384857374589,-
BTCUSDT,rsi50-70 & macd_hist_up & pop>3%,3,117,-0.0007646366185302829,-0.3221689897709327,81,0.0020129442250159282,36,-0.007014193516509252,0.0004526386537719616,-0.0009208384857374589,-
BTCUSDT,rsi50-70 & macd_hist_up & vol>1.5x,3,66,-0.0008935454508479356,-0.2257801806125568,43,0.0027738625830405392,23,-0.007750003948987262,0.0004526386537719616,-0.0009208384857374589,-
BTCUSDT,rsi50-70 & macd_hist_up & 20d_high,3,169,0.0012161741059257274,0.5662271218077798,91,0.003512020851543036,78,-0.0014623137639611329,0.0004526386537719616,-0.0009208384857374589,-
BTCUSDT,rsi50-70 & macd_hist_up & 20d_low,3,0,,,0,,0,,0.0004526386537719616,-0.0009208384857374589,-
BTCUSDT,rsi50-70 & macd_hist_up & adx>25,3,187,-0.0007305477902710624,-0.32752848164640147,133,0.0005794738717343831,54,-0.003957082624469658,0.0004526386537719616,-0.0009208384857374589,-
BTCUSDT,rsi50-70 & macd_hist_up & btc>ema50,3,428,0.0019361345610640522,1.3990986943102581,257,0.0032415394400746632,171,-2.5789730782303852e-05,0.0004526386537719616,-0.0009208384857374589,-
BTCUSDT,rsi50-70 & macd_hist_up & funding<0,3,54,-0.0004958175934695016,-0.15878650923478496,27,0.005351180910308382,27,-0.0063428160972473875,0.0004526386537719616,-0.0009208384857374589,-
BTCUSDT,rsi50-70 & <lower_bb & >upper_bb,3,0,,,0,,0,,0.0004526386537719616,-0.0009208384857374589,-
BTCUSDT,rsi50-70 & <lower_bb & stoch<20,3,0,,,0,,0,,0.0004526386537719616,-0.0009208384857374589,-
BTCUSDT,rsi50-70 & <lower_bb & dip>3%,3,0,,,0,,0,,0.0004526386537719616,-0.0009208384857374589,-
BTCUSDT,rsi50-70 & <lower_bb & pop>3%,3,0,,,0,,0,,0.0004526386537719616,-0.0009208384857374589,-
BTCUSDT,rsi50-70 & <lower_bb & vol>1.5x,3,0,,,0,,0,,0.0004526386537719616,-0.0009208384857374589,-
BTCUSDT,rsi50-70 & <lower_bb & 20d_high,3,0,,,0,,0,,0.0004526386537719616,-0.0009208384857374589,-
BTCUSDT,rsi50-70 & <lower_bb & 20d_low,3,0,,,0,,0,,0.0004526386537719616,-0.0009208384857374589,-
BTCUSDT,rsi50-70 & <lower_bb & adx>25,3,0,,,0,,0,,0.0004526386537719616,-0.0009208384857374589,-
BTCUSDT,rsi50-70 & <lower_bb & btc>ema50,3,0,,,0,,0,,0.0004526386537719616,-0.0009208384857374589,-
BTCUSDT,rsi50-70 & <lower_bb & funding<0,3,0,,,0,,0,,0.0004526386537719616,-0.0009208384857374589,-
BTCUSDT,rsi50-70 & >upper_bb & stoch<20,3,0,,,0,,0,,0.0004526386537719616,-0.0009208384857374589,-
BTCUSDT,rsi50-70 & >upper_bb & dip>3%,3,0,,,0,,0,,0.0004526386537719616,-0.0009208384857374589,-
BTCUSDT,rsi50-70 & >upper_bb & pop>3%,3,33,0.0022389686134223342,0.47241128179346736,22,0.00710227370782145,11,-0.007487641575375898,0.0004526386537719616,-0.0009208384857374589,-
BTCUSDT,rsi50-70 & >upper_bb & vol>1.5x,3,30,-0.0026033838679917565,-0.37888367469384815,20,0.0006010139274283312,10,-0.009012179458831936,0.0004526386537719616,-0.0009208384857374589,-
BTCUSDT,rsi50-70 & >upper_bb & 20d_high,3,76,-0.0017944853613848229,-0.4881235858237834,45,0.001256781531286017,31,-0.006223743753971522,0.0004526386537719616,-0.0009208384857374589,-
BTCUSDT,rsi50-70 & >upper_bb & 20d_low,3,0,,,0,,0,,0.0004526386537719616,-0.0009208384857374589,-
BTCUSDT,rsi50-70 & >upper_bb & adx>25,3,29,-0.0031814475816815116,-0.4725111353238385,20,-0.0006658614612137514,9,-0.008771638960498753,0.0004526386537719616,-0.0009208384857374589,-
BTCUSDT,rsi50-70 & >upper_bb & btc>ema50,3,76,-0.0013351125621557983,-0.370161055757861,48,0.0027262577761955377,28,-0.00829746171361523,0.0004526386537719616,-0.0009208384857374589,-
BTCUSDT,rsi50-70 & >upper_bb & funding<0,3,10,0.0030717233555933934,0.4483294793396645,5,0.009410036554739777,5,-0.0032665898435529903,0.0004526386537719616,-0.0009208384857374589,-
BTCUSDT,rsi50-70 & stoch<20 & dip>3%,3,2,0.008670816918389009,0.3232023499813902,2,0.008670816918389009,0,,0.0004526386537719616,-0.0009208384857374589,-
BTCUSDT,rsi50-70 & stoch<20 & pop>3%,3,0,,,0,,0,,0.0004526386537719616,-0.0009208384857374589,-
BTCUSDT,rsi50-70 & stoch<20 & vol>1.5x,3,1,,,1,,0,,0.0004526386537719616,-0.0009208384857374589,-
BTCUSDT,rsi50-70 & stoch<20 & 20d_high,3,0,,,0,,0,,0.0004526386537719616,-0.0009208384857374589,-
BTCUSDT,rsi50-70 & stoch<20 & 20d_low,3,1,,,0,,1,,0.0004526386537719616,-0.0009208384857374589,-
BTCUSDT,rsi50-70 & stoch<20 & adx>25,3,9,0.005856104464592959,1.1520273869403923,3,0.010418466853561513,6,0.0035749232701086813,0.0004526386537719616,-0.0009208384857374589,-
BTCUSDT,rsi50-70 & stoch<20 & btc>ema50,3,11,-0.0017423186006162445,-0.2650047090355769,4,-0.0022376684627700358,7,-0.0014592615365283637,0.0004526386537719616,-0.0009208384857374589,-
BTCUSDT,rsi50-70 & stoch<20 & funding<0,3,0,,,0,,0,,0.0004526386537719616,-0.0009208384857374589,-
BTCUSDT,rsi50-70 & dip>3% & pop>3%,3,0,,,0,,0,,0.0004526386537719616,-0.0009208384857374589,-
BTCUSDT,rsi50-70 & dip>3% & vol>1.5x,3,17,0.0012543708802238475,0.1440144411165801,13,0.0038070393335862696,4,-0.007041801593204021,0.0004526386537719616,-0.0009208384857374589,-
BTCUSDT,rsi50-70 & dip>3% & 20d_high,3,0,,,0,,0,,0.0004526386537719616,-0.0009208384857374589,-
BTCUSDT,rsi50-70 & dip>3% & 20d_low,3,0,,,0,,0,,0.0004526386537719616,-0.0009208384857374589,-
BTCUSDT,rsi50-70 & dip>3% & adx>25,3,43,0.006199914870591099,1.162320192679922,38,0.008815207004929111,5,-0.013676305350377782,0.0004526386537719616,-0.0009208384857374589,-
BTCUSDT,rsi50-70 & dip>3% & btc>ema50,3,54,0.005817114831712156,1.2346153719558837,45,0.0074498021549798,9,-0.002346321784626061,0.0004526386537719616,-0.0009208384857374589,-
BTCUSDT,rsi50-70 & dip>3% & funding<0,3,2,0.015602244554608548,0.4424186175461519,0,,2,0.015602244554608548,0.0004526386537719616,-0.0009208384857374589,-
BTCUSDT,rsi50-70 & pop>3% & vol>1.5x,3,32,-0.0018289444289261662,-0.3507892596215902,20,0.003295571044552262,12,-0.01036980355139022,0.0004526386537719616,-0.0009208384857374589,-
BTCUSDT,rsi50-70 & pop>3% & 20d_high,3,58,0.00013188216314516686,0.04066386666867785,39,0.003283067853671032,19,-0.006336341096355297,0.0004526386537719616,-0.0009208384857374589,-
BTCUSDT,rsi50-70 & pop>3% & 20d_low,3,0,,,0,,0,,0.0004526386537719616,-0.0009208384857374589,-
BTCUSDT,rsi50-70 & pop>3% & adx>25,3,63,-0.000614346213757543,-0.17530010297351065,52,0.0008596715084553713,11,-0.007582429991491322,0.0004526386537719616,-0.0009208384857374589,-
BTCUSDT,rsi50-70 & pop>3% & btc>ema50,3,108,-0.0002555604204498123,-0.1047009056276686,77,0.0014506183113273663,31,-0.004493488238089902,0.0004526386537719616,-0.0009208384857374589,-
BTCUSDT,rsi50-70 & pop>3% & funding<0,3,15,-0.0021259368517574746,-0.23901365093592056,8,0.010884854920020622,7,-0.01699541316236101,0.0004526386537719616,-0.0009208384857374589,-
BTCUSDT,rsi50-70 & vol>1.5x & 20d_high,3,38,0.0005429334497118301,0.09199040796306743,22,0.002453833005554828,16,-0.002084553439572291,0.0004526386537719616,-0.0009208384857374589,-
BTCUSDT,rsi50-70 & vol>1.5x & 20d_low,3,0,,,0,,0,,0.0004526386537719616,-0.0009208384857374589,-
BTCUSDT,rsi50-70 & vol>1.5x & adx>25,3,47,-3.571069954680136e-05,-0.00717717496985316,31,0.000543760511490795,16,-0.001158436170932143,0.0004526386537719616,-0.0009208384857374589,-
BTCUSDT,rsi50-70 & vol>1.5x & btc>ema50,3,92,0.00014852391196555157,0.04539474971268295,53,0.0008824405478010432,39,-0.000848849977759601,0.0004526386537719616,-0.0009208384857374589,-
BTCUSDT,rsi50-70 & vol>1.5x & funding<0,3,11,-0.008706340212071563,-0.7747523159966992,9,0.0010620971786227465,2,-0.05266430847019596,0.0004526386537719616,-0.0009208384857374589,-
BTCUSDT,rsi50-70 & 20d_high & 20d_low,3,0,,,0,,0,,0.0004526386537719616,-0.0009208384857374589,-
BTCUSDT,rsi50-70 & 20d_high & adx>25,3,66,0.0011893445939123628,0.2972117803960045,40,0.0023903420070900136,26,-0.0006583437340532504,0.0004526386537719616,-0.0009208384857374589,-
BTCUSDT,rsi50-70 & 20d_high & btc>ema50,3,166,0.001135580259695283,0.5223676504137312,84,0.003621696697423401,82,-0.0014111731643188861,0.0004526386537719616,-0.0009208384857374589,-
BTCUSDT,rsi50-70 & 20d_high & funding<0,3,22,0.0022364462968560966,0.450834100803093,6,0.02012183642928446,16,-0.004470575002804539,0.0004526386537719616,-0.0009208384857374589,-
BTCUSDT,rsi50-70 & 20d_low & adx>25,3,1,,,0,,1,,0.0004526386537719616,-0.0009208384857374589,-
BTCUSDT,rsi50-70 & 20d_low & btc>ema50,3,1,,,0,,1,,0.0004526386537719616,-0.0009208384857374589,-
BTCUSDT,rsi50-70 & 20d_low & funding<0,3,0,,,0,,0,,0.0004526386537719616,-0.0009208384857374589,-
BTCUSDT,rsi50-70 & adx>25 & btc>ema50,3,421,0.001294800069278199,0.910955228332813,301,0.002077365403627121,120,-0.0006681346443803468,0.0004526386537719616,-0.0009208384857374589,-
BTCUSDT,rsi50-70 & adx>25 & funding<0,3,35,-0.0008092317820708574,-0.19271034177649338,13,0.006717159513305381,22,-0.005256644820247728,0.0004526386537719616,-0.0009208384857374589,-
BTCUSDT,rsi50-70 & btc>ema50 & funding<0,3,65,0.0018609106302506617,0.7243081311335337,24,0.004823592973087809,41,0.00012665755151672207,0.0004526386537719616,-0.0009208384857374589,-
BTCUSDT,>ema20 & >ema50 & ema20>ema50,3,899,0.0011985319737081365,1.2172576412180658,588,0.0021386541333892855,311,-0.0005789337172645826,0.0004526386537719616,-0.0009208384857374589,-
BTCUSDT,>ema20 & >ema50 & >sma200,3,862,0.0012768838396740943,1.2761564684247275,564,0.002186987636046565,298,-0.0004455944863462856,0.0004526386537719616,-0.0009208384857374589,-
BTCUSDT,>ema20 & >ema50 & macd>signal,3,705,0.0012956013816407847,1.1588514402806327,445,0.00244691647099963,260,-0.0006749186751464701,0.0004526386537719616,-0.0009208384857374589,-
BTCUSDT,>ema20 & >ema50 & macd_hist_up,3,557,0.002268072002764475,1.8272421965718804,361,0.0030843939621841804,196,0.0007645402305679796,0.0004526386537719616,-0.0009208384857374589,-
BTCUSDT,>ema20 & >ema50 & <lower_bb,3,0,,,0,,0,,0.0004526386537719616,-0.0009208384857374589,-
BTCUSDT,>ema20 & >ema50 & >upper_bb,3,163,0.0022184095712146925,0.8793305881009748,113,0.0034065686841927745,50,-0.00046683002411577383,0.0004526386537719616,-0.0009208384857374589,-
BTCUSDT,>ema20 & >ema50 & stoch<20,3,3,0.0020609369587706477,0.3320664442895157,1,,2,-0.0038654779237972878,0.0004526386537719616,-0.0009208384857374589,-
BTCUSDT,>ema20 & >ema50 & dip>3%,3,47,0.005070225662436144,0.9102806073186881,37,0.00591017020934709,10,0.001962430838865649,0.0004526386537719616,-0.0009208384857374589,-
BTCUSDT,>ema20 & >ema50 & pop>3%,3,183,0.0010377384382352806,0.4778034322238719,140,0.0008995376130805421,43,0.0014876946131576819,0.0004526386537719616,-0.0009208384857374589,-
BTCUSDT,>ema20 & >ema50 & vol>1.5x,3,165,0.0037545495448310104,1.4827498227176137,109,0.004216192193671517,56,0.0028559951033378848,0.0004526386537719616,-0.0009208384857374589,-
BTCUSDT,>ema20 & >ema50 & 20d_high,3,321,0.002515025925047601,1.4554865367603569,204,0.003966242914184985,117,-1.5301132935526815e-05,0.0004526386537719616,-0.0009208384857374589,-
BTCUSDT,>ema20 & >ema50 & 20d_low,3,0,,,0,,0,,0.0004526386537719616,-0.0009208384857374589,-
BTCUSDT,>ema20 & >ema50 & adx>25,3,623,0.0015274264022699915,1.2798181711431447,470,0.002226282017028654,153,-0.0006193849633285152,0.0004526386537719616,-0.0009208384857374589,-
BTCUSDT,>ema20 & >ema50 & btc>ema50,3,1044,0.001027971668755609,1.1408283331670608,670,0.0017817608094367178,374,-0.0003223992517158965,0.0004526386537719616,-0.0009208384857374589,-
BTCUSDT,>ema20 & >ema50 & funding<0,3,71,0.003257006342467116,1.1796214452716758,31,0.007589636552776775,40,-0.00010078207052286893,0.0004526386537719616,-0.0009208384857374589,-
BTCUSDT,>ema20 & ema20>ema50 & >sma200,3,817,0.00127845402098958,1.2278005677455088,547,0.002217163506933541,270,-0.0006233018634968892,0.0004526386537719616,-0.0009208384857374589,-
BTCUSDT,>ema20 & ema20>ema50 & macd>signal,3,565,0.0016262583483231936,1.26728763013552,365,0.0030607948265209384,200,-0.0009917707243876884,0.0004526386537719616,-0.0009208384857374589,-
BTCUSDT,>ema20 & ema20>ema50 & macd_hist_up,3,434,0.002359451972099295,1.609014952964121,293,0.0033545843479291346,141,0.00029155277977204467,0.0004526386537719616,-0.0009208384857374589,-
BTCUSDT,>ema20 & ema20>ema50 & <lower_bb,3,0,,,0,,0,,0.0004526386537719616,-0.0009208384857374589,-
BTCUSDT,>ema20 & ema20>ema50 & >upper_bb,3,120,0.0017118823955466513,0.5600265737437148,87,0.0024899187609230666,33,-0.00033930438590025583,0.0004526386537719616,-0.0009208384857374589,-
BTCUSDT,>ema20 & ema20>ema50 & stoch<20,3,3,0.0020609369587706477,0.3320664442895157,1,,2,-0.0038654779237972878,0.0004526386537719616,-0.0009208384857374589,-
BTCUSDT,>ema20 & ema20>ema50 & dip>3%,3,45,0.0059375048952358305,1.0994292790075555,36,0.008289762558155183,9,-0.0034715257564415783,0.0004526386537719616,-0.0009208384857374589,-
BTCUSDT,>ema20 & ema20>ema50 & pop>3%,3,149,0.00022015311034093228,0.0898511275284689,117,0.00022472830393402212,32,0.00020342505876619972,0.0004526386537719616,-0.0009208384857374589,-
BTCUSDT,>ema20 & ema20>ema50 & vol>1.5x,3,139,0.0035968470324772082,1.3179651811817534,91,0.004043500084589628,48,0.002750067287847414,0.0004526386537719616,-0.0009208384857374589,-
BTCUSDT,>ema20 & ema20>ema50 & 20d_high,3,255,0.0020354091424563793,1.0148414395736525,169,0.0035154154255585,86,-0.0008729752975931361,0.0004526386537719616,-0.0009208384857374589,-
BTCUSDT,>ema20 & ema20>ema50 & 20d_low,3,0,,,0,,0,,0.0004526386537719616,-0.0009208384857374589,-
BTCUSDT,>ema20 & ema20>ema50 & adx>25,3,588,0.0018395752088924855,1.4851591179164205,453,0.002454209709564032,135,-0.00022286500447203517,0.0004526386537719616,-0.0009208384857374589,-
BTCUSDT,>ema20 & ema20>ema50 & btc>ema50,3,899,0.0011985319737081365,1.2172576412180658,588,0.0021386541333892855,311,-0.0005789337172645826,0.0004526386537719616,-0.0009208384857374589,-
BTCUSDT,>ema20 & ema20>ema50 & funding<0,3,43,0.0053729706063785744,1.63529161332673,15,0.012612722954016367,28,0.0014945318487154713,0.0004526386537719616,-0.0009208384857374589,-
BTCUSDT,>ema20 & >sma200 & macd>signal,3,566,0.001436913465017396,1.1376206033068537,358,0.002760208616943402,208,-0.0008406810753167861,0.0004526386537719616,-0.0009208384857374589,-
BTCUSDT,>ema20 & >sma200 & macd_hist_up,3,468,0.0017783741413599995,1.2759235920739462,308,0.0028323800948380396,160,-0.00025058731908522545,0.0004526386537719616,-0.0009208384857374589,-
BTCUSDT,>ema20 & >sma200 & <lower_bb,3,0,,,0,,0,,0.0004526386537719616,-0.0009208384857374589,-
BTCUSDT,>ema20 & >sma200 & >upper_bb,3,128,0.0023843600874631343,0.8135259349812209,88,0.0029737070075826376,40,0.0010877968632002299,0.0004526386537719616,-0.0009208384857374589,-
BTCUSDT,>ema20 & >sma200 & stoch<20,3,3,0.0020609369587706477,0.3320664442895157,1,,2,-0.0038654779237972878,0.0004526386537719616,-0.0009208384857374589,-
BTCUSDT,>ema20 & >sma200 & dip>3%,3,42,0.007439607955217335,1.3200511823358136,34,0.008889467460578008,8,0.0012777050574344848,0.0004526386537719616,-0.0009208384857374589,-
BTCUSDT,>ema20 & >sma200 & pop>3%,3,159,-0.0008491051812593537,-0.35211569479108557,120,-0.0005105232769692276,39,-0.0018908956559982022,0.0004526386537719616,-0.0009208384857374589,-
BTCUSDT,>ema20 & >sma200 & vol>1.5x,3,142,0.002897347621843562,1.037521529592402,92,0.0034710316227836496,50,0.001841769060113803,0.0004526386537719616,-0.0009208384857374589,-
BTCUSDT,>ema20 & >sma200 & 20d_high,3,253,0.002211532132571041,1.0923332231510028,164,0.003573829053576185,89,-0.00029876781175304333,0.0004526386537719616,-0.0009208384857374589,-
BTCUSDT,>ema20 & >sma200 & 20d_low,3,0,,,0,,0,,0.0004526386537719616,-0.0009208384857374589,-
BTCUSDT,>ema20 & >sma200 & adx>25,3,585,0.0014384880588633282,1.1594919323040869,448,0.0018849971294116162,137,-2.162919373253518e-05,0.0004526386537719616,-0.0009208384857374589,-
BTCUSDT,>ema20 & >sma200 & btc>ema50,3,862,0.0012768838396740943,1.2761564684247275,564,0.002186987636046565,298,-0.0004455944863462856,0.0004526386537719616,-0.0009208384857374589,-
BTCUSDT,>ema20 & >sma200 & funding<0,3,36,-0.0009735092716066852,-0.2037918244756083,20,0.0040698089111342785,16,-0.007277657000032891,0.0004526386537719616,-0.0009208384857374589,-
BTCUSDT,>ema20 & macd>signal & macd_hist_up,3,484,0.0018080190630146518,1.3780095712355023,303,0.002916361266627807,181,-4.738252645930108e-05,0.0004526386537719616,-0.0009208384857374589,-
BTCUSDT,>ema20 & macd>signal & <lower_bb,3,0,,,0,,0,,0.0004526386537719616,-0.0009208384857374589,-
BTCUSDT,>ema20 & macd>signal & >upper_bb,3,164,0.002854826969952488,1.1421800603419061,111,0.004436426145717214,53,-0.00045757885098872604,0.0004526386537719616,-0.0009208384857374589,-
BTCUSDT,>ema20 & macd>signal & stoch<20,3,0,,,0,,0,,0.0004526386537719616,-0.0009208384857374589,-
BTCUSDT,>ema20 & macd>signal & dip>3%,3,29,-0.0013528503222729163,-0.17233003156265697,21,-0.002727415329829686,8,0.002255382822563594,0.0004526386537719616,-0.0009208384857374589,-
BTCUSDT,>ema20 & macd>signal & pop>3%,3,155,0.0014613296627072863,0.6220069769708544,116,0.001871870911162964,39,0.00024023261601860323,0.0004526386537719616,-0.0009208384857374589,-
BTCUSDT,>ema20 & macd>signal & vol>1.5x,3,159,0.003777012928096255,1.4560240471343155,106,0.00403284397549596,53,0.003265350833296844,0.0004526386537719616,-0.0009208384857374589,-
BTCUSDT,>ema20 & macd>signal & 20d_high,3,311,0.0027973806555045776,1.6005592981758194,197,0.004412260559052527,114,6.754857268211846e-06,0.0004526386537719616,-0.0009208384857374589,-
BTCUSDT,>ema20 & macd>signal & 20d_low,3,0,,,0,,0,,0.0004526386537719616,-0.0009208384857374589,-
BTCUSDT,>ema20 & macd>signal & adx>25,3,462,0.0011880811448350826,0.8492827153698479,334,0.0021502407972943107,128,-0.0013225541983007153,0.0004526386537719616,-0.0009208384857374589,-
BTCUSDT,>ema20 & macd>signal & btc>ema50,3,705,0.0012956013816407847,1.1588514402806327,445,0.00244691647099963,260,-0.0006749186751464701,0.0004526386537719616,-0.0009208384857374589,-
BTCUSDT,>ema20 & macd>signal & funding<0,3,87,0.0023811093049587724,0.9284070897624436,40,0.003428945478937309,47,0.0014893338377430002,0.0004526386537719616,-0.0009208384857374589,-
BTCUSDT,>ema20 & macd_hist_up & <lower_bb,3,0,,,0,,0,,0.0004526386537719616,-0.0009208384857374589,-
BTCUSDT,>ema20 & macd_hist_up & >upper_bb,3,172,0.001969235254105924,0.806145859961505,118,0.002961617721960676,54,-0.00019930421268778977,0.0004526386537719616,-0.0009208384857374589,-
BTCUSDT,>ema20 & macd_hist_up & stoch<20,3,0,,,0,,0,,0.0004526386537719616,-0.0009208384857374589,-
BTCUSDT,>ema20 & macd_hist_up & dip>3%,3,2,0.024913233228990618,1.3527395187244957,2,0.024913233228990618,0,,0.0004526386537719616,-0.0009208384857374589,-
BTCUSDT,>ema20 & macd_hist_up & pop>3%,3,197,0.00015225540405552668,0.07189974656332676,146,0.001097696797131897,51,-0.0025543023094572186,0.0004526386537719616,-0.0009208384857374589,-
BTCUSDT,>ema20 & macd_hist_up & vol>1.5x,3,133,0.003118800920683945,1.0772850494996364,92,0.004844363671995014,41,-0.0007531935456725987,0.0004526386537719616,-0.0009208384857374589,-
BTCUSDT,>ema20 & macd_hist_up & 20d_high,3,293,0.0022704422205552005,1.268835708556554,187,0.0035602933991469086,106,-5.049952998095558e-06,0.0004526386537719616,-0.0009208384857374589,-
BTCUSDT,>ema20 & macd_hist_up & 20d_low,3,0,,,0,,0,,0.0004526386537719616,-0.0009208384857374589,-
BTCUSDT,>ema20 & macd_hist_up & adx>25,3,326,-0.0008439702304610607,-0.5003301149386854,242,-2.0047659070500045e-05,84,-0.0032176519242291045,0.0004526386537719616,-0.0009208384857374589,-
BTCUSDT,>ema20 & macd_hist_up & btc>ema50,3,557,0.002268072002764475,1.8272421965718804,361,0.0030843939621841804,196,0.0007645402305679796,0.0004526386537719616,-0.0009208384857374589,-
BTCUSDT,>ema20 & macd_hist_up & funding<0,3,61,0.0022496839385560572,0.6372645031890513,32,0.00714991585305336,29,-0.0031574685188202755,0.0004526386537719616,-0.0009208384857374589,-
BTCUSDT,>ema20 & <lower_bb & >upper_bb,3,0,,,0,,0,,0.0004526386537719616,-0.0009208384857374589,-
BTCUSDT,>ema20 & <lower_bb & stoch<20,3,0,,,0,,0,,0.0004526386537719616,-0.0009208384857374589,-
BTCUSDT,>ema20 & <lower_bb & dip>3%,3,0,,,0,,0,,0.0004526386537719616,-0.0009208384857374589,-
BTCUSDT,>ema20 & <lower_bb & pop>3%,3,0,,,0,,0,,0.0004526386537719616,-0.0009208384857374589,-
BTCUSDT,>ema20 & <lower_bb & vol>1.5x,3,0,,,0,,0,,0.0004526386537719616,-0.0009208384857374589,-
BTCUSDT,>ema20 & <lower_bb & 20d_high,3,0,,,0,,0,,0.0004526386537719616,-0.0009208384857374589,-
BTCUSDT,>ema20 & <lower_bb & 20d_low,3,0,,,0,,0,,0.0004526386537719616,-0.0009208384857374589,-
BTCUSDT,>ema20 & <lower_bb & adx>25,3,0,,,0,,0,,0.0004526386537719616,-0.0009208384857374589,-
BTCUSDT,>ema20 & <lower_bb & btc>ema50,3,0,,,0,,0,,0.0004526386537719616,-0.0009208384857374589,-
BTCUSDT,>ema20 & <lower_bb & funding<0,3,0,,,0,,0,,0.0004526386537719616,-0.0009208384857374589,-
BTCUSDT,>ema20 & >upper_bb & stoch<20,3,0,,,0,,0,,0.0004526386537719616,-0.0009208384857374589,-
BTCUSDT,>ema20 & >upper_bb & dip>3%,3,0,,,0,,0,,0.0004526386537719616,-0.0009208384857374589,-
BTCUSDT,>ema20 & >upper_bb & pop>3%,3,77,0.004284872050376918,1.1186285327897791,57,0.0037321532608444547,20,0.005860120600544439,0.0004526386537719616,-0.0009208384857374589,-
BTCUSDT,>ema20 & >upper_bb & vol>1.5x,3,82,0.0025807187246509465,0.6510091722218494,58,0.00254339628783232,24,0.002670914613629293,0.0004526386537719616,-0.0009208384857374589,-
BTCUSDT,>ema20 & >upper_bb & 20d_high,3,149,0.00168223371556879,0.6131328993850433,101,0.003078383694201852,48,-0.001255498531138271,0.0004526386537719616,-0.0009208384857374589,-
BTCUSDT,>ema20 & >upper_bb & 20d_low,3,0,,,0,,0,,0.0004526386537719616,-0.0009208384857374589,-
BTCUSDT,>ema20 & >upper_bb & adx>25,3,96,0.0015236621549399657,0.4307879403388497,77,0.0017291970601178799,19,0.0006907049076400019,0.0004526386537719616,-0.0009208384857374589,-
BTCUSDT,>ema20 & >upper_bb & btc>ema50,3,163,0.0022184095712146925,0.8793305881009748,113,0.0034065686841927745,50,-0.00046683002411577383,0.0004526386537719616,-0.0009208384857374589,-
BTCUSDT,>ema20 & >upper_bb & funding<0,3,11,0.0034149187161627388,0.5501812184343838,6,0.008982842515925847,5,-0.0032665898435529903,0.0004526386537719616,-0.0009208384857374589,-
BTCUSDT,>ema20 & stoch<20 & dip>3%,3,0,,,0,,0,,0.0004526386537719616,-0.0009208384857374589,-
BTCUSDT,>ema20 & stoch<20 & pop>3%,3,0,,,0,,0,,0.0004526386537719616,-0.0009208384857374589,-
BTCUSDT,>ema20 & stoch<20 & vol>1.5x,3,1,,,1,,0,,0.0004526386537719616,-0.0009208384857374589,-
BTCUSDT,>ema20 & stoch<20 & 20d_high,3,0,,,0,,0,,0.0004526386537719616,-0.0009208384857374589,-
BTCUSDT,>ema20 & stoch<20 & 20d_low,3,0,,,0,,0,,0.0004526386537719616,-0.0009208384857374589,-
BTCUSDT,>ema20 & stoch<20 & adx>25,3,3,0.0020609369587706477,0.3320664442895157,1,,2,-0.0038654779237972878,0.0004526386537719616,-0.0009208384857374589,-
BTCUSDT,>ema20 & stoch<20 & btc>ema50,3,3,0.0020609369587706477,0.3320664442895157,1,,2,-0.0038654779237972878,0.0004526386537719616,-0.0009208384857374589,-
BTCUSDT,>ema20 & stoch<20 & funding<0,3,0,,,0,,0,,0.0004526386537719616,-0.0009208384857374589,-
BTCUSDT,>ema20 & dip>3% & pop>3%,3,0,,,0,,0,,0.0004526386537719616,-0.0009208384857374589,-
BTCUSDT,>ema20 & dip>3% & vol>1.5x,3,17,0.0029735534955324075,0.32306057332743615,13,0.006055201215143618,4,-0.007041801593204021,0.0004526386537719616,-0.0009208384857374589,-
BTCUSDT,>ema20 & dip>3% & 20d_high,3,0,,,0,,0,,0.0004526386537719616,-0.0009208384857374589,-
BTCUSDT,>ema20 & dip>3% & 20d_low,3,0,,,0,,0,,0.0004526386537719616,-0.0009208384857374589,-
BTCUSDT,>ema20 & dip>3% & adx>25,3,40,0.0055820330994342015,0.9339847807290069,34,0.007380048419969587,6,-0.004606720383599644,0.0004526386537719616,-0.0009208384857374589,-
BTCUSDT,>ema20 & dip>3% & btc>ema50,3,47,0.005070225662436144,0.9102806073186881,37,0.00591017020934709,10,0.001962430838865649,0.0004526386537719616,-0.0009208384857374589,-
BTCUSDT,>ema20 & dip>3% & funding<0,3,2,0.015602244554608548,0.4424186175461519,0,,2,0.015602244554608548,0.0004526386537719616,-0.0009208384857374589,-
BTCUSDT,>ema20 & pop>3% & vol>1.5x,3,72,0.005410949512306017,1.3720855338032498,51,0.005862187899355098,21,0.004315084858043964,0.0004526386537719616,-0.0009208384857374589,-
BTCUSDT,>ema20 & pop>3% & 20d_high,3,133,0.0016766964754080964,0.6312189368894343,101,0.0017505467726062307,32,0.0014436064748764845,0.0004526386537719616,-0.0009208384857374589,-
BTCUSDT,>ema20 & pop>3% & 20d_low,3,0,,,0,,0,,0.0004526386537719616,-0.0009208384857374589,-
BTCUSDT,>ema20 & pop>3% & adx>25,3,135,-0.001208066041074958,-0.4455669375708517,114,-0.0006869224765584461,21,-0.004037131105593171,0.0004526386537719616,-0.0009208384857374589,-
BTCUSDT,>ema20 & pop>3% & btc>ema50,3,183,0.0010377384382352806,0.4778034322238719,140,0.0008995376130805421,43,0.0014876946131576819,0.0004526386537719616,-0.0009208384857374589,-
BTCUSDT,>ema20 & pop>3% & funding<0,3,18,-0.0014563355367715554,-0.1964441309740909,10,0.010129231192633958,8,-0.01593829394852845,0.0004526386537719616,-0.0009208384857374589,-
BTCUSDT,>ema20 & vol>1.5x & 20d_high,3,102,0.004003393010699074,1.1493534556198075,68,0.005251679524538216,34,0.001506819983020789,0.0004526386537719616,-0.0009208384857374589,-
BTCUSDT,>ema20 & vol>1.5x & 20d_low,3,0,,,0,,0,,0.0004526386537719616,-0.0009208384857374589,-
BTCUSDT,>ema20 & vol>1.5x & adx>25,3,110,0.0029769586622004655,0.9202637280959968,82,0.0038044566915275933,28,0.0005535715763138709,0.0004526386537719616,-0.0009208384857374589,-
BTCUSDT,>ema20 & vol>1.5x & btc>ema50,3,165,0.0037545495448310104,1.4827498227176137,109,0.004216192193671517,56,0.0028559951033378848,0.0004526386537719616,-0.0009208384857374589,-
BTCUSDT,>ema20 & vol>1.5x & funding<0,3,14,0.001428268932969627,0.12134200080567946,12,0.01044369850016389,2,-0.05266430847019596,0.0004526386537719616,-0.0009208384857374589,-
BTCUSDT,>ema20 & 20d_high & 20d_low,3,0,,,0,,0,,0.0004526386537719616,-0.0009208384857374589,-
BTCUSDT,>ema20 & 20d_high & adx>25,3,202,0.002501225726843116,1.0536246782304464,153,0.0031853867265260283,49,0.0003649679115066766,0.0004526386537719616,-0.0009208384857374589,-
BTCUSDT,>ema20 & 20d_high & btc>ema50,3,321,0.002515025925047601,1.4554865367603569,204,0.003966242914184985,117,-1.5301132935526815e-05,0.0004526386537719616,-0.0009208384857374589,-
BTCUSDT,>ema20 & 20d_high & funding<0,3,27,0.005565191078592423,1.009803245782229,10,0.023362558933359114,17,-0.004903848835976219,0.0004526386537719616,-0.0009208384857374589,-
BTCUSDT,>ema20 & 20d_low & adx>25,3,0,,,0,,0,,0.0004526386537719616,-0.0009208384857374589,-
BTCUSDT,>ema20 & 20d_low & btc>ema50,3,0,,,0,,0,,0.0004526386537719616,-0.0009208384857374589,-
BTCUSDT,>ema20 & 20d_low & funding<0,3,0,,,0,,0,,0.0004526386537719616,-0.0009208384857374589,-
BTCUSDT,>ema20 & adx>25 & btc>ema50,3,623,0.0015274264022699915,1.2798181711431447,470,0.002226282017028654,153,-0.0006193849633285152,0.0004526386537719616,-0.0009208384857374589,-
BTCUSDT,>ema20 & adx>25 & funding<0,3,46,0.0010569691602973692,0.2588218680421202,23,0.007438714806003092,23,-0.0053247764854083566,0.0004526386537719616,-0.0009208384857374589,-
BTCUSDT,>ema20 & btc>ema50 & funding<0,3,71,0.003257006342467116,1.1796214452716758,31,0.007589636552776775,40,-0.00010078207052286893,0.0004526386537719616,-0.0009208384857374589,-
BTCUSDT,>ema50 & ema20>ema50 & >sma200,3,968,0.0011924664942284358,1.2406743481625462,637,0.002135541731065223,331,-0.000622454731949911,0.0004526386537719616,-0.0009208384857374589,-
BTCUSDT,>ema50 & ema20>ema50 & macd>signal,3,575,0.0015487650437419236,1.2254236151061466,370,0.0030034925407257467,205,-0.0010768406825215613,0.0004526386537719616,-0.0009208384857374589,-
BTCUSDT,>ema50 & ema20>ema50 & macd_hist_up,3,487,0.0019271924453131766,1.3950139723257613,321,0.0027156700482130008,166,0.0004024857553683391,0.0004526386537719616,-0.0009208384857374589,-
BTCUSDT,>ema50 & ema20>ema50 & <lower_bb,3,6,0.001104269658155364,0.1538035260559991,3,0.0035497160927498647,3,-0.001341176776439137,0.0004526386537719616,-0.0009208384857374589,-
BTCUSDT,>ema50 & ema20>ema50 & >upper_bb,3,120,0.0017118823955466513,0.5600265737437148,87,0.0024899187609230666,33,-0.00033930438590025583,0.0004526386537719616,-0.0009208384857374589,-
BTCUSDT,>ema50 & ema20>ema50 & stoch<20,3,56,0.004873813108419304,1.1588378254833869,34,0.008332486852919211,22,-0.00047140995126236586,0.0004526386537719616,-0.0009208384857374589,-
BTCUSDT,>ema50 & ema20>ema50 & dip>3%,3,78,0.0066963042330473455,1.5909331911232387,62,0.009517997856941941,16,-0.004237758559544204,0.0004526386537719616,-0.0009208384857374589,-
BTCUSDT,>ema50 & ema20>ema50 & pop>3%,3,154,-0.0006332015311794497,-0.2569071918696284,121,-0.0005565249748957391,33,-0.0009143489042197198,0.0004526386537719616,-0.0009208384857374589,-
BTCUSDT,>ema50 & ema20>ema50 & vol>1.5x,3,157,0.0034343184572590444,1.3468727592639096,98,0.005100401841422808,59,0.0006669257174616052,0.0004526386537719616,-0.0009208384857374589,-
BTCUSDT,>ema50 & ema20>ema50 & 20d_high,3,255,0.0020354091424563793,1.0148414395736525,169,0.0035154154255585,86,-0.0008729752975931361,0.0004526386537719616,-0.0009208384857374589,-
BTCUSDT,>ema50 & ema20>ema50 & 20d_low,3,21,0.012725077274699298,2.157804712402254,11,0.019445051981210156,10,0.00533310509753734,0.0004526386537719616,-0.0009208384857374589,-
BTCUSDT,>ema50 & ema20>ema50 & adx>25,3,666,0.002277950612765246,1.9361337222034423,511,0.002956339082277177,155,4.145701327752794e-05,0.0004526386537719616,-0.0009208384857374589,-
BTCUSDT,>ema50 & ema20>ema50 & btc>ema50,3,1066,0.0010220081628015212,1.1302171282735531,681,0.002053163807316905,385,-0.0008019320811334823,0.0004526386537719616,-0.0009208384857374589,-
BTCUSDT,>ema50 & ema20>ema50 & funding<0,3,46,0.005402637976785821,1.7336770930263925,16,0.013080402681358577,30,0.0013078301343470151,0.0004526386537719616,-0.0009208384857374589,-
BTCUSDT,>ema50 & >sma200 & macd>signal,3,553,0.0017684526113446615,1.3846750604175388,350,0.003218017521579175,203,-0.0007307972338872576,0.0004526386537719616,-0.0009208384857374589,-
BTCUSDT,>ema50 & >sma200 & macd_hist_up,3,492,0.0019885758849486844,1.4518753555288728,325,0.00253738436518463,167,0.0009205354293996885,0.0004526386537719616,-0.0009208384857374589,-
BTCUSDT,>ema50 & >sma200 & <lower_bb,3,6,0.001104269658155364,0.1538035260559991,3,0.0035497160927498647,3,-0.001341176776439137,0.0004526386537719616,-0.0009208384857374589,-
BTCUSDT,>ema50 & >sma200 & >upper_bb,3,128,0.0023843600874631343,0.8135259349812209,88,0.0029737070075826376,40,0.0010877968632002299,0.0004526386537719616,-0.0009208384857374589,-
BTCUSDT,>ema50 & >sma200 & stoch<20,3,50,0.006200431736144714,1.3355229789504877,32,0.009611648366503852,18,0.00013604661550624937,0.0004526386537719616,-0.0009208384857374589,-
BTCUSDT,>ema50 & >sma200 & dip>3%,3,74,0.007608016863841192,1.7399557663752372,59,0.009988678179822127,15,-0.0017559176456838118,0.0004526386537719616,-0.0009208384857374589,-
BTCUSDT,>ema50 & >sma200 & pop>3%,3,158,-0.000569514980736911,-0.23393965304138367,120,-0.00081273671530093,38,0.000198553654728413,0.0004526386537719616,-0.0009208384857374589,-
BTCUSDT,>ema50 & >sma200 & vol>1.5x,3,157,0.0037421490955939236,1.4521316049820987,97,0.005171419969968741,60,0.001431494515354636,0.0004526386537719616,-0.0009208384857374589,-
BTCUSDT,>ema50 & >sma200 & 20d_high,3,252,0.002226929645921787,1.0956139317039035,163,0.0036059914479650993,89,-0.00029876781175304333,0.0004526386537719616,-0.0009208384857374589,-
BTCUSDT,>ema50 & >sma200 & 20d_low,3,21,0.012725077274699298,2.157804712402254,11,0.019445051981210156,10,0.00533310509753734,0.0004526386537719616,-0.0009208384857374589,-
BTCUSDT,>ema50 & >sma200 & adx>25,3,642,0.0022138064666870684,1.8478443450124336,497,0.0026318039577586287,145,0.0007810840317728243,0.0004526386537719616,-0.0009208384857374589,-
BTCUSDT,>ema50 & >sma200 & btc>ema50,3,1013,0.0011949501491250825,1.2861387245079028,654,0.00211164016991768,359,-0.0004750088302575313,0.0004526386537719616,-0.0009208384857374589,-
BTCUSDT,>ema50 & >sma200 & funding<0,3,32,0.003830793385668871,0.8605198676617845,18,0.007619886621462406,14,-0.0010408979174942451,0.0004526386537719616,-0.0009208384857374589,-
BTCUSDT,>ema50 & macd>signal & macd_hist_up,3,386,0.0030825194970612556,2.0251811494441583,250,0.004642118979326936,136,0.00021560868407287525,0.0004526386537719616,-0.0009208384857374589,-
BTCUSDT,>ema50 & macd>signal & <lower_bb,3,0,,,0,,0,,0.0004526386537719616,-0.0009208384857374589,-
BTCUSDT,>ema50 & macd>signal & >upper_bb,3,155,0.003168283351445058,1.2257423291548626,106,0.004980327097141835,49,-0.0007516480167969502,0.0004526386537719616,-0.0009208384857374589,-
BTCUSDT,>ema50 & macd>signal & stoch<20,3,0,,,0,,0,,0.0004526386537719616,-0.0009208384857374589,-
BTCUSDT,>ema50 & macd>signal & dip>3%,3,29,-0.0006519937411045517,-0.08289435286068761,21,-0.0016879383578445248,8,0.002067360877837869,0.0004526386537719616,-0.0009208384857374589,-
BTCUSDT,>ema50 & macd>signal & pop>3%,3,129,0.002751967867329918,1.0545623055513733,97,0.002565047702099288,32,0.003318569618185263,0.0004526386537719616,-0.0009208384857374589,-
BTCUSDT,>ema50 & macd>signal & vol>1.5x,3,147,0.004143815971385488,1.5105036558871736,98,0.004627623999167529,49,0.0031761999158214055,0.0004526386537719616,-0.0009208384857374589,-
BTCUSDT,>ema50 & macd>signal & 20d_high,3,294,0.003069519398529735,1.6864342126295588,186,0.00484768858402961,108,7.116912391064876e-06,0.0004526386537719616,-0.0009208384857374589,-
BTCUSDT,>ema50 & macd>signal & 20d_low,3,0,,,0,,0,,0.0004526386537719616,-0.0009208384857374589,-
BTCUSDT,>ema50 & macd>signal & adx>25,3,393,0.002408312397247742,1.5538079220996732,293,0.0037130983719783567,100,-0.001414710508712959,0.0004526386537719616,-0.0009208384857374589,-
BTCUSDT,>ema50 & macd>signal & btc>ema50,3,715,0.0012379061642038528,1.1207772886297374,450,0.002406622128851598,265,-0.0007467058512357149,0.0004526386537719616,-0.0009208384857374589,-
BTCUSDT,>ema50 & macd>signal & funding<0,3,63,0.00275309000164235,0.9135356437390062,28,0.006965948388528663,35,-0.0006171967078666996,0.0004526386537719616,-0.0009208384857374589,-
BTCUSDT,>ema50 & macd_hist_up & <lower_bb,3,0,,,0,,0,,0.0004526386537719616,-0.0009208384857374589,-
BTCUSDT,>ema50 & macd_hist_up & >upper_bb,3,163,0.0022184095712146925,0.8793305881009748,113,0.0034065686841927745,50,-0.00046683002411577383,0.0004526386537719616,-0.0009208384857374589,-
BTCUSDT,>ema50 & macd_hist_up & stoch<20,3,8,-0.003593821074895233,-0.5897169896105903,5,-0.004378496140489506,3,-0.002286029298904778,0.0004526386537719616,-0.0009208384857374589,-
BTCUSDT,>ema50 & macd_hist_up & dip>3%,3,3,0.019974330852700967,1.703706794984995,3,0.019974330852700967,0,,0.0004526386537719616,-0.0009208384857374589,-
BTCUSDT,>ema50 & macd_hist_up & pop>3%,3,172,0.0009575349116166901,0.4150293205732964,130,0.0009785805543439069,42,0.0008923936365086407,0.0004526386537719616,-0.0009208384857374589,-
BTCUSDT,>ema50 & macd_hist_up & vol>1.5x,3,125,0.004534025824923636,1.5299459340232944,85,0.005973548921391267,40,0.0014750392449299238,0.0004526386537719616,-0.0009208384857374589,-
BTCUSDT,>ema50 & macd_hist_up & 20d_high,3,276,0.002527872789595987,1.3531049892583773,176,0.003967213705321771,100,-5.3672220813930775e-06,0.0004526386537719616,-0.0009208384857374589,-
BTCUSDT,>ema50 & macd_hist_up & 20d_low,3,1,,,1,,0,,0.0004526386537719616,-0.0009208384857374589,-
BTCUSDT,>ema50 & macd_hist_up & adx>25,3,291,0.000982761982146113,0.5320629313172429,228,0.0015688045752502238,63,-0.00113815406908781,0.0004526386537719616,-0.0009208384857374589,-
BTCUSDT,>ema50 & macd_hist_up & btc>ema50,3,610,0.0019309125746167794,1.6246555082093115,389,0.002576614632086441,221,0.0007943600843195025,0.0004526386537719616,-0.0009208384857374589,-
BTCUSDT,>ema50 & macd_hist_up & funding<0,3,42,0.0045186983229600925,1.1786459207436277,22,0.012615683816046898,20,-0.004387985719435395,0.0004526386537719616,-0.0009208384857374589,-
BTCUSDT,>ema50 & <lower_bb & >upper_bb,3,0,,,0,,0,,0.0004526386537719616,-0.0009208384857374589,-
BTCUSDT,>ema50 & <lower_bb & stoch<20,3,6,0.001104269658155364,0.1538035260559991,3,0.0035497160927498647,3,-0.001341176776439137,0.0004526386537719616,-0.0009208384857374589,-
BTCUSDT,>ema50 & <lower_bb & dip>3%,3,3,0.009184905014853882,0.8863265104648919,2,0.0006257273362790389,1,,0.0004526386537719616,-0.0009208384857374589,-
BTCUSDT,>ema50 & <lower_bb & pop>3%,3,0,,,0,,0,,0.0004526386537719616,-0.0009208384857374589,-
BTCUSDT,>ema50 & <lower_bb & vol>1.5x,3,1,,,0,,1,,0.0004526386537719616,-0.0009208384857374589,-
BTCUSDT,>ema50 & <lower_bb & 20d_high,3,0,,,0,,0,,0.0004526386537719616,-0.0009208384857374589,-
BTCUSDT,>ema50 & <lower_bb & 20d_low,3,6,0.001104269658155364,0.1538035260559991,3,0.0035497160927498647,3,-0.001341176776439137,0.0004526386537719616,-0.0009208384857374589,-
BTCUSDT,>ema50 & <lower_bb & adx>25,3,3,0.0035497160927498647,0.5433541057726929,3,0.0035497160927498647,0,,0.0004526386537719616,-0.0009208384857374589,-
BTCUSDT,>ema50 & <lower_bb & btc>ema50,3,6,0.001104269658155364,0.1538035260559991,3,0.0035497160927498647,3,-0.001341176776439137,0.0004526386537719616,-0.0009208384857374589,-
BTCUSDT,>ema50 & <lower_bb & funding<0,3,0,,,0,,0,,0.0004526386537719616,-0.0009208384857374589,-
BTCUSDT,>ema50 & >upper_bb & stoch<20,3,0,,,0,,0,,0.0004526386537719616,-0.0009208384857374589,-
BTCUSDT,>ema50 & >upper_bb & dip>3%,3,0,,,0,,0,,0.0004526386537719616,-0.0009208384857374589,-
BTCUSDT,>ema50 & >upper_bb & pop>3%,3,73,0.004412870297683084,1.1078236633751721,54,0.0033161861003950235,19,0.007529762226817567,0.0004526386537719616,-0.0009208384857374589,-
BTCUSDT,>ema50 & >upper_bb & vol>1.5x,3,77,0.002644178671022964,0.6337480950229061,55,0.0021713577355938047,22,0.0038262310095958665,0.0004526386537719616,-0.0009208384857374589,-
BTCUSDT,>ema50 & >upper_bb & 20d_high,3,141,0.0019058810455460642,0.6723218131064753,97,0.003521363202446187,44,-0.0016555228003473884,0.0004526386537719616,-0.0009208384857374589,-
BTCUSDT,>ema50 & >upper_bb & 20d_low,3,0,,,0,,0,,0.0004526386537719616,-0.0009208384857374589,-
BTCUSDT,>ema50 & >upper_bb & adx>25,3,93,0.002534390500343236,0.7103572837934625,75,0.0026228247065082145,18,0.002165914641322502,0.0004526386537719616,-0.0009208384857374589,-
BTCUSDT,>ema50 & >upper_bb & btc>ema50,3,163,0.0022184095712146925,0.8793305881009748,113,0.0034065686841927745,50,-0.00046683002411577383,0.0004526386537719616,-0.0009208384857374589,-
BTCUSDT,>ema50 & >upper_bb & funding<0,3,11,0.0034149187161627388,0.5501812184343838,6,0.008982842515925847,5,-0.0032665898435529903,0.0004526386537719616,-0.0009208384857374589,-
BTCUSDT,>ema50 & stoch<20 & dip>3%,3,13,0.024270055930932337,2.23044165343714,11,0.025725415892990166,2,0.016265576139614248,0.0004526386537719616,-0.0009208384857374589,-
BTCUSDT,>ema50 & stoch<20 & pop>3%,3,0,,,0,,0,,0.0004526386537719616,-0.0009208384857374589,-
BTCUSDT,>ema50 & stoch<20 & vol>1.5x,3,5,0.021758572838167244,1.1884035538253943,3,0.03679126898287342,2,-0.000790471378892009,0.0004526386537719616,-0.0009208384857374589,-
BTCUSDT,>ema50 & stoch<20 & 20d_high,3,0,,,0,,0,,0.0004526386537719616,-0.0009208384857374589,-
BTCUSDT,>ema50 & stoch<20 & 20d_low,3,19,0.013075627102502395,2.003894940760309,10,0.02077129872004261,9,0.00452488086079105,0.0004526386537719616,-0.0009208384857374589,-
BTCUSDT,>ema50 & stoch<20 & adx>25,3,40,0.01079742204811071,2.249128797031363,24,0.01674342364988478,16,0.0018784196454496097,0.0004526386537719616,-0.0009208384857374589,-
BTCUSDT,>ema50 & stoch<20 & btc>ema50,3,56,0.004873813108419304,1.1588378254833869,34,0.008332486852919211,22,-0.00047140995126236586,0.0004526386537719616,-0.0009208384857374589,-
BTCUSDT,>ema50 & stoch<20 & funding<0,3,0,,,0,,0,,0.0004526386537719616,-0.0009208384857374589,-
BTCUSDT,>ema50 & dip>3% & pop>3%,3,0,,,0,,0,,0.0004526386537719616,-0.0009208384857374589,-
BTCUSDT,>ema50 & dip>3% & vol>1.5x,3,26,0.0044656454871305025,0.6055739190911389,19,0.009187051504198724,7,-0.00834959941634038,0.0004526386537719616,-0.0009208384857374589,-
BTCUSDT,>ema50 & dip>3% & 20d_high,3,0,,,0,,0,,0.0004526386537719616,-0.0009208384857374589,-
BTCUSDT,>ema50 & dip>3% & 20d_low,3,9,0.025875346304614424,2.2566689224103804,6,0.0312899735390079,3,0.015046091835827481,0.0004526386537719616,-0.0009208384857374589,-
BTCUSDT,>ema50 & dip>3% & adx>25,3,54,0.010333198497196243,1.9337543743074783,47,0.012272844619633457,7,-0.00269013975345361,0.0004526386537719616,-0.0009208384857374589,-
BTCUSDT,>ema50 & dip>3% & btc>ema50,3,80,0.006167807700332243,1.4408721244582232,63,0.008100963694962797,17,-0.0009962409856515628,0.0004526386537719616,-0.0009208384857374589,-
BTCUSDT,>ema50 & dip>3% & funding<0,3,2,0.03548181939406118,2.30607761641739,1,,1,,0.0004526386537719616,-0.0009208384857374589,-
BTCUSDT,>ema50 & pop>3% & vol>1.5x,3,66,0.007132301700653036,1.790308605980596,46,0.0066191162009406985,20,0.008312628349991419,0.0004526386537719616,-0.0009208384857374589,-
BTCUSDT,>ema50 & pop>3% & 20d_high,3,124,0.001998230411031409,0.7094440929789513,94,0.0018068458213092791,30,0.0025979021254940856,0.0004526386537719616,-0.0009208384857374589,-
BTCUSDT,>ema50 & pop>3% & 20d_low,3,0,,,0,,0,,0.0004526386537719616,-0.0009208384857374589,-
BTCUSDT,>ema50 & pop>3% & adx>25,3,120,0.0009157117987590305,0.32190049391260955,104,0.0002620662856790123,16,0.005164407633779149,0.0004526386537719616,-0.0009208384857374589,-
BTCUSDT,>ema50 & pop>3% & btc>ema50,3,188,0.0003169696008224587,0.14496075140237943,144,0.0002243231410320208,44,0.0006201761965002544,0.0004526386537719616,-0.0009208384857374589,-
BTCUSDT,>ema50 & pop>3% & funding<0,3,11,0.011084607747713145,1.5004050745325388,7,0.019231291948914524,4,-0.0031720896043892707,0.0004526386537719616,-0.0009208384857374589,-
BTCUSDT,>ema50 & vol>1.5x & 20d_high,3,98,0.004035847109583322,1.1240878134569843,66,0.004912212209582619,32,0.0022283440908347765,0.0004526386537719616,-0.0009208384857374589,-
BTCUSDT,>ema50 & vol>1.5x & 20d_low,3,4,0.0034589896550187363,0.8101683591246476,1,,3,0.0036753934901566435,0.0004526386537719616,-0.0009208384857374589,-
BTCUSDT,>ema50 & vol>1.5x & adx>25,3,110,0.004944466149861789,1.5449195394076811,82,0.005589700936005874,28,0.003054849990439822,0.0004526386537719616,-0.0009208384857374589,-
BTCUSDT,>ema50 & vol>1.5x & btc>ema50,3,183,0.0035996007386472936,1.5075440028591127,116,0.005098670878206676,67,0.0010041957209026915,0.0004526386537719616,-0.0009208384857374589,-
BTCUSDT,>ema50 & vol>1.5x & funding<0,3,9,0.019173954003650056,1.4972577897135058,8,0.023929796571401648,1,,0.0004526386537719616,-0.0009208384857374589,-
BTCUSDT,>ema50 & 20d_high & 20d_low,3,0,,,0,,0,,0.0004526386537719616,-0.0009208384857374589,-
BTCUSDT,>ema50 & 20d_high & adx>25,3,192,0.003132149272756008,1.2732405000296914,145,0.003799497256182792,47,0.0010733097494180618,0.0004526386537719616,-0.0009208384857374589,-
BTCUSDT,>ema50 & 20d_high & btc>ema50,3,321,0.002515025925047601,1.4554865367603569,204,0.003966242914184985,117,-1.5301132935526815e-05,0.0004526386537719616,-0.0009208384857374589,-
BTCUSDT,>ema50 & 20d_high & funding<0,3,27,0.005565191078592423,1.009803245782229,10,0.023362558933359114,17,-0.004903848835976219,0.0004526386537719616,-0.0009208384857374589,-
BTCUSDT,>ema50 & 20d_low & adx>25,3,16,0.015989578232508975,2.216505719077242,10,0.02110857936437067,6,0.007457909679406144,0.0004526386537719616,-0.0009208384857374589,-
BTCUSDT,>ema50 & 20d_low & btc>ema50,3,21,0.012725077274699298,2.157804712402254,11,0.019445051981210156,10,0.00533310509753734,0.0004526386537719616,-0.0009208384857374589,-
BTCUSDT,>ema50 & 20d_low & funding<0,3,0,,,0,,0,,0.0004526386537719616,-0.0009208384857374589,-
BTCUSDT,>ema50 & adx>25 & btc>ema50,3,701,0.0019786469812939755,1.738461163880209,528,0.002737281857224618,173,-0.0003367242007371161,0.0004526386537719616,-0.0009208384857374589,-
BTCUSDT,>ema50 & adx>25 & funding<0,3,33,0.006455345029086299,1.4400174729525121,17,0.015270099677162908,16,-0.002910331784495096,0.0004526386537719616,-0.0009208384857374589,-
BTCUSDT,>ema50 & btc>ema50 & funding<0,3,74,0.0033612305563923543,1.2588467394045733,32,0.007980447866486617,42,-0.0001581731084413692,0.0004526386537719616,-0.0009208384857374589,-
BTCUSDT,ema20>ema50 & >sma200 & macd>signal,3,514,0.0019679670758595753,1.450798259421491,336,0.003475245537769288,178,-0.0008772327174081989,0.0004526386537719616,-0.0009208384857374589,-
BTCUSDT,ema20>ema50 & >sma200 & macd_hist_up,3,507,0.00182094964132654,1.330016082660049,347,0.002619397242723499,160,8.931640579688737e-05,0.0004526386537719616,-0.0009208384857374589,-
BTCUSDT,ema20>ema50 & >sma200 & <lower_bb,3,26,-0.0013054822492255857,-0.28977975420088364,14,-0.006596020550815336,12,0.004866812435962456,0.0004526386537719616,-0.0009208384857374589,-
BTCUSDT,ema20>ema50 & >sma200 & >upper_bb,3,115,0.0017646984775719276,0.5541045348866005,84,0.0023943184934284035,31,5.863133783180069e-05,0.0004526386537719616,-0.0009208384857374589,-
BTCUSDT,ema20>ema50 & >sma200 & stoch<20,3,111,0.004640997868560857,1.688884203852773,71,0.006094153165142652,40,0.002061647217128175,0.0004526386537719616,-0.0009208384857374589,-
BTCUSDT,ema20>ema50 & >sma200 & dip>3%,3,95,0.006857798313927616,1.8930366310672426,72,0.009717536084733433,23,-0.002094424272942772,0.0004526386537719616,-0.0009208384857374589,-
BTCUSDT,ema20>ema50 & >sma200 & pop>3%,3,154,-0.000446778407103484,-0.1767362236707284,120,-0.00028276232322407,34,-0.001025658703148477,0.0004526386537719616,-0.0009208384857374589,-
BTCUSDT,ema20>ema50 & >sma200 & vol>1.5x,3,172,0.003010251965766581,1.2752185873540292,106,0.004177651180639326,66,0.001135338075213387,0.0004526386537719616,-0.0009208384857374589,-
BTCUSDT,ema20>ema50 & >sma200 & 20d_high,3,233,0.002096302778423331,0.9682541321466798,159,0.003315805929553615,74,-0.0005239810192755197,0.0004526386537719616,-0.0009208384857374589,-
BTCUSDT,ema20>ema50 & >sma200 & 20d_low,3,68,0.005309497890659733,1.5968777352588752,36,0.0050696909091107675,32,0.005579280744902319,0.0004526386537719616,-0.0009208384857374589,-
BTCUSDT,ema20>ema50 & >sma200 & adx>25,3,660,0.0020881017844996386,1.753916406834718,508,0.0027482733800277123,152,-0.00011826117950207904,0.0004526386537719616,-0.0009208384857374589,-
BTCUSDT,ema20>ema50 & >sma200 & btc>ema50,3,968,0.0011924664942284358,1.2406743481625462,637,0.002135541731065223,331,-0.000622454731949911,0.0004526386537719616,-0.0009208384857374589,-
BTCUSDT,ema20>ema50 & >sma200 & funding<0,3,32,0.007597711567104482,1.605131347151413,16,0.01930441317357242,16,-0.004108990039363457,0.0004526386537719616,-0.0009208384857374589,-
BTCUSDT,ema20>ema50 & macd>signal & macd_hist_up,3,267,0.003466878672522503,1.7569432022152713,183,0.00529223492450808,84,-0.0005097903050175042,0.0004526386537719616,-0.0009208384857374589,-
BTCUSDT,ema20>ema50 & macd>signal & <lower_bb,3,0,,,0,,0,,0.0004526386537719616,-0.0009208384857374589,-
BTCUSDT,ema20>ema50 & macd>signal & >upper_bb,3,112,0.002990259346710602,0.9432263243197229,80,0.004494941789794473,32,-0.0007714467609990722,0.0004526386537719616,-0.0009208384857374589,-
BTCUSDT,ema20>ema50 & macd>signal & stoch<20,3,0,,,0,,0,,0.0004526386537719616,-0.0009208384857374589,-
BTCUSDT,ema20>ema50 & macd>signal & dip>3%,3,28,0.0031062956940513847,0.3941482058538204,21,0.00577644917177936,7,-0.004904164739132535,0.0004526386537719616,-0.0009208384857374589,-
BTCUSDT,ema20>ema50 & macd>signal & pop>3%,3,96,0.0014210706967479085,0.4471851208395166,75,0.0011691976745484374,21,0.0023206172046031652,0.0004526386537719616,-0.0009208384857374589,-
BTCUSDT,ema20>ema50 & macd>signal & vol>1.5x,3,122,0.0039537514263431675,1.3271017789773456,80,0.004523758881323484,42,0.002868022940666376,0.0004526386537719616,-0.0009208384857374589,-
BTCUSDT,ema20>ema50 & macd>signal & 20d_high,3,228,0.0026936171603238533,1.2525511625791912,151,0.00454742866923945,77,-0.0009417794350820542,0.0004526386537719616,-0.0009208384857374589,-
BTCUSDT,ema20>ema50 & macd>signal & 20d_low,3,0,,,0,,0,,0.0004526386537719616,-0.0009208384857374589,-
BTCUSDT,ema20>ema50 & macd>signal & adx>25,3,358,0.0030071238724383794,1.8243036529405998,276,0.004178776352966296,82,-0.0009364869156799736,0.0004526386537719616,-0.0009208384857374589,-
BTCUSDT,ema20>ema50 & macd>signal & btc>ema50,3,575,0.0015487650437419236,1.2254236151061466,370,0.0030034925407257467,205,-0.0010768406825215613,0.0004526386537719616,-0.0009208384857374589,-
BTCUSDT,ema20>ema50 & macd>signal & funding<0,3,35,0.004949570167502328,1.3022330400934912,12,0.012413222171080672,23,0.0010554908612875418,0.0004526386537719616,-0.0009208384857374589,-
BTCUSDT,ema20>ema50 & macd_hist_up & <lower_bb,3,0,,,0,,0,,0.0004526386537719616,-0.0009208384857374589,-
BTCUSDT,ema20>ema50 & macd_hist_up & >upper_bb,3,120,0.0017118823955466513,0.5600265737437148,87,0.0024899187609230666,33,-0.00033930438590025583,0.0004526386537719616,-0.0009208384857374589,-
BTCUSDT,ema20>ema50 & macd_hist_up & stoch<20,3,24,0.0008363984270645884,0.187121621953669,18,0.0019569670640028156,6,-0.002525307483750093,0.0004526386537719616,-0.0009208384857374589,-
BTCUSDT,ema20>ema50 & macd_hist_up & dip>3%,3,3,0.019974330852700967,1.703706794984995,3,0.019974330852700967,0,,0.0004526386537719616,-0.0009208384857374589,-
BTCUSDT,ema20>ema50 & macd_hist_up & pop>3%,3,144,0.0007909180219333138,0.29887739601703883,112,0.0011598333797501398,32,-0.0005002857304255784,0.0004526386537719616,-0.0009208384857374589,-
BTCUSDT,ema20>ema50 & macd_hist_up & vol>1.5x,3,101,0.0043242483205507345,1.3309690848230236,68,0.005728644502514424,33,0.0014303410365043433,0.0004526386537719616,-0.0009208384857374589,-
BTCUSDT,ema20>ema50 & macd_hist_up & 20d_high,3,210,0.0019495185681647081,0.8732790083313384,141,0.0034271011671083767,69,-0.0010698893514158318,0.0004526386537719616,-0.0009208384857374589,-
BTCUSDT,ema20>ema50 & macd_hist_up & 20d_low,3,9,-0.0008069630410685938,-0.19269207628258617,5,-0.0023997750223730143,4,0.001184051935561932,0.0004526386537719616,-0.0009208384857374589,-
BTCUSDT,ema20>ema50 & macd_hist_up & adx>25,3,280,0.0008377807311381769,0.4335059126086197,223,0.0015478702159964436,57,-0.0019402886569915329,0.0004526386537719616,-0.0009208384857374589,-
BTCUSDT,ema20>ema50 & macd_hist_up & btc>ema50,3,487,0.0019271924453131766,1.3950139723257613,321,0.0027156700482130008,166,0.0004024857553683391,0.0004526386537719616,-0.0009208384857374589,-
BTCUSDT,ema20>ema50 & macd_hist_up & funding<0,3,21,0.010272121527404539,1.528505363805681,10,0.024525178554406023,11,-0.002685203042596805,0.0004526386537719616,-0.0009208384857374589,-
BTCUSDT,ema20>ema50 & <lower_bb & >upper_bb,3,0,,,0,,0,,0.0004526386537719616,-0.0009208384857374589,-
BTCUSDT,ema20>ema50 & <lower_bb & stoch<20,3,25,-0.0007678957927854866,-0.12360043261767013,14,0.0027183963881468876,11,-0.005204994932153965,0.0004526386537719616,-0.0009208384857374589,-
BTCUSDT,ema20>ema50 & <lower_bb & dip>3%,3,17,-0.002780778179273128,-0.24711708254707027,10,-0.0037210323196875035,7,-0.001437557978681159,0.0004526386537719616,-0.0009208384857374589,-
BTCUSDT,ema20>ema50 & <lower_bb & pop>3%,3,1,,,1,,0,,0.0004526386537719616,-0.0009208384857374589,-
BTCUSDT,ema20>ema50 & <lower_bb & vol>1.5x,3,14,-0.0046143711521124,-0.36980136480138226,10,-0.008066576227737723,4,0.004016141536950908,0.0004526386537719616,-0.0009208384857374589,-
BTCUSDT,ema20>ema50 & <lower_bb & 20d_high,3,0,,,0,,0,,0.0004526386537719616,-0.0009208384857374589,-
BTCUSDT,ema20>ema50 & <lower_bb & 20d_low,3,28,-0.005293290726389667,-0.6994884971690014,15,-0.008856996193117977,13,-0.0011813228801646912,0.0004526386537719616,-0.0009208384857374589,-
BTCUSDT,ema20>ema50 & <lower_bb & adx>25,3,8,0.0034307597219612835,0.33374669191692224,8,0.0034307597219612835,0,,0.0004526386537719616,-0.0009208384857374589,-
BTCUSDT,ema20>ema50 & <lower_bb & btc>ema50,3,6,0.001104269658155364,0.1538035260559991,3,0.0035497160927498647,3,-0.001341176776439137,0.0004526386537719616,-0.0009208384857374589,-
BTCUSDT,ema20>ema50 & <lower_bb & funding<0,3,1,,,1,,0,,0.0004526386537719616,-0.0009208384857374589,-
BTCUSDT,ema20>ema50 & >upper_bb & stoch<20,3,0,,,0,,0,,0.0004526386537719616,-0.0009208384857374589,-
BTCUSDT,ema20>ema50 & >upper_bb & dip>3%,3,0,,,0,,0,,0.0004526386537719616,-0.0009208384857374589,-
BTCUSDT,ema20>ema50 & >upper_bb & pop>3%,3,53,0.002650842538700122,0.5323819046458548,41,0.001187865675146236,12,0.007649346822509233,0.0004526386537719616,-0.0009208384857374589,-
BTCUSDT,ema20>ema50 & >upper_bb & vol>1.5x,3,58,0.0012232199630548782,0.2598161348353231,42,0.0003017876808847148,16,0.0036419797037515592,0.0004526386537719616,-0.0009208384857374589,-
BTCUSDT,ema20>ema50 & >upper_bb & 20d_high,3,100,0.0009487318793592656,0.26724432033864765,72,0.002533132396772121,28,-0.0031254408797023597,0.0004526386537719616,-0.0009208384857374589,-
BTCUSDT,ema20>ema50 & >upper_bb & 20d_low,3,0,,,0,,0,,0.0004526386537719616,-0.0009208384857374589,-
BTCUSDT,ema20>ema50 & >upper_bb & adx>25,3,79,0.0020913305466096063,0.5168654736939682,65,0.0017784345746952026,14,0.003544061844783629,0.0004526386537719616,-0.0009208384857374589,-
BTCUSDT,ema20>ema50 & >upper_bb & btc>ema50,3,120,0.0017118823955466513,0.5600265737437148,87,0.0024899187609230666,33,-0.00033930438590025583,0.0004526386537719616,-0.0009208384857374589,-
BTCUSDT,ema20>ema50 & >upper_bb & funding<0,3,3,-0.0020559146285460245,-0.24971790902356722,1,,2,-0.006507308103747132,0.0004526386537719616,-0.0009208384857374589,-
BTCUSDT,ema20>ema50 & stoch<20 & dip>3%,3,31,0.010377621171238624,1.5613897742366987,25,0.015268047708653526,6,-0.009999156067990162,0.0004526386537719616,-0.0009208384857374589,-
BTCUSDT,ema20>ema50 & stoch<20 & pop>3%,3,0,,,0,,0,,0.0004526386537719616,-0.0009208384857374589,-
BTCUSDT,ema20>ema50 & stoch<20 & vol>1.5x,3,17,0.009403276854716583,1.181156385248112,12,0.01390907408506819,5,-0.0014106364981272697,0.0004526386537719616,-0.0009208384857374589,-
BTCUSDT,ema20>ema50 & stoch<20 & 20d_high,3,0,,,0,,0,,0.0004526386537719616,-0.0009208384857374589,-
BTCUSDT,ema20>ema50 & stoch<20 & 20d_low,3,62,0.0032833140556958527,0.7823525485719154,32,0.00592196043166568,30,0.00046875792132803815,0.0004526386537719616,-0.0009208384857374589,-
BTCUSDT,ema20>ema50 & stoch<20 & adx>25,3,54,0.009491790669661127,2.1517181313277103,36,0.014321791599168774,18,-0.00016821118935416265,0.0004526386537719616,-0.0009208384857374589,-
BTCUSDT,ema20>ema50 & stoch<20 & btc>ema50,3,56,0.004873813108419304,1.1588378254833869,34,0.008332486852919211,22,-0.00047140995126236586,0.0004526386537719616,-0.0009208384857374589,-
BTCUSDT,ema20>ema50 & stoch<20 & funding<0,3,2,0.019764911169321976,3.480208871564113,2,0.019764911169321976,0,,0.0004526386537719616,-0.0009208384857374589,-
BTCUSDT,ema20>ema50 & dip>3% & pop>3%,3,0,,,0,,0,,0.0004526386537719616,-0.0009208384857374589,-
BTCUSDT,ema20>ema50 & dip>3% & vol>1.5x,3,39,-0.00023575883141058825,-0.03527908598319359,28,0.002255126881052369,11,-0.006576195190407207,0.0004526386537719616,-0.0009208384857374589,-
BTCUSDT,ema20>ema50 & dip>3% & 20d_high,3,0,,,0,,0,,0.0004526386537719616,-0.0009208384857374589,-
BTCUSDT,ema20>ema50 & dip>3% & 20d_low,3,29,0.003730510100861059,0.45123849783040587,21,0.005330606784931123,8,-0.00046974369482285453,0.0004526386537719616,-0.0009208384857374589,-
BTCUSDT,ema20>ema50 & dip>3% & adx>25,3,63,0.007234642162964909,1.4625127420260906,54,0.009906127949853984,9,-0.008794272558369556,0.0004526386537719616,-0.0009208384857374589,-
BTCUSDT,ema20>ema50 & dip>3% & btc>ema50,3,78,0.0066963042330473455,1.5909331911232387,62,0.009517997856941941,16,-0.004237758559544204,0.0004526386537719616,-0.0009208384857374589,-
BTCUSDT,ema20>ema50 & dip>3% & funding<0,3,2,0.007585694640868952,0.6063751305213945,2,0.007585694640868952,0,,0.0004526386537719616,-0.0009208384857374589,-
BTCUSDT,ema20>ema50 & pop>3% & vol>1.5x,3,55,0.0031628167463591027,0.7266966154901398,38,0.0020552508615230675,17,0.005638552253639651,0.0004526386537719616,-0.0009208384857374589,-
BTCUSDT,ema20>ema50 & pop>3% & 20d_high,3,98,0.0004679639042778472,0.1426663016631972,77,0.00015490551236496612,21,0.0016158446746250812,0.0004526386537719616,-0.0009208384857374589,-
BTCUSDT,ema20>ema50 & pop>3% & 20d_low,3,0,,,0,,0,,0.0004526386537719616,-0.0009208384857374589,-
BTCUSDT,ema20>ema50 & pop>3% & adx>25,3,113,0.0005708481013114235,0.19001240641832762,99,5.658439527508009e-05,14,0.0042074271654255644,0.0004526386537719616,-0.0009208384857374589,-
BTCUSDT,ema20>ema50 & pop>3% & btc>ema50,3,154,-0.0006332015311794497,-0.2569071918696284,121,-0.0005565249748957391,33,-0.0009143489042197198,0.0004526386537719616,-0.0009208384857374589,-
BTCUSDT,ema20>ema50 & pop>3% & funding<0,3,3,0.004981594524453179,2.3383033626943392,2,0.007106736283087313,1,,0.0004526386537719616,-0.0009208384857374589,-
BTCUSDT,ema20>ema50 & vol>1.5x & 20d_high,3,78,0.0030002196156533006,0.7562415557182702,53,0.00410295118815003,25,0.0006624286819602404,0.0004526386537719616,-0.0009208384857374589,-
BTCUSDT,ema20>ema50 & vol>1.5x & 20d_low,3,17,-0.0014648323158224063,-0.1338743001735069,10,-0.011184681131627943,7,0.012420665992471214,0.0004526386537719616,-0.0009208384857374589,-
BTCUSDT,ema20>ema50 & vol>1.5x & adx>25,3,108,0.004585239678611692,1.3845085826580812,82,0.005352290106359341,26,0.002166080637253726,0.0004526386537719616,-0.0009208384857374589,-
BTCUSDT,ema20>ema50 & vol>1.5x & btc>ema50,3,157,0.0034343184572590444,1.3468727592639096,98,0.005100401841422808,59,0.0006669257174616052,0.0004526386537719616,-0.0009208384857374589,-
BTCUSDT,ema20>ema50 & vol>1.5x & funding<0,3,8,0.010540155202449839,0.763626924744652,6,0.020771824737004244,2,-0.02015485340121339,0.0004526386537719616,-0.0009208384857374589,-
BTCUSDT,ema20>ema50 & 20d_high & 20d_low,3,0,,,0,,0,,0.0004526386537719616,-0.0009208384857374589,-
BTCUSDT,ema20>ema50 & 20d_high & adx>25,3,171,0.0032057773626842476,1.1879393544051087,133,0.0038168985703762,38,0.0010668531357624163,0.0004526386537719616,-0.0009208384857374589,-
BTCUSDT,ema20>ema50 & 20d_high & btc>ema50,3,255,0.0020354091424563793,1.0148414395736525,169,0.0035154154255585,86,-0.0008729752975931361,0.0004526386537719616,-0.0009208384857374589,-
BTCUSDT,ema20>ema50 & 20d_high & funding<0,3,15,0.006936639983213536,0.8969624727411465,5,0.028995551508791927,10,-0.004092815779575652,0.0004526386537719616,-0.0009208384857374589,-
BTCUSDT,ema20>ema50 & 20d_low & adx>25,3,29,0.00869613161088347,1.2899831210054733,19,0.012498843003847683,10,0.0014709799642514635,0.0004526386537719616,-0.0009208384857374589,-
BTCUSDT,ema20>ema50 & 20d_low & btc>ema50,3,21,0.012725077274699298,2.157804712402254,11,0.019445051981210156,10,0.00533310509753734,0.0004526386537719616,-0.0009208384857374589,-
BTCUSDT,ema20>ema50 & 20d_low & funding<0,3,3,-0.0014905363408262082,-0.1643112739860989,1,,2,-0.009278644443688165,0.0004526386537719616,-0.0009208384857374589,-
BTCUSDT,ema20>ema50 & adx>25 & btc>ema50,3,666,0.002277950612765246,1.9361337222034423,511,0.002956339082277177,155,4.145701327752794e-05,0.0004526386537719616,-0.0009208384857374589,-
BTCUSDT,ema20>ema50 & adx>25 & funding<0,3,33,0.0026634466646235475,0.6375881015494569,15,0.01303716819872188,18,-0.0059813212804583965,0.0004526386537719616,-0.0009208384857374589,-
BTCUSDT,ema20>ema50 & btc>ema50 & funding<0,3,46,0.005402637976785821,1.7336770930263925,16,0.013080402681358577,30,0.0013078301343470151,0.0004526386537719616,-0.0009208384857374589,-
BTCUSDT,>sma200 & macd>signal & macd_hist_up,3,324,0.0028120752215581185,1.648209602718215,205,0.0049653697710992165,119,-0.0008973817755504967,0.0004526386537719616,-0.0009208384857374589,-
BTCUSDT,>sma200 & macd>signal & <lower_bb,3,0,,,0,,0,,0.0004526386537719616,-0.0009208384857374589,-
BTCUSDT,>sma200 & macd>signal & >upper_bb,3,120,0.003622343754677253,1.1961460528048533,81,0.0049957855265496676,39,0.0007698108438653164,0.0004526386537719616,-0.0009208384857374589,-
BTCUSDT,>sma200 & macd>signal & stoch<20,3,1,,,1,,0,,0.0004526386537719616,-0.0009208384857374589,-
BTCUSDT,>sma200 & macd>signal & dip>3%,3,28,0.004738800793747896,0.6181883007521463,20,0.006704962134145445,8,-0.00017660255724597645,0.0004526386537719616,-0.0009208384857374589,-
BTCUSDT,>sma200 & macd>signal & pop>3%,3,108,0.00017822635465127967,0.06053502677159286,79,-9.655725877294446e-05,29,0.0009267748188069255,0.0004526386537719616,-0.0009208384857374589,-
BTCUSDT,>sma200 & macd>signal & vol>1.5x,3,126,0.0037706537734009792,1.2812939588898589,81,0.0038676186679545456,45,0.00359611696320456,0.0004526386537719616,-0.0009208384857374589,-
BTCUSDT,>sma200 & macd>signal & 20d_high,3,227,0.0028714665837111194,1.3272711785314308,146,0.004648386896727841,81,-0.0003313774372819835,0.0004526386537719616,-0.0009208384857374589,-
BTCUSDT,>sma200 & macd>signal & 20d_low,3,0,,,0,,0,,0.0004526386537719616,-0.0009208384857374589,-
BTCUSDT,>sma200 & macd>signal & adx>25,3,374,0.002548503160240257,1.6076238674208096,277,0.003710198540718419,97,-0.0007689156066922197,0.0004526386537719616,-0.0009208384857374589,-
BTCUSDT,>sma200 & macd>signal & btc>ema50,3,553,0.0017684526113446615,1.3846750604175388,350,0.003218017521579175,203,-0.0007307972338872576,0.0004526386537719616,-0.0009208384857374589,-
BTCUSDT,>sma200 & macd>signal & funding<0,3,37,0.001183924923351417,0.29096301282263864,21,0.004957254283253947,16,-0.003768569861520653,0.0004526386537719616,-0.0009208384857374589,-
BTCUSDT,>sma200 & macd_hist_up & <lower_bb,3,0,,,0,,0,,0.0004526386537719616,-0.0009208384857374589,-
BTCUSDT,>sma200 & macd_hist_up & >upper_bb,3,128,0.0023843600874631343,0.8135259349812209,88,0.0029737070075826376,40,0.0010877968632002299,0.0004526386537719616,-0.0009208384857374589,-
BTCUSDT,>sma200 & macd_hist_up & stoch<20,3,25,0.00021008053378389208,0.048105696167339354,17,0.001240086563605192,8,-0.0019786822795863704,0.0004526386537719616,-0.0009208384857374589,-
BTCUSDT,>sma200 & macd_hist_up & dip>3%,3,3,0.019974330852700967,1.703706794984995,3,0.019974330852700967,0,,0.0004526386537719616,-0.0009208384857374589,-
BTCUSDT,>sma200 & macd_hist_up & pop>3%,3,162,-0.0005898102786420146,-0.23473192935738424,119,0.0002451074360526781,43,-0.0029003965123319793,0.0004526386537719616,-0.0009208384857374589,-
BTCUSDT,>sma200 & macd_hist_up & vol>1.5x,3,107,0.00397493335217165,1.207147852426147,70,0.005527882597274166,37,0.0010369212668425718,0.0004526386537719616,-0.0009208384857374589,-
BTCUSDT,>sma200 & macd_hist_up & 20d_high,3,211,0.0021412256939317147,0.959931007507113,136,0.0034942942825690365,75,-0.0003123386801306282,0.0004526386537719616,-0.0009208384857374589,-
BTCUSDT,>sma200 & macd_hist_up & 20d_low,3,11,0.00038357177438217186,0.10941813407787583,6,-0.0015551897670680788,5,0.0027100856241224726,0.0004526386537719616,-0.0009208384857374589,-
BTCUSDT,>sma200 & macd_hist_up & adx>25,3,342,0.00030357451508161644,0.1769246708624776,249,0.0008830384189524434,93,-0.0012478933565725336,0.0004526386537719616,-0.0009208384857374589,-
BTCUSDT,>sma200 & macd_hist_up & btc>ema50,3,492,0.0019885758849486844,1.4518753555288728,325,0.00253738436518463,167,0.0009205354293996885,0.0004526386537719616,-0.0009208384857374589,-
BTCUSDT,>sma200 & macd_hist_up & funding<0,3,30,0.005654281185511887,0.833195129211168,15,0.013767349485073526,15,-0.00245878711404975,0.0004526386537719616,-0.0009208384857374589,-
BTCUSDT,>sma200 & <lower_bb & >upper_bb,3,0,,,0,,0,,0.0004526386537719616,-0.0009208384857374589,-
BTCUSDT,>sma200 & <lower_bb & stoch<20,3,33,-0.0062568570796291585,-0.9741838968058839,18,-0.011348798727400453,15,-0.00014652710230360493,0.0004526386537719616,-0.0009208384857374589,-
BTCUSDT,>sma200 & <lower_bb & dip>3%,3,24,0.00404736066241597,0.8466026363935159,12,0.006271805100145185,12,0.0018229162246867561,0.0004526386537719616,-0.0009208384857374589,-
BTCUSDT,>sma200 & <lower_bb & pop>3%,3,1,,,1,,0,,0.0004526386537719616,-0.0009208384857374589,-
BTCUSDT,>sma200 & <lower_bb & vol>1.5x,3,23,-0.0014325971552117726,-0.2500222818335925,12,-0.0022946932064183104,11,-0.0004921287357137337,0.0004526386537719616,-0.0009208384857374589,-
BTCUSDT,>sma200 & <lower_bb & 20d_high,3,0,,,0,,0,,0.0004526386537719616,-0.0009208384857374589,-
BTCUSDT,>sma200 & <lower_bb & 20d_low,3,35,-0.005282705338667873,-0.8618446025958278,19,-0.012117859557641617,16,0.0028340402963634506,0.0004526386537719616,-0.0009208384857374589,-
BTCUSDT,>sma200 & <lower_bb & adx>25,3,20,-0.011564938830954925,-1.2325327314405619,13,-0.018411985710216065,7,0.0011510053733872017,0.0004526386537719616,-0.0009208384857374589,-
BTCUSDT,>sma200 & <lower_bb & btc>ema50,3,6,0.001104269658155364,0.1538035260559991,3,0.0035497160927498647,3,-0.001341176776439137,0.0004526386537719616,-0.0009208384857374589,-
BTCUSDT,>sma200 & <lower_bb & funding<0,3,1,,,1,,0,,0.0004526386537719616,-0.0009208384857374589,-
BTCUSDT,>sma200 & >upper_bb & stoch<20,3,0,,,0,,0,,0.0004526386537719616,-0.0009208384857374589,-
BTCUSDT,>sma200 & >upper_bb & dip>3%,3,0,,,0,,0,,0.0004526386537719616,-0.0009208384857374589,-
BTCUSDT,>sma200 & >upper_bb & pop>3%,3,60,0.0036134216339621167,0.7877803591057704,43,0.0019472058577276806,17,0.007827967420908041,0.0004526386537719616,-0.0009208384857374589,-
BTCUSDT,>sma200 & >upper_bb & vol>1.5x,3,62,0.002900721498458423,0.6346786759511187,44,0.0014996609719332768,18,0.006325536118853227,0.0004526386537719616,-0.0009208384857374589,-
BTCUSDT,>sma200 & >upper_bb & 20d_high,3,108,0.00180227214505194,0.5350978556720732,73,0.0031157372196514797,35,-0.0009372407248270976,0.0004526386537719616,-0.0009208384857374589,-
BTCUSDT,>sma200 & >upper_bb & 20d_low,3,0,,,0,,0,,0.0004526386537719616,-0.0009208384857374589,-
BTCUSDT,>sma200 & >upper_bb & adx>25,3,79,0.0022375212956784038,0.5540407939991058,66,0.0016715318664836977,13,0.005111006090051529,0.0004526386537719616,-0.0009208384857374589,-
BTCUSDT,>sma200 & >upper_bb & btc>ema50,3,128,0.0023843600874631343,0.8135259349812209,88,0.0029737070075826376,40,0.0010877968632002299,0.0004526386537719616,-0.0009208384857374589,-
BTCUSDT,>sma200 & >upper_bb & funding<0,3,3,0.002782568988703195,1.3582086542302791,1,,2,0.0007504173221266964,0.0004526386537719616,-0.0009208384857374589,-
BTCUSDT,>sma200 & stoch<20 & dip>3%,3,37,0.010110216324129801,1.9425720537770474,25,0.01598217122489179,12,-0.002123023052457681,0.0004526386537719616,-0.0009208384857374589,-
BTCUSDT,>sma200 & stoch<20 & pop>3%,3,0,,,0,,0,,0.0004526386537719616,-0.0009208384857374589,-
BTCUSDT,>sma200 & stoch<20 & vol>1.5x,3,24,0.0034308213576881765,0.5299079929348358,13,0.010001056339651973,11,-0.004334001802814493,0.0004526386537719616,-0.0009208384857374589,-
BTCUSDT,>sma200 & stoch<20 & 20d_high,3,0,,,0,,0,,0.0004526386537719616,-0.0009208384857374589,-
BTCUSDT,>sma200 & stoch<20 & 20d_low,3,65,0.0013211706764885214,0.29656275561194684,34,0.0019396439266975865,31,0.0006428451762592266,0.0004526386537719616,-0.0009208384857374589,-
BTCUSDT,>sma200 & stoch<20 & adx>25,3,58,0.003869318643967321,0.7776600162271355,38,0.007400463214773217,20,-0.0028398560405638756,0.0004526386537719616,-0.0009208384857374589,-
BTCUSDT,>sma200 & stoch<20 & btc>ema50,3,50,0.006200431736144714,1.3355229789504877,32,0.009611648366503852,18,0.00013604661550624937,0.0004526386537719616,-0.0009208384857374589,-
BTCUSDT,>sma200 & stoch<20 & funding<0,3,2,0.03030222118988323,1.8685995109940796,2,0.03030222118988323,0,,0.0004526386537719616,-0.0009208384857374589,-
BTCUSDT,>sma200 & dip>3% & pop>3%,3,0,,,0,,0,,0.0004526386537719616,-0.0009208384857374589,-
BTCUSDT,>sma200 & dip>3% & vol>1.5x,3,46,0.0030376994533913093,0.6417263946421714,28,0.008769173236497752,18,-0.005877926431440932,0.0004526386537719616,-0.0009208384857374589,-
BTCUSDT,>sma200 & dip>3% & 20d_high,3,0,,,0,,0,,0.0004526386537719616,-0.0009208384857374589,-
BTCUSDT,>sma200 & dip>3% & 20d_low,3,39,0.004085626059114451,0.7779124270602314,24,0.007608262700417488,15,-0.001550592566970401,0.0004526386537719616,-0.0009208384857374589,-
BTCUSDT,>sma200 & dip>3% & adx>25,3,69,0.004671425899178139,1.0264430574621775,53,0.009832249372830762,16,-0.012423801857296177,0.0004526386537719616,-0.0009208384857374589,-
BTCUSDT,>sma200 & dip>3% & btc>ema50,3,74,0.007608016863841192,1.7399557663752372,59,0.009988678179822127,15,-0.0017559176456838118,0.0004526386537719616,-0.0009208384857374589,-
BTCUSDT,>sma200 & dip>3% & funding<0,3,3,0.0071103346351321485,0.8786739958620933,2,0.014539483550484136,1,,0.0004526386537719616,-0.0009208384857374589,-
BTCUSDT,>sma200 & pop>3% & vol>1.5x,3,61,0.0022982785514390966,0.5199100142462488,41,0.0018343282646001672,20,0.0032493766394589,0.0004526386537719616,-0.0009208384857374589,-
BTCUSDT,>sma200 & pop>3% & 20d_high,3,104,0.0009646480507528828,0.3055339275331548,77,0.00025026393427246524,27,0.003001965716271113,0.0004526386537719616,-0.0009208384857374589,-
BTCUSDT,>sma200 & pop>3% & 20d_low,3,0,,,0,,0,,0.0004526386537719616,-0.0009208384857374589,-
BTCUSDT,>sma200 & pop>3% & adx>25,3,124,-0.0012737892751652547,-0.44540707213878517,103,-0.0011411224565635357,21,-0.0019244884330689217,0.0004526386537719616,-0.0009208384857374589,-
BTCUSDT,>sma200 & pop>3% & btc>ema50,3,158,-0.000569514980736911,-0.23393965304138367,120,-0.00081273671530093,38,0.000198553654728413,0.0004526386537719616,-0.0009208384857374589,-
BTCUSDT,>sma200 & pop>3% & funding<0,3,8,-0.015052770901688684,-1.3274319393704794,4,-0.009049620615729635,4,-0.021055921187647736,0.0004526386537719616,-0.0009208384857374589,-
BTCUSDT,>sma200 & vol>1.5x & 20d_high,3,80,0.004100975809397805,1.032196342376295,54,0.004906968409477318,26,0.0024269911784634427,0.0004526386537719616,-0.0009208384857374589,-
BTCUSDT,>sma200 & vol>1.5x & 20d_low,3,24,0.0017722247714248714,0.317789645217198,11,-0.0003445845538889575,13,0.003563371123613495,0.0004526386537719616,-0.0009208384857374589,-
BTCUSDT,>sma200 & vol>1.5x & adx>25,3,118,0.0018737750044383178,0.5946703488580924,81,0.0034876942221062595,37,-0.00165939949910501,0.0004526386537719616,-0.0009208384857374589,-
BTCUSDT,>sma200 & vol>1.5x & btc>ema50,3,157,0.0037421490955939236,1.4521316049820987,97,0.005171419969968741,60,0.001431494515354636,0.0004526386537719616,-0.0009208384857374589,-
BTCUSDT,>sma200 & vol>1.5x & funding<0,3,10,5.412948520726255e-05,0.0035023462726226696,6,0.013239872038361083,4,-0.019724484344523473,0.0004526386537719616,-0.0009208384857374589,-
BTCUSDT,>sma200 & 20d_high & 20d_low,3,0,,,0,,0,,0.0004526386537719616,-0.0009208384857374589,-
BTCUSDT,>sma200 & 20d_high & adx>25,3,172,0.0030602375835118065,1.1454224943672362,133,0.0036125994286198204,39,0.0011765420604511441,0.0004526386537719616,-0.0009208384857374589,-
BTCUSDT,>sma200 & 20d_high & btc>ema50,3,252,0.002226929645921787,1.0956139317039035,163,0.0036059914479650993,89,-0.00029876781175304333,0.0004526386537719616,-0.0009208384857374589,-
BTCUSDT,>sma200 & 20d_high & funding<0,3,12,0.007539908153398563,0.7991140860281064,5,0.028995551508791927,7,-0.00778555138616812,0.0004526386537719616,-0.0009208384857374589,-
BTCUSDT,>sma200 & 20d_low & adx>25,3,39,-0.0016235045341534287,-0.24239829354370523,23,0.0015654049014433083,16,-0.006207561847823735,0.0004526386537719616,-0.0009208384857374589,-
BTCUSDT,>sma200 & 20d_low & btc>ema50,3,21,0.012725077274699298,2.157804712402254,11,0.019445051981210156,10,0.00533310509753734,0.0004526386537719616,-0.0009208384857374589,-
BTCUSDT,>sma200 & 20d_low & funding<0,3,3,-0.0014905363408262082,-0.1643112739860989,1,,2,-0.009278644443688165,0.0004526386537719616,-0.0009208384857374589,-
BTCUSDT,>sma200 & adx>25 & btc>ema50,3,642,0.0022138064666870684,1.8478443450124336,497,0.0026318039577586287,145,0.0007810840317728243,0.0004526386537719616,-0.0009208384857374589,-
BTCUSDT,>sma200 & adx>25 & funding<0,3,37,0.002792035038164994,0.5301621545459537,16,0.012310556565389201,21,-0.004460171839720114,0.0004526386537719616,-0.0009208384857374589,-
BTCUSDT,>sma200 & btc>ema50 & funding<0,3,32,0.003830793385668871,0.8605198676617845,18,0.007619886621462406,14,-0.0010408979174942451,0.0004526386537719616,-0.0009208384857374589,-
BTCUSDT,macd>signal & macd_hist_up & <lower_bb,3,0,,,0,,0,,0.0004526386537719616,-0.0009208384857374589,-
BTCUSDT,macd>signal & macd_hist_up & >upper_bb,3,164,0.002854826969952488,1.1421800603419061,111,0.004436426145717214,53,-0.00045757885098872604,0.0004526386537719616,-0.0009208384857374589,-
BTCUSDT,macd>signal & macd_hist_up & stoch<20,3,2,0.010631852715097874,1.4695955479764324,2,0.010631852715097874,0,,0.0004526386537719616,-0.0009208384857374589,-
BTCUSDT,macd>signal & macd_hist_up & dip>3%,3,3,0.007176807399159192,1.2203537014225507,2,0.012210323001817243,1,,0.0004526386537719616,-0.0009208384857374589,-
BTCUSDT,macd>signal & macd_hist_up & pop>3%,3,156,0.0012112417325833209,0.5151476113527222,115,0.0017153996247466154,41,-0.00020285967226494445,0.0004526386537719616,-0.0009208384857374589,-
BTCUSDT,macd>signal & macd_hist_up & vol>1.5x,3,124,0.004299851127244504,1.4744301724507136,85,0.0053318761016118805,39,0.0020505659267002255,0.0004526386537719616,-0.0009208384857374589,-
BTCUSDT,macd>signal & macd_hist_up & 20d_high,3,267,0.002956670834191849,1.5653771337739224,170,0.004631809109737236,97,2.08614852978715e-05,0.0004526386537719616,-0.0009208384857374589,-
BTCUSDT,macd>signal & macd_hist_up & 20d_low,3,1,,,1,,0,,0.0004526386537719616,-0.0009208384857374589,-
BTCUSDT,macd>signal & macd_hist_up & adx>25,3,329,0.0003578409982110862,0.21999812216489292,225,0.001536127472334906,104,-0.0021913364698452537,0.0004526386537719616,-0.0009208384857374589,-
BTCUSDT,macd>signal & macd_hist_up & btc>ema50,3,386,0.0030825194970612556,2.0251811494441583,250,0.004642118979326936,136,0.00021560868407287525,0.0004526386537719616,-0.0009208384857374589,-
BTCUSDT,macd>signal & macd_hist_up & funding<0,3,77,0.000689232284387688,0.2492371708999325,45,0.0029675756223042525,32,-0.0025146880345574794,0.0004526386537719616,-0.0009208384857374589,-
BTCUSDT,macd>signal & <lower_bb & >upper_bb,3,0,,,0,,0,,0.0004526386537719616,-0.0009208384857374589,-
BTCUSDT,macd>signal & <lower_bb & stoch<20,3,2,0.009470948161206895,1.6222325047623627,0,,2,0.009470948161206895,0.0004526386537719616,-0.0009208384857374589,-
BTCUSDT,macd>signal & <lower_bb & dip>3%,3,0,,,0,,0,,0.0004526386537719616,-0.0009208384857374589,-
BTCUSDT,macd>signal & <lower_bb & pop>3%,3,0,,,0,,0,,0.0004526386537719616,-0.0009208384857374589,-
BTCUSDT,macd>signal & <lower_bb & vol>1.5x,3,1,,,0,,1,,0.0004526386537719616,-0.0009208384857374589,-
BTCUSDT,macd>signal & <lower_bb & 20d_high,3,0,,,0,,0,,0.0004526386537719616,-0.0009208384857374589,-
BTCUSDT,macd>signal & <lower_bb & 20d_low,3,1,,,0,,1,,0.0004526386537719616,-0.0009208384857374589,-
BTCUSDT,macd>signal & <lower_bb & adx>25,3,2,0.009470948161206895,1.6222325047623627,0,,2,0.009470948161206895,0.0004526386537719616,-0.0009208384857374589,-
BTCUSDT,macd>signal & <lower_bb & btc>ema50,3,0,,,0,,0,,0.0004526386537719616,-0.0009208384857374589,-
BTCUSDT,macd>signal & <lower_bb & funding<0,3,1,,,0,,1,,0.0004526386537719616,-0.0009208384857374589,-
BTCUSDT,macd>signal & >upper_bb & stoch<20,3,0,,,0,,0,,0.0004526386537719616,-0.0009208384857374589,-
BTCUSDT,macd>signal & >upper_bb & dip>3%,3,0,,,0,,0,,0.0004526386537719616,-0.0009208384857374589,-
BTCUSDT,macd>signal & >upper_bb & pop>3%,3,70,0.005864113360457995,1.4460540999014861,51,0.006015191663498679,19,0.005458587389138258,0.0004526386537719616,-0.0009208384857374589,-
BTCUSDT,macd>signal & >upper_bb & vol>1.5x,3,80,0.0037299731965052783,0.9377771276776203,56,0.004183855446309273,24,0.002670914613629293,0.0004526386537719616,-0.0009208384857374589,-
BTCUSDT,macd>signal & >upper_bb & 20d_high,3,141,0.0026959998793314823,0.9542574480880096,94,0.004828608128698276,47,-0.0015692166194021045,0.0004526386537719616,-0.0009208384857374589,-
BTCUSDT,macd>signal & >upper_bb & 20d_low,3,0,,,0,,0,,0.0004526386537719616,-0.0009208384857374589,-
BTCUSDT,macd>signal & >upper_bb & adx>25,3,89,0.002548588249744647,0.6853844141532163,71,0.0031998621492869794,18,-2.0325465116768453e-05,0.0004526386537719616,-0.0009208384857374589,-
BTCUSDT,macd>signal & >upper_bb & btc>ema50,3,155,0.003168283351445058,1.2257423291548626,106,0.004980327097141835,49,-0.0007516480167969502,0.0004526386537719616,-0.0009208384857374589,-
BTCUSDT,macd>signal & >upper_bb & funding<0,3,11,0.0034149187161627388,0.5501812184343838,6,0.008982842515925847,5,-0.0032665898435529903,0.0004526386537719616,-0.0009208384857374589,-
BTCUSDT,macd>signal & stoch<20 & dip>3%,3,6,0.003051422106028672,0.3143059459238567,4,0.005407246521080496,2,-0.0016602267240749743,0.0004526386537719616,-0.0009208384857374589,-
BTCUSDT,macd>signal & stoch<20 & pop>3%,3,0,,,0,,0,,0.0004526386537719616,-0.0009208384857374589,-
BTCUSDT,macd>signal & stoch<20 & vol>1.5x,3,4,0.01088896194786377,2.1876622911208132,2,0.01641800336460051,2,0.005359920531127028,0.0004526386537719616,-0.0009208384857374589,-
BTCUSDT,macd>signal & stoch<20 & 20d_high,3,0,,,0,,0,,0.0004526386537719616,-0.0009208384857374589,-
BTCUSDT,macd>signal & stoch<20 & 20d_low,3,8,-0.0018900685038501803,-0.18937657681799683,7,-0.002679039640292795,1,,0.0004526386537719616,-0.0009208384857374589,-
BTCUSDT,macd>signal & stoch<20 & adx>25,3,19,0.008865627798813851,1.8548050063367916,15,0.006656408259166848,4,0.017150201072490108,0.0004526386537719616,-0.0009208384857374589,-
BTCUSDT,macd>signal & stoch<20 & btc>ema50,3,0,,,0,,0,,0.0004526386537719616,-0.0009208384857374589,-
BTCUSDT,macd>signal & stoch<20 & funding<0,3,3,0.01324797563565367,0.7737387482310244,1,,2,-0.0033874178039538724,0.0004526386537719616,-0.0009208384857374589,-
BTCUSDT,macd>signal & dip>3% & pop>3%,3,0,,,0,,0,,0.0004526386537719616,-0.0009208384857374589,-
BTCUSDT,macd>signal & dip>3% & vol>1.5x,3,20,0.004833697651364865,0.6154115737541961,14,0.0028404958583952275,6,0.009484501834960688,0.0004526386537719616,-0.0009208384857374589,-
BTCUSDT,macd>signal & dip>3% & 20d_high,3,0,,,0,,0,,0.0004526386537719616,-0.0009208384857374589,-
BTCUSDT,macd>signal & dip>3% & 20d_low,3,2,-0.006602891750512922,-53.14492715630981,2,-0.006602891750512922,0,,0.0004526386537719616,-0.0009208384857374589,-
BTCUSDT,macd>signal & dip>3% & adx>25,3,46,0.0018673164158156854,0.34581154157830346,37,0.0014411432660715478,9,0.0036193615869860377,0.0004526386537719616,-0.0009208384857374589,-
BTCUSDT,macd>signal & dip>3% & btc>ema50,3,29,-0.0006519937411045517,-0.08289435286068761,21,-0.0016879383578445248,8,0.002067360877837869,0.0004526386537719616,-0.0009208384857374589,-
BTCUSDT,macd>signal & dip>3% & funding<0,3,7,0.0007812282416588158,0.08665402349934868,2,0.003032868621695564,5,-0.00011942791035588346,0.0004526386537719616,-0.0009208384857374589,-
BTCUSDT,macd>signal & pop>3% & vol>1.5x,3,63,0.007872944193098141,1.9318661370193797,46,0.006810546325322396,17,0.010747667835314867,0.0004526386537719616,-0.0009208384857374589,-
BTCUSDT,macd>signal & pop>3% & 20d_high,3,119,0.0030425197697870458,1.0865912985247197,89,0.0032911435509614946,30,0.0023049358856361796,0.0004526386537719616,-0.0009208384857374589,-
BTCUSDT,macd>signal & pop>3% & 20d_low,3,0,,,0,,0,,0.0004526386537719616,-0.0009208384857374589,-
BTCUSDT,macd>signal & pop>3% & adx>25,3,105,0.0002665551396925452,0.08806166430631462,88,-0.00019385836171323547,17,0.0026498720881460015,0.0004526386537719616,-0.0009208384857374589,-
BTCUSDT,macd>signal & pop>3% & btc>ema50,3,129,0.002751967867329918,1.0545623055513733,97,0.002565047702099288,32,0.003318569618185263,0.0004526386537719616,-0.0009208384857374589,-
BTCUSDT,macd>signal & pop>3% & funding<0,3,19,0.004388772126963397,0.808012033188624,12,0.0081161782046522,7,-0.002001066863360265,0.0004526386537719616,-0.0009208384857374589,-
BTCUSDT,macd>signal & vol>1.5x & 20d_high,3,97,0.0048473066160548296,1.3669598183154061,63,0.006650108925946221,34,0.001506819983020789,0.0004526386537719616,-0.0009208384857374589,-
BTCUSDT,macd>signal & vol>1.5x & 20d_low,3,3,0.007588624830393592,0.8011198880968725,2,0.009566572519966322,1,,0.0004526386537719616,-0.0009208384857374589,-
BTCUSDT,macd>signal & vol>1.5x & adx>25,3,106,0.004638334350210925,1.455243971478077,78,0.004174271095224866,28,0.0059310819891006655,0.0004526386537719616,-0.0009208384857374589,-
BTCUSDT,macd>signal & vol>1.5x & btc>ema50,3,147,0.004143815971385488,1.5105036558871736,98,0.004627623999167529,49,0.0031761999158214055,0.0004526386537719616,-0.0009208384857374589,-
BTCUSDT,macd>signal & vol>1.5x & funding<0,3,16,0.007414947772550647,0.8751564392170037,13,0.010894398818730517,3,-0.007662673427562126,0.0004526386537719616,-0.0009208384857374589,-
BTCUSDT,macd>signal & 20d_high & 20d_low,3,0,,,0,,0,,0.0004526386537719616,-0.0009208384857374589,-
BTCUSDT,macd>signal & 20d_high & adx>25,3,180,0.0029277233701581616,1.1416699881913064,138,0.003955072008179431,42,-0.0004478507261974375,0.0004526386537719616,-0.0009208384857374589,-
BTCUSDT,macd>signal & 20d_high & btc>ema50,3,294,0.003069519398529735,1.6864342126295588,186,0.00484768858402961,108,7.116912391064876e-06,0.0004526386537719616,-0.0009208384857374589,-
BTCUSDT,macd>signal & 20d_high & funding<0,3,26,0.005887317514904107,1.0296873814860361,10,0.023362558933359114,16,-0.005034708371630274,0.0004526386537719616,-0.0009208384857374589,-
BTCUSDT,macd>signal & 20d_low & adx>25,3,10,0.005830534909545741,0.34191505234023356,9,0.006074735516023253,1,,0.0004526386537719616,-0.0009208384857374589,-
BTCUSDT,macd>signal & 20d_low & btc>ema50,3,0,,,0,,0,,0.0004526386537719616,-0.0009208384857374589,-
BTCUSDT,macd>signal & 20d_low & funding<0,3,1,,,0,,1,,0.0004526386537719616,-0.0009208384857374589,-
BTCUSDT,macd>signal & adx>25 & btc>ema50,3,393,0.002408312397247742,1.5538079220996732,293,0.0037130983719783567,100,-0.001414710508712959,0.0004526386537719616,-0.0009208384857374589,-
BTCUSDT,macd>signal & adx>25 & funding<0,3,78,0.0010862288524640417,0.37052730955253055,40,0.004816578894873294,38,-0.0028404554027035896,0.0004526386537719616,-0.0009208384857374589,-
BTCUSDT,macd>signal & btc>ema50 & funding<0,3,63,0.00275309000164235,0.9135356437390062,28,0.006965948388528663,35,-0.0006171967078666996,0.0004526386537719616,-0.0009208384857374589,-
BTCUSDT,macd_hist_up & <lower_bb & >upper_bb,3,0,,,0,,0,,0.0004526386537719616,-0.0009208384857374589,-
BTCUSDT,macd_hist_up & <lower_bb & stoch<20,3,0,,,0,,0,,0.0004526386537719616,-0.0009208384857374589,-
BTCUSDT,macd_hist_up & <lower_bb & dip>3%,3,0,,,0,,0,,0.0004526386537719616,-0.0009208384857374589,-
BTCUSDT,macd_hist_up & <lower_bb & pop>3%,3,0,,,0,,0,,0.0004526386537719616,-0.0009208384857374589,-
BTCUSDT,macd_hist_up & <lower_bb & vol>1.5x,3,0,,,0,,0,,0.0004526386537719616,-0.0009208384857374589,-
BTCUSDT,macd_hist_up & <lower_bb & 20d_high,3,0,,,0,,0,,0.0004526386537719616,-0.0009208384857374589,-
BTCUSDT,macd_hist_up & <lower_bb & 20d_low,3,0,,,0,,0,,0.0004526386537719616,-0.0009208384857374589,-
BTCUSDT,macd_hist_up & <lower_bb & adx>25,3,0,,,0,,0,,0.0004526386537719616,-0.0009208384857374589,-
BTCUSDT,macd_hist_up & <lower_bb & btc>ema50,3,0,,,0,,0,,0.0004526386537719616,-0.0009208384857374589,-
BTCUSDT,macd_hist_up & <lower_bb & funding<0,3,0,,,0,,0,,0.0004526386537719616,-0.0009208384857374589,-
BTCUSDT,macd_hist_up & >upper_bb & stoch<20,3,0,,,0,,0,,0.0004526386537719616,-0.0009208384857374589,-
BTCUSDT,macd_hist_up & >upper_bb & dip>3%,3,0,,,0,,0,,0.0004526386537719616,-0.0009208384857374589,-
BTCUSDT,macd_hist_up & >upper_bb & pop>3%,3,77,0.004284872050376918,1.1186285327897791,57,0.0037321532608444547,20,0.005860120600544439,0.0004526386537719616,-0.0009208384857374589,-
BTCUSDT,macd_hist_up & >upper_bb & vol>1.5x,3,82,0.0025807187246509465,0.6510091722218494,58,0.00254339628783232,24,0.002670914613629293,0.0004526386537719616,-0.0009208384857374589,-
BTCUSDT,macd_hist_up & >upper_bb & 20d_high,3,149,0.00168223371556879,0.6131328993850433,101,0.003078383694201852,48,-0.001255498531138271,0.0004526386537719616,-0.0009208384857374589,-
BTCUSDT,macd_hist_up & >upper_bb & 20d_low,3,0,,,0,,0,,0.0004526386537719616,-0.0009208384857374589,-
BTCUSDT,macd_hist_up & >upper_bb & adx>25,3,96,0.0015236621549399657,0.4307879403388497,77,0.0017291970601178799,19,0.0006907049076400019,0.0004526386537719616,-0.0009208384857374589,-
BTCUSDT,macd_hist_up & >upper_bb & btc>ema50,3,163,0.0022184095712146925,0.8793305881009748,113,0.0034065686841927745,50,-0.00046683002411577383,0.0004526386537719616,-0.0009208384857374589,-
BTCUSDT,macd_hist_up & >upper_bb & funding<0,3,11,0.0034149187161627388,0.5501812184343838,6,0.008982842515925847,5,-0.0032665898435529903,0.0004526386537719616,-0.0009208384857374589,-
BTCUSDT,macd_hist_up & stoch<20 & dip>3%,3,2,0.05489491176960979,580.1526463265468,2,0.05489491176960979,0,,0.0004526386537719616,-0.0009208384857374589,-
BTCUSDT,macd_hist_up & stoch<20 & pop>3%,3,1,,,1,,0,,0.0004526386537719616,-0.0009208384857374589,-
BTCUSDT,macd_hist_up & stoch<20 & vol>1.5x,3,1,,,1,,0,,0.0004526386537719616,-0.0009208384857374589,-
BTCUSDT,macd_hist_up & stoch<20 & 20d_high,3,0,,,0,,0,,0.0004526386537719616,-0.0009208384857374589,-
BTCUSDT,macd_hist_up & stoch<20 & 20d_low,3,7,-0.0004383044243986536,-0.03344644069481986,5,0.012944413357005307,2,-0.03389509887790856,0.0004526386537719616,-0.0009208384857374589,-
BTCUSDT,macd_hist_up & stoch<20 & adx>25,3,28,0.007895601753200912,1.7402967764460073,19,0.009741174345345263,9,0.003999392947562837,0.0004526386537719616,-0.0009208384857374589,-
BTCUSDT,macd_hist_up & stoch<20 & btc>ema50,3,8,-0.003593821074895233,-0.5897169896105903,5,-0.004378496140489506,3,-0.002286029298904778,0.0004526386537719616,-0.0009208384857374589,-
BTCUSDT,macd_hist_up & stoch<20 & funding<0,3,13,0.016095580607699424,2.3890738026949236,11,0.012503936019547914,2,0.03584962584253274,0.0004526386537719616,-0.0009208384857374589,-
BTCUSDT,macd_hist_up & dip>3% & pop>3%,3,0,,,0,,0,,0.0004526386537719616,-0.0009208384857374589,-
BTCUSDT,macd_hist_up & dip>3% & vol>1.5x,3,1,,,1,,0,,0.0004526386537719616,-0.0009208384857374589,-
BTCUSDT,macd_hist_up & dip>3% & 20d_high,3,0,,,0,,0,,0.0004526386537719616,-0.0009208384857374589,-
BTCUSDT,macd_hist_up & dip>3% & 20d_low,3,1,,,1,,0,,0.0004526386537719616,-0.0009208384857374589,-
BTCUSDT,macd_hist_up & dip>3% & adx>25,3,11,0.01959919184486961,2.511875187993639,8,0.02188229290493114,3,0.013510922351372205,0.0004526386537719616,-0.0009208384857374589,-
BTCUSDT,macd_hist_up & dip>3% & btc>ema50,3,3,0.019974330852700967,1.703706794984995,3,0.019974330852700967,0,,0.0004526386537719616,-0.0009208384857374589,-
BTCUSDT,macd_hist_up & dip>3% & funding<0,3,3,0.04018858675291489,2.73272278611079,3,0.04018858675291489,0,,0.0004526386537719616,-0.0009208384857374589,-
BTCUSDT,macd_hist_up & pop>3% & vol>1.5x,3,74,0.003876936730076778,0.9856252974076447,50,0.005805022398208399,24,-0.0001399084118641064,0.0004526386537719616,-0.0009208384857374589,-
BTCUSDT,macd_hist_up & pop>3% & 20d_high,3,129,0.0024650646941065204,0.9123911805864888,98,0.002708889817535603,31,0.001694262691008131,0.0004526386537719616,-0.0009208384857374589,-
BTCUSDT,macd_hist_up & pop>3% & 20d_low,3,0,,,0,,0,,0.0004526386537719616,-0.0009208384857374589,-
BTCUSDT,macd_hist_up & pop>3% & adx>25,3,156,-0.0009282747841847974,-0.36552759692667053,125,-0.0007691179631966137,31,-0.001570036159137154,0.0004526386537719616,-0.0009208384857374589,-
BTCUSDT,macd_hist_up & pop>3% & btc>ema50,3,172,0.0009575349116166901,0.4150293205732964,130,0.0009785805543439069,42,0.0008923936365086407,0.0004526386537719616,-0.0009208384857374589,-
BTCUSDT,macd_hist_up & pop>3% & funding<0,3,30,-0.003728282336438682,-0.7773642460036355,19,0.002892989741880595,11,-0.015165025017171978,0.0004526386537719616,-0.0009208384857374589,-
BTCUSDT,macd_hist_up & vol>1.5x & 20d_high,3,101,0.004137406352084952,1.1769964401921467,67,0.005472330778177215,34,0.001506819983020789,0.0004526386537719616,-0.0009208384857374589,-
BTCUSDT,macd_hist_up & vol>1.5x & 20d_low,3,0,,,0,,0,,0.0004526386537719616,-0.0009208384857374589,-
BTCUSDT,macd_hist_up & vol>1.5x & adx>25,3,86,0.0033529172364189955,0.9171536670666147,63,0.005378977894906496,23,-0.002196727175959812,0.0004526386537719616,-0.0009208384857374589,-
BTCUSDT,macd_hist_up & vol>1.5x & btc>ema50,3,125,0.004534025824923636,1.5299459340232944,85,0.005973548921391267,40,0.0014750392449299238,0.0004526386537719616,-0.0009208384857374589,-
BTCUSDT,macd_hist_up & vol>1.5x & funding<0,3,18,-0.002501446631183592,-0.2437355116230185,13,0.006287510245932275,5,-0.02535273451168485,0.0004526386537719616,-0.0009208384857374589,-
BTCUSDT,macd_hist_up & 20d_high & 20d_low,3,0,,,0,,0,,0.0004526386537719616,-0.0009208384857374589,-
BTCUSDT,macd_hist_up & 20d_high & adx>25,3,165,0.0018884550977258884,0.712513867319363,125,0.00301184181441102,40,-0.0016221283919151393,0.0004526386537719616,-0.0009208384857374589,-
BTCUSDT,macd_hist_up & 20d_high & btc>ema50,3,276,0.002527872789595987,1.3531049892583773,176,0.003967213705321771,100,-5.3672220813930775e-06,0.0004526386537719616,-0.0009208384857374589,-
BTCUSDT,macd_hist_up & 20d_high & funding<0,3,23,0.006530831516618259,1.0301882815552266,9,0.02633909786829754,14,-0.006203053995175565,0.0004526386537719616,-0.0009208384857374589,-
BTCUSDT,macd_hist_up & 20d_low & adx>25,3,8,0.008051664061305962,0.7488953438817628,5,0.018056289315087924,3,-0.008622711361663983,0.0004526386537719616,-0.0009208384857374589,-
BTCUSDT,macd_hist_up & 20d_low & btc>ema50,3,1,,,1,,0,,0.0004526386537719616,-0.0009208384857374589,-
BTCUSDT,macd_hist_up & 20d_low & funding<0,3,2,0.02688372011970184,0.9565181401929275,1,,1,,0.0004526386537719616,-0.0009208384857374589,-
BTCUSDT,macd_hist_up & adx>25 & btc>ema50,3,291,0.000982761982146113,0.5320629313172429,228,0.0015688045752502238,63,-0.00113815406908781,0.0004526386537719616,-0.0009208384857374589,-
BTCUSDT,macd_hist_up & adx>25 & funding<0,3,86,0.0005607048196918303,0.16650571599153427,50,0.001903007800321221,36,-0.0013036048756267678,0.0004526386537719616,-0.0009208384857374589,-
BTCUSDT,macd_hist_up & btc>ema50 & funding<0,3,42,0.0045186983229600925,1.1786459207436277,22,0.012615683816046898,20,-0.004387985719435395,0.0004526386537719616,-0.0009208384857374589,-
BTCUSDT,<lower_bb & >upper_bb & stoch<20,3,0,,,0,,0,,0.0004526386537719616,-0.0009208384857374589,-
BTCUSDT,<lower_bb & >upper_bb & dip>3%,3,0,,,0,,0,,0.0004526386537719616,-0.0009208384857374589,-
BTCUSDT,<lower_bb & >upper_bb & pop>3%,3,0,,,0,,0,,0.0004526386537719616,-0.0009208384857374589,-
BTCUSDT,<lower_bb & >upper_bb & vol>1.5x,3,0,,,0,,0,,0.0004526386537719616,-0.0009208384857374589,-
BTCUSDT,<lower_bb & >upper_bb & 20d_high,3,0,,,0,,0,,0.0004526386537719616,-0.0009208384857374589,-
BTCUSDT,<lower_bb & >upper_bb & 20d_low,3,0,,,0,,0,,0.0004526386537719616,-0.0009208384857374589,-
BTCUSDT,<lower_bb & >upper_bb & adx>25,3,0,,,0,,0,,0.0004526386537719616,-0.0009208384857374589,-
BTCUSDT,<lower_bb & >upper_bb & btc>ema50,3,0,,,0,,0,,0.0004526386537719616,-0.0009208384857374589,-
BTCUSDT,<lower_bb & >upper_bb & funding<0,3,0,,,0,,0,,0.0004526386537719616,-0.0009208384857374589,-
BTCUSDT,<lower_bb & stoch<20 & dip>3%,3,52,-1.824982122938227e-05,-0.0025827710945117224,28,0.004664725184754887,24,-0.005481720661544361,0.0004526386537719616,-0.0009208384857374589,-
BTCUSDT,<lower_bb & stoch<20 & pop>3%,3,1,,,1,,0,,0.0004526386537719616,-0.0009208384857374589,-
BTCUSDT,<lower_bb & stoch<20 & vol>1.5x,3,48,-0.0006258894407653402,-0.10211451437878898,24,0.009222681906733282,24,-0.010474460788263959,0.0004526386537719616,-0.0009208384857374589,-
BTCUSDT,<lower_bb & stoch<20 & 20d_high,3,0,,,0,,0,,0.0004526386537719616,-0.0009208384857374589,-
BTCUSDT,<lower_bb & stoch<20 & 20d_low,3,77,-0.004097694333027545,-0.7509597355054874,41,-0.0048392780751399375,36,-0.0032531128489551014,0.0004526386537719616,-0.0009208384857374589,-
BTCUSDT,<lower_bb & stoch<20 & adx>25,3,54,-0.008733228401803838,-1.397873680536285,32,-0.008264075344824054,22,-0.009415632848319892,0.0004526386537719616,-0.0009208384857374589,-
BTCUSDT,<lower_bb & stoch<20 & btc>ema50,3,6,0.001104269658155364,0.1538035260559991,3,0.0035497160927498647,3,-0.001341176776439137,0.0004526386537719616,-0.0009208384857374589,-
BTCUSDT,<lower_bb & stoch<20 & funding<0,3,12,0.021442999822821256,2.0947743827976204,10,0.02577002002491612,2,-0.00019210118765308065,0.0004526386537719616,-0.0009208384857374589,-
BTCUSDT,<lower_bb & dip>3% & pop>3%,3,0,,,0,,0,,0.0004526386537719616,-0.0009208384857374589,-
BTCUSDT,<lower_bb & dip>3% & vol>1.5x,3,44,0.0017748313347568177,0.23643594567341905,23,0.009868371986112269,21,-0.007089522711965821,0.0004526386537719616,-0.0009208384857374589,-
BTCUSDT,<lower_bb & dip>3% & 20d_high,3,0,,,0,,0,,0.0004526386537719616,-0.0009208384857374589,-
BTCUSDT,<lower_bb & dip>3% & 20d_low,3,60,0.0002966120816393746,0.04336880351578478,33,0.0017057428632875772,27,-0.0014256588737084257,0.0004526386537719616,-0.0009208384857374589,-
BTCUSDT,<lower_bb & dip>3% & adx>25,3,36,-0.0024437785346311763,-0.29290625463669945,21,0.006958545922115127,15,-0.015607032774076003,0.0004526386537719616,-0.0009208384857374589,-
BTCUSDT,<lower_bb & dip>3% & btc>ema50,3,3,0.009184905014853882,0.8863265104648919,2,0.0006257273362790389,1,,0.0004526386537719616,-0.0009208384857374589,-
BTCUSDT,<lower_bb & dip>3% & funding<0,3,6,0.05205132065459589,2.5600364587257727,5,0.06326497115082592,1,,0.0004526386537719616,-0.0009208384857374589,-
BTCUSDT,<lower_bb & pop>3% & vol>1.5x,3,2,-0.045695338439648195,-2.623460261736247,2,-0.045695338439648195,0,,0.0004526386537719616,-0.0009208384857374589,-
BTCUSDT,<lower_bb & pop>3% & 20d_high,3,0,,,0,,0,,0.0004526386537719616,-0.0009208384857374589,-
BTCUSDT,<lower_bb & pop>3% & 20d_low,3,0,,,0,,0,,0.0004526386537719616,-0.0009208384857374589,-
BTCUSDT,<lower_bb & pop>3% & adx>25,3,3,-0.02334356785707711,-1.0919118770318728,2,-0.026486881421943106,1,,0.0004526386537719616,-0.0009208384857374589,-
BTCUSDT,<lower_bb & pop>3% & btc>ema50,3,0,,,0,,0,,0.0004526386537719616,-0.0009208384857374589,-
BTCUSDT,<lower_bb & pop>3% & funding<0,3,0,,,0,,0,,0.0004526386537719616,-0.0009208384857374589,-
BTCUSDT,<lower_bb & vol>1.5x & 20d_high,3,0,,,0,,0,,0.0004526386537719616,-0.0009208384857374589,-
BTCUSDT,<lower_bb & vol>1.5x & 20d_low,3,55,0.0005804544927953387,0.09332067061105326,29,0.006258112018676454,26,-0.005752317362995132,0.0004526386537719616,-0.0009208384857374589,-
BTCUSDT,<lower_bb & vol>1.5x & adx>25,3,40,-0.007214945958990341,-0.9672779806874872,21,-0.0018518492599905014,19,-0.013142579152621743,0.0004526386537719616,-0.0009208384857374589,-
BTCUSDT,<lower_bb & vol>1.5x & btc>ema50,3,1,,,0,,1,,0.0004526386537719616,-0.0009208384857374589,-
BTCUSDT,<lower_bb & vol>1.5x & funding<0,3,9,0.019783928079613967,0.9828805398878036,7,0.025491365013118838,2,-0.00019210118765308065,0.0004526386537719616,-0.0009208384857374589,-
BTCUSDT,<lower_bb & 20d_high & 20d_low,3,0,,,0,,0,,0.0004526386537719616,-0.0009208384857374589,-
BTCUSDT,<lower_bb & 20d_high & adx>25,3,0,,,0,,0,,0.0004526386537719616,-0.0009208384857374589,-
BTCUSDT,<lower_bb & 20d_high & btc>ema50,3,0,,,0,,0,,0.0004526386537719616,-0.0009208384857374589,-
BTCUSDT,<lower_bb & 20d_high & funding<0,3,0,,,0,,0,,0.0004526386537719616,-0.0009208384857374589,-
BTCUSDT,<lower_bb & 20d_low & adx>25,3,55,-0.005819170991897325,-0.9086929013707576,33,-0.004368426577554163,22,-0.007995287613412077,0.0004526386537719616,-0.0009208384857374589,-
BTCUSDT,<lower_bb & 20d_low & btc>ema50,3,6,0.001104269658155364,0.1538035260559991,3,0.0035497160927498647,3,-0.001341176776439137,0.0004526386537719616,-0.0009208384857374589,-
BTCUSDT,<lower_bb & 20d_low & funding<0,3,12,0.028570771652555994,2.3357655807906794,10,0.03432334622059781,2,-0.00019210118765308065,0.0004526386537719616,-0.0009208384857374589,-
BTCUSDT,<lower_bb & adx>25 & btc>ema50,3,3,0.0035497160927498647,0.5433541057726929,3,0.0035497160927498647,0,,0.0004526386537719616,-0.0009208384857374589,-
BTCUSDT,<lower_bb & adx>25 & funding<0,3,11,0.011347466909077812,0.7350105535304997,9,0.01391181537501801,2,-0.00019210118765308065,0.0004526386537719616,-0.0009208384857374589,-
BTCUSDT,<lower_bb & btc>ema50 & funding<0,3,0,,,0,,0,,0.0004526386537719616,-0.0009208384857374589,-
BTCUSDT,>upper_bb & stoch<20 & dip>3%,3,0,,,0,,0,,0.0004526386537719616,-0.0009208384857374589,-
BTCUSDT,>upper_bb & stoch<20 & pop>3%,3,0,,,0,,0,,0.0004526386537719616,-0.0009208384857374589,-
BTCUSDT,>upper_bb & stoch<20 & vol>1.5x,3,0,,,0,,0,,0.0004526386537719616,-0.0009208384857374589,-
BTCUSDT,>upper_bb & stoch<20 & 20d_high,3,0,,,0,,0,,0.0004526386537719616,-0.0009208384857374589,-
BTCUSDT,>upper_bb & stoch<20 & 20d_low,3,0,,,0,,0,,0.0004526386537719616,-0.0009208384857374589,-
BTCUSDT,>upper_bb & stoch<20 & adx>25,3,0,,,0,,0,,0.0004526386537719616,-0.0009208384857374589,-
BTCUSDT,>upper_bb & stoch<20 & btc>ema50,3,0,,,0,,0,,0.0004526386537719616,-0.0009208384857374589,-
BTCUSDT,>upper_bb & stoch<20 & funding<0,3,0,,,0,,0,,0.0004526386537719616,-0.0009208384857374589,-
BTCUSDT,>upper_bb & dip>3% & pop>3%,3,0,,,0,,0,,0.0004526386537719616,-0.0009208384857374589,-
BTCUSDT,>upper_bb & dip>3% & vol>1.5x,3,0,,,0,,0,,0.0004526386537719616,-0.0009208384857374589,-
BTCUSDT,>upper_bb & dip>3% & 20d_high,3,0,,,0,,0,,0.0004526386537719616,-0.0009208384857374589,-
BTCUSDT,>upper_bb & dip>3% & 20d_low,3,0,,,0,,0,,0.0004526386537719616,-0.0009208384857374589,-
BTCUSDT,>upper_bb & dip>3% & adx>25,3,0,,,0,,0,,0.0004526386537719616,-0.0009208384857374589,-
BTCUSDT,>upper_bb & dip>3% & btc>ema50,3,0,,,0,,0,,0.0004526386537719616,-0.0009208384857374589,-
BTCUSDT,>upper_bb & dip>3% & funding<0,3,0,,,0,,0,,0.0004526386537719616,-0.0009208384857374589,-
BTCUSDT,>upper_bb & pop>3% & vol>1.5x,3,49,0.009731338071336896,1.9120376305452538,35,0.008601321670472124,14,0.012556379073498825,0.0004526386537719616,-0.0009208384857374589,-
BTCUSDT,>upper_bb & pop>3% & 20d_high,3,77,0.004284872050376918,1.1186285327897791,57,0.0037321532608444547,20,0.005860120600544439,0.0004526386537719616,-0.0009208384857374589,-
BTCUSDT,>upper_bb & pop>3% & 20d_low,3,0,,,0,,0,,0.0004526386537719616,-0.0009208384857374589,-
BTCUSDT,>upper_bb & pop>3% & adx>25,3,48,0.005439072455646974,1.0460885124121309,41,0.004100721047516823,7,0.01327798784612357,0.0004526386537719616,-0.0009208384857374589,-
BTCUSDT,>upper_bb & pop>3% & btc>ema50,3,73,0.004412870297683084,1.1078236633751721,54,0.0033161861003950235,19,0.007529762226817567,0.0004526386537719616,-0.0009208384857374589,-
BTCUSDT,>upper_bb & pop>3% & funding<0,3,7,0.006548750993623504,0.7082635725966908,4,0.012289897491408804,3,-0.0011061110034235623,0.0004526386537719616,-0.0009208384857374589,-
BTCUSDT,>upper_bb & vol>1.5x & 20d_high,3,74,0.0033198900195103923,0.7736511312424164,52,0.003478027271301975,22,0.002946111060730292,0.0004526386537719616,-0.0009208384857374589,-
BTCUSDT,>upper_bb & vol>1.5x & 20d_low,3,0,,,0,,0,,0.0004526386537719616,-0.0009208384857374589,-
BTCUSDT,>upper_bb & vol>1.5x & adx>25,3,47,0.0015953921326150517,0.31433097173749924,38,0.0005154174125049021,9,0.006155285395302353,0.0004526386537719616,-0.0009208384857374589,-
BTCUSDT,>upper_bb & vol>1.5x & btc>ema50,3,77,0.002644178671022964,0.6337480950229061,55,0.0021713577355938047,22,0.0038262310095958665,0.0004526386537719616,-0.0009208384857374589,-
BTCUSDT,>upper_bb & vol>1.5x & funding<0,3,3,0.020370283267290474,1.0490657057758157,3,0.020370283267290474,0,,0.0004526386537719616,-0.0009208384857374589,-
BTCUSDT,>upper_bb & 20d_high & 20d_low,3,0,,,0,,0,,0.0004526386537719616,-0.0009208384857374589,-
BTCUSDT,>upper_bb & 20d_high & adx>25,3,79,0.0004936277505734475,0.1192426112568364,64,0.0014003530609043879,15,-0.0033750669068385525,0.0004526386537719616,-0.0009208384857374589,-
BTCUSDT,>upper_bb & 20d_high & btc>ema50,3,141,0.0019058810455460642,0.6723218131064753,97,0.003521363202446187,44,-0.0016555228003473884,0.0004526386537719616,-0.0009208384857374589,-
BTCUSDT,>upper_bb & 20d_high & funding<0,3,10,0.0028431474834000894,0.4161024113402272,5,0.00895288481035317,5,-0.0032665898435529903,0.0004526386537719616,-0.0009208384857374589,-
BTCUSDT,>upper_bb & 20d_low & adx>25,3,0,,,0,,0,,0.0004526386537719616,-0.0009208384857374589,-
BTCUSDT,>upper_bb & 20d_low & btc>ema50,3,0,,,0,,0,,0.0004526386537719616,-0.0009208384857374589,-
BTCUSDT,>upper_bb & 20d_low & funding<0,3,0,,,0,,0,,0.0004526386537719616,-0.0009208384857374589,-
BTCUSDT,>upper_bb & adx>25 & btc>ema50,3,93,0.002534390500343236,0.7103572837934625,75,0.0026228247065082145,18,0.002165914641322502,0.0004526386537719616,-0.0009208384857374589,-
BTCUSDT,>upper_bb & adx>25 & funding<0,3,5,0.011076089488288978,0.8681840888213309,3,0.022798354549646387,2,-0.006507308103747132,0.0004526386537719616,-0.0009208384857374589,-
BTCUSDT,>upper_bb & btc>ema50 & funding<0,3,11,0.0034149187161627388,0.5501812184343838,6,0.008982842515925847,5,-0.0032665898435529903,0.0004526386537719616,-0.0009208384857374589,-
BTCUSDT,stoch<20 & dip>3% & pop>3%,3,0,,,0,,0,,0.0004526386537719616,-0.0009208384857374589,-
BTCUSDT,stoch<20 & dip>3% & vol>1.5x,3,51,0.004959592194832799,0.8150180655407147,27,0.017786039447661956,24,-0.0094701609646,0.0004526386537719616,-0.0009208384857374589,-
BTCUSDT,stoch<20 & dip>3% & 20d_high,3,0,,,0,,0,,0.0004526386537719616,-0.0009208384857374589,-
BTCUSDT,stoch<20 & dip>3% & 20d_low,3,75,0.0047586194738435264,0.8363514201461204,44,0.013750703277879573,31,-0.00800433818349796,0.0004526386537719616,-0.0009208384857374589,-
BTCUSDT,stoch<20 & dip>3% & adx>25,3,54,0.0060937484208476505,0.8828685055483567,34,0.019833189528199523,20,-0.017263301461650525,0.0004526386537719616,-0.0009208384857374589,-
BTCUSDT,stoch<20 & dip>3% & btc>ema50,3,13,0.024270055930932337,2.23044165343714,11,0.025725415892990166,2,0.016265576139614248,0.0004526386537719616,-0.0009208384857374589,-
BTCUSDT,stoch<20 & dip>3% & funding<0,3,12,0.035165908050942954,2.522189505714221,8,0.059197476737060765,4,-0.01289722932129269,0.0004526386537719616,-0.0009208384857374589,-
BTCUSDT,stoch<20 & pop>3% & vol>1.5x,3,1,,,1,,0,,0.0004526386537719616,-0.0009208384857374589,-
BTCUSDT,stoch<20 & pop>3% & 20d_high,3,0,,,0,,0,,0.0004526386537719616,-0.0009208384857374589,-
BTCUSDT,stoch<20 & pop>3% & 20d_low,3,0,,,0,,0,,0.0004526386537719616,-0.0009208384857374589,-
BTCUSDT,stoch<20 & pop>3% & adx>25,3,1,,,1,,0,,0.0004526386537719616,-0.0009208384857374589,-
BTCUSDT,stoch<20 & pop>3% & btc>ema50,3,0,,,0,,0,,0.0004526386537719616,-0.0009208384857374589,-
BTCUSDT,stoch<20 & pop>3% & funding<0,3,2,-0.025621141482619396,-20.653915442209577,2,-0.025621141482619396,0,,0.0004526386537719616,-0.0009208384857374589,-
BTCUSDT,stoch<20 & vol>1.5x & 20d_high,3,0,,,0,,0,,0.0004526386537719616,-0.0009208384857374589,-
BTCUSDT,stoch<20 & vol>1.5x & 20d_low,3,58,0.001361782915846397,0.24937174812964422,29,0.013740561004249963,29,-0.011016995172557158,0.0004526386537719616,-0.0009208384857374589,-
BTCUSDT,stoch<20 & vol>1.5x & adx>25,3,44,-0.004356368069828015,-0.6303685486526127,23,0.007660572116388959,21,-0.01751777874997041,0.0004526386537719616,-0.0009208384857374589,-
BTCUSDT,stoch<20 & vol>1.5x & btc>ema50,3,5,0.021758572838167244,1.1884035538253943,3,0.03679126898287342,2,-0.000790471378892009,0.0004526386537719616,-0.0009208384857374589,-
BTCUSDT,stoch<20 & vol>1.5x & funding<0,3,9,0.018865975944476622,1.4772043580212115,6,0.03430257875170327,3,-0.012007229669976678,0.0004526386537719616,-0.0009208384857374589,-
BTCUSDT,stoch<20 & 20d_high & 20d_low,3,0,,,0,,0,,0.0004526386537719616,-0.0009208384857374589,-
BTCUSDT,stoch<20 & 20d_high & adx>25,3,0,,,0,,0,,0.0004526386537719616,-0.0009208384857374589,-
BTCUSDT,stoch<20 & 20d_high & btc>ema50,3,0,,,0,,0,,0.0004526386537719616,-0.0009208384857374589,-
BTCUSDT,stoch<20 & 20d_high & funding<0,3,0,,,0,,0,,0.0004526386537719616,-0.0009208384857374589,-
BTCUSDT,stoch<20 & 20d_low & adx>25,3,95,0.0003476756480608151,0.07611303990117725,52,0.00504581302030547,43,-0.005333792802095511,0.0004526386537719616,-0.0009208384857374589,-
BTCUSDT,stoch<20 & 20d_low & btc>ema50,3,19,0.013075627102502395,2.003894940760309,10,0.02077129872004261,9,0.00452488086079105,0.0004526386537719616,-0.0009208384857374589,-
BTCUSDT,stoch<20 & 20d_low & funding<0,3,21,0.017334642937451086,1.9194080697659521,15,0.026006038614681405,6,-0.004343846255624712,0.0004526386537719616,-0.0009208384857374589,-
BTCUSDT,stoch<20 & adx>25 & btc>ema50,3,40,0.01079742204811071,2.249128797031363,24,0.01674342364988478,16,0.0018784196454496097,0.0004526386537719616,-0.0009208384857374589,-
BTCUSDT,stoch<20 & adx>25 & funding<0,3,23,0.014328068977726465,1.7288457180467338,16,0.018650876025472274,7,0.004447367154307455,0.0004526386537719616,-0.0009208384857374589,-
BTCUSDT,stoch<20 & btc>ema50 & funding<0,3,0,,,0,,0,,0.0004526386537719616,-0.0009208384857374589,-
BTCUSDT,dip>3% & pop>3% & vol>1.5x,3,0,,,0,,0,,0.0004526386537719616,-0.0009208384857374589,-
BTCUSDT,dip>3% & pop>3% & 20d_high,3,0,,,0,,0,,0.0004526386537719616,-0.0009208384857374589,-
BTCUSDT,dip>3% & pop>3% & 20d_low,3,0,,,0,,0,,0.0004526386537719616,-0.0009208384857374589,-
BTCUSDT,dip>3% & pop>3% & adx>25,3,0,,,0,,0,,0.0004526386537719616,-0.0009208384857374589,-
BTCUSDT,dip>3% & pop>3% & btc>ema50,3,0,,,0,,0,,0.0004526386537719616,-0.0009208384857374589,-
BTCUSDT,dip>3% & pop>3% & funding<0,3,0,,,0,,0,,0.0004526386537719616,-0.0009208384857374589,-
BTCUSDT,dip>3% & vol>1.5x & 20d_high,3,0,,,0,,0,,0.0004526386537719616,-0.0009208384857374589,-
BTCUSDT,dip>3% & vol>1.5x & 20d_low,3,54,0.002209008688591587,0.34301677113439266,29,0.009182636327776463,25,-0.005880399372862865,0.0004526386537719616,-0.0009208384857374589,-
BTCUSDT,dip>3% & vol>1.5x & adx>25,3,57,0.0016962338532528077,0.2835047555225017,34,0.01030566419931885,23,-0.011030750136583943,0.0004526386537719616,-0.0009208384857374589,-
BTCUSDT,dip>3% & vol>1.5x & btc>ema50,3,26,0.0044656454871305025,0.6055739190911389,19,0.009187051504198724,7,-0.00834959941634038,0.0004526386537719616,-0.0009208384857374589,-
BTCUSDT,dip>3% & vol>1.5x & funding<0,3,8,0.026921071463463377,1.458283627304679,5,0.052554190672891396,3,-0.01580079388558333,0.0004526386537719616,-0.0009208384857374589,-
BTCUSDT,dip>3% & 20d_high & 20d_low,3,0,,,0,,0,,0.0004526386537719616,-0.0009208384857374589,-
BTCUSDT,dip>3% & 20d_high & adx>25,3,0,,,0,,0,,0.0004526386537719616,-0.0009208384857374589,-
BTCUSDT,dip>3% & 20d_high & btc>ema50,3,0,,,0,,0,,0.0004526386537719616,-0.0009208384857374589,-
BTCUSDT,dip>3% & 20d_high & funding<0,3,0,,,0,,0,,0.0004526386537719616,-0.0009208384857374589,-
BTCUSDT,dip>3% & 20d_low & adx>25,3,58,0.0033391520431129665,0.5139094297086451,37,0.015370536867388903,21,-0.017859002171087473,0.0004526386537719616,-0.0009208384857374589,-
BTCUSDT,dip>3% & 20d_low & btc>ema50,3,9,0.025875346304614424,2.2566689224103804,6,0.0312899735390079,3,0.015046091835827481,0.0004526386537719616,-0.0009208384857374589,-
BTCUSDT,dip>3% & 20d_low & funding<0,3,9,0.04994694116768351,2.7136775116168073,7,0.06988241271004711,2,-0.01982720923058908,0.0004526386537719616,-0.0009208384857374589,-
BTCUSDT,dip>3% & adx>25 & btc>ema50,3,54,0.010333198497196243,1.9337543743074783,47,0.012272844619633457,7,-0.00269013975345361,0.0004526386537719616,-0.0009208384857374589,-
BTCUSDT,dip>3% & adx>25 & funding<0,3,18,0.017397751065448268,1.6339605531840924,11,0.03861410588117333,7,-0.01594223507354825,0.0004526386537719616,-0.0009208384857374589,-
BTCUSDT,dip>3% & btc>ema50 & funding<0,3,2,0.03548181939406118,2.30607761641739,1,,1,,0.0004526386537719616,-0.0009208384857374589,-
BTCUSDT,pop>3% & vol>1.5x & 20d_high,3,60,0.007927849914568642,1.8202821485232208,43,0.006813038178459669,17,0.010747667835314867,0.0004526386537719616,-0.0009208384857374589,-
BTCUSDT,pop>3% & vol>1.5x & 20d_low,3,0,,,0,,0,,0.0004526386537719616,-0.0009208384857374589,-
BTCUSDT,pop>3% & vol>1.5x & adx>25,3,48,0.0011777985498303651,0.22151848833502102,38,0.002660160494031982,10,-0.004455176838135779,0.0004526386537719616,-0.0009208384857374589,-
BTCUSDT,pop>3% & vol>1.5x & btc>ema50,3,66,0.007132301700653036,1.790308605980596,46,0.0066191162009406985,20,0.008312628349991419,0.0004526386537719616,-0.0009208384857374589,-
BTCUSDT,pop>3% & vol>1.5x & funding<0,3,9,-0.008696983146021266,-0.6218800053540955,7,0.00393225529756896,2,-0.05289931769858705,0.0004526386537719616,-0.0009208384857374589,-
BTCUSDT,pop>3% & 20d_high & 20d_low,3,0,,,0,,0,,0.0004526386537719616,-0.0009208384857374589,-
BTCUSDT,pop>3% & 20d_high & adx>25,3,89,0.001665382668654184,0.48398165374836366,77,0.0010703463897885127,12,0.005483532124708909,0.0004526386537719616,-0.0009208384857374589,-
BTCUSDT,pop>3% & 20d_high & btc>ema50,3,124,0.001998230411031409,0.7094440929789513,94,0.0018068458213092791,30,0.0025979021254940856,0.0004526386537719616,-0.0009208384857374589,-
BTCUSDT,pop>3% & 20d_high & funding<0,3,9,0.01154868191771165,1.3437231112873451,6,0.017876078378279255,3,-0.0011061110034235623,0.0004526386537719616,-0.0009208384857374589,-
BTCUSDT,pop>3% & 20d_low & adx>25,3,0,,,0,,0,,0.0004526386537719616,-0.0009208384857374589,-
BTCUSDT,pop>3% & 20d_low & btc>ema50,3,0,,,0,,0,,0.0004526386537719616,-0.0009208384857374589,-
BTCUSDT,pop>3% & 20d_low & funding<0,3,0,,,0,,0,,0.0004526386537719616,-0.0009208384857374589,-
BTCUSDT,pop>3% & adx>25 & btc>ema50,3,120,0.0009157117987590305,0.32190049391260955,104,0.0002620662856790123,16,0.005164407633779149,0.0004526386537719616,-0.0009208384857374589,-
BTCUSDT,pop>3% & adx>25 & funding<0,3,17,-0.0012156091961665523,-0.170101777300964,12,0.006001149501350098,5,-0.01853583007020652,0.0004526386537719616,-0.0009208384857374589,-
BTCUSDT,pop>3% & btc>ema50 & funding<0,3,11,0.011084607747713145,1.5004050745325388,7,0.019231291948914524,4,-0.0031720896043892707,0.0004526386537719616,-0.0009208384857374589,-
BTCUSDT,vol>1.5x & 20d_high & 20d_low,3,0,,,0,,0,,0.0004526386537719616,-0.0009208384857374589,-
BTCUSDT,vol>1.5x & 20d_high & adx>25,3,64,0.003263579719147402,0.7508190924865711,49,0.004633437964741768,15,-0.0012112905497941857,0.0004526386537719616,-0.0009208384857374589,-
BTCUSDT,vol>1.5x & 20d_high & btc>ema50,3,98,0.004035847109583322,1.1240878134569843,66,0.004912212209582619,32,0.0022283440908347765,0.0004526386537719616,-0.0009208384857374589,-
BTCUSDT,vol>1.5x & 20d_high & funding<0,3,5,0.028869090587261042,1.283256294292166,4,0.040804559868666976,1,,0.0004526386537719616,-0.0009208384857374589,-
BTCUSDT,vol>1.5x & 20d_low & adx>25,3,45,-0.005448386694921726,-0.7954929581110156,22,0.007375423023627898,23,-0.017714639469186583,0.0004526386537719616,-0.0009208384857374589,-
BTCUSDT,vol>1.5x & 20d_low & btc>ema50,3,4,0.0034589896550187363,0.8101683591246476,1,,3,0.0036753934901566435,0.0004526386537719616,-0.0009208384857374589,-
BTCUSDT,vol>1.5x & 20d_low & funding<0,3,9,0.026687905427437774,1.6881647224981868,6,0.046035472976145,3,-0.012007229669976678,0.0004526386537719616,-0.0009208384857374589,-
BTCUSDT,vol>1.5x & adx>25 & btc>ema50,3,110,0.004944466149861789,1.5449195394076811,82,0.005589700936005874,28,0.003054849990439822,0.0004526386537719616,-0.0009208384857374589,-
BTCUSDT,vol>1.5x & adx>25 & funding<0,3,24,0.0024152686568328333,0.2530880163493698,15,0.015404260416907702,9,-0.019233050943291946,0.0004526386537719616,-0.0009208384857374589,-
BTCUSDT,vol>1.5x & btc>ema50 & funding<0,3,9,0.019173954003650056,1.4972577897135058,8,0.023929796571401648,1,,0.0004526386537719616,-0.0009208384857374589,-
BTCUSDT,20d_high & 20d_low & adx>25,3,0,,,0,,0,,0.0004526386537719616,-0.0009208384857374589,-
BTCUSDT,20d_high & 20d_low & btc>ema50,3,0,,,0,,0,,0.0004526386537719616,-0.0009208384857374589,-
BTCUSDT,20d_high & 20d_low & funding<0,3,0,,,0,,0,,0.0004526386537719616,-0.0009208384857374589,-
BTCUSDT,20d_high & adx>25 & btc>ema50,3,192,0.003132149272756008,1.2732405000296914,145,0.003799497256182792,47,0.0010733097494180618,0.0004526386537719616,-0.0009208384857374589,-
BTCUSDT,20d_high & adx>25 & funding<0,3,13,0.014524571273967972,1.5485976051544115,7,0.02950370698157751,6,-0.0029510870515764864,0.0004526386537719616,-0.0009208384857374589,-
BTCUSDT,20d_high & btc>ema50 & funding<0,3,27,0.005565191078592423,1.009803245782229,10,0.023362558933359114,17,-0.004903848835976219,0.0004526386537719616,-0.0009208384857374589,-
BTCUSDT,20d_low & adx>25 & btc>ema50,3,16,0.015989578232508975,2.216505719077242,10,0.02110857936437067,6,0.007457909679406144,0.0004526386537719616,-0.0009208384857374589,-
BTCUSDT,20d_low & adx>25 & funding<0,3,16,0.019605560711867955,1.7073685242605476,11,0.03283493489054654,5,-0.00949906248122494,0.0004526386537719616,-0.0009208384857374589,-
BTCUSDT,20d_low & btc>ema50 & funding<0,3,0,,,0,,0,,0.0004526386537719616,-0.0009208384857374589,-
BTCUSDT,adx>25 & btc>ema50 & funding<0,3,33,0.006455345029086299,1.4400174729525121,17,0.015270099677162908,16,-0.002910331784495096,0.0004526386537719616,-0.0009208384857374589,-
ETHUSDT,rsi<30,1,71,0.0015163381109689646,0.19593190805743269,37,0.0003148135784810959,34,0.0028238795139704695,0.001286049276508669,-0.0010680803423527912,-
ETHUSDT,rsi>70,1,226,0.003195610001950148,1.0488583721815696,163,0.0027575733463443713,63,0.004328942936295259,0.001286049276508669,-0.0010680803423527912,-
ETHUSDT,rsi50-70,1,938,0.0015302109364516332,1.178263590806018,594,0.0019765582190564915,344,0.0007594833612560365,0.001286049276508669,-0.0010680803423527912,-
ETHUSDT,>ema20,1,1126,0.001906094876785944,1.5826858560492214,730,0.002388419590381166,396,0.001016960935057376,0.001286049276508669,-0.0010680803423527912,-
ETHUSDT,>ema50,1,1174,0.0010545969626611213,0.8975731239032155,794,0.0019753142370114076,380,-0.0008692175526918465,0.001286049276508669,-0.0010680803423527912,-
ETHUSDT,ema20>ema50,1,1246,0.0015609330426085994,1.3059403560220748,861,0.002441302528159296,385,-0.0004078932614411409,0.001286049276508669,-0.0010680803423527912,-
ETHUSDT,>sma200,1,1262,0.0017516090233900847,1.4953387832032132,900,0.0027098745105304466,362,-0.0006308189833124734,0.001286049276508669,-0.0010680803423527912,-
ETHUSDT,macd>signal,1,1167,0.0002020234703139902,0.17931210076559898,720,0.0012354325569598258,447,-0.0014625280786457445,0.001286049276508669,-0.0010680803423527912,-
ETHUSDT,macd_hist_up,1,1152,0.0009556990454668279,0.8635688715597288,687,0.002307942661267647,465,-0.0010421318449743845,0.001286049276508669,-0.0010680803423527912,-
ETHUSDT,<lower_bb,1,111,0.007019651452041165,1.1675296755034328,54,0.012419017337485981,57,0.0019044627184618646,0.001286049276508669,-0.0010680803423527912,-
ETHUSDT,>upper_bb,1,168,0.004451510250866484,1.5212450585538617,111,0.004336199894325323,57,0.0046760619978150645,0.001286049276508669,-0.0010680803423527912,-
ETHUSDT,stoch<20,1,294,0.0016660711305948222,0.601940710141483,163,0.0025791318550077054,131,0.0005299726719742093,0.001286049276508669,-0.0010680803423527912,-
ETHUSDT,dip>3%,1,361,0.0026452100063375844,0.9925783109418147,231,0.006748264541471239,130,-0.00464560228301529,0.001286049276508669,-0.0010680803423527912,-
ETHUSDT,pop>3%,1,408,-0.0009453262221836431,-0.44398261776898346,285,7.336754931401495e-06,123,-0.0031527160472063073,0.001286049276508669,-0.0010680803423527912,-
ETHUSDT,vol>1.5x,1,315,0.0006925187320335442,0.2595778908190578,192,0.0036544171561707153,123,-0.003930932466619596,0.001286049276508669,-0.0010680803423527912,-
ETHUSDT,20d_high,1,321,0.0028501198750712467,1.261545173222979,226,0.004868084998176558,95,-0.001950512944105596,0.001286049276508669,-0.0010680803423527912,-
ETHUSDT,20d_low,1,200,0.003159871339222428,0.7926208403247529,102,0.008267541024993613,98,-0.0021562746602537025,0.001286049276508669,-0.0010680803423527912,-
ETHUSDT,adx>25,1,1342,-0.00013470704920339366,-0.11336890450707478,797,0.0014121059531935914,545,-0.0023967436783967834,0.001286049276508669,-0.0010680803423527912,-
ETHUSDT,btc>ema50,1,1211,0.0020182585599614507,1.8059444420367232,763,0.0031667310498440233,448,6.226635063019322e-05,0.001286049276508669,-0.0010680803423527912,-
ETHUSDT,funding<0,1,291,0.002364236005423142,0.8790136839050655,159,0.004376374426503379,132,-5.947618360532267e-05,0.001286049276508669,-0.0010680803423527912,-
ETHUSDT,rsi<30 & rsi>70,2,0,,,0,,0,,0.001286049276508669,-0.0010680803423527912,-
ETHUSDT,rsi<30 & rsi50-70,2,0,,,0,,0,,0.001286049276508669,-0.0010680803423527912,-
ETHUSDT,rsi<30 & >ema20,2,0,,,0,,0,,0.001286049276508669,-0.0010680803423527912,-
ETHUSDT,rsi<30 & >ema50,2,0,,,0,,0,,0.001286049276508669,-0.0010680803423527912,-
ETHUSDT,rsi<30 & ema20>ema50,2,1,,,1,,0,,0.001286049276508669,-0.0010680803423527912,-
ETHUSDT,rsi<30 & >sma200,2,0,,,0,,0,,0.001286049276508669,-0.0010680803423527912,-
ETHUSDT,rsi<30 & macd>signal,2,2,-0.014268300461308028,-0.28177957633252376,2,-0.014268300461308028,0,,0.001286049276508669,-0.0010680803423527912,-
ETHUSDT,rsi<30 & macd_hist_up,2,20,0.0030349781784728466,0.3366047000826594,12,-0.0034736392525232026,8,0.01279790432496692,0.001286049276508669,-0.0010680803423527912,-
ETHUSDT,rsi<30 & <lower_bb,2,38,0.006880774118470738,0.5854568251838946,17,0.00017317921321609105,21,0.012310731898914972,0.001286049276508669,-0.0010680803423527912,-
ETHUSDT,rsi<30 & >upper_bb,2,0,,,0,,0,,0.001286049276508669,-0.0010680803423527912,-
ETHUSDT,rsi<30 & stoch<20,2,45,0.01063605818827,0.947937489586465,21,0.010730607817208901,24,0.010553327262948454,0.001286049276508669,-0.0010680803423527912,-
ETHUSDT,rsi<30 & dip>3%,2,36,0.007649905377947426,0.6019343054975252,18,0.012997966959911005,18,0.002301843795983847,0.001286049276508669,-0.0010680803423527912,-
ETHUSDT,rsi<30 & pop>3%,2,4,-0.023239527123695695,-1.820818050995114,2,-0.021089457255375442,2,-0.02538959699201595,0.001286049276508669,-0.0010680803423527912,-
ETHUSDT,rsi<30 & vol>1.5x,2,33,-0.016726003948891444,-1.379964604486821,16,-0.010860026449524924,17,-0.022246923948295232,0.001286049276508669,-0.0010680803423527912,-
ETHUSDT,rsi<30 & 20d_high,2,0,,,0,,0,,0.001286049276508669,-0.0010680803423527912,-
ETHUSDT,rsi<30 & 20d_low,2,43,0.006574365294660112,0.5746491445067714,19,0.01001807298590225,24,0.0038480967057600833,0.001286049276508669,-0.0010680803423527912,-
ETHUSDT,rsi<30 & adx>25,2,70,0.000957436274477551,0.12227842710469458,37,0.0003148135784810959,33,0.0016779526305947916,0.001286049276508669,-0.0010680803423527912,-
ETHUSDT,rsi<30 & btc>ema50,2,0,,,0,,0,,0.001286049276508669,-0.0010680803423527912,-
ETHUSDT,rsi<30 & funding<0,2,43,0.005383688410049908,0.48158481542090714,24,0.003680758552821414,19,0.00753475770339116,0.001286049276508669,-0.0010680803423527912,-
ETHUSDT,rsi>70 & rsi50-70,2,0,,,0,,0,,0.001286049276508669,-0.0010680803423527912,-
ETHUSDT,rsi>70 & >ema20,2,226,0.003195610001950148,1.0488583721815696,163,0.0027575733463443713,63,0.004328942936295259,0.001286049276508669,-0.0010680803423527912,-
ETHUSDT,rsi>70 & >ema50,2,226,0.003195610001950148,1.0488583721815696,163,0.0027575733463443713,63,0.004328942936295259,0.001286049276508669,-0.0010680803423527912,-
ETHUSDT,rsi>70 & ema20>ema50,2,218,0.002699624849329984,0.8694325564882135,159,0.003110736526804989,59,0.0015917137185075126,0.001286049276508669,-0.0010680803423527912,-
ETHUSDT,rsi>70 & >sma200,2,205,0.0035051290202143654,1.077101696507696,152,0.0033210888003960535,53,0.004032942480825368,0.001286049276508669,-0.0010680803423527912,-
ETHUSDT,rsi>70 & macd>signal,2,223,0.003243234737067922,1.0522360744512766,161,0.0026076669859800812,62,0.004893660671344414,0.001286049276508669,-0.0010680803423527912,-
ETHUSDT,rsi>70 & macd_hist_up,2,134,0.0070510436368080975,1.7012495042874216,98,0.005713790021686572,36,0.010691345144638915,0.001286049276508669,-0.0010680803423527912,-
ETHUSDT,rsi>70 & <lower_bb,2,0,,,0,,0,,0.001286049276508669,-0.0010680803423527912,-
ETHUSDT,rsi>70 & >upper_bb,2,90,0.0028376923742152436,0.7387425536839727,61,-0.0010699963099880295,29,0.01105731339960834,0.001286049276508669,-0.0010680803423527912,-
ETHUSDT,rsi>70 & stoch<20,2,0,,,0,,0,,0.001286049276508669,-0.0010680803423527912,-
ETHUSDT,rsi>70 & dip>3%,2,9,0.025103352772670715,2.232539972358838,5,0.04695761829412113,4,-0.0022144791291422924,0.001286049276508669,-0.0010680803423527912,-
ETHUSDT,rsi>70 & pop>3%,2,82,0.0016991156913883196,0.3185154312169271,58,-0.000428795247670551,24,0.006841567127447258,0.001286049276508669,-0.0010680803423527912,-
ETHUSDT,rsi>70 & vol>1.5x,2,97,0.007141649844628704,1.64578143231001,65,0.0054755959009642466,32,0.010525821917697133,0.001286049276508669,-0.0010680803423527912,-
ETHUSDT,rsi>70 & 20d_high,2,137,0.0056333741137226225,1.4055499637359272,104,0.0045480967414201065,33,0.009053642196130548,0.001286049276508669,-0.0010680803423527912,-
ETHUSDT,rsi>70 & 20d_low,2,0,,,0,,0,,0.001286049276508669,-0.0010680803423527912,-
ETHUSDT,rsi>70 & adx>25,2,197,0.0016691365872283476,0.5041422975932353,148,0.00328848142327963,49,-0.0032219457747224606,0.001286049276508669,-0.0010680803423527912,-
ETHUSDT,rsi>70 & btc>ema50,2,224,0.0033302680503799554,1.1058222304999212,161,0.0029394822254565785,63,0.004328942936295259,0.001286049276508669,-0.0010680803423527912,-
ETHUSDT,rsi>70 & funding<0,2,0,,,0,,0,,0.001286049276508669,-0.0010680803423527912,-
ETHUSDT,rsi50-70 & >ema20,2,868,0.0018344842645754678,1.391332482805665,549,0.002549984183928079,319,0.000603106660423169,0.001286049276508669,-0.0010680803423527912,-
ETHUSDT,rsi50-70 & >ema50,2,837,0.0009615176874094337,0.71589443268156,554,0.002017061396989321,283,-0.00110481169459501,0.001286049276508669,-0.0010680803423527912,-
ETHUSDT,rsi50-70 & ema20>ema50,2,715,0.0008243860490034672,0.548773120691048,491,0.0012759959457763997,224,-0.00016552671579791838,0.001286049276508669,-0.0010680803423527912,-
ETHUSDT,rsi50-70 & >sma200,2,632,0.001810226826082764,1.118729221046011,476,0.002210835694388073,156,0.0005878561766383567,0.001286049276508669,-0.0010680803423527912,-
ETHUSDT,rsi50-70 & macd>signal,2,594,0.0015734882668297658,1.0310546573746144,380,0.00286432627511466,214,-0.0007186539908723836,0.001286049276508669,-0.0010680803423527912,-
ETHUSDT,rsi50-70 & macd_hist_up,2,472,0.00031010923717274405,0.18095303387324452,299,0.0008503306344851369,173,-0.000623568206737114,0.001286049276508669,-0.0010680803423527912,-
ETHUSDT,rsi50-70 & <lower_bb,2,0,,,0,,0,,0.001286049276508669,-0.0010680803423527912,-
ETHUSDT,rsi50-70 & >upper_bb,2,77,0.007822490484988665,1.8219902096897576,50,0.010931759263587611,27,0.002064585339435058,0.001286049276508669,-0.0010680803423527912,-
ETHUSDT,rsi50-70 & stoch<20,2,7,-0.01178785393540239,-0.9782567916273561,2,-0.022020647876589274,5,-0.007694736358927633,0.001286049276508669,-0.0010680803423527912,-
ETHUSDT,rsi50-70 & dip>3%,2,101,0.01039299845069995,2.291703634041376,80,0.012240466949603812,21,0.0033550232167804685,0.001286049276508669,-0.0010680803423527912,-
ETHUSDT,rsi50-70 & pop>3%,2,211,0.0003944967708052841,0.14602339426500013,157,0.0006114483398089513,54,-0.00023626982796463291,0.001286049276508669,-0.0010680803423527912,-
ETHUSDT,rsi50-70 & vol>1.5x,2,107,0.0028279635365510945,0.7545711190372926,73,0.005651897489739151,34,-0.0032351887747056117,0.001286049276508669,-0.0010680803423527912,-
ETHUSDT,rsi50-70 & 20d_high,2,182,0.0013869386129102786,0.5482279708692448,122,0.005140861872788612,60,-0.006246038682175666,0.001286049276508669,-0.0010680803423527912,-
ETHUSDT,rsi50-70 & 20d_low,2,1,,,0,,1,,0.001286049276508669,-0.0010680803423527912,-
ETHUSDT,rsi50-70 & adx>25,2,465,0.002062418826938222,1.0585981044904393,304,0.003018274029542944,161,0.0002575742207777528,0.001286049276508669,-0.0010680803423527912,-
ETHUSDT,rsi50-70 & btc>ema50,2,762,0.002214460344889164,1.6142165276704525,499,0.003016493324082614,263,0.0006927323729593822,0.001286049276508669,-0.0010680803423527912,-
ETHUSDT,rsi50-70 & funding<0,2,59,0.0006392350033671363,0.13708161096387814,21,0.004020516820553041,38,-0.0012293681061303363,0.001286049276508669,-0.0010680803423527912,-
ETHUSDT,>ema20 & >ema50,2,993,0.0016958636939197421,1.3470999035548203,672,0.002667860422980916,321,-0.00033897058000271726,0.001286049276508669,-0.0010680803423527912,-
ETHUSDT,>ema20 & ema20>ema50,2,863,0.0015468699020293037,1.1138220731107917,605,0.0022264245487523386,258,-4.665940520882131e-05,0.001286049276508669,-0.0010680803423527912,-
ETHUSDT,>ema20 & >sma200,2,789,0.002616342846175349,1.775786040785831,591,0.002994614782738508,198,0.001487258429464102,0.001286049276508669,-0.0010680803423527912,-
ETHUSDT,>ema20 & macd>signal,2,842,0.0018231325090226676,1.3272670243774776,553,0.002733514360642726,289,8.112156111300653e-05,0.001286049276508669,-0.0010680803423527912,-
ETHUSDT,>ema20 & macd_hist_up,2,618,0.0017834360217578895,1.1088271868198436,399,0.0023963150115429315,219,0.0006668208759851416,0.001286049276508669,-0.0010680803423527912,-
ETHUSDT,>ema20 & <lower_bb,2,0,,,0,,0,,0.001286049276508669,-0.0010680803423527912,-
ETHUSDT,>ema20 & >upper_bb,2,168,0.004451510250866484,1.5212450585538617,111,0.004336199894325323,57,0.0046760619978150645,0.001286049276508669,-0.0010680803423527912,-
ETHUSDT,>ema20 & stoch<20,2,0,,,0,,0,,0.001286049276508669,-0.0010680803423527912,-
ETHUSDT,>ema20 & dip>3%,2,95,0.010100512908666355,2.162364690261569,74,0.012721151583376873,21,0.0008658813882578484,0.001286049276508669,-0.0010680803423527912,-
ETHUSDT,>ema20 & pop>3%,2,299,0.0004684110161797265,0.19412191402877893,218,0.00026323232336022555,81,0.001020620337595172,0.001286049276508669,-0.0010680803423527912,-
ETHUSDT,>ema20 & vol>1.5x,2,199,0.004592053276374798,1.5743855863792269,135,0.004994319525474125,64,0.0037435229071809063,0.001286049276508669,-0.0010680803423527912,-
ETHUSDT,>ema20 & 20d_high,2,321,0.0028501198750712467,1.261545173222979,226,0.004868084998176558,95,-0.001950512944105596,0.001286049276508669,-0.0010680803423527912,-
ETHUSDT,>ema20 & 20d_low,2,0,,,0,,0,,0.001286049276508669,-0.0010680803423527912,-
ETHUSDT,>ema20 & adx>25,2,655,0.0018178093527529825,1.1080613274565196,445,0.003439689371364164,210,-0.001619031639065948,0.001286049276508669,-0.0010680803423527912,-
ETHUSDT,>ema20 & btc>ema50,2,946,0.002313282870497791,1.7921588985734007,629,0.0027083531964413043,317,0.001529373611764446,0.001286049276508669,-0.0010680803423527912,-
ETHUSDT,>ema20 & funding<0,2,56,0.0018256816983127804,0.40017187265021664,22,0.008067935717907645,34,-0.002213423843778012,0.001286049276508669,-0.0010680803423527912,-
ETHUSDT,>ema50 & ema20>ema50,2,1044,0.0008515832486141202,0.6670859780929357,727,0.0015441322585131325,317,-0.0007366916100501746,0.001286049276508669,-0.0010680803423527912,-
ETHUSDT,>ema50 & >sma200,2,915,0.0019621515464664716,1.4305728305316354,691,0.00272974012251353,224,-0.0004057221412501247,0.001286049276508669,-0.0010680803423527912,-
ETHUSDT,>ema50 & macd>signal,2,722,0.0009549904315147368,0.6549207115885124,503,0.0025227881267593966,219,-0.0026459330420380662,0.001286049276508669,-0.0010680803423527912,-
ETHUSDT,>ema50 & macd_hist_up,2,596,0.001491559129145251,0.9514133269808972,404,0.002315105050727501,192,-0.00024131874751739902,0.001286049276508669,-0.0010680803423527912,-
ETHUSDT,>ema50 & <lower_bb,2,2,0.020023107128487184,4.4193459909464,1,,1,,0.001286049276508669,-0.0010680803423527912,-
ETHUSDT,>ema50 & >upper_bb,2,162,0.0038373593209169304,1.4234381901421507,109,0.0028969025577025268,53,0.005771506249037121,0.001286049276508669,-0.0010680803423527912,-
ETHUSDT,>ema50 & stoch<20,2,29,-0.0001718699348002571,-0.039443828656271794,16,-0.0020967816182871704,13,0.0021972521371836366,0.001286049276508669,-0.0010680803423527912,-
ETHUSDT,>ema50 & dip>3%,2,130,0.008272440670846459,2.0514002730256236,100,0.012177253437801508,30,-0.004743601885670363,0.001286049276508669,-0.0010680803423527912,-
ETHUSDT,>ema50 & pop>3%,2,276,0.00019645371905610995,0.07628180126021605,209,0.0002378393402262854,67,6.735528883870024e-05,0.001286049276508669,-0.0010680803423527912,-
ETHUSDT,>ema50 & vol>1.5x,2,206,0.004854134720116476,1.66771306236725,142,0.005550838338487942,64,0.0033083235668547872,0.001286049276508669,-0.0010680803423527912,-
ETHUSDT,>ema50 & 20d_high,2,304,0.0036574995135404743,1.5702473752524793,220,0.005414020048066507,84,-0.0009429114102181825,0.001286049276508669,-0.0010680803423527912,-
ETHUSDT,>ema50 & 20d_low,2,9,0.0071147528373776015,0.8220855215196969,7,0.012529733625714388,2,-0.011837679921801146,0.001286049276508669,-0.0010680803423527912,-
ETHUSDT,>ema50 & adx>25,2,658,0.001561949466546277,0.9271038187521531,456,0.0029583976790561236,202,-0.0015904286765452598,0.001286049276508669,-0.0010680803423527912,-
ETHUSDT,>ema50 & btc>ema50,2,1020,0.001778188930540541,1.457379172822374,701,0.0030875289218087877,319,-0.0010990754389862314,0.001286049276508669,-0.0010680803423527912,-
ETHUSDT,>ema50 & funding<0,2,51,-5.6711363334830904e-05,-0.01042608494602183,22,-0.0013467290860102307,29,0.0009219227711085719,0.001286049276508669,-0.0010680803423527912,-
ETHUSDT,ema20>ema50 & >sma200,2,1034,0.002632835235818453,1.978065832091381,775,0.0033780034975530206,259,0.00040308464568605644,0.001286049276508669,-0.0010680803423527912,-
ETHUSDT,ema20>ema50 & macd>signal,2,607,0.0005609127335078042,0.34062857388970075,444,0.0018446351399715227,163,-0.002935852594528337,0.001286049276508669,-0.0010680803423527912,-
ETHUSDT,ema20>ema50 & macd_hist_up,2,567,0.0016549764417724266,0.9945324307723787,397,0.0021244513883627207,170,0.000558614360617448,0.001286049276508669,-0.0010680803423527912,-
ETHUSDT,ema20>ema50 & <lower_bb,2,35,0.032233393695440815,2.753862727470036,21,0.04499480976101959,14,0.013091269597072661,0.001286049276508669,-0.0010680803423527912,-
ETHUSDT,ema20>ema50 & >upper_bb,2,123,0.004424848253140772,1.3953488281751083,90,0.002649604526271182,33,0.009266422053694197,0.001286049276508669,-0.0010680803423527912,-
ETHUSDT,ema20>ema50 & stoch<20,2,102,0.00872734851777104,2.2682985041314985,70,0.012274663770611217,32,0.0009675964021831586,0.001286049276508669,-0.0010680803423527912,-
ETHUSDT,ema20>ema50 & dip>3%,2,190,0.008704347947411097,2.2534570782180015,144,0.012886742660070623,46,-0.004388365935696984,0.001286049276508669,-0.0010680803423527912,-
ETHUSDT,ema20>ema50 & pop>3%,2,254,0.0009949290869126549,0.3579817730938385,199,0.0012215630461766345,55,0.00017492621612116995,0.001286049276508669,-0.0010680803423527912,-
ETHUSDT,ema20>ema50 & vol>1.5x,2,209,0.0057592474202142405,1.7888496978117465,147,0.00689628214374025,62,0.003063374769273538,0.001286049276508669,-0.0010680803423527912,-
ETHUSDT,ema20>ema50 & 20d_high,2,238,0.004350181830847058,1.5692107977215324,186,0.005751766293924677,52,-0.0006631779793921212,0.001286049276508669,-0.0010680803423527912,-
ETHUSDT,ema20>ema50 & 20d_low,2,66,0.016774245420712715,2.2734564687846124,41,0.026465226361418428,25,0.0008810366779553416,0.001286049276508669,-0.0010680803423527912,-
ETHUSDT,ema20>ema50 & adx>25,2,692,0.0021244922724930025,1.2110034561793932,475,0.00333567601189008,217,-0.0005267163736526769,0.001286049276508669,-0.0010680803423527912,-
ETHUSDT,ema20>ema50 & btc>ema50,2,982,0.0019252111585173087,1.5295466900522907,675,0.003351312224681143,307,-0.0012103530749048,0.001286049276508669,-0.0010680803423527912,-
ETHUSDT,ema20>ema50 & funding<0,2,77,0.0005620346221215853,0.10079240416421674,44,-0.00014717406326053342,33,0.0015076462026310756,0.001286049276508669,-0.0010680803423527912,-
ETHUSDT,>sma200 & macd>signal,2,643,0.000985542439774623,0.6207595356963385,473,0.0022428880711782987,170,-0.002512836875836781,0.001286049276508669,-0.0010680803423527912,-
ETHUSDT,>sma200 & macd_hist_up,2,635,0.0021945358973666767,1.3930327713248751,451,0.00236951222613551,184,0.001765653700221329,0.001286049276508669,-0.0010680803423527912,-
ETHUSDT,>sma200 & <lower_bb,2,39,0.017854940386968055,1.6691764304415713,28,0.026400129688026193,11,-0.0038964505611799437,0.001286049276508669,-0.0010680803423527912,-
ETHUSDT,>sma200 & >upper_bb,2,120,0.004929308015961064,1.523956425717379,89,0.002524534407763065,31,0.011833335471755324,0.001286049276508669,-0.0010680803423527912,-
ETHUSDT,>sma200 & stoch<20,2,92,0.0051672162771171,1.296236206159192,67,0.007659684689132957,25,-0.0015125990670853975,0.001286049276508669,-0.0010680803423527912,-
ETHUSDT,>sma200 & dip>3%,2,191,0.005870698286934464,1.5968394905070498,145,0.01124922241751605,46,-0.011083345168159663,0.001286049276508669,-0.0010680803423527912,-
ETHUSDT,>sma200 & pop>3%,2,274,0.0015603826052405516,0.5772071790216418,211,0.0021369556331453372,63,-0.00037067944059928563,0.001286049276508669,-0.0010680803423527912,-
ETHUSDT,>sma200 & vol>1.5x,2,197,0.0059584198741508545,1.918535659218157,140,0.007509129266199828,57,0.0021496599638551332,0.001286049276508669,-0.0010680803423527912,-
ETHUSDT,>sma200 & 20d_high,2,234,0.005045302098936995,1.8076791054087138,183,0.0059300827974342754,51,0.0018705007690349843,0.001286049276508669,-0.0010680803423527912,-
ETHUSDT,>sma200 & 20d_low,2,69,0.009857791484323124,1.4387836100906606,44,0.015874528402897426,25,-0.0007316654923676491,0.001286049276508669,-0.0010680803423527912,-
ETHUSDT,>sma200 & adx>25,2,700,0.0025386400204050613,1.481636447513748,488,0.003411020443192004,212,0.0005305190471973797,0.001286049276508669,-0.0010680803423527912,-
ETHUSDT,>sma200 & btc>ema50,2,921,0.0029739655439247406,2.2676008559190355,666,0.004259254785458741,255,-0.0003829075339640623,0.001286049276508669,-0.0010680803423527912,-
ETHUSDT,>sma200 & funding<0,2,32,0.008251787954861051,0.9345909812921896,17,0.010521745838102281,15,0.005679169020520991,0.001286049276508669,-0.0010680803423527912,-
ETHUSDT,macd>signal & macd_hist_up,2,633,0.0009156192054694743,0.6027394005835685,385,0.002785521180070764,248,-0.001987252811552689,0.001286049276508669,-0.0010680803423527912,-
ETHUSDT,macd>signal & <lower_bb,2,4,-0.027645838391466167,-1.2117167924171404,1,,3,-0.015226221105711873,0.001286049276508669,-0.0010680803423527912,-
ETHUSDT,macd>signal & >upper_bb,2,161,0.0029428311168893805,1.0161673500277704,107,0.0024012245530011253,54,0.004016014493482774,0.001286049276508669,-0.0010680803423527912,-
ETHUSDT,macd>signal & stoch<20,2,26,-0.00811561598890128,-0.8774872373726709,10,-0.01535491365387757,16,-0.0035910549482910965,0.001286049276508669,-0.0010680803423527912,-
ETHUSDT,macd>signal & dip>3%,2,142,-1.2593062998462964e-05,-0.0035701226721248027,99,0.002169920968188799,43,-0.0050374509487551835,0.001286049276508669,-0.0010680803423527912,-
ETHUSDT,macd>signal & pop>3%,2,250,-0.0006117119115683581,-0.23306554785399858,177,-0.00020540487751922229,73,-0.0015968673228929768,0.001286049276508669,-0.0010680803423527912,-
ETHUSDT,macd>signal & vol>1.5x,2,197,0.004600698865715113,1.6192266140451888,132,0.0055667893830113925,65,0.002638791969051903,0.001286049276508669,-0.0010680803423527912,-
ETHUSDT,macd>signal & 20d_high,2,297,0.002259775197157502,0.9617417383147856,210,0.004187325260131061,87,-0.002392931851399363,0.001286049276508669,-0.0010680803423527912,-
ETHUSDT,macd>signal & 20d_low,2,15,-0.008054360992647058,-0.7348232762418472,8,-0.010818071678094314,7,-0.004895834494993048,0.001286049276508669,-0.0010680803423527912,-
ETHUSDT,macd>signal & adx>25,2,732,-4.0919423264066095e-05,-0.02792877957685465,457,0.0015018396830066944,275,-0.0026047045562303866,0.001286049276508669,-0.0010680803423527912,-
ETHUSDT,macd>signal & btc>ema50,2,743,0.0013959955304553584,0.9583264229961928,491,0.0025102540875288275,252,-0.0007750399914615994,0.001286049276508669,-0.0010680803423527912,-
ETHUSDT,macd>signal & funding<0,2,115,0.0032268935933951522,0.9598380371168198,56,0.006391362697639407,59,0.00022332969784128498,0.001286049276508669,-0.0010680803423527912,-
ETHUSDT,macd_hist_up & <lower_bb,2,0,,,0,,0,,0.001286049276508669,-0.0010680803423527912,-
ETHUSDT,macd_hist_up & >upper_bb,2,168,0.004451510250866484,1.5212450585538617,111,0.004336199894325323,57,0.0046760619978150645,0.001286049276508669,-0.0010680803423527912,-
ETHUSDT,macd_hist_up & stoch<20,2,41,0.007340613545485638,1.166482856240237,23,0.01492010602468314,18,-0.0023442935112667155,0.001286049276508669,-0.0010680803423527912,-
ETHUSDT,macd_hist_up & dip>3%,2,38,0.008523575716620374,1.3104882337325616,25,0.01405177176917861,13,-0.002107570538299314,0.001286049276508669,-0.0010680803423527912,-
ETHUSDT,macd_hist_up & pop>3%,2,362,0.0003424687646665868,0.1560074162081736,250,0.0014583998219226922,112,-0.002148448773851505,0.001286049276508669,-0.0010680803423527912,-
ETHUSDT,macd_hist_up & vol>1.5x,2,163,0.0058945520611814635,1.918646834044848,103,0.00918659188093201,60,0.00024321703727635952,0.001286049276508669,-0.0010680803423527912,-
ETHUSDT,macd_hist_up & 20d_high,2,286,0.0030270423436793074,1.2464515434719068,204,0.004429056923747764,82,-0.0004608963677105058,0.001286049276508669,-0.0010680803423527912,-
ETHUSDT,macd_hist_up & 20d_low,2,11,0.0031883245484288754,0.25011015823403177,5,0.01469965334865011,6,-0.006404449451755486,0.001286049276508669,-0.0010680803423527912,-
ETHUSDT,macd_hist_up & adx>25,2,688,-0.0001274672332667799,-0.08457551495153737,397,0.0023789003432635437,291,-0.0035468071916260175,0.001286049276508669,-0.0010680803423527912,-
ETHUSDT,macd_hist_up & btc>ema50,2,620,0.003110912298606639,2.0266352704174313,392,0.003255569288875406,228,0.0028622037890217392,0.001286049276508669,-0.0010680803423527912,-
ETHUSDT,macd_hist_up & funding<0,2,143,-0.00018534830002899243,-0.06103453637668966,90,0.0038855597994182423,53,-0.007098211110411092,0.001286049276508669,-0.0010680803423527912,-
ETHUSDT,<lower_bb & >upper_bb,2,0,,,0,,0,,0.001286049276508669,-0.0010680803423527912,-
ETHUSDT,<lower_bb & stoch<20,2,87,0.008039595586636005,1.2363369713597034,45,0.007937057510476115,42,0.008149457811093027,0.001286049276508669,-0.0010680803423527912,-
ETHUSDT,<lower_bb & dip>3%,2,77,0.011775696331807146,1.5379433747918163,41,0.01515701147245527,36,0.007924754088291226,0.001286049276508669,-0.0010680803423527912,-
ETHUSDT,<lower_bb & pop>3%,2,2,-0.07209921843785175,-1.8570405287681657,1,,1,,0.001286049276508669,-0.0010680803423527912,-
ETHUSDT,<lower_bb & vol>1.5x,2,51,0.0032945519142288187,0.3765374391909294,26,0.008378890428875387,25,-0.0019931601410036128,0.001286049276508669,-0.0010680803423527912,-
ETHUSDT,<lower_bb & 20d_high,2,0,,,0,,0,,0.001286049276508669,-0.0010680803423527912,-
ETHUSDT,<lower_bb & 20d_low,2,102,0.008731316384485892,1.3782089430599158,49,0.01391504487245408,53,0.00393881268806247,0.001286049276508669,-0.0010680803423527912,-
ETHUSDT,<lower_bb & adx>25,2,80,0.004307835009385044,0.5522760028647494,39,0.003842409328752975,41,0.004750556998278959,0.001286049276508669,-0.0010680803423527912,-
ETHUSDT,<lower_bb & btc>ema50,2,17,0.009535838613931733,1.0200480155879459,5,0.0352274495389147,12,-0.0011689992714778372,0.001286049276508669,-0.0010680803423527912,-
ETHUSDT,<lower_bb & funding<0,2,32,0.01807515310225912,1.418305487531992,16,0.02188779577057877,16,0.014262510433939467,0.001286049276508669,-0.0010680803423527912,-
ETHUSDT,>upper_bb & stoch<20,2,0,,,0,,0,,0.001286049276508669,-0.0010680803423527912,-
ETHUSDT,>upper_bb & dip>3%,2,2,0.02033840442530225,4.2092947650677495,1,,1,,0.001286049276508669,-0.0010680803423527912,-
ETHUSDT,>upper_bb & pop>3%,2,101,0.002093224114651819,0.568962012041852,66,-0.0014300977730781672,35,0.008737202531514082,0.001286049276508669,-0.0010680803423527912,-
ETHUSDT,>upper_bb & vol>1.5x,2,95,0.005092910195055206,1.311176306716056,59,0.0019714655515169354,36,0.010208611138631814,0.001286049276508669,-0.0010680803423527912,-
ETHUSDT,>upper_bb & 20d_high,2,147,0.0041283086034986155,1.374009827188918,99,0.0026752986691732923,48,0.007125141593044594,0.001286049276508669,-0.0010680803423527912,-
ETHUSDT,>upper_bb & 20d_low,2,0,,,0,,0,,0.001286049276508669,-0.0010680803423527912,-
ETHUSDT,>upper_bb & adx>25,2,97,0.0021599949889611306,0.5337033932597096,69,0.006077206819971424,28,-0.007493134166028521,0.001286049276508669,-0.0010680803423527912,-
ETHUSDT,>upper_bb & btc>ema50,2,153,0.004989968760453903,1.735230834028334,103,0.0035087496763821207,50,0.008041280073641778,0.001286049276508669,-0.0010680803423527912,-
ETHUSDT,>upper_bb & funding<0,2,5,0.005803095169230832,0.32448107807555127,3,0.026450521707630268,2,-0.025168044638368324,0.001286049276508669,-0.0010680803423527912,-
ETHUSDT,stoch<20 & dip>3%,2,137,0.0019046597108669937,0.4240625841224317,78,0.006828067551411387,59,-0.004604252349513727,0.001286049276508669,-0.0010680803423527912,-
ETHUSDT,stoch<20 & pop>3%,2,4,-0.050097967117175984,-2.1905197541801904,3,-0.050309572868263604,1,,0.001286049276508669,-0.0010680803423527912,-
ETHUSDT,stoch<20 & vol>1.5x,2,59,-0.0016395658590622438,-0.21390792105704032,32,0.0035861922068755377,27,-0.007833056900173685,0.001286049276508669,-0.0010680803423527912,-
ETHUSDT,stoch<20 & 20d_high,2,0,,,0,,0,,0.001286049276508669,-0.0010680803423527912,-
ETHUSDT,stoch<20 & 20d_low,2,154,0.0029598084987139347,0.6554341883519798,82,0.005686800140034901,72,-0.00014593198167938478,0.001286049276508669,-0.0010680803423527912,-
ETHUSDT,stoch<20 & adx>25,2,161,0.0015753869806056917,0.36055256537744634,78,0.001710412420263478,83,0.0014484956035778916,0.001286049276508669,-0.0010680803423527912,-
ETHUSDT,stoch<20 & btc>ema50,2,57,0.00704700436844513,1.5740150158682582,29,0.010971468853751113,28,0.0029823804372353636,0.001286049276508669,-0.0010680803423527912,-
ETHUSDT,stoch<20 & funding<0,2,80,0.013762081376106563,2.131193637962056,47,0.016280172554443764,33,0.010175709091808129,0.001286049276508669,-0.0010680803423527912,-
ETHUSDT,dip>3% & pop>3%,2,0,,,0,,0,,0.001286049276508669,-0.0010680803423527912,-
ETHUSDT,dip>3% & vol>1.5x,2,104,-0.0016514456214695705,-0.30990526655436496,64,0.0026549409130334095,40,-0.008541664076674334,0.001286049276508669,-0.0010680803423527912,-
ETHUSDT,dip>3% & 20d_high,2,0,,,0,,0,,0.001286049276508669,-0.0010680803423527912,-
ETHUSDT,dip>3% & 20d_low,2,120,0.004189858848453468,0.7348136043144222,61,0.012516879991694084,59,-0.004419434197947846,0.001286049276508669,-0.0010680803423527912,-
ETHUSDT,dip>3% & adx>25,2,238,0.0029196839075892825,0.832254986896845,151,0.006672499743246701,87,-0.0035938240370575036,0.001286049276508669,-0.0010680803423527912,-
ETHUSDT,dip>3% & btc>ema50,2,138,0.004288982677006996,1.0859498589153662,96,0.009537109034488808,42,-0.007706734711522859,0.001286049276508669,-0.0010680803423527912,-
ETHUSDT,dip>3% & funding<0,2,62,0.01189107196006754,1.4030357026307978,31,0.018109628633283022,31,0.005672515286852058,0.001286049276508669,-0.0010680803423527912,-
ETHUSDT,pop>3% & vol>1.5x,2,100,0.002453075998653498,0.5659287007240066,63,0.0032337074403992676,37,0.0011238927329782719,0.001286049276508669,-0.0010680803423527912,-
ETHUSDT,pop>3% & 20d_high,2,175,0.0023004864175333686,0.7174860323106969,126,0.0023567390015110192,49,0.002155836915876553,0.001286049276508669,-0.0010680803423527912,-
ETHUSDT,pop>3% & 20d_low,2,0,,,0,,0,,0.001286049276508669,-0.0010680803423527912,-
ETHUSDT,pop>3% & adx>25,2,267,-0.0032619220860433027,-1.1708377011636355,188,-0.0009299428198704347,79,-0.008811442365036965,0.001286049276508669,-0.0010680803423527912,-
ETHUSDT,pop>3% & btc>ema50,2,266,0.0020900621030160364,0.8310351303473469,190,0.0019626753175235774,76,0.0024085290667471815,0.001286049276508669,-0.0010680803423527912,-
ETHUSDT,pop>3% & funding<0,2,45,-0.006259113265478315,-0.9421468869045875,32,-0.003437624817280056,13,-0.013204315599504803,0.001286049276508669,-0.0010680803423527912,-
ETHUSDT,vol>1.5x & 20d_high,2,115,0.008794236495794056,2.4430223169140928,78,0.008443380422903664,37,0.009533879027833266,0.001286049276508669,-0.0010680803423527912,WEAK
ETHUSDT,vol>1.5x & 20d_low,2,67,0.0003661589648717439,0.05138344249331917,31,0.0123819574184301,36,-0.009980778592359053,0.001286049276508669,-0.0010680803423527912,-
ETHUSDT,vol>1.5x & adx>25,2,196,-0.002166113523406314,-0.6065616665954128,124,0.003930065608143216,72,-0.01266508869440828,0.001286049276508669,-0.0010680803423527912,-
ETHUSDT,vol>1.5x & btc>ema50,2,203,0.005028405854028676,1.7830294397847997,131,0.006299922351188649,72,0.002714952227251504,0.001286049276508669,-0.0010680803423527912,-
ETHUSDT,vol>1.5x & funding<0,2,44,-0.01158622317219555,-1.1068878312904966,21,-0.002486594597806681,23,-0.01989457969663756,0.001286049276508669,-0.0010680803423527912,-
ETHUSDT,20d_high & 20d_low,2,0,,,0,,0,,0.001286049276508669,-0.0010680803423527912,-
ETHUSDT,20d_high & adx>25,2,197,0.00021796092857997277,0.07159634411988139,146,0.0034431347483408724,51,-0.009014889614264956,0.001286049276508669,-0.0010680803423527912,-
ETHUSDT,20d_high & btc>ema50,2,296,0.004075652602348756,1.7271711324888654,213,0.005567464564118605,83,0.00024726768840926337,0.001286049276508669,-0.0010680803423527912,-
ETHUSDT,20d_high & funding<0,2,10,0.0031739752896343793,0.2884697900082896,5,0.02949411952022103,5,-0.023146168940952273,0.001286049276508669,-0.0010680803423527912,-
ETHUSDT,20d_low & adx>25,2,126,0.001592013262112135,0.27941250187059247,58,0.006699384656196848,68,-0.002764274103430714,0.001286049276508669,-0.0010680803423527912,-
ETHUSDT,20d_low & btc>ema50,2,29,0.006520172765134874,0.9152362119764902,13,0.021861616183929147,16,-0.005944750012635468,0.001286049276508669,-0.0010680803423527912,-
ETHUSDT,20d_low & funding<0,2,50,0.016642255551097586,1.6505024781167177,27,0.02410613970334061,23,0.007880304589768823,0.001286049276508669,-0.0010680803423527912,-
ETHUSDT,adx>25 & btc>ema50,2,668,0.002235807045750293,1.4414680862431304,444,0.003875733562644901,224,-0.0010147615859515194,0.001286049276508669,-0.0010680803423527912,-
ETHUSDT,adx>25 & funding<0,2,191,0.0028246607144402558,0.7872070369600065,110,0.005031449533204442,81,-0.00017221299005431738,0.001286049276508669,-0.0010680803423527912,-
ETHUSDT,btc>ema50 & funding<0,2,45,-0.00019326427082321117,-0.04047349181230072,14,-7.482780635730388e-05,31,-0.0002467517063884587,0.001286049276508669,-0.0010680803423527912,-
ETHUSDT,rsi<30 & rsi>70 & rsi50-70,3,0,,,0,,0,,0.001286049276508669,-0.0010680803423527912,-
ETHUSDT,rsi<30 & rsi>70 & >ema20,3,0,,,0,,0,,0.001286049276508669,-0.0010680803423527912,-
ETHUSDT,rsi<30 & rsi>70 & >ema50,3,0,,,0,,0,,0.001286049276508669,-0.0010680803423527912,-
ETHUSDT,rsi<30 & rsi>70 & ema20>ema50,3,0,,,0,,0,,0.001286049276508669,-0.0010680803423527912,-
ETHUSDT,rsi<30 & rsi>70 & >sma200,3,0,,,0,,0,,0.001286049276508669,-0.0010680803423527912,-
ETHUSDT,rsi<30 & rsi>70 & macd>signal,3,0,,,0,,0,,0.001286049276508669,-0.0010680803423527912,-
ETHUSDT,rsi<30 & rsi>70 & macd_hist_up,3,0,,,0,,0,,0.001286049276508669,-0.0010680803423527912,-
ETHUSDT,rsi<30 & rsi>70 & <lower_bb,3,0,,,0,,0,,0.001286049276508669,-0.0010680803423527912,-
ETHUSDT,rsi<30 & rsi>70 & >upper_bb,3,0,,,0,,0,,0.001286049276508669,-0.0010680803423527912,-
ETHUSDT,rsi<30 & rsi>70 & stoch<20,3,0,,,0,,0,,0.001286049276508669,-0.0010680803423527912,-
ETHUSDT,rsi<30 & rsi>70 & dip>3%,3,0,,,0,,0,,0.001286049276508669,-0.0010680803423527912,-
ETHUSDT,rsi<30 & rsi>70 & pop>3%,3,0,,,0,,0,,0.001286049276508669,-0.0010680803423527912,-
ETHUSDT,rsi<30 & rsi>70 & vol>1.5x,3,0,,,0,,0,,0.001286049276508669,-0.0010680803423527912,-
ETHUSDT,rsi<30 & rsi>70 & 20d_high,3,0,,,0,,0,,0.001286049276508669,-0.0010680803423527912,-
ETHUSDT,rsi<30 & rsi>70 & 20d_low,3,0,,,0,,0,,0.001286049276508669,-0.0010680803423527912,-
ETHUSDT,rsi<30 & rsi>70 & adx>25,3,0,,,0,,0,,0.001286049276508669,-0.0010680803423527912,-
ETHUSDT,rsi<30 & rsi>70 & btc>ema50,3,0,,,0,,0,,0.001286049276508669,-0.0010680803423527912,-
ETHUSDT,rsi<30 & rsi>70 & funding<0,3,0,,,0,,0,,0.001286049276508669,-0.0010680803423527912,-
ETHUSDT,rsi<30 & rsi50-70 & >ema20,3,0,,,0,,0,,0.001286049276508669,-0.0010680803423527912,-
ETHUSDT,rsi<30 & rsi50-70 & >ema50,3,0,,,0,,0,,0.001286049276508669,-0.0010680803423527912,-
ETHUSDT,rsi<30 & rsi50-70 & ema20>ema50,3,0,,,0,,0,,0.001286049276508669,-0.0010680803423527912,-
ETHUSDT,rsi<30 & rsi50-70 & >sma200,3,0,,,0,,0,,0.001286049276508669,-0.0010680803423527912,-
ETHUSDT,rsi<30 & rsi50-70 & macd>signal,3,0,,,0,,0,,0.001286049276508669,-0.0010680803423527912,-
ETHUSDT,rsi<30 & rsi50-70 & macd_hist_up,3,0,,,0,,0,,0.001286049276508669,-0.0010680803423527912,-
ETHUSDT,rsi<30 & rsi50-70 & <lower_bb,3,0,,,0,,0,,0.001286049276508669,-0.0010680803423527912,-
ETHUSDT,rsi<30 & rsi50-70 & >upper_bb,3,0,,,0,,0,,0.001286049276508669,-0.0010680803423527912,-
ETHUSDT,rsi<30 & rsi50-70 & stoch<20,3,0,,,0,,0,,0.001286049276508669,-0.0010680803423527912,-
ETHUSDT,rsi<30 & rsi50-70 & dip>3%,3,0,,,0,,0,,0.001286049276508669,-0.0010680803423527912,-
ETHUSDT,rsi<30 & rsi50-70 & pop>3%,3,0,,,0,,0,,0.001286049276508669,-0.0010680803423527912,-
ETHUSDT,rsi<30 & rsi50-70 & vol>1.5x,3,0,,,0,,0,,0.001286049276508669,-0.0010680803423527912,-
ETHUSDT,rsi<30 & rsi50-70 & 20d_high,3,0,,,0,,0,,0.001286049276508669,-0.0010680803423527912,-
ETHUSDT,rsi<30 & rsi50-70 & 20d_low,3,0,,,0,,0,,0.001286049276508669,-0.0010680803423527912,-
ETHUSDT,rsi<30 & rsi50-70 & adx>25,3,0,,,0,,0,,0.001286049276508669,-0.0010680803423527912,-
ETHUSDT,rsi<30 & rsi50-70 & btc>ema50,3,0,,,0,,0,,0.001286049276508669,-0.0010680803423527912,-
ETHUSDT,rsi<30 & rsi50-70 & funding<0,3,0,,,0,,0,,0.001286049276508669,-0.0010680803423527912,-
ETHUSDT,rsi<30 & >ema20 & >ema50,3,0,,,0,,0,,0.001286049276508669,-0.0010680803423527912,-
ETHUSDT,rsi<30 & >ema20 & ema20>ema50,3,0,,,0,,0,,0.001286049276508669,-0.0010680803423527912,-
ETHUSDT,rsi<30 & >ema20 & >sma200,3,0,,,0,,0,,0.001286049276508669,-0.0010680803423527912,-
ETHUSDT,rsi<30 & >ema20 & macd>signal,3,0,,,0,,0,,0.001286049276508669,-0.0010680803423527912,-
ETHUSDT,rsi<30 & >ema20 & macd_hist_up,3,0,,,0,,0,,0.001286049276508669,-0.0010680803423527912,-
ETHUSDT,rsi<30 & >ema20 & <lower_bb,3,0,,,0,,0,,0.001286049276508669,-0.0010680803423527912,-
ETHUSDT,rsi<30 & >ema20 & >upper_bb,3,0,,,0,,0,,0.001286049276508669,-0.0010680803423527912,-
ETHUSDT,rsi<30 & >ema20 & stoch<20,3,0,,,0,,0,,0.001286049276508669,-0.0010680803423527912,-
ETHUSDT,rsi<30 & >ema20 & dip>3%,3,0,,,0,,0,,0.001286049276508669,-0.0010680803423527912,-
ETHUSDT,rsi<30 & >ema20 & pop>3%,3,0,,,0,,0,,0.001286049276508669,-0.0010680803423527912,-
ETHUSDT,rsi<30 & >ema20 & vol>1.5x,3,0,,,0,,0,,0.001286049276508669,-0.0010680803423527912,-
ETHUSDT,rsi<30 & >ema20 & 20d_high,3,0,,,0,,0,,0.001286049276508669,-0.0010680803423527912,-
ETHUSDT,rsi<30 & >ema20 & 20d_low,3,0,,,0,,0,,0.001286049276508669,-0.0010680803423527912,-
ETHUSDT,rsi<30 & >ema20 & adx>25,3,0,,,0,,0,,0.001286049276508669,-0.0010680803423527912,-
ETHUSDT,rsi<30 & >ema20 & btc>ema50,3,0,,,0,,0,,0.001286049276508669,-0.0010680803423527912,-
ETHUSDT,rsi<30 & >ema20 & funding<0,3,0,,,0,,0,,0.001286049276508669,-0.0010680803423527912,-
ETHUSDT,rsi<30 & >ema50 & ema20>ema50,3,0,,,0,,0,,0.001286049276508669,-0.0010680803423527912,-
ETHUSDT,rsi<30 & >ema50 & >sma200,3,0,,,0,,0,,0.001286049276508669,-0.0010680803423527912,-
ETHUSDT,rsi<30 & >ema50 & macd>signal,3,0,,,0,,0,,0.001286049276508669,-0.0010680803423527912,-
ETHUSDT,rsi<30 & >ema50 & macd_hist_up,3,0,,,0,,0,,0.001286049276508669,-0.0010680803423527912,-
ETHUSDT,rsi<30 & >ema50 & <lower_bb,3,0,,,0,,0,,0.001286049276508669,-0.0010680803423527912,-
ETHUSDT,rsi<30 & >ema50 & >upper_bb,3,0,,,0,,0,,0.001286049276508669,-0.0010680803423527912,-
ETHUSDT,rsi<30 & >ema50 & stoch<20,3,0,,,0,,0,,0.001286049276508669,-0.0010680803423527912,-
ETHUSDT,rsi<30 & >ema50 & dip>3%,3,0,,,0,,0,,0.001286049276508669,-0.0010680803423527912,-
ETHUSDT,rsi<30 & >ema50 & pop>3%,3,0,,,0,,0,,0.001286049276508669,-0.0010680803423527912,-
ETHUSDT,rsi<30 & >ema50 & vol>1.5x,3,0,,,0,,0,,0.001286049276508669,-0.0010680803423527912,-
ETHUSDT,rsi<30 & >ema50 & 20d_high,3,0,,,0,,0,,0.001286049276508669,-0.0010680803423527912,-
ETHUSDT,rsi<30 & >ema50 & 20d_low,3,0,,,0,,0,,0.001286049276508669,-0.0010680803423527912,-
ETHUSDT,rsi<30 & >ema50 & adx>25,3,0,,,0,,0,,0.001286049276508669,-0.0010680803423527912,-
ETHUSDT,rsi<30 & >ema50 & btc>ema50,3,0,,,0,,0,,0.001286049276508669,-0.0010680803423527912,-
ETHUSDT,rsi<30 & >ema50 & funding<0,3,0,,,0,,0,,0.001286049276508669,-0.0010680803423527912,-
ETHUSDT,rsi<30 & ema20>ema50 & >sma200,3,0,,,0,,0,,0.001286049276508669,-0.0010680803423527912,-
ETHUSDT,rsi<30 & ema20>ema50 & macd>signal,3,0,,,0,,0,,0.001286049276508669,-0.0010680803423527912,-
ETHUSDT,rsi<30 & ema20>ema50 & macd_hist_up,3,0,,,0,,0,,0.001286049276508669,-0.0010680803423527912,-
ETHUSDT,rsi<30 & ema20>ema50 & <lower_bb,3,1,,,1,,0,,0.001286049276508669,-0.0010680803423527912,-
ETHUSDT,rsi<30 & ema20>ema50 & >upper_bb,3,0,,,0,,0,,0.001286049276508669,-0.0010680803423527912,-
ETHUSDT,rsi<30 & ema20>ema50 & stoch<20,3,1,,,1,,0,,0.001286049276508669,-0.0010680803423527912,-
ETHUSDT,rsi<30 & ema20>ema50 & dip>3%,3,1,,,1,,0,,0.001286049276508669,-0.0010680803423527912,-
ETHUSDT,rsi<30 & ema20>ema50 & pop>3%,3,0,,,0,,0,,0.001286049276508669,-0.0010680803423527912,-
ETHUSDT,rsi<30 & ema20>ema50 & vol>1.5x,3,1,,,1,,0,,0.001286049276508669,-0.0010680803423527912,-
ETHUSDT,rsi<30 & ema20>ema50 & 20d_high,3,0,,,0,,0,,0.001286049276508669,-0.0010680803423527912,-
ETHUSDT,rsi<30 & ema20>ema50 & 20d_low,3,1,,,1,,0,,0.001286049276508669,-0.0010680803423527912,-
ETHUSDT,rsi<30 & ema20>ema50 & adx>25,3,1,,,1,,0,,0.001286049276508669,-0.0010680803423527912,-
ETHUSDT,rsi<30 & ema20>ema50 & btc>ema50,3,0,,,0,,0,,0.001286049276508669,-0.0010680803423527912,-
ETHUSDT,rsi<30 & ema20>ema50 & funding<0,3,1,,,1,,0,,0.001286049276508669,-0.0010680803423527912,-
ETHUSDT,rsi<30 & >sma200 & macd>signal,3,0,,,0,,0,,0.001286049276508669,-0.0010680803423527912,-
ETHUSDT,rsi<30 & >sma200 & macd_hist_up,3,0,,,0,,0,,0.001286049276508669,-0.0010680803423527912,-
ETHUSDT,rsi<30 & >sma200 & <lower_bb,3,0,,,0,,0,,0.001286049276508669,-0.0010680803423527912,-
ETHUSDT,rsi<30 & >sma200 & >upper_bb,3,0,,,0,,0,,0.001286049276508669,-0.0010680803423527912,-
ETHUSDT,rsi<30 & >sma200 & stoch<20,3,0,,,0,,0,,0.001286049276508669,-0.0010680803423527912,-
ETHUSDT,rsi<30 & >sma200 & dip>3%,3,0,,,0,,0,,0.001286049276508669,-0.0010680803423527912,-
ETHUSDT,rsi<30 & >sma200 & pop>3%,3,0,,,0,,0,,0.001286049276508669,-0.0010680803423527912,-
ETHUSDT,rsi<30 & >sma200 & vol>1.5x,3,0,,,0,,0,,0.001286049276508669,-0.0010680803423527912,-
ETHUSDT,rsi<30 & >sma200 & 20d_high,3,0,,,0,,0,,0.001286049276508669,-0.0010680803423527912,-
ETHUSDT,rsi<30 & >sma200 & 20d_low,3,0,,,0,,0,,0.001286049276508669,-0.0010680803423527912,-
ETHUSDT,rsi<30 & >sma200 & adx>25,3,0,,,0,,0,,0.001286049276508669,-0.0010680803423527912,-
ETHUSDT,rsi<30 & >sma200 & btc>ema50,3,0,,,0,,0,,0.001286049276508669,-0.0010680803423527912,-
ETHUSDT,rsi<30 & >sma200 & funding<0,3,0,,,0,,0,,0.001286049276508669,-0.0010680803423527912,-
ETHUSDT,rsi<30 & macd>signal & macd_hist_up,3,0,,,0,,0,,0.001286049276508669,-0.0010680803423527912,-
ETHUSDT,rsi<30 & macd>signal & <lower_bb,3,1,,,1,,0,,0.001286049276508669,-0.0010680803423527912,-
ETHUSDT,rsi<30 & macd>signal & >upper_bb,3,0,,,0,,0,,0.001286049276508669,-0.0010680803423527912,-
ETHUSDT,rsi<30 & macd>signal & stoch<20,3,2,-0.014268300461308028,-0.28177957633252376,2,-0.014268300461308028,0,,0.001286049276508669,-0.0010680803423527912,-
ETHUSDT,rsi<30 & macd>signal & dip>3%,3,2,-0.014268300461308028,-0.28177957633252376,2,-0.014268300461308028,0,,0.001286049276508669,-0.0010680803423527912,-
ETHUSDT,rsi<30 & macd>signal & pop>3%,3,0,,,0,,0,,0.001286049276508669,-0.0010680803423527912,-
ETHUSDT,rsi<30 & macd>signal & vol>1.5x,3,1,,,1,,0,,0.001286049276508669,-0.0010680803423527912,-
ETHUSDT,rsi<30 & macd>signal & 20d_high,3,0,,,0,,0,,0.001286049276508669,-0.0010680803423527912,-
ETHUSDT,rsi<30 & macd>signal & 20d_low,3,2,-0.014268300461308028,-0.28177957633252376,2,-0.014268300461308028,0,,0.001286049276508669,-0.0010680803423527912,-
ETHUSDT,rsi<30 & macd>signal & adx>25,3,2,-0.014268300461308028,-0.28177957633252376,2,-0.014268300461308028,0,,0.001286049276508669,-0.0010680803423527912,-
ETHUSDT,rsi<30 & macd>signal & btc>ema50,3,0,,,0,,0,,0.001286049276508669,-0.0010680803423527912,-
ETHUSDT,rsi<30 & macd>signal & funding<0,3,1,,,1,,0,,0.001286049276508669,-0.0010680803423527912,-
ETHUSDT,rsi<30 & macd_hist_up & <lower_bb,3,0,,,0,,0,,0.001286049276508669,-0.0010680803423527912,-
ETHUSDT,rsi<30 & macd_hist_up & >upper_bb,3,0,,,0,,0,,0.001286049276508669,-0.0010680803423527912,-
ETHUSDT,rsi<30 & macd_hist_up & stoch<20,3,7,0.020163140817348785,0.9684362766405201,3,0.008404811564493325,4,0.028981887756990378,0.001286049276508669,-0.0010680803423527912,-
ETHUSDT,rsi<30 & macd_hist_up & dip>3%,3,2,0.045680269719573646,1.0597254994661993,1,,1,,0.001286049276508669,-0.0010680803423527912,-
ETHUSDT,rsi<30 & macd_hist_up & pop>3%,3,2,-0.0013460356343758739,-44.88054930596727,1,,1,,0.001286049276508669,-0.0010680803423527912,-
ETHUSDT,rsi<30 & macd_hist_up & vol>1.5x,3,0,,,0,,0,,0.001286049276508669,-0.0010680803423527912,-
ETHUSDT,rsi<30 & macd_hist_up & 20d_high,3,0,,,0,,0,,0.001286049276508669,-0.0010680803423527912,-
ETHUSDT,rsi<30 & macd_hist_up & 20d_low,3,0,,,0,,0,,0.001286049276508669,-0.0010680803423527912,-
ETHUSDT,rsi<30 & macd_hist_up & adx>25,3,20,0.0030349781784728466,0.3366047000826594,12,-0.0034736392525232026,8,0.01279790432496692,0.001286049276508669,-0.0010680803423527912,-
ETHUSDT,rsi<30 & macd_hist_up & btc>ema50,3,0,,,0,,0,,0.001286049276508669,-0.0010680803423527912,-
ETHUSDT,rsi<30 & macd_hist_up & funding<0,3,16,0.004355180319038801,0.44325434012358966,10,0.0030275649995863503,6,0.006567872518126218,0.001286049276508669,-0.0010680803423527912,-
ETHUSDT,rsi<30 & <lower_bb & >upper_bb,3,0,,,0,,0,,0.001286049276508669,-0.0010680803423527912,-
ETHUSDT,rsi<30 & <lower_bb & stoch<20,3,29,0.014015164309526384,0.9462192056983351,14,0.0002993400493935583,15,0.02681660028565036,0.001286049276508669,-0.0010680803423527912,-
ETHUSDT,rsi<30 & <lower_bb & dip>3%,3,28,0.007966911252615146,0.5621522596730069,14,-0.0022437690118636507,14,0.018177591517093947,0.001286049276508669,-0.0010680803423527912,-
ETHUSDT,rsi<30 & <lower_bb & pop>3%,3,0,,,0,,0,,0.001286049276508669,-0.0010680803423527912,-
ETHUSDT,rsi<30 & <lower_bb & vol>1.5x,3,27,-0.006734331437977253,-0.5206573533335455,14,-0.003081324509843768,13,-0.010668338899044085,0.001286049276508669,-0.0010680803423527912,-
ETHUSDT,rsi<30 & <lower_bb & 20d_high,3,0,,,0,,0,,0.001286049276508669,-0.0010680803423527912,-
ETHUSDT,rsi<30 & <lower_bb & 20d_low,3,36,0.008403498453341686,0.6825908570704408,16,-0.0003288704847488784,20,0.015389393603814134,0.001286049276508669,-0.0010680803423527912,-
ETHUSDT,rsi<30 & <lower_bb & adx>25,3,37,0.005968377022608655,0.4957764859942376,17,0.00017317921321609105,20,0.010894295160592331,0.001286049276508669,-0.0010680803423527912,-
ETHUSDT,rsi<30 & <lower_bb & btc>ema50,3,0,,,0,,0,,0.001286049276508669,-0.0010680803423527912,-
ETHUSDT,rsi<30 & <lower_bb & funding<0,3,19,0.019541290496612598,1.0100346105468332,9,0.003092000234950152,10,0.034345651732108795,0.001286049276508669,-0.0010680803423527912,-
ETHUSDT,rsi<30 & >upper_bb & stoch<20,3,0,,,0,,0,,0.001286049276508669,-0.0010680803423527912,-
ETHUSDT,rsi<30 & >upper_bb & dip>3%,3,0,,,0,,0,,0.001286049276508669,-0.0010680803423527912,-
ETHUSDT,rsi<30 & >upper_bb & pop>3%,3,0,,,0,,0,,0.001286049276508669,-0.0010680803423527912,-
ETHUSDT,rsi<30 & >upper_bb & vol>1.5x,3,0,,,0,,0,,0.001286049276508669,-0.0010680803423527912,-
ETHUSDT,rsi<30 & >upper_bb & 20d_high,3,0,,,0,,0,,0.001286049276508669,-0.0010680803423527912,-
ETHUSDT,rsi<30 & >upper_bb & 20d_low,3,0,,,0,,0,,0.001286049276508669,-0.0010680803423527912,-
ETHUSDT,rsi<30 & >upper_bb & adx>25,3,0,,,0,,0,,0.001286049276508669,-0.0010680803423527912,-
ETHUSDT,rsi<30 & >upper_bb & btc>ema50,3,0,,,0,,0,,0.001286049276508669,-0.0010680803423527912,-
ETHUSDT,rsi<30 & >upper_bb & funding<0,3,0,,,0,,0,,0.001286049276508669,-0.0010680803423527912,-
ETHUSDT,rsi<30 & stoch<20 & dip>3%,3,31,0.011321879598184186,0.7810161701474391,16,0.015025864472806566,15,0.007370962398586968,0.001286049276508669,-0.0010680803423527912,-
ETHUSDT,rsi<30 & stoch<20 & pop>3%,3,1,,,0,,1,,0.001286049276508669,-0.0010680803423527912,-
ETHUSDT,rsi<30 & stoch<20 & vol>1.5x,3,24,-0.013225934566786134,-0.856754057906524,12,-0.002807154557526741,12,-0.023644714576045528,0.001286049276508669,-0.0010680803423527912,-
ETHUSDT,rsi<30 & stoch<20 & 20d_high,3,0,,,0,,0,,0.001286049276508669,-0.0010680803423527912,-
ETHUSDT,rsi<30 & stoch<20 & 20d_low,3,35,0.010306760082189628,0.7509244027696856,16,0.010870071858120155,19,0.00983239227087971,0.001286049276508669,-0.0010680803423527912,-
ETHUSDT,rsi<30 & stoch<20 & adx>25,3,44,0.009954162541063231,0.8688307912840612,21,0.010730607817208901,23,0.009245234245451962,0.001286049276508669,-0.0010680803423527912,-
ETHUSDT,rsi<30 & stoch<20 & btc>ema50,3,0,,,0,,0,,0.001286049276508669,-0.0010680803423527912,-
ETHUSDT,rsi<30 & stoch<20 & funding<0,3,23,0.023525818909918304,1.2595438557107452,12,0.01863525997605429,11,0.028860974110497217,0.001286049276508669,-0.0010680803423527912,-
ETHUSDT,rsi<30 & dip>3% & pop>3%,3,0,,,0,,0,,0.001286049276508669,-0.0010680803423527912,-
ETHUSDT,rsi<30 & dip>3% & vol>1.5x,3,24,-0.009759851038895642,-0.6494370072108772,13,-0.004802278901737735,11,-0.015618799928264081,0.001286049276508669,-0.0010680803423527912,-
ETHUSDT,rsi<30 & dip>3% & 20d_high,3,0,,,0,,0,,0.001286049276508669,-0.0010680803423527912,-
ETHUSDT,rsi<30 & dip>3% & 20d_low,3,33,0.005368978737625114,0.3933600630509427,16,0.008644851429520097,17,0.002285804439371013,0.001286049276508669,-0.0010680803423527912,-
ETHUSDT,rsi<30 & dip>3% & adx>25,3,35,0.006707346484021127,0.5143156025152887,18,0.012997966959911005,17,4.66895095494946e-05,0.001286049276508669,-0.0010680803423527912,-
ETHUSDT,rsi<30 & dip>3% & btc>ema50,3,0,,,0,,0,,0.001286049276508669,-0.0010680803423527912,-
ETHUSDT,rsi<30 & dip>3% & funding<0,3,18,0.022057914893035418,0.9501147733147041,8,0.02695243945210396,10,0.018142295245780576,0.001286049276508669,-0.0010680803423527912,-
ETHUSDT,rsi<30 & pop>3% & vol>1.5x,3,1,,,0,,1,,0.001286049276508669,-0.0010680803423527912,-
ETHUSDT,rsi<30 & pop>3% & 20d_high,3,0,,,0,,0,,0.001286049276508669,-0.0010680803423527912,-
ETHUSDT,rsi<30 & pop>3% & 20d_low,3,0,,,0,,0,,0.001286049276508669,-0.0010680803423527912,-
ETHUSDT,rsi<30 & pop>3% & adx>25,3,4,-0.023239527123695695,-1.820818050995114,2,-0.021089457255375442,2,-0.02538959699201595,0.001286049276508669,-0.0010680803423527912,-
ETHUSDT,rsi<30 & pop>3% & btc>ema50,3,0,,,0,,0,,0.001286049276508669,-0.0010680803423527912,-
ETHUSDT,rsi<30 & pop>3% & funding<0,3,4,-0.023239527123695695,-1.820818050995114,2,-0.021089457255375442,2,-0.02538959699201595,0.001286049276508669,-0.0010680803423527912,-
ETHUSDT,rsi<30 & vol>1.5x & 20d_high,3,0,,,0,,0,,0.001286049276508669,-0.0010680803423527912,-
ETHUSDT,rsi<30 & vol>1.5x & 20d_low,3,30,-0.01239577001316395,-0.9829295712194849,14,-0.003081324509843768,16,-0.020545909828569114,0.001286049276508669,-0.0010680803423527912,-
ETHUSDT,rsi<30 & vol>1.5x & adx>25,3,32,-0.01851867490558705,-1.497312356901997,16,-0.010860026449524924,16,-0.026177323361649178,0.001286049276508669,-0.0010680803423527912,-
ETHUSDT,rsi<30 & vol>1.5x & btc>ema50,3,0,,,0,,0,,0.001286049276508669,-0.0010680803423527912,-
ETHUSDT,rsi<30 & vol>1.5x & funding<0,3,16,-0.02287492628945441,-1.0032956498055843,8,-0.016750267248117262,8,-0.028999585330791555,0.001286049276508669,-0.0010680803423527912,-
ETHUSDT,rsi<30 & 20d_high & 20d_low,3,0,,,0,,0,,0.001286049276508669,-0.0010680803423527912,-
ETHUSDT,rsi<30 & 20d_high & adx>25,3,0,,,0,,0,,0.001286049276508669,-0.0010680803423527912,-
ETHUSDT,rsi<30 & 20d_high & btc>ema50,3,0,,,0,,0,,0.001286049276508669,-0.0010680803423527912,-
ETHUSDT,rsi<30 & 20d_high & funding<0,3,0,,,0,,0,,0.001286049276508669,-0.0010680803423527912,-
ETHUSDT,rsi<30 & 20d_low & adx>25,3,42,0.005763291452500404,0.493141260130036,19,0.01001807298590225,23,0.0022484719249075704,0.001286049276508669,-0.0010680803423527912,-
ETHUSDT,rsi<30 & 20d_low & btc>ema50,3,0,,,0,,0,,0.001286049276508669,-0.0010680803423527912,-
ETHUSDT,rsi<30 & 20d_low & funding<0,3,21,0.018158955534026848,0.9062950007393078,10,0.017885925289590758,11,0.01840716484715056,0.001286049276508669,-0.0010680803423527912,-
ETHUSDT,rsi<30 & adx>25 & btc>ema50,3,0,,,0,,0,,0.001286049276508669,-0.0010680803423527912,-
ETHUSDT,rsi<30 & adx>25 & funding<0,3,43,0.005383688410049908,0.48158481542090714,24,0.003680758552821414,19,0.00753475770339116,0.001286049276508669,-0.0010680803423527912,-
ETHUSDT,rsi<30 & btc>ema50 & funding<0,3,0,,,0,,0,,0.001286049276508669,-0.0010680803423527912,-
ETHUSDT,rsi>70 & rsi50-70 & >ema20,3,0,,,0,,0,,0.001286049276508669,-0.0010680803423527912,-
ETHUSDT,rsi>70 & rsi50-70 & >ema50,3,0,,,0,,0,,0.001286049276508669,-0.0010680803423527912,-
ETHUSDT,rsi>70 & rsi50-70 & ema20>ema50,3,0,,,0,,0,,0.001286049276508669,-0.0010680803423527912,-
ETHUSDT,rsi>70 & rsi50-70 & >sma200,3,0,,,0,,0,,0.001286049276508669,-0.0010680803423527912,-
ETHUSDT,rsi>70 & rsi50-70 & macd>signal,3,0,,,0,,0,,0.001286049276508669,-0.0010680803423527912,-
ETHUSDT,rsi>70 & rsi50-70 & macd_hist_up,3,0,,,0,,0,,0.001286049276508669,-0.0010680803423527912,-
ETHUSDT,rsi>70 & rsi50-70 & <lower_bb,3,0,,,0,,0,,0.001286049276508669,-0.0010680803423527912,-
ETHUSDT,rsi>70 & rsi50-70 & >upper_bb,3,0,,,0,,0,,0.001286049276508669,-0.0010680803423527912,-
ETHUSDT,rsi>70 & rsi50-70 & stoch<20,3,0,,,0,,0,,0.001286049276508669,-0.0010680803423527912,-
ETHUSDT,rsi>70 & rsi50-70 & dip>3%,3,0,,,0,,0,,0.001286049276508669,-0.0010680803423527912,-
ETHUSDT,rsi>70 & rsi50-70 & pop>3%,3,0,,,0,,0,,0.001286049276508669,-0.0010680803423527912,-
ETHUSDT,rsi>70 & rsi50-70 & vol>1.5x,3,0,,,0,,0,,0.001286049276508669,-0.0010680803423527912,-
ETHUSDT,rsi>70 & rsi50-70 & 20d_high,3,0,,,0,,0,,0.001286049276508669,-0.0010680803423527912,-
ETHUSDT,rsi>70 & rsi50-70 & 20d_low,3,0,,,0,,0,,0.001286049276508669,-0.0010680803423527912,-
ETHUSDT,rsi>70 & rsi50-70 & adx>25,3,0,,,0,,0,,0.001286049276508669,-0.0010680803423527912,-
ETHUSDT,rsi>70 & rsi50-70 & btc>ema50,3,0,,,0,,0,,0.001286049276508669,-0.0010680803423527912,-
ETHUSDT,rsi>70 & rsi50-70 & funding<0,3,0,,,0,,0,,0.001286049276508669,-0.0010680803423527912,-
ETHUSDT,rsi>70 & >ema20 & >ema50,3,226,0.003195610001950148,1.0488583721815696,163,0.0027575733463443713,63,0.004328942936295259,0.001286049276508669,-0.0010680803423527912,-
ETHUSDT,rsi>70 & >ema20 & ema20>ema50,3,218,0.002699624849329984,0.8694325564882135,159,0.003110736526804989,59,0.0015917137185075126,0.001286049276508669,-0.0010680803423527912,-
ETHUSDT,rsi>70 & >ema20 & >sma200,3,205,0.0035051290202143654,1.077101696507696,152,0.0033210888003960535,53,0.004032942480825368,0.001286049276508669,-0.0010680803423527912,-
ETHUSDT,rsi>70 & >ema20 & macd>signal,3,223,0.003243234737067922,1.0522360744512766,161,0.0026076669859800812,62,0.004893660671344414,0.001286049276508669,-0.0010680803423527912,-
ETHUSDT,rsi>70 & >ema20 & macd_hist_up,3,134,0.0070510436368080975,1.7012495042874216,98,0.005713790021686572,36,0.010691345144638915,0.001286049276508669,-0.0010680803423527912,-
ETHUSDT,rsi>70 & >ema20 & <lower_bb,3,0,,,0,,0,,0.001286049276508669,-0.0010680803423527912,-
ETHUSDT,rsi>70 & >ema20 & >upper_bb,3,90,0.0028376923742152436,0.7387425536839727,61,-0.0010699963099880295,29,0.01105731339960834,0.001286049276508669,-0.0010680803423527912,-
ETHUSDT,rsi>70 & >ema20 & stoch<20,3,0,,,0,,0,,0.001286049276508669,-0.0010680803423527912,-
ETHUSDT,rsi>70 & >ema20 & dip>3%,3,9,0.025103352772670715,2.232539972358838,5,0.04695761829412113,4,-0.0022144791291422924,0.001286049276508669,-0.0010680803423527912,-
ETHUSDT,rsi>70 & >ema20 & pop>3%,3,82,0.0016991156913883196,0.3185154312169271,58,-0.000428795247670551,24,0.006841567127447258,0.001286049276508669,-0.0010680803423527912,-
ETHUSDT,rsi>70 & >ema20 & vol>1.5x,3,97,0.007141649844628704,1.64578143231001,65,0.0054755959009642466,32,0.010525821917697133,0.001286049276508669,-0.0010680803423527912,-
ETHUSDT,rsi>70 & >ema20 & 20d_high,3,137,0.0056333741137226225,1.4055499637359272,104,0.0045480967414201065,33,0.009053642196130548,0.001286049276508669,-0.0010680803423527912,-
ETHUSDT,rsi>70 & >ema20 & 20d_low,3,0,,,0,,0,,0.001286049276508669,-0.0010680803423527912,-
ETHUSDT,rsi>70 & >ema20 & adx>25,3,197,0.0016691365872283476,0.5041422975932353,148,0.00328848142327963,49,-0.0032219457747224606,0.001286049276508669,-0.0010680803423527912,-
ETHUSDT,rsi>70 & >ema20 & btc>ema50,3,224,0.0033302680503799554,1.1058222304999212,161,0.0029394822254565785,63,0.004328942936295259,0.001286049276508669,-0.0010680803423527912,-
ETHUSDT,rsi>70 & >ema20 & funding<0,3,0,,,0,,0,,0.001286049276508669,-0.0010680803423527912,-
ETHUSDT,rsi>70 & >ema50 & ema20>ema50,3,218,0.002699624849329984,0.8694325564882135,159,0.003110736526804989,59,0.0015917137185075126,0.001286049276508669,-0.0010680803423527912,-
ETHUSDT,rsi>70 & >ema50 & >sma200,3,205,0.0035051290202143654,1.077101696507696,152,0.0033210888003960535,53,0.004032942480825368,0.001286049276508669,-0.0010680803423527912,-
ETHUSDT,rsi>70 & >ema50 & macd>signal,3,223,0.003243234737067922,1.0522360744512766,161,0.0026076669859800812,62,0.004893660671344414,0.001286049276508669,-0.0010680803423527912,-
ETHUSDT,rsi>70 & >ema50 & macd_hist_up,3,134,0.0070510436368080975,1.7012495042874216,98,0.005713790021686572,36,0.010691345144638915,0.001286049276508669,-0.0010680803423527912,-
ETHUSDT,rsi>70 & >ema50 & <lower_bb,3,0,,,0,,0,,0.001286049276508669,-0.0010680803423527912,-
ETHUSDT,rsi>70 & >ema50 & >upper_bb,3,90,0.0028376923742152436,0.7387425536839727,61,-0.0010699963099880295,29,0.01105731339960834,0.001286049276508669,-0.0010680803423527912,-
ETHUSDT,rsi>70 & >ema50 & stoch<20,3,0,,,0,,0,,0.001286049276508669,-0.0010680803423527912,-
ETHUSDT,rsi>70 & >ema50 & dip>3%,3,9,0.025103352772670715,2.232539972358838,5,0.04695761829412113,4,-0.0022144791291422924,0.001286049276508669,-0.0010680803423527912,-
ETHUSDT,rsi>70 & >ema50 & pop>3%,3,82,0.0016991156913883196,0.3185154312169271,58,-0.000428795247670551,24,0.006841567127447258,0.001286049276508669,-0.0010680803423527912,-
ETHUSDT,rsi>70 & >ema50 & vol>1.5x,3,97,0.007141649844628704,1.64578143231001,65,0.0054755959009642466,32,0.010525821917697133,0.001286049276508669,-0.0010680803423527912,-
ETHUSDT,rsi>70 & >ema50 & 20d_high,3,137,0.0056333741137226225,1.4055499637359272,104,0.0045480967414201065,33,0.009053642196130548,0.001286049276508669,-0.0010680803423527912,-
ETHUSDT,rsi>70 & >ema50 & 20d_low,3,0,,,0,,0,,0.001286049276508669,-0.0010680803423527912,-
ETHUSDT,rsi>70 & >ema50 & adx>25,3,197,0.0016691365872283476,0.5041422975932353,148,0.00328848142327963,49,-0.0032219457747224606,0.001286049276508669,-0.0010680803423527912,-
ETHUSDT,rsi>70 & >ema50 & btc>ema50,3,224,0.0033302680503799554,1.1058222304999212,161,0.0029394822254565785,63,0.004328942936295259,0.001286049276508669,-0.0010680803423527912,-
ETHUSDT,rsi>70 & >ema50 & funding<0,3,0,,,0,,0,,0.001286049276508669,-0.0010680803423527912,-
ETHUSDT,rsi>70 & ema20>ema50 & >sma200,3,202,0.00346878915844321,1.051787818739191,151,0.003344108823632378,51,0.003837940737981162,0.001286049276508669,-0.0010680803423527912,-
ETHUSDT,rsi>70 & ema20>ema50 & macd>signal,3,215,0.0027421009445551155,0.8725595225313686,157,0.002961509790131554,58,0.002148183897046477,0.001286049276508669,-0.0010680803423527912,-
ETHUSDT,rsi>70 & ema20>ema50 & macd_hist_up,3,126,0.006437700032107046,1.4978738270790743,94,0.006436958238650478,32,0.0064398790503857216,0.001286049276508669,-0.0010680803423527912,-
ETHUSDT,rsi>70 & ema20>ema50 & <lower_bb,3,0,,,0,,0,,0.001286049276508669,-0.0010680803423527912,-
ETHUSDT,rsi>70 & ema20>ema50 & >upper_bb,3,82,0.0014841789072265225,0.3785868821086591,57,-0.00035345829125279073,25,0.005673991719759358,0.001286049276508669,-0.0010680803423527912,-
ETHUSDT,rsi>70 & ema20>ema50 & stoch<20,3,0,,,0,,0,,0.001286049276508669,-0.0010680803423527912,-
ETHUSDT,rsi>70 & ema20>ema50 & dip>3%,3,9,0.025103352772670715,2.232539972358838,5,0.04695761829412113,4,-0.0022144791291422924,0.001286049276508669,-0.0010680803423527912,-
ETHUSDT,rsi>70 & ema20>ema50 & pop>3%,3,75,7.310544931675063e-05,0.01310946361212934,55,0.0003654107860850903,20,-0.0007307342267961807,0.001286049276508669,-0.0010680803423527912,-
ETHUSDT,rsi>70 & ema20>ema50 & vol>1.5x,3,90,0.00599685702703482,1.338528468201429,62,0.0061565020429271535,28,0.005643357348987513,0.001286049276508669,-0.0010680803423527912,-
ETHUSDT,rsi>70 & ema20>ema50 & 20d_high,3,129,0.004946376823978311,1.1930342198762398,100,0.005181247134155521,29,0.004136479202677592,0.001286049276508669,-0.0010680803423527912,-
ETHUSDT,rsi>70 & ema20>ema50 & 20d_low,3,0,,,0,,0,,0.001286049276508669,-0.0010680803423527912,-
ETHUSDT,rsi>70 & ema20>ema50 & adx>25,3,195,0.0019612811495808326,0.5875684717497032,146,0.003700857309107281,49,-0.0032219457747224606,0.001286049276508669,-0.0010680803423527912,-
ETHUSDT,rsi>70 & ema20>ema50 & btc>ema50,3,216,0.0028346777777699676,0.9239312203327295,157,0.0033017789210596817,59,0.0015917137185075126,0.001286049276508669,-0.0010680803423527912,-
ETHUSDT,rsi>70 & ema20>ema50 & funding<0,3,0,,,0,,0,,0.001286049276508669,-0.0010680803423527912,-
ETHUSDT,rsi>70 & >sma200 & macd>signal,3,202,0.003562301658759197,1.0807091380989142,150,0.0031677028463257388,52,0.00470056746385571,0.001286049276508669,-0.0010680803423527912,-
ETHUSDT,rsi>70 & >sma200 & macd_hist_up,3,119,0.007733183711386298,1.7184647804118436,89,0.006498734475955697,30,0.011395383109830407,0.001286049276508669,-0.0010680803423527912,-
ETHUSDT,rsi>70 & >sma200 & <lower_bb,3,0,,,0,,0,,0.001286049276508669,-0.0010680803423527912,-
ETHUSDT,rsi>70 & >sma200 & >upper_bb,3,78,0.0024360377330771106,0.5960467493846041,54,-0.0006351219526896643,24,0.009346147026052356,0.001286049276508669,-0.0010680803423527912,-
ETHUSDT,rsi>70 & >sma200 & stoch<20,3,0,,,0,,0,,0.001286049276508669,-0.0010680803423527912,-
ETHUSDT,rsi>70 & >sma200 & dip>3%,3,9,0.025103352772670715,2.232539972358838,5,0.04695761829412113,4,-0.0022144791291422924,0.001286049276508669,-0.0010680803423527912,-
ETHUSDT,rsi>70 & >sma200 & pop>3%,3,70,0.0013912630193497607,0.23530560977241677,51,-0.00028776889591903713,19,0.005898138160334431,0.001286049276508669,-0.0010680803423527912,-
ETHUSDT,rsi>70 & >sma200 & vol>1.5x,3,88,0.0060446839323514715,1.3435516296706074,62,0.005869373712562196,26,0.006462731379541292,0.001286049276508669,-0.0010680803423527912,-
ETHUSDT,rsi>70 & >sma200 & 20d_high,3,123,0.005605773639460214,1.2946237418417177,94,0.005278729566435904,29,0.006665847531332118,0.001286049276508669,-0.0010680803423527912,-
ETHUSDT,rsi>70 & >sma200 & 20d_low,3,0,,,0,,0,,0.001286049276508669,-0.0010680803423527912,-
ETHUSDT,rsi>70 & >sma200 & adx>25,3,181,0.0028893610992915784,0.8169410997921749,140,0.004135898812057718,41,-0.001367109139422063,0.001286049276508669,-0.0010680803423527912,-
ETHUSDT,rsi>70 & >sma200 & btc>ema50,3,203,0.003656766660040992,1.1373742084935554,150,0.003523851203363845,53,0.004032942480825368,0.001286049276508669,-0.0010680803423527912,-
ETHUSDT,rsi>70 & >sma200 & funding<0,3,0,,,0,,0,,0.001286049276508669,-0.0010680803423527912,-
ETHUSDT,rsi>70 & macd>signal & macd_hist_up,3,132,0.006933255883492014,1.6488848360974306,96,0.005523972410561927,36,0.010691345144638915,0.001286049276508669,-0.0010680803423527912,-
ETHUSDT,rsi>70 & macd>signal & <lower_bb,3,0,,,0,,0,,0.001286049276508669,-0.0010680803423527912,-
ETHUSDT,rsi>70 & macd>signal & >upper_bb,3,90,0.0028376923742152436,0.7387425536839727,61,-0.0010699963099880295,29,0.01105731339960834,0.001286049276508669,-0.0010680803423527912,-
ETHUSDT,rsi>70 & macd>signal & stoch<20,3,0,,,0,,0,,0.001286049276508669,-0.0010680803423527912,-
ETHUSDT,rsi>70 & macd>signal & dip>3%,3,9,0.025103352772670715,2.232539972358838,5,0.04695761829412113,4,-0.0022144791291422924,0.001286049276508669,-0.0010680803423527912,-
ETHUSDT,rsi>70 & macd>signal & pop>3%,3,80,0.0013709676997812892,0.2511226896669069,56,-0.0009735749120755559,24,0.006841567127447258,0.001286049276508669,-0.0010680803423527912,-
ETHUSDT,rsi>70 & macd>signal & vol>1.5x,3,97,0.007141649844628704,1.64578143231001,65,0.0054755959009642466,32,0.010525821917697133,0.001286049276508669,-0.0010680803423527912,-
ETHUSDT,rsi>70 & macd>signal & 20d_high,3,135,0.005497201354582667,1.3525245258105716,102,0.004346588141140706,33,0.009053642196130548,0.001286049276508669,-0.0010680803423527912,-
ETHUSDT,rsi>70 & macd>signal & 20d_low,3,0,,,0,,0,,0.001286049276508669,-0.0010680803423527912,-
ETHUSDT,rsi>70 & macd>signal & adx>25,3,194,0.0017002752247907104,0.5067163274650636,146,0.003130446437904424,48,-0.0026498288817635037,0.001286049276508669,-0.0010680803423527912,-
ETHUSDT,rsi>70 & macd>signal & btc>ema50,3,221,0.003380151715884721,1.1094204167635773,159,0.002789978412497924,62,0.004893660671344414,0.001286049276508669,-0.0010680803423527912,-
ETHUSDT,rsi>70 & macd>signal & funding<0,3,0,,,0,,0,,0.001286049276508669,-0.0010680803423527912,-
ETHUSDT,rsi>70 & macd_hist_up & <lower_bb,3,0,,,0,,0,,0.001286049276508669,-0.0010680803423527912,-
ETHUSDT,rsi>70 & macd_hist_up & >upper_bb,3,90,0.0028376923742152436,0.7387425536839727,61,-0.0010699963099880295,29,0.01105731339960834,0.001286049276508669,-0.0010680803423527912,-
ETHUSDT,rsi>70 & macd_hist_up & stoch<20,3,0,,,0,,0,,0.001286049276508669,-0.0010680803423527912,-
ETHUSDT,rsi>70 & macd_hist_up & dip>3%,3,2,0.04992672351117697,1.4505105614859237,1,,1,,0.001286049276508669,-0.0010680803423527912,-
ETHUSDT,rsi>70 & macd_hist_up & pop>3%,3,76,0.0040748498034273205,0.7357580155015362,53,0.002349943981820148,23,0.008049632783652543,0.001286049276508669,-0.0010680803423527912,-
ETHUSDT,rsi>70 & macd_hist_up & vol>1.5x,3,77,0.008366984968520043,1.7663125253484868,51,0.006373872724562328,26,0.01227655129320633,0.001286049276508669,-0.0010680803423527912,-
ETHUSDT,rsi>70 & macd_hist_up & 20d_high,3,116,0.006774924337077162,1.4760444220177762,90,0.004895456814029848,26,0.013280773455317859,0.001286049276508669,-0.0010680803423527912,-
ETHUSDT,rsi>70 & macd_hist_up & 20d_low,3,0,,,0,,0,,0.001286049276508669,-0.0010680803423527912,-
ETHUSDT,rsi>70 & macd_hist_up & adx>25,3,107,0.005646820264569874,1.1779688637684265,83,0.007194725509837793,24,0.0002936479580183185,0.001286049276508669,-0.0010680803423527912,-
ETHUSDT,rsi>70 & macd_hist_up & btc>ema50,3,133,0.006469872333982723,1.5647936208493611,97,0.004903140156831972,36,0.010691345144638915,0.001286049276508669,-0.0010680803423527912,-
ETHUSDT,rsi>70 & macd_hist_up & funding<0,3,0,,,0,,0,,0.001286049276508669,-0.0010680803423527912,-
ETHUSDT,rsi>70 & <lower_bb & >upper_bb,3,0,,,0,,0,,0.001286049276508669,-0.0010680803423527912,-
ETHUSDT,rsi>70 & <lower_bb & stoch<20,3,0,,,0,,0,,0.001286049276508669,-0.0010680803423527912,-
ETHUSDT,rsi>70 & <lower_bb & dip>3%,3,0,,,0,,0,,0.001286049276508669,-0.0010680803423527912,-
ETHUSDT,rsi>70 & <lower_bb & pop>3%,3,0,,,0,,0,,0.001286049276508669,-0.0010680803423527912,-
ETHUSDT,rsi>70 & <lower_bb & vol>1.5x,3,0,,,0,,0,,0.001286049276508669,-0.0010680803423527912,-
ETHUSDT,rsi>70 & <lower_bb & 20d_high,3,0,,,0,,0,,0.001286049276508669,-0.0010680803423527912,-
ETHUSDT,rsi>70 & <lower_bb & 20d_low,3,0,,,0,,0,,0.001286049276508669,-0.0010680803423527912,-
ETHUSDT,rsi>70 & <lower_bb & adx>25,3,0,,,0,,0,,0.001286049276508669,-0.0010680803423527912,-
ETHUSDT,rsi>70 & <lower_bb & btc>ema50,3,0,,,0,,0,,0.001286049276508669,-0.0010680803423527912,-
ETHUSDT,rsi>70 & <lower_bb & funding<0,3,0,,,0,,0,,0.001286049276508669,-0.0010680803423527912,-
ETHUSDT,rsi>70 & >upper_bb & stoch<20,3,0,,,0,,0,,0.001286049276508669,-0.0010680803423527912,-
ETHUSDT,rsi>70 & >upper_bb & dip>3%,3,1,,,0,,1,,0.001286049276508669,-0.0010680803423527912,-
ETHUSDT,rsi>70 & >upper_bb & pop>3%,3,57,0.00038346431653771626,0.07654016457394783,37,-0.0063525713019032285,20,0.012845130210653467,0.001286049276508669,-0.0010680803423527912,-
ETHUSDT,rsi>70 & >upper_bb & vol>1.5x,3,66,0.005345323611481027,1.05305293305476,42,0.0005602985858754174,24,0.013719117406290842,0.001286049276508669,-0.0010680803423527912,-
ETHUSDT,rsi>70 & >upper_bb & 20d_high,3,79,0.0029343383775338005,0.6967755469210274,56,-0.001565266034284354,23,0.013889896945438875,0.001286049276508669,-0.0010680803423527912,-
ETHUSDT,rsi>70 & >upper_bb & 20d_low,3,0,,,0,,0,,0.001286049276508669,-0.0010680803423527912,-
ETHUSDT,rsi>70 & >upper_bb & adx>25,3,65,-9.738787357004232e-05,-0.02306356337949895,48,0.0010593452884138904,17,-0.0033634579779952653,0.001286049276508669,-0.0010680803423527912,-
ETHUSDT,rsi>70 & >upper_bb & btc>ema50,3,90,0.0028376923742152436,0.7387425536839727,61,-0.0010699963099880295,29,0.01105731339960834,0.001286049276508669,-0.0010680803423527912,-
ETHUSDT,rsi>70 & >upper_bb & funding<0,3,0,,,0,,0,,0.001286049276508669,-0.0010680803423527912,-
ETHUSDT,rsi>70 & stoch<20 & dip>3%,3,0,,,0,,0,,0.001286049276508669,-0.0010680803423527912,-
ETHUSDT,rsi>70 & stoch<20 & pop>3%,3,0,,,0,,0,,0.001286049276508669,-0.0010680803423527912,-
ETHUSDT,rsi>70 & stoch<20 & vol>1.5x,3,0,,,0,,0,,0.001286049276508669,-0.0010680803423527912,-
ETHUSDT,rsi>70 & stoch<20 & 20d_high,3,0,,,0,,0,,0.001286049276508669,-0.0010680803423527912,-
ETHUSDT,rsi>70 & stoch<20 & 20d_low,3,0,,,0,,0,,0.001286049276508669,-0.0010680803423527912,-
ETHUSDT,rsi>70 & stoch<20 & adx>25,3,0,,,0,,0,,0.001286049276508669,-0.0010680803423527912,-
ETHUSDT,rsi>70 & stoch<20 & btc>ema50,3,0,,,0,,0,,0.001286049276508669,-0.0010680803423527912,-
ETHUSDT,rsi>70 & stoch<20 & funding<0,3,0,,,0,,0,,0.001286049276508669,-0.0010680803423527912,-
ETHUSDT,rsi>70 & dip>3% & pop>3%,3,0,,,0,,0,,0.001286049276508669,-0.0010680803423527912,-
ETHUSDT,rsi>70 & dip>3% & vol>1.5x,3,6,0.018843462587600793,1.1583115800477017,3,0.047373195992004236,3,-0.009686270816802643,0.001286049276508669,-0.0010680803423527912,-
ETHUSDT,rsi>70 & dip>3% & 20d_high,3,0,,,0,,0,,0.001286049276508669,-0.0010680803423527912,-
ETHUSDT,rsi>70 & dip>3% & 20d_low,3,0,,,0,,0,,0.001286049276508669,-0.0010680803423527912,-
ETHUSDT,rsi>70 & dip>3% & adx>25,3,9,0.025103352772670715,2.232539972358838,5,0.04695761829412113,4,-0.0022144791291422924,0.001286049276508669,-0.0010680803423527912,-
ETHUSDT,rsi>70 & dip>3% & btc>ema50,3,8,0.017697918505181688,1.8446418699060267,4,0.03761031613950567,4,-0.0022144791291422924,0.001286049276508669,-0.0010680803423527912,-
ETHUSDT,rsi>70 & dip>3% & funding<0,3,0,,,0,,0,,0.001286049276508669,-0.0010680803423527912,-
ETHUSDT,rsi>70 & pop>3% & vol>1.5x,3,51,0.005502528387892947,0.9159239706492219,33,0.000931155247451726,18,0.013883379145368519,0.001286049276508669,-0.0010680803423527912,-
ETHUSDT,rsi>70 & pop>3% & 20d_high,3,78,0.00402370126120102,0.7497094278496167,55,0.0017513356229754296,23,0.009457619091740468,0.001286049276508669,-0.0010680803423527912,-
ETHUSDT,rsi>70 & pop>3% & 20d_low,3,0,,,0,,0,,0.001286049276508669,-0.0010680803423527912,-
ETHUSDT,rsi>70 & pop>3% & adx>25,3,65,-4.5952509658094214e-05,-0.007567477883228863,49,0.0028674006939918765,16,-0.008968096695836134,0.001286049276508669,-0.0010680803423527912,-
ETHUSDT,rsi>70 & pop>3% & btc>ema50,3,81,0.0030548950179111346,0.5848464250055164,57,0.0014605067612643457,24,0.006841567127447258,0.001286049276508669,-0.0010680803423527912,-
ETHUSDT,rsi>70 & pop>3% & funding<0,3,0,,,0,,0,,0.001286049276508669,-0.0010680803423527912,-
ETHUSDT,rsi>70 & vol>1.5x & 20d_high,3,72,0.008806242090394076,1.8006501053453634,50,0.0056293397367714396,22,0.016026474712263716,0.001286049276508669,-0.0010680803423527912,-
ETHUSDT,rsi>70 & vol>1.5x & 20d_low,3,0,,,0,,0,,0.001286049276508669,-0.0010680803423527912,-
ETHUSDT,rsi>70 & vol>1.5x & adx>25,3,76,0.005923550151501189,1.2247554248703814,55,0.0092039501625378,21,-0.0026679736869280346,0.001286049276508669,-0.0010680803423527912,-
ETHUSDT,rsi>70 & vol>1.5x & btc>ema50,3,96,0.006337429250170847,1.4707954377045733,64,0.0042432329164077045,32,0.010525821917697133,0.001286049276508669,-0.0010680803423527912,-
ETHUSDT,rsi>70 & vol>1.5x & funding<0,3,0,,,0,,0,,0.001286049276508669,-0.0010680803423527912,-
ETHUSDT,rsi>70 & 20d_high & 20d_low,3,0,,,0,,0,,0.001286049276508669,-0.0010680803423527912,-
ETHUSDT,rsi>70 & 20d_high & adx>25,3,112,0.0043254787167355145,0.9549165838531523,91,0.006566106520116656,21,-0.005383908431249431,0.001286049276508669,-0.0010680803423527912,-
ETHUSDT,rsi>70 & 20d_high & btc>ema50,3,137,0.0056333741137226225,1.4055499637359272,104,0.0045480967414201065,33,0.009053642196130548,0.001286049276508669,-0.0010680803423527912,-
ETHUSDT,rsi>70 & 20d_high & funding<0,3,0,,,0,,0,,0.001286049276508669,-0.0010680803423527912,-
ETHUSDT,rsi>70 & 20d_low & adx>25,3,0,,,0,,0,,0.001286049276508669,-0.0010680803423527912,-
ETHUSDT,rsi>70 & 20d_low & btc>ema50,3,0,,,0,,0,,0.001286049276508669,-0.0010680803423527912,-
ETHUSDT,rsi>70 & 20d_low & funding<0,3,0,,,0,,0,,0.001286049276508669,-0.0010680803423527912,-
ETHUSDT,rsi>70 & adx>25 & btc>ema50,3,195,0.0018081645668121093,0.5530597675131932,146,0.0034963522841764513,49,-0.0032219457747224606,0.001286049276508669,-0.0010680803423527912,-
ETHUSDT,rsi>70 & adx>25 & funding<0,3,0,,,0,,0,,0.001286049276508669,-0.0010680803423527912,-
ETHUSDT,rsi>70 & btc>ema50 & funding<0,3,0,,,0,,0,,0.001286049276508669,-0.0010680803423527912,-
ETHUSDT,rsi50-70 & >ema20 & >ema50,3,767,0.001253956698333207,0.9212722351216407,509,0.002639131137110106,258,-0.0014788099270057107,0.001286049276508669,-0.0010680803423527912,-
ETHUSDT,rsi50-70 & >ema20 & ema20>ema50,3,645,0.0011572566020113997,0.7540665837508479,446,0.001911165345814287,199,-0.0005324082207830107,0.001286049276508669,-0.0010680803423527912,-
ETHUSDT,rsi50-70 & >ema20 & >sma200,3,578,0.0020270820134328294,1.2378050823962112,435,0.0026041138921399187,143,0.0002717752495336464,0.001286049276508669,-0.0010680803423527912,-
ETHUSDT,rsi50-70 & >ema20 & macd>signal,3,591,0.001536625774366058,1.001967077720301,377,0.002816811105297163,214,-0.0007186539908723836,0.001286049276508669,-0.0010680803423527912,-
ETHUSDT,rsi50-70 & >ema20 & macd_hist_up,3,456,0.0005969322723683478,0.34247381136458316,287,0.001563267840374045,169,-0.0010441228046590765,0.001286049276508669,-0.0010680803423527912,-
ETHUSDT,rsi50-70 & >ema20 & <lower_bb,3,0,,,0,,0,,0.001286049276508669,-0.0010680803423527912,-
ETHUSDT,rsi50-70 & >ema20 & >upper_bb,3,77,0.007822490484988665,1.8219902096897576,50,0.010931759263587611,27,0.002064585339435058,0.001286049276508669,-0.0010680803423527912,-
ETHUSDT,rsi50-70 & >ema20 & stoch<20,3,0,,,0,,0,,0.001286049276508669,-0.0010680803423527912,-
ETHUSDT,rsi50-70 & >ema20 & dip>3%,3,84,0.008974528191474856,1.7966379470925047,67,0.01084804391662543,17,0.001590672098234352,0.001286049276508669,-0.0010680803423527912,-
ETHUSDT,rsi50-70 & >ema20 & pop>3%,3,207,0.0004022737888844167,0.14738265040065882,154,0.001032378960293519,53,-0.0014285978412476937,0.001286049276508669,-0.0010680803423527912,-
ETHUSDT,rsi50-70 & >ema20 & vol>1.5x,3,100,0.0025939621502659082,0.6499878757599002,68,0.005244662504901778,32,-0.003038776103335316,0.001286049276508669,-0.0010680803423527912,-
ETHUSDT,rsi50-70 & >ema20 & 20d_high,3,182,0.0013869386129102786,0.5482279708692448,122,0.005140861872788612,60,-0.006246038682175666,0.001286049276508669,-0.0010680803423527912,-
ETHUSDT,rsi50-70 & >ema20 & 20d_low,3,0,,,0,,0,,0.001286049276508669,-0.0010680803423527912,-
ETHUSDT,rsi50-70 & >ema20 & adx>25,3,433,0.0024567257747137557,1.2807207881338452,283,0.004030168087387157,150,-0.0005118353885300591,0.001286049276508669,-0.0010680803423527912,-
ETHUSDT,rsi50-70 & >ema20 & btc>ema50,3,714,0.002230537157060688,1.5749139859280605,464,0.0029944975099718486,250,0.0008126267420575747,0.001286049276508669,-0.0010680803423527912,-
ETHUSDT,rsi50-70 & >ema20 & funding<0,3,52,0.0028459651031093815,0.5965680419827144,19,0.00929525072390217,33,-0.0008672599512864651,0.001286049276508669,-0.0010680803423527912,-
ETHUSDT,rsi50-70 & >ema50 & ema20>ema50,3,715,0.0008243860490034672,0.548773120691048,491,0.0012759959457763997,224,-0.00016552671579791838,0.001286049276508669,-0.0010680803423527912,-
ETHUSDT,rsi50-70 & >ema50 & >sma200,3,618,0.0019805218055095916,1.2345009355599887,468,0.0026153136884436595,150,-2.88692447047989e-08,0.001286049276508669,-0.0010680803423527912,-
ETHUSDT,rsi50-70 & >ema50 & macd>signal,3,496,0.0005549414314372282,0.3544123327116862,340,0.0030347659304591143,156,-0.004849804271559188,0.001286049276508669,-0.0010680803423527912,-
ETHUSDT,rsi50-70 & >ema50 & macd_hist_up,3,410,-0.0005345394253095887,-0.30854555745038154,270,0.0005709860944482037,140,-0.0026666243562710446,0.001286049276508669,-0.0010680803423527912,-
ETHUSDT,rsi50-70 & >ema50 & <lower_bb,3,0,,,0,,0,,0.001286049276508669,-0.0010680803423527912,-
ETHUSDT,rsi50-70 & >ema50 & >upper_bb,3,72,0.00508694300429404,1.363427224072597,48,0.007938169868725944,24,-0.0006155107245697667,0.001286049276508669,-0.0010680803423527912,-
ETHUSDT,rsi50-70 & >ema50 & stoch<20,3,7,-0.01178785393540239,-0.9782567916273561,2,-0.022020647876589274,5,-0.007694736358927633,0.001286049276508669,-0.0010680803423527912,-
ETHUSDT,rsi50-70 & >ema50 & dip>3%,3,98,0.011567046386353093,2.5080458678385784,78,0.013234433029568744,20,0.005064238477812044,0.001286049276508669,-0.0010680803423527912,-
ETHUSDT,rsi50-70 & >ema50 & pop>3%,3,184,-0.00028871055798719027,-0.09852629992720378,141,0.0007557593194106277,43,-0.0037136001559660756,0.001286049276508669,-0.0010680803423527912,-
ETHUSDT,rsi50-70 & >ema50 & vol>1.5x,3,101,0.0033484618678799273,0.8464410031474617,70,0.006048451987896816,31,-0.0027482900160291754,0.001286049276508669,-0.0010680803423527912,-
ETHUSDT,rsi50-70 & >ema50 & 20d_high,3,167,0.00203657244632518,0.7592235924203766,116,0.006190365081611553,51,-0.007411269626090886,0.001286049276508669,-0.0010680803423527912,-
ETHUSDT,rsi50-70 & >ema50 & 20d_low,3,1,,,0,,1,,0.001286049276508669,-0.0010680803423527912,-
ETHUSDT,rsi50-70 & >ema50 & adx>25,3,416,0.001922705817204199,0.9318960409682017,277,0.002845241504370554,139,8.427139026117602e-05,0.001286049276508669,-0.0010680803423527912,-
ETHUSDT,rsi50-70 & >ema50 & btc>ema50,3,719,0.0017109388497594785,1.2448329653281351,484,0.003167477820281564,235,-0.0012889116256987738,0.001286049276508669,-0.0010680803423527912,-
ETHUSDT,rsi50-70 & >ema50 & funding<0,3,42,0.0026442246724808793,0.4360879406021872,17,0.005750036009876911,25,0.0005322729630515799,0.001286049276508669,-0.0010680803423527912,-
ETHUSDT,rsi50-70 & ema20>ema50 & >sma200,3,584,0.0021198957608815796,1.2596217083981092,447,0.002383669974643098,137,0.0012592601875137037,0.001286049276508669,-0.0010680803423527912,-
ETHUSDT,rsi50-70 & ema20>ema50 & macd>signal,3,379,0.00019769402286778177,0.10587963172704441,278,0.0018118819308681068,101,-0.0042453182387568724,0.001286049276508669,-0.0010680803423527912,-
ETHUSDT,rsi50-70 & ema20>ema50 & macd_hist_up,3,314,-0.0011341918345292475,-0.5370511911080333,218,-0.0009089043422469774,96,-0.0016457821815869047,0.001286049276508669,-0.0010680803423527912,-
ETHUSDT,rsi50-70 & ema20>ema50 & <lower_bb,3,0,,,0,,0,,0.001286049276508669,-0.0010680803423527912,-
ETHUSDT,rsi50-70 & ema20>ema50 & >upper_bb,3,41,0.010306186944969268,1.931451725116005,33,0.007836713029267134,8,0.020492766847240572,0.001286049276508669,-0.0010680803423527912,-
ETHUSDT,rsi50-70 & ema20>ema50 & stoch<20,3,7,-0.01178785393540239,-0.9782567916273561,2,-0.022020647876589274,5,-0.007694736358927633,0.001286049276508669,-0.0010680803423527912,-
ETHUSDT,rsi50-70 & ema20>ema50 & dip>3%,3,93,0.011148329215542985,2.3281203944612736,75,0.013260621772271906,18,0.0023471102291724847,0.001286049276508669,-0.0010680803423527912,-
ETHUSDT,rsi50-70 & ema20>ema50 & pop>3%,3,149,0.0012640887820568939,0.37504060670295536,120,0.0017654620122318323,29,-0.0008105590669428584,0.001286049276508669,-0.0010680803423527912,-
ETHUSDT,rsi50-70 & ema20>ema50 & vol>1.5x,3,79,0.0039863061509273,0.8378385188661533,59,0.005479658198989189,20,-0.00041908239085527846,0.001286049276508669,-0.0010680803423527912,-
ETHUSDT,rsi50-70 & ema20>ema50 & 20d_high,3,109,0.0036445932609944715,1.0225353561805104,86,0.006415160665749277,23,-0.006714919643740891,0.001286049276508669,-0.0010680803423527912,-
ETHUSDT,rsi50-70 & ema20>ema50 & 20d_low,3,1,,,0,,1,,0.001286049276508669,-0.0010680803423527912,-
ETHUSDT,rsi50-70 & ema20>ema50 & adx>25,3,379,0.0019323243419330934,0.8857195523673609,256,0.0023529620181727403,123,0.001056850804393662,0.001286049276508669,-0.0010680803423527912,-
ETHUSDT,rsi50-70 & ema20>ema50 & btc>ema50,3,630,0.0016745562430002105,1.1066993274698373,440,0.002583194413781225,190,-0.0004296584682821393,0.001286049276508669,-0.0010680803423527912,-
ETHUSDT,rsi50-70 & ema20>ema50 & funding<0,3,34,-0.000762056041447814,-0.12095243125823989,12,-0.0020811126505461287,22,-4.2570618303277244e-05,0.001286049276508669,-0.0010680803423527912,-
ETHUSDT,rsi50-70 & >sma200 & macd>signal,3,362,0.0015385516880703665,0.7906549644813174,276,0.002952361378125276,86,-0.002998791038152365,0.001286049276508669,-0.0010680803423527912,-
ETHUSDT,rsi50-70 & >sma200 & macd_hist_up,3,310,-0.0003972118982219324,-0.18455606060248475,236,-0.0002820624873834957,74,-0.0007644451544093777,0.001286049276508669,-0.0010680803423527912,-
ETHUSDT,rsi50-70 & >sma200 & <lower_bb,3,0,,,0,,0,,0.001286049276508669,-0.0010680803423527912,-
ETHUSDT,rsi50-70 & >sma200 & >upper_bb,3,42,0.009559667112745548,1.816448590642366,35,0.007399432792461557,7,0.02036083871416549,0.001286049276508669,-0.0010680803423527912,-
ETHUSDT,rsi50-70 & >sma200 & stoch<20,3,4,0.004030821026062038,0.34829888176577634,1,,3,-0.003477180984620782,0.001286049276508669,-0.0010680803423527912,-
ETHUSDT,rsi50-70 & >sma200 & dip>3%,3,81,0.011549477237237635,2.1916689422215767,69,0.01309362483913193,12,0.0026706285263454264,0.001286049276508669,-0.0010680803423527912,-
ETHUSDT,rsi50-70 & >sma200 & pop>3%,3,159,0.0009073285807885417,0.27968903851152227,128,0.0018611020915923803,31,-0.0030308330122079566,0.001286049276508669,-0.0010680803423527912,-
ETHUSDT,rsi50-70 & >sma200 & vol>1.5x,3,72,0.0041354756388376455,0.8036498561518873,57,0.005574473071555358,15,-0.0013327146054896558,0.001286049276508669,-0.0010680803423527912,-
ETHUSDT,rsi50-70 & >sma200 & 20d_high,3,111,0.004424239040519373,1.2914914723806574,89,0.006618028906578624,22,-0.004450638144902144,0.001286049276508669,-0.0010680803423527912,-
ETHUSDT,rsi50-70 & >sma200 & 20d_low,3,1,,,0,,1,,0.001286049276508669,-0.0010680803423527912,-
ETHUSDT,rsi50-70 & >sma200 & adx>25,3,335,0.0029022745978375887,1.2587109970100236,229,0.003220993676419118,106,0.0022137211167510776,0.001286049276508669,-0.0010680803423527912,-
ETHUSDT,rsi50-70 & >sma200 & btc>ema50,3,566,0.0031152301797226596,1.9310347754489732,428,0.003963894557999766,138,0.0004831406586893159,0.001286049276508669,-0.0010680803423527912,-
ETHUSDT,rsi50-70 & >sma200 & funding<0,3,6,0.012074140350297226,1.821839968365372,1,,5,0.008201138396131414,0.001286049276508669,-0.0010680803423527912,-
ETHUSDT,rsi50-70 & macd>signal & macd_hist_up,3,311,0.00016616221780882891,0.08312759948961429,202,0.0019844560918073277,109,-0.0032035200073993954,0.001286049276508669,-0.0010680803423527912,-
ETHUSDT,rsi50-70 & macd>signal & <lower_bb,3,0,,,0,,0,,0.001286049276508669,-0.0010680803423527912,-
ETHUSDT,rsi50-70 & macd>signal & >upper_bb,3,70,0.004689626500253546,1.1184541618943722,46,0.0070043652626171835,24,0.0002530438723899065,0.001286049276508669,-0.0010680803423527912,-
ETHUSDT,rsi50-70 & macd>signal & stoch<20,3,0,,,0,,0,,0.001286049276508669,-0.0010680803423527912,-
ETHUSDT,rsi50-70 & macd>signal & dip>3%,3,66,0.006759769195283352,1.229200205061443,54,0.008164807741689806,12,0.0004370957364543092,0.001286049276508669,-0.0010680803423527912,-
ETHUSDT,rsi50-70 & macd>signal & pop>3%,3,136,-0.0015608686000988517,-0.4945293746500227,101,-0.0007531289307075856,35,-0.0038917745031993643,0.001286049276508669,-0.0010680803423527912,-
ETHUSDT,rsi50-70 & macd>signal & vol>1.5x,3,86,0.003912492331908661,0.9716743414798293,61,0.007420225822357467,25,-0.004646377384786422,0.001286049276508669,-0.0010680803423527912,-
ETHUSDT,rsi50-70 & macd>signal & 20d_high,3,160,0.00023961032449323628,0.09218353635454596,108,0.004036910316955286,52,-0.00764708965985102,0.001286049276508669,-0.0010680803423527912,-
ETHUSDT,rsi50-70 & macd>signal & 20d_low,3,0,,,0,,0,,0.001286049276508669,-0.0010680803423527912,-
ETHUSDT,rsi50-70 & macd>signal & adx>25,3,264,0.0008997293945325302,0.37524015471671146,176,0.0028346296604941233,88,-0.002970071137390656,0.001286049276508669,-0.0010680803423527912,-
ETHUSDT,rsi50-70 & macd>signal & btc>ema50,3,479,0.0017758401158647177,1.0587874186447992,316,0.0032336140741648445,163,-0.0010502738155637478,0.001286049276508669,-0.0010680803423527912,-
ETHUSDT,rsi50-70 & macd>signal & funding<0,3,39,0.0027174561760997286,0.476132328700724,17,0.007430362852343843,22,-0.000924335346452538,0.001286049276508669,-0.0010680803423527912,-
ETHUSDT,rsi50-70 & macd_hist_up & <lower_bb,3,0,,,0,,0,,0.001286049276508669,-0.0010680803423527912,-
ETHUSDT,rsi50-70 & macd_hist_up & >upper_bb,3,77,0.007822490484988665,1.8219902096897576,50,0.010931759263587611,27,0.002064585339435058,0.001286049276508669,-0.0010680803423527912,-
ETHUSDT,rsi50-70 & macd_hist_up & stoch<20,3,0,,,0,,0,,0.001286049276508669,-0.0010680803423527912,-
ETHUSDT,rsi50-70 & macd_hist_up & dip>3%,3,7,0.025508740065077837,2.6841808204935047,6,0.028163341280536245,1,,0.001286049276508669,-0.0010680803423527912,-
ETHUSDT,rsi50-70 & macd_hist_up & pop>3%,3,184,-0.0002604693481481479,-0.093262177641452,135,-0.0003146630981251679,49,-0.00011116003698696567,0.001286049276508669,-0.0010680803423527912,-
ETHUSDT,rsi50-70 & macd_hist_up & vol>1.5x,3,71,0.007003506149256812,1.7912025865575567,46,0.012563947916697894,25,-0.0032277067028347772,0.001286049276508669,-0.0010680803423527912,-
ETHUSDT,rsi50-70 & macd_hist_up & 20d_high,3,168,0.0011258898120424456,0.4388107272961803,114,0.004060846484051379,54,-0.005070129828865301,0.001286049276508669,-0.0010680803423527912,-
ETHUSDT,rsi50-70 & macd_hist_up & 20d_low,3,0,,,0,,0,,0.001286049276508669,-0.0010680803423527912,-
ETHUSDT,rsi50-70 & macd_hist_up & adx>25,3,197,-0.0005621141880224383,-0.21121601577750798,129,0.0010153845371433231,68,-0.0035547220637045436,0.001286049276508669,-0.0010680803423527912,-
ETHUSDT,rsi50-70 & macd_hist_up & btc>ema50,3,384,0.0013285959928898319,0.7172859921271925,247,0.0018306993803164182,137,0.00042334390023022084,0.001286049276508669,-0.0010680803423527912,-
ETHUSDT,rsi50-70 & macd_hist_up & funding<0,3,25,-0.007344612764215026,-1.0112806379056254,12,0.0018979567979777422,13,-0.015876215437008352,0.001286049276508669,-0.0010680803423527912,-
ETHUSDT,rsi50-70 & <lower_bb & >upper_bb,3,0,,,0,,0,,0.001286049276508669,-0.0010680803423527912,-
ETHUSDT,rsi50-70 & <lower_bb & stoch<20,3,0,,,0,,0,,0.001286049276508669,-0.0010680803423527912,-
ETHUSDT,rsi50-70 & <lower_bb & dip>3%,3,0,,,0,,0,,0.001286049276508669,-0.0010680803423527912,-
ETHUSDT,rsi50-70 & <lower_bb & pop>3%,3,0,,,0,,0,,0.001286049276508669,-0.0010680803423527912,-
ETHUSDT,rsi50-70 & <lower_bb & vol>1.5x,3,0,,,0,,0,,0.001286049276508669,-0.0010680803423527912,-
ETHUSDT,rsi50-70 & <lower_bb & 20d_high,3,0,,,0,,0,,0.001286049276508669,-0.0010680803423527912,-
ETHUSDT,rsi50-70 & <lower_bb & 20d_low,3,0,,,0,,0,,0.001286049276508669,-0.0010680803423527912,-
ETHUSDT,rsi50-70 & <lower_bb & adx>25,3,0,,,0,,0,,0.001286049276508669,-0.0010680803423527912,-
ETHUSDT,rsi50-70 & <lower_bb & btc>ema50,3,0,,,0,,0,,0.001286049276508669,-0.0010680803423527912,-
ETHUSDT,rsi50-70 & <lower_bb & funding<0,3,0,,,0,,0,,0.001286049276508669,-0.0010680803423527912,-
ETHUSDT,rsi50-70 & >upper_bb & stoch<20,3,0,,,0,,0,,0.001286049276508669,-0.0010680803423527912,-
ETHUSDT,rsi50-70 & >upper_bb & dip>3%,3,1,,,1,,0,,0.001286049276508669,-0.0010680803423527912,-
ETHUSDT,rsi50-70 & >upper_bb & pop>3%,3,44,0.004308140216754181,0.7904333940907095,29,0.004850299487836568,15,0.003259965625994901,0.001286049276508669,-0.0010680803423527912,-
ETHUSDT,rsi50-70 & >upper_bb & vol>1.5x,3,29,0.004518452074913682,0.828034653438526,17,0.005457878054866575,12,0.0031875986033137525,0.001286049276508669,-0.0010680803423527912,-
ETHUSDT,rsi50-70 & >upper_bb & 20d_high,3,67,0.007237596892045613,1.8099755116062775,43,0.008197894562048369,24,0.005517063566624007,0.001286049276508669,-0.0010680803423527912,-
ETHUSDT,rsi50-70 & >upper_bb & 20d_low,3,0,,,0,,0,,0.001286049276508669,-0.0010680803423527912,-
ETHUSDT,rsi50-70 & >upper_bb & adx>25,3,31,0.010507099502877816,1.2734487660507101,21,0.017546604606388648,10,-0.0042758612144949346,0.001286049276508669,-0.0010680803423527912,-
ETHUSDT,rsi50-70 & >upper_bb & btc>ema50,3,63,0.008064649312223416,1.8640120456996607,42,0.01015883313277686,21,0.003876281671116526,0.001286049276508669,-0.0010680803423527912,-
ETHUSDT,rsi50-70 & >upper_bb & funding<0,3,5,0.005803095169230832,0.32448107807555127,3,0.026450521707630268,2,-0.025168044638368324,0.001286049276508669,-0.0010680803423527912,-
ETHUSDT,rsi50-70 & stoch<20 & dip>3%,3,3,0.0018391503960041463,0.11444368394884606,1,,2,-0.01051868793504903,0.001286049276508669,-0.0010680803423527912,-
ETHUSDT,rsi50-70 & stoch<20 & pop>3%,3,0,,,0,,0,,0.001286049276508669,-0.0010680803423527912,-
ETHUSDT,rsi50-70 & stoch<20 & vol>1.5x,3,2,0.01691498235317971,1.7546944863673666,1,,1,,0.001286049276508669,-0.0010680803423527912,-
ETHUSDT,rsi50-70 & stoch<20 & 20d_high,3,0,,,0,,0,,0.001286049276508669,-0.0010680803423527912,-
ETHUSDT,rsi50-70 & stoch<20 & 20d_low,3,0,,,0,,0,,0.001286049276508669,-0.0010680803423527912,-
ETHUSDT,rsi50-70 & stoch<20 & adx>25,3,4,0.004030821026062038,0.34829888176577634,1,,3,-0.003477180984620782,0.001286049276508669,-0.0010680803423527912,-
ETHUSDT,rsi50-70 & stoch<20 & btc>ema50,3,4,-0.0069398996437951485,-0.7333577126994386,0,,4,-0.0069398996437951485,0.001286049276508669,-0.0010680803423527912,-
ETHUSDT,rsi50-70 & stoch<20 & funding<0,3,3,0.00018430498105546228,0.020922798470513516,0,,3,0.00018430498105546228,0.001286049276508669,-0.0010680803423527912,-
ETHUSDT,rsi50-70 & dip>3% & pop>3%,3,0,,,0,,0,,0.001286049276508669,-0.0010680803423527912,-
ETHUSDT,rsi50-70 & dip>3% & vol>1.5x,3,30,-0.004285733846973081,-0.5219492575874792,26,-0.004113421368864585,4,-0.005405764954678309,0.001286049276508669,-0.0010680803423527912,-
ETHUSDT,rsi50-70 & dip>3% & 20d_high,3,0,,,0,,0,,0.001286049276508669,-0.0010680803423527912,-
ETHUSDT,rsi50-70 & dip>3% & 20d_low,3,0,,,0,,0,,0.001286049276508669,-0.0010680803423527912,-
ETHUSDT,rsi50-70 & dip>3% & adx>25,3,72,0.010139154255059445,1.922263381812953,58,0.012882422445607524,14,-0.001225813962925448,0.001286049276508669,-0.0010680803423527912,-
ETHUSDT,rsi50-70 & dip>3% & btc>ema50,3,87,0.008844300194911513,1.7735804349389883,72,0.01078030315589528,15,-0.0004485140178105779,0.001286049276508669,-0.0010680803423527912,-
ETHUSDT,rsi50-70 & dip>3% & funding<0,3,5,0.029465216602747184,1.1757323259403285,2,0.019474333899463157,3,0.036125805071603206,0.001286049276508669,-0.0010680803423527912,-
ETHUSDT,rsi50-70 & pop>3% & vol>1.5x,3,41,0.008677770186084293,1.6649535250679988,27,0.0114016378068121,14,0.003424596917537812,0.001286049276508669,-0.0010680803423527912,-
ETHUSDT,rsi50-70 & pop>3% & 20d_high,3,96,0.000918465281755519,0.23473954866259192,71,0.0028257134496723923,25,-0.004498119515128395,0.001286049276508669,-0.0010680803423527912,-
ETHUSDT,rsi50-70 & pop>3% & 20d_low,3,0,,,0,,0,,0.001286049276508669,-0.0010680803423527912,-
ETHUSDT,rsi50-70 & pop>3% & adx>25,3,109,-0.002027594994231513,-0.512671955003609,83,-0.0022085477926077793,26,-0.0014499379840303523,0.001286049276508669,-0.0010680803423527912,-
ETHUSDT,rsi50-70 & pop>3% & btc>ema50,3,170,0.0019521424824212692,0.6568340359429486,127,0.002292377567889548,43,0.0009472621137126356,0.001286049276508669,-0.0010680803423527912,-
ETHUSDT,rsi50-70 & pop>3% & funding<0,3,10,0.00638314187793293,0.687499753025019,7,0.016199748265165563,3,-0.016522273025609883,0.001286049276508669,-0.0010680803423527912,-
ETHUSDT,rsi50-70 & vol>1.5x & 20d_high,3,43,0.008774134104835882,1.7088444891794845,28,0.013468453076711207,15,1.1405357335282178e-05,0.001286049276508669,-0.0010680803423527912,-
ETHUSDT,rsi50-70 & vol>1.5x & 20d_low,3,0,,,0,,0,,0.001286049276508669,-0.0010680803423527912,-
ETHUSDT,rsi50-70 & vol>1.5x & adx>25,3,49,0.0035817190876894496,0.7760869529412896,37,0.005870664637697046,12,-0.003475863024833966,0.001286049276508669,-0.0010680803423527912,-
ETHUSDT,rsi50-70 & vol>1.5x & btc>ema50,3,90,0.004318561375895268,1.0381990743546523,60,0.007548701333954313,30,-0.0021417185402228165,0.001286049276508669,-0.0010680803423527912,-
ETHUSDT,rsi50-70 & vol>1.5x & funding<0,3,8,-0.0005660363054897453,-0.048291258919910436,2,0.0421293548955157,6,-0.014797833372491562,0.001286049276508669,-0.0010680803423527912,-
ETHUSDT,rsi50-70 & 20d_high & 20d_low,3,0,,,0,,0,,0.001286049276508669,-0.0010680803423527912,-
ETHUSDT,rsi50-70 & 20d_high & adx>25,3,83,-0.0040025146037629385,-1.117699451712494,55,-0.0017239640013245194,28,-0.008478239001409833,0.001286049276508669,-0.0010680803423527912,-
ETHUSDT,rsi50-70 & 20d_high & btc>ema50,3,158,0.0027471972092981164,1.0024391309799356,109,0.0065400723949501985,49,-0.005690014938376924,0.001286049276508669,-0.0010680803423527912,-
ETHUSDT,rsi50-70 & 20d_high & funding<0,3,10,0.0031739752896343793,0.2884697900082896,5,0.02949411952022103,5,-0.023146168940952273,0.001286049276508669,-0.0010680803423527912,-
ETHUSDT,rsi50-70 & 20d_low & adx>25,3,1,,,0,,1,,0.001286049276508669,-0.0010680803423527912,-
ETHUSDT,rsi50-70 & 20d_low & btc>ema50,3,1,,,0,,1,,0.001286049276508669,-0.0010680803423527912,-
ETHUSDT,rsi50-70 & 20d_low & funding<0,3,0,,,0,,0,,0.001286049276508669,-0.0010680803423527912,-
ETHUSDT,rsi50-70 & adx>25 & btc>ema50,3,393,0.0026501379820784467,1.417487748361527,259,0.0037177200794568147,134,0.0005866770625187692,0.001286049276508669,-0.0010680803423527912,-
ETHUSDT,rsi50-70 & adx>25 & funding<0,3,17,0.012006663836133948,1.2614688746254414,10,0.019408259860134645,7,0.0014329552304186688,0.001286049276508669,-0.0010680803423527912,-
ETHUSDT,rsi50-70 & btc>ema50 & funding<0,3,40,0.0012155444140979407,0.23512772207486451,12,0.0020923150711104677,28,0.0008397855610925733,0.001286049276508669,-0.0010680803423527912,-
ETHUSDT,>ema20 & >ema50 & ema20>ema50,3,863,0.0015468699020293037,1.1138220731107917,605,0.0022264245487523386,258,-4.665940520882131e-05,0.001286049276508669,-0.0010680803423527912,-
ETHUSDT,>ema20 & >ema50 & >sma200,3,769,0.0025619037381388048,1.7437878518201058,579,0.003124704760628626,190,0.0008468416748671945,0.001286049276508669,-0.0010680803423527912,-
ETHUSDT,>ema20 & >ema50 & macd>signal,3,716,0.0013575224839559661,0.9376339277848167,498,0.002861744183237654,218,-0.0020787270859627524,0.001286049276508669,-0.0010680803423527912,-
ETHUSDT,>ema20 & >ema50 & macd_hist_up,3,528,0.0016127049985033815,0.9556731719310485,356,0.0025520412306252642,172,-0.00033150255170237515,0.001286049276508669,-0.0010680803423527912,-
ETHUSDT,>ema20 & >ema50 & <lower_bb,3,0,,,0,,0,,0.001286049276508669,-0.0010680803423527912,-
ETHUSDT,>ema20 & >ema50 & >upper_bb,3,162,0.0038373593209169304,1.4234381901421507,109,0.0028969025577025268,53,0.005771506249037121,0.001286049276508669,-0.0010680803423527912,-
ETHUSDT,>ema20 & >ema50 & stoch<20,3,0,,,0,,0,,0.001286049276508669,-0.0010680803423527912,-
ETHUSDT,>ema20 & >ema50 & dip>3%,3,90,0.011818536059775914,2.495842427358215,70,0.014495077917465233,20,0.0024506395578632943,0.001286049276508669,-0.0010680803423527912,-
ETHUSDT,>ema20 & >ema50 & pop>3%,3,262,0.0003291473270357208,0.12519788696356263,196,0.0007381679092204261,66,-0.0008855198564218887,0.001286049276508669,-0.0010680803423527912,-
ETHUSDT,>ema20 & >ema50 & vol>1.5x,3,191,0.005171407330892568,1.7083199691269793,130,0.005564260817675507,61,0.004334178588568272,0.001286049276508669,-0.0010680803423527912,-
ETHUSDT,>ema20 & >ema50 & 20d_high,3,304,0.0036574995135404743,1.5702473752524793,220,0.005414020048066507,84,-0.0009429114102181825,0.001286049276508669,-0.0010680803423527912,-
ETHUSDT,>ema20 & >ema50 & 20d_low,3,0,,,0,,0,,0.001286049276508669,-0.0010680803423527912,-
ETHUSDT,>ema20 & >ema50 & adx>25,3,581,0.0021228967875485615,1.2156783619082632,404,0.0037074490373899477,177,-0.0014938213420329057,0.001286049276508669,-0.0010680803423527912,-
ETHUSDT,>ema20 & >ema50 & btc>ema50,3,895,0.0021020444956401834,1.6131871813535912,610,0.0030992337364336054,285,-3.229037061941939e-05,0.001286049276508669,-0.0010680803423527912,-
ETHUSDT,>ema20 & >ema50 & funding<0,3,35,0.006323793040206394,0.9900954836060656,15,0.012661968179362328,20,0.0015701616858394452,0.001286049276508669,-0.0010680803423527912,-
ETHUSDT,>ema20 & ema20>ema50 & >sma200,3,732,0.0026862084481424045,1.75309753042349,557,0.002963900652757801,175,0.0018023538311665401,0.001286049276508669,-0.0010680803423527912,-
ETHUSDT,>ema20 & ema20>ema50 & macd>signal,3,591,0.0010794780708962754,0.6524638132952442,432,0.002180912074040387,159,-0.0019130973338726332,0.001286049276508669,-0.0010680803423527912,-
ETHUSDT,>ema20 & ema20>ema50 & macd_hist_up,3,424,0.0013699139723059803,0.6877280774215699,300,0.0020044731276653294,124,-0.0001653097906601867,0.001286049276508669,-0.0010680803423527912,-
ETHUSDT,>ema20 & ema20>ema50 & <lower_bb,3,0,,,0,,0,,0.001286049276508669,-0.0010680803423527912,-
ETHUSDT,>ema20 & ema20>ema50 & >upper_bb,3,123,0.004424848253140772,1.3953488281751083,90,0.002649604526271182,33,0.009266422053694197,0.001286049276508669,-0.0010680803423527912,-
ETHUSDT,>ema20 & ema20>ema50 & stoch<20,3,0,,,0,,0,,0.001286049276508669,-0.0010680803423527912,-
ETHUSDT,>ema20 & ema20>ema50 & dip>3%,3,85,0.011375203724267377,2.3067762948597856,67,0.014580840460247718,18,-0.0005568885707705712,0.001286049276508669,-0.0010680803423527912,-
ETHUSDT,>ema20 & ema20>ema50 & pop>3%,3,220,0.0008811999676563305,0.299364753999876,172,0.0017147791002191672,48,-0.002105791924027169,0.001286049276508669,-0.0010680803423527912,-
ETHUSDT,>ema20 & ema20>ema50 & vol>1.5x,3,162,0.005008885401061813,1.479676267132127,116,0.005595271499863866,46,0.0035301726301696845,0.001286049276508669,-0.0010680803423527912,-
ETHUSDT,>ema20 & ema20>ema50 & 20d_high,3,238,0.004350181830847058,1.5692107977215324,186,0.005751766293924677,52,-0.0006631779793921212,0.001286049276508669,-0.0010680803423527912,-
ETHUSDT,>ema20 & ema20>ema50 & 20d_low,3,0,,,0,,0,,0.001286049276508669,-0.0010680803423527912,-
ETHUSDT,>ema20 & ema20>ema50 & adx>25,3,542,0.0022500705824459173,1.2353536189133392,381,0.003584424429216258,161,-0.0009076239245074995,0.001286049276508669,-0.0010680803423527912,-
ETHUSDT,>ema20 & ema20>ema50 & btc>ema50,3,798,0.0019704831834890164,1.3920047769277177,562,0.0027387927198929216,236,0.000140864711205139,0.001286049276508669,-0.0010680803423527912,-
ETHUSDT,>ema20 & ema20>ema50 & funding<0,3,27,0.0031246449908815237,0.47300014907958154,10,0.006720555871597386,17,0.0010094032963427826,0.001286049276508669,-0.0010680803423527912,-
ETHUSDT,>ema20 & >sma200 & macd>signal,3,567,0.002511682717863351,1.4611076927616717,427,0.003268672752511219,140,0.00020286311218735618,0.001286049276508669,-0.0010680803423527912,-
ETHUSDT,>ema20 & >sma200 & macd_hist_up,3,422,0.0023462519372727682,1.1519574223518638,317,0.0021157928890925344,105,0.0030420187779692867,0.001286049276508669,-0.0010680803423527912,-
ETHUSDT,>ema20 & >sma200 & <lower_bb,3,0,,,0,,0,,0.001286049276508669,-0.0010680803423527912,-
ETHUSDT,>ema20 & >sma200 & >upper_bb,3,120,0.004929308015961064,1.523956425717379,89,0.002524534407763065,31,0.011833335471755324,0.001286049276508669,-0.0010680803423527912,-
ETHUSDT,>ema20 & >sma200 & stoch<20,3,0,,,0,,0,,0.001286049276508669,-0.0010680803423527912,-
ETHUSDT,>ema20 & >sma200 & dip>3%,3,75,0.012523294010007704,2.3372878542966955,63,0.01522970614021282,12,-0.0016853696735691585,0.001286049276508669,-0.0010680803423527912,-
ETHUSDT,>ema20 & >sma200 & pop>3%,3,227,0.001114031828891322,0.384740696557706,177,0.0018528831865834738,50,-0.0015015019773388977,0.001286049276508669,-0.0010680803423527912,-
ETHUSDT,>ema20 & >sma200 & vol>1.5x,3,155,0.00505677986455711,1.451533666993733,115,0.005591614955381498,40,0.0035191289784369953,0.001286049276508669,-0.0010680803423527912,-
ETHUSDT,>ema20 & >sma200 & 20d_high,3,234,0.005045302098936995,1.8076791054087138,183,0.0059300827974342754,51,0.0018705007690349843,0.001286049276508669,-0.0010680803423527912,-
ETHUSDT,>ema20 & >sma200 & 20d_low,3,0,,,0,,0,,0.001286049276508669,-0.0010680803423527912,-
ETHUSDT,>ema20 & >sma200 & adx>25,3,490,0.003668267098138701,1.9131725586436426,352,0.004679027097104132,138,0.0010900966659949918,0.001286049276508669,-0.0010680803423527912,-
ETHUSDT,>ema20 & >sma200 & btc>ema50,3,729,0.0033302449048444975,2.2213423995214114,544,0.003909342423285272,185,0.001627385174942978,0.001286049276508669,-0.0010680803423527912,-
ETHUSDT,>ema20 & >sma200 & funding<0,3,3,0.017727491813151638,1.3199319997614583,1,,2,0.010871662659164318,0.001286049276508669,-0.0010680803423527912,-
ETHUSDT,>ema20 & macd>signal & macd_hist_up,3,467,0.0019784935517890402,1.0807239579582648,309,0.00328292110258906,158,-0.0005725704557882157,0.001286049276508669,-0.0010680803423527912,-
ETHUSDT,>ema20 & macd>signal & <lower_bb,3,0,,,0,,0,,0.001286049276508669,-0.0010680803423527912,-
ETHUSDT,>ema20 & macd>signal & >upper_bb,3,161,0.0029428311168893805,1.0161673500277704,107,0.0024012245530011253,54,0.004016014493482774,0.001286049276508669,-0.0010680803423527912,-
ETHUSDT,>ema20 & macd>signal & stoch<20,3,0,,,0,,0,,0.001286049276508669,-0.0010680803423527912,-
ETHUSDT,>ema20 & macd>signal & dip>3%,3,74,0.008450363882183466,1.5986205316755908,58,0.010843787844149896,16,-0.00022579797994484035,0.001286049276508669,-0.0010680803423527912,-
ETHUSDT,>ema20 & macd>signal & pop>3%,3,224,-0.00032323999029656395,-0.11765471336663594,161,-0.0005874508269924811,63,0.0003519654812596672,0.001286049276508669,-0.0010680803423527912,-
ETHUSDT,>ema20 & macd>signal & vol>1.5x,3,182,0.0054596974016029665,1.8255538567349718,125,0.006183984482760739,57,0.0038713485394148714,0.001286049276508669,-0.0010680803423527912,-
ETHUSDT,>ema20 & macd>signal & 20d_high,3,297,0.002259775197157502,0.9617417383147856,210,0.004187325260131061,87,-0.002392931851399363,0.001286049276508669,-0.0010680803423527912,-
ETHUSDT,>ema20 & macd>signal & 20d_low,3,0,,,0,,0,,0.001286049276508669,-0.0010680803423527912,-
ETHUSDT,>ema20 & macd>signal & adx>25,3,479,0.0009560935610253169,0.49489694544054486,332,0.0028670869129791927,147,-0.0033598914243399016,0.001286049276508669,-0.0010680803423527912,-
ETHUSDT,>ema20 & macd>signal & btc>ema50,3,702,0.002030978874631364,1.3560618718161088,474,0.0028446761031910416,228,0.00033934516262571667,0.001286049276508669,-0.0010680803423527912,-
ETHUSDT,>ema20 & macd>signal & funding<0,3,43,0.0014006693165515656,0.2610413540882615,20,0.0063600495264836115,23,-0.002911835213824126,0.001286049276508669,-0.0010680803423527912,-
ETHUSDT,>ema20 & macd_hist_up & <lower_bb,3,0,,,0,,0,,0.001286049276508669,-0.0010680803423527912,-
ETHUSDT,>ema20 & macd_hist_up & >upper_bb,3,168,0.004451510250866484,1.5212450585538617,111,0.004336199894325323,57,0.0046760619978150645,0.001286049276508669,-0.0010680803423527912,-
ETHUSDT,>ema20 & macd_hist_up & stoch<20,3,0,,,0,,0,,0.001286049276508669,-0.0010680803423527912,-
ETHUSDT,>ema20 & macd_hist_up & dip>3%,3,9,0.03093495860865543,3.1173677981073635,7,0.03618955351368578,2,0.012543876441049186,0.001286049276508669,-0.0010680803423527912,-
ETHUSDT,>ema20 & macd_hist_up & pop>3%,3,267,0.0009071457991806591,0.3609175888262352,191,0.000357721959670085,76,0.0022879346590032852,0.001286049276508669,-0.0010680803423527912,-
ETHUSDT,>ema20 & macd_hist_up & vol>1.5x,3,149,0.007458844710056839,2.4253066901173663,98,0.008906838732101774,51,0.004676424824558727,0.001286049276508669,-0.0010680803423527912,WEAK
ETHUSDT,>ema20 & macd_hist_up & 20d_high,3,286,0.0030270423436793074,1.2464515434719068,204,0.004429056923747764,82,-0.0004608963677105058,0.001286049276508669,-0.0010680803423527912,-
ETHUSDT,>ema20 & macd_hist_up & 20d_low,3,0,,,0,,0,,0.001286049276508669,-0.0010680803423527912,-
ETHUSDT,>ema20 & macd_hist_up & adx>25,3,320,0.0009312839319379651,0.3945891326101949,217,0.0029402322604726175,103,-0.003301160604877757,0.001286049276508669,-0.0010680803423527912,-
ETHUSDT,>ema20 & macd_hist_up & btc>ema50,3,514,0.002498472338142744,1.428482791604248,338,0.0026600372722478476,176,0.0021881942260545332,0.001286049276508669,-0.0010680803423527912,-
ETHUSDT,>ema20 & macd_hist_up & funding<0,3,28,-0.004211513982883665,-0.7538121710757871,14,0.009650374389740353,14,-0.018073402355507688,0.001286049276508669,-0.0010680803423527912,-
ETHUSDT,>ema20 & <lower_bb & >upper_bb,3,0,,,0,,0,,0.001286049276508669,-0.0010680803423527912,-
ETHUSDT,>ema20 & <lower_bb & stoch<20,3,0,,,0,,0,,0.001286049276508669,-0.0010680803423527912,-
ETHUSDT,>ema20 & <lower_bb & dip>3%,3,0,,,0,,0,,0.001286049276508669,-0.0010680803423527912,-
ETHUSDT,>ema20 & <lower_bb & pop>3%,3,0,,,0,,0,,0.001286049276508669,-0.0010680803423527912,-
ETHUSDT,>ema20 & <lower_bb & vol>1.5x,3,0,,,0,,0,,0.001286049276508669,-0.0010680803423527912,-
ETHUSDT,>ema20 & <lower_bb & 20d_high,3,0,,,0,,0,,0.001286049276508669,-0.0010680803423527912,-
ETHUSDT,>ema20 & <lower_bb & 20d_low,3,0,,,0,,0,,0.001286049276508669,-0.0010680803423527912,-
ETHUSDT,>ema20 & <lower_bb & adx>25,3,0,,,0,,0,,0.001286049276508669,-0.0010680803423527912,-
ETHUSDT,>ema20 & <lower_bb & btc>ema50,3,0,,,0,,0,,0.001286049276508669,-0.0010680803423527912,-
ETHUSDT,>ema20 & <lower_bb & funding<0,3,0,,,0,,0,,0.001286049276508669,-0.0010680803423527912,-
ETHUSDT,>ema20 & >upper_bb & stoch<20,3,0,,,0,,0,,0.001286049276508669,-0.0010680803423527912,-
ETHUSDT,>ema20 & >upper_bb & dip>3%,3,2,0.02033840442530225,4.2092947650677495,1,,1,,0.001286049276508669,-0.0010680803423527912,-
ETHUSDT,>ema20 & >upper_bb & pop>3%,3,101,0.002093224114651819,0.568962012041852,66,-0.0014300977730781672,35,0.008737202531514082,0.001286049276508669,-0.0010680803423527912,-
ETHUSDT,>ema20 & >upper_bb & vol>1.5x,3,95,0.005092910195055206,1.311176306716056,59,0.0019714655515169354,36,0.010208611138631814,0.001286049276508669,-0.0010680803423527912,-
ETHUSDT,>ema20 & >upper_bb & 20d_high,3,147,0.0041283086034986155,1.374009827188918,99,0.0026752986691732923,48,0.007125141593044594,0.001286049276508669,-0.0010680803423527912,-
ETHUSDT,>ema20 & >upper_bb & 20d_low,3,0,,,0,,0,,0.001286049276508669,-0.0010680803423527912,-
ETHUSDT,>ema20 & >upper_bb & adx>25,3,97,0.0021599949889611306,0.5337033932597096,69,0.006077206819971424,28,-0.007493134166028521,0.001286049276508669,-0.0010680803423527912,-
ETHUSDT,>ema20 & >upper_bb & btc>ema50,3,153,0.004989968760453903,1.735230834028334,103,0.0035087496763821207,50,0.008041280073641778,0.001286049276508669,-0.0010680803423527912,-
ETHUSDT,>ema20 & >upper_bb & funding<0,3,5,0.005803095169230832,0.32448107807555127,3,0.026450521707630268,2,-0.025168044638368324,0.001286049276508669,-0.0010680803423527912,-
ETHUSDT,>ema20 & stoch<20 & dip>3%,3,0,,,0,,0,,0.001286049276508669,-0.0010680803423527912,-
ETHUSDT,>ema20 & stoch<20 & pop>3%,3,0,,,0,,0,,0.001286049276508669,-0.0010680803423527912,-
ETHUSDT,>ema20 & stoch<20 & vol>1.5x,3,0,,,0,,0,,0.001286049276508669,-0.0010680803423527912,-
ETHUSDT,>ema20 & stoch<20 & 20d_high,3,0,,,0,,0,,0.001286049276508669,-0.0010680803423527912,-
ETHUSDT,>ema20 & stoch<20 & 20d_low,3,0,,,0,,0,,0.001286049276508669,-0.0010680803423527912,-
ETHUSDT,>ema20 & stoch<20 & adx>25,3,0,,,0,,0,,0.001286049276508669,-0.0010680803423527912,-
ETHUSDT,>ema20 & stoch<20 & btc>ema50,3,0,,,0,,0,,0.001286049276508669,-0.0010680803423527912,-
ETHUSDT,>ema20 & stoch<20 & funding<0,3,0,,,0,,0,,0.001286049276508669,-0.0010680803423527912,-
ETHUSDT,>ema20 & dip>3% & pop>3%,3,0,,,0,,0,,0.001286049276508669,-0.0010680803423527912,-
ETHUSDT,>ema20 & dip>3% & vol>1.5x,3,31,-0.0028037604687630967,-0.328659398708228,25,-0.0011583825845714354,6,-0.009659501652895013,0.001286049276508669,-0.0010680803423527912,-
ETHUSDT,>ema20 & dip>3% & 20d_high,3,0,,,0,,0,,0.001286049276508669,-0.0010680803423527912,-
ETHUSDT,>ema20 & dip>3% & 20d_low,3,0,,,0,,0,,0.001286049276508669,-0.0010680803423527912,-
ETHUSDT,>ema20 & dip>3% & adx>25,3,68,0.011084163625258709,2.1273286822209845,54,0.015243638896250437,14,-0.004959526705709376,0.001286049276508669,-0.0010680803423527912,-
ETHUSDT,>ema20 & dip>3% & btc>ema50,3,83,0.0081401603116592,1.6301058125677383,66,0.010154266011838537,17,0.00032069112272765975,0.001286049276508669,-0.0010680803423527912,-
ETHUSDT,>ema20 & dip>3% & funding<0,3,4,0.03501273634137175,1.1097118468279006,2,0.019474333899463157,2,0.05055113878328035,0.001286049276508669,-0.0010680803423527912,-
ETHUSDT,>ema20 & pop>3% & vol>1.5x,3,92,0.006840012244842394,1.6903845213332795,60,0.005523932417722291,32,0.009307661920692585,0.001286049276508669,-0.0010680803423527912,-
ETHUSDT,>ema20 & pop>3% & 20d_high,3,175,0.0023004864175333686,0.7174860323106969,126,0.0023567390015110192,49,0.002155836915876553,0.001286049276508669,-0.0010680803423527912,-
ETHUSDT,>ema20 & pop>3% & 20d_low,3,0,,,0,,0,,0.001286049276508669,-0.0010680803423527912,-
ETHUSDT,>ema20 & pop>3% & adx>25,3,180,-0.00163288609387907,-0.500412385036811,136,-0.0005455114326135676,44,-0.004993862319608809,0.001286049276508669,-0.0010680803423527912,-
ETHUSDT,>ema20 & pop>3% & btc>ema50,3,251,0.0019380023224521408,0.7415259966476097,183,0.002044419911889792,68,0.0016516138097008148,0.001286049276508669,-0.0010680803423527912,-
ETHUSDT,>ema20 & pop>3% & funding<0,3,12,0.006559977031716656,0.8036059371663336,9,0.014254060384158837,3,-0.016522273025609883,0.001286049276508669,-0.0010680803423527912,-
ETHUSDT,>ema20 & vol>1.5x & 20d_high,3,115,0.008794236495794056,2.4430223169140928,78,0.008443380422903664,37,0.009533879027833266,0.001286049276508669,-0.0010680803423527912,WEAK
ETHUSDT,>ema20 & vol>1.5x & 20d_low,3,0,,,0,,0,,0.001286049276508669,-0.0010680803423527912,-
ETHUSDT,>ema20 & vol>1.5x & adx>25,3,120,0.004559602610635907,1.2735347126596301,88,0.007410968802818796,32,-0.003281654417867038,0.001286049276508669,-0.0010680803423527912,-
ETHUSDT,>ema20 & vol>1.5x & btc>ema50,3,181,0.0052896141272508156,1.7209287531938486,121,0.005554461395367877,60,0.004755505469881408,0.001286049276508669,-0.0010680803423527912,-
ETHUSDT,>ema20 & vol>1.5x & funding<0,3,7,-0.0010125481256193741,-0.07592640840778067,3,0.022981193440784354,4,-0.01900785430042217,0.001286049276508669,-0.0010680803423527912,-
ETHUSDT,>ema20 & 20d_high & 20d_low,3,0,,,0,,0,,0.001286049276508669,-0.0010680803423527912,-
ETHUSDT,>ema20 & 20d_high & adx>25,3,197,0.00021796092857997277,0.07159634411988139,146,0.0034431347483408724,51,-0.009014889614264956,0.001286049276508669,-0.0010680803423527912,-
ETHUSDT,>ema20 & 20d_high & btc>ema50,3,296,0.004075652602348756,1.7271711324888654,213,0.005567464564118605,83,0.00024726768840926337,0.001286049276508669,-0.0010680803423527912,-
ETHUSDT,>ema20 & 20d_high & funding<0,3,10,0.0031739752896343793,0.2884697900082896,5,0.02949411952022103,5,-0.023146168940952273,0.001286049276508669,-0.0010680803423527912,-
ETHUSDT,>ema20 & 20d_low & adx>25,3,0,,,0,,0,,0.001286049276508669,-0.0010680803423527912,-
ETHUSDT,>ema20 & 20d_low & btc>ema50,3,0,,,0,,0,,0.001286049276508669,-0.0010680803423527912,-
ETHUSDT,>ema20 & 20d_low & funding<0,3,0,,,0,,0,,0.001286049276508669,-0.0010680803423527912,-
ETHUSDT,>ema20 & adx>25 & btc>ema50,3,567,0.0022267506304162123,1.3318427003896651,388,0.0035791762431433023,179,-0.0007047641055508868,0.001286049276508669,-0.0010680803423527912,-
ETHUSDT,>ema20 & adx>25 & funding<0,3,18,0.007727717127543144,0.7888209560169528,13,0.014997493895474872,5,-0.01117370246907936,0.001286049276508669,-0.0010680803423527912,-
ETHUSDT,>ema20 & btc>ema50 & funding<0,3,37,0.0014620567227247884,0.26352088664149764,13,0.0008541767147601493,24,0.0017913250603723025,0.001286049276508669,-0.0010680803423527912,-
ETHUSDT,>ema50 & ema20>ema50 & >sma200,3,878,0.0020405117020823693,1.4359080452917503,669,0.0025828685079805234,209,0.0003044509214801423,0.001286049276508669,-0.0010680803423527912,-
ETHUSDT,>ema50 & ema20>ema50 & macd>signal,3,597,0.000595458179130431,0.3573387149414989,437,0.001798553410739296,160,-0.002690495672201282,0.001286049276508669,-0.0010680803423527912,-
ETHUSDT,>ema50 & ema20>ema50 & macd_hist_up,3,492,0.001256716516297805,0.6945868217508577,348,0.0018049359215256196,144,-6.814704633607857e-05,0.001286049276508669,-0.0010680803423527912,-
ETHUSDT,>ema50 & ema20>ema50 & <lower_bb,3,2,0.020023107128487184,4.4193459909464,1,,1,,0.001286049276508669,-0.0010680803423527912,-
ETHUSDT,>ema50 & ema20>ema50 & >upper_bb,3,123,0.004424848253140772,1.3953488281751083,90,0.002649604526271182,33,0.009266422053694197,0.001286049276508669,-0.0010680803423527912,-
ETHUSDT,>ema50 & ema20>ema50 & stoch<20,3,29,-0.0001718699348002571,-0.039443828656271794,16,-0.0020967816182871704,13,0.0021972521371836366,0.001286049276508669,-0.0010680803423527912,-
ETHUSDT,>ema50 & ema20>ema50 & dip>3%,3,125,0.007829130867143477,1.8885310943794629,97,0.012164806189630737,28,-0.007190887214330253,0.001286049276508669,-0.0010680803423527912,-
ETHUSDT,>ema50 & ema20>ema50 & pop>3%,3,234,0.0006916607677800029,0.2412173792328535,185,0.0010809163088529026,49,-0.0007779774995360513,0.001286049276508669,-0.0010680803423527912,-
ETHUSDT,>ema50 & ema20>ema50 & vol>1.5x,3,177,0.004653403317036879,1.442773643215251,128,0.005577473685560003,49,0.0022395052115070893,0.001286049276508669,-0.0010680803423527912,-
ETHUSDT,>ema50 & ema20>ema50 & 20d_high,3,238,0.004350181830847058,1.5692107977215324,186,0.005751766293924677,52,-0.0006631779793921212,0.001286049276508669,-0.0010680803423527912,-
ETHUSDT,>ema50 & ema20>ema50 & 20d_low,3,9,0.0071147528373776015,0.8220855215196969,7,0.012529733625714388,2,-0.011837679921801146,0.001286049276508669,-0.0010680803423527912,-
ETHUSDT,>ema50 & ema20>ema50 & adx>25,3,619,0.0016379611811105379,0.9356730971179054,433,0.0028103594412827904,186,-0.0010913315428388469,0.001286049276508669,-0.0010680803423527912,-
ETHUSDT,>ema50 & ema20>ema50 & btc>ema50,3,923,0.0016304100389790055,1.2434171859914134,653,0.0027764574326849664,270,-0.0011413268057987422,0.001286049276508669,-0.0010680803423527912,-
ETHUSDT,>ema50 & ema20>ema50 & funding<0,3,43,-0.0032525493298488192,-0.584389365328571,17,-0.008961882580393302,26,0.000480476257045654,0.001286049276508669,-0.0010680803423527912,-
ETHUSDT,>ema50 & >sma200 & macd>signal,3,552,0.0020766668213226505,1.208827621014426,419,0.003288289575034498,133,-0.0017404003501455048,0.001286049276508669,-0.0010680803423527912,-
ETHUSDT,>ema50 & >sma200 & macd_hist_up,3,459,0.0024678223302434603,1.3324480422108798,348,0.0027636780849661625,111,0.0015402745586803937,0.001286049276508669,-0.0010680803423527912,-
ETHUSDT,>ema50 & >sma200 & <lower_bb,3,1,,,1,,0,,0.001286049276508669,-0.0010680803423527912,-
ETHUSDT,>ema50 & >sma200 & >upper_bb,3,120,0.004929308015961064,1.523956425717379,89,0.002524534407763065,31,0.011833335471755324,0.001286049276508669,-0.0010680803423527912,-
ETHUSDT,>ema50 & >sma200 & stoch<20,3,23,0.002274584798909425,0.5377846145590652,15,0.002469841127912954,8,0.0019084791820278071,0.001286049276508669,-0.0010680803423527912,-
ETHUSDT,>ema50 & >sma200 & dip>3%,3,112,0.007614290225881925,1.6981222789428603,91,0.011965930564548262,21,-0.011242817908338865,0.001286049276508669,-0.0010680803423527912,-
ETHUSDT,>ema50 & >sma200 & pop>3%,3,230,0.001623261396575866,0.5646196116188776,182,0.002005664163484156,48,0.00017331757204860822,0.001286049276508669,-0.0010680803423527912,-
ETHUSDT,>ema50 & >sma200 & vol>1.5x,3,168,0.004754187504776055,1.4208268491600193,126,0.005480633385772589,42,0.0025748498617864605,0.001286049276508669,-0.0010680803423527912,-
ETHUSDT,>ema50 & >sma200 & 20d_high,3,234,0.005045302098936995,1.8076791054087138,183,0.0059300827974342754,51,0.0018705007690349843,0.001286049276508669,-0.0010680803423527912,-
ETHUSDT,>ema50 & >sma200 & 20d_low,3,8,0.004934860408936124,0.5196282322445436,7,0.012529733625714388,1,,0.001286049276508669,-0.0010680803423527912,-
ETHUSDT,>ema50 & >sma200 & adx>25,3,553,0.0026777301747757257,1.4380025605095494,394,0.003814577880407155,159,-0.00013936413980781867,0.001286049276508669,-0.0010680803423527912,-
ETHUSDT,>ema50 & >sma200 & btc>ema50,3,829,0.0026631480929857694,1.9154592496243017,633,0.003681461007221705,196,-0.0006255869820721243,0.001286049276508669,-0.0010680803423527912,-
ETHUSDT,>ema50 & >sma200 & funding<0,3,9,0.005801302332619346,1.068117419430187,2,0.009643631770121043,7,0.004703493921904575,0.001286049276508669,-0.0010680803423527912,-
ETHUSDT,>ema50 & macd>signal & macd_hist_up,3,384,0.001490833269695171,0.7718291182995751,269,0.00308951251951295,115,-0.002248686019009025,0.001286049276508669,-0.0010680803423527912,-
ETHUSDT,>ema50 & macd>signal & <lower_bb,3,0,,,0,,0,,0.001286049276508669,-0.0010680803423527912,-
ETHUSDT,>ema50 & macd>signal & >upper_bb,3,155,0.0022425438558849272,0.85287304189278,105,0.0008702401684817631,50,0.00512438159943157,0.001286049276508669,-0.0010680803423527912,-
ETHUSDT,>ema50 & macd>signal & stoch<20,3,0,,,0,,0,,0.001286049276508669,-0.0010680803423527912,-
ETHUSDT,>ema50 & macd>signal & dip>3%,3,74,0.007376121103828342,1.3421552145937614,58,0.01111919446250035,16,-0.0061925198213576855,0.001286049276508669,-0.0010680803423527912,-
ETHUSDT,>ema50 & macd>signal & pop>3%,3,191,-0.0016896663384489339,-0.5464907101963277,142,-0.001541486371090333,49,-0.002119085835692226,0.001286049276508669,-0.0010680803423527912,-
ETHUSDT,>ema50 & macd>signal & vol>1.5x,3,177,0.006015914834565168,1.9624416156753544,123,0.006661387244945534,54,0.004545672122032112,0.001286049276508669,-0.0010680803423527912,-
ETHUSDT,>ema50 & macd>signal & 20d_high,3,280,0.003100516449193615,1.2762079403487694,204,0.004756056400069863,76,-0.0013433013136847408,0.001286049276508669,-0.0010680803423527912,-
ETHUSDT,>ema50 & macd>signal & 20d_low,3,0,,,0,,0,,0.001286049276508669,-0.0010680803423527912,-
ETHUSDT,>ema50 & macd>signal & adx>25,3,409,0.0009980509026813183,0.4750322084704258,295,0.0028017511590189836,114,-0.0036694190588942165,0.001286049276508669,-0.0010680803423527912,-
ETHUSDT,>ema50 & macd>signal & btc>ema50,3,660,0.0014030293227848144,0.9237165026667492,461,0.003057342430124558,199,-0.002429324157032381,0.001286049276508669,-0.0010680803423527912,-
ETHUSDT,>ema50 & macd>signal & funding<0,3,23,0.0034979930264957344,0.3620821432846013,14,0.0029118860801511056,9,0.004409714943031825,0.001286049276508669,-0.0010680803423527912,-
ETHUSDT,>ema50 & macd_hist_up & <lower_bb,3,0,,,0,,0,,0.001286049276508669,-0.0010680803423527912,-
ETHUSDT,>ema50 & macd_hist_up & >upper_bb,3,162,0.0038373593209169304,1.4234381901421507,109,0.0028969025577025268,53,0.005771506249037121,0.001286049276508669,-0.0010680803423527912,-
ETHUSDT,>ema50 & macd_hist_up & stoch<20,3,3,-0.004014969381498611,-1.535706155659467,1,,2,-0.005284529632449485,0.001286049276508669,-0.0010680803423527912,-
ETHUSDT,>ema50 & macd_hist_up & dip>3%,3,11,0.020648061652751185,1.9089848999057826,8,0.026405025333753628,3,0.005296158503411343,0.001286049276508669,-0.0010680803423527912,-
ETHUSDT,>ema50 & macd_hist_up & pop>3%,3,242,0.0007945730100453305,0.29624473053931216,181,0.0008813159790926725,61,0.0005371881346753464,0.001286049276508669,-0.0010680803423527912,-
ETHUSDT,>ema50 & macd_hist_up & vol>1.5x,3,144,0.00829218094734748,2.6231470649434514,96,0.009695593359608913,48,0.005485356122824613,0.001286049276508669,-0.0010680803423527912,WEAK
ETHUSDT,>ema50 & macd_hist_up & 20d_high,3,271,0.0039030511459988084,1.5631841405016798,198,0.005022347542582188,73,0.0008671513306082722,0.001286049276508669,-0.0010680803423527912,-
ETHUSDT,>ema50 & macd_hist_up & 20d_low,3,0,,,0,,0,,0.001286049276508669,-0.0010680803423527912,-
ETHUSDT,>ema50 & macd_hist_up & adx>25,3,285,0.0006485801808881644,0.26388970540605433,202,0.002770053037384816,83,-0.004514522433718142,0.001286049276508669,-0.0010680803423527912,-
ETHUSDT,>ema50 & macd_hist_up & btc>ema50,3,520,0.0024682096946614675,1.4487277985126197,355,0.0031536992881284107,165,0.0009933684481113784,0.001286049276508669,-0.0010680803423527912,-
ETHUSDT,>ema50 & macd_hist_up & funding<0,3,21,-0.005716529649458242,-0.6804430825428615,13,0.00045545232048089385,8,-0.015746000350609336,0.001286049276508669,-0.0010680803423527912,-
ETHUSDT,>ema50 & <lower_bb & >upper_bb,3,0,,,0,,0,,0.001286049276508669,-0.0010680803423527912,-
ETHUSDT,>ema50 & <lower_bb & stoch<20,3,2,0.020023107128487184,4.4193459909464,1,,1,,0.001286049276508669,-0.0010680803423527912,-
ETHUSDT,>ema50 & <lower_bb & dip>3%,3,1,,,0,,1,,0.001286049276508669,-0.0010680803423527912,-
ETHUSDT,>ema50 & <lower_bb & pop>3%,3,0,,,0,,0,,0.001286049276508669,-0.0010680803423527912,-
ETHUSDT,>ema50 & <lower_bb & vol>1.5x,3,0,,,0,,0,,0.001286049276508669,-0.0010680803423527912,-
ETHUSDT,>ema50 & <lower_bb & 20d_high,3,0,,,0,,0,,0.001286049276508669,-0.0010680803423527912,-
ETHUSDT,>ema50 & <lower_bb & 20d_low,3,2,0.020023107128487184,4.4193459909464,1,,1,,0.001286049276508669,-0.0010680803423527912,-
ETHUSDT,>ema50 & <lower_bb & adx>25,3,2,0.020023107128487184,4.4193459909464,1,,1,,0.001286049276508669,-0.0010680803423527912,-
ETHUSDT,>ema50 & <lower_bb & btc>ema50,3,2,0.020023107128487184,4.4193459909464,1,,1,,0.001286049276508669,-0.0010680803423527912,-
ETHUSDT,>ema50 & <lower_bb & funding<0,3,0,,,0,,0,,0.001286049276508669,-0.0010680803423527912,-
ETHUSDT,>ema50 & >upper_bb & stoch<20,3,0,,,0,,0,,0.001286049276508669,-0.0010680803423527912,-
ETHUSDT,>ema50 & >upper_bb & dip>3%,3,2,0.02033840442530225,4.2092947650677495,1,,1,,0.001286049276508669,-0.0010680803423527912,-
ETHUSDT,>ema50 & >upper_bb & pop>3%,3,97,0.0015947361036024272,0.4276238115569659,65,-0.0012399480769097893,32,0.007352688345267871,0.001286049276508669,-0.0010680803423527912,-
ETHUSDT,>ema50 & >upper_bb & vol>1.5x,3,93,0.005635947872309242,1.4276230009712063,58,0.002243211992474516,35,0.011258195901749646,0.001286049276508669,-0.0010680803423527912,-
ETHUSDT,>ema50 & >upper_bb & 20d_high,3,142,0.004647925986350901,1.5779323358520603,98,0.00284331016604264,44,0.008667297586128393,0.001286049276508669,-0.0010680803423527912,-
ETHUSDT,>ema50 & >upper_bb & 20d_low,3,0,,,0,,0,,0.001286049276508669,-0.0010680803423527912,-
ETHUSDT,>ema50 & >upper_bb & adx>25,3,92,0.001758296633645542,0.4913256622896992,67,0.003787633747723776,25,-0.003680326832084119,0.001286049276508669,-0.0010680803423527912,-
ETHUSDT,>ema50 & >upper_bb & btc>ema50,3,151,0.004413392736586317,1.537275280764272,103,0.0035087496763821207,48,0.006354605969941158,0.001286049276508669,-0.0010680803423527912,-
ETHUSDT,>ema50 & >upper_bb & funding<0,3,4,0.013885582854161615,0.6741856162301227,3,0.026450521707630268,1,,0.001286049276508669,-0.0010680803423527912,-
ETHUSDT,>ema50 & stoch<20 & dip>3%,3,10,0.003712889455513012,0.6286325112175435,6,0.005408422376143726,4,0.001169590074566941,0.001286049276508669,-0.0010680803423527912,-
ETHUSDT,>ema50 & stoch<20 & pop>3%,3,0,,,0,,0,,0.001286049276508669,-0.0010680803423527912,-
ETHUSDT,>ema50 & stoch<20 & vol>1.5x,3,4,0.014782202857428442,3.272319865452362,3,0.01728455792715495,1,,0.001286049276508669,-0.0010680803423527912,-
ETHUSDT,>ema50 & stoch<20 & 20d_high,3,0,,,0,,0,,0.001286049276508669,-0.0010680803423527912,-
ETHUSDT,>ema50 & stoch<20 & 20d_low,3,7,0.012376829591666574,1.894034869319516,6,0.010347319146126098,1,,0.001286049276508669,-0.0010680803423527912,-
ETHUSDT,>ema50 & stoch<20 & adx>25,3,15,0.005988836736697206,1.2392250100523285,10,0.0046781632800305464,5,0.008610183650030525,0.001286049276508669,-0.0010680803423527912,-
ETHUSDT,>ema50 & stoch<20 & btc>ema50,3,20,0.0007970291328160684,0.16781642020226825,13,0.00018166138950471712,7,0.0019398549418228636,0.001286049276508669,-0.0010680803423527912,-
ETHUSDT,>ema50 & stoch<20 & funding<0,3,7,-0.000580919018164599,-0.12269244136202037,1,,6,0.0013475755756220005,0.001286049276508669,-0.0010680803423527912,-
ETHUSDT,>ema50 & dip>3% & pop>3%,3,0,,,0,,0,,0.001286049276508669,-0.0010680803423527912,-
ETHUSDT,>ema50 & dip>3% & vol>1.5x,3,40,0.0027184820675833776,0.39865310090223877,33,0.004830944090074433,7,-0.007240267467017308,0.001286049276508669,-0.0010680803423527912,-
ETHUSDT,>ema50 & dip>3% & 20d_high,3,0,,,0,,0,,0.001286049276508669,-0.0010680803423527912,-
ETHUSDT,>ema50 & dip>3% & 20d_low,3,5,0.010611135556610458,1.2014468451932305,4,0.007125446379535716,1,,0.001286049276508669,-0.0010680803423527912,-
ETHUSDT,>ema50 & dip>3% & adx>25,3,91,0.01042862455814979,2.244990817187254,70,0.01505421124045839,21,-0.004989997716212231,0.001286049276508669,-0.0010680803423527912,-
ETHUSDT,>ema50 & dip>3% & btc>ema50,3,110,0.00600989902869492,1.3390537563233647,87,0.01038358616185682,23,-0.010534047953265327,0.001286049276508669,-0.0010680803423527912,-
ETHUSDT,>ema50 & dip>3% & funding<0,3,5,0.03940241788029115,2.1390625339672793,1,,4,0.027384814779566502,0.001286049276508669,-0.0010680803423527912,-
ETHUSDT,>ema50 & pop>3% & vol>1.5x,3,88,0.007596067901484172,1.8076799503478997,58,0.005945710491342397,30,0.010786758894424934,0.001286049276508669,-0.0010680803423527912,-
ETHUSDT,>ema50 & pop>3% & 20d_high,3,166,0.002340540022098039,0.701689683415566,122,0.0027481474136478623,44,0.0012103558909826227,0.001286049276508669,-0.0010680803423527912,-
ETHUSDT,>ema50 & pop>3% & 20d_low,3,0,,,0,,0,,0.001286049276508669,-0.0010680803423527912,-
ETHUSDT,>ema50 & pop>3% & adx>25,3,159,-0.0014522811636381108,-0.4043463736409787,124,-4.681597710070501e-05,35,-0.00643164353879921,0.001286049276508669,-0.0010680803423527912,-
ETHUSDT,>ema50 & pop>3% & btc>ema50,3,247,0.0014965365948275717,0.5622625820380924,185,0.0017755442833895026,62,0.0006640136531508376,0.001286049276508669,-0.0010680803423527912,-
ETHUSDT,>ema50 & pop>3% & funding<0,3,7,-0.0013968394840521853,-0.07020693046114529,6,0.0023385595529798416,1,,0.001286049276508669,-0.0010680803423527912,-
ETHUSDT,>ema50 & vol>1.5x & 20d_high,3,112,0.009322704617275305,2.5353694626925685,76,0.00874819128334883,36,0.010535566100008976,0.001286049276508669,-0.0010680803423527912,WEAK
ETHUSDT,>ema50 & vol>1.5x & 20d_low,3,3,0.01697435574219949,3.3607745890105893,3,0.01697435574219949,0,,0.001286049276508669,-0.0010680803423527912,-
ETHUSDT,>ema50 & vol>1.5x & adx>25,3,124,0.005589188932483956,1.600104932773502,91,0.008836999762326504,33,-0.003366895477081862,0.001286049276508669,-0.0010680803423527912,-
ETHUSDT,>ema50 & vol>1.5x & btc>ema50,3,190,0.005722444639072787,1.9391430962184995,127,0.0067290262901960884,63,0.0036933038503004175,0.001286049276508669,-0.0010680803423527912,-
ETHUSDT,>ema50 & vol>1.5x & funding<0,3,6,0.0035382158211112215,0.2330168491275121,2,0.0421293548955157,4,-0.015757353716091015,0.001286049276508669,-0.0010680803423527912,-
ETHUSDT,>ema50 & 20d_high & 20d_low,3,0,,,0,,0,,0.001286049276508669,-0.0010680803423527912,-
ETHUSDT,>ema50 & 20d_high & adx>25,3,183,0.0017124390258297058,0.5356345238880587,140,0.004239963387460691,43,-0.0065167100585502465,0.001286049276508669,-0.0010680803423527912,-
ETHUSDT,>ema50 & 20d_high & btc>ema50,3,287,0.0039782382743729855,1.645897379689502,211,0.005626457589615916,76,-0.0005977390350514675,0.001286049276508669,-0.0010680803423527912,-
ETHUSDT,>ema50 & 20d_high & funding<0,3,7,0.011675965079815807,0.7977280288675376,5,0.02949411952022103,2,-0.03286942102119724,0.001286049276508669,-0.0010680803423527912,-
ETHUSDT,>ema50 & 20d_low & adx>25,3,7,0.005533418401863438,0.4938317536302056,5,0.012481857731329272,2,-0.011837679921801146,0.001286049276508669,-0.0010680803423527912,-
ETHUSDT,>ema50 & 20d_low & btc>ema50,3,8,0.006987697967421991,0.7121408160965765,6,0.013262823930496367,2,-0.011837679921801146,0.001286049276508669,-0.0010680803423527912,-
ETHUSDT,>ema50 & 20d_low & funding<0,3,0,,,0,,0,,0.001286049276508669,-0.0010680803423527912,-
ETHUSDT,>ema50 & adx>25 & btc>ema50,3,603,0.0019071215913779038,1.1522004065543803,423,0.0036009839691326442,180,-0.002073454996345736,0.001286049276508669,-0.0010680803423527912,-
ETHUSDT,>ema50 & adx>25 & funding<0,3,14,0.020816930103373106,2.120311079119337,10,0.024129957570470345,4,0.012534361435630005,0.001286049276508669,-0.0010680803423527912,-
ETHUSDT,>ema50 & btc>ema50 & funding<0,3,36,0.0024346494572738886,0.44110424596038433,11,0.003995725936586256,25,0.001747775806376449,0.001286049276508669,-0.0010680803423527912,-
ETHUSDT,ema20>ema50 & >sma200 & macd>signal,3,524,0.0019767653716903444,1.0976064089759865,403,0.002994481334090803,121,-0.0014128175444037458,0.001286049276508669,-0.0010680803423527912,-
ETHUSDT,ema20>ema50 & >sma200 & macd_hist_up,3,487,0.002867571148652858,1.564204621349531,366,0.002855081679224493,121,0.002905349213204771,0.001286049276508669,-0.0010680803423527912,-
ETHUSDT,ema20>ema50 & >sma200 & <lower_bb,3,27,0.03365808102060998,2.4964297334020933,20,0.0383296064778796,7,0.020310865428411075,0.001286049276508669,-0.0010680803423527912,-
ETHUSDT,ema20>ema50 & >sma200 & >upper_bb,3,113,0.005003570731122491,1.4680653117975515,84,0.002578346033799187,29,0.012028359509576201,0.001286049276508669,-0.0010680803423527912,-
ETHUSDT,ema20>ema50 & >sma200 & stoch<20,3,69,0.009822245156762107,2.2534522274605076,51,0.012928254329260666,18,0.0010218858346828631,0.001286049276508669,-0.0010680803423527912,-
ETHUSDT,ema20>ema50 & >sma200 & dip>3%,3,161,0.008939390284044356,2.166671488505454,128,0.013102844048151352,33,-0.007209763710067617,0.001286049276508669,-0.0010680803423527912,-
ETHUSDT,ema20>ema50 & >sma200 & pop>3%,3,233,0.00222067557568431,0.7501630501108145,186,0.002034546782555278,47,0.0029572703740247336,0.001286049276508669,-0.0010680803423527912,-
ETHUSDT,ema20>ema50 & >sma200 & vol>1.5x,3,186,0.006212802758502984,1.905386411384011,136,0.007619950167309269,50,0.002385361806549889,0.001286049276508669,-0.0010680803423527912,-
ETHUSDT,ema20>ema50 & >sma200 & 20d_high,3,216,0.005172946594294458,1.7251176747154222,171,0.0058781705803355325,45,0.00249309544733837,0.001286049276508669,-0.0010680803423527912,-
ETHUSDT,ema20>ema50 & >sma200 & 20d_low,3,49,0.01735951913281121,1.9704223671596135,32,0.02570017511897409,17,0.001659460805916368,0.001286049276508669,-0.0010680803423527912,-
ETHUSDT,ema20>ema50 & >sma200 & adx>25,3,609,0.0030689268209009154,1.6430473942334622,426,0.004278799218013875,183,0.00025250255221173043,0.001286049276508669,-0.0010680803423527912,-
ETHUSDT,ema20>ema50 & >sma200 & btc>ema50,3,840,0.003085854236301331,2.2196156005407466,635,0.004080516903352864,205,4.8259749465789246e-06,0.001286049276508669,-0.0010680803423527912,-
ETHUSDT,ema20>ema50 & >sma200 & funding<0,3,20,0.01064158027818873,1.0157404153453797,7,0.015946487216925227,13,0.00778509192656139,0.001286049276508669,-0.0010680803423527912,-
ETHUSDT,ema20>ema50 & macd>signal & macd_hist_up,3,287,0.0008605904702089578,0.35642683082497006,216,0.0019299061725367064,71,-0.0023925389903937688,0.001286049276508669,-0.0010680803423527912,-
ETHUSDT,ema20>ema50 & macd>signal & <lower_bb,3,0,,,0,,0,,0.001286049276508669,-0.0010680803423527912,-
ETHUSDT,ema20>ema50 & macd>signal & >upper_bb,3,116,0.0023292967483615153,0.7562484781396337,86,0.00016368891006297864,30,0.008537372551483988,0.001286049276508669,-0.0010680803423527912,-
ETHUSDT,ema20>ema50 & macd>signal & stoch<20,3,2,-0.0025426739667960482,-0.1706519320543939,1,,1,,0.001286049276508669,-0.0010680803423527912,-
ETHUSDT,ema20>ema50 & macd>signal & dip>3%,3,76,0.006350435071166402,1.191716602325666,60,0.010918670485058287,16,-0.010780447730928166,0.001286049276508669,-0.0010680803423527912,-
ETHUSDT,ema20>ema50 & macd>signal & pop>3%,3,152,-0.0015866661543120768,-0.4390252257472539,119,-0.0009575033674841366,33,-0.003855465294691622,0.001286049276508669,-0.0010680803423527912,-
ETHUSDT,ema20>ema50 & macd>signal & vol>1.5x,3,151,0.006390621547368274,1.8709668309628056,111,0.006841651578799893,40,0.005139013210145527,0.001286049276508669,-0.0010680803423527912,-
ETHUSDT,ema20>ema50 & macd>signal & 20d_high,3,214,0.0036991029411191922,1.2565358201444459,170,0.004993997798291827,44,-0.0013038999161387125,0.001286049276508669,-0.0010680803423527912,-
ETHUSDT,ema20>ema50 & macd>signal & 20d_low,3,0,,,0,,0,,0.001286049276508669,-0.0010680803423527912,-
ETHUSDT,ema20>ema50 & macd>signal & adx>25,3,373,0.0009514742110283681,0.42805711701116245,275,0.0023815808281214728,98,-0.0030615800716308535,0.001286049276508669,-0.0010680803423527912,-
ETHUSDT,ema20>ema50 & macd>signal & btc>ema50,3,571,0.0011096604837363274,0.6574696706746277,414,0.0025856543051466603,157,-0.0027824506122119423,0.001286049276508669,-0.0010680803423527912,-
ETHUSDT,ema20>ema50 & macd>signal & funding<0,3,17,-0.00281980081915579,-0.26078565641142987,11,-0.006670970066724846,6,0.004240676134720805,0.001286049276508669,-0.0010680803423527912,-
ETHUSDT,ema20>ema50 & macd_hist_up & <lower_bb,3,0,,,0,,0,,0.001286049276508669,-0.0010680803423527912,-
ETHUSDT,ema20>ema50 & macd_hist_up & >upper_bb,3,123,0.004424848253140772,1.3953488281751083,90,0.002649604526271182,33,0.009266422053694197,0.001286049276508669,-0.0010680803423527912,-
ETHUSDT,ema20>ema50 & macd_hist_up & stoch<20,3,10,0.006803226733542123,1.274083703664157,8,0.009825165825040026,2,-0.005284529632449485,0.001286049276508669,-0.0010680803423527912,-
ETHUSDT,ema20>ema50 & macd_hist_up & dip>3%,3,17,0.005490457289469826,0.46866248877329275,13,0.006092468133592769,4,0.0035339220460702606,0.001286049276508669,-0.0010680803423527912,-
ETHUSDT,ema20>ema50 & macd_hist_up & pop>3%,3,218,0.0018922862509249479,0.6449217089374959,170,0.0020976566430766334,48,0.0011649327787210614,0.001286049276508669,-0.0010680803423527912,-
ETHUSDT,ema20>ema50 & macd_hist_up & vol>1.5x,3,122,0.007903791399029067,2.2652418248322754,83,0.010729521962934595,39,0.0018900571219993556,0.001286049276508669,-0.0010680803423527912,-
ETHUSDT,ema20>ema50 & macd_hist_up & 20d_high,3,208,0.0040142660973079124,1.3133807247780722,165,0.004686942473791961,43,0.0014330660480086578,0.001286049276508669,-0.0010680803423527912,-
ETHUSDT,ema20>ema50 & macd_hist_up & 20d_low,3,2,0.004277638876807634,0.17380936877625094,2,0.004277638876807634,0,,0.001286049276508669,-0.0010680803423527912,-
ETHUSDT,ema20>ema50 & macd_hist_up & adx>25,3,288,0.0009774864991166378,0.3845843103052089,203,0.0022912548685998808,85,-0.002160101489178636,0.001286049276508669,-0.0010680803423527912,-
ETHUSDT,ema20>ema50 & macd_hist_up & btc>ema50,3,459,0.0028312638781829713,1.5233533771170102,321,0.003124009878430398,138,0.002150311225433524,0.001286049276508669,-0.0010680803423527912,-
ETHUSDT,ema20>ema50 & macd_hist_up & funding<0,3,26,-0.006335207823812316,-1.0253247958292633,19,-0.006565268973050799,7,-0.005710756133022145,0.001286049276508669,-0.0010680803423527912,-
ETHUSDT,ema20>ema50 & <lower_bb & >upper_bb,3,0,,,0,,0,,0.001286049276508669,-0.0010680803423527912,-
ETHUSDT,ema20>ema50 & <lower_bb & stoch<20,3,27,0.029046334890546085,2.822848636676367,15,0.04201232951078384,12,0.012838841615248892,0.001286049276508669,-0.0010680803423527912,-
ETHUSDT,ema20>ema50 & <lower_bb & dip>3%,3,24,0.03843862125155554,2.3431406452389183,16,0.05103722562334671,8,0.013241412507973206,0.001286049276508669,-0.0010680803423527912,-
ETHUSDT,ema20>ema50 & <lower_bb & pop>3%,3,0,,,0,,0,,0.001286049276508669,-0.0010680803423527912,-
ETHUSDT,ema20>ema50 & <lower_bb & vol>1.5x,3,14,0.04920212344582664,2.896372066356675,9,0.05475915849921531,5,0.03919946034972701,0.001286049276508669,-0.0010680803423527912,-
ETHUSDT,ema20>ema50 & <lower_bb & 20d_high,3,0,,,0,,0,,0.001286049276508669,-0.0010680803423527912,-
ETHUSDT,ema20>ema50 & <lower_bb & 20d_low,3,34,0.031154700558875592,2.5955830128088864,20,0.04379910223213765,14,0.013091269597072661,0.001286049276508669,-0.0010680803423527912,-
ETHUSDT,ema20>ema50 & <lower_bb & adx>25,3,19,0.035958762137477604,1.7841353422407464,12,0.049184814513934166,7,0.013285529492123499,0.001286049276508669,-0.0010680803423527912,-
ETHUSDT,ema20>ema50 & <lower_bb & btc>ema50,3,13,0.01592871972743936,1.4437807922025663,5,0.0352274495389147,8,0.0038670135952672754,0.001286049276508669,-0.0010680803423527912,-
ETHUSDT,ema20>ema50 & <lower_bb & funding<0,3,5,0.06966873954599159,1.8559294472627879,3,0.11335836839655154,2,0.00413429627015164,0.001286049276508669,-0.0010680803423527912,-
ETHUSDT,ema20>ema50 & >upper_bb & stoch<20,3,0,,,0,,0,,0.001286049276508669,-0.0010680803423527912,-
ETHUSDT,ema20>ema50 & >upper_bb & dip>3%,3,1,,,0,,1,,0.001286049276508669,-0.0010680803423527912,-
ETHUSDT,ema20>ema50 & >upper_bb & pop>3%,3,76,0.001435018142212916,0.3393135210193332,55,-0.000596112838585845,21,0.0067546469014477676,0.001286049276508669,-0.0010680803423527912,-
ETHUSDT,ema20>ema50 & >upper_bb & vol>1.5x,3,74,0.00506705711166504,1.1317033845607372,49,0.0019470449649826487,25,0.011182280919162527,0.001286049276508669,-0.0010680803423527912,-
ETHUSDT,ema20>ema50 & >upper_bb & 20d_high,3,107,0.005450404403262316,1.5512672646670222,82,0.003079878867457697,25,0.013225728160701469,0.001286049276508669,-0.0010680803423527912,-
ETHUSDT,ema20>ema50 & >upper_bb & 20d_low,3,0,,,0,,0,,0.001286049276508669,-0.0010680803423527912,-
ETHUSDT,ema20>ema50 & >upper_bb & adx>25,3,78,0.0033784717356816455,0.8663308534034139,59,0.0042957351434913275,19,0.0005301274693252677,0.001286049276508669,-0.0010680803423527912,-
ETHUSDT,ema20>ema50 & >upper_bb & btc>ema50,3,121,0.004452203703818097,1.3810795742143436,88,0.0026468718226145605,33,0.009266422053694197,0.001286049276508669,-0.0010680803423527912,-
ETHUSDT,ema20>ema50 & >upper_bb & funding<0,3,2,0.003944406194865337,0.4456175257773802,2,0.003944406194865337,0,,0.001286049276508669,-0.0010680803423527912,-
ETHUSDT,ema20>ema50 & stoch<20 & dip>3%,3,43,0.01589646226242204,2.2261759861903325,31,0.021876518237608347,12,0.0004479843265240956,0.001286049276508669,-0.0010680803423527912,-
ETHUSDT,ema20>ema50 & stoch<20 & pop>3%,3,0,,,0,,0,,0.001286049276508669,-0.0010680803423527912,-
ETHUSDT,ema20>ema50 & stoch<20 & vol>1.5x,3,20,0.025987728039005342,2.139710018860978,15,0.024274834803511267,5,0.031126407745487576,0.001286049276508669,-0.0010680803423527912,-
ETHUSDT,ema20>ema50 & stoch<20 & 20d_high,3,0,,,0,,0,,0.001286049276508669,-0.0010680803423527912,-
ETHUSDT,ema20>ema50 & stoch<20 & 20d_low,3,46,0.01793811636819705,2.4208113370159188,31,0.02494384914497686,15,0.003459601962852102,0.001286049276508669,-0.0010680803423527912,-
ETHUSDT,ema20>ema50 & stoch<20 & adx>25,3,32,0.018197217207164607,2.124863552003177,22,0.02056302238662474,10,0.012992445812352316,0.001286049276508669,-0.0010680803423527912,-
ETHUSDT,ema20>ema50 & stoch<20 & btc>ema50,3,44,0.005677913154487194,1.1575355694463685,26,0.011696140459008322,18,-0.003015081840932209,0.001286049276508669,-0.0010680803423527912,-
ETHUSDT,ema20>ema50 & stoch<20 & funding<0,3,24,0.009374626952838194,0.9653857641561493,15,0.018452215348868525,9,-0.005754687040545687,0.001286049276508669,-0.0010680803423527912,-
ETHUSDT,ema20>ema50 & dip>3% & pop>3%,3,0,,,0,,0,,0.001286049276508669,-0.0010680803423527912,-
ETHUSDT,ema20>ema50 & dip>3% & vol>1.5x,3,60,0.00615036041890221,0.8437069182689002,47,0.008250194934661833,13,-0.001441348984228724,0.001286049276508669,-0.0010680803423527912,-
ETHUSDT,ema20>ema50 & dip>3% & 20d_high,3,0,,,0,,0,,0.001286049276508669,-0.0010680803423527912,-
ETHUSDT,ema20>ema50 & dip>3% & 20d_low,3,36,0.025077595678955657,2.103812410457541,23,0.04062679465405528,13,-0.002432525584682147,0.001286049276508669,-0.0010680803423527912,-
ETHUSDT,ema20>ema50 & dip>3% & adx>25,3,115,0.01033300424047954,1.8919254775898684,88,0.014328747382923375,27,-0.002690158594152218,0.001286049276508669,-0.0010680803423527912,-
ETHUSDT,ema20>ema50 & dip>3% & btc>ema50,3,123,0.005250070173938832,1.250631929812302,90,0.0113420742836826,33,-0.01136448648899872,0.001286049276508669,-0.0010680803423527912,-
ETHUSDT,ema20>ema50 & dip>3% & funding<0,3,16,0.020272305321243703,1.0232585626632182,9,0.03518420483027562,7,0.0010998630953455307,0.001286049276508669,-0.0010680803423527912,-
ETHUSDT,ema20>ema50 & pop>3% & vol>1.5x,3,73,0.006746617212650423,1.47306789794615,51,0.006798342270331185,22,0.006626709124390473,0.001286049276508669,-0.0010680803423527912,-
ETHUSDT,ema20>ema50 & pop>3% & 20d_high,3,136,0.0031420397435097873,0.8356097264929473,105,0.004449504916596105,31,-0.0012864713266212873,0.001286049276508669,-0.0010680803423527912,-
ETHUSDT,ema20>ema50 & pop>3% & 20d_low,3,0,,,0,,0,,0.001286049276508669,-0.0010680803423527912,-
ETHUSDT,ema20>ema50 & pop>3% & adx>25,3,157,-0.0006197217586461592,-0.16686875634069262,121,0.0008083780246056014,36,-0.005419723807909027,0.001286049276508669,-0.0010680803423527912,-
ETHUSDT,ema20>ema50 & pop>3% & btc>ema50,3,217,0.0018456608938915591,0.6394595528574267,167,0.0022418316096098636,50,0.0005224507033924239,0.001286049276508669,-0.0010680803423527912,-
ETHUSDT,ema20>ema50 & pop>3% & funding<0,3,7,-0.009459572090938482,-0.580275487950557,6,-0.014411812077982427,1,,0.001286049276508669,-0.0010680803423527912,-
ETHUSDT,ema20>ema50 & vol>1.5x & 20d_high,3,93,0.009892344093564652,2.4170569963954645,67,0.009778917234080056,26,0.010184636385313414,0.001286049276508669,-0.0010680803423527912,-
ETHUSDT,ema20>ema50 & vol>1.5x & 20d_low,3,22,0.02886173373839599,2.261197523508643,13,0.04090259431458425,9,0.01146937957279073,0.001286049276508669,-0.0010680803423527912,-
ETHUSDT,ema20>ema50 & vol>1.5x & adx>25,3,126,0.006859234888286938,1.6470342210396958,90,0.010048374848645463,36,-0.0011136150126093787,0.001286049276508669,-0.0010680803423527912,-
ETHUSDT,ema20>ema50 & vol>1.5x & btc>ema50,3,168,0.004875654736634467,1.5209019797214616,117,0.0065673425873013025,51,0.0009947237851046752,0.001286049276508669,-0.0010680803423527912,-
ETHUSDT,ema20>ema50 & vol>1.5x & funding<0,3,14,0.00951447247316561,0.4441788380345543,7,0.020429304298896687,7,-0.0014003593525654598,0.001286049276508669,-0.0010680803423527912,-
ETHUSDT,ema20>ema50 & 20d_high & 20d_low,3,0,,,0,,0,,0.001286049276508669,-0.0010680803423527912,-
ETHUSDT,ema20>ema50 & 20d_high & adx>25,3,162,0.003245369078125926,0.9399019377101046,129,0.005509529040932005,33,-0.005605438049206925,0.001286049276508669,-0.0010680803423527912,-
ETHUSDT,ema20>ema50 & 20d_high & btc>ema50,3,234,0.00404840238351738,1.4406397143058807,182,0.005394568201491524,52,-0.0006631779793921212,0.001286049276508669,-0.0010680803423527912,-
ETHUSDT,ema20>ema50 & 20d_high & funding<0,3,3,0.013164544423381162,1.248805685009343,3,0.013164544423381162,0,,0.001286049276508669,-0.0010680803423527912,-
ETHUSDT,ema20>ema50 & 20d_low & adx>25,3,28,0.02861388330162299,1.9839918831023353,18,0.04260256793459162,10,0.0034342509622794517,0.001286049276508669,-0.0010680803423527912,-
ETHUSDT,ema20>ema50 & 20d_low & btc>ema50,3,22,0.007152663985746397,0.766873265832682,11,0.026849098723475365,11,-0.012543770751982574,0.001286049276508669,-0.0010680803423527912,-
ETHUSDT,ema20>ema50 & 20d_low & funding<0,3,14,0.029481425396951397,1.534049718180878,8,0.04946673517312576,6,0.0028343456953855567,0.001286049276508669,-0.0010680803423527912,-
ETHUSDT,ema20>ema50 & adx>25 & btc>ema50,3,598,0.0025491082969995226,1.5200287765261418,416,0.004087993713805732,182,-0.0009683440842718126,0.001286049276508669,-0.0010680803423527912,-
ETHUSDT,ema20>ema50 & adx>25 & funding<0,3,18,0.017236942701793143,0.998768982309038,14,0.01858053734926832,4,0.012534361435630005,0.001286049276508669,-0.0010680803423527912,-
ETHUSDT,ema20>ema50 & btc>ema50 & funding<0,3,31,-0.0011152568241310726,-0.22234746824834367,9,-0.007113775447612541,22,0.0013386826127477108,0.001286049276508669,-0.0010680803423527912,-
ETHUSDT,>sma200 & macd>signal & macd_hist_up,3,345,0.0013844081736981105,0.6266602377050771,252,0.001676080706126085,93,0.0005940696987319855,0.001286049276508669,-0.0010680803423527912,-
ETHUSDT,>sma200 & macd>signal & <lower_bb,3,0,,,0,,0,,0.001286049276508669,-0.0010680803423527912,-
ETHUSDT,>sma200 & macd>signal & >upper_bb,3,113,0.002809372120256182,0.8928630856992225,85,3.487072846145921e-06,28,0.011327237442750937,0.001286049276508669,-0.0010680803423527912,-
ETHUSDT,>sma200 & macd>signal & stoch<20,3,4,-0.012505804686523979,-0.9829592957400045,3,-0.010860259374843457,1,,0.001286049276508669,-0.0010680803423527912,-
ETHUSDT,>sma200 & macd>signal & dip>3%,3,81,0.0031438456603929254,0.6125320565380448,65,0.008962522800384828,16,-0.020494530220824175,0.001286049276508669,-0.0010680803423527912,-
ETHUSDT,>sma200 & macd>signal & pop>3%,3,161,-0.00042506031210522166,-0.12300694119669846,126,-0.00012931333052216878,35,-0.001489749445804209,0.001286049276508669,-0.0010680803423527912,-
ETHUSDT,>sma200 & macd>signal & vol>1.5x,3,148,0.006065819863051195,1.7634031610780099,110,0.006849159555740473,38,0.0037982575947401306,0.001286049276508669,-0.0010680803423527912,-
ETHUSDT,>sma200 & macd>signal & 20d_high,3,212,0.004188673402396569,1.4219366984221558,168,0.004974040378466769,44,0.0011899994937648953,0.001286049276508669,-0.0010680803423527912,-
ETHUSDT,>sma200 & macd>signal & 20d_low,3,0,,,0,,0,,0.001286049276508669,-0.0010680803423527912,-
ETHUSDT,>sma200 & macd>signal & adx>25,3,361,0.0022356953836502303,0.9869745042314111,268,0.003140804297746511,93,-0.0003725754655734619,0.001286049276508669,-0.0010680803423527912,-
ETHUSDT,>sma200 & macd>signal & btc>ema50,3,557,0.0025097671309819887,1.4671241376797521,406,0.004039538952501493,151,-0.001603394190454563,0.001286049276508669,-0.0010680803423527912,-
ETHUSDT,>sma200 & macd>signal & funding<0,3,5,0.01317813707725408,1.2273972468585888,3,0.027303115041251203,2,-0.008009329868741609,0.001286049276508669,-0.0010680803423527912,-
ETHUSDT,>sma200 & macd_hist_up & <lower_bb,3,0,,,0,,0,,0.001286049276508669,-0.0010680803423527912,-
ETHUSDT,>sma200 & macd_hist_up & >upper_bb,3,120,0.004929308015961064,1.523956425717379,89,0.002524534407763065,31,0.011833335471755324,0.001286049276508669,-0.0010680803423527912,-
ETHUSDT,>sma200 & macd_hist_up & stoch<20,3,6,0.01174430131890889,1.2624321394243598,4,0.02025871679458808,2,-0.005284529632449485,0.001286049276508669,-0.0010680803423527912,-
ETHUSDT,>sma200 & macd_hist_up & dip>3%,3,19,0.008594163501230897,0.8021864522560455,14,0.007187294316311059,5,0.012533397219006436,0.001286049276508669,-0.0010680803423527912,-
ETHUSDT,>sma200 & macd_hist_up & pop>3%,3,239,0.002164467445411476,0.7559751829515481,185,0.002444143219172378,54,0.0012063189612306088,0.001286049276508669,-0.0010680803423527912,-
ETHUSDT,>sma200 & macd_hist_up & vol>1.5x,3,118,0.009447885855573239,2.669643657013914,83,0.010746626581939187,35,0.006368014990191142,0.001286049276508669,-0.0010680803423527912,WEAK
ETHUSDT,>sma200 & macd_hist_up & 20d_high,3,206,0.004956084233778685,1.619470711527064,164,0.005066324632474641,42,0.004525621724584945,0.001286049276508669,-0.0010680803423527912,-
ETHUSDT,>sma200 & macd_hist_up & 20d_low,3,3,-0.0030124379019445557,-0.30886250740141624,3,-0.0030124379019445557,0,,0.001286049276508669,-0.0010680803423527912,-
ETHUSDT,>sma200 & macd_hist_up & adx>25,3,334,0.001674974112462557,0.7101774296302859,233,0.001942042932643846,101,0.0010588648540245358,0.001286049276508669,-0.0010680803423527912,-
ETHUSDT,>sma200 & macd_hist_up & btc>ema50,3,465,0.004087273908933396,2.218502156382525,337,0.0038180647592329286,128,0.004796051123379157,0.001286049276508669,-0.0010680803423527912,-
ETHUSDT,>sma200 & macd_hist_up & funding<0,3,9,0.0003396631600973845,0.015921072494556064,7,-0.0011362601370953282,2,0.005505394700271872,0.001286049276508669,-0.0010680803423527912,-
ETHUSDT,>sma200 & <lower_bb & >upper_bb,3,0,,,0,,0,,0.001286049276508669,-0.0010680803423527912,-
ETHUSDT,>sma200 & <lower_bb & stoch<20,3,30,0.01285664536366306,1.397330218454681,22,0.019295344042958164,8,-0.0048497760043984765,0.001286049276508669,-0.0010680803423527912,-
ETHUSDT,>sma200 & <lower_bb & dip>3%,3,28,0.021669423715139486,1.5179796971733917,20,0.03296533983369455,8,-0.006570366581248177,0.001286049276508669,-0.0010680803423527912,-
ETHUSDT,>sma200 & <lower_bb & pop>3%,3,1,,,0,,1,,0.001286049276508669,-0.0010680803423527912,-
ETHUSDT,>sma200 & <lower_bb & vol>1.5x,3,12,0.034270556393029394,2.143619542949749,9,0.0344354476031316,3,0.03377588276272275,0.001286049276508669,-0.0010680803423527912,-
ETHUSDT,>sma200 & <lower_bb & 20d_high,3,0,,,0,,0,,0.001286049276508669,-0.0010680803423527912,-
ETHUSDT,>sma200 & <lower_bb & 20d_low,3,35,0.018231694895724494,1.555032622177177,25,0.02590783417638058,10,-0.0009586533059157242,0.001286049276508669,-0.0010680803423527912,-
ETHUSDT,>sma200 & <lower_bb & adx>25,3,24,0.015584721561087147,0.97978668125257,18,0.021763901274284292,6,-0.0029528175785042813,0.001286049276508669,-0.0010680803423527912,-
ETHUSDT,>sma200 & <lower_bb & btc>ema50,3,10,0.02401363202342802,1.8605235167808056,5,0.0352274495389147,5,0.012799814507941343,0.001286049276508669,-0.0010680803423527912,-
ETHUSDT,>sma200 & <lower_bb & funding<0,3,6,0.04365628110352459,2.3395611572026778,5,0.044529459698503346,1,,0.001286049276508669,-0.0010680803423527912,-
ETHUSDT,>sma200 & >upper_bb & stoch<20,3,0,,,0,,0,,0.001286049276508669,-0.0010680803423527912,-
ETHUSDT,>sma200 & >upper_bb & dip>3%,3,1,,,0,,1,,0.001286049276508669,-0.0010680803423527912,-
ETHUSDT,>sma200 & >upper_bb & pop>3%,3,73,0.0015576155740198014,0.3542661447987114,53,-0.0015108880335692962,20,0.009689150134130912,0.001286049276508669,-0.0010680803423527912,-
ETHUSDT,>sma200 & >upper_bb & vol>1.5x,3,71,0.005709940627820011,1.2324909267815807,48,0.0013501518696593968,23,0.014808630210068247,0.001286049276508669,-0.0010680803423527912,-
ETHUSDT,>sma200 & >upper_bb & 20d_high,3,105,0.005917598512645613,1.6609848203669255,81,0.0029477681735560193,24,0.015940775907072994,0.001286049276508669,-0.0010680803423527912,-
ETHUSDT,>sma200 & >upper_bb & 20d_low,3,0,,,0,,0,,0.001286049276508669,-0.0010680803423527912,-
ETHUSDT,>sma200 & >upper_bb & adx>25,3,71,0.004385842120918164,1.0423763142008924,55,0.004306829216062585,16,0.004657448981359217,0.001286049276508669,-0.0010680803423527912,-
ETHUSDT,>sma200 & >upper_bb & btc>ema50,3,118,0.004965909109669515,1.5096260966497068,87,0.0025188951185814677,31,0.011833335471755324,0.001286049276508669,-0.0010680803423527912,-
ETHUSDT,>sma200 & >upper_bb & funding<0,3,0,,,0,,0,,0.001286049276508669,-0.0010680803423527912,-
ETHUSDT,>sma200 & stoch<20 & dip>3%,3,44,0.006642929937265964,1.04799748579193,32,0.012460029094624871,12,-0.008869334482357794,0.001286049276508669,-0.0010680803423527912,-
ETHUSDT,>sma200 & stoch<20 & pop>3%,3,0,,,0,,0,,0.001286049276508669,-0.0010680803423527912,-
ETHUSDT,>sma200 & stoch<20 & vol>1.5x,3,15,0.02023552782121857,1.9144482087178636,12,0.020214211004275614,3,0.02032079508899037,0.001286049276508669,-0.0010680803423527912,-
ETHUSDT,>sma200 & stoch<20 & 20d_high,3,0,,,0,,0,,0.001286049276508669,-0.0010680803423527912,-
ETHUSDT,>sma200 & stoch<20 & 20d_low,3,43,0.00766899775797315,1.0346312663349948,31,0.012049223337291505,12,-0.003646584988599261,0.001286049276508669,-0.0010680803423527912,-
ETHUSDT,>sma200 & stoch<20 & adx>25,3,40,0.0072538807558082535,1.070328589252637,30,0.007652586985052193,10,0.006057762068076434,0.001286049276508669,-0.0010680803423527912,-
ETHUSDT,>sma200 & stoch<20 & btc>ema50,3,37,0.009797617488113525,1.7724394137296755,26,0.011696140459008322,11,0.0053101995569076405,0.001286049276508669,-0.0010680803423527912,-
ETHUSDT,>sma200 & stoch<20 & funding<0,3,12,0.009316529472384044,1.005908316002688,6,0.021809076476960763,6,-0.0031760175321926764,0.001286049276508669,-0.0010680803423527912,-
ETHUSDT,>sma200 & dip>3% & pop>3%,3,0,,,0,,0,,0.001286049276508669,-0.0010680803423527912,-
ETHUSDT,>sma200 & dip>3% & vol>1.5x,3,55,0.006917239867560161,1.0643751309617928,41,0.010128157773555219,14,-0.002486162571425363,0.001286049276508669,-0.0010680803423527912,-
ETHUSDT,>sma200 & dip>3% & 20d_high,3,0,,,0,,0,,0.001286049276508669,-0.0010680803423527912,-
ETHUSDT,>sma200 & dip>3% & 20d_low,3,40,0.014109798104728058,1.3547632043658602,25,0.02623400336534124,15,-0.006097210662960577,0.001286049276508669,-0.0010680803423527912,-
ETHUSDT,>sma200 & dip>3% & adx>25,3,118,0.008614730148092234,1.7442780560899753,93,0.01260608765815454,25,-0.0062331197893395595,0.001286049276508669,-0.0010680803423527912,-
ETHUSDT,>sma200 & dip>3% & btc>ema50,3,114,0.004635685189331914,1.0281630257224017,85,0.011966741138756872,29,-0.016851892593465378,0.001286049276508669,-0.0010680803423527912,-
ETHUSDT,>sma200 & dip>3% & funding<0,3,9,0.019640683097915407,1.2719626816086267,4,0.03979134211767427,5,0.0035201558821083235,0.001286049276508669,-0.0010680803423527912,-
ETHUSDT,>sma200 & pop>3% & vol>1.5x,3,69,0.007600328349213232,1.5816053924902573,48,0.006806242450143903,21,0.009415381832800265,0.001286049276508669,-0.0010680803423527912,-
ETHUSDT,>sma200 & pop>3% & 20d_high,3,129,0.004418166400130789,1.1276539954627138,100,0.005078783755416226,29,0.002140175519836188,0.001286049276508669,-0.0010680803423527912,-
ETHUSDT,>sma200 & pop>3% & 20d_low,3,0,,,0,,0,,0.001286049276508669,-0.0010680803423527912,-
ETHUSDT,>sma200 & pop>3% & adx>25,3,167,0.0001976183695878125,0.052599359157447685,130,0.0012156256746491986,37,-0.003379164053600843,0.001286049276508669,-0.0010680803423527912,-
ETHUSDT,>sma200 & pop>3% & btc>ema50,3,220,0.002563372252316166,0.8986728456171129,167,0.003143617620526207,53,0.000735051941163769,0.001286049276508669,-0.0010680803423527912,-
ETHUSDT,>sma200 & pop>3% & funding<0,3,5,-0.015086862430746112,-0.40480320929729074,4,-0.023922044996263936,1,,0.001286049276508669,-0.0010680803423527912,-
ETHUSDT,>sma200 & vol>1.5x & 20d_high,3,90,0.010595652999644118,2.525073968309822,65,0.009798043172270874,25,0.012669438550814555,0.001286049276508669,-0.0010680803423527912,-
ETHUSDT,>sma200 & vol>1.5x & 20d_low,3,20,0.01980081043142833,1.7666602544248524,12,0.030070174637898583,8,0.004396764121722955,0.001286049276508669,-0.0010680803423527912,-
ETHUSDT,>sma200 & vol>1.5x & adx>25,3,113,0.0067973958570408605,1.703212626244966,83,0.01051058990943893,30,-0.003475774354593797,0.001286049276508669,-0.0010680803423527912,-
ETHUSDT,>sma200 & vol>1.5x & btc>ema50,3,163,0.005049228259604334,1.5497506258252502,115,0.006478454413651463,48,0.0016250405988664264,0.001286049276508669,-0.0010680803423527912,-
ETHUSDT,>sma200 & vol>1.5x & funding<0,3,8,0.024231813807913952,1.433510217174475,3,0.0523872357083004,5,0.007338560667682082,0.001286049276508669,-0.0010680803423527912,-
ETHUSDT,>sma200 & 20d_high & 20d_low,3,0,,,0,,0,,0.001286049276508669,-0.0010680803423527912,-
ETHUSDT,>sma200 & 20d_high & adx>25,3,152,0.004160142996261533,1.1458181363953948,119,0.006285971304235328,33,-0.003505722720371248,0.001286049276508669,-0.0010680803423527912,-
ETHUSDT,>sma200 & 20d_high & btc>ema50,3,231,0.0048666164243858735,1.7255635635007858,180,0.005715515860068626,51,0.0018705007690349843,0.001286049276508669,-0.0010680803423527912,-
ETHUSDT,>sma200 & 20d_high & funding<0,3,0,,,0,,0,,0.001286049276508669,-0.0010680803423527912,-
ETHUSDT,>sma200 & 20d_low & adx>25,3,33,0.013026039420220362,1.0693652968720817,23,0.020907793698976503,10,-0.005101995420918758,0.001286049276508669,-0.0010680803423527912,-
ETHUSDT,>sma200 & 20d_low & btc>ema50,3,19,0.013911976571313558,1.3834358619337084,11,0.026849098723475365,8,-0.003876566387908934,0.001286049276508669,-0.0010680803423527912,-
ETHUSDT,>sma200 & 20d_low & funding<0,3,9,0.026761836583334652,1.2864798967138797,4,0.04820716487234275,5,0.009605573952128174,0.001286049276508669,-0.0010680803423527912,-
ETHUSDT,>sma200 & adx>25 & btc>ema50,3,547,0.0038939319580306967,2.211943635128409,387,0.005409751468892895,160,0.00022754351613275427,0.001286049276508669,-0.0010680803423527912,-
ETHUSDT,>sma200 & adx>25 & funding<0,3,17,0.01455475374143152,1.0699121179883593,13,0.015176412912447371,4,0.012534361435630005,0.001286049276508669,-0.0010680803423527912,-
ETHUSDT,>sma200 & btc>ema50 & funding<0,3,6,0.009818593237175892,1.281996383257882,2,0.009643631770121043,4,0.009906073970703318,0.001286049276508669,-0.0010680803423527912,-
ETHUSDT,macd>signal & macd_hist_up & <lower_bb,3,0,,,0,,0,,0.001286049276508669,-0.0010680803423527912,-
ETHUSDT,macd>signal & macd_hist_up & >upper_bb,3,161,0.0029428311168893805,1.0161673500277704,107,0.0024012245530011253,54,0.004016014493482774,0.001286049276508669,-0.0010680803423527912,-
ETHUSDT,macd>signal & macd_hist_up & stoch<20,3,2,-0.06658223131013338,-1.121989331630374,0,,2,-0.06658223131013338,0.001286049276508669,-0.0010680803423527912,-
ETHUSDT,macd>signal & macd_hist_up & dip>3%,3,17,0.01698572429439889,2.525155971675202,12,0.02094368063928846,5,0.0074866290666639095,0.001286049276508669,-0.0010680803423527912,-
ETHUSDT,macd>signal & macd_hist_up & pop>3%,3,230,0.0006679470715406385,0.2539951607058954,159,0.0013585499738351073,71,-0.0008786143575413381,0.001286049276508669,-0.0010680803423527912,-
ETHUSDT,macd>signal & macd_hist_up & vol>1.5x,3,137,0.007013488937882187,2.18575885899107,92,0.007929561838033334,45,0.0051406287864620695,0.001286049276508669,-0.0010680803423527912,-
ETHUSDT,macd>signal & macd_hist_up & 20d_high,3,263,0.0025326826028581433,0.9982186149294467,189,0.0038453723179135775,74,-0.0008199978855942498,0.001286049276508669,-0.0010680803423527912,-
ETHUSDT,macd>signal & macd_hist_up & 20d_low,3,0,,,0,,0,,0.001286049276508669,-0.0010680803423527912,-
ETHUSDT,macd>signal & macd_hist_up & adx>25,3,391,0.0007884343239531338,0.3863801505062806,233,0.003667134678542011,158,-0.003456737717940591,0.001286049276508669,-0.0010680803423527912,-
ETHUSDT,macd>signal & macd_hist_up & btc>ema50,3,404,0.002258744158064098,1.1731604783327725,266,0.0031225955600553846,138,0.000593639281762053,0.001286049276508669,-0.0010680803423527912,-
ETHUSDT,macd>signal & macd_hist_up & funding<0,3,55,0.0023341818635715527,0.5347149471069469,30,0.012470069108925794,25,-0.009828882830853525,0.001286049276508669,-0.0010680803423527912,-
ETHUSDT,macd>signal & <lower_bb & >upper_bb,3,0,,,0,,0,,0.001286049276508669,-0.0010680803423527912,-
ETHUSDT,macd>signal & <lower_bb & stoch<20,3,3,-0.015137828783425017,-0.5609732231997459,1,,2,0.009745601949227002,0.001286049276508669,-0.0010680803423527912,-
ETHUSDT,macd>signal & <lower_bb & dip>3%,3,3,-0.015137828783425017,-0.5609732231997459,1,,2,0.009745601949227002,0.001286049276508669,-0.0010680803423527912,-
ETHUSDT,macd>signal & <lower_bb & pop>3%,3,0,,,0,,0,,0.001286049276508669,-0.0010680803423527912,-
ETHUSDT,macd>signal & <lower_bb & vol>1.5x,3,3,-0.04613741712637353,-2.4411310333336194,1,,2,-0.036753780565195765,0.001286049276508669,-0.0010680803423527912,-
ETHUSDT,macd>signal & <lower_bb & 20d_high,3,0,,,0,,0,,0.001286049276508669,-0.0010680803423527912,-
ETHUSDT,macd>signal & <lower_bb & 20d_low,3,4,-0.027645838391466167,-1.2117167924171404,1,,3,-0.015226221105711873,0.001286049276508669,-0.0010680803423527912,-
ETHUSDT,macd>signal & <lower_bb & adx>25,3,4,-0.027645838391466167,-1.2117167924171404,1,,3,-0.015226221105711873,0.001286049276508669,-0.0010680803423527912,-
ETHUSDT,macd>signal & <lower_bb & btc>ema50,3,0,,,0,,0,,0.001286049276508669,-0.0010680803423527912,-
ETHUSDT,macd>signal & <lower_bb & funding<0,3,2,-0.06503727873215934,-490.51981778157983,1,,1,,0.001286049276508669,-0.0010680803423527912,-
ETHUSDT,macd>signal & >upper_bb & stoch<20,3,0,,,0,,0,,0.001286049276508669,-0.0010680803423527912,-
ETHUSDT,macd>signal & >upper_bb & dip>3%,3,2,0.02033840442530225,4.2092947650677495,1,,1,,0.001286049276508669,-0.0010680803423527912,-
ETHUSDT,macd>signal & >upper_bb & pop>3%,3,95,-1.8577975812479535e-05,-0.005183119310156341,62,-0.005141509905195953,33,0.0096063244369686,0.001286049276508669,-0.0010680803423527912,-
ETHUSDT,macd>signal & >upper_bb & vol>1.5x,3,93,0.005322936412335649,1.3439922809131701,59,0.0019714655515169354,34,0.011138724082579888,0.001286049276508669,-0.0010680803423527912,-
ETHUSDT,macd>signal & >upper_bb & 20d_high,3,140,0.0023771675170565524,0.805859106458954,95,0.0004259727068333215,45,0.006496356560861151,0.001286049276508669,-0.0010680803423527912,-
ETHUSDT,macd>signal & >upper_bb & 20d_low,3,0,,,0,,0,,0.001286049276508669,-0.0010680803423527912,-
ETHUSDT,macd>signal & >upper_bb & adx>25,3,92,0.0003597417613185459,0.08783823538983239,66,0.004699321306563704,26,-0.010656114007380698,0.001286049276508669,-0.0010680803423527912,-
ETHUSDT,macd>signal & >upper_bb & btc>ema50,3,146,0.003352104849473068,1.1886683457477898,99,0.001383980359276444,47,0.007497728775631919,0.001286049276508669,-0.0010680803423527912,-
ETHUSDT,macd>signal & >upper_bb & funding<0,3,5,0.005803095169230832,0.32448107807555127,3,0.026450521707630268,2,-0.025168044638368324,0.001286049276508669,-0.0010680803423527912,-
ETHUSDT,macd>signal & stoch<20 & dip>3%,3,17,-0.008600988303327277,-0.9479951775533538,9,-0.012429366756634815,8,-0.004294062543356299,0.001286049276508669,-0.0010680803423527912,-
ETHUSDT,macd>signal & stoch<20 & pop>3%,3,0,,,0,,0,,0.001286049276508669,-0.0010680803423527912,-
ETHUSDT,macd>signal & stoch<20 & vol>1.5x,3,3,-0.020699522142869766,-0.9076017486796394,1,,2,0.0014030619100598787,0.001286049276508669,-0.0010680803423527912,-
ETHUSDT,macd>signal & stoch<20 & 20d_high,3,0,,,0,,0,,0.001286049276508669,-0.0010680803423527912,-
ETHUSDT,macd>signal & stoch<20 & 20d_low,3,12,-0.006901955539421289,-0.5495554750276483,6,-0.018953748703948958,6,0.005149837625106381,0.001286049276508669,-0.0010680803423527912,-
ETHUSDT,macd>signal & stoch<20 & adx>25,3,22,-0.00694271711917758,-0.6443714301514035,7,-0.016103619724402114,15,-0.002667629236739467,0.001286049276508669,-0.0010680803423527912,-
ETHUSDT,macd>signal & stoch<20 & btc>ema50,3,2,-0.0025426739667960482,-0.1706519320543939,1,,1,,0.001286049276508669,-0.0010680803423527912,-
ETHUSDT,macd>signal & stoch<20 & funding<0,3,10,0.0033085214229501376,0.19865531596887995,4,-0.009178463555187168,6,0.011633178075041675,0.001286049276508669,-0.0010680803423527912,-
ETHUSDT,macd>signal & dip>3% & pop>3%,3,0,,,0,,0,,0.001286049276508669,-0.0010680803423527912,-
ETHUSDT,macd>signal & dip>3% & vol>1.5x,3,38,0.0006880310808393412,0.1042195481909681,27,0.0043155599459388195,11,-0.008215903406223017,0.001286049276508669,-0.0010680803423527912,-
ETHUSDT,macd>signal & dip>3% & 20d_high,3,0,,,0,,0,,0.001286049276508669,-0.0010680803423527912,-
ETHUSDT,macd>signal & dip>3% & 20d_low,3,10,-0.004797816555160131,-0.32697407440815196,5,-0.014407531298926274,5,0.004811898188606013,0.001286049276508669,-0.0010680803423527912,-
ETHUSDT,macd>signal & dip>3% & adx>25,3,95,0.0006690699570511602,0.1657297220638689,67,0.001967594637445263,28,-0.0024381140996061527,0.001286049276508669,-0.0010680803423527912,-
ETHUSDT,macd>signal & dip>3% & btc>ema50,3,76,0.004211336343695508,0.7724064351643318,57,0.008351157885216306,19,-0.008208128280866886,0.001286049276508669,-0.0010680803423527912,-
ETHUSDT,macd>signal & dip>3% & funding<0,3,18,0.004570351356207074,0.5126359947489308,9,-0.0010049891398844237,9,0.010145691852298574,0.001286049276508669,-0.0010680803423527912,-
ETHUSDT,macd>signal & pop>3% & vol>1.5x,3,86,0.00646852389336348,1.5200249449633894,59,0.005071713809858725,27,0.009520812594355353,0.001286049276508669,-0.0010680803423527912,-
ETHUSDT,macd>signal & pop>3% & 20d_high,3,157,0.0012163832129875303,0.3596747306158164,113,0.0007812201559981054,44,0.002333961063892192,0.001286049276508669,-0.0010680803423527912,-
ETHUSDT,macd>signal & pop>3% & 20d_low,3,0,,,0,,0,,0.001286049276508669,-0.0010680803423527912,-
ETHUSDT,macd>signal & pop>3% & adx>25,3,156,-0.0024148041932428865,-0.6733992722302684,114,-0.00047342925003518015,42,-0.007684250467663803,0.001286049276508669,-0.0010680803423527912,-
ETHUSDT,macd>signal & pop>3% & btc>ema50,3,188,0.0013825208275811593,0.45940645991615797,134,0.0018776801202838088,54,0.00015379221235606747,0.001286049276508669,-0.0010680803423527912,-
ETHUSDT,macd>signal & pop>3% & funding<0,3,19,0.006321539118963398,0.6518796583334313,15,0.012858231840763228,4,-0.018191058587785962,0.001286049276508669,-0.0010680803423527912,-
ETHUSDT,macd>signal & vol>1.5x & 20d_high,3,111,0.00930310939038463,2.503137334840676,78,0.008443380422903664,33,0.011335196040794202,0.001286049276508669,-0.0010680803423527912,WEAK
ETHUSDT,macd>signal & vol>1.5x & 20d_low,3,4,-0.03181710841104973,-1.6243442529020538,1,,3,-0.020787914465156623,0.001286049276508669,-0.0010680803423527912,-
ETHUSDT,macd>signal & vol>1.5x & adx>25,3,121,0.004152705171351249,1.1521799625352296,88,0.007152651637987262,33,-0.003847152073011453,0.001286049276508669,-0.0010680803423527912,-
ETHUSDT,macd>signal & vol>1.5x & btc>ema50,3,172,0.005836422483663546,1.9097205975564635,116,0.006252296910954911,56,0.004974968312845715,0.001286049276508669,-0.0010680803423527912,-
ETHUSDT,macd>signal & vol>1.5x & funding<0,3,9,-0.01168800153315107,-0.837087002226168,5,0.0019089344988119303,4,-0.028684171573104822,0.001286049276508669,-0.0010680803423527912,-
ETHUSDT,macd>signal & 20d_high & 20d_low,3,0,,,0,,0,,0.001286049276508669,-0.0010680803423527912,-
ETHUSDT,macd>signal & 20d_high & adx>25,3,177,-0.0003922676527851437,-0.11975094167735596,133,0.0032390585976087684,44,-0.011368776546021286,0.001286049276508669,-0.0010680803423527912,-
ETHUSDT,macd>signal & 20d_high & btc>ema50,3,273,0.003712566058963129,1.508215067524815,198,0.005130776047175144,75,-3.150830991658859e-05,0.001286049276508669,-0.0010680803423527912,-
ETHUSDT,macd>signal & 20d_high & funding<0,3,10,0.0031739752896343793,0.2884697900082896,5,0.02949411952022103,5,-0.023146168940952273,0.001286049276508669,-0.0010680803423527912,-
ETHUSDT,macd>signal & 20d_low & adx>25,3,15,-0.008054360992647058,-0.7348232762418472,8,-0.010818071678094314,7,-0.004895834494993048,0.001286049276508669,-0.0010680803423527912,-
ETHUSDT,macd>signal & 20d_low & btc>ema50,3,0,,,0,,0,,0.001286049276508669,-0.0010680803423527912,-
ETHUSDT,macd>signal & 20d_low & funding<0,3,6,-0.013677503324656032,-0.6307639258319558,3,-0.009822662676732366,3,-0.017532343972579693,0.001286049276508669,-0.0010680803423527912,-
ETHUSDT,macd>signal & adx>25 & btc>ema50,3,422,0.001257836253607236,0.6334881992722683,290,0.0027109417712230604,132,-0.001934592535094195,0.001286049276508669,-0.0010680803423527912,-
ETHUSDT,macd>signal & adx>25 & funding<0,3,81,0.004248420600393287,1.0682314655227827,44,0.008664047115876764,37,-0.0010025947153167907,0.001286049276508669,-0.0010680803423527912,-
ETHUSDT,macd>signal & btc>ema50 & funding<0,3,26,0.002399242288896719,0.3148213789606332,13,0.0008541767147601493,13,0.003944307863033292,0.001286049276508669,-0.0010680803423527912,-
ETHUSDT,macd_hist_up & <lower_bb & >upper_bb,3,0,,,0,,0,,0.001286049276508669,-0.0010680803423527912,-
ETHUSDT,macd_hist_up & <lower_bb & stoch<20,3,0,,,0,,0,,0.001286049276508669,-0.0010680803423527912,-
ETHUSDT,macd_hist_up & <lower_bb & dip>3%,3,0,,,0,,0,,0.001286049276508669,-0.0010680803423527912,-
ETHUSDT,macd_hist_up & <lower_bb & pop>3%,3,0,,,0,,0,,0.001286049276508669,-0.0010680803423527912,-
ETHUSDT,macd_hist_up & <lower_bb & vol>1.5x,3,0,,,0,,0,,0.001286049276508669,-0.0010680803423527912,-
ETHUSDT,macd_hist_up & <lower_bb & 20d_high,3,0,,,0,,0,,0.001286049276508669,-0.0010680803423527912,-
ETHUSDT,macd_hist_up & <lower_bb & 20d_low,3,0,,,0,,0,,0.001286049276508669,-0.0010680803423527912,-
ETHUSDT,macd_hist_up & <lower_bb & adx>25,3,0,,,0,,0,,0.001286049276508669,-0.0010680803423527912,-
ETHUSDT,macd_hist_up & <lower_bb & btc>ema50,3,0,,,0,,0,,0.001286049276508669,-0.0010680803423527912,-
ETHUSDT,macd_hist_up & <lower_bb & funding<0,3,0,,,0,,0,,0.001286049276508669,-0.0010680803423527912,-
ETHUSDT,macd_hist_up & >upper_bb & stoch<20,3,0,,,0,,0,,0.001286049276508669,-0.0010680803423527912,-
ETHUSDT,macd_hist_up & >upper_bb & dip>3%,3,2,0.02033840442530225,4.2092947650677495,1,,1,,0.001286049276508669,-0.0010680803423527912,-
ETHUSDT,macd_hist_up & >upper_bb & pop>3%,3,101,0.002093224114651819,0.568962012041852,66,-0.0014300977730781672,35,0.008737202531514082,0.001286049276508669,-0.0010680803423527912,-
ETHUSDT,macd_hist_up & >upper_bb & vol>1.5x,3,95,0.005092910195055206,1.311176306716056,59,0.0019714655515169354,36,0.010208611138631814,0.001286049276508669,-0.0010680803423527912,-
ETHUSDT,macd_hist_up & >upper_bb & 20d_high,3,147,0.0041283086034986155,1.374009827188918,99,0.0026752986691732923,48,0.007125141593044594,0.001286049276508669,-0.0010680803423527912,-
ETHUSDT,macd_hist_up & >upper_bb & 20d_low,3,0,,,0,,0,,0.001286049276508669,-0.0010680803423527912,-
ETHUSDT,macd_hist_up & >upper_bb & adx>25,3,97,0.0021599949889611306,0.5337033932597096,69,0.006077206819971424,28,-0.007493134166028521,0.001286049276508669,-0.0010680803423527912,-
ETHUSDT,macd_hist_up & >upper_bb & btc>ema50,3,153,0.004989968760453903,1.735230834028334,103,0.0035087496763821207,50,0.008041280073641778,0.001286049276508669,-0.0010680803423527912,-
ETHUSDT,macd_hist_up & >upper_bb & funding<0,3,5,0.005803095169230832,0.32448107807555127,3,0.026450521707630268,2,-0.025168044638368324,0.001286049276508669,-0.0010680803423527912,-
ETHUSDT,macd_hist_up & stoch<20 & dip>3%,3,5,0.017400283167927345,0.6705479981529844,3,0.04966863308028585,2,-0.031002241700610413,0.001286049276508669,-0.0010680803423527912,-
ETHUSDT,macd_hist_up & stoch<20 & pop>3%,3,1,,,1,,0,,0.001286049276508669,-0.0010680803423527912,-
ETHUSDT,macd_hist_up & stoch<20 & vol>1.5x,3,0,,,0,,0,,0.001286049276508669,-0.0010680803423527912,-
ETHUSDT,macd_hist_up & stoch<20 & 20d_high,3,0,,,0,,0,,0.001286049276508669,-0.0010680803423527912,-
ETHUSDT,macd_hist_up & stoch<20 & 20d_low,3,5,0.013893631636529258,0.6840072175794477,2,0.04126779022454211,3,-0.0043558074221459785,0.001286049276508669,-0.0010680803423527912,-
ETHUSDT,macd_hist_up & stoch<20 & adx>25,3,26,0.009870086142023855,1.0460873067746352,13,0.02128328106550281,13,-0.001543108781455103,0.001286049276508669,-0.0010680803423527912,-
ETHUSDT,macd_hist_up & stoch<20 & btc>ema50,3,5,0.003317993557657563,0.3078951493666564,3,0.016355615090328176,2,-0.01623843874134836,0.001286049276508669,-0.0010680803423527912,-
ETHUSDT,macd_hist_up & stoch<20 & funding<0,3,20,0.015215557143523703,1.6975031425783926,15,0.01767502218334659,5,0.007837162024055046,0.001286049276508669,-0.0010680803423527912,-
ETHUSDT,macd_hist_up & dip>3% & pop>3%,3,0,,,0,,0,,0.001286049276508669,-0.0010680803423527912,-
ETHUSDT,macd_hist_up & dip>3% & vol>1.5x,3,6,0.030318956973247737,2.4462028536693947,5,0.03328142434594309,1,,0.001286049276508669,-0.0010680803423527912,-
ETHUSDT,macd_hist_up & dip>3% & 20d_high,3,0,,,0,,0,,0.001286049276508669,-0.0010680803423527912,-
ETHUSDT,macd_hist_up & dip>3% & 20d_low,3,2,-0.005466074814806123,-0.09246835854507429,1,,1,,0.001286049276508669,-0.0010680803423527912,-
ETHUSDT,macd_hist_up & dip>3% & adx>25,3,29,0.005932560235754705,0.7417668817991439,17,0.014586703632089923,12,-0.006327476242386855,0.001286049276508669,-0.0010680803423527912,-
ETHUSDT,macd_hist_up & dip>3% & btc>ema50,3,11,0.02669409757389884,3.646383872197125,7,0.03168125854942723,4,0.017966565866724134,0.001286049276508669,-0.0010680803423527912,-
ETHUSDT,macd_hist_up & dip>3% & funding<0,3,8,0.01976902038281424,1.3670975369914673,4,0.04800934140863448,4,-0.00847130064300599,0.001286049276508669,-0.0010680803423527912,-
ETHUSDT,macd_hist_up & pop>3% & vol>1.5x,3,96,0.004243516430139374,0.9828499157568784,60,0.0052721732718211825,36,0.002529088360669699,0.001286049276508669,-0.0010680803423527912,-
ETHUSDT,macd_hist_up & pop>3% & 20d_high,3,168,0.0023130315104267457,0.7159329537442779,120,0.0021834111825705643,48,0.002637082330067196,0.001286049276508669,-0.0010680803423527912,-
ETHUSDT,macd_hist_up & pop>3% & 20d_low,3,0,,,0,,0,,0.001286049276508669,-0.0010680803423527912,-
ETHUSDT,macd_hist_up & pop>3% & adx>25,3,231,-0.0015423532154270544,-0.5250333400644825,161,0.0014587623609411458,70,-0.008444919041073914,0.001286049276508669,-0.0010680803423527912,-
ETHUSDT,macd_hist_up & pop>3% & btc>ema50,3,237,0.0018087723621257213,0.6732553600859642,167,0.0014311888788674965,70,0.0027095786721846307,0.001286049276508669,-0.0010680803423527912,-
ETHUSDT,macd_hist_up & pop>3% & funding<0,3,39,-0.0029190996531986125,-0.429477304869773,27,0.0003091876464779058,12,-0.010182746077470778,0.001286049276508669,-0.0010680803423527912,-
ETHUSDT,macd_hist_up & vol>1.5x & 20d_high,3,112,0.008423880707036214,2.3092086770812426,76,0.008300496166833801,36,0.008684359180796871,0.001286049276508669,-0.0010680803423527912,-
ETHUSDT,macd_hist_up & vol>1.5x & 20d_low,3,0,,,0,,0,,0.001286049276508669,-0.0010680803423527912,-
ETHUSDT,macd_hist_up & vol>1.5x & adx>25,3,91,0.004349825177134121,1.0330581117456987,63,0.011147262644416286,28,-0.010944409124250749,0.001286049276508669,-0.0010680803423527912,-
ETHUSDT,macd_hist_up & vol>1.5x & btc>ema50,3,139,0.008572511034918911,2.676632014285205,90,0.010183696792299099,49,0.005613190256057346,0.001286049276508669,-0.0010680803423527912,WEAK
ETHUSDT,macd_hist_up & vol>1.5x & funding<0,3,13,-0.0004687068421351355,-0.04105615482694087,6,0.021497015673484988,7,-0.019296468998380962,0.001286049276508669,-0.0010680803423527912,-
ETHUSDT,macd_hist_up & 20d_high & 20d_low,3,0,,,0,,0,,0.001286049276508669,-0.0010680803423527912,-
ETHUSDT,macd_hist_up & 20d_high & adx>25,3,174,0.0009228105499951535,0.2790055134159345,129,0.0038875609836548724,45,-0.007576140693162709,0.001286049276508669,-0.0010680803423527912,-
ETHUSDT,macd_hist_up & 20d_high & btc>ema50,3,263,0.003952932595242398,1.5404093776312182,192,0.0046322235919945155,71,0.0021159766603634288,0.001286049276508669,-0.0010680803423527912,-
ETHUSDT,macd_hist_up & 20d_high & funding<0,3,9,0.004194693028463391,0.3424670929528473,5,0.02949411952022103,4,-0.027429590086233656,0.001286049276508669,-0.0010680803423527912,-
ETHUSDT,macd_hist_up & 20d_low & adx>25,3,7,0.0021743071313539536,0.10962766074123644,1,,6,-0.006404449451755486,0.001286049276508669,-0.0010680803423527912,-
ETHUSDT,macd_hist_up & 20d_low & btc>ema50,3,0,,,0,,0,,0.001286049276508669,-0.0010680803423527912,-
ETHUSDT,macd_hist_up & 20d_low & funding<0,3,2,0.04126779022454211,3.333678179728782,2,0.04126779022454211,0,,0.001286049276508669,-0.0010680803423527912,-
ETHUSDT,macd_hist_up & adx>25 & btc>ema50,3,307,0.0020319876212760144,0.8861581169480917,202,0.003263117613688058,105,-0.0003364719831738236,0.001286049276508669,-0.0010680803423527912,-
ETHUSDT,macd_hist_up & adx>25 & funding<0,3,103,0.0004865847998130132,0.13093634160816575,63,0.004363856035785773,40,-0.005620117396844082,0.001286049276508669,-0.0010680803423527912,-
ETHUSDT,macd_hist_up & btc>ema50 & funding<0,3,15,-0.0028855172369972874,-0.38059252925176745,7,0.01298497550731168,8,-0.016772198388267635,0.001286049276508669,-0.0010680803423527912,-
ETHUSDT,<lower_bb & >upper_bb & stoch<20,3,0,,,0,,0,,0.001286049276508669,-0.0010680803423527912,-
ETHUSDT,<lower_bb & >upper_bb & dip>3%,3,0,,,0,,0,,0.001286049276508669,-0.0010680803423527912,-
ETHUSDT,<lower_bb & >upper_bb & pop>3%,3,0,,,0,,0,,0.001286049276508669,-0.0010680803423527912,-
ETHUSDT,<lower_bb & >upper_bb & vol>1.5x,3,0,,,0,,0,,0.001286049276508669,-0.0010680803423527912,-
ETHUSDT,<lower_bb & >upper_bb & 20d_high,3,0,,,0,,0,,0.001286049276508669,-0.0010680803423527912,-
ETHUSDT,<lower_bb & >upper_bb & 20d_low,3,0,,,0,,0,,0.001286049276508669,-0.0010680803423527912,-
ETHUSDT,<lower_bb & >upper_bb & adx>25,3,0,,,0,,0,,0.001286049276508669,-0.0010680803423527912,-
ETHUSDT,<lower_bb & >upper_bb & btc>ema50,3,0,,,0,,0,,0.001286049276508669,-0.0010680803423527912,-
ETHUSDT,<lower_bb & >upper_bb & funding<0,3,0,,,0,,0,,0.001286049276508669,-0.0010680803423527912,-
ETHUSDT,<lower_bb & stoch<20 & dip>3%,3,62,0.009934293856090754,1.2550988206169675,34,0.009412987945966185,28,0.010567308175527729,0.001286049276508669,-0.0010680803423527912,-
ETHUSDT,<lower_bb & stoch<20 & pop>3%,3,1,,,1,,0,,0.001286049276508669,-0.0010680803423527912,-
ETHUSDT,<lower_bb & stoch<20 & vol>1.5x,3,40,0.005272669155367977,0.5231416853751495,23,0.004177030502755432,17,0.006755003803020243,0.001286049276508669,-0.0010680803423527912,-
ETHUSDT,<lower_bb & stoch<20 & 20d_high,3,0,,,0,,0,,0.001286049276508669,-0.0010680803423527912,-
ETHUSDT,<lower_bb & stoch<20 & 20d_low,3,83,0.008660976541493915,1.3093653128791214,41,0.009184971338489941,42,0.008149457811093027,0.001286049276508669,-0.0010680803423527912,-
ETHUSDT,<lower_bb & stoch<20 & adx>25,3,59,0.005547653474874938,0.6303716550958817,31,-0.0037274229864845427,28,0.015816488128522935,0.001286049276508669,-0.0010680803423527912,-
ETHUSDT,<lower_bb & stoch<20 & btc>ema50,3,15,0.015547430103471557,1.6530384426727218,5,0.0352274495389147,10,0.005707420385749985,0.001286049276508669,-0.0010680803423527912,-
ETHUSDT,<lower_bb & stoch<20 & funding<0,3,21,0.03425715421588495,2.111893954684797,13,0.0159160866345678,8,0.06406138903552529,0.001286049276508669,-0.0010680803423527912,-
ETHUSDT,<lower_bb & dip>3% & pop>3%,3,0,,,0,,0,,0.001286049276508669,-0.0010680803423527912,-
ETHUSDT,<lower_bb & dip>3% & vol>1.5x,3,39,0.009484267688381967,0.9516567254789642,21,0.010772400120843954,18,0.007981446517176307,0.001286049276508669,-0.0010680803423527912,-
ETHUSDT,<lower_bb & dip>3% & 20d_high,3,0,,,0,,0,,0.001286049276508669,-0.0010680803423527912,-
ETHUSDT,<lower_bb & dip>3% & 20d_low,3,76,0.011470012109597711,1.4796168706418147,41,0.01515701147245527,35,0.007150955713107427,0.001286049276508669,-0.0010680803423527912,-
ETHUSDT,<lower_bb & dip>3% & adx>25,3,58,0.008512853589171239,0.8804560673770869,30,0.006635977537859729,28,0.010523792215576432,0.001286049276508669,-0.0010680803423527912,-
ETHUSDT,<lower_bb & dip>3% & btc>ema50,3,7,0.0188438753061557,1.108445498224617,2,0.04228377150131951,5,0.009467916828090185,0.001286049276508669,-0.0010680803423527912,-
ETHUSDT,<lower_bb & dip>3% & funding<0,3,22,0.02850731003930215,1.678380884599905,11,0.023225926254944705,11,0.03378869382365959,0.001286049276508669,-0.0010680803423527912,-
ETHUSDT,<lower_bb & pop>3% & vol>1.5x,3,1,,,1,,0,,0.001286049276508669,-0.0010680803423527912,-
ETHUSDT,<lower_bb & pop>3% & 20d_high,3,0,,,0,,0,,0.001286049276508669,-0.0010680803423527912,-
ETHUSDT,<lower_bb & pop>3% & 20d_low,3,0,,,0,,0,,0.001286049276508669,-0.0010680803423527912,-
ETHUSDT,<lower_bb & pop>3% & adx>25,3,1,,,1,,0,,0.001286049276508669,-0.0010680803423527912,-
ETHUSDT,<lower_bb & pop>3% & btc>ema50,3,0,,,0,,0,,0.001286049276508669,-0.0010680803423527912,-
ETHUSDT,<lower_bb & pop>3% & funding<0,3,0,,,0,,0,,0.001286049276508669,-0.0010680803423527912,-
ETHUSDT,<lower_bb & vol>1.5x & 20d_high,3,0,,,0,,0,,0.001286049276508669,-0.0010680803423527912,-
ETHUSDT,<lower_bb & vol>1.5x & 20d_low,3,49,0.006767747567538153,0.7769767633800427,25,0.013151006596505659,24,0.00011851941236367079,0.001286049276508669,-0.0010680803423527912,-
ETHUSDT,<lower_bb & vol>1.5x & adx>25,3,40,-0.0051360454307069385,-0.48712075356218865,20,0.0028227355823176132,20,-0.01309482644373149,0.001286049276508669,-0.0010680803423527912,-
ETHUSDT,<lower_bb & vol>1.5x & btc>ema50,3,2,-0.019138304965863516,-0.5706936368539293,0,,2,-0.019138304965863516,0.001286049276508669,-0.0010680803423527912,-
ETHUSDT,<lower_bb & vol>1.5x & funding<0,3,18,0.004988607218343548,0.25871750779253466,10,0.01606412050198804,8,-0.008855784386212068,0.001286049276508669,-0.0010680803423527912,-
ETHUSDT,<lower_bb & 20d_high & 20d_low,3,0,,,0,,0,,0.001286049276508669,-0.0010680803423527912,-
ETHUSDT,<lower_bb & 20d_high & adx>25,3,0,,,0,,0,,0.001286049276508669,-0.0010680803423527912,-
ETHUSDT,<lower_bb & 20d_high & btc>ema50,3,0,,,0,,0,,0.001286049276508669,-0.0010680803423527912,-
ETHUSDT,<lower_bb & 20d_high & funding<0,3,0,,,0,,0,,0.001286049276508669,-0.0010680803423527912,-
ETHUSDT,<lower_bb & 20d_low & adx>25,3,74,0.0065466821017573775,0.7984653780585935,36,0.006187593449984613,38,0.006886871350805258,0.001286049276508669,-0.0010680803423527912,-
ETHUSDT,<lower_bb & 20d_low & btc>ema50,3,15,0.009724917701333293,1.1012918398262963,4,0.02680707183897877,11,0.0035132252876440328,0.001286049276508669,-0.0010680803423527912,-
ETHUSDT,<lower_bb & 20d_low & funding<0,3,28,0.022939866339620616,1.6249042308571802,14,0.022298579924675647,14,0.023581152754565588,0.001286049276508669,-0.0010680803423527912,-
ETHUSDT,<lower_bb & adx>25 & btc>ema50,3,10,0.013259096047314378,0.9503208940553068,4,0.02680707183897877,6,0.004227112186204786,0.001286049276508669,-0.0010680803423527912,-
ETHUSDT,<lower_bb & adx>25 & funding<0,3,27,0.01629121419551253,1.0944230311372483,13,0.0169177852981623,14,0.015709398171623444,0.001286049276508669,-0.0010680803423527912,-
ETHUSDT,<lower_bb & btc>ema50 & funding<0,3,1,,,0,,1,,0.001286049276508669,-0.0010680803423527912,-
ETHUSDT,>upper_bb & stoch<20 & dip>3%,3,0,,,0,,0,,0.001286049276508669,-0.0010680803423527912,-
ETHUSDT,>upper_bb & stoch<20 & pop>3%,3,0,,,0,,0,,0.001286049276508669,-0.0010680803423527912,-
ETHUSDT,>upper_bb & stoch<20 & vol>1.5x,3,0,,,0,,0,,0.001286049276508669,-0.0010680803423527912,-
ETHUSDT,>upper_bb & stoch<20 & 20d_high,3,0,,,0,,0,,0.001286049276508669,-0.0010680803423527912,-
ETHUSDT,>upper_bb & stoch<20 & 20d_low,3,0,,,0,,0,,0.001286049276508669,-0.0010680803423527912,-
ETHUSDT,>upper_bb & stoch<20 & adx>25,3,0,,,0,,0,,0.001286049276508669,-0.0010680803423527912,-
ETHUSDT,>upper_bb & stoch<20 & btc>ema50,3,0,,,0,,0,,0.001286049276508669,-0.0010680803423527912,-
ETHUSDT,>upper_bb & stoch<20 & funding<0,3,0,,,0,,0,,0.001286049276508669,-0.0010680803423527912,-
ETHUSDT,>upper_bb & dip>3% & pop>3%,3,0,,,0,,0,,0.001286049276508669,-0.0010680803423527912,-
ETHUSDT,>upper_bb & dip>3% & vol>1.5x,3,2,0.02033840442530225,4.2092947650677495,1,,1,,0.001286049276508669,-0.0010680803423527912,-
ETHUSDT,>upper_bb & dip>3% & 20d_high,3,0,,,0,,0,,0.001286049276508669,-0.0010680803423527912,-
ETHUSDT,>upper_bb & dip>3% & 20d_low,3,0,,,0,,0,,0.001286049276508669,-0.0010680803423527912,-
ETHUSDT,>upper_bb & dip>3% & adx>25,3,2,0.02033840442530225,4.2092947650677495,1,,1,,0.001286049276508669,-0.0010680803423527912,-
ETHUSDT,>upper_bb & dip>3% & btc>ema50,3,2,0.02033840442530225,4.2092947650677495,1,,1,,0.001286049276508669,-0.0010680803423527912,-
ETHUSDT,>upper_bb & dip>3% & funding<0,3,0,,,0,,0,,0.001286049276508669,-0.0010680803423527912,-
ETHUSDT,>upper_bb & pop>3% & vol>1.5x,3,64,0.002575162932804571,0.5289268016092974,39,-0.0029930170505366362,25,0.011261523706816856,0.001286049276508669,-0.0010680803423527912,-
ETHUSDT,>upper_bb & pop>3% & 20d_high,3,99,0.0024901255627186834,0.6654923147640545,65,-0.0010840506831816434,34,0.009323109562234018,0.001286049276508669,-0.0010680803423527912,-
ETHUSDT,>upper_bb & pop>3% & 20d_low,3,0,,,0,,0,,0.001286049276508669,-0.0010680803423527912,-
ETHUSDT,>upper_bb & pop>3% & adx>25,3,56,-0.0004666621444850996,-0.09977794422580463,40,0.0006421344853383625,16,-0.0032386537190437496,0.001286049276508669,-0.0010680803423527912,-
ETHUSDT,>upper_bb & pop>3% & btc>ema50,3,95,0.002986054817300043,0.7688392145150953,63,-0.0007772852748191148,32,0.01039513062365963,0.001286049276508669,-0.0010680803423527912,-
ETHUSDT,>upper_bb & pop>3% & funding<0,3,5,0.005803095169230832,0.32448107807555127,3,0.026450521707630268,2,-0.025168044638368324,0.001286049276508669,-0.0010680803423527912,-
ETHUSDT,>upper_bb & vol>1.5x & 20d_high,3,87,0.005577932550119855,1.3562423617858057,55,0.002154537875386538,32,0.011461892147317736,0.001286049276508669,-0.0010680803423527912,-
ETHUSDT,>upper_bb & vol>1.5x & 20d_low,3,0,,,0,,0,,0.001286049276508669,-0.0010680803423527912,-
ETHUSDT,>upper_bb & vol>1.5x & adx>25,3,57,0.0040410209778930836,0.8139893347928309,40,0.0071531361973519005,17,-0.003281603067892369,0.001286049276508669,-0.0010680803423527912,-
ETHUSDT,>upper_bb & vol>1.5x & btc>ema50,3,90,0.006334708540739178,1.5617852279934292,55,0.003201580220096157,35,0.011258195901749646,0.001286049276508669,-0.0010680803423527912,-
ETHUSDT,>upper_bb & vol>1.5x & funding<0,3,4,0.008480655128573687,0.37149881734107365,2,0.0421293548955157,2,-0.025168044638368324,0.001286049276508669,-0.0010680803423527912,-
ETHUSDT,>upper_bb & 20d_high & 20d_low,3,0,,,0,,0,,0.001286049276508669,-0.0010680803423527912,-
ETHUSDT,>upper_bb & 20d_high & adx>25,3,85,0.0013185876950838765,0.33480522951791847,62,0.004091866206612366,23,-0.006157206553384214,0.001286049276508669,-0.0010680803423527912,-
ETHUSDT,>upper_bb & 20d_high & btc>ema50,3,134,0.0058766084818395355,1.867093271620338,93,0.003332583551545451,41,0.011647201616409043,0.001286049276508669,-0.0010680803423527912,-
ETHUSDT,>upper_bb & 20d_high & funding<0,3,5,0.005803095169230832,0.32448107807555127,3,0.026450521707630268,2,-0.025168044638368324,0.001286049276508669,-0.0010680803423527912,-
ETHUSDT,>upper_bb & 20d_low & adx>25,3,0,,,0,,0,,0.001286049276508669,-0.0010680803423527912,-
ETHUSDT,>upper_bb & 20d_low & btc>ema50,3,0,,,0,,0,,0.001286049276508669,-0.0010680803423527912,-
ETHUSDT,>upper_bb & 20d_low & funding<0,3,0,,,0,,0,,0.001286049276508669,-0.0010680803423527912,-
ETHUSDT,>upper_bb & adx>25 & btc>ema50,3,89,0.002780982857241751,0.7576008768346626,65,0.004523472045674076,24,-0.0019382586947624565,0.001286049276508669,-0.0010680803423527912,-
ETHUSDT,>upper_bb & adx>25 & funding<0,3,3,0.019243951406846364,0.6759308449693067,2,0.0421293548955157,1,,0.001286049276508669,-0.0010680803423527912,-
ETHUSDT,>upper_bb & btc>ema50 & funding<0,3,4,0.013885582854161615,0.6741856162301227,3,0.026450521707630268,1,,0.001286049276508669,-0.0010680803423527912,-
ETHUSDT,stoch<20 & dip>3% & pop>3%,3,0,,,0,,0,,0.001286049276508669,-0.0010680803423527912,-
ETHUSDT,stoch<20 & dip>3% & vol>1.5x,3,49,-0.00021146202463376951,-0.025356930543319507,27,0.0037607400824522354,22,-0.005086437337875685,0.001286049276508669,-0.0010680803423527912,-
ETHUSDT,stoch<20 & dip>3% & 20d_high,3,0,,,0,,0,,0.001286049276508669,-0.0010680803423527912,-
ETHUSDT,stoch<20 & dip>3% & 20d_low,3,98,0.003424770525079797,0.5678419318142421,52,0.00886602047886824,46,-0.0027262076835506193,0.001286049276508669,-0.0010680803423527912,-
ETHUSDT,stoch<20 & dip>3% & adx>25,3,85,0.0002782448673775281,0.04215176452798021,43,0.004314061429714972,42,-0.003853662565491763,0.001286049276508669,-0.0010680803423527912,-
ETHUSDT,stoch<20 & dip>3% & btc>ema50,3,18,0.004580376995043943,0.5838090300353306,9,0.009639678389902012,9,-0.0004789243998141264,0.001286049276508669,-0.0010680803423527912,-
ETHUSDT,stoch<20 & dip>3% & funding<0,3,36,0.01890589864300669,1.5495806266819576,20,0.022756495239632274,16,0.014092652897224696,0.001286049276508669,-0.0010680803423527912,-
ETHUSDT,stoch<20 & pop>3% & vol>1.5x,3,2,-0.08019358181289724,-2.6095819917542116,1,,1,,0.001286049276508669,-0.0010680803423527912,-
ETHUSDT,stoch<20 & pop>3% & 20d_high,3,0,,,0,,0,,0.001286049276508669,-0.0010680803423527912,-
ETHUSDT,stoch<20 & pop>3% & 20d_low,3,0,,,0,,0,,0.001286049276508669,-0.0010680803423527912,-
ETHUSDT,stoch<20 & pop>3% & adx>25,3,3,-0.05361091179215089,-1.6774515626003634,2,-0.05568479275626978,1,,0.001286049276508669,-0.0010680803423527912,-
ETHUSDT,stoch<20 & pop>3% & btc>ema50,3,0,,,0,,0,,0.001286049276508669,-0.0010680803423527912,-
ETHUSDT,stoch<20 & pop>3% & funding<0,3,3,-0.029822618235607518,-1.9929329582549902,2,-0.020002352421454726,1,,0.001286049276508669,-0.0010680803423527912,-
ETHUSDT,stoch<20 & vol>1.5x & 20d_high,3,0,,,0,,0,,0.001286049276508669,-0.0010680803423527912,-
ETHUSDT,stoch<20 & vol>1.5x & 20d_low,3,50,0.0018691441236800737,0.21678944106003056,27,0.008756926291877912,23,-0.006216513204204349,0.001286049276508669,-0.0010680803423527912,-
ETHUSDT,stoch<20 & vol>1.5x & adx>25,3,41,-0.011031330185391859,-1.0684918986880687,19,-0.00319352928657783,22,-0.017800340052549424,0.001286049276508669,-0.0010680803423527912,-
ETHUSDT,stoch<20 & vol>1.5x & btc>ema50,3,5,0.009049354850578919,1.8516129919669733,2,0.003943478471624885,3,0.012453272436548273,0.001286049276508669,-0.0010680803423527912,-
ETHUSDT,stoch<20 & vol>1.5x & funding<0,3,16,-0.004738036137277938,-0.2228179661191104,9,-0.00020899128341524207,7,-0.010561093806529975,0.001286049276508669,-0.0010680803423527912,-
ETHUSDT,stoch<20 & 20d_high & 20d_low,3,0,,,0,,0,,0.001286049276508669,-0.0010680803423527912,-
ETHUSDT,stoch<20 & 20d_high & adx>25,3,0,,,0,,0,,0.001286049276508669,-0.0010680803423527912,-
ETHUSDT,stoch<20 & 20d_high & btc>ema50,3,0,,,0,,0,,0.001286049276508669,-0.0010680803423527912,-
ETHUSDT,stoch<20 & 20d_high & funding<0,3,0,,,0,,0,,0.001286049276508669,-0.0010680803423527912,-
ETHUSDT,stoch<20 & 20d_low & adx>25,3,96,0.0011435822723883313,0.17653668199373326,46,0.0004292949168053017,50,0.0018007266395247178,0.001286049276508669,-0.0010680803423527912,-
ETHUSDT,stoch<20 & 20d_low & btc>ema50,3,24,0.011537546625919206,1.5694841307364298,12,0.02154806582398623,12,0.001527027427852182,0.001286049276508669,-0.0010680803423527912,-
ETHUSDT,stoch<20 & 20d_low & funding<0,3,38,0.02043735481934925,1.6996676919568228,24,0.02041255061838587,14,0.020479876306715043,0.001286049276508669,-0.0010680803423527912,-
ETHUSDT,stoch<20 & adx>25 & btc>ema50,3,22,0.014333464597648116,1.8407826905175717,14,0.013423865814037626,8,0.01592526246896645,0.001286049276508669,-0.0010680803423527912,-
ETHUSDT,stoch<20 & adx>25 & funding<0,3,50,0.018640398956472955,2.0051361172100526,28,0.018091349719657146,22,0.019339188894238538,0.001286049276508669,-0.0010680803423527912,-
ETHUSDT,stoch<20 & btc>ema50 & funding<0,3,5,0.0008029602800345717,0.1228863604186746,1,,4,0.0040416719952642635,0.001286049276508669,-0.0010680803423527912,-
ETHUSDT,dip>3% & pop>3% & vol>1.5x,3,0,,,0,,0,,0.001286049276508669,-0.0010680803423527912,-
ETHUSDT,dip>3% & pop>3% & 20d_high,3,0,,,0,,0,,0.001286049276508669,-0.0010680803423527912,-
ETHUSDT,dip>3% & pop>3% & 20d_low,3,0,,,0,,0,,0.001286049276508669,-0.0010680803423527912,-
ETHUSDT,dip>3% & pop>3% & adx>25,3,0,,,0,,0,,0.001286049276508669,-0.0010680803423527912,-
ETHUSDT,dip>3% & pop>3% & btc>ema50,3,0,,,0,,0,,0.001286049276508669,-0.0010680803423527912,-
ETHUSDT,dip>3% & pop>3% & funding<0,3,0,,,0,,0,,0.001286049276508669,-0.0010680803423527912,-
ETHUSDT,dip>3% & vol>1.5x & 20d_high,3,0,,,0,,0,,0.001286049276508669,-0.0010680803423527912,-
ETHUSDT,dip>3% & vol>1.5x & 20d_low,3,54,0.0004889830577217437,0.05942344410211517,26,0.009840038621203782,28,-0.008194139965511575,0.001286049276508669,-0.0010680803423527912,-
ETHUSDT,dip>3% & vol>1.5x & adx>25,3,66,-0.005589986693221315,-0.7672067094598385,40,5.3628888521543154e-05,26,-0.014272472203594937,0.001286049276508669,-0.0010680803423527912,-
ETHUSDT,dip>3% & vol>1.5x & btc>ema50,3,43,0.00025517046235297094,0.04041086201190235,31,0.0018377152175797409,12,-0.003833070155316183,0.001286049276508669,-0.0010680803423527912,-
ETHUSDT,dip>3% & vol>1.5x & funding<0,3,19,-0.01109886187882325,-0.5188489785176177,9,-0.010812225033590648,10,-0.01135683503953259,0.001286049276508669,-0.0010680803423527912,-
ETHUSDT,dip>3% & 20d_high & 20d_low,3,0,,,0,,0,,0.001286049276508669,-0.0010680803423527912,-
ETHUSDT,dip>3% & 20d_high & adx>25,3,0,,,0,,0,,0.001286049276508669,-0.0010680803423527912,-
ETHUSDT,dip>3% & 20d_high & btc>ema50,3,0,,,0,,0,,0.001286049276508669,-0.0010680803423527912,-
ETHUSDT,dip>3% & 20d_high & funding<0,3,0,,,0,,0,,0.001286049276508669,-0.0010680803423527912,-
ETHUSDT,dip>3% & 20d_low & adx>25,3,83,0.00237659973617346,0.3090240587084659,40,0.009020132189698863,43,-0.0038034304531524986,0.001286049276508669,-0.0010680803423527912,-
ETHUSDT,dip>3% & 20d_low & btc>ema50,3,14,0.0034948598739162344,0.30229668445789176,6,0.01594290645677955,8,-0.0058411750632312515,0.001286049276508669,-0.0010680803423527912,-
ETHUSDT,dip>3% & 20d_low & funding<0,3,33,0.020046386795994835,1.4525314829344085,17,0.029675801658154494,16,0.0098151335049502,0.001286049276508669,-0.0010680803423527912,-
ETHUSDT,dip>3% & adx>25 & btc>ema50,3,88,0.007482236373302102,1.5900608764073032,66,0.012872360902348454,22,-0.008688137213836952,0.001286049276508669,-0.0010680803423527912,-
ETHUSDT,dip>3% & adx>25 & funding<0,3,43,0.012074725172508977,1.0436961547377324,22,0.01759981981155208,21,0.006286530788749535,0.001286049276508669,-0.0010680803423527912,-
ETHUSDT,dip>3% & btc>ema50 & funding<0,3,4,0.014963313182636556,0.5670766285742364,1,,3,0.036125805071603206,0.001286049276508669,-0.0010680803423527912,-
ETHUSDT,pop>3% & vol>1.5x & 20d_high,3,82,0.007482802182620162,1.6892051334866829,54,0.006633639428325616,28,0.009120473208759644,0.001286049276508669,-0.0010680803423527912,-
ETHUSDT,pop>3% & vol>1.5x & 20d_low,3,0,,,0,,0,,0.001286049276508669,-0.0010680803423527912,-
ETHUSDT,pop>3% & vol>1.5x & adx>25,3,60,-0.0026183046942330284,-0.45158409522718335,40,0.005027656517092039,20,-0.01791022711688316,0.001286049276508669,-0.0010680803423527912,-
ETHUSDT,pop>3% & vol>1.5x & btc>ema50,3,85,0.008796752449019127,2.0453072057940824,55,0.0077112943878886895,30,0.010786758894424934,0.001286049276508669,-0.0010680803423527912,-
ETHUSDT,pop>3% & vol>1.5x & funding<0,3,11,-0.00888544421631707,-0.7161650548789106,4,0.015083487087058258,7,-0.022581976389674404,0.001286049276508669,-0.0010680803423527912,-
ETHUSDT,pop>3% & 20d_high & 20d_low,3,0,,,0,,0,,0.001286049276508669,-0.0010680803423527912,-
ETHUSDT,pop>3% & 20d_high & adx>25,3,107,-0.00044785508776392686,-0.10543376078752567,80,0.0014122822597980992,27,-0.0059593731546143764,0.001286049276508669,-0.0010680803423527912,-
ETHUSDT,pop>3% & 20d_high & btc>ema50,3,161,0.0029698505340778757,0.879655918358317,117,0.002899357841361945,44,0.0031572970124361483,0.001286049276508669,-0.0010680803423527912,-
ETHUSDT,pop>3% & 20d_high & funding<0,3,6,0.010103382787761161,0.6637159254592908,4,0.027739096500825906,2,-0.025168044638368324,0.001286049276508669,-0.0010680803423527912,-
ETHUSDT,pop>3% & 20d_low & adx>25,3,0,,,0,,0,,0.001286049276508669,-0.0010680803423527912,-
ETHUSDT,pop>3% & 20d_low & btc>ema50,3,0,,,0,,0,,0.001286049276508669,-0.0010680803423527912,-
ETHUSDT,pop>3% & 20d_low & funding<0,3,0,,,0,,0,,0.001286049276508669,-0.0010680803423527912,-
ETHUSDT,pop>3% & adx>25 & btc>ema50,3,161,0.0014192570138817024,0.41665156097108563,121,0.0028174550291302815,40,-0.0028102919822452525,0.001286049276508669,-0.0010680803423527912,-
ETHUSDT,pop>3% & adx>25 & funding<0,3,34,-0.0053213217795228685,-0.6551006464917205,24,-0.0005022888910511357,10,-0.01688700071185503,0.001286049276508669,-0.0010680803423527912,-
ETHUSDT,pop>3% & btc>ema50 & funding<0,3,5,0.014613880574180494,0.9150677160171569,4,0.024219659144286705,1,,0.001286049276508669,-0.0010680803423527912,-
ETHUSDT,vol>1.5x & 20d_high & 20d_low,3,0,,,0,,0,,0.001286049276508669,-0.0010680803423527912,-
ETHUSDT,vol>1.5x & 20d_high & adx>25,3,71,0.008492089414154275,1.8900877884580172,53,0.013267742946058645,18,-0.005569557096453037,0.001286049276508669,-0.0010680803423527912,-
ETHUSDT,vol>1.5x & 20d_high & btc>ema50,3,111,0.00975929309276003,2.641995333663702,75,0.009386682049280538,36,0.010535566100008976,0.001286049276508669,-0.0010680803423527912,WEAK
ETHUSDT,vol>1.5x & 20d_high & funding<0,3,4,0.008480655128573687,0.37149881734107365,2,0.0421293548955157,2,-0.025168044638368324,0.001286049276508669,-0.0010680803423527912,-
ETHUSDT,vol>1.5x & 20d_low & adx>25,3,47,-0.006414120573589928,-0.6780225871311517,20,0.009650147295573886,27,-0.018313578254452012,0.001286049276508669,-0.0010680803423527912,-
ETHUSDT,vol>1.5x & 20d_low & btc>ema50,3,6,0.00018761423368646746,0.011993645620294304,3,0.01117039248216463,3,-0.010795164014791697,0.001286049276508669,-0.0010680803423527912,-
ETHUSDT,vol>1.5x & 20d_low & funding<0,3,21,-0.0037094474818710594,-0.20615806142551366,10,0.01606412050198804,11,-0.021685418376288422,0.001286049276508669,-0.0010680803423527912,-
ETHUSDT,vol>1.5x & adx>25 & btc>ema50,3,119,0.0040988923304942195,1.1754310209595211,84,0.0075851470000504835,35,-0.004268118876440813,0.001286049276508669,-0.0010680803423527912,-
ETHUSDT,vol>1.5x & adx>25 & funding<0,3,33,-0.016277350196540183,-1.1993922341167458,18,-0.006649713338094802,15,-0.027830514426674627,0.001286049276508669,-0.0010680803423527912,-
ETHUSDT,vol>1.5x & btc>ema50 & funding<0,3,7,-0.004492024927878724,-0.2967284700293521,2,0.0421293548955157,5,-0.023140576857236493,0.001286049276508669,-0.0010680803423527912,-
ETHUSDT,20d_high & 20d_low & adx>25,3,0,,,0,,0,,0.001286049276508669,-0.0010680803423527912,-
ETHUSDT,20d_high & 20d_low & btc>ema50,3,0,,,0,,0,,0.001286049276508669,-0.0010680803423527912,-
ETHUSDT,20d_high & 20d_low & funding<0,3,0,,,0,,0,,0.001286049276508669,-0.0010680803423527912,-
ETHUSDT,20d_high & adx>25 & btc>ema50,3,184,0.002199194293896871,0.7059336012324636,139,0.004787577200322841,45,-0.0057960329059522355,0.001286049276508669,-0.0010680803423527912,-
ETHUSDT,20d_high & adx>25 & funding<0,3,5,0.015358680617258553,0.856386440669693,3,0.040257640462944305,2,-0.02198975915127007,0.001286049276508669,-0.0010680803423527912,-
ETHUSDT,20d_high & btc>ema50 & funding<0,3,8,0.0033327234483029097,0.25994650930525076,4,0.028966444180173086,4,-0.022300997283567263,0.001286049276508669,-0.0010680803423527912,-
ETHUSDT,20d_low & adx>25 & btc>ema50,3,15,0.019196089799162756,1.7109498991310437,9,0.028681606284100658,6,0.0049678150717559,0.001286049276508669,-0.0010680803423527912,-
ETHUSDT,20d_low & adx>25 & funding<0,3,33,0.01672305440295516,1.214403379984289,17,0.023980036481032637,16,0.009012510944997838,0.001286049276508669,-0.0010680803423527912,-
ETHUSDT,20d_low & btc>ema50 & funding<0,3,0,,,0,,0,,0.001286049276508669,-0.0010680803423527912,-
ETHUSDT,adx>25 & btc>ema50 & funding<0,3,16,0.004999174253724327,0.5323702381692187,10,0.009748411139582847,6,-0.0029162205560398697,0.001286049276508669,-0.0010680803423527912,-
SOLUSDT,rsi<30,1,60,0.0161730258522668,1.1889828802802866,32,0.03425547264823517,28,-0.004492627628839904,0.0031917482738822566,-0.0010902514242868125,-
SOLUSDT,rsi>70,1,180,0.012068510816462128,2.207834930620554,139,0.01486223146464166,41,0.002597116423853466,0.0031917482738822566,-0.0010902514242868125,-
SOLUSDT,rsi50-70,1,773,0.0014514262045361923,0.8318296371438896,408,0.0035568951424271517,365,-0.0009020842794624693,0.0031917482738822566,-0.0010902514242868125,-
SOLUSDT,>ema20,1,968,0.003000200947036832,1.7316883998559778,554,0.006333733390052969,414,-0.001460612998448533,0.0031917482738822566,-0.0010902514242868125,-
SOLUSDT,>ema50,1,933,0.0033097132226459353,1.826760713734234,547,0.0063631297682574485,386,-0.0010172786178968042,0.0031917482738822566,-0.0010902514242868125,-
SOLUSDT,ema20>ema50,1,920,0.0021936266375986403,1.1651382783428852,543,0.00533232097289351,377,-0.002327092259125802,0.0031917482738822566,-0.0010902514242868125,-
SOLUSDT,>sma200,1,974,0.003220475211536911,1.7518267842324784,578,0.00668420751904488,396,-0.0018351744696237142,0.0031917482738822566,-0.0010902514242868125,-
SOLUSDT,macd>signal,1,1068,0.0021344960474642635,1.3430394183195515,603,0.004079708439788214,465,-0.00038800518387195637,0.0031917482738822566,-0.0010902514242868125,-
SOLUSDT,macd_hist_up,1,998,0.0025874842430922934,1.556875739363365,544,0.0057890652956442395,454,-0.0012487714674545333,0.0031917482738822566,-0.0010902514242868125,-
SOLUSDT,<lower_bb,1,108,0.006579973969341513,0.6577106233203887,58,0.009463638555977245,50,0.0032349230488440623,0.0031917482738822566,-0.0010902514242868125,-
SOLUSDT,>upper_bb,1,167,0.007338028553907565,1.4921180004167414,99,0.01241713904815704,68,-5.6558783308578546e-05,0.0031917482738822566,-0.0010902514242868125,-
SOLUSDT,stoch<20,1,351,-0.0009523595097333141,-0.26729062747310195,199,-0.0015980313506589628,152,-0.00010703913904776007,0.0031917482738822566,-0.0010902514242868125,-
SOLUSDT,dip>3%,1,452,0.001786748316469293,0.5540832964825769,272,0.0023767971890800016,180,0.0008951189089686638,0.0031917482738822566,-0.0010902514242868125,-
SOLUSDT,pop>3%,1,481,0.002198361291580939,0.7845441631231599,301,0.005370395581931107,180,-0.0031059849383935096,0.0031917482738822566,-0.0010902514242868125,-
SOLUSDT,vol>1.5x,1,297,0.007031046065942964,1.391956543737679,177,0.012533030735129479,120,-0.001084381321107146,0.0031917482738822566,-0.0010902514242868125,-
SOLUSDT,20d_high,1,251,0.010319890689622312,2.5171239986727114,150,0.015723892776844862,101,0.0022941450155294133,0.0031917482738822566,-0.0010902514242868125,WEAK
SOLUSDT,20d_low,1,212,0.00029043683977550546,0.05066832926821718,109,0.0006719528312712571,103,-0.00011330338423456148,0.0031917482738822566,-0.0010902514242868125,-
SOLUSDT,adx>25,1,978,0.0019510848748742332,0.996411350770869,527,0.006252742908205767,451,-0.0030754645343623937,0.0031917482738822566,-0.0010902514242868125,-
SOLUSDT,btc>ema50,1,980,0.004143386335672769,2.548358084174634,532,0.008513196723370139,448,-0.0010457634997178584,0.0031917482738822566,-0.0010902514242868125,-
SOLUSDT,funding<0,1,584,0.002599077039208489,1.0253638526552338,282,0.00562172401374525,302,-0.00022339463900133437,0.0031917482738822566,-0.0010902514242868125,-
SOLUSDT,rsi<30 & rsi>70,2,0,,,0,,0,,0.0031917482738822566,-0.0010902514242868125,-
SOLUSDT,rsi<30 & rsi50-70,2,0,,,0,,0,,0.0031917482738822566,-0.0010902514242868125,-
SOLUSDT,rsi<30 & >ema20,2,0,,,0,,0,,0.0031917482738822566,-0.0010902514242868125,-
SOLUSDT,rsi<30 & >ema50,2,0,,,0,,0,,0.0031917482738822566,-0.0010902514242868125,-
SOLUSDT,rsi<30 & ema20>ema50,2,0,,,0,,0,,0.0031917482738822566,-0.0010902514242868125,-
SOLUSDT,rsi<30 & >sma200,2,1,,,1,,0,,0.0031917482738822566,-0.0010902514242868125,-
SOLUSDT,rsi<30 & macd>signal,2,2,-0.01562390389933278,-0.3153125994112584,2,-0.01562390389933278,0,,0.0031917482738822566,-0.0010902514242868125,-
SOLUSDT,rsi<30 & macd_hist_up,2,25,0.013789239606142428,1.4535188901202976,12,0.02913194928066119,13,-0.0003732616318748855,0.0031917482738822566,-0.0010902514242868125,-
SOLUSDT,rsi<30 & <lower_bb,2,30,0.015254424790339434,0.5989083617025961,17,0.03483451960165156,13,-0.0103503145782995,0.0031917482738822566,-0.0010902514242868125,-
SOLUSDT,rsi<30 & >upper_bb,2,0,,,0,,0,,0.0031917482738822566,-0.0010902514242868125,-
SOLUSDT,rsi<30 & stoch<20,2,40,0.021805985604222977,1.1005707016036739,22,0.04047031759630296,18,-0.0010059757194303348,0.0031917482738822566,-0.0010902514242868125,-
SOLUSDT,rsi<30 & dip>3%,2,32,0.018522079705113454,0.7773687766362579,17,0.045679716108879054,15,-0.012256574885820892,0.0031917482738822566,-0.0010902514242868125,-
SOLUSDT,rsi<30 & pop>3%,2,5,0.033982000787676714,0.8052409853954198,3,0.05508468013906643,2,0.0023279817605921303,0.0031917482738822566,-0.0010902514242868125,-
SOLUSDT,rsi<30 & vol>1.5x,2,26,0.02587460856667361,0.8789186476036748,16,0.055493751525458865,10,-0.021516020167382792,0.0031917482738822566,-0.0010902514242868125,-
SOLUSDT,rsi<30 & 20d_high,2,0,,,0,,0,,0.0031917482738822566,-0.0010902514242868125,-
SOLUSDT,rsi<30 & 20d_low,2,34,0.016719877515921938,0.7452800749384523,19,0.035404354002640026,15,-0.006947126033920974,0.0031917482738822566,-0.0010902514242868125,-
SOLUSDT,rsi<30 & adx>25,2,55,0.0045835942474852275,0.5209832205986066,27,0.013995972489600177,28,-0.004492627628839904,0.0031917482738822566,-0.0010902514242868125,-
SOLUSDT,rsi<30 & btc>ema50,2,0,,,0,,0,,0.0031917482738822566,-0.0010902514242868125,-
SOLUSDT,rsi<30 & funding<0,2,52,0.019888073668264117,1.3201579227166569,29,0.04003699360736944,23,-0.005517086254955625,0.0031917482738822566,-0.0010902514242868125,-
SOLUSDT,rsi>70 & rsi50-70,2,0,,,0,,0,,0.0031917482738822566,-0.0010902514242868125,-
SOLUSDT,rsi>70 & >ema20,2,180,0.012068510816462128,2.207834930620554,139,0.01486223146464166,41,0.002597116423853466,0.0031917482738822566,-0.0010902514242868125,-
SOLUSDT,rsi>70 & >ema50,2,180,0.012068510816462128,2.207834930620554,139,0.01486223146464166,41,0.002597116423853466,0.0031917482738822566,-0.0010902514242868125,-
SOLUSDT,rsi>70 & ema20>ema50,2,171,0.009440110050689664,1.7496918719799948,130,0.011598284963768773,41,0.002597116423853466,0.0031917482738822566,-0.0010902514242868125,-
SOLUSDT,rsi>70 & >sma200,2,158,0.011430300082921398,1.9943113212467516,124,0.014369329481851875,34,0.0007114869809396611,0.0031917482738822566,-0.0010902514242868125,-
SOLUSDT,rsi>70 & macd>signal,2,179,0.012281723866108433,2.236024822814552,138,0.015159034772865343,41,0.002597116423853466,0.0031917482738822566,-0.0010902514242868125,-
SOLUSDT,rsi>70 & macd_hist_up,2,122,0.0136775888273812,1.9709960508667599,90,0.017886087511190214,32,0.0018411862791683576,0.0031917482738822566,-0.0010902514242868125,-
SOLUSDT,rsi>70 & <lower_bb,2,0,,,0,,0,,0.0031917482738822566,-0.0010902514242868125,-
SOLUSDT,rsi>70 & >upper_bb,2,93,0.007489907273156375,0.9637355116309636,67,0.011493966025267095,26,-0.0028282441265135598,0.0031917482738822566,-0.0010902514242868125,-
SOLUSDT,rsi>70 & stoch<20,2,0,,,0,,0,,0.0031917482738822566,-0.0010902514242868125,-
SOLUSDT,rsi>70 & dip>3%,2,16,0.007639051226544107,0.5433705725168517,15,0.00728659957600503,1,,0.0031917482738822566,-0.0010902514242868125,-
SOLUSDT,rsi>70 & pop>3%,2,90,0.012233321662268606,1.3113794008733881,71,0.0168156244931519,19,-0.004890020495242637,0.0031917482738822566,-0.0010902514242868125,-
SOLUSDT,rsi>70 & vol>1.5x,2,94,0.016328962888447523,2.0012665565828827,69,0.018823247496490992,25,0.009444737370247558,0.0031917482738822566,-0.0010902514242868125,-
SOLUSDT,rsi>70 & 20d_high,2,118,0.015715008249012747,2.198442797842982,87,0.020690435061330257,31,0.001751713646702323,0.0031917482738822566,-0.0010902514242868125,-
SOLUSDT,rsi>70 & 20d_low,2,0,,,0,,0,,0.0031917482738822566,-0.0010902514242868125,-
SOLUSDT,rsi>70 & adx>25,2,139,0.012881684620288082,1.8869638748355642,115,0.015497879338094421,24,0.00034575159746602575,0.0031917482738822566,-0.0010902514242868125,-
SOLUSDT,rsi>70 & btc>ema50,2,170,0.013902940121731428,2.7524724551762225,129,0.01749626393268489,41,0.002597116423853466,0.0031917482738822566,-0.0010902514242868125,WEAK
SOLUSDT,rsi>70 & funding<0,2,13,0.04484025418955476,1.6899697990564828,11,0.05109087322207884,2,0.010461849510672284,0.0031917482738822566,-0.0010902514242868125,-
SOLUSDT,rsi50-70 & >ema20,2,731,0.001249489277590065,0.6928564984834571,386,0.00381140476645016,345,-0.0016168857331345632,0.0031917482738822566,-0.0010902514242868125,-
SOLUSDT,rsi50-70 & >ema50,2,669,0.0017338406653269161,0.9080468754118829,355,0.003303704210141952,314,-4.10050620913571e-05,0.0031917482738822566,-0.0010902514242868125,-
SOLUSDT,rsi50-70 & ema20>ema50,2,516,0.0015663202003293126,0.7112972187402294,289,0.004126082613467771,227,-0.0016925843697015869,0.0031917482738822566,-0.0010902514242868125,-
SOLUSDT,rsi50-70 & >sma200,2,482,0.0033219141537317756,1.4180090180930065,274,0.005896331308725077,208,-6.938536774978409e-05,0.0031917482738822566,-0.0010902514242868125,-
SOLUSDT,rsi50-70 & macd>signal,2,513,0.0014857234877689025,0.7311822831691798,255,0.00409604050676774,258,-0.0010942410077532034,0.0031917482738822566,-0.0010902514242868125,-
SOLUSDT,rsi50-70 & macd_hist_up,2,398,0.0005725772039836917,0.2432176020064512,214,0.0023132881961491327,184,-0.0014519453629913317,0.0031917482738822566,-0.0010902514242868125,-
SOLUSDT,rsi50-70 & <lower_bb,2,0,,,0,,0,,0.0031917482738822566,-0.0010902514242868125,-
SOLUSDT,rsi50-70 & >upper_bb,2,74,0.007147153947284061,1.3399954263169902,32,0.014350032564832853,42,0.0016592464291516472,0.0031917482738822566,-0.0010902514242868125,-
SOLUSDT,rsi50-70 & stoch<20,2,14,0.0035877122923114496,0.1976776315922767,6,-0.017422192883522685,8,0.01934514117418705,0.0031917482738822566,-0.0010902514242868125,-
SOLUSDT,rsi50-70 & dip>3%,2,119,0.004615766924375006,1.0997475627120692,75,0.006114154607357882,44,0.0020616970101996466,0.0031917482738822566,-0.0010902514242868125,-
SOLUSDT,rsi50-70 & pop>3%,2,226,0.001233400614550188,0.3682920075720561,132,0.0015607700274019626,94,0.0007736903752264195,0.0031917482738822566,-0.0010902514242868125,-
SOLUSDT,rsi50-70 & vol>1.5x,2,95,0.0037660222857878833,0.5996742118175109,49,0.008620115717822884,46,-0.0014046424570320112,0.0031917482738822566,-0.0010902514242868125,-
SOLUSDT,rsi50-70 & 20d_high,2,132,0.005882770721656413,1.3253422556091499,63,0.008865334383984078,69,0.003159560421270284,0.0031917482738822566,-0.0010902514242868125,-
SOLUSDT,rsi50-70 & 20d_low,2,0,,,0,,0,,0.0031917482738822566,-0.0010902514242868125,-
SOLUSDT,rsi50-70 & adx>25,2,317,0.0008618556132649155,0.27494196737993887,176,0.00660887853663348,141,-0.006311733283989462,0.0031917482738822566,-0.0010902514242868125,-
SOLUSDT,rsi50-70 & btc>ema50,2,600,0.0032872540223540282,1.6794244819491086,315,0.006383361077443968,285,-0.00013475903853485258,0.0031917482738822566,-0.0010902514242868125,-
SOLUSDT,rsi50-70 & funding<0,2,102,0.0028774418700642365,0.7675248673359115,38,0.005751114897667745,64,0.0011711985099246535,0.0031917482738822566,-0.0010902514242868125,-
SOLUSDT,>ema20 & >ema50,2,810,0.0038190042213203292,1.9442716100167388,472,0.006903928368485313,338,-0.0004889371912887611,0.0031917482738822566,-0.0010902514242868125,-
SOLUSDT,>ema20 & ema20>ema50,2,648,0.003369756341420424,1.5188319528496366,397,0.006851899099046877,251,-0.002137855908689941,0.0031917482738822566,-0.0010902514242868125,-
SOLUSDT,>ema20 & >sma200,2,621,0.005085874862292615,2.207359708355075,386,0.009183392627220009,235,-0.0016445160196732322,0.0031917482738822566,-0.0010902514242868125,-
SOLUSDT,>ema20 & macd>signal,2,737,0.003819204085654976,1.9220493400173673,415,0.007493443916671554,322,-0.0009162292369284992,0.0031917482738822566,-0.0010902514242868125,-
SOLUSDT,>ema20 & macd_hist_up,2,557,0.00346231486322901,1.4985455561504055,321,0.006861432948864012,236,-0.0011610618549440207,0.0031917482738822566,-0.0010902514242868125,-
SOLUSDT,>ema20 & <lower_bb,2,0,,,0,,0,,0.0031917482738822566,-0.0010902514242868125,-
SOLUSDT,>ema20 & >upper_bb,2,167,0.007338028553907565,1.4921180004167414,99,0.01241713904815704,68,-5.6558783308578546e-05,0.0031917482738822566,-0.0010902514242868125,-
SOLUSDT,>ema20 & stoch<20,2,4,-0.054714795475500816,-1.9733555330290773,1,,3,-0.03338358312972833,0.0031917482738822566,-0.0010902514242868125,-
SOLUSDT,>ema20 & dip>3%,2,123,0.0036557775252895677,0.8532378760051572,82,0.00622860831786363,41,-0.0014898840598585573,0.0031917482738822566,-0.0010902514242868125,-
SOLUSDT,>ema20 & pop>3%,2,332,0.004258747512590948,1.2348861021471982,211,0.007309192189700858,121,-0.001060622957410626,0.0031917482738822566,-0.0010902514242868125,-
SOLUSDT,>ema20 & vol>1.5x,2,189,0.010080105944399599,1.9598348169499689,119,0.014377782086582653,70,0.0027740565026884083,0.0031917482738822566,-0.0010902514242868125,-
SOLUSDT,>ema20 & 20d_high,2,251,0.010319890689622312,2.5171239986727114,150,0.015723892776844862,101,0.0022941450155294133,0.0031917482738822566,-0.0010902514242868125,WEAK
SOLUSDT,>ema20 & 20d_low,2,0,,,0,,0,,0.0031917482738822566,-0.0010902514242868125,-
SOLUSDT,>ema20 & adx>25,2,458,0.003345492416301014,1.1148381618048255,291,0.009520617998193585,167,-0.0074147563521465235,0.0031917482738822566,-0.0010902514242868125,-
SOLUSDT,>ema20 & btc>ema50,2,756,0.005639085003289107,2.9445441423863308,442,0.009690038166439359,314,-6.321212445742485e-05,0.0031917482738822566,-0.0010902514242868125,-
SOLUSDT,>ema20 & funding<0,2,133,0.004806701790776429,1.1356327391129561,56,0.013630722680585081,77,-0.0016107679472662287,0.0031917482738822566,-0.0010902514242868125,-
SOLUSDT,>ema50 & ema20>ema50,2,771,0.0028251246779502272,1.4081717671450513,472,0.006233435880579166,299,-0.0025552194278720417,0.0031917482738822566,-0.0010902514242868125,-
SOLUSDT,>ema50 & >sma200,2,702,0.004606317020138551,2.128777207316395,436,0.008130440979897655,266,-0.0011700666131508081,0.0031917482738822566,-0.0010902514242868125,-
SOLUSDT,>ema50 & macd>signal,2,602,0.005068771060906053,2.197615619961661,349,0.008805869852295424,253,-8.635731140576691e-05,0.0031917482738822566,-0.0010902514242868125,-
SOLUSDT,>ema50 & macd_hist_up,2,475,0.004342754920725794,1.6714175739759793,283,0.007636537606877958,192,-0.0005121435177172394,0.0031917482738822566,-0.0010902514242868125,-
SOLUSDT,>ema50 & <lower_bb,2,3,0.021398782461361215,0.9414163194770724,0,,3,0.021398782461361215,0.0031917482738822566,-0.0010902514242868125,-
SOLUSDT,>ema50 & >upper_bb,2,160,0.0065423798769676505,1.2830843164408123,97,0.011391213862457644,63,-0.0009232851483105907,0.0031917482738822566,-0.0010902514242868125,-
SOLUSDT,>ema50 & stoch<20,2,36,0.006589321274501497,0.6436976525545504,19,0.008514530585594916,17,0.004437616750338264,0.0031917482738822566,-0.0010902514242868125,-
SOLUSDT,>ema50 & dip>3%,2,160,0.003553388091182933,0.8606981617856783,104,0.006187722586283606,56,-0.0013389473997183164,0.0031917482738822566,-0.0010902514242868125,-
SOLUSDT,>ema50 & pop>3%,2,294,0.004624650720922046,1.2344610934342064,192,0.00607120514391802,102,0.0019017247482237428,0.0031917482738822566,-0.0010902514242868125,-
SOLUSDT,>ema50 & vol>1.5x,2,181,0.011322589259465844,2.1657816809482187,113,0.014218777536321699,68,0.006509805799396553,0.0031917482738822566,-0.0010902514242868125,-
SOLUSDT,>ema50 & 20d_high,2,234,0.011192009587968895,2.570781184562855,142,0.016390059038629334,92,0.00316893326194952,0.0031917482738822566,-0.0010902514242868125,WEAK
SOLUSDT,>ema50 & 20d_low,2,9,0.010603847728988218,0.3874019975325867,3,0.05746082124956852,6,-0.012824639031301932,0.0031917482738822566,-0.0010902514242868125,-
SOLUSDT,>ema50 & adx>25,2,467,0.004923974064716849,1.6455406761318365,300,0.010339683756920065,167,-0.004804845741636232,0.0031917482738822566,-0.0010902514242868125,-
SOLUSDT,>ema50 & btc>ema50,2,781,0.0052008654088561744,2.7394760310618897,448,0.0095412918533242,333,-0.0006385071050227318,0.0031917482738822566,-0.0010902514242868125,-
SOLUSDT,>ema50 & funding<0,2,102,0.007817815431650325,1.527969786031515,47,0.01748834113415832,55,-0.00044608835049287016,0.0031917482738822566,-0.0010902514242868125,-
SOLUSDT,ema20>ema50 & >sma200,2,747,0.0038527372451564075,1.7616902289147056,461,0.007997153891278704,286,-0.002827598677439323,0.0031917482738822566,-0.0010902514242868125,-
SOLUSDT,ema20>ema50 & macd>signal,2,448,0.004496415460717815,1.659109437022885,277,0.008846772704360312,171,-0.0025506544602703287,0.0031917482738822566,-0.0010902514242868125,-
SOLUSDT,ema20>ema50 & macd_hist_up,2,394,0.0036060327676763274,1.2473534274017564,239,0.007108560831776372,155,-0.0017946395376134143,0.0031917482738822566,-0.0010902514242868125,-
SOLUSDT,ema20>ema50 & <lower_bb,2,38,0.014663504680351226,1.0508105167587711,14,0.028047662495206106,24,0.006856079288352552,0.0031917482738822566,-0.0010902514242868125,-
SOLUSDT,ema20>ema50 & >upper_bb,2,117,0.006525819667096123,1.105940761689055,76,0.010681815848471733,41,-0.0011779781325269674,0.0031917482738822566,-0.0010902514242868125,-
SOLUSDT,ema20>ema50 & stoch<20,2,102,0.003396545539591348,0.575941286846482,53,0.004437531805902932,49,0.002270580802560448,0.0031917482738822566,-0.0010902514242868125,-
SOLUSDT,ema20>ema50 & dip>3%,2,211,0.003980049131945232,0.9428652616689837,129,0.007849117012761217,82,-0.002106655217143331,0.0031917482738822566,-0.0010902514242868125,-
SOLUSDT,ema20>ema50 & pop>3%,2,241,0.001839130742503822,0.45746326507895063,160,0.004495869877152137,81,-0.0034087490296409967,0.0031917482738822566,-0.0010902514242868125,-
SOLUSDT,ema20>ema50 & vol>1.5x,2,168,0.013962364645532603,2.3992529243496987,97,0.021317991792089326,71,0.003913127557983267,0.0031917482738822566,-0.0010902514242868125,-
SOLUSDT,ema20>ema50 & 20d_high,2,170,0.010186314286285556,2.0425520297889825,110,0.015262227006143877,60,0.0008804742998786405,0.0031917482738822566,-0.0010902514242868125,-
SOLUSDT,ema20>ema50 & 20d_low,2,56,0.009304233806275144,0.8569819908219223,24,0.019025847207555496,32,0.002013023755314879,0.0031917482738822566,-0.0010902514242868125,-
SOLUSDT,ema20>ema50 & adx>25,2,498,0.004803149408661547,1.6185953548268002,308,0.009282542680293942,190,-0.0024581828421951783,0.0031917482738822566,-0.0010902514242868125,-
SOLUSDT,ema20>ema50 & btc>ema50,2,709,0.0033213016288614807,1.7145153877435864,399,0.008606903258071159,310,-0.003481779177766459,0.0031917482738822566,-0.0010902514242868125,-
SOLUSDT,ema20>ema50 & funding<0,2,123,0.00015692999948243772,0.032778988774874736,51,-0.00012743613560019525,72,0.00035835601183263594,0.0031917482738822566,-0.0010902514242868125,-
SOLUSDT,>sma200 & macd>signal,2,509,0.005087784240431937,2.0196657339150446,307,0.008882351468873104,202,-0.0006792065473474602,0.0031917482738822566,-0.0010902514242868125,-
SOLUSDT,>sma200 & macd_hist_up,2,493,0.0041994319089496066,1.6525018676250203,292,0.007027030312927487,201,9.167701361855162e-05,0.0031917482738822566,-0.0010902514242868125,-
SOLUSDT,>sma200 & <lower_bb,2,37,0.013893315528885217,0.9367947249740631,19,0.020950088649386148,18,0.006444499457245353,0.0031917482738822566,-0.0010902514242868125,-
SOLUSDT,>sma200 & >upper_bb,2,118,0.007835917465837533,1.3284121904311827,78,0.012771853350759949,40,-0.001789157509761189,0.0031917482738822566,-0.0010902514242868125,-
SOLUSDT,>sma200 & stoch<20,2,99,0.0033406194007525544,0.5351503081610302,57,0.003065128263134394,42,0.0037145002303772003,0.0031917482738822566,-0.0010902514242868125,-
SOLUSDT,>sma200 & dip>3%,2,212,0.005885419027958187,1.4031054183472504,130,0.009722384657365045,82,-0.0001975752625648805,0.0031917482738822566,-0.0010902514242868125,-
SOLUSDT,>sma200 & pop>3%,2,277,0.004915822446027031,1.3051071811767399,176,0.00887165469259944,101,-0.0019775089935446907,0.0031917482738822566,-0.0010902514242868125,-
SOLUSDT,>sma200 & vol>1.5x,2,170,0.013713308948571479,2.310020534187074,106,0.021514188936173767,64,0.0007931014691051849,0.0031917482738822566,-0.0010902514242868125,-
SOLUSDT,>sma200 & 20d_high,2,179,0.011966522407689015,2.4050329584599073,115,0.017532558218503008,64,0.00196505181013263,0.0031917482738822566,-0.0010902514242868125,WEAK
SOLUSDT,>sma200 & 20d_low,2,57,0.008954217000835128,0.8408579539626768,27,0.0160195364842951,30,0.0025954294657211494,0.0031917482738822566,-0.0010902514242868125,-
SOLUSDT,>sma200 & adx>25,2,529,0.005664024619607639,2.03232640435161,295,0.012085905722628416,234,-0.0024319366000125717,0.0031917482738822566,-0.0010902514242868125,-
SOLUSDT,>sma200 & btc>ema50,2,636,0.005958051413918198,2.8294456717979117,361,0.011912398418033205,275,-0.0018583822896655004,0.0031917482738822566,-0.0010902514242868125,-
SOLUSDT,>sma200 & funding<0,2,112,0.0033466716393673623,0.6254787571661518,46,0.006446206564821389,66,0.0011863897216266787,0.0031917482738822566,-0.0010902514242868125,-
SOLUSDT,macd>signal & macd_hist_up,2,564,0.0034699854686879826,1.5196727759001025,318,0.0063520733192170215,246,-0.00025564028931297035,0.0031917482738822566,-0.0010902514242868125,-
SOLUSDT,macd>signal & <lower_bb,2,7,-0.004759358246260537,-0.3512177926769254,6,-0.005055875704481885,1,,0.0031917482738822566,-0.0010902514242868125,-
SOLUSDT,macd>signal & >upper_bb,2,163,0.006827569666403689,1.3682669620936145,97,0.011872047218674601,66,-0.0005862837058732593,0.0031917482738822566,-0.0010902514242868125,-
SOLUSDT,macd>signal & stoch<20,2,48,-0.009236372218898546,-1.2006857983285972,37,-0.011085881212308637,11,-0.0030152965137918842,0.0031917482738822566,-0.0010902514242868125,-
SOLUSDT,macd>signal & dip>3%,2,206,0.00029435973035757076,0.090330804924365,129,4.6832790398957406e-05,77,0.0007090477206778455,0.0031917482738822566,-0.0010902514242868125,-
SOLUSDT,macd>signal & pop>3%,2,299,0.006443581182150519,1.7037060184523978,193,0.009391479300375875,106,0.001076181778211899,0.0031917482738822566,-0.0010902514242868125,-
SOLUSDT,macd>signal & vol>1.5x,2,202,0.007617312964598525,1.505962336567752,129,0.01026833515149048,73,0.002932629922008633,0.0031917482738822566,-0.0010902514242868125,-
SOLUSDT,macd>signal & 20d_high,2,244,0.0107196911966315,2.5727697753914924,146,0.016203172728678772,98,0.002550422791744748,0.0031917482738822566,-0.0010902514242868125,WEAK
SOLUSDT,macd>signal & 20d_low,2,24,-0.004785838109361104,-0.4313911859969503,20,-0.013404341399190101,4,0.03830667833978385,0.0031917482738822566,-0.0010902514242868125,-
SOLUSDT,macd>signal & adx>25,2,520,0.0026171108236786728,0.9959330152133435,307,0.007021593050629286,213,-0.003731133512818223,0.0031917482738822566,-0.0010902514242868125,-
SOLUSDT,macd>signal & btc>ema50,2,619,0.006701984933516009,3.1447932620952512,365,0.010378595059452787,254,0.0014186672328588292,0.0031917482738822566,-0.0010902514242868125,WEAK
SOLUSDT,macd>signal & funding<0,2,273,0.004358565866648636,1.4773847452346474,137,0.007478165764829031,136,0.001216027733922797,0.0031917482738822566,-0.0010902514242868125,-
SOLUSDT,macd_hist_up & <lower_bb,2,0,,,0,,0,,0.0031917482738822566,-0.0010902514242868125,-
SOLUSDT,macd_hist_up & >upper_bb,2,167,0.007338028553907565,1.4921180004167414,99,0.01241713904815704,68,-5.6558783308578546e-05,0.0031917482738822566,-0.0010902514242868125,-
SOLUSDT,macd_hist_up & stoch<20,2,67,0.004930263010939124,0.8422267184540327,43,0.0044560560765410945,24,0.005779883768402261,0.0031917482738822566,-0.0010902514242868125,-
SOLUSDT,macd_hist_up & dip>3%,2,62,0.008689395074643246,1.0942011752723202,45,0.007620171756091166,17,0.011519692094339928,0.0031917482738822566,-0.0010902514242868125,-
SOLUSDT,macd_hist_up & pop>3%,2,426,0.0029938876631548025,1.0198361133928864,261,0.006950095872886011,165,-0.0032641144140563797,0.0031917482738822566,-0.0010902514242868125,-
SOLUSDT,macd_hist_up & vol>1.5x,2,183,0.007336662692310108,1.398000288161541,117,0.011137046157459089,66,0.0005996192768187314,0.0031917482738822566,-0.0010902514242868125,-
SOLUSDT,macd_hist_up & 20d_high,2,231,0.00903813847858874,2.110139502935099,134,0.012974191314767645,97,0.0036007046636611687,0.0031917482738822566,-0.0010902514242868125,-
SOLUSDT,macd_hist_up & 20d_low,2,15,-0.01538224617641527,-0.9249070156780849,4,0.024589178613004907,11,-0.029917309736204423,0.0031917482738822566,-0.0010902514242868125,-
SOLUSDT,macd_hist_up & adx>25,2,486,0.003774120035401259,1.3766634332530947,270,0.008982643255104474,216,-0.00273653398922776,0.0031917482738822566,-0.0010902514242868125,-
SOLUSDT,macd_hist_up & btc>ema50,2,500,0.005514524132320343,2.459526623683938,273,0.009853506322743358,227,0.0002962768284195374,0.0031917482738822566,-0.0010902514242868125,WEAK
SOLUSDT,macd_hist_up & funding<0,2,256,0.00691723113375493,2.184211677000928,139,0.011744256880708872,117,0.0011825595198523841,0.0031917482738822566,-0.0010902514242868125,-
SOLUSDT,<lower_bb & >upper_bb,2,0,,,0,,0,,0.0031917482738822566,-0.0010902514242868125,-
SOLUSDT,<lower_bb & stoch<20,2,83,0.00933481629481276,0.8624261788521153,45,0.014069176240545793,38,0.003728337411707848,0.0031917482738822566,-0.0010902514242868125,-
SOLUSDT,<lower_bb & dip>3%,2,77,0.0076191484886487595,0.5629073740400927,39,0.01351523669210442,38,0.001567900069312678,0.0031917482738822566,-0.0010902514242868125,-
SOLUSDT,<lower_bb & pop>3%,2,3,-0.05308521405974224,-3.9533152424888973,2,-0.0571774928047529,1,,0.0031917482738822566,-0.0010902514242868125,-
SOLUSDT,<lower_bb & vol>1.5x,2,46,0.013932490174730736,0.6440422394481138,25,0.03149632345935785,21,-0.006976835164111077,0.0031917482738822566,-0.0010902514242868125,-
SOLUSDT,<lower_bb & 20d_high,2,0,,,0,,0,,0.0031917482738822566,-0.0010902514242868125,-
SOLUSDT,<lower_bb & 20d_low,2,95,0.008713365806226172,0.7815835701014897,51,0.010236633069158532,44,0.006947760569645481,0.0031917482738822566,-0.0010902514242868125,-
SOLUSDT,<lower_bb & adx>25,2,56,0.004024365100719141,0.36090064107871384,23,0.012487560724796003,33,-0.0018742257887889736,0.0031917482738822566,-0.0010902514242868125,-
SOLUSDT,<lower_bb & btc>ema50,2,15,-0.0021322760441295505,-0.18205895982773432,2,0.007136539799387671,13,-0.0035582477123629673,0.0031917482738822566,-0.0010902514242868125,-
SOLUSDT,<lower_bb & funding<0,2,62,0.014457887514384048,0.9437090332606245,32,0.022267692055606067,30,0.006127429337080562,0.0031917482738822566,-0.0010902514242868125,-
SOLUSDT,>upper_bb & stoch<20,2,0,,,0,,0,,0.0031917482738822566,-0.0010902514242868125,-
SOLUSDT,>upper_bb & dip>3%,2,4,0.027832148068987317,1.0024632596647602,3,0.05142899615754346,1,,0.0031917482738822566,-0.0010902514242868125,-
SOLUSDT,>upper_bb & pop>3%,2,120,0.006610891386166301,1.0099144530629,78,0.011808709031747694,42,-0.0030421985270562848,0.0031917482738822566,-0.0010902514242868125,-
SOLUSDT,>upper_bb & vol>1.5x,2,102,0.004091884150313922,0.6096907217424642,70,0.006439386379648359,32,-0.0010432769763551548,0.0031917482738822566,-0.0010902514242868125,-
SOLUSDT,>upper_bb & 20d_high,2,154,0.007253933648694245,1.3876546749699787,90,0.011647591359106717,64,0.0010753524934267067,0.0031917482738822566,-0.0010902514242868125,-
SOLUSDT,>upper_bb & 20d_low,2,0,,,0,,0,,0.0031917482738822566,-0.0010902514242868125,-
SOLUSDT,>upper_bb & adx>25,2,74,0.011225765323305966,1.1523884570648024,59,0.017854096179785783,15,-0.014845669378847999,0.0031917482738822566,-0.0010902514242868125,-
SOLUSDT,>upper_bb & btc>ema50,2,151,0.009810041901449386,2.140709473629319,92,0.01632531273665104,59,-0.0003493634686955643,0.0031917482738822566,-0.0010902514242868125,-
SOLUSDT,>upper_bb & funding<0,2,14,0.0507078212231643,2.0459410753604614,12,0.05512679738802415,2,0.02419396423400517,0.0031917482738822566,-0.0010902514242868125,-
SOLUSDT,stoch<20 & dip>3%,2,162,0.0032868918433293115,0.5112783593893991,93,0.006196636474494332,69,-0.0006349378769365836,0.0031917482738822566,-0.0010902514242868125,-
SOLUSDT,stoch<20 & pop>3%,2,14,0.004667729128120571,0.18400024913835125,13,0.004337435084104655,1,,0.0031917482738822566,-0.0010902514242868125,-
SOLUSDT,stoch<20 & vol>1.5x,2,44,0.006874676670758754,0.3333051394121667,24,0.023708954340685304,20,-0.013326456533153105,0.0031917482738822566,-0.0010902514242868125,-
SOLUSDT,stoch<20 & 20d_high,2,0,,,0,,0,,0.0031917482738822566,-0.0010902514242868125,-
SOLUSDT,stoch<20 & 20d_low,2,167,0.0006180061118464162,0.09966672385993657,88,0.0028681961937349746,79,-0.001888534738864891,0.0031917482738822566,-0.0010902514242868125,-
SOLUSDT,stoch<20 & adx>25,2,177,-0.0023885676638384563,-0.47668368987682297,93,-0.002583860079968765,84,-0.0021723510602656123,0.0031917482738822566,-0.0010902514242868125,-
SOLUSDT,stoch<20 & btc>ema50,2,64,-0.0015816873738493816,-0.2711448199558792,19,-0.007537001974552077,45,0.0009327787908917581,0.0031917482738822566,-0.0010902514242868125,-
SOLUSDT,stoch<20 & funding<0,2,174,0.0022707824855166467,0.4140343971672114,92,0.004582091273407958,82,-0.0003223932277272647,0.0031917482738822566,-0.0010902514242868125,-
SOLUSDT,dip>3% & pop>3%,2,0,,,0,,0,,0.0031917482738822566,-0.0010902514242868125,-
SOLUSDT,dip>3% & vol>1.5x,2,85,0.009684086928666201,0.789979225085965,45,0.02073658117414066,40,-0.0027499690974925645,0.0031917482738822566,-0.0010902514242868125,-
SOLUSDT,dip>3% & 20d_high,2,0,,,0,,0,,0.0031917482738822566,-0.0010902514242868125,-
SOLUSDT,dip>3% & 20d_low,2,133,0.002773605795414427,0.3246723859096686,70,0.0031319814763173972,63,0.0023754105944111263,0.0031917482738822566,-0.0010902514242868125,-
SOLUSDT,dip>3% & adx>25,2,253,0.002864390904408082,0.6939655938205952,146,0.004921273465279461,107,5.780348490133786e-05,0.0031917482738822566,-0.0010902514242868125,-
SOLUSDT,dip>3% & btc>ema50,2,170,-0.000683015098384931,-0.18029410431055104,99,0.00309232771658535,71,-0.005947225502357577,0.0031917482738822566,-0.0010902514242868125,-
SOLUSDT,dip>3% & funding<0,2,132,0.0038265528786653913,0.5019331257437561,61,0.011767485573469353,71,-0.002995938591518293,0.0031917482738822566,-0.0010902514242868125,-
SOLUSDT,pop>3% & vol>1.5x,2,125,0.007849492281538143,1.0246941836462045,84,0.013572889390616037,41,-0.0038764920394994996,0.0031917482738822566,-0.0010902514242868125,-
SOLUSDT,pop>3% & 20d_high,2,167,0.013957920767814883,2.456931255965394,110,0.02033345881134873,57,0.0016542508592408056,0.0031917482738822566,-0.0010902514242868125,WEAK
SOLUSDT,pop>3% & 20d_low,2,0,,,0,,0,,0.0031917482738822566,-0.0010902514242868125,-
SOLUSDT,pop>3% & adx>25,2,260,0.0012492087494169663,0.28208781526359766,163,0.007350747869699992,97,-0.009003893071264818,0.0031917482738822566,-0.0010902514242868125,-
SOLUSDT,pop>3% & btc>ema50,2,282,0.006357699050579912,1.8509101201629317,181,0.010171640810134129,101,-0.0004771866769380388,0.0031917482738822566,-0.0010902514242868125,-
SOLUSDT,pop>3% & funding<0,2,124,0.006257039789328355,1.0731043302477246,74,0.01247719140229817,50,-0.00294878459786697,0.0031917482738822566,-0.0010902514242868125,-
SOLUSDT,vol>1.5x & 20d_high,2,117,0.01305256976670578,1.884154895188832,77,0.016821320488608137,40,0.0057977246270437335,0.0031917482738822566,-0.0010902514242868125,-
SOLUSDT,vol>1.5x & 20d_low,2,50,0.011298771782863443,0.5673702790587365,25,0.024051197792576143,25,-0.0014536542268492542,0.0031917482738822566,-0.0010902514242868125,-
SOLUSDT,vol>1.5x & adx>25,2,172,0.00937240476781235,1.4307423648114104,103,0.020657306819538663,69,-0.007473173657228383,0.0031917482738822566,-0.0010902514242868125,-
SOLUSDT,vol>1.5x & btc>ema50,2,169,0.01228517520717729,2.599878648604846,106,0.015838627895381752,63,0.006306350049245969,0.0031917482738822566,-0.0010902514242868125,WEAK
SOLUSDT,vol>1.5x & funding<0,2,84,0.004716055177096854,0.38074358194878133,51,0.011126821490412268,33,-0.005191492761663328,0.0031917482738822566,-0.0010902514242868125,-
SOLUSDT,20d_high & 20d_low,2,0,,,0,,0,,0.0031917482738822566,-0.0010902514242868125,-
SOLUSDT,20d_high & adx>25,2,114,0.012770078281324784,1.6741334347010544,84,0.022120077152203,30,-0.013409918557134215,0.0031917482738822566,-0.0010902514242868125,-
SOLUSDT,20d_high & btc>ema50,2,221,0.014358030112943284,3.5662486250973253,136,0.019719451837797768,85,0.0057797553531761135,0.0031917482738822566,-0.0010902514242868125,WEAK
SOLUSDT,20d_high & funding<0,2,24,0.03535187608956151,2.227829800344621,19,0.03953265531737384,5,0.01946491502387461,0.0031917482738822566,-0.0010902514242868125,-
SOLUSDT,20d_low & adx>25,2,109,-0.003208529260534969,-0.4482876348359924,49,-0.002139618203414824,60,-0.004081473290516422,0.0031917482738822566,-0.0010902514242868125,-
SOLUSDT,20d_low & btc>ema50,2,23,-0.009027366361049848,-0.9767673531811425,4,-0.005696366213644444,19,-0.0097286295499773,0.0031917482738822566,-0.0010902514242868125,-
SOLUSDT,20d_low & funding<0,2,109,0.005157216451654802,0.5640075547808892,56,0.009300474433573106,53,0.000779434433024141,0.0031917482738822566,-0.0010902514242868125,-
SOLUSDT,adx>25 & btc>ema50,2,440,0.005413799955332068,1.9152077439351325,266,0.01120493238832575,174,-0.003439310545681262,0.0031917482738822566,-0.0010902514242868125,-
SOLUSDT,adx>25 & funding<0,2,337,0.0014131846380508741,0.458648700159673,159,0.0069766404813621,178,-0.0035564191770417392,0.0031917482738822566,-0.0010902514242868125,-
SOLUSDT,btc>ema50 & funding<0,2,155,0.00915280308020979,2.368352935024104,59,0.01696918903625179,96,0.004348982544725647,0.0031917482738822566,-0.0010902514242868125,-
SOLUSDT,rsi<30 & rsi>70 & rsi50-70,3,0,,,0,,0,,0.0031917482738822566,-0.0010902514242868125,-
SOLUSDT,rsi<30 & rsi>70 & >ema20,3,0,,,0,,0,,0.0031917482738822566,-0.0010902514242868125,-
SOLUSDT,rsi<30 & rsi>70 & >ema50,3,0,,,0,,0,,0.0031917482738822566,-0.0010902514242868125,-
SOLUSDT,rsi<30 & rsi>70 & ema20>ema50,3,0,,,0,,0,,0.0031917482738822566,-0.0010902514242868125,-
SOLUSDT,rsi<30 & rsi>70 & >sma200,3,0,,,0,,0,,0.0031917482738822566,-0.0010902514242868125,-
SOLUSDT,rsi<30 & rsi>70 & macd>signal,3,0,,,0,,0,,0.0031917482738822566,-0.0010902514242868125,-
SOLUSDT,rsi<30 & rsi>70 & macd_hist_up,3,0,,,0,,0,,0.0031917482738822566,-0.0010902514242868125,-
SOLUSDT,rsi<30 & rsi>70 & <lower_bb,3,0,,,0,,0,,0.0031917482738822566,-0.0010902514242868125,-
SOLUSDT,rsi<30 & rsi>70 & >upper_bb,3,0,,,0,,0,,0.0031917482738822566,-0.0010902514242868125,-
SOLUSDT,rsi<30 & rsi>70 & stoch<20,3,0,,,0,,0,,0.0031917482738822566,-0.0010902514242868125,-
SOLUSDT,rsi<30 & rsi>70 & dip>3%,3,0,,,0,,0,,0.0031917482738822566,-0.0010902514242868125,-
SOLUSDT,rsi<30 & rsi>70 & pop>3%,3,0,,,0,,0,,0.0031917482738822566,-0.0010902514242868125,-
SOLUSDT,rsi<30 & rsi>70 & vol>1.5x,3,0,,,0,,0,,0.0031917482738822566,-0.0010902514242868125,-
SOLUSDT,rsi<30 & rsi>70 & 20d_high,3,0,,,0,,0,,0.0031917482738822566,-0.0010902514242868125,-
SOLUSDT,rsi<30 & rsi>70 & 20d_low,3,0,,,0,,0,,0.0031917482738822566,-0.0010902514242868125,-
SOLUSDT,rsi<30 & rsi>70 & adx>25,3,0,,,0,,0,,0.0031917482738822566,-0.0010902514242868125,-
SOLUSDT,rsi<30 & rsi>70 & btc>ema50,3,0,,,0,,0,,0.0031917482738822566,-0.0010902514242868125,-
SOLUSDT,rsi<30 & rsi>70 & funding<0,3,0,,,0,,0,,0.0031917482738822566,-0.0010902514242868125,-
SOLUSDT,rsi<30 & rsi50-70 & >ema20,3,0,,,0,,0,,0.0031917482738822566,-0.0010902514242868125,-
SOLUSDT,rsi<30 & rsi50-70 & >ema50,3,0,,,0,,0,,0.0031917482738822566,-0.0010902514242868125,-
SOLUSDT,rsi<30 & rsi50-70 & ema20>ema50,3,0,,,0,,0,,0.0031917482738822566,-0.0010902514242868125,-
SOLUSDT,rsi<30 & rsi50-70 & >sma200,3,0,,,0,,0,,0.0031917482738822566,-0.0010902514242868125,-
SOLUSDT,rsi<30 & rsi50-70 & macd>signal,3,0,,,0,,0,,0.0031917482738822566,-0.0010902514242868125,-
SOLUSDT,rsi<30 & rsi50-70 & macd_hist_up,3,0,,,0,,0,,0.0031917482738822566,-0.0010902514242868125,-
SOLUSDT,rsi<30 & rsi50-70 & <lower_bb,3,0,,,0,,0,,0.0031917482738822566,-0.0010902514242868125,-
SOLUSDT,rsi<30 & rsi50-70 & >upper_bb,3,0,,,0,,0,,0.0031917482738822566,-0.0010902514242868125,-
SOLUSDT,rsi<30 & rsi50-70 & stoch<20,3,0,,,0,,0,,0.0031917482738822566,-0.0010902514242868125,-
SOLUSDT,rsi<30 & rsi50-70 & dip>3%,3,0,,,0,,0,,0.0031917482738822566,-0.0010902514242868125,-
SOLUSDT,rsi<30 & rsi50-70 & pop>3%,3,0,,,0,,0,,0.0031917482738822566,-0.0010902514242868125,-
SOLUSDT,rsi<30 & rsi50-70 & vol>1.5x,3,0,,,0,,0,,0.0031917482738822566,-0.0010902514242868125,-
SOLUSDT,rsi<30 & rsi50-70 & 20d_high,3,0,,,0,,0,,0.0031917482738822566,-0.0010902514242868125,-
SOLUSDT,rsi<30 & rsi50-70 & 20d_low,3,0,,,0,,0,,0.0031917482738822566,-0.0010902514242868125,-
SOLUSDT,rsi<30 & rsi50-70 & adx>25,3,0,,,0,,0,,0.0031917482738822566,-0.0010902514242868125,-
SOLUSDT,rsi<30 & rsi50-70 & btc>ema50,3,0,,,0,,0,,0.0031917482738822566,-0.0010902514242868125,-
SOLUSDT,rsi<30 & rsi50-70 & funding<0,3,0,,,0,,0,,0.0031917482738822566,-0.0010902514242868125,-
SOLUSDT,rsi<30 & >ema20 & >ema50,3,0,,,0,,0,,0.0031917482738822566,-0.0010902514242868125,-
SOLUSDT,rsi<30 & >ema20 & ema20>ema50,3,0,,,0,,0,,0.0031917482738822566,-0.0010902514242868125,-
SOLUSDT,rsi<30 & >ema20 & >sma200,3,0,,,0,,0,,0.0031917482738822566,-0.0010902514242868125,-
SOLUSDT,rsi<30 & >ema20 & macd>signal,3,0,,,0,,0,,0.0031917482738822566,-0.0010902514242868125,-
SOLUSDT,rsi<30 & >ema20 & macd_hist_up,3,0,,,0,,0,,0.0031917482738822566,-0.0010902514242868125,-
SOLUSDT,rsi<30 & >ema20 & <lower_bb,3,0,,,0,,0,,0.0031917482738822566,-0.0010902514242868125,-
SOLUSDT,rsi<30 & >ema20 & >upper_bb,3,0,,,0,,0,,0.0031917482738822566,-0.0010902514242868125,-
SOLUSDT,rsi<30 & >ema20 & stoch<20,3,0,,,0,,0,,0.0031917482738822566,-0.0010902514242868125,-
SOLUSDT,rsi<30 & >ema20 & dip>3%,3,0,,,0,,0,,0.0031917482738822566,-0.0010902514242868125,-
SOLUSDT,rsi<30 & >ema20 & pop>3%,3,0,,,0,,0,,0.0031917482738822566,-0.0010902514242868125,-
SOLUSDT,rsi<30 & >ema20 & vol>1.5x,3,0,,,0,,0,,0.0031917482738822566,-0.0010902514242868125,-
SOLUSDT,rsi<30 & >ema20 & 20d_high,3,0,,,0,,0,,0.0031917482738822566,-0.0010902514242868125,-
SOLUSDT,rsi<30 & >ema20 & 20d_low,3,0,,,0,,0,,0.0031917482738822566,-0.0010902514242868125,-
SOLUSDT,rsi<30 & >ema20 & adx>25,3,0,,,0,,0,,0.0031917482738822566,-0.0010902514242868125,-
SOLUSDT,rsi<30 & >ema20 & btc>ema50,3,0,,,0,,0,,0.0031917482738822566,-0.0010902514242868125,-
SOLUSDT,rsi<30 & >ema20 & funding<0,3,0,,,0,,0,,0.0031917482738822566,-0.0010902514242868125,-
SOLUSDT,rsi<30 & >ema50 & ema20>ema50,3,0,,,0,,0,,0.0031917482738822566,-0.0010902514242868125,-
SOLUSDT,rsi<30 & >ema50 & >sma200,3,0,,,0,,0,,0.0031917482738822566,-0.0010902514242868125,-
SOLUSDT,rsi<30 & >ema50 & macd>signal,3,0,,,0,,0,,0.0031917482738822566,-0.0010902514242868125,-
SOLUSDT,rsi<30 & >ema50 & macd_hist_up,3,0,,,0,,0,,0.0031917482738822566,-0.0010902514242868125,-
SOLUSDT,rsi<30 & >ema50 & <lower_bb,3,0,,,0,,0,,0.0031917482738822566,-0.0010902514242868125,-
SOLUSDT,rsi<30 & >ema50 & >upper_bb,3,0,,,0,,0,,0.0031917482738822566,-0.0010902514242868125,-
SOLUSDT,rsi<30 & >ema50 & stoch<20,3,0,,,0,,0,,0.0031917482738822566,-0.0010902514242868125,-
SOLUSDT,rsi<30 & >ema50 & dip>3%,3,0,,,0,,0,,0.0031917482738822566,-0.0010902514242868125,-
SOLUSDT,rsi<30 & >ema50 & pop>3%,3,0,,,0,,0,,0.0031917482738822566,-0.0010902514242868125,-
SOLUSDT,rsi<30 & >ema50 & vol>1.5x,3,0,,,0,,0,,0.0031917482738822566,-0.0010902514242868125,-
SOLUSDT,rsi<30 & >ema50 & 20d_high,3,0,,,0,,0,,0.0031917482738822566,-0.0010902514242868125,-
SOLUSDT,rsi<30 & >ema50 & 20d_low,3,0,,,0,,0,,0.0031917482738822566,-0.0010902514242868125,-
SOLUSDT,rsi<30 & >ema50 & adx>25,3,0,,,0,,0,,0.0031917482738822566,-0.0010902514242868125,-
SOLUSDT,rsi<30 & >ema50 & btc>ema50,3,0,,,0,,0,,0.0031917482738822566,-0.0010902514242868125,-
SOLUSDT,rsi<30 & >ema50 & funding<0,3,0,,,0,,0,,0.0031917482738822566,-0.0010902514242868125,-
SOLUSDT,rsi<30 & ema20>ema50 & >sma200,3,0,,,0,,0,,0.0031917482738822566,-0.0010902514242868125,-
SOLUSDT,rsi<30 & ema20>ema50 & macd>signal,3,0,,,0,,0,,0.0031917482738822566,-0.0010902514242868125,-
SOLUSDT,rsi<30 & ema20>ema50 & macd_hist_up,3,0,,,0,,0,,0.0031917482738822566,-0.0010902514242868125,-
SOLUSDT,rsi<30 & ema20>ema50 & <lower_bb,3,0,,,0,,0,,0.0031917482738822566,-0.0010902514242868125,-
SOLUSDT,rsi<30 & ema20>ema50 & >upper_bb,3,0,,,0,,0,,0.0031917482738822566,-0.0010902514242868125,-
SOLUSDT,rsi<30 & ema20>ema50 & stoch<20,3,0,,,0,,0,,0.0031917482738822566,-0.0010902514242868125,-
SOLUSDT,rsi<30 & ema20>ema50 & dip>3%,3,0,,,0,,0,,0.0031917482738822566,-0.0010902514242868125,-
SOLUSDT,rsi<30 & ema20>ema50 & pop>3%,3,0,,,0,,0,,0.0031917482738822566,-0.0010902514242868125,-
SOLUSDT,rsi<30 & ema20>ema50 & vol>1.5x,3,0,,,0,,0,,0.0031917482738822566,-0.0010902514242868125,-
SOLUSDT,rsi<30 & ema20>ema50 & 20d_high,3,0,,,0,,0,,0.0031917482738822566,-0.0010902514242868125,-
SOLUSDT,rsi<30 & ema20>ema50 & 20d_low,3,0,,,0,,0,,0.0031917482738822566,-0.0010902514242868125,-
SOLUSDT,rsi<30 & ema20>ema50 & adx>25,3,0,,,0,,0,,0.0031917482738822566,-0.0010902514242868125,-
SOLUSDT,rsi<30 & ema20>ema50 & btc>ema50,3,0,,,0,,0,,0.0031917482738822566,-0.0010902514242868125,-
SOLUSDT,rsi<30 & ema20>ema50 & funding<0,3,0,,,0,,0,,0.0031917482738822566,-0.0010902514242868125,-
SOLUSDT,rsi<30 & >sma200 & macd>signal,3,0,,,0,,0,,0.0031917482738822566,-0.0010902514242868125,-
SOLUSDT,rsi<30 & >sma200 & macd_hist_up,3,0,,,0,,0,,0.0031917482738822566,-0.0010902514242868125,-
SOLUSDT,rsi<30 & >sma200 & <lower_bb,3,1,,,1,,0,,0.0031917482738822566,-0.0010902514242868125,-
SOLUSDT,rsi<30 & >sma200 & >upper_bb,3,0,,,0,,0,,0.0031917482738822566,-0.0010902514242868125,-
SOLUSDT,rsi<30 & >sma200 & stoch<20,3,1,,,1,,0,,0.0031917482738822566,-0.0010902514242868125,-
SOLUSDT,rsi<30 & >sma200 & dip>3%,3,1,,,1,,0,,0.0031917482738822566,-0.0010902514242868125,-
SOLUSDT,rsi<30 & >sma200 & pop>3%,3,0,,,0,,0,,0.0031917482738822566,-0.0010902514242868125,-
SOLUSDT,rsi<30 & >sma200 & vol>1.5x,3,1,,,1,,0,,0.0031917482738822566,-0.0010902514242868125,-
SOLUSDT,rsi<30 & >sma200 & 20d_high,3,0,,,0,,0,,0.0031917482738822566,-0.0010902514242868125,-
SOLUSDT,rsi<30 & >sma200 & 20d_low,3,1,,,1,,0,,0.0031917482738822566,-0.0010902514242868125,-
SOLUSDT,rsi<30 & >sma200 & adx>25,3,0,,,0,,0,,0.0031917482738822566,-0.0010902514242868125,-
SOLUSDT,rsi<30 & >sma200 & btc>ema50,3,0,,,0,,0,,0.0031917482738822566,-0.0010902514242868125,-
SOLUSDT,rsi<30 & >sma200 & funding<0,3,0,,,0,,0,,0.0031917482738822566,-0.0010902514242868125,-
SOLUSDT,rsi<30 & macd>signal & macd_hist_up,3,0,,,0,,0,,0.0031917482738822566,-0.0010902514242868125,-
SOLUSDT,rsi<30 & macd>signal & <lower_bb,3,2,-0.01562390389933278,-0.3153125994112584,2,-0.01562390389933278,0,,0.0031917482738822566,-0.0010902514242868125,-
SOLUSDT,rsi<30 & macd>signal & >upper_bb,3,0,,,0,,0,,0.0031917482738822566,-0.0010902514242868125,-
SOLUSDT,rsi<30 & macd>signal & stoch<20,3,2,-0.01562390389933278,-0.3153125994112584,2,-0.01562390389933278,0,,0.0031917482738822566,-0.0010902514242868125,-
SOLUSDT,rsi<30 & macd>signal & dip>3%,3,2,-0.01562390389933278,-0.3153125994112584,2,-0.01562390389933278,0,,0.0031917482738822566,-0.0010902514242868125,-
SOLUSDT,rsi<30 & macd>signal & pop>3%,3,0,,,0,,0,,0.0031917482738822566,-0.0010902514242868125,-
SOLUSDT,rsi<30 & macd>signal & vol>1.5x,3,1,,,1,,0,,0.0031917482738822566,-0.0010902514242868125,-
SOLUSDT,rsi<30 & macd>signal & 20d_high,3,0,,,0,,0,,0.0031917482738822566,-0.0010902514242868125,-
SOLUSDT,rsi<30 & macd>signal & 20d_low,3,2,-0.01562390389933278,-0.3153125994112584,2,-0.01562390389933278,0,,0.0031917482738822566,-0.0010902514242868125,-
SOLUSDT,rsi<30 & macd>signal & adx>25,3,2,-0.01562390389933278,-0.3153125994112584,2,-0.01562390389933278,0,,0.0031917482738822566,-0.0010902514242868125,-
SOLUSDT,rsi<30 & macd>signal & btc>ema50,3,0,,,0,,0,,0.0031917482738822566,-0.0010902514242868125,-
SOLUSDT,rsi<30 & macd>signal & funding<0,3,2,-0.01562390389933278,-0.3153125994112584,2,-0.01562390389933278,0,,0.0031917482738822566,-0.0010902514242868125,-
SOLUSDT,rsi<30 & macd_hist_up & <lower_bb,3,0,,,0,,0,,0.0031917482738822566,-0.0010902514242868125,-
SOLUSDT,rsi<30 & macd_hist_up & >upper_bb,3,0,,,0,,0,,0.0031917482738822566,-0.0010902514242868125,-
SOLUSDT,rsi<30 & macd_hist_up & stoch<20,3,11,0.01421581993127271,0.9919064383718091,7,0.014140292039583082,4,0.014347993741729563,0.0031917482738822566,-0.0010902514242868125,-
SOLUSDT,rsi<30 & macd_hist_up & dip>3%,3,5,0.0053262079622783415,0.2341282889057737,3,0.028066443456021262,2,-0.028784145278336042,0.0031917482738822566,-0.0010902514242868125,-
SOLUSDT,rsi<30 & macd_hist_up & pop>3%,3,3,0.025363402270291074,1.1001854214421873,1,,2,0.0023279817605921303,0.0031917482738822566,-0.0010902514242868125,-
SOLUSDT,rsi<30 & macd_hist_up & vol>1.5x,3,3,0.004921192671438629,1.4016231616181543,2,0.007013835382286636,1,,0.0031917482738822566,-0.0010902514242868125,-
SOLUSDT,rsi<30 & macd_hist_up & 20d_high,3,0,,,0,,0,,0.0031917482738822566,-0.0010902514242868125,-
SOLUSDT,rsi<30 & macd_hist_up & 20d_low,3,2,-0.013435913576206274,-0.4029157972165594,1,,1,,0.0031917482738822566,-0.0010902514242868125,-
SOLUSDT,rsi<30 & macd_hist_up & adx>25,3,25,0.013789239606142428,1.4535188901202976,12,0.02913194928066119,13,-0.0003732616318748855,0.0031917482738822566,-0.0010902514242868125,-
SOLUSDT,rsi<30 & macd_hist_up & btc>ema50,3,0,,,0,,0,,0.0031917482738822566,-0.0010902514242868125,-
SOLUSDT,rsi<30 & macd_hist_up & funding<0,3,23,0.013769802937963888,1.434748753691922,12,0.02913194928066119,11,-0.002988902163160441,0.0031917482738822566,-0.0010902514242868125,-
SOLUSDT,rsi<30 & <lower_bb & >upper_bb,3,0,,,0,,0,,0.0031917482738822566,-0.0010902514242868125,-
SOLUSDT,rsi<30 & <lower_bb & stoch<20,3,25,0.020408863062767995,0.6697932335031624,13,0.046102617816201064,12,-0.007426037920117836,0.0031917482738822566,-0.0010902514242868125,-
SOLUSDT,rsi<30 & <lower_bb & dip>3%,3,24,0.022232525643339357,0.7090915551420773,13,0.05180568194581043,11,-0.012717568168671912,0.0031917482738822566,-0.0010902514242868125,-
SOLUSDT,rsi<30 & <lower_bb & pop>3%,3,1,,,1,,0,,0.0031917482738822566,-0.0010902514242868125,-
SOLUSDT,rsi<30 & <lower_bb & vol>1.5x,3,22,0.0220376050761624,0.6446413984795921,13,0.053901801584549484,9,-0.023988456547063396,0.0031917482738822566,-0.0010902514242868125,-
SOLUSDT,rsi<30 & <lower_bb & 20d_high,3,0,,,0,,0,,0.0031917482738822566,-0.0010902514242868125,-
SOLUSDT,rsi<30 & <lower_bb & 20d_low,3,28,0.021445670659468556,0.7964141943872237,16,0.041969748071511964,12,-0.005919765889922665,0.0031917482738822566,-0.0010902514242868125,-
SOLUSDT,rsi<30 & <lower_bb & adx>25,3,25,-0.0104260449525655,-0.7109684962644133,12,-0.010508086191353664,13,-0.0103503145782995,0.0031917482738822566,-0.0010902514242868125,-
SOLUSDT,rsi<30 & <lower_bb & btc>ema50,3,0,,,0,,0,,0.0031917482738822566,-0.0010902514242868125,-
SOLUSDT,rsi<30 & <lower_bb & funding<0,3,25,0.024888741132734295,0.8448291145972948,14,0.046934608792733194,11,-0.0031696358890825112,0.0031917482738822566,-0.0010902514242868125,-
SOLUSDT,rsi<30 & >upper_bb & stoch<20,3,0,,,0,,0,,0.0031917482738822566,-0.0010902514242868125,-
SOLUSDT,rsi<30 & >upper_bb & dip>3%,3,0,,,0,,0,,0.0031917482738822566,-0.0010902514242868125,-
SOLUSDT,rsi<30 & >upper_bb & pop>3%,3,0,,,0,,0,,0.0031917482738822566,-0.0010902514242868125,-
SOLUSDT,rsi<30 & >upper_bb & vol>1.5x,3,0,,,0,,0,,0.0031917482738822566,-0.0010902514242868125,-
SOLUSDT,rsi<30 & >upper_bb & 20d_high,3,0,,,0,,0,,0.0031917482738822566,-0.0010902514242868125,-
SOLUSDT,rsi<30 & >upper_bb & 20d_low,3,0,,,0,,0,,0.0031917482738822566,-0.0010902514242868125,-
SOLUSDT,rsi<30 & >upper_bb & adx>25,3,0,,,0,,0,,0.0031917482738822566,-0.0010902514242868125,-
SOLUSDT,rsi<30 & >upper_bb & btc>ema50,3,0,,,0,,0,,0.0031917482738822566,-0.0010902514242868125,-
SOLUSDT,rsi<30 & >upper_bb & funding<0,3,0,,,0,,0,,0.0031917482738822566,-0.0010902514242868125,-
SOLUSDT,rsi<30 & stoch<20 & dip>3%,3,28,0.025032349208141975,0.9261529247903123,16,0.048859029755133565,12,-0.006736558187846817,0.0031917482738822566,-0.0010902514242868125,-
SOLUSDT,rsi<30 & stoch<20 & pop>3%,3,2,0.04690989856375516,0.37159582816070547,2,0.04690989856375516,0,,0.0031917482738822566,-0.0010902514242868125,-
SOLUSDT,rsi<30 & stoch<20 & vol>1.5x,3,19,0.03679447974542177,0.9166057245642596,11,0.0790499626918277,8,-0.02130680930588638,0.0031917482738822566,-0.0010902514242868125,-
SOLUSDT,rsi<30 & stoch<20 & 20d_high,3,0,,,0,,0,,0.0031917482738822566,-0.0010902514242868125,-
SOLUSDT,rsi<30 & stoch<20 & 20d_low,3,28,0.023524667124422072,0.8694971366462008,14,0.05124685253686807,14,-0.004197518288023938,0.0031917482738822566,-0.0010902514242868125,-
SOLUSDT,rsi<30 & stoch<20 & adx>25,3,37,0.0033761608480627958,0.28123298256243745,19,0.007527658648845762,18,-0.0010059757194303348,0.0031917482738822566,-0.0010902514242868125,-
SOLUSDT,rsi<30 & stoch<20 & btc>ema50,3,0,,,0,,0,,0.0031917482738822566,-0.0010902514242868125,-
SOLUSDT,rsi<30 & stoch<20 & funding<0,3,32,0.029251178243207665,1.2357687429564683,19,0.050276035630992276,13,-0.0014774594774006238,0.0031917482738822566,-0.0010902514242868125,-
SOLUSDT,rsi<30 & dip>3% & pop>3%,3,0,,,0,,0,,0.0031917482738822566,-0.0010902514242868125,-
SOLUSDT,rsi<30 & dip>3% & vol>1.5x,3,19,0.028359586539501963,0.7206649898397297,11,0.06283739584866238,8,-0.01904740126059363,0.0031917482738822566,-0.0010902514242868125,-
SOLUSDT,rsi<30 & dip>3% & 20d_high,3,0,,,0,,0,,0.0031917482738822566,-0.0010902514242868125,-
SOLUSDT,rsi<30 & dip>3% & 20d_low,3,27,0.020965759657490327,0.7478154767522881,14,0.04945398882020573,13,-0.009713871748510869,0.0031917482738822566,-0.0010902514242868125,-
SOLUSDT,rsi<30 & dip>3% & adx>25,3,28,-0.0053366292855632855,-0.400428349123339,13,0.0026479233301185683,15,-0.012256574885820892,0.0031917482738822566,-0.0010902514242868125,-
SOLUSDT,rsi<30 & dip>3% & btc>ema50,3,0,,,0,,0,,0.0031917482738822566,-0.0010902514242868125,-
SOLUSDT,rsi<30 & dip>3% & funding<0,3,27,0.023000498293293578,0.8423102239170056,14,0.06010377598008087,13,-0.016956877677092745,0.0031917482738822566,-0.0010902514242868125,-
SOLUSDT,rsi<30 & pop>3% & vol>1.5x,3,2,0.08694242014668391,1.0085365620880917,1,,1,,0.0031917482738822566,-0.0010902514242868125,-
SOLUSDT,rsi<30 & pop>3% & 20d_high,3,0,,,0,,0,,0.0031917482738822566,-0.0010902514242868125,-
SOLUSDT,rsi<30 & pop>3% & 20d_low,3,0,,,0,,0,,0.0031917482738822566,-0.0010902514242868125,-
SOLUSDT,rsi<30 & pop>3% & adx>25,3,5,0.033982000787676714,0.8052409853954198,3,0.05508468013906643,2,0.0023279817605921303,0.0031917482738822566,-0.0010902514242868125,-
SOLUSDT,rsi<30 & pop>3% & btc>ema50,3,0,,,0,,0,,0.0031917482738822566,-0.0010902514242868125,-
SOLUSDT,rsi<30 & pop>3% & funding<0,3,5,0.033982000787676714,0.8052409853954198,3,0.05508468013906643,2,0.0023279817605921303,0.0031917482738822566,-0.0010902514242868125,-
SOLUSDT,rsi<30 & vol>1.5x & 20d_high,3,0,,,0,,0,,0.0031917482738822566,-0.0010902514242868125,-
SOLUSDT,rsi<30 & vol>1.5x & 20d_low,3,21,0.026111629072114013,0.7334955658743847,13,0.053901801584549484,8,-0.01904740126059363,0.0031917482738822566,-0.0010902514242868125,-
SOLUSDT,rsi<30 & vol>1.5x & adx>25,3,22,8.604054934877588e-05,0.004884556545874335,12,0.018087757813291746,10,-0.021516020167382792,0.0031917482738822566,-0.0010902514242868125,-
SOLUSDT,rsi<30 & vol>1.5x & btc>ema50,3,0,,,0,,0,,0.0031917482738822566,-0.0010902514242868125,-
SOLUSDT,rsi<30 & vol>1.5x & funding<0,3,21,0.03987264796865181,1.1417838005525538,13,0.07329213186750232,8,-0.014434013366980258,0.0031917482738822566,-0.0010902514242868125,-
SOLUSDT,rsi<30 & 20d_high & 20d_low,3,0,,,0,,0,,0.0031917482738822566,-0.0010902514242868125,-
SOLUSDT,rsi<30 & 20d_high & adx>25,3,0,,,0,,0,,0.0031917482738822566,-0.0010902514242868125,-
SOLUSDT,rsi<30 & 20d_high & btc>ema50,3,0,,,0,,0,,0.0031917482738822566,-0.0010902514242868125,-
SOLUSDT,rsi<30 & 20d_high & funding<0,3,0,,,0,,0,,0.0031917482738822566,-0.0010902514242868125,-
SOLUSDT,rsi<30 & 20d_low & adx>25,3,29,-0.005165794206309469,-0.4024328142196195,14,-0.003257224391011424,15,-0.006947126033920974,0.0031917482738822566,-0.0010902514242868125,-
SOLUSDT,rsi<30 & 20d_low & btc>ema50,3,0,,,0,,0,,0.0031917482738822566,-0.0010902514242868125,-
SOLUSDT,rsi<30 & 20d_low & funding<0,3,28,0.02298447699468337,0.8757039642446802,16,0.0460987759950218,12,-0.007834588339101212,0.0031917482738822566,-0.0010902514242868125,-
SOLUSDT,rsi<30 & adx>25 & btc>ema50,3,0,,,0,,0,,0.0031917482738822566,-0.0010902514242868125,-
SOLUSDT,rsi<30 & adx>25 & funding<0,3,48,0.00741879859983801,0.8264734095548644,25,0.019319812666248156,23,-0.005517086254955625,0.0031917482738822566,-0.0010902514242868125,-
SOLUSDT,rsi<30 & btc>ema50 & funding<0,3,0,,,0,,0,,0.0031917482738822566,-0.0010902514242868125,-
SOLUSDT,rsi>70 & rsi50-70 & >ema20,3,0,,,0,,0,,0.0031917482738822566,-0.0010902514242868125,-
SOLUSDT,rsi>70 & rsi50-70 & >ema50,3,0,,,0,,0,,0.0031917482738822566,-0.0010902514242868125,-
SOLUSDT,rsi>70 & rsi50-70 & ema20>ema50,3,0,,,0,,0,,0.0031917482738822566,-0.0010902514242868125,-
SOLUSDT,rsi>70 & rsi50-70 & >sma200,3,0,,,0,,0,,0.0031917482738822566,-0.0010902514242868125,-
SOLUSDT,rsi>70 & rsi50-70 & macd>signal,3,0,,,0,,0,,0.0031917482738822566,-0.0010902514242868125,-
SOLUSDT,rsi>70 & rsi50-70 & macd_hist_up,3,0,,,0,,0,,0.0031917482738822566,-0.0010902514242868125,-
SOLUSDT,rsi>70 & rsi50-70 & <lower_bb,3,0,,,0,,0,,0.0031917482738822566,-0.0010902514242868125,-
SOLUSDT,rsi>70 & rsi50-70 & >upper_bb,3,0,,,0,,0,,0.0031917482738822566,-0.0010902514242868125,-
SOLUSDT,rsi>70 & rsi50-70 & stoch<20,3,0,,,0,,0,,0.0031917482738822566,-0.0010902514242868125,-
SOLUSDT,rsi>70 & rsi50-70 & dip>3%,3,0,,,0,,0,,0.0031917482738822566,-0.0010902514242868125,-
SOLUSDT,rsi>70 & rsi50-70 & pop>3%,3,0,,,0,,0,,0.0031917482738822566,-0.0010902514242868125,-
SOLUSDT,rsi>70 & rsi50-70 & vol>1.5x,3,0,,,0,,0,,0.0031917482738822566,-0.0010902514242868125,-
SOLUSDT,rsi>70 & rsi50-70 & 20d_high,3,0,,,0,,0,,0.0031917482738822566,-0.0010902514242868125,-
SOLUSDT,rsi>70 & rsi50-70 & 20d_low,3,0,,,0,,0,,0.0031917482738822566,-0.0010902514242868125,-
SOLUSDT,rsi>70 & rsi50-70 & adx>25,3,0,,,0,,0,,0.0031917482738822566,-0.0010902514242868125,-
SOLUSDT,rsi>70 & rsi50-70 & btc>ema50,3,0,,,0,,0,,0.0031917482738822566,-0.0010902514242868125,-
SOLUSDT,rsi>70 & rsi50-70 & funding<0,3,0,,,0,,0,,0.0031917482738822566,-0.0010902514242868125,-
SOLUSDT,rsi>70 & >ema20 & >ema50,3,180,0.012068510816462128,2.207834930620554,139,0.01486223146464166,41,0.002597116423853466,0.0031917482738822566,-0.0010902514242868125,-
SOLUSDT,rsi>70 & >ema20 & ema20>ema50,3,171,0.009440110050689664,1.7496918719799948,130,0.011598284963768773,41,0.002597116423853466,0.0031917482738822566,-0.0010902514242868125,-
SOLUSDT,rsi>70 & >ema20 & >sma200,3,158,0.011430300082921398,1.9943113212467516,124,0.014369329481851875,34,0.0007114869809396611,0.0031917482738822566,-0.0010902514242868125,-
SOLUSDT,rsi>70 & >ema20 & macd>signal,3,179,0.012281723866108433,2.236024822814552,138,0.015159034772865343,41,0.002597116423853466,0.0031917482738822566,-0.0010902514242868125,-
SOLUSDT,rsi>70 & >ema20 & macd_hist_up,3,122,0.0136775888273812,1.9709960508667599,90,0.017886087511190214,32,0.0018411862791683576,0.0031917482738822566,-0.0010902514242868125,-
SOLUSDT,rsi>70 & >ema20 & <lower_bb,3,0,,,0,,0,,0.0031917482738822566,-0.0010902514242868125,-
SOLUSDT,rsi>70 & >ema20 & >upper_bb,3,93,0.007489907273156375,0.9637355116309636,67,0.011493966025267095,26,-0.0028282441265135598,0.0031917482738822566,-0.0010902514242868125,-
SOLUSDT,rsi>70 & >ema20 & stoch<20,3,0,,,0,,0,,0.0031917482738822566,-0.0010902514242868125,-
SOLUSDT,rsi>70 & >ema20 & dip>3%,3,16,0.007639051226544107,0.5433705725168517,15,0.00728659957600503,1,,0.0031917482738822566,-0.0010902514242868125,-
SOLUSDT,rsi>70 & >ema20 & pop>3%,3,90,0.012233321662268606,1.3113794008733881,71,0.0168156244931519,19,-0.004890020495242637,0.0031917482738822566,-0.0010902514242868125,-
SOLUSDT,rsi>70 & >ema20 & vol>1.5x,3,94,0.016328962888447523,2.0012665565828827,69,0.018823247496490992,25,0.009444737370247558,0.0031917482738822566,-0.0010902514242868125,-
SOLUSDT,rsi>70 & >ema20 & 20d_high,3,118,0.015715008249012747,2.198442797842982,87,0.020690435061330257,31,0.001751713646702323,0.0031917482738822566,-0.0010902514242868125,-
SOLUSDT,rsi>70 & >ema20 & 20d_low,3,0,,,0,,0,,0.0031917482738822566,-0.0010902514242868125,-
SOLUSDT,rsi>70 & >ema20 & adx>25,3,139,0.012881684620288082,1.8869638748355642,115,0.015497879338094421,24,0.00034575159746602575,0.0031917482738822566,-0.0010902514242868125,-
SOLUSDT,rsi>70 & >ema20 & btc>ema50,3,170,0.013902940121731428,2.7524724551762225,129,0.01749626393268489,41,0.002597116423853466,0.0031917482738822566,-0.0010902514242868125,WEAK
SOLUSDT,rsi>70 & >ema20 & funding<0,3,13,0.04484025418955476,1.6899697990564828,11,0.05109087322207884,2,0.010461849510672284,0.0031917482738822566,-0.0010902514242868125,-
SOLUSDT,rsi>70 & >ema50 & ema20>ema50,3,171,0.009440110050689664,1.7496918719799948,130,0.011598284963768773,41,0.002597116423853466,0.0031917482738822566,-0.0010902514242868125,-
SOLUSDT,rsi>70 & >ema50 & >sma200,3,158,0.011430300082921398,1.9943113212467516,124,0.014369329481851875,34,0.0007114869809396611,0.0031917482738822566,-0.0010902514242868125,-
SOLUSDT,rsi>70 & >ema50 & macd>signal,3,179,0.012281723866108433,2.236024822814552,138,0.015159034772865343,41,0.002597116423853466,0.0031917482738822566,-0.0010902514242868125,-
SOLUSDT,rsi>70 & >ema50 & macd_hist_up,3,122,0.0136775888273812,1.9709960508667599,90,0.017886087511190214,32,0.0018411862791683576,0.0031917482738822566,-0.0010902514242868125,-
SOLUSDT,rsi>70 & >ema50 & <lower_bb,3,0,,,0,,0,,0.0031917482738822566,-0.0010902514242868125,-
SOLUSDT,rsi>70 & >ema50 & >upper_bb,3,93,0.007489907273156375,0.9637355116309636,67,0.011493966025267095,26,-0.0028282441265135598,0.0031917482738822566,-0.0010902514242868125,-
SOLUSDT,rsi>70 & >ema50 & stoch<20,3,0,,,0,,0,,0.0031917482738822566,-0.0010902514242868125,-
SOLUSDT,rsi>70 & >ema50 & dip>3%,3,16,0.007639051226544107,0.5433705725168517,15,0.00728659957600503,1,,0.0031917482738822566,-0.0010902514242868125,-
SOLUSDT,rsi>70 & >ema50 & pop>3%,3,90,0.012233321662268606,1.3113794008733881,71,0.0168156244931519,19,-0.004890020495242637,0.0031917482738822566,-0.0010902514242868125,-
SOLUSDT,rsi>70 & >ema50 & vol>1.5x,3,94,0.016328962888447523,2.0012665565828827,69,0.018823247496490992,25,0.009444737370247558,0.0031917482738822566,-0.0010902514242868125,-
SOLUSDT,rsi>70 & >ema50 & 20d_high,3,118,0.015715008249012747,2.198442797842982,87,0.020690435061330257,31,0.001751713646702323,0.0031917482738822566,-0.0010902514242868125,-
SOLUSDT,rsi>70 & >ema50 & 20d_low,3,0,,,0,,0,,0.0031917482738822566,-0.0010902514242868125,-
SOLUSDT,rsi>70 & >ema50 & adx>25,3,139,0.012881684620288082,1.8869638748355642,115,0.015497879338094421,24,0.00034575159746602575,0.0031917482738822566,-0.0010902514242868125,-
SOLUSDT,rsi>70 & >ema50 & btc>ema50,3,170,0.013902940121731428,2.7524724551762225,129,0.01749626393268489,41,0.002597116423853466,0.0031917482738822566,-0.0010902514242868125,WEAK
SOLUSDT,rsi>70 & >ema50 & funding<0,3,13,0.04484025418955476,1.6899697990564828,11,0.05109087322207884,2,0.010461849510672284,0.0031917482738822566,-0.0010902514242868125,-
SOLUSDT,rsi>70 & ema20>ema50 & >sma200,3,156,0.011663331470000409,2.0105715299027165,122,0.014715484852197667,34,0.0007114869809396611,0.0031917482738822566,-0.0010902514242868125,-
SOLUSDT,rsi>70 & ema20>ema50 & macd>signal,3,170,0.009649149669047995,1.7792831836992216,129,0.011890493568683465,41,0.002597116423853466,0.0031917482738822566,-0.0010902514242868125,-
SOLUSDT,rsi>70 & ema20>ema50 & macd_hist_up,3,114,0.010637417859072011,1.5538468163525865,82,0.014070093597571,32,0.0018411862791683576,0.0031917482738822566,-0.0010902514242868125,-
SOLUSDT,rsi>70 & ema20>ema50 & <lower_bb,3,0,,,0,,0,,0.0031917482738822566,-0.0010902514242868125,-
SOLUSDT,rsi>70 & ema20>ema50 & >upper_bb,3,86,0.002951498755703429,0.3968445542919747,60,0.005456054004664126,26,-0.0028282441265135598,0.0031917482738822566,-0.0010902514242868125,-
SOLUSDT,rsi>70 & ema20>ema50 & stoch<20,3,0,,,0,,0,,0.0031917482738822566,-0.0010902514242868125,-
SOLUSDT,rsi>70 & ema20>ema50 & dip>3%,3,16,0.007639051226544107,0.5433705725168517,15,0.00728659957600503,1,,0.0031917482738822566,-0.0010902514242868125,-
SOLUSDT,rsi>70 & ema20>ema50 & pop>3%,3,86,0.008229442209632034,0.9168225239575528,67,0.011949886857283059,19,-0.004890020495242637,0.0031917482738822566,-0.0010902514242868125,-
SOLUSDT,rsi>70 & ema20>ema50 & vol>1.5x,3,89,0.016032032491105484,1.8733220515561197,64,0.01860519464769062,25,0.009444737370247558,0.0031917482738822566,-0.0010902514242868125,-
SOLUSDT,rsi>70 & ema20>ema50 & 20d_high,3,111,0.011838273345612745,1.7005702702181882,80,0.015746815228940537,31,0.001751713646702323,0.0031917482738822566,-0.0010902514242868125,-
SOLUSDT,rsi>70 & ema20>ema50 & 20d_low,3,0,,,0,,0,,0.0031917482738822566,-0.0010902514242868125,-
SOLUSDT,rsi>70 & ema20>ema50 & adx>25,3,133,0.009876318019057943,1.4759584987731698,109,0.011974791359591945,24,0.00034575159746602575,0.0031917482738822566,-0.0010902514242868125,-
SOLUSDT,rsi>70 & ema20>ema50 & btc>ema50,3,161,0.011213830387572003,2.289234685245072,120,0.014157874325175837,41,0.002597116423853466,0.0031917482738822566,-0.0010902514242868125,-
SOLUSDT,rsi>70 & ema20>ema50 & funding<0,3,8,0.021109662354323218,1.2892778143031374,6,0.024658933302206865,2,0.010461849510672284,0.0031917482738822566,-0.0010902514242868125,-
SOLUSDT,rsi>70 & >sma200 & macd>signal,3,157,0.011669325083896861,2.0248498059671647,123,0.014698320982275274,34,0.0007114869809396611,0.0031917482738822566,-0.0010902514242868125,-
SOLUSDT,rsi>70 & >sma200 & macd_hist_up,3,105,0.01246241847878716,1.6989724207131227,79,0.016184001036017137,26,0.0011545330164345312,0.0031917482738822566,-0.0010902514242868125,-
SOLUSDT,rsi>70 & >sma200 & <lower_bb,3,0,,,0,,0,,0.0031917482738822566,-0.0010902514242868125,-
SOLUSDT,rsi>70 & >sma200 & >upper_bb,3,79,0.003517431849667125,0.43990092427589433,59,0.006445958744392289,20,-0.005121722489772108,0.0031917482738822566,-0.0010902514242868125,-
SOLUSDT,rsi>70 & >sma200 & stoch<20,3,0,,,0,,0,,0.0031917482738822566,-0.0010902514242868125,-
SOLUSDT,rsi>70 & >sma200 & dip>3%,3,12,0.020238558236084902,1.2937053339996125,11,0.020903352077126233,1,,0.0031917482738822566,-0.0010902514242868125,-
SOLUSDT,rsi>70 & >sma200 & pop>3%,3,80,0.009585031807997144,1.002877404899602,64,0.014764982121342978,16,-0.011134769445386192,0.0031917482738822566,-0.0010902514242868125,-
SOLUSDT,rsi>70 & >sma200 & vol>1.5x,3,83,0.01651435194142198,1.8175222158258102,63,0.019687998967268618,20,0.006517363810005073,0.0031917482738822566,-0.0010902514242868125,-
SOLUSDT,rsi>70 & >sma200 & 20d_high,3,104,0.01347248879908101,1.8349262374014113,78,0.017578474059963167,26,0.0011545330164345312,0.0031917482738822566,-0.0010902514242868125,-
SOLUSDT,rsi>70 & >sma200 & 20d_low,3,0,,,0,,0,,0.0031917482738822566,-0.0010902514242868125,-
SOLUSDT,rsi>70 & >sma200 & adx>25,3,124,0.012481220078168768,1.7700254685502543,101,0.015769944206670262,23,-0.001960568486120408,0.0031917482738822566,-0.0010902514242868125,-
SOLUSDT,rsi>70 & >sma200 & btc>ema50,3,148,0.0134942924785996,2.6012583944775862,114,0.01730670815334028,34,0.0007114869809396611,0.0031917482738822566,-0.0010902514242868125,WEAK
SOLUSDT,rsi>70 & >sma200 & funding<0,3,8,0.01729020433199946,1.0033132236487887,7,0.0179136869530522,1,,0.0031917482738822566,-0.0010902514242868125,-
SOLUSDT,rsi>70 & macd>signal & macd_hist_up,3,121,0.014006301338931675,2.0040020750780503,89,0.01838027529300388,32,0.0018411862791683576,0.0031917482738822566,-0.0010902514242868125,-
SOLUSDT,rsi>70 & macd>signal & <lower_bb,3,0,,,0,,0,,0.0031917482738822566,-0.0010902514242868125,-
SOLUSDT,rsi>70 & macd>signal & >upper_bb,3,92,0.007854978276888793,1.000887605203104,66,0.012063520435804874,26,-0.0028282441265135598,0.0031917482738822566,-0.0010902514242868125,-
SOLUSDT,rsi>70 & macd>signal & stoch<20,3,0,,,0,,0,,0.0031917482738822566,-0.0010902514242868125,-
SOLUSDT,rsi>70 & macd>signal & dip>3%,3,16,0.007639051226544107,0.5433705725168517,15,0.00728659957600503,1,,0.0031917482738822566,-0.0010902514242868125,-
SOLUSDT,rsi>70 & macd>signal & pop>3%,3,89,0.01266399522106068,1.3438107238741595,70,0.01742865662977158,19,-0.004890020495242637,0.0031917482738822566,-0.0010902514242868125,-
SOLUSDT,rsi>70 & macd>signal & vol>1.5x,3,93,0.016785152006282725,2.0383626675596296,68,0.019483833857766246,25,0.009444737370247558,0.0031917482738822566,-0.0010902514242868125,-
SOLUSDT,rsi>70 & macd>signal & 20d_high,3,117,0.016072372636356674,2.232091237822003,86,0.021234470644255335,31,0.001751713646702323,0.0031917482738822566,-0.0010902514242868125,-
SOLUSDT,rsi>70 & macd>signal & 20d_low,3,0,,,0,,0,,0.0031917482738822566,-0.0010902514242868125,-
SOLUSDT,rsi>70 & macd>signal & adx>25,3,138,0.013164136139784566,1.9160560865187009,114,0.015862743411851624,24,0.00034575159746602575,0.0031917482738822566,-0.0010902514242868125,-
SOLUSDT,rsi>70 & macd>signal & btc>ema50,3,169,0.014139623939435322,2.7858753414605144,128,0.017836833378020132,41,0.002597116423853466,0.0031917482738822566,-0.0010902514242868125,WEAK
SOLUSDT,rsi>70 & macd>signal & funding<0,3,13,0.04484025418955476,1.6899697990564828,11,0.05109087322207884,2,0.010461849510672284,0.0031917482738822566,-0.0010902514242868125,-
SOLUSDT,rsi>70 & macd_hist_up & <lower_bb,3,0,,,0,,0,,0.0031917482738822566,-0.0010902514242868125,-
SOLUSDT,rsi>70 & macd_hist_up & >upper_bb,3,93,0.007489907273156375,0.9637355116309636,67,0.011493966025267095,26,-0.0028282441265135598,0.0031917482738822566,-0.0010902514242868125,-
SOLUSDT,rsi>70 & macd_hist_up & stoch<20,3,0,,,0,,0,,0.0031917482738822566,-0.0010902514242868125,-
SOLUSDT,rsi>70 & macd_hist_up & dip>3%,3,2,0.06066164984913827,1.8916493874361942,2,0.06066164984913827,0,,0.0031917482738822566,-0.0010902514242868125,-
SOLUSDT,rsi>70 & macd_hist_up & pop>3%,3,81,0.012076256759213373,1.2353358298130919,62,0.017275599788804732,19,-0.004890020495242637,0.0031917482738822566,-0.0010902514242868125,-
SOLUSDT,rsi>70 & macd_hist_up & vol>1.5x,3,82,0.014597592145998987,1.697049796423945,61,0.017289997184744325,21,0.006776796557262513,0.0031917482738822566,-0.0010902514242868125,-
SOLUSDT,rsi>70 & macd_hist_up & 20d_high,3,106,0.0125541827097986,1.6508272885719375,75,0.0170192032558784,31,0.001751713646702323,0.0031917482738822566,-0.0010902514242868125,-
SOLUSDT,rsi>70 & macd_hist_up & 20d_low,3,0,,,0,,0,,0.0031917482738822566,-0.0010902514242868125,-
SOLUSDT,rsi>70 & macd_hist_up & adx>25,3,85,0.0165422801982949,1.738910255148175,70,0.02064799415657838,15,-0.002617718273694669,0.0031917482738822566,-0.0010902514242868125,-
SOLUSDT,rsi>70 & macd_hist_up & btc>ema50,3,116,0.01478018720321244,2.4310890327719252,84,0.019709330412372095,32,0.0018411862791683576,0.0031917482738822566,-0.0010902514242868125,WEAK
SOLUSDT,rsi>70 & macd_hist_up & funding<0,3,11,0.042538595562784394,1.3737534018997868,10,0.04599266781539141,1,,0.0031917482738822566,-0.0010902514242868125,-
SOLUSDT,rsi>70 & <lower_bb & >upper_bb,3,0,,,0,,0,,0.0031917482738822566,-0.0010902514242868125,-
SOLUSDT,rsi>70 & <lower_bb & stoch<20,3,0,,,0,,0,,0.0031917482738822566,-0.0010902514242868125,-
SOLUSDT,rsi>70 & <lower_bb & dip>3%,3,0,,,0,,0,,0.0031917482738822566,-0.0010902514242868125,-
SOLUSDT,rsi>70 & <lower_bb & pop>3%,3,0,,,0,,0,,0.0031917482738822566,-0.0010902514242868125,-
SOLUSDT,rsi>70 & <lower_bb & vol>1.5x,3,0,,,0,,0,,0.0031917482738822566,-0.0010902514242868125,-
SOLUSDT,rsi>70 & <lower_bb & 20d_high,3,0,,,0,,0,,0.0031917482738822566,-0.0010902514242868125,-
SOLUSDT,rsi>70 & <lower_bb & 20d_low,3,0,,,0,,0,,0.0031917482738822566,-0.0010902514242868125,-
SOLUSDT,rsi>70 & <lower_bb & adx>25,3,0,,,0,,0,,0.0031917482738822566,-0.0010902514242868125,-
SOLUSDT,rsi>70 & <lower_bb & btc>ema50,3,0,,,0,,0,,0.0031917482738822566,-0.0010902514242868125,-
SOLUSDT,rsi>70 & <lower_bb & funding<0,3,0,,,0,,0,,0.0031917482738822566,-0.0010902514242868125,-
SOLUSDT,rsi>70 & >upper_bb & stoch<20,3,0,,,0,,0,,0.0031917482738822566,-0.0010902514242868125,-
SOLUSDT,rsi>70 & >upper_bb & dip>3%,3,2,0.06066164984913827,1.8916493874361942,2,0.06066164984913827,0,,0.0031917482738822566,-0.0010902514242868125,-
SOLUSDT,rsi>70 & >upper_bb & pop>3%,3,66,0.004085706315206301,0.38687323793943657,50,0.008771655948847741,16,-0.010557886289923196,0.0031917482738822566,-0.0010902514242868125,-
SOLUSDT,rsi>70 & >upper_bb & vol>1.5x,3,69,0.007781652869005754,0.8768193439875066,51,0.009421445357488198,18,0.003135574151638815,0.0031917482738822566,-0.0010902514242868125,-
SOLUSDT,rsi>70 & >upper_bb & 20d_high,3,84,0.006474960521956419,0.7685532408846675,59,0.010543150322361137,25,-0.0031259674069987198,0.0031917482738822566,-0.0010902514242868125,-
SOLUSDT,rsi>70 & >upper_bb & 20d_low,3,0,,,0,,0,,0.0031917482738822566,-0.0010902514242868125,-
SOLUSDT,rsi>70 & >upper_bb & adx>25,3,61,0.009291676072122586,0.8164405001699606,52,0.01420212159091611,9,-0.019079786925351113,0.0031917482738822566,-0.0010902514242868125,-
SOLUSDT,rsi>70 & >upper_bb & btc>ema50,3,88,0.010607023606007147,1.6075783207625998,62,0.016241168138999697,26,-0.0028282441265135598,0.0031917482738822566,-0.0010902514242868125,-
SOLUSDT,rsi>70 & >upper_bb & funding<0,3,10,0.0454656833597379,1.334084463175682,9,0.049628773395629405,1,,0.0031917482738822566,-0.0010902514242868125,-
SOLUSDT,rsi>70 & stoch<20 & dip>3%,3,0,,,0,,0,,0.0031917482738822566,-0.0010902514242868125,-
SOLUSDT,rsi>70 & stoch<20 & pop>3%,3,0,,,0,,0,,0.0031917482738822566,-0.0010902514242868125,-
SOLUSDT,rsi>70 & stoch<20 & vol>1.5x,3,0,,,0,,0,,0.0031917482738822566,-0.0010902514242868125,-
SOLUSDT,rsi>70 & stoch<20 & 20d_high,3,0,,,0,,0,,0.0031917482738822566,-0.0010902514242868125,-
SOLUSDT,rsi>70 & stoch<20 & 20d_low,3,0,,,0,,0,,0.0031917482738822566,-0.0010902514242868125,-
SOLUSDT,rsi>70 & stoch<20 & adx>25,3,0,,,0,,0,,0.0031917482738822566,-0.0010902514242868125,-
SOLUSDT,rsi>70 & stoch<20 & btc>ema50,3,0,,,0,,0,,0.0031917482738822566,-0.0010902514242868125,-
SOLUSDT,rsi>70 & stoch<20 & funding<0,3,0,,,0,,0,,0.0031917482738822566,-0.0010902514242868125,-
SOLUSDT,rsi>70 & dip>3% & pop>3%,3,0,,,0,,0,,0.0031917482738822566,-0.0010902514242868125,-
SOLUSDT,rsi>70 & dip>3% & vol>1.5x,3,7,0.033759522615637715,1.5522552444964297,6,0.03723180538747229,1,,0.0031917482738822566,-0.0010902514242868125,-
SOLUSDT,rsi>70 & dip>3% & 20d_high,3,0,,,0,,0,,0.0031917482738822566,-0.0010902514242868125,-
SOLUSDT,rsi>70 & dip>3% & 20d_low,3,0,,,0,,0,,0.0031917482738822566,-0.0010902514242868125,-
SOLUSDT,rsi>70 & dip>3% & adx>25,3,16,0.007639051226544107,0.5433705725168517,15,0.00728659957600503,1,,0.0031917482738822566,-0.0010902514242868125,-
SOLUSDT,rsi>70 & dip>3% & btc>ema50,3,13,0.004126178491127882,0.2604921826332184,12,0.0033928745333360166,1,,0.0031917482738822566,-0.0010902514242868125,-
SOLUSDT,rsi>70 & dip>3% & funding<0,3,1,,,0,,1,,0.0031917482738822566,-0.0010902514242868125,-
SOLUSDT,rsi>70 & pop>3% & vol>1.5x,3,60,0.017827923006976984,1.5153334688338358,46,0.023613771815107366,14,-0.001182723076880002,0.0031917482738822566,-0.0010902514242868125,-
SOLUSDT,rsi>70 & pop>3% & 20d_high,3,83,0.015889036510739245,1.648619283402113,64,0.022057819059390117,19,-0.004890020495242637,0.0031917482738822566,-0.0010902514242868125,-
SOLUSDT,rsi>70 & pop>3% & 20d_low,3,0,,,0,,0,,0.0031917482738822566,-0.0010902514242868125,-
SOLUSDT,rsi>70 & pop>3% & adx>25,3,71,0.013438727243780934,1.1637757980606227,61,0.017588925544948307,10,-0.011877482393340019,0.0031917482738822566,-0.0010902514242868125,-
SOLUSDT,rsi>70 & pop>3% & btc>ema50,3,84,0.015420434896197948,1.8570057893834642,65,0.02135733724138828,19,-0.004890020495242637,0.0031917482738822566,-0.0010902514242868125,-
SOLUSDT,rsi>70 & pop>3% & funding<0,3,8,0.04732922178082977,1.1355307242405999,7,0.05294798588713199,1,,0.0031917482738822566,-0.0010902514242868125,-
SOLUSDT,rsi>70 & vol>1.5x & 20d_high,3,72,0.017027802951921047,1.7581271043980122,51,0.021248805585015736,21,0.006776796557262513,0.0031917482738822566,-0.0010902514242868125,-
SOLUSDT,rsi>70 & vol>1.5x & 20d_low,3,0,,,0,,0,,0.0031917482738822566,-0.0010902514242868125,-
SOLUSDT,rsi>70 & vol>1.5x & adx>25,3,72,0.016824810774644018,1.6267517843284354,59,0.019496217505349567,13,0.004700734073749602,0.0031917482738822566,-0.0010902514242868125,-
SOLUSDT,rsi>70 & vol>1.5x & btc>ema50,3,87,0.018395936912409705,2.6448937940947714,62,0.02200529156650735,25,0.009444737370247558,0.0031917482738822566,-0.0010902514242868125,-
SOLUSDT,rsi>70 & vol>1.5x & funding<0,3,9,0.004887597573292091,0.4285719861972713,7,0.0032949541626120377,2,0.010461849510672284,0.0031917482738822566,-0.0010902514242868125,-
SOLUSDT,rsi>70 & 20d_high & 20d_low,3,0,,,0,,0,,0.0031917482738822566,-0.0010902514242868125,-
SOLUSDT,rsi>70 & 20d_high & adx>25,3,83,0.019245182681478585,1.9774309151666114,68,0.024067881421590335,15,-0.002617718273694669,0.0031917482738822566,-0.0010902514242868125,-
SOLUSDT,rsi>70 & 20d_high & btc>ema50,3,113,0.01763660732130152,2.8264728487230553,82,0.02364187200316219,31,0.001751713646702323,0.0031917482738822566,-0.0010902514242868125,WEAK
SOLUSDT,rsi>70 & 20d_high & funding<0,3,10,0.049397441912884074,1.4716576301731152,9,0.053997394010236274,1,,0.0031917482738822566,-0.0010902514242868125,-
SOLUSDT,rsi>70 & 20d_low & adx>25,3,0,,,0,,0,,0.0031917482738822566,-0.0010902514242868125,-
SOLUSDT,rsi>70 & 20d_low & btc>ema50,3,0,,,0,,0,,0.0031917482738822566,-0.0010902514242868125,-
SOLUSDT,rsi>70 & 20d_low & funding<0,3,0,,,0,,0,,0.0031917482738822566,-0.0010902514242868125,-
SOLUSDT,rsi>70 & adx>25 & btc>ema50,3,129,0.015362186325203123,2.4234570839341423,105,0.0187945142629716,24,0.00034575159746602575,0.0031917482738822566,-0.0010902514242868125,-
SOLUSDT,rsi>70 & adx>25 & funding<0,3,10,0.0619078582385012,1.8896487922477296,9,0.06735030626670908,1,,0.0031917482738822566,-0.0010902514242868125,-
SOLUSDT,rsi>70 & btc>ema50 & funding<0,3,13,0.04484025418955476,1.6899697990564828,11,0.05109087322207884,2,0.010461849510672284,0.0031917482738822566,-0.0010902514242868125,-
SOLUSDT,rsi50-70 & >ema20 & >ema50,3,629,0.0014880872746435689,0.7513395157581324,333,0.003581994043062693,296,-0.0008675578398279456,0.0031917482738822566,-0.0010902514242868125,-
SOLUSDT,rsi50-70 & >ema20 & ema20>ema50,3,476,0.0012274972983550916,0.5308937824600678,267,0.004540924707983781,209,-0.0030054458517447167,0.0031917482738822566,-0.0010902514242868125,-
SOLUSDT,rsi50-70 & >ema20 & >sma200,3,450,0.003037818573426504,1.2454981416854305,258,0.006420129051603766,192,-0.0015071611316241898,0.0031917482738822566,-0.0010902514242868125,-
SOLUSDT,rsi50-70 & >ema20 & macd>signal,3,505,0.001514581212935168,0.7356200829811802,251,0.0040954842503645,254,-0.001035838717752873,0.0031917482738822566,-0.0010902514242868125,-
SOLUSDT,rsi50-70 & >ema20 & macd_hist_up,3,389,0.00024925932438355007,0.104350065703191,209,0.0017831922728063802,180,-0.0015318072657296245,0.0031917482738822566,-0.0010902514242868125,-
SOLUSDT,rsi50-70 & >ema20 & <lower_bb,3,0,,,0,,0,,0.0031917482738822566,-0.0010902514242868125,-
SOLUSDT,rsi50-70 & >ema20 & >upper_bb,3,74,0.007147153947284061,1.3399954263169902,32,0.014350032564832853,42,0.0016592464291516472,0.0031917482738822566,-0.0010902514242868125,-
SOLUSDT,rsi50-70 & >ema20 & stoch<20,3,4,-0.054714795475500816,-1.9733555330290773,1,,3,-0.03338358312972833,0.0031917482738822566,-0.0010902514242868125,-
SOLUSDT,rsi50-70 & >ema20 & dip>3%,3,102,0.0044289701925692634,0.9659041856760628,64,0.007677392622083971,38,-0.0010420570571397182,0.0031917482738822566,-0.0010902514242868125,-
SOLUSDT,rsi50-70 & >ema20 & pop>3%,3,223,0.0014825035233091575,0.43729950082564084,130,0.001958211750155689,93,0.0008175350341688466,0.0031917482738822566,-0.0010902514242868125,-
SOLUSDT,rsi50-70 & >ema20 & vol>1.5x,3,92,0.004601949059440087,0.7208590263296298,48,0.009259430538027151,44,-0.0004789398262912542,0.0031917482738822566,-0.0010902514242868125,-
SOLUSDT,rsi50-70 & >ema20 & 20d_high,3,132,0.005882770721656413,1.3253422556091499,63,0.008865334383984078,69,0.003159560421270284,0.0031917482738822566,-0.0010902514242868125,-
SOLUSDT,rsi50-70 & >ema20 & 20d_low,3,0,,,0,,0,,0.0031917482738822566,-0.0010902514242868125,-
SOLUSDT,rsi50-70 & >ema20 & adx>25,3,296,-0.00010069493325501408,-0.030736364171641353,167,0.006394599574401163,129,-0.008509332009057973,0.0031917482738822566,-0.0010902514242868125,-
SOLUSDT,rsi50-70 & >ema20 & btc>ema50,3,569,0.0035308596418457444,1.7458975339216667,300,0.007001871454243243,269,-0.000340157249303882,0.0031917482738822566,-0.0010902514242868125,-
SOLUSDT,rsi50-70 & >ema20 & funding<0,3,98,0.002901785146177991,0.7543817032838399,37,0.0066120601095550815,61,0.0006512904962607424,0.0031917482738822566,-0.0010902514242868125,-
SOLUSDT,rsi50-70 & >ema50 & ema20>ema50,3,516,0.0015663202003293126,0.7112972187402294,289,0.004126082613467771,227,-0.0016925843697015869,0.0031917482738822566,-0.0010902514242868125,-
SOLUSDT,rsi50-70 & >ema50 & >sma200,3,470,0.0035385775689938865,1.4823406349082542,267,0.006038095664272883,203,0.00025103406436584655,0.0031917482738822566,-0.0010902514242868125,-
SOLUSDT,rsi50-70 & >ema50 & macd>signal,3,417,0.0024785018003847703,1.0785055736086886,208,0.004894738164673349,209,7.382637563824259e-05,0.0031917482738822566,-0.0010902514242868125,-
SOLUSDT,rsi50-70 & >ema50 & macd_hist_up,3,318,0.0011323715095831828,0.4223881845181364,168,0.0014306425257675306,150,0.000798307971456714,0.0031917482738822566,-0.0010902514242868125,-
SOLUSDT,rsi50-70 & >ema50 & <lower_bb,3,0,,,0,,0,,0.0031917482738822566,-0.0010902514242868125,-
SOLUSDT,rsi50-70 & >ema50 & >upper_bb,3,67,0.005227155282257928,0.9146017878567226,30,0.011161734032183198,37,0.0004153346742104135,0.0031917482738822566,-0.0010902514242868125,-
SOLUSDT,rsi50-70 & >ema50 & stoch<20,3,14,0.0035877122923114496,0.1976776315922767,6,-0.017422192883522685,8,0.01934514117418705,0.0031917482738822566,-0.0010902514242868125,-
SOLUSDT,rsi50-70 & >ema50 & dip>3%,3,113,0.005040692990861363,1.1524915381178642,72,0.006171859158954765,41,0.0030542548420144124,0.0031917482738822566,-0.0010902514242868125,-
SOLUSDT,rsi50-70 & >ema50 & pop>3%,3,193,0.0014847797245739005,0.41026306116696143,114,-0.0010264004620875687,79,0.005108508095199314,0.0031917482738822566,-0.0010902514242868125,-
SOLUSDT,rsi50-70 & >ema50 & vol>1.5x,3,83,0.007862300587725895,1.1922012782604485,43,0.00839855790610972,40,0.007285823970463281,0.0031917482738822566,-0.0010902514242868125,-
SOLUSDT,rsi50-70 & >ema50 & 20d_high,3,116,0.006591028191389805,1.339348340329483,55,0.009587646057266063,61,0.003889159623796459,0.0031917482738822566,-0.0010902514242868125,-
SOLUSDT,rsi50-70 & >ema50 & 20d_low,3,0,,,0,,0,,0.0031917482738822566,-0.0010902514242868125,-
SOLUSDT,rsi50-70 & >ema50 & adx>25,3,297,0.0018780594301249685,0.5837976294490523,165,0.006889438646662017,132,-0.0043861645905463416,0.0031917482738822566,-0.0010902514242868125,-
SOLUSDT,rsi50-70 & >ema50 & btc>ema50,3,562,0.0033590011878264193,1.6360167464211308,295,0.0061566901942404825,267,0.0002679215739981466,0.0031917482738822566,-0.0010902514242868125,-
SOLUSDT,rsi50-70 & >ema50 & funding<0,3,76,0.0014974090402901541,0.33369572269519887,29,0.004388516492770341,47,-0.0002864657708146417,0.0031917482738822566,-0.0010902514242868125,-
SOLUSDT,rsi50-70 & ema20>ema50 & >sma200,3,427,0.0032848180683900607,1.336075048325038,248,0.0064280551816863615,179,-0.0010700579321545358,0.0031917482738822566,-0.0010902514242868125,-
SOLUSDT,rsi50-70 & ema20>ema50 & macd>signal,3,269,0.002381079504241221,0.8394534340580354,143,0.00694128064143395,126,-0.002794386865747355,0.0031917482738822566,-0.0010902514242868125,-
SOLUSDT,rsi50-70 & ema20>ema50 & macd_hist_up,3,201,0.00043967286300814406,0.1323900999778955,117,0.001845363613946123,84,-0.0015182535400840409,0.0031917482738822566,-0.0010902514242868125,-
SOLUSDT,rsi50-70 & ema20>ema50 & <lower_bb,3,0,,,0,,0,,0.0031917482738822566,-0.0010902514242868125,-
SOLUSDT,rsi50-70 & ema20>ema50 & >upper_bb,3,31,0.016441677679346813,1.9811685703951538,16,0.030278422762750265,15,0.0016824829237164609,0.0031917482738822566,-0.0010902514242868125,-
SOLUSDT,rsi50-70 & ema20>ema50 & stoch<20,3,14,0.0035877122923114496,0.1976776315922767,6,-0.017422192883522685,8,0.01934514117418705,0.0031917482738822566,-0.0010902514242868125,-
SOLUSDT,rsi50-70 & ema20>ema50 & dip>3%,3,103,0.005338015794405448,1.1500133531946106,66,0.007539457215113871,37,0.0014111202871958288,0.0031917482738822566,-0.0010902514242868125,-
SOLUSDT,rsi50-70 & ema20>ema50 & pop>3%,3,127,-0.00034231575361612127,-0.08260541828704687,79,-0.0020568590715580167,48,0.0024795367904965823,0.0031917482738822566,-0.0010902514242868125,-
SOLUSDT,rsi50-70 & ema20>ema50 & vol>1.5x,3,58,0.006615417974270541,0.9319555762489876,28,0.014953585018906479,30,-0.001166871267389669,0.0031917482738822566,-0.0010902514242868125,-
SOLUSDT,rsi50-70 & ema20>ema50 & 20d_high,3,59,0.00707839131026322,1.185675810416775,30,0.013969991745352784,29,-5.085051913977682e-05,0.0031917482738822566,-0.0010902514242868125,-
SOLUSDT,rsi50-70 & ema20>ema50 & 20d_low,3,0,,,0,,0,,0.0031917482738822566,-0.0010902514242868125,-
SOLUSDT,rsi50-70 & ema20>ema50 & adx>25,3,274,0.002237059849634198,0.65686540661214,158,0.006332005433799562,116,-0.0033405384460393132,0.0031917482738822566,-0.0010902514242868125,-
SOLUSDT,rsi50-70 & ema20>ema50 & btc>ema50,3,443,0.0023704311833527576,1.0207466777167256,241,0.0060347398207240026,202,-0.0020013429830159036,0.0031917482738822566,-0.0010902514242868125,-
SOLUSDT,rsi50-70 & ema20>ema50 & funding<0,3,54,-0.005164809995451662,-1.0804094016094137,22,-0.00498731143373034,32,-0.005286840256635069,0.0031917482738822566,-0.0010902514242868125,-
SOLUSDT,rsi50-70 & >sma200 & macd>signal,3,283,0.004089263185377565,1.4250783860614904,150,0.007017533735206864,133,0.0007867024148933927,0.0031917482738822566,-0.0010902514242868125,-
SOLUSDT,rsi50-70 & >sma200 & macd_hist_up,3,229,0.001857068342265811,0.5597267662330816,130,0.002407260494442893,99,0.0011345937990029763,0.0031917482738822566,-0.0010902514242868125,-
SOLUSDT,rsi50-70 & >sma200 & <lower_bb,3,0,,,0,,0,,0.0031917482738822566,-0.0010902514242868125,-
SOLUSDT,rsi50-70 & >sma200 & >upper_bb,3,39,0.01658361909859296,2.2301398861684434,19,0.032415420812638464,20,0.0015434074702497297,0.0031917482738822566,-0.0010902514242868125,-
SOLUSDT,rsi50-70 & >sma200 & stoch<20,3,12,0.009844037163999298,0.5499435589374804,4,-0.0091581708563762,8,0.01934514117418705,0.0031917482738822566,-0.0010902514242868125,-
SOLUSDT,rsi50-70 & >sma200 & dip>3%,3,85,0.00750489943249711,1.4561986969281204,55,0.007669852926356144,30,0.007202484693755556,0.0031917482738822566,-0.0010902514242868125,-
SOLUSDT,rsi50-70 & >sma200 & pop>3%,3,143,0.004509452589609993,1.0576301258784582,82,0.0036750887429936666,61,0.005631056448995878,0.0031917482738822566,-0.0010902514242868125,-
SOLUSDT,rsi50-70 & >sma200 & vol>1.5x,3,59,0.010356127054907058,1.277984726892002,30,0.017322401238163233,29,0.003149636520504119,0.0031917482738822566,-0.0010902514242868125,-
SOLUSDT,rsi50-70 & >sma200 & 20d_high,3,75,0.00987824901162545,1.6029668330631504,37,0.017435762660830228,38,0.0025196173005576404,0.0031917482738822566,-0.0010902514242868125,-
SOLUSDT,rsi50-70 & >sma200 & 20d_low,3,0,,,0,,0,,0.0031917482738822566,-0.0010902514242868125,-
SOLUSDT,rsi50-70 & >sma200 & adx>25,3,249,0.0025883498285853555,0.7341346766700819,134,0.008935968081194168,115,-0.004808005352715349,0.0031917482738822566,-0.0010902514242868125,-
SOLUSDT,rsi50-70 & >sma200 & btc>ema50,3,397,0.005132791748935535,2.047562068630098,217,0.009255565660952146,180,0.00016255875500439788,0.0031917482738822566,-0.0010902514242868125,-
SOLUSDT,rsi50-70 & >sma200 & funding<0,3,37,0.0022388083866218037,0.3295671183659476,20,0.010297263919380285,17,-0.007241727534270527,0.0031917482738822566,-0.0010902514242868125,-
SOLUSDT,rsi50-70 & macd>signal & macd_hist_up,3,275,0.0006907250807243946,0.2477270244473561,137,0.0026508024367827183,138,-0.0012551488162320576,0.0031917482738822566,-0.0010902514242868125,-
SOLUSDT,rsi50-70 & macd>signal & <lower_bb,3,0,,,0,,0,,0.0031917482738822566,-0.0010902514242868125,-
SOLUSDT,rsi50-70 & macd>signal & >upper_bb,3,71,0.005496279635915945,1.0295988835912688,31,0.01146439456284886,40,0.0008709905675429366,0.0031917482738822566,-0.0010902514242868125,-
SOLUSDT,rsi50-70 & macd>signal & stoch<20,3,0,,,0,,0,,0.0031917482738822566,-0.0010902514242868125,-
SOLUSDT,rsi50-70 & macd>signal & dip>3%,3,80,0.002600469162864205,0.5817052997708906,46,0.006960946979519056,34,-0.003299000824374712,0.0031917482738822566,-0.0010902514242868125,-
SOLUSDT,rsi50-70 & macd>signal & pop>3%,3,152,0.005075203576785349,1.2218048161861297,85,0.007563531602241514,67,0.0019183695146394706,0.0031917482738822566,-0.0010902514242868125,-
SOLUSDT,rsi50-70 & macd>signal & vol>1.5x,3,83,0.0033116353703137357,0.5149966170580003,44,0.006697233853607262,39,-0.0005080142005815274,0.0031917482738822566,-0.0010902514242868125,-
SOLUSDT,rsi50-70 & macd>signal & 20d_high,3,126,0.006156676183105602,1.372233166563983,60,0.008991645716352364,66,0.003579431152881272,0.0031917482738822566,-0.0010902514242868125,-
SOLUSDT,rsi50-70 & macd>signal & 20d_low,3,0,,,0,,0,,0.0031917482738822566,-0.0010902514242868125,-
SOLUSDT,rsi50-70 & macd>signal & adx>25,3,174,0.0007911480049475201,0.19783348638683046,86,0.01000048062920269,88,-0.008208881605120032,0.0031917482738822566,-0.0010902514242868125,-
SOLUSDT,rsi50-70 & macd>signal & btc>ema50,3,386,0.004536375647244635,1.9516290885562102,195,0.008373889673444686,191,0.0006184948351555773,0.0031917482738822566,-0.0010902514242868125,-
SOLUSDT,rsi50-70 & macd>signal & funding<0,3,76,0.005880992747736221,1.385017624065005,28,0.010777115306894717,48,0.003024921254893767,0.0031917482738822566,-0.0010902514242868125,-
SOLUSDT,rsi50-70 & macd_hist_up & <lower_bb,3,0,,,0,,0,,0.0031917482738822566,-0.0010902514242868125,-
SOLUSDT,rsi50-70 & macd_hist_up & >upper_bb,3,74,0.007147153947284061,1.3399954263169902,32,0.014350032564832853,42,0.0016592464291516472,0.0031917482738822566,-0.0010902514242868125,-
SOLUSDT,rsi50-70 & macd_hist_up & stoch<20,3,0,,,0,,0,,0.0031917482738822566,-0.0010902514242868125,-
SOLUSDT,rsi50-70 & macd_hist_up & dip>3%,3,10,0.0014633448444172498,0.12258175802747244,8,0.01177261936648923,2,-0.03977375324387067,0.0031917482738822566,-0.0010902514242868125,-
SOLUSDT,rsi50-70 & macd_hist_up & pop>3%,3,197,0.0022081978272179446,0.6013074871422115,113,0.002903057081091255,84,0.0012734466880788473,0.0031917482738822566,-0.0010902514242868125,-
SOLUSDT,rsi50-70 & macd_hist_up & vol>1.5x,3,68,-0.00040866587532438134,-0.05164624613202246,37,0.0036147527352577823,31,-0.0052108106685998705,0.0031917482738822566,-0.0010902514242868125,-
SOLUSDT,rsi50-70 & macd_hist_up & 20d_high,3,124,0.006432828765018526,1.390528903824767,59,0.007832226982847204,65,0.005162605767297111,0.0031917482738822566,-0.0010902514242868125,-
SOLUSDT,rsi50-70 & macd_hist_up & 20d_low,3,0,,,0,,0,,0.0031917482738822566,-0.0010902514242868125,-
SOLUSDT,rsi50-70 & macd_hist_up & adx>25,3,105,-0.005645861745494037,-1.0598024510364918,60,0.0019640401936209017,45,-0.015792397664313954,0.0031917482738822566,-0.0010902514242868125,-
SOLUSDT,rsi50-70 & macd_hist_up & btc>ema50,3,290,0.00406053745280862,1.5724975143736166,152,0.00601564895459979,138,0.0019070813059082034,0.0031917482738822566,-0.0010902514242868125,-
SOLUSDT,rsi50-70 & macd_hist_up & funding<0,3,39,0.010616644388494849,1.736175274383574,19,0.018240477076621405,20,0.0033740033347746195,0.0031917482738822566,-0.0010902514242868125,-
SOLUSDT,rsi50-70 & <lower_bb & >upper_bb,3,0,,,0,,0,,0.0031917482738822566,-0.0010902514242868125,-
SOLUSDT,rsi50-70 & <lower_bb & stoch<20,3,0,,,0,,0,,0.0031917482738822566,-0.0010902514242868125,-
SOLUSDT,rsi50-70 & <lower_bb & dip>3%,3,0,,,0,,0,,0.0031917482738822566,-0.0010902514242868125,-
SOLUSDT,rsi50-70 & <lower_bb & pop>3%,3,0,,,0,,0,,0.0031917482738822566,-0.0010902514242868125,-
SOLUSDT,rsi50-70 & <lower_bb & vol>1.5x,3,0,,,0,,0,,0.0031917482738822566,-0.0010902514242868125,-
SOLUSDT,rsi50-70 & <lower_bb & 20d_high,3,0,,,0,,0,,0.0031917482738822566,-0.0010902514242868125,-
SOLUSDT,rsi50-70 & <lower_bb & 20d_low,3,0,,,0,,0,,0.0031917482738822566,-0.0010902514242868125,-
SOLUSDT,rsi50-70 & <lower_bb & adx>25,3,0,,,0,,0,,0.0031917482738822566,-0.0010902514242868125,-
SOLUSDT,rsi50-70 & <lower_bb & btc>ema50,3,0,,,0,,0,,0.0031917482738822566,-0.0010902514242868125,-
SOLUSDT,rsi50-70 & <lower_bb & funding<0,3,0,,,0,,0,,0.0031917482738822566,-0.0010902514242868125,-
SOLUSDT,rsi50-70 & >upper_bb & stoch<20,3,0,,,0,,0,,0.0031917482738822566,-0.0010902514242868125,-
SOLUSDT,rsi50-70 & >upper_bb & dip>3%,3,2,-0.0049973537111636344,-0.13164426959744782,1,,1,,0.0031917482738822566,-0.0010902514242868125,-
SOLUSDT,rsi50-70 & >upper_bb & pop>3%,3,54,0.00969722869511741,1.4252312934276494,28,0.017232018108354754,26,0.0015828400962464284,0.0031917482738822566,-0.0010902514242868125,-
SOLUSDT,rsi50-70 & >upper_bb & vol>1.5x,3,33,-0.0036230868069508063,-0.3890702249509155,19,-0.001565087718763843,14,-0.00641608556949026,0.0031917482738822566,-0.0010902514242868125,-
SOLUSDT,rsi50-70 & >upper_bb & 20d_high,3,70,0.008188701400779637,1.4748582333204212,31,0.013749592041945079,39,0.003768506275750698,0.0031917482738822566,-0.0010902514242868125,-
SOLUSDT,rsi50-70 & >upper_bb & 20d_low,3,0,,,0,,0,,0.0031917482738822566,-0.0010902514242868125,-
SOLUSDT,rsi50-70 & >upper_bb & adx>25,3,13,0.020301107194243363,1.3134614813172443,7,0.04498305026853195,6,-0.00849449305909332,0.0031917482738822566,-0.0010902514242868125,-
SOLUSDT,rsi50-70 & >upper_bb & btc>ema50,3,63,0.008696797615717915,1.44128734832234,30,0.016499211571797148,33,0.001603694019282251,0.0031917482738822566,-0.0010902514242868125,-
SOLUSDT,rsi50-70 & >upper_bb & funding<0,3,4,0.06381316588173035,2.7837330467432295,3,0.07162086936520845,1,,0.0031917482738822566,-0.0010902514242868125,-
SOLUSDT,rsi50-70 & stoch<20 & dip>3%,3,5,0.03810475800431898,1.7910517100827272,3,0.014755558426996067,2,0.07312855737030335,0.0031917482738822566,-0.0010902514242868125,-
SOLUSDT,rsi50-70 & stoch<20 & pop>3%,3,0,,,0,,0,,0.0031917482738822566,-0.0010902514242868125,-
SOLUSDT,rsi50-70 & stoch<20 & vol>1.5x,3,0,,,0,,0,,0.0031917482738822566,-0.0010902514242868125,-
SOLUSDT,rsi50-70 & stoch<20 & 20d_high,3,0,,,0,,0,,0.0031917482738822566,-0.0010902514242868125,-
SOLUSDT,rsi50-70 & stoch<20 & 20d_low,3,0,,,0,,0,,0.0031917482738822566,-0.0010902514242868125,-
SOLUSDT,rsi50-70 & stoch<20 & adx>25,3,9,0.015575314802530018,0.6318120436213812,4,0.001824511080004823,5,0.026575957780550174,0.0031917482738822566,-0.0010902514242868125,-
SOLUSDT,rsi50-70 & stoch<20 & btc>ema50,3,11,-0.012443172350833753,-0.65725718274298,4,-0.044932918874196676,7,0.006122397091087915,0.0031917482738822566,-0.0010902514242868125,-
SOLUSDT,rsi50-70 & stoch<20 & funding<0,3,3,-0.004459108612618612,-0.11497764358848807,0,,3,-0.004459108612618612,0.0031917482738822566,-0.0010902514242868125,-
SOLUSDT,rsi50-70 & dip>3% & pop>3%,3,0,,,0,,0,,0.0031917482738822566,-0.0010902514242868125,-
SOLUSDT,rsi50-70 & dip>3% & vol>1.5x,3,22,0.013253327534875294,1.3348630972202495,10,0.0188773035568518,12,0.008566680849894877,0.0031917482738822566,-0.0010902514242868125,-
SOLUSDT,rsi50-70 & dip>3% & 20d_high,3,0,,,0,,0,,0.0031917482738822566,-0.0010902514242868125,-
SOLUSDT,rsi50-70 & dip>3% & 20d_low,3,0,,,0,,0,,0.0031917482738822566,-0.0010902514242868125,-
SOLUSDT,rsi50-70 & dip>3% & adx>25,3,78,0.007039145648028134,1.277720527808809,51,0.009691989335476228,27,0.0020282186828484037,0.0031917482738822566,-0.0010902514242868125,-
SOLUSDT,rsi50-70 & dip>3% & btc>ema50,3,99,0.001763626473644959,0.37622808300869853,62,0.003749256435854844,37,-0.0015636453549229554,0.0031917482738822566,-0.0010902514242868125,-
SOLUSDT,rsi50-70 & dip>3% & funding<0,3,10,-0.005668748626826225,-0.7454458360875974,2,-0.01812757312072063,8,-0.0025540425033526246,0.0031917482738822566,-0.0010902514242868125,-
SOLUSDT,rsi50-70 & pop>3% & vol>1.5x,3,43,0.0013454171643723723,0.12086278182520395,26,0.006796836067677433,17,-0.006992047040682425,0.0031917482738822566,-0.0010902514242868125,-
SOLUSDT,rsi50-70 & pop>3% & 20d_high,3,83,0.012684179317839507,2.0557864795662217,46,0.01793434890103027,37,0.006156941457656398,0.0031917482738822566,-0.0010902514242868125,-
SOLUSDT,rsi50-70 & pop>3% & 20d_low,3,0,,,0,,0,,0.0031917482738822566,-0.0010902514242868125,-
SOLUSDT,rsi50-70 & pop>3% & adx>25,3,79,-0.009262001846435388,-1.5570917081386848,43,-0.004882049041896412,36,-0.014493612140745833,0.0031917482738822566,-0.0010902514242868125,-
SOLUSDT,rsi50-70 & pop>3% & btc>ema50,3,170,0.004898613037490514,1.31852832756543,102,0.004061068439024985,68,0.006154929935188803,0.0031917482738822566,-0.0010902514242868125,-
SOLUSDT,rsi50-70 & pop>3% & funding<0,3,27,0.01599542128292915,2.069429154947181,14,0.025249782033808288,13,0.0060291866281362355,0.0031917482738822566,-0.0010902514242868125,-
SOLUSDT,rsi50-70 & vol>1.5x & 20d_high,3,45,0.006692196670361352,0.7246804144316739,26,0.008136638184116316,19,0.00471559249364403,0.0031917482738822566,-0.0010902514242868125,-
SOLUSDT,rsi50-70 & vol>1.5x & 20d_low,3,0,,,0,,0,,0.0031917482738822566,-0.0010902514242868125,-
SOLUSDT,rsi50-70 & vol>1.5x & adx>25,3,41,0.0034371258314976456,0.3232616746403462,17,0.02856791446216061,24,-0.01436384944855529,0.0031917482738822566,-0.0010902514242868125,-
SOLUSDT,rsi50-70 & vol>1.5x & btc>ema50,3,70,0.010246679492288144,1.5551402790702773,38,0.01304979792360772,32,0.0069179763550961506,0.0031917482738822566,-0.0010902514242868125,-
SOLUSDT,rsi50-70 & vol>1.5x & funding<0,3,10,0.000162464680191232,0.02431573259473418,7,-0.0006938474948746397,3,0.002160526422011599,0.0031917482738822566,-0.0010902514242868125,-
SOLUSDT,rsi50-70 & 20d_high & 20d_low,3,0,,,0,,0,,0.0031917482738822566,-0.0010902514242868125,-
SOLUSDT,rsi50-70 & 20d_high & adx>25,3,30,-0.0033652364314915436,-0.3295354159738336,16,0.013841909007306837,14,-0.02303054550440398,0.0031917482738822566,-0.0010902514242868125,-
SOLUSDT,rsi50-70 & 20d_high & btc>ema50,3,108,0.010927666922716616,2.170732815045919,54,0.013763184179281423,54,0.008092149666151809,0.0031917482738822566,-0.0010902514242868125,-
SOLUSDT,rsi50-70 & 20d_high & funding<0,3,14,0.025319329072902522,1.8466726469321457,10,0.026514390493797658,4,0.022331675520664687,0.0031917482738822566,-0.0010902514242868125,-
SOLUSDT,rsi50-70 & 20d_low & adx>25,3,0,,,0,,0,,0.0031917482738822566,-0.0010902514242868125,-
SOLUSDT,rsi50-70 & 20d_low & btc>ema50,3,0,,,0,,0,,0.0031917482738822566,-0.0010902514242868125,-
SOLUSDT,rsi50-70 & 20d_low & funding<0,3,0,,,0,,0,,0.0031917482738822566,-0.0010902514242868125,-
SOLUSDT,rsi50-70 & adx>25 & btc>ema50,3,253,0.0019411575868993035,0.5696160564411776,140,0.006980282475862676,113,-0.004302005992347351,0.0031917482738822566,-0.0010902514242868125,-
SOLUSDT,rsi50-70 & adx>25 & funding<0,3,40,-0.005160678076964899,-0.781679789732411,19,-0.0012454219279440814,21,-0.008703052687983734,0.0031917482738822566,-0.0010902514242868125,-
SOLUSDT,rsi50-70 & btc>ema50 & funding<0,3,76,0.004001444188351295,0.9114850929263479,26,0.01111777354014885,50,0.00030095292541656966,0.0031917482738822566,-0.0010902514242868125,-
SOLUSDT,>ema20 & >ema50 & ema20>ema50,3,648,0.003369756341420424,1.5188319528496366,397,0.006851899099046877,251,-0.002137855908689941,0.0031917482738822566,-0.0010902514242868125,-
SOLUSDT,>ema20 & >ema50 & >sma200,3,597,0.005393683723663982,2.2699963515438317,375,0.009159378439556247,222,-0.0009672870802080879,0.0031917482738822566,-0.0010902514242868125,-
SOLUSDT,>ema20 & >ema50 & macd>signal,3,589,0.005435145739826416,2.3295933566348,342,0.009045405130184767,247,0.00043632504548408297,0.0031917482738822566,-0.0010902514242868125,-
SOLUSDT,>ema20 & >ema50 & macd_hist_up,3,433,0.0043900331032824,1.584330780505026,253,0.006829009214927601,180,0.0009619166796921993,0.0031917482738822566,-0.0010902514242868125,-
SOLUSDT,>ema20 & >ema50 & <lower_bb,3,0,,,0,,0,,0.0031917482738822566,-0.0010902514242868125,-
SOLUSDT,>ema20 & >ema50 & >upper_bb,3,160,0.0065423798769676505,1.2830843164408123,97,0.011391213862457644,63,-0.0009232851483105907,0.0031917482738822566,-0.0010902514242868125,-
SOLUSDT,>ema20 & >ema50 & stoch<20,3,4,-0.054714795475500816,-1.9733555330290773,1,,3,-0.03338358312972833,0.0031917482738822566,-0.0010902514242868125,-
SOLUSDT,>ema20 & >ema50 & dip>3%,3,113,0.004964172370712973,1.094446508585499,76,0.007716636649294098,37,-0.0006895380393455578,0.0031917482738822566,-0.0010902514242868125,-
SOLUSDT,>ema20 & >ema50 & pop>3%,3,281,0.005069273166590801,1.30451922957571,183,0.006149975793655641,98,0.0030512264242146237,0.0031917482738822566,-0.0010902514242868125,-
SOLUSDT,>ema20 & >ema50 & vol>1.5x,3,174,0.012948854348356065,2.4105403117426616,111,0.015153234800653859,63,0.009064945932402818,0.0031917482738822566,-0.0010902514242868125,WEAK
SOLUSDT,>ema20 & >ema50 & 20d_high,3,234,0.011192009587968895,2.570781184562855,142,0.016390059038629334,92,0.00316893326194952,0.0031917482738822566,-0.0010902514242868125,WEAK
SOLUSDT,>ema20 & >ema50 & 20d_low,3,0,,,0,,0,,0.0031917482738822566,-0.0010902514242868125,-
SOLUSDT,>ema20 & >ema50 & adx>25,3,417,0.004789036245878326,1.4983007736297607,271,0.010419738033422856,146,-0.005662471866618708,0.0031917482738822566,-0.0010902514242868125,-
SOLUSDT,>ema20 & >ema50 & btc>ema50,3,703,0.006030824242195118,2.9790392893641657,409,0.010178592546443562,294,0.00026062956043452866,0.0031917482738822566,-0.0010902514242868125,WEAK
SOLUSDT,>ema20 & >ema50 & funding<0,3,86,0.007607580462351647,1.319789930889213,39,0.01834283183783002,47,-0.0013003940832580683,0.0031917482738822566,-0.0010902514242868125,-
SOLUSDT,>ema20 & ema20>ema50 & >sma200,3,552,0.005385882856922662,2.1828191977989344,354,0.00968995862641083,198,-0.0023092829127683056,0.0031917482738822566,-0.0010902514242868125,-
SOLUSDT,>ema20 & ema20>ema50 & macd>signal,3,432,0.00520880288968275,1.882027578153854,268,0.009365496342167679,164,-0.0015838425082804323,0.0031917482738822566,-0.0010902514242868125,-
SOLUSDT,>ema20 & ema20>ema50 & macd_hist_up,3,308,0.003808974799130411,1.1476797071898732,194,0.006429374891098645,114,-0.0006503025503593899,0.0031917482738822566,-0.0010902514242868125,-
SOLUSDT,>ema20 & ema20>ema50 & <lower_bb,3,0,,,0,,0,,0.0031917482738822566,-0.0010902514242868125,-
SOLUSDT,>ema20 & ema20>ema50 & >upper_bb,3,117,0.006525819667096123,1.105940761689055,76,0.010681815848471733,41,-0.0011779781325269674,0.0031917482738822566,-0.0010902514242868125,-
SOLUSDT,>ema20 & ema20>ema50 & stoch<20,3,4,-0.054714795475500816,-1.9733555330290773,1,,3,-0.03338358312972833,0.0031917482738822566,-0.0010902514242868125,-
SOLUSDT,>ema20 & ema20>ema50 & dip>3%,3,103,0.005254065987834881,1.0888213354049112,70,0.009138495744273197,33,-0.0029856334955191176,0.0031917482738822566,-0.0010902514242868125,-
SOLUSDT,>ema20 & ema20>ema50 & pop>3%,3,211,0.0033230438515838155,0.7515432072072873,144,0.004768725254778206,67,0.0002159077014346766,0.0031917482738822566,-0.0010902514242868125,-
SOLUSDT,>ema20 & ema20>ema50 & vol>1.5x,3,144,0.013028835628713325,2.187067563971236,91,0.017928569600368822,53,0.004616084847191626,0.0031917482738822566,-0.0010902514242868125,-
SOLUSDT,>ema20 & ema20>ema50 & 20d_high,3,170,0.010186314286285556,2.0425520297889825,110,0.015262227006143877,60,0.0008804742998786405,0.0031917482738822566,-0.0010902514242868125,-
SOLUSDT,>ema20 & ema20>ema50 & 20d_low,3,0,,,0,,0,,0.0031917482738822566,-0.0010902514242868125,-
SOLUSDT,>ema20 & ema20>ema50 & adx>25,3,388,0.004059780919841701,1.237678157483678,258,0.008567614818656413,130,-0.0048865355870367265,0.0031917482738822566,-0.0010902514242868125,-
SOLUSDT,>ema20 & ema20>ema50 & btc>ema50,3,575,0.004945980279364767,2.225895852853634,346,0.009373178938421121,229,-0.0017431495723098961,0.0031917482738822566,-0.0010902514242868125,-
SOLUSDT,>ema20 & ema20>ema50 & funding<0,3,59,-0.0025846934353190823,-0.528078478647394,27,0.0023828372671606444,32,-0.006776047465536351,0.0031917482738822566,-0.0010902514242868125,-
SOLUSDT,>ema20 & >sma200 & macd>signal,3,446,0.0064874706683898786,2.3668032203619305,272,0.010720889155026574,174,-0.0001302869658927725,0.0031917482738822566,-0.0010902514242868125,-
SOLUSDT,>ema20 & >sma200 & macd_hist_up,3,341,0.004712879728918471,1.4780256687160882,210,0.007507618850469987,131,0.0002327635798664278,0.0031917482738822566,-0.0010902514242868125,-
SOLUSDT,>ema20 & >sma200 & <lower_bb,3,0,,,0,,0,,0.0031917482738822566,-0.0010902514242868125,-
SOLUSDT,>ema20 & >sma200 & >upper_bb,3,118,0.007835917465837533,1.3284121904311827,78,0.012771853350759949,40,-0.001789157509761189,0.0031917482738822566,-0.0010902514242868125,-
SOLUSDT,>ema20 & >sma200 & stoch<20,3,3,-0.03338358312972833,-1.3326727021187124,0,,3,-0.03338358312972833,0.0031917482738822566,-0.0010902514242868125,-
SOLUSDT,>ema20 & >sma200 & dip>3%,3,87,0.00875553912042284,1.6797578445349306,59,0.013035491360709316,28,-0.000262931671609369,0.0031917482738822566,-0.0010902514242868125,-
SOLUSDT,>ema20 & >sma200 & pop>3%,3,224,0.006064854216762428,1.3870034876140236,146,0.008808348450773076,78,0.0009295957787425001,0.0031917482738822566,-0.0010902514242868125,-
SOLUSDT,>ema20 & >sma200 & vol>1.5x,3,139,0.014728848228030075,2.3171757334107888,92,0.019370467040595675,47,0.005643126297050599,0.0031917482738822566,-0.0010902514242868125,-
SOLUSDT,>ema20 & >sma200 & 20d_high,3,179,0.011966522407689015,2.4050329584599073,115,0.017532558218503008,64,0.00196505181013263,0.0031917482738822566,-0.0010902514242868125,WEAK
SOLUSDT,>ema20 & >sma200 & 20d_low,3,0,,,0,,0,,0.0031917482738822566,-0.0010902514242868125,-
SOLUSDT,>ema20 & >sma200 & adx>25,3,359,0.005350694891354117,1.567303464939987,228,0.012160464465145843,131,-0.006501423145474231,0.0031917482738822566,-0.0010902514242868125,-
SOLUSDT,>ema20 & >sma200 & btc>ema50,3,524,0.00778191169416459,3.286601643104318,321,0.01287803874420363,203,-0.00027649610417300745,0.0031917482738822566,-0.0010902514242868125,-
SOLUSDT,>ema20 & >sma200 & funding<0,3,45,0.0015040008765463183,0.22980073764694647,27,0.012271892113295227,18,-0.014647835978577047,0.0031917482738822566,-0.0010902514242868125,-
SOLUSDT,>ema20 & macd>signal & macd_hist_up,3,438,0.004750157403229931,1.7786081002515675,245,0.009131099370390488,193,-0.0008111419851345016,0.0031917482738822566,-0.0010902514242868125,-
SOLUSDT,>ema20 & macd>signal & <lower_bb,3,0,,,0,,0,,0.0031917482738822566,-0.0010902514242868125,-
SOLUSDT,>ema20 & macd>signal & >upper_bb,3,163,0.006827569666403689,1.3682669620936145,97,0.011872047218674601,66,-0.0005862837058732593,0.0031917482738822566,-0.0010902514242868125,-
SOLUSDT,>ema20 & macd>signal & stoch<20,3,0,,,0,,0,,0.0031917482738822566,-0.0010902514242868125,-
SOLUSDT,>ema20 & macd>signal & dip>3%,3,96,0.00229972310135291,0.5183600847921519,62,0.005400080093168611,34,-0.0033538690601933696,0.0031917482738822566,-0.0010902514242868125,-
SOLUSDT,>ema20 & macd>signal & pop>3%,3,258,0.007281078160883537,1.7648099914825663,164,0.01182565927199375,94,-0.0006477654797768349,0.0031917482738822566,-0.0010902514242868125,-
SOLUSDT,>ema20 & macd>signal & vol>1.5x,3,176,0.010449064029472177,1.9664657125336598,112,0.01507813361432231,64,0.002348192255984441,0.0031917482738822566,-0.0010902514242868125,-
SOLUSDT,>ema20 & macd>signal & 20d_high,3,244,0.0107196911966315,2.5727697753914924,146,0.016203172728678772,98,0.002550422791744748,0.0031917482738822566,-0.0010902514242868125,WEAK
SOLUSDT,>ema20 & macd>signal & 20d_low,3,0,,,0,,0,,0.0031917482738822566,-0.0010902514242868125,-
SOLUSDT,>ema20 & macd>signal & adx>25,3,330,0.00522467143865361,1.4446538140246086,207,0.012482842116899186,123,-0.0069902987271743015,0.0031917482738822566,-0.0010902514242868125,-
SOLUSDT,>ema20 & macd>signal & btc>ema50,3,565,0.0074348573399603424,3.3622337391823676,332,0.011840905902201404,233,0.0011567108907584846,0.0031917482738822566,-0.0010902514242868125,WEAK
SOLUSDT,>ema20 & macd>signal & funding<0,3,110,0.00759292898198807,1.5881755387248284,47,0.0174560313755804,63,0.00023474148200649248,0.0031917482738822566,-0.0010902514242868125,-
SOLUSDT,>ema20 & macd_hist_up & <lower_bb,3,0,,,0,,0,,0.0031917482738822566,-0.0010902514242868125,-
SOLUSDT,>ema20 & macd_hist_up & >upper_bb,3,167,0.007338028553907565,1.4921180004167414,99,0.01241713904815704,68,-5.6558783308578546e-05,0.0031917482738822566,-0.0010902514242868125,-
SOLUSDT,>ema20 & macd_hist_up & stoch<20,3,0,,,0,,0,,0.0031917482738822566,-0.0010902514242868125,-
SOLUSDT,>ema20 & macd_hist_up & dip>3%,3,12,0.0046834765896977505,0.3609628984770147,9,0.019668537215778065,3,-0.0402717052885432,0.0031917482738822566,-0.0010902514242868125,-
SOLUSDT,>ema20 & macd_hist_up & pop>3%,3,295,0.004817778295605871,1.3070132621550636,184,0.00823552906806021,111,-0.0008476824443184351,0.0031917482738822566,-0.0010902514242868125,-
SOLUSDT,>ema20 & macd_hist_up & vol>1.5x,3,153,0.007294454084698223,1.2475990274291586,100,0.011561350046940966,53,-0.000756293013872988,0.0031917482738822566,-0.0010902514242868125,-
SOLUSDT,>ema20 & macd_hist_up & 20d_high,3,231,0.00903813847858874,2.110139502935099,134,0.012974191314767645,97,0.0036007046636611687,0.0031917482738822566,-0.0010902514242868125,-
SOLUSDT,>ema20 & macd_hist_up & 20d_low,3,0,,,0,,0,,0.0031917482738822566,-0.0010902514242868125,-
SOLUSDT,>ema20 & macd_hist_up & adx>25,3,209,0.003738630335533696,0.7789197236138544,136,0.01200836307983346,73,-0.011667995051106965,0.0031917482738822566,-0.0010902514242868125,-
SOLUSDT,>ema20 & macd_hist_up & btc>ema50,3,412,0.0065043643774001314,2.5885348279080835,241,0.009888401467210753,171,0.0017350489467313635,0.0031917482738822566,-0.0010902514242868125,WEAK
SOLUSDT,>ema20 & macd_hist_up & funding<0,3,65,0.013841589065724358,2.0249124180242,34,0.026845887495212047,31,-0.0004211898569395522,0.0031917482738822566,-0.0010902514242868125,-
SOLUSDT,>ema20 & <lower_bb & >upper_bb,3,0,,,0,,0,,0.0031917482738822566,-0.0010902514242868125,-
SOLUSDT,>ema20 & <lower_bb & stoch<20,3,0,,,0,,0,,0.0031917482738822566,-0.0010902514242868125,-
SOLUSDT,>ema20 & <lower_bb & dip>3%,3,0,,,0,,0,,0.0031917482738822566,-0.0010902514242868125,-
SOLUSDT,>ema20 & <lower_bb & pop>3%,3,0,,,0,,0,,0.0031917482738822566,-0.0010902514242868125,-
SOLUSDT,>ema20 & <lower_bb & vol>1.5x,3,0,,,0,,0,,0.0031917482738822566,-0.0010902514242868125,-
SOLUSDT,>ema20 & <lower_bb & 20d_high,3,0,,,0,,0,,0.0031917482738822566,-0.0010902514242868125,-
SOLUSDT,>ema20 & <lower_bb & 20d_low,3,0,,,0,,0,,0.0031917482738822566,-0.0010902514242868125,-
SOLUSDT,>ema20 & <lower_bb & adx>25,3,0,,,0,,0,,0.0031917482738822566,-0.0010902514242868125,-
SOLUSDT,>ema20 & <lower_bb & btc>ema50,3,0,,,0,,0,,0.0031917482738822566,-0.0010902514242868125,-
SOLUSDT,>ema20 & <lower_bb & funding<0,3,0,,,0,,0,,0.0031917482738822566,-0.0010902514242868125,-
SOLUSDT,>ema20 & >upper_bb & stoch<20,3,0,,,0,,0,,0.0031917482738822566,-0.0010902514242868125,-
SOLUSDT,>ema20 & >upper_bb & dip>3%,3,4,0.027832148068987317,1.0024632596647602,3,0.05142899615754346,1,,0.0031917482738822566,-0.0010902514242868125,-
SOLUSDT,>ema20 & >upper_bb & pop>3%,3,120,0.006610891386166301,1.0099144530629,78,0.011808709031747694,42,-0.0030421985270562848,0.0031917482738822566,-0.0010902514242868125,-
SOLUSDT,>ema20 & >upper_bb & vol>1.5x,3,102,0.004091884150313922,0.6096907217424642,70,0.006439386379648359,32,-0.0010432769763551548,0.0031917482738822566,-0.0010902514242868125,-
SOLUSDT,>ema20 & >upper_bb & 20d_high,3,154,0.007253933648694245,1.3876546749699787,90,0.011647591359106717,64,0.0010753524934267067,0.0031917482738822566,-0.0010902514242868125,-
SOLUSDT,>ema20 & >upper_bb & 20d_low,3,0,,,0,,0,,0.0031917482738822566,-0.0010902514242868125,-
SOLUSDT,>ema20 & >upper_bb & adx>25,3,74,0.011225765323305966,1.1523884570648024,59,0.017854096179785783,15,-0.014845669378847999,0.0031917482738822566,-0.0010902514242868125,-
SOLUSDT,>ema20 & >upper_bb & btc>ema50,3,151,0.009810041901449386,2.140709473629319,92,0.01632531273665104,59,-0.0003493634686955643,0.0031917482738822566,-0.0010902514242868125,-
SOLUSDT,>ema20 & >upper_bb & funding<0,3,14,0.0507078212231643,2.0459410753604614,12,0.05512679738802415,2,0.02419396423400517,0.0031917482738822566,-0.0010902514242868125,-
SOLUSDT,>ema20 & stoch<20 & dip>3%,3,0,,,0,,0,,0.0031917482738822566,-0.0010902514242868125,-
SOLUSDT,>ema20 & stoch<20 & pop>3%,3,0,,,0,,0,,0.0031917482738822566,-0.0010902514242868125,-
SOLUSDT,>ema20 & stoch<20 & vol>1.5x,3,0,,,0,,0,,0.0031917482738822566,-0.0010902514242868125,-
SOLUSDT,>ema20 & stoch<20 & 20d_high,3,0,,,0,,0,,0.0031917482738822566,-0.0010902514242868125,-
SOLUSDT,>ema20 & stoch<20 & 20d_low,3,0,,,0,,0,,0.0031917482738822566,-0.0010902514242868125,-
SOLUSDT,>ema20 & stoch<20 & adx>25,3,2,-0.10033204402842986,-5.459834728334487,1,,1,,0.0031917482738822566,-0.0010902514242868125,-
SOLUSDT,>ema20 & stoch<20 & btc>ema50,3,4,-0.054714795475500816,-1.9733555330290773,1,,3,-0.03338358312972833,0.0031917482738822566,-0.0010902514242868125,-
SOLUSDT,>ema20 & stoch<20 & funding<0,3,1,,,0,,1,,0.0031917482738822566,-0.0010902514242868125,-
SOLUSDT,>ema20 & dip>3% & pop>3%,3,0,,,0,,0,,0.0031917482738822566,-0.0010902514242868125,-
SOLUSDT,>ema20 & dip>3% & vol>1.5x,3,27,0.018696163347754906,1.9386873626803751,15,0.02894872423635558,12,0.005880462237004065,0.0031917482738822566,-0.0010902514242868125,-
SOLUSDT,>ema20 & dip>3% & 20d_high,3,0,,,0,,0,,0.0031917482738822566,-0.0010902514242868125,-
SOLUSDT,>ema20 & dip>3% & 20d_low,3,0,,,0,,0,,0.0031917482738822566,-0.0010902514242868125,-
SOLUSDT,>ema20 & dip>3% & adx>25,3,85,0.00506042884185968,0.9342068786490987,61,0.00926984966222921,24,-0.005638515743246209,0.0031917482738822566,-0.0010902514242868125,-
SOLUSDT,>ema20 & dip>3% & btc>ema50,3,103,0.0029522997717053596,0.6180897529183236,69,0.004670492263160348,34,-0.0005346202844827017,0.0031917482738822566,-0.0010902514242868125,-
SOLUSDT,>ema20 & dip>3% & funding<0,3,12,-1.2045399294849523e-05,-0.002031788304855079,3,-0.010947693734208973,9,0.003633170712343191,0.0031917482738822566,-0.0010902514242868125,-
SOLUSDT,>ema20 & pop>3% & vol>1.5x,3,104,0.01064103069014852,1.296502432135202,72,0.017540989461868786,32,-0.004883876546222077,0.0031917482738822566,-0.0010902514242868125,-
SOLUSDT,>ema20 & pop>3% & 20d_high,3,167,0.013957920767814883,2.456931255965394,110,0.02033345881134873,57,0.0016542508592408056,0.0031917482738822566,-0.0010902514242868125,WEAK
SOLUSDT,>ema20 & pop>3% & 20d_low,3,0,,,0,,0,,0.0031917482738822566,-0.0010902514242868125,-
SOLUSDT,>ema20 & pop>3% & adx>25,3,161,0.0008890076191022757,0.14915763081633487,108,0.008351817011880112,53,-0.014318226615237468,0.0031917482738822566,-0.0010902514242868125,-
SOLUSDT,>ema20 & pop>3% & btc>ema50,3,256,0.008272295305452195,2.24609233203747,169,0.010672924926335125,87,0.00360900328327731,0.0031917482738822566,-0.0010902514242868125,-
SOLUSDT,>ema20 & pop>3% & funding<0,3,43,0.01860949396697553,1.9341779299786432,24,0.03487206234436218,19,-0.0019326976676181443,0.0031917482738822566,-0.0010902514242868125,-
SOLUSDT,>ema20 & vol>1.5x & 20d_high,3,117,0.01305256976670578,1.884154895188832,77,0.016821320488608137,40,0.0057977246270437335,0.0031917482738822566,-0.0010902514242868125,-
SOLUSDT,>ema20 & vol>1.5x & 20d_low,3,0,,,0,,0,,0.0031917482738822566,-0.0010902514242868125,-
SOLUSDT,>ema20 & vol>1.5x & adx>25,3,111,0.012586077517776816,1.6327243500975592,75,0.02210664499099116,36,-0.0072484380514197255,0.0031917482738822566,-0.0010902514242868125,-
SOLUSDT,>ema20 & vol>1.5x & btc>ema50,3,157,0.015262299660623748,3.1580910316417667,101,0.01831670018903649,56,0.009753470136165053,0.0031917482738822566,-0.0010902514242868125,WEAK
SOLUSDT,>ema20 & vol>1.5x & funding<0,3,19,0.0024006855242916392,0.3822760007280379,14,0.001300553333868699,5,0.0054810556574758735,0.0031917482738822566,-0.0010902514242868125,-
SOLUSDT,>ema20 & 20d_high & 20d_low,3,0,,,0,,0,,0.0031917482738822566,-0.0010902514242868125,-
SOLUSDT,>ema20 & 20d_high & adx>25,3,114,0.012770078281324784,1.6741334347010544,84,0.022120077152203,30,-0.013409918557134215,0.0031917482738822566,-0.0010902514242868125,-
SOLUSDT,>ema20 & 20d_high & btc>ema50,3,221,0.014358030112943284,3.5662486250973253,136,0.019719451837797768,85,0.0057797553531761135,0.0031917482738822566,-0.0010902514242868125,WEAK
SOLUSDT,>ema20 & 20d_high & funding<0,3,24,0.03535187608956151,2.227829800344621,19,0.03953265531737384,5,0.01946491502387461,0.0031917482738822566,-0.0010902514242868125,-
SOLUSDT,>ema20 & 20d_low & adx>25,3,0,,,0,,0,,0.0031917482738822566,-0.0010902514242868125,-
SOLUSDT,>ema20 & 20d_low & btc>ema50,3,0,,,0,,0,,0.0031917482738822566,-0.0010902514242868125,-
SOLUSDT,>ema20 & 20d_low & funding<0,3,0,,,0,,0,,0.0031917482738822566,-0.0010902514242868125,-
SOLUSDT,>ema20 & adx>25 & btc>ema50,3,374,0.006366091454132306,2.0054443654371497,245,0.011742962266579412,129,-0.0038457949726083164,0.0031917482738822566,-0.0010902514242868125,-
SOLUSDT,>ema20 & adx>25 & funding<0,3,60,0.0043831467496332505,0.5484617742395488,33,0.016312392593463697,27,-0.010197042615048404,0.0031917482738822566,-0.0010902514242868125,-
SOLUSDT,>ema20 & btc>ema50 & funding<0,3,87,0.009334683535676036,1.6478575645420548,38,0.02135195017565565,49,1.5170631202051093e-05,0.0031917482738822566,-0.0010902514242868125,-
SOLUSDT,>ema50 & ema20>ema50 & >sma200,3,657,0.004545833640991133,2.0367520080057546,415,0.008530965556990887,242,-0.00228817357033076,0.0031917482738822566,-0.0010902514242868125,-
SOLUSDT,>ema50 & ema20>ema50 & macd>signal,3,445,0.0047197801938216434,1.7329214930235781,275,0.00905335652228673,170,-0.0022904168081071667,0.0031917482738822566,-0.0010902514242868125,-
SOLUSDT,>ema50 & ema20>ema50 & macd_hist_up,3,350,0.0038145385478732564,1.2567888001457466,224,0.007503122947513021,126,-0.0027429448292640994,0.0031917482738822566,-0.0010902514242868125,-
SOLUSDT,>ema50 & ema20>ema50 & <lower_bb,3,3,0.021398782461361215,0.9414163194770724,0,,3,0.021398782461361215,0.0031917482738822566,-0.0010902514242868125,-
SOLUSDT,>ema50 & ema20>ema50 & >upper_bb,3,117,0.006525819667096123,1.105940761689055,76,0.010681815848471733,41,-0.0011779781325269674,0.0031917482738822566,-0.0010902514242868125,-
SOLUSDT,>ema50 & ema20>ema50 & stoch<20,3,36,0.006589321274501497,0.6436976525545504,19,0.008514530585594916,17,0.004437616750338264,0.0031917482738822566,-0.0010902514242868125,-
SOLUSDT,>ema50 & ema20>ema50 & dip>3%,3,150,0.003658396089637975,0.8460045014690225,98,0.007109729242104768,52,-0.0028460394669340577,0.0031917482738822566,-0.0010902514242868125,-
SOLUSDT,>ema50 & ema20>ema50 & pop>3%,3,224,0.0028408205572466594,0.6742454646862767,153,0.004751125843668887,71,-0.001275752806451943,0.0031917482738822566,-0.0010902514242868125,-
SOLUSDT,>ema50 & ema20>ema50 & vol>1.5x,3,151,0.01107576377406676,1.9214778611386227,93,0.016733469165218673,58,0.002003925819288693,0.0031917482738822566,-0.0010902514242868125,-
SOLUSDT,>ema50 & ema20>ema50 & 20d_high,3,170,0.010186314286285556,2.0425520297889825,110,0.015262227006143877,60,0.0008804742998786405,0.0031917482738822566,-0.0010902514242868125,-
SOLUSDT,>ema50 & ema20>ema50 & 20d_low,3,9,0.010603847728988218,0.3874019975325867,3,0.05746082124956852,6,-0.012824639031301932,0.0031917482738822566,-0.0010902514242868125,-
SOLUSDT,>ema50 & ema20>ema50 & adx>25,3,438,0.004286901302717091,1.401040425608338,287,0.008671082729030593,151,-0.004045946838686715,0.0031917482738822566,-0.0010902514242868125,-
SOLUSDT,>ema50 & ema20>ema50 & btc>ema50,3,653,0.004082917462003438,1.9849139401055502,385,0.00871318002983775,268,-0.002568765704474954,0.0031917482738822566,-0.0010902514242868125,-
SOLUSDT,>ema50 & ema20>ema50 & funding<0,3,75,-0.0001244221122364579,-0.027893066787629307,35,0.004883377081240216,40,-0.004506246406528547,0.0031917482738822566,-0.0010902514242868125,-
SOLUSDT,>ema50 & >sma200 & macd>signal,3,433,0.006712251298894964,2.375493822179293,269,0.010484373778493332,164,0.0005250504024805659,0.0031917482738822566,-0.0010902514242868125,-
SOLUSDT,>ema50 & >sma200 & macd_hist_up,3,352,0.004865467360021634,1.5535955885631791,222,0.00802660138150633,130,-0.0005327768920522291,0.0031917482738822566,-0.0010902514242868125,-
SOLUSDT,>ema50 & >sma200 & <lower_bb,3,3,0.021398782461361215,0.9414163194770724,0,,3,0.021398782461361215,0.0031917482738822566,-0.0010902514242868125,-
SOLUSDT,>ema50 & >sma200 & >upper_bb,3,118,0.007835917465837533,1.3284121904311827,78,0.012771853350759949,40,-0.001789157509761189,0.0031917482738822566,-0.0010902514242868125,-
SOLUSDT,>ema50 & >sma200 & stoch<20,3,30,0.009076452578103874,0.8096379088115562,13,0.015142622506720445,17,0.004437616750338264,0.0031917482738822566,-0.0010902514242868125,-
SOLUSDT,>ema50 & >sma200 & dip>3%,3,124,0.006192935320795711,1.2752328475419032,81,0.00805144941974909,43,0.0026920134134649325,0.0031917482738822566,-0.0010902514242868125,-
SOLUSDT,>ema50 & >sma200 & pop>3%,3,226,0.005748112206340765,1.3311892957079836,148,0.007940575429423433,78,0.0015880537830557067,0.0031917482738822566,-0.0010902514242868125,-
SOLUSDT,>ema50 & >sma200 & vol>1.5x,3,144,0.01350941706657615,2.1822966264678176,94,0.01815740177092102,50,0.00477120582240779,0.0031917482738822566,-0.0010902514242868125,-
SOLUSDT,>ema50 & >sma200 & 20d_high,3,179,0.011966522407689015,2.4050329584599073,115,0.017532558218503008,64,0.00196505181013263,0.0031917482738822566,-0.0010902514242868125,WEAK
SOLUSDT,>ema50 & >sma200 & 20d_low,3,9,0.010603847728988218,0.3874019975325867,3,0.05746082124956852,6,-0.012824639031301932,0.0031917482738822566,-0.0010902514242868125,-
SOLUSDT,>ema50 & >sma200 & adx>25,3,395,0.005759163405906153,1.7681373392621746,252,0.01180552094632057,143,-0.004895956175803173,0.0031917482738822566,-0.0010902514242868125,-
SOLUSDT,>ema50 & >sma200 & btc>ema50,3,583,0.006584638686903667,2.959880019544083,346,0.011860805816411753,237,-0.001118120076006867,0.0031917482738822566,-0.0010902514242868125,-
SOLUSDT,>ema50 & >sma200 & funding<0,3,53,0.004621465785172225,0.8222017891071666,30,0.010762748616566124,23,-0.0033889031253415617,0.0031917482738822566,-0.0010902514242868125,-
SOLUSDT,>ema50 & macd>signal & macd_hist_up,3,323,0.006806323680121162,2.028751370732021,185,0.010510660875001384,138,0.0018403643971295629,0.0031917482738822566,-0.0010902514242868125,-
SOLUSDT,>ema50 & macd>signal & <lower_bb,3,0,,,0,,0,,0.0031917482738822566,-0.0010902514242868125,-
SOLUSDT,>ema50 & macd>signal & >upper_bb,3,156,0.0059886145348465505,1.1565458826411594,95,0.010813047990550325,61,-0.0015248474043642458,0.0031917482738822566,-0.0010902514242868125,-
SOLUSDT,>ema50 & macd>signal & stoch<20,3,0,,,0,,0,,0.0031917482738822566,-0.0010902514242868125,-
SOLUSDT,>ema50 & macd>signal & dip>3%,3,95,0.0021626755922398294,0.456688412627869,60,0.006899074815085518,35,-0.005956865932638495,0.0031917482738822566,-0.0010902514242868125,-
SOLUSDT,>ema50 & macd>signal & pop>3%,3,212,0.00953135291385339,1.9946427044856567,140,0.01207725796851978,72,0.004580981974224308,0.0031917482738822566,-0.0010902514242868125,-
SOLUSDT,>ema50 & macd>signal & vol>1.5x,3,167,0.012007032853719029,2.2108477393968666,107,0.01406645893513997,60,0.008334389675185032,0.0031917482738822566,-0.0010902514242868125,-
SOLUSDT,>ema50 & macd>signal & 20d_high,3,227,0.011648644636421178,2.6282234138156784,138,0.016916432502505345,89,0.0034806140126052844,0.0031917482738822566,-0.0010902514242868125,WEAK
SOLUSDT,>ema50 & macd>signal & 20d_low,3,0,,,0,,0,,0.0031917482738822566,-0.0010902514242868125,-
SOLUSDT,>ema50 & macd>signal & adx>25,3,292,0.007667417676346834,1.955032874348311,189,0.013978776917006651,103,-0.0039136201536017585,0.0031917482738822566,-0.0010902514242868125,-
SOLUSDT,>ema50 & macd>signal & btc>ema50,3,524,0.007612686909128547,3.2156847868739193,307,0.012375351666161036,217,0.0008747234049397251,0.0031917482738822566,-0.0010902514242868125,WEAK
SOLUSDT,>ema50 & macd>signal & funding<0,3,65,0.013134991316743432,1.8830104554351457,30,0.025749448207162837,35,0.0023225996963839495,0.0031917482738822566,-0.0010902514242868125,-
SOLUSDT,>ema50 & macd_hist_up & <lower_bb,3,0,,,0,,0,,0.0031917482738822566,-0.0010902514242868125,-
SOLUSDT,>ema50 & macd_hist_up & >upper_bb,3,160,0.0065423798769676505,1.2830843164408123,97,0.011391213862457644,63,-0.0009232851483105907,0.0031917482738822566,-0.0010902514242868125,-
SOLUSDT,>ema50 & macd_hist_up & stoch<20,3,4,0.0208124515439123,1.295213541782294,4,0.0208124515439123,0,,0.0031917482738822566,-0.0010902514242868125,-
SOLUSDT,>ema50 & macd_hist_up & dip>3%,3,16,0.013355216846854635,1.3389127938914154,14,0.020945069716958253,2,-0.03977375324387067,0.0031917482738822566,-0.0010902514242868125,-
SOLUSDT,>ema50 & macd_hist_up & pop>3%,3,256,0.005441764034831185,1.3383441477763618,164,0.007102884402869644,92,0.0024806364222408834,0.0031917482738822566,-0.0010902514242868125,-
SOLUSDT,>ema50 & macd_hist_up & vol>1.5x,3,139,0.010518396106179953,1.7092626351170908,92,0.012252043470253684,47,0.007124873606290951,0.0031917482738822566,-0.0010902514242868125,-
SOLUSDT,>ema50 & macd_hist_up & 20d_high,3,214,0.009889942378708038,2.1619851898501254,126,0.013550365897916677,88,0.0046488814307502095,0.0031917482738822566,-0.0010902514242868125,-
SOLUSDT,>ema50 & macd_hist_up & 20d_low,3,1,,,0,,1,,0.0031917482738822566,-0.0010902514242868125,-
SOLUSDT,>ema50 & macd_hist_up & adx>25,3,190,0.00672043662216335,1.317556187356499,134,0.013503865511877324,56,-0.009511339649652234,0.0031917482738822566,-0.0010902514242868125,-
SOLUSDT,>ema50 & macd_hist_up & btc>ema50,3,395,0.006538589964672692,2.4922551274031024,227,0.010923018014098689,168,0.0006143925407458938,0.0031917482738822566,-0.0010902514242868125,WEAK
SOLUSDT,>ema50 & macd_hist_up & funding<0,3,43,0.022591834670379,2.3257499696879327,26,0.03575869624698796,17,0.0024542816708594327,0.0031917482738822566,-0.0010902514242868125,-
SOLUSDT,>ema50 & <lower_bb & >upper_bb,3,0,,,0,,0,,0.0031917482738822566,-0.0010902514242868125,-
SOLUSDT,>ema50 & <lower_bb & stoch<20,3,1,,,0,,1,,0.0031917482738822566,-0.0010902514242868125,-
SOLUSDT,>ema50 & <lower_bb & dip>3%,3,2,0.000752471847299846,0.045692155673280554,0,,2,0.000752471847299846,0.0031917482738822566,-0.0010902514242868125,-
SOLUSDT,>ema50 & <lower_bb & pop>3%,3,0,,,0,,0,,0.0031917482738822566,-0.0010902514242868125,-
SOLUSDT,>ema50 & <lower_bb & vol>1.5x,3,1,,,0,,1,,0.0031917482738822566,-0.0010902514242868125,-
SOLUSDT,>ema50 & <lower_bb & 20d_high,3,0,,,0,,0,,0.0031917482738822566,-0.0010902514242868125,-
SOLUSDT,>ema50 & <lower_bb & 20d_low,3,3,0.021398782461361215,0.9414163194770724,0,,3,0.021398782461361215,0.0031917482738822566,-0.0010902514242868125,-
SOLUSDT,>ema50 & <lower_bb & adx>25,3,1,,,0,,1,,0.0031917482738822566,-0.0010902514242868125,-
SOLUSDT,>ema50 & <lower_bb & btc>ema50,3,3,0.021398782461361215,0.9414163194770724,0,,3,0.021398782461361215,0.0031917482738822566,-0.0010902514242868125,-
SOLUSDT,>ema50 & <lower_bb & funding<0,3,1,,,0,,1,,0.0031917482738822566,-0.0010902514242868125,-
SOLUSDT,>ema50 & >upper_bb & stoch<20,3,0,,,0,,0,,0.0031917482738822566,-0.0010902514242868125,-
SOLUSDT,>ema50 & >upper_bb & dip>3%,3,4,0.027832148068987317,1.0024632596647602,3,0.05142899615754346,1,,0.0031917482738822566,-0.0010902514242868125,-
SOLUSDT,>ema50 & >upper_bb & pop>3%,3,115,0.005616256323516918,0.8280644021809946,76,0.010483293202199536,39,-0.003868225799044087,0.0031917482738822566,-0.0010902514242868125,-
SOLUSDT,>ema50 & >upper_bb & vol>1.5x,3,100,0.003943767926632094,0.5776715348133566,69,0.005853499558319092,31,-0.0003069250600260624,0.0031917482738822566,-0.0010902514242868125,-
SOLUSDT,>ema50 & >upper_bb & 20d_high,3,147,0.006383916964021594,1.1738346619289768,88,0.010499252286482378,59,0.0002457897034021249,0.0031917482738822566,-0.0010902514242868125,-
SOLUSDT,>ema50 & >upper_bb & 20d_low,3,0,,,0,,0,,0.0031917482738822566,-0.0010902514242868125,-
SOLUSDT,>ema50 & >upper_bb & adx>25,3,72,0.011218211711886536,1.1230190913634888,58,0.01735389823372403,14,-0.014201061021440212,0.0031917482738822566,-0.0010902514242868125,-
SOLUSDT,>ema50 & >upper_bb & btc>ema50,3,148,0.008895792233637878,1.9166892425298612,90,0.01530644167403045,58,-0.0010517672428333503,0.0031917482738822566,-0.0010902514242868125,-
SOLUSDT,>ema50 & >upper_bb & funding<0,3,13,0.05150149551484647,1.9248079680722285,12,0.05512679738802415,1,,0.0031917482738822566,-0.0010902514242868125,-
SOLUSDT,>ema50 & stoch<20 & dip>3%,3,16,0.02459813428818706,1.5127194566076019,9,0.029951686855685087,7,0.01771499527283246,0.0031917482738822566,-0.0010902514242868125,-
SOLUSDT,>ema50 & stoch<20 & pop>3%,3,1,,,1,,0,,0.0031917482738822566,-0.0010902514242868125,-
SOLUSDT,>ema50 & stoch<20 & vol>1.5x,3,0,,,0,,0,,0.0031917482738822566,-0.0010902514242868125,-
SOLUSDT,>ema50 & stoch<20 & 20d_high,3,0,,,0,,0,,0.0031917482738822566,-0.0010902514242868125,-
SOLUSDT,>ema50 & stoch<20 & 20d_low,3,5,0.038548406810118785,1.004718130608883,3,0.05746082124956852,2,0.010179785150944183,0.0031917482738822566,-0.0010902514242868125,-
SOLUSDT,>ema50 & stoch<20 & adx>25,3,21,0.011844873300400125,0.7452112306051987,12,0.02123730421717737,9,-0.0006783679219695311,0.0031917482738822566,-0.0010902514242868125,-
SOLUSDT,>ema50 & stoch<20 & btc>ema50,3,25,0.0011610827273567396,0.11173326131615312,11,-0.003101048641014742,14,0.004509900231077189,0.0031917482738822566,-0.0010902514242868125,-
SOLUSDT,>ema50 & stoch<20 & funding<0,3,6,0.014774691601976002,0.7441185375055469,2,0.04240235486490956,4,0.0009608599705092221,0.0031917482738822566,-0.0010902514242868125,-
SOLUSDT,>ema50 & dip>3% & pop>3%,3,0,,,0,,0,,0.0031917482738822566,-0.0010902514242868125,-
SOLUSDT,>ema50 & dip>3% & vol>1.5x,3,33,0.011811668477112782,1.3732810109705693,17,0.021114333075123982,16,0.0019275873417258825,0.0031917482738822566,-0.0010902514242868125,-
SOLUSDT,>ema50 & dip>3% & 20d_high,3,0,,,0,,0,,0.0031917482738822566,-0.0010902514242868125,-
SOLUSDT,>ema50 & dip>3% & 20d_low,3,6,0.023523008875520373,0.6917900843236345,2,0.08340724324353184,4,-0.006419108308485361,0.0031917482738822566,-0.0010902514242868125,-
SOLUSDT,>ema50 & dip>3% & adx>25,3,105,0.006091101386519641,1.103676951108428,72,0.008605239391916772,33,0.0006057093747440788,0.0031917482738822566,-0.0010902514242868125,-
SOLUSDT,>ema50 & dip>3% & btc>ema50,3,127,0.001911996558808999,0.4413386893040096,80,0.005680561249119721,47,-0.004502581637464572,0.0031917482738822566,-0.0010902514242868125,-
SOLUSDT,>ema50 & dip>3% & funding<0,3,15,0.0026727092687452722,0.3194279036293341,4,0.010060240015762507,11,-1.366554835190443e-05,0.0031917482738822566,-0.0010902514242868125,-
SOLUSDT,>ema50 & pop>3% & vol>1.5x,3,95,0.014791125917091,1.7200506103648712,69,0.01719548438220012,26,0.008410328451993715,0.0031917482738822566,-0.0010902514242868125,-
SOLUSDT,>ema50 & pop>3% & 20d_high,3,158,0.01440042648391699,2.4160972713286815,106,0.020206713132275414,52,0.0025645344699555986,0.0031917482738822566,-0.0010902514242868125,WEAK
SOLUSDT,>ema50 & pop>3% & 20d_low,3,0,,,0,,0,,0.0031917482738822566,-0.0010902514242868125,-
SOLUSDT,>ema50 & pop>3% & adx>25,3,145,0.002742356181773168,0.4291181759680118,102,0.007757659696297106,43,-0.009154410294539417,0.0031917482738822566,-0.0010902514242868125,-
SOLUSDT,>ema50 & pop>3% & btc>ema50,3,250,0.007581144229745534,2.013797459716985,165,0.010129297815218657,85,0.0026347284461800593,0.0031917482738822566,-0.0010902514242868125,-
SOLUSDT,>ema50 & pop>3% & funding<0,3,32,0.025252765858729414,2.045037623534202,21,0.03695139236501463,11,0.0029190243467303797,0.0031917482738822566,-0.0010902514242868125,-
SOLUSDT,>ema50 & vol>1.5x & 20d_high,3,112,0.01354538726320629,1.876982238921073,74,0.01675346467668146,38,0.007298078615912535,0.0031917482738822566,-0.0010902514242868125,-
SOLUSDT,>ema50 & vol>1.5x & 20d_low,3,1,,,0,,1,,0.0031917482738822566,-0.0010902514242868125,-
SOLUSDT,>ema50 & vol>1.5x & adx>25,3,107,0.014409907900439441,1.8581316240383046,72,0.021709568442407744,35,-0.000606536643038207,0.0031917482738822566,-0.0010902514242868125,-
SOLUSDT,>ema50 & vol>1.5x & btc>ema50,3,154,0.014956898425636975,3.041046716699403,97,0.018813913317294595,57,0.00839320641702665,0.0031917482738822566,-0.0010902514242868125,WEAK
SOLUSDT,>ema50 & vol>1.5x & funding<0,3,16,0.001422274141741316,0.1932111406419337,11,-0.0007062842812243622,5,0.006105102672265808,0.0031917482738822566,-0.0010902514242868125,-
SOLUSDT,>ema50 & 20d_high & 20d_low,3,0,,,0,,0,,0.0031917482738822566,-0.0010902514242868125,-
SOLUSDT,>ema50 & 20d_high & adx>25,3,108,0.013838840911198304,1.7269253116030996,80,0.022905225539924197,28,-0.01206511517087567,0.0031917482738822566,-0.0010902514242868125,-
SOLUSDT,>ema50 & 20d_high & btc>ema50,3,216,0.014138302839234777,3.452370720008377,132,0.01971957775519726,84,0.005367727971293733,0.0031917482738822566,-0.0010902514242868125,WEAK
SOLUSDT,>ema50 & 20d_high & funding<0,3,19,0.045875174468630674,2.402974482433682,15,0.054312919681060404,4,0.014233629922019257,0.0031917482738822566,-0.0010902514242868125,-
SOLUSDT,>ema50 & 20d_low & adx>25,3,4,0.04740080736714957,0.9835084279273888,3,0.05746082124956852,1,,0.0031917482738822566,-0.0010902514242868125,-
SOLUSDT,>ema50 & 20d_low & btc>ema50,3,6,-0.012824639031301932,-0.5324588872976841,0,,6,-0.012824639031301932,0.0031917482738822566,-0.0010902514242868125,-
SOLUSDT,>ema50 & 20d_low & funding<0,3,1,,,0,,1,,0.0031917482738822566,-0.0010902514242868125,-
SOLUSDT,>ema50 & adx>25 & btc>ema50,3,387,0.006261591260084664,2.01962730051561,246,0.012323191309334448,141,-0.004313966272648996,0.0031917482738822566,-0.0010902514242868125,-
SOLUSDT,>ema50 & adx>25 & funding<0,3,49,0.004555255664612983,0.49574623595294637,24,0.01973421608498672,25,-0.0100165463389458,0.0031917482738822566,-0.0010902514242868125,-
SOLUSDT,>ema50 & btc>ema50 & funding<0,3,90,0.011329136220180093,2.031324639674753,40,0.024362936847220962,50,0.0009020957185473982,0.0031917482738822566,-0.0010902514242868125,-
SOLUSDT,ema20>ema50 & >sma200 & macd>signal,3,391,0.006581777254645472,2.2187106318502976,250,0.011106631923238016,141,-0.001441014710944141,0.0031917482738822566,-0.0010902514242868125,-
SOLUSDT,ema20>ema50 & >sma200 & macd_hist_up,3,339,0.004491577934716062,1.389556660034054,214,0.008529236737877276,125,-0.0024208939362959296,0.0031917482738822566,-0.0010902514242868125,-
SOLUSDT,ema20>ema50 & >sma200 & <lower_bb,3,28,0.01893930963150272,1.045098940918492,10,0.041429967945166,18,0.006444499457245353,0.0031917482738822566,-0.0010902514242868125,-
SOLUSDT,ema20>ema50 & >sma200 & >upper_bb,3,107,0.007847297701015282,1.2339455379309145,72,0.012734139721504589,35,-0.0022056344554198643,0.0031917482738822566,-0.0010902514242868125,-
SOLUSDT,ema20>ema50 & >sma200 & stoch<20,3,60,0.009333049563968599,1.0391839399511613,29,0.015737660195312295,31,0.0033416396185180497,0.0031917482738822566,-0.0010902514242868125,-
SOLUSDT,ema20>ema50 & >sma200 & dip>3%,3,168,0.006352059204121427,1.2655978891224802,104,0.010111222309025635,64,0.00024341915865209052,0.0031917482738822566,-0.0010902514242868125,-
SOLUSDT,ema20>ema50 & >sma200 & pop>3%,3,214,0.0035453110137555056,0.8048106996528367,142,0.00745455069980371,72,-0.004164578367061782,0.0031917482738822566,-0.0010902514242868125,-
SOLUSDT,ema20>ema50 & >sma200 & vol>1.5x,3,149,0.013969165573917162,2.1795872988899547,92,0.023062526640380082,57,-0.0007078382526545655,0.0031917482738822566,-0.0010902514242868125,-
SOLUSDT,ema20>ema50 & >sma200 & 20d_high,3,160,0.012269853806383194,2.358993063016011,105,0.018425080149038733,55,0.0005189671522226238,0.0031917482738822566,-0.0010902514242868125,-
SOLUSDT,ema20>ema50 & >sma200 & 20d_low,3,39,0.01684357079703313,1.1530985766000248,15,0.038779472160200265,24,0.003133632445053675,0.0031917482738822566,-0.0010902514242868125,-
SOLUSDT,ema20>ema50 & >sma200 & adx>25,3,429,0.0061239766412029125,1.8660577001765715,266,0.012190980164437648,163,-0.003776777574628003,0.0031917482738822566,-0.0010902514242868125,-
SOLUSDT,ema20>ema50 & >sma200 & btc>ema50,3,578,0.005038818416935949,2.2719958100380104,342,0.011306168613233112,236,-0.0040435280539692624,0.0031917482738822566,-0.0010902514242868125,-
SOLUSDT,ema20>ema50 & >sma200 & funding<0,3,76,0.0021872580854488026,0.3246289199096461,35,0.005134438596200518,41,-0.00032862771641241985,0.0031917482738822566,-0.0010902514242868125,-
SOLUSDT,ema20>ema50 & macd>signal & macd_hist_up,3,204,0.006777572134197232,1.557519262855961,127,0.01117249111931429,77,-0.00047119034774908904,0.0031917482738822566,-0.0010902514242868125,-
SOLUSDT,ema20>ema50 & macd>signal & <lower_bb,3,0,,,0,,0,,0.0031917482738822566,-0.0010902514242868125,-
SOLUSDT,ema20>ema50 & macd>signal & >upper_bb,3,113,0.005760743258154726,0.9561396562925688,74,0.009920402958482993,39,-0.002131944378365575,0.0031917482738822566,-0.0010902514242868125,-
SOLUSDT,ema20>ema50 & macd>signal & stoch<20,3,0,,,0,,0,,0.0031917482738822566,-0.0010902514242868125,-
SOLUSDT,ema20>ema50 & macd>signal & dip>3%,3,87,0.001684534432162841,0.33701204026207715,56,0.007643889306015353,31,-0.009080751791570729,0.0031917482738822566,-0.0010902514242868125,-
SOLUSDT,ema20>ema50 & macd>signal & pop>3%,3,145,0.008426180965998032,1.4481086133636736,102,0.011832761713951508,43,0.0003454545406200205,0.0031917482738822566,-0.0010902514242868125,-
SOLUSDT,ema20>ema50 & macd>signal & vol>1.5x,3,137,0.011884862485341909,1.9675503979432407,87,0.016719561802539785,50,0.003472485673417611,0.0031917482738822566,-0.0010902514242868125,-
SOLUSDT,ema20>ema50 & macd>signal & 20d_high,3,163,0.010779052254916752,2.1100097306466195,106,0.015904945967322618,57,0.001246688509039174,0.0031917482738822566,-0.0010902514242868125,-
SOLUSDT,ema20>ema50 & macd>signal & 20d_low,3,0,,,0,,0,,0.0031917482738822566,-0.0010902514242868125,-
SOLUSDT,ema20>ema50 & macd>signal & adx>25,3,264,0.006705537077774947,1.6443475001694752,176,0.01152661621289783,88,-0.0029366211924708174,0.0031917482738822566,-0.0010902514242868125,-
SOLUSDT,ema20>ema50 & macd>signal & btc>ema50,3,402,0.006231889107067523,2.330490846724358,245,0.01156809483873851,157,-0.002095310920062359,0.0031917482738822566,-0.0010902514242868125,-
SOLUSDT,ema20>ema50 & macd>signal & funding<0,3,40,0.00012109457081076296,0.02131464676107085,18,0.006747200597380634,22,-0.005300264905473678,0.0031917482738822566,-0.0010902514242868125,-
SOLUSDT,ema20>ema50 & macd_hist_up & <lower_bb,3,0,,,0,,0,,0.0031917482738822566,-0.0010902514242868125,-
SOLUSDT,ema20>ema50 & macd_hist_up & >upper_bb,3,117,0.006525819667096123,1.105940761689055,76,0.010681815848471733,41,-0.0011779781325269674,0.0031917482738822566,-0.0010902514242868125,-
SOLUSDT,ema20>ema50 & macd_hist_up & stoch<20,3,12,0.009908319338944836,1.0158232649129944,7,0.020366355883352803,5,-0.0047329318232263206,0.0031917482738822566,-0.0010902514242868125,-
SOLUSDT,ema20>ema50 & macd_hist_up & dip>3%,3,19,0.017535090585421756,1.1603672147287993,14,0.02350686658211699,5,0.0008141177946750927,0.0031917482738822566,-0.0010902514242868125,-
SOLUSDT,ema20>ema50 & macd_hist_up & pop>3%,3,202,0.0024870846412925187,0.5535634553338752,133,0.005482208253005477,69,-0.00328612463925565,0.0031917482738822566,-0.0010902514242868125,-
SOLUSDT,ema20>ema50 & macd_hist_up & vol>1.5x,3,119,0.010728197395447595,1.6007699374348248,75,0.015093084514600456,44,0.003288048896891593,0.0031917482738822566,-0.0010902514242868125,-
SOLUSDT,ema20>ema50 & macd_hist_up & 20d_high,3,152,0.0093873809950047,1.763418222524395,96,0.013088476535847222,56,0.0030426457821318025,0.0031917482738822566,-0.0010902514242868125,-
SOLUSDT,ema20>ema50 & macd_hist_up & 20d_low,3,4,-0.027846962600998944,-0.6925062637361549,0,,4,-0.027846962600998944,0.0031917482738822566,-0.0010902514242868125,-
SOLUSDT,ema20>ema50 & macd_hist_up & adx>25,3,191,0.00637419559417665,1.2698846990346762,131,0.009939971396649922,60,-0.0014110815745566668,0.0031917482738822566,-0.0010902514242868125,-
SOLUSDT,ema20>ema50 & macd_hist_up & btc>ema50,3,309,0.004152889721967712,1.45833299295742,178,0.009300027298746722,131,-0.002840930802205294,0.0031917482738822566,-0.0010902514242868125,-
SOLUSDT,ema20>ema50 & macd_hist_up & funding<0,3,37,0.01314520588253677,1.6821226615790976,19,0.0176115341013464,18,0.008430748318237714,0.0031917482738822566,-0.0010902514242868125,-
SOLUSDT,ema20>ema50 & <lower_bb & >upper_bb,3,0,,,0,,0,,0.0031917482738822566,-0.0010902514242868125,-
SOLUSDT,ema20>ema50 & <lower_bb & stoch<20,3,26,0.0059087960804663974,0.3846313812662199,11,0.010473440866312246,15,0.0025613899041794425,0.0031917482738822566,-0.0010902514242868125,-
SOLUSDT,ema20>ema50 & <lower_bb & dip>3%,3,29,0.015178606857227746,0.855752004417841,11,0.025724589391906586,18,0.00873383975270179,0.0031917482738822566,-0.0010902514242868125,-
SOLUSDT,ema20>ema50 & <lower_bb & pop>3%,3,0,,,0,,0,,0.0031917482738822566,-0.0010902514242868125,-
SOLUSDT,ema20>ema50 & <lower_bb & vol>1.5x,3,10,0.06661113926592609,1.6910902658015454,3,0.1781367426446271,7,0.018814452103625652,0.0031917482738822566,-0.0010902514242868125,-
SOLUSDT,ema20>ema50 & <lower_bb & 20d_high,3,0,,,0,,0,,0.0031917482738822566,-0.0010902514242868125,-
SOLUSDT,ema20>ema50 & <lower_bb & 20d_low,3,35,0.016195063290468516,1.0840433820524658,13,0.02628854063601502,22,0.010230735768100142,0.0031917482738822566,-0.0010902514242868125,-
SOLUSDT,ema20>ema50 & <lower_bb & adx>25,3,19,0.02227361533232054,0.870332882325585,6,0.06258271925651791,13,0.0036694135211525333,0.0031917482738822566,-0.0010902514242868125,-
SOLUSDT,ema20>ema50 & <lower_bb & btc>ema50,3,15,-0.0021322760441295505,-0.18205895982773432,2,0.007136539799387671,13,-0.0035582477123629673,0.0031917482738822566,-0.0010902514242868125,-
SOLUSDT,ema20>ema50 & <lower_bb & funding<0,3,14,0.03302092925151599,1.509320153144498,5,0.05631312741003047,9,0.020080819163452397,0.0031917482738822566,-0.0010902514242868125,-
SOLUSDT,ema20>ema50 & >upper_bb & stoch<20,3,0,,,0,,0,,0.0031917482738822566,-0.0010902514242868125,-
SOLUSDT,ema20>ema50 & >upper_bb & dip>3%,3,4,0.027832148068987317,1.0024632596647602,3,0.05142899615754346,1,,0.0031917482738822566,-0.0010902514242868125,-
SOLUSDT,ema20>ema50 & >upper_bb & pop>3%,3,84,0.004074541440270106,0.5236323334768886,58,0.009535622534997467,26,-0.008107870232583235,0.0031917482738822566,-0.0010902514242868125,-
SOLUSDT,ema20>ema50 & >upper_bb & vol>1.5x,3,81,0.006378317183781854,0.8139078417528537,55,0.010730512975869603,26,-0.002828250837942232,0.0031917482738822566,-0.0010902514242868125,-
SOLUSDT,ema20>ema50 & >upper_bb & 20d_high,3,108,0.00591297603877899,0.9503362448673423,69,0.009399347207401022,39,-0.00025521910570615303,0.0031917482738822566,-0.0010902514242868125,-
SOLUSDT,ema20>ema50 & >upper_bb & 20d_low,3,0,,,0,,0,,0.0031917482738822566,-0.0010902514242868125,-
SOLUSDT,ema20>ema50 & >upper_bb & adx>25,3,65,0.007002774572953065,0.7069651481059748,51,0.012823435324355138,14,-0.014201061021440212,0.0031917482738822566,-0.0010902514242868125,-
SOLUSDT,ema20>ema50 & >upper_bb & btc>ema50,3,111,0.009416661977496965,1.9426707867531203,71,0.014770066273365318,40,-8.56306476693533e-05,0.0031917482738822566,-0.0010902514242868125,-
SOLUSDT,ema20>ema50 & >upper_bb & funding<0,3,8,0.02997448325178421,1.660285489856624,7,0.0331139989967942,1,,0.0031917482738822566,-0.0010902514242868125,-
SOLUSDT,ema20>ema50 & stoch<20 & dip>3%,3,49,0.009837892932366126,0.9595878507450868,26,0.014961925158451152,23,0.004045508676791752,0.0031917482738822566,-0.0010902514242868125,-
SOLUSDT,ema20>ema50 & stoch<20 & pop>3%,3,2,0.02452131658157753,2.745224489058464,2,0.02452131658157753,0,,0.0031917482738822566,-0.0010902514242868125,-
SOLUSDT,ema20>ema50 & stoch<20 & vol>1.5x,3,4,0.06958546683018425,0.9204905534655723,1,,3,-0.001045908171999214,0.0031917482738822566,-0.0010902514242868125,-
SOLUSDT,ema20>ema50 & stoch<20 & 20d_high,3,0,,,0,,0,,0.0031917482738822566,-0.0010902514242868125,-
SOLUSDT,ema20>ema50 & stoch<20 & 20d_low,3,36,0.0032008855980501325,0.2436910860350674,18,0.007389308865909693,18,-0.0009875376698094277,0.0031917482738822566,-0.0010902514242868125,-
SOLUSDT,ema20>ema50 & stoch<20 & adx>25,3,45,0.008218405009264998,0.7085962956809729,20,0.01667845884543722,25,0.001450361940327216,0.0031917482738822566,-0.0010902514242868125,-
SOLUSDT,ema20>ema50 & stoch<20 & btc>ema50,3,53,0.0018797816253949523,0.3292861698122086,18,0.002410353267339494,35,0.00160691620953776,0.0031917482738822566,-0.0010902514242868125,-
SOLUSDT,ema20>ema50 & stoch<20 & funding<0,3,29,0.006773370927027677,0.8308045215147405,10,-0.0027050438985842086,19,0.011762010308928667,0.0031917482738822566,-0.0010902514242868125,-
SOLUSDT,ema20>ema50 & dip>3% & pop>3%,3,0,,,0,,0,,0.0031917482738822566,-0.0010902514242868125,-
SOLUSDT,ema20>ema50 & dip>3% & vol>1.5x,3,41,0.027107591779493272,2.302643003339668,19,0.049172195760113856,22,0.00805179743259367,0.0031917482738822566,-0.0010902514242868125,-
SOLUSDT,ema20>ema50 & dip>3% & 20d_high,3,0,,,0,,0,,0.0031917482738822566,-0.0010902514242868125,-
SOLUSDT,ema20>ema50 & dip>3% & 20d_low,3,37,0.01743497362717778,1.139716909886046,15,0.031600952663370215,22,0.00777635155704658,0.0031917482738822566,-0.0010902514242868125,-
SOLUSDT,ema20>ema50 & dip>3% & adx>25,3,132,0.007397720304139471,1.2220604799490342,83,0.011311740654531879,49,0.0007678490983727387,0.0031917482738822566,-0.0010902514242868125,-
SOLUSDT,ema20>ema50 & dip>3% & btc>ema50,3,137,0.0009939430324812175,0.24375697315649741,81,0.0075575272928063335,56,-0.008499812772631897,0.0031917482738822566,-0.0010902514242868125,-
SOLUSDT,ema20>ema50 & dip>3% & funding<0,3,28,0.013243779856623132,1.0806666159161162,7,0.03757515030799709,21,0.00513332303949848,0.0031917482738822566,-0.0010902514242868125,-
SOLUSDT,ema20>ema50 & pop>3% & vol>1.5x,3,80,0.014662829903687714,1.5782838583476824,55,0.02151595452754756,25,-0.00041404426880395123,0.0031917482738822566,-0.0010902514242868125,-
SOLUSDT,ema20>ema50 & pop>3% & 20d_high,3,115,0.012156478166948582,1.774027794524634,82,0.018049893261924747,33,-0.002487765402386129,0.0031917482738822566,-0.0010902514242868125,-
SOLUSDT,ema20>ema50 & pop>3% & 20d_low,3,0,,,0,,0,,0.0031917482738822566,-0.0010902514242868125,-
SOLUSDT,ema20>ema50 & pop>3% & adx>25,3,145,-0.0003385680288435762,-0.05640490127568968,103,0.0033920484891257338,42,-0.00948746091814926,0.0031917482738822566,-0.0010902514242868125,-
SOLUSDT,ema20>ema50 & pop>3% & btc>ema50,3,197,0.0036606278860212586,0.9153384914379333,131,0.007863481961492341,66,-0.004681400657716799,0.0031917482738822566,-0.0010902514242868125,-
SOLUSDT,ema20>ema50 & pop>3% & funding<0,3,26,0.007823493626401355,0.9864364641917808,15,0.015483839760840662,11,-0.0026224329205613325,0.0031917482738822566,-0.0010902514242868125,-
SOLUSDT,ema20>ema50 & vol>1.5x & 20d_high,3,90,0.01355307112283689,1.6730389776424825,59,0.02042254907042828,31,0.00047890341613068853,0.0031917482738822566,-0.0010902514242868125,-
SOLUSDT,ema20>ema50 & vol>1.5x & 20d_low,3,9,0.08150170428879348,1.9990256373790327,3,0.1781367426446271,6,0.03318418511087668,0.0031917482738822566,-0.0010902514242868125,-
SOLUSDT,ema20>ema50 & vol>1.5x & adx>25,3,111,0.019581792946426858,2.3473450514202385,70,0.029773638416796297,41,0.0021810811677473174,0.0031917482738822566,-0.0010902514242868125,-
SOLUSDT,ema20>ema50 & vol>1.5x & btc>ema50,3,132,0.014042052226870457,2.7537143009497176,78,0.021921040293815402,54,0.0026612916857277585,0.0031917482738822566,-0.0010902514242868125,WEAK
SOLUSDT,ema20>ema50 & vol>1.5x & funding<0,3,22,0.017484062342178256,1.13562733736693,9,0.030557423847811335,13,0.008433273607509202,0.0031917482738822566,-0.0010902514242868125,-
SOLUSDT,ema20>ema50 & 20d_high & 20d_low,3,0,,,0,,0,,0.0031917482738822566,-0.0010902514242868125,-
SOLUSDT,ema20>ema50 & 20d_high & adx>25,3,95,0.01157330973232244,1.4088834171237168,71,0.01762035365977338,24,-0.0063158618863865855,0.0031917482738822566,-0.0010902514242868125,-
SOLUSDT,ema20>ema50 & 20d_high & btc>ema50,3,162,0.012214639545509241,2.819130397698927,105,0.01730867261523232,57,0.0028308944170719955,0.0031917482738822566,-0.0010902514242868125,WEAK
SOLUSDT,ema20>ema50 & 20d_high & funding<0,3,9,0.02278265972767757,1.6773915889555164,7,0.021063311549951835,2,0.028800378349717642,0.0031917482738822566,-0.0010902514242868125,-
SOLUSDT,ema20>ema50 & 20d_low & adx>25,3,27,0.023378392660984737,1.1940728680057824,12,0.04123062651102189,15,0.009096605580955016,0.0031917482738822566,-0.0010902514242868125,-
SOLUSDT,ema20>ema50 & 20d_low & btc>ema50,3,21,-0.009399440563203906,-0.9461894138640815,4,-0.005696366213644444,17,-0.010270752174864957,0.0031917482738822566,-0.0010902514242868125,-
SOLUSDT,ema20>ema50 & 20d_low & funding<0,3,15,0.024464463073594768,1.1256873892648271,7,0.022936352932707717,8,0.025801559446870938,0.0031917482738822566,-0.0010902514242868125,-
SOLUSDT,ema20>ema50 & adx>25 & btc>ema50,3,382,0.004650420091437544,1.5412793249644186,235,0.010350952161067276,147,-0.004462675394024951,0.0031917482738822566,-0.0010902514242868125,-
SOLUSDT,ema20>ema50 & adx>25 & funding<0,3,67,-0.0006048469741263936,-0.091237811047241,23,0.006858122663572095,44,-0.004505944739286966,0.0031917482738822566,-0.0010902514242868125,-
SOLUSDT,ema20>ema50 & btc>ema50 & funding<0,3,89,0.0015872115084935264,0.4069060022273997,30,0.011386036149864647,59,-0.0033952416989833155,0.0031917482738822566,-0.0010902514242868125,-
SOLUSDT,>sma200 & macd>signal & macd_hist_up,3,276,0.006325429539696191,1.7558579351321053,163,0.00936500972570054,113,0.0019409023687341656,0.0031917482738822566,-0.0010902514242868125,-
SOLUSDT,>sma200 & macd>signal & <lower_bb,3,0,,,0,,0,,0.0031917482738822566,-0.0010902514242868125,-
SOLUSDT,>sma200 & macd>signal & >upper_bb,3,114,0.007123520597281285,1.182518997261791,76,0.012085478628989024,38,-0.002800395466134192,0.0031917482738822566,-0.0010902514242868125,-
SOLUSDT,>sma200 & macd>signal & stoch<20,3,4,-0.009687987984678435,-0.7109619375121478,3,-0.017431691178503832,1,,0.0031917482738822566,-0.0010902514242868125,-
SOLUSDT,>sma200 & macd>signal & dip>3%,3,90,0.006208395372175794,1.3165742497152528,55,0.010823875170214697,35,-0.001044501453313907,0.0031917482738822566,-0.0010902514242868125,-
SOLUSDT,>sma200 & macd>signal & pop>3%,3,171,0.00924206262342985,1.7453016874315996,111,0.013864995933918534,60,0.0006896359990257746,0.0031917482738822566,-0.0010902514242868125,-
SOLUSDT,>sma200 & macd>signal & vol>1.5x,3,138,0.012471941216435103,1.9875251494523694,91,0.0168249311404358,47,0.004043811789114613,0.0031917482738822566,-0.0010902514242868125,-
SOLUSDT,>sma200 & macd>signal & 20d_high,3,173,0.012046613514430272,2.364850093629546,112,0.017322036027905663,61,0.0023605918503443054,0.0031917482738822566,-0.0010902514242868125,-
SOLUSDT,>sma200 & macd>signal & 20d_low,3,0,,,0,,0,,0.0031917482738822566,-0.0010902514242868125,-
SOLUSDT,>sma200 & macd>signal & adx>25,3,279,0.006722828039676221,1.7674928168848696,167,0.013051206025325763,112,-0.0027132355639262235,0.0031917482738822566,-0.0010902514242868125,-
SOLUSDT,>sma200 & macd>signal & btc>ema50,3,394,0.009634354534646172,3.5332131137207257,238,0.015213486073788833,156,0.0011226025710823716,0.0031917482738822566,-0.0010902514242868125,WEAK
SOLUSDT,>sma200 & macd>signal & funding<0,3,44,0.0006420423665117145,0.09592387061568329,22,0.006479202403362749,22,-0.00519511767033932,0.0031917482738822566,-0.0010902514242868125,-
SOLUSDT,>sma200 & macd_hist_up & <lower_bb,3,0,,,0,,0,,0.0031917482738822566,-0.0010902514242868125,-
SOLUSDT,>sma200 & macd_hist_up & >upper_bb,3,118,0.007835917465837533,1.3284121904311827,78,0.012771853350759949,40,-0.001789157509761189,0.0031917482738822566,-0.0010902514242868125,-
SOLUSDT,>sma200 & macd_hist_up & stoch<20,3,8,0.008853477705169272,0.38165209380873183,4,-0.0030209289688269726,4,0.020727884379165517,0.0031917482738822566,-0.0010902514242868125,-
SOLUSDT,>sma200 & macd_hist_up & dip>3%,3,25,0.009840691569325526,0.7992745780871862,16,0.020463757359461543,9,-0.009044758724249615,0.0031917482738822566,-0.0010902514242868125,-
SOLUSDT,>sma200 & macd_hist_up & pop>3%,3,243,0.005326374142241298,1.3064496722157477,152,0.009795201607777712,91,-0.0021380409650283215,0.0031917482738822566,-0.0010902514242868125,-
SOLUSDT,>sma200 & macd_hist_up & vol>1.5x,3,120,0.01177210455497107,1.7191004990150616,80,0.01613874809828767,40,0.0030388174683378616,0.0031917482738822566,-0.0010902514242868125,-
SOLUSDT,>sma200 & macd_hist_up & 20d_high,3,161,0.01141127946303418,2.150818824899218,101,0.01578111853359755,60,0.0040553836942525115,0.0031917482738822566,-0.0010902514242868125,-
SOLUSDT,>sma200 & macd_hist_up & 20d_low,3,2,-0.01903281406728726,-0.20049316292764596,0,,2,-0.01903281406728726,0.0031917482738822566,-0.0010902514242868125,-
SOLUSDT,>sma200 & macd_hist_up & adx>25,3,253,0.006632473779877646,1.6458535957601332,145,0.012661657456124449,108,-0.0014622635632314908,0.0031917482738822566,-0.0010902514242868125,-
SOLUSDT,>sma200 & macd_hist_up & btc>ema50,3,312,0.0075509633360450225,2.5736844140534143,176,0.012042817269821916,136,0.0017379758923337495,0.0031917482738822566,-0.0010902514242868125,WEAK
SOLUSDT,>sma200 & macd_hist_up & funding<0,3,52,0.0069135115983120585,1.0636118277796855,23,0.008589340606796957,29,0.0055844058329619665,0.0031917482738822566,-0.0010902514242868125,-
SOLUSDT,>sma200 & <lower_bb & >upper_bb,3,0,,,0,,0,,0.0031917482738822566,-0.0010902514242868125,-
SOLUSDT,>sma200 & <lower_bb & stoch<20,3,26,0.004002782877528539,0.25136360801530705,16,0.00020100191068204987,10,0.010085632424482923,0.0031917482738822566,-0.0010902514242868125,-
SOLUSDT,>sma200 & <lower_bb & dip>3%,3,29,0.012333223437260777,0.6990999967324347,15,0.020332210379721837,14,0.0037628802846239487,0.0031917482738822566,-0.0010902514242868125,-
SOLUSDT,>sma200 & <lower_bb & pop>3%,3,0,,,0,,0,,0.0031917482738822566,-0.0010902514242868125,-
SOLUSDT,>sma200 & <lower_bb & vol>1.5x,3,11,0.06702203559310604,1.8521752493288908,5,0.14330432303419388,6,0.003453462725532835,0.0031917482738822566,-0.0010902514242868125,-
SOLUSDT,>sma200 & <lower_bb & 20d_high,3,0,,,0,,0,,0.0031917482738822566,-0.0010902514242868125,-
SOLUSDT,>sma200 & <lower_bb & 20d_low,3,33,0.011961417968406687,0.7507231724984013,16,0.013207616049195233,17,0.010788525657076286,0.0031917482738822566,-0.0010902514242868125,-
SOLUSDT,>sma200 & <lower_bb & adx>25,3,14,0.02787730708478552,0.8285860510716443,5,0.07962505955920048,9,-0.0008714442898894513,0.0031917482738822566,-0.0010902514242868125,-
SOLUSDT,>sma200 & <lower_bb & btc>ema50,3,10,-0.007730262866191303,-0.4539484141924888,0,,10,-0.007730262866191303,0.0031917482738822566,-0.0010902514242868125,-
SOLUSDT,>sma200 & <lower_bb & funding<0,3,10,0.05984292288103364,1.9919406842398597,3,0.1417081277290203,7,0.024757835089039344,0.0031917482738822566,-0.0010902514242868125,-
SOLUSDT,>sma200 & >upper_bb & stoch<20,3,0,,,0,,0,,0.0031917482738822566,-0.0010902514242868125,-
SOLUSDT,>sma200 & >upper_bb & dip>3%,3,3,0.027578355956367595,0.7024141617381363,2,0.06284673203289196,1,,0.0031917482738822566,-0.0010902514242868125,-
SOLUSDT,>sma200 & >upper_bb & pop>3%,3,88,0.005242005520387602,0.6960602977346685,61,0.01177674196363988,27,-0.009521658295849025,0.0031917482738822566,-0.0010902514242868125,-
SOLUSDT,>sma200 & >upper_bb & vol>1.5x,3,79,0.0062676197917340675,0.7827842085260535,57,0.010895728594203903,22,-0.0057233893783014324,0.0031917482738822566,-0.0010902514242868125,-
SOLUSDT,>sma200 & >upper_bb & 20d_high,3,110,0.007489651267961655,1.214718908098747,71,0.0120066132911204,39,-0.0007335360049683702,0.0031917482738822566,-0.0010902514242868125,-
SOLUSDT,>sma200 & >upper_bb & 20d_low,3,0,,,0,,0,,0.0031917482738822566,-0.0010902514242868125,-
SOLUSDT,>sma200 & >upper_bb & adx>25,3,63,0.008498547134477499,0.838335193850399,49,0.014984149464739702,14,-0.014201061021440212,0.0031917482738822566,-0.0010902514242868125,-
SOLUSDT,>sma200 & >upper_bb & btc>ema50,3,112,0.010771132494828087,2.215588765591441,73,0.016891250168278932,39,-0.0006844723811183607,0.0031917482738822566,-0.0010902514242868125,-
SOLUSDT,>sma200 & >upper_bb & funding<0,3,10,0.03402584167669908,1.9208402496554546,10,0.03402584167669908,0,,0.0031917482738822566,-0.0010902514242868125,-
SOLUSDT,>sma200 & stoch<20 & dip>3%,3,55,0.007856375322193174,0.8317470096180585,33,0.00957241815218275,22,0.0052823110772088075,0.0031917482738822566,-0.0010902514242868125,-
SOLUSDT,>sma200 & stoch<20 & pop>3%,3,2,0.04725626587622514,0.8082640647136788,2,0.04725626587622514,0,,0.0031917482738822566,-0.0010902514242868125,-
SOLUSDT,>sma200 & stoch<20 & vol>1.5x,3,6,0.051223022125033185,1.031741574648213,3,0.10349195242206559,3,-0.001045908171999214,0.0031917482738822566,-0.0010902514242868125,-
SOLUSDT,>sma200 & stoch<20 & 20d_high,3,0,,,0,,0,,0.0031917482738822566,-0.0010902514242868125,-
SOLUSDT,>sma200 & stoch<20 & 20d_low,3,38,0.008224748230720797,0.6480289652874339,24,0.006579165969333729,14,0.011045746393098629,0.0031917482738822566,-0.0010902514242868125,-
SOLUSDT,>sma200 & stoch<20 & adx>25,3,43,0.010318353120940548,0.8408784388920142,20,0.016426812768910448,23,0.005006649079227591,0.0031917482738822566,-0.0010902514242868125,-
SOLUSDT,>sma200 & stoch<20 & btc>ema50,3,33,0.004296887372893741,0.5630506812182113,7,0.010597288366058345,26,0.002600625567041731,0.0031917482738822566,-0.0010902514242868125,-
SOLUSDT,>sma200 & stoch<20 & funding<0,3,16,0.015140157015125333,1.55002106470245,2,0.012600256857083526,14,0.015502999894845592,0.0031917482738822566,-0.0010902514242868125,-
SOLUSDT,>sma200 & dip>3% & pop>3%,3,0,,,0,,0,,0.0031917482738822566,-0.0010902514242868125,-
SOLUSDT,>sma200 & dip>3% & vol>1.5x,3,39,0.02282195128664951,1.8274844313031975,19,0.04820479880549817,20,-0.0012917538562567156,0.0031917482738822566,-0.0010902514242868125,-
SOLUSDT,>sma200 & dip>3% & 20d_high,3,0,,,0,,0,,0.0031917482738822566,-0.0010902514242868125,-
SOLUSDT,>sma200 & dip>3% & 20d_low,3,43,0.014204265262258903,1.0692265492577149,22,0.02527136004615512,21,0.002610165964843816,0.0031917482738822566,-0.0010902514242868125,-
SOLUSDT,>sma200 & dip>3% & adx>25,3,128,0.009085249304657102,1.4938632983161575,75,0.01561697320971249,53,-0.00015775622136467507,0.0031917482738822566,-0.0010902514242868125,-
SOLUSDT,>sma200 & dip>3% & btc>ema50,3,109,0.0028336633241624306,0.6099139399526337,63,0.009322886550196358,46,-0.006053751094101424,0.0031917482738822566,-0.0010902514242868125,-
SOLUSDT,>sma200 & dip>3% & funding<0,3,23,0.018052846059281546,1.268009053257609,4,0.07717105833959734,19,0.005606906631846638,0.0031917482738822566,-0.0010902514242868125,-
SOLUSDT,>sma200 & pop>3% & vol>1.5x,3,85,0.015952420943497414,1.7373768362182858,61,0.021586324072584952,24,0.0016329171570665854,0.0031917482738822566,-0.0010902514242868125,-
SOLUSDT,>sma200 & pop>3% & 20d_high,3,122,0.015179998601980787,2.2494342743376867,86,0.02181078794365834,36,-0.0006602203809155964,0.0031917482738822566,-0.0010902514242868125,-
SOLUSDT,>sma200 & pop>3% & 20d_low,3,0,,,0,,0,,0.0031917482738822566,-0.0010902514242868125,-
SOLUSDT,>sma200 & pop>3% & adx>25,3,159,0.0032264717212310175,0.5740168085806427,102,0.009409792400600562,57,-0.007838417915535535,0.0031917482738822566,-0.0010902514242868125,-
SOLUSDT,>sma200 & pop>3% & btc>ema50,3,197,0.00813575109107887,1.987927977345533,124,0.013036155995249446,73,-0.00018822436258074084,0.0031917482738822566,-0.0010902514242868125,-
SOLUSDT,>sma200 & pop>3% & funding<0,3,31,0.009152113890627063,1.141554693405724,17,0.01973474216981871,14,-0.0036982204483913634,0.0031917482738822566,-0.0010902514242868125,-
SOLUSDT,>sma200 & vol>1.5x & 20d_high,3,90,0.017160184321057023,2.0372793834784537,62,0.022417690983910672,28,0.00551856242473823,0.0031917482738822566,-0.0010902514242868125,-
SOLUSDT,>sma200 & vol>1.5x & 20d_low,3,11,0.06114645411290915,1.7894319405079133,4,0.143654149375173,7,0.013999199677329785,0.0031917482738822566,-0.0010902514242868125,-
SOLUSDT,>sma200 & vol>1.5x & adx>25,3,107,0.016400404880086743,1.9157040167108006,69,0.029803815003443857,38,-0.007937366133377489,0.0031917482738822566,-0.0010902514242868125,-
SOLUSDT,>sma200 & vol>1.5x & btc>ema50,3,127,0.016839959653185233,3.058627099880476,80,0.02319841260767076,47,0.006017061007252423,0.0031917482738822566,-0.0010902514242868125,WEAK
SOLUSDT,>sma200 & vol>1.5x & funding<0,3,24,0.011683560681506772,0.7704713204531914,15,0.01907164288040484,9,-0.0006299096499900064,0.0031917482738822566,-0.0010902514242868125,-
SOLUSDT,>sma200 & 20d_high & 20d_low,3,0,,,0,,0,,0.0031917482738822566,-0.0010902514242868125,-
SOLUSDT,>sma200 & 20d_high & adx>25,3,94,0.012427717622643495,1.4988471190071393,68,0.021794435611511842,26,-0.012069852502089093,0.0031917482738822566,-0.0010902514242868125,-
SOLUSDT,>sma200 & 20d_high & btc>ema50,3,167,0.015435963616169703,3.493243501313317,107,0.021084717478965,60,0.005362352560851427,0.0031917482738822566,-0.0010902514242868125,WEAK
SOLUSDT,>sma200 & 20d_high & funding<0,3,11,0.02777331711834684,1.8862919254875077,10,0.025590360463909428,1,,0.0031917482738822566,-0.0010902514242868125,-
SOLUSDT,>sma200 & 20d_low & adx>25,3,27,0.02197879453792506,1.1440516282830966,10,0.052385492897145745,17,0.004092501385442309,0.0031917482738822566,-0.0010902514242868125,-
SOLUSDT,>sma200 & 20d_low & btc>ema50,3,14,-0.007219952021817133,-0.5092092162387818,0,,14,-0.007219952021817133,0.0031917482738822566,-0.0010902514242868125,-
SOLUSDT,>sma200 & 20d_low & funding<0,3,10,0.04312236853716529,1.461726587695819,2,0.14160968275839175,8,0.018500539981858674,0.0031917482738822566,-0.0010902514242868125,-
SOLUSDT,>sma200 & adx>25 & btc>ema50,3,345,0.00710353640634048,2.2306099486681674,201,0.013977514670055391,144,-0.002491391586761585,0.0031917482738822566,-0.0010902514242868125,-
SOLUSDT,>sma200 & adx>25 & funding<0,3,68,0.002647519904396607,0.4181577309845787,17,0.01567662779570968,51,-0.0016955160593744164,0.0031917482738822566,-0.0010902514242868125,-
SOLUSDT,>sma200 & btc>ema50 & funding<0,3,64,0.0075828209217577505,1.3990437880512636,26,0.012974018442378648,38,0.0038941068287013437,0.0031917482738822566,-0.0010902514242868125,-
SOLUSDT,macd>signal & macd_hist_up & <lower_bb,3,0,,,0,,0,,0.0031917482738822566,-0.0010902514242868125,-
SOLUSDT,macd>signal & macd_hist_up & >upper_bb,3,163,0.006827569666403689,1.3682669620936145,97,0.011872047218674601,66,-0.0005862837058732593,0.0031917482738822566,-0.0010902514242868125,-
SOLUSDT,macd>signal & macd_hist_up & stoch<20,3,4,0.011012072654899105,0.37947600194687636,4,0.011012072654899105,0,,0.0031917482738822566,-0.0010902514242868125,-
SOLUSDT,macd>signal & macd_hist_up & dip>3%,3,28,-0.005792386644414662,-0.6129123062461482,22,-0.0013006300157166436,6,-0.02226216094964073,0.0031917482738822566,-0.0010902514242868125,-
SOLUSDT,macd>signal & macd_hist_up & pop>3%,3,262,0.006434922562309042,1.582468431170927,165,0.01029318012455968,97,-0.00012809287863276716,0.0031917482738822566,-0.0010902514242868125,-
SOLUSDT,macd>signal & macd_hist_up & vol>1.5x,3,152,0.007518465268032893,1.2672770164535523,102,0.011740352108330552,50,-0.0010941838861743332,0.0031917482738822566,-0.0010902514242868125,-
SOLUSDT,macd>signal & macd_hist_up & 20d_high,3,224,0.009433580702843234,2.1637081105722307,130,0.013427853369532587,94,0.003909586589336679,0.0031917482738822566,-0.0010902514242868125,-
SOLUSDT,macd>signal & macd_hist_up & 20d_low,3,0,,,0,,0,,0.0031917482738822566,-0.0010902514242868125,-
SOLUSDT,macd>signal & macd_hist_up & adx>25,3,255,0.0023535811173899354,0.5798681249806954,151,0.009267185995342583,104,-0.007684441349637467,0.0031917482738822566,-0.0010902514242868125,-
SOLUSDT,macd>signal & macd_hist_up & btc>ema50,3,339,0.009216511394737307,3.211242111511327,200,0.012931323194093064,139,0.003871458446023986,0.0031917482738822566,-0.0010902514242868125,WEAK
SOLUSDT,macd>signal & macd_hist_up & funding<0,3,119,0.011043251554242291,2.211883334670606,68,0.016821782962416088,51,0.0033385430100105664,0.0031917482738822566,-0.0010902514242868125,-
SOLUSDT,macd>signal & <lower_bb & >upper_bb,3,0,,,0,,0,,0.0031917482738822566,-0.0010902514242868125,-
SOLUSDT,macd>signal & <lower_bb & stoch<20,3,7,-0.004759358246260537,-0.3512177926769254,6,-0.005055875704481885,1,,0.0031917482738822566,-0.0010902514242868125,-
SOLUSDT,macd>signal & <lower_bb & dip>3%,3,5,0.0024473168996576758,0.13604340464693754,4,0.0038042094988052066,1,,0.0031917482738822566,-0.0010902514242868125,-
SOLUSDT,macd>signal & <lower_bb & pop>3%,3,0,,,0,,0,,0.0031917482738822566,-0.0010902514242868125,-
SOLUSDT,macd>signal & <lower_bb & vol>1.5x,3,3,0.01714322335136096,1.5896622603484765,2,0.027204961775507665,1,,0.0031917482738822566,-0.0010902514242868125,-
SOLUSDT,macd>signal & <lower_bb & 20d_high,3,0,,,0,,0,,0.0031917482738822566,-0.0010902514242868125,-
SOLUSDT,macd>signal & <lower_bb & 20d_low,3,5,0.0024473168996576758,0.13604340464693754,4,0.0038042094988052066,1,,0.0031917482738822566,-0.0010902514242868125,-
SOLUSDT,macd>signal & <lower_bb & adx>25,3,6,-0.005055875704481885,-0.31540202637937254,6,-0.005055875704481885,0,,0.0031917482738822566,-0.0010902514242868125,-
SOLUSDT,macd>signal & <lower_bb & btc>ema50,3,0,,,0,,0,,0.0031917482738822566,-0.0010902514242868125,-
SOLUSDT,macd>signal & <lower_bb & funding<0,3,6,-0.008966468859545705,-0.588294251007678,5,-0.010163711932068357,1,,0.0031917482738822566,-0.0010902514242868125,-
SOLUSDT,macd>signal & >upper_bb & stoch<20,3,0,,,0,,0,,0.0031917482738822566,-0.0010902514242868125,-
SOLUSDT,macd>signal & >upper_bb & dip>3%,3,4,0.027832148068987317,1.0024632596647602,3,0.05142899615754346,1,,0.0031917482738822566,-0.0010902514242868125,-
SOLUSDT,macd>signal & >upper_bb & pop>3%,3,116,0.005868534943630982,0.8759368318189492,76,0.011096988406844865,40,-0.004065526636475393,0.0031917482738822566,-0.0010902514242868125,-
SOLUSDT,macd>signal & >upper_bb & vol>1.5x,3,99,0.004127475566460552,0.5991237613467608,69,0.006910922777472627,30,-0.0022744530188672243,0.0031917482738822566,-0.0010902514242868125,-
SOLUSDT,macd>signal & >upper_bb & 20d_high,3,150,0.006696992460134344,1.2605076195852467,88,0.011029261781403342,62,0.0005479650363977006,0.0031917482738822566,-0.0010902514242868125,-
SOLUSDT,macd>signal & >upper_bb & 20d_low,3,0,,,0,,0,,0.0031917482738822566,-0.0010902514242868125,-
SOLUSDT,macd>signal & >upper_bb & adx>25,3,71,0.010837887621874095,1.0785184778553223,57,0.0171172541938816,14,-0.014728104849870761,0.0031917482738822566,-0.0010902514242868125,-
SOLUSDT,macd>signal & >upper_bb & btc>ema50,3,147,0.009311288532245547,2.0045493995070007,90,0.015824673180175393,57,-0.0009730030171173693,0.0031917482738822566,-0.0010902514242868125,-
SOLUSDT,macd>signal & >upper_bb & funding<0,3,14,0.0507078212231643,2.0459410753604614,12,0.05512679738802415,2,0.02419396423400517,0.0031917482738822566,-0.0010902514242868125,-
SOLUSDT,macd>signal & stoch<20 & dip>3%,3,23,-0.006114011234823707,-0.4855594499218768,17,-0.010282536789945442,6,0.005696811171354538,0.0031917482738822566,-0.0010902514242868125,-
SOLUSDT,macd>signal & stoch<20 & pop>3%,3,1,,,1,,0,,0.0031917482738822566,-0.0010902514242868125,-
SOLUSDT,macd>signal & stoch<20 & vol>1.5x,3,6,-0.03433970769925541,-0.8748432813771134,4,-0.06311118061412208,2,0.02320323813047793,0.0031917482738822566,-0.0010902514242868125,-
SOLUSDT,macd>signal & stoch<20 & 20d_high,3,0,,,0,,0,,0.0031917482738822566,-0.0010902514242868125,-
SOLUSDT,macd>signal & stoch<20 & 20d_low,3,20,-0.011259194570867203,-0.9925775010126011,17,-0.016724100998498383,3,0.019708608519042818,0.0031917482738822566,-0.0010902514242868125,-
SOLUSDT,macd>signal & stoch<20 & adx>25,3,28,-0.005358278442623708,-0.5282639993624508,26,-0.006624669427076169,2,0.011104804355258301,0.0031917482738822566,-0.0010902514242868125,-
SOLUSDT,macd>signal & stoch<20 & btc>ema50,3,1,,,1,,0,,0.0031917482738822566,-0.0010902514242868125,-
SOLUSDT,macd>signal & stoch<20 & funding<0,3,32,-0.011470799211002452,-1.3283523689347394,23,-0.01178119398894268,9,-0.010677568111821866,0.0031917482738822566,-0.0010902514242868125,-
SOLUSDT,macd>signal & dip>3% & pop>3%,3,0,,,0,,0,,0.0031917482738822566,-0.0010902514242868125,-
SOLUSDT,macd>signal & dip>3% & vol>1.5x,3,40,0.0059967619748517624,0.6692186708207911,23,0.008655757205233058,17,0.0023992978396300095,0.0031917482738822566,-0.0010902514242868125,-
SOLUSDT,macd>signal & dip>3% & 20d_high,3,0,,,0,,0,,0.0031917482738822566,-0.0010902514242868125,-
SOLUSDT,macd>signal & dip>3% & 20d_low,3,17,1.7886162107943434e-05,0.00134619152168583,13,-0.011763280661792337,4,0.03830667833978385,0.0031917482738822566,-0.0010902514242868125,-
SOLUSDT,macd>signal & dip>3% & adx>25,3,116,0.004301692952678729,0.9753716738213208,77,0.006230300952300072,39,0.0004939284406058186,0.0031917482738822566,-0.0010902514242868125,-
SOLUSDT,macd>signal & dip>3% & btc>ema50,3,102,-0.0017036840654936509,-0.34206426181173777,63,-0.0007183885066382638,39,-0.00329531535287543,0.0031917482738822566,-0.0010902514242868125,-
SOLUSDT,macd>signal & dip>3% & funding<0,3,47,0.002034474341644155,0.3593879257968267,23,0.0010835968812611828,24,0.0029457319078445045,0.0031917482738822566,-0.0010902514242868125,-
SOLUSDT,macd>signal & pop>3% & vol>1.5x,3,103,0.01218335437111226,1.423366779474762,72,0.018536953490542154,31,-0.0025733919707894345,0.0031917482738822566,-0.0010902514242868125,-
SOLUSDT,macd>signal & pop>3% & 20d_high,3,160,0.014726780356924823,2.520578948489837,106,0.021167545010459733,54,0.002083797888874821,0.0031917482738822566,-0.0010902514242868125,WEAK
SOLUSDT,macd>signal & pop>3% & 20d_low,3,0,,,0,,0,,0.0031917482738822566,-0.0010902514242868125,-
SOLUSDT,macd>signal & pop>3% & adx>25,3,155,0.004872126701214397,0.7787780526376892,105,0.011150916246293512,50,-0.008313331343451738,0.0031917482738822566,-0.0010902514242868125,-
SOLUSDT,macd>signal & pop>3% & btc>ema50,3,202,0.012507702980992108,2.893730523559914,137,0.015988930576343256,65,0.005170346356944306,0.0031917482738822566,-0.0010902514242868125,WEAK
SOLUSDT,macd>signal & pop>3% & funding<0,3,62,0.018675241497892507,2.215769504709771,40,0.02560867997886705,22,0.00606898971430244,0.0031917482738822566,-0.0010902514242868125,-
SOLUSDT,macd>signal & vol>1.5x & 20d_high,3,113,0.013450713150494245,1.8808931102898916,75,0.017638271043290025,38,0.005185796256818358,0.0031917482738822566,-0.0010902514242868125,-
SOLUSDT,macd>signal & vol>1.5x & 20d_low,3,5,-0.003889769973386402,-0.12821895617704135,3,-0.021951775375962625,2,0.02320323813047793,0.0031917482738822566,-0.0010902514242868125,-
SOLUSDT,macd>signal & vol>1.5x & adx>25,3,116,0.010801440606108062,1.4237926772817413,81,0.01816274261073208,35,-0.006234715461736082,0.0031917482738822566,-0.0010902514242868125,-
SOLUSDT,macd>signal & vol>1.5x & btc>ema50,3,150,0.014548130906392754,2.8181406899014796,100,0.01679924959138855,50,0.010045893536401172,0.0031917482738822566,-0.0010902514242868125,WEAK
SOLUSDT,macd>signal & vol>1.5x & funding<0,3,30,0.0025347117860561505,0.22175778392503045,22,-0.003458286312414278,8,0.01901545655684983,0.0031917482738822566,-0.0010902514242868125,-
SOLUSDT,macd>signal & 20d_high & 20d_low,3,0,,,0,,0,,0.0031917482738822566,-0.0010902514242868125,-
SOLUSDT,macd>signal & 20d_high & adx>25,3,110,0.013434797937838427,1.7222484296273204,81,0.02300782416162623,29,-0.01330365461825852,0.0031917482738822566,-0.0010902514242868125,-
SOLUSDT,macd>signal & 20d_high & btc>ema50,3,214,0.014945966092725945,3.656092214016964,132,0.020370642059097485,82,0.006213560878566879,0.0031917482738822566,-0.0010902514242868125,WEAK
SOLUSDT,macd>signal & 20d_high & funding<0,3,23,0.03695552398709456,2.241216305771267,18,0.04181402647687789,5,0.01946491502387461,0.0031917482738822566,-0.0010902514242868125,-
SOLUSDT,macd>signal & 20d_low & adx>25,3,19,-0.013200920285946396,-1.015643054913311,17,-0.021037513090068297,2,0.05341011854908977,0.0031917482738822566,-0.0010902514242868125,-
SOLUSDT,macd>signal & 20d_low & btc>ema50,3,0,,,0,,0,,0.0031917482738822566,-0.0010902514242868125,-
SOLUSDT,macd>signal & 20d_low & funding<0,3,16,-0.011478465764717154,-0.859470605183551,14,-0.013813896288193902,2,0.004869547899620071,0.0031917482738822566,-0.0010902514242868125,-
SOLUSDT,macd>signal & adx>25 & btc>ema50,3,284,0.008925460847095189,2.4219285742203627,191,0.014135766099186913,93,-0.0017752735953727617,0.0031917482738822566,-0.0010902514242868125,-
SOLUSDT,macd>signal & adx>25 & funding<0,3,160,0.003735142554681689,0.8659279815375027,90,0.008777145705638732,70,-0.0027474329251202215,0.0031917482738822566,-0.0010902514242868125,-
SOLUSDT,macd>signal & btc>ema50 & funding<0,3,87,0.013022997600139507,2.191383099379294,42,0.017698048387960026,45,0.008659616864840354,0.0031917482738822566,-0.0010902514242868125,-
SOLUSDT,macd_hist_up & <lower_bb & >upper_bb,3,0,,,0,,0,,0.0031917482738822566,-0.0010902514242868125,-
SOLUSDT,macd_hist_up & <lower_bb & stoch<20,3,0,,,0,,0,,0.0031917482738822566,-0.0010902514242868125,-
SOLUSDT,macd_hist_up & <lower_bb & dip>3%,3,0,,,0,,0,,0.0031917482738822566,-0.0010902514242868125,-
SOLUSDT,macd_hist_up & <lower_bb & pop>3%,3,0,,,0,,0,,0.0031917482738822566,-0.0010902514242868125,-
SOLUSDT,macd_hist_up & <lower_bb & vol>1.5x,3,0,,,0,,0,,0.0031917482738822566,-0.0010902514242868125,-
SOLUSDT,macd_hist_up & <lower_bb & 20d_high,3,0,,,0,,0,,0.0031917482738822566,-0.0010902514242868125,-
SOLUSDT,macd_hist_up & <lower_bb & 20d_low,3,0,,,0,,0,,0.0031917482738822566,-0.0010902514242868125,-
SOLUSDT,macd_hist_up & <lower_bb & adx>25,3,0,,,0,,0,,0.0031917482738822566,-0.0010902514242868125,-
SOLUSDT,macd_hist_up & <lower_bb & btc>ema50,3,0,,,0,,0,,0.0031917482738822566,-0.0010902514242868125,-
SOLUSDT,macd_hist_up & <lower_bb & funding<0,3,0,,,0,,0,,0.0031917482738822566,-0.0010902514242868125,-
SOLUSDT,macd_hist_up & >upper_bb & stoch<20,3,0,,,0,,0,,0.0031917482738822566,-0.0010902514242868125,-
SOLUSDT,macd_hist_up & >upper_bb & dip>3%,3,4,0.027832148068987317,1.0024632596647602,3,0.05142899615754346,1,,0.0031917482738822566,-0.0010902514242868125,-
SOLUSDT,macd_hist_up & >upper_bb & pop>3%,3,120,0.006610891386166301,1.0099144530629,78,0.011808709031747694,42,-0.0030421985270562848,0.0031917482738822566,-0.0010902514242868125,-
SOLUSDT,macd_hist_up & >upper_bb & vol>1.5x,3,102,0.004091884150313922,0.6096907217424642,70,0.006439386379648359,32,-0.0010432769763551548,0.0031917482738822566,-0.0010902514242868125,-
SOLUSDT,macd_hist_up & >upper_bb & 20d_high,3,154,0.007253933648694245,1.3876546749699787,90,0.011647591359106717,64,0.0010753524934267067,0.0031917482738822566,-0.0010902514242868125,-
SOLUSDT,macd_hist_up & >upper_bb & 20d_low,3,0,,,0,,0,,0.0031917482738822566,-0.0010902514242868125,-
SOLUSDT,macd_hist_up & >upper_bb & adx>25,3,74,0.011225765323305966,1.1523884570648024,59,0.017854096179785783,15,-0.014845669378847999,0.0031917482738822566,-0.0010902514242868125,-
SOLUSDT,macd_hist_up & >upper_bb & btc>ema50,3,151,0.009810041901449386,2.140709473629319,92,0.01632531273665104,59,-0.0003493634686955643,0.0031917482738822566,-0.0010902514242868125,-
SOLUSDT,macd_hist_up & >upper_bb & funding<0,3,14,0.0507078212231643,2.0459410753604614,12,0.05512679738802415,2,0.02419396423400517,0.0031917482738822566,-0.0010902514242868125,-
SOLUSDT,macd_hist_up & stoch<20 & dip>3%,3,11,0.014184052206394005,1.1271043610457798,7,0.0176632838814453,4,0.008095396775054237,0.0031917482738822566,-0.0010902514242868125,-
SOLUSDT,macd_hist_up & stoch<20 & pop>3%,3,7,0.020212029887480634,1.1967833581818845,6,0.022087109585339493,1,,0.0031917482738822566,-0.0010902514242868125,-
SOLUSDT,macd_hist_up & stoch<20 & vol>1.5x,3,0,,,0,,0,,0.0031917482738822566,-0.0010902514242868125,-
SOLUSDT,macd_hist_up & stoch<20 & 20d_high,3,0,,,0,,0,,0.0031917482738822566,-0.0010902514242868125,-
SOLUSDT,macd_hist_up & stoch<20 & 20d_low,3,11,-0.010184057166821412,-0.5797182669560234,4,0.024589178613004907,7,-0.030054477612436455,0.0031917482738822566,-0.0010902514242868125,-
SOLUSDT,macd_hist_up & stoch<20 & adx>25,3,43,0.005439901852113387,0.7159641067594787,27,0.005315652556669424,16,0.005649572538175076,0.0031917482738822566,-0.0010902514242868125,-
SOLUSDT,macd_hist_up & stoch<20 & btc>ema50,3,9,0.010760485544307133,0.8515392582367296,3,0.020285385734903412,6,0.005998035449008995,0.0031917482738822566,-0.0010902514242868125,-
SOLUSDT,macd_hist_up & stoch<20 & funding<0,3,36,0.005692450795473852,0.865016141732114,29,0.0013357562748278437,7,0.02374161380957874,0.0031917482738822566,-0.0010902514242868125,-
SOLUSDT,macd_hist_up & dip>3% & pop>3%,3,0,,,0,,0,,0.0031917482738822566,-0.0010902514242868125,-
SOLUSDT,macd_hist_up & dip>3% & vol>1.5x,3,7,0.008139540829425656,0.4585537202444911,5,0.027304858458744186,2,-0.03977375324387067,0.0031917482738822566,-0.0010902514242868125,-
SOLUSDT,macd_hist_up & dip>3% & 20d_high,3,0,,,0,,0,,0.0031917482738822566,-0.0010902514242868125,-
SOLUSDT,macd_hist_up & dip>3% & 20d_low,3,3,0.03997307719246579,2.2023250639965752,0,,3,0.03997307719246579,0.0031917482738822566,-0.0010902514242868125,-
SOLUSDT,macd_hist_up & dip>3% & adx>25,3,45,0.009342258279058088,0.933493320379238,32,0.009244754597892996,13,0.00958226734038756,0.0031917482738822566,-0.0010902514242868125,-
SOLUSDT,macd_hist_up & dip>3% & btc>ema50,3,17,-0.005195999215755942,-0.5191569563907011,12,-0.0013991110210548653,5,-0.014308530883038531,0.0031917482738822566,-0.0010902514242868125,-
SOLUSDT,macd_hist_up & dip>3% & funding<0,3,18,0.009060262183412935,1.0269454001220413,15,0.013149262800996254,3,-0.01138474090450367,0.0031917482738822566,-0.0010902514242868125,-
SOLUSDT,macd_hist_up & pop>3% & vol>1.5x,3,117,0.005198967427348254,0.6945049837455128,77,0.010798916102356542,40,-0.005580933772042702,0.0031917482738822566,-0.0010902514242868125,-
SOLUSDT,macd_hist_up & pop>3% & 20d_high,3,160,0.0123518825788568,2.1170504850536487,103,0.018271931200391868,57,0.0016542508592408056,0.0031917482738822566,-0.0010902514242868125,-
SOLUSDT,macd_hist_up & pop>3% & 20d_low,3,0,,,0,,0,,0.0031917482738822566,-0.0010902514242868125,-
SOLUSDT,macd_hist_up & pop>3% & adx>25,3,225,0.0028907613474830605,0.6148468298363822,139,0.010232640185830194,86,-0.008975763751705912,0.0031917482738822566,-0.0010902514242868125,-
SOLUSDT,macd_hist_up & pop>3% & btc>ema50,3,246,0.007459174660667423,2.0358401260151617,155,0.011665349025783173,91,0.0002948117310746657,0.0031917482738822566,-0.0010902514242868125,-
SOLUSDT,macd_hist_up & pop>3% & funding<0,3,105,0.00840432426809255,1.391727993827662,61,0.017548914790010896,44,-0.004273403500930617,0.0031917482738822566,-0.0010902514242868125,-
SOLUSDT,macd_hist_up & vol>1.5x & 20d_high,3,115,0.011139165551252512,1.613044564935601,75,0.013987934044163859,40,0.0057977246270437335,0.0031917482738822566,-0.0010902514242868125,-
SOLUSDT,macd_hist_up & vol>1.5x & 20d_low,3,0,,,0,,0,,0.0031917482738822566,-0.0010902514242868125,-
SOLUSDT,macd_hist_up & vol>1.5x & adx>25,3,104,0.008331088092957739,1.0163931319922181,73,0.01747833782933596,31,-0.013209209673352278,0.0031917482738822566,-0.0010902514242868125,-
SOLUSDT,macd_hist_up & vol>1.5x & btc>ema50,3,129,0.012708343099283372,2.4740514671298826,85,0.015202181227162074,44,0.007890701261335882,0.0031917482738822566,-0.0010902514242868125,WEAK
SOLUSDT,macd_hist_up & vol>1.5x & funding<0,3,36,0.003961307085095916,0.4168812958358696,26,0.004904198671929542,10,0.0015097889593284847,0.0031917482738822566,-0.0010902514242868125,-
SOLUSDT,macd_hist_up & 20d_high & 20d_low,3,0,,,0,,0,,0.0031917482738822566,-0.0010902514242868125,-
SOLUSDT,macd_hist_up & 20d_high & adx>25,3,99,0.010868016535045327,1.2917514259139544,71,0.020096028054827395,28,-0.012531584104402057,0.0031917482738822566,-0.0010902514242868125,-
SOLUSDT,macd_hist_up & 20d_high & btc>ema50,3,201,0.013286776519498826,3.16099241929789,120,0.017181693079938602,81,0.007516529763291755,0.0031917482738822566,-0.0010902514242868125,WEAK
SOLUSDT,macd_hist_up & 20d_high & funding<0,3,22,0.034235083003817265,2.019726224302087,17,0.03857925005674157,5,0.01946491502387461,0.0031917482738822566,-0.0010902514242868125,-
SOLUSDT,macd_hist_up & 20d_low & adx>25,3,9,-0.011691165614737332,-0.48675855487761166,2,0.021971299295801418,7,-0.021309012732034116,0.0031917482738822566,-0.0010902514242868125,-
SOLUSDT,macd_hist_up & 20d_low & btc>ema50,3,3,-0.06242834230425845,-2.15111213510086,0,,3,-0.06242834230425845,0.0031917482738822566,-0.0010902514242868125,-
SOLUSDT,macd_hist_up & 20d_low & funding<0,3,5,0.024169563792364745,4.314202812421136,4,0.024589178613004907,1,,0.0031917482738822566,-0.0010902514242868125,-
SOLUSDT,macd_hist_up & adx>25 & btc>ema50,3,177,0.008378885553262482,1.870025911430966,114,0.012763540190478371,63,0.00044474859068134614,0.0031917482738822566,-0.0010902514242868125,-
SOLUSDT,macd_hist_up & adx>25 & funding<0,3,164,0.008437896218962824,1.9783388598416027,86,0.015568551115953413,78,0.0005758921017680734,0.0031917482738822566,-0.0010902514242868125,-
SOLUSDT,macd_hist_up & btc>ema50 & funding<0,3,66,0.022377530989214328,3.141136513455033,33,0.03100987568951997,33,0.013745186288908688,0.0031917482738822566,-0.0010902514242868125,WEAK
SOLUSDT,<lower_bb & >upper_bb & stoch<20,3,0,,,0,,0,,0.0031917482738822566,-0.0010902514242868125,-
SOLUSDT,<lower_bb & >upper_bb & dip>3%,3,0,,,0,,0,,0.0031917482738822566,-0.0010902514242868125,-
SOLUSDT,<lower_bb & >upper_bb & pop>3%,3,0,,,0,,0,,0.0031917482738822566,-0.0010902514242868125,-
SOLUSDT,<lower_bb & >upper_bb & vol>1.5x,3,0,,,0,,0,,0.0031917482738822566,-0.0010902514242868125,-
SOLUSDT,<lower_bb & >upper_bb & 20d_high,3,0,,,0,,0,,0.0031917482738822566,-0.0010902514242868125,-
SOLUSDT,<lower_bb & >upper_bb & 20d_low,3,0,,,0,,0,,0.0031917482738822566,-0.0010902514242868125,-
SOLUSDT,<lower_bb & >upper_bb & adx>25,3,0,,,0,,0,,0.0031917482738822566,-0.0010902514242868125,-
SOLUSDT,<lower_bb & >upper_bb & btc>ema50,3,0,,,0,,0,,0.0031917482738822566,-0.0010902514242868125,-
SOLUSDT,<lower_bb & >upper_bb & funding<0,3,0,,,0,,0,,0.0031917482738822566,-0.0010902514242868125,-
SOLUSDT,<lower_bb & stoch<20 & dip>3%,3,65,0.010791893443329098,0.8049687281382377,35,0.020779680951834176,30,-0.0008605253165934969,0.0031917482738822566,-0.0010902514242868125,-
SOLUSDT,<lower_bb & stoch<20 & pop>3%,3,1,,,1,,0,,0.0031917482738822566,-0.0010902514242868125,-
SOLUSDT,<lower_bb & stoch<20 & vol>1.5x,3,30,0.024576734032084,0.9115463956930613,16,0.05556103718864873,14,-0.010833898146847107,0.0031917482738822566,-0.0010902514242868125,-
SOLUSDT,<lower_bb & stoch<20 & 20d_high,3,0,,,0,,0,,0.0031917482738822566,-0.0010902514242868125,-
SOLUSDT,<lower_bb & stoch<20 & 20d_low,3,75,0.011610445977667767,0.9803400783133545,40,0.017829233727046295,35,0.004503259978378013,0.0031917482738822566,-0.0010902514242868125,-
SOLUSDT,<lower_bb & stoch<20 & adx>25,3,48,-3.144195637336198e-05,-0.002778640585567525,20,-0.00019897254004877033,28,8.822274625193007e-05,0.0031917482738822566,-0.0010902514242868125,-
SOLUSDT,<lower_bb & stoch<20 & btc>ema50,3,11,0.00780535211699614,0.8188830917613646,2,0.007136539799387671,9,0.00795397707646469,0.0031917482738822566,-0.0010902514242868125,-
SOLUSDT,<lower_bb & stoch<20 & funding<0,3,46,0.021989340911998247,1.3377143332636001,21,0.03649110330436072,25,0.009807860502413768,0.0031917482738822566,-0.0010902514242868125,-
SOLUSDT,<lower_bb & dip>3% & pop>3%,3,0,,,0,,0,,0.0031917482738822566,-0.0010902514242868125,-
SOLUSDT,<lower_bb & dip>3% & vol>1.5x,3,36,0.017357054138818353,0.6383431485280217,19,0.03574398855666263,17,-0.0031930490340664375,0.0031917482738822566,-0.0010902514242868125,-
SOLUSDT,<lower_bb & dip>3% & 20d_high,3,0,,,0,,0,,0.0031917482738822566,-0.0010902514242868125,-
SOLUSDT,<lower_bb & dip>3% & 20d_low,3,76,0.007183795715100051,0.5240762817857803,39,0.01351523669210442,37,0.0005101146852846269,0.0031917482738822566,-0.0010902514242868125,-
SOLUSDT,<lower_bb & dip>3% & adx>25,3,42,0.008343857162712862,0.5887535983681077,17,0.020938409545522257,25,-0.0002204384575975317,0.0031917482738822566,-0.0010902514242868125,-
SOLUSDT,<lower_bb & dip>3% & btc>ema50,3,10,-0.012060527505469884,-0.9342063618173911,1,,9,-0.011180733222506166,0.0031917482738822566,-0.0010902514242868125,-
SOLUSDT,<lower_bb & dip>3% & funding<0,3,41,0.018523449836048055,0.8210152319419333,18,0.03499783781866685,23,0.005630450545302904,0.0031917482738822566,-0.0010902514242868125,-
SOLUSDT,<lower_bb & pop>3% & vol>1.5x,3,1,,,1,,0,,0.0031917482738822566,-0.0010902514242868125,-
SOLUSDT,<lower_bb & pop>3% & 20d_high,3,0,,,0,,0,,0.0031917482738822566,-0.0010902514242868125,-
SOLUSDT,<lower_bb & pop>3% & 20d_low,3,0,,,0,,0,,0.0031917482738822566,-0.0010902514242868125,-
SOLUSDT,<lower_bb & pop>3% & adx>25,3,2,-0.06211489624291789,-3.6083438724065404,1,,1,,0.0031917482738822566,-0.0010902514242868125,-
SOLUSDT,<lower_bb & pop>3% & btc>ema50,3,0,,,0,,0,,0.0031917482738822566,-0.0010902514242868125,-
SOLUSDT,<lower_bb & pop>3% & funding<0,3,3,-0.05308521405974224,-3.9533152424888973,2,-0.0571774928047529,1,,0.0031917482738822566,-0.0010902514242868125,-
SOLUSDT,<lower_bb & vol>1.5x & 20d_high,3,0,,,0,,0,,0.0031917482738822566,-0.0010902514242868125,-
SOLUSDT,<lower_bb & vol>1.5x & 20d_low,3,41,0.01660121115496814,0.6948417880518785,23,0.029588213848133035,18,6.707713701881438e-06,0.0031917482738822566,-0.0010902514242868125,-
SOLUSDT,<lower_bb & vol>1.5x & adx>25,3,28,0.016092243400211734,0.825241064312134,12,0.05009519398408608,16,-0.009409969537694032,0.0031917482738822566,-0.0010902514242868125,-
SOLUSDT,<lower_bb & vol>1.5x & btc>ema50,3,3,-0.027034318329519663,-1.2982414689499473,0,,3,-0.027034318329519663,0.0031917482738822566,-0.0010902514242868125,-
SOLUSDT,<lower_bb & vol>1.5x & funding<0,3,31,0.01636269367356012,0.5513048971929627,17,0.03865969426607505,14,-0.010712235617350876,0.0031917482738822566,-0.0010902514242868125,-
SOLUSDT,<lower_bb & 20d_high & 20d_low,3,0,,,0,,0,,0.0031917482738822566,-0.0010902514242868125,-
SOLUSDT,<lower_bb & 20d_high & adx>25,3,0,,,0,,0,,0.0031917482738822566,-0.0010902514242868125,-
SOLUSDT,<lower_bb & 20d_high & btc>ema50,3,0,,,0,,0,,0.0031917482738822566,-0.0010902514242868125,-
SOLUSDT,<lower_bb & 20d_high & funding<0,3,0,,,0,,0,,0.0031917482738822566,-0.0010902514242868125,-
SOLUSDT,<lower_bb & 20d_low & adx>25,3,48,0.009968490705967345,0.7900595223487711,20,0.020604756240426753,28,0.0023711581813534834,0.0031917482738822566,-0.0010902514242868125,-
SOLUSDT,<lower_bb & 20d_low & btc>ema50,3,13,0.0021958571781383516,0.17622645742691972,2,0.007136539799387671,11,0.0012975512470021113,0.0031917482738822566,-0.0010902514242868125,-
SOLUSDT,<lower_bb & 20d_low & funding<0,3,52,0.019131336535317848,1.0723666368833709,27,0.02705808170150869,25,0.010570451755831734,0.0031917482738822566,-0.0010902514242868125,-
SOLUSDT,<lower_bb & adx>25 & btc>ema50,3,10,-0.00433878778218527,-0.3610052030981561,2,0.007136539799387671,8,-0.007207619677578509,0.0031917482738822566,-0.0010902514242868125,-
SOLUSDT,<lower_bb & adx>25 & funding<0,3,39,0.008299416795076864,0.7215653535715343,15,0.017532731301169537,24,0.0025285952287689493,0.0031917482738822566,-0.0010902514242868125,-
SOLUSDT,<lower_bb & btc>ema50 & funding<0,3,8,0.0049406052401347695,0.3979084321121576,1,,7,0.0007532980385942116,0.0031917482738822566,-0.0010902514242868125,-
SOLUSDT,>upper_bb & stoch<20 & dip>3%,3,0,,,0,,0,,0.0031917482738822566,-0.0010902514242868125,-
SOLUSDT,>upper_bb & stoch<20 & pop>3%,3,0,,,0,,0,,0.0031917482738822566,-0.0010902514242868125,-
SOLUSDT,>upper_bb & stoch<20 & vol>1.5x,3,0,,,0,,0,,0.0031917482738822566,-0.0010902514242868125,-
SOLUSDT,>upper_bb & stoch<20 & 20d_high,3,0,,,0,,0,,0.0031917482738822566,-0.0010902514242868125,-
SOLUSDT,>upper_bb & stoch<20 & 20d_low,3,0,,,0,,0,,0.0031917482738822566,-0.0010902514242868125,-
SOLUSDT,>upper_bb & stoch<20 & adx>25,3,0,,,0,,0,,0.0031917482738822566,-0.0010902514242868125,-
SOLUSDT,>upper_bb & stoch<20 & btc>ema50,3,0,,,0,,0,,0.0031917482738822566,-0.0010902514242868125,-
SOLUSDT,>upper_bb & stoch<20 & funding<0,3,0,,,0,,0,,0.0031917482738822566,-0.0010902514242868125,-
SOLUSDT,>upper_bb & dip>3% & pop>3%,3,0,,,0,,0,,0.0031917482738822566,-0.0010902514242868125,-
SOLUSDT,>upper_bb & dip>3% & vol>1.5x,3,3,0.026121634500531805,0.6665502442300341,2,0.06066164984913827,1,,0.0031917482738822566,-0.0010902514242868125,-
SOLUSDT,>upper_bb & dip>3% & 20d_high,3,0,,,0,,0,,0.0031917482738822566,-0.0010902514242868125,-
SOLUSDT,>upper_bb & dip>3% & 20d_low,3,0,,,0,,0,,0.0031917482738822566,-0.0010902514242868125,-
SOLUSDT,>upper_bb & dip>3% & adx>25,3,4,0.027832148068987317,1.0024632596647602,3,0.05142899615754346,1,,0.0031917482738822566,-0.0010902514242868125,-
SOLUSDT,>upper_bb & dip>3% & btc>ema50,3,3,0.0061996056615064065,0.2519002127371241,2,0.030778606590600173,1,,0.0031917482738822566,-0.0010902514242868125,-
SOLUSDT,>upper_bb & dip>3% & funding<0,3,0,,,0,,0,,0.0031917482738822566,-0.0010902514242868125,-
SOLUSDT,>upper_bb & pop>3% & vol>1.5x,3,77,0.002680382681304486,0.3115292615364025,56,0.005162449981729686,21,-0.003938463453162713,0.0031917482738822566,-0.0010902514242868125,-
SOLUSDT,>upper_bb & pop>3% & 20d_high,3,119,0.007198704002004141,1.0949324846918809,77,0.0127846508360371,42,-0.0030421985270562848,0.0031917482738822566,-0.0010902514242868125,-
SOLUSDT,>upper_bb & pop>3% & 20d_low,3,0,,,0,,0,,0.0031917482738822566,-0.0010902514242868125,-
SOLUSDT,>upper_bb & pop>3% & adx>25,3,59,0.007210430646559731,0.6064927132798928,48,0.014288816247468117,11,-0.023677070157404136,0.0031917482738822566,-0.0010902514242868125,-
SOLUSDT,>upper_bb & pop>3% & btc>ema50,3,109,0.010652951783511408,1.7731199284392576,72,0.017867237302390267,37,-0.003385657874847446,0.0031917482738822566,-0.0010902514242868125,-
SOLUSDT,>upper_bb & pop>3% & funding<0,3,12,0.0528238698144633,1.8790630556371575,10,0.058549850930554925,2,0.02419396423400517,0.0031917482738822566,-0.0010902514242868125,-
SOLUSDT,>upper_bb & vol>1.5x & 20d_high,3,96,0.003700472244524203,0.5252864298026602,65,0.005318027731092421,31,0.00030882364365536073,0.0031917482738822566,-0.0010902514242868125,-
SOLUSDT,>upper_bb & vol>1.5x & 20d_low,3,0,,,0,,0,,0.0031917482738822566,-0.0010902514242868125,-
SOLUSDT,>upper_bb & vol>1.5x & adx>25,3,56,0.00681763157871329,0.6223901399903524,46,0.013664086040575842,10,-0.02467605894585445,0.0031917482738822566,-0.0010902514242868125,-
SOLUSDT,>upper_bb & vol>1.5x & btc>ema50,3,92,0.007911953256768366,1.3870302789542197,64,0.011753327611272336,28,-0.0008683309820978608,0.0031917482738822566,-0.0010902514242868125,-
SOLUSDT,>upper_bb & vol>1.5x & funding<0,3,9,0.00498333917192793,0.4366289376940646,8,0.004606522438829632,1,,0.0031917482738822566,-0.0010902514242868125,-
SOLUSDT,>upper_bb & 20d_high & 20d_low,3,0,,,0,,0,,0.0031917482738822566,-0.0010902514242868125,-
SOLUSDT,>upper_bb & 20d_high & adx>25,3,66,0.010304873057289918,0.9652484484156193,52,0.016535543582061028,14,-0.012837617463288488,0.0031917482738822566,-0.0010902514242868125,-
SOLUSDT,>upper_bb & 20d_high & btc>ema50,3,140,0.0104412178461942,2.156824740229459,84,0.016829107185897422,56,0.0008593838366393729,0.0031917482738822566,-0.0010902514242868125,-
SOLUSDT,>upper_bb & 20d_high & funding<0,3,12,0.0528238698144633,1.8790630556371575,10,0.058549850930554925,2,0.02419396423400517,0.0031917482738822566,-0.0010902514242868125,-
SOLUSDT,>upper_bb & 20d_low & adx>25,3,0,,,0,,0,,0.0031917482738822566,-0.0010902514242868125,-
SOLUSDT,>upper_bb & 20d_low & btc>ema50,3,0,,,0,,0,,0.0031917482738822566,-0.0010902514242868125,-
SOLUSDT,>upper_bb & 20d_low & funding<0,3,0,,,0,,0,,0.0031917482738822566,-0.0010902514242868125,-
SOLUSDT,>upper_bb & adx>25 & btc>ema50,3,67,0.016959782071031576,1.9896679503540338,54,0.023893488435786054,13,-0.011841767444102414,0.0031917482738822566,-0.0010902514242868125,-
SOLUSDT,>upper_bb & adx>25 & funding<0,3,8,0.06307495148631649,1.5517472845311957,8,0.06307495148631649,0,,0.0031917482738822566,-0.0010902514242868125,-
SOLUSDT,>upper_bb & btc>ema50 & funding<0,3,14,0.0507078212231643,2.0459410753604614,12,0.05512679738802415,2,0.02419396423400517,0.0031917482738822566,-0.0010902514242868125,-
SOLUSDT,stoch<20 & dip>3% & pop>3%,3,0,,,0,,0,,0.0031917482738822566,-0.0010902514242868125,-
SOLUSDT,stoch<20 & dip>3% & vol>1.5x,3,34,0.017042571442765202,0.6934284473138569,17,0.04316219203272708,17,-0.009077049147196673,0.0031917482738822566,-0.0010902514242868125,-
SOLUSDT,stoch<20 & dip>3% & 20d_high,3,0,,,0,,0,,0.0031917482738822566,-0.0010902514242868125,-
SOLUSDT,stoch<20 & dip>3% & 20d_low,3,111,0.0048058102496716,0.5495907535345202,62,0.008091292517752079,49,0.0006486694206718162,0.0031917482738822566,-0.0010902514242868125,-
SOLUSDT,stoch<20 & dip>3% & adx>25,3,89,-0.0005379671107708825,-0.06889930268289231,44,-0.0004452235887047377,45,-0.0006286496656800009,0.0031917482738822566,-0.0010902514242868125,-
SOLUSDT,stoch<20 & dip>3% & btc>ema50,3,25,-0.0032923241805968865,-0.30123935539595137,9,0.004846430181213298,16,-0.007870373509115118,0.0031917482738822566,-0.0010902514242868125,-
SOLUSDT,stoch<20 & dip>3% & funding<0,3,71,0.010329354688892133,0.9141060342465106,34,0.02476621367758485,37,-0.0029369481655822567,0.0031917482738822566,-0.0010902514242868125,-
SOLUSDT,stoch<20 & pop>3% & vol>1.5x,3,3,-0.02515412712551023,-0.21187683674566155,3,-0.02515412712551023,0,,0.0031917482738822566,-0.0010902514242868125,-
SOLUSDT,stoch<20 & pop>3% & 20d_high,3,0,,,0,,0,,0.0031917482738822566,-0.0010902514242868125,-
SOLUSDT,stoch<20 & pop>3% & 20d_low,3,0,,,0,,0,,0.0031917482738822566,-0.0010902514242868125,-
SOLUSDT,stoch<20 & pop>3% & adx>25,3,10,0.012882051515726165,0.36336920021010055,9,0.013317662606326018,1,,0.0031917482738822566,-0.0010902514242868125,-
SOLUSDT,stoch<20 & pop>3% & btc>ema50,3,1,,,1,,0,,0.0031917482738822566,-0.0010902514242868125,-
SOLUSDT,stoch<20 & pop>3% & funding<0,3,10,-0.005695107891112224,-0.1664450298106833,10,-0.005695107891112224,0,,0.0031917482738822566,-0.0010902514242868125,-
SOLUSDT,stoch<20 & vol>1.5x & 20d_high,3,0,,,0,,0,,0.0031917482738822566,-0.0010902514242868125,-
SOLUSDT,stoch<20 & vol>1.5x & 20d_low,3,36,0.01875661600396081,0.8173212564920211,18,0.04498486785142907,18,-0.007471635843507452,0.0031917482738822566,-0.0010902514242868125,-
SOLUSDT,stoch<20 & vol>1.5x & adx>25,3,30,-0.005399607176355054,-0.28469816726986386,14,0.007339384776222478,16,-0.016546225134860395,0.0031917482738822566,-0.0010902514242868125,-
SOLUSDT,stoch<20 & vol>1.5x & btc>ema50,3,2,-0.09228629167599292,-0.9786135039345303,1,,1,,0.0031917482738822566,-0.0010902514242868125,-
SOLUSDT,stoch<20 & vol>1.5x & funding<0,3,27,0.01818791967866857,0.6075648906503155,14,0.04466423503767071,13,-0.010325035323333738,0.0031917482738822566,-0.0010902514242868125,-
SOLUSDT,stoch<20 & 20d_high & 20d_low,3,0,,,0,,0,,0.0031917482738822566,-0.0010902514242868125,-
SOLUSDT,stoch<20 & 20d_high & adx>25,3,0,,,0,,0,,0.0031917482738822566,-0.0010902514242868125,-
SOLUSDT,stoch<20 & 20d_high & btc>ema50,3,0,,,0,,0,,0.0031917482738822566,-0.0010902514242868125,-
SOLUSDT,stoch<20 & 20d_high & funding<0,3,0,,,0,,0,,0.0031917482738822566,-0.0010902514242868125,-
SOLUSDT,stoch<20 & 20d_low & adx>25,3,91,-0.006399801496395123,-0.8409298252981344,42,-0.007715300605351171,49,-0.005272230831575653,0.0031917482738822566,-0.0010902514242868125,-
SOLUSDT,stoch<20 & 20d_low & btc>ema50,3,16,-0.003929431758107697,-0.48087520165873276,4,-0.005696366213644444,12,-0.0033404536062621158,0.0031917482738822566,-0.0010902514242868125,-
SOLUSDT,stoch<20 & 20d_low & funding<0,3,90,0.006842551251863695,0.7516048047751849,43,0.015679239082553597,47,-0.0012420780400440867,0.0031917482738822566,-0.0010902514242868125,-
SOLUSDT,stoch<20 & adx>25 & btc>ema50,3,25,0.0001220577856960671,0.01213001061429308,6,0.01220551900457303,19,-0.003693772072896658,0.0031917482738822566,-0.0010902514242868125,-
SOLUSDT,stoch<20 & adx>25 & funding<0,3,108,-0.0009105804486384978,-0.16287430030275024,58,-0.002382029033674196,50,0.0007962999100029122,0.0031917482738822566,-0.0010902514242868125,-
SOLUSDT,stoch<20 & btc>ema50 & funding<0,3,25,0.01057069759907109,1.6826196337482513,3,0.039685488460245937,22,0.006600498845274524,0.0031917482738822566,-0.0010902514242868125,-
SOLUSDT,dip>3% & pop>3% & vol>1.5x,3,0,,,0,,0,,0.0031917482738822566,-0.0010902514242868125,-
SOLUSDT,dip>3% & pop>3% & 20d_high,3,0,,,0,,0,,0.0031917482738822566,-0.0010902514242868125,-
SOLUSDT,dip>3% & pop>3% & 20d_low,3,0,,,0,,0,,0.0031917482738822566,-0.0010902514242868125,-
SOLUSDT,dip>3% & pop>3% & adx>25,3,0,,,0,,0,,0.0031917482738822566,-0.0010902514242868125,-
SOLUSDT,dip>3% & pop>3% & btc>ema50,3,0,,,0,,0,,0.0031917482738822566,-0.0010902514242868125,-
SOLUSDT,dip>3% & pop>3% & funding<0,3,0,,,0,,0,,0.0031917482738822566,-0.0010902514242868125,-
SOLUSDT,dip>3% & vol>1.5x & 20d_high,3,0,,,0,,0,,0.0031917482738822566,-0.0010902514242868125,-
SOLUSDT,dip>3% & vol>1.5x & 20d_low,3,42,0.01686047896134771,0.7234453259168239,20,0.03600760292814184,22,-0.000545997372101502,0.0031917482738822566,-0.0010902514242868125,-
SOLUSDT,dip>3% & vol>1.5x & adx>25,3,54,0.01725639657883524,1.601530393288268,25,0.03913473003633267,29,-0.0016042357121108192,0.0031917482738822566,-0.0010902514242868125,-
SOLUSDT,dip>3% & vol>1.5x & btc>ema50,3,29,0.008383001047470716,0.757206131493431,16,0.010836823577897083,13,0.005362911779253641,0.0031917482738822566,-0.0010902514242868125,-
SOLUSDT,dip>3% & vol>1.5x & funding<0,3,32,0.015324869512099189,0.5418105425180725,15,0.0387502490760433,17,-0.005344583044322076,0.0031917482738822566,-0.0010902514242868125,-
SOLUSDT,dip>3% & 20d_high & 20d_low,3,0,,,0,,0,,0.0031917482738822566,-0.0010902514242868125,-
SOLUSDT,dip>3% & 20d_high & adx>25,3,0,,,0,,0,,0.0031917482738822566,-0.0010902514242868125,-
SOLUSDT,dip>3% & 20d_high & btc>ema50,3,0,,,0,,0,,0.0031917482738822566,-0.0010902514242868125,-
SOLUSDT,dip>3% & 20d_high & funding<0,3,0,,,0,,0,,0.0031917482738822566,-0.0010902514242868125,-
SOLUSDT,dip>3% & 20d_low & adx>25,3,76,0.0002175899788197643,0.022956591500544417,32,-0.00043357445261677126,44,0.0006911641107736084,0.0031917482738822566,-0.0010902514242868125,-
SOLUSDT,dip>3% & 20d_low & btc>ema50,3,13,-0.014030831484384866,-1.384457383583407,1,,12,-0.013535177770404994,0.0031917482738822566,-0.0010902514242868125,-
SOLUSDT,dip>3% & 20d_low & funding<0,3,63,0.006498043122395569,0.4297723195488024,29,0.019780206860195947,34,-0.004830861242198869,0.0031917482738822566,-0.0010902514242868125,-
SOLUSDT,dip>3% & adx>25 & btc>ema50,3,97,0.0016033101987202394,0.30708217352819955,62,0.009048341634638272,35,-0.011585031202048847,0.0031917482738822566,-0.0010902514242868125,-
SOLUSDT,dip>3% & adx>25 & funding<0,3,90,-0.0014502483363330475,-0.23660464130263303,40,0.008233166365363167,50,-0.009196980097690021,0.0031917482738822566,-0.0010902514242868125,-
SOLUSDT,dip>3% & btc>ema50 & funding<0,3,24,-0.0006443493737651566,-0.08732876826770812,5,-0.014724656812244696,19,0.0030609946889926147,0.0031917482738822566,-0.0010902514242868125,-
SOLUSDT,pop>3% & vol>1.5x & 20d_high,3,91,0.014374037749515218,1.6583194327621902,65,0.018544899042999868,26,0.003946884515803591,0.0031917482738822566,-0.0010902514242868125,-
SOLUSDT,pop>3% & vol>1.5x & 20d_low,3,0,,,0,,0,,0.0031917482738822566,-0.0010902514242868125,-
SOLUSDT,pop>3% & vol>1.5x & adx>25,3,76,0.006730220145911783,0.5880331532137132,56,0.01818649628703372,20,-0.02534735304922963,0.0031917482738822566,-0.0010902514242868125,-
SOLUSDT,pop>3% & vol>1.5x & btc>ema50,3,85,0.01968910605249282,2.5732809950840476,62,0.025174685348772118,23,0.004901892297305146,0.0031917482738822566,-0.0010902514242868125,-
SOLUSDT,pop>3% & vol>1.5x & funding<0,3,26,-0.003415011664313455,-0.2082647383236296,18,-0.004298174055794052,8,-0.001427896283482109,0.0031917482738822566,-0.0010902514242868125,-
SOLUSDT,pop>3% & 20d_high & 20d_low,3,0,,,0,,0,,0.0031917482738822566,-0.0010902514242868125,-
SOLUSDT,pop>3% & 20d_high & adx>25,3,83,0.015488079814502351,1.5629320480634188,65,0.02434361563232019,18,-0.016490243972062057,0.0031917482738822566,-0.0010902514242868125,-
SOLUSDT,pop>3% & 20d_high & btc>ema50,3,149,0.018143007999445928,3.3388059943100017,101,0.02417730830069711,48,0.005445834448896574,0.0031917482738822566,-0.0010902514242868125,WEAK
SOLUSDT,pop>3% & 20d_high & funding<0,3,18,0.044259873636282004,2.231214066814781,13,0.053796396179515635,5,0.01946491502387461,0.0031917482738822566,-0.0010902514242868125,-
SOLUSDT,pop>3% & 20d_low & adx>25,3,0,,,0,,0,,0.0031917482738822566,-0.0010902514242868125,-
SOLUSDT,pop>3% & 20d_low & btc>ema50,3,0,,,0,,0,,0.0031917482738822566,-0.0010902514242868125,-
SOLUSDT,pop>3% & 20d_low & funding<0,3,0,,,0,,0,,0.0031917482738822566,-0.0010902514242868125,-
SOLUSDT,pop>3% & adx>25 & btc>ema50,3,136,0.005353951482574572,0.9409855137282048,96,0.010781873420549643,40,-0.007673061168565596,0.0031917482738822566,-0.0010902514242868125,-
SOLUSDT,pop>3% & adx>25 & funding<0,3,76,0.008802156213777307,1.0187489448549236,45,0.0168095432994565,31,-0.0028214702009183032,0.0031917482738822566,-0.0010902514242868125,-
SOLUSDT,pop>3% & btc>ema50 & funding<0,3,42,0.019385753817976203,1.9660970545506256,25,0.0328132853981269,17,-0.00036061615283362766,0.0031917482738822566,-0.0010902514242868125,-
SOLUSDT,vol>1.5x & 20d_high & 20d_low,3,0,,,0,,0,,0.0031917482738822566,-0.0010902514242868125,-
SOLUSDT,vol>1.5x & 20d_high & adx>25,3,64,0.01597876414086509,1.4493857414029654,50,0.024556663581503574,14,-0.014656591004272357,0.0031917482738822566,-0.0010902514242868125,-
SOLUSDT,vol>1.5x & 20d_high & btc>ema50,3,103,0.017922185021924383,2.8569463627453304,69,0.02159111357493219,34,0.010476418252585006,0.0031917482738822566,-0.0010902514242868125,WEAK
SOLUSDT,vol>1.5x & 20d_high & funding<0,3,11,0.0066848273914838436,0.7522537510135417,10,0.006553522826960798,1,,0.0031917482738822566,-0.0010902514242868125,-
SOLUSDT,vol>1.5x & 20d_low & adx>25,3,32,0.011095712629847473,0.6294908716446852,13,0.03699054447154845,19,-0.0066218038934216196,0.0031917482738822566,-0.0010902514242868125,-
SOLUSDT,vol>1.5x & 20d_low & btc>ema50,3,3,0.0035579912627401143,0.3067691771669883,0,,3,0.0035579912627401143,0.0031917482738822566,-0.0010902514242868125,-
SOLUSDT,vol>1.5x & 20d_low & funding<0,3,31,0.009400631199158547,0.31552702047953557,17,0.02771098005021959,14,-0.01283336383427272,0.0031917482738822566,-0.0010902514242868125,-
SOLUSDT,vol>1.5x & adx>25 & btc>ema50,3,93,0.017063242476299468,2.5077445007791135,62,0.02593573256426617,31,-0.0006817376996339268,0.0031917482738822566,-0.0010902514242868125,-
SOLUSDT,vol>1.5x & adx>25 & funding<0,3,52,0.0042270082932826195,0.35071818911535974,29,0.012864941949588253,23,-0.006664299360320131,0.0031917482738822566,-0.0010902514242868125,-
SOLUSDT,vol>1.5x & btc>ema50 & funding<0,3,18,-0.002768534058222613,-0.36220193294062075,10,0.0016188883088765343,8,-0.00825281201709655,0.0031917482738822566,-0.0010902514242868125,-
SOLUSDT,20d_high & 20d_low & adx>25,3,0,,,0,,0,,0.0031917482738822566,-0.0010902514242868125,-
SOLUSDT,20d_high & 20d_low & btc>ema50,3,0,,,0,,0,,0.0031917482738822566,-0.0010902514242868125,-
SOLUSDT,20d_high & 20d_low & funding<0,3,0,,,0,,0,,0.0031917482738822566,-0.0010902514242868125,-
SOLUSDT,20d_high & adx>25 & btc>ema50,3,101,0.01887141648271823,2.6717589813643623,76,0.026550648344327247,25,-0.004473448376573161,0.0031917482738822566,-0.0010902514242868125,-
SOLUSDT,20d_high & adx>25 & funding<0,3,14,0.04403652605199687,1.7581885672191444,14,0.04403652605199687,0,,0.0031917482738822566,-0.0010902514242868125,-
SOLUSDT,20d_high & btc>ema50 & funding<0,3,20,0.044232482395174806,2.403450484466213,16,0.04826984940564717,4,0.02808301435328534,0.0031917482738822566,-0.0010902514242868125,-
SOLUSDT,20d_low & adx>25 & btc>ema50,3,9,0.004612820999198658,0.41257129266507625,2,0.007136539799387671,7,0.00389175848485894,0.0031917482738822566,-0.0010902514242868125,-
SOLUSDT,20d_low & adx>25 & funding<0,3,65,-0.001957541746991194,-0.2491181409291697,29,0.0033891496248473875,36,-0.006264598685416718,0.0031917482738822566,-0.0010902514242868125,-
SOLUSDT,20d_low & btc>ema50 & funding<0,3,6,0.016675854316469996,1.801826089848834,1,,5,0.013160674049580259,0.0031917482738822566,-0.0010902514242868125,-
SOLUSDT,adx>25 & btc>ema50 & funding<0,3,72,0.0057851030499077565,0.8355410285769657,29,0.017044344496520026,43,-0.0018083388559470288,0.0031917482738822566,-0.0010902514242868125,-
DOGEUSDT,rsi<30,1,59,0.021189924455894883,2.4308025343345,24,0.037186406728549504,35,0.010220908040360289,0.005578259551929349,-0.001339112181036299,-
DOGEUSDT,rsi>70,1,127,0.02756855033862838,2.0631446334336596,69,0.03748664319152654,58,0.015769439875697823,0.005578259551929349,-0.001339112181036299,-
DOGEUSDT,rsi50-70,1,693,-0.001631103922608906,-0.7392904736098469,424,-0.00018808959620363047,269,-0.0039055949054930556,0.005578259551929349,-0.001339112181036299,-
DOGEUSDT,>ema20,1,832,0.0031748950182793442,1.1440161694376982,502,0.0053211940720228265,330,-9.008111802134818e-05,0.005578259551929349,-0.001339112181036299,-
DOGEUSDT,>ema50,1,791,0.00810943952006065,1.4072015709414727,485,0.014014606523964137,306,-0.0012500572018125196,0.005578259551929349,-0.001339112181036299,-
DOGEUSDT,ema20>ema50,1,851,0.008191293595371761,1.5223945176167353,499,0.014103695959184186,352,-0.00019020861923732977,0.005578259551929349,-0.001339112181036299,-
DOGEUSDT,>sma200,1,822,0.007398961421975101,1.3267421536476374,521,0.012992953481508574,301,-0.0022836627076492787,0.005578259551929349,-0.001339112181036299,-
DOGEUSDT,macd>signal,1,1137,0.002557681151655619,1.2536327823333435,627,0.005787936293283822,510,-0.0014136325224637595,0.005578259551929349,-0.001339112181036299,-
DOGEUSDT,macd_hist_up,1,1052,0.0018484912080981653,0.8806955078876382,597,0.0032869388771054504,455,-3.887859057732911e-05,0.005578259551929349,-0.001339112181036299,-
DOGEUSDT,<lower_bb,1,114,0.04060492097748812,1.1726250341290934,60,0.06830272508887301,54,0.009829583075949385,0.005578259551929349,-0.001339112181036299,-
DOGEUSDT,>upper_bb,1,150,0.016724500681289316,1.5165673724441633,87,0.012788626597943576,63,0.022159755367814372,0.005578259551929349,-0.001339112181036299,-
DOGEUSDT,stoch<20,1,323,0.014598061962936166,1.1723900874073079,164,0.028323995613137667,159,0.00044049517908052596,0.005578259551929349,-0.001339112181036299,-
DOGEUSDT,dip>3%,1,446,0.013641995871284073,1.4703444574275333,258,0.02451814321006585,188,-0.0012837807957675098,0.005578259551929349,-0.001339112181036299,-
DOGEUSDT,pop>3%,1,410,0.004436158067974681,0.9298730705550903,225,0.004130777191756365,185,0.004807567241753716,0.005578259551929349,-0.001339112181036299,-
DOGEUSDT,vol>1.5x,1,315,0.009274613872776914,1.564322204030211,191,0.011150647900131892,124,0.006384916298383367,0.005578259551929349,-0.001339112181036299,-
DOGEUSDT,20d_high,1,170,0.019359427583712282,1.9258355722563707,101,0.017771575142668705,69,0.021683675359732573,0.005578259551929349,-0.001339112181036299,-
DOGEUSDT,20d_low,1,230,0.01883227510640218,1.0784306376158068,120,0.03609406968680125,110,1.2264732395646491e-06,0.005578259551929349,-0.001339112181036299,-
DOGEUSDT,adx>25,1,1151,0.001477010059689627,0.698043965294423,601,0.004281589841389644,550,-0.0015876307563134832,0.005578259551929349,-0.001339112181036299,-
DOGEUSDT,btc>ema50,1,1049,0.007504642087383768,1.7275892092697422,601,0.013736204026267036,448,-0.0008551095315199059,0.005578259551929349,-0.001339112181036299,-
DOGEUSDT,funding<0,1,329,0.0003152934201978391,0.09288897995452682,155,-0.0027405409708754296,174,0.0030374447455791985,0.005578259551929349,-0.001339112181036299,-
DOGEUSDT,rsi<30 & rsi>70,2,0,,,0,,0,,0.005578259551929349,-0.001339112181036299,-
DOGEUSDT,rsi<30 & rsi50-70,2,0,,,0,,0,,0.005578259551929349,-0.001339112181036299,-
DOGEUSDT,rsi<30 & >ema20,2,0,,,0,,0,,0.005578259551929349,-0.001339112181036299,-
DOGEUSDT,rsi<30 & >ema50,2,0,,,0,,0,,0.005578259551929349,-0.001339112181036299,-
DOGEUSDT,rsi<30 & ema20>ema50,2,1,,,1,,0,,0.005578259551929349,-0.001339112181036299,-
DOGEUSDT,rsi<30 & >sma200,2,3,0.10832633075013838,1.7348266811824335,2,0.15023650551958972,1,,0.005578259551929349,-0.001339112181036299,-
DOGEUSDT,rsi<30 & macd>signal,2,1,,,1,,0,,0.005578259551929349,-0.001339112181036299,-
DOGEUSDT,rsi<30 & macd_hist_up,2,11,0.025610522353933837,1.8730395372629134,2,0.017931335973626703,9,0.027317008216224306,0.005578259551929349,-0.001339112181036299,-
DOGEUSDT,rsi<30 & <lower_bb,2,36,0.01711755943673513,1.4625631769256673,16,0.03128923645907031,20,0.005780217818866985,0.005578259551929349,-0.001339112181036299,-
DOGEUSDT,rsi<30 & >upper_bb,2,0,,,0,,0,,0.005578259551929349,-0.001339112181036299,-
DOGEUSDT,rsi<30 & stoch<20,2,40,0.015525842332622103,1.3833267594300995,16,0.036049433059149205,24,0.0018434485149373622,0.005578259551929349,-0.001339112181036299,-
DOGEUSDT,rsi<30 & dip>3%,2,31,0.010236178112960773,0.7798253148256817,17,0.020522782582251087,14,-0.002254698742606046,0.005578259551929349,-0.001339112181036299,-
DOGEUSDT,rsi<30 & pop>3%,2,1,,,1,,0,,0.005578259551929349,-0.001339112181036299,-
DOGEUSDT,rsi<30 & vol>1.5x,2,17,0.028318514948925656,1.6657722824577899,6,0.06276095267970463,11,0.009531730732137134,0.005578259551929349,-0.001339112181036299,-
DOGEUSDT,rsi<30 & 20d_high,2,0,,,0,,0,,0.005578259551929349,-0.001339112181036299,-
DOGEUSDT,rsi<30 & 20d_low,2,43,0.01288990393402483,1.314384313868011,20,0.02181077339940267,23,0.005132626138044102,0.005578259551929349,-0.001339112181036299,-
DOGEUSDT,rsi<30 & adx>25,2,56,0.023356902094844804,2.5923068245292784,22,0.04414466505205574,34,0.009905996651943609,0.005578259551929349,-0.001339112181036299,-
DOGEUSDT,rsi<30 & btc>ema50,2,0,,,0,,0,,0.005578259551929349,-0.001339112181036299,-
DOGEUSDT,rsi<30 & funding<0,2,27,0.0168548048121516,1.27704792163916,11,0.011650388388901102,16,0.02043284110313631,0.005578259551929349,-0.001339112181036299,-
DOGEUSDT,rsi>70 & rsi50-70,2,0,,,0,,0,,0.005578259551929349,-0.001339112181036299,-
DOGEUSDT,rsi>70 & >ema20,2,127,0.02756855033862838,2.0631446334336596,69,0.03748664319152654,58,0.015769439875697823,0.005578259551929349,-0.001339112181036299,-
DOGEUSDT,rsi>70 & >ema50,2,127,0.02756855033862838,2.0631446334336596,69,0.03748664319152654,58,0.015769439875697823,0.005578259551929349,-0.001339112181036299,-
DOGEUSDT,rsi>70 & ema20>ema50,2,117,0.02723305585899948,1.9020930825180928,62,0.042416512684677075,55,0.010117159073690214,0.005578259551929349,-0.001339112181036299,-
DOGEUSDT,rsi>70 & >sma200,2,104,0.03090972613395919,1.9432323914222185,62,0.0438091792103913,42,0.011867676354464184,0.005578259551929349,-0.001339112181036299,-
DOGEUSDT,rsi>70 & macd>signal,2,124,0.029573953679249695,2.1709001531403604,69,0.03748664319152654,55,0.019647125018393302,0.005578259551929349,-0.001339112181036299,-
DOGEUSDT,rsi>70 & macd_hist_up,2,94,0.040354082974514954,2.295189669190228,54,0.050206219218999086,40,0.02705369904446141,0.005578259551929349,-0.001339112181036299,-
DOGEUSDT,rsi>70 & <lower_bb,2,0,,,0,,0,,0.005578259551929349,-0.001339112181036299,-
DOGEUSDT,rsi>70 & >upper_bb,2,83,0.03911161654391984,2.0368325995565315,48,0.0423959774395378,35,0.03460735017278662,0.005578259551929349,-0.001339112181036299,-
DOGEUSDT,rsi>70 & stoch<20,2,0,,,0,,0,,0.005578259551929349,-0.001339112181036299,-
DOGEUSDT,rsi>70 & dip>3%,2,16,0.022943678221822805,1.2271270063089068,11,0.03436983964194212,5,-0.002193876902439683,0.005578259551929349,-0.001339112181036299,-
DOGEUSDT,rsi>70 & pop>3%,2,78,0.035716116938300665,1.7194519719005112,47,0.03922329279449082,31,0.03039878580149625,0.005578259551929349,-0.001339112181036299,-
DOGEUSDT,rsi>70 & vol>1.5x,2,89,0.031197609231290904,1.744363517879288,51,0.03802342653784904,38,0.02203664389880498,0.005578259551929349,-0.001339112181036299,-
DOGEUSDT,rsi>70 & 20d_high,2,85,0.03794797073559138,1.9863938972592667,50,0.04039231753490471,35,0.034456046736572314,0.005578259551929349,-0.001339112181036299,-
DOGEUSDT,rsi>70 & 20d_low,2,0,,,0,,0,,0.005578259551929349,-0.001339112181036299,-
DOGEUSDT,rsi>70 & adx>25,2,111,0.021916274632606408,1.5137266872845179,63,0.030174769910184123,48,0.011076999580785653,0.005578259551929349,-0.001339112181036299,-
DOGEUSDT,rsi>70 & btc>ema50,2,124,0.028736878835928268,2.139084747371528,66,0.04013250701310047,58,0.015769439875697823,0.005578259551929349,-0.001339112181036299,-
DOGEUSDT,rsi>70 & funding<0,2,3,-0.21947972930720436,-2.1260897446642746,3,-0.21947972930720436,0,,0.005578259551929349,-0.001339112181036299,-
DOGEUSDT,rsi50-70 & >ema20,2,644,-0.0015472698408770704,-0.6725245536857863,394,-0.0006079957255023348,250,-0.0030275658467076526,0.005578259551929349,-0.001339112181036299,-
DOGEUSDT,rsi50-70 & >ema50,2,581,-0.0008585525939947836,-0.33485287156874044,361,0.0005746534558072469,220,-0.003210313430260845,0.005578259551929349,-0.001339112181036299,-
DOGEUSDT,rsi50-70 & ema20>ema50,2,460,-0.002321079220343051,-0.7561740695440888,290,-0.001468395655806179,170,-0.0037756570657294835,0.005578259551929349,-0.001339112181036299,-
DOGEUSDT,rsi50-70 & >sma200,2,394,-0.0019925457054677694,-0.5785242934173606,267,0.00025577929124372356,127,-0.00671933920249114,0.005578259551929349,-0.001339112181036299,-
DOGEUSDT,rsi50-70 & macd>signal,2,503,0.00024266737508176422,0.09470035304596071,302,0.003664921806093817,201,-0.004899227342160227,0.005578259551929349,-0.001339112181036299,-
DOGEUSDT,rsi50-70 & macd_hist_up,2,354,-0.0006895952826689075,-0.243266568366416,218,0.0008359551695322683,136,-0.0031349629192854974,0.005578259551929349,-0.001339112181036299,-
DOGEUSDT,rsi50-70 & <lower_bb,2,0,,,0,,0,,0.005578259551929349,-0.001339112181036299,-
DOGEUSDT,rsi50-70 & >upper_bb,2,67,-0.01100879210376043,-2.154937639325112,39,-0.02365118982248007,28,0.006600261861599076,0.005578259551929349,-0.001339112181036299,-
DOGEUSDT,rsi50-70 & stoch<20,2,6,0.0006712451040426712,0.04881859124550002,5,0.010366065976126977,1,,0.005578259551929349,-0.001339112181036299,-
DOGEUSDT,rsi50-70 & dip>3%,2,126,0.002775488476194548,0.388324848836668,83,0.006134363185707938,43,-0.0037079208468196747,0.005578259551929349,-0.001339112181036299,-
DOGEUSDT,rsi50-70 & pop>3%,2,182,-0.00045415432664697955,-0.09827927157927398,105,-0.0038888880403567436,77,0.004229573464775432,0.005578259551929349,-0.001339112181036299,-
DOGEUSDT,rsi50-70 & vol>1.5x,2,141,-0.00029667227679846457,-0.05497914555362916,95,-0.002057058968212303,46,0.003338908933730113,0.005578259551929349,-0.001339112181036299,-
DOGEUSDT,rsi50-70 & 20d_high,2,85,0.0007708844318331778,0.1333325626057513,51,-0.004405623281092082,34,0.008535646001221073,0.005578259551929349,-0.001339112181036299,-
DOGEUSDT,rsi50-70 & 20d_low,2,0,,,0,,0,,0.005578259551929349,-0.001339112181036299,-
DOGEUSDT,rsi50-70 & adx>25,2,365,-0.0023953345245138987,-0.689031124308705,230,-0.0024435743257981376,135,-0.002313148196400011,0.005578259551929349,-0.001339112181036299,-
DOGEUSDT,rsi50-70 & btc>ema50,2,574,0.0008758015246539205,0.35812006430527804,331,0.00350159323211758,243,-0.002700894175636085,0.005578259551929349,-0.001339112181036299,-
DOGEUSDT,rsi50-70 & funding<0,2,29,0.011930771069335292,0.8263057689193085,14,0.01728206075544792,15,0.006936234028963489,0.005578259551929349,-0.001339112181036299,-
DOGEUSDT,>ema20 & >ema50,2,662,0.0049124196129371285,1.4487255433317574,402,0.006869343115330062,260,0.001886714813083437,0.005578259551929349,-0.001339112181036299,-
DOGEUSDT,>ema20 & ema20>ema50,2,531,0.004459898384208436,1.0881157929136145,324,0.0067019651261330995,207,0.0009505765272828763,0.005578259551929349,-0.001339112181036299,-
DOGEUSDT,>ema20 & >sma200,2,482,0.0059335999695971356,1.3322602685262164,324,0.009128363498651927,158,-0.0006176872671987635,0.005578259551929349,-0.001339112181036299,-
DOGEUSDT,>ema20 & macd>signal,2,681,0.005867447791129897,1.8443929671883956,407,0.009380184666080791,274,0.0006496233089948087,0.005578259551929349,-0.001339112181036299,-
DOGEUSDT,>ema20 & macd_hist_up,2,482,0.007333048921721999,1.7821470266017312,290,0.01066682014646971,192,0.002297665301009308,0.005578259551929349,-0.001339112181036299,-
DOGEUSDT,>ema20 & <lower_bb,2,0,,,0,,0,,0.005578259551929349,-0.001339112181036299,-
DOGEUSDT,>ema20 & >upper_bb,2,150,0.016724500681289316,1.5165673724441633,87,0.012788626597943576,63,0.022159755367814372,0.005578259551929349,-0.001339112181036299,-
DOGEUSDT,>ema20 & stoch<20,2,1,,,1,,0,,0.005578259551929349,-0.001339112181036299,-
DOGEUSDT,>ema20 & dip>3%,2,137,0.00259197623611987,0.3844345709827666,90,0.006256353869387701,47,-0.0044249171041802265,0.005578259551929349,-0.001339112181036299,-
DOGEUSDT,>ema20 & pop>3%,2,276,0.008552682008379851,1.2701449092337307,162,0.008732636541795251,114,0.008296957145105331,0.005578259551929349,-0.001339112181036299,-
DOGEUSDT,>ema20 & vol>1.5x,2,238,0.010455102379935736,1.3931990590412855,151,0.011270007263795944,87,0.009040727236684112,0.005578259551929349,-0.001339112181036299,-
DOGEUSDT,>ema20 & 20d_high,2,170,0.019359427583712282,1.9258355722563707,101,0.017771575142668705,69,0.021683675359732573,0.005578259551929349,-0.001339112181036299,-
DOGEUSDT,>ema20 & 20d_low,2,0,,,0,,0,,0.005578259551929349,-0.001339112181036299,-
DOGEUSDT,>ema20 & adx>25,2,465,0.003020450527672465,0.6824539540708185,287,0.004575472506666617,178,0.0005131959885077313,0.005578259551929349,-0.001339112181036299,-
DOGEUSDT,>ema20 & btc>ema50,2,694,0.006360602406807171,2.021568689638411,402,0.009620510992278447,292,0.001872646066535075,0.005578259551929349,-0.001339112181036299,-
DOGEUSDT,>ema20 & funding<0,2,33,-0.014143230454741447,-0.7447681604667575,15,-0.03345202408025541,18,0.0019474308998535192,0.005578259551929349,-0.001339112181036299,-
DOGEUSDT,>ema50 & ema20>ema50,2,660,0.008379925634270117,1.2221187729087357,407,0.015250724650189298,253,-0.002673098869599879,0.005578259551929349,-0.001339112181036299,-
DOGEUSDT,>ema50 & >sma200,2,558,0.01069676427602444,1.327288070662556,370,0.01823430963270223,188,-0.004137766479139308,0.005578259551929349,-0.001339112181036299,-
DOGEUSDT,>ema50 & macd>signal,2,523,0.008541009277831203,2.111064765191765,311,0.01239674099178625,212,0.0028847236031141255,0.005578259551929349,-0.001339112181036299,-
DOGEUSDT,>ema50 & macd_hist_up,2,401,0.009697146028804665,1.9816150538068755,248,0.012046873719160642,153,0.005888437092802823,0.005578259551929349,-0.001339112181036299,-
DOGEUSDT,>ema50 & <lower_bb,2,2,1.8904784350396266,0.9385442177862848,1,,1,,0.005578259551929349,-0.001339112181036299,-
DOGEUSDT,>ema50 & >upper_bb,2,144,0.017055968221377855,1.4855209916578218,85,0.01272348711332525,59,0.0232976782923011,0.005578259551929349,-0.001339112181036299,-
DOGEUSDT,>ema50 & stoch<20,2,30,0.13629686171668726,1.044447114785623,21,0.21373453431691697,9,-0.04439104101718207,0.005578259551929349,-0.001339112181036299,-
DOGEUSDT,>ema50 & dip>3%,2,162,0.029944001844925638,1.2009300228080118,108,0.04922287911695677,54,-0.008613752699136633,0.005578259551929349,-0.001339112181036299,-
DOGEUSDT,>ema50 & pop>3%,2,243,0.010799056886887298,1.4238909106513387,142,0.00880617559509346,101,0.0136009295941618,0.005578259551929349,-0.001339112181036299,-
DOGEUSDT,>ema50 & vol>1.5x,2,222,0.011754185251705643,1.4734067434036209,137,0.011566474238926058,85,0.012056731237009208,0.005578259551929349,-0.001339112181036299,-
DOGEUSDT,>ema50 & 20d_high,2,159,0.0200444487153016,1.868015554235005,95,0.01874805429213879,64,0.021968784187183885,0.005578259551929349,-0.001339112181036299,-
DOGEUSDT,>ema50 & 20d_low,2,5,0.7348119306107272,0.926550242686117,3,1.3076205074523397,2,-0.12440093465169141,0.005578259551929349,-0.001339112181036299,-
DOGEUSDT,>ema50 & adx>25,2,489,0.003735599430867026,0.8645886895715753,310,0.005915512958408092,179,-3.966980677392616e-05,0.005578259551929349,-0.001339112181036299,-
DOGEUSDT,>ema50 & btc>ema50,2,682,0.011712360065279225,1.7785238550122295,393,0.02068056088333246,289,-0.00048315177380355316,0.005578259551929349,-0.001339112181036299,-
DOGEUSDT,>ema50 & funding<0,2,38,-0.01848075964381186,-1.121684805682747,24,-0.025870358524831893,14,-0.005812875847777532,0.005578259551929349,-0.001339112181036299,-
DOGEUSDT,ema20>ema50 & >sma200,2,636,0.01067474187292003,1.5022659795528617,398,0.017418010750553735,238,-0.0006018170064842315,0.005578259551929349,-0.001339112181036299,-
DOGEUSDT,ema20>ema50 & macd>signal,2,400,0.009509572894675487,1.8457535377509675,236,0.014948336570576395,164,0.0016830593122814988,0.005578259551929349,-0.001339112181036299,-
DOGEUSDT,ema20>ema50 & macd_hist_up,2,379,0.009048040913636693,1.7784006552400577,221,0.012126286533350579,158,0.004742393559479928,0.005578259551929349,-0.001339112181036299,-
DOGEUSDT,ema20>ema50 & <lower_bb,2,30,0.12589576689000856,0.9637190346577245,18,0.20631615162624262,12,0.005265189785657473,0.005578259551929349,-0.001339112181036299,-
DOGEUSDT,ema20>ema50 & >upper_bb,2,96,0.021791286764490308,1.2950908652165907,58,0.021485283582295553,38,0.022258344253103364,0.005578259551929349,-0.001339112181036299,-
DOGEUSDT,ema20>ema50 & stoch<20,2,104,0.04812008814783592,1.2727751409703278,57,0.0845545429146552,47,0.003933621728501956,0.005578259551929349,-0.001339112181036299,-
DOGEUSDT,ema20>ema50 & dip>3%,2,216,0.026517414626712983,1.4085966149442233,137,0.04167391527735727,79,0.00023335653635516936,0.005578259551929349,-0.001339112181036299,-
DOGEUSDT,ema20>ema50 & pop>3%,2,209,0.011805036235135328,1.3612253647745123,122,0.01210745803830818,87,0.011380950488157304,0.005578259551929349,-0.001339112181036299,-
DOGEUSDT,ema20>ema50 & vol>1.5x,2,172,0.015188921317025905,1.5055322489678293,102,0.017921148185637215,70,0.011207676451335146,0.005578259551929349,-0.001339112181036299,-
DOGEUSDT,ema20>ema50 & 20d_high,2,108,0.026009922373047046,1.6917820432650506,65,0.030059388233313732,43,0.01988863677031833,0.005578259551929349,-0.001339112181036299,-
DOGEUSDT,ema20>ema50 & 20d_low,2,55,0.0811841549433384,1.1379103449915895,29,0.15530574940035374,26,-0.0014899311817940337,0.005578259551929349,-0.001339112181036299,-
DOGEUSDT,ema20>ema50 & adx>25,2,522,0.00519625742308106,1.2586724869819839,314,0.007881006063095799,208,0.0011433195722895763,0.005578259551929349,-0.001339112181036299,-
DOGEUSDT,ema20>ema50 & btc>ema50,2,658,0.010926436647270311,1.6056517287473178,363,0.020735859613904666,295,-0.0011441414438763682,0.005578259551929349,-0.001339112181036299,-
DOGEUSDT,ema20>ema50 & funding<0,2,68,-0.004024443338481484,-0.3619237196694811,39,-0.005716642122444104,29,-0.001748727732462794,0.005578259551929349,-0.001339112181036299,-
DOGEUSDT,>sma200 & macd>signal,2,441,0.007747753470307646,1.666517930346655,291,0.012056936340059362,150,-0.0006120612970106812,0.005578259551929349,-0.001339112181036299,-
DOGEUSDT,>sma200 & macd_hist_up,2,413,0.007330451734921899,1.5737728152080146,267,0.010023169964485821,146,0.0024060971644180138,0.005578259551929349,-0.001339112181036299,-
DOGEUSDT,>sma200 & <lower_bb,2,23,0.18179374170328672,1.070572472775879,13,0.31830800625869904,10,0.00432519778125069,0.005578259551929349,-0.001339112181036299,-
DOGEUSDT,>sma200 & >upper_bb,2,97,0.023453634346559404,1.4286600892023675,67,0.022761870512877445,30,0.024998573575115767,0.005578259551929349,-0.001339112181036299,-
DOGEUSDT,>sma200 & stoch<20,2,81,0.049351963181001934,1.013382335316518,52,0.08099151777376531,29,-0.007381031261194432,0.005578259551929349,-0.001339112181036299,-
DOGEUSDT,>sma200 & dip>3%,2,196,0.025858854749749728,1.2504523049936451,129,0.03988746343866897,67,-0.0011514515319007443,0.005578259551929349,-0.001339112181036299,-
DOGEUSDT,>sma200 & pop>3%,2,216,0.012698057735846367,1.510384271975146,132,0.014235236464700282,84,0.010282491161933076,0.005578259551929349,-0.001339112181036299,-
DOGEUSDT,>sma200 & vol>1.5x,2,164,0.014138773010589707,1.3638701718402784,107,0.018528959171689327,57,0.005897546357297435,0.005578259551929349,-0.001339112181036299,-
DOGEUSDT,>sma200 & 20d_high,2,105,0.026085097385110022,1.6808866141993015,69,0.028750287910262715,36,0.020976815545234024,0.005578259551929349,-0.001339112181036299,-
DOGEUSDT,>sma200 & 20d_low,2,53,0.06586758756167622,0.8824842985319423,28,0.13508796630021155,25,-0.011659236625483325,0.005578259551929349,-0.001339112181036299,-
DOGEUSDT,>sma200 & adx>25,2,469,0.005879734609412108,1.2949292971333537,307,0.008777602200192035,162,0.00038809664416866046,0.005578259551929349,-0.001339112181036299,-
DOGEUSDT,>sma200 & btc>ema50,2,597,0.011941368506413643,1.5982281239819012,378,0.02079752513691781,219,-0.0033446004722647803,0.005578259551929349,-0.001339112181036299,-
DOGEUSDT,>sma200 & funding<0,2,73,-0.005750132397870904,-0.4788751472483134,45,-0.008154154315221311,28,-0.001886525744986318,0.005578259551929349,-0.001339112181036299,-
DOGEUSDT,macd>signal & macd_hist_up,2,592,0.005458386243829379,1.6327814107180056,323,0.009749144826529377,269,0.0003062857895093081,0.005578259551929349,-0.001339112181036299,-
DOGEUSDT,macd>signal & <lower_bb,2,7,-0.018309979327454567,-0.8724783792683978,5,-0.041490540071432505,2,0.039641422532490284,0.005578259551929349,-0.001339112181036299,-
DOGEUSDT,macd>signal & >upper_bb,2,147,0.01931512300700121,1.7324873379450847,85,0.015630746337846647,62,0.024366284569551807,0.005578259551929349,-0.001339112181036299,-
DOGEUSDT,macd>signal & stoch<20,2,49,-0.0022607249979191,-0.33206242796534025,16,-0.013528666154201336,33,0.0032025191990662253,0.005578259551929349,-0.001339112181036299,-
DOGEUSDT,macd>signal & dip>3%,2,213,0.0023190155351235113,0.4942627365721402,128,0.007785123733458058,85,-0.00591230034001557,0.005578259551929349,-0.001339112181036299,-
DOGEUSDT,macd>signal & pop>3%,2,262,0.011015598418883363,1.5913195274976177,143,0.013956033132026846,119,0.007482134856030273,0.005578259551929349,-0.001339112181036299,-
DOGEUSDT,macd>signal & vol>1.5x,2,254,0.011505605581187944,1.6280372407130057,159,0.014520913693168342,95,0.006458932004294432,0.005578259551929349,-0.001339112181036299,-
DOGEUSDT,macd>signal & 20d_high,2,165,0.022013649529392675,2.146074598198013,99,0.020312444586923356,66,0.024565456943096635,0.005578259551929349,-0.001339112181036299,-
DOGEUSDT,macd>signal & 20d_low,2,26,-0.003201460645925011,-0.3090822095483751,8,-0.014516429465719561,18,0.0018274143850947858,0.005578259551929349,-0.001339112181036299,-
DOGEUSDT,macd>signal & adx>25,2,606,0.0029931680328943696,0.8997697328925495,304,0.008927696872959296,302,-0.0029806623226676767,0.005578259551929349,-0.001339112181036299,-
DOGEUSDT,macd>signal & btc>ema50,2,677,0.008859301618437539,2.801555656126806,399,0.013001423073606857,278,0.002914314350047048,0.005578259551929349,-0.001339112181036299,WEAK
DOGEUSDT,macd>signal & funding<0,2,122,0.0005352573276619658,0.0933081971409313,40,-0.008171381841810163,82,0.004782398385941047,0.005578259551929349,-0.001339112181036299,-
DOGEUSDT,macd_hist_up & <lower_bb,2,1,,,1,,0,,0.005578259551929349,-0.001339112181036299,-
DOGEUSDT,macd_hist_up & >upper_bb,2,150,0.016724500681289316,1.5165673724441633,87,0.012788626597943576,63,0.022159755367814372,0.005578259551929349,-0.001339112181036299,-
DOGEUSDT,macd_hist_up & stoch<20,2,66,-0.0049631525975247495,-0.9562490595316548,38,-0.006905650685125766,28,-0.002326905192923365,0.005578259551929349,-0.001339112181036299,-
DOGEUSDT,macd_hist_up & dip>3%,2,67,0.01176896550393135,1.3415940668987125,43,0.02019598700986081,24,-0.00332944802752559,0.005578259551929349,-0.001339112181036299,-
DOGEUSDT,macd_hist_up & pop>3%,2,364,0.005863487881600866,1.1551343628785298,197,0.005726786557185444,167,0.006024746330162773,0.005578259551929349,-0.001339112181036299,-
DOGEUSDT,macd_hist_up & vol>1.5x,2,212,0.008931088967048873,1.0896172803991515,142,0.009342609300711891,70,0.008096290575903902,0.005578259551929349,-0.001339112181036299,-
DOGEUSDT,macd_hist_up & 20d_high,2,167,0.019698227233763594,1.9284439156675013,100,0.018748638304514346,67,0.021115524143090827,0.005578259551929349,-0.001339112181036299,-
DOGEUSDT,macd_hist_up & 20d_low,2,33,-0.005433741502866311,-0.5870383904887575,16,0.0038555087122117103,17,-0.01417656523470445,0.005578259551929349,-0.001339112181036299,-
DOGEUSDT,macd_hist_up & adx>25,2,607,0.0025046523144713452,0.790421281853557,314,0.004712482841922542,293,0.00013858137378985777,0.005578259551929349,-0.001339112181036299,-
DOGEUSDT,macd_hist_up & btc>ema50,2,547,0.007660403610740321,2.134259775812583,328,0.010026997843909334,219,0.004115915444167551,0.005578259551929349,-0.001339112181036299,-
DOGEUSDT,macd_hist_up & funding<0,2,134,-0.005594611839866289,-1.085359508725635,67,-0.013297629485051761,67,0.0021084058053191823,0.005578259551929349,-0.001339112181036299,-
DOGEUSDT,<lower_bb & >upper_bb,2,0,,,0,,0,,0.005578259551929349,-0.001339112181036299,-
DOGEUSDT,<lower_bb & stoch<20,2,73,0.06159270163398685,1.1412757596151921,32,0.1310767833680665,41,0.007361223207388084,0.005578259551929349,-0.001339112181036299,-
DOGEUSDT,<lower_bb & dip>3%,2,80,0.0543179031942845,1.1057201823244944,38,0.1048739421069296,42,0.008576725130462735,0.005578259551929349,-0.001339112181036299,-
DOGEUSDT,<lower_bb & pop>3%,2,3,0.00878864811104945,0.06886100198657359,3,0.00878864811104945,0,,0.005578259551929349,-0.001339112181036299,-
DOGEUSDT,<lower_bb & vol>1.5x,2,27,0.024230638673584683,2.067495041304169,10,0.040392924631268645,17,0.014723411639652928,0.005578259551929349,-0.001339112181036299,-
DOGEUSDT,<lower_bb & 20d_high,2,0,,,0,,0,,0.005578259551929349,-0.001339112181036299,-
DOGEUSDT,<lower_bb & 20d_low,2,97,0.04696724710436931,1.1591641861335493,48,0.08561114311605057,49,0.00911200203170195,0.005578259551929349,-0.001339112181036299,-
DOGEUSDT,<lower_bb & adx>25,2,71,0.00613081068222934,0.7998158640011399,34,0.004661608804057954,37,0.007480888083792228,0.005578259551929349,-0.001339112181036299,-
DOGEUSDT,<lower_bb & btc>ema50,2,23,0.1658213686182263,0.9746919185862284,13,0.29446352489834315,10,-0.0014134345459256626,0.005578259551929349,-0.001339112181036299,-
DOGEUSDT,<lower_bb & funding<0,2,47,0.006488253801319731,0.6562990382493759,27,-0.002854568404496617,20,0.019101063779171795,0.005578259551929349,-0.001339112181036299,-
DOGEUSDT,>upper_bb & stoch<20,2,0,,,0,,0,,0.005578259551929349,-0.001339112181036299,-
DOGEUSDT,>upper_bb & dip>3%,2,5,0.014793910649745317,0.36022320472676966,4,0.019734929469239423,1,,0.005578259551929349,-0.001339112181036299,-
DOGEUSDT,>upper_bb & pop>3%,2,110,0.017973413000042068,1.2309317457086324,66,0.0105093878972081,44,0.02916945065429302,0.005578259551929349,-0.001339112181036299,-
DOGEUSDT,>upper_bb & vol>1.5x,2,120,0.018962328656935465,1.4089254180893376,76,0.01597520673120158,44,0.02412190289229397,0.005578259551929349,-0.001339112181036299,-
DOGEUSDT,>upper_bb & 20d_high,2,131,0.016307043565136403,1.3183140293644349,74,0.01062447443385863,57,0.02368441401626895,0.005578259551929349,-0.001339112181036299,-
DOGEUSDT,>upper_bb & 20d_low,2,0,,,0,,0,,0.005578259551929349,-0.001339112181036299,-
DOGEUSDT,>upper_bb & adx>25,2,84,0.02347302387033338,1.2975371011646306,51,0.02036098286276524,33,0.028282541791120497,0.005578259551929349,-0.001339112181036299,-
DOGEUSDT,>upper_bb & btc>ema50,2,139,0.019274928083783893,1.660708685399704,80,0.01676349067032773,59,0.02268026694948716,0.005578259551929349,-0.001339112181036299,-
DOGEUSDT,>upper_bb & funding<0,2,3,-0.21947972930720436,-2.1260897446642746,3,-0.21947972930720436,0,,0.005578259551929349,-0.001339112181036299,-
DOGEUSDT,stoch<20 & dip>3%,2,149,0.033382578443136975,1.255450340825767,74,0.06376122664522285,75,0.003408978883745568,0.005578259551929349,-0.001339112181036299,-
DOGEUSDT,stoch<20 & pop>3%,2,9,0.0053486148107823725,0.14072237514418123,6,-0.005779958912113355,3,0.027605762256573834,0.005578259551929349,-0.001339112181036299,-
DOGEUSDT,stoch<20 & vol>1.5x,2,19,0.02579272537608908,1.6553754374604426,6,0.07507527311530145,13,0.003046934111837219,0.005578259551929349,-0.001339112181036299,-
DOGEUSDT,stoch<20 & 20d_high,2,0,,,0,,0,,0.005578259551929349,-0.001339112181036299,-
DOGEUSDT,stoch<20 & 20d_low,2,146,0.02927922262295926,1.0782492931615248,69,0.060072781406112295,77,0.0016849946224714836,0.005578259551929349,-0.001339112181036299,-
DOGEUSDT,stoch<20 & adx>25,2,182,0.004833567701686352,1.0494948163276059,85,0.013828175495610735,97,-0.0030483051074226422,0.005578259551929349,-0.001339112181036299,-
DOGEUSDT,stoch<20 & btc>ema50,2,70,0.053965355845701425,0.9610129483480063,30,0.14334964129593614,40,-0.013072858241974595,0.005578259551929349,-0.001339112181036299,-
DOGEUSDT,stoch<20 & funding<0,2,93,0.010290803917650337,1.6535561686387883,42,0.006898171177655909,51,0.013084736762351624,0.005578259551929349,-0.001339112181036299,-
DOGEUSDT,dip>3% & pop>3%,2,0,,,0,,0,,0.005578259551929349,-0.001339112181036299,-
DOGEUSDT,dip>3% & vol>1.5x,2,86,0.009756165630404537,1.2530897691893097,49,0.019163301961438766,37,-0.002701933835019171,0.005578259551929349,-0.001339112181036299,-
DOGEUSDT,dip>3% & 20d_high,2,0,,,0,,0,,0.005578259551929349,-0.001339112181036299,-
DOGEUSDT,dip>3% & 20d_low,2,143,0.03281187342662847,1.1818636289934792,72,0.06316320478863172,71,0.0020330585243153025,0.005578259551929349,-0.001339112181036299,-
DOGEUSDT,dip>3% & adx>25,2,272,0.005959032506656702,1.3311872498079034,153,0.013002069564989942,119,-0.0030963008540574617,0.005578259551929349,-0.001339112181036299,-
DOGEUSDT,dip>3% & btc>ema50,2,191,0.027357772618555275,1.2951738159238118,115,0.0505692932924406,76,-0.007764923137981725,0.005578259551929349,-0.001339112181036299,-
DOGEUSDT,dip>3% & funding<0,2,88,0.015830996284360896,2.1538338930732066,46,0.018628705784714174,42,0.012766838260164438,0.005578259551929349,-0.001339112181036299,-
DOGEUSDT,pop>3% & vol>1.5x,2,147,0.010633126202583934,0.9382412678567016,95,0.010732362079437879,52,0.010451829889100763,0.005578259551929349,-0.001339112181036299,-
DOGEUSDT,pop>3% & 20d_high,2,130,0.01931732028682433,1.5148654812574045,77,0.01488390220239651,53,0.02575832391891758,0.005578259551929349,-0.001339112181036299,-
DOGEUSDT,pop>3% & 20d_low,2,0,,,0,,0,,0.005578259551929349,-0.001339112181036299,-
DOGEUSDT,pop>3% & adx>25,2,245,0.0052738160610218965,0.7217061212623801,137,0.003796131341708902,108,0.00714828649200226,0.005578259551929349,-0.001339112181036299,-
DOGEUSDT,pop>3% & btc>ema50,2,254,0.011344115016896536,1.6053546346784915,137,0.011508592887476052,117,0.011151521271004274,0.005578259551929349,-0.001339112181036299,-
DOGEUSDT,pop>3% & funding<0,2,61,-0.01708545524973069,-1.5641048580908143,37,-0.02943582263916687,24,0.0019546944756500865,0.005578259551929349,-0.001339112181036299,-
DOGEUSDT,vol>1.5x & 20d_high,2,120,0.018086679026454333,1.3490254486818858,76,0.016069550388150732,44,0.02157081031079691,0.005578259551929349,-0.001339112181036299,-
DOGEUSDT,vol>1.5x & 20d_low,2,30,0.019128416137731516,2.3636671601637964,11,0.02892619447602425,19,0.013456018152404138,0.005578259551929349,-0.001339112181036299,-
DOGEUSDT,vol>1.5x & adx>25,2,203,0.008424744479851793,1.0196276935794897,127,0.008636208516666312,76,0.00807137694464858,0.005578259551929349,-0.001339112181036299,-
DOGEUSDT,vol>1.5x & btc>ema50,2,218,0.016210834326463662,2.0280119944561505,134,0.019412040023349952,84,0.011104149048097431,0.005578259551929349,-0.001339112181036299,-
DOGEUSDT,vol>1.5x & funding<0,2,43,-0.0013955916848184063,-0.08591907679590197,26,-0.0031299727753179318,17,0.0012569911594749775,0.005578259551929349,-0.001339112181036299,-
DOGEUSDT,20d_high & 20d_low,2,0,,,0,,0,,0.005578259551929349,-0.001339112181036299,-
DOGEUSDT,20d_high & adx>25,2,101,0.02431344071610452,1.5638950176927124,64,0.02200304031811524,37,0.02830980897208598,0.005578259551929349,-0.001339112181036299,-
DOGEUSDT,20d_high & btc>ema50,2,157,0.021444067234945338,2.020078897490427,92,0.020961671676276456,65,0.02212684248721514,0.005578259551929349,-0.001339112181036299,-
DOGEUSDT,20d_high & funding<0,2,3,-0.21947972930720436,-2.1260897446642746,3,-0.21947972930720436,0,,0.005578259551929349,-0.001339112181036299,-
DOGEUSDT,20d_low & adx>25,2,138,0.005518276236564167,1.0083242435587647,60,0.012901022889660548,78,-0.00016075965043304974,0.005578259551929349,-0.001339112181036299,-
DOGEUSDT,20d_low & btc>ema50,2,41,0.08179639969566524,0.8533050250201863,20,0.1863211169685713,21,-0.01775095008805478,0.005578259551929349,-0.001339112181036299,-
DOGEUSDT,20d_low & funding<0,2,77,0.006718123907894232,0.8007154283645532,38,0.0020901527167585766,39,0.01122742917105205,0.005578259551929349,-0.001339112181036299,-
DOGEUSDT,adx>25 & btc>ema50,2,518,0.006338340988706043,1.6260004369093977,289,0.01111418053665576,229,0.00031118976880443826,0.005578259551929349,-0.001339112181036299,-
DOGEUSDT,adx>25 & funding<0,2,207,0.0014365782634830325,0.29869728860949557,96,-0.0033218385540279096,111,0.005551965781330334,0.005578259551929349,-0.001339112181036299,-
DOGEUSDT,btc>ema50 & funding<0,2,69,-0.008200551388055321,-0.8749084179633063,25,-0.023649042354537776,44,0.0005770002974460689,0.005578259551929349,-0.001339112181036299,-
DOGEUSDT,rsi<30 & rsi>70 & rsi50-70,3,0,,,0,,0,,0.005578259551929349,-0.001339112181036299,-
DOGEUSDT,rsi<30 & rsi>70 & >ema20,3,0,,,0,,0,,0.005578259551929349,-0.001339112181036299,-
DOGEUSDT,rsi<30 & rsi>70 & >ema50,3,0,,,0,,0,,0.005578259551929349,-0.001339112181036299,-
DOGEUSDT,rsi<30 & rsi>70 & ema20>ema50,3,0,,,0,,0,,0.005578259551929349,-0.001339112181036299,-
DOGEUSDT,rsi<30 & rsi>70 & >sma200,3,0,,,0,,0,,0.005578259551929349,-0.001339112181036299,-
DOGEUSDT,rsi<30 & rsi>70 & macd>signal,3,0,,,0,,0,,0.005578259551929349,-0.001339112181036299,-
DOGEUSDT,rsi<30 & rsi>70 & macd_hist_up,3,0,,,0,,0,,0.005578259551929349,-0.001339112181036299,-
DOGEUSDT,rsi<30 & rsi>70 & <lower_bb,3,0,,,0,,0,,0.005578259551929349,-0.001339112181036299,-
DOGEUSDT,rsi<30 & rsi>70 & >upper_bb,3,0,,,0,,0,,0.005578259551929349,-0.001339112181036299,-
DOGEUSDT,rsi<30 & rsi>70 & stoch<20,3,0,,,0,,0,,0.005578259551929349,-0.001339112181036299,-
DOGEUSDT,rsi<30 & rsi>70 & dip>3%,3,0,,,0,,0,,0.005578259551929349,-0.001339112181036299,-
DOGEUSDT,rsi<30 & rsi>70 & pop>3%,3,0,,,0,,0,,0.005578259551929349,-0.001339112181036299,-
DOGEUSDT,rsi<30 & rsi>70 & vol>1.5x,3,0,,,0,,0,,0.005578259551929349,-0.001339112181036299,-
DOGEUSDT,rsi<30 & rsi>70 & 20d_high,3,0,,,0,,0,,0.005578259551929349,-0.001339112181036299,-
DOGEUSDT,rsi<30 & rsi>70 & 20d_low,3,0,,,0,,0,,0.005578259551929349,-0.001339112181036299,-
DOGEUSDT,rsi<30 & rsi>70 & adx>25,3,0,,,0,,0,,0.005578259551929349,-0.001339112181036299,-
DOGEUSDT,rsi<30 & rsi>70 & btc>ema50,3,0,,,0,,0,,0.005578259551929349,-0.001339112181036299,-
DOGEUSDT,rsi<30 & rsi>70 & funding<0,3,0,,,0,,0,,0.005578259551929349,-0.001339112181036299,-
DOGEUSDT,rsi<30 & rsi50-70 & >ema20,3,0,,,0,,0,,0.005578259551929349,-0.001339112181036299,-
DOGEUSDT,rsi<30 & rsi50-70 & >ema50,3,0,,,0,,0,,0.005578259551929349,-0.001339112181036299,-
DOGEUSDT,rsi<30 & rsi50-70 & ema20>ema50,3,0,,,0,,0,,0.005578259551929349,-0.001339112181036299,-
DOGEUSDT,rsi<30 & rsi50-70 & >sma200,3,0,,,0,,0,,0.005578259551929349,-0.001339112181036299,-
DOGEUSDT,rsi<30 & rsi50-70 & macd>signal,3,0,,,0,,0,,0.005578259551929349,-0.001339112181036299,-
DOGEUSDT,rsi<30 & rsi50-70 & macd_hist_up,3,0,,,0,,0,,0.005578259551929349,-0.001339112181036299,-
DOGEUSDT,rsi<30 & rsi50-70 & <lower_bb,3,0,,,0,,0,,0.005578259551929349,-0.001339112181036299,-
DOGEUSDT,rsi<30 & rsi50-70 & >upper_bb,3,0,,,0,,0,,0.005578259551929349,-0.001339112181036299,-
DOGEUSDT,rsi<30 & rsi50-70 & stoch<20,3,0,,,0,,0,,0.005578259551929349,-0.001339112181036299,-
DOGEUSDT,rsi<30 & rsi50-70 & dip>3%,3,0,,,0,,0,,0.005578259551929349,-0.001339112181036299,-
DOGEUSDT,rsi<30 & rsi50-70 & pop>3%,3,0,,,0,,0,,0.005578259551929349,-0.001339112181036299,-
DOGEUSDT,rsi<30 & rsi50-70 & vol>1.5x,3,0,,,0,,0,,0.005578259551929349,-0.001339112181036299,-
DOGEUSDT,rsi<30 & rsi50-70 & 20d_high,3,0,,,0,,0,,0.005578259551929349,-0.001339112181036299,-
DOGEUSDT,rsi<30 & rsi50-70 & 20d_low,3,0,,,0,,0,,0.005578259551929349,-0.001339112181036299,-
DOGEUSDT,rsi<30 & rsi50-70 & adx>25,3,0,,,0,,0,,0.005578259551929349,-0.001339112181036299,-
DOGEUSDT,rsi<30 & rsi50-70 & btc>ema50,3,0,,,0,,0,,0.005578259551929349,-0.001339112181036299,-
DOGEUSDT,rsi<30 & rsi50-70 & funding<0,3,0,,,0,,0,,0.005578259551929349,-0.001339112181036299,-
DOGEUSDT,rsi<30 & >ema20 & >ema50,3,0,,,0,,0,,0.005578259551929349,-0.001339112181036299,-
DOGEUSDT,rsi<30 & >ema20 & ema20>ema50,3,0,,,0,,0,,0.005578259551929349,-0.001339112181036299,-
DOGEUSDT,rsi<30 & >ema20 & >sma200,3,0,,,0,,0,,0.005578259551929349,-0.001339112181036299,-
DOGEUSDT,rsi<30 & >ema20 & macd>signal,3,0,,,0,,0,,0.005578259551929349,-0.001339112181036299,-
DOGEUSDT,rsi<30 & >ema20 & macd_hist_up,3,0,,,0,,0,,0.005578259551929349,-0.001339112181036299,-
DOGEUSDT,rsi<30 & >ema20 & <lower_bb,3,0,,,0,,0,,0.005578259551929349,-0.001339112181036299,-
DOGEUSDT,rsi<30 & >ema20 & >upper_bb,3,0,,,0,,0,,0.005578259551929349,-0.001339112181036299,-
DOGEUSDT,rsi<30 & >ema20 & stoch<20,3,0,,,0,,0,,0.005578259551929349,-0.001339112181036299,-
DOGEUSDT,rsi<30 & >ema20 & dip>3%,3,0,,,0,,0,,0.005578259551929349,-0.001339112181036299,-
DOGEUSDT,rsi<30 & >ema20 & pop>3%,3,0,,,0,,0,,0.005578259551929349,-0.001339112181036299,-
DOGEUSDT,rsi<30 & >ema20 & vol>1.5x,3,0,,,0,,0,,0.005578259551929349,-0.001339112181036299,-
DOGEUSDT,rsi<30 & >ema20 & 20d_high,3,0,,,0,,0,,0.005578259551929349,-0.001339112181036299,-
DOGEUSDT,rsi<30 & >ema20 & 20d_low,3,0,,,0,,0,,0.005578259551929349,-0.001339112181036299,-
DOGEUSDT,rsi<30 & >ema20 & adx>25,3,0,,,0,,0,,0.005578259551929349,-0.001339112181036299,-
DOGEUSDT,rsi<30 & >ema20 & btc>ema50,3,0,,,0,,0,,0.005578259551929349,-0.001339112181036299,-
DOGEUSDT,rsi<30 & >ema20 & funding<0,3,0,,,0,,0,,0.005578259551929349,-0.001339112181036299,-
DOGEUSDT,rsi<30 & >ema50 & ema20>ema50,3,0,,,0,,0,,0.005578259551929349,-0.001339112181036299,-
DOGEUSDT,rsi<30 & >ema50 & >sma200,3,0,,,0,,0,,0.005578259551929349,-0.001339112181036299,-
DOGEUSDT,rsi<30 & >ema50 & macd>signal,3,0,,,0,,0,,0.005578259551929349,-0.001339112181036299,-
DOGEUSDT,rsi<30 & >ema50 & macd_hist_up,3,0,,,0,,0,,0.005578259551929349,-0.001339112181036299,-
DOGEUSDT,rsi<30 & >ema50 & <lower_bb,3,0,,,0,,0,,0.005578259551929349,-0.001339112181036299,-
DOGEUSDT,rsi<30 & >ema50 & >upper_bb,3,0,,,0,,0,,0.005578259551929349,-0.001339112181036299,-
DOGEUSDT,rsi<30 & >ema50 & stoch<20,3,0,,,0,,0,,0.005578259551929349,-0.001339112181036299,-
DOGEUSDT,rsi<30 & >ema50 & dip>3%,3,0,,,0,,0,,0.005578259551929349,-0.001339112181036299,-
DOGEUSDT,rsi<30 & >ema50 & pop>3%,3,0,,,0,,0,,0.005578259551929349,-0.001339112181036299,-
DOGEUSDT,rsi<30 & >ema50 & vol>1.5x,3,0,,,0,,0,,0.005578259551929349,-0.001339112181036299,-
DOGEUSDT,rsi<30 & >ema50 & 20d_high,3,0,,,0,,0,,0.005578259551929349,-0.001339112181036299,-
DOGEUSDT,rsi<30 & >ema50 & 20d_low,3,0,,,0,,0,,0.005578259551929349,-0.001339112181036299,-
DOGEUSDT,rsi<30 & >ema50 & adx>25,3,0,,,0,,0,,0.005578259551929349,-0.001339112181036299,-
DOGEUSDT,rsi<30 & >ema50 & btc>ema50,3,0,,,0,,0,,0.005578259551929349,-0.001339112181036299,-
DOGEUSDT,rsi<30 & >ema50 & funding<0,3,0,,,0,,0,,0.005578259551929349,-0.001339112181036299,-
DOGEUSDT,rsi<30 & ema20>ema50 & >sma200,3,0,,,0,,0,,0.005578259551929349,-0.001339112181036299,-
DOGEUSDT,rsi<30 & ema20>ema50 & macd>signal,3,0,,,0,,0,,0.005578259551929349,-0.001339112181036299,-
DOGEUSDT,rsi<30 & ema20>ema50 & macd_hist_up,3,0,,,0,,0,,0.005578259551929349,-0.001339112181036299,-
DOGEUSDT,rsi<30 & ema20>ema50 & <lower_bb,3,1,,,1,,0,,0.005578259551929349,-0.001339112181036299,-
DOGEUSDT,rsi<30 & ema20>ema50 & >upper_bb,3,0,,,0,,0,,0.005578259551929349,-0.001339112181036299,-
DOGEUSDT,rsi<30 & ema20>ema50 & stoch<20,3,0,,,0,,0,,0.005578259551929349,-0.001339112181036299,-
DOGEUSDT,rsi<30 & ema20>ema50 & dip>3%,3,1,,,1,,0,,0.005578259551929349,-0.001339112181036299,-
DOGEUSDT,rsi<30 & ema20>ema50 & pop>3%,3,0,,,0,,0,,0.005578259551929349,-0.001339112181036299,-
DOGEUSDT,rsi<30 & ema20>ema50 & vol>1.5x,3,1,,,1,,0,,0.005578259551929349,-0.001339112181036299,-
DOGEUSDT,rsi<30 & ema20>ema50 & 20d_high,3,0,,,0,,0,,0.005578259551929349,-0.001339112181036299,-
DOGEUSDT,rsi<30 & ema20>ema50 & 20d_low,3,1,,,1,,0,,0.005578259551929349,-0.001339112181036299,-
DOGEUSDT,rsi<30 & ema20>ema50 & adx>25,3,1,,,1,,0,,0.005578259551929349,-0.001339112181036299,-
DOGEUSDT,rsi<30 & ema20>ema50 & btc>ema50,3,0,,,0,,0,,0.005578259551929349,-0.001339112181036299,-
DOGEUSDT,rsi<30 & ema20>ema50 & funding<0,3,0,,,0,,0,,0.005578259551929349,-0.001339112181036299,-
DOGEUSDT,rsi<30 & >sma200 & macd>signal,3,0,,,0,,0,,0.005578259551929349,-0.001339112181036299,-
DOGEUSDT,rsi<30 & >sma200 & macd_hist_up,3,1,,,0,,1,,0.005578259551929349,-0.001339112181036299,-
DOGEUSDT,rsi<30 & >sma200 & <lower_bb,3,2,0.15023650551958972,1.8739079287766915,2,0.15023650551958972,0,,0.005578259551929349,-0.001339112181036299,-
DOGEUSDT,rsi<30 & >sma200 & >upper_bb,3,0,,,0,,0,,0.005578259551929349,-0.001339112181036299,-
DOGEUSDT,rsi<30 & >sma200 & stoch<20,3,2,0.15023650551958972,1.8739079287766915,2,0.15023650551958972,0,,0.005578259551929349,-0.001339112181036299,-
DOGEUSDT,rsi<30 & >sma200 & dip>3%,3,1,,,1,,0,,0.005578259551929349,-0.001339112181036299,-
DOGEUSDT,rsi<30 & >sma200 & pop>3%,3,1,,,1,,0,,0.005578259551929349,-0.001339112181036299,-
DOGEUSDT,rsi<30 & >sma200 & vol>1.5x,3,2,0.15023650551958972,1.8739079287766915,2,0.15023650551958972,0,,0.005578259551929349,-0.001339112181036299,-
DOGEUSDT,rsi<30 & >sma200 & 20d_high,3,0,,,0,,0,,0.005578259551929349,-0.001339112181036299,-
DOGEUSDT,rsi<30 & >sma200 & 20d_low,3,2,0.04728482737546974,2.07582188467972,1,,1,,0.005578259551929349,-0.001339112181036299,-
DOGEUSDT,rsi<30 & >sma200 & adx>25,3,3,0.10832633075013838,1.7348266811824335,2,0.15023650551958972,1,,0.005578259551929349,-0.001339112181036299,-
DOGEUSDT,rsi<30 & >sma200 & btc>ema50,3,0,,,0,,0,,0.005578259551929349,-0.001339112181036299,-
DOGEUSDT,rsi<30 & >sma200 & funding<0,3,3,0.10832633075013838,1.7348266811824335,2,0.15023650551958972,1,,0.005578259551929349,-0.001339112181036299,-
DOGEUSDT,rsi<30 & macd>signal & macd_hist_up,3,0,,,0,,0,,0.005578259551929349,-0.001339112181036299,-
DOGEUSDT,rsi<30 & macd>signal & <lower_bb,3,1,,,1,,0,,0.005578259551929349,-0.001339112181036299,-
DOGEUSDT,rsi<30 & macd>signal & >upper_bb,3,0,,,0,,0,,0.005578259551929349,-0.001339112181036299,-
DOGEUSDT,rsi<30 & macd>signal & stoch<20,3,1,,,1,,0,,0.005578259551929349,-0.001339112181036299,-
DOGEUSDT,rsi<30 & macd>signal & dip>3%,3,1,,,1,,0,,0.005578259551929349,-0.001339112181036299,-
DOGEUSDT,rsi<30 & macd>signal & pop>3%,3,0,,,0,,0,,0.005578259551929349,-0.001339112181036299,-
DOGEUSDT,rsi<30 & macd>signal & vol>1.5x,3,0,,,0,,0,,0.005578259551929349,-0.001339112181036299,-
DOGEUSDT,rsi<30 & macd>signal & 20d_high,3,0,,,0,,0,,0.005578259551929349,-0.001339112181036299,-
DOGEUSDT,rsi<30 & macd>signal & 20d_low,3,1,,,1,,0,,0.005578259551929349,-0.001339112181036299,-
DOGEUSDT,rsi<30 & macd>signal & adx>25,3,1,,,1,,0,,0.005578259551929349,-0.001339112181036299,-
DOGEUSDT,rsi<30 & macd>signal & btc>ema50,3,0,,,0,,0,,0.005578259551929349,-0.001339112181036299,-
DOGEUSDT,rsi<30 & macd>signal & funding<0,3,1,,,1,,0,,0.005578259551929349,-0.001339112181036299,-
DOGEUSDT,rsi<30 & macd_hist_up & <lower_bb,3,0,,,0,,0,,0.005578259551929349,-0.001339112181036299,-
DOGEUSDT,rsi<30 & macd_hist_up & >upper_bb,3,0,,,0,,0,,0.005578259551929349,-0.001339112181036299,-
DOGEUSDT,rsi<30 & macd_hist_up & stoch<20,3,5,0.026386041781144582,1.6028275663440401,1,,4,0.01639299603133832,0.005578259551929349,-0.001339112181036299,-
DOGEUSDT,rsi<30 & macd_hist_up & dip>3%,3,1,,,1,,0,,0.005578259551929349,-0.001339112181036299,-
DOGEUSDT,rsi<30 & macd_hist_up & pop>3%,3,0,,,0,,0,,0.005578259551929349,-0.001339112181036299,-
DOGEUSDT,rsi<30 & macd_hist_up & vol>1.5x,3,0,,,0,,0,,0.005578259551929349,-0.001339112181036299,-
DOGEUSDT,rsi<30 & macd_hist_up & 20d_high,3,0,,,0,,0,,0.005578259551929349,-0.001339112181036299,-
DOGEUSDT,rsi<30 & macd_hist_up & 20d_low,3,4,0.013369633579450958,0.7094507330551849,1,,3,0.027991362383640025,0.005578259551929349,-0.001339112181036299,-
DOGEUSDT,rsi<30 & macd_hist_up & adx>25,3,11,0.025610522353933837,1.8730395372629134,2,0.017931335973626703,9,0.027317008216224306,0.005578259551929349,-0.001339112181036299,-
DOGEUSDT,rsi<30 & macd_hist_up & btc>ema50,3,0,,,0,,0,,0.005578259551929349,-0.001339112181036299,-
DOGEUSDT,rsi<30 & macd_hist_up & funding<0,3,4,-0.0015062137028704556,-0.10893145351020452,1,,3,0.008156899340544808,0.005578259551929349,-0.001339112181036299,-
DOGEUSDT,rsi<30 & <lower_bb & >upper_bb,3,0,,,0,,0,,0.005578259551929349,-0.001339112181036299,-
DOGEUSDT,rsi<30 & <lower_bb & stoch<20,3,29,0.014970187694100757,1.05562762634502,12,0.03445502346674866,17,0.0012161859722316423,0.005578259551929349,-0.001339112181036299,-
DOGEUSDT,rsi<30 & <lower_bb & dip>3%,3,26,0.00148913884278308,0.1258265207693474,12,0.005856949359070396,14,-0.002254698742606046,0.005578259551929349,-0.001339112181036299,-
DOGEUSDT,rsi<30 & <lower_bb & pop>3%,3,1,,,1,,0,,0.005578259551929349,-0.001339112181036299,-
DOGEUSDT,rsi<30 & <lower_bb & vol>1.5x,3,16,0.0286641384323017,1.584145215519212,6,0.06276095267970463,10,0.008206049883859954,0.005578259551929349,-0.001339112181036299,-
DOGEUSDT,rsi<30 & <lower_bb & 20d_high,3,0,,,0,,0,,0.005578259551929349,-0.001339112181036299,-
DOGEUSDT,rsi<30 & <lower_bb & 20d_low,3,31,0.005409368695451906,0.5156994447057088,14,0.009990406716329532,17,0.0016367491488467982,0.005578259551929349,-0.001339112181036299,-
DOGEUSDT,rsi<30 & <lower_bb & adx>25,3,34,0.01764631738372055,1.4248410993782359,15,0.03368655532771243,19,0.004982971638463806,0.005578259551929349,-0.001339112181036299,-
DOGEUSDT,rsi<30 & <lower_bb & btc>ema50,3,0,,,0,,0,,0.005578259551929349,-0.001339112181036299,-
DOGEUSDT,rsi<30 & <lower_bb & funding<0,3,20,0.020125938088036487,1.1426952367748555,10,0.015864982511102837,10,0.02438689366497013,0.005578259551929349,-0.001339112181036299,-
DOGEUSDT,rsi<30 & >upper_bb & stoch<20,3,0,,,0,,0,,0.005578259551929349,-0.001339112181036299,-
DOGEUSDT,rsi<30 & >upper_bb & dip>3%,3,0,,,0,,0,,0.005578259551929349,-0.001339112181036299,-
DOGEUSDT,rsi<30 & >upper_bb & pop>3%,3,0,,,0,,0,,0.005578259551929349,-0.001339112181036299,-
DOGEUSDT,rsi<30 & >upper_bb & vol>1.5x,3,0,,,0,,0,,0.005578259551929349,-0.001339112181036299,-
DOGEUSDT,rsi<30 & >upper_bb & 20d_high,3,0,,,0,,0,,0.005578259551929349,-0.001339112181036299,-
DOGEUSDT,rsi<30 & >upper_bb & 20d_low,3,0,,,0,,0,,0.005578259551929349,-0.001339112181036299,-
DOGEUSDT,rsi<30 & >upper_bb & adx>25,3,0,,,0,,0,,0.005578259551929349,-0.001339112181036299,-
DOGEUSDT,rsi<30 & >upper_bb & btc>ema50,3,0,,,0,,0,,0.005578259551929349,-0.001339112181036299,-
DOGEUSDT,rsi<30 & >upper_bb & funding<0,3,0,,,0,,0,,0.005578259551929349,-0.001339112181036299,-
DOGEUSDT,rsi<30 & stoch<20 & dip>3%,3,23,0.001230502077144875,0.08354703913273057,11,0.007280755739067044,12,-0.004315563779617113,0.005578259551929349,-0.001339112181036299,-
DOGEUSDT,rsi<30 & stoch<20 & pop>3%,3,1,,,1,,0,,0.005578259551929349,-0.001339112181036299,-
DOGEUSDT,rsi<30 & stoch<20 & vol>1.5x,3,10,0.03116000295713135,1.1180802065342546,3,0.10815624186070527,7,-0.0018383851444003219,0.005578259551929349,-0.001339112181036299,-
DOGEUSDT,rsi<30 & stoch<20 & 20d_high,3,0,,,0,,0,,0.005578259551929349,-0.001339112181036299,-
DOGEUSDT,rsi<30 & stoch<20 & 20d_low,3,31,0.005518307523845212,0.4780396877676154,12,0.01004438628743771,19,0.0026597314626289,0.005578259551929349,-0.001339112181036299,-
DOGEUSDT,rsi<30 & stoch<20 & adx>25,3,38,0.01841427797276111,1.5934615338746145,14,0.04682141418617324,24,0.0018434485149373622,0.005578259551929349,-0.001339112181036299,-
DOGEUSDT,rsi<30 & stoch<20 & btc>ema50,3,0,,,0,,0,,0.005578259551929349,-0.001339112181036299,-
DOGEUSDT,rsi<30 & stoch<20 & funding<0,3,18,0.018330411700114294,0.9551799241914571,9,0.022086002340530292,9,0.014574821059698293,0.005578259551929349,-0.001339112181036299,-
DOGEUSDT,rsi<30 & dip>3% & pop>3%,3,0,,,0,,0,,0.005578259551929349,-0.001339112181036299,-
DOGEUSDT,rsi<30 & dip>3% & vol>1.5x,3,13,0.0148149855857595,1.0927658322667826,5,0.029231275715750415,8,0.005804804254515173,0.005578259551929349,-0.001339112181036299,-
DOGEUSDT,rsi<30 & dip>3% & 20d_high,3,0,,,0,,0,,0.005578259551929349,-0.001339112181036299,-
DOGEUSDT,rsi<30 & dip>3% & 20d_low,3,30,0.009606118070051007,0.7086412880794244,16,0.01998433278112592,14,-0.002254698742606046,0.005578259551929349,-0.001339112181036299,-
DOGEUSDT,rsi<30 & dip>3% & adx>25,3,28,0.01339651771126052,0.9431717175707696,15,0.02850641157055377,13,-0.004037975203308617,0.005578259551929349,-0.001339112181036299,-
DOGEUSDT,rsi<30 & dip>3% & btc>ema50,3,0,,,0,,0,,0.005578259551929349,-0.001339112181036299,-
DOGEUSDT,rsi<30 & dip>3% & funding<0,3,17,-0.0001574495401242381,-0.010271546622223574,8,-0.021479670867666528,9,0.018795636084357796,0.005578259551929349,-0.001339112181036299,-
DOGEUSDT,rsi<30 & pop>3% & vol>1.5x,3,1,,,1,,0,,0.005578259551929349,-0.001339112181036299,-
DOGEUSDT,rsi<30 & pop>3% & 20d_high,3,0,,,0,,0,,0.005578259551929349,-0.001339112181036299,-
DOGEUSDT,rsi<30 & pop>3% & 20d_low,3,0,,,0,,0,,0.005578259551929349,-0.001339112181036299,-
DOGEUSDT,rsi<30 & pop>3% & adx>25,3,1,,,1,,0,,0.005578259551929349,-0.001339112181036299,-
DOGEUSDT,rsi<30 & pop>3% & btc>ema50,3,0,,,0,,0,,0.005578259551929349,-0.001339112181036299,-
DOGEUSDT,rsi<30 & pop>3% & funding<0,3,1,,,1,,0,,0.005578259551929349,-0.001339112181036299,-
DOGEUSDT,rsi<30 & vol>1.5x & 20d_high,3,0,,,0,,0,,0.005578259551929349,-0.001339112181036299,-
DOGEUSDT,rsi<30 & vol>1.5x & 20d_low,3,14,0.015384525130698748,1.2244377997731763,5,0.029231275715750415,9,0.007691885916781148,0.005578259551929349,-0.001339112181036299,-
DOGEUSDT,rsi<30 & vol>1.5x & adx>25,3,16,0.02878042868032555,1.59083066969756,6,0.06276095267970463,10,0.008392114280698113,0.005578259551929349,-0.001339112181036299,-
DOGEUSDT,rsi<30 & vol>1.5x & btc>ema50,3,0,,,0,,0,,0.005578259551929349,-0.001339112181036299,-
DOGEUSDT,rsi<30 & vol>1.5x & funding<0,3,11,0.04750311552462613,2.1331484860448233,4,0.0710861324070929,7,0.03402710587750226,0.005578259551929349,-0.001339112181036299,-
DOGEUSDT,rsi<30 & 20d_high & 20d_low,3,0,,,0,,0,,0.005578259551929349,-0.001339112181036299,-
DOGEUSDT,rsi<30 & 20d_high & adx>25,3,0,,,0,,0,,0.005578259551929349,-0.001339112181036299,-
DOGEUSDT,rsi<30 & 20d_high & btc>ema50,3,0,,,0,,0,,0.005578259551929349,-0.001339112181036299,-
DOGEUSDT,rsi<30 & 20d_high & funding<0,3,0,,,0,,0,,0.005578259551929349,-0.001339112181036299,-
DOGEUSDT,rsi<30 & 20d_low & adx>25,3,40,0.015301171089414459,1.4854314060893534,18,0.028606907647116184,22,0.004414659360385773,0.005578259551929349,-0.001339112181036299,-
DOGEUSDT,rsi<30 & 20d_low & btc>ema50,3,0,,,0,,0,,0.005578259551929349,-0.001339112181036299,-
DOGEUSDT,rsi<30 & 20d_low & funding<0,3,22,0.005277683381226513,0.432639406054386,10,-0.010225506522156352,12,0.01819700830071223,0.005578259551929349,-0.001339112181036299,-
DOGEUSDT,rsi<30 & adx>25 & btc>ema50,3,0,,,0,,0,,0.005578259551929349,-0.001339112181036299,-
DOGEUSDT,rsi<30 & adx>25 & funding<0,3,26,0.016698147487752533,1.2175042256672657,11,0.011650388388901102,15,0.020399837493576916,0.005578259551929349,-0.001339112181036299,-
DOGEUSDT,rsi<30 & btc>ema50 & funding<0,3,0,,,0,,0,,0.005578259551929349,-0.001339112181036299,-
DOGEUSDT,rsi>70 & rsi50-70 & >ema20,3,0,,,0,,0,,0.005578259551929349,-0.001339112181036299,-
DOGEUSDT,rsi>70 & rsi50-70 & >ema50,3,0,,,0,,0,,0.005578259551929349,-0.001339112181036299,-
DOGEUSDT,rsi>70 & rsi50-70 & ema20>ema50,3,0,,,0,,0,,0.005578259551929349,-0.001339112181036299,-
DOGEUSDT,rsi>70 & rsi50-70 & >sma200,3,0,,,0,,0,,0.005578259551929349,-0.001339112181036299,-
DOGEUSDT,rsi>70 & rsi50-70 & macd>signal,3,0,,,0,,0,,0.005578259551929349,-0.001339112181036299,-
DOGEUSDT,rsi>70 & rsi50-70 & macd_hist_up,3,0,,,0,,0,,0.005578259551929349,-0.001339112181036299,-
DOGEUSDT,rsi>70 & rsi50-70 & <lower_bb,3,0,,,0,,0,,0.005578259551929349,-0.001339112181036299,-
DOGEUSDT,rsi>70 & rsi50-70 & >upper_bb,3,0,,,0,,0,,0.005578259551929349,-0.001339112181036299,-
DOGEUSDT,rsi>70 & rsi50-70 & stoch<20,3,0,,,0,,0,,0.005578259551929349,-0.001339112181036299,-
DOGEUSDT,rsi>70 & rsi50-70 & dip>3%,3,0,,,0,,0,,0.005578259551929349,-0.001339112181036299,-
DOGEUSDT,rsi>70 & rsi50-70 & pop>3%,3,0,,,0,,0,,0.005578259551929349,-0.001339112181036299,-
DOGEUSDT,rsi>70 & rsi50-70 & vol>1.5x,3,0,,,0,,0,,0.005578259551929349,-0.001339112181036299,-
DOGEUSDT,rsi>70 & rsi50-70 & 20d_high,3,0,,,0,,0,,0.005578259551929349,-0.001339112181036299,-
DOGEUSDT,rsi>70 & rsi50-70 & 20d_low,3,0,,,0,,0,,0.005578259551929349,-0.001339112181036299,-
DOGEUSDT,rsi>70 & rsi50-70 & adx>25,3,0,,,0,,0,,0.005578259551929349,-0.001339112181036299,-
DOGEUSDT,rsi>70 & rsi50-70 & btc>ema50,3,0,,,0,,0,,0.005578259551929349,-0.001339112181036299,-
DOGEUSDT,rsi>70 & rsi50-70 & funding<0,3,0,,,0,,0,,0.005578259551929349,-0.001339112181036299,-
DOGEUSDT,rsi>70 & >ema20 & >ema50,3,127,0.02756855033862838,2.0631446334336596,69,0.03748664319152654,58,0.015769439875697823,0.005578259551929349,-0.001339112181036299,-
DOGEUSDT,rsi>70 & >ema20 & ema20>ema50,3,117,0.02723305585899948,1.9020930825180928,62,0.042416512684677075,55,0.010117159073690214,0.005578259551929349,-0.001339112181036299,-
DOGEUSDT,rsi>70 & >ema20 & >sma200,3,104,0.03090972613395919,1.9432323914222185,62,0.0438091792103913,42,0.011867676354464184,0.005578259551929349,-0.001339112181036299,-
DOGEUSDT,rsi>70 & >ema20 & macd>signal,3,124,0.029573953679249695,2.1709001531403604,69,0.03748664319152654,55,0.019647125018393302,0.005578259551929349,-0.001339112181036299,-
DOGEUSDT,rsi>70 & >ema20 & macd_hist_up,3,94,0.040354082974514954,2.295189669190228,54,0.050206219218999086,40,0.02705369904446141,0.005578259551929349,-0.001339112181036299,-
DOGEUSDT,rsi>70 & >ema20 & <lower_bb,3,0,,,0,,0,,0.005578259551929349,-0.001339112181036299,-
DOGEUSDT,rsi>70 & >ema20 & >upper_bb,3,83,0.03911161654391984,2.0368325995565315,48,0.0423959774395378,35,0.03460735017278662,0.005578259551929349,-0.001339112181036299,-
DOGEUSDT,rsi>70 & >ema20 & stoch<20,3,0,,,0,,0,,0.005578259551929349,-0.001339112181036299,-
DOGEUSDT,rsi>70 & >ema20 & dip>3%,3,16,0.022943678221822805,1.2271270063089068,11,0.03436983964194212,5,-0.002193876902439683,0.005578259551929349,-0.001339112181036299,-
DOGEUSDT,rsi>70 & >ema20 & pop>3%,3,78,0.035716116938300665,1.7194519719005112,47,0.03922329279449082,31,0.03039878580149625,0.005578259551929349,-0.001339112181036299,-
DOGEUSDT,rsi>70 & >ema20 & vol>1.5x,3,89,0.031197609231290904,1.744363517879288,51,0.03802342653784904,38,0.02203664389880498,0.005578259551929349,-0.001339112181036299,-
DOGEUSDT,rsi>70 & >ema20 & 20d_high,3,85,0.03794797073559138,1.9863938972592667,50,0.04039231753490471,35,0.034456046736572314,0.005578259551929349,-0.001339112181036299,-
DOGEUSDT,rsi>70 & >ema20 & 20d_low,3,0,,,0,,0,,0.005578259551929349,-0.001339112181036299,-
DOGEUSDT,rsi>70 & >ema20 & adx>25,3,111,0.021916274632606408,1.5137266872845179,63,0.030174769910184123,48,0.011076999580785653,0.005578259551929349,-0.001339112181036299,-
DOGEUSDT,rsi>70 & >ema20 & btc>ema50,3,124,0.028736878835928268,2.139084747371528,66,0.04013250701310047,58,0.015769439875697823,0.005578259551929349,-0.001339112181036299,-
DOGEUSDT,rsi>70 & >ema20 & funding<0,3,3,-0.21947972930720436,-2.1260897446642746,3,-0.21947972930720436,0,,0.005578259551929349,-0.001339112181036299,-
DOGEUSDT,rsi>70 & >ema50 & ema20>ema50,3,117,0.02723305585899948,1.9020930825180928,62,0.042416512684677075,55,0.010117159073690214,0.005578259551929349,-0.001339112181036299,-
DOGEUSDT,rsi>70 & >ema50 & >sma200,3,104,0.03090972613395919,1.9432323914222185,62,0.0438091792103913,42,0.011867676354464184,0.005578259551929349,-0.001339112181036299,-
DOGEUSDT,rsi>70 & >ema50 & macd>signal,3,124,0.029573953679249695,2.1709001531403604,69,0.03748664319152654,55,0.019647125018393302,0.005578259551929349,-0.001339112181036299,-
DOGEUSDT,rsi>70 & >ema50 & macd_hist_up,3,94,0.040354082974514954,2.295189669190228,54,0.050206219218999086,40,0.02705369904446141,0.005578259551929349,-0.001339112181036299,-
DOGEUSDT,rsi>70 & >ema50 & <lower_bb,3,0,,,0,,0,,0.005578259551929349,-0.001339112181036299,-
DOGEUSDT,rsi>70 & >ema50 & >upper_bb,3,83,0.03911161654391984,2.0368325995565315,48,0.0423959774395378,35,0.03460735017278662,0.005578259551929349,-0.001339112181036299,-
DOGEUSDT,rsi>70 & >ema50 & stoch<20,3,0,,,0,,0,,0.005578259551929349,-0.001339112181036299,-
DOGEUSDT,rsi>70 & >ema50 & dip>3%,3,16,0.022943678221822805,1.2271270063089068,11,0.03436983964194212,5,-0.002193876902439683,0.005578259551929349,-0.001339112181036299,-
DOGEUSDT,rsi>70 & >ema50 & pop>3%,3,78,0.035716116938300665,1.7194519719005112,47,0.03922329279449082,31,0.03039878580149625,0.005578259551929349,-0.001339112181036299,-
DOGEUSDT,rsi>70 & >ema50 & vol>1.5x,3,89,0.031197609231290904,1.744363517879288,51,0.03802342653784904,38,0.02203664389880498,0.005578259551929349,-0.001339112181036299,-
DOGEUSDT,rsi>70 & >ema50 & 20d_high,3,85,0.03794797073559138,1.9863938972592667,50,0.04039231753490471,35,0.034456046736572314,0.005578259551929349,-0.001339112181036299,-
DOGEUSDT,rsi>70 & >ema50 & 20d_low,3,0,,,0,,0,,0.005578259551929349,-0.001339112181036299,-
DOGEUSDT,rsi>70 & >ema50 & adx>25,3,111,0.021916274632606408,1.5137266872845179,63,0.030174769910184123,48,0.011076999580785653,0.005578259551929349,-0.001339112181036299,-
DOGEUSDT,rsi>70 & >ema50 & btc>ema50,3,124,0.028736878835928268,2.139084747371528,66,0.04013250701310047,58,0.015769439875697823,0.005578259551929349,-0.001339112181036299,-
DOGEUSDT,rsi>70 & >ema50 & funding<0,3,3,-0.21947972930720436,-2.1260897446642746,3,-0.21947972930720436,0,,0.005578259551929349,-0.001339112181036299,-
DOGEUSDT,rsi>70 & ema20>ema50 & >sma200,3,100,0.03285426399250344,1.9917747368217535,59,0.04727082997177777,41,0.012108473924767207,0.005578259551929349,-0.001339112181036299,-
DOGEUSDT,rsi>70 & ema20>ema50 & macd>signal,3,114,0.029405542971264013,2.010564663607156,62,0.042416512684677075,52,0.013892463697579228,0.005578259551929349,-0.001339112181036299,-
DOGEUSDT,rsi>70 & ema20>ema50 & macd_hist_up,3,84,0.041408874310732646,2.1334260056030594,47,0.058603856256608466,37,0.019566599947052555,0.005578259551929349,-0.001339112181036299,-
DOGEUSDT,rsi>70 & ema20>ema50 & <lower_bb,3,0,,,0,,0,,0.005578259551929349,-0.001339112181036299,-
DOGEUSDT,rsi>70 & ema20>ema50 & >upper_bb,3,73,0.040155148159486044,1.8660146698906175,41,0.05068908105688931,32,0.026658546634688123,0.005578259551929349,-0.001339112181036299,-
DOGEUSDT,rsi>70 & ema20>ema50 & stoch<20,3,0,,,0,,0,,0.005578259551929349,-0.001339112181036299,-
DOGEUSDT,rsi>70 & ema20>ema50 & dip>3%,3,16,0.022943678221822805,1.2271270063089068,11,0.03436983964194212,5,-0.002193876902439683,0.005578259551929349,-0.001339112181036299,-
DOGEUSDT,rsi>70 & ema20>ema50 & pop>3%,3,69,0.03653716961882926,1.5776879408154412,41,0.04724112457537431,28,0.020863521289602564,0.005578259551929349,-0.001339112181036299,-
DOGEUSDT,rsi>70 & ema20>ema50 & vol>1.5x,3,80,0.031062671049552626,1.5840419146853217,45,0.04457344398993628,35,0.013691677269059352,0.005578259551929349,-0.001339112181036299,-
DOGEUSDT,rsi>70 & ema20>ema50 & 20d_high,3,75,0.038808522066965376,1.8175176632721068,43,0.0479735182088345,32,0.02649305850132873,0.005578259551929349,-0.001339112181036299,-
DOGEUSDT,rsi>70 & ema20>ema50 & 20d_low,3,0,,,0,,0,,0.005578259551929349,-0.001339112181036299,-
DOGEUSDT,rsi>70 & ema20>ema50 & adx>25,3,106,0.02296666264727572,1.517423456837104,59,0.032284156554331436,47,0.01127023412565258,0.005578259551929349,-0.001339112181036299,-
DOGEUSDT,rsi>70 & ema20>ema50 & btc>ema50,3,114,0.02849504051010737,1.9764541504741722,59,0.04562696388303861,55,0.010117159073690214,0.005578259551929349,-0.001339112181036299,-
DOGEUSDT,rsi>70 & ema20>ema50 & funding<0,3,3,-0.21947972930720436,-2.1260897446642746,3,-0.21947972930720436,0,,0.005578259551929349,-0.001339112181036299,-
DOGEUSDT,rsi>70 & >sma200 & macd>signal,3,101,0.033471048328246676,2.0541129233044493,62,0.0438091792103913,39,0.017036071028427024,0.005578259551929349,-0.001339112181036299,-
DOGEUSDT,rsi>70 & >sma200 & macd_hist_up,3,74,0.047589727968595036,2.1914610939931847,47,0.060440990822444265,27,0.025219011148931575,0.005578259551929349,-0.001339112181036299,-
DOGEUSDT,rsi>70 & >sma200 & <lower_bb,3,0,,,0,,0,,0.005578259551929349,-0.001339112181036299,-
DOGEUSDT,rsi>70 & >sma200 & >upper_bb,3,64,0.045935949394805886,1.8977865441647213,41,0.05279506458357912,23,0.033708831014818814,0.005578259551929349,-0.001339112181036299,-
DOGEUSDT,rsi>70 & >sma200 & stoch<20,3,0,,,0,,0,,0.005578259551929349,-0.001339112181036299,-
DOGEUSDT,rsi>70 & >sma200 & dip>3%,3,16,0.022943678221822805,1.2271270063089068,11,0.03436983964194212,5,-0.002193876902439683,0.005578259551929349,-0.001339112181036299,-
DOGEUSDT,rsi>70 & >sma200 & pop>3%,3,63,0.0421572813385069,1.684110654136043,41,0.04934710810206412,22,0.028758058733695694,0.005578259551929349,-0.001339112181036299,-
DOGEUSDT,rsi>70 & >sma200 & vol>1.5x,3,71,0.034321264949562585,1.5728311962646484,44,0.04701785191498251,27,0.013630530635544924,0.005578259551929349,-0.001339112181036299,-
DOGEUSDT,rsi>70 & >sma200 & 20d_high,3,66,0.04355073540494017,1.817885553282444,43,0.04998154901335269,23,0.03152790996312549,0.005578259551929349,-0.001339112181036299,-
DOGEUSDT,rsi>70 & >sma200 & 20d_low,3,0,,,0,,0,,0.005578259551929349,-0.001339112181036299,-
DOGEUSDT,rsi>70 & >sma200 & adx>25,3,96,0.02743705936048327,1.661879583371096,58,0.03753089953576586,38,0.012030671724525637,0.005578259551929349,-0.001339112181036299,-
DOGEUSDT,rsi>70 & >sma200 & btc>ema50,3,101,0.03244335248100056,2.020291382360489,59,0.04709044396090781,42,0.011867676354464184,0.005578259551929349,-0.001339112181036299,-
DOGEUSDT,rsi>70 & >sma200 & funding<0,3,3,-0.21947972930720436,-2.1260897446642746,3,-0.21947972930720436,0,,0.005578259551929349,-0.001339112181036299,-
DOGEUSDT,rsi>70 & macd>signal & macd_hist_up,3,91,0.043508221569511694,2.41037404533245,54,0.050206219218999086,37,0.03373276554053011,0.005578259551929349,-0.001339112181036299,WEAK
DOGEUSDT,rsi>70 & macd>signal & <lower_bb,3,0,,,0,,0,,0.005578259551929349,-0.001339112181036299,-
DOGEUSDT,rsi>70 & macd>signal & >upper_bb,3,82,0.04098669790591772,2.118734254424197,48,0.0423959774395378,34,0.03899712679963054,0.005578259551929349,-0.001339112181036299,-
DOGEUSDT,rsi>70 & macd>signal & stoch<20,3,0,,,0,,0,,0.005578259551929349,-0.001339112181036299,-
DOGEUSDT,rsi>70 & macd>signal & dip>3%,3,16,0.022943678221822805,1.2271270063089068,11,0.03436983964194212,5,-0.002193876902439683,0.005578259551929349,-0.001339112181036299,-
DOGEUSDT,rsi>70 & macd>signal & pop>3%,3,76,0.037331268806167155,1.7535493077066666,47,0.03922329279449082,29,0.03426488510095294,0.005578259551929349,-0.001339112181036299,-
DOGEUSDT,rsi>70 & macd>signal & vol>1.5x,3,89,0.031197609231290904,1.744363517879288,51,0.03802342653784904,38,0.02203664389880498,0.005578259551929349,-0.001339112181036299,-
DOGEUSDT,rsi>70 & macd>signal & 20d_high,3,83,0.04070194073264007,2.092073581703605,50,0.04039231753490471,33,0.041171066789814845,0.005578259551929349,-0.001339112181036299,-
DOGEUSDT,rsi>70 & macd>signal & 20d_low,3,0,,,0,,0,,0.005578259551929349,-0.001339112181036299,-
DOGEUSDT,rsi>70 & macd>signal & adx>25,3,108,0.024061767105930273,1.6244195196699964,63,0.030174769910184123,45,0.01550356317997488,0.005578259551929349,-0.001339112181036299,-
DOGEUSDT,rsi>70 & macd>signal & btc>ema50,3,121,0.03082096974277904,2.2496742136448677,66,0.04013250701310047,55,0.019647125018393302,0.005578259551929349,-0.001339112181036299,-
DOGEUSDT,rsi>70 & macd>signal & funding<0,3,3,-0.21947972930720436,-2.1260897446642746,3,-0.21947972930720436,0,,0.005578259551929349,-0.001339112181036299,-
DOGEUSDT,rsi>70 & macd_hist_up & <lower_bb,3,0,,,0,,0,,0.005578259551929349,-0.001339112181036299,-
DOGEUSDT,rsi>70 & macd_hist_up & >upper_bb,3,83,0.03911161654391984,2.0368325995565315,48,0.0423959774395378,35,0.03460735017278662,0.005578259551929349,-0.001339112181036299,-
DOGEUSDT,rsi>70 & macd_hist_up & stoch<20,3,0,,,0,,0,,0.005578259551929349,-0.001339112181036299,-
DOGEUSDT,rsi>70 & macd_hist_up & dip>3%,3,4,0.08981632910632076,1.832715511882213,3,0.13346564221504284,1,,0.005578259551929349,-0.001339112181036299,-
DOGEUSDT,rsi>70 & macd_hist_up & pop>3%,3,71,0.04052698481459309,1.7880096021662666,43,0.04400306015930307,28,0.035188726249502776,0.005578259551929349,-0.001339112181036299,-
DOGEUSDT,rsi>70 & macd_hist_up & vol>1.5x,3,77,0.03851211465792503,1.8892607653206401,45,0.045341133976876544,32,0.028908806240649444,0.005578259551929349,-0.001339112181036299,-
DOGEUSDT,rsi>70 & macd_hist_up & 20d_high,3,82,0.03931803379674025,1.9904182493691729,49,0.042847971791574097,33,0.03407661071350209,0.005578259551929349,-0.001339112181036299,-
DOGEUSDT,rsi>70 & macd_hist_up & 20d_low,3,0,,,0,,0,,0.005578259551929349,-0.001339112181036299,-
DOGEUSDT,rsi>70 & macd_hist_up & adx>25,3,78,0.034933133215614275,1.740525207929021,48,0.042199332540671236,30,0.023307214295523137,0.005578259551929349,-0.001339112181036299,-
DOGEUSDT,rsi>70 & macd_hist_up & btc>ema50,3,91,0.0423675921126781,2.38088587246501,51,0.05437848863676962,40,0.02705369904446141,0.005578259551929349,-0.001339112181036299,-
DOGEUSDT,rsi>70 & macd_hist_up & funding<0,3,3,-0.21947972930720436,-2.1260897446642746,3,-0.21947972930720436,0,,0.005578259551929349,-0.001339112181036299,-
DOGEUSDT,rsi>70 & <lower_bb & >upper_bb,3,0,,,0,,0,,0.005578259551929349,-0.001339112181036299,-
DOGEUSDT,rsi>70 & <lower_bb & stoch<20,3,0,,,0,,0,,0.005578259551929349,-0.001339112181036299,-
DOGEUSDT,rsi>70 & <lower_bb & dip>3%,3,0,,,0,,0,,0.005578259551929349,-0.001339112181036299,-
DOGEUSDT,rsi>70 & <lower_bb & pop>3%,3,0,,,0,,0,,0.005578259551929349,-0.001339112181036299,-
DOGEUSDT,rsi>70 & <lower_bb & vol>1.5x,3,0,,,0,,0,,0.005578259551929349,-0.001339112181036299,-
DOGEUSDT,rsi>70 & <lower_bb & 20d_high,3,0,,,0,,0,,0.005578259551929349,-0.001339112181036299,-
DOGEUSDT,rsi>70 & <lower_bb & 20d_low,3,0,,,0,,0,,0.005578259551929349,-0.001339112181036299,-
DOGEUSDT,rsi>70 & <lower_bb & adx>25,3,0,,,0,,0,,0.005578259551929349,-0.001339112181036299,-
DOGEUSDT,rsi>70 & <lower_bb & btc>ema50,3,0,,,0,,0,,0.005578259551929349,-0.001339112181036299,-
DOGEUSDT,rsi>70 & <lower_bb & funding<0,3,0,,,0,,0,,0.005578259551929349,-0.001339112181036299,-
DOGEUSDT,rsi>70 & >upper_bb & stoch<20,3,0,,,0,,0,,0.005578259551929349,-0.001339112181036299,-
DOGEUSDT,rsi>70 & >upper_bb & dip>3%,3,2,0.10801376480815184,3.356978001150588,2,0.10801376480815184,0,,0.005578259551929349,-0.001339112181036299,-
DOGEUSDT,rsi>70 & >upper_bb & pop>3%,3,63,0.04018892016456148,1.6252831834654666,39,0.03740102439312988,24,0.04471925079313782,0.005578259551929349,-0.001339112181036299,-
DOGEUSDT,rsi>70 & >upper_bb & vol>1.5x,3,74,0.04112463263308177,1.9438456131010176,45,0.045341133976876544,29,0.03458178572029676,0.005578259551929349,-0.001339112181036299,-
DOGEUSDT,rsi>70 & >upper_bb & 20d_high,3,76,0.035782634651814395,1.7287353774650291,45,0.03455499272955088,31,0.037564695506713035,0.005578259551929349,-0.001339112181036299,-
DOGEUSDT,rsi>70 & >upper_bb & 20d_low,3,0,,,0,,0,,0.005578259551929349,-0.001339112181036299,-
DOGEUSDT,rsi>70 & >upper_bb & adx>25,3,67,0.03250395170684855,1.4491101371788728,42,0.03212950098152579,25,0.03313302892539079,0.005578259551929349,-0.001339112181036299,-
DOGEUSDT,rsi>70 & >upper_bb & btc>ema50,3,80,0.041355390697433075,2.121758776341825,45,0.04660386666104699,35,0.03460735017278662,0.005578259551929349,-0.001339112181036299,-
DOGEUSDT,rsi>70 & >upper_bb & funding<0,3,3,-0.21947972930720436,-2.1260897446642746,3,-0.21947972930720436,0,,0.005578259551929349,-0.001339112181036299,-
DOGEUSDT,rsi>70 & stoch<20 & dip>3%,3,0,,,0,,0,,0.005578259551929349,-0.001339112181036299,-
DOGEUSDT,rsi>70 & stoch<20 & pop>3%,3,0,,,0,,0,,0.005578259551929349,-0.001339112181036299,-
DOGEUSDT,rsi>70 & stoch<20 & vol>1.5x,3,0,,,0,,0,,0.005578259551929349,-0.001339112181036299,-
DOGEUSDT,rsi>70 & stoch<20 & 20d_high,3,0,,,0,,0,,0.005578259551929349,-0.001339112181036299,-
DOGEUSDT,rsi>70 & stoch<20 & 20d_low,3,0,,,0,,0,,0.005578259551929349,-0.001339112181036299,-
DOGEUSDT,rsi>70 & stoch<20 & adx>25,3,0,,,0,,0,,0.005578259551929349,-0.001339112181036299,-
DOGEUSDT,rsi>70 & stoch<20 & btc>ema50,3,0,,,0,,0,,0.005578259551929349,-0.001339112181036299,-
DOGEUSDT,rsi>70 & stoch<20 & funding<0,3,0,,,0,,0,,0.005578259551929349,-0.001339112181036299,-
DOGEUSDT,rsi>70 & dip>3% & pop>3%,3,0,,,0,,0,,0.005578259551929349,-0.001339112181036299,-
DOGEUSDT,rsi>70 & dip>3% & vol>1.5x,3,9,-0.0005803198390896693,-0.021952720892594903,6,0.005739458502011771,3,-0.01321987652129255,0.005578259551929349,-0.001339112181036299,-
DOGEUSDT,rsi>70 & dip>3% & 20d_high,3,0,,,0,,0,,0.005578259551929349,-0.001339112181036299,-
DOGEUSDT,rsi>70 & dip>3% & 20d_low,3,0,,,0,,0,,0.005578259551929349,-0.001339112181036299,-
DOGEUSDT,rsi>70 & dip>3% & adx>25,3,16,0.022943678221822805,1.2271270063089068,11,0.03436983964194212,5,-0.002193876902439683,0.005578259551929349,-0.001339112181036299,-
DOGEUSDT,rsi>70 & dip>3% & btc>ema50,3,16,0.022943678221822805,1.2271270063089068,11,0.03436983964194212,5,-0.002193876902439683,0.005578259551929349,-0.001339112181036299,-
DOGEUSDT,rsi>70 & dip>3% & funding<0,3,0,,,0,,0,,0.005578259551929349,-0.001339112181036299,-
DOGEUSDT,rsi>70 & pop>3% & vol>1.5x,3,62,0.036421188128282315,1.465546094393989,39,0.039723141299373446,23,0.03082222405556253,0.005578259551929349,-0.001339112181036299,-
DOGEUSDT,rsi>70 & pop>3% & 20d_high,3,69,0.0387557116985715,1.6788416921897167,42,0.038119251247963004,27,0.03974576128840694,0.005578259551929349,-0.001339112181036299,-
DOGEUSDT,rsi>70 & pop>3% & 20d_low,3,0,,,0,,0,,0.005578259551929349,-0.001339112181036299,-
DOGEUSDT,rsi>70 & pop>3% & adx>25,3,62,0.02769931794195095,1.1226374990027983,41,0.028242119157739956,21,0.026639563187315307,0.005578259551929349,-0.001339112181036299,-
DOGEUSDT,rsi>70 & pop>3% & btc>ema50,3,75,0.03797365605115669,1.7949341927972484,44,0.04331049645432657,31,0.03039878580149625,0.005578259551929349,-0.001339112181036299,-
DOGEUSDT,rsi>70 & pop>3% & funding<0,3,3,-0.21947972930720436,-2.1260897446642746,3,-0.21947972930720436,0,,0.005578259551929349,-0.001339112181036299,-
DOGEUSDT,rsi>70 & vol>1.5x & 20d_high,3,70,0.03646856422772948,1.651714499100989,42,0.037150447254557614,28,0.03544573968748728,0.005578259551929349,-0.001339112181036299,-
DOGEUSDT,rsi>70 & vol>1.5x & 20d_low,3,0,,,0,,0,,0.005578259551929349,-0.001339112181036299,-
DOGEUSDT,rsi>70 & vol>1.5x & adx>25,3,73,0.023398463189019135,1.1408490705340752,45,0.02785837505681266,28,0.01623074768720811,0.005578259551929349,-0.001339112181036299,-
DOGEUSDT,rsi>70 & vol>1.5x & btc>ema50,3,86,0.033008770979467326,1.8219436643252993,48,0.04169503825165836,38,0.02203664389880498,0.005578259551929349,-0.001339112181036299,-
DOGEUSDT,rsi>70 & vol>1.5x & funding<0,3,3,-0.21947972930720436,-2.1260897446642746,3,-0.21947972930720436,0,,0.005578259551929349,-0.001339112181036299,-
DOGEUSDT,rsi>70 & 20d_high & 20d_low,3,0,,,0,,0,,0.005578259551929349,-0.001339112181036299,-
DOGEUSDT,rsi>70 & 20d_high & adx>25,3,69,0.0312620015034605,1.405932755658089,44,0.03031927274707966,25,0.032921204114690766,0.005578259551929349,-0.001339112181036299,-
DOGEUSDT,rsi>70 & 20d_high & btc>ema50,3,82,0.04009444628261668,2.067580901880808,47,0.0442932544552029,35,0.034456046736572314,0.005578259551929349,-0.001339112181036299,-
DOGEUSDT,rsi>70 & 20d_high & funding<0,3,3,-0.21947972930720436,-2.1260897446642746,3,-0.21947972930720436,0,,0.005578259551929349,-0.001339112181036299,-
DOGEUSDT,rsi>70 & 20d_low & adx>25,3,0,,,0,,0,,0.005578259551929349,-0.001339112181036299,-
DOGEUSDT,rsi>70 & 20d_low & btc>ema50,3,0,,,0,,0,,0.005578259551929349,-0.001339112181036299,-
DOGEUSDT,rsi>70 & 20d_low & funding<0,3,0,,,0,,0,,0.005578259551929349,-0.001339112181036299,-
DOGEUSDT,rsi>70 & adx>25 & btc>ema50,3,108,0.023100681174709373,1.584424684012185,60,0.03271962644984834,48,0.011076999580785653,0.005578259551929349,-0.001339112181036299,-
DOGEUSDT,rsi>70 & adx>25 & funding<0,3,3,-0.21947972930720436,-2.1260897446642746,3,-0.21947972930720436,0,,0.005578259551929349,-0.001339112181036299,-
DOGEUSDT,rsi>70 & btc>ema50 & funding<0,3,3,-0.21947972930720436,-2.1260897446642746,3,-0.21947972930720436,0,,0.005578259551929349,-0.001339112181036299,-
DOGEUSDT,rsi50-70 & >ema20 & >ema50,3,533,-0.0007062515776734405,-0.2612190885444193,331,0.00014395640631068246,202,-0.00209941416529099,0.005578259551929349,-0.001339112181036299,-
DOGEUSDT,rsi50-70 & >ema20 & ema20>ema50,3,412,-0.002294440473657228,-0.6947351959197682,260,-0.00225244256631297,152,-0.002366278999377673,0.005578259551929349,-0.001339112181036299,-
DOGEUSDT,rsi50-70 & >ema20 & >sma200,3,363,-0.0020034675661795586,-0.5566695292012391,249,-0.0006000100369532034,114,-0.005068914274752911,0.005578259551929349,-0.001339112181036299,-
DOGEUSDT,rsi50-70 & >ema20 & macd>signal,3,498,0.0006121310294123907,0.2403310761273118,300,0.003497671247239825,198,-0.0037598996036594784,0.005578259551929349,-0.001339112181036299,-
DOGEUSDT,rsi50-70 & >ema20 & macd_hist_up,3,342,-0.0006616472085749747,-0.2262096457108882,209,0.0008820171320506838,133,-0.0030874054581295795,0.005578259551929349,-0.001339112181036299,-
DOGEUSDT,rsi50-70 & >ema20 & <lower_bb,3,0,,,0,,0,,0.005578259551929349,-0.001339112181036299,-
DOGEUSDT,rsi50-70 & >ema20 & >upper_bb,3,67,-0.01100879210376043,-2.154937639325112,39,-0.02365118982248007,28,0.006600261861599076,0.005578259551929349,-0.001339112181036299,-
DOGEUSDT,rsi50-70 & >ema20 & stoch<20,3,1,,,1,,0,,0.005578259551929349,-0.001339112181036299,-
DOGEUSDT,rsi50-70 & >ema20 & dip>3%,3,117,0.0004091347821503438,0.05502147084918262,76,0.003720197865504796,41,-0.005728445567482305,0.005578259551929349,-0.001339112181036299,-
DOGEUSDT,rsi50-70 & >ema20 & pop>3%,3,180,-0.0004164576058833099,-0.0891324174291771,104,-0.0038478981587871048,76,0.004279197887563988,0.005578259551929349,-0.001339112181036299,-
DOGEUSDT,rsi50-70 & >ema20 & vol>1.5x,3,141,-0.00029667227679846457,-0.05497914555362916,95,-0.002057058968212303,46,0.003338908933730113,0.005578259551929349,-0.001339112181036299,-
DOGEUSDT,rsi50-70 & >ema20 & 20d_high,3,85,0.0007708844318331778,0.1333325626057513,51,-0.004405623281092082,34,0.008535646001221073,0.005578259551929349,-0.001339112181036299,-
DOGEUSDT,rsi50-70 & >ema20 & 20d_low,3,0,,,0,,0,,0.005578259551929349,-0.001339112181036299,-
DOGEUSDT,rsi50-70 & >ema20 & adx>25,3,331,-0.003140025021481561,-0.837841989332499,209,-0.0034570957892541697,122,-0.002596846411117011,0.005578259551929349,-0.001339112181036299,-
DOGEUSDT,rsi50-70 & >ema20 & btc>ema50,3,535,0.0012440852869094014,0.49182181103838724,310,0.0033539213545402975,225,-0.0016627999618265023,0.005578259551929349,-0.001339112181036299,-
DOGEUSDT,rsi50-70 & >ema20 & funding<0,3,25,0.012863570064649818,0.7685060237139026,10,0.0217545741181793,15,0.006936234028963489,0.005578259551929349,-0.001339112181036299,-
DOGEUSDT,rsi50-70 & >ema50 & ema20>ema50,3,460,-0.002321079220343051,-0.7561740695440888,290,-0.001468395655806179,170,-0.0037756570657294835,0.005578259551929349,-0.001339112181036299,-
DOGEUSDT,rsi50-70 & >ema50 & >sma200,3,386,-0.0022329675984949,-0.6360286624546839,260,-0.00013749876266983284,126,-0.0065569509105148785,0.005578259551929349,-0.001339112181036299,-
DOGEUSDT,rsi50-70 & >ema50 & macd>signal,3,391,0.0019273597210310222,0.6072607313505349,239,0.0058326622250087405,152,-0.00421321461088131,0.005578259551929349,-0.001339112181036299,-
DOGEUSDT,rsi50-70 & >ema50 & macd_hist_up,3,278,0.0003514341289704405,0.10143956278660099,171,0.0020155011741721123,107,-0.002307962737660265,0.005578259551929349,-0.001339112181036299,-
DOGEUSDT,rsi50-70 & >ema50 & <lower_bb,3,0,,,0,,0,,0.005578259551929349,-0.001339112181036299,-
DOGEUSDT,rsi50-70 & >ema50 & >upper_bb,3,61,-0.012954176217490745,-2.3664014459389273,37,-0.0257705543909505,24,0.006804406799926375,0.005578259551929349,-0.001339112181036299,-
DOGEUSDT,rsi50-70 & >ema50 & stoch<20,3,6,0.0006712451040426712,0.04881859124550002,5,0.010366065976126977,1,,0.005578259551929349,-0.001339112181036299,-
DOGEUSDT,rsi50-70 & >ema50 & dip>3%,3,117,0.0033253690216458547,0.43323843914720034,78,0.006071035945215937,39,-0.002165964825494317,0.005578259551929349,-0.001339112181036299,-
DOGEUSDT,rsi50-70 & >ema50 & pop>3%,3,154,-0.00046785006710627417,-0.088173186626333,89,-0.005569132733870751,65,0.006516983122771243,0.005578259551929349,-0.001339112181036299,-
DOGEUSDT,rsi50-70 & >ema50 & vol>1.5x,3,127,-0.0006590915811177092,-0.11207223684303105,83,-0.0030579046492216436,44,0.00386594216098744,0.005578259551929349,-0.001339112181036299,-
DOGEUSDT,rsi50-70 & >ema50 & 20d_high,3,74,-0.0005204076593555834,-0.08007020983567066,45,-0.005301127088712234,29,0.006897950075853014,0.005578259551929349,-0.001339112181036299,-
DOGEUSDT,rsi50-70 & >ema50 & 20d_low,3,0,,,0,,0,,0.005578259551929349,-0.001339112181036299,-
DOGEUSDT,rsi50-70 & >ema50 & adx>25,3,333,-0.0021640426215536307,-0.5751432524568802,216,-0.002394733326550649,117,-0.001738152089251443,0.005578259551929349,-0.001339112181036299,-
DOGEUSDT,rsi50-70 & >ema50 & btc>ema50,3,506,0.0011612119274338405,0.4250995540863287,297,0.003921760399006622,209,-0.002761672742695905,0.005578259551929349,-0.001339112181036299,-
DOGEUSDT,rsi50-70 & >ema50 & funding<0,3,21,0.01492130389424223,0.7720452938113961,13,0.020223589998563336,8,0.006305088974720407,0.005578259551929349,-0.001339112181036299,-
DOGEUSDT,rsi50-70 & ema20>ema50 & >sma200,3,352,-0.002334687342925776,-0.6137527615972217,237,-0.0007238811024552624,115,-0.005654348899373702,0.005578259551929349,-0.001339112181036299,-
DOGEUSDT,rsi50-70 & ema20>ema50 & macd>signal,3,270,0.0006841491358381333,0.16087635421095642,168,0.004528104964564767,102,-0.005647072229123387,0.005578259551929349,-0.001339112181036299,-
DOGEUSDT,rsi50-70 & ema20>ema50 & macd_hist_up,3,193,-0.0013744889218582177,-0.3071438721936765,122,-0.0010327027818861523,71,-0.001961783415894722,0.005578259551929349,-0.001339112181036299,-
DOGEUSDT,rsi50-70 & ema20>ema50 & <lower_bb,3,0,,,0,,0,,0.005578259551929349,-0.001339112181036299,-
DOGEUSDT,rsi50-70 & ema20>ema50 & >upper_bb,3,23,-0.036494012445713535,-3.855190470186948,17,-0.04894740444466584,6,-0.0012094017820153621,0.005578259551929349,-0.001339112181036299,-
DOGEUSDT,rsi50-70 & ema20>ema50 & stoch<20,3,6,0.0006712451040426712,0.04881859124550002,5,0.010366065976126977,1,,0.005578259551929349,-0.001339112181036299,-
DOGEUSDT,rsi50-70 & ema20>ema50 & dip>3%,3,109,0.0007451585682078242,0.09336701418314884,72,0.002233090441016158,37,-0.0021502764275273117,0.005578259551929349,-0.001339112181036299,-
DOGEUSDT,rsi50-70 & ema20>ema50 & pop>3%,3,111,-0.0011431004186994922,-0.163382565015888,66,-0.006180952809144668,45,0.006245749753953432,0.005578259551929349,-0.001339112181036299,-
DOGEUSDT,rsi50-70 & ema20>ema50 & vol>1.5x,3,75,-0.004100785069270072,-0.4683089387461212,47,-0.010261046017134002,28,0.006239652950358667,0.005578259551929349,-0.001339112181036299,-
DOGEUSDT,rsi50-70 & ema20>ema50 & 20d_high,3,33,-0.0030778042040400574,-0.24937138363275135,22,-0.0049545930824768415,11,0.0006757735528335221,0.005578259551929349,-0.001339112181036299,-
DOGEUSDT,rsi50-70 & ema20>ema50 & 20d_low,3,0,,,0,,0,,0.005578259551929349,-0.001339112181036299,-
DOGEUSDT,rsi50-70 & ema20>ema50 & adx>25,3,286,-0.0023638802166494276,-0.5524697203006061,185,-0.0033330705176035274,101,-0.0005886306554958789,0.005578259551929349,-0.001339112181036299,-
DOGEUSDT,rsi50-70 & ema20>ema50 & btc>ema50,3,396,-0.0004063487211983811,-0.12342963937460001,232,0.0015767428087005036,164,-0.0032116977147138765,0.005578259551929349,-0.001339112181036299,-
DOGEUSDT,rsi50-70 & ema20>ema50 & funding<0,3,21,0.01492130389424223,0.7720452938113961,13,0.020223589998563336,8,0.006305088974720407,0.005578259551929349,-0.001339112181036299,-
DOGEUSDT,rsi50-70 & >sma200 & macd>signal,3,255,0.00013284988440056327,0.030563461173331335,173,0.005017555346219588,82,-0.01017268724846153,0.005578259551929349,-0.001339112181036299,-
DOGEUSDT,rsi50-70 & >sma200 & macd_hist_up,3,185,-0.0020259410887879304,-0.4544008409521254,121,-0.0001538812698957544,64,-0.0055653041838809505,0.005578259551929349,-0.001339112181036299,-
DOGEUSDT,rsi50-70 & >sma200 & <lower_bb,3,0,,,0,,0,,0.005578259551929349,-0.001339112181036299,-
DOGEUSDT,rsi50-70 & >sma200 & >upper_bb,3,33,-0.02014843120155499,-2.8646587262009358,26,-0.02459816629092135,7,-0.0036208437267656562,0.005578259551929349,-0.001339112181036299,-
DOGEUSDT,rsi50-70 & >sma200 & stoch<20,3,4,-0.010029947276328097,-0.5349741220962241,3,0.002561023383688824,1,,0.005578259551929349,-0.001339112181036299,-
DOGEUSDT,rsi50-70 & >sma200 & dip>3%,3,88,0.003322782587335964,0.34748082160908317,64,0.004846395383350188,24,-0.0007401848687019714,0.005578259551929349,-0.001339112181036299,-
DOGEUSDT,rsi50-70 & >sma200 & pop>3%,3,106,0.00022015974901652834,0.03105118416410044,65,-0.004526774888491311,41,0.007745787832870412,0.005578259551929349,-0.001339112181036299,-
DOGEUSDT,rsi50-70 & >sma200 & vol>1.5x,3,71,-0.006135998958832009,-0.7382081520384368,49,-0.008968137149247227,22,0.00017194519254733735,0.005578259551929349,-0.001339112181036299,-
DOGEUSDT,rsi50-70 & >sma200 & 20d_high,3,39,-0.0034721361869102397,-0.3967733594224194,26,-0.006362951606386082,13,0.0023094946520414443,0.005578259551929349,-0.001339112181036299,-
DOGEUSDT,rsi50-70 & >sma200 & 20d_low,3,0,,,0,,0,,0.005578259551929349,-0.001339112181036299,-
DOGEUSDT,rsi50-70 & >sma200 & adx>25,3,230,-0.002798399438197921,-0.5477672973633099,165,-0.0030543595488886476,65,-0.002148654541829167,0.005578259551929349,-0.001339112181036299,-
DOGEUSDT,rsi50-70 & >sma200 & btc>ema50,3,346,-0.00019101904423129867,-0.05229318485201349,227,0.0027907507825636617,119,-0.00587893291551244,0.005578259551929349,-0.001339112181036299,-
DOGEUSDT,rsi50-70 & >sma200 & funding<0,3,12,0.020594646611108946,0.6166276464214115,12,0.020594646611108946,0,,0.005578259551929349,-0.001339112181036299,-
DOGEUSDT,rsi50-70 & macd>signal & macd_hist_up,3,263,0.0008807752564686422,0.26505088887346623,154,0.004167083376285025,109,-0.0037622655733636798,0.005578259551929349,-0.001339112181036299,-
DOGEUSDT,rsi50-70 & macd>signal & <lower_bb,3,0,,,0,,0,,0.005578259551929349,-0.001339112181036299,-
DOGEUSDT,rsi50-70 & macd>signal & >upper_bb,3,65,-0.008024402250093475,-1.6798236672306641,37,-0.01909171563191486,28,0.006600261861599076,0.005578259551929349,-0.001339112181036299,-
DOGEUSDT,rsi50-70 & macd>signal & stoch<20,3,0,,,0,,0,,0.005578259551929349,-0.001339112181036299,-
DOGEUSDT,rsi50-70 & macd>signal & dip>3%,3,98,0.0038477032082643225,0.45486162448077694,67,0.009221294587741506,31,-0.007766187837702494,0.005578259551929349,-0.001339112181036299,-
DOGEUSDT,rsi50-70 & macd>signal & pop>3%,3,134,0.003472342518877189,0.6501129846952208,75,0.004403414007178324,59,0.0022887770676469285,0.005578259551929349,-0.001339112181036299,-
DOGEUSDT,rsi50-70 & macd>signal & vol>1.5x,3,134,0.0017806500805032691,0.3259240428142182,91,0.0018991994913639056,43,0.0015297664435656418,0.005578259551929349,-0.001339112181036299,-
DOGEUSDT,rsi50-70 & macd>signal & 20d_high,3,82,0.0030974523358617643,0.5472719352177097,49,-0.0001772216865270071,33,0.007959847096378425,0.005578259551929349,-0.001339112181036299,-
DOGEUSDT,rsi50-70 & macd>signal & 20d_low,3,0,,,0,,0,,0.005578259551929349,-0.001339112181036299,-
DOGEUSDT,rsi50-70 & macd>signal & adx>25,3,242,0.0014902463589488422,0.3405467336284369,152,0.0048482097901189295,90,-0.004180980769249533,0.005578259551929349,-0.001339112181036299,-
DOGEUSDT,rsi50-70 & macd>signal & btc>ema50,3,415,0.0026480430497177426,0.9022823035900768,238,0.007457552842681047,177,-0.003818981417656644,0.005578259551929349,-0.001339112181036299,-
DOGEUSDT,rsi50-70 & macd>signal & funding<0,3,22,0.02130202958506944,1.1885412982406853,9,0.04063202588224216,13,0.00791972445625755,0.005578259551929349,-0.001339112181036299,-
DOGEUSDT,rsi50-70 & macd_hist_up & <lower_bb,3,0,,,0,,0,,0.005578259551929349,-0.001339112181036299,-
DOGEUSDT,rsi50-70 & macd_hist_up & >upper_bb,3,67,-0.01100879210376043,-2.154937639325112,39,-0.02365118982248007,28,0.006600261861599076,0.005578259551929349,-0.001339112181036299,-
DOGEUSDT,rsi50-70 & macd_hist_up & stoch<20,3,0,,,0,,0,,0.005578259551929349,-0.001339112181036299,-
DOGEUSDT,rsi50-70 & macd_hist_up & dip>3%,3,17,0.023628929676461175,0.8450224657738181,14,0.03508450482932964,3,-0.02983042103692497,0.005578259551929349,-0.001339112181036299,-
DOGEUSDT,rsi50-70 & macd_hist_up & pop>3%,3,159,-0.0012890285502327426,-0.30814932605370393,90,-0.005196675755760383,69,0.0038079025874120016,0.005578259551929349,-0.001339112181036299,-
DOGEUSDT,rsi50-70 & macd_hist_up & vol>1.5x,3,97,-0.004309015535858663,-0.7145681616202686,71,-0.006181371754908344,26,0.0008039572161616256,0.005578259551929349,-0.001339112181036299,-
DOGEUSDT,rsi50-70 & macd_hist_up & 20d_high,3,85,0.0007708844318331778,0.1333325626057513,51,-0.004405623281092082,34,0.008535646001221073,0.005578259551929349,-0.001339112181036299,-
DOGEUSDT,rsi50-70 & macd_hist_up & 20d_low,3,0,,,0,,0,,0.005578259551929349,-0.001339112181036299,-
DOGEUSDT,rsi50-70 & macd_hist_up & adx>25,3,137,-0.0034039477491079762,-0.6740831595358567,87,-0.002948081656677236,50,-0.004197154749937465,0.005578259551929349,-0.001339112181036299,-
DOGEUSDT,rsi50-70 & macd_hist_up & btc>ema50,3,289,0.002065539320385975,0.6415737456242641,173,0.0042525203854193085,116,-0.001196078992120636,0.005578259551929349,-0.001339112181036299,-
DOGEUSDT,rsi50-70 & macd_hist_up & funding<0,3,11,-0.0204015997237892,-1.411488660639471,5,-0.043142296464986005,6,-0.0014510191061252013,0.005578259551929349,-0.001339112181036299,-
DOGEUSDT,rsi50-70 & <lower_bb & >upper_bb,3,0,,,0,,0,,0.005578259551929349,-0.001339112181036299,-
DOGEUSDT,rsi50-70 & <lower_bb & stoch<20,3,0,,,0,,0,,0.005578259551929349,-0.001339112181036299,-
DOGEUSDT,rsi50-70 & <lower_bb & dip>3%,3,0,,,0,,0,,0.005578259551929349,-0.001339112181036299,-
DOGEUSDT,rsi50-70 & <lower_bb & pop>3%,3,0,,,0,,0,,0.005578259551929349,-0.001339112181036299,-
DOGEUSDT,rsi50-70 & <lower_bb & vol>1.5x,3,0,,,0,,0,,0.005578259551929349,-0.001339112181036299,-
DOGEUSDT,rsi50-70 & <lower_bb & 20d_high,3,0,,,0,,0,,0.005578259551929349,-0.001339112181036299,-
DOGEUSDT,rsi50-70 & <lower_bb & 20d_low,3,0,,,0,,0,,0.005578259551929349,-0.001339112181036299,-
DOGEUSDT,rsi50-70 & <lower_bb & adx>25,3,0,,,0,,0,,0.005578259551929349,-0.001339112181036299,-
DOGEUSDT,rsi50-70 & <lower_bb & btc>ema50,3,0,,,0,,0,,0.005578259551929349,-0.001339112181036299,-
DOGEUSDT,rsi50-70 & <lower_bb & funding<0,3,0,,,0,,0,,0.005578259551929349,-0.001339112181036299,-
DOGEUSDT,rsi50-70 & >upper_bb & stoch<20,3,0,,,0,,0,,0.005578259551929349,-0.001339112181036299,-
DOGEUSDT,rsi50-70 & >upper_bb & dip>3%,3,3,-0.04735265878919236,-2.233976422477863,2,-0.06854390586967299,1,,0.005578259551929349,-0.001339112181036299,-
DOGEUSDT,rsi50-70 & >upper_bb & pop>3%,3,47,-0.011804820007717985,-1.7785490262269366,27,-0.028334087041345577,20,0.010509690487679267,0.005578259551929349,-0.001339112181036299,-
DOGEUSDT,rsi50-70 & >upper_bb & vol>1.5x,3,46,-0.016690073391647738,-2.7925945720284444,31,-0.026652752173810464,15,0.003899462758155241,0.005578259551929349,-0.001339112181036299,-
DOGEUSDT,rsi50-70 & >upper_bb & 20d_high,3,55,-0.010604682300091362,-1.8754169534607865,29,-0.02650908843876727,26,0.007134847623816383,0.005578259551929349,-0.001339112181036299,-
DOGEUSDT,rsi50-70 & >upper_bb & 20d_low,3,0,,,0,,0,,0.005578259551929349,-0.001339112181036299,-
DOGEUSDT,rsi50-70 & >upper_bb & adx>25,3,17,-0.012119456426520571,-1.1559407828529502,9,-0.03455876835811739,8,0.01312476949652585,0.005578259551929349,-0.001339112181036299,-
DOGEUSDT,rsi50-70 & >upper_bb & btc>ema50,3,59,-0.01066468223980823,-2.066654942910385,35,-0.021602707032025603,24,0.005286603915508778,0.005578259551929349,-0.001339112181036299,-
DOGEUSDT,rsi50-70 & >upper_bb & funding<0,3,0,,,0,,0,,0.005578259551929349,-0.001339112181036299,-
DOGEUSDT,rsi50-70 & stoch<20 & dip>3%,3,0,,,0,,0,,0.005578259551929349,-0.001339112181036299,-
DOGEUSDT,rsi50-70 & stoch<20 & pop>3%,3,0,,,0,,0,,0.005578259551929349,-0.001339112181036299,-
DOGEUSDT,rsi50-70 & stoch<20 & vol>1.5x,3,0,,,0,,0,,0.005578259551929349,-0.001339112181036299,-
DOGEUSDT,rsi50-70 & stoch<20 & 20d_high,3,0,,,0,,0,,0.005578259551929349,-0.001339112181036299,-
DOGEUSDT,rsi50-70 & stoch<20 & 20d_low,3,0,,,0,,0,,0.005578259551929349,-0.001339112181036299,-
DOGEUSDT,rsi50-70 & stoch<20 & adx>25,3,6,0.0006712451040426712,0.04881859124550002,5,0.010366065976126977,1,,0.005578259551929349,-0.001339112181036299,-
DOGEUSDT,rsi50-70 & stoch<20 & btc>ema50,3,4,-0.010029947276328097,-0.5349741220962241,3,0.002561023383688824,1,,0.005578259551929349,-0.001339112181036299,-
DOGEUSDT,rsi50-70 & stoch<20 & funding<0,3,1,,,1,,0,,0.005578259551929349,-0.001339112181036299,-
DOGEUSDT,rsi50-70 & dip>3% & pop>3%,3,0,,,0,,0,,0.005578259551929349,-0.001339112181036299,-
DOGEUSDT,rsi50-70 & dip>3% & vol>1.5x,3,35,0.0067519230243941524,0.45361718525311484,24,0.017475430116142925,11,-0.016644819721239542,0.005578259551929349,-0.001339112181036299,-
DOGEUSDT,rsi50-70 & dip>3% & 20d_high,3,0,,,0,,0,,0.005578259551929349,-0.001339112181036299,-
DOGEUSDT,rsi50-70 & dip>3% & 20d_low,3,0,,,0,,0,,0.005578259551929349,-0.001339112181036299,-
DOGEUSDT,rsi50-70 & dip>3% & adx>25,3,91,0.0018841922677029512,0.20335944290984628,61,0.004151634387526304,30,-0.0027262733759378602,0.005578259551929349,-0.001339112181036299,-
DOGEUSDT,rsi50-70 & dip>3% & btc>ema50,3,108,0.004446842127406977,0.5592101126356229,66,0.009542038472153548,42,-0.003559894985766218,0.005578259551929349,-0.001339112181036299,-
DOGEUSDT,rsi50-70 & dip>3% & funding<0,3,7,0.06366989309816738,1.2795395205184805,5,0.0849065068818789,2,0.010578358638888598,0.005578259551929349,-0.001339112181036299,-
DOGEUSDT,rsi50-70 & pop>3% & vol>1.5x,3,62,-0.004119358266937044,-0.5609056823537762,43,-0.011813802226353165,19,0.013294383325425757,0.005578259551929349,-0.001339112181036299,-
DOGEUSDT,rsi50-70 & pop>3% & 20d_high,3,61,-0.002670368359250326,-0.39067989287222205,35,-0.012998516652283269,26,0.011232908189063258,0.005578259551929349,-0.001339112181036299,-
DOGEUSDT,rsi50-70 & pop>3% & 20d_low,3,0,,,0,,0,,0.005578259551929349,-0.001339112181036299,-
DOGEUSDT,rsi50-70 & pop>3% & adx>25,3,81,-0.0010214495900886299,-0.12009974892229265,49,-0.006086817401767578,32,0.006734894871544762,0.005578259551929349,-0.001339112181036299,-
DOGEUSDT,rsi50-70 & pop>3% & btc>ema50,3,148,0.0009093636791335025,0.17274075820481669,80,-0.002698698084585941,68,0.005154142224685789,0.005578259551929349,-0.001339112181036299,-
DOGEUSDT,rsi50-70 & pop>3% & funding<0,3,7,-0.03588627750230816,-2.302758078797736,4,-0.04929554724014129,3,-0.018007251185197325,0.005578259551929349,-0.001339112181036299,-
DOGEUSDT,rsi50-70 & vol>1.5x & 20d_high,3,50,-0.007647960255330881,-0.9598955326741093,34,-0.009971557505645996,16,-0.0027103160984112574,0.005578259551929349,-0.001339112181036299,-
DOGEUSDT,rsi50-70 & vol>1.5x & 20d_low,3,0,,,0,,0,,0.005578259551929349,-0.001339112181036299,-
DOGEUSDT,rsi50-70 & vol>1.5x & adx>25,3,73,0.00040142190761314567,0.04986314306303469,48,-0.004347445531210682,25,0.009519247390154887,0.005578259551929349,-0.001339112181036299,-
DOGEUSDT,rsi50-70 & vol>1.5x & btc>ema50,3,113,0.003696710181754707,0.592888300638151,72,0.00393418501258669,41,0.003279681210537566,0.005578259551929349,-0.001339112181036299,-
DOGEUSDT,rsi50-70 & vol>1.5x & funding<0,3,2,0.13499204762971437,0.7091603424173003,2,0.13499204762971437,0,,0.005578259551929349,-0.001339112181036299,-
DOGEUSDT,rsi50-70 & 20d_high & 20d_low,3,0,,,0,,0,,0.005578259551929349,-0.001339112181036299,-
DOGEUSDT,rsi50-70 & 20d_high & adx>25,3,32,0.009330606518368197,0.8828803078221342,20,0.0037073289743934992,12,0.01870273575832602,0.005578259551929349,-0.001339112181036299,-
DOGEUSDT,rsi50-70 & 20d_high & btc>ema50,3,75,0.0010529861428246788,0.1743084991682004,45,-0.003406870337268932,30,0.0077427708629651,0.005578259551929349,-0.001339112181036299,-
DOGEUSDT,rsi50-70 & 20d_high & funding<0,3,0,,,0,,0,,0.005578259551929349,-0.001339112181036299,-
DOGEUSDT,rsi50-70 & 20d_low & adx>25,3,0,,,0,,0,,0.005578259551929349,-0.001339112181036299,-
DOGEUSDT,rsi50-70 & 20d_low & btc>ema50,3,0,,,0,,0,,0.005578259551929349,-0.001339112181036299,-
DOGEUSDT,rsi50-70 & 20d_low & funding<0,3,0,,,0,,0,,0.005578259551929349,-0.001339112181036299,-
DOGEUSDT,rsi50-70 & adx>25 & btc>ema50,3,290,0.00185132129688596,0.4657792047837832,172,0.0038205205078538406,118,-0.001019036875033323,0.005578259551929349,-0.001339112181036299,-
DOGEUSDT,rsi50-70 & adx>25 & funding<0,3,20,0.01203523776657048,0.5877950701793467,11,0.022311858043666786,9,-0.0005250759054361287,0.005578259551929349,-0.001339112181036299,-
DOGEUSDT,rsi50-70 & btc>ema50 & funding<0,3,22,0.011855902630303138,0.6421225421933652,8,0.012702494060691008,14,0.01137213609865291,0.005578259551929349,-0.001339112181036299,-
DOGEUSDT,>ema20 & >ema50 & ema20>ema50,3,531,0.004459898384208436,1.0881157929136145,324,0.0067019651261330995,207,0.0009505765272828763,0.005578259551929349,-0.001339112181036299,-
DOGEUSDT,>ema20 & >ema50 & >sma200,3,461,0.005504855288508384,1.1930181676448381,306,0.008463960275964707,155,-0.0003369906867279735,0.005578259551929349,-0.001339112181036299,-
DOGEUSDT,>ema20 & >ema50 & macd>signal,3,512,0.00893928363686972,2.1838612691503942,307,0.012729549404892859,205,0.003263129535488721,0.005578259551929349,-0.001339112181036299,-
DOGEUSDT,>ema20 & >ema50 & macd_hist_up,3,362,0.011149347662565909,2.081662865354338,218,0.014610724192240628,144,0.005909208194030566,0.005578259551929349,-0.001339112181036299,-
DOGEUSDT,>ema20 & >ema50 & <lower_bb,3,0,,,0,,0,,0.005578259551929349,-0.001339112181036299,-
DOGEUSDT,>ema20 & >ema50 & >upper_bb,3,144,0.017055968221377855,1.4855209916578218,85,0.01272348711332525,59,0.0232976782923011,0.005578259551929349,-0.001339112181036299,-
DOGEUSDT,>ema20 & >ema50 & stoch<20,3,1,,,1,,0,,0.005578259551929349,-0.001339112181036299,-
DOGEUSDT,>ema20 & >ema50 & dip>3%,3,125,0.003513730201367041,0.47821592986115197,83,0.00735040915338416,42,-0.004068278203809651,0.005578259551929349,-0.001339112181036299,-
DOGEUSDT,>ema20 & >ema50 & pop>3%,3,231,0.01239765317889301,1.5638748400800209,136,0.011017277491401588,95,0.014373769952564935,0.005578259551929349,-0.001339112181036299,-
DOGEUSDT,>ema20 & >ema50 & vol>1.5x,3,217,0.012339975195212051,1.5143165776821297,135,0.012372449586096132,82,0.012286511259000448,0.005578259551929349,-0.001339112181036299,-
DOGEUSDT,>ema20 & >ema50 & 20d_high,3,159,0.0200444487153016,1.868015554235005,95,0.01874805429213879,64,0.021968784187183885,0.005578259551929349,-0.001339112181036299,-
DOGEUSDT,>ema20 & >ema50 & 20d_low,3,0,,,0,,0,,0.005578259551929349,-0.001339112181036299,-
DOGEUSDT,>ema20 & >ema50 & adx>25,3,412,0.004063779350091379,0.8235592700643768,260,0.005194173701710111,152,0.0021302100644277557,0.005578259551929349,-0.001339112181036299,-
DOGEUSDT,>ema20 & >ema50 & btc>ema50,3,591,0.007299190802507284,2.0113173132204505,342,0.010801744331713948,249,0.0024884546298619896,0.005578259551929349,-0.001339112181036299,-
DOGEUSDT,>ema20 & >ema50 & funding<0,3,20,-0.01847474577685021,-0.598556035029853,12,-0.03499463561123063,8,0.006305088974720407,0.005578259551929349,-0.001339112181036299,-
DOGEUSDT,>ema20 & ema20>ema50 & >sma200,3,423,0.006261628174066456,1.2526420185566494,280,0.009024898424100312,143,0.0008510290830910702,0.005578259551929349,-0.001339112181036299,-
DOGEUSDT,>ema20 & ema20>ema50 & macd>signal,3,381,0.009693169239704978,1.82593203382999,229,0.01448878792928623,152,0.0024681910823753255,0.005578259551929349,-0.001339112181036299,-
DOGEUSDT,>ema20 & ema20>ema50 & macd_hist_up,3,267,0.012577342496530242,1.7955280376105398,162,0.0170231039504294,105,0.005718167681942979,0.005578259551929349,-0.001339112181036299,-
DOGEUSDT,>ema20 & ema20>ema50 & <lower_bb,3,0,,,0,,0,,0.005578259551929349,-0.001339112181036299,-
DOGEUSDT,>ema20 & ema20>ema50 & >upper_bb,3,96,0.021791286764490308,1.2950908652165907,58,0.021485283582295553,38,0.022258344253103364,0.005578259551929349,-0.001339112181036299,-
DOGEUSDT,>ema20 & ema20>ema50 & stoch<20,3,1,,,1,,0,,0.005578259551929349,-0.001339112181036299,-
DOGEUSDT,>ema20 & ema20>ema50 & dip>3%,3,117,0.0011228237912219536,0.1474324491062193,77,0.003861372308535144,40,-0.004148882104605937,0.005578259551929349,-0.001339112181036299,-
DOGEUSDT,>ema20 & ema20>ema50 & pop>3%,3,179,0.014213576707792034,1.4204187304002576,107,0.01569580385972751,72,0.012010822468110156,0.005578259551929349,-0.001339112181036299,-
DOGEUSDT,>ema20 & ema20>ema50 & vol>1.5x,3,156,0.013861197630429666,1.2646997525772399,93,0.016219654229246327,63,0.010379666460747937,0.005578259551929349,-0.001339112181036299,-
DOGEUSDT,>ema20 & ema20>ema50 & 20d_high,3,108,0.026009922373047046,1.6917820432650506,65,0.030059388233313732,43,0.01988863677031833,0.005578259551929349,-0.001339112181036299,-
DOGEUSDT,>ema20 & ema20>ema50 & 20d_low,3,0,,,0,,0,,0.005578259551929349,-0.001339112181036299,-
DOGEUSDT,>ema20 & ema20>ema50 & adx>25,3,360,0.004779425832347736,0.8546887386942261,225,0.005577263322608318,135,0.003449696681913435,0.005578259551929349,-0.001339112181036299,-
DOGEUSDT,>ema20 & ema20>ema50 & btc>ema50,3,471,0.006901053243955116,1.5650034982334033,270,0.010883272077016178,201,0.0015518040652163772,0.005578259551929349,-0.001339112181036299,-
DOGEUSDT,>ema20 & ema20>ema50 & funding<0,3,20,-0.01847474577685021,-0.598556035029853,12,-0.03499463561123063,8,0.006305088974720407,0.005578259551929349,-0.001339112181036299,-
DOGEUSDT,>ema20 & >sma200 & macd>signal,3,366,0.010426208548855153,1.9032154477082033,245,0.015408850535966245,121,0.0003373879964401268,0.005578259551929349,-0.001339112181036299,-
DOGEUSDT,>ema20 & >sma200 & macd_hist_up,3,262,0.012344230822722967,1.7571907813732013,171,0.016921974914117642,91,0.0037420963213109894,0.005578259551929349,-0.001339112181036299,-
DOGEUSDT,>ema20 & >sma200 & <lower_bb,3,0,,,0,,0,,0.005578259551929349,-0.001339112181036299,-
DOGEUSDT,>ema20 & >sma200 & >upper_bb,3,97,0.023453634346559404,1.4286600892023675,67,0.022761870512877445,30,0.024998573575115767,0.005578259551929349,-0.001339112181036299,-
DOGEUSDT,>ema20 & >sma200 & stoch<20,3,1,,,1,,0,,0.005578259551929349,-0.001339112181036299,-
DOGEUSDT,>ema20 & >sma200 & dip>3%,3,98,0.003778841058813018,0.42868924150766263,70,0.006237448115653537,28,-0.002367676583288282,0.005578259551929349,-0.001339112181036299,-
DOGEUSDT,>ema20 & >sma200 & pop>3%,3,171,0.016093131011176456,1.5587655252834756,107,0.017361832955960305,64,0.013972019947240961,0.005578259551929349,-0.001339112181036299,-
DOGEUSDT,>ema20 & >sma200 & vol>1.5x,3,145,0.01394395690170885,1.2108258533109144,96,0.0171881940557503,49,0.007587900436648047,0.005578259551929349,-0.001339112181036299,-
DOGEUSDT,>ema20 & >sma200 & 20d_high,3,105,0.026085097385110022,1.6808866141993015,69,0.028750287910262715,36,0.020976815545234024,0.005578259551929349,-0.001339112181036299,-
DOGEUSDT,>ema20 & >sma200 & 20d_low,3,0,,,0,,0,,0.005578259551929349,-0.001339112181036299,-
DOGEUSDT,>ema20 & >sma200 & adx>25,3,307,0.006239766195542063,0.970860300889897,214,0.007607657594605228,93,0.003092145126730042,0.005578259551929349,-0.001339112181036299,-
DOGEUSDT,>ema20 & >sma200 & btc>ema50,3,429,0.008385106893754008,1.7493588762585506,280,0.012446418097149673,149,0.0007531126860306095,0.005578259551929349,-0.001339112181036299,-
DOGEUSDT,>ema20 & >sma200 & funding<0,3,12,-0.03499463561123063,-0.6843375508722276,12,-0.03499463561123063,0,,0.005578259551929349,-0.001339112181036299,-
DOGEUSDT,>ema20 & macd>signal & macd_hist_up,3,398,0.010164304217167689,2.118438557579555,234,0.01456585960147467,164,0.0038840361688272386,0.005578259551929349,-0.001339112181036299,-
DOGEUSDT,>ema20 & macd>signal & <lower_bb,3,0,,,0,,0,,0.005578259551929349,-0.001339112181036299,-
DOGEUSDT,>ema20 & macd>signal & >upper_bb,3,147,0.01931512300700121,1.7324873379450847,85,0.015630746337846647,62,0.024366284569551807,0.005578259551929349,-0.001339112181036299,-
DOGEUSDT,>ema20 & macd>signal & stoch<20,3,0,,,0,,0,,0.005578259551929349,-0.001339112181036299,-
DOGEUSDT,>ema20 & macd>signal & dip>3%,3,116,0.005403464465330611,0.7093495842381734,79,0.01064124729844081,37,-0.005779909691850633,0.005578259551929349,-0.001339112181036299,-
DOGEUSDT,>ema20 & macd>signal & pop>3%,3,227,0.012377796713225486,1.5644129494966197,132,0.015172489573807723,95,0.008494644527995423,0.005578259551929349,-0.001339112181036299,-
DOGEUSDT,>ema20 & macd>signal & vol>1.5x,3,231,0.01198594055515466,1.5623569975860507,147,0.014081760901547427,84,0.008318254948967322,0.005578259551929349,-0.001339112181036299,-
DOGEUSDT,>ema20 & macd>signal & 20d_high,3,165,0.022013649529392675,2.146074598198013,99,0.020312444586923356,66,0.024565456943096635,0.005578259551929349,-0.001339112181036299,-
DOGEUSDT,>ema20 & macd>signal & 20d_low,3,0,,,0,,0,,0.005578259551929349,-0.001339112181036299,-
DOGEUSDT,>ema20 & macd>signal & adx>25,3,371,0.007549393446674935,1.443694355319742,228,0.01141659967814495,143,0.001383498196498961,0.005578259551929349,-0.001339112181036299,-
DOGEUSDT,>ema20 & macd>signal & btc>ema50,3,567,0.009244156343980516,2.5173123872032392,329,0.01389788206700964,238,0.0028110649033226106,0.005578259551929349,-0.001339112181036299,WEAK
DOGEUSDT,>ema20 & macd>signal & funding<0,3,29,-0.011963863500662435,-0.56147200012115,13,-0.029301438862574598,16,0.0021229164808911957,0.005578259551929349,-0.001339112181036299,-
DOGEUSDT,>ema20 & macd_hist_up & <lower_bb,3,0,,,0,,0,,0.005578259551929349,-0.001339112181036299,-
DOGEUSDT,>ema20 & macd_hist_up & >upper_bb,3,150,0.016724500681289316,1.5165673724441633,87,0.012788626597943576,63,0.022159755367814372,0.005578259551929349,-0.001339112181036299,-
DOGEUSDT,>ema20 & macd_hist_up & stoch<20,3,0,,,0,,0,,0.005578259551929349,-0.001339112181036299,-
DOGEUSDT,>ema20 & macd_hist_up & dip>3%,3,23,0.034074508538508644,1.508393848413342,18,0.04869289004632315,5,-0.01855166488962361,0.005578259551929349,-0.001339112181036299,-
DOGEUSDT,>ema20 & macd_hist_up & pop>3%,3,246,0.009663497617608771,1.3362917693415877,142,0.010217740036433033,104,0.00890674354575257,0.005578259551929349,-0.001339112181036299,-
DOGEUSDT,>ema20 & macd_hist_up & vol>1.5x,3,181,0.012603325871603522,1.3374399877021215,121,0.012888186609454604,60,0.012028856716937182,0.005578259551929349,-0.001339112181036299,-
DOGEUSDT,>ema20 & macd_hist_up & 20d_high,3,167,0.019698227233763594,1.9284439156675013,100,0.018748638304514346,67,0.021115524143090827,0.005578259551929349,-0.001339112181036299,-
DOGEUSDT,>ema20 & macd_hist_up & 20d_low,3,0,,,0,,0,,0.005578259551929349,-0.001339112181036299,-
DOGEUSDT,>ema20 & macd_hist_up & adx>25,3,228,0.010509634851915705,1.3716163039189952,143,0.01429737010066235,85,0.004137327315788989,0.005578259551929349,-0.001339112181036299,-
DOGEUSDT,>ema20 & macd_hist_up & btc>ema50,3,393,0.011205761715373318,2.322147337808058,234,0.01487745671923827,159,0.005802135105911685,0.005578259551929349,-0.001339112181036299,-
DOGEUSDT,>ema20 & macd_hist_up & funding<0,3,16,-0.06056545513976687,-2.191870328108399,8,-0.11454861846112388,8,-0.006582291818409865,0.005578259551929349,-0.001339112181036299,-
DOGEUSDT,>ema20 & <lower_bb & >upper_bb,3,0,,,0,,0,,0.005578259551929349,-0.001339112181036299,-
DOGEUSDT,>ema20 & <lower_bb & stoch<20,3,0,,,0,,0,,0.005578259551929349,-0.001339112181036299,-
DOGEUSDT,>ema20 & <lower_bb & dip>3%,3,0,,,0,,0,,0.005578259551929349,-0.001339112181036299,-
DOGEUSDT,>ema20 & <lower_bb & pop>3%,3,0,,,0,,0,,0.005578259551929349,-0.001339112181036299,-
DOGEUSDT,>ema20 & <lower_bb & vol>1.5x,3,0,,,0,,0,,0.005578259551929349,-0.001339112181036299,-
DOGEUSDT,>ema20 & <lower_bb & 20d_high,3,0,,,0,,0,,0.005578259551929349,-0.001339112181036299,-
DOGEUSDT,>ema20 & <lower_bb & 20d_low,3,0,,,0,,0,,0.005578259551929349,-0.001339112181036299,-
DOGEUSDT,>ema20 & <lower_bb & adx>25,3,0,,,0,,0,,0.005578259551929349,-0.001339112181036299,-
DOGEUSDT,>ema20 & <lower_bb & btc>ema50,3,0,,,0,,0,,0.005578259551929349,-0.001339112181036299,-
DOGEUSDT,>ema20 & <lower_bb & funding<0,3,0,,,0,,0,,0.005578259551929349,-0.001339112181036299,-
DOGEUSDT,>ema20 & >upper_bb & stoch<20,3,0,,,0,,0,,0.005578259551929349,-0.001339112181036299,-
DOGEUSDT,>ema20 & >upper_bb & dip>3%,3,5,0.014793910649745317,0.36022320472676966,4,0.019734929469239423,1,,0.005578259551929349,-0.001339112181036299,-
DOGEUSDT,>ema20 & >upper_bb & pop>3%,3,110,0.017973413000042068,1.2309317457086324,66,0.0105093878972081,44,0.02916945065429302,0.005578259551929349,-0.001339112181036299,-
DOGEUSDT,>ema20 & >upper_bb & vol>1.5x,3,120,0.018962328656935465,1.4089254180893376,76,0.01597520673120158,44,0.02412190289229397,0.005578259551929349,-0.001339112181036299,-
DOGEUSDT,>ema20 & >upper_bb & 20d_high,3,131,0.016307043565136403,1.3183140293644349,74,0.01062447443385863,57,0.02368441401626895,0.005578259551929349,-0.001339112181036299,-
DOGEUSDT,>ema20 & >upper_bb & 20d_low,3,0,,,0,,0,,0.005578259551929349,-0.001339112181036299,-
DOGEUSDT,>ema20 & >upper_bb & adx>25,3,84,0.02347302387033338,1.2975371011646306,51,0.02036098286276524,33,0.028282541791120497,0.005578259551929349,-0.001339112181036299,-
DOGEUSDT,>ema20 & >upper_bb & btc>ema50,3,139,0.019274928083783893,1.660708685399704,80,0.01676349067032773,59,0.02268026694948716,0.005578259551929349,-0.001339112181036299,-
DOGEUSDT,>ema20 & >upper_bb & funding<0,3,3,-0.21947972930720436,-2.1260897446642746,3,-0.21947972930720436,0,,0.005578259551929349,-0.001339112181036299,-
DOGEUSDT,>ema20 & stoch<20 & dip>3%,3,0,,,0,,0,,0.005578259551929349,-0.001339112181036299,-
DOGEUSDT,>ema20 & stoch<20 & pop>3%,3,0,,,0,,0,,0.005578259551929349,-0.001339112181036299,-
DOGEUSDT,>ema20 & stoch<20 & vol>1.5x,3,0,,,0,,0,,0.005578259551929349,-0.001339112181036299,-
DOGEUSDT,>ema20 & stoch<20 & 20d_high,3,0,,,0,,0,,0.005578259551929349,-0.001339112181036299,-
DOGEUSDT,>ema20 & stoch<20 & 20d_low,3,0,,,0,,0,,0.005578259551929349,-0.001339112181036299,-
DOGEUSDT,>ema20 & stoch<20 & adx>25,3,1,,,1,,0,,0.005578259551929349,-0.001339112181036299,-
DOGEUSDT,>ema20 & stoch<20 & btc>ema50,3,1,,,1,,0,,0.005578259551929349,-0.001339112181036299,-
DOGEUSDT,>ema20 & stoch<20 & funding<0,3,0,,,0,,0,,0.005578259551929349,-0.001339112181036299,-
DOGEUSDT,>ema20 & dip>3% & pop>3%,3,0,,,0,,0,,0.005578259551929349,-0.001339112181036299,-
DOGEUSDT,>ema20 & dip>3% & vol>1.5x,3,45,0.004799698975112483,0.3806823237052151,31,0.014152874205728205,14,-0.0159109033212509,0.005578259551929349,-0.001339112181036299,-
DOGEUSDT,>ema20 & dip>3% & 20d_high,3,0,,,0,,0,,0.005578259551929349,-0.001339112181036299,-
DOGEUSDT,>ema20 & dip>3% & 20d_low,3,0,,,0,,0,,0.005578259551929349,-0.001339112181036299,-
DOGEUSDT,>ema20 & dip>3% & adx>25,3,102,0.0023446931221051707,0.2760821545777845,69,0.005903506610124492,33,-0.0050964623528443245,0.005578259551929349,-0.001339112181036299,-
DOGEUSDT,>ema20 & dip>3% & btc>ema50,3,119,0.004654842916648131,0.627795450068057,73,0.010300991835157987,46,-0.00430534993229143,0.005578259551929349,-0.001339112181036299,-
DOGEUSDT,>ema20 & dip>3% & funding<0,3,6,0.06973473598652442,1.1933138752557015,4,0.09931292466034233,2,0.010578358638888598,0.005578259551929349,-0.001339112181036299,-
DOGEUSDT,>ema20 & pop>3% & vol>1.5x,3,128,0.013404197242779654,1.0529139752119847,84,0.011648643987137159,44,0.01675570800355168,0.005578259551929349,-0.001339112181036299,-
DOGEUSDT,>ema20 & pop>3% & 20d_high,3,130,0.01931732028682433,1.5148654812574045,77,0.01488390220239651,53,0.02575832391891758,0.005578259551929349,-0.001339112181036299,-
DOGEUSDT,>ema20 & pop>3% & 20d_low,3,0,,,0,,0,,0.005578259551929349,-0.001339112181036299,-
DOGEUSDT,>ema20 & pop>3% & adx>25,3,152,0.01025356940919992,0.918765749733758,96,0.00991991670848538,56,0.0108255454675677,0.005578259551929349,-0.001339112181036299,-
DOGEUSDT,>ema20 & pop>3% & btc>ema50,3,225,0.012931212662840107,1.6331442431705112,127,0.012733361695644506,98,0.013187611365226243,0.005578259551929349,-0.001339112181036299,-
DOGEUSDT,>ema20 & pop>3% & funding<0,3,13,-0.07891715946812478,-2.5226231625461546,9,-0.10183425459402104,4,-0.027353695434858154,0.005578259551929349,-0.001339112181036299,-
DOGEUSDT,>ema20 & vol>1.5x & 20d_high,3,120,0.018086679026454333,1.3490254486818858,76,0.016069550388150732,44,0.02157081031079691,0.005578259551929349,-0.001339112181036299,-
DOGEUSDT,>ema20 & vol>1.5x & 20d_low,3,0,,,0,,0,,0.005578259551929349,-0.001339112181036299,-
DOGEUSDT,>ema20 & vol>1.5x & adx>25,3,151,0.010053070025005285,0.9367435905824368,97,0.01025187329794857,54,0.009695960442125666,0.005578259551929349,-0.001339112181036299,-
DOGEUSDT,>ema20 & vol>1.5x & btc>ema50,3,202,0.016396656774209945,1.928987204036953,122,0.019020090129620346,80,0.01239592090720908,0.005578259551929349,-0.001339112181036299,-
DOGEUSDT,>ema20 & vol>1.5x & funding<0,3,7,-0.07102052353595151,-0.8576965066830657,6,-0.07362510609463666,1,,0.005578259551929349,-0.001339112181036299,-
DOGEUSDT,>ema20 & 20d_high & 20d_low,3,0,,,0,,0,,0.005578259551929349,-0.001339112181036299,-
DOGEUSDT,>ema20 & 20d_high & adx>25,3,101,0.02431344071610452,1.5638950176927124,64,0.02200304031811524,37,0.02830980897208598,0.005578259551929349,-0.001339112181036299,-
DOGEUSDT,>ema20 & 20d_high & btc>ema50,3,157,0.021444067234945338,2.020078897490427,92,0.020961671676276456,65,0.02212684248721514,0.005578259551929349,-0.001339112181036299,-
DOGEUSDT,>ema20 & 20d_high & funding<0,3,3,-0.21947972930720436,-2.1260897446642746,3,-0.21947972930720436,0,,0.005578259551929349,-0.001339112181036299,-
DOGEUSDT,>ema20 & 20d_low & adx>25,3,0,,,0,,0,,0.005578259551929349,-0.001339112181036299,-
DOGEUSDT,>ema20 & 20d_low & btc>ema50,3,0,,,0,,0,,0.005578259551929349,-0.001339112181036299,-
DOGEUSDT,>ema20 & 20d_low & funding<0,3,0,,,0,,0,,0.005578259551929349,-0.001339112181036299,-
DOGEUSDT,>ema20 & adx>25 & btc>ema50,3,383,0.007503198523023289,1.4793197358353618,227,0.011083106139721266,156,0.0022939739782127716,0.005578259551929349,-0.001339112181036299,-
DOGEUSDT,>ema20 & adx>25 & funding<0,3,20,-0.024771654294515853,-0.8047472032664933,11,-0.04460976388558109,9,-0.0005250759054361287,0.005578259551929349,-0.001339112181036299,-
DOGEUSDT,>ema20 & btc>ema50 & funding<0,3,24,-0.01683325947333093,-0.656699366349551,9,-0.05979673315716908,15,0.008944824736971961,0.005578259551929349,-0.001339112181036299,-
DOGEUSDT,>ema50 & ema20>ema50 & >sma200,3,520,0.011691778645479586,1.3538541358352625,344,0.019429343832566028,176,-0.003431644220189381,0.005578259551929349,-0.001339112181036299,-
DOGEUSDT,>ema50 & ema20>ema50 & macd>signal,3,392,0.009140643139173519,1.7533962177613973,233,0.014014365737982674,159,0.0019986471295978412,0.005578259551929349,-0.001339112181036299,-
DOGEUSDT,>ema50 & ema20>ema50 & macd_hist_up,3,306,0.010492294608743097,1.6944822151881183,192,0.013334529418817418,114,0.005705372823354769,0.005578259551929349,-0.001339112181036299,-
DOGEUSDT,>ema50 & ema20>ema50 & <lower_bb,3,2,1.8904784350396266,0.9385442177862848,1,,1,,0.005578259551929349,-0.001339112181036299,-
DOGEUSDT,>ema50 & ema20>ema50 & >upper_bb,3,96,0.021791286764490308,1.2950908652165907,58,0.021485283582295553,38,0.022258344253103364,0.005578259551929349,-0.001339112181036299,-
DOGEUSDT,>ema50 & ema20>ema50 & stoch<20,3,30,0.13629686171668726,1.044447114785623,21,0.21373453431691697,9,-0.04439104101718207,0.005578259551929349,-0.001339112181036299,-
DOGEUSDT,>ema50 & ema20>ema50 & dip>3%,3,154,0.02950053511220807,1.1259175659600973,102,0.049052084829976986,52,-0.008850581641877122,0.005578259551929349,-0.001339112181036299,-
DOGEUSDT,>ema50 & ema20>ema50 & pop>3%,3,191,0.01206567104651362,1.2779060678288965,113,0.01266883370498671,78,0.011191858477187231,0.005578259551929349,-0.001339112181036299,-
DOGEUSDT,>ema50 & ema20>ema50 & vol>1.5x,3,161,0.01300621949605383,1.2226945195165295,95,0.014976359157155792,66,0.010170412408104037,0.005578259551929349,-0.001339112181036299,-
DOGEUSDT,>ema50 & ema20>ema50 & 20d_high,3,108,0.026009922373047046,1.6917820432650506,65,0.030059388233313732,43,0.01988863677031833,0.005578259551929349,-0.001339112181036299,-
DOGEUSDT,>ema50 & ema20>ema50 & 20d_low,3,5,0.7348119306107272,0.926550242686117,3,1.3076205074523397,2,-0.12440093465169141,0.005578259551929349,-0.001339112181036299,-
DOGEUSDT,>ema50 & ema20>ema50 & adx>25,3,437,0.004286096862932526,0.8946074580203144,275,0.006320756735450003,162,0.0008321989311898906,0.005578259551929349,-0.001339112181036299,-
DOGEUSDT,>ema50 & ema20>ema50 & btc>ema50,3,562,0.012321003341888764,1.5526706895512061,321,0.02296494494236092,241,-0.001856196881146766,0.005578259551929349,-0.001339112181036299,-
DOGEUSDT,>ema50 & ema20>ema50 & funding<0,3,38,-0.01848075964381186,-1.121684805682747,24,-0.025870358524831893,14,-0.005812875847777532,0.005578259551929349,-0.001339112181036299,-
DOGEUSDT,>ema50 & >sma200 & macd>signal,3,356,0.00950497208361223,1.6869508887735998,231,0.014523659018775422,125,0.00023043862743064985,0.005578259551929349,-0.001339112181036299,-
DOGEUSDT,>ema50 & >sma200 & macd_hist_up,3,281,0.010945845331951082,1.6527111573449933,186,0.0146321468175637,95,0.003728455054856897,0.005578259551929349,-0.001339112181036299,-
DOGEUSDT,>ema50 & >sma200 & <lower_bb,3,2,1.8904784350396266,0.9385442177862848,1,,1,,0.005578259551929349,-0.001339112181036299,-
DOGEUSDT,>ema50 & >sma200 & >upper_bb,3,97,0.023453634346559404,1.4286600892023675,67,0.022761870512877445,30,0.024998573575115767,0.005578259551929349,-0.001339112181036299,-
DOGEUSDT,>ema50 & >sma200 & stoch<20,3,20,0.20702460738020742,1.0597648816488583,16,0.27544742377974374,4,-0.06666665821793791,0.005578259551929349,-0.001339112181036299,-
DOGEUSDT,>ema50 & >sma200 & dip>3%,3,128,0.037307830982781835,1.1862270241031914,92,0.05573576450559004,36,-0.009785776908839127,0.005578259551929349,-0.001339112181036299,-
DOGEUSDT,>ema50 & >sma200 & pop>3%,3,180,0.01438671261323452,1.4577137138062979,112,0.01456808974026245,68,0.014087973815776767,0.005578259551929349,-0.001339112181036299,-
DOGEUSDT,>ema50 & >sma200 & vol>1.5x,3,146,0.013136294361523793,1.1467293143052066,94,0.0162634428029678,52,0.007483372178913479,0.005578259551929349,-0.001339112181036299,-
DOGEUSDT,>ema50 & >sma200 & 20d_high,3,103,0.026319877468593,1.6637370429683693,67,0.029190776412487383,36,0.020976815545234024,0.005578259551929349,-0.001339112181036299,-
DOGEUSDT,>ema50 & >sma200 & 20d_low,3,5,0.7348119306107272,0.926550242686117,3,1.3076205074523397,2,-0.12440093465169141,0.005578259551929349,-0.001339112181036299,-
DOGEUSDT,>ema50 & >sma200 & adx>25,3,357,0.006180719369353222,1.0775710581104716,248,0.008402167515108624,109,0.001126415331304235,0.005578259551929349,-0.001339112181036299,-
DOGEUSDT,>ema50 & >sma200 & btc>ema50,3,480,0.014985002201605892,1.6214568518792232,306,0.02517363007642863,174,-0.002932929578254786,0.005578259551929349,-0.001339112181036299,-
DOGEUSDT,>ema50 & >sma200 & funding<0,3,25,-0.03038820858603551,-1.238482774010341,21,-0.03002839632364076,4,-0.032277222963607986,0.005578259551929349,-0.001339112181036299,-
DOGEUSDT,>ema50 & macd>signal & macd_hist_up,3,280,0.016561478764286246,2.488698437571391,162,0.021605994927020453,118,0.009635956574769788,0.005578259551929349,-0.001339112181036299,WEAK
DOGEUSDT,>ema50 & macd>signal & <lower_bb,3,0,,,0,,0,,0.005578259551929349,-0.001339112181036299,-
DOGEUSDT,>ema50 & macd>signal & >upper_bb,3,141,0.019763882295845317,1.7013611940466447,83,0.015632522040102636,58,0.025676001282511577,0.005578259551929349,-0.001339112181036299,-
DOGEUSDT,>ema50 & macd>signal & stoch<20,3,0,,,0,,0,,0.005578259551929349,-0.001339112181036299,-
DOGEUSDT,>ema50 & macd>signal & dip>3%,3,109,0.007091179905014807,0.8792444215899209,74,0.012772644045016237,35,-0.004921058562416793,0.005578259551929349,-0.001339112181036299,-
DOGEUSDT,>ema50 & macd>signal & pop>3%,3,183,0.018757880099127395,1.9414444651098095,106,0.019683313611343435,77,0.017483906692700116,0.005578259551929349,-0.001339112181036299,-
DOGEUSDT,>ema50 & macd>signal & vol>1.5x,3,213,0.013969674887721984,1.6958262224362242,131,0.01556128587646765,82,0.01142697928375025,0.005578259551929349,-0.001339112181036299,-
DOGEUSDT,>ema50 & macd>signal & 20d_high,3,154,0.022910498888647123,2.088332392312345,93,0.021473850348914608,61,0.025100799121354076,0.005578259551929349,-0.001339112181036299,-
DOGEUSDT,>ema50 & macd>signal & 20d_low,3,0,,,0,,0,,0.005578259551929349,-0.001339112181036299,-
DOGEUSDT,>ema50 & macd>signal & adx>25,3,321,0.010021424086855043,1.6796192851331073,203,0.013137829023230506,118,0.004660151187836242,0.005578259551929349,-0.001339112181036299,-
DOGEUSDT,>ema50 & macd>signal & btc>ema50,3,473,0.010749506370701526,2.4706043223317398,270,0.016405105622580615,203,0.003227280764753956,0.005578259551929349,-0.001339112181036299,WEAK
DOGEUSDT,>ema50 & macd>signal & funding<0,3,17,-0.01308467742833659,-0.36368442917485483,11,-0.024708466870580096,6,0.008225603215776508,0.005578259551929349,-0.001339112181036299,-
DOGEUSDT,>ema50 & macd_hist_up & <lower_bb,3,0,,,0,,0,,0.005578259551929349,-0.001339112181036299,-
DOGEUSDT,>ema50 & macd_hist_up & >upper_bb,3,144,0.017055968221377855,1.4855209916578218,85,0.01272348711332525,59,0.0232976782923011,0.005578259551929349,-0.001339112181036299,-
DOGEUSDT,>ema50 & macd_hist_up & stoch<20,3,2,0.01084646998099146,15.258305533768102,2,0.01084646998099146,0,,0.005578259551929349,-0.001339112181036299,-
DOGEUSDT,>ema50 & macd_hist_up & dip>3%,3,22,0.03791397376243772,1.6193485403789185,18,0.053596127561347226,4,-0.03265571833265509,0.005578259551929349,-0.001339112181036299,-
DOGEUSDT,>ema50 & macd_hist_up & pop>3%,3,209,0.013298386461089263,1.5811135228399145,121,0.011518323168873463,88,0.015745973487885992,0.005578259551929349,-0.001339112181036299,-
DOGEUSDT,>ema50 & macd_hist_up & vol>1.5x,3,164,0.015723374137323862,1.5288289933095842,108,0.014964231732113576,56,0.017187434490229404,0.005578259551929349,-0.001339112181036299,-
DOGEUSDT,>ema50 & macd_hist_up & 20d_high,3,156,0.020420311567566584,1.8705427790404674,94,0.01979787126377745,62,0.02136401138298881,0.005578259551929349,-0.001339112181036299,-
DOGEUSDT,>ema50 & macd_hist_up & 20d_low,3,0,,,0,,0,,0.005578259551929349,-0.001339112181036299,-
DOGEUSDT,>ema50 & macd_hist_up & adx>25,3,207,0.012077612575266676,1.4441367864323056,135,0.013405308529664147,72,0.00958818266077142,0.005578259551929349,-0.001339112181036299,-
DOGEUSDT,>ema50 & macd_hist_up & btc>ema50,3,350,0.013251274785578655,2.447204002550903,208,0.017449020504201287,142,0.007102464155483532,0.005578259551929349,-0.001339112181036299,WEAK
DOGEUSDT,>ema50 & macd_hist_up & funding<0,3,11,-0.08631884036344084,-2.3442912123483395,10,-0.09377786573216954,1,,0.005578259551929349,-0.001339112181036299,-
DOGEUSDT,>ema50 & <lower_bb & >upper_bb,3,0,,,0,,0,,0.005578259551929349,-0.001339112181036299,-
DOGEUSDT,>ema50 & <lower_bb & stoch<20,3,2,1.8904784350396266,0.9385442177862848,1,,1,,0.005578259551929349,-0.001339112181036299,-
DOGEUSDT,>ema50 & <lower_bb & dip>3%,3,2,1.8904784350396266,0.9385442177862848,1,,1,,0.005578259551929349,-0.001339112181036299,-
DOGEUSDT,>ema50 & <lower_bb & pop>3%,3,0,,,0,,0,,0.005578259551929349,-0.001339112181036299,-
DOGEUSDT,>ema50 & <lower_bb & vol>1.5x,3,0,,,0,,0,,0.005578259551929349,-0.001339112181036299,-
DOGEUSDT,>ema50 & <lower_bb & 20d_high,3,0,,,0,,0,,0.005578259551929349,-0.001339112181036299,-
DOGEUSDT,>ema50 & <lower_bb & 20d_low,3,2,1.8904784350396266,0.9385442177862848,1,,1,,0.005578259551929349,-0.001339112181036299,-
DOGEUSDT,>ema50 & <lower_bb & adx>25,3,1,,,0,,1,,0.005578259551929349,-0.001339112181036299,-
DOGEUSDT,>ema50 & <lower_bb & btc>ema50,3,2,1.8904784350396266,0.9385442177862848,1,,1,,0.005578259551929349,-0.001339112181036299,-
DOGEUSDT,>ema50 & <lower_bb & funding<0,3,0,,,0,,0,,0.005578259551929349,-0.001339112181036299,-
DOGEUSDT,>ema50 & >upper_bb & stoch<20,3,0,,,0,,0,,0.005578259551929349,-0.001339112181036299,-
DOGEUSDT,>ema50 & >upper_bb & dip>3%,3,5,0.014793910649745317,0.36022320472676966,4,0.019734929469239423,1,,0.005578259551929349,-0.001339112181036299,-
DOGEUSDT,>ema50 & >upper_bb & pop>3%,3,106,0.01815047837090787,1.1981537751172586,65,0.009872828978899876,41,0.03127358106555469,0.005578259551929349,-0.001339112181036299,-
DOGEUSDT,>ema50 & >upper_bb & vol>1.5x,3,118,0.01878203162441336,1.3724971996185416,75,0.015496399919787697,43,0.024512784597597637,0.005578259551929349,-0.001339112181036299,-
DOGEUSDT,>ema50 & >upper_bb & 20d_high,3,125,0.01666885622974306,1.2864720870339796,72,0.010487458315515182,53,0.02506622698114696,0.005578259551929349,-0.001339112181036299,-
DOGEUSDT,>ema50 & >upper_bb & 20d_low,3,0,,,0,,0,,0.005578259551929349,-0.001339112181036299,-
DOGEUSDT,>ema50 & >upper_bb & adx>25,3,83,0.023667711030647805,1.2927050238817301,51,0.02036098286276524,32,0.02893780904821063,0.005578259551929349,-0.001339112181036299,-
DOGEUSDT,>ema50 & >upper_bb & btc>ema50,3,134,0.019656069514143358,1.6335738226038272,78,0.01679442492612529,56,0.023641931618882814,0.005578259551929349,-0.001339112181036299,-
DOGEUSDT,>ema50 & >upper_bb & funding<0,3,3,-0.21947972930720436,-2.1260897446642746,3,-0.21947972930720436,0,,0.005578259551929349,-0.001339112181036299,-
DOGEUSDT,>ema50 & stoch<20 & dip>3%,3,16,0.2621287452175455,1.0758640852606642,11,0.39840473313807595,5,-0.03767842820762142,0.005578259551929349,-0.001339112181036299,-
DOGEUSDT,>ema50 & stoch<20 & pop>3%,3,0,,,0,,0,,0.005578259551929349,-0.001339112181036299,-
DOGEUSDT,>ema50 & stoch<20 & vol>1.5x,3,0,,,0,,0,,0.005578259551929349,-0.001339112181036299,-
DOGEUSDT,>ema50 & stoch<20 & 20d_high,3,0,,,0,,0,,0.005578259551929349,-0.001339112181036299,-
DOGEUSDT,>ema50 & stoch<20 & 20d_low,3,2,1.8904784350396266,0.9385442177862848,1,,1,,0.005578259551929349,-0.001339112181036299,-
DOGEUSDT,>ema50 & stoch<20 & adx>25,3,24,0.011792626025382329,0.8285816585152568,16,0.03787026721855065,8,-0.040362656360954305,0.005578259551929349,-0.001339112181036299,-
DOGEUSDT,>ema50 & stoch<20 & btc>ema50,3,19,0.21439521309074505,1.0415981804280465,12,0.36482941537723024,7,-0.043491990828943894,0.005578259551929349,-0.001339112181036299,-
DOGEUSDT,>ema50 & stoch<20 & funding<0,3,6,0.0029379257687306864,0.4323102900453522,3,0.012932317169875971,3,-0.007056465632414598,0.005578259551929349,-0.001339112181036299,-
DOGEUSDT,>ema50 & dip>3% & pop>3%,3,0,,,0,,0,,0.005578259551929349,-0.001339112181036299,-
DOGEUSDT,>ema50 & dip>3% & vol>1.5x,3,46,0.0013621227586366469,0.10975475383905718,30,0.010510982212849056,16,-0.01579198871801162,0.005578259551929349,-0.001339112181036299,-
DOGEUSDT,>ema50 & dip>3% & 20d_high,3,0,,,0,,0,,0.005578259551929349,-0.001339112181036299,-
DOGEUSDT,>ema50 & dip>3% & 20d_low,3,3,1.218647780346404,0.9073741886511024,1,,2,-0.12440093465169141,0.005578259551929349,-0.001339112181036299,-
DOGEUSDT,>ema50 & dip>3% & adx>25,3,124,0.008352304720948502,1.042233449689035,85,0.015375417708411651,39,-0.006954479995317344,0.005578259551929349,-0.001339112181036299,-
DOGEUSDT,>ema50 & dip>3% & btc>ema50,3,138,0.035543482138494266,1.2209414571824988,85,0.06296101018565364,53,-0.008428025106950022,0.005578259551929349,-0.001339112181036299,-
DOGEUSDT,>ema50 & dip>3% & funding<0,3,14,0.02426854557123137,0.9047409234425762,8,0.05007293377035989,6,-0.010137305360940005,0.005578259551929349,-0.001339112181036299,-
DOGEUSDT,>ema50 & pop>3% & vol>1.5x,3,117,0.0162706308962067,1.179525323492551,76,0.012493070631044647,41,0.023272937729190032,0.005578259551929349,-0.001339112181036299,-
DOGEUSDT,>ema50 & pop>3% & 20d_high,3,124,0.019579010794665876,1.4663949491000172,75,0.015100200251364337,49,0.02643433305482129,0.005578259551929349,-0.001339112181036299,-
DOGEUSDT,>ema50 & pop>3% & 20d_low,3,0,,,0,,0,,0.005578259551929349,-0.001339112181036299,-
DOGEUSDT,>ema50 & pop>3% & adx>25,3,140,0.010971562500034015,0.9083364215942102,91,0.007656003472568621,49,0.017129029265326896,0.005578259551929349,-0.001339112181036299,-
DOGEUSDT,>ema50 & pop>3% & btc>ema50,3,212,0.014434899317807837,1.7204450899916732,117,0.014710368506044041,95,0.014095637264927458,0.005578259551929349,-0.001339112181036299,-
DOGEUSDT,>ema50 & pop>3% & funding<0,3,9,-0.10512585884357112,-2.4108837163533385,7,-0.13361228110860734,2,-0.005423380915944319,0.005578259551929349,-0.001339112181036299,-
DOGEUSDT,>ema50 & vol>1.5x & 20d_high,3,118,0.017891540474771532,1.3124589868903038,75,0.015592001492162846,43,0.021902364281647154,0.005578259551929349,-0.001339112181036299,-
DOGEUSDT,>ema50 & vol>1.5x & 20d_low,3,0,,,0,,0,,0.005578259551929349,-0.001339112181036299,-
DOGEUSDT,>ema50 & vol>1.5x & adx>25,3,141,0.012078875612454744,1.0611126338063201,90,0.011046307746983976,51,0.013901054198579631,0.005578259551929349,-0.001339112181036299,-
DOGEUSDT,>ema50 & vol>1.5x & btc>ema50,3,198,0.01568947840824116,1.8076951426839014,116,0.018252837027046324,82,0.012063263776760683,0.005578259551929349,-0.001339112181036299,-
DOGEUSDT,>ema50 & vol>1.5x & funding<0,3,6,-0.06790145212883623,-0.6905440456400234,6,-0.06790145212883623,0,,0.005578259551929349,-0.001339112181036299,-
DOGEUSDT,>ema50 & 20d_high & 20d_low,3,0,,,0,,0,,0.005578259551929349,-0.001339112181036299,-
DOGEUSDT,>ema50 & 20d_high & adx>25,3,97,0.024580885009688688,1.5193265324662442,62,0.022788173329872503,35,0.02775654569964877,0.005578259551929349,-0.001339112181036299,-
DOGEUSDT,>ema50 & 20d_high & btc>ema50,3,148,0.022047969222324278,1.961137242926201,87,0.02192772535071899,61,0.02221946458018756,0.005578259551929349,-0.001339112181036299,-
DOGEUSDT,>ema50 & 20d_high & funding<0,3,3,-0.21947972930720436,-2.1260897446642746,3,-0.21947972930720436,0,,0.005578259551929349,-0.001339112181036299,-
DOGEUSDT,>ema50 & 20d_low & adx>25,3,1,,,0,,1,,0.005578259551929349,-0.001339112181036299,-
DOGEUSDT,>ema50 & 20d_low & btc>ema50,3,5,0.7348119306107272,0.926550242686117,3,1.3076205074523397,2,-0.12440093465169141,0.005578259551929349,-0.001339112181036299,-
DOGEUSDT,>ema50 & 20d_low & funding<0,3,0,,,0,,0,,0.005578259551929349,-0.001339112181036299,-
DOGEUSDT,>ema50 & adx>25 & btc>ema50,3,405,0.007907406451773966,1.6099018203000541,232,0.013694858266478257,173,0.00014619939390462283,0.005578259551929349,-0.001339112181036299,-
DOGEUSDT,>ema50 & adx>25 & funding<0,3,33,-0.01845737943019499,-0.9798063641426787,22,-0.02901658345895247,11,0.0026610286273199514,0.005578259551929349,-0.001339112181036299,-
DOGEUSDT,>ema50 & btc>ema50 & funding<0,3,24,-0.026231873920000728,-1.0383157036151172,12,-0.0471466835376578,12,-0.005317064302343644,0.005578259551929349,-0.001339112181036299,-
DOGEUSDT,ema20>ema50 & >sma200 & macd>signal,3,323,0.010702470794852816,1.7340353565677182,206,0.01589241892118034,117,0.001564613410036836,0.005578259551929349,-0.001339112181036299,-
DOGEUSDT,ema20>ema50 & >sma200 & macd_hist_up,3,298,0.012379787471126329,1.96874558760737,189,0.01585395929779155,109,0.006355764762504984,0.005578259551929349,-0.001339112181036299,-
DOGEUSDT,ema20>ema50 & >sma200 & <lower_bb,3,17,0.22223988557664645,0.9643771618692141,11,0.3488664609385371,6,-0.009908835920153184,0.005578259551929349,-0.001339112181036299,-
DOGEUSDT,ema20>ema50 & >sma200 & >upper_bb,3,78,0.03033143021496876,1.4949186473182248,52,0.03109617832610278,26,0.02880193399270072,0.005578259551929349,-0.001339112181036299,-
DOGEUSDT,ema20>ema50 & >sma200 & stoch<20,3,49,0.09116069776999566,1.1412041233759789,32,0.13441055824586917,17,0.009749195697763176,0.005578259551929349,-0.001339112181036299,-
DOGEUSDT,ema20>ema50 & >sma200 & dip>3%,3,163,0.03190874663033507,1.2867870971060018,110,0.047223805580312334,53,0.00012277522472186784,0.005578259551929349,-0.001339112181036299,-
DOGEUSDT,ema20>ema50 & >sma200 & pop>3%,3,178,0.01586842278956582,1.5882242044768895,111,0.016391649726479565,67,0.015001584132887826,0.005578259551929349,-0.001339112181036299,-
DOGEUSDT,ema20>ema50 & >sma200 & vol>1.5x,3,131,0.016334795751602092,1.2874891142580074,83,0.020057763814183036,48,0.00989716347672255,0.005578259551929349,-0.001339112181036299,-
DOGEUSDT,ema20>ema50 & >sma200 & 20d_high,3,87,0.03193196144241786,1.7149428852448159,56,0.036613188161914396,31,0.02347555188461768,0.005578259551929349,-0.001339112181036299,-
DOGEUSDT,ema20>ema50 & >sma200 & 20d_low,3,29,0.1448814833205259,1.0736743274337959,18,0.23851553831972985,11,-0.00833787940544428,0.005578259551929349,-0.001339112181036299,-
DOGEUSDT,ema20>ema50 & >sma200 & adx>25,3,381,0.007442900885121648,1.366587362295927,254,0.009818960156799502,127,0.002690782341765946,0.005578259551929349,-0.001339112181036299,-
DOGEUSDT,ema20>ema50 & >sma200 & btc>ema50,3,506,0.014074167386725117,1.6047469092451596,308,0.024257557160458923,198,-0.0017666611501941432,0.005578259551929349,-0.001339112181036299,-
DOGEUSDT,ema20>ema50 & >sma200 & funding<0,3,46,-0.010310102359167387,-0.6655189634690591,30,-0.011198751974828884,16,-0.008643884329802082,0.005578259551929349,-0.001339112181036299,-
DOGEUSDT,ema20>ema50 & macd>signal & macd_hist_up,3,185,0.021401625117431704,2.212561438381418,106,0.028988454190928478,79,0.011221829145398054,0.005578259551929349,-0.001339112181036299,-
DOGEUSDT,ema20>ema50 & macd>signal & <lower_bb,3,0,,,0,,0,,0.005578259551929349,-0.001339112181036299,-
DOGEUSDT,ema20>ema50 & macd>signal & >upper_bb,3,93,0.026049586120718816,1.515787557674428,56,0.026109810222660988,37,0.02595843612859012,0.005578259551929349,-0.001339112181036299,-
DOGEUSDT,ema20>ema50 & macd>signal & stoch<20,3,2,0.03071357122789898,3.4859017401122885,1,,1,,0.005578259551929349,-0.001339112181036299,-
DOGEUSDT,ema20>ema50 & macd>signal & dip>3%,3,106,0.007028206679040018,0.8370091418709126,71,0.012603909592444907,35,-0.0042825049452956095,0.005578259551929349,-0.001339112181036299,-
DOGEUSDT,ema20>ema50 & macd>signal & pop>3%,3,132,0.023742626264333638,1.8172704662526873,77,0.029448474246267935,55,0.01575443908962561,0.005578259551929349,-0.001339112181036299,-
DOGEUSDT,ema20>ema50 & macd>signal & vol>1.5x,3,155,0.017539435071233626,1.5871560949845387,91,0.023706180907660638,64,0.00877109333506396,0.005578259551929349,-0.001339112181036299,-
DOGEUSDT,ema20>ema50 & macd>signal & 20d_high,3,103,0.03058467086803674,1.919088268878818,63,0.03444227237875024,40,0.024508948488662963,0.005578259551929349,-0.001339112181036299,-
DOGEUSDT,ema20>ema50 & macd>signal & 20d_low,3,0,,,0,,0,,0.005578259551929349,-0.001339112181036299,-
DOGEUSDT,ema20>ema50 & macd>signal & adx>25,3,270,0.012167022644103036,1.7355967395532526,169,0.015344858884484315,101,0.006849653093366055,0.005578259551929349,-0.001339112181036299,-
DOGEUSDT,ema20>ema50 & macd>signal & btc>ema50,3,357,0.011822338300589976,2.10575298831095,199,0.019760550283457672,158,0.0018242105500161066,0.005578259551929349,-0.001339112181036299,-
DOGEUSDT,ema20>ema50 & macd>signal & funding<0,3,21,-0.012368423060822505,-0.4242253079393329,12,-0.020824196746380592,9,-0.0010940581467450495,0.005578259551929349,-0.001339112181036299,-
DOGEUSDT,ema20>ema50 & macd_hist_up & <lower_bb,3,0,,,0,,0,,0.005578259551929349,-0.001339112181036299,-
DOGEUSDT,ema20>ema50 & macd_hist_up & >upper_bb,3,96,0.021791286764490308,1.2950908652165907,58,0.021485283582295553,38,0.022258344253103364,0.005578259551929349,-0.001339112181036299,-
DOGEUSDT,ema20>ema50 & macd_hist_up & stoch<20,3,20,-0.0004450594340772142,-0.049016640393709274,8,-0.010136002782749802,12,0.0060155694650378426,0.005578259551929349,-0.001339112181036299,-
DOGEUSDT,ema20>ema50 & macd_hist_up & dip>3%,3,27,0.01956168796848929,1.0751299025080492,20,0.0319488048859634,7,-0.015830074652865306,0.005578259551929349,-0.001339112181036299,-
DOGEUSDT,ema20>ema50 & macd_hist_up & pop>3%,3,172,0.015291050691145273,1.5244608715624468,100,0.016305234020556777,72,0.013882462733629305,0.005578259551929349,-0.001339112181036299,-
DOGEUSDT,ema20>ema50 & macd_hist_up & vol>1.5x,3,109,0.019935525094367284,1.3354023203295915,70,0.022413902158674278,39,0.01548715600458551,0.005578259551929349,-0.001339112181036299,-
DOGEUSDT,ema20>ema50 & macd_hist_up & 20d_high,3,105,0.026738789286633466,1.6942906020726862,64,0.03177804650323887,41,0.018872631680225023,0.005578259551929349,-0.001339112181036299,-
DOGEUSDT,ema20>ema50 & macd_hist_up & 20d_low,3,11,0.00017609285361038895,0.01368412292301043,2,0.03616755740281488,9,-0.007822010379546166,0.005578259551929349,-0.001339112181036299,-
DOGEUSDT,ema20>ema50 & macd_hist_up & adx>25,3,212,0.012656868284125933,1.5483211175409446,123,0.015414883469524718,89,0.00884522932003548,0.005578259551929349,-0.001339112181036299,-
DOGEUSDT,ema20>ema50 & macd_hist_up & btc>ema50,3,304,0.013150366252702854,2.1674317941172254,172,0.01810635876014989,132,0.006692557833908235,0.005578259551929349,-0.001339112181036299,-
DOGEUSDT,ema20>ema50 & macd_hist_up & funding<0,3,19,-0.04681248049354158,-1.9003521557928666,12,-0.08236892889124132,7,0.014141431045372252,0.005578259551929349,-0.001339112181036299,-
DOGEUSDT,ema20>ema50 & <lower_bb & >upper_bb,3,0,,,0,,0,,0.005578259551929349,-0.001339112181036299,-
DOGEUSDT,ema20>ema50 & <lower_bb & stoch<20,3,13,0.287728620455625,0.9532144004471804,7,0.5438049199243578,6,-0.011027062257896634,0.005578259551929349,-0.001339112181036299,-
DOGEUSDT,ema20>ema50 & <lower_bb & dip>3%,3,20,0.1923076169126616,0.9819669960879106,12,0.31702891005704587,8,0.005225677196085191,0.005578259551929349,-0.001339112181036299,-
DOGEUSDT,ema20>ema50 & <lower_bb & pop>3%,3,0,,,0,,0,,0.005578259551929349,-0.001339112181036299,-
DOGEUSDT,ema20>ema50 & <lower_bb & vol>1.5x,3,6,0.032850732323755384,1.4992617268522686,3,0.0205756232238094,3,0.04512584142370137,0.005578259551929349,-0.001339112181036299,-
DOGEUSDT,ema20>ema50 & <lower_bb & 20d_high,3,0,,,0,,0,,0.005578259551929349,-0.001339112181036299,-
DOGEUSDT,ema20>ema50 & <lower_bb & 20d_low,3,26,0.1494113944670193,0.9923127292782379,15,0.2552113124378143,11,0.005138779052298838,0.005578259551929349,-0.001339112181036299,-
DOGEUSDT,ema20>ema50 & <lower_bb & adx>25,3,13,-0.015366748380856608,-1.1462054994198299,7,-0.013757526430165019,6,-0.01724417398999679,0.005578259551929349,-0.001339112181036299,-
DOGEUSDT,ema20>ema50 & <lower_bb & btc>ema50,3,20,0.1880735254462366,0.9605913380784045,11,0.34851506870617693,9,-0.008021694093690492,0.005578259551929349,-0.001339112181036299,-
DOGEUSDT,ema20>ema50 & <lower_bb & funding<0,3,4,-0.019302769323544106,-0.7870695783788212,2,-0.044823575161556245,2,0.006218036514468041,0.005578259551929349,-0.001339112181036299,-
DOGEUSDT,ema20>ema50 & >upper_bb & stoch<20,3,0,,,0,,0,,0.005578259551929349,-0.001339112181036299,-
DOGEUSDT,ema20>ema50 & >upper_bb & dip>3%,3,5,0.014793910649745317,0.36022320472676966,4,0.019734929469239423,1,,0.005578259551929349,-0.001339112181036299,-
DOGEUSDT,ema20>ema50 & >upper_bb & pop>3%,3,73,0.0218789297989946,1.0157518893889614,47,0.018816380129631306,26,0.027415077278228263,0.005578259551929349,-0.001339112181036299,-
DOGEUSDT,ema20>ema50 & >upper_bb & vol>1.5x,3,83,0.024534170752080236,1.2888698509074068,54,0.026321839877536453,29,0.02120540755295487,0.005578259551929349,-0.001339112181036299,-
DOGEUSDT,ema20>ema50 & >upper_bb & 20d_high,3,84,0.021588068170588438,1.1457927270632264,51,0.01979141520436661,33,0.024364713663840343,0.005578259551929349,-0.001339112181036299,-
DOGEUSDT,ema20>ema50 & >upper_bb & 20d_low,3,0,,,0,,0,,0.005578259551929349,-0.001339112181036299,-
DOGEUSDT,ema20>ema50 & >upper_bb & adx>25,3,68,0.028157157315503657,1.2640695650256224,43,0.024794984716204817,25,0.033940094186297676,0.005578259551929349,-0.001339112181036299,-
DOGEUSDT,ema20>ema50 & >upper_bb & btc>ema50,3,88,0.02643387906322546,1.4795422452508795,51,0.028914023281926837,37,0.023015301896907335,0.005578259551929349,-0.001339112181036299,-
DOGEUSDT,ema20>ema50 & >upper_bb & funding<0,3,3,-0.21947972930720436,-2.1260897446642746,3,-0.21947972930720436,0,,0.005578259551929349,-0.001339112181036299,-
DOGEUSDT,ema20>ema50 & stoch<20 & dip>3%,3,44,0.10842581644210453,1.2205675151126698,25,0.18407055957007565,19,0.008893259694774027,0.005578259551929349,-0.001339112181036299,-
DOGEUSDT,ema20>ema50 & stoch<20 & pop>3%,3,5,0.01653771389164007,1.2753798126156108,2,-6.435865576056438e-05,3,0.027605762256573834,0.005578259551929349,-0.001339112181036299,-
DOGEUSDT,ema20>ema50 & stoch<20 & vol>1.5x,3,1,,,1,,0,,0.005578259551929349,-0.001339112181036299,-
DOGEUSDT,ema20>ema50 & stoch<20 & 20d_high,3,0,,,0,,0,,0.005578259551929349,-0.001339112181036299,-
DOGEUSDT,ema20>ema50 & stoch<20 & 20d_low,3,26,0.15241851595858946,1.012188734889016,12,0.3390436801212417,14,-0.007545910466541091,0.005578259551929349,-0.001339112181036299,-
DOGEUSDT,ema20>ema50 & stoch<20 & adx>25,3,58,0.012954326546673799,1.6316633177428395,33,0.02913284310366763,25,-0.008401315308558055,0.005578259551929349,-0.001339112181036299,-
DOGEUSDT,ema20>ema50 & stoch<20 & btc>ema50,3,51,0.0840596024768145,1.0949165622886896,24,0.18520389040580296,27,-0.0058464312378419215,0.005578259551929349,-0.001339112181036299,-
DOGEUSDT,ema20>ema50 & stoch<20 & funding<0,3,18,0.017078505284060498,1.2629279781668805,10,0.020544769671709137,8,0.012745674799499694,0.005578259551929349,-0.001339112181036299,-
DOGEUSDT,ema20>ema50 & dip>3% & pop>3%,3,0,,,0,,0,,0.005578259551929349,-0.001339112181036299,-
DOGEUSDT,ema20>ema50 & dip>3% & vol>1.5x,3,53,0.004768001624449297,0.4190110117039599,33,0.011881387058345606,20,-0.006969084341479611,0.005578259551929349,-0.001339112181036299,-
DOGEUSDT,ema20>ema50 & dip>3% & 20d_high,3,0,,,0,,0,,0.005578259551929349,-0.001339112181036299,-
DOGEUSDT,ema20>ema50 & dip>3% & 20d_low,3,32,0.13314335462795368,1.088278335051984,18,0.23575825652288074,14,0.0012099093344760659,0.005578259551929349,-0.001339112181036299,-
DOGEUSDT,ema20>ema50 & dip>3% & adx>25,3,148,0.009999838982083384,1.3864817821259168,100,0.01702024944548979,48,-0.004626016150013296,0.005578259551929349,-0.001339112181036299,-
DOGEUSDT,ema20>ema50 & dip>3% & btc>ema50,3,152,0.03237881000587125,1.2239112241991752,90,0.05940463004550946,62,-0.006852219083926128,0.005578259551929349,-0.001339112181036299,-
DOGEUSDT,ema20>ema50 & dip>3% & funding<0,3,26,0.029940320987173086,1.4831208429078904,18,0.046160442692989086,8,-0.006554952850912919,0.005578259551929349,-0.001339112181036299,-
DOGEUSDT,ema20>ema50 & pop>3% & vol>1.5x,3,82,0.01956178219033558,1.0175960377993152,54,0.021291639389769013,28,0.016225629019999667,0.005578259551929349,-0.001339112181036299,-
DOGEUSDT,ema20>ema50 & pop>3% & 20d_high,3,88,0.025009861794132202,1.358113290158249,55,0.02729684837114945,33,0.02119821749910343,0.005578259551929349,-0.001339112181036299,-
DOGEUSDT,ema20>ema50 & pop>3% & 20d_low,3,0,,,0,,0,,0.005578259551929349,-0.001339112181036299,-
DOGEUSDT,ema20>ema50 & pop>3% & adx>25,3,133,0.012958507092927478,1.0166010020395913,85,0.009814917270876121,48,0.018525280736143426,0.005578259551929349,-0.001339112181036299,-
DOGEUSDT,ema20>ema50 & pop>3% & btc>ema50,3,174,0.01589059606367479,1.5879985456403731,93,0.019450877238450296,81,0.01180286582596958,0.005578259551929349,-0.001339112181036299,-
DOGEUSDT,ema20>ema50 & pop>3% & funding<0,3,13,-0.06654839953444912,-1.9494156862667147,8,-0.11818241502648917,5,0.016066025252814954,0.005578259551929349,-0.001339112181036299,-
DOGEUSDT,ema20>ema50 & vol>1.5x & 20d_high,3,82,0.024896830244713175,1.29919988688144,53,0.029034553483333198,29,0.017334784325855876,0.005578259551929349,-0.001339112181036299,-
DOGEUSDT,ema20>ema50 & vol>1.5x & 20d_low,3,6,0.032850732323755384,1.4992617268522686,3,0.0205756232238094,3,0.04512584142370137,0.005578259551929349,-0.001339112181036299,-
DOGEUSDT,ema20>ema50 & vol>1.5x & adx>25,3,118,0.016535106133693803,1.224330288696128,76,0.01578107670241796,42,0.017899540342669145,0.005578259551929349,-0.001339112181036299,-
DOGEUSDT,ema20>ema50 & vol>1.5x & btc>ema50,3,148,0.01887916184729804,1.6641823299934346,83,0.02579600990536469,65,0.010046878942382152,0.005578259551929349,-0.001339112181036299,-
DOGEUSDT,ema20>ema50 & vol>1.5x & funding<0,3,8,-0.047788589178767965,-0.6529714335895358,8,-0.047788589178767965,0,,0.005578259551929349,-0.001339112181036299,-
DOGEUSDT,ema20>ema50 & 20d_high & 20d_low,3,0,,,0,,0,,0.005578259551929349,-0.001339112181036299,-
DOGEUSDT,ema20>ema50 & 20d_high & adx>25,3,79,0.027850578537240142,1.412022610378973,50,0.026039053626115673,29,0.030973897349523737,0.005578259551929349,-0.001339112181036299,-
DOGEUSDT,ema20>ema50 & 20d_high & btc>ema50,3,99,0.029711794470869607,1.8204286412469615,57,0.03650012601622385,42,0.020499058802174563,0.005578259551929349,-0.001339112181036299,-
DOGEUSDT,ema20>ema50 & 20d_high & funding<0,3,3,-0.21947972930720436,-2.1260897446642746,3,-0.21947972930720436,0,,0.005578259551929349,-0.001339112181036299,-
DOGEUSDT,ema20>ema50 & 20d_low & adx>25,3,32,0.019090434458979302,1.5384322641066825,15,0.04098868078533719,17,-0.00023154759368940875,0.005578259551929349,-0.001339112181036299,-
DOGEUSDT,ema20>ema50 & 20d_low & btc>ema50,3,30,0.12346740251320022,0.945220827986823,14,0.2794792044510446,16,-0.013042924182413682,0.005578259551929349,-0.001339112181036299,-
DOGEUSDT,ema20>ema50 & 20d_low & funding<0,3,8,0.045966918371256396,1.2773556252905962,4,0.07691984535166618,4,0.015013991390846616,0.005578259551929349,-0.001339112181036299,-
DOGEUSDT,ema20>ema50 & adx>25 & btc>ema50,3,398,0.008138897326371344,1.6364468942259136,211,0.01413569755442448,187,0.0013724542883006919,0.005578259551929349,-0.001339112181036299,-
DOGEUSDT,ema20>ema50 & adx>25 & funding<0,3,49,-0.004551164907731355,-0.3008328158197747,32,-0.00854880718672657,17,0.002973808793906692,0.005578259551929349,-0.001339112181036299,-
DOGEUSDT,ema20>ema50 & btc>ema50 & funding<0,3,40,-0.015400877136946513,-0.9866968801008544,14,-0.04163531840697724,26,-0.0012746395300068899,0.005578259551929349,-0.001339112181036299,-
DOGEUSDT,>sma200 & macd>signal & macd_hist_up,3,223,0.014952916333644945,1.8721341804329814,147,0.019463252711440508,76,0.006228976234487735,0.005578259551929349,-0.001339112181036299,-
DOGEUSDT,>sma200 & macd>signal & <lower_bb,3,0,,,0,,0,,0.005578259551929349,-0.001339112181036299,-
DOGEUSDT,>sma200 & macd>signal & >upper_bb,3,95,0.026045907419097444,1.5634983574868646,66,0.024390287006376937,29,0.02981387111701309,0.005578259551929349,-0.001339112181036299,-
DOGEUSDT,>sma200 & macd>signal & stoch<20,3,9,-0.013326246380122928,-0.6474093429730402,6,-0.008867939548168393,3,-0.022242860044032,0.005578259551929349,-0.001339112181036299,-
DOGEUSDT,>sma200 & macd>signal & dip>3%,3,101,0.006657485034344951,0.8017056300274691,71,0.00921076991490931,30,0.0006147108170093029,0.005578259551929349,-0.001339112181036299,-
DOGEUSDT,>sma200 & macd>signal & pop>3%,3,134,0.022970870383972396,1.8029627286391297,82,0.027277243067259063,52,0.016180051921866508,0.005578259551929349,-0.001339112181036299,-
DOGEUSDT,>sma200 & macd>signal & vol>1.5x,3,146,0.014181908283541942,1.24310902632917,95,0.01887229028033025,51,0.005444922211093139,0.005578259551929349,-0.001339112181036299,-
DOGEUSDT,>sma200 & macd>signal & 20d_high,3,101,0.02919599407839081,1.82225793880381,68,0.03041887476273848,33,0.026676118728825915,0.005578259551929349,-0.001339112181036299,-
DOGEUSDT,>sma200 & macd>signal & 20d_low,3,3,0.01263147317862149,0.9712742842999884,2,0.004897109199475121,1,,0.005578259551929349,-0.001339112181036299,-
DOGEUSDT,>sma200 & macd>signal & adx>25,3,261,0.011005208790013432,1.5339401853057337,178,0.015009945572802547,83,0.002416737135357251,0.005578259551929349,-0.001339112181036299,-
DOGEUSDT,>sma200 & macd>signal & btc>ema50,3,360,0.012084003738836242,2.197885885379672,234,0.018169729191275782,126,0.0007819421843056558,0.005578259551929349,-0.001339112181036299,-
DOGEUSDT,>sma200 & macd>signal & funding<0,3,20,-0.018429591525040905,-0.6090530426067498,13,-0.022874013195357253,7,-0.010175665565881984,0.005578259551929349,-0.001339112181036299,-
DOGEUSDT,>sma200 & macd_hist_up & <lower_bb,3,0,,,0,,0,,0.005578259551929349,-0.001339112181036299,-
DOGEUSDT,>sma200 & macd_hist_up & >upper_bb,3,97,0.023453634346559404,1.4286600892023675,67,0.022761870512877445,30,0.024998573575115767,0.005578259551929349,-0.001339112181036299,-
DOGEUSDT,>sma200 & macd_hist_up & stoch<20,3,18,-0.01597318719528038,-1.531075878087352,12,-0.015383682145507597,6,-0.01715219729482595,0.005578259551929349,-0.001339112181036299,-
DOGEUSDT,>sma200 & macd_hist_up & dip>3%,3,31,0.01812278421474731,1.120952278788359,24,0.029223333280833808,7,-0.019936241154692145,0.005578259551929349,-0.001339112181036299,-
DOGEUSDT,>sma200 & macd_hist_up & pop>3%,3,179,0.015191479991646708,1.587210511810171,110,0.016085813952487493,69,0.013765730199001973,0.005578259551929349,-0.001339112181036299,-
DOGEUSDT,>sma200 & macd_hist_up & vol>1.5x,3,115,0.0174339032422816,1.2470381460187236,81,0.020138118326517462,34,0.010991508482778528,0.005578259551929349,-0.001339112181036299,-
DOGEUSDT,>sma200 & macd_hist_up & 20d_high,3,103,0.026980767219070213,1.7090717408088842,68,0.03034859715955915,35,0.020437554763263137,0.005578259551929349,-0.001339112181036299,-
DOGEUSDT,>sma200 & macd_hist_up & 20d_low,3,8,0.0038945633052445113,0.22146307524650774,3,0.008139955458978047,5,0.0013473280130043882,0.005578259551929349,-0.001339112181036299,-
DOGEUSDT,>sma200 & macd_hist_up & adx>25,3,232,0.012445509107529012,1.667329746530297,147,0.014365225619096426,85,0.009125528787524198,0.005578259551929349,-0.001339112181036299,-
DOGEUSDT,>sma200 & macd_hist_up & btc>ema50,3,302,0.011817276954293566,1.9617313871559714,195,0.016054436373109267,107,0.0040953509106574715,0.005578259551929349,-0.001339112181036299,-
DOGEUSDT,>sma200 & macd_hist_up & funding<0,3,35,-0.021205128529809474,-1.3517296851587732,23,-0.042122361487082996,12,0.018886234638298093,0.005578259551929349,-0.001339112181036299,-
DOGEUSDT,>sma200 & <lower_bb & >upper_bb,3,0,,,0,,0,,0.005578259551929349,-0.001339112181036299,-
DOGEUSDT,>sma200 & <lower_bb & stoch<20,3,11,0.377660416758936,1.067294687786736,7,0.5926131535830308,4,0.0014931273167700966,0.005578259551929349,-0.001339112181036299,-
DOGEUSDT,>sma200 & <lower_bb & dip>3%,3,14,0.281994103806948,1.010252105565327,7,0.5611439304054876,7,0.0028442772084084664,0.005578259551929349,-0.001339112181036299,-
DOGEUSDT,>sma200 & <lower_bb & pop>3%,3,1,,,1,,0,,0.005578259551929349,-0.001339112181036299,-
DOGEUSDT,>sma200 & <lower_bb & vol>1.5x,3,5,0.07739456513437748,1.9284567749709802,4,0.08170259797447052,1,,0.005578259551929349,-0.001339112181036299,-
DOGEUSDT,>sma200 & <lower_bb & 20d_high,3,0,,,0,,0,,0.005578259551929349,-0.001339112181036299,-
DOGEUSDT,>sma200 & <lower_bb & 20d_low,3,19,0.20991718677268328,1.0209051941982066,10,0.39518302787210774,9,0.004066252217767157,0.005578259551929349,-0.001339112181036299,-
DOGEUSDT,>sma200 & <lower_bb & adx>25,3,10,0.022054398140533133,0.7822621679482157,6,0.052552812568557324,4,-0.02369322350150313,0.005578259551929349,-0.001339112181036299,-
DOGEUSDT,>sma200 & <lower_bb & btc>ema50,3,15,0.25600909152033535,0.9814944402464921,9,0.4335212134128886,6,-0.010259091318494435,0.005578259551929349,-0.001339112181036299,-
DOGEUSDT,>sma200 & <lower_bb & funding<0,3,5,0.05626437550832455,1.2125163300109765,3,0.1012234119207464,2,-0.011174179110308234,0.005578259551929349,-0.001339112181036299,-
DOGEUSDT,>sma200 & >upper_bb & stoch<20,3,0,,,0,,0,,0.005578259551929349,-0.001339112181036299,-
DOGEUSDT,>sma200 & >upper_bb & dip>3%,3,4,0.019734929469239423,0.3749436607145482,4,0.019734929469239423,0,,0.005578259551929349,-0.001339112181036299,-
DOGEUSDT,>sma200 & >upper_bb & pop>3%,3,71,0.02659639060482093,1.2206971047483535,49,0.02367450912748077,22,0.03310421753162402,0.005578259551929349,-0.001339112181036299,-
DOGEUSDT,>sma200 & >upper_bb & vol>1.5x,3,81,0.026981462971928463,1.405171053029758,58,0.028761573699483445,23,0.022492488093746325,0.005578259551929349,-0.001339112181036299,-
DOGEUSDT,>sma200 & >upper_bb & 20d_high,3,83,0.02392268639143608,1.2737998158093446,56,0.02295822291386335,27,0.025923055085660993,0.005578259551929349,-0.001339112181036299,-
DOGEUSDT,>sma200 & >upper_bb & 20d_low,3,0,,,0,,0,,0.005578259551929349,-0.001339112181036299,-
DOGEUSDT,>sma200 & >upper_bb & adx>25,3,65,0.033519666143955656,1.46270277134821,44,0.03229224767041678,21,0.036091400088513304,0.005578259551929349,-0.001339112181036299,-
DOGEUSDT,>sma200 & >upper_bb & btc>ema50,3,90,0.02642145614612498,1.5279667223879074,61,0.02659384848082183,29,0.026058837786935053,0.005578259551929349,-0.001339112181036299,-
DOGEUSDT,>sma200 & >upper_bb & funding<0,3,3,-0.21947972930720436,-2.1260897446642746,3,-0.21947972930720436,0,,0.005578259551929349,-0.001339112181036299,-
DOGEUSDT,>sma200 & stoch<20 & dip>3%,3,41,0.10414931388247138,1.0893827398731548,25,0.16677494889719843,16,0.006296759171960435,0.005578259551929349,-0.001339112181036299,-
DOGEUSDT,>sma200 & stoch<20 & pop>3%,3,5,0.04107877586216198,0.8641518899565477,4,0.05350374902880438,1,,0.005578259551929349,-0.001339112181036299,-
DOGEUSDT,>sma200 & stoch<20 & vol>1.5x,3,2,0.15023650551958972,1.8739079287766915,2,0.15023650551958972,0,,0.005578259551929349,-0.001339112181036299,-
DOGEUSDT,>sma200 & stoch<20 & 20d_high,3,0,,,0,,0,,0.005578259551929349,-0.001339112181036299,-
DOGEUSDT,>sma200 & stoch<20 & 20d_low,3,25,0.13980016874626508,0.8889075360851194,14,0.2651453231890542,11,-0.019730027817284678,0.005578259551929349,-0.001339112181036299,-
DOGEUSDT,>sma200 & stoch<20 & adx>25,3,34,0.00440466396507589,0.3254093309108501,22,0.02861953329160978,12,-0.03998926313356956,0.005578259551929349,-0.001339112181036299,-
DOGEUSDT,>sma200 & stoch<20 & btc>ema50,3,31,0.13461069531438388,1.066272180754884,22,0.19850638414677946,9,-0.021578766275916608,0.005578259551929349,-0.001339112181036299,-
DOGEUSDT,>sma200 & stoch<20 & funding<0,3,10,0.043027373342956955,1.8487629019398284,6,0.05622607785571781,4,0.023229316573815696,0.005578259551929349,-0.001339112181036299,-
DOGEUSDT,>sma200 & dip>3% & pop>3%,3,0,,,0,,0,,0.005578259551929349,-0.001339112181036299,-
DOGEUSDT,>sma200 & dip>3% & vol>1.5x,3,41,0.00163539500835957,0.1310368599922574,28,0.0069362121542483,13,-0.009781749613554623,0.005578259551929349,-0.001339112181036299,-
DOGEUSDT,>sma200 & dip>3% & 20d_high,3,0,,,0,,0,,0.005578259551929349,-0.001339112181036299,-
DOGEUSDT,>sma200 & dip>3% & 20d_low,3,30,0.13141540531005147,1.0041537637029443,14,0.29825809937834996,16,-0.01457195199970968,0.005578259551929349,-0.001339112181036299,-
DOGEUSDT,>sma200 & dip>3% & adx>25,3,125,0.009821202388500504,1.1939514541225071,92,0.015920632643204598,33,-0.007183269836735163,0.005578259551929349,-0.001339112181036299,-
DOGEUSDT,>sma200 & dip>3% & btc>ema50,3,127,0.036852522151888514,1.16681934777452,83,0.060885330403012715,44,-0.008482093412732128,0.005578259551929349,-0.001339112181036299,-
DOGEUSDT,>sma200 & dip>3% & funding<0,3,24,0.030994896802417946,1.5467858767644456,18,0.04531475813706662,6,-0.011964687201528086,0.005578259551929349,-0.001339112181036299,-
DOGEUSDT,>sma200 & pop>3% & vol>1.5x,3,87,0.020764031657974764,1.1450452893907361,59,0.024784866430888196,28,0.012291558386478616,0.005578259551929349,-0.001339112181036299,-
DOGEUSDT,>sma200 & pop>3% & 20d_high,3,84,0.028591281899408055,1.5072042210342396,54,0.030746470330667533,30,0.024711942723140985,0.005578259551929349,-0.001339112181036299,-
DOGEUSDT,>sma200 & pop>3% & 20d_low,3,0,,,0,,0,,0.005578259551929349,-0.001339112181036299,-
DOGEUSDT,>sma200 & pop>3% & adx>25,3,138,0.01822871219122259,1.4821707463044071,92,0.015775393219506727,46,0.023135350134654308,0.005578259551929349,-0.001339112181036299,-
DOGEUSDT,>sma200 & pop>3% & btc>ema50,3,165,0.016954932634951122,1.6228066959852099,95,0.020682250296304543,70,0.01189643009454291,0.005578259551929349,-0.001339112181036299,-
DOGEUSDT,>sma200 & pop>3% & funding<0,3,23,-0.02646354663589916,-1.0442662552012305,15,-0.04419850225641873,8,0.0067894951525749765,0.005578259551929349,-0.001339112181036299,-
DOGEUSDT,>sma200 & vol>1.5x & 20d_high,3,75,0.025227372844099514,1.2296828791225378,53,0.028569684170354742,22,0.01717544101266646,0.005578259551929349,-0.001339112181036299,-
DOGEUSDT,>sma200 & vol>1.5x & 20d_low,3,4,0.03914087204310292,2.498030812155166,3,0.03213368479946879,1,,0.005578259551929349,-0.001339112181036299,-
DOGEUSDT,>sma200 & vol>1.5x & adx>25,3,116,0.0191841495545652,1.405321910166275,77,0.02228890907250666,39,0.013054239737091035,0.005578259551929349,-0.001339112181036299,-
DOGEUSDT,>sma200 & vol>1.5x & btc>ema50,3,138,0.01597907311433333,1.3479858068239357,87,0.022006027229439094,51,0.005697798447388219,0.005578259551929349,-0.001339112181036299,-
DOGEUSDT,>sma200 & vol>1.5x & funding<0,3,14,-0.008551091738485523,-0.18027763416658218,11,-0.0026384243642137233,3,-0.030230872110815456,0.005578259551929349,-0.001339112181036299,-
DOGEUSDT,>sma200 & 20d_high & 20d_low,3,0,,,0,,0,,0.005578259551929349,-0.001339112181036299,-
DOGEUSDT,>sma200 & 20d_high & adx>25,3,73,0.03148092952541996,1.5048081487002989,49,0.030938369291484327,24,0.03258865666970523,0.005578259551929349,-0.001339112181036299,-
DOGEUSDT,>sma200 & 20d_high & btc>ema50,3,98,0.02899860966297488,1.783236787826978,63,0.03303094125040428,35,0.021740412805601957,0.005578259551929349,-0.001339112181036299,-
DOGEUSDT,>sma200 & 20d_high & funding<0,3,3,-0.21947972930720436,-2.1260897446642746,3,-0.21947972930720436,0,,0.005578259551929349,-0.001339112181036299,-
DOGEUSDT,>sma200 & 20d_low & adx>25,3,26,0.011113246431406341,0.7888582418668381,13,0.03144112249509574,13,-0.009214629632283053,0.005578259551929349,-0.001339112181036299,-
DOGEUSDT,>sma200 & 20d_low & btc>ema50,3,24,0.14835258935372747,0.9064062474127867,13,0.295374049629471,11,-0.025400045517605826,0.005578259551929349,-0.001339112181036299,-
DOGEUSDT,>sma200 & 20d_low & funding<0,3,10,0.01850424908301828,0.3772278842012597,5,0.02143355758954375,5,0.015574940576492802,0.005578259551929349,-0.001339112181036299,-
DOGEUSDT,>sma200 & adx>25 & btc>ema50,3,337,0.009250448029849541,1.6045958786492658,215,0.013637347238464239,122,0.0015194371294219983,0.005578259551929349,-0.001339112181036299,-
DOGEUSDT,>sma200 & adx>25 & funding<0,3,51,0.0022985149152940556,0.1501846724725378,36,-0.0019598710780483527,15,0.012518641299315831,0.005578259551929349,-0.001339112181036299,-
DOGEUSDT,>sma200 & btc>ema50 & funding<0,3,28,-0.02712653647175692,-1.236940797955635,13,-0.0432740752099103,15,-0.013132002898690662,0.005578259551929349,-0.001339112181036299,-
DOGEUSDT,macd>signal & macd_hist_up & <lower_bb,3,0,,,0,,0,,0.005578259551929349,-0.001339112181036299,-
DOGEUSDT,macd>signal & macd_hist_up & >upper_bb,3,147,0.01931512300700121,1.7324873379450847,85,0.015630746337846647,62,0.024366284569551807,0.005578259551929349,-0.001339112181036299,-
DOGEUSDT,macd>signal & macd_hist_up & stoch<20,3,2,0.02299576185504946,1.1283251708014348,0,,2,0.02299576185504946,0.005578259551929349,-0.001339112181036299,-
DOGEUSDT,macd>signal & macd_hist_up & dip>3%,3,38,0.019036427225716364,1.3337031697003474,25,0.03429913620963951,13,-0.01031493620490507,0.005578259551929349,-0.001339112181036299,-
DOGEUSDT,macd>signal & macd_hist_up & pop>3%,3,242,0.011437151245522857,1.5766005548591697,131,0.014244782890883937,111,0.008123640024421046,0.005578259551929349,-0.001339112181036299,-
DOGEUSDT,macd>signal & macd_hist_up & vol>1.5x,3,189,0.012804675866335182,1.4239481819579467,125,0.01416803301290327,64,0.010141868939444371,0.005578259551929349,-0.001339112181036299,-
DOGEUSDT,macd>signal & macd_hist_up & 20d_high,3,162,0.022412058217019897,2.1492692270921503,98,0.021335375052523545,64,0.024060729312654936,0.005578259551929349,-0.001339112181036299,-
DOGEUSDT,macd>signal & macd_hist_up & 20d_low,3,1,,,0,,1,,0.005578259551929349,-0.001339112181036299,-
DOGEUSDT,macd>signal & macd_hist_up & adx>25,3,323,0.007740302063544789,1.4246804531716801,161,0.016013215061143157,162,-0.00048154356987087333,0.005578259551929349,-0.001339112181036299,-
DOGEUSDT,macd>signal & macd_hist_up & btc>ema50,3,368,0.013515562281808396,2.6768602782260897,220,0.01741512470919601,148,0.007718915430286263,0.005578259551929349,-0.001339112181036299,WEAK
DOGEUSDT,macd>signal & macd_hist_up & funding<0,3,40,-0.018169751891039688,-1.4259927897226534,14,-0.051450478968563404,26,-0.0002493603877576858,0.005578259551929349,-0.001339112181036299,-
DOGEUSDT,macd>signal & <lower_bb & >upper_bb,3,0,,,0,,0,,0.005578259551929349,-0.001339112181036299,-
DOGEUSDT,macd>signal & <lower_bb & stoch<20,3,6,-0.0189134747104401,-0.7619978921810256,4,-0.04819092333190529,2,0.039641422532490284,0.005578259551929349,-0.001339112181036299,-
DOGEUSDT,macd>signal & <lower_bb & dip>3%,3,6,-0.022254893720106656,-0.9125152549207951,4,-0.05320305184640513,2,0.039641422532490284,0.005578259551929349,-0.001339112181036299,-
DOGEUSDT,macd>signal & <lower_bb & pop>3%,3,0,,,0,,0,,0.005578259551929349,-0.001339112181036299,-
DOGEUSDT,macd>signal & <lower_bb & vol>1.5x,3,1,,,0,,1,,0.005578259551929349,-0.001339112181036299,-
DOGEUSDT,macd>signal & <lower_bb & 20d_high,3,0,,,0,,0,,0.005578259551929349,-0.001339112181036299,-
DOGEUSDT,macd>signal & <lower_bb & 20d_low,3,6,-0.015914078775061135,-0.6451090973752185,4,-0.04369182942883684,2,0.039641422532490284,0.005578259551929349,-0.001339112181036299,-
DOGEUSDT,macd>signal & <lower_bb & adx>25,3,5,-0.016159093124165087,-0.5348653194422511,3,-0.05335943689526867,2,0.039641422532490284,0.005578259551929349,-0.001339112181036299,-
DOGEUSDT,macd>signal & <lower_bb & btc>ema50,3,0,,,0,,0,,0.005578259551929349,-0.001339112181036299,-
DOGEUSDT,macd>signal & <lower_bb & funding<0,3,5,-0.020168795935764955,-0.6777094348165312,3,-0.06004227491460178,2,0.039641422532490284,0.005578259551929349,-0.001339112181036299,-
DOGEUSDT,macd>signal & >upper_bb & stoch<20,3,0,,,0,,0,,0.005578259551929349,-0.001339112181036299,-
DOGEUSDT,macd>signal & >upper_bb & dip>3%,3,5,0.014793910649745317,0.36022320472676966,4,0.019734929469239423,1,,0.005578259551929349,-0.001339112181036299,-
DOGEUSDT,macd>signal & >upper_bb & pop>3%,3,108,0.020306281062041673,1.3743105680854248,64,0.014212851967368878,44,0.02916945065429302,0.005578259551929349,-0.001339112181036299,-
DOGEUSDT,macd>signal & >upper_bb & vol>1.5x,3,118,0.02111425731803499,1.5527594750928662,74,0.019325927517124235,44,0.02412190289229397,0.005578259551929349,-0.001339112181036299,-
DOGEUSDT,macd>signal & >upper_bb & 20d_high,3,128,0.019272427241161322,1.5371251949726206,72,0.013919639344464059,56,0.026154583108343513,0.005578259551929349,-0.001339112181036299,-
DOGEUSDT,macd>signal & >upper_bb & 20d_low,3,0,,,0,,0,,0.005578259551929349,-0.001339112181036299,-
DOGEUSDT,macd>signal & >upper_bb & adx>25,3,82,0.027044736181532854,1.4734648973814068,50,0.023393988652776216,32,0.03274902919521509,0.005578259551929349,-0.001339112181036299,-
DOGEUSDT,macd>signal & >upper_bb & btc>ema50,3,137,0.021011486692291654,1.7943401752275234,79,0.018048011033978573,58,0.025047944916545675,0.005578259551929349,-0.001339112181036299,-
DOGEUSDT,macd>signal & >upper_bb & funding<0,3,3,-0.21947972930720436,-2.1260897446642746,3,-0.21947972930720436,0,,0.005578259551929349,-0.001339112181036299,-
DOGEUSDT,macd>signal & stoch<20 & dip>3%,3,25,-0.006030257606269082,-0.5804580072044865,11,-0.015261892725646192,14,0.0012231699875272198,0.005578259551929349,-0.001339112181036299,-
DOGEUSDT,macd>signal & stoch<20 & pop>3%,3,0,,,0,,0,,0.005578259551929349,-0.001339112181036299,-
DOGEUSDT,macd>signal & stoch<20 & vol>1.5x,3,3,0.005199280667408858,0.5545762476071,1,,2,-0.0031524663087936985,0.005578259551929349,-0.001339112181036299,-
DOGEUSDT,macd>signal & stoch<20 & 20d_high,3,0,,,0,,0,,0.005578259551929349,-0.001339112181036299,-
DOGEUSDT,macd>signal & stoch<20 & 20d_low,3,17,-0.0002590354721535436,-0.018456765498507766,6,-0.017250526137238098,11,0.009009050345165298,0.005578259551929349,-0.001339112181036299,-
DOGEUSDT,macd>signal & stoch<20 & adx>25,3,27,-0.007398829258946587,-0.720801314213253,6,-0.017434402080552847,21,-0.0045315227384876595,0.005578259551929349,-0.001339112181036299,-
DOGEUSDT,macd>signal & stoch<20 & btc>ema50,3,2,-0.004979382369438699,-2.3590486570550637,1,,1,,0.005578259551929349,-0.001339112181036299,-
DOGEUSDT,macd>signal & stoch<20 & funding<0,3,22,0.01230649492107875,1.2274828002548888,4,-0.024188526907755706,18,0.020416499771930847,0.005578259551929349,-0.001339112181036299,-
DOGEUSDT,macd>signal & dip>3% & pop>3%,3,0,,,0,,0,,0.005578259551929349,-0.001339112181036299,-
DOGEUSDT,macd>signal & dip>3% & vol>1.5x,3,57,0.008481266269904851,0.7706452478151476,37,0.021126511961872572,20,-0.014912438260235427,0.005578259551929349,-0.001339112181036299,-
DOGEUSDT,macd>signal & dip>3% & 20d_high,3,0,,,0,,0,,0.005578259551929349,-0.001339112181036299,-
DOGEUSDT,macd>signal & dip>3% & 20d_low,3,17,-0.011782531827932523,-0.7853886291944996,6,-0.02408282883898616,11,-0.005073278912812362,0.005578259551929349,-0.001339112181036299,-
DOGEUSDT,macd>signal & dip>3% & adx>25,3,125,0.00192845734960241,0.27592563430134726,73,0.00862403166189187,52,-0.007471098896496254,0.005578259551929349,-0.001339112181036299,-
DOGEUSDT,macd>signal & dip>3% & btc>ema50,3,120,0.012133162233847137,1.6350163032216565,78,0.02104121584548625,42,-0.004410365902054082,0.005578259551929349,-0.001339112181036299,-
DOGEUSDT,macd>signal & dip>3% & funding<0,3,27,0.022581053109656538,1.5116105409229608,12,0.02772106773853716,15,0.01846904140655204,0.005578259551929349,-0.001339112181036299,-
DOGEUSDT,macd>signal & pop>3% & vol>1.5x,3,130,0.013844944188919447,1.1108419665939722,84,0.014179277284410485,46,0.013234422884109729,0.005578259551929349,-0.001339112181036299,-
DOGEUSDT,macd>signal & pop>3% & 20d_high,3,126,0.02172822274020604,1.6627984244638685,75,0.018160845257072063,51,0.026974366097755994,0.005578259551929349,-0.001339112181036299,-
DOGEUSDT,macd>signal & pop>3% & 20d_low,3,0,,,0,,0,,0.005578259551929349,-0.001339112181036299,-
DOGEUSDT,macd>signal & pop>3% & adx>25,3,145,0.014607197167850318,1.2820915370777728,81,0.016910770816419087,64,0.011691736768880466,0.005578259551929349,-0.001339112181036299,-
DOGEUSDT,macd>signal & pop>3% & btc>ema50,3,192,0.017841844407517644,1.9680969857306496,108,0.020072264556245688,84,0.014974161359153002,0.005578259551929349,-0.001339112181036299,-
DOGEUSDT,macd>signal & pop>3% & funding<0,3,16,-0.0464801379755802,-1.6081040255250072,8,-0.09915045039340488,8,0.006190174442244491,0.005578259551929349,-0.001339112181036299,-
DOGEUSDT,macd>signal & vol>1.5x & 20d_high,3,118,0.02022376616839316,1.4929282458910014,74,0.019422821002639583,44,0.02157081031079691,0.005578259551929349,-0.001339112181036299,-
DOGEUSDT,macd>signal & vol>1.5x & 20d_low,3,3,-0.002574641569576451,-0.5989617240269483,0,,3,-0.002574641569576451,0.005578259551929349,-0.001339112181036299,-
DOGEUSDT,macd>signal & vol>1.5x & adx>25,3,154,0.010394237786353566,0.9934623370002815,100,0.011790894756240827,54,0.007807835990266044,0.005578259551929349,-0.001339112181036299,-
DOGEUSDT,macd>signal & vol>1.5x & btc>ema50,3,207,0.017695909393285456,2.115197948946637,127,0.021589458218928183,80,0.011514900632577625,0.005578259551929349,-0.001339112181036299,-
DOGEUSDT,macd>signal & vol>1.5x & funding<0,3,13,-0.038814239250194796,-0.8781043888517056,9,-0.048196127983824985,4,-0.017704989599526898,0.005578259551929349,-0.001339112181036299,-
DOGEUSDT,macd>signal & 20d_high & 20d_low,3,0,,,0,,0,,0.005578259551929349,-0.001339112181036299,-
DOGEUSDT,macd>signal & 20d_high & adx>25,3,97,0.027959725540073924,1.744341395164411,63,0.02443625217455807,34,0.03448851442323564,0.005578259551929349,-0.001339112181036299,-
DOGEUSDT,macd>signal & 20d_high & btc>ema50,3,153,0.023376331584100244,2.159133504103798,91,0.022122938596434317,62,0.02521598903373894,0.005578259551929349,-0.001339112181036299,-
DOGEUSDT,macd>signal & 20d_high & funding<0,3,3,-0.21947972930720436,-2.1260897446642746,3,-0.21947972930720436,0,,0.005578259551929349,-0.001339112181036299,-
DOGEUSDT,macd>signal & 20d_low & adx>25,3,17,-0.0144612580989784,-1.0394985226580096,5,-0.02530183742062621,12,-0.009944350048291814,0.005578259551929349,-0.001339112181036299,-
DOGEUSDT,macd>signal & 20d_low & btc>ema50,3,0,,,0,,0,,0.005578259551929349,-0.001339112181036299,-
DOGEUSDT,macd>signal & 20d_low & funding<0,3,14,0.006849898493835763,0.49706585080692584,4,-0.03333647232009454,10,0.022924446819407883,0.005578259551929349,-0.001339112181036299,-
DOGEUSDT,macd>signal & adx>25 & btc>ema50,3,340,0.011918641720343359,2.1552120724825397,201,0.017534401995894018,139,0.0037980099549787373,0.005578259551929349,-0.001339112181036299,-
DOGEUSDT,macd>signal & adx>25 & funding<0,3,71,-0.0024304042573366573,-0.25858454994971236,24,-0.01668738152081722,47,0.004849754345291713,0.005578259551929349,-0.001339112181036299,-
DOGEUSDT,macd>signal & btc>ema50 & funding<0,3,38,-0.005073399221151509,-0.3143666553856858,15,-0.026830601185284457,23,0.009116080320674333,0.005578259551929349,-0.001339112181036299,-
DOGEUSDT,macd_hist_up & <lower_bb & >upper_bb,3,0,,,0,,0,,0.005578259551929349,-0.001339112181036299,-
DOGEUSDT,macd_hist_up & <lower_bb & stoch<20,3,0,,,0,,0,,0.005578259551929349,-0.001339112181036299,-
DOGEUSDT,macd_hist_up & <lower_bb & dip>3%,3,0,,,0,,0,,0.005578259551929349,-0.001339112181036299,-
DOGEUSDT,macd_hist_up & <lower_bb & pop>3%,3,0,,,0,,0,,0.005578259551929349,-0.001339112181036299,-
DOGEUSDT,macd_hist_up & <lower_bb & vol>1.5x,3,0,,,0,,0,,0.005578259551929349,-0.001339112181036299,-
DOGEUSDT,macd_hist_up & <lower_bb & 20d_high,3,0,,,0,,0,,0.005578259551929349,-0.001339112181036299,-
DOGEUSDT,macd_hist_up & <lower_bb & 20d_low,3,0,,,0,,0,,0.005578259551929349,-0.001339112181036299,-
DOGEUSDT,macd_hist_up & <lower_bb & adx>25,3,0,,,0,,0,,0.005578259551929349,-0.001339112181036299,-
DOGEUSDT,macd_hist_up & <lower_bb & btc>ema50,3,0,,,0,,0,,0.005578259551929349,-0.001339112181036299,-
DOGEUSDT,macd_hist_up & <lower_bb & funding<0,3,0,,,0,,0,,0.005578259551929349,-0.001339112181036299,-
DOGEUSDT,macd_hist_up & >upper_bb & stoch<20,3,0,,,0,,0,,0.005578259551929349,-0.001339112181036299,-
DOGEUSDT,macd_hist_up & >upper_bb & dip>3%,3,5,0.014793910649745317,0.36022320472676966,4,0.019734929469239423,1,,0.005578259551929349,-0.001339112181036299,-
DOGEUSDT,macd_hist_up & >upper_bb & pop>3%,3,110,0.017973413000042068,1.2309317457086324,66,0.0105093878972081,44,0.02916945065429302,0.005578259551929349,-0.001339112181036299,-
DOGEUSDT,macd_hist_up & >upper_bb & vol>1.5x,3,120,0.018962328656935465,1.4089254180893376,76,0.01597520673120158,44,0.02412190289229397,0.005578259551929349,-0.001339112181036299,-
DOGEUSDT,macd_hist_up & >upper_bb & 20d_high,3,131,0.016307043565136403,1.3183140293644349,74,0.01062447443385863,57,0.02368441401626895,0.005578259551929349,-0.001339112181036299,-
DOGEUSDT,macd_hist_up & >upper_bb & 20d_low,3,0,,,0,,0,,0.005578259551929349,-0.001339112181036299,-
DOGEUSDT,macd_hist_up & >upper_bb & adx>25,3,84,0.02347302387033338,1.2975371011646306,51,0.02036098286276524,33,0.028282541791120497,0.005578259551929349,-0.001339112181036299,-
DOGEUSDT,macd_hist_up & >upper_bb & btc>ema50,3,139,0.019274928083783893,1.660708685399704,80,0.01676349067032773,59,0.02268026694948716,0.005578259551929349,-0.001339112181036299,-
DOGEUSDT,macd_hist_up & >upper_bb & funding<0,3,3,-0.21947972930720436,-2.1260897446642746,3,-0.21947972930720436,0,,0.005578259551929349,-0.001339112181036299,-
DOGEUSDT,macd_hist_up & stoch<20 & dip>3%,3,6,-0.004198389236107568,-0.370476605436708,5,-0.010238272100704292,1,,0.005578259551929349,-0.001339112181036299,-
DOGEUSDT,macd_hist_up & stoch<20 & pop>3%,3,5,0.009645641542726659,0.5703564719407407,3,-0.014403398620165266,2,0.045719201787064546,0.005578259551929349,-0.001339112181036299,-
DOGEUSDT,macd_hist_up & stoch<20 & vol>1.5x,3,2,0.05204006924493945,0.8094285745275138,2,0.05204006924493945,0,,0.005578259551929349,-0.001339112181036299,-
DOGEUSDT,macd_hist_up & stoch<20 & 20d_high,3,0,,,0,,0,,0.005578259551929349,-0.001339112181036299,-
DOGEUSDT,macd_hist_up & stoch<20 & 20d_low,3,16,-0.00648687731401486,-0.5300844795051891,9,0.0019194335537022651,7,-0.017294991286794025,0.005578259551929349,-0.001339112181036299,-
DOGEUSDT,macd_hist_up & stoch<20 & adx>25,3,32,0.0011308616828157123,0.14265599795690678,17,0.0036366833317159914,15,-0.00170906951927127,0.005578259551929349,-0.001339112181036299,-
DOGEUSDT,macd_hist_up & stoch<20 & btc>ema50,3,17,-0.01052881008814776,-0.9210778485968841,7,-0.016715756537134245,10,-0.0061979475738572236,0.005578259551929349,-0.001339112181036299,-
DOGEUSDT,macd_hist_up & stoch<20 & funding<0,3,13,0.01741950733622906,1.510672085778068,6,0.01270079544963057,7,0.021464117524742043,0.005578259551929349,-0.001339112181036299,-
DOGEUSDT,macd_hist_up & dip>3% & pop>3%,3,0,,,0,,0,,0.005578259551929349,-0.001339112181036299,-
DOGEUSDT,macd_hist_up & dip>3% & vol>1.5x,3,19,0.011478819517788627,0.651984325108124,14,0.02998284525384704,5,-0.040332452543174926,0.005578259551929349,-0.001339112181036299,-
DOGEUSDT,macd_hist_up & dip>3% & 20d_high,3,0,,,0,,0,,0.005578259551929349,-0.001339112181036299,-
DOGEUSDT,macd_hist_up & dip>3% & 20d_low,3,5,-0.007853206771368307,-0.2513717877144004,5,-0.007853206771368307,0,,0.005578259551929349,-0.001339112181036299,-
DOGEUSDT,macd_hist_up & dip>3% & adx>25,3,43,0.013515191180889466,1.152239960813458,26,0.022751963868581065,17,-0.0006116376355800325,0.005578259551929349,-0.001339112181036299,-
DOGEUSDT,macd_hist_up & dip>3% & btc>ema50,3,28,0.03213377975722543,1.7193853759420037,20,0.048634590344493335,8,-0.00911824671094435,0.005578259551929349,-0.001339112181036299,-
DOGEUSDT,macd_hist_up & dip>3% & funding<0,3,12,0.016552360578034973,1.26300559979292,8,0.01391975918824111,4,0.0218175633576227,0.005578259551929349,-0.001339112181036299,-
DOGEUSDT,macd_hist_up & pop>3% & vol>1.5x,3,139,0.009897082224319044,0.8371271950315787,91,0.008654836159439986,48,0.01225217372231894,0.005578259551929349,-0.001339112181036299,-
DOGEUSDT,macd_hist_up & pop>3% & 20d_high,3,128,0.019932308089178466,1.5418726811567653,76,0.016131515929295084,52,0.025487312015161863,0.005578259551929349,-0.001339112181036299,-
DOGEUSDT,macd_hist_up & pop>3% & 20d_low,3,0,,,0,,0,,0.005578259551929349,-0.001339112181036299,-
DOGEUSDT,macd_hist_up & pop>3% & adx>25,3,213,0.006428349912639863,0.8170563194964521,114,0.005301125929490991,99,0.007726365408387043,0.005578259551929349,-0.001339112181036299,-
DOGEUSDT,macd_hist_up & pop>3% & btc>ema50,3,225,0.013152759731481925,1.7228280445143975,122,0.013220952178951166,103,0.013071988094673689,0.005578259551929349,-0.001339112181036299,-
DOGEUSDT,macd_hist_up & pop>3% & funding<0,3,50,-0.01757025036118405,-1.5290721259347937,29,-0.03378739595495137,21,0.004824855458780336,0.005578259551929349,-0.001339112181036299,-
DOGEUSDT,macd_hist_up & vol>1.5x & 20d_high,3,119,0.01788923482230481,1.3232763648905432,76,0.016069550388150732,43,0.021105421264065508,0.005578259551929349,-0.001339112181036299,-
DOGEUSDT,macd_hist_up & vol>1.5x & 20d_low,3,1,,,1,,0,,0.005578259551929349,-0.001339112181036299,-
DOGEUSDT,macd_hist_up & vol>1.5x & adx>25,3,132,0.00791385436217157,0.6650715868893438,91,0.007014279365574962,41,0.009910472037544537,0.005578259551929349,-0.001339112181036299,-
DOGEUSDT,macd_hist_up & vol>1.5x & btc>ema50,3,153,0.019557027996191443,1.824101616417545,100,0.020653634774158512,53,0.017487958603800747,0.005578259551929349,-0.001339112181036299,-
DOGEUSDT,macd_hist_up & vol>1.5x & funding<0,3,19,-0.042211825565958615,-1.5701460021333407,14,-0.05072990309296811,5,-0.018361208490332025,0.005578259551929349,-0.001339112181036299,-
DOGEUSDT,macd_hist_up & 20d_high & 20d_low,3,0,,,0,,0,,0.005578259551929349,-0.001339112181036299,-
DOGEUSDT,macd_hist_up & 20d_high & adx>25,3,98,0.025042436440142757,1.5663820853378458,63,0.0236211003397027,35,0.027600841420934837,0.005578259551929349,-0.001339112181036299,-
DOGEUSDT,macd_hist_up & 20d_high & btc>ema50,3,154,0.02185207671879124,2.0231067066195765,91,0.022070423464388228,63,0.02153668697515114,0.005578259551929349,-0.001339112181036299,-
DOGEUSDT,macd_hist_up & 20d_high & funding<0,3,3,-0.21947972930720436,-2.1260897446642746,3,-0.21947972930720436,0,,0.005578259551929349,-0.001339112181036299,-
DOGEUSDT,macd_hist_up & 20d_low & adx>25,3,23,-0.004570573052345082,-0.3907082805451278,7,0.006280365844814051,16,-0.0093178588198522,0.005578259551929349,-0.001339112181036299,-
DOGEUSDT,macd_hist_up & 20d_low & btc>ema50,3,8,-0.02027621754655977,-1.0143520479086914,3,-0.04420757538685028,5,-0.0059174028423854665,0.005578259551929349,-0.001339112181036299,-
DOGEUSDT,macd_hist_up & 20d_low & funding<0,3,11,0.006112803934033886,0.29169068659380676,4,0.046804187578122006,7,-0.017139415291159327,0.005578259551929349,-0.001339112181036299,-
DOGEUSDT,macd_hist_up & adx>25 & btc>ema50,3,253,0.011811504538859787,1.7545014546109061,147,0.01712417479923535,106,0.00444393351739556,0.005578259551929349,-0.001339112181036299,-
DOGEUSDT,macd_hist_up & adx>25 & funding<0,3,98,-0.009674825865514292,-1.4405882911657533,48,-0.02024735119137942,50,0.0004747984473162223,0.005578259551929349,-0.001339112181036299,-
DOGEUSDT,macd_hist_up & btc>ema50 & funding<0,3,21,-0.03698655486230532,-1.618503953464031,11,-0.08489941114841719,10,0.01571758705241771,0.005578259551929349,-0.001339112181036299,-
DOGEUSDT,<lower_bb & >upper_bb & stoch<20,3,0,,,0,,0,,0.005578259551929349,-0.001339112181036299,-
DOGEUSDT,<lower_bb & >upper_bb & dip>3%,3,0,,,0,,0,,0.005578259551929349,-0.001339112181036299,-
DOGEUSDT,<lower_bb & >upper_bb & pop>3%,3,0,,,0,,0,,0.005578259551929349,-0.001339112181036299,-
DOGEUSDT,<lower_bb & >upper_bb & vol>1.5x,3,0,,,0,,0,,0.005578259551929349,-0.001339112181036299,-
DOGEUSDT,<lower_bb & >upper_bb & 20d_high,3,0,,,0,,0,,0.005578259551929349,-0.001339112181036299,-
DOGEUSDT,<lower_bb & >upper_bb & 20d_low,3,0,,,0,,0,,0.005578259551929349,-0.001339112181036299,-
DOGEUSDT,<lower_bb & >upper_bb & adx>25,3,0,,,0,,0,,0.005578259551929349,-0.001339112181036299,-
DOGEUSDT,<lower_bb & >upper_bb & btc>ema50,3,0,,,0,,0,,0.005578259551929349,-0.001339112181036299,-
DOGEUSDT,<lower_bb & >upper_bb & funding<0,3,0,,,0,,0,,0.005578259551929349,-0.001339112181036299,-
DOGEUSDT,<lower_bb & stoch<20 & dip>3%,3,57,0.07307998625157454,1.0607988871732688,23,0.17158259949418328,34,0.006445865528633317,0.005578259551929349,-0.001339112181036299,-
DOGEUSDT,<lower_bb & stoch<20 & pop>3%,3,2,0.00935189741973877,0.0423052823572257,2,0.00935189741973877,0,,0.005578259551929349,-0.001339112181036299,-
DOGEUSDT,<lower_bb & stoch<20 & vol>1.5x,3,14,0.024604286023979276,1.236939936833949,3,0.10815624186070527,11,0.001817388977599449,0.005578259551929349,-0.001339112181036299,-
DOGEUSDT,<lower_bb & stoch<20 & 20d_high,3,0,,,0,,0,,0.005578259551929349,-0.001339112181036299,-
DOGEUSDT,<lower_bb & stoch<20 & 20d_low,3,67,0.06517648725835636,1.1123865557602508,28,0.1456459251344082,39,0.007403557501190987,0.005578259551929349,-0.001339112181036299,-
DOGEUSDT,<lower_bb & stoch<20 & adx>25,3,51,0.00537351850258748,0.5190321633656696,19,0.006408267841352863,32,0.004759136082695532,0.005578259551929349,-0.001339112181036299,-
DOGEUSDT,<lower_bb & stoch<20 & btc>ema50,3,10,0.3903877442270703,0.9989827338269432,3,1.3039929714780414,7,-0.0011573531662031414,0.005578259551929349,-0.001339112181036299,-
DOGEUSDT,<lower_bb & stoch<20 & funding<0,3,30,0.01026029789210726,0.6752277387439799,16,-0.0007348402714442738,14,0.022826170079023298,0.005578259551929349,-0.001339112181036299,-
DOGEUSDT,<lower_bb & dip>3% & pop>3%,3,0,,,0,,0,,0.005578259551929349,-0.001339112181036299,-
DOGEUSDT,<lower_bb & dip>3% & vol>1.5x,3,24,0.016174826745201355,1.7757623962749611,9,0.019279989868134534,15,0.014311728871441448,0.005578259551929349,-0.001339112181036299,-
DOGEUSDT,<lower_bb & dip>3% & 20d_high,3,0,,,0,,0,,0.005578259551929349,-0.001339112181036299,-
DOGEUSDT,<lower_bb & dip>3% & 20d_low,3,78,0.05601869789720114,1.1120135727359095,36,0.11136766612506263,42,0.008576725130462735,0.005578259551929349,-0.001339112181036299,-
DOGEUSDT,<lower_bb & dip>3% & adx>25,3,46,0.0003893115283132001,0.045071584859550894,19,-0.004353469020261487,27,0.0037268237661990883,0.005578259551929349,-0.001339112181036299,-
DOGEUSDT,<lower_bb & dip>3% & btc>ema50,3,12,0.3245303374520945,0.9963267303157137,6,0.6549792091239329,6,-0.005918534219744128,0.005578259551929349,-0.001339112181036299,-
DOGEUSDT,<lower_bb & dip>3% & funding<0,3,32,0.004592072921626773,0.44803875767285456,16,-0.009878537457727338,16,0.019062683300980883,0.005578259551929349,-0.001339112181036299,-
DOGEUSDT,<lower_bb & pop>3% & vol>1.5x,3,1,,,1,,0,,0.005578259551929349,-0.001339112181036299,-
DOGEUSDT,<lower_bb & pop>3% & 20d_high,3,0,,,0,,0,,0.005578259551929349,-0.001339112181036299,-
DOGEUSDT,<lower_bb & pop>3% & 20d_low,3,0,,,0,,0,,0.005578259551929349,-0.001339112181036299,-
DOGEUSDT,<lower_bb & pop>3% & adx>25,3,3,0.00878864811104945,0.06886100198657359,3,0.00878864811104945,0,,0.005578259551929349,-0.001339112181036299,-
DOGEUSDT,<lower_bb & pop>3% & btc>ema50,3,0,,,0,,0,,0.005578259551929349,-0.001339112181036299,-
DOGEUSDT,<lower_bb & pop>3% & funding<0,3,3,0.00878864811104945,0.06886100198657359,3,0.00878864811104945,0,,0.005578259551929349,-0.001339112181036299,-
DOGEUSDT,<lower_bb & vol>1.5x & 20d_high,3,0,,,0,,0,,0.005578259551929349,-0.001339112181036299,-
DOGEUSDT,<lower_bb & vol>1.5x & 20d_low,3,24,0.016174826745201355,1.7757623962749611,9,0.019279989868134534,15,0.014311728871441448,0.005578259551929349,-0.001339112181036299,-
DOGEUSDT,<lower_bb & vol>1.5x & adx>25,3,21,0.022456402086212014,1.6108830860017693,8,0.04719898318174798,13,0.00723019833511295,0.005578259551929349,-0.001339112181036299,-
DOGEUSDT,<lower_bb & vol>1.5x & btc>ema50,3,3,0.010630229474057208,1.6895282808619199,3,0.010630229474057208,0,,0.005578259551929349,-0.001339112181036299,-
DOGEUSDT,<lower_bb & vol>1.5x & funding<0,3,15,0.033781538976571386,1.9689619898079538,7,0.04122398624674107,8,0.027269397615172903,0.005578259551929349,-0.001339112181036299,-
DOGEUSDT,<lower_bb & 20d_high & 20d_low,3,0,,,0,,0,,0.005578259551929349,-0.001339112181036299,-
DOGEUSDT,<lower_bb & 20d_high & adx>25,3,0,,,0,,0,,0.005578259551929349,-0.001339112181036299,-
DOGEUSDT,<lower_bb & 20d_high & btc>ema50,3,0,,,0,,0,,0.005578259551929349,-0.001339112181036299,-
DOGEUSDT,<lower_bb & 20d_high & funding<0,3,0,,,0,,0,,0.005578259551929349,-0.001339112181036299,-
DOGEUSDT,<lower_bb & 20d_low & adx>25,3,61,0.003060124115387218,0.45022249861152464,28,0.00015393002278052504,33,0.005525985769720174,0.005578259551929349,-0.001339112181036299,-
DOGEUSDT,<lower_bb & 20d_low & btc>ema50,3,18,0.21849488707302242,1.0067843558907523,9,0.43929978006958476,9,-0.0023100059235399003,0.005578259551929349,-0.001339112181036299,-
DOGEUSDT,<lower_bb & 20d_low & funding<0,3,39,0.0056212712816147885,0.6577864393824637,22,-0.0041615326367750475,17,0.01828137047011928,0.005578259551929349,-0.001339112181036299,-
DOGEUSDT,<lower_bb & adx>25 & btc>ema50,3,12,-0.007855092638108444,-0.6770233138979331,6,0.0015339887137798987,6,-0.01724417398999679,0.005578259551929349,-0.001339112181036299,-
DOGEUSDT,<lower_bb & adx>25 & funding<0,3,39,0.006074324939525138,0.516497241019423,22,-0.007423850723651029,17,0.02354255226834135,0.005578259551929349,-0.001339112181036299,-
DOGEUSDT,<lower_bb & btc>ema50 & funding<0,3,5,0.00199867313250215,0.5971009748918124,3,-0.0008142357888084433,2,0.006218036514468041,0.005578259551929349,-0.001339112181036299,-
DOGEUSDT,>upper_bb & stoch<20 & dip>3%,3,0,,,0,,0,,0.005578259551929349,-0.001339112181036299,-
DOGEUSDT,>upper_bb & stoch<20 & pop>3%,3,0,,,0,,0,,0.005578259551929349,-0.001339112181036299,-
DOGEUSDT,>upper_bb & stoch<20 & vol>1.5x,3,0,,,0,,0,,0.005578259551929349,-0.001339112181036299,-
DOGEUSDT,>upper_bb & stoch<20 & 20d_high,3,0,,,0,,0,,0.005578259551929349,-0.001339112181036299,-
DOGEUSDT,>upper_bb & stoch<20 & 20d_low,3,0,,,0,,0,,0.005578259551929349,-0.001339112181036299,-
DOGEUSDT,>upper_bb & stoch<20 & adx>25,3,0,,,0,,0,,0.005578259551929349,-0.001339112181036299,-
DOGEUSDT,>upper_bb & stoch<20 & btc>ema50,3,0,,,0,,0,,0.005578259551929349,-0.001339112181036299,-
DOGEUSDT,>upper_bb & stoch<20 & funding<0,3,0,,,0,,0,,0.005578259551929349,-0.001339112181036299,-
DOGEUSDT,>upper_bb & dip>3% & pop>3%,3,0,,,0,,0,,0.005578259551929349,-0.001339112181036299,-
DOGEUSDT,>upper_bb & dip>3% & vol>1.5x,3,4,0.03542249981795144,0.772644467856779,3,0.04888672130001229,1,,0.005578259551929349,-0.001339112181036299,-
DOGEUSDT,>upper_bb & dip>3% & 20d_high,3,0,,,0,,0,,0.005578259551929349,-0.001339112181036299,-
DOGEUSDT,>upper_bb & dip>3% & 20d_low,3,0,,,0,,0,,0.005578259551929349,-0.001339112181036299,-
DOGEUSDT,>upper_bb & dip>3% & adx>25,3,3,0.04943569453107483,0.8044455999413878,3,0.04943569453107483,0,,0.005578259551929349,-0.001339112181036299,-
DOGEUSDT,>upper_bb & dip>3% & btc>ema50,3,5,0.014793910649745317,0.36022320472676966,4,0.019734929469239423,1,,0.005578259551929349,-0.001339112181036299,-
DOGEUSDT,>upper_bb & dip>3% & funding<0,3,0,,,0,,0,,0.005578259551929349,-0.001339112181036299,-
DOGEUSDT,>upper_bb & pop>3% & vol>1.5x,3,94,0.016544213622120867,0.9865046235853574,61,0.011302273605237358,33,0.026233860319996454,0.005578259551929349,-0.001339112181036299,-
DOGEUSDT,>upper_bb & pop>3% & 20d_high,3,106,0.016284917918639574,1.0900961591078866,62,0.007141055977208085,44,0.02916945065429302,0.005578259551929349,-0.001339112181036299,-
DOGEUSDT,>upper_bb & pop>3% & 20d_low,3,0,,,0,,0,,0.005578259551929349,-0.001339112181036299,-
DOGEUSDT,>upper_bb & pop>3% & adx>25,3,57,0.022718902720150227,0.8765979557369249,38,0.014155998015384376,19,0.03984471212968192,0.005578259551929349,-0.001339112181036299,-
DOGEUSDT,>upper_bb & pop>3% & btc>ema50,3,100,0.021906389912041677,1.4007564375376629,59,0.01562861594611629,41,0.030940259765446496,0.005578259551929349,-0.001339112181036299,-
DOGEUSDT,>upper_bb & pop>3% & funding<0,3,3,-0.21947972930720436,-2.1260897446642746,3,-0.21947972930720436,0,,0.005578259551929349,-0.001339112181036299,-
DOGEUSDT,>upper_bb & vol>1.5x & 20d_high,3,108,0.016794768454078672,1.1427593230934163,68,0.011728467957234657,40,0.0254074792987135,0.005578259551929349,-0.001339112181036299,-
DOGEUSDT,>upper_bb & vol>1.5x & 20d_low,3,0,,,0,,0,,0.005578259551929349,-0.001339112181036299,-
DOGEUSDT,>upper_bb & vol>1.5x & adx>25,3,71,0.02561690104660943,1.2229798570916235,46,0.024807753992216856,25,0.027105731626691783,0.005578259551929349,-0.001339112181036299,-
DOGEUSDT,>upper_bb & vol>1.5x & btc>ema50,3,111,0.02237201722039776,1.5787982923658341,69,0.020907021031542704,42,0.02477879667351678,0.005578259551929349,-0.001339112181036299,-
DOGEUSDT,>upper_bb & vol>1.5x & funding<0,3,3,-0.21947972930720436,-2.1260897446642746,3,-0.21947972930720436,0,,0.005578259551929349,-0.001339112181036299,-
DOGEUSDT,>upper_bb & 20d_high & 20d_low,3,0,,,0,,0,,0.005578259551929349,-0.001339112181036299,-
DOGEUSDT,>upper_bb & 20d_high & adx>25,3,73,0.020732312998257507,1.0148830816825696,45,0.0140257360808673,28,0.03151074018692035,0.005578259551929349,-0.001339112181036299,-
DOGEUSDT,>upper_bb & 20d_high & btc>ema50,3,120,0.019223021737378606,1.4610892314748354,67,0.015144475338965154,53,0.024378920014618236,0.005578259551929349,-0.001339112181036299,-
DOGEUSDT,>upper_bb & 20d_high & funding<0,3,3,-0.21947972930720436,-2.1260897446642746,3,-0.21947972930720436,0,,0.005578259551929349,-0.001339112181036299,-
DOGEUSDT,>upper_bb & 20d_low & adx>25,3,0,,,0,,0,,0.005578259551929349,-0.001339112181036299,-
DOGEUSDT,>upper_bb & 20d_low & btc>ema50,3,0,,,0,,0,,0.005578259551929349,-0.001339112181036299,-
DOGEUSDT,>upper_bb & 20d_low & funding<0,3,0,,,0,,0,,0.005578259551929349,-0.001339112181036299,-
DOGEUSDT,>upper_bb & adx>25 & btc>ema50,3,77,0.02729236971006338,1.4230221544181418,47,0.026209925857193835,30,0.02898819841289231,0.005578259551929349,-0.001339112181036299,-
DOGEUSDT,>upper_bb & adx>25 & funding<0,3,3,-0.21947972930720436,-2.1260897446642746,3,-0.21947972930720436,0,,0.005578259551929349,-0.001339112181036299,-
DOGEUSDT,>upper_bb & btc>ema50 & funding<0,3,3,-0.21947972930720436,-2.1260897446642746,3,-0.21947972930720436,0,,0.005578259551929349,-0.001339112181036299,-
DOGEUSDT,stoch<20 & dip>3% & pop>3%,3,0,,,0,,0,,0.005578259551929349,-0.001339112181036299,-
DOGEUSDT,stoch<20 & dip>3% & vol>1.5x,3,15,0.012977230216289399,1.193136803673381,3,0.038654054234151365,12,0.006558024211823899,0.005578259551929349,-0.001339112181036299,-
DOGEUSDT,stoch<20 & dip>3% & 20d_high,3,0,,,0,,0,,0.005578259551929349,-0.001339112181036299,-
DOGEUSDT,stoch<20 & dip>3% & 20d_low,3,98,0.04370875397355097,1.086110332665281,41,0.09956298937540192,57,0.003532900438886261,0.005578259551929349,-0.001339112181036299,-
DOGEUSDT,stoch<20 & dip>3% & adx>25,3,88,0.008180652399047623,1.1995777500160738,38,0.022242043872757845,50,-0.002506005120972149,0.005578259551929349,-0.001339112181036299,-
DOGEUSDT,stoch<20 & dip>3% & btc>ema50,3,25,0.1641634227899588,1.0488064446171241,10,0.4368706868589842,15,-0.017641419922724808,0.005578259551929349,-0.001339112181036299,-
DOGEUSDT,stoch<20 & dip>3% & funding<0,3,46,0.013918649176316817,1.5505901580130221,21,0.006573863238591725,25,0.02008826936400589,0.005578259551929349,-0.001339112181036299,-
DOGEUSDT,stoch<20 & pop>3% & vol>1.5x,3,1,,,1,,0,,0.005578259551929349,-0.001339112181036299,-
DOGEUSDT,stoch<20 & pop>3% & 20d_high,3,0,,,0,,0,,0.005578259551929349,-0.001339112181036299,-
DOGEUSDT,stoch<20 & pop>3% & 20d_low,3,0,,,0,,0,,0.005578259551929349,-0.001339112181036299,-
DOGEUSDT,stoch<20 & pop>3% & adx>25,3,3,0.025355054106531428,0.1971208171124022,2,0.00935189741973877,1,,0.005578259551929349,-0.001339112181036299,-
DOGEUSDT,stoch<20 & pop>3% & btc>ema50,3,2,0.045719201787064546,3.9270358275650357,0,,2,0.045719201787064546,0.005578259551929349,-0.001339112181036299,-
DOGEUSDT,stoch<20 & pop>3% & funding<0,3,6,-0.0017745587531347539,-0.030616124756093835,5,-0.008944877722564172,1,,0.005578259551929349,-0.001339112181036299,-
DOGEUSDT,stoch<20 & vol>1.5x & 20d_high,3,0,,,0,,0,,0.005578259551929349,-0.001339112181036299,-
DOGEUSDT,stoch<20 & vol>1.5x & 20d_low,3,15,0.019272540190002418,1.4960302570730466,3,0.07013060410271645,12,0.006558024211823899,0.005578259551929349,-0.001339112181036299,-
DOGEUSDT,stoch<20 & vol>1.5x & adx>25,3,18,0.027810661555996097,1.7026735025950233,6,0.07507527311530145,12,0.004178355776343425,0.005578259551929349,-0.001339112181036299,-
DOGEUSDT,stoch<20 & vol>1.5x & btc>ema50,3,0,,,0,,0,,0.005578259551929349,-0.001339112181036299,-
DOGEUSDT,stoch<20 & vol>1.5x & funding<0,3,10,0.05859299104994205,2.4632211239007664,5,0.0925407848854878,5,0.024645197214396286,0.005578259551929349,-0.001339112181036299,-
DOGEUSDT,stoch<20 & 20d_high & 20d_low,3,0,,,0,,0,,0.005578259551929349,-0.001339112181036299,-
DOGEUSDT,stoch<20 & 20d_high & adx>25,3,0,,,0,,0,,0.005578259551929349,-0.001339112181036299,-
DOGEUSDT,stoch<20 & 20d_high & btc>ema50,3,0,,,0,,0,,0.005578259551929349,-0.001339112181036299,-
DOGEUSDT,stoch<20 & 20d_high & funding<0,3,0,,,0,,0,,0.005578259551929349,-0.001339112181036299,-
DOGEUSDT,stoch<20 & 20d_low & adx>25,3,91,0.0028628171769343146,0.43555207080254177,36,0.0065444264420197054,55,0.0004530365670602361,0.005578259551929349,-0.001339112181036299,-
DOGEUSDT,stoch<20 & 20d_low & btc>ema50,3,19,0.19232055681750534,0.9309130898061924,6,0.6505487529421015,13,-0.019169379855385197,0.005578259551929349,-0.001339112181036299,-
DOGEUSDT,stoch<20 & 20d_low & funding<0,3,48,0.01089615753709359,1.311461148523208,23,0.0024900203211614272,25,0.018629803775751175,0.005578259551929349,-0.001339112181036299,-
DOGEUSDT,stoch<20 & adx>25 & btc>ema50,3,27,0.00953381749031286,0.7431022219878732,10,0.049997559946325175,17,-0.014268383954400263,0.005578259551929349,-0.001339112181036299,-
DOGEUSDT,stoch<20 & adx>25 & funding<0,3,58,0.012077955478537362,1.2944014402096595,24,0.010755181495822552,34,0.013011678289865457,0.005578259551929349,-0.001339112181036299,-
DOGEUSDT,stoch<20 & btc>ema50 & funding<0,3,8,0.008873526168292211,0.7352881111022989,0,,8,0.008873526168292211,0.005578259551929349,-0.001339112181036299,-
DOGEUSDT,dip>3% & pop>3% & vol>1.5x,3,0,,,0,,0,,0.005578259551929349,-0.001339112181036299,-
DOGEUSDT,dip>3% & pop>3% & 20d_high,3,0,,,0,,0,,0.005578259551929349,-0.001339112181036299,-
DOGEUSDT,dip>3% & pop>3% & 20d_low,3,0,,,0,,0,,0.005578259551929349,-0.001339112181036299,-
DOGEUSDT,dip>3% & pop>3% & adx>25,3,0,,,0,,0,,0.005578259551929349,-0.001339112181036299,-
DOGEUSDT,dip>3% & pop>3% & btc>ema50,3,0,,,0,,0,,0.005578259551929349,-0.001339112181036299,-
DOGEUSDT,dip>3% & pop>3% & funding<0,3,0,,,0,,0,,0.005578259551929349,-0.001339112181036299,-
DOGEUSDT,dip>3% & vol>1.5x & 20d_high,3,0,,,0,,0,,0.005578259551929349,-0.001339112181036299,-
DOGEUSDT,dip>3% & vol>1.5x & 20d_low,3,27,0.015051693129406685,1.8398715891458968,9,0.019279989868134534,18,0.012937544760042755,0.005578259551929349,-0.001339112181036299,-
DOGEUSDT,dip>3% & vol>1.5x & adx>25,3,58,0.0051835645833216695,0.5705850028318066,34,0.009158806152616087,24,-0.000448027639845419,0.005578259551929349,-0.001339112181036299,-
DOGEUSDT,dip>3% & vol>1.5x & btc>ema50,3,50,0.01209412535142348,0.9818800030994685,34,0.025217002560569406,16,-0.01579198871801162,0.005578259551929349,-0.001339112181036299,-
DOGEUSDT,dip>3% & vol>1.5x & funding<0,3,17,0.03426737904557865,1.7207619314646327,9,0.04894638520389744,8,0.01775349711747002,0.005578259551929349,-0.001339112181036299,-
DOGEUSDT,dip>3% & 20d_high & 20d_low,3,0,,,0,,0,,0.005578259551929349,-0.001339112181036299,-
DOGEUSDT,dip>3% & 20d_high & adx>25,3,0,,,0,,0,,0.005578259551929349,-0.001339112181036299,-
DOGEUSDT,dip>3% & 20d_high & btc>ema50,3,0,,,0,,0,,0.005578259551929349,-0.001339112181036299,-
DOGEUSDT,dip>3% & 20d_high & funding<0,3,0,,,0,,0,,0.005578259551929349,-0.001339112181036299,-
DOGEUSDT,dip>3% & 20d_low & adx>25,3,83,0.006915577541684024,0.9042185167025931,36,0.01519383434671835,47,0.0005747850952747522,0.005578259551929349,-0.001339112181036299,-
DOGEUSDT,dip>3% & 20d_low & btc>ema50,3,21,0.1660025626627175,0.8861460710029472,10,0.38020681533831546,11,-0.028728576133280594,0.005578259551929349,-0.001339112181036299,-
DOGEUSDT,dip>3% & 20d_low & funding<0,3,49,0.015404309644378401,1.639402297944155,25,0.007640780850069585,24,0.023491318805116762,0.005578259551929349,-0.001339112181036299,-
DOGEUSDT,dip>3% & adx>25 & btc>ema50,3,117,0.009668496716694109,1.2308198130106924,71,0.019055904221641252,46,-0.004820762693115623,0.005578259551929349,-0.001339112181036299,-
DOGEUSDT,dip>3% & adx>25 & funding<0,3,64,0.01954768404600901,2.0366138790899493,32,0.022997201572054073,32,0.016098166519963944,0.005578259551929349,-0.001339112181036299,-
DOGEUSDT,dip>3% & btc>ema50 & funding<0,3,14,0.022133407574562353,0.8508663708803164,7,0.04912143053802131,7,-0.004854615388896617,0.005578259551929349,-0.001339112181036299,-
DOGEUSDT,pop>3% & vol>1.5x & 20d_high,3,99,0.015523557405044214,0.978973867621425,64,0.011883556194943301,35,0.02217955961780017,0.005578259551929349,-0.001339112181036299,-
DOGEUSDT,pop>3% & vol>1.5x & 20d_low,3,0,,,0,,0,,0.005578259551929349,-0.001339112181036299,-
DOGEUSDT,pop>3% & vol>1.5x & adx>25,3,89,0.011519561802404779,0.6744015142086887,63,0.009582387269222191,26,0.016213484709731822,0.005578259551929349,-0.001339112181036299,-
DOGEUSDT,pop>3% & vol>1.5x & btc>ema50,3,108,0.019057474751555472,1.3092813876972251,68,0.01761330365421866,40,0.021512565617028058,0.005578259551929349,-0.001339112181036299,-
DOGEUSDT,pop>3% & vol>1.5x & funding<0,3,19,-0.04206897232034246,-1.4408576427406543,13,-0.04855777286081217,6,-0.02800990448265808,0.005578259551929349,-0.001339112181036299,-
DOGEUSDT,pop>3% & 20d_high & 20d_low,3,0,,,0,,0,,0.005578259551929349,-0.001339112181036299,-
DOGEUSDT,pop>3% & 20d_high & adx>25,3,72,0.023308589706523077,1.1036091584509213,46,0.016918608855123796,26,0.034613940443614113,0.005578259551929349,-0.001339112181036299,-
DOGEUSDT,pop>3% & 20d_high & btc>ema50,3,119,0.022041961400344066,1.624632360926598,69,0.01844503503396954,50,0.027005719785940907,0.005578259551929349,-0.001339112181036299,-
DOGEUSDT,pop>3% & 20d_high & funding<0,3,3,-0.21947972930720436,-2.1260897446642746,3,-0.21947972930720436,0,,0.005578259551929349,-0.001339112181036299,-
DOGEUSDT,pop>3% & 20d_low & adx>25,3,0,,,0,,0,,0.005578259551929349,-0.001339112181036299,-
DOGEUSDT,pop>3% & 20d_low & btc>ema50,3,0,,,0,,0,,0.005578259551929349,-0.001339112181036299,-
DOGEUSDT,pop>3% & 20d_low & funding<0,3,0,,,0,,0,,0.005578259551929349,-0.001339112181036299,-
DOGEUSDT,pop>3% & adx>25 & btc>ema50,3,136,0.01526571886834182,1.2714149250897608,79,0.014705911471012379,57,0.0160415922786756,0.005578259551929349,-0.001339112181036299,-
DOGEUSDT,pop>3% & adx>25 & funding<0,3,40,-0.020988862183212068,-1.2835317882376787,26,-0.03994396994222636,14,0.014213480797814482,0.005578259551929349,-0.001339112181036299,-
DOGEUSDT,pop>3% & btc>ema50 & funding<0,3,14,-0.06366452865015815,-2.0263329479429126,7,-0.12174359302832817,7,-0.005585464271988129,0.005578259551929349,-0.001339112181036299,-
DOGEUSDT,vol>1.5x & 20d_high & 20d_low,3,0,,,0,,0,,0.005578259551929349,-0.001339112181036299,-
DOGEUSDT,vol>1.5x & 20d_high & adx>25,3,73,0.019922599928607537,0.987561751662705,48,0.016800642342017988,25,0.025916758494859464,0.005578259551929349,-0.001339112181036299,-
DOGEUSDT,vol>1.5x & 20d_high & btc>ema50,3,110,0.020694492399642335,1.4548046535784915,68,0.019822540842041516,42,0.022106223492900805,0.005578259551929349,-0.001339112181036299,-
DOGEUSDT,vol>1.5x & 20d_high & funding<0,3,3,-0.21947972930720436,-2.1260897446642746,3,-0.21947972930720436,0,,0.005578259551929349,-0.001339112181036299,-
DOGEUSDT,vol>1.5x & 20d_low & adx>25,3,22,0.016972909246377357,1.8096899668014974,8,0.03293936902250218,14,0.007849217945734597,0.005578259551929349,-0.001339112181036299,-
DOGEUSDT,vol>1.5x & 20d_low & btc>ema50,3,3,0.010630229474057208,1.6895282808619199,3,0.010630229474057208,0,,0.005578259551929349,-0.001339112181036299,-
DOGEUSDT,vol>1.5x & 20d_low & funding<0,3,17,0.021626077223849224,2.163750591375565,8,0.025353349581345958,9,0.018312946239407678,0.005578259551929349,-0.001339112181036299,-
DOGEUSDT,vol>1.5x & adx>25 & btc>ema50,3,131,0.018104503143231886,1.524889386585599,82,0.02048988518789264,49,0.01411263931339144,0.005578259551929349,-0.001339112181036299,-
DOGEUSDT,vol>1.5x & adx>25 & funding<0,3,35,0.0029675699695632385,0.15044335670706258,23,-0.004197913085385433,12,0.016701412491548183,0.005578259551929349,-0.001339112181036299,-
DOGEUSDT,vol>1.5x & btc>ema50 & funding<0,3,8,-0.056994743102492994,-0.7823050658558538,7,-0.054243508625093646,1,,0.005578259551929349,-0.001339112181036299,-
DOGEUSDT,20d_high & 20d_low & adx>25,3,0,,,0,,0,,0.005578259551929349,-0.001339112181036299,-
DOGEUSDT,20d_high & 20d_low & btc>ema50,3,0,,,0,,0,,0.005578259551929349,-0.001339112181036299,-
DOGEUSDT,20d_high & 20d_low & funding<0,3,0,,,0,,0,,0.005578259551929349,-0.001339112181036299,-
DOGEUSDT,20d_high & adx>25 & btc>ema50,3,93,0.027874556257440442,1.6962296626041333,59,0.02726353774059299,34,0.028934853095499244,0.005578259551929349,-0.001339112181036299,-
DOGEUSDT,20d_high & adx>25 & funding<0,3,3,-0.21947972930720436,-2.1260897446642746,3,-0.21947972930720436,0,,0.005578259551929349,-0.001339112181036299,-
DOGEUSDT,20d_high & btc>ema50 & funding<0,3,3,-0.21947972930720436,-2.1260897446642746,3,-0.21947972930720436,0,,0.005578259551929349,-0.001339112181036299,-
DOGEUSDT,20d_low & adx>25 & btc>ema50,3,16,-0.0077845436304836545,-0.6751640532462847,6,-0.014340889512358105,10,-0.0038507361013589867,0.005578259551929349,-0.001339112181036299,-
DOGEUSDT,20d_low & adx>25 & funding<0,3,57,0.01103452922941722,1.2676894831166337,24,0.012557176610134904,33,0.009927149316168001,0.005578259551929349,-0.001339112181036299,-
DOGEUSDT,20d_low & btc>ema50 & funding<0,3,5,0.013760696814079076,2.0837856387937346,2,0.004375266143264368,3,0.020017650594622217,0.005578259551929349,-0.001339112181036299,-
DOGEUSDT,adx>25 & btc>ema50 & funding<0,3,31,-0.013226277934226831,-0.6641575878677591,15,-0.03498413363724913,16,0.007171711787356564,0.005578259551929349,-0.001339112181036299,-
XRPUSDT,rsi<30,1,47,0.02120486450394403,1.794214445243159,30,0.031031067901884753,17,0.003864505566401566,0.0008705571997637551,0.0004487052439930162,-
XRPUSDT,rsi>70,1,144,0.015510881945197653,1.9653384608273006,87,0.008083960366119402,57,0.026846709618527618,0.0008705571997637551,0.0004487052439930162,-
XRPUSDT,rsi50-70,1,829,-0.0011378178070565004,-0.7009512731973895,528,-0.00018563570873423468,301,-0.0028080907237148286,0.0008705571997637551,0.0004487052439930162,-
XRPUSDT,>ema20,1,990,0.001564964566822157,0.8368700135017852,626,0.0018608752135237242,364,0.0010560632898024282,0.0008705571997637551,0.0004487052439930162,-
XRPUSDT,>ema50,1,1025,0.0007446715036114897,0.41700559720370795,675,0.0006432552323687305,350,0.0009402600267225275,0.0008705571997637551,0.0004487052439930162,-
XRPUSDT,ema20>ema50,1,983,0.0006867154861549047,0.3495031105489872,656,0.0003261524005685732,327,0.0014100469361384936,0.0008705571997637551,0.0004487052439930162,-
XRPUSDT,>sma200,1,1179,0.00010067287951153747,0.055947617275774617,766,-0.0006947167514346811,413,0.0015758991683851537,0.0008705571997637551,0.0004487052439930162,-
XRPUSDT,macd>signal,1,1126,0.0021353065572247997,1.301976268614511,679,0.0030811917326508224,447,0.0006984921632331446,0.0008705571997637551,0.0004487052439930162,-
XRPUSDT,macd_hist_up,1,1131,0.0024223064434573676,1.3932744386148574,684,0.0024313073114523077,447,0.002408533303169809,0.0008705571997637551,0.0004487052439930162,-
XRPUSDT,<lower_bb,1,123,0.009594606166850265,1.3072485502415292,70,0.009903572257314855,53,0.009186537745481936,0.0008705571997637551,0.0004487052439930162,-
XRPUSDT,>upper_bb,1,160,0.01561662234250345,2.200574678671501,102,0.010152644675200601,58,0.025225686516036037,0.0008705571997637551,0.0004487052439930162,-
XRPUSDT,stoch<20,1,315,0.003248527226146241,0.9623451405207437,170,0.0048815413142689786,145,0.0013339589848988924,0.0008705571997637551,0.0004487052439930162,-
XRPUSDT,dip>3%,1,370,0.008528081697921769,2.3877763822276346,248,0.011524307513614366,122,0.002437393154546644,0.0008705571997637551,0.0004487052439930162,-
XRPUSDT,pop>3%,1,394,0.004766481708303626,1.211747892500439,248,0.0005458973161647417,146,0.011935693552484744,0.0008705571997637551,0.0004487052439930162,-
XRPUSDT,vol>1.5x,1,355,0.005963425970642224,1.3432555038052083,219,0.0031679864893839256,136,0.010464905723550813,0.0008705571997637551,0.0004487052439930162,-
XRPUSDT,20d_high,1,210,0.012804289527808436,2.2884290676862853,138,0.006042664744363319,72,0.025764070362744914,0.0008705571997637551,0.0004487052439930162,-
XRPUSDT,20d_low,1,238,0.001779617858974968,0.41857020378101045,132,0.0013015859094719546,106,0.002374902928167394,0.0008705571997637551,0.0004487052439930162,-
XRPUSDT,adx>25,1,1074,0.0019857623281924744,1.1405227240419218,719,0.0013293387561896216,355,0.0033152511965588126,0.0008705571997637551,0.0004487052439930162,-
XRPUSDT,btc>ema50,1,1204,0.002057256009824259,1.1757762641315792,756,0.0022414715689181427,448,0.0017463922538533305,0.0008705571997637551,0.0004487052439930162,-
XRPUSDT,funding<0,1,458,5.098511004187129e-05,0.023468269574529473,218,0.002899337639483593,240,-0.0025362684375343576,0.0008705571997637551,0.0004487052439930162,-
XRPUSDT,rsi<30 & rsi>70,2,0,,,0,,0,,0.0008705571997637551,0.0004487052439930162,-
XRPUSDT,rsi<30 & rsi50-70,2,0,,,0,,0,,0.0008705571997637551,0.0004487052439930162,-
XRPUSDT,rsi<30 & >ema20,2,0,,,0,,0,,0.0008705571997637551,0.0004487052439930162,-
XRPUSDT,rsi<30 & >ema50,2,0,,,0,,0,,0.0008705571997637551,0.0004487052439930162,-
XRPUSDT,rsi<30 & ema20>ema50,2,4,0.131505506008935,1.792560208940133,4,0.131505506008935,0,,0.0008705571997637551,0.0004487052439930162,-
XRPUSDT,rsi<30 & >sma200,2,3,0.020008209312488496,1.8650435923312776,3,0.020008209312488496,0,,0.0008705571997637551,0.0004487052439930162,-
XRPUSDT,rsi<30 & macd>signal,2,2,-0.04031518539399523,-0.7719582168786977,2,-0.04031518539399523,0,,0.0008705571997637551,0.0004487052439930162,-
XRPUSDT,rsi<30 & macd_hist_up,2,12,0.01631801306830155,1.8558552188196344,9,0.025013366518488865,3,-0.009768047282260385,0.0008705571997637551,0.0004487052439930162,-
XRPUSDT,rsi<30 & <lower_bb,2,34,0.023943152970375,1.4891708871887592,20,0.03595332322585711,14,0.006785766891114843,0.0008705571997637551,0.0004487052439930162,-
XRPUSDT,rsi<30 & >upper_bb,2,0,,,0,,0,,0.0008705571997637551,0.0004487052439930162,-
XRPUSDT,rsi<30 & stoch<20,2,25,0.026626611648952053,1.2386957903656755,14,0.05059317351454886,11,-0.0038762852708984262,0.0008705571997637551,0.0004487052439930162,-
XRPUSDT,rsi<30 & dip>3%,2,27,0.027284064472689457,1.3860053457663473,17,0.04013485283068759,10,0.005437724264092623,0.0008705571997637551,0.0004487052439930162,-
XRPUSDT,rsi<30 & pop>3%,2,3,0.015616581327470213,0.5566618776127711,3,0.015616581327470213,0,,0.0008705571997637551,0.0004487052439930162,-
XRPUSDT,rsi<30 & vol>1.5x,2,25,0.04145667139412721,2.2142969014792913,14,0.058176110432312675,11,0.020177385345527522,0.0008705571997637551,0.0004487052439930162,-
XRPUSDT,rsi<30 & 20d_high,2,0,,,0,,0,,0.0008705571997637551,0.0004487052439930162,-
XRPUSDT,rsi<30 & 20d_low,2,31,0.021712677899907686,1.2327861054075264,17,0.04013485283068759,14,-0.000657105944610785,0.0008705571997637551,0.0004487052439930162,-
XRPUSDT,rsi<30 & adx>25,2,41,0.01719175789767506,1.3409761005115841,28,0.026582184081623505,13,-0.0030337754215985133,0.0008705571997637551,0.0004487052439930162,-
XRPUSDT,rsi<30 & btc>ema50,2,2,0.17594454291227582,1.285375626498288,2,0.17594454291227582,0,,0.0008705571997637551,0.0004487052439930162,-
XRPUSDT,rsi<30 & funding<0,2,24,0.04218613042324502,2.1352301623748113,14,0.05773185587844325,10,0.020422114785967525,0.0008705571997637551,0.0004487052439930162,-
XRPUSDT,rsi>70 & rsi50-70,2,0,,,0,,0,,0.0008705571997637551,0.0004487052439930162,-
XRPUSDT,rsi>70 & >ema20,2,144,0.015510881945197653,1.9653384608273006,87,0.008083960366119402,57,0.026846709618527618,0.0008705571997637551,0.0004487052439930162,-
XRPUSDT,rsi>70 & >ema50,2,144,0.015510881945197653,1.9653384608273006,87,0.008083960366119402,57,0.026846709618527618,0.0008705571997637551,0.0004487052439930162,-
XRPUSDT,rsi>70 & ema20>ema50,2,134,0.017470646148871206,2.1635075358339657,82,0.011676704124607641,52,0.026607247033286832,0.0008705571997637551,0.0004487052439930162,-
XRPUSDT,rsi>70 & >sma200,2,139,0.016049589377280273,1.9855369534420122,85,0.008992069813214123,54,0.027158647950347368,0.0008705571997637551,0.0004487052439930162,-
XRPUSDT,rsi>70 & macd>signal,2,142,0.015834963632136753,1.981367792820563,85,0.008450616323615828,57,0.026846709618527618,0.0008705571997637551,0.0004487052439930162,-
XRPUSDT,rsi>70 & macd_hist_up,2,98,0.0208358444777641,2.034155214567777,62,0.011553991929572018,36,0.03682125719965046,0.0008705571997637551,0.0004487052439930162,-
XRPUSDT,rsi>70 & <lower_bb,2,0,,,0,,0,,0.0008705571997637551,0.0004487052439930162,-
XRPUSDT,rsi>70 & >upper_bb,2,82,0.0239719553239442,2.057211603657407,52,0.01652795192500669,30,0.03687489454876922,0.0008705571997637551,0.0004487052439930162,-
XRPUSDT,rsi>70 & stoch<20,2,0,,,0,,0,,0.0008705571997637551,0.0004487052439930162,-
XRPUSDT,rsi>70 & dip>3%,2,16,0.031736339741037456,0.8675713653332371,11,0.045268285440565006,5,0.0019660592020768627,0.0008705571997637551,0.0004487052439930162,-
XRPUSDT,rsi>70 & pop>3%,2,79,0.022876640322956665,2.0133233813860754,49,0.003917594729092384,30,0.05384308145960164,0.0008705571997637551,0.0004487052439930162,-
XRPUSDT,rsi>70 & vol>1.5x,2,100,0.01893070009076745,1.935583601202192,62,0.00764432901361132,38,0.03734530553244323,0.0008705571997637551,0.0004487052439930162,-
XRPUSDT,rsi>70 & 20d_high,2,81,0.02237214846757508,2.0017726589650318,50,0.006822652954482304,31,0.047451979940305346,0.0008705571997637551,0.0004487052439930162,-
XRPUSDT,rsi>70 & 20d_low,2,0,,,0,,0,,0.0008705571997637551,0.0004487052439930162,-
XRPUSDT,rsi>70 & adx>25,2,123,0.0214292755506011,2.4989399754426156,73,0.01709837773146968,50,0.027752386366532975,0.0008705571997637551,0.0004487052439930162,WEAK
XRPUSDT,rsi>70 & btc>ema50,2,138,0.016988512846670016,2.073759103765266,81,0.010051263266473931,57,0.026846709618527618,0.0008705571997637551,0.0004487052439930162,-
XRPUSDT,rsi>70 & funding<0,2,5,-0.03189237297530585,-1.1571704918268095,5,-0.03189237297530585,0,,0.0008705571997637551,0.0004487052439930162,-
XRPUSDT,rsi50-70 & >ema20,2,782,-0.0014073505531842915,-0.8358774198070225,501,-0.0002859878409556393,281,-0.003406648484951391,0.0008705571997637551,0.0004487052439930162,-
XRPUSDT,rsi50-70 & >ema50,2,742,-0.0014189989248347588,-0.8140795932304105,489,-0.0005953824465017223,253,-0.0030108900627986114,0.0008705571997637551,0.0004487052439930162,-
XRPUSDT,rsi50-70 & ema20>ema50,2,543,-0.0022185057481920838,-1.0135505653788843,367,-0.0015239664518524195,176,-0.00366677803090036,0.0008705571997637551,0.0004487052439930162,-
XRPUSDT,rsi50-70 & >sma200,2,593,-0.0023963609597084717,-1.1909765862570811,383,-0.00142084686059341,210,-0.004175512864284989,0.0008705571997637551,0.0004487052439930162,-
XRPUSDT,rsi50-70 & macd>signal,2,545,0.0022272990776971125,1.0963027193954815,340,0.004540151660146592,205,-0.0016086515468532456,0.0008705571997637551,0.0004487052439930162,-
XRPUSDT,rsi50-70 & macd_hist_up,2,420,-0.002506273238530009,-1.0124527483755266,259,-0.0017429101203905754,161,-0.0037342921677108354,0.0008705571997637551,0.0004487052439930162,-
XRPUSDT,rsi50-70 & <lower_bb,2,0,,,0,,0,,0.0008705571997637551,0.0004487052439930162,-
XRPUSDT,rsi50-70 & >upper_bb,2,78,0.006832810746629839,0.8733992480696343,50,0.003522325135402277,28,0.012744392195250488,0.0008705571997637551,0.0004487052439930162,-
XRPUSDT,rsi50-70 & stoch<20,2,12,-0.0013067834661305143,-0.12392707343158008,5,0.002032567783999892,7,-0.0036920343590808066,0.0008705571997637551,0.0004487052439930162,-
XRPUSDT,rsi50-70 & dip>3%,2,91,0.016432575026278203,2.980585598587859,69,0.019644404612889375,22,0.006359109504634058,0.0008705571997637551,0.0004487052439930162,-
XRPUSDT,rsi50-70 & pop>3%,2,189,-0.0014942852980359847,-0.30277128438702794,123,-0.0026424870569493634,66,0.000645545252666225,0.0008705571997637551,0.0004487052439930162,-
XRPUSDT,rsi50-70 & vol>1.5x,2,149,-0.0007773424546922848,-0.15742605436571577,101,-0.0012412727297104905,48,0.0001988441656585229,0.0008705571997637551,0.0004487052439930162,-
XRPUSDT,rsi50-70 & 20d_high,2,129,0.006796564147024731,1.1748745580534887,88,0.00559948962497753,41,0.009365894828491893,0.0008705571997637551,0.0004487052439930162,-
XRPUSDT,rsi50-70 & 20d_low,2,4,0.007360001855339422,0.535721784915754,2,-0.005429760747480715,2,0.02014976445815956,0.0008705571997637551,0.0004487052439930162,-
XRPUSDT,rsi50-70 & adx>25,2,353,-0.0005501752467598806,-0.21065093042117977,247,0.0017712432154389716,106,-0.005959518267166638,0.0008705571997637551,0.0004487052439930162,-
XRPUSDT,rsi50-70 & btc>ema50,2,651,-0.0008506366497083904,-0.491476619740156,408,-0.0006639340973194271,243,-0.0011641125401392434,0.0008705571997637551,0.0004487052439930162,-
XRPUSDT,rsi50-70 & funding<0,2,74,-0.001825186287988242,-0.376617446207922,43,0.005558390514498376,31,-0.012066921852727739,0.0008705571997637551,0.0004487052439930162,-
XRPUSDT,>ema20 & >ema50,2,841,0.0011699394668783793,0.5761856139497025,549,0.0006683028805208468,292,0.002113084966571136,0.0008705571997637551,0.0004487052439930162,-
XRPUSDT,>ema20 & ema20>ema50,2,632,0.0014868152791836825,0.5892728306248071,422,0.0008363265314713013,210,0.0027939879055390426,0.0008705571997637551,0.0004487052439930162,-
XRPUSDT,>ema20 & >sma200,2,709,0.0006267696097908527,0.2722282375897587,456,-9.13943989169302e-05,253,0.0019211679812167416,0.0008705571997637551,0.0004487052439930162,-
XRPUSDT,>ema20 & macd>signal,2,744,0.005324866897846867,2.328142535980071,460,0.006338732554852499,284,0.003682690129457467,0.0008705571997637551,0.0004487052439930162,-
XRPUSDT,>ema20 & macd_hist_up,2,560,0.002304610831753926,0.8210403018903549,345,0.002391529573523998,215,0.0021651365717042766,0.0008705571997637551,0.0004487052439930162,-
XRPUSDT,>ema20 & <lower_bb,2,0,,,0,,0,,0.0008705571997637551,0.0004487052439930162,-
XRPUSDT,>ema20 & >upper_bb,2,160,0.01561662234250345,2.200574678671501,102,0.010152644675200601,58,0.025225686516036037,0.0008705571997637551,0.0004487052439930162,-
XRPUSDT,>ema20 & stoch<20,2,4,-0.01447920668099422,-1.474445207829878,3,-0.01076659606607746,1,,0.0008705571997637551,0.0004487052439930162,-
XRPUSDT,>ema20 & dip>3%,2,97,0.017421594435861592,2.2516807561110035,73,0.02230421052016135,24,0.0025703038461164836,0.0008705571997637551,0.0004487052439930162,-
XRPUSDT,>ema20 & pop>3%,2,283,0.007431554127329076,1.4787340309098442,180,0.0029054422936672297,103,0.015341264127903178,0.0008705571997637551,0.0004487052439930162,-
XRPUSDT,>ema20 & vol>1.5x,2,258,0.009310457347760231,1.7733266805576111,171,0.005859383268328876,87,0.01609360295215979,0.0008705571997637551,0.0004487052439930162,-
XRPUSDT,>ema20 & 20d_high,2,210,0.012804289527808436,2.2884290676862853,138,0.006042664744363319,72,0.025764070362744914,0.0008705571997637551,0.0004487052439930162,-
XRPUSDT,>ema20 & 20d_low,2,0,,,0,,0,,0.0008705571997637551,0.0004487052439930162,-
XRPUSDT,>ema20 & adx>25,2,492,0.004253484934647703,1.4848565438203358,340,0.004465919729556229,152,0.0037783018407733654,0.0008705571997637551,0.0004487052439930162,-
XRPUSDT,>ema20 & btc>ema50,2,774,0.002675810149487633,1.2244217153992232,483,0.0020184236638554494,291,0.0037669361720317723,0.0008705571997637551,0.0004487052439930162,-
XRPUSDT,>ema20 & funding<0,2,86,-0.004154406200059669,-0.9260687630393954,52,-0.00010331454109529202,34,-0.010350193443181655,0.0008705571997637551,0.0004487052439930162,-
XRPUSDT,>ema50 & ema20>ema50,2,816,0.000881172127452387,0.41672561697642535,548,0.0007668408699340083,268,0.0011149539525272803,0.0008705571997637551,0.0004487052439930162,-
XRPUSDT,>ema50 & >sma200,2,853,0.0005919335460920998,0.288431623230849,557,0.0005319955132391011,296,0.0007047223443999409,0.0008705571997637551,0.0004487052439930162,-
XRPUSDT,>ema50 & macd>signal,2,618,0.005017298064710824,1.9878799822430973,395,0.005201323925171981,223,0.004691332975553169,0.0008705571997637551,0.0004487052439930162,-
XRPUSDT,>ema50 & macd_hist_up,2,519,0.001251740990988765,0.45056814709295256,342,-0.00042084667534184457,177,0.004483520549661471,0.0008705571997637551,0.0004487052439930162,-
XRPUSDT,>ema50 & <lower_bb,2,5,-0.019401764435142188,-1.077385734409769,3,-0.014351590999822956,2,-0.026977024588121037,0.0008705571997637551,0.0004487052439930162,-
XRPUSDT,>ema50 & >upper_bb,2,153,0.01539710904695251,2.078934965675218,99,0.01047710084098834,54,0.024417124091220144,0.0008705571997637551,0.0004487052439930162,-
XRPUSDT,>ema50 & stoch<20,2,45,0.007857604027601262,0.7772834065176338,28,0.012544881762275929,17,0.00013738187637240003,0.0008705571997637551,0.0004487052439930162,-
XRPUSDT,>ema50 & dip>3%,2,143,0.01325571248627571,2.252026970491789,107,0.016911603439196506,36,0.002389592153983339,0.0008705571997637551,0.0004487052439930162,-
XRPUSDT,>ema50 & pop>3%,2,261,0.004463288999223564,0.9004581831196735,172,-0.0021365106353284117,89,0.017217957955885807,0.0008705571997637551,0.0004487052439930162,-
XRPUSDT,>ema50 & vol>1.5x,2,247,0.006409740603854671,1.2820697541776622,163,0.0016349574491611857,84,0.015675093630224162,0.0008705571997637551,0.0004487052439930162,-
XRPUSDT,>ema50 & 20d_high,2,199,0.01205919004912339,2.0598478972501324,131,0.005262067714978036,68,0.025153646310491634,0.0008705571997637551,0.0004487052439930162,-
XRPUSDT,>ema50 & 20d_low,2,23,0.0036503763778783687,0.32817133924732056,16,0.001788124684018115,7,0.007906951678130375,0.0008705571997637551,0.0004487052439930162,-
XRPUSDT,>ema50 & adx>25,2,498,0.0044782220526705325,1.5402167645642155,340,0.004370896547716784,158,0.004709175670925431,0.0008705571997637551,0.0004487052439930162,-
XRPUSDT,>ema50 & btc>ema50,2,848,0.0012823556159805925,0.6540306390686947,554,9.281556542549363e-05,294,0.0035238698609041455,0.0008705571997637551,0.0004487052439930162,-
XRPUSDT,>ema50 & funding<0,2,82,-0.004899974493076912,-0.9305916811391027,52,0.0027610525306058955,30,-0.018179088000793767,0.0008705571997637551,0.0004487052439930162,-
XRPUSDT,ema20>ema50 & >sma200,2,891,0.00033399345684035194,0.16278131069273166,589,-0.0004220988595535124,302,0.0018086238355025574,0.0008705571997637551,0.0004487052439930162,-
XRPUSDT,ema20>ema50 & macd>signal,2,430,0.0068125856874166795,2.0300083972681953,278,0.0068980978035239355,152,0.006656188527694201,0.0008705571997637551,0.0004487052439930162,-
XRPUSDT,ema20>ema50 & macd_hist_up,2,427,0.0020113861060661506,0.6344813009099347,294,0.000858912629723965,133,0.004558959053769927,0.0008705571997637551,0.0004487052439930162,-
XRPUSDT,ema20>ema50 & <lower_bb,2,45,0.008825368139777285,0.526316651152682,30,0.012984157543230797,15,0.0005077893328702533,0.0008705571997637551,0.0004487052439930162,-
XRPUSDT,ema20>ema50 & >upper_bb,2,108,0.01926160788752698,1.9910574222814723,74,0.01684186243432061,34,0.02452811269744672,0.0008705571997637551,0.0004487052439930162,-
XRPUSDT,ema20>ema50 & stoch<20,2,110,0.007996589101960508,1.04953226338155,67,0.010611501295782274,43,0.003922191032517289,0.0008705571997637551,0.0004487052439930162,-
XRPUSDT,ema20>ema50 & dip>3%,2,192,0.011338413052817237,1.9396223980126737,136,0.01405214578021458,56,0.0047479192862808295,0.0008705571997637551,0.0004487052439930162,-
XRPUSDT,ema20>ema50 & pop>3%,2,213,0.004415677146419512,0.7666017245072091,144,-0.0032373347015529122,69,0.020387180133492392,0.0008705571997637551,0.0004487052439930162,-
XRPUSDT,ema20>ema50 & vol>1.5x,2,192,0.00784008912391071,1.163993885171596,129,0.004370802570821424,63,0.014943866351664965,0.0008705571997637551,0.0004487052439930162,-
XRPUSDT,ema20>ema50 & 20d_high,2,133,0.017602327951527386,2.222838545749771,92,0.011330958418721726,41,0.03167466934221325,0.0008705571997637551,0.0004487052439930162,-
XRPUSDT,ema20>ema50 & 20d_low,2,83,0.0038511316027188356,0.39604843668358586,54,0.006787645124870506,29,-0.0016168590937015233,0.0008705571997637551,0.0004487052439930162,-
XRPUSDT,ema20>ema50 & adx>25,2,465,0.005635238469828009,1.8038316487552823,307,0.005282578466061197,158,0.006320470249298962,0.0008705571997637551,0.0004487052439930162,-
XRPUSDT,ema20>ema50 & btc>ema50,2,776,0.000998312018157075,0.45667363846078046,528,0.0004015738645365898,248,0.002268786796832946,0.0008705571997637551,0.0004487052439930162,-
XRPUSDT,ema20>ema50 & funding<0,2,97,-0.001737459553744193,-0.2688621195137826,62,0.00785193042063723,35,-0.018724378936934138,0.0008705571997637551,0.0004487052439930162,-
XRPUSDT,>sma200 & macd>signal,2,579,0.002700561279968881,1.021086691243299,365,0.0020076792576015886,214,0.0038823460377448707,0.0008705571997637551,0.0004487052439930162,-
XRPUSDT,>sma200 & macd_hist_up,2,597,0.0016663242412587578,0.5949342803214148,398,0.00010858888941357871,199,0.004781794944949114,0.0008705571997637551,0.0004487052439930162,-
XRPUSDT,>sma200 & <lower_bb,2,32,-0.004680976283029714,-0.2643484639923047,22,-0.006473649714353888,10,-0.0007370947341165376,0.0008705571997637551,0.0004487052439930162,-
XRPUSDT,>sma200 & >upper_bb,2,123,0.016780619553910834,1.8879595769974393,84,0.012378823258695376,39,0.026261411574374883,0.0008705571997637551,0.0004487052439930162,-
XRPUSDT,>sma200 & stoch<20,2,110,0.005349693857228671,0.7748114525349127,67,0.0029801363234557058,43,0.00904179513078189,0.0008705571997637551,0.0004487052439930162,-
XRPUSDT,>sma200 & dip>3%,2,196,0.007921495891846046,1.5333735991192214,135,0.008432328315961825,61,0.006790965117163581,0.0008705571997637551,0.0004487052439930162,-
XRPUSDT,>sma200 & pop>3%,2,256,0.0022355319019642834,0.44332173858199325,167,-0.00276228239814029,89,0.011613453116767253,0.0008705571997637551,0.0004487052439930162,-
XRPUSDT,>sma200 & vol>1.5x,2,224,0.00373544050869837,0.6653118717328916,149,-0.0012189167997256826,75,0.013578097028100818,0.0008705571997637551,0.0004487052439930162,-
XRPUSDT,>sma200 & 20d_high,2,161,0.013111034205312164,1.8753511066464326,109,0.006930531856044605,52,0.026066317975892237,0.0008705571997637551,0.0004487052439930162,-
XRPUSDT,>sma200 & 20d_low,2,75,0.0017670602688676887,0.2005386532209165,49,-0.0006396523157664629,26,0.006302787832216664,0.0008705571997637551,0.0004487052439930162,-
XRPUSDT,>sma200 & adx>25,2,553,0.0029781419449048372,1.0811003934303167,383,0.0017206946112903996,170,0.005811096820047959,0.0008705571997637551,0.0004487052439930162,-
XRPUSDT,>sma200 & btc>ema50,2,836,0.0012514526001531324,0.5614308927394618,559,0.00016637607527732878,277,0.0034411918687653116,0.0008705571997637551,0.0004487052439930162,-
XRPUSDT,>sma200 & funding<0,2,136,-0.007896934861707849,-2.072507100578272,67,-0.006140855104369049,69,-0.009602113756515084,0.0008705571997637551,0.0004487052439930162,-
XRPUSDT,macd>signal & macd_hist_up,2,574,0.004668631428770428,1.7788403464900335,347,0.0052592918587271945,227,0.003765727599717576,0.0008705571997637551,0.0004487052439930162,-
XRPUSDT,macd>signal & <lower_bb,2,4,-0.045142879746811575,-2.0964660770134924,4,-0.045142879746811575,0,,0.0008705571997637551,0.0004487052439930162,-
XRPUSDT,macd>signal & >upper_bb,2,160,0.01561662234250345,2.200574678671501,102,0.010152644675200601,58,0.025225686516036037,0.0008705571997637551,0.0004487052439930162,-
XRPUSDT,macd>signal & stoch<20,2,40,-0.004606808586505589,-0.8318352771007708,27,-0.0039777815922246215,13,-0.0059132492669352905,0.0008705571997637551,0.0004487052439930162,-
XRPUSDT,macd>signal & dip>3%,2,142,0.011378666947166565,2.015863733295521,102,0.014597934447189407,40,0.003169534822108315,0.0008705571997637551,0.0004487052439930162,-
XRPUSDT,macd>signal & pop>3%,2,237,0.015084909642584013,2.7159399841635428,152,0.011479383820065586,85,0.021532438172264023,0.0008705571997637551,0.0004487052439930162,WEAK
XRPUSDT,macd>signal & vol>1.5x,2,254,0.011860419891912811,2.3243174431258775,168,0.009413613659453904,86,0.01664022741578602,0.0008705571997637551,0.0004487052439930162,-
XRPUSDT,macd>signal & 20d_high,2,207,0.01307065700216047,2.3088094916833994,135,0.006300836543182094,72,0.025764070362744914,0.0008705571997637551,0.0004487052439930162,-
XRPUSDT,macd>signal & 20d_low,2,23,-0.015556517411040041,-1.9081006795837028,20,-0.015268021415973748,3,-0.017479824044815358,0.0008705571997637551,0.0004487052439930162,-
XRPUSDT,macd>signal & adx>25,2,576,0.00283672715442672,1.1500422495379616,407,0.002007339667779607,169,0.004834127787949652,0.0008705571997637551,0.0004487052439930162,-
XRPUSDT,macd>signal & btc>ema50,2,656,0.006276830284275663,2.508930322485401,402,0.00655029375870212,254,0.005844025887742454,0.0008705571997637551,0.0004487052439930162,WEAK
XRPUSDT,macd>signal & funding<0,2,201,-0.0027466944843314166,-0.9562216732246156,98,3.502830207999057e-05,103,-0.005393382184023822,0.0008705571997637551,0.0004487052439930162,-
XRPUSDT,macd_hist_up & <lower_bb,2,0,,,0,,0,,0.0008705571997637551,0.0004487052439930162,-
XRPUSDT,macd_hist_up & >upper_bb,2,160,0.01561662234250345,2.200574678671501,102,0.010152644675200601,58,0.025225686516036037,0.0008705571997637551,0.0004487052439930162,-
XRPUSDT,macd_hist_up & stoch<20,2,55,0.0036878014733243976,0.5983813357796465,31,-0.0023481030331680194,24,0.011484178127543777,0.0008705571997637551,0.0004487052439930162,-
XRPUSDT,macd_hist_up & dip>3%,2,49,0.00920561636287071,0.8541761801487192,36,0.011045637136690038,13,0.004110174219986423,0.0008705571997637551,0.0004487052439930162,-
XRPUSDT,macd_hist_up & pop>3%,2,338,0.00588941281705556,1.3645249795777745,208,0.002649153621440347,130,0.011073827530039906,0.0008705571997637551,0.0004487052439930162,-
XRPUSDT,macd_hist_up & vol>1.5x,2,228,0.00619551283921409,1.0916080627110691,145,9.367839326591802e-05,83,0.01685534410020787,0.0008705571997637551,0.0004487052439930162,-
XRPUSDT,macd_hist_up & 20d_high,2,198,0.012875456832881077,2.207456194698495,129,0.005847862386152049,69,0.02601400297241795,0.0008705571997637551,0.0004487052439930162,-
XRPUSDT,macd_hist_up & 20d_low,2,15,-0.010991283193100141,-0.8873117977221311,8,-0.01813235535028236,7,-0.0028300578706061683,0.0008705571997637551,0.0004487052439930162,-
XRPUSDT,macd_hist_up & adx>25,2,528,0.005127318049084195,1.9342014809151968,351,0.00425737043852161,177,0.006852468395454062,0.0008705571997637551,0.0004487052439930162,-
XRPUSDT,macd_hist_up & btc>ema50,2,607,0.0049957664523407105,1.7676480194769495,392,0.004523662370275347,215,0.005856532964757558,0.0008705571997637551,0.0004487052439930162,-
XRPUSDT,macd_hist_up & funding<0,2,198,0.0006656248730768902,0.2785564458318272,104,0.0014728927211020875,94,-0.0002275225332488603,0.0008705571997637551,0.0004487052439930162,-
XRPUSDT,<lower_bb & >upper_bb,2,0,,,0,,0,,0.0008705571997637551,0.0004487052439930162,-
XRPUSDT,<lower_bb & stoch<20,2,80,0.011015912786798893,1.1027067367687609,49,0.01626960998541683,31,0.002711681730918924,0.0008705571997637551,0.0004487052439930162,-
XRPUSDT,<lower_bb & dip>3%,2,85,0.008821837052385212,0.871386888183942,51,0.013308664048626653,34,0.0020915965580230395,0.0008705571997637551,0.0004487052439930162,-
XRPUSDT,<lower_bb & pop>3%,2,6,0.013923743896755306,0.35071785894471635,3,-0.00802334252864557,3,0.03587083032215618,0.0008705571997637551,0.0004487052439930162,-
XRPUSDT,<lower_bb & vol>1.5x,2,47,0.014712411888409903,0.9427032762279033,22,0.015397659139203585,25,0.014109394307711465,0.0008705571997637551,0.0004487052439930162,-
XRPUSDT,<lower_bb & 20d_high,2,0,,,0,,0,,0.0008705571997637551,0.0004487052439930162,-
XRPUSDT,<lower_bb & 20d_low,2,108,0.008398149599648852,1.0449632961450124,60,0.009736957158819897,48,0.006724640150685042,0.0008705571997637551,0.0004487052439930162,-
XRPUSDT,<lower_bb & adx>25,2,61,0.010427506045184408,1.0502815375377927,36,0.01246604452711533,25,0.007492010631203875,0.0008705571997637551,0.0004487052439930162,-
XRPUSDT,<lower_bb & btc>ema50,2,31,-0.0025366030183112407,-0.13729810572776877,19,-0.0010429785090682777,12,-0.004901508491279272,0.0008705571997637551,0.0004487052439930162,-
XRPUSDT,<lower_bb & funding<0,2,52,0.020035899102220204,1.7386119870857222,30,0.026424216340174375,22,0.011324557414100888,0.0008705571997637551,0.0004487052439930162,-
XRPUSDT,>upper_bb & stoch<20,2,0,,,0,,0,,0.0008705571997637551,0.0004487052439930162,-
XRPUSDT,>upper_bb & dip>3%,2,6,0.06758382112208054,0.9414445683461541,5,0.0700985913535102,1,,0.0008705571997637551,0.0004487052439930162,-
XRPUSDT,>upper_bb & pop>3%,2,109,0.016613992845136722,1.7954267147254204,68,0.008147366532417865,41,0.030656202339402146,0.0008705571997637551,0.0004487052439930162,-
XRPUSDT,>upper_bb & vol>1.5x,2,131,0.011754649412834951,1.526544177921185,82,0.0027419844485977625,49,0.02683706833257882,0.0008705571997637551,0.0004487052439930162,-
XRPUSDT,>upper_bb & 20d_high,2,138,0.01457801977965415,1.9420624597916578,87,0.007400743625488787,51,0.026821608513230358,0.0008705571997637551,0.0004487052439930162,-
XRPUSDT,>upper_bb & 20d_low,2,0,,,0,,0,,0.0008705571997637551,0.0004487052439930162,-
XRPUSDT,>upper_bb & adx>25,2,88,0.026094148544134766,2.5050593877708014,60,0.01981011561879392,28,0.03955993338415085,0.0008705571997637551,0.0004487052439930162,-
XRPUSDT,>upper_bb & btc>ema50,2,142,0.016837651070446043,2.1401923192094916,89,0.012445600803186739,53,0.024212980764522996,0.0008705571997637551,0.0004487052439930162,-
XRPUSDT,>upper_bb & funding<0,2,7,-0.028054205262752176,-1.1965103400957513,7,-0.028054205262752176,0,,0.0008705571997637551,0.0004487052439930162,-
XRPUSDT,stoch<20 & dip>3%,2,143,0.006356977259474586,0.9916296039560388,90,0.009389452960674708,53,0.0012074902197007956,0.0008705571997637551,0.0004487052439930162,-
XRPUSDT,stoch<20 & pop>3%,2,3,-0.012074061045622574,-0.25504150353511346,3,-0.012074061045622574,0,,0.0008705571997637551,0.0004487052439930162,-
XRPUSDT,stoch<20 & vol>1.5x,2,29,0.013642157784675984,0.603267700598829,15,0.024032801500857348,14,0.002509325231624514,0.0008705571997637551,0.0004487052439930162,-
XRPUSDT,stoch<20 & 20d_high,2,0,,,0,,0,,0.0008705571997637551,0.0004487052439930162,-
XRPUSDT,stoch<20 & 20d_low,2,165,0.0026522937975256037,0.48051621579797915,91,0.004429216122662098,74,0.0004671595868847815,0.0008705571997637551,0.0004487052439930162,-
XRPUSDT,stoch<20 & adx>25,2,151,0.002154973495728087,0.4021067733750991,99,0.006025886120827675,52,-0.005214648617442278,0.0008705571997637551,0.0004487052439930162,-
XRPUSDT,stoch<20 & btc>ema50,2,88,0.0017012842051748291,0.21433171108813498,46,-7.625065014768818e-05,42,0.0036481080943375752,0.0008705571997637551,0.0004487052439930162,-
XRPUSDT,stoch<20 & funding<0,2,113,0.00783489737782409,1.4749305449825687,47,0.018852547976164997,66,-1.1005320994432802e-05,0.0008705571997637551,0.0004487052439930162,-
XRPUSDT,dip>3% & pop>3%,2,0,,,0,,0,,0.0008705571997637551,0.0004487052439930162,-
XRPUSDT,dip>3% & vol>1.5x,2,91,0.013717343951345641,1.3527168230680504,58,0.01957736632889855,33,0.0034179106817071895,0.0008705571997637551,0.0004487052439930162,-
XRPUSDT,dip>3% & 20d_high,2,0,,,0,,0,,0.0008705571997637551,0.0004487052439930162,-
XRPUSDT,dip>3% & 20d_low,2,135,0.0042130287959173535,0.6032768225157757,84,0.006679431351768708,51,0.00015071870392689444,0.0008705571997637551,0.0004487052439930162,-
XRPUSDT,dip>3% & adx>25,2,217,0.006060445554741925,1.3152020402892144,157,0.009172589450413392,60,-0.002082997638931747,0.0008705571997637551,0.0004487052439930162,-
XRPUSDT,dip>3% & btc>ema50,2,154,0.010532805904703544,1.6147644592232586,114,0.0143940739026374,40,-0.0004718078894079446,0.0008705571997637551,0.0004487052439930162,-
XRPUSDT,dip>3% & funding<0,2,93,0.012017469115013495,1.6478671782433765,50,0.020904072495387015,43,0.0016842093703931184,0.0008705571997637551,0.0004487052439930162,-
XRPUSDT,pop>3% & vol>1.5x,2,146,0.007881507613685803,0.9558323814831439,90,-0.0022795498584601203,56,0.02421177855106318,0.0008705571997637551,0.0004487052439930162,-
XRPUSDT,pop>3% & 20d_high,2,139,0.018999594468198353,2.352865645642036,90,0.008621771913826563,49,0.03806090120071797,0.0008705571997637551,0.0004487052439930162,-
XRPUSDT,pop>3% & 20d_low,2,0,,,0,,0,,0.0008705571997637551,0.0004487052439930162,-
XRPUSDT,pop>3% & adx>25,2,223,0.010221020899149613,1.9523016439991814,147,0.00627999942258259,76,0.01784378612356215,0.0008705571997637551,0.0004487052439930162,-
XRPUSDT,pop>3% & btc>ema50,2,248,0.011522723355885535,2.0766614549698783,161,0.007017211973554459,87,0.019860508787555676,0.0008705571997637551,0.0004487052439930162,-
XRPUSDT,pop>3% & funding<0,2,71,-0.007354024268114807,-1.309196029161975,40,-0.010473001698814845,31,-0.0033295372607599224,0.0008705571997637551,0.0004487052439930162,-
XRPUSDT,vol>1.5x & 20d_high,2,129,0.00891851133324854,1.2046237594223104,81,-0.004004586044273698,48,0.03072623815781732,0.0008705571997637551,0.0004487052439930162,-
XRPUSDT,vol>1.5x & 20d_low,2,48,0.013018673821770745,0.8582536281576066,22,0.014383703318525792,26,0.011863648862978015,0.0008705571997637551,0.0004487052439930162,-
XRPUSDT,vol>1.5x & adx>25,2,203,0.011497992774447414,1.9973923668621838,129,0.008446098277178368,74,0.016818187235902917,0.0008705571997637551,0.0004487052439930162,-
XRPUSDT,vol>1.5x & btc>ema50,2,238,0.009724352269583673,1.688514004064811,156,0.004945148449094596,82,0.01881649612319704,0.0008705571997637551,0.0004487052439930162,-
XRPUSDT,vol>1.5x & funding<0,2,61,0.004231074716639359,0.37649414235318446,34,0.010120184790538958,27,-0.003184841672715693,0.0008705571997637551,0.0004487052439930162,-
XRPUSDT,20d_high & 20d_low,2,0,,,0,,0,,0.0008705571997637551,0.0004487052439930162,-
XRPUSDT,20d_high & adx>25,2,102,0.023973281850270405,2.6165530511867368,72,0.01668402029183253,30,0.04146750959052129,0.0008705571997637551,0.0004487052439930162,WEAK
XRPUSDT,20d_high & btc>ema50,2,188,0.015930709810696754,2.6474823761578317,121,0.009091048468916913,67,0.02828293402495587,0.0008705571997637551,0.0004487052439930162,WEAK
XRPUSDT,20d_high & funding<0,2,6,-0.03375975329933347,-1.2546094061607274,6,-0.03375975329933347,0,,0.0008705571997637551,0.0004487052439930162,-
XRPUSDT,20d_low & adx>25,2,123,0.0012909291751947113,0.2276222007579052,78,0.0012320506210610526,45,0.0013929853356930459,0.0008705571997637551,0.0004487052439930162,-
XRPUSDT,20d_low & btc>ema50,2,59,0.0032519461651613637,0.29775019820544485,41,0.0048712499991672665,18,-0.0004364681234076368,0.0008705571997637551,0.0004487052439930162,-
XRPUSDT,20d_low & funding<0,2,78,0.010294094150859476,1.278153648836047,35,0.017484313763845977,43,0.004441589814707673,0.0008705571997637551,0.0004487052439930162,-
XRPUSDT,adx>25 & btc>ema50,2,509,0.00662459589497642,2.3011064183060936,359,0.005653896422215801,150,0.008947803299783499,0.0008705571997637551,0.0004487052439930162,-
XRPUSDT,adx>25 & funding<0,2,246,-0.0003031789451228434,-0.09525419911964189,134,0.0002474864068172214,112,-0.0009620107054797088,0.0008705571997637551,0.0004487052439930162,-
XRPUSDT,btc>ema50 & funding<0,2,90,-0.00277999597511238,-0.5413934801827736,44,0.0030098379064167724,46,-0.008318097948748956,0.0008705571997637551,0.0004487052439930162,-
XRPUSDT,rsi<30 & rsi>70 & rsi50-70,3,0,,,0,,0,,0.0008705571997637551,0.0004487052439930162,-
XRPUSDT,rsi<30 & rsi>70 & >ema20,3,0,,,0,,0,,0.0008705571997637551,0.0004487052439930162,-
XRPUSDT,rsi<30 & rsi>70 & >ema50,3,0,,,0,,0,,0.0008705571997637551,0.0004487052439930162,-
XRPUSDT,rsi<30 & rsi>70 & ema20>ema50,3,0,,,0,,0,,0.0008705571997637551,0.0004487052439930162,-
XRPUSDT,rsi<30 & rsi>70 & >sma200,3,0,,,0,,0,,0.0008705571997637551,0.0004487052439930162,-
XRPUSDT,rsi<30 & rsi>70 & macd>signal,3,0,,,0,,0,,0.0008705571997637551,0.0004487052439930162,-
XRPUSDT,rsi<30 & rsi>70 & macd_hist_up,3,0,,,0,,0,,0.0008705571997637551,0.0004487052439930162,-
XRPUSDT,rsi<30 & rsi>70 & <lower_bb,3,0,,,0,,0,,0.0008705571997637551,0.0004487052439930162,-
XRPUSDT,rsi<30 & rsi>70 & >upper_bb,3,0,,,0,,0,,0.0008705571997637551,0.0004487052439930162,-
XRPUSDT,rsi<30 & rsi>70 & stoch<20,3,0,,,0,,0,,0.0008705571997637551,0.0004487052439930162,-
XRPUSDT,rsi<30 & rsi>70 & dip>3%,3,0,,,0,,0,,0.0008705571997637551,0.0004487052439930162,-
XRPUSDT,rsi<30 & rsi>70 & pop>3%,3,0,,,0,,0,,0.0008705571997637551,0.0004487052439930162,-
XRPUSDT,rsi<30 & rsi>70 & vol>1.5x,3,0,,,0,,0,,0.0008705571997637551,0.0004487052439930162,-
XRPUSDT,rsi<30 & rsi>70 & 20d_high,3,0,,,0,,0,,0.0008705571997637551,0.0004487052439930162,-
XRPUSDT,rsi<30 & rsi>70 & 20d_low,3,0,,,0,,0,,0.0008705571997637551,0.0004487052439930162,-
XRPUSDT,rsi<30 & rsi>70 & adx>25,3,0,,,0,,0,,0.0008705571997637551,0.0004487052439930162,-
XRPUSDT,rsi<30 & rsi>70 & btc>ema50,3,0,,,0,,0,,0.0008705571997637551,0.0004487052439930162,-
XRPUSDT,rsi<30 & rsi>70 & funding<0,3,0,,,0,,0,,0.0008705571997637551,0.0004487052439930162,-
XRPUSDT,rsi<30 & rsi50-70 & >ema20,3,0,,,0,,0,,0.0008705571997637551,0.0004487052439930162,-
XRPUSDT,rsi<30 & rsi50-70 & >ema50,3,0,,,0,,0,,0.0008705571997637551,0.0004487052439930162,-
XRPUSDT,rsi<30 & rsi50-70 & ema20>ema50,3,0,,,0,,0,,0.0008705571997637551,0.0004487052439930162,-
XRPUSDT,rsi<30 & rsi50-70 & >sma200,3,0,,,0,,0,,0.0008705571997637551,0.0004487052439930162,-
XRPUSDT,rsi<30 & rsi50-70 & macd>signal,3,0,,,0,,0,,0.0008705571997637551,0.0004487052439930162,-
XRPUSDT,rsi<30 & rsi50-70 & macd_hist_up,3,0,,,0,,0,,0.0008705571997637551,0.0004487052439930162,-
XRPUSDT,rsi<30 & rsi50-70 & <lower_bb,3,0,,,0,,0,,0.0008705571997637551,0.0004487052439930162,-
XRPUSDT,rsi<30 & rsi50-70 & >upper_bb,3,0,,,0,,0,,0.0008705571997637551,0.0004487052439930162,-
XRPUSDT,rsi<30 & rsi50-70 & stoch<20,3,0,,,0,,0,,0.0008705571997637551,0.0004487052439930162,-
XRPUSDT,rsi<30 & rsi50-70 & dip>3%,3,0,,,0,,0,,0.0008705571997637551,0.0004487052439930162,-
XRPUSDT,rsi<30 & rsi50-70 & pop>3%,3,0,,,0,,0,,0.0008705571997637551,0.0004487052439930162,-
XRPUSDT,rsi<30 & rsi50-70 & vol>1.5x,3,0,,,0,,0,,0.0008705571997637551,0.0004487052439930162,-
XRPUSDT,rsi<30 & rsi50-70 & 20d_high,3,0,,,0,,0,,0.0008705571997637551,0.0004487052439930162,-
XRPUSDT,rsi<30 & rsi50-70 & 20d_low,3,0,,,0,,0,,0.0008705571997637551,0.0004487052439930162,-
XRPUSDT,rsi<30 & rsi50-70 & adx>25,3,0,,,0,,0,,0.0008705571997637551,0.0004487052439930162,-
XRPUSDT,rsi<30 & rsi50-70 & btc>ema50,3,0,,,0,,0,,0.0008705571997637551,0.0004487052439930162,-
XRPUSDT,rsi<30 & rsi50-70 & funding<0,3,0,,,0,,0,,0.0008705571997637551,0.0004487052439930162,-
XRPUSDT,rsi<30 & >ema20 & >ema50,3,0,,,0,,0,,0.0008705571997637551,0.0004487052439930162,-
XRPUSDT,rsi<30 & >ema20 & ema20>ema50,3,0,,,0,,0,,0.0008705571997637551,0.0004487052439930162,-
XRPUSDT,rsi<30 & >ema20 & >sma200,3,0,,,0,,0,,0.0008705571997637551,0.0004487052439930162,-
XRPUSDT,rsi<30 & >ema20 & macd>signal,3,0,,,0,,0,,0.0008705571997637551,0.0004487052439930162,-
XRPUSDT,rsi<30 & >ema20 & macd_hist_up,3,0,,,0,,0,,0.0008705571997637551,0.0004487052439930162,-
XRPUSDT,rsi<30 & >ema20 & <lower_bb,3,0,,,0,,0,,0.0008705571997637551,0.0004487052439930162,-
XRPUSDT,rsi<30 & >ema20 & >upper_bb,3,0,,,0,,0,,0.0008705571997637551,0.0004487052439930162,-
XRPUSDT,rsi<30 & >ema20 & stoch<20,3,0,,,0,,0,,0.0008705571997637551,0.0004487052439930162,-
XRPUSDT,rsi<30 & >ema20 & dip>3%,3,0,,,0,,0,,0.0008705571997637551,0.0004487052439930162,-
XRPUSDT,rsi<30 & >ema20 & pop>3%,3,0,,,0,,0,,0.0008705571997637551,0.0004487052439930162,-
XRPUSDT,rsi<30 & >ema20 & vol>1.5x,3,0,,,0,,0,,0.0008705571997637551,0.0004487052439930162,-
XRPUSDT,rsi<30 & >ema20 & 20d_high,3,0,,,0,,0,,0.0008705571997637551,0.0004487052439930162,-
XRPUSDT,rsi<30 & >ema20 & 20d_low,3,0,,,0,,0,,0.0008705571997637551,0.0004487052439930162,-
XRPUSDT,rsi<30 & >ema20 & adx>25,3,0,,,0,,0,,0.0008705571997637551,0.0004487052439930162,-
XRPUSDT,rsi<30 & >ema20 & btc>ema50,3,0,,,0,,0,,0.0008705571997637551,0.0004487052439930162,-
XRPUSDT,rsi<30 & >ema20 & funding<0,3,0,,,0,,0,,0.0008705571997637551,0.0004487052439930162,-
XRPUSDT,rsi<30 & >ema50 & ema20>ema50,3,0,,,0,,0,,0.0008705571997637551,0.0004487052439930162,-
XRPUSDT,rsi<30 & >ema50 & >sma200,3,0,,,0,,0,,0.0008705571997637551,0.0004487052439930162,-
XRPUSDT,rsi<30 & >ema50 & macd>signal,3,0,,,0,,0,,0.0008705571997637551,0.0004487052439930162,-
XRPUSDT,rsi<30 & >ema50 & macd_hist_up,3,0,,,0,,0,,0.0008705571997637551,0.0004487052439930162,-
XRPUSDT,rsi<30 & >ema50 & <lower_bb,3,0,,,0,,0,,0.0008705571997637551,0.0004487052439930162,-
XRPUSDT,rsi<30 & >ema50 & >upper_bb,3,0,,,0,,0,,0.0008705571997637551,0.0004487052439930162,-
XRPUSDT,rsi<30 & >ema50 & stoch<20,3,0,,,0,,0,,0.0008705571997637551,0.0004487052439930162,-
XRPUSDT,rsi<30 & >ema50 & dip>3%,3,0,,,0,,0,,0.0008705571997637551,0.0004487052439930162,-
XRPUSDT,rsi<30 & >ema50 & pop>3%,3,0,,,0,,0,,0.0008705571997637551,0.0004487052439930162,-
XRPUSDT,rsi<30 & >ema50 & vol>1.5x,3,0,,,0,,0,,0.0008705571997637551,0.0004487052439930162,-
XRPUSDT,rsi<30 & >ema50 & 20d_high,3,0,,,0,,0,,0.0008705571997637551,0.0004487052439930162,-
XRPUSDT,rsi<30 & >ema50 & 20d_low,3,0,,,0,,0,,0.0008705571997637551,0.0004487052439930162,-
XRPUSDT,rsi<30 & >ema50 & adx>25,3,0,,,0,,0,,0.0008705571997637551,0.0004487052439930162,-
XRPUSDT,rsi<30 & >ema50 & btc>ema50,3,0,,,0,,0,,0.0008705571997637551,0.0004487052439930162,-
XRPUSDT,rsi<30 & >ema50 & funding<0,3,0,,,0,,0,,0.0008705571997637551,0.0004487052439930162,-
XRPUSDT,rsi<30 & ema20>ema50 & >sma200,3,2,0.012801038932173249,0.9300546671735942,2,0.012801038932173249,0,,0.0008705571997637551,0.0004487052439930162,-
XRPUSDT,rsi<30 & ema20>ema50 & macd>signal,3,0,,,0,,0,,0.0008705571997637551,0.0004487052439930162,-
XRPUSDT,rsi<30 & ema20>ema50 & macd_hist_up,3,0,,,0,,0,,0.0008705571997637551,0.0004487052439930162,-
XRPUSDT,rsi<30 & ema20>ema50 & <lower_bb,3,4,0.131505506008935,1.792560208940133,4,0.131505506008935,0,,0.0008705571997637551,0.0004487052439930162,-
XRPUSDT,rsi<30 & ema20>ema50 & >upper_bb,3,0,,,0,,0,,0.0008705571997637551,0.0004487052439930162,-
XRPUSDT,rsi<30 & ema20>ema50 & stoch<20,3,2,0.25020997308569676,3.995918828723906,2,0.25020997308569676,0,,0.0008705571997637551,0.0004487052439930162,-
XRPUSDT,rsi<30 & ema20>ema50 & dip>3%,3,3,0.16648574539046454,1.8255846362476025,3,0.16648574539046454,0,,0.0008705571997637551,0.0004487052439930162,-
XRPUSDT,rsi<30 & ema20>ema50 & pop>3%,3,0,,,0,,0,,0.0008705571997637551,0.0004487052439930162,-
XRPUSDT,rsi<30 & ema20>ema50 & vol>1.5x,3,4,0.131505506008935,1.792560208940133,4,0.131505506008935,0,,0.0008705571997637551,0.0004487052439930162,-
XRPUSDT,rsi<30 & ema20>ema50 & 20d_high,3,0,,,0,,0,,0.0008705571997637551,0.0004487052439930162,-
XRPUSDT,rsi<30 & ema20>ema50 & 20d_low,3,3,0.16648574539046454,1.8255846362476025,3,0.16648574539046454,0,,0.0008705571997637551,0.0004487052439930162,-
XRPUSDT,rsi<30 & ema20>ema50 & adx>25,3,2,0.16969557063232782,1.1855980058979252,2,0.16969557063232782,0,,0.0008705571997637551,0.0004487052439930162,-
XRPUSDT,rsi<30 & ema20>ema50 & btc>ema50,3,1,,,1,,0,,0.0008705571997637551,0.0004487052439930162,-
XRPUSDT,rsi<30 & ema20>ema50 & funding<0,3,3,0.17566157801191332,2.120193413545474,3,0.17566157801191332,0,,0.0008705571997637551,0.0004487052439930162,-
XRPUSDT,rsi<30 & >sma200 & macd>signal,3,0,,,0,,0,,0.0008705571997637551,0.0004487052439930162,-
XRPUSDT,rsi<30 & >sma200 & macd_hist_up,3,1,,,1,,0,,0.0008705571997637551,0.0004487052439930162,-
XRPUSDT,rsi<30 & >sma200 & <lower_bb,3,2,0.012801038932173249,0.9300546671735942,2,0.012801038932173249,0,,0.0008705571997637551,0.0004487052439930162,-
XRPUSDT,rsi<30 & >sma200 & >upper_bb,3,0,,,0,,0,,0.0008705571997637551,0.0004487052439930162,-
XRPUSDT,rsi<30 & >sma200 & stoch<20,3,0,,,0,,0,,0.0008705571997637551,0.0004487052439930162,-
XRPUSDT,rsi<30 & >sma200 & dip>3%,3,1,,,1,,0,,0.0008705571997637551,0.0004487052439930162,-
XRPUSDT,rsi<30 & >sma200 & pop>3%,3,0,,,0,,0,,0.0008705571997637551,0.0004487052439930162,-
XRPUSDT,rsi<30 & >sma200 & vol>1.5x,3,2,0.012801038932173249,0.9300546671735942,2,0.012801038932173249,0,,0.0008705571997637551,0.0004487052439930162,-
XRPUSDT,rsi<30 & >sma200 & 20d_high,3,0,,,0,,0,,0.0008705571997637551,0.0004487052439930162,-
XRPUSDT,rsi<30 & >sma200 & 20d_low,3,1,,,1,,0,,0.0008705571997637551,0.0004487052439930162,-
XRPUSDT,rsi<30 & >sma200 & adx>25,3,2,0.030493668968732714,7.761413022829589,2,0.030493668968732714,0,,0.0008705571997637551,0.0004487052439930162,-
XRPUSDT,rsi<30 & >sma200 & btc>ema50,3,0,,,0,,0,,0.0008705571997637551,0.0004487052439930162,-
XRPUSDT,rsi<30 & >sma200 & funding<0,3,2,0.030493668968732714,7.761413022829589,2,0.030493668968732714,0,,0.0008705571997637551,0.0004487052439930162,-
XRPUSDT,rsi<30 & macd>signal & macd_hist_up,3,0,,,0,,0,,0.0008705571997637551,0.0004487052439930162,-
XRPUSDT,rsi<30 & macd>signal & <lower_bb,3,2,-0.04031518539399523,-0.7719582168786977,2,-0.04031518539399523,0,,0.0008705571997637551,0.0004487052439930162,-
XRPUSDT,rsi<30 & macd>signal & >upper_bb,3,0,,,0,,0,,0.0008705571997637551,0.0004487052439930162,-
XRPUSDT,rsi<30 & macd>signal & stoch<20,3,2,-0.04031518539399523,-0.7719582168786977,2,-0.04031518539399523,0,,0.0008705571997637551,0.0004487052439930162,-
XRPUSDT,rsi<30 & macd>signal & dip>3%,3,2,-0.04031518539399523,-0.7719582168786977,2,-0.04031518539399523,0,,0.0008705571997637551,0.0004487052439930162,-
XRPUSDT,rsi<30 & macd>signal & pop>3%,3,0,,,0,,0,,0.0008705571997637551,0.0004487052439930162,-
XRPUSDT,rsi<30 & macd>signal & vol>1.5x,3,1,,,1,,0,,0.0008705571997637551,0.0004487052439930162,-
XRPUSDT,rsi<30 & macd>signal & 20d_high,3,0,,,0,,0,,0.0008705571997637551,0.0004487052439930162,-
XRPUSDT,rsi<30 & macd>signal & 20d_low,3,2,-0.04031518539399523,-0.7719582168786977,2,-0.04031518539399523,0,,0.0008705571997637551,0.0004487052439930162,-
XRPUSDT,rsi<30 & macd>signal & adx>25,3,2,-0.04031518539399523,-0.7719582168786977,2,-0.04031518539399523,0,,0.0008705571997637551,0.0004487052439930162,-
XRPUSDT,rsi<30 & macd>signal & btc>ema50,3,0,,,0,,0,,0.0008705571997637551,0.0004487052439930162,-
XRPUSDT,rsi<30 & macd>signal & funding<0,3,2,-0.04031518539399523,-0.7719582168786977,2,-0.04031518539399523,0,,0.0008705571997637551,0.0004487052439930162,-
XRPUSDT,rsi<30 & macd_hist_up & <lower_bb,3,0,,,0,,0,,0.0008705571997637551,0.0004487052439930162,-
XRPUSDT,rsi<30 & macd_hist_up & >upper_bb,3,0,,,0,,0,,0.0008705571997637551,0.0004487052439930162,-
XRPUSDT,rsi<30 & macd_hist_up & stoch<20,3,3,0.012023036032048904,0.43183081674108614,1,,2,-0.0014968121640478657,0.0008705571997637551,0.0004487052439930162,-
XRPUSDT,rsi<30 & macd_hist_up & dip>3%,3,2,0.039861224688676596,49.92061471869616,1,,1,,0.0008705571997637551,0.0004487052439930162,-
XRPUSDT,rsi<30 & macd_hist_up & pop>3%,3,1,,,1,,0,,0.0008705571997637551,0.0004487052439930162,-
XRPUSDT,rsi<30 & macd_hist_up & vol>1.5x,3,1,,,0,,1,,0.0008705571997637551,0.0004487052439930162,-
XRPUSDT,rsi<30 & macd_hist_up & 20d_high,3,0,,,0,,0,,0.0008705571997637551,0.0004487052439930162,-
XRPUSDT,rsi<30 & macd_hist_up & 20d_low,3,2,-0.0022953044284820187,-0.05549838926483803,1,,1,,0.0008705571997637551,0.0004487052439930162,-
XRPUSDT,rsi<30 & macd_hist_up & adx>25,3,12,0.01631801306830155,1.8558552188196344,9,0.025013366518488865,3,-0.009768047282260385,0.0008705571997637551,0.0004487052439930162,-
XRPUSDT,rsi<30 & macd_hist_up & btc>ema50,3,1,,,1,,0,,0.0008705571997637551,0.0004487052439930162,-
XRPUSDT,rsi<30 & macd_hist_up & funding<0,3,4,0.017622914542316424,0.8609898835738755,2,0.036742641248680714,2,-0.0014968121640478657,0.0008705571997637551,0.0004487052439930162,-
XRPUSDT,rsi<30 & <lower_bb & >upper_bb,3,0,,,0,,0,,0.0008705571997637551,0.0004487052439930162,-
XRPUSDT,rsi<30 & <lower_bb & stoch<20,3,22,0.02861800832398431,1.1797427564720584,13,0.051480130521495505,9,-0.004405057072420767,0.0008705571997637551,0.0004487052439930162,-
XRPUSDT,rsi<30 & <lower_bb & dip>3%,3,25,0.026277891655410484,1.2348873875466726,16,0.04020186035609041,9,0.0015241695208683874,0.0008705571997637551,0.0004487052439930162,-
XRPUSDT,rsi<30 & <lower_bb & pop>3%,3,2,0.020295226548811194,0.42360778536526417,2,0.020295226548811194,0,,0.0008705571997637551,0.0004487052439930162,-
XRPUSDT,rsi<30 & <lower_bb & vol>1.5x,3,24,0.0442803042654944,2.2947857175652624,14,0.058176110432312675,10,0.02482617563194882,0.0008705571997637551,0.0004487052439930162,-
XRPUSDT,rsi<30 & <lower_bb & 20d_high,3,0,,,0,,0,,0.0008705571997637551,0.0004487052439930162,-
XRPUSDT,rsi<30 & <lower_bb & 20d_low,3,29,0.023368400819106974,1.2498874541904665,16,0.04020186035609041,13,0.002650296773588886,0.0008705571997637551,0.0004487052439930162,-
XRPUSDT,rsi<30 & <lower_bb & adx>25,3,28,0.01865359439685923,1.0090637287991093,18,0.02957975454144766,10,-0.0010134938633999495,0.0008705571997637551,0.0004487052439930162,-
XRPUSDT,rsi<30 & <lower_bb & btc>ema50,3,1,,,1,,0,,0.0008705571997637551,0.0004487052439930162,-
XRPUSDT,rsi<30 & <lower_bb & funding<0,3,20,0.04709877359943075,2.0153128379373224,12,0.061230058316736995,8,0.025901846523471373,0.0008705571997637551,0.0004487052439930162,-
XRPUSDT,rsi<30 & >upper_bb & stoch<20,3,0,,,0,,0,,0.0008705571997637551,0.0004487052439930162,-
XRPUSDT,rsi<30 & >upper_bb & dip>3%,3,0,,,0,,0,,0.0008705571997637551,0.0004487052439930162,-
XRPUSDT,rsi<30 & >upper_bb & pop>3%,3,0,,,0,,0,,0.0008705571997637551,0.0004487052439930162,-
XRPUSDT,rsi<30 & >upper_bb & vol>1.5x,3,0,,,0,,0,,0.0008705571997637551,0.0004487052439930162,-
XRPUSDT,rsi<30 & >upper_bb & 20d_high,3,0,,,0,,0,,0.0008705571997637551,0.0004487052439930162,-
XRPUSDT,rsi<30 & >upper_bb & 20d_low,3,0,,,0,,0,,0.0008705571997637551,0.0004487052439930162,-
XRPUSDT,rsi<30 & >upper_bb & adx>25,3,0,,,0,,0,,0.0008705571997637551,0.0004487052439930162,-
XRPUSDT,rsi<30 & >upper_bb & btc>ema50,3,0,,,0,,0,,0.0008705571997637551,0.0004487052439930162,-
XRPUSDT,rsi<30 & >upper_bb & funding<0,3,0,,,0,,0,,0.0008705571997637551,0.0004487052439930162,-
XRPUSDT,rsi<30 & stoch<20 & dip>3%,3,21,0.03539255597545558,1.4251802025733347,14,0.05059317351454886,7,0.004991320897269005,0.0008705571997637551,0.0004487052439930162,-
XRPUSDT,rsi<30 & stoch<20 & pop>3%,3,0,,,0,,0,,0.0008705571997637551,0.0004487052439930162,-
XRPUSDT,rsi<30 & stoch<20 & vol>1.5x,3,15,0.05893753780796998,2.0004974466526106,10,0.07704475609274561,5,0.02272310123841869,0.0008705571997637551,0.0004487052439930162,-
XRPUSDT,rsi<30 & stoch<20 & 20d_high,3,0,,,0,,0,,0.0008705571997637551,0.0004487052439930162,-
XRPUSDT,rsi<30 & stoch<20 & 20d_low,3,24,0.02604189892794544,1.1624547341232654,14,0.05059317351454886,10,-0.008329885493299344,0.0008705571997637551,0.0004487052439930162,-
XRPUSDT,rsi<30 & stoch<20 & adx>25,3,23,0.02121732792729161,0.9558465154906112,13,0.040054679725584595,10,-0.0032712294104892785,0.0008705571997637551,0.0004487052439930162,-
XRPUSDT,rsi<30 & stoch<20 & btc>ema50,3,2,0.17594454291227582,1.285375626498288,2,0.17594454291227582,0,,0.0008705571997637551,0.0004487052439930162,-
XRPUSDT,rsi<30 & stoch<20 & funding<0,3,18,0.050748897434280155,1.9921128925342295,10,0.07288427371001652,8,0.02307967708960972,0.0008705571997637551,0.0004487052439930162,-
XRPUSDT,rsi<30 & dip>3% & pop>3%,3,0,,,0,,0,,0.0008705571997637551,0.0004487052439930162,-
XRPUSDT,rsi<30 & dip>3% & vol>1.5x,3,19,0.04813115617801353,2.0274180873139978,12,0.059974592708072726,7,0.027828122126483484,0.0008705571997637551,0.0004487052439930162,-
XRPUSDT,rsi<30 & dip>3% & 20d_high,3,0,,,0,,0,,0.0008705571997637551,0.0004487052439930162,-
XRPUSDT,rsi<30 & dip>3% & 20d_low,3,26,0.026769616300365562,1.3089843680937667,17,0.04013485283068759,9,0.0015241695208683874,0.0008705571997637551,0.0004487052439930162,-
XRPUSDT,rsi<30 & dip>3% & adx>25,3,22,0.022975002786403454,1.0023097383233825,15,0.03304410769004032,7,0.0013983494214673206,0.0008705571997637551,0.0004487052439930162,-
XRPUSDT,rsi<30 & dip>3% & btc>ema50,3,2,0.17594454291227582,1.285375626498288,2,0.17594454291227582,0,,0.0008705571997637551,0.0004487052439930162,-
XRPUSDT,rsi<30 & dip>3% & funding<0,3,16,0.05663694721510146,2.0252724464238177,11,0.06173209078814379,5,0.045427631354408346,0.0008705571997637551,0.0004487052439930162,-
XRPUSDT,rsi<30 & pop>3% & vol>1.5x,3,1,,,1,,0,,0.0008705571997637551,0.0004487052439930162,-
XRPUSDT,rsi<30 & pop>3% & 20d_high,3,0,,,0,,0,,0.0008705571997637551,0.0004487052439930162,-
XRPUSDT,rsi<30 & pop>3% & 20d_low,3,0,,,0,,0,,0.0008705571997637551,0.0004487052439930162,-
XRPUSDT,rsi<30 & pop>3% & adx>25,3,3,0.015616581327470213,0.5566618776127711,3,0.015616581327470213,0,,0.0008705571997637551,0.0004487052439930162,-
XRPUSDT,rsi<30 & pop>3% & btc>ema50,3,0,,,0,,0,,0.0008705571997637551,0.0004487052439930162,-
XRPUSDT,rsi<30 & pop>3% & funding<0,3,1,,,1,,0,,0.0008705571997637551,0.0004487052439930162,-
XRPUSDT,rsi<30 & vol>1.5x & 20d_high,3,0,,,0,,0,,0.0008705571997637551,0.0004487052439930162,-
XRPUSDT,rsi<30 & vol>1.5x & 20d_low,3,21,0.04320999954273374,1.9589159354803434,12,0.059974592708072726,9,0.0208572086556151,0.0008705571997637551,0.0004487052439930162,-
XRPUSDT,rsi<30 & vol>1.5x & adx>25,3,19,0.03919211720907834,1.695894948735436,12,0.052319555273441086,7,0.016687937670170776,0.0008705571997637551,0.0004487052439930162,-
XRPUSDT,rsi<30 & vol>1.5x & btc>ema50,3,1,,,1,,0,,0.0008705571997637551,0.0004487052439930162,-
XRPUSDT,rsi<30 & vol>1.5x & funding<0,3,16,0.06186286680658965,2.272124858498072,11,0.07520913222679287,5,0.032501082882142596,0.0008705571997637551,0.0004487052439930162,-
XRPUSDT,rsi<30 & 20d_high & 20d_low,3,0,,,0,,0,,0.0008705571997637551,0.0004487052439930162,-
XRPUSDT,rsi<30 & 20d_high & adx>25,3,0,,,0,,0,,0.0008705571997637551,0.0004487052439930162,-
XRPUSDT,rsi<30 & 20d_high & btc>ema50,3,0,,,0,,0,,0.0008705571997637551,0.0004487052439930162,-
XRPUSDT,rsi<30 & 20d_high & funding<0,3,0,,,0,,0,,0.0008705571997637551,0.0004487052439930162,-
XRPUSDT,rsi<30 & 20d_low & adx>25,3,26,0.016995128285976876,0.853341995452785,15,0.03304410769004032,11,-0.004889843628655092,0.0008705571997637551,0.0004487052439930162,-
XRPUSDT,rsi<30 & 20d_low & btc>ema50,3,2,0.17594454291227582,1.285375626498288,2,0.17594454291227582,0,,0.0008705571997637551,0.0004487052439930162,-
XRPUSDT,rsi<30 & 20d_low & funding<0,3,20,0.04213072147880731,1.7733309282096241,11,0.06173209078814379,9,0.018173492322951613,0.0008705571997637551,0.0004487052439930162,-
XRPUSDT,rsi<30 & adx>25 & btc>ema50,3,2,0.17594454291227582,1.285375626498288,2,0.17594454291227582,0,,0.0008705571997637551,0.0004487052439930162,-
XRPUSDT,rsi<30 & adx>25 & funding<0,3,23,0.03586406684290419,1.834412492423986,13,0.04774249150208624,10,0.020422114785967525,0.0008705571997637551,0.0004487052439930162,-
XRPUSDT,rsi<30 & btc>ema50 & funding<0,3,2,0.17594454291227582,1.285375626498288,2,0.17594454291227582,0,,0.0008705571997637551,0.0004487052439930162,-
XRPUSDT,rsi>70 & rsi50-70 & >ema20,3,0,,,0,,0,,0.0008705571997637551,0.0004487052439930162,-
XRPUSDT,rsi>70 & rsi50-70 & >ema50,3,0,,,0,,0,,0.0008705571997637551,0.0004487052439930162,-
XRPUSDT,rsi>70 & rsi50-70 & ema20>ema50,3,0,,,0,,0,,0.0008705571997637551,0.0004487052439930162,-
XRPUSDT,rsi>70 & rsi50-70 & >sma200,3,0,,,0,,0,,0.0008705571997637551,0.0004487052439930162,-
XRPUSDT,rsi>70 & rsi50-70 & macd>signal,3,0,,,0,,0,,0.0008705571997637551,0.0004487052439930162,-
XRPUSDT,rsi>70 & rsi50-70 & macd_hist_up,3,0,,,0,,0,,0.0008705571997637551,0.0004487052439930162,-
XRPUSDT,rsi>70 & rsi50-70 & <lower_bb,3,0,,,0,,0,,0.0008705571997637551,0.0004487052439930162,-
XRPUSDT,rsi>70 & rsi50-70 & >upper_bb,3,0,,,0,,0,,0.0008705571997637551,0.0004487052439930162,-
XRPUSDT,rsi>70 & rsi50-70 & stoch<20,3,0,,,0,,0,,0.0008705571997637551,0.0004487052439930162,-
XRPUSDT,rsi>70 & rsi50-70 & dip>3%,3,0,,,0,,0,,0.0008705571997637551,0.0004487052439930162,-
XRPUSDT,rsi>70 & rsi50-70 & pop>3%,3,0,,,0,,0,,0.0008705571997637551,0.0004487052439930162,-
XRPUSDT,rsi>70 & rsi50-70 & vol>1.5x,3,0,,,0,,0,,0.0008705571997637551,0.0004487052439930162,-
XRPUSDT,rsi>70 & rsi50-70 & 20d_high,3,0,,,0,,0,,0.0008705571997637551,0.0004487052439930162,-
XRPUSDT,rsi>70 & rsi50-70 & 20d_low,3,0,,,0,,0,,0.0008705571997637551,0.0004487052439930162,-
XRPUSDT,rsi>70 & rsi50-70 & adx>25,3,0,,,0,,0,,0.0008705571997637551,0.0004487052439930162,-
XRPUSDT,rsi>70 & rsi50-70 & btc>ema50,3,0,,,0,,0,,0.0008705571997637551,0.0004487052439930162,-
XRPUSDT,rsi>70 & rsi50-70 & funding<0,3,0,,,0,,0,,0.0008705571997637551,0.0004487052439930162,-
XRPUSDT,rsi>70 & >ema20 & >ema50,3,144,0.015510881945197653,1.9653384608273006,87,0.008083960366119402,57,0.026846709618527618,0.0008705571997637551,0.0004487052439930162,-
XRPUSDT,rsi>70 & >ema20 & ema20>ema50,3,134,0.017470646148871206,2.1635075358339657,82,0.011676704124607641,52,0.026607247033286832,0.0008705571997637551,0.0004487052439930162,-
XRPUSDT,rsi>70 & >ema20 & >sma200,3,139,0.016049589377280273,1.9855369534420122,85,0.008992069813214123,54,0.027158647950347368,0.0008705571997637551,0.0004487052439930162,-
XRPUSDT,rsi>70 & >ema20 & macd>signal,3,142,0.015834963632136753,1.981367792820563,85,0.008450616323615828,57,0.026846709618527618,0.0008705571997637551,0.0004487052439930162,-
XRPUSDT,rsi>70 & >ema20 & macd_hist_up,3,98,0.0208358444777641,2.034155214567777,62,0.011553991929572018,36,0.03682125719965046,0.0008705571997637551,0.0004487052439930162,-
XRPUSDT,rsi>70 & >ema20 & <lower_bb,3,0,,,0,,0,,0.0008705571997637551,0.0004487052439930162,-
XRPUSDT,rsi>70 & >ema20 & >upper_bb,3,82,0.0239719553239442,2.057211603657407,52,0.01652795192500669,30,0.03687489454876922,0.0008705571997637551,0.0004487052439930162,-
XRPUSDT,rsi>70 & >ema20 & stoch<20,3,0,,,0,,0,,0.0008705571997637551,0.0004487052439930162,-
XRPUSDT,rsi>70 & >ema20 & dip>3%,3,16,0.031736339741037456,0.8675713653332371,11,0.045268285440565006,5,0.0019660592020768627,0.0008705571997637551,0.0004487052439930162,-
XRPUSDT,rsi>70 & >ema20 & pop>3%,3,79,0.022876640322956665,2.0133233813860754,49,0.003917594729092384,30,0.05384308145960164,0.0008705571997637551,0.0004487052439930162,-
XRPUSDT,rsi>70 & >ema20 & vol>1.5x,3,100,0.01893070009076745,1.935583601202192,62,0.00764432901361132,38,0.03734530553244323,0.0008705571997637551,0.0004487052439930162,-
XRPUSDT,rsi>70 & >ema20 & 20d_high,3,81,0.02237214846757508,2.0017726589650318,50,0.006822652954482304,31,0.047451979940305346,0.0008705571997637551,0.0004487052439930162,-
XRPUSDT,rsi>70 & >ema20 & 20d_low,3,0,,,0,,0,,0.0008705571997637551,0.0004487052439930162,-
XRPUSDT,rsi>70 & >ema20 & adx>25,3,123,0.0214292755506011,2.4989399754426156,73,0.01709837773146968,50,0.027752386366532975,0.0008705571997637551,0.0004487052439930162,WEAK
XRPUSDT,rsi>70 & >ema20 & btc>ema50,3,138,0.016988512846670016,2.073759103765266,81,0.010051263266473931,57,0.026846709618527618,0.0008705571997637551,0.0004487052439930162,-
XRPUSDT,rsi>70 & >ema20 & funding<0,3,5,-0.03189237297530585,-1.1571704918268095,5,-0.03189237297530585,0,,0.0008705571997637551,0.0004487052439930162,-
XRPUSDT,rsi>70 & >ema50 & ema20>ema50,3,134,0.017470646148871206,2.1635075358339657,82,0.011676704124607641,52,0.026607247033286832,0.0008705571997637551,0.0004487052439930162,-
XRPUSDT,rsi>70 & >ema50 & >sma200,3,139,0.016049589377280273,1.9855369534420122,85,0.008992069813214123,54,0.027158647950347368,0.0008705571997637551,0.0004487052439930162,-
XRPUSDT,rsi>70 & >ema50 & macd>signal,3,142,0.015834963632136753,1.981367792820563,85,0.008450616323615828,57,0.026846709618527618,0.0008705571997637551,0.0004487052439930162,-
XRPUSDT,rsi>70 & >ema50 & macd_hist_up,3,98,0.0208358444777641,2.034155214567777,62,0.011553991929572018,36,0.03682125719965046,0.0008705571997637551,0.0004487052439930162,-
XRPUSDT,rsi>70 & >ema50 & <lower_bb,3,0,,,0,,0,,0.0008705571997637551,0.0004487052439930162,-
XRPUSDT,rsi>70 & >ema50 & >upper_bb,3,82,0.0239719553239442,2.057211603657407,52,0.01652795192500669,30,0.03687489454876922,0.0008705571997637551,0.0004487052439930162,-
XRPUSDT,rsi>70 & >ema50 & stoch<20,3,0,,,0,,0,,0.0008705571997637551,0.0004487052439930162,-
XRPUSDT,rsi>70 & >ema50 & dip>3%,3,16,0.031736339741037456,0.8675713653332371,11,0.045268285440565006,5,0.0019660592020768627,0.0008705571997637551,0.0004487052439930162,-
XRPUSDT,rsi>70 & >ema50 & pop>3%,3,79,0.022876640322956665,2.0133233813860754,49,0.003917594729092384,30,0.05384308145960164,0.0008705571997637551,0.0004487052439930162,-
XRPUSDT,rsi>70 & >ema50 & vol>1.5x,3,100,0.01893070009076745,1.935583601202192,62,0.00764432901361132,38,0.03734530553244323,0.0008705571997637551,0.0004487052439930162,-
XRPUSDT,rsi>70 & >ema50 & 20d_high,3,81,0.02237214846757508,2.0017726589650318,50,0.006822652954482304,31,0.047451979940305346,0.0008705571997637551,0.0004487052439930162,-
XRPUSDT,rsi>70 & >ema50 & 20d_low,3,0,,,0,,0,,0.0008705571997637551,0.0004487052439930162,-
XRPUSDT,rsi>70 & >ema50 & adx>25,3,123,0.0214292755506011,2.4989399754426156,73,0.01709837773146968,50,0.027752386366532975,0.0008705571997637551,0.0004487052439930162,WEAK
XRPUSDT,rsi>70 & >ema50 & btc>ema50,3,138,0.016988512846670016,2.073759103765266,81,0.010051263266473931,57,0.026846709618527618,0.0008705571997637551,0.0004487052439930162,-
XRPUSDT,rsi>70 & >ema50 & funding<0,3,5,-0.03189237297530585,-1.1571704918268095,5,-0.03189237297530585,0,,0.0008705571997637551,0.0004487052439930162,-
XRPUSDT,rsi>70 & ema20>ema50 & >sma200,3,134,0.017470646148871206,2.1635075358339657,82,0.011676704124607641,52,0.026607247033286832,0.0008705571997637551,0.0004487052439930162,-
XRPUSDT,rsi>70 & ema20>ema50 & macd>signal,3,132,0.0178489728757856,2.1809841688899883,80,0.012156094673409803,52,0.026607247033286832,0.0008705571997637551,0.0004487052439930162,-
XRPUSDT,rsi>70 & ema20>ema50 & macd_hist_up,3,88,0.02442514025751321,2.287103170849875,57,0.01702688922805095,31,0.03802837602136315,0.0008705571997637551,0.0004487052439930162,-
XRPUSDT,rsi>70 & ema20>ema50 & <lower_bb,3,0,,,0,,0,,0.0008705571997637551,0.0004487052439930162,-
XRPUSDT,rsi>70 & ema20>ema50 & >upper_bb,3,73,0.027750468450017125,2.276805032526916,48,0.022212978394027763,25,0.038382449357516724,0.0008705571997637551,0.0004487052439930162,-
XRPUSDT,rsi>70 & ema20>ema50 & stoch<20,3,0,,,0,,0,,0.0008705571997637551,0.0004487052439930162,-
XRPUSDT,rsi>70 & ema20>ema50 & dip>3%,3,16,0.031736339741037456,0.8675713653332371,11,0.045268285440565006,5,0.0019660592020768627,0.0008705571997637551,0.0004487052439930162,-
XRPUSDT,rsi>70 & ema20>ema50 & pop>3%,3,71,0.025362665694579536,2.1626478214569573,45,0.008744904955404387,26,0.05412417466622881,0.0008705571997637551,0.0004487052439930162,-
XRPUSDT,rsi>70 & ema20>ema50 & vol>1.5x,3,90,0.022228551032411396,2.1914367645565265,57,0.01277427342472528,33,0.03855866690023285,0.0008705571997637551,0.0004487052439930162,-
XRPUSDT,rsi>70 & ema20>ema50 & 20d_high,3,73,0.024734776776371942,2.147019620426566,46,0.011797635412864915,27,0.046775832432717254,0.0008705571997637551,0.0004487052439930162,-
XRPUSDT,rsi>70 & ema20>ema50 & 20d_low,3,0,,,0,,0,,0.0008705571997637551,0.0004487052439930162,-
XRPUSDT,rsi>70 & ema20>ema50 & adx>25,3,116,0.021983936831634392,2.4552111228835667,71,0.018439478262930978,45,0.02757630479558866,0.0008705571997637551,0.0004487052439930162,WEAK
XRPUSDT,rsi>70 & ema20>ema50 & btc>ema50,3,128,0.019155580911568305,2.2800137236167473,76,0.014057072512497727,52,0.026607247033286832,0.0008705571997637551,0.0004487052439930162,-
XRPUSDT,rsi>70 & ema20>ema50 & funding<0,3,5,-0.03189237297530585,-1.1571704918268095,5,-0.03189237297530585,0,,0.0008705571997637551,0.0004487052439930162,-
XRPUSDT,rsi>70 & >sma200 & macd>signal,3,137,0.01639336320508698,2.0018502573187824,83,0.009389443009375395,54,0.027158647950347368,0.0008705571997637551,0.0004487052439930162,-
XRPUSDT,rsi>70 & >sma200 & macd_hist_up,3,93,0.021927297657573955,2.062494255143964,60,0.012956148031737962,33,0.03823847879545761,0.0008705571997637551,0.0004487052439930162,-
XRPUSDT,rsi>70 & >sma200 & <lower_bb,3,0,,,0,,0,,0.0008705571997637551,0.0004487052439930162,-
XRPUSDT,rsi>70 & >sma200 & >upper_bb,3,77,0.025493847531128842,2.0898780670019277,50,0.01840949764742321,27,0.03861301398243558,0.0008705571997637551,0.0004487052439930162,-
XRPUSDT,rsi>70 & >sma200 & stoch<20,3,0,,,0,,0,,0.0008705571997637551,0.0004487052439930162,-
XRPUSDT,rsi>70 & >sma200 & dip>3%,3,16,0.031736339741037456,0.8675713653332371,11,0.045268285440565006,5,0.0019660592020768627,0.0008705571997637551,0.0004487052439930162,-
XRPUSDT,rsi>70 & >sma200 & pop>3%,3,76,0.022244415839583725,1.9043487950850457,48,0.004174102477053562,28,0.05322209588963543,0.0008705571997637551,0.0004487052439930162,-
XRPUSDT,rsi>70 & >sma200 & vol>1.5x,3,95,0.019898904551686747,1.9635882337468742,60,0.008916163018578572,35,0.03872646146558648,0.0008705571997637551,0.0004487052439930162,-
XRPUSDT,rsi>70 & >sma200 & 20d_high,3,78,0.021736731335491893,1.8934889817643226,49,0.007133212753003252,29,0.04641164204383477,0.0008705571997637551,0.0004487052439930162,-
XRPUSDT,rsi>70 & >sma200 & 20d_low,3,0,,,0,,0,,0.0008705571997637551,0.0004487052439930162,-
XRPUSDT,rsi>70 & >sma200 & adx>25,3,118,0.02231463403438502,2.5310778795489552,71,0.018439478262930978,47,0.028168592752964523,0.0008705571997637551,0.0004487052439930162,WEAK
XRPUSDT,rsi>70 & >sma200 & btc>ema50,3,133,0.0176070729035636,2.0956384458646533,79,0.011078148188040518,54,0.027158647950347368,0.0008705571997637551,0.0004487052439930162,-
XRPUSDT,rsi>70 & >sma200 & funding<0,3,5,-0.03189237297530585,-1.1571704918268095,5,-0.03189237297530585,0,,0.0008705571997637551,0.0004487052439930162,-
XRPUSDT,rsi>70 & macd>signal & macd_hist_up,3,96,0.021426152025789996,2.053364967234272,60,0.01218908892147371,36,0.03682125719965046,0.0008705571997637551,0.0004487052439930162,-
XRPUSDT,rsi>70 & macd>signal & <lower_bb,3,0,,,0,,0,,0.0008705571997637551,0.0004487052439930162,-
XRPUSDT,rsi>70 & macd>signal & >upper_bb,3,82,0.0239719553239442,2.057211603657407,52,0.01652795192500669,30,0.03687489454876922,0.0008705571997637551,0.0004487052439930162,-
XRPUSDT,rsi>70 & macd>signal & stoch<20,3,0,,,0,,0,,0.0008705571997637551,0.0004487052439930162,-
XRPUSDT,rsi>70 & macd>signal & dip>3%,3,16,0.031736339741037456,0.8675713653332371,11,0.045268285440565006,5,0.0019660592020768627,0.0008705571997637551,0.0004487052439930162,-
XRPUSDT,rsi>70 & macd>signal & pop>3%,3,78,0.02373859062677003,2.068527135768172,48,0.004923283856250261,30,0.05384308145960164,0.0008705571997637551,0.0004487052439930162,-
XRPUSDT,rsi>70 & macd>signal & vol>1.5x,3,100,0.01893070009076745,1.935583601202192,62,0.00764432901361132,38,0.03734530553244323,0.0008705571997637551,0.0004487052439930162,-
XRPUSDT,rsi>70 & macd>signal & 20d_high,3,80,0.02320624386560084,2.0563442098409763,49,0.00786710471629798,31,0.047451979940305346,0.0008705571997637551,0.0004487052439930162,-
XRPUSDT,rsi>70 & macd>signal & 20d_low,3,0,,,0,,0,,0.0008705571997637551,0.0004487052439930162,-
XRPUSDT,rsi>70 & macd>signal & adx>25,3,121,0.02190742750726358,2.5180347310003306,71,0.017791259296510487,50,0.027752386366532975,0.0008705571997637551,0.0004487052439930162,WEAK
XRPUSDT,rsi>70 & macd>signal & btc>ema50,3,136,0.017348622121289854,2.0901560814271436,79,0.010495571648599312,57,0.026846709618527618,0.0008705571997637551,0.0004487052439930162,-
XRPUSDT,rsi>70 & macd>signal & funding<0,3,5,-0.03189237297530585,-1.1571704918268095,5,-0.03189237297530585,0,,0.0008705571997637551,0.0004487052439930162,-
XRPUSDT,rsi>70 & macd_hist_up & <lower_bb,3,0,,,0,,0,,0.0008705571997637551,0.0004487052439930162,-
XRPUSDT,rsi>70 & macd_hist_up & >upper_bb,3,82,0.0239719553239442,2.057211603657407,52,0.01652795192500669,30,0.03687489454876922,0.0008705571997637551,0.0004487052439930162,-
XRPUSDT,rsi>70 & macd_hist_up & stoch<20,3,0,,,0,,0,,0.0008705571997637551,0.0004487052439930162,-
XRPUSDT,rsi>70 & macd_hist_up & dip>3%,3,7,0.04898468243106224,0.7719201821736285,5,0.0700985913535102,2,-0.0038000898750576682,0.0008705571997637551,0.0004487052439930162,-
XRPUSDT,rsi>70 & macd_hist_up & pop>3%,3,71,0.022088459883290747,1.7911076768086467,45,0.00523219949979638,26,0.05126275670087715,0.0008705571997637551,0.0004487052439930162,-
XRPUSDT,rsi>70 & macd_hist_up & vol>1.5x,3,89,0.02146326997748588,1.9768340144124539,54,0.009022542930957866,35,0.04065753456355766,0.0008705571997637551,0.0004487052439930162,-
XRPUSDT,rsi>70 & macd_hist_up & 20d_high,3,76,0.022058443744579798,1.898988394455105,48,0.005530775155404043,28,0.05039158989745253,0.0008705571997637551,0.0004487052439930162,-
XRPUSDT,rsi>70 & macd_hist_up & 20d_low,3,0,,,0,,0,,0.0008705571997637551,0.0004487052439930162,-
XRPUSDT,rsi>70 & macd_hist_up & adx>25,3,77,0.03174216430436826,2.7063348972165495,48,0.026275510878715925,29,0.04079041825027555,0.0008705571997637551,0.0004487052439930162,-
XRPUSDT,rsi>70 & macd_hist_up & btc>ema50,3,93,0.022628001485297707,2.107873636543357,57,0.01366383998149597,36,0.03682125719965046,0.0008705571997637551,0.0004487052439930162,-
XRPUSDT,rsi>70 & macd_hist_up & funding<0,3,4,-0.02777636786408346,-0.7895135067863112,4,-0.02777636786408346,0,,0.0008705571997637551,0.0004487052439930162,-
XRPUSDT,rsi>70 & <lower_bb & >upper_bb,3,0,,,0,,0,,0.0008705571997637551,0.0004487052439930162,-
XRPUSDT,rsi>70 & <lower_bb & stoch<20,3,0,,,0,,0,,0.0008705571997637551,0.0004487052439930162,-
XRPUSDT,rsi>70 & <lower_bb & dip>3%,3,0,,,0,,0,,0.0008705571997637551,0.0004487052439930162,-
XRPUSDT,rsi>70 & <lower_bb & pop>3%,3,0,,,0,,0,,0.0008705571997637551,0.0004487052439930162,-
XRPUSDT,rsi>70 & <lower_bb & vol>1.5x,3,0,,,0,,0,,0.0008705571997637551,0.0004487052439930162,-
XRPUSDT,rsi>70 & <lower_bb & 20d_high,3,0,,,0,,0,,0.0008705571997637551,0.0004487052439930162,-
XRPUSDT,rsi>70 & <lower_bb & 20d_low,3,0,,,0,,0,,0.0008705571997637551,0.0004487052439930162,-
XRPUSDT,rsi>70 & <lower_bb & adx>25,3,0,,,0,,0,,0.0008705571997637551,0.0004487052439930162,-
XRPUSDT,rsi>70 & <lower_bb & btc>ema50,3,0,,,0,,0,,0.0008705571997637551,0.0004487052439930162,-
XRPUSDT,rsi>70 & <lower_bb & funding<0,3,0,,,0,,0,,0.0008705571997637551,0.0004487052439930162,-
XRPUSDT,rsi>70 & >upper_bb & stoch<20,3,0,,,0,,0,,0.0008705571997637551,0.0004487052439930162,-
XRPUSDT,rsi>70 & >upper_bb & dip>3%,3,6,0.06758382112208054,0.9414445683461541,5,0.0700985913535102,1,,0.0008705571997637551,0.0004487052439930162,-
XRPUSDT,rsi>70 & >upper_bb & pop>3%,3,61,0.02273797216788161,1.6620910526552781,38,0.012106668650365245,23,0.04030273450116954,0.0008705571997637551,0.0004487052439930162,-
XRPUSDT,rsi>70 & >upper_bb & vol>1.5x,3,79,0.020695301650082928,1.751135853823296,49,0.010789428446805608,30,0.03687489454876922,0.0008705571997637551,0.0004487052439930162,-
XRPUSDT,rsi>70 & >upper_bb & 20d_high,3,67,0.022106367524253462,1.7576045829419291,42,0.011334068754576614,25,0.040203829457310575,0.0008705571997637551,0.0004487052439930162,-
XRPUSDT,rsi>70 & >upper_bb & 20d_low,3,0,,,0,,0,,0.0008705571997637551,0.0004487052439930162,-
XRPUSDT,rsi>70 & >upper_bb & adx>25,3,63,0.035286826271259404,2.590039509997875,39,0.03479268715622546,24,0.03608980233318957,0.0008705571997637551,0.0004487052439930162,-
XRPUSDT,rsi>70 & >upper_bb & btc>ema50,3,78,0.025346394911696064,2.0760848634879765,48,0.018141082638525343,30,0.03687489454876922,0.0008705571997637551,0.0004487052439930162,-
XRPUSDT,rsi>70 & >upper_bb & funding<0,3,4,-0.02777636786408346,-0.7895135067863112,4,-0.02777636786408346,0,,0.0008705571997637551,0.0004487052439930162,-
XRPUSDT,rsi>70 & stoch<20 & dip>3%,3,0,,,0,,0,,0.0008705571997637551,0.0004487052439930162,-
XRPUSDT,rsi>70 & stoch<20 & pop>3%,3,0,,,0,,0,,0.0008705571997637551,0.0004487052439930162,-
XRPUSDT,rsi>70 & stoch<20 & vol>1.5x,3,0,,,0,,0,,0.0008705571997637551,0.0004487052439930162,-
XRPUSDT,rsi>70 & stoch<20 & 20d_high,3,0,,,0,,0,,0.0008705571997637551,0.0004487052439930162,-
XRPUSDT,rsi>70 & stoch<20 & 20d_low,3,0,,,0,,0,,0.0008705571997637551,0.0004487052439930162,-
XRPUSDT,rsi>70 & stoch<20 & adx>25,3,0,,,0,,0,,0.0008705571997637551,0.0004487052439930162,-
XRPUSDT,rsi>70 & stoch<20 & btc>ema50,3,0,,,0,,0,,0.0008705571997637551,0.0004487052439930162,-
XRPUSDT,rsi>70 & stoch<20 & funding<0,3,0,,,0,,0,,0.0008705571997637551,0.0004487052439930162,-
XRPUSDT,rsi>70 & dip>3% & pop>3%,3,0,,,0,,0,,0.0008705571997637551,0.0004487052439930162,-
XRPUSDT,rsi>70 & dip>3% & vol>1.5x,3,12,0.02191791573512906,0.5806141699136046,9,0.031156466646851552,3,-0.005797737000038443,0.0008705571997637551,0.0004487052439930162,-
XRPUSDT,rsi>70 & dip>3% & 20d_high,3,0,,,0,,0,,0.0008705571997637551,0.0004487052439930162,-
XRPUSDT,rsi>70 & dip>3% & 20d_low,3,0,,,0,,0,,0.0008705571997637551,0.0004487052439930162,-
XRPUSDT,rsi>70 & dip>3% & adx>25,3,16,0.031736339741037456,0.8675713653332371,11,0.045268285440565006,5,0.0019660592020768627,0.0008705571997637551,0.0004487052439930162,-
XRPUSDT,rsi>70 & dip>3% & btc>ema50,3,15,0.033440156859990924,0.8560365331999987,10,0.04917720568894794,5,0.0019660592020768627,0.0008705571997637551,0.0004487052439930162,-
XRPUSDT,rsi>70 & dip>3% & funding<0,3,1,,,1,,0,,0.0008705571997637551,0.0004487052439930162,-
XRPUSDT,rsi>70 & pop>3% & vol>1.5x,3,65,0.021855917865866274,1.6886309175957588,39,0.002251358642525687,26,0.05126275670087715,0.0008705571997637551,0.0004487052439930162,-
XRPUSDT,rsi>70 & pop>3% & 20d_high,3,69,0.026165535684199277,2.0443660371972805,43,0.006798557835580236,26,0.05819553751076153,0.0008705571997637551,0.0004487052439930162,-
XRPUSDT,rsi>70 & pop>3% & 20d_low,3,0,,,0,,0,,0.0008705571997637551,0.0004487052439930162,-
XRPUSDT,rsi>70 & pop>3% & adx>25,3,62,0.03441678014855868,2.690513558256834,37,0.020721205568726052,25,0.05468623052671098,0.0008705571997637551,0.0004487052439930162,-
XRPUSDT,rsi>70 & pop>3% & btc>ema50,3,76,0.02439923484071566,2.077949560669564,46,0.005196726176224795,30,0.05384308145960164,0.0008705571997637551,0.0004487052439930162,-
XRPUSDT,rsi>70 & pop>3% & funding<0,3,3,-0.03909485147102316,-0.8298771052697616,3,-0.03909485147102316,0,,0.0008705571997637551,0.0004487052439930162,-
XRPUSDT,rsi>70 & vol>1.5x & 20d_high,3,69,0.021401002767331204,1.740736982593625,41,0.0016025530199312698,28,0.05039158989745253,0.0008705571997637551,0.0004487052439930162,-
XRPUSDT,rsi>70 & vol>1.5x & 20d_low,3,0,,,0,,0,,0.0008705571997637551,0.0004487052439930162,-
XRPUSDT,rsi>70 & vol>1.5x & adx>25,3,80,0.027473193139438967,2.481501081587642,48,0.021225529612266692,32,0.03684468843019738,0.0008705571997637551,0.0004487052439930162,WEAK
XRPUSDT,rsi>70 & vol>1.5x & btc>ema50,3,95,0.02055520914785062,2.007027856804784,57,0.00936181155812221,38,0.03734530553244323,0.0008705571997637551,0.0004487052439930162,-
XRPUSDT,rsi>70 & vol>1.5x & funding<0,3,5,-0.03189237297530585,-1.1571704918268095,5,-0.03189237297530585,0,,0.0008705571997637551,0.0004487052439930162,-
XRPUSDT,rsi>70 & 20d_high & 20d_low,3,0,,,0,,0,,0.0008705571997637551,0.0004487052439930162,-
XRPUSDT,rsi>70 & 20d_high & adx>25,3,62,0.033795907549423,2.614785526242436,37,0.023362877577872643,25,0.04923679190731756,0.0008705571997637551,0.0004487052439930162,-
XRPUSDT,rsi>70 & 20d_high & btc>ema50,3,78,0.023836298567364033,2.0655337898650896,47,0.008259998087338913,31,0.047451979940305346,0.0008705571997637551,0.0004487052439930162,-
XRPUSDT,rsi>70 & 20d_high & funding<0,3,3,-0.03909485147102316,-0.8298771052697616,3,-0.03909485147102316,0,,0.0008705571997637551,0.0004487052439930162,-
XRPUSDT,rsi>70 & 20d_low & adx>25,3,0,,,0,,0,,0.0008705571997637551,0.0004487052439930162,-
XRPUSDT,rsi>70 & 20d_low & btc>ema50,3,0,,,0,,0,,0.0008705571997637551,0.0004487052439930162,-
XRPUSDT,rsi>70 & 20d_low & funding<0,3,0,,,0,,0,,0.0008705571997637551,0.0004487052439930162,-
XRPUSDT,rsi>70 & adx>25 & btc>ema50,3,120,0.02274292596625277,2.599671419277776,70,0.01916473996605262,50,0.027752386366532975,0.0008705571997637551,0.0004487052439930162,WEAK
XRPUSDT,rsi>70 & adx>25 & funding<0,3,2,-0.02108865523172989,-0.7733921708493804,2,-0.02108865523172989,0,,0.0008705571997637551,0.0004487052439930162,-
XRPUSDT,rsi>70 & btc>ema50 & funding<0,3,1,,,1,,0,,0.0008705571997637551,0.0004487052439930162,-
XRPUSDT,rsi50-70 & >ema20 & >ema50,3,697,-0.0017928951340943238,-0.989010791694143,462,-0.0007281521005334247,235,-0.0038861346298608604,0.0008705571997637551,0.0004487052439930162,-
XRPUSDT,rsi50-70 & >ema20 & ema20>ema50,3,498,-0.0028140548745073375,-1.2124839311003488,340,-0.00177811747628511,158,-0.0050432872504285855,0.0008705571997637551,0.0004487052439930162,-
XRPUSDT,rsi50-70 & >ema20 & >sma200,3,550,-0.0030312485321486063,-1.4337647746013682,358,-0.0017844763660688056,192,-0.0053559591334849015,0.0008705571997637551,0.0004487052439930162,-
XRPUSDT,rsi50-70 & >ema20 & macd>signal,3,543,0.0022358006060471565,1.0964831210322101,339,0.004535811889474875,204,-0.0015862769678842007,0.0008705571997637551,0.0004487052439930162,-
XRPUSDT,rsi50-70 & >ema20 & macd_hist_up,3,406,-0.002819280571734712,-1.1122512294186744,251,-0.001974375832731964,155,-0.0041874811490875494,0.0008705571997637551,0.0004487052439930162,-
XRPUSDT,rsi50-70 & >ema20 & <lower_bb,3,0,,,0,,0,,0.0008705571997637551,0.0004487052439930162,-
XRPUSDT,rsi50-70 & >ema20 & >upper_bb,3,78,0.006832810746629839,0.8733992480696343,50,0.003522325135402277,28,0.012744392195250488,0.0008705571997637551,0.0004487052439930162,-
XRPUSDT,rsi50-70 & >ema20 & stoch<20,3,4,-0.01447920668099422,-1.474445207829878,3,-0.01076659606607746,1,,0.0008705571997637551,0.0004487052439930162,-
XRPUSDT,rsi50-70 & >ema20 & dip>3%,3,81,0.014593990424962651,2.437100706230424,62,0.018229939163315535,19,0.002729315594547963,0.0008705571997637551,0.0004487052439930162,-
XRPUSDT,rsi50-70 & >ema20 & pop>3%,3,189,-0.0014942852980359847,-0.30277128438702794,123,-0.0026424870569493634,66,0.000645545252666225,0.0008705571997637551,0.0004487052439930162,-
XRPUSDT,rsi50-70 & >ema20 & vol>1.5x,3,149,-0.0007773424546922848,-0.15742605436571577,101,-0.0012412727297104905,48,0.0001988441656585229,0.0008705571997637551,0.0004487052439930162,-
XRPUSDT,rsi50-70 & >ema20 & 20d_high,3,129,0.006796564147024731,1.1748745580534887,88,0.00559948962497753,41,0.009365894828491893,0.0008705571997637551,0.0004487052439930162,-
XRPUSDT,rsi50-70 & >ema20 & 20d_low,3,0,,,0,,0,,0.0008705571997637551,0.0004487052439930162,-
XRPUSDT,rsi50-70 & >ema20 & adx>25,3,333,-0.001173075480141239,-0.43731888101454663,239,0.001333235736972105,94,-0.007545505064078358,0.0008705571997637551,0.0004487052439930162,-
XRPUSDT,rsi50-70 & >ema20 & btc>ema50,3,614,-0.0012804297490087329,-0.7144694981710666,387,-0.001064998206091167,227,-0.0016477073133659935,0.0008705571997637551,0.0004487052439930162,-
XRPUSDT,rsi50-70 & >ema20 & funding<0,3,68,-0.003015895362803808,-0.5820514815097553,41,0.005512472988681362,27,-0.015966380637281282,0.0008705571997637551,0.0004487052439930162,-
XRPUSDT,rsi50-70 & >ema50 & ema20>ema50,3,543,-0.0022185057481920838,-1.0135505653788843,367,-0.0015239664518524195,176,-0.00366677803090036,0.0008705571997637551,0.0004487052439930162,-
XRPUSDT,rsi50-70 & >ema50 & >sma200,3,576,-0.002223077629075047,-1.0768195148516246,374,-0.0012351331336523843,202,-0.004052242189907103,0.0008705571997637551,0.0004487052439930162,-
XRPUSDT,rsi50-70 & >ema50 & macd>signal,3,467,0.0022764574105339996,1.0149833291913044,304,0.004605601134751503,163,-0.002067467081258154,0.0008705571997637551,0.0004487052439930162,-
XRPUSDT,rsi50-70 & >ema50 & macd_hist_up,3,368,-0.0035636593316357083,-1.3360172602023255,238,-0.0033489336129738784,130,-0.003956772570416595,0.0008705571997637551,0.0004487052439930162,-
XRPUSDT,rsi50-70 & >ema50 & <lower_bb,3,0,,,0,,0,,0.0008705571997637551,0.0004487052439930162,-
XRPUSDT,rsi50-70 & >ema50 & >upper_bb,3,71,0.005493765459440978,0.6448036744390985,47,0.0037825421948403794,24,0.00884491101928381,0.0008705571997637551,0.0004487052439930162,-
XRPUSDT,rsi50-70 & >ema50 & stoch<20,3,10,0.0023772134102509556,0.1952804760585543,5,0.002032567783999892,5,0.002721859036502018,0.0008705571997637551,0.0004487052439930162,-
XRPUSDT,rsi50-70 & >ema50 & dip>3%,3,88,0.01657217618182241,2.914150928256325,67,0.019483058970427482,21,0.007285073951510977,0.0008705571997637551,0.0004487052439930162,-
XRPUSDT,rsi50-70 & >ema50 & pop>3%,3,169,-0.002970348408394315,-0.553510888096125,115,-0.004477799186504634,54,0.0002399634338776674,0.0008705571997637551,0.0004487052439930162,-
XRPUSDT,rsi50-70 & >ema50 & vol>1.5x,3,139,-0.001104167213429821,-0.21156538866695362,96,-0.0011119332649758562,43,-0.0010868290518386682,0.0008705571997637551,0.0004487052439930162,-
XRPUSDT,rsi50-70 & >ema50 & 20d_high,3,118,0.004979955880525193,0.8063846842725622,81,0.004298743493061819,37,0.006471258674701769,0.0008705571997637551,0.0004487052439930162,-
XRPUSDT,rsi50-70 & >ema50 & 20d_low,3,4,0.007360001855339422,0.535721784915754,2,-0.005429760747480715,2,0.02014976445815956,0.0008705571997637551,0.0004487052439930162,-
XRPUSDT,rsi50-70 & >ema50 & adx>25,3,324,-0.0014976405033621674,-0.5613219750125727,228,0.0007525970396351001,96,-0.0068419546679806785,0.0008705571997637551,0.0004487052439930162,-
XRPUSDT,rsi50-70 & >ema50 & btc>ema50,3,605,-0.0010184056456528975,-0.5562405405870929,391,-0.0009405097987567568,214,-0.001160729365916406,0.0008705571997637551,0.0004487052439930162,-
XRPUSDT,rsi50-70 & >ema50 & funding<0,3,57,-0.0006077117656001407,-0.10037732891059147,35,0.0076940194001295864,22,-0.013815011347442875,0.0008705571997637551,0.0004487052439930162,-
XRPUSDT,rsi50-70 & ema20>ema50 & >sma200,3,498,-0.002426158754095167,-1.0556450904954933,327,-0.0018694172587440455,171,-0.003490804771520991,0.0008705571997637551,0.0004487052439930162,-
XRPUSDT,rsi50-70 & ema20>ema50 & macd>signal,3,281,0.003015199192251913,0.9214909149854772,190,0.005369127346385726,91,-0.0018995958548406588,0.0008705571997637551,0.0004487052439930162,-
XRPUSDT,rsi50-70 & ema20>ema50 & macd_hist_up,3,237,-0.005220943036564502,-1.398327803223202,163,-0.0038885893347288354,74,-0.008155722136553878,0.0008705571997637551,0.0004487052439930162,-
XRPUSDT,rsi50-70 & ema20>ema50 & <lower_bb,3,0,,,0,,0,,0.0008705571997637551,0.0004487052439930162,-
XRPUSDT,rsi50-70 & ema20>ema50 & >upper_bb,3,35,0.001556270142904651,0.10065860681262086,26,0.006925956047168933,9,-0.013956155802747719,0.0008705571997637551,0.0004487052439930162,-
XRPUSDT,rsi50-70 & ema20>ema50 & stoch<20,3,10,0.0023772134102509556,0.1952804760585543,5,0.002032567783999892,5,0.002721859036502018,0.0008705571997637551,0.0004487052439930162,-
XRPUSDT,rsi50-70 & ema20>ema50 & dip>3%,3,77,0.016930975935950957,2.7248914211271984,58,0.019065918536735026,19,0.010413782733557479,0.0008705571997637551,0.0004487052439930162,-
XRPUSDT,rsi50-70 & ema20>ema50 & pop>3%,3,114,-0.005508733217905953,-0.761618431767828,82,-0.006643161105059815,32,-0.0026017617570741874,0.0008705571997637551,0.0004487052439930162,-
XRPUSDT,rsi50-70 & ema20>ema50 & vol>1.5x,3,75,-0.0020358696053802395,-0.2416917171355338,54,-0.0008393043715751537,21,-0.005112751635164743,0.0008705571997637551,0.0004487052439930162,-
XRPUSDT,rsi50-70 & ema20>ema50 & 20d_high,3,60,0.008924515214633178,0.8447750512783054,46,0.01086428142457854,14,0.0025509976676698397,0.0008705571997637551,0.0004487052439930162,-
XRPUSDT,rsi50-70 & ema20>ema50 & 20d_low,3,4,0.007360001855339422,0.535721784915754,2,-0.005429760747480715,2,0.02014976445815956,0.0008705571997637551,0.0004487052439930162,-
XRPUSDT,rsi50-70 & ema20>ema50 & adx>25,3,261,-0.0024788349805428597,-0.8356221662819246,179,-0.0007240461844739266,82,-0.006309410523181145,0.0008705571997637551,0.0004487052439930162,-
XRPUSDT,rsi50-70 & ema20>ema50 & btc>ema50,3,461,-0.001851927741650485,-0.8213044310588293,306,-0.001437739228525689,155,-0.0026696160320775018,0.0008705571997637551,0.0004487052439930162,-
XRPUSDT,rsi50-70 & ema20>ema50 & funding<0,3,35,0.0035660767768952834,0.4075305612625911,22,0.010916383914346075,13,-0.008872904532636831,0.0008705571997637551,0.0004487052439930162,-
XRPUSDT,rsi50-70 & >sma200 & macd>signal,3,341,0.0011823328009440966,0.43383507271487226,218,0.003912907739793164,123,-0.003657222781731486,0.0008705571997637551,0.0004487052439930162,-
XRPUSDT,rsi50-70 & >sma200 & macd_hist_up,3,295,-0.004737240154229633,-1.50277786243567,192,-0.0033014110199091396,103,-0.007413737181312494,0.0008705571997637551,0.0004487052439930162,-
XRPUSDT,rsi50-70 & >sma200 & <lower_bb,3,0,,,0,,0,,0.0008705571997637551,0.0004487052439930162,-
XRPUSDT,rsi50-70 & >sma200 & >upper_bb,3,46,0.0021954335920459,0.18266420580491102,34,0.003510184451742688,12,-0.0015296938437616644,0.0008705571997637551,0.0004487052439930162,-
XRPUSDT,rsi50-70 & >sma200 & stoch<20,3,10,0.0023772134102509556,0.1952804760585543,5,0.002032567783999892,5,0.002721859036502018,0.0008705571997637551,0.0004487052439930162,-
XRPUSDT,rsi50-70 & >sma200 & dip>3%,3,73,0.015978596933418743,2.879731416946284,54,0.018094397964786988,19,0.009965267686372159,0.0008705571997637551,0.0004487052439930162,-
XRPUSDT,rsi50-70 & >sma200 & pop>3%,3,134,-0.004642547657538269,-0.717021326708929,90,-0.0034726551496959096,44,-0.007035509605397634,0.0008705571997637551,0.0004487052439930162,-
XRPUSDT,rsi50-70 & >sma200 & vol>1.5x,3,97,-0.0036020134458552696,-0.5589321602962743,71,-0.0028138373952140633,26,-0.0057543403533754835,0.0008705571997637551,0.0004487052439930162,-
XRPUSDT,rsi50-70 & >sma200 & 20d_high,3,83,0.005004957384179399,0.6112321921280323,60,0.0067650091235283705,23,0.00041351806413860576,0.0008705571997637551,0.0004487052439930162,-
XRPUSDT,rsi50-70 & >sma200 & 20d_low,3,4,0.007360001855339422,0.535721784915754,2,-0.005429760747480715,2,0.02014976445815956,0.0008705571997637551,0.0004487052439930162,-
XRPUSDT,rsi50-70 & >sma200 & adx>25,3,278,-0.002844207060659396,-0.9764946625120398,192,9.603005461442857e-05,86,-0.009408457364526536,0.0008705571997637551,0.0004487052439930162,-
XRPUSDT,rsi50-70 & >sma200 & btc>ema50,3,493,-0.0009647228474007451,-0.4506504516363593,316,-0.000811969826829656,177,-0.001237434454747998,0.0008705571997637551,0.0004487052439930162,-
XRPUSDT,rsi50-70 & >sma200 & funding<0,3,35,-0.010689015048704675,-1.8609112248039588,18,-0.005018344785646588,17,-0.016693254150766182,0.0008705571997637551,0.0004487052439930162,-
XRPUSDT,rsi50-70 & macd>signal & macd_hist_up,3,274,0.0019067698168934554,0.605623300915352,163,0.0035902313959474703,111,-0.0005653404298255028,0.0008705571997637551,0.0004487052439930162,-
XRPUSDT,rsi50-70 & macd>signal & <lower_bb,3,0,,,0,,0,,0.0008705571997637551,0.0004487052439930162,-
XRPUSDT,rsi50-70 & macd>signal & >upper_bb,3,78,0.006832810746629839,0.8733992480696343,50,0.003522325135402277,28,0.012744392195250488,0.0008705571997637551,0.0004487052439930162,-
XRPUSDT,rsi50-70 & macd>signal & stoch<20,3,0,,,0,,0,,0.0008705571997637551,0.0004487052439930162,-
XRPUSDT,rsi50-70 & macd>signal & dip>3%,3,60,0.016194207793649894,2.3526684377535263,47,0.01824566360535768,13,0.008777406012860207,0.0008705571997637551,0.0004487052439930162,-
XRPUSDT,rsi50-70 & macd>signal & pop>3%,3,126,0.007291969928601129,1.2025412730142868,82,0.009053006062538343,44,0.004010038951718129,0.0008705571997637551,0.0004487052439930162,-
XRPUSDT,rsi50-70 & macd>signal & vol>1.5x,3,134,0.0037241697375776203,0.8017647584858211,91,0.004665744577778062,43,0.0017315346106418046,0.0008705571997637551,0.0004487052439930162,-
XRPUSDT,rsi50-70 & macd>signal & 20d_high,3,127,0.006686035355898815,1.1421455309691662,86,0.005408427932918392,41,0.009365894828491893,0.0008705571997637551,0.0004487052439930162,-
XRPUSDT,rsi50-70 & macd>signal & 20d_low,3,0,,,0,,0,,0.0008705571997637551,0.0004487052439930162,-
XRPUSDT,rsi50-70 & macd>signal & adx>25,3,201,0.002354870925341267,0.6315203614762683,153,0.004143680336915499,48,-0.003346959074051595,0.0008705571997637551,0.0004487052439930162,-
XRPUSDT,rsi50-70 & macd>signal & btc>ema50,3,420,0.00319478519585574,1.40958793002752,261,0.004497605198903691,159,0.0010561938700977863,0.0008705571997637551,0.0004487052439930162,-
XRPUSDT,rsi50-70 & macd>signal & funding<0,3,52,-0.002958402716397925,-0.46413642271690486,28,0.008766750691666462,24,-0.01663774835913971,0.0008705571997637551,0.0004487052439930162,-
XRPUSDT,rsi50-70 & macd_hist_up & <lower_bb,3,0,,,0,,0,,0.0008705571997637551,0.0004487052439930162,-
XRPUSDT,rsi50-70 & macd_hist_up & >upper_bb,3,78,0.006832810746629839,0.8733992480696343,50,0.003522325135402277,28,0.012744392195250488,0.0008705571997637551,0.0004487052439930162,-
XRPUSDT,rsi50-70 & macd_hist_up & stoch<20,3,1,,,1,,0,,0.0008705571997637551,0.0004487052439930162,-
XRPUSDT,rsi50-70 & macd_hist_up & dip>3%,3,9,0.0023348411774913097,0.19250229622133874,6,0.0022301178856732385,3,0.002544287761127452,0.0008705571997637551,0.0004487052439930162,-
XRPUSDT,rsi50-70 & macd_hist_up & pop>3%,3,156,-0.0019521323303634192,-0.34860992093719995,97,-0.003972696074202267,59,0.0013698114518801091,0.0008705571997637551,0.0004487052439930162,-
XRPUSDT,rsi50-70 & macd_hist_up & vol>1.5x,3,105,-0.006711658285234469,-1.1845604309861912,70,-0.012060572517197533,35,0.003986170178691663,0.0008705571997637551,0.0004487052439930162,-
XRPUSDT,rsi50-70 & macd_hist_up & 20d_high,3,122,0.0071549076091999035,1.1748465476526455,81,0.006035765930299015,41,0.009365894828491893,0.0008705571997637551,0.0004487052439930162,-
XRPUSDT,rsi50-70 & macd_hist_up & 20d_low,3,0,,,0,,0,,0.0008705571997637551,0.0004487052439930162,-
XRPUSDT,rsi50-70 & macd_hist_up & adx>25,3,133,-0.002669071758546243,-0.5311628231391244,90,0.0030074670957344414,43,-0.01455019959308721,0.0008705571997637551,0.0004487052439930162,-
XRPUSDT,rsi50-70 & macd_hist_up & btc>ema50,3,323,-0.0018028999359093172,-0.675387744244382,207,-0.0017920266072565005,116,-0.0018223032034190853,0.0008705571997637551,0.0004487052439930162,-
XRPUSDT,rsi50-70 & macd_hist_up & funding<0,3,25,-0.015448099483866728,-2.2299067576227047,14,-0.004245193579248667,11,-0.029706343362471535,0.0008705571997637551,0.0004487052439930162,-
XRPUSDT,rsi50-70 & <lower_bb & >upper_bb,3,0,,,0,,0,,0.0008705571997637551,0.0004487052439930162,-
XRPUSDT,rsi50-70 & <lower_bb & stoch<20,3,0,,,0,,0,,0.0008705571997637551,0.0004487052439930162,-
XRPUSDT,rsi50-70 & <lower_bb & dip>3%,3,0,,,0,,0,,0.0008705571997637551,0.0004487052439930162,-
XRPUSDT,rsi50-70 & <lower_bb & pop>3%,3,0,,,0,,0,,0.0008705571997637551,0.0004487052439930162,-
XRPUSDT,rsi50-70 & <lower_bb & vol>1.5x,3,0,,,0,,0,,0.0008705571997637551,0.0004487052439930162,-
XRPUSDT,rsi50-70 & <lower_bb & 20d_high,3,0,,,0,,0,,0.0008705571997637551,0.0004487052439930162,-
XRPUSDT,rsi50-70 & <lower_bb & 20d_low,3,0,,,0,,0,,0.0008705571997637551,0.0004487052439930162,-
XRPUSDT,rsi50-70 & <lower_bb & adx>25,3,0,,,0,,0,,0.0008705571997637551,0.0004487052439930162,-
XRPUSDT,rsi50-70 & <lower_bb & btc>ema50,3,0,,,0,,0,,0.0008705571997637551,0.0004487052439930162,-
XRPUSDT,rsi50-70 & <lower_bb & funding<0,3,0,,,0,,0,,0.0008705571997637551,0.0004487052439930162,-
XRPUSDT,rsi50-70 & >upper_bb & stoch<20,3,0,,,0,,0,,0.0008705571997637551,0.0004487052439930162,-
XRPUSDT,rsi50-70 & >upper_bb & dip>3%,3,0,,,0,,0,,0.0008705571997637551,0.0004487052439930162,-
XRPUSDT,rsi50-70 & >upper_bb & pop>3%,3,48,0.008831435789148414,0.7440460522247488,30,0.003132250516351176,18,0.01833007791047714,0.0008705571997637551,0.0004487052439930162,-
XRPUSDT,rsi50-70 & >upper_bb & vol>1.5x,3,52,-0.0018282645629841,-0.25797591783264723,33,-0.009207250579044198,19,0.010987869043857129,0.0008705571997637551,0.0004487052439930162,-
XRPUSDT,rsi50-70 & >upper_bb & 20d_high,3,71,0.007473804302356197,0.8801352839235107,45,0.003729640171673461,26,0.0139540883746917,0.0008705571997637551,0.0004487052439930162,-
XRPUSDT,rsi50-70 & >upper_bb & 20d_low,3,0,,,0,,0,,0.0008705571997637551,0.0004487052439930162,-
XRPUSDT,rsi50-70 & >upper_bb & adx>25,3,25,0.0029286006717806636,0.2432571760806051,21,-0.008014660093578938,4,0.060380719689918566,0.0008705571997637551,0.0004487052439930162,-
XRPUSDT,rsi50-70 & >upper_bb & btc>ema50,3,64,0.006467619513922583,0.7132610122834165,41,0.005777719630107388,23,0.007697441045940975,0.0008705571997637551,0.0004487052439930162,-
XRPUSDT,rsi50-70 & >upper_bb & funding<0,3,3,-0.02842465512764379,-0.7672210877081587,3,-0.02842465512764379,0,,0.0008705571997637551,0.0004487052439930162,-
XRPUSDT,rsi50-70 & stoch<20 & dip>3%,3,3,0.019174824561649442,0.6072122994516842,2,0.021231313559115925,1,,0.0008705571997637551,0.0004487052439930162,-
XRPUSDT,rsi50-70 & stoch<20 & pop>3%,3,0,,,0,,0,,0.0008705571997637551,0.0004487052439930162,-
XRPUSDT,rsi50-70 & stoch<20 & vol>1.5x,3,0,,,0,,0,,0.0008705571997637551,0.0004487052439930162,-
XRPUSDT,rsi50-70 & stoch<20 & 20d_high,3,0,,,0,,0,,0.0008705571997637551,0.0004487052439930162,-
XRPUSDT,rsi50-70 & stoch<20 & 20d_low,3,2,-0.009143108856890146,-0.3777370665170922,1,,1,,0.0008705571997637551,0.0004487052439930162,-
XRPUSDT,rsi50-70 & stoch<20 & adx>25,3,11,-7.596816689975991e-05,-0.00662189639851165,5,0.002032567783999892,6,-0.0018330814593161399,0.0008705571997637551,0.0004487052439930162,-
XRPUSDT,rsi50-70 & stoch<20 & btc>ema50,3,9,0.0019201717069937704,0.14137916744781684,2,0.021562892938254783,7,-0.0036920343590808066,0.0008705571997637551,0.0004487052439930162,-
XRPUSDT,rsi50-70 & stoch<20 & funding<0,3,4,0.014254424943008666,0.8616295208996415,0,,4,0.014254424943008666,0.0008705571997637551,0.0004487052439930162,-
XRPUSDT,rsi50-70 & dip>3% & pop>3%,3,0,,,0,,0,,0.0008705571997637551,0.0004487052439930162,-
XRPUSDT,rsi50-70 & dip>3% & vol>1.5x,3,24,0.028383902399724464,2.077877584985814,19,0.039595412111266326,5,-0.01421983450413462,0.0008705571997637551,0.0004487052439930162,-
XRPUSDT,rsi50-70 & dip>3% & 20d_high,3,0,,,0,,0,,0.0008705571997637551,0.0004487052439930162,-
XRPUSDT,rsi50-70 & dip>3% & 20d_low,3,3,0.0014007750239183488,0.08001597279687012,2,-0.005429760747480715,1,,0.0008705571997637551,0.0004487052439930162,-
XRPUSDT,rsi50-70 & dip>3% & adx>25,3,63,0.0109176455616423,1.7687818390447585,51,0.013486069062063417,12,1.8456848525418938e-06,0.0008705571997637551,0.0004487052439930162,-
XRPUSDT,rsi50-70 & dip>3% & btc>ema50,3,65,0.014823198393081726,2.66022297074836,49,0.016866715925526764,16,0.008564925949968804,0.0008705571997637551,0.0004487052439930162,-
XRPUSDT,rsi50-70 & dip>3% & funding<0,3,10,0.024311020354302434,0.9994752415453514,5,0.046419487627157766,5,0.002202553081447102,0.0008705571997637551,0.0004487052439930162,-
XRPUSDT,rsi50-70 & pop>3% & vol>1.5x,3,64,-0.006817564132702062,-0.755889081838118,41,-0.015301708046855649,23,0.008306344583832585,0.0008705571997637551,0.0004487052439930162,-
XRPUSDT,rsi50-70 & pop>3% & 20d_high,3,70,0.011936023840997447,1.2034013035131657,47,0.010289818836477458,23,0.015300007980668719,0.0008705571997637551,0.0004487052439930162,-
XRPUSDT,rsi50-70 & pop>3% & 20d_low,3,0,,,0,,0,,0.0008705571997637551,0.0004487052439930162,-
XRPUSDT,rsi50-70 & pop>3% & adx>25,3,85,-0.0005952277175671779,-0.08229654337492584,60,0.004521855853263895,25,-0.012876228287561747,0.0008705571997637551,0.0004487052439930162,-
XRPUSDT,rsi50-70 & pop>3% & btc>ema50,3,141,0.0026930322470229964,0.47500878219308895,94,0.001954657740618222,47,0.004169781259832551,0.0008705571997637551,0.0004487052439930162,-
XRPUSDT,rsi50-70 & pop>3% & funding<0,3,18,-0.015581073830394775,-1.7923261650123763,13,-0.006733664613212507,5,-0.038584337795068695,0.0008705571997637551,0.0004487052439930162,-
XRPUSDT,rsi50-70 & vol>1.5x & 20d_high,3,60,-0.005436353815946524,-0.7781750736189279,40,-0.009751903585083795,20,0.0031947457223280113,0.0008705571997637551,0.0004487052439930162,-
XRPUSDT,rsi50-70 & vol>1.5x & 20d_low,3,0,,,0,,0,,0.0008705571997637551,0.0004487052439930162,-
XRPUSDT,rsi50-70 & vol>1.5x & adx>25,3,60,0.0010563769881536053,0.1272481473822591,46,-0.00015656386539647426,14,0.005041754078389582,0.0008705571997637551,0.0004487052439930162,-
XRPUSDT,rsi50-70 & vol>1.5x & btc>ema50,3,110,0.0029348418627579763,0.6255621631694864,75,0.00034591205675790873,35,0.008482548589900982,0.0008705571997637551,0.0004487052439930162,-
XRPUSDT,rsi50-70 & vol>1.5x & funding<0,3,8,0.017028348824548584,0.5265629024180967,6,0.03272394558630644,2,-0.03005844146072497,0.0008705571997637551,0.0004487052439930162,-
XRPUSDT,rsi50-70 & 20d_high & 20d_low,3,0,,,0,,0,,0.0008705571997637551,0.0004487052439930162,-
XRPUSDT,rsi50-70 & 20d_high & adx>25,3,40,0.00874821201658386,0.7404576219714991,35,0.009623514018018696,5,0.002621098006540018,0.0008705571997637551,0.0004487052439930162,-
XRPUSDT,rsi50-70 & 20d_high & btc>ema50,3,110,0.010324928692332678,1.6583654891165762,74,0.00961887776532456,36,0.011776255597849379,0.0008705571997637551,0.0004487052439930162,-
XRPUSDT,rsi50-70 & 20d_high & funding<0,3,3,-0.02842465512764379,-0.7672210877081587,3,-0.02842465512764379,0,,0.0008705571997637551,0.0004487052439930162,-
XRPUSDT,rsi50-70 & 20d_low & adx>25,3,4,0.007360001855339422,0.535721784915754,2,-0.005429760747480715,2,0.02014976445815956,0.0008705571997637551,0.0004487052439930162,-
XRPUSDT,rsi50-70 & 20d_low & btc>ema50,3,3,0.02092935723395149,6.886470053797111,1,,2,0.02014976445815956,0.0008705571997637551,0.0004487052439930162,-
XRPUSDT,rsi50-70 & 20d_low & funding<0,3,1,,,0,,1,,0.0008705571997637551,0.0004487052439930162,-
XRPUSDT,rsi50-70 & adx>25 & btc>ema50,3,266,0.0005631304547501392,0.192946589495243,184,0.0020605216322598778,82,-0.0027968692606375706,0.0008705571997637551,0.0004487052439930162,-
XRPUSDT,rsi50-70 & adx>25 & funding<0,3,39,-0.0023752733353055136,-0.3968978715008489,24,0.00022703564771688867,15,-0.006538967708141356,0.0008705571997637551,0.0004487052439930162,-
XRPUSDT,rsi50-70 & btc>ema50 & funding<0,3,35,-0.006848287395923137,-1.647761612039676,16,-0.008457363680104605,19,-0.005493275788191376,0.0008705571997637551,0.0004487052439930162,-
XRPUSDT,>ema20 & >ema50 & ema20>ema50,3,632,0.0014868152791836825,0.5892728306248071,422,0.0008363265314713013,210,0.0027939879055390426,0.0008705571997637551,0.0004487052439930162,-
XRPUSDT,>ema20 & >ema50 & >sma200,3,672,0.0010479993534525615,0.43370110237045995,434,0.0004786358310872148,238,0.002086250482471724,0.0008705571997637551,0.0004487052439930162,-
XRPUSDT,>ema20 & >ema50 & macd>signal,3,607,0.005456066191468659,2.138946257844528,388,0.005444313913798822,219,0.005476887578390564,0.0008705571997637551,0.0004487052439930162,-
XRPUSDT,>ema20 & >ema50 & macd_hist_up,3,452,0.0014125950726487865,0.45288300031018824,292,-0.00042757983934548643,160,0.004770914287038337,0.0008705571997637551,0.0004487052439930162,-
XRPUSDT,>ema20 & >ema50 & <lower_bb,3,0,,,0,,0,,0.0008705571997637551,0.0004487052439930162,-
XRPUSDT,>ema20 & >ema50 & >upper_bb,3,153,0.01539710904695251,2.078934965675218,99,0.01047710084098834,54,0.024417124091220144,0.0008705571997637551,0.0004487052439930162,-
XRPUSDT,>ema20 & >ema50 & stoch<20,3,4,-0.01447920668099422,-1.474445207829878,3,-0.01076659606607746,1,,0.0008705571997637551,0.0004487052439930162,-
XRPUSDT,>ema20 & >ema50 & dip>3%,3,94,0.017583849328591812,2.2047165846063037,71,0.022226878883113425,23,0.0032510189646337766,0.0008705571997637551,0.0004487052439930162,-
XRPUSDT,>ema20 & >ema50 & pop>3%,3,248,0.005263168163286041,1.0143525262942035,164,-0.0019694192970884533,84,0.01938393415735052,0.0008705571997637551,0.0004487052439930162,-
XRPUSDT,>ema20 & >ema50 & vol>1.5x,3,239,0.007278622453598323,1.4208003914675695,158,0.002324068388646957,81,0.01694306124696025,0.0008705571997637551,0.0004487052439930162,-
XRPUSDT,>ema20 & >ema50 & 20d_high,3,199,0.01205919004912339,2.0598478972501324,131,0.005262067714978036,68,0.025153646310491634,0.0008705571997637551,0.0004487052439930162,-
XRPUSDT,>ema20 & >ema50 & 20d_low,3,0,,,0,,0,,0.0008705571997637551,0.0004487052439930162,-
XRPUSDT,>ema20 & >ema50 & adx>25,3,429,0.004463145830204483,1.4073326574159828,293,0.0044399998851774635,136,0.004513011726475924,0.0008705571997637551,0.0004487052439930162,-
XRPUSDT,>ema20 & >ema50 & btc>ema50,3,708,0.0020570712070525185,0.9252311626759038,451,0.000676593789843772,257,0.004479621071492775,0.0008705571997637551,0.0004487052439930162,-
XRPUSDT,>ema20 & >ema50 & funding<0,3,57,-0.00469523252211403,-0.730484772752745,38,0.002548142487908204,19,-0.019181982542158492,0.0008705571997637551,0.0004487052439930162,-
XRPUSDT,>ema20 & ema20>ema50 & >sma200,3,589,0.001505424245899388,0.5669324232093671,384,0.0006550315186540813,205,0.0030983550130320612,0.0008705571997637551,0.0004487052439930162,-
XRPUSDT,>ema20 & ema20>ema50 & macd>signal,3,411,0.007794396896265616,2.2511669013718603,269,0.0073851689062015375,142,0.008569624567584182,0.0008705571997637551,0.0004487052439930162,-
XRPUSDT,>ema20 & ema20>ema50 & macd_hist_up,3,311,0.0026368350194652264,0.6301008593934284,212,0.001379896281148774,99,0.00532846140858733,0.0008705571997637551,0.0004487052439930162,-
XRPUSDT,>ema20 & ema20>ema50 & <lower_bb,3,0,,,0,,0,,0.0008705571997637551,0.0004487052439930162,-
XRPUSDT,>ema20 & ema20>ema50 & >upper_bb,3,108,0.01926160788752698,1.9910574222814723,74,0.01684186243432061,34,0.02452811269744672,0.0008705571997637551,0.0004487052439930162,-
XRPUSDT,>ema20 & ema20>ema50 & stoch<20,3,4,-0.01447920668099422,-1.474445207829878,3,-0.01076659606607746,1,,0.0008705571997637551,0.0004487052439930162,-
XRPUSDT,>ema20 & ema20>ema50 & dip>3%,3,83,0.018050788915126285,2.03720762264744,62,0.02223494717440392,21,0.0056975597686875394,0.0008705571997637551,0.0004487052439930162,-
XRPUSDT,>ema20 & ema20>ema50 & pop>3%,3,185,0.006339209067426314,0.9887652256409424,127,-0.0011906967529268274,58,0.0228271062947513,0.0008705571997637551,0.0004487052439930162,-
XRPUSDT,>ema20 & ema20>ema50 & vol>1.5x,3,165,0.01119926892432429,1.653067645888644,111,0.0061514517940926446,54,0.021575337469800452,0.0008705571997637551,0.0004487052439930162,-
XRPUSDT,>ema20 & ema20>ema50 & 20d_high,3,133,0.017602327951527386,2.222838545749771,92,0.011330958418721726,41,0.03167466934221325,0.0008705571997637551,0.0004487052439930162,-
XRPUSDT,>ema20 & ema20>ema50 & 20d_low,3,0,,,0,,0,,0.0008705571997637551,0.0004487052439930162,-
XRPUSDT,>ema20 & ema20>ema50 & adx>25,3,359,0.00464424772721736,1.2898738566986843,242,0.004383243622190804,117,0.005184102371802213,0.0008705571997637551,0.0004487052439930162,-
XRPUSDT,>ema20 & ema20>ema50 & btc>ema50,3,554,0.0023940482403476413,0.890533009478883,361,0.0013493631938227455,193,0.004348096436179185,0.0008705571997637551,0.0004487052439930162,-
XRPUSDT,>ema20 & ema20>ema50 & funding<0,3,35,-0.003090742740855906,-0.3254323394746682,25,0.0027079672660636055,10,-0.017587517758154682,0.0008705571997637551,0.0004487052439930162,-
XRPUSDT,>ema20 & >sma200 & macd>signal,3,493,0.005215588390026655,1.7524146509139387,311,0.004868675881733454,182,0.005808389434417789,0.0008705571997637551,0.0004487052439930162,-
XRPUSDT,>ema20 & >sma200 & macd_hist_up,3,391,0.0010516026633489493,0.2998939817162791,256,-0.000252571179651365,135,0.0035247026915569556,0.0008705571997637551,0.0004487052439930162,-
XRPUSDT,>ema20 & >sma200 & <lower_bb,3,0,,,0,,0,,0.0008705571997637551,0.0004487052439930162,-
XRPUSDT,>ema20 & >sma200 & >upper_bb,3,123,0.016780619553910834,1.8879595769974393,84,0.012378823258695376,39,0.026261411574374883,0.0008705571997637551,0.0004487052439930162,-
XRPUSDT,>ema20 & >sma200 & stoch<20,3,4,-0.01447920668099422,-1.474445207829878,3,-0.01076659606607746,1,,0.0008705571997637551,0.0004487052439930162,-
XRPUSDT,>ema20 & >sma200 & dip>3%,3,80,0.017287716427778276,2.0038115369606944,59,0.021557463474175333,21,0.005291760440281777,0.0008705571997637551,0.0004487052439930162,-
XRPUSDT,>ema20 & >sma200 & pop>3%,3,214,0.005047583274032683,0.8626741156463906,141,-0.0008090842620267177,73,0.016359776734092613,0.0008705571997637551,0.0004487052439930162,-
XRPUSDT,>ema20 & >sma200 & vol>1.5x,3,195,0.007946504788865782,1.339596658606202,134,0.0025653368038885288,61,0.019767431182094494,0.0008705571997637551,0.0004487052439930162,-
XRPUSDT,>ema20 & >sma200 & 20d_high,3,161,0.013111034205312164,1.8753511066464326,109,0.006930531856044605,52,0.026066317975892237,0.0008705571997637551,0.0004487052439930162,-
XRPUSDT,>ema20 & >sma200 & 20d_low,3,0,,,0,,0,,0.0008705571997637551,0.0004487052439930162,-
XRPUSDT,>ema20 & >sma200 & adx>25,3,391,0.003719220957535062,1.0988824191964,267,0.0038115618099912475,124,0.003520390251036666,0.0008705571997637551,0.0004487052439930162,-
XRPUSDT,>ema20 & >sma200 & btc>ema50,3,600,0.0022461987678136694,0.8782939625001505,382,0.0006252525388965416,218,0.005086572434998729,0.0008705571997637551,0.0004487052439930162,-
XRPUSDT,>ema20 & >sma200 & funding<0,3,41,-0.013835132420009087,-2.397510655673959,23,-0.01294361745524325,18,-0.01497429043054321,0.0008705571997637551,0.0004487052439930162,-
XRPUSDT,>ema20 & macd>signal & macd_hist_up,3,421,0.007257632059158459,2.0945272469755056,253,0.007809654968918895,168,0.006426311843864474,0.0008705571997637551,0.0004487052439930162,-
XRPUSDT,>ema20 & macd>signal & <lower_bb,3,0,,,0,,0,,0.0008705571997637551,0.0004487052439930162,-
XRPUSDT,>ema20 & macd>signal & >upper_bb,3,160,0.01561662234250345,2.200574678671501,102,0.010152644675200601,58,0.025225686516036037,0.0008705571997637551,0.0004487052439930162,-
XRPUSDT,>ema20 & macd>signal & stoch<20,3,0,,,0,,0,,0.0008705571997637551,0.0004487052439930162,-
XRPUSDT,>ema20 & macd>signal & dip>3%,3,76,0.019466235572047273,2.0953987098480282,58,0.02337064360858665,18,0.0068853652320870545,0.0008705571997637551,0.0004487052439930162,-
XRPUSDT,>ema20 & macd>signal & pop>3%,3,215,0.01570467634959809,2.587410988312993,137,0.011932191579088045,78,0.02233070729267342,0.0008705571997637551,0.0004487052439930162,WEAK
XRPUSDT,>ema20 & macd>signal & vol>1.5x,3,241,0.01263687213535602,2.359248690720453,160,0.00969942866331475,81,0.01843922961099309,0.0008705571997637551,0.0004487052439930162,-
XRPUSDT,>ema20 & macd>signal & 20d_high,3,207,0.01307065700216047,2.3088094916833994,135,0.006300836543182094,72,0.025764070362744914,0.0008705571997637551,0.0004487052439930162,-
XRPUSDT,>ema20 & macd>signal & 20d_low,3,0,,,0,,0,,0.0008705571997637551,0.0004487052439930162,-
XRPUSDT,>ema20 & macd>signal & adx>25,3,354,0.00866690228026603,2.334798803527503,250,0.007614965644705589,104,0.011195596115747865,0.0008705571997637551,0.0004487052439930162,-
XRPUSDT,>ema20 & macd>signal & btc>ema50,3,574,0.007437667923882265,2.685061775555211,352,0.007457117929292636,222,0.007406828275664022,0.0008705571997637551,0.0004487052439930162,WEAK
XRPUSDT,>ema20 & macd>signal & funding<0,3,68,-0.004511006274688856,-0.8376727566685325,39,0.00036116078701974014,29,-0.011063230943883177,0.0008705571997637551,0.0004487052439930162,-
XRPUSDT,>ema20 & macd_hist_up & <lower_bb,3,0,,,0,,0,,0.0008705571997637551,0.0004487052439930162,-
XRPUSDT,>ema20 & macd_hist_up & >upper_bb,3,160,0.01561662234250345,2.200574678671501,102,0.010152644675200601,58,0.025225686516036037,0.0008705571997637551,0.0004487052439930162,-
XRPUSDT,>ema20 & macd_hist_up & stoch<20,3,1,,,1,,0,,0.0008705571997637551,0.0004487052439930162,-
XRPUSDT,>ema20 & macd_hist_up & dip>3%,3,16,0.022744146725928588,0.8120051363121665,11,0.03307942400741732,5,6.536706653405277e-06,0.0008705571997637551,0.0004487052439930162,-
XRPUSDT,>ema20 & macd_hist_up & pop>3%,3,242,0.007611748603414475,1.346498350966683,150,0.003374272249550423,92,0.014520677441236297,0.0008705571997637551,0.0004487052439930162,-
XRPUSDT,>ema20 & macd_hist_up & vol>1.5x,3,203,0.009016546406114132,1.4289828911908917,132,0.0022450903621893375,71,0.021605732290594027,0.0008705571997637551,0.0004487052439930162,-
XRPUSDT,>ema20 & macd_hist_up & 20d_high,3,198,0.012875456832881077,2.207456194698495,129,0.005847862386152049,69,0.02601400297241795,0.0008705571997637551,0.0004487052439930162,-
XRPUSDT,>ema20 & macd_hist_up & 20d_low,3,0,,,0,,0,,0.0008705571997637551,0.0004487052439930162,-
XRPUSDT,>ema20 & macd_hist_up & adx>25,3,239,0.008040004146330573,1.6627128944731715,161,0.009525927440532678,78,0.004972906064708272,0.0008705571997637551,0.0004487052439930162,-
XRPUSDT,>ema20 & macd_hist_up & btc>ema50,3,428,0.004427588496775005,1.3082766859952082,272,0.003298557154091489,156,0.006396155966069347,0.0008705571997637551,0.0004487052439930162,-
XRPUSDT,>ema20 & macd_hist_up & funding<0,3,39,-0.013296661981049781,-2.2807213396070845,23,-0.01080746124984328,16,-0.016874888032159134,0.0008705571997637551,0.0004487052439930162,-
XRPUSDT,>ema20 & <lower_bb & >upper_bb,3,0,,,0,,0,,0.0008705571997637551,0.0004487052439930162,-
XRPUSDT,>ema20 & <lower_bb & stoch<20,3,0,,,0,,0,,0.0008705571997637551,0.0004487052439930162,-
XRPUSDT,>ema20 & <lower_bb & dip>3%,3,0,,,0,,0,,0.0008705571997637551,0.0004487052439930162,-
XRPUSDT,>ema20 & <lower_bb & pop>3%,3,0,,,0,,0,,0.0008705571997637551,0.0004487052439930162,-
XRPUSDT,>ema20 & <lower_bb & vol>1.5x,3,0,,,0,,0,,0.0008705571997637551,0.0004487052439930162,-
XRPUSDT,>ema20 & <lower_bb & 20d_high,3,0,,,0,,0,,0.0008705571997637551,0.0004487052439930162,-
XRPUSDT,>ema20 & <lower_bb & 20d_low,3,0,,,0,,0,,0.0008705571997637551,0.0004487052439930162,-
XRPUSDT,>ema20 & <lower_bb & adx>25,3,0,,,0,,0,,0.0008705571997637551,0.0004487052439930162,-
XRPUSDT,>ema20 & <lower_bb & btc>ema50,3,0,,,0,,0,,0.0008705571997637551,0.0004487052439930162,-
XRPUSDT,>ema20 & <lower_bb & funding<0,3,0,,,0,,0,,0.0008705571997637551,0.0004487052439930162,-
XRPUSDT,>ema20 & >upper_bb & stoch<20,3,0,,,0,,0,,0.0008705571997637551,0.0004487052439930162,-
XRPUSDT,>ema20 & >upper_bb & dip>3%,3,6,0.06758382112208054,0.9414445683461541,5,0.0700985913535102,1,,0.0008705571997637551,0.0004487052439930162,-
XRPUSDT,>ema20 & >upper_bb & pop>3%,3,109,0.016613992845136722,1.7954267147254204,68,0.008147366532417865,41,0.030656202339402146,0.0008705571997637551,0.0004487052439930162,-
XRPUSDT,>ema20 & >upper_bb & vol>1.5x,3,131,0.011754649412834951,1.526544177921185,82,0.0027419844485977625,49,0.02683706833257882,0.0008705571997637551,0.0004487052439930162,-
XRPUSDT,>ema20 & >upper_bb & 20d_high,3,138,0.01457801977965415,1.9420624597916578,87,0.007400743625488787,51,0.026821608513230358,0.0008705571997637551,0.0004487052439930162,-
XRPUSDT,>ema20 & >upper_bb & 20d_low,3,0,,,0,,0,,0.0008705571997637551,0.0004487052439930162,-
XRPUSDT,>ema20 & >upper_bb & adx>25,3,88,0.026094148544134766,2.5050593877708014,60,0.01981011561879392,28,0.03955993338415085,0.0008705571997637551,0.0004487052439930162,-
XRPUSDT,>ema20 & >upper_bb & btc>ema50,3,142,0.016837651070446043,2.1401923192094916,89,0.012445600803186739,53,0.024212980764522996,0.0008705571997637551,0.0004487052439930162,-
XRPUSDT,>ema20 & >upper_bb & funding<0,3,7,-0.028054205262752176,-1.1965103400957513,7,-0.028054205262752176,0,,0.0008705571997637551,0.0004487052439930162,-
XRPUSDT,>ema20 & stoch<20 & dip>3%,3,0,,,0,,0,,0.0008705571997637551,0.0004487052439930162,-
XRPUSDT,>ema20 & stoch<20 & pop>3%,3,0,,,0,,0,,0.0008705571997637551,0.0004487052439930162,-
XRPUSDT,>ema20 & stoch<20 & vol>1.5x,3,0,,,0,,0,,0.0008705571997637551,0.0004487052439930162,-
XRPUSDT,>ema20 & stoch<20 & 20d_high,3,0,,,0,,0,,0.0008705571997637551,0.0004487052439930162,-
XRPUSDT,>ema20 & stoch<20 & 20d_low,3,0,,,0,,0,,0.0008705571997637551,0.0004487052439930162,-
XRPUSDT,>ema20 & stoch<20 & adx>25,3,4,-0.01447920668099422,-1.474445207829878,3,-0.01076659606607746,1,,0.0008705571997637551,0.0004487052439930162,-
XRPUSDT,>ema20 & stoch<20 & btc>ema50,3,2,-0.02915097202398178,-8.248873963961769,1,,1,,0.0008705571997637551,0.0004487052439930162,-
XRPUSDT,>ema20 & stoch<20 & funding<0,3,0,,,0,,0,,0.0008705571997637551,0.0004487052439930162,-
XRPUSDT,>ema20 & dip>3% & pop>3%,3,0,,,0,,0,,0.0008705571997637551,0.0004487052439930162,-
XRPUSDT,>ema20 & dip>3% & vol>1.5x,3,36,0.026228573511526,1.724589323556721,28,0.03688289392627587,8,-0.011061547940098553,0.0008705571997637551,0.0004487052439930162,-
XRPUSDT,>ema20 & dip>3% & 20d_high,3,0,,,0,,0,,0.0008705571997637551,0.0004487052439930162,-
XRPUSDT,>ema20 & dip>3% & 20d_low,3,0,,,0,,0,,0.0008705571997637551,0.0004487052439930162,-
XRPUSDT,>ema20 & dip>3% & adx>25,3,73,0.013363549327796728,1.4285946210903084,57,0.017206114092408117,16,-0.00032558764613135546,0.0008705571997637551,0.0004487052439930162,-
XRPUSDT,>ema20 & dip>3% & btc>ema50,3,72,0.015942757506519203,1.7175337653696796,53,0.01999406382633944,19,0.004641745140704826,0.0008705571997637551,0.0004487052439930162,-
XRPUSDT,>ema20 & dip>3% & funding<0,3,10,0.023422743993304348,0.9608355440790073,6,0.039712753515420744,4,-0.0010122702898702415,0.0008705571997637551,0.0004487052439930162,-
XRPUSDT,>ema20 & pop>3% & vol>1.5x,3,135,0.01174163829172506,1.3506788674331858,85,0.0010560734479820922,50,0.029907098526088104,0.0008705571997637551,0.0004487052439930162,-
XRPUSDT,>ema20 & pop>3% & 20d_high,3,139,0.018999594468198353,2.352865645642036,90,0.008621771913826563,49,0.03806090120071797,0.0008705571997637551,0.0004487052439930162,-
XRPUSDT,>ema20 & pop>3% & 20d_low,3,0,,,0,,0,,0.0008705571997637551,0.0004487052439930162,-
XRPUSDT,>ema20 & pop>3% & adx>25,3,156,0.013540349680640768,2.059800517279156,103,0.010958049408628864,53,0.018558782284739367,0.0008705571997637551,0.0004487052439930162,-
XRPUSDT,>ema20 & pop>3% & btc>ema50,3,222,0.012408860082636523,2.0757399373520653,143,0.006805413176728001,79,0.022551808279407632,0.0008705571997637551,0.0004487052439930162,-
XRPUSDT,>ema20 & pop>3% & funding<0,3,25,-0.015741753811641734,-1.93847470100842,18,-0.011185310733743193,7,-0.027458321726237994,0.0008705571997637551,0.0004487052439930162,-
XRPUSDT,>ema20 & vol>1.5x & 20d_high,3,129,0.00891851133324854,1.2046237594223104,81,-0.004004586044273698,48,0.03072623815781732,0.0008705571997637551,0.0004487052439930162,-
XRPUSDT,>ema20 & vol>1.5x & 20d_low,3,0,,,0,,0,,0.0008705571997637551,0.0004487052439930162,-
XRPUSDT,>ema20 & vol>1.5x & adx>25,3,147,0.015621697525799463,2.2312153543281013,100,0.01075297622775301,47,0.025980679011004672,0.0008705571997637551,0.0004487052439930162,-
XRPUSDT,>ema20 & vol>1.5x & btc>ema50,3,209,0.01367922559663129,2.3103546750145307,136,0.008404024550121778,73,0.023506997409306545,0.0008705571997637551,0.0004487052439930162,-
XRPUSDT,>ema20 & vol>1.5x & funding<0,3,15,-0.0034828064606610832,-0.176169046481657,13,0.0006057527701179763,2,-0.03005844146072497,0.0008705571997637551,0.0004487052439930162,-
XRPUSDT,>ema20 & 20d_high & 20d_low,3,0,,,0,,0,,0.0008705571997637551,0.0004487052439930162,-
XRPUSDT,>ema20 & 20d_high & adx>25,3,102,0.023973281850270405,2.6165530511867368,72,0.01668402029183253,30,0.04146750959052129,0.0008705571997637551,0.0004487052439930162,WEAK
XRPUSDT,>ema20 & 20d_high & btc>ema50,3,188,0.015930709810696754,2.6474823761578317,121,0.009091048468916913,67,0.02828293402495587,0.0008705571997637551,0.0004487052439930162,WEAK
XRPUSDT,>ema20 & 20d_high & funding<0,3,6,-0.03375975329933347,-1.2546094061607274,6,-0.03375975329933347,0,,0.0008705571997637551,0.0004487052439930162,-
XRPUSDT,>ema20 & 20d_low & adx>25,3,0,,,0,,0,,0.0008705571997637551,0.0004487052439930162,-
XRPUSDT,>ema20 & 20d_low & btc>ema50,3,0,,,0,,0,,0.0008705571997637551,0.0004487052439930162,-
XRPUSDT,>ema20 & 20d_low & funding<0,3,0,,,0,,0,,0.0008705571997637551,0.0004487052439930162,-
XRPUSDT,>ema20 & adx>25 & btc>ema50,3,382,0.006566162308480259,1.9113465396971854,262,0.005448727109117532,120,0.009005895827088882,0.0008705571997637551,0.0004487052439930162,-
XRPUSDT,>ema20 & adx>25 & funding<0,3,44,-0.005982100106186729,-1.1228424677920925,29,-0.0037081056764220197,15,-0.010378489337065172,0.0008705571997637551,0.0004487052439930162,-
XRPUSDT,>ema20 & btc>ema50 & funding<0,3,32,-0.01306493635701678,-2.487366817799068,17,-0.015099295510403891,15,-0.010759329316511388,0.0008705571997637551,0.0004487052439930162,-
XRPUSDT,>ema50 & ema20>ema50 & >sma200,3,770,0.0008926735456249083,0.4054501241975367,507,0.0006708592768155721,263,0.0013202774782725656,0.0008705571997637551,0.0004487052439930162,-
XRPUSDT,>ema50 & ema20>ema50 & macd>signal,3,422,0.007090888981362514,2.083943920214171,276,0.00698818691180146,146,0.007285038099162857,0.0008705571997637551,0.0004487052439930162,-
XRPUSDT,>ema50 & ema20>ema50 & macd_hist_up,3,378,0.0021989849008984216,0.6221457624503299,262,0.0010437471821584392,116,0.004808228713914588,0.0008705571997637551,0.0004487052439930162,-
XRPUSDT,>ema50 & ema20>ema50 & <lower_bb,3,5,-0.019401764435142188,-1.077385734409769,3,-0.014351590999822956,2,-0.026977024588121037,0.0008705571997637551,0.0004487052439930162,-
XRPUSDT,>ema50 & ema20>ema50 & >upper_bb,3,108,0.01926160788752698,1.9910574222814723,74,0.01684186243432061,34,0.02452811269744672,0.0008705571997637551,0.0004487052439930162,-
XRPUSDT,>ema50 & ema20>ema50 & stoch<20,3,45,0.007857604027601262,0.7772834065176338,28,0.012544881762275929,17,0.00013738187637240003,0.0008705571997637551,0.0004487052439930162,-
XRPUSDT,>ema50 & ema20>ema50 & dip>3%,3,132,0.0131886403682218,2.100148625416926,98,0.016428570327612413,34,0.0038500187205665216,0.0008705571997637551,0.0004487052439930162,-
XRPUSDT,>ema50 & ema20>ema50 & pop>3%,3,198,0.005214173746344854,0.8649091509386305,135,-0.0014497300161162073,63,0.01949396752304712,0.0008705571997637551,0.0004487052439930162,-
XRPUSDT,>ema50 & ema20>ema50 & vol>1.5x,3,173,0.00977742505928099,1.4968514291699953,116,0.005018158689235664,57,0.019462949601829368,0.0008705571997637551,0.0004487052439930162,-
XRPUSDT,>ema50 & ema20>ema50 & 20d_high,3,133,0.017602327951527386,2.222838545749771,92,0.011330958418721726,41,0.03167466934221325,0.0008705571997637551,0.0004487052439930162,-
XRPUSDT,>ema50 & ema20>ema50 & 20d_low,3,23,0.0036503763778783687,0.32817133924732056,16,0.001788124684018115,7,0.007906951678130375,0.0008705571997637551,0.0004487052439930162,-
XRPUSDT,>ema50 & ema20>ema50 & adx>25,3,428,0.0046325933531384,1.4323076913747186,289,0.0043111758354217435,139,0.005300864307239933,0.0008705571997637551,0.0004487052439930162,-
XRPUSDT,>ema50 & ema20>ema50 & btc>ema50,3,694,0.0013794436209091532,0.6048783116357316,464,0.000503008915940073,230,0.003147555373542431,0.0008705571997637551,0.0004487052439930162,-
XRPUSDT,>ema50 & ema20>ema50 & funding<0,3,60,-0.004039094176696062,-0.6013938654595862,39,0.0029344743257073017,21,-0.016990007109730886,0.0008705571997637551,0.0004487052439930162,-
XRPUSDT,>ema50 & >sma200 & macd>signal,3,471,0.005583776602556892,1.7881180234848078,299,0.005692386200543599,172,0.005394972708382326,0.0008705571997637551,0.0004487052439930162,-
XRPUSDT,>ema50 & >sma200 & macd_hist_up,3,428,0.0016922604891535199,0.519386947078081,285,0.0005702163473347855,143,0.003928502310260788,0.0008705571997637551,0.0004487052439930162,-
XRPUSDT,>ema50 & >sma200 & <lower_bb,3,5,-0.019401764435142188,-1.077385734409769,3,-0.014351590999822956,2,-0.026977024588121037,0.0008705571997637551,0.0004487052439930162,-
XRPUSDT,>ema50 & >sma200 & >upper_bb,3,121,0.017236322129411303,1.909320547063039,82,0.012943901539733498,39,0.026261411574374883,0.0008705571997637551,0.0004487052439930162,-
XRPUSDT,>ema50 & >sma200 & stoch<20,3,44,0.007397563491890438,0.7160710199854824,27,0.01196878895351291,17,0.00013738187637240003,0.0008705571997637551,0.0004487052439930162,-
XRPUSDT,>ema50 & >sma200 & dip>3%,3,128,0.012528538731848615,2.033162185250866,94,0.01575823518163704,34,0.0035993779589041366,0.0008705571997637551,0.0004487052439930162,-
XRPUSDT,>ema50 & >sma200 & pop>3%,3,220,0.004045818527126009,0.7076049930348834,144,-0.0014927097892267081,76,0.014539872179162736,0.0008705571997637551,0.0004487052439930162,-
XRPUSDT,>ema50 & >sma200 & vol>1.5x,3,197,0.007186790259679615,1.2132630620157296,133,0.001997477256496771,64,0.01797083134441897,0.0008705571997637551,0.0004487052439930162,-
XRPUSDT,>ema50 & >sma200 & 20d_high,3,158,0.013780318145546764,1.9372523272144295,106,0.007753223889150879,52,0.026066317975892237,0.0008705571997637551,0.0004487052439930162,-
XRPUSDT,>ema50 & >sma200 & 20d_low,3,23,0.0036503763778783687,0.32817133924732056,16,0.001788124684018115,7,0.007906951678130375,0.0008705571997637551,0.0004487052439930162,-
XRPUSDT,>ema50 & >sma200 & adx>25,3,438,0.004589730390839647,1.4311874433859249,295,0.004960132618173105,143,0.003825613907879013,0.0008705571997637551,0.0004487052439930162,-
XRPUSDT,>ema50 & >sma200 & btc>ema50,3,719,0.0017181360993029611,0.7638494923249827,471,0.000504155160999197,248,0.004023720865194388,0.0008705571997637551,0.0004487052439930162,-
XRPUSDT,>ema50 & >sma200 & funding<0,3,57,-0.011945296722090465,-2.116494436925088,34,-0.005564060979455967,23,-0.02137842781989798,0.0008705571997637551,0.0004487052439930162,-
XRPUSDT,>ema50 & macd>signal & macd_hist_up,3,325,0.00670078200666369,1.6846796703626894,204,0.004817192983680762,121,0.009876419698304334,0.0008705571997637551,0.0004487052439930162,-
XRPUSDT,>ema50 & macd>signal & <lower_bb,3,0,,,0,,0,,0.0008705571997637551,0.0004487052439930162,-
XRPUSDT,>ema50 & macd>signal & >upper_bb,3,153,0.01539710904695251,2.078934965675218,99,0.01047710084098834,54,0.024417124091220144,0.0008705571997637551,0.0004487052439930162,-
XRPUSDT,>ema50 & macd>signal & stoch<20,3,0,,,0,,0,,0.0008705571997637551,0.0004487052439930162,-
XRPUSDT,>ema50 & macd>signal & dip>3%,3,77,0.020263018111180465,2.207515006994765,60,0.02372049460839246,17,0.008060159885726368,0.0008705571997637551,0.0004487052439930162,-
XRPUSDT,>ema50 & macd>signal & pop>3%,3,187,0.013507278496693946,2.1717801093977096,124,0.006455886438181736,63,0.027386208897575127,0.0008705571997637551,0.0004487052439930162,-
XRPUSDT,>ema50 & macd>signal & vol>1.5x,3,227,0.010487052856083439,2.0562113431568156,150,0.006533444032606724,77,0.018188888226492613,0.0008705571997637551,0.0004487052439930162,-
XRPUSDT,>ema50 & macd>signal & 20d_high,3,196,0.012329102134607138,2.0797677581060507,128,0.0055160630411685,68,0.025153646310491634,0.0008705571997637551,0.0004487052439930162,-
XRPUSDT,>ema50 & macd>signal & 20d_low,3,0,,,0,,0,,0.0008705571997637551,0.0004487052439930162,-
XRPUSDT,>ema50 & macd>signal & adx>25,3,297,0.009706278717518531,2.280468064714943,207,0.00831097460789077,90,0.012915478169662395,0.0008705571997637551,0.0004487052439930162,-
XRPUSDT,>ema50 & macd>signal & btc>ema50,3,526,0.006441997995875015,2.288512704044663,330,0.005738218663132809,196,0.007626932586716483,0.0008705571997637551,0.0004487052439930162,-
XRPUSDT,>ema50 & macd>signal & funding<0,3,41,-0.005277666105915435,-0.624176785438495,25,0.00465148165484948,16,-0.020791959482110607,0.0008705571997637551,0.0004487052439930162,-
XRPUSDT,>ema50 & macd_hist_up & <lower_bb,3,0,,,0,,0,,0.0008705571997637551,0.0004487052439930162,-
XRPUSDT,>ema50 & macd_hist_up & >upper_bb,3,153,0.01539710904695251,2.078934965675218,99,0.01047710084098834,54,0.024417124091220144,0.0008705571997637551,0.0004487052439930162,-
XRPUSDT,>ema50 & macd_hist_up & stoch<20,3,2,0.04256677450070953,0.5656587931025564,1,,1,,0.0008705571997637551,0.0004487052439930162,-
XRPUSDT,>ema50 & macd_hist_up & dip>3%,3,18,0.02155187871662155,0.8682895727037706,12,0.03161875402045921,6,0.001418128108946257,0.0008705571997637551,0.0004487052439930162,-
XRPUSDT,>ema50 & macd_hist_up & pop>3%,3,217,0.004245556017175728,0.7487771755119745,140,-0.0032502434812956625,77,0.01787428237803279,0.0008705571997637551,0.0004487052439930162,-
XRPUSDT,>ema50 & macd_hist_up & vol>1.5x,3,186,0.006412089076086569,1.0443699521148526,120,-0.002717429887424527,66,0.02301121446428856,0.0008705571997637551,0.0004487052439930162,-
XRPUSDT,>ema50 & macd_hist_up & 20d_high,3,187,0.012086729795969177,1.974424098811802,122,0.004998503145521309,65,0.025390785970655947,0.0008705571997637551,0.0004487052439930162,-
XRPUSDT,>ema50 & macd_hist_up & 20d_low,3,0,,,0,,0,,0.0008705571997637551,0.0004487052439930162,-
XRPUSDT,>ema50 & macd_hist_up & adx>25,3,201,0.009056975252534372,1.637648940086706,134,0.0091449631239679,67,0.00888099950966731,0.0008705571997637551,0.0004487052439930162,-
XRPUSDT,>ema50 & macd_hist_up & btc>ema50,3,434,0.003240236272443371,1.048826751355846,295,0.000641319210161326,139,0.008755923562898067,0.0008705571997637551,0.0004487052439930162,-
XRPUSDT,>ema50 & macd_hist_up & funding<0,3,30,-0.009122542411965912,-1.1119173299470317,23,-0.0015573159215917095,7,-0.03397971516605259,0.0008705571997637551,0.0004487052439930162,-
XRPUSDT,>ema50 & <lower_bb & >upper_bb,3,0,,,0,,0,,0.0008705571997637551,0.0004487052439930162,-
XRPUSDT,>ema50 & <lower_bb & stoch<20,3,4,-0.007901738513025135,-0.4416697477193771,3,-0.014351590999822956,1,,0.0008705571997637551,0.0004487052439930162,-
XRPUSDT,>ema50 & <lower_bb & dip>3%,3,4,-0.007901738513025135,-0.4416697477193771,3,-0.014351590999822956,1,,0.0008705571997637551,0.0004487052439930162,-
XRPUSDT,>ema50 & <lower_bb & pop>3%,3,1,,,0,,1,,0.0008705571997637551,0.0004487052439930162,-
XRPUSDT,>ema50 & <lower_bb & vol>1.5x,3,2,-0.026977024588121037,-0.7020724642171916,0,,2,-0.026977024588121037,0.0008705571997637551,0.0004487052439930162,-
XRPUSDT,>ema50 & <lower_bb & 20d_high,3,0,,,0,,0,,0.0008705571997637551,0.0004487052439930162,-
XRPUSDT,>ema50 & <lower_bb & 20d_low,3,4,-0.007901738513025135,-0.4416697477193771,3,-0.014351590999822956,1,,0.0008705571997637551,0.0004487052439930162,-
XRPUSDT,>ema50 & <lower_bb & adx>25,3,4,-0.007901738513025135,-0.4416697477193771,3,-0.014351590999822956,1,,0.0008705571997637551,0.0004487052439930162,-
XRPUSDT,>ema50 & <lower_bb & btc>ema50,3,4,-0.02124065588235057,-0.9184376749354215,2,-0.01550428717658011,2,-0.026977024588121037,0.0008705571997637551,0.0004487052439930162,-
XRPUSDT,>ema50 & <lower_bb & funding<0,3,2,-0.060866630380810666,-13.42082462544419,1,,1,,0.0008705571997637551,0.0004487052439930162,-
XRPUSDT,>ema50 & >upper_bb & stoch<20,3,0,,,0,,0,,0.0008705571997637551,0.0004487052439930162,-
XRPUSDT,>ema50 & >upper_bb & dip>3%,3,6,0.06758382112208054,0.9414445683461541,5,0.0700985913535102,1,,0.0008705571997637551,0.0004487052439930162,-
XRPUSDT,>ema50 & >upper_bb & pop>3%,3,105,0.01634694968452799,1.7035324956960904,66,0.00798720789182595,39,0.030494205026023742,0.0008705571997637551,0.0004487052439930162,-
XRPUSDT,>ema50 & >upper_bb & vol>1.5x,3,129,0.01212662042455969,1.552021967960181,81,0.003128038944645709,48,0.027311726671914532,0.0008705571997637551,0.0004487052439930162,-
XRPUSDT,>ema50 & >upper_bb & 20d_high,3,132,0.014210715880143977,1.8152857378178962,85,0.007676206811864228,47,0.026028445046181833,0.0008705571997637551,0.0004487052439930162,-
XRPUSDT,>ema50 & >upper_bb & 20d_low,3,0,,,0,,0,,0.0008705571997637551,0.0004487052439930162,-
XRPUSDT,>ema50 & >upper_bb & adx>25,3,86,0.02695190516757668,2.5334724670603115,58,0.020865270856127074,28,0.03955993338415085,0.0008705571997637551,0.0004487052439930162,-
XRPUSDT,>ema50 & >upper_bb & btc>ema50,3,139,0.016645102038453527,2.0749610285027074,88,0.01291121478653302,51,0.023087887884904606,0.0008705571997637551,0.0004487052439930162,-
XRPUSDT,>ema50 & >upper_bb & funding<0,3,7,-0.028054205262752176,-1.1965103400957513,7,-0.028054205262752176,0,,0.0008705571997637551,0.0004487052439930162,-
XRPUSDT,>ema50 & stoch<20 & dip>3%,3,21,0.008104536609261054,0.6400878889477689,15,0.010292027799752784,6,0.0026358086330317346,0.0008705571997637551,0.0004487052439930162,-
XRPUSDT,>ema50 & stoch<20 & pop>3%,3,0,,,0,,0,,0.0008705571997637551,0.0004487052439930162,-
XRPUSDT,>ema50 & stoch<20 & vol>1.5x,3,1,,,0,,1,,0.0008705571997637551,0.0004487052439930162,-
XRPUSDT,>ema50 & stoch<20 & 20d_high,3,0,,,0,,0,,0.0008705571997637551,0.0004487052439930162,-
XRPUSDT,>ema50 & stoch<20 & 20d_low,3,16,0.00040471524087866244,0.025853802417866983,12,-0.0010956896129973987,4,0.004905929802506849,0.0008705571997637551,0.0004487052439930162,-
XRPUSDT,>ema50 & stoch<20 & adx>25,3,33,0.004881445550301651,0.3711025591347265,25,0.010307854156717875,8,-0.012076081344749044,0.0008705571997637551,0.0004487052439930162,-
XRPUSDT,>ema50 & stoch<20 & btc>ema50,3,29,0.004534260597236913,0.427544002260944,16,0.004603654567790346,13,0.00444885263347884,0.0008705571997637551,0.0004487052439930162,-
XRPUSDT,>ema50 & stoch<20 & funding<0,3,8,-0.007353228803982115,-0.5115618819345159,3,-0.018970532906799568,5,-0.00038284634229164284,0.0008705571997637551,0.0004487052439930162,-
XRPUSDT,>ema50 & dip>3% & pop>3%,3,0,,,0,,0,,0.0008705571997637551,0.0004487052439930162,-
XRPUSDT,>ema50 & dip>3% & vol>1.5x,3,42,0.020022320431013513,1.4725372756791173,32,0.02874087717389675,10,-0.00787706114621286,0.0008705571997637551,0.0004487052439930162,-
XRPUSDT,>ema50 & dip>3% & 20d_high,3,0,,,0,,0,,0.0008705571997637551,0.0004487052439930162,-
XRPUSDT,>ema50 & dip>3% & 20d_low,3,14,0.0015246920887058563,0.08533494131072777,10,0.0018598823156185773,4,0.0006867165214240536,0.0008705571997637551,0.0004487052439930162,-
XRPUSDT,>ema50 & dip>3% & adx>25,3,96,0.011613858539509145,1.5137501646076863,74,0.014899071217514215,22,0.0005635977134920829,0.0008705571997637551,0.0004487052439930162,-
XRPUSDT,>ema50 & dip>3% & btc>ema50,3,108,0.012261784025972656,1.739540866249932,80,0.015935259603072474,28,0.0017661395199731805,0.0008705571997637551,0.0004487052439930162,-
XRPUSDT,>ema50 & dip>3% & funding<0,3,14,0.003189509607008446,0.15782474779808942,8,0.01524717156190986,6,-0.01288737299952677,0.0008705571997637551,0.0004487052439930162,-
XRPUSDT,>ema50 & pop>3% & vol>1.5x,3,126,0.0067033683815563285,0.8230487615772213,79,-0.006833136223720524,47,0.029456216547872734,0.0008705571997637551,0.0004487052439930162,-
XRPUSDT,>ema50 & pop>3% & 20d_high,3,135,0.017921125032084907,2.1687845329729267,88,0.007068159322691409,47,0.038241571466694005,0.0008705571997637551,0.0004487052439930162,-
XRPUSDT,>ema50 & pop>3% & 20d_low,3,0,,,0,,0,,0.0008705571997637551,0.0004487052439930162,-
XRPUSDT,>ema50 & pop>3% & adx>25,3,143,0.01295905215345611,1.8385270728106786,96,0.00853442805715831,47,0.021996582222489913,0.0008705571997637551,0.0004487052439930162,-
XRPUSDT,>ema50 & pop>3% & btc>ema50,3,219,0.008954775097441052,1.6327373078757585,144,0.0011248626199531842,75,0.023988207054217756,0.0008705571997637551,0.0004487052439930162,-
XRPUSDT,>ema50 & pop>3% & funding<0,3,20,-0.022188730914440142,-2.243441655423407,16,-0.014434895141537727,4,-0.05320407400604982,0.0008705571997637551,0.0004487052439930162,-
XRPUSDT,>ema50 & vol>1.5x & 20d_high,3,126,0.009434473614598893,1.2459237775205336,79,-0.003570408710016542,47,0.03129374390490993,0.0008705571997637551,0.0004487052439930162,-
XRPUSDT,>ema50 & vol>1.5x & 20d_low,3,1,,,0,,1,,0.0008705571997637551,0.0004487052439930162,-
XRPUSDT,>ema50 & vol>1.5x & adx>25,3,139,0.015457369731462077,2.1048078343426484,92,0.01082579516688585,47,0.024523430581270864,0.0008705571997637551,0.0004487052439930162,-
XRPUSDT,>ema50 & vol>1.5x & btc>ema50,3,209,0.01045822103450239,1.9583937053480438,135,0.003712378543494264,74,0.022764825578909107,0.0008705571997637551,0.0004487052439930162,-
XRPUSDT,>ema50 & vol>1.5x & funding<0,3,13,-0.007765012429371782,-0.33363164956373154,10,0.0024573589463227166,3,-0.04183958368168678,0.0008705571997637551,0.0004487052439930162,-
XRPUSDT,>ema50 & 20d_high & 20d_low,3,0,,,0,,0,,0.0008705571997637551,0.0004487052439930162,-
XRPUSDT,>ema50 & 20d_high & adx>25,3,97,0.02367555517898607,2.480971501210669,67,0.015709008427552375,30,0.04146750959052129,0.0008705571997637551,0.0004487052439930162,WEAK
XRPUSDT,>ema50 & 20d_high & btc>ema50,3,180,0.015358480156120787,2.4650713693449995,115,0.008481526494080713,65,0.0275253981735763,0.0008705571997637551,0.0004487052439930162,WEAK
XRPUSDT,>ema50 & 20d_high & funding<0,3,6,-0.03375975329933347,-1.2546094061607274,6,-0.03375975329933347,0,,0.0008705571997637551,0.0004487052439930162,-
XRPUSDT,>ema50 & 20d_low & adx>25,3,20,0.0029274666234354054,0.2305753479920715,15,-0.0002456850388174651,5,0.012446921610194008,0.0008705571997637551,0.0004487052439930162,-
XRPUSDT,>ema50 & 20d_low & btc>ema50,3,15,0.007942948503430339,0.48136263248256267,9,0.008317126854137595,6,0.007381680977369462,0.0008705571997637551,0.0004487052439930162,-
XRPUSDT,>ema50 & 20d_low & funding<0,3,4,-0.01563090132479502,-0.883406837337068,3,-0.025861817288632183,1,,0.0008705571997637551,0.0004487052439930162,-
XRPUSDT,>ema50 & adx>25 & btc>ema50,3,414,0.0065140238468885435,2.007173188519268,276,0.0050597681808933455,138,0.009422535178878939,0.0008705571997637551,0.0004487052439930162,-
XRPUSDT,>ema50 & adx>25 & funding<0,3,44,-0.006006392846935766,-1.0203917370013291,29,-0.004865261006332768,15,-0.008212581072101564,0.0008705571997637551,0.0004487052439930162,-
XRPUSDT,>ema50 & btc>ema50 & funding<0,3,48,-0.011027320103825738,-1.8766520766966752,26,-0.008336307248085309,22,-0.014207608024246244,0.0008705571997637551,0.0004487052439930162,-
XRPUSDT,ema20>ema50 & >sma200 & macd>signal,3,397,0.007188782471089728,2.024321891631913,251,0.0071077142406151496,146,0.007328153196083689,0.0008705571997637551,0.0004487052439930162,-
XRPUSDT,ema20>ema50 & >sma200 & macd_hist_up,3,405,0.0023555545000522385,0.7068744624255995,275,0.0010547254168856441,130,0.005107308329827726,0.0008705571997637551,0.0004487052439930162,-
XRPUSDT,ema20>ema50 & >sma200 & <lower_bb,3,24,-0.012133037318502028,-0.5169527703261206,18,-0.012721216509270236,6,-0.010368499746197416,0.0008705571997637551,0.0004487052439930162,-
XRPUSDT,ema20>ema50 & >sma200 & >upper_bb,3,105,0.020895855607529046,2.1098001065155154,73,0.017750563154388346,32,0.028071054016256272,0.0008705571997637551,0.0004487052439930162,-
XRPUSDT,ema20>ema50 & >sma200 & stoch<20,3,83,0.004558376403513381,0.5214220359723487,53,0.001724003000112377,30,0.009565769416188485,0.0008705571997637551,0.0004487052439930162,-
XRPUSDT,ema20>ema50 & >sma200 & dip>3%,3,165,0.00963531782058559,1.6069083434313534,118,0.010151781709707909,47,0.008338663801086997,0.0008705571997637551,0.0004487052439930162,-
XRPUSDT,ema20>ema50 & >sma200 & pop>3%,3,202,0.004316989271040436,0.7220966818231762,135,-0.002851161903792447,67,0.01876027895167386,0.0008705571997637551,0.0004487052439930162,-
XRPUSDT,ema20>ema50 & >sma200 & vol>1.5x,3,173,0.006834195108207942,0.9913881815333984,119,0.0007583067424519002,54,0.02022365280311477,0.0008705571997637551,0.0004487052439930162,-
XRPUSDT,ema20>ema50 & >sma200 & 20d_high,3,124,0.020145192658506752,2.3871530003713013,85,0.013353229997848007,39,0.03494818820096809,0.0008705571997637551,0.0004487052439930162,-
XRPUSDT,ema20>ema50 & >sma200 & 20d_low,3,57,0.0003477767631853999,0.030626891666577213,40,-0.0029745033286556087,17,0.00816490639104659,0.0008705571997637551,0.0004487052439930162,-
XRPUSDT,ema20>ema50 & >sma200 & adx>25,3,453,0.004862653928938708,1.5767177224611704,298,0.004553779616367267,155,0.00545648970407606,0.0008705571997637551,0.0004487052439930162,-
XRPUSDT,ema20>ema50 & >sma200 & btc>ema50,3,713,0.0008373201028409348,0.3616224182835324,482,-0.0004003581585289029,231,0.0034198349166083054,0.0008705571997637551,0.0004487052439930162,-
XRPUSDT,ema20>ema50 & >sma200 & funding<0,3,78,-0.007538878904920501,-1.596285265962101,49,-0.0004357169344930481,29,-0.019540773268746193,0.0008705571997637551,0.0004487052439930162,-
XRPUSDT,ema20>ema50 & macd>signal & macd_hist_up,3,197,0.011650932242266264,1.9579491464543237,132,0.00975972587653503,65,0.015491535938828148,0.0008705571997637551,0.0004487052439930162,-
XRPUSDT,ema20>ema50 & macd>signal & <lower_bb,3,0,,,0,,0,,0.0008705571997637551,0.0004487052439930162,-
XRPUSDT,ema20>ema50 & macd>signal & >upper_bb,3,108,0.01926160788752698,1.9910574222814723,74,0.01684186243432061,34,0.02452811269744672,0.0008705571997637551,0.0004487052439930162,-
XRPUSDT,ema20>ema50 & macd>signal & stoch<20,3,0,,,0,,0,,0.0008705571997637551,0.0004487052439930162,-
XRPUSDT,ema20>ema50 & macd>signal & dip>3%,3,69,0.021461010732173456,2.135916914616745,51,0.023993882365010544,18,0.014284541105801732,0.0008705571997637551,0.0004487052439930162,-
XRPUSDT,ema20>ema50 & macd>signal & pop>3%,3,132,0.01842918827474024,2.322176659219824,92,0.010254866087354942,40,0.037230129305726445,0.0008705571997637551,0.0004487052439930162,-
XRPUSDT,ema20>ema50 & macd>signal & vol>1.5x,3,156,0.016147779297620308,2.419809728446082,105,0.01247236175777613,51,0.023714815409064213,0.0008705571997637551,0.0004487052439930162,WEAK
XRPUSDT,ema20>ema50 & macd>signal & 20d_high,3,130,0.018137190893542977,2.246722992597837,89,0.011900824417189251,41,0.03167466934221325,0.0008705571997637551,0.0004487052439930162,-
XRPUSDT,ema20>ema50 & macd>signal & 20d_low,3,0,,,0,,0,,0.0008705571997637551,0.0004487052439930162,-
XRPUSDT,ema20>ema50 & macd>signal & adx>25,3,232,0.011121908555456483,2.1540524310836267,157,0.009398658536411189,75,0.014729245261991295,0.0008705571997637551,0.0004487052439930162,-
XRPUSDT,ema20>ema50 & macd>signal & btc>ema50,3,385,0.008334977477547561,2.306978933510299,247,0.008081261939474511,138,0.008789091520330482,0.0008705571997637551,0.0004487052439930162,-
XRPUSDT,ema20>ema50 & macd>signal & funding<0,3,24,-0.007859807920001953,-0.5692453850635535,13,0.006349958819408056,11,-0.02465316861203197,0.0008705571997637551,0.0004487052439930162,-
XRPUSDT,ema20>ema50 & macd_hist_up & <lower_bb,3,0,,,0,,0,,0.0008705571997637551,0.0004487052439930162,-
XRPUSDT,ema20>ema50 & macd_hist_up & >upper_bb,3,108,0.01926160788752698,1.9910574222814723,74,0.01684186243432061,34,0.02452811269744672,0.0008705571997637551,0.0004487052439930162,-
XRPUSDT,ema20>ema50 & macd_hist_up & stoch<20,3,9,0.0071545372804416646,0.4668793852589537,7,-0.007630663070739235,2,0.05890273850957481,0.0008705571997637551,0.0004487052439930162,-
XRPUSDT,ema20>ema50 & macd_hist_up & dip>3%,3,18,0.023066457121099806,0.9325594365633005,13,0.029451132718496517,5,0.006466300567868367,0.0008705571997637551,0.0004487052439930162,-
XRPUSDT,ema20>ema50 & macd_hist_up & pop>3%,3,168,0.005697270385994726,0.8418772042938671,112,-0.0009640548170825115,56,0.019019920792149207,0.0008705571997637551,0.0004487052439930162,-
XRPUSDT,ema20>ema50 & macd_hist_up & vol>1.5x,3,124,0.010675722706800487,1.272736055768969,83,0.0005731516287827205,41,0.031127269035470598,0.0008705571997637551,0.0004487052439930162,-
XRPUSDT,ema20>ema50 & macd_hist_up & 20d_high,3,124,0.01751818347706701,2.1049648339328417,86,0.01085628103658559,38,0.032595120579209165,0.0008705571997637551,0.0004487052439930162,-
XRPUSDT,ema20>ema50 & macd_hist_up & 20d_low,3,3,-0.028176985383730396,-0.5955711905418851,3,-0.028176985383730396,0,,0.0008705571997637551,0.0004487052439930162,-
XRPUSDT,ema20>ema50 & macd_hist_up & adx>25,3,178,0.011359424011452285,1.9157124331868194,116,0.012078343466679587,62,0.010014348901672174,0.0008705571997637551,0.0004487052439930162,-
XRPUSDT,ema20>ema50 & macd_hist_up & btc>ema50,3,349,0.0038362662026576017,1.0522568463862454,254,0.0019760522315744773,95,0.008809890925343006,0.0008705571997637551,0.0004487052439930162,-
XRPUSDT,ema20>ema50 & macd_hist_up & funding<0,3,28,-0.0028488993241609878,-0.3794582310450675,23,-0.00011639416674552715,5,-0.015418423048272123,0.0008705571997637551,0.0004487052439930162,-
XRPUSDT,ema20>ema50 & <lower_bb & >upper_bb,3,0,,,0,,0,,0.0008705571997637551,0.0004487052439930162,-
XRPUSDT,ema20>ema50 & <lower_bb & stoch<20,3,28,0.02081030157962818,0.8808419516267884,20,0.027418290468812924,8,0.004290329356666323,0.0008705571997637551,0.0004487052439930162,-
XRPUSDT,ema20>ema50 & <lower_bb & dip>3%,3,35,0.007261504747159793,0.3502546928486835,24,0.017824866883293076,11,-0.01578583082258556,0.0008705571997637551,0.0004487052439930162,-
XRPUSDT,ema20>ema50 & <lower_bb & pop>3%,3,3,0.018486333692712676,0.22134607959828695,1,,2,0.06005974088084856,0.0008705571997637551,0.0004487052439930162,-
XRPUSDT,ema20>ema50 & <lower_bb & vol>1.5x,3,17,-0.006576475903433684,-0.17490326655742014,11,0.0040311193202546575,6,-0.026023733813528988,0.0008705571997637551,0.0004487052439930162,-
XRPUSDT,ema20>ema50 & <lower_bb & 20d_high,3,0,,,0,,0,,0.0008705571997637551,0.0004487052439930162,-
XRPUSDT,ema20>ema50 & <lower_bb & 20d_low,3,40,0.008396787081497862,0.46286155881427016,27,0.016606449075131764,13,-0.008654049366818718,0.0008705571997637551,0.0004487052439930162,-
XRPUSDT,ema20>ema50 & <lower_bb & adx>25,3,13,0.03472629373627832,1.179856980294989,7,0.04033928083841019,6,0.028177808783791124,0.0008705571997637551,0.0004487052439930162,-
XRPUSDT,ema20>ema50 & <lower_bb & btc>ema50,3,19,-0.00956647148280798,-0.3179952704912962,14,-0.00343596896667482,5,-0.02673187852798083,0.0008705571997637551,0.0004487052439930162,-
XRPUSDT,ema20>ema50 & <lower_bb & funding<0,3,16,0.014187988096776157,0.490139737928653,11,0.037146506802081446,5,-0.03632075305489547,0.0008705571997637551,0.0004487052439930162,-
XRPUSDT,ema20>ema50 & >upper_bb & stoch<20,3,0,,,0,,0,,0.0008705571997637551,0.0004487052439930162,-
XRPUSDT,ema20>ema50 & >upper_bb & dip>3%,3,6,0.06758382112208054,0.9414445683461541,5,0.0700985913535102,1,,0.0008705571997637551,0.0004487052439930162,-
XRPUSDT,ema20>ema50 & >upper_bb & pop>3%,3,77,0.01697587084446075,1.4169178827570397,52,0.012960778981522002,25,0.025327261919373338,0.0008705571997637551,0.0004487052439930162,-
XRPUSDT,ema20>ema50 & >upper_bb & vol>1.5x,3,93,0.014199839076151596,1.4303100245985045,62,0.006706512072850308,31,0.02918649308275418,0.0008705571997637551,0.0004487052439930162,-
XRPUSDT,ema20>ema50 & >upper_bb & 20d_high,3,91,0.016267497170708838,1.5687072604359793,61,0.013260914931025733,30,0.022380881058064492,0.0008705571997637551,0.0004487052439930162,-
XRPUSDT,ema20>ema50 & >upper_bb & 20d_low,3,0,,,0,,0,,0.0008705571997637551,0.0004487052439930162,-
XRPUSDT,ema20>ema50 & >upper_bb & adx>25,3,62,0.03170661004857805,2.250855777119444,43,0.028984655105591818,19,0.03786682386691532,0.0008705571997637551,0.0004487052439930162,-
XRPUSDT,ema20>ema50 & >upper_bb & btc>ema50,3,103,0.0207870428012855,2.0588742492158065,69,0.018943617055350984,34,0.02452811269744672,0.0008705571997637551,0.0004487052439930162,-
XRPUSDT,ema20>ema50 & >upper_bb & funding<0,3,5,-0.032119752317391594,-1.163947848791624,5,-0.032119752317391594,0,,0.0008705571997637551,0.0004487052439930162,-
XRPUSDT,ema20>ema50 & stoch<20 & dip>3%,3,57,0.014642049859407757,1.136048002268802,37,0.01544887417062368,20,0.013149424883658306,0.0008705571997637551,0.0004487052439930162,-
XRPUSDT,ema20>ema50 & stoch<20 & pop>3%,3,0,,,0,,0,,0.0008705571997637551,0.0004487052439930162,-
XRPUSDT,ema20>ema50 & stoch<20 & vol>1.5x,3,7,0.011801172432404179,0.13772188174948574,4,0.02014165241432002,3,0.0006805324565163894,0.0008705571997637551,0.0004487052439930162,-
XRPUSDT,ema20>ema50 & stoch<20 & 20d_high,3,0,,,0,,0,,0.0008705571997637551,0.0004487052439930162,-
XRPUSDT,ema20>ema50 & stoch<20 & 20d_low,3,58,0.008786467396338394,0.6930759911959639,37,0.012037937530267093,21,0.00305768668417831,0.0008705571997637551,0.0004487052439930162,-
XRPUSDT,ema20>ema50 & stoch<20 & adx>25,3,41,0.013995644836772838,1.0534797613887008,30,0.021837015284298024,11,-0.007389910929204927,0.0008705571997637551,0.0004487052439930162,-
XRPUSDT,ema20>ema50 & stoch<20 & btc>ema50,3,52,0.0029561444923112,0.24507057695440568,31,0.005096341077300346,21,-0.0002031933236251627,0.0008705571997637551,0.0004487052439930162,-
XRPUSDT,ema20>ema50 & stoch<20 & funding<0,3,20,0.019848801169168456,1.007129224189603,13,0.03745556825217423,7,-0.012849480556413705,0.0008705571997637551,0.0004487052439930162,-
XRPUSDT,ema20>ema50 & dip>3% & pop>3%,3,0,,,0,,0,,0.0008705571997637551,0.0004487052439930162,-
XRPUSDT,ema20>ema50 & dip>3% & vol>1.5x,3,51,0.013063872309481401,0.7952434973955581,37,0.022628035101730497,14,-0.012212843641462651,0.0008705571997637551,0.0004487052439930162,-
XRPUSDT,ema20>ema50 & dip>3% & 20d_high,3,0,,,0,,0,,0.0008705571997637551,0.0004487052439930162,-
XRPUSDT,ema20>ema50 & dip>3% & 20d_low,3,56,0.00678783124865115,0.4842774570075633,38,0.011739417773864438,18,-0.0036655180823546804,0.0008705571997637551,0.0004487052439930162,-
XRPUSDT,ema20>ema50 & dip>3% & adx>25,3,103,0.014340178261760072,1.8350641837497417,75,0.01803489060234844,28,0.004443627349469804,0.0008705571997637551,0.0004487052439930162,-
XRPUSDT,ema20>ema50 & dip>3% & btc>ema50,3,125,0.010662081965155815,1.413714138902181,93,0.01512840833476037,32,-0.002318179046507431,0.0008705571997637551,0.0004487052439930162,-
XRPUSDT,ema20>ema50 & dip>3% & funding<0,3,29,0.012861573476278195,0.7154697533202204,17,0.03397544594836915,12,-0.017049745859183996,0.0008705571997637551,0.0004487052439930162,-
XRPUSDT,ema20>ema50 & pop>3% & vol>1.5x,3,90,0.008309892275382796,0.8052851759977961,59,-0.006428557139473739,31,0.036360489548819416,0.0008705571997637551,0.0004487052439930162,-
XRPUSDT,ema20>ema50 & pop>3% & 20d_high,3,100,0.02287837405986136,2.262107629684761,69,0.012427784476188608,31,0.04613936377835877,0.0008705571997637551,0.0004487052439930162,-
XRPUSDT,ema20>ema50 & pop>3% & 20d_low,3,0,,,0,,0,,0.0008705571997637551,0.0004487052439930162,-
XRPUSDT,ema20>ema50 & pop>3% & adx>25,3,124,0.014578684743018244,1.87452140427841,84,0.007670701134448636,40,0.029085450321014415,0.0008705571997637551,0.0004487052439930162,-
XRPUSDT,ema20>ema50 & pop>3% & btc>ema50,3,179,0.008624355266310285,1.3612653561483803,122,0.0021426260891390567,57,0.02249752999639607,0.0008705571997637551,0.0004487052439930162,-
XRPUSDT,ema20>ema50 & pop>3% & funding<0,3,15,-0.021303672763047884,-1.9326086529551536,12,-0.020271640545253013,3,-0.025431801634227372,0.0008705571997637551,0.0004487052439930162,-
XRPUSDT,ema20>ema50 & vol>1.5x & 20d_high,3,87,0.01346591729729361,1.391180488845481,56,-0.00035528623678455156,31,0.03843325271369288,0.0008705571997637551,0.0004487052439930162,-
XRPUSDT,ema20>ema50 & vol>1.5x & 20d_low,3,14,-0.0005930378153963998,-0.013045285752811053,9,0.009159778371334878,5,-0.018148106951512706,0.0008705571997637551,0.0004487052439930162,-
XRPUSDT,ema20>ema50 & vol>1.5x & adx>25,3,114,0.019174273800604193,2.161318412606057,77,0.01582030474773324,37,0.026154155343065377,0.0008705571997637551,0.0004487052439930162,-
XRPUSDT,ema20>ema50 & vol>1.5x & btc>ema50,3,163,0.011372400415933228,1.5816600477650862,108,0.006820643900049562,55,0.020310395028941153,0.0008705571997637551,0.0004487052439930162,-
XRPUSDT,ema20>ema50 & vol>1.5x & funding<0,3,21,0.015648255979936666,0.6216968616720885,16,0.027594451128313796,5,-0.022579568494870174,0.0008705571997637551,0.0004487052439930162,-
XRPUSDT,ema20>ema50 & 20d_high & 20d_low,3,0,,,0,,0,,0.0008705571997637551,0.0004487052439930162,-
XRPUSDT,ema20>ema50 & 20d_high & adx>25,3,73,0.028089141235300957,2.3733567264513122,51,0.020320067700437733,22,0.046099266247938434,0.0008705571997637551,0.0004487052439930162,-
XRPUSDT,ema20>ema50 & 20d_high & btc>ema50,3,125,0.02067922973125593,2.4873451956522006,84,0.015312408016383899,41,0.03167466934221325,0.0008705571997637551,0.0004487052439930162,WEAK
XRPUSDT,ema20>ema50 & 20d_high & funding<0,3,4,-0.04169446113592339,-1.2478693281394864,4,-0.04169446113592339,0,,0.0008705571997637551,0.0004487052439930162,-
XRPUSDT,ema20>ema50 & 20d_low & adx>25,3,31,0.020288101435391944,1.5044533494708279,20,0.025654755001432866,11,0.01053054949713571,0.0008705571997637551,0.0004487052439930162,-
XRPUSDT,ema20>ema50 & 20d_low & btc>ema50,3,36,0.00363002127332214,0.20791176679840873,25,0.009150613694906861,11,-0.008916779684824953,0.0008705571997637551,0.0004487052439930162,-
XRPUSDT,ema20>ema50 & 20d_low & funding<0,3,17,0.01949856828392385,0.7371583577643279,12,0.03605130928423799,5,-0.020228010116830085,0.0008705571997637551,0.0004487052439930162,-
XRPUSDT,ema20>ema50 & adx>25 & btc>ema50,3,378,0.0068903138420453765,1.9332893345474274,250,0.006495019254756643,128,0.007662373582843689,0.0008705571997637551,0.0004487052439930162,-
XRPUSDT,ema20>ema50 & adx>25 & funding<0,3,52,-0.00023114344009667482,-0.027992657825659403,31,0.006311541883435214,21,-0.009889393203405653,0.0008705571997637551,0.0004487052439930162,-
XRPUSDT,ema20>ema50 & btc>ema50 & funding<0,3,52,-0.0028790982165942365,-0.3401219107769945,32,0.005103283497040721,20,-0.01565090895841017,0.0008705571997637551,0.0004487052439930162,-
XRPUSDT,>sma200 & macd>signal & macd_hist_up,3,303,0.0041924285417873,1.0035789882328,196,0.0019073806550891819,107,0.008378123736112833,0.0008705571997637551,0.0004487052439930162,-
XRPUSDT,>sma200 & macd>signal & <lower_bb,3,0,,,0,,0,,0.0008705571997637551,0.0004487052439930162,-
XRPUSDT,>sma200 & macd>signal & >upper_bb,3,123,0.016780619553910834,1.8879595769974393,84,0.012378823258695376,39,0.026261411574374883,0.0008705571997637551,0.0004487052439930162,-
XRPUSDT,>sma200 & macd>signal & stoch<20,3,5,0.009341517800982028,0.5250090282667745,5,0.009341517800982028,0,,0.0008705571997637551,0.0004487052439930162,-
XRPUSDT,>sma200 & macd>signal & dip>3%,3,79,0.01646492157485382,1.9790256142680098,57,0.018194098771315163,22,0.011984780656749445,0.0008705571997637551,0.0004487052439930162,-
XRPUSDT,>sma200 & macd>signal & pop>3%,3,161,0.013133164618693207,1.871917683154409,109,0.007468079316558871,52,0.025008054963551726,0.0008705571997637551,0.0004487052439930162,-
XRPUSDT,>sma200 & macd>signal & vol>1.5x,3,187,0.011634932058580053,2.002167973924141,127,0.007268396690921476,60,0.02087743192012404,0.0008705571997637551,0.0004487052439930162,-
XRPUSDT,>sma200 & macd>signal & 20d_high,3,158,0.013465833580143688,1.8957071784329986,106,0.007284463876568928,52,0.026066317975892237,0.0008705571997637551,0.0004487052439930162,-
XRPUSDT,>sma200 & macd>signal & 20d_low,3,3,-0.007705744592562479,-0.3509041231144584,3,-0.007705744592562479,0,,0.0008705571997637551,0.0004487052439930162,-
XRPUSDT,>sma200 & macd>signal & adx>25,3,294,0.0060424870260618714,1.397480445139519,209,0.003938436347950374,85,0.011215976340477201,0.0008705571997637551,0.0004487052439930162,-
XRPUSDT,>sma200 & macd>signal & btc>ema50,3,450,0.006638323994144465,2.069799355147226,281,0.005450634114562196,169,0.008613121959603735,0.0008705571997637551,0.0004487052439930162,-
XRPUSDT,>sma200 & macd>signal & funding<0,3,44,-0.0207153504806431,-2.6323129278230093,17,-0.029808050913989102,27,-0.014990316874462284,0.0008705571997637551,0.0004487052439930162,-
XRPUSDT,>sma200 & macd_hist_up & <lower_bb,3,0,,,0,,0,,0.0008705571997637551,0.0004487052439930162,-
XRPUSDT,>sma200 & macd_hist_up & >upper_bb,3,123,0.016780619553910834,1.8879595769974393,84,0.012378823258695376,39,0.026261411574374883,0.0008705571997637551,0.0004487052439930162,-
XRPUSDT,>sma200 & macd_hist_up & stoch<20,3,16,0.008534338723713095,0.6947036471118557,13,-0.0009476420947158288,3,0.04962292227023843,0.0008705571997637551,0.0004487052439930162,-
XRPUSDT,>sma200 & macd_hist_up & dip>3%,3,25,0.01298721918017397,0.6842065196663567,17,0.01590753049798189,8,0.0067815576298321445,0.0008705571997637551,0.0004487052439930162,-
XRPUSDT,>sma200 & macd_hist_up & pop>3%,3,213,0.0026203702986060213,0.4589194338223752,136,-0.0023483819031168396,77,0.011396348213337319,0.0008705571997637551,0.0004487052439930162,-
XRPUSDT,>sma200 & macd_hist_up & vol>1.5x,3,161,0.006823511366121651,0.9913879334209375,107,-0.0015665613781800669,54,0.02344828513723801,0.0008705571997637551,0.0004487052439930162,-
XRPUSDT,>sma200 & macd_hist_up & 20d_high,3,151,0.012929377675189627,1.7664409202406963,102,0.006440532894392473,49,0.026436768851542895,0.0008705571997637551,0.0004487052439930162,-
XRPUSDT,>sma200 & macd_hist_up & 20d_low,3,4,-0.018864481437110447,-0.5432410235078396,4,-0.018864481437110447,0,,0.0008705571997637551,0.0004487052439930162,-
XRPUSDT,>sma200 & macd_hist_up & adx>25,3,246,0.005980395609461714,1.2401709765651467,174,0.004041693653261508,72,0.010665592003612213,0.0008705571997637551,0.0004487052439930162,-
XRPUSDT,>sma200 & macd_hist_up & btc>ema50,3,416,0.004266289758179868,1.1732145154156457,293,0.0021607863443320846,123,0.009281838540760359,0.0008705571997637551,0.0004487052439930162,-
XRPUSDT,>sma200 & macd_hist_up & funding<0,3,57,-0.0037782365005102976,-0.7214273399539348,34,-0.0030439821838397683,23,-0.004863655925153687,0.0008705571997637551,0.0004487052439930162,-
XRPUSDT,>sma200 & <lower_bb & >upper_bb,3,0,,,0,,0,,0.0008705571997637551,0.0004487052439930162,-
XRPUSDT,>sma200 & <lower_bb & stoch<20,3,18,-0.0003128561573484054,-0.010466416482094955,12,-0.009808789675798122,6,0.018679010879551036,0.0008705571997637551,0.0004487052439930162,-
XRPUSDT,>sma200 & <lower_bb & dip>3%,3,24,-0.004244874428874418,-0.18212741342465588,17,-0.006356383176886584,7,0.0008830753877265632,0.0008705571997637551,0.0004487052439930162,-
XRPUSDT,>sma200 & <lower_bb & pop>3%,3,2,-0.06503117440358475,-175.43101188518645,1,,1,,0.0008705571997637551,0.0004487052439930162,-
XRPUSDT,>sma200 & <lower_bb & vol>1.5x,3,10,-0.03558895270074683,-0.7847915341041498,6,-0.055937072473873084,4,-0.005066773041057427,0.0008705571997637551,0.0004487052439930162,-
XRPUSDT,>sma200 & <lower_bb & 20d_high,3,0,,,0,,0,,0.0008705571997637551,0.0004487052439930162,-
XRPUSDT,>sma200 & <lower_bb & 20d_low,3,27,-0.0010337245286352586,-0.04982896560767861,18,-0.0047745268364220534,9,0.0064478800869383355,0.0008705571997637551,0.0004487052439930162,-
XRPUSDT,>sma200 & <lower_bb & adx>25,3,10,-0.0015443431002345291,-0.12844657869125398,6,-0.005075231255239652,4,0.003751989132273155,0.0008705571997637551,0.0004487052439930162,-
XRPUSDT,>sma200 & <lower_bb & btc>ema50,3,10,-0.05177609645194294,-1.2149095633302565,8,-0.057975864417898426,2,-0.026977024588121037,0.0008705571997637551,0.0004487052439930162,-
XRPUSDT,>sma200 & <lower_bb & funding<0,3,14,-0.0008397107046977009,-0.06184814931734189,8,0.011960137246396564,6,-0.01790617463949006,0.0008705571997637551,0.0004487052439930162,-
XRPUSDT,>sma200 & >upper_bb & stoch<20,3,0,,,0,,0,,0.0008705571997637551,0.0004487052439930162,-
XRPUSDT,>sma200 & >upper_bb & dip>3%,3,6,0.06758382112208054,0.9414445683461541,5,0.0700985913535102,1,,0.0008705571997637551,0.0004487052439930162,-
XRPUSDT,>sma200 & >upper_bb & pop>3%,3,87,0.014444269455440289,1.2911970334051779,58,0.00842007523629025,29,0.026492657893740383,0.0008705571997637551,0.0004487052439930162,-
XRPUSDT,>sma200 & >upper_bb & vol>1.5x,3,104,0.013072778855885026,1.4001042594516064,69,0.003451566668929884,35,0.032040311453025154,0.0008705571997637551,0.0004487052439930162,-
XRPUSDT,>sma200 & >upper_bb & 20d_high,3,105,0.013877667986753077,1.462617019726942,70,0.008506992673995795,35,0.02461901861226763,0.0008705571997637551,0.0004487052439930162,-
XRPUSDT,>sma200 & >upper_bb & 20d_low,3,0,,,0,,0,,0.0008705571997637551,0.0004487052439930162,-
XRPUSDT,>sma200 & >upper_bb & adx>25,3,70,0.027935099086561166,2.206224633471502,49,0.023530553857143845,21,0.03821237128853495,0.0008705571997637551,0.0004487052439930162,-
XRPUSDT,>sma200 & >upper_bb & btc>ema50,3,116,0.018139359394212566,1.9368836013529391,77,0.014025592705558917,39,0.026261411574374883,0.0008705571997637551,0.0004487052439930162,-
XRPUSDT,>sma200 & >upper_bb & funding<0,3,6,-0.024481024451440184,-0.89286681861811,6,-0.024481024451440184,0,,0.0008705571997637551,0.0004487052439930162,-
XRPUSDT,>sma200 & stoch<20 & dip>3%,3,58,0.0056009994479675265,0.5108055034717859,36,0.0011258353506441658,22,0.012923995243587571,0.0008705571997637551,0.0004487052439930162,-
XRPUSDT,>sma200 & stoch<20 & pop>3%,3,0,,,0,,0,,0.0008705571997637551,0.0004487052439930162,-
XRPUSDT,>sma200 & stoch<20 & vol>1.5x,3,4,-0.0931925403850144,-0.8608651647513377,1,,3,0.015044925319793566,0.0008705571997637551,0.0004487052439930162,-
XRPUSDT,>sma200 & stoch<20 & 20d_high,3,0,,,0,,0,,0.0008705571997637551,0.0004487052439930162,-
XRPUSDT,>sma200 & stoch<20 & 20d_low,3,49,0.0023416228662770204,0.18628019615126473,31,-0.003281230537623716,18,0.012025425950772717,0.0008705571997637551,0.0004487052439930162,-
XRPUSDT,>sma200 & stoch<20 & adx>25,3,46,0.009301530232360146,0.9317387065050672,34,0.013807054145678666,12,-0.0034641208553756707,0.0008705571997637551,0.0004487052439930162,-
XRPUSDT,>sma200 & stoch<20 & btc>ema50,3,40,-0.005233912852172469,-0.3779596615459185,25,-0.013584619180069011,15,0.0086839310276551,0.0008705571997637551,0.0004487052439930162,-
XRPUSDT,>sma200 & stoch<20 & funding<0,3,24,0.0009389171348158273,0.12950367688706804,10,-0.0008971615054869112,14,0.0022504018778892127,0.0008705571997637551,0.0004487052439930162,-
XRPUSDT,>sma200 & dip>3% & pop>3%,3,0,,,0,,0,,0.0008705571997637551,0.0004487052439930162,-
XRPUSDT,>sma200 & dip>3% & vol>1.5x,3,46,0.004834222931463994,0.32612702930256654,33,0.007302703840170561,13,-0.0014319209137142164,0.0008705571997637551,0.0004487052439930162,-
XRPUSDT,>sma200 & dip>3% & 20d_high,3,0,,,0,,0,,0.0008705571997637551,0.0004487052439930162,-
XRPUSDT,>sma200 & dip>3% & 20d_low,3,50,0.0006219592199366722,0.048541339040806215,34,-0.001489939568203759,16,0.005109744144735083,0.0008705571997637551,0.0004487052439930162,-
XRPUSDT,>sma200 & dip>3% & adx>25,3,111,0.01052935149328159,1.5497399385707264,82,0.012337627026357854,29,0.005416296537686647,0.0008705571997637551,0.0004487052439930162,-
XRPUSDT,>sma200 & dip>3% & btc>ema50,3,119,0.008677133069268034,1.1742532488654627,90,0.010890317485851947,29,0.0018086297074558864,0.0008705571997637551,0.0004487052439930162,-
XRPUSDT,>sma200 & dip>3% & funding<0,3,30,-0.00488932287547344,-0.6120248065470505,12,-0.0010511018611306343,18,-0.007448136885035311,0.0008705571997637551,0.0004487052439930162,-
XRPUSDT,>sma200 & pop>3% & vol>1.5x,3,109,0.004351013331117398,0.47525650987880663,68,-0.007497596853573173,41,0.02400236680816516,0.0008705571997637551,0.0004487052439930162,-
XRPUSDT,>sma200 & pop>3% & 20d_high,3,112,0.01777105613805983,1.8372726733350238,75,0.008186551274993834,37,0.037199106536166586,0.0008705571997637551,0.0004487052439930162,-
XRPUSDT,>sma200 & pop>3% & 20d_low,3,0,,,0,,0,,0.0008705571997637551,0.0004487052439930162,-
XRPUSDT,>sma200 & pop>3% & adx>25,3,142,0.011049479860335085,1.5638457855718464,98,0.008381168211887292,44,0.016992537622786994,0.0008705571997637551,0.0004487052439930162,-
XRPUSDT,>sma200 & pop>3% & btc>ema50,3,199,0.00850050765911828,1.4317812823196208,133,0.0017735986665428165,66,0.02205624850779308,0.0008705571997637551,0.0004487052439930162,-
XRPUSDT,>sma200 & pop>3% & funding<0,3,25,-0.02331563858489313,-2.995721782512721,14,-0.02486168142748787,11,-0.021347947694318012,0.0008705571997637551,0.0004487052439930162,-
XRPUSDT,>sma200 & vol>1.5x & 20d_high,3,104,0.00849467980987466,0.9594218121178902,67,-0.004932323398386169,37,0.032808442376184806,0.0008705571997637551,0.0004487052439930162,-
XRPUSDT,>sma200 & vol>1.5x & 20d_low,3,9,-0.03185099417588276,-0.63202898249439,4,-0.07438168550600646,5,0.0021735588882161997,0.0008705571997637551,0.0004487052439930162,-
XRPUSDT,>sma200 & vol>1.5x & adx>25,3,130,0.013280238100368283,1.7335466595046294,86,0.01046426013794673,44,0.018784195026919505,0.0008705571997637551,0.0004487052439930162,-
XRPUSDT,>sma200 & vol>1.5x & btc>ema50,3,186,0.008385032847410042,1.3344851906447817,128,0.00045047499703345685,58,0.025895781206861822,0.0008705571997637551,0.0004487052439930162,-
XRPUSDT,>sma200 & vol>1.5x & funding<0,3,22,-0.015707812558810787,-1.4839593332440708,11,-0.005740884052248382,11,-0.025674741065373194,0.0008705571997637551,0.0004487052439930162,-
XRPUSDT,>sma200 & 20d_high & 20d_low,3,0,,,0,,0,,0.0008705571997637551,0.0004487052439930162,-
XRPUSDT,>sma200 & 20d_high & adx>25,3,84,0.021784545004594875,2.021899552461667,59,0.01562640643942018,25,0.036317752018407166,0.0008705571997637551,0.0004487052439930162,-
XRPUSDT,>sma200 & 20d_high & btc>ema50,3,149,0.01700870206469022,2.3215739451177817,98,0.010098141554185073,51,0.030287818339778543,0.0008705571997637551,0.0004487052439930162,-
XRPUSDT,>sma200 & 20d_high & funding<0,3,5,-0.030613045933075345,-0.93531994435787,5,-0.030613045933075345,0,,0.0008705571997637551,0.0004487052439930162,-
XRPUSDT,>sma200 & 20d_low & adx>25,3,34,0.01044565133060759,1.248773949018036,23,0.008151309225334366,11,0.015242912096178863,0.0008705571997637551,0.0004487052439930162,-
XRPUSDT,>sma200 & 20d_low & btc>ema50,3,27,-0.004635465329773313,-0.24052187035004843,21,-0.008068935703242675,6,0.007381680977369462,0.0008705571997637551,0.0004487052439930162,-
XRPUSDT,>sma200 & 20d_low & funding<0,3,18,0.004070239373425621,0.3674068495871512,8,0.014664330810960904,10,-0.004405033776602606,0.0008705571997637551,0.0004487052439930162,-
XRPUSDT,>sma200 & adx>25 & btc>ema50,3,409,0.005774210947526061,1.7749578777886328,277,0.0047541028603872125,132,0.007914892312203794,0.0008705571997637551,0.0004487052439930162,-
XRPUSDT,>sma200 & adx>25 & funding<0,3,66,-0.012871594328889763,-2.3070056367374057,40,-0.015000424897917832,26,-0.009596470376538884,0.0008705571997637551,0.0004487052439930162,-
XRPUSDT,>sma200 & btc>ema50 & funding<0,3,48,-0.009535729689163582,-1.5293816979909263,29,-0.006801450765335159,19,-0.013709102783428014,0.0008705571997637551,0.0004487052439930162,-
XRPUSDT,macd>signal & macd_hist_up & <lower_bb,3,0,,,0,,0,,0.0008705571997637551,0.0004487052439930162,-
XRPUSDT,macd>signal & macd_hist_up & >upper_bb,3,160,0.01561662234250345,2.200574678671501,102,0.010152644675200601,58,0.025225686516036037,0.0008705571997637551,0.0004487052439930162,-
XRPUSDT,macd>signal & macd_hist_up & stoch<20,3,1,,,1,,0,,0.0008705571997637551,0.0004487052439930162,-
XRPUSDT,macd>signal & macd_hist_up & dip>3%,3,20,0.019213064104306156,0.8685356436828099,13,0.0291594330996068,7,0.0007412359701763854,0.0008705571997637551,0.0004487052439930162,-
XRPUSDT,macd>signal & macd_hist_up & pop>3%,3,209,0.01453089392240275,2.370181152779416,133,0.010920058314881622,76,0.020849856235564714,0.0008705571997637551,0.0004487052439930162,-
XRPUSDT,macd>signal & macd_hist_up & vol>1.5x,3,190,0.012661582627307546,1.9770525735284492,124,0.006135257776905621,66,0.024923162649274806,0.0008705571997637551,0.0004487052439930162,-
XRPUSDT,macd>signal & macd_hist_up & 20d_high,3,195,0.01315931103342512,2.228080778587991,126,0.006119836876357617,69,0.02601400297241795,0.0008705571997637551,0.0004487052439930162,-
XRPUSDT,macd>signal & macd_hist_up & 20d_low,3,0,,,0,,0,,0.0008705571997637551,0.0004487052439930162,-
XRPUSDT,macd>signal & macd_hist_up & adx>25,3,286,0.008060206605476971,2.016585385544832,201,0.00690842412162156,85,0.010783833420240932,0.0008705571997637551,0.0004487052439930162,-
XRPUSDT,macd>signal & macd_hist_up & btc>ema50,3,342,0.009787100374617002,2.4106814419745306,210,0.009408160395741662,132,0.010389959431918679,0.0008705571997637551,0.0004487052439930162,WEAK
XRPUSDT,macd>signal & macd_hist_up & funding<0,3,79,-0.002505556717010234,-0.6309336917125171,45,0.0003705115302109311,34,-0.006312117632450009,0.0008705571997637551,0.0004487052439930162,-
XRPUSDT,macd>signal & <lower_bb & >upper_bb,3,0,,,0,,0,,0.0008705571997637551,0.0004487052439930162,-
XRPUSDT,macd>signal & <lower_bb & stoch<20,3,4,-0.045142879746811575,-2.0964660770134924,4,-0.045142879746811575,0,,0.0008705571997637551,0.0004487052439930162,-
XRPUSDT,macd>signal & <lower_bb & dip>3%,3,4,-0.045142879746811575,-2.0964660770134924,4,-0.045142879746811575,0,,0.0008705571997637551,0.0004487052439930162,-
XRPUSDT,macd>signal & <lower_bb & pop>3%,3,0,,,0,,0,,0.0008705571997637551,0.0004487052439930162,-
XRPUSDT,macd>signal & <lower_bb & vol>1.5x,3,1,,,1,,0,,0.0008705571997637551,0.0004487052439930162,-
XRPUSDT,macd>signal & <lower_bb & 20d_high,3,0,,,0,,0,,0.0008705571997637551,0.0004487052439930162,-
XRPUSDT,macd>signal & <lower_bb & 20d_low,3,4,-0.045142879746811575,-2.0964660770134924,4,-0.045142879746811575,0,,0.0008705571997637551,0.0004487052439930162,-
XRPUSDT,macd>signal & <lower_bb & adx>25,3,4,-0.045142879746811575,-2.0964660770134924,4,-0.045142879746811575,0,,0.0008705571997637551,0.0004487052439930162,-
XRPUSDT,macd>signal & <lower_bb & btc>ema50,3,0,,,0,,0,,0.0008705571997637551,0.0004487052439930162,-
XRPUSDT,macd>signal & <lower_bb & funding<0,3,3,-0.042593101152541106,-1.4086048357645107,3,-0.042593101152541106,0,,0.0008705571997637551,0.0004487052439930162,-
XRPUSDT,macd>signal & >upper_bb & stoch<20,3,0,,,0,,0,,0.0008705571997637551,0.0004487052439930162,-
XRPUSDT,macd>signal & >upper_bb & dip>3%,3,6,0.06758382112208054,0.9414445683461541,5,0.0700985913535102,1,,0.0008705571997637551,0.0004487052439930162,-
XRPUSDT,macd>signal & >upper_bb & pop>3%,3,109,0.016613992845136722,1.7954267147254204,68,0.008147366532417865,41,0.030656202339402146,0.0008705571997637551,0.0004487052439930162,-
XRPUSDT,macd>signal & >upper_bb & vol>1.5x,3,131,0.011754649412834951,1.526544177921185,82,0.0027419844485977625,49,0.02683706833257882,0.0008705571997637551,0.0004487052439930162,-
XRPUSDT,macd>signal & >upper_bb & 20d_high,3,138,0.01457801977965415,1.9420624597916578,87,0.007400743625488787,51,0.026821608513230358,0.0008705571997637551,0.0004487052439930162,-
XRPUSDT,macd>signal & >upper_bb & 20d_low,3,0,,,0,,0,,0.0008705571997637551,0.0004487052439930162,-
XRPUSDT,macd>signal & >upper_bb & adx>25,3,88,0.026094148544134766,2.5050593877708014,60,0.01981011561879392,28,0.03955993338415085,0.0008705571997637551,0.0004487052439930162,-
XRPUSDT,macd>signal & >upper_bb & btc>ema50,3,142,0.016837651070446043,2.1401923192094916,89,0.012445600803186739,53,0.024212980764522996,0.0008705571997637551,0.0004487052439930162,-
XRPUSDT,macd>signal & >upper_bb & funding<0,3,7,-0.028054205262752176,-1.1965103400957513,7,-0.028054205262752176,0,,0.0008705571997637551,0.0004487052439930162,-
XRPUSDT,macd>signal & stoch<20 & dip>3%,3,19,-0.01711696989730406,-1.9208406481131406,15,-0.014257846748501361,4,-0.0278386817053142,0.0008705571997637551,0.0004487052439930162,-
XRPUSDT,macd>signal & stoch<20 & pop>3%,3,0,,,0,,0,,0.0008705571997637551,0.0004487052439930162,-
XRPUSDT,macd>signal & stoch<20 & vol>1.5x,3,2,-0.01717919384605112,-0.5905821175772805,1,,1,,0.0008705571997637551,0.0004487052439930162,-
XRPUSDT,macd>signal & stoch<20 & 20d_high,3,0,,,0,,0,,0.0008705571997637551,0.0004487052439930162,-
XRPUSDT,macd>signal & stoch<20 & 20d_low,3,18,-0.016546971627502235,-1.737830176946581,16,-0.014333219756826257,2,-0.03425698659291007,0.0008705571997637551,0.0004487052439930162,-
XRPUSDT,macd>signal & stoch<20 & adx>25,3,30,-0.010570598417537531,-1.5736070195363563,22,-0.009431065938392897,8,-0.013704312735185308,0.0008705571997637551,0.0004487052439930162,-
XRPUSDT,macd>signal & stoch<20 & btc>ema50,3,2,0.03308628538918321,1.7057350184945275,2,0.03308628538918321,0,,0.0008705571997637551,0.0004487052439930162,-
XRPUSDT,macd>signal & stoch<20 & funding<0,3,20,-0.005381104521749937,-0.6965082879036029,10,-0.010389061793650733,10,-0.0003731472498491359,0.0008705571997637551,0.0004487052439930162,-
XRPUSDT,macd>signal & dip>3% & pop>3%,3,0,,,0,,0,,0.0008705571997637551,0.0004487052439930162,-
XRPUSDT,macd>signal & dip>3% & vol>1.5x,3,45,0.020831833837995656,1.6756678785031618,34,0.03150012052154346,11,-0.012142870456606641,0.0008705571997637551,0.0004487052439930162,-
XRPUSDT,macd>signal & dip>3% & 20d_high,3,0,,,0,,0,,0.0008705571997637551,0.0004487052439930162,-
XRPUSDT,macd>signal & dip>3% & 20d_low,3,12,-0.024405118056484567,-1.911869258081701,11,-0.01984463153972463,1,,0.0008705571997637551,0.0004487052439930162,-
XRPUSDT,macd>signal & dip>3% & adx>25,3,95,0.005741689136952308,0.7860061504367397,73,0.007246391078366683,22,0.0007488145131682388,0.0008705571997637551,0.0004487052439930162,-
XRPUSDT,macd>signal & dip>3% & btc>ema50,3,69,0.02228181190056562,2.2142057611191257,52,0.02650324875349101,17,0.0093691815269115,0.0008705571997637551,0.0004487052439930162,-
XRPUSDT,macd>signal & dip>3% & funding<0,3,30,0.003989607312052,0.3960385890123414,18,0.008174876113304362,12,-0.0022882958898265437,0.0008705571997637551,0.0004487052439930162,-
XRPUSDT,macd>signal & pop>3% & vol>1.5x,3,123,0.016812730239686557,1.8730601583765072,78,0.00691276024747669,45,0.033972678226183654,0.0008705571997637551,0.0004487052439930162,-
XRPUSDT,macd>signal & pop>3% & 20d_high,3,136,0.01954168257122806,2.375399416069514,87,0.009111318055768227,49,0.03806090120071797,0.0008705571997637551,0.0004487052439930162,-
XRPUSDT,macd>signal & pop>3% & 20d_low,3,0,,,0,,0,,0.0008705571997637551,0.0004487052439930162,-
XRPUSDT,macd>signal & pop>3% & adx>25,3,134,0.02064240741448112,2.8459948709480023,89,0.016000954290610853,45,0.02982217025946897,0.0008705571997637551,0.0004487052439930162,WEAK
XRPUSDT,macd>signal & pop>3% & btc>ema50,3,171,0.022142595545634892,3.0342495904308153,110,0.01664772678709337,61,0.03205137527415238,0.0008705571997637551,0.0004487052439930162,WEAK
XRPUSDT,macd>signal & pop>3% & funding<0,3,28,-0.008299212493259834,-0.96916958113286,20,-0.003885885495288323,8,-0.019332529988188612,0.0008705571997637551,0.0004487052439930162,-
XRPUSDT,macd>signal & vol>1.5x & 20d_high,3,129,0.00891851133324854,1.2046237594223104,81,-0.004004586044273698,48,0.03072623815781732,0.0008705571997637551,0.0004487052439930162,-
XRPUSDT,macd>signal & vol>1.5x & 20d_low,3,1,,,1,,0,,0.0008705571997637551,0.0004487052439930162,-
XRPUSDT,macd>signal & vol>1.5x & adx>25,3,150,0.016033102952884546,2.3673388232946526,101,0.011717228908643077,49,0.02492908822774963,0.0008705571997637551,0.0004487052439930162,-
XRPUSDT,macd>signal & vol>1.5x & btc>ema50,3,203,0.01516644942011176,2.5144744990417243,132,0.009970187879312321,71,0.024827104679062826,0.0008705571997637551,0.0004487052439930162,WEAK
XRPUSDT,macd>signal & vol>1.5x & funding<0,3,21,-0.0070845167486657335,-0.4943295953601897,16,-0.00212214038527973,5,-0.022964121111500944,0.0008705571997637551,0.0004487052439930162,-
XRPUSDT,macd>signal & 20d_high & 20d_low,3,0,,,0,,0,,0.0008705571997637551,0.0004487052439930162,-
XRPUSDT,macd>signal & 20d_high & adx>25,3,99,0.024868686336717436,2.6479789341397333,69,0.017651806661150536,30,0.04146750959052129,0.0008705571997637551,0.0004487052439930162,WEAK
XRPUSDT,macd>signal & 20d_high & btc>ema50,3,185,0.01627945212442397,2.670327165769697,118,0.009463915791071115,67,0.02828293402495587,0.0008705571997637551,0.0004487052439930162,WEAK
XRPUSDT,macd>signal & 20d_high & funding<0,3,6,-0.03375975329933347,-1.2546094061607274,6,-0.03375975329933347,0,,0.0008705571997637551,0.0004487052439930162,-
XRPUSDT,macd>signal & 20d_low & adx>25,3,18,-0.02653889675612768,-3.132211445825844,17,-0.023713510109967906,1,,0.0008705571997637551,0.0004487052439930162,-
XRPUSDT,macd>signal & 20d_low & btc>ema50,3,2,0.02907021350805853,1.2416187586738028,2,0.02907021350805853,0,,0.0008705571997637551,0.0004487052439930162,-
XRPUSDT,macd>signal & 20d_low & funding<0,3,7,-0.006591426285306233,-0.3785010220902479,6,-0.010369080841419616,1,,0.0008705571997637551,0.0004487052439930162,-
XRPUSDT,macd>signal & adx>25 & btc>ema50,3,285,0.01250700479172089,2.900936515860344,206,0.009768646196210219,79,0.019647534800267714,0.0008705571997637551,0.0004487052439930162,WEAK
XRPUSDT,macd>signal & adx>25 & funding<0,3,112,-0.005799215437088508,-1.5427048999373842,66,-0.005109186125399438,46,-0.0067892574929902085,0.0008705571997637551,0.0004487052439930162,-
XRPUSDT,macd>signal & btc>ema50 & funding<0,3,27,-0.014453612137501633,-2.7211845537389308,9,-0.022486588554188232,18,-0.010437123929158338,0.0008705571997637551,0.0004487052439930162,-
XRPUSDT,macd_hist_up & <lower_bb & >upper_bb,3,0,,,0,,0,,0.0008705571997637551,0.0004487052439930162,-
XRPUSDT,macd_hist_up & <lower_bb & stoch<20,3,0,,,0,,0,,0.0008705571997637551,0.0004487052439930162,-
XRPUSDT,macd_hist_up & <lower_bb & dip>3%,3,0,,,0,,0,,0.0008705571997637551,0.0004487052439930162,-
XRPUSDT,macd_hist_up & <lower_bb & pop>3%,3,0,,,0,,0,,0.0008705571997637551,0.0004487052439930162,-
XRPUSDT,macd_hist_up & <lower_bb & vol>1.5x,3,0,,,0,,0,,0.0008705571997637551,0.0004487052439930162,-
XRPUSDT,macd_hist_up & <lower_bb & 20d_high,3,0,,,0,,0,,0.0008705571997637551,0.0004487052439930162,-
XRPUSDT,macd_hist_up & <lower_bb & 20d_low,3,0,,,0,,0,,0.0008705571997637551,0.0004487052439930162,-
XRPUSDT,macd_hist_up & <lower_bb & adx>25,3,0,,,0,,0,,0.0008705571997637551,0.0004487052439930162,-
XRPUSDT,macd_hist_up & <lower_bb & btc>ema50,3,0,,,0,,0,,0.0008705571997637551,0.0004487052439930162,-
XRPUSDT,macd_hist_up & <lower_bb & funding<0,3,0,,,0,,0,,0.0008705571997637551,0.0004487052439930162,-
XRPUSDT,macd_hist_up & >upper_bb & stoch<20,3,0,,,0,,0,,0.0008705571997637551,0.0004487052439930162,-
XRPUSDT,macd_hist_up & >upper_bb & dip>3%,3,6,0.06758382112208054,0.9414445683461541,5,0.0700985913535102,1,,0.0008705571997637551,0.0004487052439930162,-
XRPUSDT,macd_hist_up & >upper_bb & pop>3%,3,109,0.016613992845136722,1.7954267147254204,68,0.008147366532417865,41,0.030656202339402146,0.0008705571997637551,0.0004487052439930162,-
XRPUSDT,macd_hist_up & >upper_bb & vol>1.5x,3,131,0.011754649412834951,1.526544177921185,82,0.0027419844485977625,49,0.02683706833257882,0.0008705571997637551,0.0004487052439930162,-
XRPUSDT,macd_hist_up & >upper_bb & 20d_high,3,138,0.01457801977965415,1.9420624597916578,87,0.007400743625488787,51,0.026821608513230358,0.0008705571997637551,0.0004487052439930162,-
XRPUSDT,macd_hist_up & >upper_bb & 20d_low,3,0,,,0,,0,,0.0008705571997637551,0.0004487052439930162,-
XRPUSDT,macd_hist_up & >upper_bb & adx>25,3,88,0.026094148544134766,2.5050593877708014,60,0.01981011561879392,28,0.03955993338415085,0.0008705571997637551,0.0004487052439930162,-
XRPUSDT,macd_hist_up & >upper_bb & btc>ema50,3,142,0.016837651070446043,2.1401923192094916,89,0.012445600803186739,53,0.024212980764522996,0.0008705571997637551,0.0004487052439930162,-
XRPUSDT,macd_hist_up & >upper_bb & funding<0,3,7,-0.028054205262752176,-1.1965103400957513,7,-0.028054205262752176,0,,0.0008705571997637551,0.0004487052439930162,-
XRPUSDT,macd_hist_up & stoch<20 & dip>3%,3,9,0.0010345218683278283,0.03898231953203909,8,-0.003918627517270037,1,,0.0008705571997637551,0.0004487052439930162,-
XRPUSDT,macd_hist_up & stoch<20 & pop>3%,3,3,-0.012074061045622574,-0.25504150353511346,3,-0.012074061045622574,0,,0.0008705571997637551,0.0004487052439930162,-
XRPUSDT,macd_hist_up & stoch<20 & vol>1.5x,3,1,,,1,,0,,0.0008705571997637551,0.0004487052439930162,-
XRPUSDT,macd_hist_up & stoch<20 & 20d_high,3,0,,,0,,0,,0.0008705571997637551,0.0004487052439930162,-
XRPUSDT,macd_hist_up & stoch<20 & 20d_low,3,11,-0.00591552866952998,-0.4635798826399115,6,-0.008505704857630353,5,-0.002807317243809536,0.0008705571997637551,0.0004487052439930162,-
XRPUSDT,macd_hist_up & stoch<20 & adx>25,3,26,0.0044666673999701105,0.39859281536752356,17,-0.0009198564041153437,9,0.014641212363242638,0.0008705571997637551,0.0004487052439930162,-
XRPUSDT,macd_hist_up & stoch<20 & btc>ema50,3,21,-0.0022908206343088162,-0.15241081567834736,13,-0.018782932955635726,8,0.024508861887847417,0.0008705571997637551,0.0004487052439930162,-
XRPUSDT,macd_hist_up & stoch<20 & funding<0,3,18,0.008713135740290593,1.22971437177582,8,0.016141576697083,10,0.002770382974856668,0.0008705571997637551,0.0004487052439930162,-
XRPUSDT,macd_hist_up & dip>3% & pop>3%,3,0,,,0,,0,,0.0008705571997637551,0.0004487052439930162,-
XRPUSDT,macd_hist_up & dip>3% & vol>1.5x,3,12,0.027424762030307925,0.735907319524369,9,0.04163984352485804,3,-0.01522048245334246,0.0008705571997637551,0.0004487052439930162,-
XRPUSDT,macd_hist_up & dip>3% & 20d_high,3,0,,,0,,0,,0.0008705571997637551,0.0004487052439930162,-
XRPUSDT,macd_hist_up & dip>3% & 20d_low,3,4,-0.02511915083304015,-0.7970705526059204,4,-0.02511915083304015,0,,0.0008705571997637551,0.0004487052439930162,-
XRPUSDT,macd_hist_up & dip>3% & adx>25,3,36,0.005549069088132061,0.38511040565196913,28,0.006770861222677782,8,0.0012727966172220362,0.0008705571997637551,0.0004487052439930162,-
XRPUSDT,macd_hist_up & dip>3% & btc>ema50,3,20,0.01237871455474287,0.4989673173292811,17,0.014511669748503661,3,0.0002919684567650599,0.0008705571997637551,0.0004487052439930162,-
XRPUSDT,macd_hist_up & dip>3% & funding<0,3,11,0.009722100607469841,0.8540825194921775,7,0.002310455307250906,4,0.02269247988285298,0.0008705571997637551,0.0004487052439930162,-
XRPUSDT,macd_hist_up & pop>3% & vol>1.5x,3,134,0.008467507389437768,0.9712321235334377,80,-0.0033208968038861224,54,0.025931809898065747,0.0008705571997637551,0.0004487052439930162,-
XRPUSDT,macd_hist_up & pop>3% & 20d_high,3,138,0.017934103345195122,2.224330087146873,90,0.008621771913826563,48,0.03539472477901118,0.0008705571997637551,0.0004487052439930162,-
XRPUSDT,macd_hist_up & pop>3% & 20d_low,3,0,,,0,,0,,0.0008705571997637551,0.0004487052439930162,-
XRPUSDT,macd_hist_up & pop>3% & adx>25,3,184,0.01080559161306697,1.8417416420256785,117,0.009182368087622223,67,0.013640175978395848,0.0008705571997637551,0.0004487052439930162,-
XRPUSDT,macd_hist_up & pop>3% & btc>ema50,3,207,0.012908454384402442,2.030644550276863,132,0.008508144246332673,75,0.020653000227405228,0.0008705571997637551,0.0004487052439930162,-
XRPUSDT,macd_hist_up & pop>3% & funding<0,3,62,-0.0038604788753681557,-0.7206787253855285,33,-0.006517117327581248,29,-0.0008374075331946331,0.0008705571997637551,0.0004487052439930162,-
XRPUSDT,macd_hist_up & vol>1.5x & 20d_high,3,128,0.009229478178095543,1.2380170817414893,80,-0.003668577809737525,48,0.03072623815781732,0.0008705571997637551,0.0004487052439930162,-
XRPUSDT,macd_hist_up & vol>1.5x & 20d_low,3,1,,,1,,0,,0.0008705571997637551,0.0004487052439930162,-
XRPUSDT,macd_hist_up & vol>1.5x & adx>25,3,127,0.014226182464820016,1.8125861499397673,81,0.007493904863862033,46,0.026080845196941673,0.0008705571997637551,0.0004487052439930162,-
XRPUSDT,macd_hist_up & vol>1.5x & btc>ema50,3,180,0.012778731857798821,1.9184266824875207,118,0.00490457750378598,62,0.027765025628339393,0.0008705571997637551,0.0004487052439930162,-
XRPUSDT,macd_hist_up & vol>1.5x & funding<0,3,20,-0.022880795801311218,-2.587476273432588,12,-0.028149231108113317,8,-0.014978142841108079,0.0008705571997637551,0.0004487052439930162,-
XRPUSDT,macd_hist_up & 20d_high & 20d_low,3,0,,,0,,0,,0.0008705571997637551,0.0004487052439930162,-
XRPUSDT,macd_hist_up & 20d_high & adx>25,3,97,0.023810025231361494,2.5302722662999857,70,0.016079914582103155,27,0.043851052840549784,0.0008705571997637551,0.0004487052439930162,-
XRPUSDT,macd_hist_up & 20d_high & btc>ema50,3,176,0.01622393804819132,2.571850285410876,112,0.009111637302057348,64,0.028670464353925763,0.0008705571997637551,0.0004487052439930162,WEAK
XRPUSDT,macd_hist_up & 20d_high & funding<0,3,6,-0.03375975329933347,-1.2546094061607274,6,-0.03375975329933347,0,,0.0008705571997637551,0.0004487052439930162,-
XRPUSDT,macd_hist_up & 20d_low & adx>25,3,8,-0.008174716778362982,-0.45199847440292956,5,-0.008288490992278207,3,-0.007985093088504279,0.0008705571997637551,0.0004487052439930162,-
XRPUSDT,macd_hist_up & 20d_low & btc>ema50,3,4,-0.05793317737095322,-1.593396751656452,4,-0.05793317737095322,0,,0.0008705571997637551,0.0004487052439930162,-
XRPUSDT,macd_hist_up & 20d_low & funding<0,3,7,-0.0034292135390486624,-0.29741039827117616,2,-0.0026605491401823153,5,-0.003736679298595201,0.0008705571997637551,0.0004487052439930162,-
XRPUSDT,macd_hist_up & adx>25 & btc>ema50,3,237,0.011331066686620638,2.322059768090057,176,0.008886829305378489,61,0.018383292573483232,0.0008705571997637551,0.0004487052439930162,-
XRPUSDT,macd_hist_up & adx>25 & funding<0,3,116,0.00010084124160282083,0.03021690571735429,64,0.000476959916108802,52,-0.00036207405009684485,0.0008705571997637551,0.0004487052439930162,-
XRPUSDT,macd_hist_up & btc>ema50 & funding<0,3,33,-0.0014070244558678912,-0.21372342843297407,22,0.002150576322934248,11,-0.008522226013472172,0.0008705571997637551,0.0004487052439930162,-
XRPUSDT,<lower_bb & >upper_bb & stoch<20,3,0,,,0,,0,,0.0008705571997637551,0.0004487052439930162,-
XRPUSDT,<lower_bb & >upper_bb & dip>3%,3,0,,,0,,0,,0.0008705571997637551,0.0004487052439930162,-
XRPUSDT,<lower_bb & >upper_bb & pop>3%,3,0,,,0,,0,,0.0008705571997637551,0.0004487052439930162,-
XRPUSDT,<lower_bb & >upper_bb & vol>1.5x,3,0,,,0,,0,,0.0008705571997637551,0.0004487052439930162,-
XRPUSDT,<lower_bb & >upper_bb & 20d_high,3,0,,,0,,0,,0.0008705571997637551,0.0004487052439930162,-
XRPUSDT,<lower_bb & >upper_bb & 20d_low,3,0,,,0,,0,,0.0008705571997637551,0.0004487052439930162,-
XRPUSDT,<lower_bb & >upper_bb & adx>25,3,0,,,0,,0,,0.0008705571997637551,0.0004487052439930162,-
XRPUSDT,<lower_bb & >upper_bb & btc>ema50,3,0,,,0,,0,,0.0008705571997637551,0.0004487052439930162,-
XRPUSDT,<lower_bb & >upper_bb & funding<0,3,0,,,0,,0,,0.0008705571997637551,0.0004487052439930162,-
XRPUSDT,<lower_bb & stoch<20 & dip>3%,3,62,0.012349193018550895,0.9682737371166192,40,0.019398428695562207,22,-0.0004675991214696746,0.0008705571997637551,0.0004487052439930162,-
XRPUSDT,<lower_bb & stoch<20 & pop>3%,3,0,,,0,,0,,0.0008705571997637551,0.0004487052439930162,-
XRPUSDT,<lower_bb & stoch<20 & vol>1.5x,3,25,0.01811292844875329,0.6965038645806146,13,0.02742745314895253,12,0.008022193356870768,0.0008705571997637551,0.0004487052439930162,-
XRPUSDT,<lower_bb & stoch<20 & 20d_high,3,0,,,0,,0,,0.0008705571997637551,0.0004487052439930162,-
XRPUSDT,<lower_bb & stoch<20 & 20d_low,3,77,0.009935499931899038,0.96486247045992,46,0.014803725241255202,31,0.002711681730918924,0.0008705571997637551,0.0004487052439930162,-
XRPUSDT,<lower_bb & stoch<20 & adx>25,3,42,0.00682857150628646,0.515161140701329,27,0.01656141403744912,15,-0.010690545049806339,0.0008705571997637551,0.0004487052439930162,-
XRPUSDT,<lower_bb & stoch<20 & btc>ema50,3,16,0.0059666168614699,0.17356667845133228,10,-0.0031348343763899188,6,0.02113570225790293,0.0008705571997637551,0.0004487052439930162,-
XRPUSDT,<lower_bb & stoch<20 & funding<0,3,37,0.02915855307925484,2.128362839281127,22,0.03980486995382532,15,0.013543954996551474,0.0008705571997637551,0.0004487052439930162,-
XRPUSDT,<lower_bb & dip>3% & pop>3%,3,0,,,0,,0,,0.0008705571997637551,0.0004487052439930162,-
XRPUSDT,<lower_bb & dip>3% & vol>1.5x,3,38,0.01594373475767837,0.8471145961597426,19,0.016244134115291225,19,0.015643335400065517,0.0008705571997637551,0.0004487052439930162,-
XRPUSDT,<lower_bb & dip>3% & 20d_high,3,0,,,0,,0,,0.0008705571997637551,0.0004487052439930162,-
XRPUSDT,<lower_bb & dip>3% & 20d_low,3,84,0.007645617870906194,0.7513551218403611,50,0.011422352363666732,34,0.0020915965580230395,0.0008705571997637551,0.0004487052439930162,-
XRPUSDT,<lower_bb & dip>3% & adx>25,3,42,0.010120608002308467,0.763805468941253,26,0.018054664616871108,16,-0.002772233996355825,0.0008705571997637551,0.0004487052439930162,-
XRPUSDT,<lower_bb & dip>3% & btc>ema50,3,18,0.00024471814790810807,0.007778866563883327,11,0.004052629574561415,7,-0.005739142665404233,0.0008705571997637551,0.0004487052439930162,-
XRPUSDT,<lower_bb & dip>3% & funding<0,3,33,0.028461446108530294,1.6485441606742894,20,0.03718102439415379,13,0.01504671028449415,0.0008705571997637551,0.0004487052439930162,-
XRPUSDT,<lower_bb & pop>3% & vol>1.5x,3,3,-0.020618901038670413,-0.4642559381141479,2,0.0017725825037995802,1,,0.0008705571997637551,0.0004487052439930162,-
XRPUSDT,<lower_bb & pop>3% & 20d_high,3,0,,,0,,0,,0.0008705571997637551,0.0004487052439930162,-
XRPUSDT,<lower_bb & pop>3% & 20d_low,3,0,,,0,,0,,0.0008705571997637551,0.0004487052439930162,-
XRPUSDT,<lower_bb & pop>3% & adx>25,3,4,0.040362830574842704,0.7220599369284177,3,-0.00802334252864557,1,,0.0008705571997637551,0.0004487052439930162,-
XRPUSDT,<lower_bb & pop>3% & btc>ema50,3,3,-0.047523113200799355,-2.7141533489835328,1,,2,-0.03895442945941949,0.0008705571997637551,0.0004487052439930162,-
XRPUSDT,<lower_bb & pop>3% & funding<0,3,3,-0.020618901038670413,-0.4642559381141479,2,0.0017725825037995802,1,,0.0008705571997637551,0.0004487052439930162,-
XRPUSDT,<lower_bb & vol>1.5x & 20d_high,3,0,,,0,,0,,0.0008705571997637551,0.0004487052439930162,-
XRPUSDT,<lower_bb & vol>1.5x & 20d_low,3,42,0.01586258084733281,0.9228975018053334,19,0.016244134115291225,23,0.015547384669454118,0.0008705571997637551,0.0004487052439930162,-
XRPUSDT,<lower_bb & vol>1.5x & adx>25,3,25,0.03127714561250806,1.7171736809654943,13,0.04332109096905646,12,0.01822953814291395,0.0008705571997637551,0.0004487052439930162,-
XRPUSDT,<lower_bb & vol>1.5x & btc>ema50,3,11,-0.025053799224830354,-0.48399364868094347,6,-0.017171416495155235,5,-0.0345126585004405,0.0008705571997637551,0.0004487052439930162,-
XRPUSDT,<lower_bb & vol>1.5x & funding<0,3,25,0.03776328722590709,1.7416440053638524,15,0.04685185207950031,10,0.024130439945517272,0.0008705571997637551,0.0004487052439930162,-
XRPUSDT,<lower_bb & 20d_high & 20d_low,3,0,,,0,,0,,0.0008705571997637551,0.0004487052439930162,-
XRPUSDT,<lower_bb & 20d_high & adx>25,3,0,,,0,,0,,0.0008705571997637551,0.0004487052439930162,-
XRPUSDT,<lower_bb & 20d_high & btc>ema50,3,0,,,0,,0,,0.0008705571997637551,0.0004487052439930162,-
XRPUSDT,<lower_bb & 20d_high & funding<0,3,0,,,0,,0,,0.0008705571997637551,0.0004487052439930162,-
XRPUSDT,<lower_bb & 20d_low & adx>25,3,53,0.006529499776674738,0.6170910218717249,29,0.011871881802378335,24,7.412149561622274e-05,0.0008705571997637551,0.0004487052439930162,-
XRPUSDT,<lower_bb & 20d_low & btc>ema50,3,27,0.0031366056276729897,0.14966601879191807,17,0.0038586820543342892,10,0.0019090757023487726,0.0008705571997637551,0.0004487052439930162,-
XRPUSDT,<lower_bb & 20d_low & funding<0,3,44,0.021785194370636016,1.659497639945081,23,0.028000279177137162,21,0.014978196725420476,0.0008705571997637551,0.0004487052439930162,-
XRPUSDT,<lower_bb & adx>25 & btc>ema50,3,9,0.03522630342192214,0.9405639403531041,7,0.040478400508816806,2,0.01684396361779076,0.0008705571997637551,0.0004487052439930162,-
XRPUSDT,<lower_bb & adx>25 & funding<0,3,34,0.02062068264899145,1.4004052765785324,20,0.029992013022503115,14,0.007233067829689079,0.0008705571997637551,0.0004487052439930162,-
XRPUSDT,<lower_bb & btc>ema50 & funding<0,3,8,0.02643450587290268,0.602625876225095,6,0.04335410757986638,2,-0.024324299247988426,0.0008705571997637551,0.0004487052439930162,-
XRPUSDT,>upper_bb & stoch<20 & dip>3%,3,0,,,0,,0,,0.0008705571997637551,0.0004487052439930162,-
XRPUSDT,>upper_bb & stoch<20 & pop>3%,3,0,,,0,,0,,0.0008705571997637551,0.0004487052439930162,-
XRPUSDT,>upper_bb & stoch<20 & vol>1.5x,3,0,,,0,,0,,0.0008705571997637551,0.0004487052439930162,-
XRPUSDT,>upper_bb & stoch<20 & 20d_high,3,0,,,0,,0,,0.0008705571997637551,0.0004487052439930162,-
XRPUSDT,>upper_bb & stoch<20 & 20d_low,3,0,,,0,,0,,0.0008705571997637551,0.0004487052439930162,-
XRPUSDT,>upper_bb & stoch<20 & adx>25,3,0,,,0,,0,,0.0008705571997637551,0.0004487052439930162,-
XRPUSDT,>upper_bb & stoch<20 & btc>ema50,3,0,,,0,,0,,0.0008705571997637551,0.0004487052439930162,-
XRPUSDT,>upper_bb & stoch<20 & funding<0,3,0,,,0,,0,,0.0008705571997637551,0.0004487052439930162,-
XRPUSDT,>upper_bb & dip>3% & pop>3%,3,0,,,0,,0,,0.0008705571997637551,0.0004487052439930162,-
XRPUSDT,>upper_bb & dip>3% & vol>1.5x,3,6,0.06758382112208054,0.9414445683461541,5,0.0700985913535102,1,,0.0008705571997637551,0.0004487052439930162,-
XRPUSDT,>upper_bb & dip>3% & 20d_high,3,0,,,0,,0,,0.0008705571997637551,0.0004487052439930162,-
XRPUSDT,>upper_bb & dip>3% & 20d_low,3,0,,,0,,0,,0.0008705571997637551,0.0004487052439930162,-
XRPUSDT,>upper_bb & dip>3% & adx>25,3,6,0.06758382112208054,0.9414445683461541,5,0.0700985913535102,1,,0.0008705571997637551,0.0004487052439930162,-
XRPUSDT,>upper_bb & dip>3% & btc>ema50,3,5,0.07986476875514952,0.921958911301101,4,0.08607846845270384,1,,0.0008705571997637551,0.0004487052439930162,-
XRPUSDT,>upper_bb & dip>3% & funding<0,3,1,,,1,,0,,0.0008705571997637551,0.0004487052439930162,-
XRPUSDT,>upper_bb & pop>3% & vol>1.5x,3,92,0.011418494750121022,1.2062154917453247,56,-0.0019944626208590202,36,0.032283095104978864,0.0008705571997637551,0.0004487052439930162,-
XRPUSDT,>upper_bb & pop>3% & 20d_high,3,105,0.01812102535402094,1.8938237380367948,65,0.009716745148344018,40,0.031777980688245944,0.0008705571997637551,0.0004487052439930162,-
XRPUSDT,>upper_bb & pop>3% & 20d_low,3,0,,,0,,0,,0.0008705571997637551,0.0004487052439930162,-
XRPUSDT,>upper_bb & pop>3% & adx>25,3,59,0.028965226776881917,2.1781932667828356,38,0.021555643119794906,21,0.04237304482303937,0.0008705571997637551,0.0004487052439930162,-
XRPUSDT,>upper_bb & pop>3% & btc>ema50,3,97,0.018248639639755315,1.7876848576775917,59,0.010640584501669883,38,0.03006114630151953,0.0008705571997637551,0.0004487052439930162,-
XRPUSDT,>upper_bb & pop>3% & funding<0,3,5,-0.04923800184252825,-1.8264593008286636,5,-0.04923800184252825,0,,0.0008705571997637551,0.0004487052439930162,-
XRPUSDT,>upper_bb & vol>1.5x & 20d_high,3,112,0.009405286865087414,1.1763072531241445,70,-0.002377663366446144,42,0.029043537250976675,0.0008705571997637551,0.0004487052439930162,-
XRPUSDT,>upper_bb & vol>1.5x & 20d_low,3,0,,,0,,0,,0.0008705571997637551,0.0004487052439930162,-
XRPUSDT,>upper_bb & vol>1.5x & adx>25,3,79,0.02517281683419131,2.2422519838611286,51,0.017274007747939017,28,0.03955993338415085,0.0008705571997637551,0.0004487052439930162,-
XRPUSDT,>upper_bb & vol>1.5x & btc>ema50,3,121,0.012838989395995261,1.5528165848307782,75,0.003489201323632695,46,0.0280832090791951,0.0008705571997637551,0.0004487052439930162,-
XRPUSDT,>upper_bb & vol>1.5x & funding<0,3,5,-0.032119752317391594,-1.163947848791624,5,-0.032119752317391594,0,,0.0008705571997637551,0.0004487052439930162,-
XRPUSDT,>upper_bb & 20d_high & 20d_low,3,0,,,0,,0,,0.0008705571997637551,0.0004487052439930162,-
XRPUSDT,>upper_bb & 20d_high & adx>25,3,71,0.025272426213581257,2.2512725555449586,49,0.016700619935118975,22,0.044364176561065456,0.0008705571997637551,0.0004487052439930162,-
XRPUSDT,>upper_bb & 20d_high & btc>ema50,3,124,0.015533179818145892,1.8943439338897083,77,0.00918829805588625,47,0.02592798610950742,0.0008705571997637551,0.0004487052439930162,-
XRPUSDT,>upper_bb & 20d_high & funding<0,3,6,-0.03375975329933347,-1.2546094061607274,6,-0.03375975329933347,0,,0.0008705571997637551,0.0004487052439930162,-
XRPUSDT,>upper_bb & 20d_low & adx>25,3,0,,,0,,0,,0.0008705571997637551,0.0004487052439930162,-
XRPUSDT,>upper_bb & 20d_low & btc>ema50,3,0,,,0,,0,,0.0008705571997637551,0.0004487052439930162,-
XRPUSDT,>upper_bb & 20d_low & funding<0,3,0,,,0,,0,,0.0008705571997637551,0.0004487052439930162,-
XRPUSDT,>upper_bb & adx>25 & btc>ema50,3,82,0.0280463627361824,2.5291486599973014,56,0.021629622718208147,26,0.04186703354412697,0.0008705571997637551,0.0004487052439930162,-
XRPUSDT,>upper_bb & adx>25 & funding<0,3,3,-0.009867197431857216,-0.27096890794408407,3,-0.009867197431857216,0,,0.0008705571997637551,0.0004487052439930162,-
XRPUSDT,>upper_bb & btc>ema50 & funding<0,3,1,,,1,,0,,0.0008705571997637551,0.0004487052439930162,-
XRPUSDT,stoch<20 & dip>3% & pop>3%,3,0,,,0,,0,,0.0008705571997637551,0.0004487052439930162,-
XRPUSDT,stoch<20 & dip>3% & vol>1.5x,3,26,0.01822245502455417,0.7273594808343166,15,0.024032801500857348,11,0.010299255284140739,0.0008705571997637551,0.0004487052439930162,-
XRPUSDT,stoch<20 & dip>3% & 20d_high,3,0,,,0,,0,,0.0008705571997637551,0.0004487052439930162,-
XRPUSDT,stoch<20 & dip>3% & 20d_low,3,101,0.004613821395118807,0.5331692383519296,64,0.00809213239992889,37,-0.0014027165591472986,0.0008705571997637551,0.0004487052439930162,-
XRPUSDT,stoch<20 & dip>3% & adx>25,3,77,0.00339140495748152,0.38830667716479883,56,0.008798407474150517,21,-0.011027268420302475,0.0008705571997637551,0.0004487052439930162,-
XRPUSDT,stoch<20 & dip>3% & btc>ema50,3,35,0.006043575130637555,0.3349082425002722,26,0.005657155817610427,9,0.007159897590493702,0.0008705571997637551,0.0004487052439930162,-
XRPUSDT,stoch<20 & dip>3% & funding<0,3,47,0.019087972833641074,1.6863474603547537,26,0.032606463650957415,21,0.002350793726487509,0.0008705571997637551,0.0004487052439930162,-
XRPUSDT,stoch<20 & pop>3% & vol>1.5x,3,0,,,0,,0,,0.0008705571997637551,0.0004487052439930162,-
XRPUSDT,stoch<20 & pop>3% & 20d_high,3,0,,,0,,0,,0.0008705571997637551,0.0004487052439930162,-
XRPUSDT,stoch<20 & pop>3% & 20d_low,3,0,,,0,,0,,0.0008705571997637551,0.0004487052439930162,-
XRPUSDT,stoch<20 & pop>3% & adx>25,3,3,-0.012074061045622574,-0.25504150353511346,3,-0.012074061045622574,0,,0.0008705571997637551,0.0004487052439930162,-
XRPUSDT,stoch<20 & pop>3% & btc>ema50,3,3,-0.012074061045622574,-0.25504150353511346,3,-0.012074061045622574,0,,0.0008705571997637551,0.0004487052439930162,-
XRPUSDT,stoch<20 & pop>3% & funding<0,3,1,,,1,,0,,0.0008705571997637551,0.0004487052439930162,-
XRPUSDT,stoch<20 & vol>1.5x & 20d_high,3,0,,,0,,0,,0.0008705571997637551,0.0004487052439930162,-
XRPUSDT,stoch<20 & vol>1.5x & 20d_low,3,28,0.01578179811977118,0.6764241385167011,15,0.024032801500857348,13,0.0062614096031332785,0.0008705571997637551,0.0004487052439930162,-
XRPUSDT,stoch<20 & vol>1.5x & adx>25,3,18,0.031895266365390064,1.2878967257144183,10,0.05384701374517646,8,0.0044555821406570585,0.0008705571997637551,0.0004487052439930162,-
XRPUSDT,stoch<20 & vol>1.5x & btc>ema50,3,5,-0.0279925989742086,-0.24061391688700662,4,-0.03785270345460283,1,,0.0008705571997637551,0.0004487052439930162,-
XRPUSDT,stoch<20 & vol>1.5x & funding<0,3,17,0.046736902759926285,1.7349141214541446,10,0.07438985951882335,7,0.007232678818644781,0.0008705571997637551,0.0004487052439930162,-
XRPUSDT,stoch<20 & 20d_high & 20d_low,3,0,,,0,,0,,0.0008705571997637551,0.0004487052439930162,-
XRPUSDT,stoch<20 & 20d_high & adx>25,3,0,,,0,,0,,0.0008705571997637551,0.0004487052439930162,-
XRPUSDT,stoch<20 & 20d_high & btc>ema50,3,0,,,0,,0,,0.0008705571997637551,0.0004487052439930162,-
XRPUSDT,stoch<20 & 20d_high & funding<0,3,0,,,0,,0,,0.0008705571997637551,0.0004487052439930162,-
XRPUSDT,stoch<20 & 20d_low & adx>25,3,84,-0.0013629262292129633,-0.17384282679893157,56,0.0015620770670324291,28,-0.007212932821703746,0.0008705571997637551,0.0004487052439930162,-
XRPUSDT,stoch<20 & 20d_low & btc>ema50,3,33,0.005298494710030531,0.28712191232891,22,0.005032192621150011,11,0.0058310988877915615,0.0008705571997637551,0.0004487052439930162,-
XRPUSDT,stoch<20 & 20d_low & funding<0,3,59,0.014544243431966959,1.5494447508199047,27,0.027474721488183782,32,0.003634152572034007,0.0008705571997637551,0.0004487052439930162,-
XRPUSDT,stoch<20 & adx>25 & btc>ema50,3,41,0.008147752198259039,0.6634207157709048,31,0.009669918494398095,10,0.003429036680227969,0.0008705571997637551,0.0004487052439930162,-
XRPUSDT,stoch<20 & adx>25 & funding<0,3,62,0.010082062703297914,1.1435148483857456,32,0.01963107956251564,30,-0.00010355527986766547,0.0008705571997637551,0.0004487052439930162,-
XRPUSDT,stoch<20 & btc>ema50 & funding<0,3,24,0.014321878007870886,0.9622753024586664,12,0.03159236038707667,12,-0.0029486043713348956,0.0008705571997637551,0.0004487052439930162,-
XRPUSDT,dip>3% & pop>3% & vol>1.5x,3,0,,,0,,0,,0.0008705571997637551,0.0004487052439930162,-
XRPUSDT,dip>3% & pop>3% & 20d_high,3,0,,,0,,0,,0.0008705571997637551,0.0004487052439930162,-
XRPUSDT,dip>3% & pop>3% & 20d_low,3,0,,,0,,0,,0.0008705571997637551,0.0004487052439930162,-
XRPUSDT,dip>3% & pop>3% & adx>25,3,0,,,0,,0,,0.0008705571997637551,0.0004487052439930162,-
XRPUSDT,dip>3% & pop>3% & btc>ema50,3,0,,,0,,0,,0.0008705571997637551,0.0004487052439930162,-
XRPUSDT,dip>3% & pop>3% & funding<0,3,0,,,0,,0,,0.0008705571997637551,0.0004487052439930162,-
XRPUSDT,dip>3% & vol>1.5x & 20d_high,3,0,,,0,,0,,0.0008705571997637551,0.0004487052439930162,-
XRPUSDT,dip>3% & vol>1.5x & 20d_low,3,40,0.015244926309206385,0.8492222193351711,21,0.014884460941286223,19,0.015643335400065517,0.0008705571997637551,0.0004487052439930162,-
XRPUSDT,dip>3% & vol>1.5x & adx>25,3,55,0.016960739577884416,1.3815553212933698,35,0.023937384505621922,20,0.004751610954343765,0.0008705571997637551,0.0004487052439930162,-
XRPUSDT,dip>3% & vol>1.5x & btc>ema50,3,45,0.0027590075968099703,0.1632993693709606,33,0.009105533693161832,12,-0.01469393916815765,0.0008705571997637551,0.0004487052439930162,-
XRPUSDT,dip>3% & vol>1.5x & funding<0,3,29,0.0373449943246961,1.8834084117839103,18,0.048210127384932744,11,0.019565685680672504,0.0008705571997637551,0.0004487052439930162,-
XRPUSDT,dip>3% & 20d_high & 20d_low,3,0,,,0,,0,,0.0008705571997637551,0.0004487052439930162,-
XRPUSDT,dip>3% & 20d_high & adx>25,3,0,,,0,,0,,0.0008705571997637551,0.0004487052439930162,-
XRPUSDT,dip>3% & 20d_high & btc>ema50,3,0,,,0,,0,,0.0008705571997637551,0.0004487052439930162,-
XRPUSDT,dip>3% & 20d_high & funding<0,3,0,,,0,,0,,0.0008705571997637551,0.0004487052439930162,-
XRPUSDT,dip>3% & 20d_low & adx>25,3,74,0.002726229727478908,0.31383866310921205,49,0.007532555234734331,25,-0.006694168266741717,0.0008705571997637551,0.0004487052439930162,-
XRPUSDT,dip>3% & 20d_low & btc>ema50,3,36,0.007061364698182853,0.40673334653234877,26,0.011657080025157094,10,-0.004887495151950172,0.0008705571997637551,0.0004487052439930162,-
XRPUSDT,dip>3% & 20d_low & funding<0,3,42,0.019013979157359456,1.364307974173004,23,0.028552344949685372,19,0.007467536356122825,0.0008705571997637551,0.0004487052439930162,-
XRPUSDT,dip>3% & adx>25 & btc>ema50,3,93,0.016046913501991555,1.8519268435665914,73,0.01961562163169987,20,0.00302112882855623,0.0008705571997637551,0.0004487052439930162,-
XRPUSDT,dip>3% & adx>25 & funding<0,3,60,0.009246486338896024,1.0655437880903966,35,0.014840547285513539,25,0.0014148010136315046,0.0008705571997637551,0.0004487052439930162,-
XRPUSDT,dip>3% & btc>ema50 & funding<0,3,15,0.00934888979289206,0.39007676316937123,9,0.025012395029959493,6,-0.014146368062709089,0.0008705571997637551,0.0004487052439930162,-
XRPUSDT,pop>3% & vol>1.5x & 20d_high,3,99,0.012384940818803146,1.324956276862331,59,-0.0035634908861037536,40,0.03590887758354083,0.0008705571997637551,0.0004487052439930162,-
XRPUSDT,pop>3% & vol>1.5x & 20d_low,3,0,,,0,,0,,0.0008705571997637551,0.0004487052439930162,-
XRPUSDT,pop>3% & vol>1.5x & adx>25,3,85,0.016419136038409856,1.5546316117258354,54,0.004238480679788282,31,0.03763705182439581,0.0008705571997637551,0.0004487052439930162,-
XRPUSDT,pop>3% & vol>1.5x & btc>ema50,3,117,0.016594764532098877,1.7825273609488343,73,0.005167042160178401,44,0.035554394830966944,0.0008705571997637551,0.0004487052439930162,-
XRPUSDT,pop>3% & vol>1.5x & funding<0,3,18,-0.03610031640906633,-2.542567121721408,11,-0.04231767575327452,7,-0.026330180296739166,0.0008705571997637551,0.0004487052439930162,-
XRPUSDT,pop>3% & 20d_high & 20d_low,3,0,,,0,,0,,0.0008705571997637551,0.0004487052439930162,-
XRPUSDT,pop>3% & 20d_high & adx>25,3,77,0.03157272710200309,2.701368267656343,51,0.02260876866984338,26,0.049155876334316354,0.0008705571997637551,0.0004487052439930162,-
XRPUSDT,pop>3% & 20d_high & btc>ema50,3,123,0.023869985857936503,2.7249979414813605,78,0.012774033814954426,45,0.04310296939910543,0.0008705571997637551,0.0004487052439930162,WEAK
XRPUSDT,pop>3% & 20d_high & funding<0,3,5,-0.04923800184252825,-1.8264593008286636,5,-0.04923800184252825,0,,0.0008705571997637551,0.0004487052439930162,-
XRPUSDT,pop>3% & 20d_low & adx>25,3,0,,,0,,0,,0.0008705571997637551,0.0004487052439930162,-
XRPUSDT,pop>3% & 20d_low & btc>ema50,3,0,,,0,,0,,0.0008705571997637551,0.0004487052439930162,-
XRPUSDT,pop>3% & 20d_low & funding<0,3,0,,,0,,0,,0.0008705571997637551,0.0004487052439930162,-
XRPUSDT,pop>3% & adx>25 & btc>ema50,3,139,0.019558223400205133,2.653555813305275,97,0.014674935819565079,42,0.030836292336445255,0.0008705571997637551,0.0004487052439930162,WEAK
XRPUSDT,pop>3% & adx>25 & funding<0,3,41,-0.007100542602934076,-0.8335649814051356,23,-0.012425742147892991,18,-0.0002961209621532444,0.0008705571997637551,0.0004487052439930162,-
XRPUSDT,pop>3% & btc>ema50 & funding<0,3,15,-0.017097197098853035,-1.4744651968043363,10,-0.017353078524242477,5,-0.01658543424807415,0.0008705571997637551,0.0004487052439930162,-
XRPUSDT,vol>1.5x & 20d_high & 20d_low,3,0,,,0,,0,,0.0008705571997637551,0.0004487052439930162,-
XRPUSDT,vol>1.5x & 20d_high & adx>25,3,72,0.02293796961240291,1.9973501807995329,46,0.009975724948608093,26,0.04587117170988604,0.0008705571997637551,0.0004487052439930162,-
XRPUSDT,vol>1.5x & 20d_high & btc>ema50,3,121,0.011309816858321484,1.4780112289108238,76,-0.003985897526706919,45,0.03714257893081389,0.0008705571997637551,0.0004487052439930162,-
XRPUSDT,vol>1.5x & 20d_high & funding<0,3,4,-0.04169446113592339,-1.2478693281394864,4,-0.04169446113592339,0,,0.0008705571997637551,0.0004487052439930162,-
XRPUSDT,vol>1.5x & 20d_low & adx>25,3,25,0.02926704739418107,1.6236077775569802,12,0.04104568268847816,13,0.018394460968676057,0.0008705571997637551,0.0004487052439930162,-
XRPUSDT,vol>1.5x & 20d_low & btc>ema50,3,11,-0.01691322546636498,-0.32824816551424835,7,-0.011269150821631812,4,-0.026790356094648027,0.0008705571997637551,0.0004487052439930162,-
XRPUSDT,vol>1.5x & 20d_low & funding<0,3,25,0.035434211529388755,1.6458272894517012,13,0.04832953827815015,12,0.021464274218230578,0.0008705571997637551,0.0004487052439930162,-
XRPUSDT,vol>1.5x & adx>25 & btc>ema50,3,137,0.01846221752589069,2.4283165114309404,96,0.011612045352944739,41,0.03450164505278853,0.0008705571997637551,0.0004487052439930162,WEAK
XRPUSDT,vol>1.5x & adx>25 & funding<0,3,38,0.003798368802890651,0.27266024410120043,23,0.0057538413202561575,15,0.0007999776095968774,0.0008705571997637551,0.0004487052439930162,-
XRPUSDT,vol>1.5x & btc>ema50 & funding<0,3,10,0.0009262593493591445,0.024989297343156275,6,0.013661840232986208,4,-0.018177111976081458,0.0008705571997637551,0.0004487052439930162,-
XRPUSDT,20d_high & 20d_low & adx>25,3,0,,,0,,0,,0.0008705571997637551,0.0004487052439930162,-
XRPUSDT,20d_high & 20d_low & btc>ema50,3,0,,,0,,0,,0.0008705571997637551,0.0004487052439930162,-
XRPUSDT,20d_high & 20d_low & funding<0,3,0,,,0,,0,,0.0008705571997637551,0.0004487052439930162,-
XRPUSDT,20d_high & adx>25 & btc>ema50,3,94,0.03051125309511904,3.2296716676894803,66,0.02156700628590443,28,0.05159412057398204,0.0008705571997637551,0.0004487052439930162,-
XRPUSDT,20d_high & adx>25 & funding<0,3,2,-0.01789033762615363,-0.29079659181300443,2,-0.01789033762615363,0,,0.0008705571997637551,0.0004487052439930162,-
XRPUSDT,20d_high & btc>ema50 & funding<0,3,1,,,1,,0,,0.0008705571997637551,0.0004487052439930162,-
XRPUSDT,20d_low & adx>25 & btc>ema50,3,29,0.019462548912539984,1.330585932350075,23,0.020866921831498967,6,0.01407911938986387,0.0008705571997637551,0.0004487052439930162,-
XRPUSDT,20d_low & adx>25 & funding<0,3,45,0.009406665721490579,0.8105588356727221,23,0.017240555307395555,22,0.0012166902453171933,0.0008705571997637551,0.0004487052439930162,-
XRPUSDT,20d_low & btc>ema50 & funding<0,3,13,0.02429728735879566,0.9475806691021441,10,0.028116975069803797,3,0.011564994988768522,0.0008705571997637551,0.0004487052439930162,-
XRPUSDT,adx>25 & btc>ema50 & funding<0,3,39,0.005639219843735529,0.5623874599661807,27,0.006607283454112003,12,0.003461076720388466,0.0008705571997637551,0.0004487052439930162,-
