tf,entry,side,tgt,stop,H,n,net,win,n_t,net_t,n_h,net_h,se_h,per_day
5m,vwap_fade1.5,both,0.005,0.005,240,1310,-0.0010299249563567184,0.5198473282442748,722,-0.0010285374714192497,588,-0.0010316286368411613,0.0002043913007625028,14.555555555555555
5m,vwap_fade1.5,both,0.005,0.005,1440,1263,-0.0010139350752177358,0.5186064924782264,689,-0.0010040638606676317,574,-0.0010257839721254391,0.0002087511640064572,14.033333333333333
5m,vwap_fade1.5,both,0.01,0.005,240,1099,-0.000977015936619572,0.3867151956323931,597,-0.001003568910459563,502,-0.0009454379976106583,0.0003085144626630652,12.21111111111111
5m,vwap_fade1.5,both,0.01,0.005,1440,980,-0.0009670529763256959,0.3489795918367347,503,-0.0010312978456027255,477,-0.0008993062902746565,0.0003282783714150854,10.88888888888889
5m,vwap_fade1.5,both,0.01,0.01,240,751,-0.0008349014069036308,0.5299600532623169,420,-0.0007594018031298822,331,-0.0009307015083688102,0.0005017785798968288,8.344444444444445
5m,vwap_fade1.5,both,0.01,0.01,1440,602,-0.000933303946010804,0.5132890365448505,313,-0.0008897120608226097,289,-0.000980515918550267,0.0005882133267847324,6.688888888888889
5m,vwap_fade1.5,both,0.015,0.0075,240,768,-0.0009750845595047087,0.4283854166666667,432,-0.0008878178940238593,336,-0.0010872845579800866,0.0005143504437870186,8.533333333333333
5m,vwap_fade1.5,both,0.015,0.0075,1440,573,-0.0011014725504694648,0.343804537521815,297,-0.0012739887911042808,276,-0.0009158300741341741,0.0006441127260070251,6.366666666666666
5m,vwap_fade1.5,both,0.02,0.01,240,638,-0.0008751598334766071,0.4608150470219436,366,-0.0008341026883031856,272,-0.0009304058449967255,0.0006885386497808364,7.088888888888889
5m,vwap_fade1.5,both,0.02,0.01,1440,398,-0.0010298955226626997,0.3542713567839196,208,-0.0010341377210814353,190,-0.0010252514317621887,0.0010234304241754266,4.4222222222222225
5m,vwap_fade1.5,long,0.005,0.005,240,663,-0.0012096705615817814,0.5007541478129713,350,-0.0013981318806904233,313,-0.0009989310673708402,0.00028016226839430947,7.366666666666666
5m,vwap_fade1.5,long,0.005,0.005,1440,643,-0.0012077760497667739,0.49922239502332816,337,-0.0013928783382789857,306,-0.0010039215686275078,0.00028607893699575794,7.144444444444445
5m,vwap_fade1.5,long,0.01,0.005,240,588,-0.0011856565107361678,0.37244897959183676,312,-0.0013107653068171036,276,-0.0010442291760359792,0.00041321089184887953,6.533333333333333
5m,vwap_fade1.5,long,0.01,0.005,1440,534,-0.0012000000000000001,0.3333333333333333,272,-0.0012919117647058837,262,-0.0011045801526717541,0.00043973169409828585,5.933333333333334
5m,vwap_fade1.5,long,0.01,0.01,240,393,-0.0007386784980433397,0.5292620865139949,213,-0.0008566287457275442,180,-0.0005991040382836982,0.0006735048741555671,4.366666666666666
5m,vwap_fade1.5,long,0.01,0.01,1440,316,-0.0007252368591352891,0.5189873417721519,159,-0.0007413191661773198,157,-0.0007089496819398572,0.0007973340288860061,3.511111111111111
5m,vwap_fade1.5,long,0.015,0.0075,240,424,-0.0012924412761050632,0.41745283018867924,235,-0.0011510210622764166,189,-0.0014682812245163433,0.0006581991164333371,4.711111111111111
5m,vwap_fade1.5,long,0.015,0.0075,1440,319,-0.0012105459518560399,0.335423197492163,159,-0.0012028871608648955,160,-0.0012181568754034895,0.0008387220470003212,3.5444444444444443
5m,vwap_fade1.5,long,0.02,0.01,240,356,-0.0012291154892198487,0.4606741573033708,203,-0.0006699897650065467,153,-0.001970962038339458,0.0008121201705340831,3.9555555555555557
5m,vwap_fade1.5,long,0.02,0.01,1440,220,-0.0015397003776803152,0.33181818181818185,114,-0.0013017571179940609,106,-0.0017956016192296831,0.0013363853806718196,2.4444444444444446
5m,vwap_fade1.5,short,0.005,0.005,240,668,-0.0008652995415386157,0.5374251497005988,390,-0.0007429095007216768,278,-0.0010369978002386375,0.00029718873888186264,7.4222222222222225
5m,vwap_fade1.5,short,0.005,0.005,1440,642,-0.0008884735202491665,0.5311526479750779,369,-0.0007799457994579409,273,-0.0010351648351647792,0.00030300474035576324,7.133333333333334
5m,vwap_fade1.5,short,0.01,0.005,240,582,-0.0006483445066697992,0.422680412371134,339,-0.0006131683664979186,243,-0.0006974173935762502,0.0004470671144052973,6.466666666666667
5m,vwap_fade1.5,short,0.01,0.005,1440,524,-0.000592579993891566,0.37404580152671757,289,-0.0005776568039383041,235,-0.0006109323423872796,0.0004730455220564854,5.822222222222222
5m,vwap_fade1.5,short,0.01,0.01,240,416,-0.0009264632971956975,0.53125,248,-0.0009660546132562501,168,-0.0008680189734872628,0.0007103777922271879,4.622222222222222
5m,vwap_fade1.5,short,0.01,0.01,1440,342,-0.0008280389354322044,0.5146198830409356,191,-0.0006854532821302636,151,-0.0010083956227214142,0.0008117912843250355,3.8
5m,vwap_fade1.5,short,0.015,0.0075,240,437,-0.0009535107470842872,0.43935926773455375,262,-0.0011062398124214506,175,-0.0007248535178366477,0.0007280317923374051,4.855555555555555
5m,vwap_fade1.5,short,0.015,0.0075,1440,341,-0.0008288964502679887,0.35777126099706746,186,-0.001223573059571783,155,-0.00035528451910343573,0.0008727696864533549,3.7888888888888888
5m,vwap_fade1.5,short,0.02,0.01,240,382,-0.0008750568786083277,0.4738219895287958,230,-0.0013816669275213277,152,-0.00010847588354260317,0.0009716365570635934,4.2444444444444445
5m,vwap_fade1.5,short,0.02,0.01,1440,268,-0.0007443975276137996,0.3656716417910448,145,-0.001936764126686654,123,0.0006612378940574515,0.0013189761997359547,2.977777777777778
5m,vwap_fade3,both,0.005,0.005,240,948,-0.001123032447907509,0.5126582278481012,525,-0.0011557522611766336,423,-0.0010824227505876736,0.00024185048802006357,10.533333333333333
5m,vwap_fade3,both,0.005,0.005,1440,921,-0.0011077090119435363,0.509229098805646,506,-0.0011011857707509808,415,-0.0011156626506024115,0.00024570163365633424,10.233333333333333
5m,vwap_fade3,both,0.01,0.005,240,845,-0.0008556803010982704,0.3940828402366864,470,-0.0008395057711043149,375,-0.0008759523786906946,0.000360773233369087,9.38888888888889
5m,vwap_fade3,both,0.01,0.005,1440,768,-0.0008404409267516248,0.3580729166666667,410,-0.0007928399765839459,358,-0.0008949559814129332,0.0003790123267401477,8.533333333333333
5m,vwap_fade3,both,0.01,0.01,240,581,-0.0008841299667357777,0.5352839931153184,332,-0.000919114083961059,249,-0.0008374844771020689,0.0005801288723214978,6.455555555555556
5m,vwap_fade3,both,0.01,0.01,1440,486,-0.0008785804130370029,0.51440329218107,263,-0.0010618310333450373,223,-0.0006624597263060025,0.000667918164393426,5.4
5m,vwap_fade3,both,0.015,0.0075,240,612,-0.0010115281995013575,0.4297385620915033,353,-0.0008251396706100095,259,-0.0012655635303841601,0.0005765533020039761,6.8
5m,vwap_fade3,both,0.015,0.0075,1440,475,-0.0010403753099975986,0.3473684210526316,251,-0.0008847969358685754,224,-0.0012147064345796738,0.0007081378397023136,5.277777777777778
5m,vwap_fade3,both,0.02,0.01,240,520,-0.0008833702439466319,0.475,305,-0.0007724619027222134,215,-0.0010407053326603423,0.0007777517172377174,5.777777777777778
5m,vwap_fade3,both,0.02,0.01,1440,348,-0.0012551369331289663,0.34770114942528735,186,-0.001463149351561619,162,-0.0010163078601136987,0.0011108055094123394,3.8666666666666667
5m,vwap_fade3,long,0.005,0.005,240,457,-0.0012544824905198235,0.49671772428884026,235,-0.001503682117395755,222,-0.0009906900927007067,0.00033339442846386415,5.0777777777777775
5m,vwap_fade3,long,0.005,0.005,1440,444,-0.0012450450450450974,0.4954954954954955,227,-0.001442290748898728,217,-0.0010387096774194108,0.0003400298559320803,4.933333333333334
5m,vwap_fade3,long,0.01,0.005,240,417,-0.0011004149638512062,0.3669064748201439,220,-0.0010193278473393612,197,-0.0011909691041182414,0.0004890464758307933,4.633333333333334
5m,vwap_fade3,long,0.01,0.005,1440,385,-0.0011890759515476431,0.33506493506493507,198,-0.0010484848484848472,187,-0.001337937119496486,0.0005132965618732125,4.277777777777778
5m,vwap_fade3,long,0.01,0.01,240,279,-0.0007778060620761837,0.5340501792114696,152,-0.0008004186610401354,127,-0.0007507421641035809,0.0007937253199087868,3.1
5m,vwap_fade3,long,0.01,0.01,1440,232,-0.0011036941785050216,0.5,123,-0.0012151447810351433,109,-0.0009779288196866281,0.000958372135209793,2.577777777777778
5m,vwap_fade3,long,0.015,0.0075,240,298,-0.0008526825477672024,0.4429530201342282,165,-0.0004316264803093372,133,-0.001375045338222449,0.0007798456215403689,3.311111111111111
5m,vwap_fade3,long,0.015,0.0075,1440,240,-0.0011145383916482717,0.3375,125,-0.0008895597811979392,115,-0.0013590803595290685,0.0009831155876525658,2.6666666666666665
5m,vwap_fade3,long,0.02,0.01,240,257,-0.000670525487506318,0.49416342412451364,146,-0.00013566040265079214,111,-0.0013740417252442172,0.000995619786164873,2.8555555555555556
5m,vwap_fade3,long,0.02,0.01,1440,178,-0.0011150284249077714,0.34831460674157305,97,-0.0007323008896408671,81,-0.0015733564609681382,0.0015404256815353718,1.9777777777777779
5m,vwap_fade3,short,0.005,0.005,240,492,-0.0009952677920975767,0.5284552845528455,291,-0.0008650863601133289,201,-0.0011837394175076069,0.000352102738433639,5.466666666666667
5m,vwap_fade3,short,0.005,0.005,1440,478,-0.0009698744769873923,0.5230125523012552,280,-0.0008071428571428033,198,-0.0011999999999999426,0.00035623524993954475,5.311111111111111
5m,vwap_fade3,short,0.01,0.005,240,433,-0.0006048637498486008,0.42494226327944573,255,-0.0006543619114627098,178,-0.0005339534621429954,0.0005335728672008325,4.811111111111111
5m,vwap_fade3,short,0.01,0.005,1440,400,-0.0005253570408454017,0.3775,226,-0.0005369151165405916,174,-0.0005103448275861321,0.0005533536828251299,4.444444444444445
5m,vwap_fade3,short,0.01,0.01,240,309,-0.0009504614709476314,0.5469255663430421,186,-0.0010152285650243036,123,-0.0008525209872219321,0.0008476935764670893,3.433333333333333
5m,vwap_fade3,short,0.01,0.01,1440,262,-0.0007282044183254011,0.5190839694656488,148,-0.00089074214772577,114,-0.0005171905240161503,0.0009318352226293683,2.911111111111111
5m,vwap_fade3,short,0.015,0.0075,240,327,-0.0010877968275264422,0.43119266055045874,198,-0.00113166177238117,129,-0.0010204692377494182,0.0008507506877223667,3.6333333333333333
5m,vwap_fade3,short,0.015,0.0075,1440,274,-0.0010186233782821855,0.3467153284671533,156,-0.0011355919926965242,118,-0.0008639869049886536,0.0009894161261118192,3.0444444444444443
5m,vwap_fade3,short,0.02,0.01,240,284,-0.001026518904335038,0.4823943661971831,174,-0.0014123020524160722,110,-0.0004162801064614023,0.0011837806639277445,3.1555555555555554
5m,vwap_fade3,short,0.02,0.01,1440,217,-0.0003873132883183441,0.37327188940092165,121,-0.0013775806927870992,96,0.0008608362527308158,0.0014967469013530685,2.411111111111111
5m,bb_revert,both,0.005,0.005,240,1090,-0.0010228882086139584,0.5220183486238532,600,-0.000819669654010683,490,-0.0012717272550669483,0.00022301880694658327,12.11111111111111
5m,bb_revert,both,0.005,0.005,1440,1034,-0.0010259187620889807,0.5174081237911026,560,-0.0007714285714285795,474,-0.0013265822784810158,0.0002298265589580155,11.488888888888889
5m,bb_revert,both,0.01,0.005,240,918,-0.0011294601820015817,0.38235294117647056,501,-0.0009541414008071815,417,-0.0013400949766739908,0.0003294339222237925,10.2
5m,bb_revert,both,0.01,0.005,1440,793,-0.0011360425235040568,0.3379571248423707,404,-0.0008640636661849764,389,-0.001418508997429271,0.0003548620642104626,8.811111111111112
5m,bb_revert,both,0.01,0.01,240,728,-0.0009349015446540266,0.5274725274725275,406,-0.001093509078787722,322,-0.000734918132050672,0.0005036844016435186,8.088888888888889
5m,bb_revert,both,0.01,0.01,1440,555,-0.0010334462098805564,0.5099099099099099,280,-0.0011605721264211462,275,-0.0009040089130392287,0.0006027790120864579,6.166666666666667
5m,bb_revert,both,0.015,0.0075,240,704,-0.0014930604512129956,0.40767045454545453,396,-0.0016049518874804481,308,-0.0013492000331548424,0.0005250633642900122,7.822222222222222
5m,bb_revert,both,0.015,0.0075,1440,481,-0.00166941013077636,0.32224532224532226,243,-0.0016719498840232013,238,-0.0016668170213688708,0.0006759036183530789,5.344444444444444
5m,bb_revert,both,0.02,0.01,240,607,-0.0017653338946410277,0.43657331136738053,348,-0.0016079975115267928,259,-0.0019767356758138223,0.0006739215448013186,6.7444444444444445
5m,bb_revert,both,0.02,0.01,1440,351,-0.001824210831140567,0.3247863247863248,183,-0.0015545779419130956,168,-0.0021179180854776344,0.0010592594885048927,3.9
5m,bb_revert,long,0.005,0.005,240,603,-0.0012364497069832555,0.5008291873963516,334,-0.0010243672085574864,269,-0.001499778905772129,0.00030013222405688176,6.7
5m,bb_revert,long,0.005,0.005,1440,576,-0.0012173611111111699,0.4982638888888889,316,-0.0009468354430380382,260,-0.0015461538461538995,0.0003099394480331198,6.4
5m,bb_revert,long,0.01,0.005,240,568,-0.0009895155967950718,0.3890845070422535,313,-0.0007566705504442111,255,-0.0012753214772178926,0.00042415055557072515,6.311111111111111
5m,bb_revert,long,0.01,0.005,1440,498,-0.0011027905099617406,0.3413654618473896,259,-0.0008287783043140928,239,-0.001399732607295384,0.00045247369310322727,5.533333333333333
5m,bb_revert,long,0.01,0.01,240,464,-0.0008799635876686969,0.5107758620689655,259,-0.0008366883893053496,205,-0.0009346381065765359,0.0006339082782759909,5.155555555555556
5m,bb_revert,long,0.01,0.01,1440,358,-0.0012612561421073822,0.4972067039106145,180,-0.0012513738635609182,178,-0.0012712494574914465,0.0007496648921004842,3.977777777777778
5m,bb_revert,long,0.015,0.0075,240,474,-0.0011437010860121343,0.4240506329113924,268,-0.0006851790343145371,206,-0.0017402249202594937,0.0006229509904856056,5.266666666666667
5m,bb_revert,long,0.015,0.0075,1440,331,-0.0012504821932808735,0.33534743202416917,168,-0.0006812935698609783,163,-0.0018371305904253054,0.0008115154673910742,3.6777777777777776
5m,bb_revert,long,0.02,0.01,240,434,-0.0012911657150388185,0.45161290322580644,248,-0.0007989697184215646,186,-0.0019474270438618235,0.0007677572682870543,4.822222222222222
5m,bb_revert,long,0.02,0.01,1440,248,-0.0018289532462385746,0.33064516129032256,122,-0.0006892640521248773,126,-0.002932461831015329,0.0011885246929961449,2.7555555555555555
5m,bb_revert,short,0.005,0.005,240,569,-0.0009524563898911503,0.5307557117750439,331,-0.0008051723854107335,238,-0.0011572925473828223,0.00031890286832142434,6.322222222222222
5m,bb_revert,short,0.005,0.005,1440,543,-0.000914548802946541,0.5285451197053407,313,-0.0007367412140574565,230,-0.0011565217391303819,0.0003303968081463925,6.033333333333333
5m,bb_revert,short,0.01,0.005,240,531,-0.001123692266806787,0.3935969868173258,306,-0.0010520029447931665,225,-0.001221189744745311,0.0004440317461359365,5.9
5m,bb_revert,short,0.01,0.005,1440,454,-0.0009888646949325324,0.34801762114537443,250,-0.0008165782859975392,204,-0.0011999999999999257,0.0004962916669854618,5.044444444444444
5m,bb_revert,short,0.01,0.01,240,425,-0.0010815441517383853,0.508235294117647,248,-0.0012570040972431208,177,-0.0008357019682063266,0.000669889431990038,4.722222222222222
5m,bb_revert,short,0.01,0.01,1440,339,-0.0007255907060438869,0.5221238938053098,184,-0.000877026077516797,155,-0.0005458222650695936,0.0008015386628681969,3.7666666666666666
5m,bb_revert,short,0.015,0.0075,240,449,-0.0015413737659543056,0.40089086859688194,262,-0.00175683557409125,187,-0.0012394967941260734,0.000668950662140742,4.988888888888889
5m,bb_revert,short,0.015,0.0075,1440,323,-0.0015837978876381414,0.3281733746130031,173,-0.0018379437376955263,150,-0.001290683007238624,0.0008631330379748731,3.588888888888889
5m,bb_revert,short,0.02,0.01,240,408,-0.0014633751877829728,0.4362745098039216,240,-0.0015713815949372505,168,-0.001309080320419719,0.0008648763428738347,4.533333333333333
5m,bb_revert,short,0.02,0.01,1440,264,-0.0012133296371182867,0.3484848484848485,139,-0.0015950832598089172,125,-0.0007888196086863057,0.0012771141732549015,2.933333333333333
5m,breakout20,both,0.005,0.005,240,767,-0.0013967780443419659,0.47979139504563234,436,-0.0014849250570647423,331,-0.0012806689883083388,0.00027212962794088914,8.522222222222222
5m,breakout20,both,0.005,0.005,1440,739,-0.0014503382949932258,0.4749661705006766,415,-0.00154939759036144,324,-0.0013234567901234456,0.0002781226226932696,8.21111111111111
5m,breakout20,both,0.01,0.005,240,639,-0.0013282362226224146,0.3568075117370892,366,-0.0014393222598844085,273,-0.0011793076891502912,0.0004149509270453934,7.1
5m,breakout20,both,0.01,0.005,1440,569,-0.0015296889170708212,0.3145869947275923,310,-0.0018193737628573803,259,-0.0011829618815733956,0.00043970500398529574,6.322222222222222
5m,breakout20,both,0.01,0.01,240,563,-0.0014195275228168142,0.458259325044405,315,-0.0015476154533786235,248,-0.0012568351916596773,0.0005833765349265989,6.2555555555555555
5m,breakout20,both,0.01,0.01,1440,449,-0.0014390227122463581,0.48997772828507796,228,-0.0013391845196100564,221,-0.0015420232005770222,0.000672575263038347,4.988888888888889
5m,breakout20,both,0.015,0.0075,240,543,-0.0014464328109024538,0.3683241252302026,310,-0.0018359894056104325,233,-0.0009281386291021386,0.0006292793057486949,6.033333333333333
5m,breakout20,both,0.015,0.0075,1440,423,-0.001423357624673459,0.3309692671394799,226,-0.0018035095040236575,197,-0.0009872443011549575,0.000760672983362779,4.7
5m,breakout20,both,0.02,0.01,240,476,-0.0013646579598867578,0.38235294117647056,271,-0.0017383599089742581,205,-0.0008706422125564527,0.0008308769202910331,5.288888888888889
5m,breakout20,both,0.02,0.01,1440,311,-0.001502483597899181,0.3408360128617363,156,-0.001028178794494268,155,-0.0019798484322938034,0.0011114850170028427,3.4555555555555557
5m,breakout20,long,0.005,0.005,240,364,-0.0012854789783449652,0.48626373626373626,219,-0.0015572011735849034,145,-0.0008750847662239549,0.0004064504371092132,4.044444444444444
5m,breakout20,long,0.005,0.005,1440,352,-0.0013136363636364187,0.48863636363636365,210,-0.001580952380952436,142,-0.0009183098591549849,0.0004204071874917005,3.911111111111111
5m,breakout20,long,0.01,0.005,240,311,-0.000962417008454213,0.3890675241157556,189,-0.001252282209614481,122,-0.0005133635410829777,0.0006334163820809025,3.4555555555555557
5m,breakout20,long,0.01,0.005,1440,285,-0.0012276253594189494,0.3368421052631579,167,-0.0017226712581250299,118,-0.0005270095536230563,0.0006696494193387855,3.1666666666666665
5m,breakout20,long,0.01,0.01,240,293,-0.0009306539404157069,0.5051194539249146,177,-0.0010410400153757068,116,-0.000762220015692259,0.0008554778859547962,3.2555555555555555
5m,breakout20,long,0.01,0.01,1440,246,-0.0012727535580404426,0.5040650406504065,137,-0.0015088339266454533,109,-0.000976028691078181,0.0009584471484148184,2.7333333333333334
5m,breakout20,long,0.015,0.0075,240,278,-0.0011364928532068387,0.4028776978417266,169,-0.0012639387154987662,109,-0.0009388933052496304,0.0009230498118498018,3.088888888888889
5m,breakout20,long,0.015,0.0075,1440,230,-0.001556991751942298,0.33043478260869563,132,-0.002139552845600052,98,-0.0007723176257910372,0.0010852228389485546,2.5555555555555554
5m,breakout20,long,0.02,0.01,240,259,-0.0009778121817747639,0.42084942084942084,159,-0.0010360771217371961,100,-0.0008851709272344968,0.0011924575778282267,2.8777777777777778
5m,breakout20,long,0.02,0.01,1440,192,-0.0015568867440207588,0.34375,108,-0.0014559791467263525,84,-0.0016866250833992827,0.0015226039551330004,2.1333333333333333
5m,breakout20,short,0.005,0.005,240,433,-0.001567185944792829,0.45958429561200925,242,-0.0014844607780326153,191,-0.001672000030426189,0.0003597734261903882,4.811111111111111
5m,breakout20,short,0.005,0.005,1440,424,-0.0016009433962263556,0.45990566037735847,236,-0.0015389830508474,188,-0.0016787234042552573,0.0003639564519861417,4.711111111111111
5m,breakout20,short,0.01,0.005,240,363,-0.0018175965181458746,0.31129476584022037,206,-0.0017529080255442977,157,-0.001902474412896989,0.0005256441476306446,4.033333333333333
5m,breakout20,short,0.01,0.005,1440,337,-0.0018082929541759032,0.29376854599406527,185,-0.001848620138147518,152,-0.0017592105263157137,0.0005572593232498323,3.7444444444444445
5m,breakout20,short,0.01,0.01,240,341,-0.0016829493681944615,0.436950146627566,191,-0.0015365630256340258,150,-0.0018693479777214157,0.0007439279570722165,3.7888888888888888
5m,breakout20,short,0.01,0.01,1440,280,-0.0016278809802237676,0.4785714285714286,143,-0.0014084382829556274,137,-0.0018569343065693452,0.00085564061534263,3.111111111111111
5m,breakout20,short,0.015,0.0075,240,318,-0.0014502921318108207,0.36792452830188677,182,-0.0017699991573984187,136,-0.0010224489063921237,0.0008244776403575569,3.533333333333333
5m,breakout20,short,0.015,0.0075,1440,256,-0.001383344507340708,0.3359375,137,-0.0015973444808701923,119,-0.0011369747899160078,0.0009784487761833095,2.8444444444444446
5m,breakout20,short,0.02,0.01,240,286,-0.0016218030624225665,0.3881118881118881,162,-0.0018539938154003783,124,-0.0013184570786934904,0.0010346283183097832,3.1777777777777776
5m,breakout20,short,0.02,0.01,1440,195,-0.0016142542199029408,0.3487179487179487,94,-0.001208293328522055,101,-0.001992079207920795,0.0013836611523388661,2.1666666666666665
5m,breakout60,both,0.005,0.005,240,482,-0.0012691216541463957,0.491701244813278,275,-0.001154621937945702,207,-0.0014212348036883801,0.00034494544222593847,5.355555555555555
5m,breakout60,both,0.005,0.005,1440,471,-0.001316772823779191,0.4883227176220807,267,-0.0012187265917602997,204,-0.001445098039215681,0.000350509319434876,5.233333333333333
5m,breakout60,both,0.01,0.005,240,408,-0.0012541915223370352,0.35784313725490197,233,-0.0012173506409485025,175,-0.0013032425244143395,0.0005210821828450651,4.533333333333333
5m,breakout60,both,0.01,0.005,1440,378,-0.0015518715354170141,0.31216931216931215,210,-0.0016905116208935128,168,-0.0013785714285713907,0.0005420920613754002,4.2
5m,breakout60,both,0.01,0.01,240,388,-0.0013616282019399773,0.48195876288659795,222,-0.001067797969821616,166,-0.0017545818858573038,0.000714835625162735,4.311111111111111
5m,breakout60,both,0.01,0.01,1440,332,-0.001818048682259114,0.46987951807228917,180,-0.0016474589849926823,152,-0.0020200627974430473,0.000809128139265952,3.688888888888889
5m,breakout60,both,0.015,0.0075,240,363,-0.001219942694490155,0.39118457300275483,208,-0.0011892262329366737,155,-0.0012611622041877298,0.0007785253177847621,4.033333333333333
5m,breakout60,both,0.015,0.0075,1440,310,-0.0011638525305454786,0.3419354838709677,166,-0.0012680378582475645,144,-0.0010437500000000188,0.0008914805040343976,3.4444444444444446
5m,breakout60,both,0.02,0.01,240,336,-0.001365719357726362,0.41369047619047616,189,-0.0011826969519103895,147,-0.0016010338794897553,0.0009748050055001983,3.7333333333333334
5m,breakout60,both,0.02,0.01,1440,245,-0.0017991030416006483,0.3346938775510204,123,-0.00137992439008793,122,-0.002221717583699537,0.0012428162558971295,2.7222222222222223
5m,breakout60,long,0.005,0.005,240,236,-0.0010987464220647966,0.5042372881355932,136,-0.0010919746414984597,100,-0.0011079560436350144,0.0004932005653840443,2.6222222222222222
5m,breakout60,long,0.005,0.005,1440,232,-0.0011137931034483344,0.5086206896551724,133,-0.0010872180451128428,99,-0.0011494949494950054,0.0005050505050504998,2.577777777777778
5m,breakout60,long,0.01,0.005,240,200,-0.0010141067722342226,0.38,116,-0.0012155487414027737,84,-0.0007359250052871762,0.0007743741657522276,2.2222222222222223
5m,breakout60,long,0.01,0.005,1440,187,-0.0013765103764045291,0.32620320855614976,105,-0.0018953089560728258,82,-0.0007121951219512228,0.0008027812056151026,2.077777777777778
5m,breakout60,long,0.01,0.01,240,188,-0.0008912511077662957,0.5106382978723404,109,-0.0005535303940612314,79,-0.0013572201937644226,0.001055865830413654,2.088888888888889
5m,breakout60,long,0.01,0.01,1440,167,-0.0013561760137157826,0.49700598802395207,91,-0.0009959543854856287,76,-0.0017874940159387297,0.001147261883395038,1.8555555555555556
5m,breakout60,long,0.015,0.0075,240,178,-0.0011872235047153592,0.398876404494382,103,-0.001014139017626389,75,-0.0014249262003175455,0.0011089191892621959,1.9777777777777779
5m,breakout60,long,0.015,0.0075,1440,159,-0.0017858023694840982,0.31446540880503143,87,-0.0020119836407812867,72,-0.0015124999999999963,0.0012450385691746156,1.7666666666666666
5m,breakout60,long,0.02,0.01,240,165,-0.0008276796521594201,0.4303030303030303,95,-0.00022481173839512163,70,-0.0016458575351252541,0.0014130873962284398,1.8333333333333333
5m,breakout60,long,0.02,0.01,1440,134,-0.0017179964734037986,0.34328358208955223,70,-0.0005537426032109385,64,-0.0029913991439272387,0.0016683952545848927,1.488888888888889
5m,breakout60,short,0.005,0.005,240,246,-0.0014325710637856535,0.4796747967479675,139,-0.0012159171344696222,107,-0.0017140186915887221,0.00048306982956192716,2.7333333333333334
5m,breakout60,short,0.005,0.005,1440,243,-0.001467489711934096,0.4732510288065844,138,-0.001272463768115884,105,-0.0017238095238094606,0.00048759243288172435,2.7
5m,breakout60,short,0.01,0.005,240,208,-0.0014850422435897397,0.33653846153846156,117,-0.001219137139643413,91,-0.0018269202343778744,0.0007019246275865993,2.311111111111111
5m,breakout60,short,0.01,0.005,1440,200,-0.0015035427931670508,0.315,114,-0.001250075075731726,86,-0.0018395348837208535,0.0007387853362815828,2.2222222222222223
5m,breakout60,short,0.01,0.01,240,202,-0.0019071407753214024,0.45544554455445546,115,-0.0017202859325765496,87,-0.002154132808834714,0.0009686029875813146,2.2444444444444445
5m,breakout60,short,0.01,0.01,1440,180,-0.0020108689283409556,0.46111111111111114,102,-0.0018466314421703158,78,-0.002225641025641024,0.0011335959362039946,2.0
5m,breakout60,short,0.015,0.0075,240,185,-0.0011817576050683208,0.3891891891891892,105,-0.0013609784536696202,80,-0.0009465302412791157,0.001094131846021375,2.0555555555555554
5m,breakout60,short,0.015,0.0075,1440,166,-0.001052070622788301,0.3493975903614458,93,-0.001339179821321023,73,-0.0006863013698630532,0.0012697815507851005,1.8444444444444446
5m,breakout60,short,0.02,0.01,240,172,-0.0018886392371862217,0.4069767441860465,95,-0.0022641289820290195,77,-0.0014253726688736802,0.0013374551422630958,1.9111111111111112
5m,breakout60,short,0.02,0.01,1440,134,-0.0018233452267611462,0.34328358208955223,71,-0.001953919160366102,63,-0.001676190476190482,0.0017735118153452054,1.488888888888889
5m,ema_pullback,both,0.005,0.005,240,794,-0.0012233155723075676,0.491183879093199,427,-0.0017161814399264796,367,-0.000649872178647417,0.0002558330086010465,8.822222222222223
5m,ema_pullback,both,0.005,0.005,1440,741,-0.0013686909581646378,0.48313090418353577,389,-0.0019583547557840515,352,-0.000717045454545456,0.00026563236868022607,8.233333333333333
5m,ema_pullback,both,0.01,0.005,240,636,-0.0011190823152439579,0.37735849056603776,360,-0.001716170357195535,276,-0.0003402718257419011,0.00041501307559929895,7.066666666666666
5m,ema_pullback,both,0.01,0.005,1440,553,-0.0013392849176027872,0.325497287522604,297,-0.0024799388331043226,256,-1.5948148446708922e-05,0.0004614556775417355,6.144444444444445
5m,ema_pullback,both,0.01,0.01,240,522,-0.00120844035531278,0.4674329501915709,298,-0.001971293848791245,224,-0.00019357276131017913,0.0005855040926577144,5.8
5m,ema_pullback,both,0.01,0.01,1440,386,-0.0016296239753598623,0.47150259067357514,196,-0.002579422746676879,190,-0.0006498315586328354,0.0007249461281159972,4.288888888888889
5m,ema_pullback,both,0.015,0.0075,240,529,-0.0016024409539635172,0.3705103969754253,306,-0.0023175672405444767,223,-0.0006211465876237263,0.0006196825622893288,5.877777777777778
5m,ema_pullback,both,0.015,0.0075,1440,375,-0.0016406890683809306,0.31733333333333336,203,-0.002863834485925354,172,-0.00019709302325582613,0.0008342660742127371,4.166666666666667
5m,ema_pullback,both,0.02,0.01,240,471,-0.0012720927153478815,0.39490445859872614,277,-0.002166184403777755,194,4.5227366885872835e-06,0.0008073332187746921,5.233333333333333
5m,ema_pullback,both,0.02,0.01,1440,271,-0.0017607101580165414,0.3173431734317343,148,-0.0034735436262313844,123,0.0003002601939818056,0.0013176402115782646,3.011111111111111
5m,ema_pullback,long,0.005,0.005,240,427,-0.0013151472616069354,0.48009367681498827,237,-0.001911182833664071,190,-0.0005716713111988242,0.00035426952549319653,4.7444444444444445
5m,ema_pullback,long,0.005,0.005,1440,401,-0.0014867830423940646,0.4713216957605985,221,-0.0021728506787330733,180,-0.0006444444444445048,0.00037140348359159366,4.455555555555556
5m,ema_pullback,long,0.01,0.005,240,351,-0.0011961215227010592,0.37037037037037035,205,-0.0016926642217415411,146,-0.0004989211576099719,0.0005648517576004916,3.9
5m,ema_pullback,long,0.01,0.005,1440,312,-0.00115962752307839,0.33974358974358976,177,-0.001976292583053431,135,-8.888888888889087e-05,0.0006366949857529847,3.466666666666667
5m,ema_pullback,long,0.01,0.01,240,306,-0.0012625392825401146,0.46405228758169936,178,-0.0017808810851327463,128,-0.0005417202133097361,0.0007818710303781466,3.4
5m,ema_pullback,long,0.01,0.01,1440,238,-0.0015839468306572354,0.4789915966386555,124,-0.002457349593195024,114,-0.0006339297907038497,0.0009363109843119184,2.6444444444444444
5m,ema_pullback,long,0.015,0.0075,240,302,-0.0015951352352134105,0.3708609271523179,173,-0.002143189502111896,129,-0.000860147729992961,0.000837351917623356,3.3555555555555556
5m,ema_pullback,long,0.015,0.0075,1440,235,-0.0020943458884378962,0.30638297872340425,124,-0.0032947322589466257,111,-0.0007533737267885038,0.0010157363210634668,2.611111111111111
5m,ema_pullback,long,0.02,0.01,240,280,-0.0008607555901621994,0.4107142857142857,167,-0.0016313225234896422,113,0.0002780468688261448,0.0011144008909451779,3.111111111111111
5m,ema_pullback,long,0.02,0.01,1440,179,-0.0018621190854677414,0.33519553072625696,95,-0.002967458574324307,84,-0.000612032758784719,0.0015580400798926232,1.988888888888889
5m,ema_pullback,short,0.005,0.005,240,414,-0.0010188210857595072,0.5120772946859904,225,-0.0012563283796342335,189,-0.0007360743073372139,0.00035752440213886487,4.6
5m,ema_pullback,short,0.005,0.005,1440,390,-0.0010974358974358384,0.5102564102564102,208,-0.0013923076923076302,182,-0.000760439560439505,0.00037020814378347695,4.333333333333333
5m,ema_pullback,short,0.01,0.005,240,331,-0.0009614050968525776,0.39274924471299094,190,-0.001499171084195611,141,-0.00023675589404990876,0.0005821197089168761,3.6777777777777776
5m,ema_pullback,short,0.01,0.005,1440,282,-0.0008809535600319486,0.35815602836879434,154,-0.0017723777787444978,128,0.00019154120310658704,0.0006555927938757867,3.1333333333333333
5m,ema_pullback,short,0.01,0.01,240,291,-0.0008582520628609072,0.4845360824742268,175,-0.0014715461472684975,116,6.6976081719509e-05,0.0007862596998018721,3.2333333333333334
5m,ema_pullback,short,0.01,0.01,1440,218,-0.0009151970901628887,0.5137614678899083,119,-0.0018809263836398744,99,0.0002456290302791447,0.000994875703567254,2.422222222222222
5m,ema_pullback,short,0.015,0.0075,240,281,-0.0012300846302414434,0.40569395017793597,172,-0.0020074170793329526,109,-3.4682885557596e-06,0.0008646440199736723,3.1222222222222222
5m,ema_pullback,short,0.015,0.0075,1440,195,-0.0009866515498594697,0.35384615384615387,115,-0.002169689793219389,80,0.0007139659249704138,0.0012407350409362398,2.1666666666666665
5m,ema_pullback,short,0.02,0.01,240,260,-0.001221826565151208,0.41923076923076924,162,-0.0017632549162984437,98,-0.0003268123520302676,0.0010532285964314468,2.888888888888889
5m,ema_pullback,short,0.02,0.01,1440,155,-0.001306511316983172,0.34838709677419355,91,-0.0024046871223079884,64,0.00025495740621305114,0.0018212695435954435,1.7222222222222223
5m,level_bounce,both,0.005,0.005,240,1623,-0.0012499124353955752,0.49784349969192854,873,-0.0012008111377309245,750,-0.0013070663458772292,0.00018114960830194015,18.033333333333335
5m,level_bounce,both,0.005,0.005,1440,1536,-0.0012911458333333327,0.4908854166666667,815,-0.0012797546012269935,721,-0.0013040221914008311,0.00018629866770448526,17.066666666666666
5m,level_bounce,both,0.01,0.005,240,1200,-0.0012183153494584843,0.36833333333333335,636,-0.0012510312301759032,564,-0.001181422973330331,0.00028954283997163625,13.333333333333334
5m,level_bounce,both,0.01,0.005,1440,1074,-0.0013459203231080867,0.3240223463687151,534,-0.0014934802004084367,540,-0.0011999999999999624,0.0003045724519365855,11.933333333333334
5m,level_bounce,both,0.01,0.01,240,852,-0.0012371180880070831,0.5046948356807511,476,-0.0013131339117371853,376,-0.001140885289880677,0.0004731986179117709,9.466666666666667
5m,level_bounce,both,0.01,0.01,1440,658,-0.0016940054422201348,0.47720364741641336,331,-0.0020641178575292562,327,-0.001319365657916406,0.0005529696837241695,7.311111111111111
5m,level_bounce,both,0.015,0.0075,240,808,-0.0014233972235668526,0.3997524752475248,455,-0.0014975972306494826,353,-0.0013277569878087881,0.0005011309294082443,8.977777777777778
5m,level_bounce,both,0.015,0.0075,1440,592,-0.0014493398455025985,0.32263513513513514,306,-0.0016993411036821027,286,-0.0011818559818559963,0.0006274439008796344,6.5777777777777775
5m,level_bounce,both,0.02,0.01,240,655,-0.0011593946189286987,0.4396946564885496,383,-0.0017478982694366352,272,-0.00033072955222083214,0.0006876890739253427,7.277777777777778
5m,level_bounce,both,0.02,0.01,1440,386,-0.0009127804881834952,0.34974093264248707,217,-0.0017173664924494323,169,0.00012032698474968961,0.0011158613813335902,4.288888888888889
5m,level_bounce,long,0.005,0.005,240,1110,-0.0012026408744921938,0.4963963963963964,606,-0.001230917909409323,504,-0.0011686411063180264,0.00021997951141304706,12.333333333333334
5m,level_bounce,long,0.005,0.005,1440,1048,-0.0012095419847328798,0.49904580152671757,563,-0.0012266429840142655,485,-0.0011896907216495394,0.00022727224417575648,11.644444444444444
5m,level_bounce,long,0.01,0.005,240,880,-0.0010333119696595344,0.375,479,-0.000907253595740923,401,-0.0011838904262855064,0.0003415627449486852,9.777777777777779
5m,level_bounce,long,0.01,0.005,1440,777,-0.0010369134052426773,0.3462033462033462,397,-0.00092448456758421,380,-0.0011543719540595499,0.0003637232127661274,8.633333333333333
5m,level_bounce,long,0.01,0.01,240,706,-0.0012062994355549125,0.48725212464589235,392,-0.0012192728940495928,314,-0.001190103270809962,0.0005159593908890892,7.844444444444444
5m,level_bounce,long,0.01,0.01,1440,533,-0.0011554066172827324,0.5028142589118199,269,-0.0010617131132814976,264,-0.0012508746194658084,0.000615587176144132,5.9222222222222225
5m,level_bounce,long,0.015,0.0075,240,675,-0.0014816805400983924,0.3940740740740741,374,-0.0012974084333753333,301,-0.001710643224199469,0.0005328408561036468,7.5
5m,level_bounce,long,0.015,0.0075,1440,482,-0.001339466080625555,0.32987551867219916,236,-0.0009665755934352046,246,-0.001697198417930119,0.0006639945403941982,5.355555555555555
5m,level_bounce,long,0.02,0.01,240,581,-0.0015360420898683112,0.423407917383821,336,-0.0013334993030257656,245,-0.0018138150546809443,0.0006949567599114343,6.455555555555556
5m,level_bounce,long,0.02,0.01,1440,337,-0.0011007449520627763,0.34421364985163205,173,-0.00033968309835368893,164,-0.001903572395304679,0.001080100249372357,3.7444444444444445
5m,level_bounce,short,0.005,0.005,240,1172,-0.0011109890050530317,0.5136518771331058,638,-0.0009959097371282863,534,-0.0012484807146709862,0.00021379628045884312,13.022222222222222
5m,level_bounce,short,0.005,0.005,1440,1113,-0.0010966756513925767,0.5103324348607368,595,-0.0009731092436974252,518,-0.001238610038609981,0.000219893192223638,12.366666666666667
5m,level_bounce,short,0.01,0.005,240,911,-0.0012212164653988976,0.3732162458836443,500,-0.0011206798974783602,411,-0.0013435237256428608,0.00033406113358033096,10.122222222222222
5m,level_bounce,short,0.01,0.005,1440,798,-0.0011248120300751125,0.3383458646616541,414,-0.001127536231883982,384,-0.001121874999999925,0.00036270135844261884,8.866666666666667
5m,level_bounce,short,0.01,0.01,240,685,-0.0013575070463126666,0.4905109489051095,395,-0.001540327287359459,290,-0.0011084932697144495,0.0005257479460643503,7.611111111111111
5m,level_bounce,short,0.01,0.01,1440,513,-0.0013834604068214454,0.49122807017543857,269,-0.001664991147065936,244,-0.0010730843038469857,0.000640144955550596,5.7
5m,level_bounce,short,0.015,0.0075,240,678,-0.0015852582486996665,0.387905604719764,394,-0.0017352803692892425,284,-0.0013771289687268039,0.0005511548279500734,7.533333333333333
5m,level_bounce,short,0.015,0.0075,1440,494,-0.0014426375735036134,0.32793522267206476,262,-0.0015827025243333366,232,-0.0012844607755838396,0.000694184125144968,5.488888888888889
5m,level_bounce,short,0.02,0.01,240,567,-0.001328710450212891,0.43033509700176364,331,-0.0017150433796066515,236,-0.0007868621466987613,0.0007456890349552683,6.3
5m,level_bounce,short,0.02,0.01,1440,335,-0.0012620911761098506,0.34626865671641793,177,-0.0017749603042832532,158,-0.0006875479122700263,0.0011386123657724284,3.7222222222222223
5m,rsi_fade20,both,0.005,0.005,240,98,-0.0012353837876947493,0.5,59,-0.0011740273083743371,39,-0.0013282051282051167,0.0008108404256841913,1.0888888888888888
5m,rsi_fade20,both,0.005,0.005,1440,97,-0.0012515463917525725,0.4948453608247423,59,-0.0011152542372881373,38,-0.0014631578947368275,0.0008208556498579439,1.0777777777777777
5m,rsi_fade20,both,0.01,0.005,240,98,-0.0015281650319754758,0.3469387755102041,59,-0.0015528970726420835,39,-0.0014907498935311213,0.0010703044970909166,1.0888888888888888
5m,rsi_fade20,both,0.01,0.005,1440,97,-0.0014061855670102657,0.31958762886597936,59,-0.0013694915254236857,38,-0.0014631578947367984,0.0011462625335900334,1.0777777777777777
5m,rsi_fade20,both,0.01,0.01,240,90,-0.002537715289950128,0.45555555555555555,54,-0.0030027212090390897,36,-0.001840206411316686,0.0015392490917399135,1.0
5m,rsi_fade20,both,0.01,0.01,1440,88,-0.0019497059015750608,0.4659090909090909,53,-0.0022561154592189684,35,-0.0014857142857142888,0.0017142857142857153,0.9777777777777777
5m,rsi_fade20,both,0.015,0.0075,240,94,-0.0018683937708365672,0.39361702127659576,57,-0.0017559888220934452,37,-0.002041558151332728,0.0015080445096712933,1.0444444444444445
5m,rsi_fade20,both,0.015,0.0075,1440,91,-0.0014502867094253306,0.31868131868131866,55,-0.00038683801014008075,36,-0.003075000000000019,0.001646831373100648,1.011111111111111
5m,rsi_fade20,both,0.02,0.01,240,89,-0.0023716420753887163,0.4044943820224719,54,-0.002766276595643932,35,-0.0017627773869949564,0.00195237878978311,0.9888888888888889
5m,rsi_fade20,both,0.02,0.01,1440,82,-0.0014443684137730038,0.34146341463414637,49,-0.002221187957742576,33,-0.00029090909090909314,0.00255113003643678,0.9111111111111111
5m,rsi_fade20,long,0.005,0.005,240,44,-0.0016872538440788128,0.45454545454545453,29,-0.0014220403151540405,15,-0.0022000000000000374,0.0013093073414159391,0.4888888888888889
5m,rsi_fade20,long,0.005,0.005,1440,43,-0.0017813953488372539,0.4418604651162791,29,-0.0013724137931034979,14,-0.0026285714285714614,0.0013289435848843612,0.4777777777777778
5m,rsi_fade20,long,0.01,0.005,240,44,-0.0008350470358489637,0.38636363636363635,29,-0.0005187706847222937,15,-0.0014465146480271923,0.0018110864861249853,0.4888888888888889
5m,rsi_fade20,long,0.01,0.005,1440,43,-0.0009674418604651132,0.3488372093023256,29,-0.000510344827586206,14,-0.0019142857142857067,0.0018794100413722058,0.4777777777777778
5m,rsi_fade20,long,0.01,0.01,240,41,-0.001282213861852324,0.5121951219512195,27,-0.0014079555860630213,14,-0.0010397119651602649,0.0026268148308400832,0.45555555555555555
5m,rsi_fade20,long,0.01,0.01,1440,40,-0.0013493529834651282,0.5,27,-0.0010508933088372269,13,-0.0019692307692307696,0.0028781979898261116,0.4444444444444444
5m,rsi_fade20,long,0.015,0.0075,240,42,-0.0008036020250676816,0.4523809523809524,28,-0.00034812498770708106,14,-0.0017145560997888826,0.0026707129965588415,0.4666666666666667
5m,rsi_fade20,long,0.015,0.0075,1440,40,-0.0006444022639425743,0.35,27,0.0007342188682332078,13,-0.003507692307692275,0.002736586436684154,0.4444444444444444
5m,rsi_fade20,long,0.02,0.01,240,40,-0.00040705607234235025,0.5,27,-0.0003694847119178769,13,-0.0004850888978393333,0.0033281648380775455,0.4444444444444444
5m,rsi_fade20,long,0.02,0.01,1440,37,-0.00112191200056588,0.35135135135135137,25,-0.0010844297608375028,12,-0.0011999999999999997,0.004264014327112213,0.4111111111111111
5m,rsi_fade20,short,0.005,0.005,240,54,-0.0008671933713818089,0.5370370370370371,30,-0.0009342814018206233,24,-0.000783333333333291,0.0010389457216622823,0.6
5m,rsi_fade20,short,0.005,0.005,1440,54,-0.0008296296296295858,0.5370370370370371,30,-0.0008666666666666216,24,-0.000783333333333291,0.0010389457216622823,0.6
5m,rsi_fade20,short,0.01,0.005,240,54,-0.0020929278436341158,0.3148148148148148,30,-0.0025525525809645465,24,-0.0015183969219710765,0.0013518993303337666,0.6
5m,rsi_fade20,short,0.01,0.005,1440,54,-0.0017555555555554805,0.2962962962962963,30,-0.0021999999999999156,24,-0.0011999999999999348,0.001474419561548959,0.6
5m,rsi_fade20,short,0.01,0.01,240,49,-0.0035882368930523715,0.40816326530612246,27,-0.004597486832015158,22,-0.0023496119679616814,0.0019265709943658668,0.5444444444444444
5m,rsi_fade20,short,0.01,0.01,1440,49,-0.002628571428571432,0.42857142857142855,27,-0.0037925925925925952,22,-0.001200000000000005,0.0021821789023599245,0.5444444444444444
5m,rsi_fade20,short,0.015,0.0075,240,52,-0.002728417873188359,0.34615384615384615,29,-0.003115305627707866,23,-0.0022406028783594155,0.001848335948000972,0.5777777777777777
5m,rsi_fade20,short,0.015,0.0075,1440,52,-0.0022096153846154253,0.28846153846153844,29,-0.0017172413793103793,23,-0.002830434782608745,0.0021064125205720037,0.5777777777777777
5m,rsi_fade20,short,0.02,0.01,240,49,-0.003975385751344934,0.32653061224489793,27,-0.005163068479369986,22,-0.0025177751305869157,0.002450504239212353,0.5444444444444444
5m,rsi_fade20,short,0.02,0.01,1440,49,-0.001605492716292938,0.32653061224489793,27,-0.0026766349295686614,22,-0.0002909090909090948,0.003149183286488869,0.5444444444444444
5m,rsi_fade30,both,0.005,0.005,240,450,-0.0013595482098864493,0.48,265,-0.0013482070881924023,185,-0.0013757936004211652,0.0003644484250003429,5.0
5m,rsi_fade30,both,0.005,0.005,1440,440,-0.0013590909090909053,0.48409090909090907,260,-0.0012384615384615357,180,-0.0015333333333333286,0.0003728861381239088,4.888888888888889
5m,rsi_fade30,both,0.01,0.005,240,433,-0.0013226206530539053,0.3672055427251732,251,-0.0011657155028777543,182,-0.001539011821703432,0.0004945376358280304,4.811111111111111
5m,rsi_fade30,both,0.01,0.005,1440,403,-0.0012421343035918081,0.3325062034739454,227,-0.0008824738945428882,176,-0.0017060144902628581,0.0005180268479407897,4.477777777777778
5m,rsi_fade30,both,0.01,0.01,240,368,-0.0015334633620999675,0.47554347826086957,213,-0.0013848322216132329,155,-0.0017377113164462543,0.0007177220582213569,4.088888888888889
5m,rsi_fade30,both,0.01,0.01,1440,315,-0.0011009884953459652,0.5047619047619047,174,-0.0006753086794749369,141,-0.0016262955021655325,0.0008413812389624414,3.5
5m,rsi_fade30,both,0.015,0.0075,240,373,-0.0015195196683961928,0.3914209115281501,216,-0.0011659861362326494,157,-0.002005909750863234,0.0007157382107585556,4.144444444444445
5m,rsi_fade30,both,0.015,0.0075,1440,304,-0.0014848859064522026,0.32894736842105265,171,-0.0009517354694456023,133,-0.0021703650397464024,0.0008849121031838568,3.3777777777777778
5m,rsi_fade30,both,0.02,0.01,240,345,-0.0012191738726613365,0.43768115942028984,201,-0.0010242389663772029,144,-0.00149127051268294,0.0009109670623489367,3.8333333333333335
5m,rsi_fade30,both,0.02,0.01,1440,238,-0.0005215926531582504,0.37815126050420167,127,0.00033698125612287625,111,-0.0015039249637771976,0.0013230702601076305,2.6444444444444444
5m,rsi_fade30,long,0.005,0.005,240,224,-0.0012956068120667473,0.48660714285714285,130,-0.0012974712159853818,94,-0.0012930283811154453,0.0005086665894495805,2.488888888888889
5m,rsi_fade30,long,0.005,0.005,1440,220,-0.0013363636363636889,0.4863636363636364,129,-0.0012387596899225363,91,-0.0014747252747253224,0.0005262501097748797,2.4444444444444446
5m,rsi_fade30,long,0.01,0.005,240,219,-0.001248810971228419,0.365296803652968,126,-0.001141439087303102,93,-0.0013942825559014303,0.0006944805016825583,2.433333333333333
5m,rsi_fade30,long,0.01,0.005,1440,211,-0.001209384475580634,0.33649289099526064,121,-0.0008109220996797023,90,-0.0017450950031807756,0.0007226977526652631,2.3444444444444446
5m,rsi_fade30,long,0.01,0.01,240,190,-0.001643347407041585,0.46842105263157896,109,-0.0013198526246844227,81,-0.0020786675462629513,0.0009737995404846134,2.111111111111111
5m,rsi_fade30,long,0.01,0.01,1440,167,-0.0015057415918995935,0.48502994011976047,94,-0.0009553222932017222,73,-0.0022145006888530158,0.0011671695242463768,1.8555555555555556
5m,rsi_fade30,long,0.015,0.0075,240,199,-0.0013757801620568437,0.40703517587939697,115,-0.0009447025189718938,84,-0.001965945982946953,0.0009494377961447188,2.2111111111111112
5m,rsi_fade30,long,0.015,0.0075,1440,168,-0.0012111396663536994,0.34523809523809523,96,-0.0006563845173036707,72,-0.0019508131984204047,0.0012138523750244747,1.8666666666666667
5m,rsi_fade30,long,0.02,0.01,240,188,-0.0014716809274544758,0.44148936170212766,108,-0.0009427578389716219,80,-0.00218572709690633,0.0011170211265586108,2.088888888888889
5m,rsi_fade30,long,0.02,0.01,1440,135,-0.0018622572221228951,0.34074074074074073,72,-0.0012238634656443358,63,-0.00259185008666982,0.001685552209444544,1.5
5m,rsi_fade30,short,0.005,0.005,240,227,-0.0014125274000647483,0.4713656387665198,136,-0.0013799012614826036,91,-0.001461287343440261,0.0005250796998663343,2.522222222222222
5m,rsi_fade30,short,0.005,0.005,1440,224,-0.0013339285714285137,0.48660714285714285,135,-0.0011629629629629058,89,-0.0015932584269662336,0.0005313506354909015,2.488888888888889
5m,rsi_fade30,short,0.01,0.005,240,223,-0.0013165231462428358,0.36771300448430494,133,-0.0011425021636162457,90,-0.0015736874872354632,0.0007097321261722349,2.477777777777778
5m,rsi_fade30,short,0.01,0.005,1440,211,-0.0011526066350710166,0.33649289099526064,123,-0.0007121951219511495,88,-0.0017681818181817402,0.0007337218954697345,2.3444444444444446
5m,rsi_fade30,short,0.01,0.01,240,187,-0.0013424878173798175,0.48663101604278075,111,-0.0014542104270289674,76,-0.0011793140059185602,0.0010469183079641385,2.077777777777778
5m,rsi_fade30,short,0.01,0.01,1440,170,-0.0006839980655158365,0.5235294117647059,98,-0.0005656910991015887,72,-0.0008450269920241183,0.001172106664939727,1.8888888888888888
5m,rsi_fade30,short,0.015,0.0075,240,194,-0.0016408071142831602,0.37628865979381443,116,-0.001509909697311672,78,-0.001835475067727938,0.0010680598053907269,2.1555555555555554
5m,rsi_fade30,short,0.015,0.0075,1440,172,-0.0014844225945371027,0.3313953488372093,100,-0.0011673595385132533,72,-0.0019247879501257832,0.0012115894215080367,1.9111111111111112
5m,rsi_fade30,short,0.02,0.01,240,186,-0.00101300884305778,0.43548387096774194,111,-0.0011318667202772723,75,-0.0008370991847729318,0.0013523180598427357,2.066666666666667
5m,rsi_fade30,short,0.02,0.01,1440,152,-2.8318041517125212e-06,0.39473684210526316,86,-7.893593959678517e-05,66,9.63341905191395e-05,0.001775329521794466,1.6888888888888889
15m,vwap_fade1.5,both,0.005,0.005,240,691,-0.0012619988995066663,0.4963820549927641,369,-0.0010117901096634012,322,-0.0015487288481158736,0.00027535257680619545,7.677777777777778
15m,vwap_fade1.5,both,0.005,0.005,1440,678,-0.0012737463126843624,0.49262536873156343,362,-0.0010066298342541373,316,-0.001579746835443038,0.000280904391693904,7.533333333333333
15m,vwap_fade1.5,both,0.01,0.005,240,611,-0.0011040765998029298,0.3780687397708674,328,-0.0006734844432266777,283,-0.0016031374738559715,0.0003990346083692956,6.788888888888889
15m,vwap_fade1.5,both,0.01,0.005,1440,571,-0.0010492526580603205,0.3450087565674256,297,-0.0005675322282287133,274,-0.0015714094743376466,0.00041844680920640555,6.344444444444444
15m,vwap_fade1.5,both,0.01,0.01,240,450,-0.0008498912554946227,0.5222222222222223,251,-0.0006208951195619604,199,-0.0011387255777011468,0.0006410476683838677,5.0
15m,vwap_fade1.5,both,0.01,0.01,1440,394,-0.0005322091506274215,0.5304568527918782,211,-0.00033256828026288326,183,-0.0007623961650914518,0.0007376417212828988,4.377777777777778
15m,vwap_fade1.5,both,0.015,0.0075,240,483,-0.0009808698245921967,0.42650103519668736,271,-0.0006732799317096352,212,-0.0013740625650222635,0.0006414662302807631,5.366666666666666
15m,vwap_fade1.5,both,0.015,0.0075,1440,401,-0.0004698860412120149,0.3740648379052369,207,5.697679075227021e-05,194,-0.0010320541144934945,0.0007634033977617285,4.455555555555556
15m,vwap_fade1.5,both,0.02,0.01,240,423,-0.0009875266268695774,0.45390070921985815,238,-0.0007247394514292598,185,-0.0013255987768954994,0.00083349579943053,4.7
15m,vwap_fade1.5,both,0.02,0.01,1440,302,-0.001112983810603495,0.3543046357615894,153,-0.0010774389629563778,149,-0.0011494828823485216,0.0011538882795039704,3.3555555555555556
15m,vwap_fade1.5,long,0.005,0.005,240,335,-0.00145506165125109,0.48059701492537316,163,-0.0012763879626245431,172,-0.0016243861352402014,0.00037555948472122087,3.7222222222222223
15m,vwap_fade1.5,long,0.005,0.005,1440,329,-0.0015191489361702662,0.46808510638297873,161,-0.0013552795031056457,168,-0.0016761904761905273,0.0003851529179972888,3.6555555555555554
15m,vwap_fade1.5,long,0.01,0.005,240,300,-0.001419392367277103,0.36666666666666664,153,-0.000784541444373722,147,-0.002080155572747969,0.0005340554505421381,3.3333333333333335
15m,vwap_fade1.5,long,0.01,0.005,1440,286,-0.0015558258600298072,0.3111888111888112,143,-0.000955244755244755,143,-0.002156406964814859,0.0005561035201228281,3.1777777777777776
15m,vwap_fade1.5,long,0.01,0.01,240,219,-0.0012067499711175135,0.5205479452054794,117,-0.0004462964918706186,102,-0.002079034844371306,0.0008774857997952616,2.433333333333333
15m,vwap_fade1.5,long,0.01,0.01,1440,194,-0.0011554398003218937,0.5,100,-0.0006458912529392333,94,-0.0016975127230694047,0.0010307106911386487,2.1555555555555554
15m,vwap_fade1.5,long,0.015,0.0075,240,236,-0.0010136000350390163,0.4406779661016949,127,-0.00045446291665241314,109,-0.0016650717234344167,0.0008767999545258198,2.6222222222222222
15m,vwap_fade1.5,long,0.015,0.0075,1440,200,-0.0010285406544705237,0.345,99,-0.0005832518679351623,101,-0.001465011841272512,0.001044948439186382,2.2222222222222223
15m,vwap_fade1.5,long,0.02,0.01,240,213,-0.00107496796588948,0.4788732394366197,114,-0.0004333411113023229,99,-0.0018138110105655996,0.0010914776541631115,2.3666666666666667
15m,vwap_fade1.5,long,0.02,0.01,1440,165,-0.001968011778483904,0.3151515151515151,83,-0.0009277264605195866,82,-0.003020983502764859,0.0014694978742544093,1.8333333333333333
15m,vwap_fade1.5,short,0.005,0.005,240,357,-0.0010714391000280503,0.5126050420168067,207,-0.0007884419559324508,150,-0.0014619751588799783,0.00040612100390283835,3.966666666666667
15m,vwap_fade1.5,short,0.005,0.005,1440,350,-0.001028571428571372,0.5171428571428571,202,-0.0007049504950494493,148,-0.0014702702702702125,0.0004117901352838093,3.888888888888889
15m,vwap_fade1.5,short,0.01,0.005,240,315,-0.0007688490313197167,0.39365079365079364,179,-0.000526717368482806,136,-0.0010875370287300623,0.0005957596137296972,3.5
15m,vwap_fade1.5,short,0.01,0.005,1440,298,-0.0005360975563218738,0.37919463087248323,166,-0.0001888980227947477,132,-0.0009727272727271993,0.0006244674723302095,3.311111111111111
15m,vwap_fade1.5,short,0.01,0.01,240,235,-0.00047483903773232406,0.5276595744680851,138,-0.0007032053480466751,97,-0.0001499467612026291,0.0009311899138425845,2.611111111111111
15m,vwap_fade1.5,short,0.01,0.01,1440,210,-7.21908603084836e-06,0.5523809523809524,120,-0.00028101695577592616,90,0.000357844740295922,0.0010405381025821525,2.3333333333333335
15m,vwap_fade1.5,short,0.015,0.0075,240,255,-0.0009682907563688467,0.4117647058823529,150,-0.0008824124488660643,105,-0.0010909740528013928,0.0009410180972658251,2.8333333333333335
15m,vwap_fade1.5,short,0.015,0.0075,1440,232,-0.0001909355335301086,0.3879310344827586,132,1.0267109577499472e-05,100,-0.00045652302243215023,0.0010841076562773165,2.577777777777778
15m,vwap_fade1.5,short,0.02,0.01,240,219,-0.0009120612657480955,0.4383561643835616,131,-0.0009383218158150304,88,-0.0008729688559893627,0.0012716558445838718,2.433333333333333
15m,vwap_fade1.5,short,0.02,0.01,1440,181,-2.2080423941504734e-06,0.3867403314917127,102,-0.0009392713950977916,79,0.0012076712231219424,0.0016577030552962406,2.011111111111111
15m,vwap_fade3,both,0.005,0.005,240,335,-0.0015602092522720378,0.4626865671641791,183,-0.0012849727226326236,152,-0.0018915795478247537,0.00040163027812091463,3.7222222222222223
15m,vwap_fade3,both,0.005,0.005,1440,330,-0.0015939393939393802,0.46060606060606063,181,-0.001282872928176784,149,-0.001971812080536897,0.00040607137330584173,3.6666666666666665
15m,vwap_fade3,both,0.01,0.005,240,293,-0.0013327319341588661,0.3515358361774744,162,-0.0008504914405668884,131,-0.0019290904071504725,0.0005798973562466126,3.2555555555555555
15m,vwap_fade3,both,0.01,0.005,1440,284,-0.0011582269996123157,0.3380281690140845,155,-0.0005428159218703436,129,-0.0018976744186046076,0.0005996410274632616,3.1555555555555554
15m,vwap_fade3,both,0.01,0.01,240,218,-0.0014408106334421935,0.5,128,-0.0013176862747701602,90,-0.001615920832442419,0.000978378817803932,2.422222222222222
15m,vwap_fade3,both,0.01,0.01,1440,208,-0.0011429637879322564,0.5048076923076923,121,-0.0006887311395860237,87,-0.0017747126436781669,0.0010765454298475013,2.311111111111111
15m,vwap_fade3,both,0.015,0.0075,240,232,-0.0014819760833111634,0.39655172413793105,133,-0.001117307774428316,99,-0.001971884013426503,0.0009336670929476941,2.577777777777778
15m,vwap_fade3,both,0.015,0.0075,1440,219,-0.0003999822705212547,0.3789954337899543,123,4.149498175485569e-05,96,-0.0009656250000000208,0.0010964194398100668,2.433333333333333
15m,vwap_fade3,both,0.02,0.01,240,206,-0.0018631246291487902,0.41262135922330095,119,-0.0017690687684877807,87,-0.001991775748903504,0.0012527955691038985,2.2888888888888888
15m,vwap_fade3,both,0.02,0.01,1440,182,-0.0010255363816370486,0.35714285714285715,102,-0.0006926237397837425,80,-0.0014500000000000142,0.001580888630093688,2.022222222222222
15m,vwap_fade3,long,0.005,0.005,240,144,-0.0019933837900925513,0.4236111111111111,73,-0.0016674955411501333,71,-0.0023284519897094048,0.0005778616561624796,1.6
15m,vwap_fade3,long,0.005,0.005,1440,140,-0.0020571428571429053,0.4142857142857143,72,-0.0016166666666667222,68,-0.0025235294117647465,0.0005890578094960273,1.5555555555555556
15m,vwap_fade3,long,0.01,0.005,240,128,-0.0016287879653255934,0.34375,68,-0.0012213658372564134,60,-0.0020905330438039985,0.0008410978682461446,1.4222222222222223
15m,vwap_fade3,long,0.01,0.005,1440,123,-0.0013881013649586049,0.3252032520325203,65,-0.0007867148906139763,58,-0.00206206896551724,0.0008879949054609855,1.3666666666666667
15m,vwap_fade3,long,0.01,0.01,240,93,-0.002177558341714296,0.4731182795698925,52,-0.0016595822110988428,41,-0.002834503678104628,0.0014447692530458705,1.0333333333333334
15m,vwap_fade3,long,0.01,0.01,1440,88,-0.0017470053169307736,0.4772727272727273,49,-0.0007538054671409779,39,-0.0029948717948718004,0.0015958699594164102,0.9777777777777777
15m,vwap_fade3,long,0.015,0.0075,240,96,-0.0018264861245225205,0.40625,53,-0.0013398467843462147,43,-0.0024262974042747122,0.0013571200332910165,1.0666666666666667
15m,vwap_fade3,long,0.015,0.0075,1440,88,-0.0006612148052580498,0.375,48,-5.597714297308811e-05,40,-0.001387500000000004,0.0016874999999999894,0.9777777777777777
15m,vwap_fade3,long,0.02,0.01,240,90,-0.0028450740368433924,0.4,50,-0.002848494391331825,40,-0.002840798593732853,0.0018010328157750412,1.0
15m,vwap_fade3,long,0.02,0.01,1440,78,-0.0029012055564100183,0.3076923076923077,41,-0.002729122765853188,37,-0.003091891891891912,0.0022204968547506775,0.8666666666666667
15m,vwap_fade3,short,0.005,0.005,240,191,-0.001233627401768614,0.49214659685863876,110,-0.0010311166703437307,81,-0.001508641975308579,0.000557950940171682,2.1222222222222222
15m,vwap_fade3,short,0.005,0.005,1440,191,-0.001226178010471146,0.4973821989528796,110,-0.0010181818181817636,81,-0.001508641975308579,0.000557950940171682,2.1222222222222222
15m,vwap_fade3,short,0.01,0.005,240,165,-0.0011030642251325566,0.3575757575757576,94,-0.0005821993238127641,71,-0.0017926600099784792,0.0008048671859242338,1.8333333333333333
15m,vwap_fade3,short,0.01,0.005,1440,162,-0.0009222222222221559,0.35185185185185186,91,-0.00026593406593400864,71,-0.0017633802816900636,0.0008182359182128291,1.8
15m,vwap_fade3,short,0.01,0.01,240,125,-0.0008926703384877495,0.52,76,-0.001083757476229483,49,-0.0005962902881128157,0.001325489306865987,1.3888888888888888
15m,vwap_fade3,short,0.01,0.01,1440,121,-0.0006214876033057956,0.5289256198347108,73,-0.0005150684931506977,48,-0.0007833333333333395,0.0014573831757778014,1.3444444444444446
15m,vwap_fade3,short,0.015,0.0075,240,136,-0.0012387925248090283,0.3897058823529412,80,-0.0009698756803577082,56,-0.0016229594454537713,0.0012887655545297436,1.511111111111111
15m,vwap_fade3,short,0.015,0.0075,1440,133,-0.0002359928286398833,0.38345864661654133,77,7.5492906375289e-05,56,-0.0006642857142857452,0.00145371541135708,1.4777777777777779
15m,vwap_fade3,short,0.02,0.01,240,116,-0.0011174476342045762,0.4224137931034483,69,-0.0010140779588759437,47,-0.0012692031150061853,0.001751093198581475,1.288888888888889
15m,vwap_fade3,short,0.02,0.01,1440,109,0.0003175436813126034,0.3944954128440367,65,0.0007294194040472948,44,-0.00029090909090909986,0.0022007634130525333,1.211111111111111
15m,bb_revert,both,0.005,0.005,240,459,-0.0009490408039144164,0.5315904139433552,269,-0.0008877169608972592,190,-0.0010358624553439709,0.0003568398498929208,5.1
15m,bb_revert,both,0.005,0.005,1440,434,-0.0008774193548387065,0.532258064516129,250,-0.0007600000000000011,184,-0.0010369565217391214,0.0003694140747212597,4.822222222222222
15m,bb_revert,both,0.01,0.005,240,450,-0.0010437861929326008,0.4066666666666667,261,-0.0012675909867830132,189,-0.0007347224299963169,0.000501722161132384,5.0
15m,bb_revert,both,0.01,0.005,1440,390,-0.0006051522675153757,0.37435897435897436,213,-0.0006742224616479042,177,-0.000522033898305045,0.000548397419726472,4.333333333333333
15m,bb_revert,both,0.01,0.01,240,395,-0.0010794089303132993,0.5164556962025316,229,-0.0015911150695397927,166,-0.0003735010635490395,0.0006918994847599692,4.388888888888889
15m,bb_revert,both,0.01,0.01,1440,310,-0.0007573056862050614,0.5258064516129032,163,-0.0012275221981047758,147,-0.00023590914579925607,0.0008210017837428087,3.4444444444444446
15m,bb_revert,both,0.015,0.0075,240,401,-0.0012227653111510472,0.41895261845386533,231,-0.0018082883760533951,170,-0.00042714279354844385,0.000732141320120441,4.455555555555556
15m,bb_revert,both,0.015,0.0075,1440,311,-0.0016397176775474985,0.3247588424437299,161,-0.0025702031701826497,150,-0.0006409965821191029,0.0008812351219251164,3.4555555555555557
15m,bb_revert,both,0.02,0.01,240,368,-0.0009849270238562948,0.46467391304347827,214,-0.001727614205803788,154,4.711880040840382e-05,0.0009114215690119256,4.088888888888889
15m,bb_revert,both,0.02,0.01,1440,249,-0.0017621498233870941,0.3373493975903614,129,-0.002283658137101819,120,-0.0012015283861437662,0.0012847003068676673,2.7666666666666666
15m,bb_revert,long,0.005,0.005,240,214,-0.0006230612162743793,0.5700934579439252,130,-0.0005755175039353338,84,-0.0006966407710848065,0.0005376474490300523,2.3777777777777778
15m,bb_revert,long,0.005,0.005,1440,209,-0.0006497607655502969,0.5550239234449761,127,-0.0006094488188976942,82,-0.0007121951219512797,0.0005529053052331424,2.3222222222222224
15m,bb_revert,long,0.01,0.005,240,213,-0.000845845393994192,0.43661971830985913,129,-0.0010625921262539838,84,-0.0005129843408809403,0.0007631413598018675,2.3666666666666667
15m,bb_revert,long,0.01,0.005,1440,201,-0.0008325845140192179,0.3582089552238806,121,-0.001117355371900826,80,-0.0004018685914732853,0.0008202703393435173,2.2333333333333334
15m,bb_revert,long,0.01,0.01,240,192,-0.0006876652709143644,0.5572916666666666,116,-0.0009576489637850351,76,-0.0002755848975854462,0.0010245836649229166,2.1333333333333333
15m,bb_revert,long,0.01,0.01,1440,160,-0.0011046681164519213,0.51875,92,-0.0016738849055917867,68,-0.0003345512840862214,0.0012151552029576447,1.7777777777777777
15m,bb_revert,long,0.015,0.0075,240,202,-0.0009886719833425899,0.44554455445544555,121,-0.0012976494347189424,81,-0.0005271130744964335,0.0010615798764246225,2.2444444444444445
15m,bb_revert,long,0.015,0.0075,1440,173,-0.001769820873566423,0.3236994219653179,99,-0.0024366618566578576,74,-0.0008776957745657188,0.0012466648920823698,1.9222222222222223
15m,bb_revert,long,0.02,0.01,240,190,-0.0007803169703643582,0.5157894736842106,115,-0.0012046575847860061,75,-0.00012966136158449741,0.0012332229596371857,2.111111111111111
15m,bb_revert,long,0.02,0.01,1440,144,-0.0017440683522532026,0.3541666666666667,80,-0.002516144918772952,64,-0.0007789726441035164,0.0017700467129878068,1.6
15m,bb_revert,short,0.005,0.005,240,246,-0.0012429361945696291,0.4959349593495935,140,-0.0011961875865707005,106,-0.0013046796390965162,0.0004777062994713075,2.7333333333333334
15m,bb_revert,short,0.005,0.005,1440,239,-0.0010953974895396934,0.5104602510460251,135,-0.0010148148148147638,104,-0.0011999999999999387,0.0004926646390821421,2.6555555555555554
15m,bb_revert,short,0.01,0.005,240,246,-0.0012281844098330664,0.3780487804878049,140,-0.001396858541355369,106,-0.0010054072549922895,0.0006642610735165088,2.7333333333333334
15m,bb_revert,short,0.01,0.005,1440,227,-0.0008167814287709033,0.36123348017621143,125,-0.000864075074648017,102,-0.0007588235294116958,0.0007176091056158429,2.522222222222222
15m,bb_revert,short,0.01,0.01,240,213,-0.0014644306447684434,0.4788732394366197,121,-0.00196921161118954,92,-0.000800533938932001,0.0009410508311901937,2.3666666666666667
15m,bb_revert,short,0.01,0.01,1440,187,-0.0009489499499789298,0.5133689839572193,101,-0.0012207848776825524,86,-0.0006297019534897922,0.001073791590855548,2.077777777777778
15m,bb_revert,short,0.015,0.0075,240,227,-0.001480859484724334,0.3876651982378855,130,-0.00204128087320502,97,-0.0007297792733584659,0.0009647678192547324,2.522222222222222
15m,bb_revert,short,0.015,0.0075,1440,194,-0.0012594802894522576,0.34536082474226804,104,-0.001959992078401302,90,-0.000450000000000028,0.001149315868807242,2.1555555555555554
15m,bb_revert,short,0.02,0.01,240,212,-0.001003839757828187,0.419811320754717,121,-0.0015078978390316922,91,-0.00033360868282132877,0.001238843679351337,2.3555555555555556
15m,bb_revert,short,0.02,0.01,1440,170,-0.000595804731854519,0.38235294117647056,90,-0.000492582626834967,80,-0.0007119296000015144,0.0015880064264000484,1.8888888888888888
15m,breakout20,both,0.005,0.005,240,318,-0.0012449348974941212,0.4937106918238994,197,-0.0009622142114048014,121,-0.0017052322128626827,0.00044511652592272005,3.533333333333333
15m,breakout20,both,0.005,0.005,1440,313,-0.0012798722044728465,0.49201277955271566,193,-0.0010704663212435356,120,-0.0016166666666666547,0.0004567549854280165,3.477777777777778
15m,breakout20,both,0.01,0.005,240,291,-0.0010876582848430398,0.36082474226804123,175,-0.00048985410898073,116,-0.001989518032911179,0.0006062603893940673,3.2333333333333334
15m,breakout20,both,0.01,0.005,1440,278,-0.0010196184636502479,0.34532374100719426,164,-0.0004369142249681337,114,-0.0018578947368420608,0.0006399509164739067,3.088888888888889
15m,breakout20,both,0.01,0.01,240,285,-0.0013373409265173785,0.4807017543859649,172,-0.0007245141008767153,113,-0.002270139280589893,0.0008414055831836425,3.1666666666666665
15m,breakout20,both,0.01,0.01,1440,256,-0.001513429978016461,0.48046875,149,-0.0012484400362835766,107,-0.0018824346632332818,0.0009666854863607661,2.8444444444444446
15m,breakout20,both,0.015,0.0075,240,264,-0.0010180079662149499,0.4090909090909091,158,-0.0008098542839517013,106,-0.0013282747756262073,0.0008747808586476,2.933333333333333
15m,breakout20,both,0.015,0.0075,1440,231,-0.0009881874606757022,0.35064935064935066,134,-0.0015585880182845079,97,-0.00020021143263879553,0.0011077454149233492,2.566666666666667
15m,breakout20,both,0.02,0.01,240,251,-0.0016227382485108112,0.42231075697211157,148,-0.0012496245554780413,103,-0.002158862778305471,0.0010687851107998936,2.7888888888888888
15m,breakout20,both,0.02,0.01,1440,189,-0.001151150557994843,0.3544973544973545,105,-0.0012737804428101292,84,-0.0009978632019757353,0.0015497710079743561,2.1
15m,breakout20,long,0.005,0.005,240,169,-0.001395800227498068,0.47928994082840237,111,-0.0012753524834032866,58,-0.0016263122894725642,0.0006436971673765176,1.8777777777777778
15m,breakout20,long,0.005,0.005,1440,168,-0.0015571428571429073,0.4642857142857143,110,-0.0014727272727273286,58,-0.0017172413793103854,0.0006587130109529842,1.8666666666666667
15m,breakout20,long,0.01,0.005,240,153,-0.0013198405779987672,0.35947712418300654,99,-0.0008405193966009182,54,-0.002198596077228158,0.0008721892391549308,1.7
15m,breakout20,long,0.01,0.005,1440,149,-0.0013677852348993275,0.3221476510067114,95,-0.0009894736842105286,54,-0.0020333333333333262,0.0009228635591716471,1.6555555555555554
15m,breakout20,long,0.01,0.01,240,148,-0.001559236604457371,0.47297297297297297,96,-0.0008241702596966834,52,-0.0029162821640155625,0.001252178925631073,1.6444444444444444
15m,breakout20,long,0.01,0.01,1440,138,-0.0023751087094539217,0.4420289855072464,89,-0.0019769044150413466,49,-0.0030983777339992115,0.0014094139926756747,1.5333333333333334
15m,breakout20,long,0.015,0.0075,240,140,-0.0008716712502467944,0.4142857142857143,90,-0.0003429606263137546,50,-0.0018233503733262658,0.0012539972590324354,1.5555555555555556
15m,breakout20,long,0.015,0.0075,1440,130,-0.0012655989261255427,0.3384615384615385,82,-0.001206187212565357,48,-0.00136709393679086,0.001521473529396499,1.4444444444444444
15m,breakout20,long,0.02,0.01,240,132,-0.0016899221689259468,0.4090909090909091,83,-0.0007811421232149619,49,-0.0032292842871710845,0.001511940133046261,1.4666666666666666
15m,breakout20,long,0.02,0.01,1440,114,-0.0015078371326295674,0.34210526315789475,68,-0.000936366531673663,46,-0.002352619760129599,0.002012953319637008,1.2666666666666666
15m,breakout20,short,0.005,0.005,240,149,-0.0010738191876238728,0.5100671140939598,86,-0.0005580473719648967,63,-0.0017778886502694594,0.0006209986507265536,1.6555555555555554
15m,breakout20,short,0.005,0.005,1440,148,-0.0009972972972972468,0.5202702702702703,86,-0.0006186046511627474,62,-0.0015225806451612302,0.0006388506807164842,1.6444444444444444
15m,breakout20,short,0.01,0.005,240,138,-0.0008302387859095155,0.36231884057971014,76,-3.306643168601159e-05,62,-0.0018074178007641336,0.0008482973567134383,1.5333333333333334
15m,breakout20,short,0.01,0.005,1440,133,-0.0006725859616148046,0.3684210526315789,73,0.00017186393294830625,60,-0.001699999999999923,0.0008949008088202337,1.4777777777777779
15m,breakout20,short,0.01,0.01,240,137,-0.0010976288072829347,0.48905109489051096,76,-0.0005986326371041238,61,-0.001719328953735224,0.0011406017025700256,1.5222222222222221
15m,breakout20,short,0.01,0.01,1440,129,-0.0007100500946432413,0.5193798449612403,70,-0.00043994946012826245,59,-0.0010305084745762672,0.001312875710578787,1.4333333333333333
15m,breakout20,short,0.015,0.0075,240,124,-0.0011832268390822222,0.4032258064516129,68,-0.0014278017720019247,56,-0.0008862429919654408,0.0012275641268048542,1.3777777777777778
15m,breakout20,short,0.015,0.0075,1440,114,-0.0011016591081964985,0.34210526315789475,63,-0.002450621243403158,51,0.0005647058823529038,0.0015660211190557847,1.2666666666666666
15m,breakout20,short,0.02,0.01,240,119,-0.001548214908218392,0.4369747899159664,65,-0.00184784058436782,54,-0.001187554372112599,0.0015090393580072812,1.3222222222222222
15m,breakout20,short,0.02,0.01,1440,95,-0.0009771861433702184,0.3684210526315789,49,-0.001788422114697358,46,-0.0001130434782608734,0.002158642015183724,1.0555555555555556
15m,breakout60,both,0.005,0.005,240,183,-0.0008809328421425941,0.5300546448087432,114,-0.0009091033998266623,69,-0.0008343901816210899,0.0005958442685101115,2.033333333333333
15m,breakout60,both,0.005,0.005,1440,182,-0.0009252747252747302,0.5274725274725275,113,-0.0010672566371681472,69,-0.0006927536231884099,0.0006032107854347995,2.022222222222222
15m,breakout60,both,0.01,0.005,240,167,-0.0005462487192095866,0.38922155688622756,102,-0.00019862640673956505,65,-0.0010917483480086976,0.0008645653999923688,1.8555555555555556
15m,breakout60,both,0.01,0.005,1440,165,-0.0005636363636363264,0.37575757575757573,100,-0.0003499999999999645,65,-0.0008923076923076525,0.0008965540539184617,1.8333333333333333
15m,breakout60,both,0.01,0.01,240,164,-0.0003614825465540394,0.524390243902439,100,-0.00024014260029469242,64,-0.0005510762125842689,0.001144738318454324,1.8222222222222222
15m,breakout60,both,0.01,0.01,1440,159,-0.0008370830896316686,0.5157232704402516,96,-0.0015364188672024523,63,0.00022857142857143017,0.0012569752716116009,1.7666666666666666
15m,breakout60,both,0.015,0.0075,240,151,-0.0003621924618830254,0.4304635761589404,92,-0.0007628773066668988,59,0.00026260424523759054,0.001224313799283778,1.6777777777777778
15m,breakout60,both,0.015,0.0075,1440,146,-0.00023222190706738042,0.3767123287671233,88,-0.0018102772549072276,58,0.0021620689655172157,0.0014892127292131933,1.6222222222222222
15m,breakout60,both,0.02,0.01,240,140,-0.0008632960648236689,0.45,83,-0.0012432574622006426,57,-0.000310018942327374,0.0015318510119143906,1.5555555555555556
15m,breakout60,both,0.02,0.01,1440,126,-0.0008035463545842943,0.3492063492063492,73,-0.0022965320640769976,53,0.0012528301886792414,0.00204991522316401,1.4
15m,breakout60,long,0.005,0.005,240,99,-0.0012563617894209816,0.494949494949495,62,-0.0012917226347009018,37,-0.001197108481114089,0.0008220000222366952,1.1
15m,breakout60,long,0.005,0.005,1440,99,-0.0012505050505050997,0.494949494949495,62,-0.0013612903225806957,37,-0.0010648648648649123,0.0008330289193201221,1.1
15m,breakout60,long,0.01,0.005,240,90,-0.0010808780402403245,0.36666666666666664,56,-0.0008462131149909903,34,-0.0014673849759451098,0.0011746823094165837,1.0
15m,breakout60,long,0.01,0.005,1440,89,-0.0009752808988763928,0.34831460674157305,55,-0.0010181818181818059,34,-0.0009058823529411661,0.0012478354962115541,0.9888888888888889
15m,breakout60,long,0.01,0.01,240,87,-0.0011531844112523493,0.4942528735632184,54,-0.0004279244714851611,33,-0.0023399734035986558,0.0016264111042270787,0.9666666666666667
15m,breakout60,long,0.01,0.01,1440,84,-0.0019142857142857201,0.4642857142857143,52,-0.0019692307692307765,32,-0.0018250000000000037,0.0017925416718060695,0.9333333333333333
15m,breakout60,long,0.015,0.0075,240,83,-0.0004998466271825342,0.40963855421686746,51,-0.00011997504733774263,32,-0.0011052669575601706,0.0016583604495418289,0.9222222222222223
15m,breakout60,long,0.015,0.0075,1440,79,0.0003237074510684923,0.4050632911392405,48,-0.0004109814867830931,31,0.0014612903225806244,0.0020443190491236268,0.8777777777777778
15m,breakout60,long,0.02,0.01,240,76,-0.00132632284763586,0.40789473684210525,45,-0.00036632044185427686,31,-0.0027198747269962208,0.0019853286506267246,0.8444444444444444
15m,breakout60,long,0.02,0.01,1440,71,-0.00038488889247308437,0.36619718309859156,41,-0.0012518807650143593,30,0.000799999999999991,0.0027291529568840567,0.7888888888888889
15m,breakout60,short,0.005,0.005,240,84,-0.0004384630114216372,0.5714285714285714,52,-0.00045290354286122364,32,-0.0004149971478323092,0.0008725744483787658,0.9333333333333333
15m,breakout60,short,0.005,0.005,1440,84,-0.0006047619047618577,0.5595238095238095,52,-0.0008153846153845678,32,-0.00026249999999995374,0.000882099653319896,0.9333333333333333
15m,breakout60,short,0.01,0.005,240,77,7.864269498218478e-05,0.4155844155844156,46,0.0005897400206969528,31,-0.0006797597883365031,0.0012914966221820924,0.8555555555555555
15m,breakout60,short,0.01,0.005,1440,77,-0.0001610389610388949,0.4025974025974026,46,0.0003217391304348446,31,-0.0008774193548386375,0.0013103287749412756,0.8555555555555555
15m,breakout60,short,0.01,0.01,240,77,0.0005330377421310632,0.5584415584415584,46,-1.970301237544652e-05,31,0.0013532337004310458,0.001563105726656852,0.8555555555555555
15m,breakout60,short,0.01,0.01,1440,76,0.000713302772112361,0.5789473684210527,45,-0.000413088651543573,31,0.0023483870967741997,0.0017069363297190928,0.8444444444444444
15m,breakout60,short,0.015,0.0075,240,68,-0.00019417340717921324,0.45588235294117646,41,-0.0015625849951007272,27,0.0018837849300349372,0.0017983819894540286,0.7555555555555555
15m,breakout60,short,0.015,0.0075,1440,68,-0.0009197179290638251,0.3382352941176471,41,-0.0034790443701546167,27,0.002966666666666635,0.0022047927592204982,0.7555555555555555
15m,breakout60,short,0.02,0.01,240,64,-0.0003134517602341926,0.5,38,-0.002281735512610813,26,0.002563270647085482,0.0022971355404800458,0.7111111111111111
15m,breakout60,short,0.02,0.01,1440,58,-0.0008043499746805672,0.3448275862068966,34,-0.0031721264273962646,24,0.0025500000000000037,0.0031168371649868873,0.6444444444444445
15m,ema_pullback,both,0.005,0.005,240,459,-0.001400031642154191,0.47276688453159044,261,-0.0014949518254935065,198,-0.0012749095822978211,0.00034893273962304866,5.1
15m,ema_pullback,both,0.005,0.005,1440,432,-0.0014546296296296206,0.47453703703703703,244,-0.0015688524590163817,188,-0.0013063829787233988,0.00036555344212202287,4.8
15m,ema_pullback,both,0.01,0.005,240,386,-0.0016187757841428368,0.3393782383419689,225,-0.0018831238588503736,161,-0.0012493452449552848,0.000530600338762845,4.288888888888889
15m,ema_pullback,both,0.01,0.005,1440,343,-0.001627317663421727,0.30612244897959184,194,-0.0019812884461528736,149,-0.0011664429530200999,0.0005822060745473581,3.811111111111111
15m,ema_pullback,both,0.01,0.01,240,333,-0.0016922869291972934,0.45345345345345345,193,-0.0017761079395961958,140,-0.0015767336791473775,0.0007490426344358037,3.7
15m,ema_pullback,both,0.01,0.01,1440,247,-0.001739749687273216,0.46963562753036436,129,-0.0015449796055641207,118,-0.0019526763020229895,0.0009179962610658493,2.7444444444444445
15m,ema_pullback,both,0.015,0.0075,240,330,-0.0020619381723878034,0.3606060606060606,197,-0.002216067260168784,133,-0.0018336417040204869,0.0007636414300680892,3.6666666666666665
15m,ema_pullback,both,0.015,0.0075,1440,244,-0.0024905262941625826,0.2786885245901639,141,-0.002803351859127349,103,-0.0020622893557156697,0.001010360257853423,2.7111111111111112
15m,ema_pullback,both,0.02,0.01,240,308,-0.0018142257895347228,0.39935064935064934,183,-0.00209859147217325,125,-0.0013979144301519192,0.0009725482735325859,3.422222222222222
15m,ema_pullback,both,0.02,0.01,1440,187,-0.0017356407643876165,0.32620320855614976,100,-0.0014134901930177141,87,-0.0021059287774564703,0.001477352907757227,2.077777777777778
15m,ema_pullback,long,0.005,0.005,240,224,-0.0018100915379825927,0.4330357142857143,126,-0.0022640326199550027,98,-0.0012264530040180645,0.0005028831935198107,2.488888888888889
15m,ema_pullback,long,0.005,0.005,1440,215,-0.0018279069767442322,0.4372093023255814,119,-0.0023344537815126417,96,-0.0012000000000000552,0.0005129891760425718,2.388888888888889
15m,ema_pullback,long,0.01,0.005,240,193,-0.0017379949824376224,0.32124352331606215,114,-0.002165721320622208,79,-0.00112076963366493,0.0007858285124035584,2.1444444444444444
15m,ema_pullback,long,0.01,0.005,1440,177,-0.001793220338983044,0.2937853107344633,101,-0.00233861386138613,76,-0.0010684210526315744,0.0008217102629471579,1.9666666666666666
15m,ema_pullback,long,0.01,0.01,240,168,-0.0019920298882489854,0.4226190476190476,99,-0.0023756347223827393,69,-0.001441640343622296,0.0011107959786572593,1.8666666666666667
15m,ema_pullback,long,0.01,0.01,1440,133,-0.0024044889182069677,0.43609022556390975,72,-0.00300829202946565,61,-0.0016918032786885234,0.0012894322363936732,1.4777777777777779
15m,ema_pullback,long,0.015,0.0075,240,169,-0.00246358972293534,0.3254437869822485,102,-0.0027951075948379526,67,-0.001958890873173152,0.0011279231898361174,1.8777777777777778
15m,ema_pullback,long,0.015,0.0075,1440,133,-0.002724350147803277,0.2631578947368421,79,-0.003481500881744759,54,-0.0016166666666666619,0.001435410590716563,1.4777777777777779
15m,ema_pullback,long,0.02,0.01,240,156,-0.00207316085201093,0.36538461538461536,94,-0.002502535163312322,62,-0.0014221739929410762,0.0014682844537542458,1.7333333333333334
15m,ema_pullback,long,0.02,0.01,1440,104,-0.00306683979409908,0.27884615384615385,57,-0.0037289708523913024,47,-0.002263829787234044,0.002022858332374683,1.1555555555555554
15m,ema_pullback,short,0.005,0.005,240,237,-0.0010529705453192952,0.5063291139240507,136,-0.0008170170319079015,101,-0.0013706901277346372,0.0004842317506464416,2.6333333333333333
15m,ema_pullback,short,0.005,0.005,1440,223,-0.0010878923766815519,0.5112107623318386,128,-0.0008093749999999412,95,-0.0014631578947367748,0.0005149958471474503,2.477777777777778
15m,ema_pullback,short,0.01,0.005,240,195,-0.0015477662618906345,0.35384615384615387,112,-0.0016340235508071632,83,-0.0014313708840755595,0.0007137910213288551,2.1666666666666665
15m,ema_pullback,short,0.01,0.005,1440,173,-0.0014691905118708278,0.3179190751445087,97,-0.001628556273749052,76,-0.0012657894736841464,0.0008137708471613732,1.9222222222222223
15m,ema_pullback,short,0.01,0.01,240,174,-0.001558434931508466,0.47126436781609193,101,-0.0013804714253904122,73,-0.0018046584125759107,0.0009967497869086026,1.9333333333333333
15m,ema_pullback,short,0.01,0.01,1440,132,-0.0015135608413455854,0.48484848484848486,72,-0.0010968642697070058,60,-0.002013596727311881,0.0012867958216851519,1.4666666666666666
15m,ema_pullback,short,0.015,0.0075,240,168,-0.0018108304771100416,0.3869047619047619,100,-0.0018618840178138152,68,-0.0017357517407809637,0.001022352964246419,1.8666666666666667
15m,ema_pullback,short,0.015,0.0075,1440,123,-0.0022157051014979803,0.3008130081300813,71,-0.002025576392190669,52,-0.002475303916129118,0.001393271852278513,1.3666666666666667
15m,ema_pullback,short,0.02,0.01,240,162,-0.0016085336656207602,0.42592592592592593,96,-0.0017738926970407045,66,-0.0013680114381008416,0.0012733234282771965,1.8
15m,ema_pullback,short,0.02,0.01,1440,101,-0.0011967091029311406,0.3564356435643564,58,-0.0006974450992643527,43,-0.0018701349683421565,0.002115451231074274,1.1222222222222222
15m,level_bounce,both,0.005,0.005,240,1035,-0.0013682958529266497,0.48695652173913045,562,-0.0011802931510321905,473,-0.0015916732703995593,0.00022657862968063604,11.5
15m,level_bounce,both,0.005,0.005,1440,988,-0.0014631578947368418,0.47368421052631576,529,-0.001303969754253311,459,-0.0016466230936819136,0.00023270071775583767,10.977777777777778
15m,level_bounce,both,0.01,0.005,240,833,-0.0014824076046320977,0.3517406962785114,458,-0.0011572738740947771,375,-0.0018795042675283458,0.00033626238858681283,9.255555555555556
15m,level_bounce,both,0.01,0.005,1440,754,-0.0015127826486826866,0.3129973474801061,398,-0.0011267289374541688,356,-0.0019443820224718724,0.000358887111178082,8.377777777777778
15m,level_bounce,both,0.01,0.01,240,624,-0.0019455233176187325,0.453525641025641,349,-0.001579003757799409,275,-0.0024106699589894367,0.0005470403146565334,6.933333333333334
15m,level_bounce,both,0.01,0.01,1440,501,-0.0019156765694507917,0.46107784431137727,259,-0.0013804123173190978,242,-0.0024885420293768615,0.0006374880422824627,5.566666666666666
15m,level_bounce,both,0.015,0.0075,240,629,-0.0016677280801554101,0.383147853736089,350,-0.0014722124243032265,279,-0.0019129986161706943,0.0005433764153061818,6.988888888888889
15m,level_bounce,both,0.015,0.0075,1440,484,-0.0017946681964354282,0.30785123966942146,247,-0.0018416689715204221,237,-0.0017456842662835577,0.0006755626084018544,5.377777777777778
15m,level_bounce,both,0.02,0.01,240,524,-0.0016248578151766143,0.41603053435114506,297,-0.0013387779527714448,227,-0.0019991561373543035,0.0007257802552680972,5.822222222222222
15m,level_bounce,both,0.02,0.01,1440,323,-0.0017111903731645687,0.32507739938080493,164,-0.000740417940869754,159,-0.0027124902404372076,0.0010682510507088498,3.588888888888889
15m,level_bounce,long,0.005,0.005,240,647,-0.0015331370954219938,0.46831530139103555,372,-0.0012673045206662125,275,-0.0018927360692734502,0.0002940909586901091,7.188888888888889
15m,level_bounce,long,0.005,0.005,1440,620,-0.0015870967741936004,0.4612903225806452,351,-0.00135669515669521,269,-0.0018877323420074853,0.0003025206556766523,6.888888888888889
15m,level_bounce,long,0.01,0.005,240,556,-0.0016388468675282823,0.35071942446043164,313,-0.0014116597788987057,243,-0.001931478796503827,0.0004167076861820568,6.177777777777778
15m,level_bounce,long,0.01,0.005,1440,501,-0.0016241941267089324,0.3073852295409182,273,-0.0013740705402240834,228,-0.0019236842105263172,0.00044946301838238827,5.566666666666666
15m,level_bounce,long,0.01,0.01,240,461,-0.0019079923156625203,0.4642082429501085,262,-0.0016010683423990663,199,-0.002312083174934002,0.0006387353048990736,5.122222222222222
15m,level_bounce,long,0.01,0.01,1440,360,-0.002110075422967878,0.45555555555555555,187,-0.0016588234286590124,173,-0.0025978449197063625,0.0007528523006720823,4.0
15m,level_bounce,long,0.015,0.0075,240,470,-0.0018450815199253696,0.38085106382978723,267,-0.0015152833970104756,203,-0.0022788554057296883,0.0006276325460005787,5.222222222222222
15m,level_bounce,long,0.015,0.0075,1440,366,-0.0020905439033790324,0.3005464480874317,192,-0.0019442732263746335,174,-0.0022519460297287133,0.0007688474692966775,4.066666666666666
15m,level_bounce,long,0.02,0.01,240,416,-0.0017290925249951608,0.4206730769230769,238,-0.0012368126532371197,178,-0.0023873094321772603,0.0008232911890258351,4.622222222222222
15m,level_bounce,long,0.02,0.01,1440,264,-0.0018244576169627034,0.32196969696969696,136,-0.0010577898866547056,128,-0.0026390420804149497,0.0011870580433253248,2.933333333333333
15m,level_bounce,short,0.005,0.005,240,654,-0.0008525102022571099,0.536697247706422,375,-0.000729667860728683,279,-0.0010176208763544576,0.0002949107085132075,7.266666666666667
15m,level_bounce,short,0.005,0.005,1440,621,-0.0008054750402575986,0.5394524959742351,352,-0.0006886363636363177,269,-0.0009583643122676019,0.00030506674211282757,6.9
15m,level_bounce,short,0.01,0.005,240,531,-0.000993274301495404,0.3860640301318267,300,-0.0008764694131241309,231,-0.0011449689617178368,0.0004462370787872309,5.9
15m,level_bounce,short,0.01,0.005,1440,461,-0.0007344672829182141,0.3665943600867679,248,-0.0004556024896181973,213,-0.0010591549295773885,0.0004889553169491833,5.122222222222222
15m,level_bounce,short,0.01,0.01,240,451,-0.0011818085515530497,0.48558758314855877,261,-0.0011365913317844427,190,-0.0012439227323930836,0.0006564891214469383,5.011111111111111
15m,level_bounce,short,0.01,0.01,1440,351,-0.0008352913032522916,0.5185185185185185,189,-0.0005869797535201176,162,-0.0011249881112731627,0.0007857649450223122,3.9
15m,level_bounce,short,0.015,0.0075,240,440,-0.0011312188254378262,0.4068181818181818,256,-0.0012295092786463765,184,-0.0009944668905389738,0.0006854946524781039,4.888888888888889
15m,level_bounce,short,0.015,0.0075,1440,330,-0.0014111997887503041,0.3333333333333333,173,-0.0014852477240539948,157,-0.001329605567046238,0.000842467744842082,3.6666666666666665
15m,level_bounce,short,0.02,0.01,240,383,-0.0007767802079369229,0.4516971279373368,224,-0.000711253804022831,159,-0.0008690941354636936,0.0008821346303809606,4.2555555555555555
15m,level_bounce,short,0.02,0.01,1440,249,-0.0010930142449369028,0.357429718875502,131,-0.0010130723126949228,118,-0.0011817633392055416,0.001302016831701581,2.7666666666666666
15m,rsi_fade20,both,0.005,0.005,240,35,-0.0019142857142857056,0.42857142857142855,19,-0.002515789473684182,16,-0.0012000000000000136,0.0012909944487357924,0.3888888888888889
15m,rsi_fade20,both,0.005,0.005,1440,34,-0.0020823529411764584,0.4117647058823529,19,-0.002515789473684182,15,-0.0015333333333333408,0.0013333333333333205,0.37777777777777777
15m,rsi_fade20,both,0.01,0.005,240,35,-0.0017621471766362455,0.3142857142857143,19,-0.0020300394661651867,16,-0.001444025082820627,0.0017845302578117274,0.3888888888888889
15m,rsi_fade20,both,0.01,0.005,1440,34,-0.001788235294117608,0.29411764705882354,19,-0.0014631578947367837,15,-0.002199999999999986,0.001772810520855827,0.37777777777777777
15m,rsi_fade20,both,0.01,0.01,240,34,-0.0017509823227678193,0.47058823529411764,18,-0.002909486103174445,16,-0.0004476655698103654,0.0024346950624684976,0.37777777777777777
15m,rsi_fade20,both,0.01,0.01,1440,33,-0.00210909090909092,0.45454545454545453,18,-0.00231111111111113,15,-0.0018666666666666669,0.002666666666666665,0.36666666666666664
15m,rsi_fade20,both,0.015,0.0075,240,35,-0.0018312954365316556,0.34285714285714286,19,-0.002473851806239465,16,-0.0010682597475036304,0.0026207744367961255,0.3888888888888889
15m,rsi_fade20,both,0.015,0.0075,1440,34,-0.0007588235294117868,0.35294117647058826,19,-0.00041052631578951355,15,-0.0011999999999999997,0.002834733547569198,0.37777777777777777
15m,rsi_fade20,both,0.02,0.01,240,34,-0.0005882660164942229,0.4117647058823529,18,-0.0019923618977685264,16,0.0009913418499393686,0.003456690337351782,0.37777777777777777
15m,rsi_fade20,both,0.02,0.01,1440,33,-0.0012000000000000064,0.3333333333333333,18,-0.0012000000000000181,15,-0.0011999999999999923,0.0037796447300922744,0.36666666666666664
15m,rsi_fade20,long,0.005,0.005,240,16,-0.0018250000000000419,0.4375,7,-0.0019142857142857464,9,-0.001755555555555605,0.0017568209223157484,0.17777777777777778
15m,rsi_fade20,long,0.005,0.005,1440,15,-0.0022000000000000374,0.4,7,-0.0019142857142857464,8,-0.0024500000000000424,0.0018298126367784807,0.16666666666666666
15m,rsi_fade20,long,0.01,0.005,240,16,-0.0027877674852793202,0.25,7,-0.0026863256806384447,9,-0.002866666666666668,0.0022047927592204943,0.17777777777777778
15m,rsi_fade20,long,0.01,0.005,1440,15,-0.0031999999999999867,0.2,7,-0.0019142857142856828,8,-0.0043250000000000025,0.0018750000000000014,0.16666666666666666
15m,rsi_fade20,long,0.01,0.01,240,16,-0.00241640797226908,0.4375,7,-0.003400611394924239,9,-0.0016509164213150676,0.0033636939114792684,0.17777777777777778
15m,rsi_fade20,long,0.01,0.01,1440,15,-0.003200000000000016,0.4,7,-0.002628571428571477,8,-0.003699999999999988,0.0036596252735569984,0.16666666666666666
15m,rsi_fade20,long,0.015,0.0075,240,16,-0.0020647946391174274,0.375,7,-0.0031766734608398503,9,-0.0011999999999999873,0.0037499999999999725,0.17777777777777778
15m,rsi_fade20,long,0.015,0.0075,1440,15,-0.0011999999999999997,0.3333333333333333,7,0.0009428571428571134,8,-0.0030749999999999736,0.0036824268977323437,0.16666666666666666
15m,rsi_fade20,long,0.02,0.01,240,16,-0.0007864430416744672,0.4375,7,-0.004605244889411344,9,0.002183736173231992,0.004893329939943811,0.17777777777777778
15m,rsi_fade20,long,0.02,0.01,1440,15,-0.0012000000000000144,0.3333333333333333,7,-0.002628571428571477,8,5.000000000001531e-05,0.0054894379103354995,0.16666666666666666
15m,rsi_fade20,short,0.005,0.005,240,19,-0.001989473684210474,0.42105263157894735,12,-0.002866666666666603,7,-0.00048571428571425303,0.0020203050891043953,0.2111111111111111
15m,rsi_fade20,short,0.005,0.005,1440,19,-0.001989473684210474,0.42105263157894735,12,-0.002866666666666603,7,-0.00048571428571425303,0.0020203050891043953,0.2111111111111111
15m,rsi_fade20,short,0.01,0.005,240,19,-0.0008984669167262871,0.3684210526315789,12,-0.0016472058410557863,7,0.0003850855249814257,0.002978721669158207,0.2111111111111111
15m,rsi_fade20,short,0.01,0.005,1440,19,-0.0006736842105262566,0.3684210526315789,12,-0.0011999999999999257,7,0.00022857142857146188,0.003030457633656597,0.2111111111111111
15m,rsi_fade20,short,0.01,0.01,240,18,-0.0011594928565444762,0.5,11,-0.002596951826606394,7,0.001099371239267109,0.003710456887012497,0.2
15m,rsi_fade20,short,0.01,0.01,1440,18,-0.0012000000000000057,0.5,11,-0.0021090909090909094,7,0.0002285714285714143,0.004040610178208841,0.2
15m,rsi_fade20,short,0.015,0.0075,240,19,-0.0016346645290910044,0.3157894736842105,12,-0.0020638725077225736,7,-0.0008988794228654572,0.003890076043899932,0.2111111111111111
15m,rsi_fade20,short,0.015,0.0075,1440,19,-0.00041052631578951355,0.3684210526315789,12,-0.0012000000000000459,7,0.0009428571428571134,0.004545686450484963,0.2111111111111111
15m,rsi_fade20,short,0.02,0.01,240,18,-0.00041210866077845025,0.3888888888888889,11,-0.00032961817581400664,7,-0.0005417365657225759,0.005151108499100166,0.2
15m,rsi_fade20,short,0.02,0.01,1440,18,-0.0011999999999999997,0.3333333333333333,11,-0.0002909090909090898,7,-0.0026285714285714293,0.005532833351724885,0.2
15m,rsi_fade30,both,0.005,0.005,240,180,-0.0009454680312932814,0.5277777777777778,94,-0.0003771643092893108,86,-0.0015666372158092497,0.0005321744845634339,2.0
15m,rsi_fade30,both,0.005,0.005,1440,178,-0.0009752808988763953,0.5224719101123596,93,-0.00028602150537634176,85,-0.0017294117647058658,0.0005424780353616976,1.9777777777777779
15m,rsi_fade30,both,0.01,0.005,240,178,-0.0006588229571050998,0.4157303370786517,93,0.00010703885592774886,85,-0.0014967658819528052,0.0007345103712100792,1.9777777777777779
15m,rsi_fade30,both,0.01,0.005,1440,175,-0.0002955875761485487,0.4,91,0.0008689249909230745,84,-0.0015571428571428073,0.000761155864014607,1.9444444444444444
15m,rsi_fade30,both,0.01,0.01,240,159,-0.0006763959006587386,0.5534591194968553,84,2.2898122020187967e-05,75,-0.0014596052060591364,0.0010741196526558453,1.7666666666666666
15m,rsi_fade30,both,0.01,0.01,1440,153,-0.0005931955702477307,0.5294117647058824,79,0.001241026300659457,74,-0.002551351351351351,0.001159675495028622,1.7
15m,rsi_fade30,both,0.015,0.0075,240,166,-0.0007736627504425507,0.4457831325301205,87,-6.647536015768703e-05,79,-0.0015524640536676538,0.001100875349709828,1.8444444444444446
15m,rsi_fade30,both,0.015,0.0075,1440,158,2.7334975223170142e-05,0.3987341772151899,80,0.0015052365760657893,78,-0.001488461538461568,0.0011966041149114202,1.7555555555555555
15m,rsi_fade30,both,0.02,0.01,240,158,-0.0008666618362610849,0.4810126582278481,84,-0.00047432627005860326,74,-0.0013120157222206584,0.0013944632253576168,1.7555555555555555
15m,rsi_fade30,both,0.02,0.01,1440,138,-0.0012044186648065643,0.34782608695652173,68,-0.00017955552563684202,70,-0.0022000000000000092,0.0016550318531021117,1.5333333333333334
15m,rsi_fade30,long,0.005,0.005,240,81,-0.0009883325052603886,0.5308641975308642,41,-0.0003812467942749611,40,-0.0016105953590204516,0.0007803960830711432,0.9
15m,rsi_fade30,long,0.005,0.005,1440,80,-0.0009500000000000536,0.525,41,-0.00010243902439030759,39,-0.0018410256410256846,0.0008044135838502597,0.8888888888888888
15m,rsi_fade30,long,0.01,0.005,240,80,-5.2537762991203274e-05,0.4625,41,0.0008000058382769183,39,-0.0009488015489397412,0.0011115951343450027,0.8888888888888888
15m,rsi_fade30,long,0.01,0.005,1440,79,0.00032442083491056187,0.4430379746835443,41,0.0016153474623886376,38,-0.0010684210526315727,0.0011698992994022752,0.8777777777777778
15m,rsi_fade30,long,0.01,0.01,240,70,-0.0007638573397910078,0.5714285714285714,37,0.0014464500986071077,33,-0.003242080831328289,0.0015792573744762867,0.7777777777777778
15m,rsi_fade30,long,0.01,0.01,1440,68,-0.0008697674583126603,0.5147058823529411,36,0.002201550356520539,32,-0.004325000000000009,0.0017061026611322626,0.7555555555555555
15m,rsi_fade30,long,0.015,0.0075,240,72,0.0004592810694048773,0.5277777777777778,38,0.0020345491344436486,34,-0.0013013126503443374,0.001658382492316626,0.8
15m,rsi_fade30,long,0.015,0.0075,1440,71,0.0017024788432281992,0.4788732394366197,38,0.004223052575505328,33,-0.0012000000000000099,0.0018749999999999889,0.7888888888888889
15m,rsi_fade30,long,0.02,0.01,240,70,-0.0007075277931139555,0.5428571428571428,37,0.0010537717033545135,33,-0.002682318137639209,0.0018710306804525128,0.7777777777777778
15m,rsi_fade30,long,0.02,0.01,1440,64,-0.0014412371701413526,0.34375,33,0.00045335821548344663,31,-0.0034580645161290417,0.0023966678220653857,0.7111111111111111
15m,rsi_fade30,short,0.005,0.005,240,99,-0.0009103970980474666,0.5252525252525253,53,-0.0003740061605268266,46,-0.001528412743451682,0.0007355861704362995,1.1
15m,rsi_fade30,short,0.005,0.005,1440,98,-0.0009959183673468783,0.5204081632653061,52,-0.0004307692307691764,46,-0.001634782608695585,0.0007425326641999647,1.0888888888888888
15m,rsi_fade30,short,0.01,0.005,240,98,-0.0011537496461776684,0.37755102040816324,52,-0.00043933895707832696,46,-0.0019613443382030115,0.0009827513588931721,1.0888888888888888
15m,rsi_fade30,short,0.01,0.005,1440,97,-0.0008614131111745388,0.36082474226804123,51,0.000130253494432662,46,-0.0019608695652173058,0.0010068292327747262,1.0777777777777777
15m,rsi_fade30,short,0.01,0.01,240,89,-0.0006076060047120097,0.5393258426966292,47,-0.0010977704552929191,42,-5.9088643347658676e-05,0.001442322869644202,0.9888888888888889
15m,rsi_fade30,short,0.01,0.01,1440,86,-0.0006285524076897613,0.5232558139534884,44,-8.307970593908666e-05,42,-0.0011999999999999917,0.0015617376188860632,0.9555555555555556
15m,rsi_fade30,short,0.015,0.0075,240,94,-0.0017180452507512191,0.3829787234042553,49,-0.0016958412947464779,45,-0.0017422228917341588,0.0014870425975261321,1.0444444444444445
15m,rsi_fade30,short,0.015,0.0075,1440,92,-0.001139402113392399,0.33695652173913043,47,-0.0006026594560021015,45,-0.0017000000000000435,0.001570321333647704,1.0222222222222221
15m,rsi_fade30,short,0.02,0.01,240,88,-0.0009932457342190283,0.4318181818181818,47,-0.001677297015085951,41,-0.00020908938785938575,0.0020205802532663893,0.9777777777777777
15m,rsi_fade30,short,0.02,0.01,1440,84,-0.000626231568338287,0.36904761904761907,43,-0.0003117081800096698,41,-0.0009560975609756173,0.002249330655942351,0.9333333333333333
60m,vwap_fade1.5,both,0.005,0.005,240,179,-0.0012392671030927193,0.5027932960893855,88,-0.0011094183119726953,91,-0.00136483516483516,0.000526759795230692,1.988888888888889
60m,vwap_fade1.5,both,0.005,0.005,1440,176,-0.0012568181818181784,0.4943181818181818,86,-0.0010837209302325581,90,-0.001422222222222216,0.0005294752255076774,1.9555555555555555
60m,vwap_fade1.5,both,0.01,0.005,240,155,-0.0013469807623355523,0.3548387096774194,81,-0.0010177494285069975,74,-0.0017073556007154568,0.0007835516004615942,1.7222222222222223
60m,vwap_fade1.5,both,0.01,0.005,1440,151,-0.001378739595358123,0.32450331125827814,78,-0.001097303575629232,73,-0.001679452054794472,0.0008111451563237661,1.6777777777777778
60m,vwap_fade1.5,both,0.01,0.01,240,132,-0.001307833068345569,0.5378787878787878,70,-0.0010932687872718624,62,-0.0015500830631062063,0.0011480533719207251,1.4666666666666666
60m,vwap_fade1.5,both,0.01,0.01,1440,123,-0.000973429280105713,0.5121951219512195,66,-0.0006262394159545978,57,-0.0013754385964912144,0.0013361005448884076,1.3666666666666667
60m,vwap_fade1.5,both,0.015,0.0075,240,137,-0.0014709372127250828,0.4233576642335766,70,-0.0011525370750890445,67,-0.00180359407294184,0.0011173603761374608,1.5222222222222221
60m,vwap_fade1.5,both,0.015,0.0075,1440,126,-0.0011359136730596687,0.3412698412698413,65,-0.0006142326585464135,61,-0.001691803278688547,0.00134517412097782,1.4
60m,vwap_fade1.5,both,0.02,0.01,240,126,-0.0018476505847733157,0.46825396825396826,67,-0.002028721116512781,59,-0.0016420281165268043,0.0014615122649635176,1.4
60m,vwap_fade1.5,both,0.02,0.01,1440,114,-0.0013943238439443875,0.34210526315789475,62,-0.0004282728743493575,52,-0.0025461538461538456,0.0019031775872592705,1.2666666666666666
60m,vwap_fade1.5,long,0.005,0.005,240,83,-0.000931406941266311,0.5301204819277109,41,-0.0011440677103683155,42,-0.0007238095238095918,0.0007773193873880876,0.9222222222222223
60m,vwap_fade1.5,long,0.005,0.005,1440,81,-0.0010148148148148802,0.5185185185185185,40,-0.0012000000000000634,41,-0.0008341463414634816,0.0007884502378168038,0.9
60m,vwap_fade1.5,long,0.01,0.005,240,70,-0.0009206118327250573,0.38571428571428573,38,-0.0007842953329084606,32,-0.0010824876762572655,0.0012228828247452788,0.7777777777777778
60m,vwap_fade1.5,long,0.01,0.005,1440,67,-0.0009311892372997469,0.3582089552238806,36,-0.0009774910805300787,31,-0.0008774193548387162,0.0013103287749412858,0.7444444444444445
60m,vwap_fade1.5,long,0.01,0.01,240,58,-0.00037479790076582137,0.603448275862069,31,0.00011884471888200266,27,-0.0009415727603614712,0.0016064836169443607,0.6444444444444445
60m,vwap_fade1.5,long,0.01,0.01,1440,52,-0.0001805707480592802,0.5576923076923077,29,0.0002831145207212863,23,-0.0007652173913043423,0.0021299910806810256,0.5777777777777777
60m,vwap_fade1.5,long,0.015,0.0075,240,60,-0.00037807713958104767,0.5166666666666667,32,-0.0008752117669313837,28,0.00019007672024790728,0.0017291438020699758,0.6666666666666666
60m,vwap_fade1.5,long,0.015,0.0075,1440,55,-0.000780456778282099,0.36363636363636365,29,-0.0006629352691557076,26,-0.0009115384615384589,0.0021408433056091555,0.6111111111111112
60m,vwap_fade1.5,long,0.02,0.01,240,57,-0.0011441180541832694,0.5614035087719298,31,-0.0006550211263055651,26,-0.001727272083575917,0.0018672411206404318,0.6333333333333333
60m,vwap_fade1.5,long,0.02,0.01,1440,50,-0.0013119357950573693,0.36,28,2.8686080254694745e-05,22,-0.0030181818181818144,0.002915577184499177,0.5555555555555556
60m,vwap_fade1.5,short,0.005,0.005,240,96,-0.0015054378680051349,0.4791666666666667,47,-0.0010791922410318356,49,-0.0019142857142856469,0.0007142857142857078,1.0666666666666667
60m,vwap_fade1.5,short,0.005,0.005,1440,96,-0.001408333333333273,0.4791666666666667,47,-0.0008808510638297347,49,-0.0019142857142856469,0.0007142857142857078,1.0666666666666667
60m,vwap_fade1.5,short,0.01,0.005,240,85,-0.001698108116132431,0.32941176470588235,43,-0.0012240576990359372,42,-0.002183445447921698,0.0010255395274835113,0.9444444444444444
60m,vwap_fade1.5,short,0.01,0.005,1440,85,-0.0016117647058822764,0.3058823529411765,43,-0.0009674418604650512,42,-0.0022714285714284825,0.0010299762957156722,0.9444444444444444
60m,vwap_fade1.5,short,0.01,0.01,240,74,-0.0020391309023945602,0.4864864864864865,39,-0.0020567436254967297,35,-0.0020195052966521443,0.0016283599762585506,0.8222222222222222
60m,vwap_fade1.5,short,0.01,0.01,1440,72,-0.0014103072576933347,0.4861111111111111,38,-0.0010721611198400201,34,-0.0017882352941176278,0.001737762225590585,0.8
60m,vwap_fade1.5,short,0.015,0.0075,240,77,-0.002322516490499656,0.35064935064935066,38,-0.0013860741766954952,39,-0.0032349474629242234,0.0014391043643126214,0.8555555555555555
60m,vwap_fade1.5,short,0.015,0.0075,1440,72,-0.001469814920589627,0.3194444444444444,37,-0.0007115317373635599,35,-0.002271428571428612,0.0017431911788999214,0.8
60m,vwap_fade1.5,short,0.02,0.01,240,69,-0.0024288296317824844,0.391304347826087,36,-0.0032116294414134394,33,-0.0015748662030941698,0.0021852711686322574,0.7666666666666667
60m,vwap_fade1.5,short,0.02,0.01,1440,65,-0.0015228123498344924,0.3230769230769231,35,-0.0009423657925497711,30,-0.002200000000000002,0.0025528888301902916,0.7222222222222222
60m,vwap_fade3,both,0.005,0.005,240,28,-0.00012857142857142334,0.6071428571428571,16,-0.0005749999999999852,12,0.00046666666666665924,0.0014213381090373905,0.3111111111111111
60m,vwap_fade3,both,0.005,0.005,1440,27,-0.0002740740740740647,0.5925925925925926,16,-0.0005749999999999852,11,0.00016363636363636518,0.0015212000482437617,0.3
60m,vwap_fade3,both,0.01,0.005,240,24,5.000000000003844e-05,0.4166666666666667,15,-0.0011999999999999479,9,0.002133333333333349,0.002635231383473647,0.26666666666666666
60m,vwap_fade3,both,0.01,0.005,1440,23,-0.00033043478260865594,0.391304347826087,15,-0.0011999999999999479,8,0.0013000000000000164,0.0028347335475692012,0.25555555555555554
60m,vwap_fade3,both,0.01,0.01,240,23,0.003381744215611488,0.7391304347826086,14,0.0016571428571428362,9,0.00606445743989606,0.0022173388123449744,0.25555555555555554
60m,vwap_fade3,both,0.01,0.01,1440,22,0.0024363636363636445,0.6818181818181818,14,0.0016571428571428362,8,0.0038000000000000603,0.0032732683535398764,0.24444444444444444
60m,vwap_fade3,both,0.015,0.0075,240,22,0.0028294993294012815,0.5909090909090909,14,0.0009814170687798501,8,0.006063643285488786,0.0034823520442545373,0.24444444444444444
60m,vwap_fade3,both,0.015,0.0075,1440,20,0.0025499999999999646,0.5,14,0.002549999999999968,6,0.0025499999999999572,0.00503115294937452,0.2222222222222222
60m,vwap_fade3,both,0.02,0.01,240,21,0.004376974011441331,0.6190476190476191,13,0.0009257928926016449,8,0.009985143329555822,0.003643254254994089,0.23333333333333334
60m,vwap_fade3,both,0.02,0.01,1440,19,0.003726720864159344,0.5263157894736842,13,0.0036928997245405707,6,0.0038000000000000234,0.006708203932499367,0.2111111111111111
60m,vwap_fade3,short,0.005,0.005,240,19,-0.00041052631578943175,0.5789473684210527,13,-0.0008153846153845806,6,0.00046666666666672396,0.002108185106778904,0.2111111111111111
60m,vwap_fade3,short,0.005,0.005,1440,19,-0.00041052631578943175,0.5789473684210527,13,-0.0008153846153845806,6,0.00046666666666672396,0.002108185106778904,0.2111111111111111
60m,vwap_fade3,short,0.01,0.005,240,15,-0.00019999999999993957,0.4,12,-0.0011999999999999348,3,0.0038000000000000416,0.004999999999999968,0.16666666666666666
60m,vwap_fade3,short,0.01,0.005,1440,15,-0.00019999999999993957,0.4,12,-0.0011999999999999348,3,0.0038000000000000416,0.004999999999999968,0.16666666666666666
60m,vwap_fade3,short,0.01,0.01,240,15,0.003466666666666664,0.7333333333333333,12,0.0021333333333333087,3,0.008800000000000084,3.700969283977039e-17,0.16666666666666666
60m,vwap_fade3,short,0.01,0.01,1440,15,0.003466666666666664,0.7333333333333333,12,0.0021333333333333087,3,0.008800000000000084,3.700969283977039e-17,0.16666666666666666
60m,vwap_fade3,short,0.015,0.0075,240,15,0.00185108955997205,0.5333333333333333,12,0.0013447761728945216,3,0.003876343108282163,0.006629229671755833,0.16666666666666666
60m,vwap_fade3,short,0.015,0.0075,1440,14,0.002549999999999976,0.5,12,0.002549999999999976,2,0.002549999999999976,0.011250000000000038,0.15555555555555556
60m,vwap_fade3,short,0.02,0.01,240,14,0.004361558002891733,0.5714285714285714,11,0.0015393438832397898,3,0.014709676441615525,0.004090323558384494,0.15555555555555556
60m,vwap_fade3,short,0.02,0.01,1440,13,0.0036928997245405707,0.5384615384615384,11,0.00367342694718431,2,0.0038000000000000048,0.015000000000000012,0.14444444444444443
60m,bb_revert,both,0.005,0.005,240,122,-0.0011658725596300204,0.5081967213114754,73,-0.0008623499316900996,49,-0.0016180593318670452,0.0007118025971073567,1.3555555555555556
60m,bb_revert,both,0.005,0.005,1440,121,-0.0009933884297520657,0.5206611570247934,73,-0.0005835616438356293,48,-0.0016166666666666458,0.000726788167342532,1.3444444444444446
60m,bb_revert,both,0.01,0.005,240,122,-0.0008319553726258399,0.4098360655737705,73,-0.0002839010866581167,49,-0.0016484444109042846,0.0009585603617054576,1.3555555555555556
60m,bb_revert,both,0.01,0.005,1440,118,-0.0007118235576656649,0.3728813559322034,70,5.149743136356248e-05,48,-0.001824999999999954,0.0009944994999089452,1.3111111111111111
60m,bb_revert,both,0.01,0.01,240,118,-0.0006418217596109892,0.5508474576271186,69,-0.00018406711564736066,49,-0.0012864150337638539,0.0012765755871790685,1.3111111111111111
60m,bb_revert,both,0.01,0.01,1440,110,-0.000598943213555229,0.5363636363636364,62,0.00018897171788588595,48,-0.001616666666666669,0.0014573831757778027,1.2222222222222223
60m,bb_revert,both,0.015,0.0075,240,120,-0.0007722754296270585,0.4583333333333333,71,-0.00016870542321895237,49,-0.0016468360511571716,0.0013272023672888159,1.3333333333333333
60m,bb_revert,both,0.015,0.0075,1440,110,-0.0006085616071314695,0.37272727272727274,62,0.0005751326325086981,48,-0.002137500000000019,0.0014917492498634215,1.2222222222222223
60m,bb_revert,both,0.02,0.01,240,117,-0.0004807089267691819,0.5128205128205128,68,-0.0003010757685717976,49,-0.0007299957585533071,0.001583629787022343,1.3
60m,bb_revert,both,0.02,0.01,1440,104,-0.0015240890234693876,0.36538461538461536,56,-0.0007219116006368009,48,-0.0024599626834407376,0.001940673545828585,1.1555555555555554
60m,bb_revert,long,0.005,0.005,240,63,-0.0011791235005861715,0.5079365079365079,41,-0.0007902408115961381,22,-0.0019038594209766862,0.0010551214381937805,0.7
60m,bb_revert,long,0.005,0.005,1440,62,-0.0008774193548387718,0.532258064516129,41,-0.0003463414634147062,21,-0.0019142857142857568,0.0011065666703449638,0.6888888888888889
60m,bb_revert,long,0.01,0.005,240,63,-0.0009713953639074033,0.4126984126984127,41,-0.0004551845142533708,22,-0.0019334246746262815,0.001389359860321927,0.7
60m,bb_revert,long,0.01,0.005,1440,62,-0.0008354061258798785,0.3709677419354839,41,-0.0002828092635256724,21,-0.0019142857142857093,0.0015152288168283168,0.6888888888888889
60m,bb_revert,long,0.01,0.01,240,60,5.5441277980429474e-05,0.5833333333333334,38,0.0004081819569932461,22,-0.0005538380766780721,0.0018313035285817767,0.6666666666666666
60m,bb_revert,long,0.01,0.01,1440,57,-1.8970225218541282e-05,0.5614035087719298,36,0.00039218603229286786,21,-0.0007238095238095284,0.0022335313142016365,0.6333333333333333
60m,bb_revert,long,0.015,0.0075,240,62,-0.0011735967896141185,0.46774193548387094,40,-0.00041725221088427105,22,-0.0025487687509411125,0.0018565832853400606,0.6888888888888889
60m,bb_revert,long,0.015,0.0075,1440,59,-0.001241386047194237,0.3559322033898305,38,-8.004675748579403e-05,21,-0.0033428571428571344,0.0021428571428571295,0.6555555555555556
60m,bb_revert,long,0.02,0.01,240,60,0.00020302517771028232,0.5666666666666667,38,0.0005143756332453677,22,-0.0003347619727594106,0.0021936722505050874,0.6666666666666666
60m,bb_revert,long,0.02,0.01,1440,57,-0.0011128448193380095,0.40350877192982454,36,-0.00021538738603086598,21,-0.002651343276435971,0.002857131554184501,0.6333333333333333
60m,bb_revert,short,0.005,0.005,240,59,-0.001151723249795487,0.5084745762711864,32,-0.0009547397418104876,27,-0.0013851851851851152,0.000979907892986878,0.6555555555555556
60m,bb_revert,short,0.005,0.005,1440,59,-0.0011152542372880696,0.5084745762711864,32,-0.000887499999999937,27,-0.0013851851851851152,0.000979907892986878,0.6555555555555556
60m,bb_revert,short,0.01,0.005,240,59,-0.000683061822613323,0.4067796610169492,32,-6.444419505169732e-05,27,-0.0014162382700937683,0.0013429440724351328,0.6555555555555556
60m,bb_revert,short,0.01,0.005,1440,59,-0.000352542372881289,0.3898305084745763,32,0.0008312500000000576,27,-0.0017555555555554775,0.0013432678329488555,0.6555555555555556
60m,bb_revert,short,0.01,0.01,240,58,-0.0013631283502228018,0.5172413793103449,31,-0.0009100498498519755,27,-0.0018833295913893056,0.0017950953383602498,0.6444444444444445
60m,bb_revert,short,0.01,0.01,1440,56,-0.0007062482165936533,0.5178571428571429,29,0.0007879344783019114,27,-0.002311111111111112,0.001949017820682289,0.6222222222222222
60m,bb_revert,short,0.015,0.0075,240,58,-0.0003432767344684778,0.4482758620689655,31,0.00015200010925242659,27,-0.0009119279254072939,0.0018939176848650245,0.6444444444444445
60m,bb_revert,short,0.015,0.0075,1440,57,-0.0005538286364930553,0.3684210526315789,30,2.772559066323149e-05,27,-0.0012000000000000409,0.0020801257358446152,0.6333333333333333
60m,bb_revert,short,0.02,0.01,240,58,-0.0011334323076133746,0.46551724137931033,31,-0.00120432403461841,27,-0.001052038102533519,0.002286174618414978,0.6444444444444445
60m,bb_revert,short,0.02,0.01,1440,54,-0.0021347417148646045,0.3148148148148148,27,-0.0019583723186180953,27,-0.0023111111111111123,0.0026865356658977305,0.6
60m,breakout20,both,0.005,0.005,240,87,-0.0005975492331218945,0.5632183908045977,53,-0.0002110713826717849,34,-0.0012000000000000062,0.0008703882797784809,0.9666666666666667
60m,breakout20,both,0.005,0.005,1440,87,-0.0006827586206896571,0.5517241379310345,53,-0.00035094339622641403,34,-0.0012000000000000062,0.0008703882797784809,0.9666666666666667
60m,breakout20,both,0.01,0.005,240,85,-0.0009324697970577641,0.36470588235294116,51,-0.0005258235107917515,34,-0.0015424392264567826,0.0011778228404535314,0.9444444444444444
60m,breakout20,both,0.01,0.005,1440,84,-0.0011999999999999591,0.3333333333333333,50,-0.0007999999999999571,34,-0.001788235294117608,0.0011897644631704248,0.9333333333333333
60m,breakout20,both,0.01,0.01,240,85,-0.0012196738905626405,0.47058823529411764,51,-0.0008858216869753081,34,-0.0017204521959436382,0.001617605958768511,0.9444444444444444
60m,breakout20,both,0.01,0.01,1440,83,-0.0019831522678088885,0.4578313253012048,49,-0.0017102375148599534,34,-0.0023764705882352954,0.0017286876871919412,0.9222222222222223
60m,breakout20,both,0.015,0.0075,240,81,-0.0008523265344453785,0.3950617283950617,48,-0.0009189295010203167,33,-0.0007554494921545591,0.0017230680042025792,0.9
60m,breakout20,both,0.015,0.0075,1440,80,-0.0011062500000000187,0.3375,47,-0.001997872340425551,33,0.00016363636363634498,0.0019434808382371633,0.8888888888888888
60m,breakout20,both,0.02,0.01,240,78,-0.0007075670889612526,0.41025641025641024,45,-0.0012724053445869895,33,6.266689598293447e-05,0.0022198074058641846,0.8666666666666667
60m,breakout20,both,0.02,0.01,1440,76,-0.0013687709359672875,0.32894736842105265,43,-0.00219596723566311,33,-0.00029090909090909314,0.002551130036436782,0.8444444444444444
60m,breakout20,long,0.005,0.005,240,49,-7.755102040822766e-05,0.6122448979591837,30,0.0004666666666666019,19,-0.0009368421052632217,0.0011768778828946157,0.5444444444444444
60m,breakout20,long,0.005,0.005,1440,49,-7.755102040822766e-05,0.6122448979591837,30,0.0004666666666666019,19,-0.0009368421052632217,0.0011768778828946157,0.5444444444444444
60m,breakout20,long,0.01,0.005,240,48,2.5591560316525392e-05,0.4166666666666667,29,0.00048373775500666605,19,-0.0006736842105263208,0.0017054580785283867,0.5333333333333333
60m,breakout20,long,0.01,0.005,1440,47,0.00018297872340425922,0.425531914893617,28,0.0007642857142857243,19,-0.0006736842105263208,0.0017054580785283867,0.5222222222222223
60m,breakout20,long,0.01,0.01,240,48,-0.0003317193080925526,0.5208333333333334,29,0.0006049981467161934,19,-0.001761445949642744,0.0022292595450897302,0.5333333333333333
60m,breakout20,long,0.01,0.01,1440,47,-0.00023952930736338918,0.5531914893617021,28,0.0007693615197828905,19,-0.001726315789473696,0.0023537557657892566,0.5222222222222223
60m,breakout20,long,0.015,0.0075,240,44,-0.00026216829155833316,0.4090909090909091,26,-0.00013922139740474667,18,-0.0004397582497801803,0.0024009346062950397,0.4888888888888889
60m,breakout20,long,0.015,0.0075,1440,43,0.00019534883720930132,0.3953488372093023,25,-0.0005999999999999947,18,0.0012999999999999902,0.0027116307227331832,0.4777777777777778
60m,breakout20,long,0.02,0.01,240,42,0.0002049847739397413,0.42857142857142855,24,0.00035404961905998133,18,6.231647112754646e-06,0.0031125594345417064,0.4666666666666667
60m,breakout20,long,0.02,0.01,1440,41,0.0016083444525346528,0.43902439024390244,23,0.0011974835893009098,18,0.0021333333333333243,0.0036155076303109423,0.45555555555555555
60m,breakout20,short,0.005,0.005,240,38,-0.0012680732442526751,0.5,23,-0.0010950775339827242,15,-0.0015333333333332666,0.0013333333333333218,0.4222222222222222
60m,breakout20,short,0.005,0.005,1440,38,-0.0014631578947367633,0.47368421052631576,23,-0.0014173913043477391,15,-0.0015333333333332666,0.0013333333333333218,0.4222222222222222
60m,breakout20,short,0.01,0.005,240,37,-0.0021753602066244097,0.2972972972972973,22,-0.0018566088157078474,15,-0.0026428622466353677,0.00158755937162102,0.4111111111111111
60m,breakout20,short,0.01,0.005,1440,37,-0.002956756756756669,0.21621621621621623,22,-0.0027909090909090063,15,-0.003199999999999905,0.0016035674514745398,0.4111111111111111
60m,breakout20,short,0.01,0.01,240,37,-0.0023716149705238347,0.40540540540540543,22,-0.0028509932859322874,15,-0.0016685267745914375,0.002426250576531173,0.4111111111111111
60m,breakout20,short,0.01,0.01,1440,36,-0.0042595489106127355,0.3333333333333333,21,-0.005016369561050413,15,-0.0031999999999999867,0.0026186146828319156,0.4
60m,breakout20,short,0.015,0.0075,240,37,-0.0015541363367975404,0.3783783783783784,22,-0.0018404027143841721,15,-0.0011342789830038136,0.002551699436971551,0.4111111111111111
60m,breakout20,short,0.015,0.0075,1440,37,-0.0026189189189189583,0.2702702702702703,22,-0.0035863636363636818,15,-0.0012000000000000294,0.002834733547569217,0.4111111111111111
60m,breakout20,short,0.02,0.01,240,36,-0.001772210929012412,0.3888888888888889,21,-0.0031312110173263843,15,0.00013038919462715024,0.0032651298257681447,0.4
60m,breakout20,short,0.02,0.01,1440,35,-0.00485624896249813,0.2,20,-0.006098435684371734,15,-0.003199999999999994,0.00354562104171168,0.3888888888888889
60m,breakout60,both,0.005,0.005,240,42,-0.000961904761904764,0.5238095238095238,28,-0.0004857142857142927,14,-0.0019142857142857067,0.0013725270326150232,0.4666666666666667
60m,breakout60,both,0.005,0.005,1440,42,-0.000961904761904764,0.5238095238095238,28,-0.0004857142857142927,14,-0.0019142857142857067,0.0013725270326150232,0.4666666666666667
60m,breakout60,both,0.01,0.005,240,42,-0.0014481882960899074,0.30952380952380953,28,-0.0006794253012777412,14,-0.0029857142857142396,0.001707058943176482,0.4666666666666667
60m,breakout60,both,0.01,0.005,1440,42,-0.001557142857142815,0.30952380952380953,28,-0.0008428571428571026,14,-0.0029857142857142396,0.001707058943176482,0.4666666666666667
60m,breakout60,both,0.01,0.01,240,42,-0.0010810280828666547,0.47619047619047616,28,-0.00016153287049194137,14,-0.0029200185076160815,0.0025562696607123975,0.4666666666666667
60m,breakout60,both,0.01,0.01,1440,42,-0.001676190476190471,0.47619047619047616,28,-0.0011999999999999917,14,-0.0026285714285714293,0.0027450540652300716,0.4666666666666667
60m,breakout60,both,0.015,0.0075,240,39,-0.0012136714086700205,0.38461538461538464,26,-0.0012420821692087395,13,-0.0011568498875925827,0.002648626379876732,0.43333333333333335
60m,breakout60,both,0.015,0.0075,1440,39,-0.0006230769230769351,0.358974358974359,26,-0.0017769230769230772,13,0.001684615384615349,0.003237972738554371,0.43333333333333335
60m,breakout60,both,0.02,0.01,240,38,-0.0010114854105528338,0.39473684210526316,25,-0.0010204971657185732,13,-0.0009941551121571814,0.0034474961485510456,0.4222222222222222
60m,breakout60,both,0.02,0.01,1440,38,-0.0008796040238256774,0.34210526315789475,25,-0.0015129981162150304,13,0.00033846153846154014,0.004213250442347442,0.4222222222222222
60m,breakout60,long,0.005,0.005,240,24,-0.0012000000000000459,0.5,18,-0.0006444444444444868,6,-0.0028666666666667235,0.002108185106778904,0.26666666666666666
60m,breakout60,long,0.005,0.005,1440,24,-0.0012000000000000459,0.5,18,-0.0006444444444444868,6,-0.0028666666666667235,0.002108185106778904,0.26666666666666666
60m,breakout60,long,0.01,0.005,240,24,-0.0016343295181574027,0.2916666666666667,18,-0.0009457726908765301,6,-0.0037000000000000205,0.0025000000000000066,0.26666666666666666
60m,breakout60,long,0.01,0.005,1440,24,-0.001824999999999991,0.2916666666666667,18,-0.0011999999999999812,6,-0.0037000000000000205,0.0025000000000000066,0.26666666666666666
60m,breakout60,long,0.01,0.01,240,24,-0.0009396970637663588,0.5,18,-0.0003698576857281907,6,-0.002649215197880863,0.0040377424259412,0.26666666666666666
60m,breakout60,long,0.01,0.01,1440,24,-0.0012000000000000042,0.5,18,-0.0011999999999999997,6,-0.0012000000000000181,0.004472135954999593,0.26666666666666666
60m,breakout60,long,0.015,0.0075,240,21,-0.0020818318153203847,0.3333333333333333,16,-0.002696916914284371,5,-0.00011355949863562781,0.004185311843016238,0.23333333333333334
60m,breakout60,long,0.015,0.0075,1440,21,-0.0011999999999999945,0.3333333333333333,16,-0.0030749999999999805,5,0.004799999999999961,0.005511351921262114,0.23333333333333334
60m,breakout60,long,0.02,0.01,240,21,-0.001438551172525755,0.38095238095238093,16,-0.0018526110706164126,5,-0.00011355949863565001,0.0055355067720392484,0.23333333333333334
60m,breakout60,long,0.02,0.01,1440,21,0.00022857142857143017,0.38095238095238093,16,-0.0018249999999999933,5,0.006799999999999985,0.007348469228349554,0.23333333333333334
60m,breakout60,short,0.005,0.005,240,18,-0.0006444444444443881,0.5555555555555556,10,-0.00019999999999994328,8,-0.0011999999999999442,0.0018898223650461168,0.2
60m,breakout60,short,0.005,0.005,1440,18,-0.0006444444444443881,0.5555555555555556,10,-0.00019999999999994328,8,-0.0011999999999999442,0.0018898223650461168,0.2
60m,breakout60,short,0.01,0.005,240,18,-0.0011999999999999134,0.3333333333333333,10,-0.00019999999999992108,8,-0.0024499999999999036,0.002454951265154907,0.2
60m,breakout60,short,0.01,0.005,1440,18,-0.0011999999999999134,0.3333333333333333,10,-0.00019999999999992108,8,-0.0024499999999999036,0.002454951265154907,0.2
60m,breakout60,short,0.01,0.01,240,18,-0.0012694694416670494,0.4444444444444444,10,0.00021345179693330746,8,-0.0031231209899174953,0.003534045447898391,0.2
60m,breakout60,short,0.01,0.01,1440,18,-0.0023111111111110932,0.4444444444444444,10,-0.0011999999999999776,8,-0.003699999999999988,0.003659625273557009,0.2
60m,breakout60,short,0.015,0.0075,240,18,-0.00020081760091126262,0.4444444444444444,10,0.0010856534229122708,8,-0.0018089063806906794,0.003623322728277407,0.2
60m,breakout60,short,0.015,0.0075,1440,18,4.999999999996751e-05,0.3888888888888889,10,0.00029999999999996837,8,-0.00026250000000003354,0.004117078432751638,0.2
60m,breakout60,short,0.02,0.01,240,17,-0.0004839335869392257,0.4117647058823529,9,0.00045881644298869663,8,-0.0015445273706081383,0.00469604432262865,0.18888888888888888
60m,breakout60,short,0.02,0.01,1440,17,-0.0022485266414926926,0.29411764705882354,9,-0.0009583281005973188,8,-0.003699999999999988,0.004909902530309842,0.18888888888888888
60m,ema_pullback,both,0.005,0.005,240,148,-0.0012892151719769152,0.46621621621621623,88,-0.0014014504256721016,60,-0.0011246034665573085,0.0006411232753498222,1.6444444444444444
60m,ema_pullback,both,0.005,0.005,1440,137,-0.001382481751824811,0.48175182481751827,80,-0.0014499999999999778,57,-0.0012877192982456295,0.0006680502724441983,1.5222222222222221
60m,ema_pullback,both,0.01,0.005,240,142,-0.0012045263548391683,0.3591549295774648,85,-0.0012019592281614765,57,-0.0012083545262006382,0.0009248747377751796,1.5777777777777777
60m,ema_pullback,both,0.01,0.005,1440,123,-0.0014439024390243533,0.3170731707317073,69,-0.0011999999999999552,54,-0.0017555555555555298,0.0009408304265122365,1.3666666666666667
60m,ema_pullback,both,0.01,0.01,240,134,-0.0012252110870126173,0.4626865671641791,83,-0.001325746293832851,51,-0.0010615949661091006,0.0013179640668842746,1.488888888888889
60m,ema_pullback,both,0.01,0.01,1440,101,-0.0015304363408673706,0.4752475247524752,58,-0.0012581736280621427,43,-0.0018976744186046544,0.0015392735640216233,1.1222222222222222
60m,ema_pullback,both,0.015,0.0075,240,135,-0.001590023469149373,0.37037037037037035,82,-0.002084674263322996,53,-0.000824714693258108,0.0013355768481810614,1.5
60m,ema_pullback,both,0.015,0.0075,1440,99,-0.0017869546680251915,0.31313131313131315,54,-0.0018594168913795108,45,-0.0017000000000000094,0.0015703213336476973,1.1
60m,ema_pullback,both,0.02,0.01,240,126,-0.001172359125682173,0.3968253968253968,78,-0.0016011050181394288,48,-0.00047564705043913236,0.0017326949900912131,1.4
60m,ema_pullback,both,0.02,0.01,1440,84,-0.0019509359252705006,0.30952380952380953,46,-0.0008321438635374242,38,-0.0033052631578947512,0.002171779911806454,0.9333333333333333
60m,ema_pullback,long,0.005,0.005,240,64,-0.001248829880611051,0.5,30,-0.000304170411970175,34,-0.0020823529411765304,0.000856728330887545,0.7111111111111111
60m,ema_pullback,long,0.005,0.005,1440,63,-0.0012793650793651446,0.49206349206349204,29,-0.00033793103448283025,34,-0.0020823529411765304,0.000856728330887545,0.7
60m,ema_pullback,long,0.01,0.005,240,61,-0.0017234925635636784,0.32786885245901637,30,-0.0010977682125794701,31,-0.0023290322580645237,0.0011983339110326924,0.6777777777777778
60m,ema_pullback,long,0.01,0.005,1440,57,-0.0017263157894736884,0.2982456140350877,26,-0.001007692307692307,31,-0.0023290322580645237,0.0011983339110326924,0.6333333333333333
60m,ema_pullback,long,0.01,0.01,240,57,-0.001949496171190042,0.43859649122807015,30,-0.0011129098845705256,27,-0.002879036489656171,0.001844294948584072,0.6333333333333333
60m,ema_pullback,long,0.01,0.01,1440,47,-0.0021753642608975192,0.44680851063829785,23,-0.0014540052287905748,24,-0.0028666666666666723,0.00205597984914654,0.5222222222222223
60m,ema_pullback,long,0.015,0.0075,240,59,-0.0020686467309687,0.3559322033898305,30,-0.0013215030006799935,29,-0.0028415540381639143,0.0017175162388622582,0.6555555555555556
60m,ema_pullback,long,0.015,0.0075,1440,48,-0.0021375000000000005,0.2916666666666667,22,-0.0005181818181818273,26,-0.0035076923076923015,0.0018959626990563327,0.5333333333333333
60m,ema_pullback,long,0.02,0.01,240,56,-0.002236498708746689,0.35714285714285715,29,-0.0014450111115162174,27,-0.003086615016883121,0.002202171033615501,0.6222222222222222
60m,ema_pullback,long,0.02,0.01,1440,41,-0.003557388562755951,0.24390243902439024,18,-0.00045849617072187064,23,-0.00598260869565219,0.002424314027698921,0.45555555555555555
60m,ema_pullback,short,0.005,0.005,240,85,-0.0012597498010997212,0.4470588235294118,59,-0.0018712292389837257,26,0.00012783815409859745,0.0009278406045438113,0.9444444444444444
60m,ema_pullback,short,0.005,0.005,1440,75,-0.001399999999999935,0.48,52,-0.0019692307692306976,23,-0.00011304347826082001,0.0010405096111532062,0.8333333333333334
60m,ema_pullback,short,0.01,0.005,240,82,-0.0006964597074363109,0.3902439024390244,56,-0.0010791694288632384,26,0.00012783815409861025,0.0014194133792825709,0.9111111111111111
60m,ema_pullback,short,0.01,0.005,1440,67,-0.001050746268656645,0.34328358208955223,44,-0.0010863636363635653,23,-0.000982608695652101,0.0015231501081421003,0.7444444444444445
60m,ema_pullback,short,0.01,0.01,240,77,-0.0006890519987254334,0.4805194805194805,53,-0.0014462197330379408,24,0.0009830267478813544,0.0018317401442033007,0.8555555555555555
60m,ema_pullback,short,0.01,0.01,1440,55,-0.001155126366644019,0.4909090909090909,36,-0.0014092208379283629,19,-0.000673684210526315,0.002353755765789254,0.6111111111111112
60m,ema_pullback,short,0.015,0.0075,240,76,-0.0012184606737896332,0.3815789473684211,52,-0.002524965376386267,24,0.0016122995151697402,0.0020235351167670573,0.8444444444444444
60m,ema_pullback,short,0.015,0.0075,1440,52,-0.0015963175410479617,0.3269230769230769,33,-0.002960864004075558,19,0.0007736842105262857,0.002618387992385851,0.5777777777777777
60m,ema_pullback,short,0.02,0.01,240,70,-0.0003210474592305598,0.42857142857142855,49,-0.0016934871261409207,21,0.0028813117635602815,0.002649317190174141,0.7777777777777778
60m,ema_pullback,short,0.02,0.01,1440,44,-0.000664220151130183,0.36363636363636365,29,-0.0014215754017147537,15,0.0007999999999999872,0.003927922024247862,0.4888888888888889
60m,level_bounce,both,0.005,0.005,240,576,-0.0012402175206065761,0.4965277777777778,317,-0.001288196901183675,259,-0.001181493722757386,0.0003075055340355037,6.4
60m,level_bounce,both,0.005,0.005,1440,546,-0.001328205128205128,0.48717948717948717,294,-0.0014040816326530647,252,-0.0012396825396825354,0.0003155872619491432,6.066666666666666
60m,level_bounce,both,0.01,0.005,240,532,-0.001288994097606063,0.36466165413533835,291,-0.0010417885486498175,241,-0.0015874871048519854,0.0004331497553797547,5.911111111111111
60m,level_bounce,both,0.01,0.005,1440,483,-0.001508980446731546,0.3167701863354037,251,-0.001416085879567118,232,-0.0016094827586206465,0.0004548198353036783,5.366666666666666
60m,level_bounce,both,0.01,0.01,240,425,-0.0010263064843290257,0.5011764705882353,244,-0.001261433492434599,181,-0.0007093396888717895,0.0006676318905381254,4.722222222222222
60m,level_bounce,both,0.01,0.01,1440,324,-0.0013360922772941875,0.49074074074074076,172,-0.001488332877292585,152,-0.001163820019401264,0.0008116456099892598,3.6
60m,level_bounce,both,0.015,0.0075,240,443,-0.0012032996170188903,0.417607223476298,245,-0.0014543125149969658,198,-0.0008927028493187469,0.0006789555224334489,4.9222222222222225
60m,level_bounce,both,0.015,0.0075,1440,331,-0.0013196090325575257,0.33534743202416917,167,-0.0016167101184223847,164,-0.0010170731707317246,0.0008357006868514356,3.6777777777777776
60m,level_bounce,both,0.02,0.01,240,395,-0.0008281638228346632,0.4607594936708861,227,-0.001128729313268429,168,-0.0004220425946890392,0.0008589482065451686,4.388888888888889
60m,level_bounce,both,0.02,0.01,1440,250,-0.001075449292261518,0.352,131,-0.0005990637306675411,119,-0.0015998737340162325,0.0012822500511563016,2.7777777777777777
60m,level_bounce,long,0.005,0.005,240,318,-0.001208032415684251,0.5,186,-0.001219335804704104,132,-0.0011921049129744587,0.0004293150318896943,3.533333333333333
60m,level_bounce,long,0.005,0.005,1440,298,-0.0012335570469799207,0.4966442953020134,171,-0.0012292397660819264,127,-0.0012393700787402128,0.00044542159444821444,3.311111111111111
60m,level_bounce,long,0.01,0.005,240,298,-0.0012700209945469623,0.37583892617449666,175,-0.0012460784885659874,123,-0.0013040855355768049,0.0006129234409870029,3.311111111111111
60m,level_bounce,long,0.01,0.005,1440,262,-0.0012358029469829925,0.33587786259541985,146,-0.001195755973353044,116,-0.0012862068965517213,0.0006564829471491533,2.911111111111111
60m,level_bounce,long,0.01,0.01,240,273,-0.001096002675187586,0.4945054945054945,162,-0.00107924849949849,111,-0.0011204547153824836,0.0008599043514240613,3.033333333333333
60m,level_bounce,long,0.01,0.01,1440,218,-0.0011394438406269137,0.5045871559633027,122,-0.0011368697894071627,96,-0.00114271503071868,0.0010216913198809235,2.422222222222222
60m,level_bounce,long,0.015,0.0075,240,269,-0.001013660014724924,0.42379182156133827,157,-0.0008425601144561586,112,-0.0012535054106373891,0.0008881545319653374,2.988888888888889
60m,level_bounce,long,0.015,0.0075,1440,204,-0.0010547600402454297,0.3480392156862745,111,-0.0008588090537551864,93,-0.0012886370241208818,0.0010962569185965422,2.2666666666666666
60m,level_bounce,long,0.02,0.01,240,257,-0.0004352091314156858,0.46303501945525294,153,-0.0001776375556241426,104,-0.0008141365458013216,0.0011109630176544057,2.8555555555555556
60m,level_bounce,long,0.02,0.01,1440,174,-0.0007624547806023464,0.3735632183908046,96,1.8344643399651844e-05,78,-0.0017234386870663442,0.001566097185259801,1.9333333333333333
60m,level_bounce,short,0.005,0.005,240,318,-0.0011448379884400623,0.5,178,-0.0011971189472962014,140,-0.0010783664836086857,0.000418454551814064,3.533333333333333
60m,level_bounce,short,0.005,0.005,1440,302,-0.0012662251655628615,0.49337748344370863,163,-0.0014147239263803176,139,-0.0010920863309351971,0.0004255291219451317,3.3555555555555556
60m,level_bounce,short,0.01,0.005,240,293,-0.001325992105634239,0.3651877133105802,163,-0.0010420682412911012,130,-0.0016819889509260197,0.0005831603953301486,3.2555555555555555
60m,level_bounce,short,0.01,0.005,1440,266,-0.0015023083516131524,0.31203007518796994,139,-0.001418805910281357,127,-0.0015937007874014958,0.0006164188417916841,2.9555555555555557
60m,level_bounce,short,0.01,0.01,240,257,-0.0009852638898248675,0.5097276264591439,150,-0.0012012554023717588,107,-0.000682472049805862,0.0008549680937018718,2.8555555555555556
60m,level_bounce,short,0.01,0.01,1440,196,-0.0010588611961550027,0.5051020408163265,101,-0.0013434526774270064,95,-0.00075629551606582,0.0010252100971053018,2.1777777777777776
60m,level_bounce,short,0.015,0.0075,240,262,-0.0015056165069216882,0.41603053435114506,149,-0.001905886838241137,113,-0.0009778264240314413,0.0008837266696345503,2.911111111111111
60m,level_bounce,short,0.015,0.0075,1440,203,-0.0015974440085264503,0.3251231527093596,101,-0.002094386729748637,102,-0.001105373274767226,0.0010529777439349948,2.2555555555555555
60m,level_bounce,short,0.02,0.01,240,241,-0.0013422505019041386,0.46473029045643155,142,-0.0020944907176479047,99,-0.0002632796874029787,0.0010830858614309115,2.6777777777777776
60m,level_bounce,short,0.02,0.01,1440,154,-0.001630342686403035,0.34415584415584416,79,-0.00270831734770483,75,-0.0004948760431651455,0.001647705320445267,1.711111111111111
60m,rsi_fade20,both,0.005,0.005,240,17,-0.003847058823529362,0.23529411764705882,8,-0.006199999999999907,9,-0.0017555555555555434,0.0017568209223157464,0.18888888888888888
60m,rsi_fade20,both,0.005,0.005,1440,17,-0.003847058823529362,0.23529411764705882,8,-0.006199999999999907,9,-0.0017555555555555434,0.0017568209223157464,0.18888888888888888
60m,rsi_fade20,both,0.01,0.005,240,17,-0.004435294117646977,0.11764705882352941,8,-0.006199999999999907,9,-0.002866666666666594,0.0022047927592204904,0.18888888888888888
60m,rsi_fade20,both,0.01,0.005,1440,17,-0.004435294117646977,0.11764705882352941,8,-0.006199999999999907,9,-0.002866666666666594,0.0022047927592204904,0.18888888888888888
60m,rsi_fade20,both,0.01,0.01,240,16,-0.004949999999999989,0.3125,8,-0.008700000000000006,8,-0.001199999999999972,0.0037796447300922856,0.17777777777777778
60m,rsi_fade20,both,0.01,0.01,1440,16,-0.004949999999999989,0.3125,8,-0.008700000000000006,8,-0.001199999999999972,0.0037796447300922856,0.17777777777777778
60m,rsi_fade20,both,0.015,0.0075,240,16,-0.004898090219926737,0.1875,8,-0.008700000000000048,8,-0.0010961804398534267,0.0037809719632784346,0.17777777777777778
60m,rsi_fade20,both,0.015,0.0075,1440,16,-0.0058875000000000455,0.125,8,-0.008700000000000048,8,-0.003075000000000043,0.0036824268977323836,0.17777777777777778
60m,rsi_fade20,both,0.02,0.01,240,16,-0.0063043402199267,0.1875,8,-0.011200000000000009,8,-0.0014086804398533923,0.0049444228882474135,0.17777777777777778
60m,rsi_fade20,both,0.02,0.01,1440,16,-0.007450000000000012,0.125,8,-0.011200000000000009,8,-0.0037000000000000158,0.004909902530309836,0.17777777777777778
60m,rsi_fade20,short,0.005,0.005,240,13,-0.0038923076923076177,0.23076923076923078,7,-0.006199999999999893,6,-0.0011999999999999626,0.0022360679774997587,0.14444444444444443
60m,rsi_fade20,short,0.005,0.005,1440,13,-0.0038923076923076177,0.23076923076923078,7,-0.006199999999999893,6,-0.0011999999999999626,0.0022360679774997587,0.14444444444444443
60m,rsi_fade20,short,0.01,0.005,240,13,-0.0050461538461537385,0.07692307692307693,7,-0.006199999999999893,6,-0.003699999999999891,0.0025000000000000027,0.14444444444444443
60m,rsi_fade20,short,0.01,0.005,1440,13,-0.0050461538461537385,0.07692307692307693,7,-0.006199999999999893,6,-0.003699999999999891,0.0025000000000000027,0.14444444444444443
60m,rsi_fade20,short,0.01,0.01,240,13,-0.006584615384615373,0.23076923076923078,7,-0.008342857142857148,6,-0.004533333333333299,0.004216370213557866,0.14444444444444443
60m,rsi_fade20,short,0.01,0.01,1440,13,-0.006584615384615373,0.23076923076923078,7,-0.008342857142857148,6,-0.004533333333333299,0.004216370213557866,0.14444444444444443
60m,rsi_fade20,short,0.015,0.0075,240,13,-0.005238461538461589,0.15384615384615385,7,-0.008700000000000062,6,-0.0012000000000000368,0.004743416490252585,0.14444444444444443
60m,rsi_fade20,short,0.015,0.0075,1440,13,-0.005238461538461589,0.15384615384615385,7,-0.008700000000000062,6,-0.0012000000000000368,0.004743416490252585,0.14444444444444443
60m,rsi_fade20,short,0.02,0.01,240,13,-0.006584615384615392,0.15384615384615385,7,-0.011200000000000007,6,-0.0011999999999999997,0.006324555320336765,0.14444444444444443
60m,rsi_fade20,short,0.02,0.01,1440,13,-0.006584615384615392,0.15384615384615385,7,-0.011200000000000007,6,-0.0011999999999999997,0.006324555320336765,0.14444444444444443
60m,rsi_fade30,both,0.005,0.005,240,53,-0.0012943396226415154,0.49056603773584906,24,-0.0016166666666666666,29,-0.0010275862068965626,0.0009443492370778643,0.5888888888888889
60m,rsi_fade30,both,0.005,0.005,1440,53,-0.0012943396226415154,0.49056603773584906,24,-0.0016166666666666666,29,-0.0010275862068965626,0.0009443492370778643,0.5888888888888889
60m,rsi_fade30,both,0.01,0.005,240,52,-0.0013383238498294457,0.34615384615384615,24,-0.0011244183107341186,28,-0.0015216714547682977,0.0012732450602751352,0.5777777777777777
60m,rsi_fade30,both,0.01,0.005,1440,52,-0.0010076923076922687,0.34615384615384615,24,-0.0005749999999999528,28,-0.0013785714285713968,0.0013481847205840595,0.5777777777777777
60m,rsi_fade30,both,0.01,0.01,240,50,-0.0019765963279545994,0.48,23,-0.0016460370963215355,27,-0.0022581838215679504,0.0017915064311777923,0.5555555555555556
60m,rsi_fade30,both,0.01,0.01,1440,50,-0.0015999999999999936,0.48,23,-0.0007652173913043471,27,-0.0023111111111111,0.0019490178206822866,0.5555555555555556
60m,rsi_fade30,both,0.015,0.0075,240,51,-0.0014001793422448651,0.39215686274509803,23,-0.00128261589763865,28,-0.0014967493145999697,0.0017951071155394218,0.5666666666666667
60m,rsi_fade30,both,0.015,0.0075,1440,51,-0.0009482226146810075,0.35294117647058826,23,0.0006626368109247476,28,-0.0022714285714285918,0.001956151991089873,0.5666666666666667
60m,rsi_fade30,both,0.02,0.01,240,50,-0.0034278210056380176,0.38,23,-0.003866248434757978,27,-0.003054345788239534,0.0020204508135766943,0.5555555555555556
60m,rsi_fade30,both,0.02,0.01,1440,50,-0.0029406244369895662,0.3,23,-0.0023752705151947164,27,-0.0034222222222222163,0.002578308227179205,0.5555555555555556
60m,rsi_fade30,long,0.005,0.005,240,28,0.00022857142857134294,0.6428571428571429,11,0.001072727272727174,17,-0.0003176470588236067,0.0012303823919618672,0.3111111111111111
60m,rsi_fade30,long,0.005,0.005,1440,28,0.00022857142857134294,0.6428571428571429,11,0.001072727272727174,17,-0.0003176470588236067,0.0012303823919618672,0.3111111111111111
60m,rsi_fade30,long,0.01,0.005,240,27,0.00018140400293339425,0.4444444444444444,11,0.001981818181818175,16,-0.0010563807450498924,0.0017397995541870558,0.3
60m,rsi_fade30,long,0.01,0.005,1440,27,0.00046666666666666027,0.4444444444444444,11,0.001981818181818175,16,-0.0005750000000000061,0.001875000000000003,0.3
60m,rsi_fade30,long,0.01,0.01,240,26,-0.0002130410818228891,0.5769230769230769,10,0.0020927186242224575,16,-0.0016541408981012307,0.0023078641445129226,0.28888888888888886
60m,rsi_fade30,long,0.01,0.01,1440,26,0.0003384615384615487,0.5769230769230769,10,0.0027999999999999926,16,-0.0011999999999999789,0.0025819888974716082,0.28888888888888886
60m,rsi_fade30,long,0.015,0.0075,240,26,0.00021467699291722673,0.5,10,0.0016785873811931543,16,-0.000700266999755228,0.002334442576810606,0.28888888888888886
60m,rsi_fade30,long,0.015,0.0075,1440,26,0.00044771717889499895,0.4230769230769231,10,0.003834064665126992,16,-0.0016687499999999966,0.0026927637405646833,0.28888888888888886
60m,rsi_fade30,long,0.02,0.01,240,26,-0.0018996634346234822,0.5,10,0.0013475507383294964,16,-0.003929172292719094,0.0022952243302417877,0.28888888888888886
60m,rsi_fade30,long,0.02,0.01,1440,26,-0.0019107108724420404,0.34615384615384615,10,0.003952151731650667,16,-0.005574999999999983,0.0030233466556119563,0.28888888888888886
60m,rsi_fade30,short,0.005,0.005,240,25,-0.0029999999999999172,0.32,13,-0.003892307692307609,12,-0.0020333333333332503,0.0014864709750263994,0.2777777777777778
60m,rsi_fade30,short,0.005,0.005,1440,25,-0.0029999999999999172,0.32,13,-0.003892307692307609,12,-0.0020333333333332503,0.0014864709750263994,0.2777777777777778
60m,rsi_fade30,short,0.01,0.005,240,25,-0.0029796299308133133,0.24,13,-0.003752772265970675,12,-0.0021420590677261714,0.0019287548221447349,0.2777777777777778
60m,rsi_fade30,short,0.01,0.005,1440,25,-0.0025999999999999123,0.24,13,-0.0027384615384614458,12,-0.0024499999999999175,0.001958373629501588,0.2777777777777778
60m,rsi_fade30,short,0.01,0.01,240,24,-0.003887114511263952,0.375,13,-0.00452200303520153,11,-0.003136791710246814,0.002954871911803668,0.26666666666666666
60m,rsi_fade30,short,0.01,0.01,1440,24,-0.003699999999999997,0.375,13,-0.003507692307692301,11,-0.00392727272727273,0.003042400096487551,0.26666666666666666
60m,rsi_fade30,short,0.015,0.0075,240,25,-0.00307962993081344,0.28,13,-0.0035604645736631146,12,-0.0025587257343929587,0.002892713727509329,0.2777777777777778
60m,rsi_fade30,short,0.015,0.0075,1440,25,-0.002400000000000054,0.28,13,-0.0017769230769231327,12,-0.003075000000000052,0.002937560444252406,0.2777777777777778
60m,rsi_fade30,short,0.02,0.01,240,24,-0.0050833250409037635,0.25,13,-0.007876863183286805,11,-0.0017818708726328994,0.0037795262962435085,0.26666666666666666
60m,rsi_fade30,short,0.02,0.01,1440,24,-0.004056364131916052,0.25,13,-0.007242518397383473,11,-0.00029090909090909986,0.004563600144731321,0.26666666666666666
60m,RANDOM,long,0.005,0.005,240,539,-0.0011640931695585334,0.5064935064935064,324,-0.0012627997533004485,215,-0.0010153446433614154,0.0003318371230169429,5.988888888888889
60m,RANDOM,long,0.005,0.005,1440,473,-0.0011894291754757462,0.5010570824524313,274,-0.001345985401459911,199,-0.0009738693467337311,0.00035497094010845346,5.2555555555555555
60m,RANDOM,long,0.01,0.005,240,539,-0.0010709959568105509,0.40816326530612246,324,-0.0011144657893710085,215,-0.0010054879300682793,0.00045293455554973436,5.988888888888889
60m,RANDOM,long,0.01,0.005,1440,390,-0.0011771893491011268,0.3384615384615385,210,-0.0012290659340449459,180,-0.0011166666666666714,0.0005306774537331348,4.333333333333333
60m,RANDOM,long,0.01,0.01,240,539,-0.000843651876831847,0.5250463821892394,324,-0.000974486213307734,215,-0.0006464875744216732,0.0005851320187778933,5.988888888888889
60m,RANDOM,long,0.01,0.01,1440,309,-0.0008967688178506908,0.511326860841424,157,-0.0011654790391614886,152,-0.0006192194445230903,0.0008098086318709397,3.433333333333333
60m,RANDOM,long,0.015,0.0075,240,539,-0.0010739479206028461,0.44155844155844154,324,-0.0010633320751509093,215,-0.001089945752818788,0.0006107889773830928,5.988888888888889
60m,RANDOM,long,0.015,0.0075,1440,302,-0.0012867801889505026,0.34105960264900664,151,-0.001157059612537531,151,-0.0014165007653634744,0.0008540197848526921,3.3555555555555556
60m,RANDOM,long,0.02,0.01,240,539,-0.0009083677450206632,0.4749536178107607,324,-0.0009616035390755505,215,-0.0008281426414216705,0.0007202554497797693,5.988888888888889
60m,RANDOM,long,0.02,0.01,1440,239,-0.0005656463604433265,0.3723849372384937,123,-0.0008473902974232062,116,-0.00026690063416293677,0.0013317387591075202,2.6555555555555554
60m,RANDOM,short,0.005,0.005,240,539,-0.001235906830441466,0.49165120593692024,324,-0.001137200246699551,215,-0.0013846553566385846,0.0003318371230169429,5.988888888888889
60m,RANDOM,short,0.005,0.005,1440,473,-0.0012105708245242527,0.4989429175475687,274,-0.0010540145985400884,199,-0.0014261306532662688,0.00035497094010845346,5.2555555555555555
60m,RANDOM,short,0.01,0.005,240,539,-0.0013259249127620756,0.3803339517625232,324,-0.0012269101480120003,215,-0.001475137860571492,0.0004411868807900392,5.988888888888889
60m,RANDOM,short,0.01,0.005,1440,402,-0.0012616986668274757,0.3308457711442786,219,-0.001024456618488332,183,-0.0015456112820530082,0.0005132527559668991,4.466666666666667
60m,RANDOM,short,0.01,0.01,240,539,-0.0015563481231681525,0.47309833024118736,324,-0.0014255137866922656,215,-0.0017535124255783265,0.0005851320187778933,5.988888888888889
60m,RANDOM,short,0.01,0.01,1440,309,-0.0015032311821493087,0.4886731391585761,157,-0.0012345209608385103,152,-0.001780780555476909,0.0008098086318709397,3.433333333333333
60m,RANDOM,short,0.015,0.0075,240,539,-0.0013918884211100867,0.4230055658627087,324,-0.001443315765885792,215,-0.0013143886085178614,0.0005955217391376089,5.988888888888889
60m,RANDOM,short,0.015,0.0075,1440,310,-0.001472581630151285,0.33225806451612905,161,-0.0014407046008147744,149,-0.0015070259370182533,0.0008594237415752383,3.4444444444444446
60m,RANDOM,short,0.02,0.01,240,539,-0.0016920934376455368,0.4359925788497217,324,-0.00182465655019403,215,-0.0014923239098980396,0.0007008760495569461,5.988888888888889
60m,RANDOM,short,0.02,0.01,1440,224,-0.002035684627058007,0.33482142857142855,120,-0.002370426305883383,104,-0.0016494442284133428,0.0013635006828404573,2.488888888888889
