2026-09-11 19:52:31  Bitget DEMO MAKER-ONLY | risk 0.5% | offset 0.5xATR | expire 4 bars | 5x isolated
2026-09-11 19:52:31     SBTC/SUSDT:SUSDT     <- bb_break(30, 1.5)+none @ 1h
2026-09-11 19:52:31     SETH/SUSDT:SUSDT     <- bb_break(30, 1.5)+none @ 15m
2026-09-11 19:52:31     SXRP/SUSDT:SUSDT     <- rsi_mom(7, 40, 60)+none @ 15m
2026-09-11 19:52:32  equity: 2879.35 SUSDT | positions: 1 | resting orders: 0
2026-09-11 19:53:44  Bitget DEMO MAKER-ONLY | risk 0.5% | offset 0.5xATR | expire 4 bars | 5x isolated
2026-09-11 19:53:44     SBTC/SUSDT:SUSDT     <- bb_break(30, 1.5)+none @ 1h
2026-09-11 19:53:44     SETH/SUSDT:SUSDT     <- bb_break(30, 1.5)+none @ 15m
2026-09-11 19:53:44     SXRP/SUSDT:SUSDT     <- rsi_mom(7, 40, 60)+none @ 15m
2026-09-11 19:53:45  equity: 2879.03 SUSDT | positions: 1 | resting orders: 0
2026-09-11 19:53:46  equity=2879.03 SUSDT | pos=1 | resting=0 | FILL RATE 0/0 = 0.0% | avg slip +0.00bp
2026-09-11 19:53:46  [maker_bb_break_1h] 1h flat; HOLD
2026-09-11 19:53:46  [maker_bb_break_15m] holding long uPnL=-8.2852
2026-09-11 19:53:46  [maker_rsi_mom_15m] 15m SIGNAL SELL -> POST-ONLY sell 613.0 @1.364 (mkt 1.3578, 0.5xATR behind) sl=1.38713 tp=1.32847
2026-09-11 19:53:46  [maker_rsi_mom_15m] DRY: not sent
2026-09-11 19:53:46  ---- maker standings ----
2026-09-11 19:53:46     signals=1 posted=0 filled=0 unfilled/expired=0 rejected=0
2026-09-11 19:53:46     maker_bb_break_1h        ACTIVE  trades=  0 meanR=+0.000 dd= 0.00% (1h)
2026-09-11 19:53:46     maker_bb_break_15m       ACTIVE  trades=  0 meanR=+0.000 dd= 0.00% (15m)
2026-09-11 19:53:46     maker_rsi_mom_15m        ACTIVE  trades=  0 meanR=+0.000 dd= 0.00% (15m)
2026-09-11 19:54:05  Bitget DEMO MAKER-ONLY | risk 0.5% | offset 0.5xATR | expire 4 bars | 5x isolated
2026-09-11 19:54:05     SBTC/SUSDT:SUSDT     <- bb_break(30, 1.5)+none @ 1h
2026-09-11 19:54:05     SETH/SUSDT:SUSDT     <- bb_break(30, 1.5)+none @ 15m
2026-09-11 19:54:05     SXRP/SUSDT:SUSDT     <- rsi_mom(7, 40, 60)+none @ 15m
2026-09-11 19:54:06  equity: 2878.72 SUSDT | positions: 1 | resting orders: 0
2026-09-11 19:54:07  equity=2878.72 SUSDT | pos=1 | resting=0 | FILL RATE 0/0 = 0.0% | avg slip +0.00bp
2026-09-11 19:54:07  [maker_bb_break_1h] 1h flat; HOLD
2026-09-11 19:54:08  [maker_bb_break_15m] holding long uPnL=-8.5988
2026-09-11 19:54:08  [maker_rsi_mom_15m] 15m SIGNAL SELL -> POST-ONLY sell 613.0 @1.364 (mkt 1.3578, 0.5xATR behind) sl=1.38713 tp=1.32847
2026-09-11 19:54:09  [maker_rsi_mom_15m] POSTED id=1482395080051032065
2026-09-11 19:55:10  equity=2879.05 SUSDT | pos=1 | resting=1 | FILL RATE 0/1 = 0.0% | avg slip +0.00bp
2026-09-11 19:56:11  equity=2878.72 SUSDT | pos=1 | resting=1 | FILL RATE 0/1 = 0.0% | avg slip +0.00bp
2026-09-11 19:57:13  equity=2878.92 SUSDT | pos=1 | resting=1 | FILL RATE 0/1 = 0.0% | avg slip +0.00bp
2026-09-11 19:58:15  equity=2878.38 SUSDT | pos=1 | resting=1 | FILL RATE 0/1 = 0.0% | avg slip +0.00bp
2026-09-11 19:59:16  equity=2878.78 SUSDT | pos=1 | resting=1 | FILL RATE 0/1 = 0.0% | avg slip +0.00bp
2026-09-11 20:00:18  equity=2878.71 SUSDT | pos=1 | resting=1 | FILL RATE 0/1 = 0.0% | avg slip +0.00bp
2026-09-11 20:00:18  [maker_bb_break_1h] 1h flat; HOLD
2026-09-11 20:00:19  [maker_bb_break_15m] holding long uPnL=-8.6044
2026-09-11 20:00:19  [maker_rsi_mom_15m] cancelled resting order on SXRPSUSDT (signal gone/flipped)
2026-09-11 20:00:19  [maker_rsi_mom_15m] 15m flat; HOLD
2026-09-11 20:01:20  equity=2878.53 SUSDT | pos=1 | resting=0 | FILL RATE 0/1 = 0.0% | avg slip +0.00bp
2026-09-11 20:02:22  equity=2879.27 SUSDT | pos=1 | resting=0 | FILL RATE 0/1 = 0.0% | avg slip +0.00bp
2026-09-11 20:03:24  equity=2880.20 SUSDT | pos=1 | resting=0 | FILL RATE 0/1 = 0.0% | avg slip +0.00bp
2026-09-11 20:04:25  equity=2880.05 SUSDT | pos=1 | resting=0 | FILL RATE 0/1 = 0.0% | avg slip +0.00bp
2026-09-11 20:05:27  equity=2880.53 SUSDT | pos=1 | resting=0 | FILL RATE 0/1 = 0.0% | avg slip +0.00bp
2026-09-11 20:06:29  equity=2880.47 SUSDT | pos=1 | resting=0 | FILL RATE 0/1 = 0.0% | avg slip +0.00bp
2026-09-11 20:07:30  equity=2880.36 SUSDT | pos=1 | resting=0 | FILL RATE 0/1 = 0.0% | avg slip +0.00bp
2026-09-11 20:08:32  equity=2880.10 SUSDT | pos=1 | resting=0 | FILL RATE 0/1 = 0.0% | avg slip +0.00bp
2026-09-11 20:09:34  equity=2879.99 SUSDT | pos=1 | resting=0 | FILL RATE 0/1 = 0.0% | avg slip +0.00bp
2026-09-11 20:10:35  equity=2879.81 SUSDT | pos=1 | resting=0 | FILL RATE 0/1 = 0.0% | avg slip +0.00bp
2026-09-11 20:11:37  equity=2880.43 SUSDT | pos=1 | resting=0 | FILL RATE 0/1 = 0.0% | avg slip +0.00bp
2026-09-11 20:12:38  equity=2880.26 SUSDT | pos=1 | resting=0 | FILL RATE 0/1 = 0.0% | avg slip +0.00bp
2026-09-11 20:13:40  equity=2880.20 SUSDT | pos=1 | resting=0 | FILL RATE 0/1 = 0.0% | avg slip +0.00bp
2026-09-11 20:13:41  ---- maker standings ----
2026-09-11 20:13:41     signals=2 posted=1 filled=0 unfilled/expired=0 rejected=0
2026-09-11 20:13:41     FILL RATE = 0.0%  (backtest needed >~60% at 0.5xATR to stay positive)
2026-09-11 20:13:41     maker_bb_break_1h        ACTIVE  trades=  0 meanR=+0.000 dd= 0.00% (1h)
2026-09-11 20:13:41     maker_bb_break_15m       ACTIVE  trades=  0 meanR=+0.000 dd= 0.00% (15m)
2026-09-11 20:13:41     maker_rsi_mom_15m        ACTIVE  trades=  0 meanR=+0.000 dd= 0.00% (15m)
2026-09-11 20:14:42  equity=2880.23 SUSDT | pos=1 | resting=0 | FILL RATE 0/1 = 0.0% | avg slip +0.00bp
2026-09-11 20:15:43  equity=2879.91 SUSDT | pos=1 | resting=0 | FILL RATE 0/1 = 0.0% | avg slip +0.00bp
2026-09-11 20:15:44  [maker_bb_break_15m] holding long uPnL=-7.3864
2026-09-11 20:15:44  [maker_rsi_mom_15m] 15m flat; HOLD
2026-09-11 20:16:45  equity=2879.76 SUSDT | pos=1 | resting=0 | FILL RATE 0/1 = 0.0% | avg slip +0.00bp
2026-09-11 20:17:47  equity=2879.44 SUSDT | pos=1 | resting=0 | FILL RATE 0/1 = 0.0% | avg slip +0.00bp
2026-09-11 20:18:48  equity=2878.84 SUSDT | pos=1 | resting=0 | FILL RATE 0/1 = 0.0% | avg slip +0.00bp
2026-09-11 20:19:50  equity=2878.81 SUSDT | pos=1 | resting=0 | FILL RATE 0/1 = 0.0% | avg slip +0.00bp
2026-09-11 20:20:52  equity=2878.39 SUSDT | pos=1 | resting=0 | FILL RATE 0/1 = 0.0% | avg slip +0.00bp
2026-09-11 20:21:53  equity=2878.75 SUSDT | pos=1 | resting=0 | FILL RATE 0/1 = 0.0% | avg slip +0.00bp
2026-09-11 20:22:55  equity=2878.76 SUSDT | pos=1 | resting=0 | FILL RATE 0/1 = 0.0% | avg slip +0.00bp
2026-09-11 20:23:57  equity=2878.69 SUSDT | pos=1 | resting=0 | FILL RATE 0/1 = 0.0% | avg slip +0.00bp
2026-09-11 20:24:58  equity=2878.96 SUSDT | pos=1 | resting=0 | FILL RATE 0/1 = 0.0% | avg slip +0.00bp
2026-09-11 20:26:00  equity=2878.52 SUSDT | pos=1 | resting=0 | FILL RATE 0/1 = 0.0% | avg slip +0.00bp
2026-09-11 20:27:02  equity=2878.72 SUSDT | pos=1 | resting=0 | FILL RATE 0/1 = 0.0% | avg slip +0.00bp
2026-09-11 20:28:03  equity=2878.63 SUSDT | pos=1 | resting=0 | FILL RATE 0/1 = 0.0% | avg slip +0.00bp
2026-09-11 20:29:05  equity=2878.26 SUSDT | pos=1 | resting=0 | FILL RATE 0/1 = 0.0% | avg slip +0.00bp
2026-09-11 20:30:07  equity=2877.55 SUSDT | pos=1 | resting=0 | FILL RATE 0/1 = 0.0% | avg slip +0.00bp
2026-09-11 20:30:07  [maker_bb_break_15m] holding long uPnL=-9.7524
2026-09-11 20:30:07  [maker_rsi_mom_15m] 15m flat; HOLD
2026-09-11 20:31:08  equity=2877.42 SUSDT | pos=1 | resting=0 | FILL RATE 0/1 = 0.0% | avg slip +0.00bp
2026-09-11 20:32:10  equity=2876.07 SUSDT | pos=1 | resting=0 | FILL RATE 0/1 = 0.0% | avg slip +0.00bp
2026-09-11 20:33:12  equity=2875.86 SUSDT | pos=1 | resting=0 | FILL RATE 0/1 = 0.0% | avg slip +0.00bp
2026-09-11 20:34:14  equity=2876.91 SUSDT | pos=1 | resting=0 | FILL RATE 0/1 = 0.0% | avg slip +0.00bp
2026-09-11 20:34:14  ---- maker standings ----
2026-09-11 20:34:14     signals=2 posted=1 filled=0 unfilled/expired=0 rejected=0
2026-09-11 20:34:14     FILL RATE = 0.0%  (backtest needed >~60% at 0.5xATR to stay positive)
2026-09-11 20:34:14     maker_bb_break_1h        ACTIVE  trades=  0 meanR=+0.000 dd= 0.00% (1h)
2026-09-11 20:34:14     maker_bb_break_15m       ACTIVE  trades=  0 meanR=+0.000 dd= 0.00% (15m)
2026-09-11 20:34:14     maker_rsi_mom_15m        ACTIVE  trades=  0 meanR=+0.000 dd= 0.00% (15m)
2026-09-11 20:35:15  equity=2877.07 SUSDT | pos=1 | resting=0 | FILL RATE 0/1 = 0.0% | avg slip +0.00bp
2026-09-11 20:36:17  equity=2876.37 SUSDT | pos=0 | resting=0 | FILL RATE 0/1 = 0.0% | avg slip +0.00bp
2026-09-11 20:37:19  equity=2876.37 SUSDT | pos=0 | resting=0 | FILL RATE 0/1 = 0.0% | avg slip +0.00bp
2026-09-11 20:38:20  equity=2876.37 SUSDT | pos=0 | resting=0 | FILL RATE 0/1 = 0.0% | avg slip +0.00bp
2026-09-12 00:16:22  Bitget DEMO MAKER-ONLY | risk 0.5% | offset 0.5xATR | expire 4 bars | 5x isolated
2026-09-12 00:16:22     SBTC/SUSDT:SUSDT     <- bb_break(30, 1.5)+none @ 1h
2026-09-12 00:16:22     SETH/SUSDT:SUSDT     <- bb_break(30, 1.5)+none @ 15m
2026-09-12 00:16:22     SXRP/SUSDT:SUSDT     <- rsi_mom(7, 40, 60)+none @ 15m
2026-09-12 00:16:23  equity: 2876.24 SUSDT | positions: 0 | resting orders: 0
2026-09-12 00:16:24  equity=2876.24 SUSDT | pos=0 | resting=0 | FILL RATE 0/1 = 0.0% | avg slip +0.00bp
2026-09-12 00:16:24  [maker_bb_break_1h] 1h flat; HOLD
2026-09-12 00:16:24  [maker_bb_break_15m] 15m flat; HOLD
2026-09-12 00:16:24  [maker_rsi_mom_15m] 15m flat; HOLD
2026-09-12 00:17:25  equity=2876.24 SUSDT | pos=0 | resting=0 | FILL RATE 0/1 = 0.0% | avg slip +0.00bp
2026-09-12 00:18:27  equity=2876.24 SUSDT | pos=0 | resting=0 | FILL RATE 0/1 = 0.0% | avg slip +0.00bp
2026-09-12 00:19:28  equity=2876.24 SUSDT | pos=0 | resting=0 | FILL RATE 0/1 = 0.0% | avg slip +0.00bp
2026-09-12 00:20:30  equity=2876.24 SUSDT | pos=0 | resting=0 | FILL RATE 0/1 = 0.0% | avg slip +0.00bp
2026-09-12 00:20:38  breakers reset: none were tripped
2026-09-12 00:20:47  Bitget DEMO MAKER-ONLY | risk 4.0% | offset 0.5xATR | expire 4 bars | 5x isolated
2026-09-12 00:20:47     SBTC/SUSDT:SUSDT     <- bb_break(30, 1.5)+none @ 1h
2026-09-12 00:20:47     SETH/SUSDT:SUSDT     <- bb_break(30, 1.5)+none @ 15m
2026-09-12 00:20:47     SXRP/SUSDT:SUSDT     <- rsi_mom(7, 40, 60)+none @ 15m
2026-09-12 00:20:48  equity: 2876.24 SUSDT | positions: 0 | resting orders: 0
2026-09-12 00:20:49  equity=2876.24 SUSDT | pos=0 | resting=0 | FILL RATE 0/1 = 0.0% | avg slip +0.00bp
2026-09-12 00:21:50  equity=2876.24 SUSDT | pos=0 | resting=0 | FILL RATE 0/1 = 0.0% | avg slip +0.00bp
2026-09-12 00:22:52  equity=2876.24 SUSDT | pos=0 | resting=0 | FILL RATE 0/1 = 0.0% | avg slip +0.00bp
2026-09-12 00:23:53  equity=2876.24 SUSDT | pos=0 | resting=0 | FILL RATE 0/1 = 0.0% | avg slip +0.00bp
2026-09-12 00:24:55  equity=2876.24 SUSDT | pos=0 | resting=0 | FILL RATE 0/1 = 0.0% | avg slip +0.00bp
2026-09-12 00:25:56  equity=2876.24 SUSDT | pos=0 | resting=0 | FILL RATE 0/1 = 0.0% | avg slip +0.00bp
2026-09-12 00:26:58  equity=2876.24 SUSDT | pos=0 | resting=0 | FILL RATE 0/1 = 0.0% | avg slip +0.00bp
2026-09-12 00:28:00  equity=2876.24 SUSDT | pos=0 | resting=0 | FILL RATE 0/1 = 0.0% | avg slip +0.00bp
2026-09-12 00:29:01  equity=2876.24 SUSDT | pos=0 | resting=0 | FILL RATE 0/1 = 0.0% | avg slip +0.00bp
2026-09-12 00:30:03  equity=2876.24 SUSDT | pos=0 | resting=0 | FILL RATE 0/1 = 0.0% | avg slip +0.00bp
2026-09-12 00:30:03  [maker_bb_break_15m] 15m flat; HOLD
2026-09-12 00:30:04  [maker_rsi_mom_15m] 15m flat; HOLD
2026-09-12 00:31:05  equity=2876.24 SUSDT | pos=0 | resting=0 | FILL RATE 0/1 = 0.0% | avg slip +0.00bp
2026-09-12 00:32:06  equity=2876.24 SUSDT | pos=0 | resting=0 | FILL RATE 0/1 = 0.0% | avg slip +0.00bp
2026-09-12 00:33:08  equity=2876.24 SUSDT | pos=0 | resting=0 | FILL RATE 0/1 = 0.0% | avg slip +0.00bp
2026-09-12 00:34:09  equity=2876.24 SUSDT | pos=0 | resting=0 | FILL RATE 0/1 = 0.0% | avg slip +0.00bp
2026-09-12 00:35:11  equity=2876.24 SUSDT | pos=0 | resting=0 | FILL RATE 0/1 = 0.0% | avg slip +0.00bp
2026-09-12 00:36:12  equity=2876.24 SUSDT | pos=0 | resting=0 | FILL RATE 0/1 = 0.0% | avg slip +0.00bp
2026-09-12 00:37:14  equity=2876.24 SUSDT | pos=0 | resting=0 | FILL RATE 0/1 = 0.0% | avg slip +0.00bp
2026-09-12 00:38:15  equity=2876.24 SUSDT | pos=0 | resting=0 | FILL RATE 0/1 = 0.0% | avg slip +0.00bp
2026-09-12 00:39:17  equity=2876.24 SUSDT | pos=0 | resting=0 | FILL RATE 0/1 = 0.0% | avg slip +0.00bp
2026-09-12 00:40:18  equity=2876.24 SUSDT | pos=0 | resting=0 | FILL RATE 0/1 = 0.0% | avg slip +0.00bp
2026-09-12 00:40:19  ---- maker standings ----
2026-09-12 00:40:19     signals=2 posted=1 filled=0 unfilled/expired=0 rejected=0
2026-09-12 00:40:19     FILL RATE = 0.0%  (backtest needed >~60% at 0.5xATR to stay positive)
2026-09-12 00:40:19     maker_bb_break_1h        ACTIVE  trades=  0 meanR=+0.000 dd= 0.00% (1h)
2026-09-12 00:40:19     maker_bb_break_15m       ACTIVE  trades=  0 meanR=+0.000 dd= 0.00% (15m)
2026-09-12 00:40:19     maker_rsi_mom_15m        ACTIVE  trades=  0 meanR=+0.000 dd= 0.00% (15m)
2026-09-12 00:41:20  equity=2876.24 SUSDT | pos=0 | resting=0 | FILL RATE 0/1 = 0.0% | avg slip +0.00bp
2026-09-12 00:42:22  equity=2876.24 SUSDT | pos=0 | resting=0 | FILL RATE 0/1 = 0.0% | avg slip +0.00bp
2026-09-12 00:43:23  equity=2876.24 SUSDT | pos=0 | resting=0 | FILL RATE 0/1 = 0.0% | avg slip +0.00bp
2026-09-12 00:44:25  equity=2876.24 SUSDT | pos=0 | resting=0 | FILL RATE 0/1 = 0.0% | avg slip +0.00bp
2026-09-12 00:45:26  equity=2876.24 SUSDT | pos=0 | resting=0 | FILL RATE 0/1 = 0.0% | avg slip +0.00bp
2026-09-12 00:45:27  [maker_bb_break_15m] 15m flat; HOLD
2026-09-12 00:45:27  [maker_rsi_mom_15m] 15m flat; HOLD
2026-09-12 00:46:28  equity=2876.24 SUSDT | pos=0 | resting=0 | FILL RATE 0/1 = 0.0% | avg slip +0.00bp
2026-09-12 00:47:30  equity=2876.24 SUSDT | pos=0 | resting=0 | FILL RATE 0/1 = 0.0% | avg slip +0.00bp
2026-09-12 00:48:31  equity=2876.24 SUSDT | pos=0 | resting=0 | FILL RATE 0/1 = 0.0% | avg slip +0.00bp
2026-09-12 00:49:33  equity=2876.24 SUSDT | pos=0 | resting=0 | FILL RATE 0/1 = 0.0% | avg slip +0.00bp
2026-09-12 00:50:34  equity=2876.24 SUSDT | pos=0 | resting=0 | FILL RATE 0/1 = 0.0% | avg slip +0.00bp
2026-09-12 00:51:36  equity=2876.24 SUSDT | pos=0 | resting=0 | FILL RATE 0/1 = 0.0% | avg slip +0.00bp
2026-09-12 00:52:37  equity=2876.24 SUSDT | pos=0 | resting=0 | FILL RATE 0/1 = 0.0% | avg slip +0.00bp
2026-09-12 00:53:39  equity=2876.24 SUSDT | pos=0 | resting=0 | FILL RATE 0/1 = 0.0% | avg slip +0.00bp
2026-09-12 00:54:40  equity=2876.24 SUSDT | pos=0 | resting=0 | FILL RATE 0/1 = 0.0% | avg slip +0.00bp
2026-09-12 00:55:42  equity=2876.24 SUSDT | pos=0 | resting=0 | FILL RATE 0/1 = 0.0% | avg slip +0.00bp
2026-09-12 00:56:43  equity=2876.24 SUSDT | pos=0 | resting=0 | FILL RATE 0/1 = 0.0% | avg slip +0.00bp
2026-09-12 00:57:45  equity=2876.24 SUSDT | pos=0 | resting=0 | FILL RATE 0/1 = 0.0% | avg slip +0.00bp
2026-09-12 00:58:46  equity=2876.24 SUSDT | pos=0 | resting=0 | FILL RATE 0/1 = 0.0% | avg slip +0.00bp
2026-09-12 00:59:48  equity=2876.24 SUSDT | pos=0 | resting=0 | FILL RATE 0/1 = 0.0% | avg slip +0.00bp
2026-09-12 01:00:50  equity=2876.24 SUSDT | pos=0 | resting=0 | FILL RATE 0/1 = 0.0% | avg slip +0.00bp
2026-09-12 01:00:50  [maker_bb_break_1h] 1h flat; HOLD
2026-09-12 01:00:50  [maker_bb_break_15m] 15m flat; HOLD
2026-09-12 01:00:50  [maker_rsi_mom_15m] 15m flat; HOLD
2026-09-12 01:00:50  ---- maker standings ----
2026-09-12 01:00:50     signals=2 posted=1 filled=0 unfilled/expired=0 rejected=0
2026-09-12 01:00:50     FILL RATE = 0.0%  (backtest needed >~60% at 0.5xATR to stay positive)
2026-09-12 01:00:50     maker_bb_break_1h        ACTIVE  trades=  0 meanR=+0.000 dd= 0.00% (1h)
2026-09-12 01:00:50     maker_bb_break_15m       ACTIVE  trades=  0 meanR=+0.000 dd= 0.00% (15m)
2026-09-12 01:00:50     maker_rsi_mom_15m        ACTIVE  trades=  0 meanR=+0.000 dd= 0.00% (15m)
2026-09-12 01:01:51  equity=2876.24 SUSDT | pos=0 | resting=0 | FILL RATE 0/1 = 0.0% | avg slip +0.00bp
2026-09-12 01:02:53  equity=2876.24 SUSDT | pos=0 | resting=0 | FILL RATE 0/1 = 0.0% | avg slip +0.00bp
2026-09-12 01:03:54  equity=2876.24 SUSDT | pos=0 | resting=0 | FILL RATE 0/1 = 0.0% | avg slip +0.00bp
2026-09-12 01:04:56  equity=2876.24 SUSDT | pos=0 | resting=0 | FILL RATE 0/1 = 0.0% | avg slip +0.00bp
2026-09-12 01:05:57  equity=2876.24 SUSDT | pos=0 | resting=0 | FILL RATE 0/1 = 0.0% | avg slip +0.00bp
2026-09-12 01:06:59  equity=2876.24 SUSDT | pos=0 | resting=0 | FILL RATE 0/1 = 0.0% | avg slip +0.00bp
2026-09-12 01:08:01  equity=2876.24 SUSDT | pos=0 | resting=0 | FILL RATE 0/1 = 0.0% | avg slip +0.00bp
2026-09-12 01:09:02  equity=2876.24 SUSDT | pos=0 | resting=0 | FILL RATE 0/1 = 0.0% | avg slip +0.00bp
2026-09-12 01:10:04  equity=2876.24 SUSDT | pos=0 | resting=0 | FILL RATE 0/1 = 0.0% | avg slip +0.00bp
2026-09-12 01:11:05  equity=2876.24 SUSDT | pos=0 | resting=0 | FILL RATE 0/1 = 0.0% | avg slip +0.00bp
2026-09-12 01:12:07  equity=2876.24 SUSDT | pos=0 | resting=0 | FILL RATE 0/1 = 0.0% | avg slip +0.00bp
2026-09-12 01:13:08  equity=2876.24 SUSDT | pos=0 | resting=0 | FILL RATE 0/1 = 0.0% | avg slip +0.00bp
2026-09-12 01:14:10  equity=2876.24 SUSDT | pos=0 | resting=0 | FILL RATE 0/1 = 0.0% | avg slip +0.00bp
2026-09-12 01:15:12  equity=2876.24 SUSDT | pos=0 | resting=0 | FILL RATE 0/1 = 0.0% | avg slip +0.00bp
2026-09-12 01:15:12  [maker_bb_break_15m] 15m flat; HOLD
2026-09-12 01:15:12  [maker_rsi_mom_15m] 15m flat; HOLD
2026-09-12 01:16:13  equity=2876.24 SUSDT | pos=0 | resting=0 | FILL RATE 0/1 = 0.0% | avg slip +0.00bp
2026-09-12 01:17:15  equity=2876.24 SUSDT | pos=0 | resting=0 | FILL RATE 0/1 = 0.0% | avg slip +0.00bp
2026-09-12 01:18:16  equity=2876.24 SUSDT | pos=0 | resting=0 | FILL RATE 0/1 = 0.0% | avg slip +0.00bp
2026-09-12 01:19:18  equity=2876.24 SUSDT | pos=0 | resting=0 | FILL RATE 0/1 = 0.0% | avg slip +0.00bp
2026-09-12 01:20:19  equity=2876.24 SUSDT | pos=0 | resting=0 | FILL RATE 0/1 = 0.0% | avg slip +0.00bp
2026-09-12 01:21:21  equity=2876.24 SUSDT | pos=0 | resting=0 | FILL RATE 0/1 = 0.0% | avg slip +0.00bp
2026-09-12 01:21:22  ---- maker standings ----
2026-09-12 01:21:22     signals=2 posted=1 filled=0 unfilled/expired=0 rejected=0
2026-09-12 01:21:22     FILL RATE = 0.0%  (backtest needed >~60% at 0.5xATR to stay positive)
2026-09-12 01:21:22     maker_bb_break_1h        ACTIVE  trades=  0 meanR=+0.000 dd= 0.00% (1h)
2026-09-12 01:21:22     maker_bb_break_15m       ACTIVE  trades=  0 meanR=+0.000 dd= 0.00% (15m)
2026-09-12 01:21:22     maker_rsi_mom_15m        ACTIVE  trades=  0 meanR=+0.000 dd= 0.00% (15m)
2026-09-12 01:22:23  equity=2876.24 SUSDT | pos=0 | resting=0 | FILL RATE 0/1 = 0.0% | avg slip +0.00bp
2026-09-12 01:23:24  equity=2876.24 SUSDT | pos=0 | resting=0 | FILL RATE 0/1 = 0.0% | avg slip +0.00bp
2026-09-12 01:24:26  equity=2876.24 SUSDT | pos=0 | resting=0 | FILL RATE 0/1 = 0.0% | avg slip +0.00bp
2026-09-12 01:25:27  equity=2876.24 SUSDT | pos=0 | resting=0 | FILL RATE 0/1 = 0.0% | avg slip +0.00bp
2026-09-12 01:26:29  equity=2876.24 SUSDT | pos=0 | resting=0 | FILL RATE 0/1 = 0.0% | avg slip +0.00bp
2026-09-12 01:27:31  equity=2876.24 SUSDT | pos=0 | resting=0 | FILL RATE 0/1 = 0.0% | avg slip +0.00bp
2026-09-12 01:28:32  equity=2876.24 SUSDT | pos=0 | resting=0 | FILL RATE 0/1 = 0.0% | avg slip +0.00bp
2026-09-12 01:29:34  equity=2876.24 SUSDT | pos=0 | resting=0 | FILL RATE 0/1 = 0.0% | avg slip +0.00bp
2026-09-12 01:30:36  equity=2876.24 SUSDT | pos=0 | resting=0 | FILL RATE 0/1 = 0.0% | avg slip +0.00bp
2026-09-12 01:30:36  [maker_bb_break_15m] 15m flat; HOLD
2026-09-12 01:30:36  [maker_rsi_mom_15m] 15m SIGNAL BUY -> POST-ONLY buy 10314.0 @1.358 (mkt 1.3607, 0.5xATR behind) sl=1.34676 tp=1.37464
2026-09-12 01:30:37  [maker_rsi_mom_15m] POSTED id=1482479754282696705
2026-09-12 01:31:38  equity=2876.24 SUSDT | pos=0 | resting=1 | FILL RATE 0/2 = 0.0% | avg slip +0.00bp
2026-09-12 01:32:39  equity=2876.24 SUSDT | pos=0 | resting=1 | FILL RATE 0/2 = 0.0% | avg slip +0.00bp
2026-09-12 01:33:41  equity=2876.24 SUSDT | pos=0 | resting=1 | FILL RATE 0/2 = 0.0% | avg slip +0.00bp
2026-09-12 01:34:43  equity=2876.24 SUSDT | pos=0 | resting=1 | FILL RATE 0/2 = 0.0% | avg slip +0.00bp
2026-09-12 01:35:44  equity=2876.24 SUSDT | pos=0 | resting=1 | FILL RATE 0/2 = 0.0% | avg slip +0.00bp
2026-09-12 01:36:46  equity=2876.24 SUSDT | pos=0 | resting=1 | FILL RATE 0/2 = 0.0% | avg slip +0.00bp
2026-09-12 01:37:48  equity=2876.24 SUSDT | pos=0 | resting=1 | FILL RATE 0/2 = 0.0% | avg slip +0.00bp
2026-09-12 01:38:49  equity=2876.24 SUSDT | pos=0 | resting=1 | FILL RATE 0/2 = 0.0% | avg slip +0.00bp
2026-09-12 01:39:51  equity=2876.24 SUSDT | pos=0 | resting=1 | FILL RATE 0/2 = 0.0% | avg slip +0.00bp
2026-09-12 01:40:52  equity=2876.24 SUSDT | pos=0 | resting=1 | FILL RATE 0/2 = 0.0% | avg slip +0.00bp
2026-09-12 01:41:54  equity=2876.24 SUSDT | pos=0 | resting=1 | FILL RATE 0/2 = 0.0% | avg slip +0.00bp
2026-09-12 01:41:55  ---- maker standings ----
2026-09-12 01:41:55     signals=3 posted=2 filled=0 unfilled/expired=0 rejected=0
2026-09-12 01:41:55     FILL RATE = 0.0%  (backtest needed >~60% at 0.5xATR to stay positive)
2026-09-12 01:41:55     maker_bb_break_1h        ACTIVE  trades=  0 meanR=+0.000 dd= 0.00% (1h)
2026-09-12 01:41:55     maker_bb_break_15m       ACTIVE  trades=  0 meanR=+0.000 dd= 0.00% (15m)
2026-09-12 01:41:55     maker_rsi_mom_15m        ACTIVE  trades=  0 meanR=+0.000 dd= 0.00% (15m)
2026-09-12 01:42:55  equity=2876.24 SUSDT | pos=0 | resting=1 | FILL RATE 0/2 = 0.0% | avg slip +0.00bp
2026-09-12 01:43:57  equity=2876.24 SUSDT | pos=0 | resting=1 | FILL RATE 0/2 = 0.0% | avg slip +0.00bp
2026-09-12 01:44:59  equity=2876.24 SUSDT | pos=0 | resting=1 | FILL RATE 0/2 = 0.0% | avg slip +0.00bp
2026-09-12 01:46:00  equity=2876.24 SUSDT | pos=0 | resting=1 | FILL RATE 0/2 = 0.0% | avg slip +0.00bp
2026-09-12 01:46:01  [maker_bb_break_15m] 15m flat; HOLD
2026-09-12 01:46:01  [maker_rsi_mom_15m] cancelled resting order on SXRPSUSDT (re-post at new bar)
2026-09-12 01:46:01  [maker_rsi_mom_15m] 15m SIGNAL BUY -> POST-ONLY buy 10554.0 @1.359 (mkt 1.362, 0.5xATR behind) sl=1.34837 tp=1.37563
2026-09-12 01:46:02  [maker_rsi_mom_15m] ORDER REJECTED (would take): bitget {"code":"40762","msg":"The order amount exceeds the balance","requestTime":1789177562018,"data":null}
2026-09-12 01:47:03  equity=2876.24 SUSDT | pos=0 | resting=0 | FILL RATE 0/2 = 0.0% | avg slip +0.00bp
2026-09-12 01:48:04  equity=2876.24 SUSDT | pos=0 | resting=0 | FILL RATE 0/2 = 0.0% | avg slip +0.00bp
2026-09-12 01:49:06  equity=2876.24 SUSDT | pos=0 | resting=0 | FILL RATE 0/2 = 0.0% | avg slip +0.00bp
2026-09-12 01:50:07  equity=2876.24 SUSDT | pos=0 | resting=0 | FILL RATE 0/2 = 0.0% | avg slip +0.00bp
2026-09-12 01:51:09  equity=2876.24 SUSDT | pos=0 | resting=0 | FILL RATE 0/2 = 0.0% | avg slip +0.00bp
2026-09-12 01:52:10  equity=2876.24 SUSDT | pos=0 | resting=0 | FILL RATE 0/2 = 0.0% | avg slip +0.00bp
2026-09-12 01:53:12  equity=2876.24 SUSDT | pos=0 | resting=0 | FILL RATE 0/2 = 0.0% | avg slip +0.00bp
2026-09-12 01:54:14  equity=2876.24 SUSDT | pos=0 | resting=0 | FILL RATE 0/2 = 0.0% | avg slip +0.00bp
2026-09-12 01:55:15  equity=2876.24 SUSDT | pos=0 | resting=0 | FILL RATE 0/2 = 0.0% | avg slip +0.00bp
2026-09-12 01:56:17  equity=2876.24 SUSDT | pos=0 | resting=0 | FILL RATE 0/2 = 0.0% | avg slip +0.00bp
2026-09-12 01:57:18  equity=2876.24 SUSDT | pos=0 | resting=0 | FILL RATE 0/2 = 0.0% | avg slip +0.00bp
2026-09-12 01:58:20  equity=2876.24 SUSDT | pos=0 | resting=0 | FILL RATE 0/2 = 0.0% | avg slip +0.00bp
2026-09-12 01:59:22  equity=2876.24 SUSDT | pos=0 | resting=0 | FILL RATE 0/2 = 0.0% | avg slip +0.00bp
2026-09-12 02:00:23  equity=2876.24 SUSDT | pos=0 | resting=0 | FILL RATE 0/2 = 0.0% | avg slip +0.00bp
2026-09-12 02:00:23  [maker_bb_break_1h] 1h flat; HOLD
2026-09-12 02:00:24  [maker_bb_break_15m] 15m flat; HOLD
2026-09-12 02:00:24  [maker_rsi_mom_15m] 15m SIGNAL BUY -> POST-ONLY buy 10816.0 @1.358 (mkt 1.3602, 0.5xATR behind) sl=1.3469 tp=1.3735
2026-09-12 02:00:24  [maker_rsi_mom_15m] ORDER REJECTED (would take): bitget {"code":"40762","msg":"The order amount exceeds the balance","requestTime":1789178424804,"data":null}
2026-09-12 02:01:25  equity=2876.24 SUSDT | pos=0 | resting=0 | FILL RATE 0/2 = 0.0% | avg slip +0.00bp
2026-09-12 02:02:27  equity=2876.24 SUSDT | pos=0 | resting=0 | FILL RATE 0/2 = 0.0% | avg slip +0.00bp
2026-09-12 02:02:28  ---- maker standings ----
2026-09-12 02:02:28     signals=5 posted=2 filled=0 unfilled/expired=0 rejected=2
2026-09-12 02:02:28     FILL RATE = 0.0%  (backtest needed >~60% at 0.5xATR to stay positive)
2026-09-12 02:02:28     maker_bb_break_1h        ACTIVE  trades=  0 meanR=+0.000 dd= 0.00% (1h)
2026-09-12 02:02:28     maker_bb_break_15m       ACTIVE  trades=  0 meanR=+0.000 dd= 0.00% (15m)
2026-09-12 02:02:28     maker_rsi_mom_15m        ACTIVE  trades=  0 meanR=+0.000 dd= 0.00% (15m)
2026-09-12 02:03:29  equity=2876.24 SUSDT | pos=0 | resting=0 | FILL RATE 0/2 = 0.0% | avg slip +0.00bp
2026-09-12 02:04:30  equity=2876.24 SUSDT | pos=0 | resting=0 | FILL RATE 0/2 = 0.0% | avg slip +0.00bp
2026-09-12 02:05:32  equity=2876.24 SUSDT | pos=0 | resting=0 | FILL RATE 0/2 = 0.0% | avg slip +0.00bp
2026-09-12 02:06:33  equity=2876.24 SUSDT | pos=0 | resting=0 | FILL RATE 0/2 = 0.0% | avg slip +0.00bp
2026-09-12 02:07:35  equity=2876.24 SUSDT | pos=0 | resting=0 | FILL RATE 0/2 = 0.0% | avg slip +0.00bp
2026-09-12 02:08:36  equity=2876.24 SUSDT | pos=0 | resting=0 | FILL RATE 0/2 = 0.0% | avg slip +0.00bp
2026-09-12 02:09:38  equity=2876.24 SUSDT | pos=0 | resting=0 | FILL RATE 0/2 = 0.0% | avg slip +0.00bp
2026-09-12 02:10:40  equity=2876.24 SUSDT | pos=0 | resting=0 | FILL RATE 0/2 = 0.0% | avg slip +0.00bp
2026-09-12 02:11:41  equity=2876.24 SUSDT | pos=0 | resting=0 | FILL RATE 0/2 = 0.0% | avg slip +0.00bp
2026-09-12 02:12:43  equity=2876.24 SUSDT | pos=0 | resting=0 | FILL RATE 0/2 = 0.0% | avg slip +0.00bp
2026-09-12 02:13:44  equity=2876.24 SUSDT | pos=0 | resting=0 | FILL RATE 0/2 = 0.0% | avg slip +0.00bp
2026-09-12 02:14:46  equity=2876.24 SUSDT | pos=0 | resting=0 | FILL RATE 0/2 = 0.0% | avg slip +0.00bp
2026-09-12 02:15:48  equity=2876.24 SUSDT | pos=0 | resting=0 | FILL RATE 0/2 = 0.0% | avg slip +0.00bp
2026-09-12 02:15:48  [maker_bb_break_15m] 15m flat; HOLD
2026-09-12 02:15:48  [maker_rsi_mom_15m] 15m flat; HOLD
2026-09-12 02:16:49  equity=2876.24 SUSDT | pos=0 | resting=0 | FILL RATE 0/2 = 0.0% | avg slip +0.00bp
2026-09-12 02:17:51  equity=2876.24 SUSDT | pos=0 | resting=0 | FILL RATE 0/2 = 0.0% | avg slip +0.00bp
2026-09-12 02:18:52  equity=2876.24 SUSDT | pos=0 | resting=0 | FILL RATE 0/2 = 0.0% | avg slip +0.00bp
2026-09-12 02:19:54  equity=2876.24 SUSDT | pos=0 | resting=0 | FILL RATE 0/2 = 0.0% | avg slip +0.00bp
2026-09-12 02:20:56  equity=2876.24 SUSDT | pos=0 | resting=0 | FILL RATE 0/2 = 0.0% | avg slip +0.00bp
2026-09-12 02:21:57  equity=2876.24 SUSDT | pos=0 | resting=0 | FILL RATE 0/2 = 0.0% | avg slip +0.00bp
2026-09-12 02:22:59  equity=2876.24 SUSDT | pos=0 | resting=0 | FILL RATE 0/2 = 0.0% | avg slip +0.00bp
2026-09-12 02:23:00  ---- maker standings ----
2026-09-12 02:23:00     signals=5 posted=2 filled=0 unfilled/expired=0 rejected=2
2026-09-12 02:23:00     FILL RATE = 0.0%  (backtest needed >~60% at 0.5xATR to stay positive)
2026-09-12 02:23:00     maker_bb_break_1h        ACTIVE  trades=  0 meanR=+0.000 dd= 0.00% (1h)
2026-09-12 02:23:00     maker_bb_break_15m       ACTIVE  trades=  0 meanR=+0.000 dd= 0.00% (15m)
2026-09-12 02:23:00     maker_rsi_mom_15m        ACTIVE  trades=  0 meanR=+0.000 dd= 0.00% (15m)
2026-09-12 02:24:00  equity=2876.24 SUSDT | pos=0 | resting=0 | FILL RATE 0/2 = 0.0% | avg slip +0.00bp
2026-09-12 02:25:02  equity=2876.24 SUSDT | pos=0 | resting=0 | FILL RATE 0/2 = 0.0% | avg slip +0.00bp
2026-09-12 02:26:04  equity=2876.24 SUSDT | pos=0 | resting=0 | FILL RATE 0/2 = 0.0% | avg slip +0.00bp
2026-09-12 02:27:05  equity=2876.24 SUSDT | pos=0 | resting=0 | FILL RATE 0/2 = 0.0% | avg slip +0.00bp
2026-09-12 02:28:07  equity=2876.24 SUSDT | pos=0 | resting=0 | FILL RATE 0/2 = 0.0% | avg slip +0.00bp
2026-09-12 02:29:08  equity=2876.24 SUSDT | pos=0 | resting=0 | FILL RATE 0/2 = 0.0% | avg slip +0.00bp
2026-09-12 02:30:10  equity=2876.24 SUSDT | pos=0 | resting=0 | FILL RATE 0/2 = 0.0% | avg slip +0.00bp
2026-09-12 02:30:11  [maker_bb_break_15m] 15m flat; HOLD
2026-09-12 02:30:11  [maker_rsi_mom_15m] 15m flat; HOLD
2026-09-12 02:31:12  equity=2876.24 SUSDT | pos=0 | resting=0 | FILL RATE 0/2 = 0.0% | avg slip +0.00bp
2026-09-12 02:32:13  equity=2876.24 SUSDT | pos=0 | resting=0 | FILL RATE 0/2 = 0.0% | avg slip +0.00bp
2026-09-12 02:33:15  equity=2876.24 SUSDT | pos=0 | resting=0 | FILL RATE 0/2 = 0.0% | avg slip +0.00bp
2026-09-12 02:34:17  equity=2876.24 SUSDT | pos=0 | resting=0 | FILL RATE 0/2 = 0.0% | avg slip +0.00bp
2026-09-12 02:35:18  equity=2876.24 SUSDT | pos=0 | resting=0 | FILL RATE 0/2 = 0.0% | avg slip +0.00bp
2026-09-12 02:36:20  equity=2876.24 SUSDT | pos=0 | resting=0 | FILL RATE 0/2 = 0.0% | avg slip +0.00bp
2026-09-12 02:37:22  equity=2876.24 SUSDT | pos=0 | resting=0 | FILL RATE 0/2 = 0.0% | avg slip +0.00bp
2026-09-12 02:38:23  equity=2876.24 SUSDT | pos=0 | resting=0 | FILL RATE 0/2 = 0.0% | avg slip +0.00bp
2026-09-12 02:39:25  equity=2876.24 SUSDT | pos=0 | resting=0 | FILL RATE 0/2 = 0.0% | avg slip +0.00bp
2026-09-12 02:40:27  equity=2876.24 SUSDT | pos=0 | resting=0 | FILL RATE 0/2 = 0.0% | avg slip +0.00bp
2026-09-12 02:41:28  equity=2876.24 SUSDT | pos=0 | resting=0 | FILL RATE 0/2 = 0.0% | avg slip +0.00bp
2026-09-12 02:42:30  equity=2876.24 SUSDT | pos=0 | resting=0 | FILL RATE 0/2 = 0.0% | avg slip +0.00bp
2026-09-12 02:43:32  equity=2876.24 SUSDT | pos=0 | resting=0 | FILL RATE 0/2 = 0.0% | avg slip +0.00bp
2026-09-12 02:43:33  ---- maker standings ----
2026-09-12 02:43:33     signals=5 posted=2 filled=0 unfilled/expired=0 rejected=2
2026-09-12 02:43:33     FILL RATE = 0.0%  (backtest needed >~60% at 0.5xATR to stay positive)
2026-09-12 02:43:33     maker_bb_break_1h        ACTIVE  trades=  0 meanR=+0.000 dd= 0.00% (1h)
2026-09-12 02:43:33     maker_bb_break_15m       ACTIVE  trades=  0 meanR=+0.000 dd= 0.00% (15m)
2026-09-12 02:43:33     maker_rsi_mom_15m        ACTIVE  trades=  0 meanR=+0.000 dd= 0.00% (15m)
2026-09-12 02:44:33  equity=2876.24 SUSDT | pos=0 | resting=0 | FILL RATE 0/2 = 0.0% | avg slip +0.00bp
2026-09-12 02:45:35  equity=2876.24 SUSDT | pos=0 | resting=0 | FILL RATE 0/2 = 0.0% | avg slip +0.00bp
2026-09-12 02:45:36  [maker_bb_break_15m] 15m flat; HOLD
2026-09-12 02:45:36  [maker_rsi_mom_15m] 15m SIGNAL BUY -> POST-ONLY buy 12081.0 @1.358 (mkt 1.3606, 0.5xATR behind) sl=1.3487 tp=1.3725
2026-09-12 02:45:37  [maker_rsi_mom_15m] ORDER REJECTED (would take): bitget {"code":"40762","msg":"The order amount exceeds the balance","requestTime":1789181137099,"data":null}
2026-09-12 02:46:38  equity=2876.24 SUSDT | pos=0 | resting=0 | FILL RATE 0/2 = 0.0% | avg slip +0.00bp
2026-09-12 02:47:39  equity=2876.24 SUSDT | pos=0 | resting=0 | FILL RATE 0/2 = 0.0% | avg slip +0.00bp
2026-09-12 02:48:41  equity=2876.24 SUSDT | pos=0 | resting=0 | FILL RATE 0/2 = 0.0% | avg slip +0.00bp
2026-09-12 02:49:43  equity=2876.24 SUSDT | pos=0 | resting=0 | FILL RATE 0/2 = 0.0% | avg slip +0.00bp
2026-09-12 02:50:44  equity=2876.24 SUSDT | pos=0 | resting=0 | FILL RATE 0/2 = 0.0% | avg slip +0.00bp
2026-09-12 02:51:46  equity=2876.24 SUSDT | pos=0 | resting=0 | FILL RATE 0/2 = 0.0% | avg slip +0.00bp
2026-09-12 02:52:47  equity=2876.24 SUSDT | pos=0 | resting=0 | FILL RATE 0/2 = 0.0% | avg slip +0.00bp
2026-09-12 02:53:49  equity=2876.24 SUSDT | pos=0 | resting=0 | FILL RATE 0/2 = 0.0% | avg slip +0.00bp
2026-09-12 02:54:51  equity=2876.24 SUSDT | pos=0 | resting=0 | FILL RATE 0/2 = 0.0% | avg slip +0.00bp
2026-09-12 02:55:52  equity=2876.24 SUSDT | pos=0 | resting=0 | FILL RATE 0/2 = 0.0% | avg slip +0.00bp
2026-09-12 02:56:54  equity=2876.24 SUSDT | pos=0 | resting=0 | FILL RATE 0/2 = 0.0% | avg slip +0.00bp
2026-09-12 02:57:55  equity=2876.24 SUSDT | pos=0 | resting=0 | FILL RATE 0/2 = 0.0% | avg slip +0.00bp
2026-09-12 02:58:57  equity=2876.24 SUSDT | pos=0 | resting=0 | FILL RATE 0/2 = 0.0% | avg slip +0.00bp
2026-09-12 02:59:58  equity=2876.24 SUSDT | pos=0 | resting=0 | FILL RATE 0/2 = 0.0% | avg slip +0.00bp
2026-09-12 03:01:00  equity=2876.24 SUSDT | pos=0 | resting=0 | FILL RATE 0/2 = 0.0% | avg slip +0.00bp
2026-09-12 03:01:00  [maker_bb_break_1h] 1h flat; HOLD
2026-09-12 03:01:01  [maker_bb_break_15m] 15m flat; HOLD
2026-09-12 03:01:01  [maker_rsi_mom_15m] 15m flat; HOLD
2026-09-12 03:02:02  equity=2876.24 SUSDT | pos=0 | resting=0 | FILL RATE 0/2 = 0.0% | avg slip +0.00bp
2026-09-12 03:03:03  equity=2876.24 SUSDT | pos=0 | resting=0 | FILL RATE 0/2 = 0.0% | avg slip +0.00bp
2026-09-12 03:04:05  equity=2876.24 SUSDT | pos=0 | resting=0 | FILL RATE 0/2 = 0.0% | avg slip +0.00bp
2026-09-12 03:04:06  ---- maker standings ----
2026-09-12 03:04:06     signals=6 posted=2 filled=0 unfilled/expired=0 rejected=3
2026-09-12 03:04:06     FILL RATE = 0.0%  (backtest needed >~60% at 0.5xATR to stay positive)
2026-09-12 03:04:06     maker_bb_break_1h        ACTIVE  trades=  0 meanR=+0.000 dd= 0.00% (1h)
2026-09-12 03:04:06     maker_bb_break_15m       ACTIVE  trades=  0 meanR=+0.000 dd= 0.00% (15m)
2026-09-12 03:04:06     maker_rsi_mom_15m        ACTIVE  trades=  0 meanR=+0.000 dd= 0.00% (15m)
2026-09-12 03:05:07  equity=2876.24 SUSDT | pos=0 | resting=0 | FILL RATE 0/2 = 0.0% | avg slip +0.00bp
2026-09-12 03:06:08  equity=2876.24 SUSDT | pos=0 | resting=0 | FILL RATE 0/2 = 0.0% | avg slip +0.00bp
2026-09-12 03:07:10  equity=2876.24 SUSDT | pos=0 | resting=0 | FILL RATE 0/2 = 0.0% | avg slip +0.00bp
2026-09-12 03:08:12  equity=2876.24 SUSDT | pos=0 | resting=0 | FILL RATE 0/2 = 0.0% | avg slip +0.00bp
2026-09-12 03:09:13  equity=2876.24 SUSDT | pos=0 | resting=0 | FILL RATE 0/2 = 0.0% | avg slip +0.00bp
2026-09-12 03:10:15  equity=2876.24 SUSDT | pos=0 | resting=0 | FILL RATE 0/2 = 0.0% | avg slip +0.00bp
2026-09-12 03:11:17  equity=2876.24 SUSDT | pos=0 | resting=0 | FILL RATE 0/2 = 0.0% | avg slip +0.00bp
2026-09-12 03:12:18  equity=2876.24 SUSDT | pos=0 | resting=0 | FILL RATE 0/2 = 0.0% | avg slip +0.00bp
2026-09-12 03:13:20  equity=2876.24 SUSDT | pos=0 | resting=0 | FILL RATE 0/2 = 0.0% | avg slip +0.00bp
2026-09-12 03:14:21  equity=2876.24 SUSDT | pos=0 | resting=0 | FILL RATE 0/2 = 0.0% | avg slip +0.00bp
2026-09-12 03:15:23  equity=2876.24 SUSDT | pos=0 | resting=0 | FILL RATE 0/2 = 0.0% | avg slip +0.00bp
2026-09-12 03:15:24  [maker_bb_break_15m] 15m flat; HOLD
2026-09-12 03:15:24  [maker_rsi_mom_15m] 15m SIGNAL BUY -> POST-ONLY buy 12591.0 @1.36 (mkt 1.3624, 0.5xATR behind) sl=1.35098 tp=1.37382
2026-09-12 03:15:25  [maker_rsi_mom_15m] ORDER REJECTED (would take): bitget {"code":"40762","msg":"The order amount exceeds the balance","requestTime":1789182924890,"data":null}
2026-09-12 03:16:25  equity=2876.24 SUSDT | pos=0 | resting=0 | FILL RATE 0/2 = 0.0% | avg slip +0.00bp
2026-09-12 03:17:27  equity=2876.24 SUSDT | pos=0 | resting=0 | FILL RATE 0/2 = 0.0% | avg slip +0.00bp
2026-09-12 03:18:29  equity=2876.24 SUSDT | pos=0 | resting=0 | FILL RATE 0/2 = 0.0% | avg slip +0.00bp
2026-09-12 03:19:30  equity=2876.24 SUSDT | pos=0 | resting=0 | FILL RATE 0/2 = 0.0% | avg slip +0.00bp
2026-09-12 03:20:32  equity=2876.24 SUSDT | pos=0 | resting=0 | FILL RATE 0/2 = 0.0% | avg slip +0.00bp
2026-09-12 03:21:34  equity=2876.24 SUSDT | pos=0 | resting=0 | FILL RATE 0/2 = 0.0% | avg slip +0.00bp
2026-09-12 03:22:36  equity=2876.24 SUSDT | pos=0 | resting=0 | FILL RATE 0/2 = 0.0% | avg slip +0.00bp
2026-09-12 03:23:37  equity=2876.24 SUSDT | pos=0 | resting=0 | FILL RATE 0/2 = 0.0% | avg slip +0.00bp
2026-09-12 03:24:39  equity=2876.24 SUSDT | pos=0 | resting=0 | FILL RATE 0/2 = 0.0% | avg slip +0.00bp
2026-09-12 03:24:39  ---- maker standings ----
2026-09-12 03:24:39     signals=7 posted=2 filled=0 unfilled/expired=0 rejected=4
2026-09-12 03:24:39     FILL RATE = 0.0%  (backtest needed >~60% at 0.5xATR to stay positive)
2026-09-12 03:24:39     maker_bb_break_1h        ACTIVE  trades=  0 meanR=+0.000 dd= 0.00% (1h)
2026-09-12 03:24:39     maker_bb_break_15m       ACTIVE  trades=  0 meanR=+0.000 dd= 0.00% (15m)
2026-09-12 03:24:39     maker_rsi_mom_15m        ACTIVE  trades=  0 meanR=+0.000 dd= 0.00% (15m)
2026-09-12 03:25:40  equity=2876.24 SUSDT | pos=0 | resting=0 | FILL RATE 0/2 = 0.0% | avg slip +0.00bp
2026-09-12 03:26:42  equity=2876.24 SUSDT | pos=0 | resting=0 | FILL RATE 0/2 = 0.0% | avg slip +0.00bp
2026-09-12 03:27:43  equity=2876.24 SUSDT | pos=0 | resting=0 | FILL RATE 0/2 = 0.0% | avg slip +0.00bp
2026-09-12 03:28:45  equity=2876.24 SUSDT | pos=0 | resting=0 | FILL RATE 0/2 = 0.0% | avg slip +0.00bp
2026-09-12 03:29:47  equity=2876.24 SUSDT | pos=0 | resting=0 | FILL RATE 0/2 = 0.0% | avg slip +0.00bp
2026-09-12 03:30:48  equity=2876.24 SUSDT | pos=0 | resting=0 | FILL RATE 0/2 = 0.0% | avg slip +0.00bp
2026-09-12 03:30:49  [maker_bb_break_15m] 15m flat; HOLD
2026-09-12 03:30:49  [maker_rsi_mom_15m] 15m SIGNAL BUY -> POST-ONLY buy 12887.0 @1.361 (mkt 1.3631, 0.5xATR behind) sl=1.35194 tp=1.37426
2026-09-12 03:30:50  [maker_rsi_mom_15m] ORDER REJECTED (would take): bitget {"code":"40762","msg":"The order amount exceeds the balance","requestTime":1789183849880,"data":null}
2026-09-12 03:31:50  equity=2876.24 SUSDT | pos=0 | resting=0 | FILL RATE 0/2 = 0.0% | avg slip +0.00bp
2026-09-12 03:32:52  equity=2876.24 SUSDT | pos=0 | resting=0 | FILL RATE 0/2 = 0.0% | avg slip +0.00bp
2026-09-12 03:33:53  equity=2876.24 SUSDT | pos=0 | resting=0 | FILL RATE 0/2 = 0.0% | avg slip +0.00bp
2026-09-12 03:34:55  equity=2876.24 SUSDT | pos=0 | resting=0 | FILL RATE 0/2 = 0.0% | avg slip +0.00bp
2026-09-12 03:35:57  equity=2876.24 SUSDT | pos=0 | resting=0 | FILL RATE 0/2 = 0.0% | avg slip +0.00bp
2026-09-12 03:36:58  equity=2876.24 SUSDT | pos=0 | resting=0 | FILL RATE 0/2 = 0.0% | avg slip +0.00bp
2026-09-12 03:38:00  equity=2876.24 SUSDT | pos=0 | resting=0 | FILL RATE 0/2 = 0.0% | avg slip +0.00bp
2026-09-12 03:39:01  equity=2876.24 SUSDT | pos=0 | resting=0 | FILL RATE 0/2 = 0.0% | avg slip +0.00bp
2026-09-12 03:40:03  equity=2876.24 SUSDT | pos=0 | resting=0 | FILL RATE 0/2 = 0.0% | avg slip +0.00bp
2026-09-12 03:41:04  equity=2876.24 SUSDT | pos=0 | resting=0 | FILL RATE 0/2 = 0.0% | avg slip +0.00bp
2026-09-12 03:42:06  equity=2876.24 SUSDT | pos=0 | resting=0 | FILL RATE 0/2 = 0.0% | avg slip +0.00bp
2026-09-12 03:43:07  equity=2876.24 SUSDT | pos=0 | resting=0 | FILL RATE 0/2 = 0.0% | avg slip +0.00bp
2026-09-12 03:44:09  equity=2876.24 SUSDT | pos=0 | resting=0 | FILL RATE 0/2 = 0.0% | avg slip +0.00bp
2026-09-12 03:45:11  equity=2876.24 SUSDT | pos=0 | resting=0 | FILL RATE 0/2 = 0.0% | avg slip +0.00bp
2026-09-12 03:45:11  [maker_bb_break_15m] 15m flat; HOLD
2026-09-12 03:45:11  [maker_rsi_mom_15m] 15m SIGNAL BUY -> POST-ONLY buy 13552.0 @1.361 (mkt 1.3627, 0.5xATR behind) sl=1.35209 tp=1.37331
2026-09-12 03:45:12  [maker_rsi_mom_15m] ORDER REJECTED (would take): bitget {"code":"40762","msg":"The order amount exceeds the balance","requestTime":1789184712464,"data":null}
2026-09-12 03:45:12  ---- maker standings ----
2026-09-12 03:45:12     signals=9 posted=2 filled=0 unfilled/expired=0 rejected=6
2026-09-12 03:45:12     FILL RATE = 0.0%  (backtest needed >~60% at 0.5xATR to stay positive)
2026-09-12 03:45:12     maker_bb_break_1h        ACTIVE  trades=  0 meanR=+0.000 dd= 0.00% (1h)
2026-09-12 03:45:12     maker_bb_break_15m       ACTIVE  trades=  0 meanR=+0.000 dd= 0.00% (15m)
2026-09-12 03:45:12     maker_rsi_mom_15m        ACTIVE  trades=  0 meanR=+0.000 dd= 0.00% (15m)
2026-09-12 03:46:13  equity=2876.24 SUSDT | pos=0 | resting=0 | FILL RATE 0/2 = 0.0% | avg slip +0.00bp
2026-09-12 03:47:15  equity=2876.24 SUSDT | pos=0 | resting=0 | FILL RATE 0/2 = 0.0% | avg slip +0.00bp
2026-09-12 03:48:17  equity=2876.24 SUSDT | pos=0 | resting=0 | FILL RATE 0/2 = 0.0% | avg slip +0.00bp
2026-09-12 03:49:18  equity=2876.24 SUSDT | pos=0 | resting=0 | FILL RATE 0/2 = 0.0% | avg slip +0.00bp
2026-09-12 03:50:20  equity=2876.24 SUSDT | pos=0 | resting=0 | FILL RATE 0/2 = 0.0% | avg slip +0.00bp
2026-09-12 03:51:21  equity=2876.24 SUSDT | pos=0 | resting=0 | FILL RATE 0/2 = 0.0% | avg slip +0.00bp
2026-09-12 03:52:23  equity=2876.24 SUSDT | pos=0 | resting=0 | FILL RATE 0/2 = 0.0% | avg slip +0.00bp
2026-09-12 03:53:24  equity=2876.24 SUSDT | pos=0 | resting=0 | FILL RATE 0/2 = 0.0% | avg slip +0.00bp
2026-09-12 03:54:26  equity=2876.24 SUSDT | pos=0 | resting=0 | FILL RATE 0/2 = 0.0% | avg slip +0.00bp
2026-09-12 03:55:27  equity=2876.24 SUSDT | pos=0 | resting=0 | FILL RATE 0/2 = 0.0% | avg slip +0.00bp
2026-09-12 03:56:29  equity=2876.24 SUSDT | pos=0 | resting=0 | FILL RATE 0/2 = 0.0% | avg slip +0.00bp
2026-09-12 03:57:31  equity=2876.24 SUSDT | pos=0 | resting=0 | FILL RATE 0/2 = 0.0% | avg slip +0.00bp
2026-09-12 03:58:32  equity=2876.24 SUSDT | pos=0 | resting=0 | FILL RATE 0/2 = 0.0% | avg slip +0.00bp
2026-09-12 03:59:34  equity=2876.24 SUSDT | pos=0 | resting=0 | FILL RATE 0/2 = 0.0% | avg slip +0.00bp
2026-09-12 04:00:36  equity=2876.24 SUSDT | pos=0 | resting=0 | FILL RATE 0/2 = 0.0% | avg slip +0.00bp
2026-09-12 04:00:36  [maker_bb_break_1h] 1h flat; HOLD
2026-09-12 04:00:36  [maker_bb_break_15m] 15m flat; HOLD
2026-09-12 04:00:36  [maker_rsi_mom_15m] 15m SIGNAL BUY -> POST-ONLY buy 14183.0 @1.361 (mkt 1.3633, 0.5xATR behind) sl=1.35316 tp=1.37344
2026-09-12 04:00:37  [maker_rsi_mom_15m] ORDER REJECTED (would take): bitget {"code":"40762","msg":"The order amount exceeds the balance","requestTime":1789185637243,"data":null}
2026-09-12 04:01:38  equity=2876.24 SUSDT | pos=0 | resting=0 | FILL RATE 0/2 = 0.0% | avg slip +0.00bp
2026-09-12 04:02:39  equity=2876.24 SUSDT | pos=0 | resting=0 | FILL RATE 0/2 = 0.0% | avg slip +0.00bp
2026-09-12 04:03:41  equity=2876.24 SUSDT | pos=0 | resting=0 | FILL RATE 0/2 = 0.0% | avg slip +0.00bp
2026-09-12 04:04:43  equity=2876.24 SUSDT | pos=0 | resting=0 | FILL RATE 0/2 = 0.0% | avg slip +0.00bp
2026-09-12 04:05:44  equity=2876.24 SUSDT | pos=0 | resting=0 | FILL RATE 0/2 = 0.0% | avg slip +0.00bp
2026-09-12 04:05:45  ---- maker standings ----
2026-09-12 04:05:45     signals=10 posted=2 filled=0 unfilled/expired=0 rejected=7
2026-09-12 04:05:45     FILL RATE = 0.0%  (backtest needed >~60% at 0.5xATR to stay positive)
2026-09-12 04:05:45     maker_bb_break_1h        ACTIVE  trades=  0 meanR=+0.000 dd= 0.00% (1h)
2026-09-12 04:05:45     maker_bb_break_15m       ACTIVE  trades=  0 meanR=+0.000 dd= 0.00% (15m)
2026-09-12 04:05:45     maker_rsi_mom_15m        ACTIVE  trades=  0 meanR=+0.000 dd= 0.00% (15m)
2026-09-12 04:06:46  equity=2876.24 SUSDT | pos=0 | resting=0 | FILL RATE 0/2 = 0.0% | avg slip +0.00bp
2026-09-12 04:07:48  equity=2876.24 SUSDT | pos=0 | resting=0 | FILL RATE 0/2 = 0.0% | avg slip +0.00bp
2026-09-12 04:08:49  equity=2876.24 SUSDT | pos=0 | resting=0 | FILL RATE 0/2 = 0.0% | avg slip +0.00bp
2026-09-12 04:09:51  equity=2876.24 SUSDT | pos=0 | resting=0 | FILL RATE 0/2 = 0.0% | avg slip +0.00bp
2026-09-12 04:10:52  equity=2876.24 SUSDT | pos=0 | resting=0 | FILL RATE 0/2 = 0.0% | avg slip +0.00bp
2026-09-12 04:11:53  equity=2876.24 SUSDT | pos=0 | resting=0 | FILL RATE 0/2 = 0.0% | avg slip +0.00bp
2026-09-12 04:12:55  equity=2876.24 SUSDT | pos=0 | resting=0 | FILL RATE 0/2 = 0.0% | avg slip +0.00bp
2026-09-12 04:13:56  equity=2876.24 SUSDT | pos=0 | resting=0 | FILL RATE 0/2 = 0.0% | avg slip +0.00bp
2026-09-12 04:14:58  equity=2876.24 SUSDT | pos=0 | resting=0 | FILL RATE 0/2 = 0.0% | avg slip +0.00bp
2026-09-12 04:15:59  equity=2876.24 SUSDT | pos=0 | resting=0 | FILL RATE 0/2 = 0.0% | avg slip +0.00bp
2026-09-12 04:16:00  [maker_bb_break_15m] 15m flat; HOLD
2026-09-12 04:16:00  [maker_rsi_mom_15m] 15m SIGNAL BUY -> POST-ONLY buy 14797.0 @1.361 (mkt 1.3632, 0.5xATR behind) sl=1.35348 tp=1.37292
2026-09-12 04:16:00  [maker_rsi_mom_15m] ORDER REJECTED (would take): bitget {"code":"40762","msg":"The order amount exceeds the balance","requestTime":1789186560822,"data":null}
2026-09-12 04:17:01  equity=2876.24 SUSDT | pos=0 | resting=0 | FILL RATE 0/2 = 0.0% | avg slip +0.00bp
2026-09-12 04:18:03  equity=2876.24 SUSDT | pos=0 | resting=0 | FILL RATE 0/2 = 0.0% | avg slip +0.00bp
2026-09-12 04:19:04  equity=2876.24 SUSDT | pos=0 | resting=0 | FILL RATE 0/2 = 0.0% | avg slip +0.00bp
2026-09-12 04:20:06  equity=2876.24 SUSDT | pos=0 | resting=0 | FILL RATE 0/2 = 0.0% | avg slip +0.00bp
2026-09-12 04:21:07  equity=2876.24 SUSDT | pos=0 | resting=0 | FILL RATE 0/2 = 0.0% | avg slip +0.00bp
2026-09-12 04:22:09  equity=2876.24 SUSDT | pos=0 | resting=0 | FILL RATE 0/2 = 0.0% | avg slip +0.00bp
2026-09-12 04:23:10  equity=2876.24 SUSDT | pos=0 | resting=0 | FILL RATE 0/2 = 0.0% | avg slip +0.00bp
2026-09-12 04:24:12  equity=2876.24 SUSDT | pos=0 | resting=0 | FILL RATE 0/2 = 0.0% | avg slip +0.00bp
2026-09-12 04:25:13  equity=2876.24 SUSDT | pos=0 | resting=0 | FILL RATE 0/2 = 0.0% | avg slip +0.00bp
2026-09-12 04:26:15  equity=2876.24 SUSDT | pos=0 | resting=0 | FILL RATE 0/2 = 0.0% | avg slip +0.00bp
2026-09-12 04:26:15  ---- maker standings ----
2026-09-12 04:26:15     signals=11 posted=2 filled=0 unfilled/expired=0 rejected=8
2026-09-12 04:26:15     FILL RATE = 0.0%  (backtest needed >~60% at 0.5xATR to stay positive)
2026-09-12 04:26:15     maker_bb_break_1h        ACTIVE  trades=  0 meanR=+0.000 dd= 0.00% (1h)
2026-09-12 04:26:15     maker_bb_break_15m       ACTIVE  trades=  0 meanR=+0.000 dd= 0.00% (15m)
2026-09-12 04:26:15     maker_rsi_mom_15m        ACTIVE  trades=  0 meanR=+0.000 dd= 0.00% (15m)
2026-09-12 04:27:16  equity=2876.24 SUSDT | pos=0 | resting=0 | FILL RATE 0/2 = 0.0% | avg slip +0.00bp
2026-09-12 04:28:17  equity=2876.24 SUSDT | pos=0 | resting=0 | FILL RATE 0/2 = 0.0% | avg slip +0.00bp
2026-09-12 04:29:19  equity=2876.24 SUSDT | pos=0 | resting=0 | FILL RATE 0/2 = 0.0% | avg slip +0.00bp
2026-09-12 04:30:21  equity=2876.24 SUSDT | pos=0 | resting=0 | FILL RATE 0/2 = 0.0% | avg slip +0.00bp
2026-09-12 04:30:21  [maker_bb_break_15m] 15m flat; HOLD
2026-09-12 04:30:21  [maker_rsi_mom_15m] 15m SIGNAL BUY -> POST-ONLY buy 15099.0 @1.362 (mkt 1.3635, 0.5xATR behind) sl=1.35398 tp=1.37302
2026-09-12 04:30:22  [maker_rsi_mom_15m] ORDER REJECTED (would take): bitget {"code":"40762","msg":"The order amount exceeds the balance","requestTime":1789187422275,"data":null}
2026-09-12 04:31:23  equity=2876.24 SUSDT | pos=0 | resting=0 | FILL RATE 0/2 = 0.0% | avg slip +0.00bp
2026-09-12 04:32:25  equity=2876.24 SUSDT | pos=0 | resting=0 | FILL RATE 0/2 = 0.0% | avg slip +0.00bp
2026-09-12 04:33:26  equity=2876.24 SUSDT | pos=0 | resting=0 | FILL RATE 0/2 = 0.0% | avg slip +0.00bp
2026-09-12 04:34:28  equity=2876.24 SUSDT | pos=0 | resting=0 | FILL RATE 0/2 = 0.0% | avg slip +0.00bp
2026-09-12 04:35:30  equity=2876.24 SUSDT | pos=0 | resting=0 | FILL RATE 0/2 = 0.0% | avg slip +0.00bp
2026-09-12 04:36:31  equity=2876.24 SUSDT | pos=0 | resting=0 | FILL RATE 0/2 = 0.0% | avg slip +0.00bp
2026-09-12 04:37:33  equity=2876.24 SUSDT | pos=0 | resting=0 | FILL RATE 0/2 = 0.0% | avg slip +0.00bp
2026-09-12 04:38:35  equity=2876.24 SUSDT | pos=0 | resting=0 | FILL RATE 0/2 = 0.0% | avg slip +0.00bp
2026-09-12 04:39:36  equity=2876.24 SUSDT | pos=0 | resting=0 | FILL RATE 0/2 = 0.0% | avg slip +0.00bp
2026-09-12 04:40:38  equity=2876.24 SUSDT | pos=0 | resting=0 | FILL RATE 0/2 = 0.0% | avg slip +0.00bp
2026-09-12 04:41:40  equity=2876.24 SUSDT | pos=0 | resting=0 | FILL RATE 0/2 = 0.0% | avg slip +0.00bp
2026-09-12 04:42:42  equity=2876.24 SUSDT | pos=0 | resting=0 | FILL RATE 0/2 = 0.0% | avg slip +0.00bp
2026-09-12 04:43:44  equity=2876.24 SUSDT | pos=0 | resting=0 | FILL RATE 0/2 = 0.0% | avg slip +0.00bp
2026-09-12 04:44:45  equity=2876.24 SUSDT | pos=0 | resting=0 | FILL RATE 0/2 = 0.0% | avg slip +0.00bp
2026-09-12 04:45:47  equity=2876.24 SUSDT | pos=0 | resting=0 | FILL RATE 0/2 = 0.0% | avg slip +0.00bp
2026-09-12 04:45:48  [maker_bb_break_15m] 15m flat; HOLD
2026-09-12 04:45:48  [maker_rsi_mom_15m] 15m SIGNAL BUY -> POST-ONLY buy 15629.0 @1.362 (mkt 1.3639, 0.5xATR behind) sl=1.3547 tp=1.3731
2026-09-12 04:45:49  [maker_rsi_mom_15m] ORDER REJECTED (would take): bitget {"code":"40762","msg":"The order amount exceeds the balance","requestTime":1789188348986,"data":null}
2026-09-12 04:46:50  equity=2876.24 SUSDT | pos=0 | resting=0 | FILL RATE 0/2 = 0.0% | avg slip +0.00bp
2026-09-12 04:46:50  ---- maker standings ----
2026-09-12 04:46:50     signals=13 posted=2 filled=0 unfilled/expired=0 rejected=10
2026-09-12 04:46:50     FILL RATE = 0.0%  (backtest needed >~60% at 0.5xATR to stay positive)
2026-09-12 04:46:50     maker_bb_break_1h        ACTIVE  trades=  0 meanR=+0.000 dd= 0.00% (1h)
2026-09-12 04:46:50     maker_bb_break_15m       ACTIVE  trades=  0 meanR=+0.000 dd= 0.00% (15m)
2026-09-12 04:46:50     maker_rsi_mom_15m        ACTIVE  trades=  0 meanR=+0.000 dd= 0.00% (15m)
2026-09-12 04:47:51  equity=2876.24 SUSDT | pos=0 | resting=0 | FILL RATE 0/2 = 0.0% | avg slip +0.00bp
2026-09-12 04:48:53  equity=2876.24 SUSDT | pos=0 | resting=0 | FILL RATE 0/2 = 0.0% | avg slip +0.00bp
2026-09-12 04:49:55  equity=2876.24 SUSDT | pos=0 | resting=0 | FILL RATE 0/2 = 0.0% | avg slip +0.00bp
2026-09-12 04:50:56  equity=2876.24 SUSDT | pos=0 | resting=0 | FILL RATE 0/2 = 0.0% | avg slip +0.00bp
2026-09-12 04:51:58  equity=2876.24 SUSDT | pos=0 | resting=0 | FILL RATE 0/2 = 0.0% | avg slip +0.00bp
2026-09-12 04:53:00  equity=2876.24 SUSDT | pos=0 | resting=0 | FILL RATE 0/2 = 0.0% | avg slip +0.00bp
2026-09-12 04:54:01  equity=2876.24 SUSDT | pos=0 | resting=0 | FILL RATE 0/2 = 0.0% | avg slip +0.00bp
2026-09-12 04:55:03  equity=2876.24 SUSDT | pos=0 | resting=0 | FILL RATE 0/2 = 0.0% | avg slip +0.00bp
2026-09-12 04:56:05  equity=2876.24 SUSDT | pos=0 | resting=0 | FILL RATE 0/2 = 0.0% | avg slip +0.00bp
2026-09-12 04:57:06  equity=2876.24 SUSDT | pos=0 | resting=0 | FILL RATE 0/2 = 0.0% | avg slip +0.00bp
2026-09-12 04:58:08  equity=2876.24 SUSDT | pos=0 | resting=0 | FILL RATE 0/2 = 0.0% | avg slip +0.00bp
2026-09-12 04:59:09  equity=2876.24 SUSDT | pos=0 | resting=0 | FILL RATE 0/2 = 0.0% | avg slip +0.00bp
2026-09-12 05:00:11  equity=2876.24 SUSDT | pos=0 | resting=0 | FILL RATE 0/2 = 0.0% | avg slip +0.00bp
2026-09-12 05:00:11  [maker_bb_break_1h] 1h flat; HOLD
2026-09-12 05:00:11  [maker_bb_break_15m] 15m flat; HOLD
2026-09-12 05:00:12  [maker_rsi_mom_15m] 15m SIGNAL BUY -> POST-ONLY buy 16353.0 @1.361 (mkt 1.3625, 0.5xATR behind) sl=1.35371 tp=1.37129
2026-09-12 05:00:12  [maker_rsi_mom_15m] ORDER REJECTED (would take): bitget {"code":"40762","msg":"The order amount exceeds the balance","requestTime":1789189212664,"data":null}
2026-09-12 05:01:13  equity=2876.24 SUSDT | pos=0 | resting=0 | FILL RATE 0/2 = 0.0% | avg slip +0.00bp
2026-09-12 05:02:15  equity=2876.24 SUSDT | pos=0 | resting=0 | FILL RATE 0/2 = 0.0% | avg slip +0.00bp
2026-09-12 05:03:17  equity=2876.24 SUSDT | pos=0 | resting=0 | FILL RATE 0/2 = 0.0% | avg slip +0.00bp
2026-09-12 05:04:18  equity=2876.24 SUSDT | pos=0 | resting=0 | FILL RATE 0/2 = 0.0% | avg slip +0.00bp
2026-09-12 05:05:20  equity=2876.24 SUSDT | pos=0 | resting=0 | FILL RATE 0/2 = 0.0% | avg slip +0.00bp
2026-09-12 05:06:22  equity=2876.24 SUSDT | pos=0 | resting=0 | FILL RATE 0/2 = 0.0% | avg slip +0.00bp
2026-09-12 05:07:24  equity=2876.24 SUSDT | pos=0 | resting=0 | FILL RATE 0/2 = 0.0% | avg slip +0.00bp
2026-09-12 05:07:25  ---- maker standings ----
2026-09-12 05:07:25     signals=14 posted=2 filled=0 unfilled/expired=0 rejected=11
2026-09-12 05:07:25     FILL RATE = 0.0%  (backtest needed >~60% at 0.5xATR to stay positive)
2026-09-12 05:07:25     maker_bb_break_1h        ACTIVE  trades=  0 meanR=+0.000 dd= 0.00% (1h)
2026-09-12 05:07:25     maker_bb_break_15m       ACTIVE  trades=  0 meanR=+0.000 dd= 0.00% (15m)
2026-09-12 05:07:25     maker_rsi_mom_15m        ACTIVE  trades=  0 meanR=+0.000 dd= 0.00% (15m)
2026-09-12 05:08:25  equity=2876.24 SUSDT | pos=0 | resting=0 | FILL RATE 0/2 = 0.0% | avg slip +0.00bp
2026-09-12 05:09:27  equity=2876.24 SUSDT | pos=0 | resting=0 | FILL RATE 0/2 = 0.0% | avg slip +0.00bp
2026-09-12 05:10:29  equity=2876.24 SUSDT | pos=0 | resting=0 | FILL RATE 0/2 = 0.0% | avg slip +0.00bp
2026-09-12 05:11:30  equity=2876.24 SUSDT | pos=0 | resting=0 | FILL RATE 0/2 = 0.0% | avg slip +0.00bp
2026-09-12 05:12:32  equity=2876.24 SUSDT | pos=0 | resting=0 | FILL RATE 0/2 = 0.0% | avg slip +0.00bp
2026-09-12 05:13:34  equity=2876.24 SUSDT | pos=0 | resting=0 | FILL RATE 0/2 = 0.0% | avg slip +0.00bp
2026-09-12 05:14:36  equity=2876.24 SUSDT | pos=0 | resting=0 | FILL RATE 0/2 = 0.0% | avg slip +0.00bp
2026-09-12 05:15:37  equity=2876.24 SUSDT | pos=0 | resting=0 | FILL RATE 0/2 = 0.0% | avg slip +0.00bp
2026-09-12 05:15:38  [maker_bb_break_15m] 15m flat; HOLD
2026-09-12 05:15:38  [maker_rsi_mom_15m] 15m flat; HOLD
2026-09-12 05:16:39  equity=2876.24 SUSDT | pos=0 | resting=0 | FILL RATE 0/2 = 0.0% | avg slip +0.00bp
2026-09-12 05:17:41  equity=2876.24 SUSDT | pos=0 | resting=0 | FILL RATE 0/2 = 0.0% | avg slip +0.00bp
2026-09-12 05:18:42  equity=2876.24 SUSDT | pos=0 | resting=0 | FILL RATE 0/2 = 0.0% | avg slip +0.00bp
2026-09-12 05:19:44  equity=2876.24 SUSDT | pos=0 | resting=0 | FILL RATE 0/2 = 0.0% | avg slip +0.00bp
2026-09-12 05:20:46  equity=2876.24 SUSDT | pos=0 | resting=0 | FILL RATE 0/2 = 0.0% | avg slip +0.00bp
2026-09-12 05:21:47  equity=2876.24 SUSDT | pos=0 | resting=0 | FILL RATE 0/2 = 0.0% | avg slip +0.00bp
2026-09-12 05:22:49  equity=2876.24 SUSDT | pos=0 | resting=0 | FILL RATE 0/2 = 0.0% | avg slip +0.00bp
2026-09-12 05:23:50  equity=2876.24 SUSDT | pos=0 | resting=0 | FILL RATE 0/2 = 0.0% | avg slip +0.00bp
2026-09-12 05:24:52  equity=2876.24 SUSDT | pos=0 | resting=0 | FILL RATE 0/2 = 0.0% | avg slip +0.00bp
2026-09-12 05:25:54  equity=2876.24 SUSDT | pos=0 | resting=0 | FILL RATE 0/2 = 0.0% | avg slip +0.00bp
2026-09-12 05:26:56  equity=2876.24 SUSDT | pos=0 | resting=0 | FILL RATE 0/2 = 0.0% | avg slip +0.00bp
2026-09-12 05:27:57  equity=2876.24 SUSDT | pos=0 | resting=0 | FILL RATE 0/2 = 0.0% | avg slip +0.00bp
2026-09-12 05:27:58  ---- maker standings ----
2026-09-12 05:27:58     signals=14 posted=2 filled=0 unfilled/expired=0 rejected=11
2026-09-12 05:27:58     FILL RATE = 0.0%  (backtest needed >~60% at 0.5xATR to stay positive)
2026-09-12 05:27:58     maker_bb_break_1h        ACTIVE  trades=  0 meanR=+0.000 dd= 0.00% (1h)
2026-09-12 05:27:58     maker_bb_break_15m       ACTIVE  trades=  0 meanR=+0.000 dd= 0.00% (15m)
2026-09-12 05:27:58     maker_rsi_mom_15m        ACTIVE  trades=  0 meanR=+0.000 dd= 0.00% (15m)
2026-09-12 05:28:59  equity=2876.24 SUSDT | pos=0 | resting=0 | FILL RATE 0/2 = 0.0% | avg slip +0.00bp
2026-09-12 05:30:01  equity=2876.24 SUSDT | pos=0 | resting=0 | FILL RATE 0/2 = 0.0% | avg slip +0.00bp
2026-09-12 05:30:01  [maker_bb_break_15m] 15m flat; HOLD
2026-09-12 05:30:02  [maker_rsi_mom_15m] 15m flat; HOLD
2026-09-12 05:31:03  equity=2876.24 SUSDT | pos=0 | resting=0 | FILL RATE 0/2 = 0.0% | avg slip +0.00bp
2026-09-12 05:32:04  equity=2876.24 SUSDT | pos=0 | resting=0 | FILL RATE 0/2 = 0.0% | avg slip +0.00bp
2026-09-12 05:33:06  equity=2876.24 SUSDT | pos=0 | resting=0 | FILL RATE 0/2 = 0.0% | avg slip +0.00bp
2026-09-12 05:34:08  equity=2876.24 SUSDT | pos=0 | resting=0 | FILL RATE 0/2 = 0.0% | avg slip +0.00bp
2026-09-12 05:35:09  equity=2876.24 SUSDT | pos=0 | resting=0 | FILL RATE 0/2 = 0.0% | avg slip +0.00bp
2026-09-12 05:36:11  equity=2876.24 SUSDT | pos=0 | resting=0 | FILL RATE 0/2 = 0.0% | avg slip +0.00bp
2026-09-12 05:37:13  equity=2876.24 SUSDT | pos=0 | resting=0 | FILL RATE 0/2 = 0.0% | avg slip +0.00bp
2026-09-12 05:38:14  equity=2876.24 SUSDT | pos=0 | resting=0 | FILL RATE 0/2 = 0.0% | avg slip +0.00bp
2026-09-12 05:39:16  equity=2876.24 SUSDT | pos=0 | resting=0 | FILL RATE 0/2 = 0.0% | avg slip +0.00bp
2026-09-12 05:40:18  equity=2876.24 SUSDT | pos=0 | resting=0 | FILL RATE 0/2 = 0.0% | avg slip +0.00bp
2026-09-12 05:41:19  equity=2876.24 SUSDT | pos=0 | resting=0 | FILL RATE 0/2 = 0.0% | avg slip +0.00bp
2026-09-12 05:42:21  equity=2876.24 SUSDT | pos=0 | resting=0 | FILL RATE 0/2 = 0.0% | avg slip +0.00bp
2026-09-12 05:43:23  equity=2876.24 SUSDT | pos=0 | resting=0 | FILL RATE 0/2 = 0.0% | avg slip +0.00bp
2026-09-12 05:44:24  equity=2876.24 SUSDT | pos=0 | resting=0 | FILL RATE 0/2 = 0.0% | avg slip +0.00bp
2026-09-12 05:45:26  equity=2876.24 SUSDT | pos=0 | resting=0 | FILL RATE 0/2 = 0.0% | avg slip +0.00bp
2026-09-12 05:45:27  [maker_bb_break_15m] 15m SIGNAL SELL -> POST-ONLY sell 11.821 @2512.93 (mkt 2510.5, 0.5xATR behind) sl=2522.66 tp=2498.34
2026-09-12 05:45:27  [maker_bb_break_15m] ORDER REJECTED (would take): bitget {"code":"40762","msg":"The order amount exceeds the balance","requestTime":1789191927672,"data":null}
2026-09-12 05:45:28  [maker_rsi_mom_15m] 15m flat; HOLD
2026-09-12 05:46:29  equity=2876.24 SUSDT | pos=0 | resting=0 | FILL RATE 0/2 = 0.0% | avg slip +0.00bp
2026-09-12 05:47:30  equity=2876.24 SUSDT | pos=0 | resting=0 | FILL RATE 0/2 = 0.0% | avg slip +0.00bp
2026-09-12 05:48:32  equity=2876.24 SUSDT | pos=0 | resting=0 | FILL RATE 0/2 = 0.0% | avg slip +0.00bp
2026-09-12 05:48:33  ---- maker standings ----
2026-09-12 05:48:33     signals=15 posted=2 filled=0 unfilled/expired=0 rejected=12
2026-09-12 05:48:33     FILL RATE = 0.0%  (backtest needed >~60% at 0.5xATR to stay positive)
2026-09-12 05:48:33     maker_bb_break_1h        ACTIVE  trades=  0 meanR=+0.000 dd= 0.00% (1h)
2026-09-12 05:48:33     maker_bb_break_15m       ACTIVE  trades=  0 meanR=+0.000 dd= 0.00% (15m)
2026-09-12 05:48:33     maker_rsi_mom_15m        ACTIVE  trades=  0 meanR=+0.000 dd= 0.00% (15m)
2026-09-12 05:49:34  equity=2876.24 SUSDT | pos=0 | resting=0 | FILL RATE 0/2 = 0.0% | avg slip +0.00bp
2026-09-12 05:50:35  equity=2876.24 SUSDT | pos=0 | resting=0 | FILL RATE 0/2 = 0.0% | avg slip +0.00bp
2026-09-12 05:51:37  equity=2876.24 SUSDT | pos=0 | resting=0 | FILL RATE 0/2 = 0.0% | avg slip +0.00bp
2026-09-12 05:52:39  equity=2876.24 SUSDT | pos=0 | resting=0 | FILL RATE 0/2 = 0.0% | avg slip +0.00bp
2026-09-12 05:53:40  equity=2876.24 SUSDT | pos=0 | resting=0 | FILL RATE 0/2 = 0.0% | avg slip +0.00bp
2026-09-12 05:54:42  equity=2876.24 SUSDT | pos=0 | resting=0 | FILL RATE 0/2 = 0.0% | avg slip +0.00bp
2026-09-12 05:55:44  equity=2876.24 SUSDT | pos=0 | resting=0 | FILL RATE 0/2 = 0.0% | avg slip +0.00bp
2026-09-12 05:56:45  equity=2876.24 SUSDT | pos=0 | resting=0 | FILL RATE 0/2 = 0.0% | avg slip +0.00bp
2026-09-12 05:57:47  equity=2876.24 SUSDT | pos=0 | resting=0 | FILL RATE 0/2 = 0.0% | avg slip +0.00bp
2026-09-12 05:58:49  equity=2876.24 SUSDT | pos=0 | resting=0 | FILL RATE 0/2 = 0.0% | avg slip +0.00bp
2026-09-12 05:59:50  equity=2876.24 SUSDT | pos=0 | resting=0 | FILL RATE 0/2 = 0.0% | avg slip +0.00bp
2026-09-12 06:00:52  equity=2876.24 SUSDT | pos=0 | resting=0 | FILL RATE 0/2 = 0.0% | avg slip +0.00bp
2026-09-12 06:00:52  [maker_bb_break_1h] 1h flat; HOLD
2026-09-12 06:00:53  [maker_bb_break_15m] 15m flat; HOLD
2026-09-12 06:00:53  [maker_rsi_mom_15m] 15m flat; HOLD
2026-09-12 06:01:54  equity=2876.24 SUSDT | pos=0 | resting=0 | FILL RATE 0/2 = 0.0% | avg slip +0.00bp
2026-09-12 06:02:56  equity=2876.24 SUSDT | pos=0 | resting=0 | FILL RATE 0/2 = 0.0% | avg slip +0.00bp
2026-09-12 06:03:57  equity=2876.24 SUSDT | pos=0 | resting=0 | FILL RATE 0/2 = 0.0% | avg slip +0.00bp
2026-09-12 06:04:59  equity=2876.24 SUSDT | pos=0 | resting=0 | FILL RATE 0/2 = 0.0% | avg slip +0.00bp
2026-09-12 06:06:01  equity=2876.24 SUSDT | pos=0 | resting=0 | FILL RATE 0/2 = 0.0% | avg slip +0.00bp
2026-09-12 06:07:02  equity=2876.24 SUSDT | pos=0 | resting=0 | FILL RATE 0/2 = 0.0% | avg slip +0.00bp
2026-09-12 06:08:04  equity=2876.24 SUSDT | pos=0 | resting=0 | FILL RATE 0/2 = 0.0% | avg slip +0.00bp
2026-09-12 06:09:06  equity=2876.24 SUSDT | pos=0 | resting=0 | FILL RATE 0/2 = 0.0% | avg slip +0.00bp
2026-09-12 06:09:06  ---- maker standings ----
2026-09-12 06:09:06     signals=15 posted=2 filled=0 unfilled/expired=0 rejected=12
2026-09-12 06:09:06     FILL RATE = 0.0%  (backtest needed >~60% at 0.5xATR to stay positive)
2026-09-12 06:09:06     maker_bb_break_1h        ACTIVE  trades=  0 meanR=+0.000 dd= 0.00% (1h)
2026-09-12 06:09:06     maker_bb_break_15m       ACTIVE  trades=  0 meanR=+0.000 dd= 0.00% (15m)
2026-09-12 06:09:06     maker_rsi_mom_15m        ACTIVE  trades=  0 meanR=+0.000 dd= 0.00% (15m)
2026-09-12 06:10:07  equity=2876.24 SUSDT | pos=0 | resting=0 | FILL RATE 0/2 = 0.0% | avg slip +0.00bp
2026-09-12 06:11:09  equity=2876.24 SUSDT | pos=0 | resting=0 | FILL RATE 0/2 = 0.0% | avg slip +0.00bp
2026-09-12 06:12:11  equity=2876.24 SUSDT | pos=0 | resting=0 | FILL RATE 0/2 = 0.0% | avg slip +0.00bp
2026-09-12 06:13:12  equity=2876.24 SUSDT | pos=0 | resting=0 | FILL RATE 0/2 = 0.0% | avg slip +0.00bp
2026-09-12 06:14:14  equity=2876.24 SUSDT | pos=0 | resting=0 | FILL RATE 0/2 = 0.0% | avg slip +0.00bp
2026-09-12 06:15:15  equity=2876.24 SUSDT | pos=0 | resting=0 | FILL RATE 0/2 = 0.0% | avg slip +0.00bp
2026-09-12 06:15:16  [maker_bb_break_15m] 15m flat; HOLD
2026-09-12 06:15:16  [maker_rsi_mom_15m] 15m flat; HOLD
2026-09-12 06:16:17  equity=2876.24 SUSDT | pos=0 | resting=0 | FILL RATE 0/2 = 0.0% | avg slip +0.00bp
2026-09-12 06:17:19  equity=2876.24 SUSDT | pos=0 | resting=0 | FILL RATE 0/2 = 0.0% | avg slip +0.00bp
2026-09-12 06:18:21  equity=2876.24 SUSDT | pos=0 | resting=0 | FILL RATE 0/2 = 0.0% | avg slip +0.00bp
2026-09-12 06:19:22  equity=2876.24 SUSDT | pos=0 | resting=0 | FILL RATE 0/2 = 0.0% | avg slip +0.00bp
2026-09-12 06:20:24  equity=2876.24 SUSDT | pos=0 | resting=0 | FILL RATE 0/2 = 0.0% | avg slip +0.00bp
2026-09-12 06:21:26  equity=2876.24 SUSDT | pos=0 | resting=0 | FILL RATE 0/2 = 0.0% | avg slip +0.00bp
2026-09-12 06:22:28  equity=2876.24 SUSDT | pos=0 | resting=0 | FILL RATE 0/2 = 0.0% | avg slip +0.00bp
2026-09-12 06:23:29  equity=2876.24 SUSDT | pos=0 | resting=0 | FILL RATE 0/2 = 0.0% | avg slip +0.00bp
2026-09-12 06:24:31  equity=2876.24 SUSDT | pos=0 | resting=0 | FILL RATE 0/2 = 0.0% | avg slip +0.00bp
2026-09-12 06:25:32  equity=2876.24 SUSDT | pos=0 | resting=0 | FILL RATE 0/2 = 0.0% | avg slip +0.00bp
2026-09-12 06:26:34  equity=2876.24 SUSDT | pos=0 | resting=0 | FILL RATE 0/2 = 0.0% | avg slip +0.00bp
2026-09-12 06:27:36  equity=2876.24 SUSDT | pos=0 | resting=0 | FILL RATE 0/2 = 0.0% | avg slip +0.00bp
2026-09-12 06:28:37  equity=2876.24 SUSDT | pos=0 | resting=0 | FILL RATE 0/2 = 0.0% | avg slip +0.00bp
2026-09-12 06:29:39  equity=2876.24 SUSDT | pos=0 | resting=0 | FILL RATE 0/2 = 0.0% | avg slip +0.00bp
2026-09-12 06:29:40  ---- maker standings ----
2026-09-12 06:29:40     signals=15 posted=2 filled=0 unfilled/expired=0 rejected=12
2026-09-12 06:29:40     FILL RATE = 0.0%  (backtest needed >~60% at 0.5xATR to stay positive)
2026-09-12 06:29:40     maker_bb_break_1h        ACTIVE  trades=  0 meanR=+0.000 dd= 0.00% (1h)
2026-09-12 06:29:40     maker_bb_break_15m       ACTIVE  trades=  0 meanR=+0.000 dd= 0.00% (15m)
2026-09-12 06:29:40     maker_rsi_mom_15m        ACTIVE  trades=  0 meanR=+0.000 dd= 0.00% (15m)
2026-09-12 06:30:41  equity=2876.24 SUSDT | pos=0 | resting=0 | FILL RATE 0/2 = 0.0% | avg slip +0.00bp
2026-09-12 06:30:41  [maker_bb_break_15m] 15m flat; HOLD
2026-09-12 06:30:41  [maker_rsi_mom_15m] 15m flat; HOLD
2026-09-12 06:31:42  equity=2876.24 SUSDT | pos=0 | resting=0 | FILL RATE 0/2 = 0.0% | avg slip +0.00bp
2026-09-12 06:32:44  equity=2876.24 SUSDT | pos=0 | resting=0 | FILL RATE 0/2 = 0.0% | avg slip +0.00bp
2026-09-12 06:33:46  equity=2876.24 SUSDT | pos=0 | resting=0 | FILL RATE 0/2 = 0.0% | avg slip +0.00bp
2026-09-12 06:34:47  equity=2876.24 SUSDT | pos=0 | resting=0 | FILL RATE 0/2 = 0.0% | avg slip +0.00bp
2026-09-12 06:35:49  equity=2876.24 SUSDT | pos=0 | resting=0 | FILL RATE 0/2 = 0.0% | avg slip +0.00bp
2026-09-12 06:36:51  equity=2876.24 SUSDT | pos=0 | resting=0 | FILL RATE 0/2 = 0.0% | avg slip +0.00bp
2026-09-12 06:37:52  equity=2876.24 SUSDT | pos=0 | resting=0 | FILL RATE 0/2 = 0.0% | avg slip +0.00bp
2026-09-12 06:38:54  equity=2876.24 SUSDT | pos=0 | resting=0 | FILL RATE 0/2 = 0.0% | avg slip +0.00bp
2026-09-12 06:39:56  equity=2876.24 SUSDT | pos=0 | resting=0 | FILL RATE 0/2 = 0.0% | avg slip +0.00bp
2026-09-12 06:40:57  equity=2876.24 SUSDT | pos=0 | resting=0 | FILL RATE 0/2 = 0.0% | avg slip +0.00bp
2026-09-12 06:41:59  equity=2876.24 SUSDT | pos=0 | resting=0 | FILL RATE 0/2 = 0.0% | avg slip +0.00bp
2026-09-12 06:43:01  equity=2876.24 SUSDT | pos=0 | resting=0 | FILL RATE 0/2 = 0.0% | avg slip +0.00bp
2026-09-12 06:44:02  equity=2876.24 SUSDT | pos=0 | resting=0 | FILL RATE 0/2 = 0.0% | avg slip +0.00bp
2026-09-12 06:45:04  equity=2876.24 SUSDT | pos=0 | resting=0 | FILL RATE 0/2 = 0.0% | avg slip +0.00bp
2026-09-12 06:45:04  [maker_bb_break_15m] 15m flat; HOLD
2026-09-12 06:45:05  [maker_rsi_mom_15m] 15m flat; HOLD
2026-09-12 06:46:06  equity=2876.24 SUSDT | pos=0 | resting=0 | FILL RATE 0/2 = 0.0% | avg slip +0.00bp
2026-09-12 06:47:07  equity=2876.24 SUSDT | pos=0 | resting=0 | FILL RATE 0/2 = 0.0% | avg slip +0.00bp
2026-09-12 06:48:09  equity=2876.24 SUSDT | pos=0 | resting=0 | FILL RATE 0/2 = 0.0% | avg slip +0.00bp
2026-09-12 06:49:11  equity=2876.24 SUSDT | pos=0 | resting=0 | FILL RATE 0/2 = 0.0% | avg slip +0.00bp
2026-09-12 06:50:12  equity=2876.24 SUSDT | pos=0 | resting=0 | FILL RATE 0/2 = 0.0% | avg slip +0.00bp
2026-09-12 06:50:13  ---- maker standings ----
2026-09-12 06:50:13     signals=15 posted=2 filled=0 unfilled/expired=0 rejected=12
2026-09-12 06:50:13     FILL RATE = 0.0%  (backtest needed >~60% at 0.5xATR to stay positive)
2026-09-12 06:50:13     maker_bb_break_1h        ACTIVE  trades=  0 meanR=+0.000 dd= 0.00% (1h)
2026-09-12 06:50:13     maker_bb_break_15m       ACTIVE  trades=  0 meanR=+0.000 dd= 0.00% (15m)
2026-09-12 06:50:13     maker_rsi_mom_15m        ACTIVE  trades=  0 meanR=+0.000 dd= 0.00% (15m)
2026-09-12 06:51:14  equity=2876.24 SUSDT | pos=0 | resting=0 | FILL RATE 0/2 = 0.0% | avg slip +0.00bp
2026-09-12 06:52:16  equity=2876.24 SUSDT | pos=0 | resting=0 | FILL RATE 0/2 = 0.0% | avg slip +0.00bp
2026-09-12 06:53:17  equity=2876.24 SUSDT | pos=0 | resting=0 | FILL RATE 0/2 = 0.0% | avg slip +0.00bp
2026-09-12 06:54:19  equity=2876.24 SUSDT | pos=0 | resting=0 | FILL RATE 0/2 = 0.0% | avg slip +0.00bp
2026-09-12 06:55:21  equity=2876.24 SUSDT | pos=0 | resting=0 | FILL RATE 0/2 = 0.0% | avg slip +0.00bp
2026-09-12 06:56:22  equity=2876.24 SUSDT | pos=0 | resting=0 | FILL RATE 0/2 = 0.0% | avg slip +0.00bp
2026-09-12 06:57:24  equity=2876.24 SUSDT | pos=0 | resting=0 | FILL RATE 0/2 = 0.0% | avg slip +0.00bp
2026-09-12 06:58:26  equity=2876.24 SUSDT | pos=0 | resting=0 | FILL RATE 0/2 = 0.0% | avg slip +0.00bp
2026-09-12 06:59:27  equity=2876.24 SUSDT | pos=0 | resting=0 | FILL RATE 0/2 = 0.0% | avg slip +0.00bp
2026-09-12 07:00:29  equity=2876.24 SUSDT | pos=0 | resting=0 | FILL RATE 0/2 = 0.0% | avg slip +0.00bp
2026-09-12 07:00:29  [maker_bb_break_1h] 1h flat; HOLD
2026-09-12 07:00:30  [maker_bb_break_15m] 15m SIGNAL BUY -> POST-ONLY buy 12.705 @2516.39 (mkt 2518.65, 0.5xATR behind) sl=2507.33 tp=2529.97
2026-09-12 07:00:30  [maker_bb_break_15m] ORDER REJECTED (would take): bitget {"code":"40762","msg":"The order amount exceeds the balance","requestTime":1789196430475,"data":null}
2026-09-12 07:00:30  [maker_rsi_mom_15m] 15m SIGNAL BUY -> POST-ONLY buy 19056.0 @1.361 (mkt 1.3625, 0.5xATR behind) sl=1.35495 tp=1.37005
2026-09-12 07:00:31  [maker_rsi_mom_15m] ORDER REJECTED (would take): bitget {"code":"40762","msg":"The order amount exceeds the balance","requestTime":1789196431394,"data":null}
2026-09-12 07:01:32  equity=2876.24 SUSDT | pos=0 | resting=0 | FILL RATE 0/2 = 0.0% | avg slip +0.00bp
2026-09-12 07:02:34  equity=2876.24 SUSDT | pos=0 | resting=0 | FILL RATE 0/2 = 0.0% | avg slip +0.00bp
2026-09-12 07:03:35  equity=2876.24 SUSDT | pos=0 | resting=0 | FILL RATE 0/2 = 0.0% | avg slip +0.00bp
2026-09-12 07:04:37  equity=2876.24 SUSDT | pos=0 | resting=0 | FILL RATE 0/2 = 0.0% | avg slip +0.00bp
2026-09-12 07:05:39  equity=2876.24 SUSDT | pos=0 | resting=0 | FILL RATE 0/2 = 0.0% | avg slip +0.00bp
2026-09-12 07:06:41  equity=2876.24 SUSDT | pos=0 | resting=0 | FILL RATE 0/2 = 0.0% | avg slip +0.00bp
2026-09-12 07:07:43  equity=2876.24 SUSDT | pos=0 | resting=0 | FILL RATE 0/2 = 0.0% | avg slip +0.00bp
2026-09-12 07:08:44  equity=2876.24 SUSDT | pos=0 | resting=0 | FILL RATE 0/2 = 0.0% | avg slip +0.00bp
2026-09-12 07:09:46  equity=2876.24 SUSDT | pos=0 | resting=0 | FILL RATE 0/2 = 0.0% | avg slip +0.00bp
2026-09-12 07:10:48  equity=2876.24 SUSDT | pos=0 | resting=0 | FILL RATE 0/2 = 0.0% | avg slip +0.00bp
2026-09-12 07:10:48  ---- maker standings ----
2026-09-12 07:10:48     signals=17 posted=2 filled=0 unfilled/expired=0 rejected=14
2026-09-12 07:10:48     FILL RATE = 0.0%  (backtest needed >~60% at 0.5xATR to stay positive)
2026-09-12 07:10:48     maker_bb_break_1h        ACTIVE  trades=  0 meanR=+0.000 dd= 0.00% (1h)
2026-09-12 07:10:48     maker_bb_break_15m       ACTIVE  trades=  0 meanR=+0.000 dd= 0.00% (15m)
2026-09-12 07:10:48     maker_rsi_mom_15m        ACTIVE  trades=  0 meanR=+0.000 dd= 0.00% (15m)
2026-09-12 07:11:49  equity=2876.24 SUSDT | pos=0 | resting=0 | FILL RATE 0/2 = 0.0% | avg slip +0.00bp
2026-09-12 07:12:51  equity=2876.24 SUSDT | pos=0 | resting=0 | FILL RATE 0/2 = 0.0% | avg slip +0.00bp
2026-09-12 07:13:53  equity=2876.24 SUSDT | pos=0 | resting=0 | FILL RATE 0/2 = 0.0% | avg slip +0.00bp
2026-09-12 07:14:54  equity=2876.24 SUSDT | pos=0 | resting=0 | FILL RATE 0/2 = 0.0% | avg slip +0.00bp
2026-09-12 07:15:56  equity=2876.24 SUSDT | pos=0 | resting=0 | FILL RATE 0/2 = 0.0% | avg slip +0.00bp
2026-09-12 07:15:56  [maker_bb_break_15m] 15m SIGNAL BUY -> POST-ONLY buy 12.534 @2520.96 (mkt 2523.25, 0.5xATR behind) sl=2511.78 tp=2534.72
2026-09-12 07:15:57  [maker_bb_break_15m] ORDER REJECTED (would take): bitget {"code":"40762","msg":"The order amount exceeds the balance","requestTime":1789197357402,"data":null}
2026-09-12 07:15:57  [maker_rsi_mom_15m] 15m flat; HOLD
2026-09-12 07:16:58  equity=2876.24 SUSDT | pos=0 | resting=0 | FILL RATE 0/2 = 0.0% | avg slip +0.00bp
2026-09-12 07:18:00  equity=2876.24 SUSDT | pos=0 | resting=0 | FILL RATE 0/2 = 0.0% | avg slip +0.00bp
2026-09-12 07:19:02  equity=2876.24 SUSDT | pos=0 | resting=0 | FILL RATE 0/2 = 0.0% | avg slip +0.00bp
2026-09-12 07:20:03  equity=2876.24 SUSDT | pos=0 | resting=0 | FILL RATE 0/2 = 0.0% | avg slip +0.00bp
2026-09-12 07:21:08  equity=2876.24 SUSDT | pos=0 | resting=0 | FILL RATE 0/2 = 0.0% | avg slip +0.00bp
2026-09-12 07:22:10  equity=2876.24 SUSDT | pos=0 | resting=0 | FILL RATE 0/2 = 0.0% | avg slip +0.00bp
2026-09-12 07:23:12  equity=2876.24 SUSDT | pos=0 | resting=0 | FILL RATE 0/2 = 0.0% | avg slip +0.00bp
2026-09-12 07:24:13  equity=2876.24 SUSDT | pos=0 | resting=0 | FILL RATE 0/2 = 0.0% | avg slip +0.00bp
2026-09-12 07:25:15  equity=2876.24 SUSDT | pos=0 | resting=0 | FILL RATE 0/2 = 0.0% | avg slip +0.00bp
2026-09-12 07:26:17  equity=2876.24 SUSDT | pos=0 | resting=0 | FILL RATE 0/2 = 0.0% | avg slip +0.00bp
2026-09-12 07:27:18  equity=2876.24 SUSDT | pos=0 | resting=0 | FILL RATE 0/2 = 0.0% | avg slip +0.00bp
2026-09-12 07:28:20  equity=2876.24 SUSDT | pos=0 | resting=0 | FILL RATE 0/2 = 0.0% | avg slip +0.00bp
2026-09-12 07:29:22  equity=2876.24 SUSDT | pos=0 | resting=0 | FILL RATE 0/2 = 0.0% | avg slip +0.00bp
2026-09-12 07:30:23  equity=2876.24 SUSDT | pos=0 | resting=0 | FILL RATE 0/2 = 0.0% | avg slip +0.00bp
2026-09-12 07:30:24  [maker_bb_break_15m] 15m SIGNAL BUY -> POST-ONLY buy 12.949 @2519.89 (mkt 2522.11, 0.5xATR behind) sl=2511 tp=2533.22
2026-09-12 07:30:25  [maker_bb_break_15m] ORDER REJECTED (would take): bitget {"code":"40762","msg":"The order amount exceeds the balance","requestTime":1789198224876,"data":null}
2026-09-12 07:30:25  [maker_rsi_mom_15m] 15m SIGNAL BUY -> POST-ONLY buy 19179.0 @1.365 (mkt 1.3661, 0.5xATR behind) sl=1.3586 tp=1.3736
2026-09-12 07:30:26  [maker_rsi_mom_15m] ORDER REJECTED (would take): bitget {"code":"40762","msg":"The order amount exceeds the balance","requestTime":1789198226100,"data":null}
2026-09-12 07:31:27  equity=2876.24 SUSDT | pos=0 | resting=0 | FILL RATE 0/2 = 0.0% | avg slip +0.00bp
2026-09-12 07:31:28  ---- maker standings ----
2026-09-12 07:31:28     signals=20 posted=2 filled=0 unfilled/expired=0 rejected=17
2026-09-12 07:31:28     FILL RATE = 0.0%  (backtest needed >~60% at 0.5xATR to stay positive)
2026-09-12 07:31:28     maker_bb_break_1h        ACTIVE  trades=  0 meanR=+0.000 dd= 0.00% (1h)
2026-09-12 07:31:28     maker_bb_break_15m       ACTIVE  trades=  0 meanR=+0.000 dd= 0.00% (15m)
2026-09-12 07:31:28     maker_rsi_mom_15m        ACTIVE  trades=  0 meanR=+0.000 dd= 0.00% (15m)
2026-09-12 07:32:29  equity=2876.24 SUSDT | pos=0 | resting=0 | FILL RATE 0/2 = 0.0% | avg slip +0.00bp
2026-09-12 07:33:30  equity=2876.24 SUSDT | pos=0 | resting=0 | FILL RATE 0/2 = 0.0% | avg slip +0.00bp
2026-09-12 07:34:32  equity=2876.24 SUSDT | pos=0 | resting=0 | FILL RATE 0/2 = 0.0% | avg slip +0.00bp
2026-09-12 07:35:33  equity=2876.24 SUSDT | pos=0 | resting=0 | FILL RATE 0/2 = 0.0% | avg slip +0.00bp
2026-09-12 07:36:35  equity=2876.24 SUSDT | pos=0 | resting=0 | FILL RATE 0/2 = 0.0% | avg slip +0.00bp
2026-09-12 07:37:37  equity=2876.24 SUSDT | pos=0 | resting=0 | FILL RATE 0/2 = 0.0% | avg slip +0.00bp
2026-09-12 07:38:39  equity=2876.24 SUSDT | pos=0 | resting=0 | FILL RATE 0/2 = 0.0% | avg slip +0.00bp
2026-09-12 07:39:40  equity=2876.24 SUSDT | pos=0 | resting=0 | FILL RATE 0/2 = 0.0% | avg slip +0.00bp
2026-09-12 07:40:42  equity=2876.24 SUSDT | pos=0 | resting=0 | FILL RATE 0/2 = 0.0% | avg slip +0.00bp
2026-09-12 07:41:44  equity=2876.24 SUSDT | pos=0 | resting=0 | FILL RATE 0/2 = 0.0% | avg slip +0.00bp
2026-09-12 07:42:45  equity=2876.24 SUSDT | pos=0 | resting=0 | FILL RATE 0/2 = 0.0% | avg slip +0.00bp
2026-09-12 07:43:47  equity=2876.24 SUSDT | pos=0 | resting=0 | FILL RATE 0/2 = 0.0% | avg slip +0.00bp
2026-09-12 07:44:49  equity=2876.24 SUSDT | pos=0 | resting=0 | FILL RATE 0/2 = 0.0% | avg slip +0.00bp
2026-09-12 07:45:50  equity=2876.24 SUSDT | pos=0 | resting=0 | FILL RATE 0/2 = 0.0% | avg slip +0.00bp
2026-09-12 07:45:51  [maker_bb_break_15m] 15m SIGNAL BUY -> POST-ONLY buy 13.616 @2519.91 (mkt 2522.02, 0.5xATR behind) sl=2511.46 tp=2532.58
2026-09-12 07:45:51  [maker_bb_break_15m] ORDER REJECTED (would take): bitget {"code":"40762","msg":"The order amount exceeds the balance","requestTime":1789199151794,"data":null}
2026-09-12 07:45:52  [maker_rsi_mom_15m] 15m SIGNAL BUY -> POST-ONLY buy 19939.0 @1.365 (mkt 1.3664, 0.5xATR behind) sl=1.35919 tp=1.37361
2026-09-12 07:45:52  [maker_rsi_mom_15m] ORDER REJECTED (would take): bitget {"code":"40762","msg":"The order amount exceeds the balance","requestTime":1789199152763,"data":null}
2026-09-12 07:46:53  equity=2876.24 SUSDT | pos=0 | resting=0 | FILL RATE 0/2 = 0.0% | avg slip +0.00bp
2026-09-12 07:47:55  equity=2876.24 SUSDT | pos=0 | resting=0 | FILL RATE 0/2 = 0.0% | avg slip +0.00bp
2026-09-12 07:48:57  equity=2876.24 SUSDT | pos=0 | resting=0 | FILL RATE 0/2 = 0.0% | avg slip +0.00bp
2026-09-12 07:49:58  equity=2876.24 SUSDT | pos=0 | resting=0 | FILL RATE 0/2 = 0.0% | avg slip +0.00bp
2026-09-12 07:51:00  equity=2876.24 SUSDT | pos=0 | resting=0 | FILL RATE 0/2 = 0.0% | avg slip +0.00bp
2026-09-12 07:52:02  equity=2876.24 SUSDT | pos=0 | resting=0 | FILL RATE 0/2 = 0.0% | avg slip +0.00bp
2026-09-12 07:52:03  ---- maker standings ----
2026-09-12 07:52:03     signals=22 posted=2 filled=0 unfilled/expired=0 rejected=19
2026-09-12 07:52:03     FILL RATE = 0.0%  (backtest needed >~60% at 0.5xATR to stay positive)
2026-09-12 07:52:03     maker_bb_break_1h        ACTIVE  trades=  0 meanR=+0.000 dd= 0.00% (1h)
2026-09-12 07:52:03     maker_bb_break_15m       ACTIVE  trades=  0 meanR=+0.000 dd= 0.00% (15m)
2026-09-12 07:52:03     maker_rsi_mom_15m        ACTIVE  trades=  0 meanR=+0.000 dd= 0.00% (15m)
2026-09-12 07:53:03  equity=2876.24 SUSDT | pos=0 | resting=0 | FILL RATE 0/2 = 0.0% | avg slip +0.00bp
2026-09-12 07:54:05  equity=2876.24 SUSDT | pos=0 | resting=0 | FILL RATE 0/2 = 0.0% | avg slip +0.00bp
2026-09-12 07:55:07  equity=2876.24 SUSDT | pos=0 | resting=0 | FILL RATE 0/2 = 0.0% | avg slip +0.00bp
2026-09-12 07:56:09  equity=2876.24 SUSDT | pos=0 | resting=0 | FILL RATE 0/2 = 0.0% | avg slip +0.00bp
2026-09-12 07:57:11  equity=2876.24 SUSDT | pos=0 | resting=0 | FILL RATE 0/2 = 0.0% | avg slip +0.00bp
2026-09-12 07:58:12  equity=2876.24 SUSDT | pos=0 | resting=0 | FILL RATE 0/2 = 0.0% | avg slip +0.00bp
2026-09-12 07:59:14  equity=2876.24 SUSDT | pos=0 | resting=0 | FILL RATE 0/2 = 0.0% | avg slip +0.00bp
2026-09-12 08:00:15  equity=2876.24 SUSDT | pos=0 | resting=0 | FILL RATE 0/2 = 0.0% | avg slip +0.00bp
2026-09-12 08:00:16  [maker_bb_break_1h] 1h flat; HOLD
2026-09-12 08:00:16  [maker_bb_break_15m] 15m SIGNAL BUY -> POST-ONLY buy 14.003 @2520.88 (mkt 2522.93, 0.5xATR behind) sl=2512.66 tp=2533.2
2026-09-12 08:00:17  [maker_bb_break_15m] ORDER REJECTED (would take): bitget {"code":"40762","msg":"The order amount exceeds the balance","requestTime":1789200017435,"data":null}
2026-09-12 08:00:17  [maker_rsi_mom_15m] 15m SIGNAL BUY -> POST-ONLY buy 19356.0 @1.367 (mkt 1.3685, 0.5xATR behind) sl=1.36107 tp=1.37593
2026-09-12 08:00:18  [maker_rsi_mom_15m] ORDER REJECTED (would take): bitget {"code":"40762","msg":"The order amount exceeds the balance","requestTime":1789200018445,"data":null}
2026-09-12 08:01:19  equity=2876.24 SUSDT | pos=0 | resting=0 | FILL RATE 0/2 = 0.0% | avg slip +0.00bp
2026-09-12 08:02:21  equity=2876.24 SUSDT | pos=0 | resting=0 | FILL RATE 0/2 = 0.0% | avg slip +0.00bp
2026-09-12 08:03:22  equity=2876.24 SUSDT | pos=0 | resting=0 | FILL RATE 0/2 = 0.0% | avg slip +0.00bp
2026-09-12 08:04:24  equity=2876.24 SUSDT | pos=0 | resting=0 | FILL RATE 0/2 = 0.0% | avg slip +0.00bp
2026-09-12 08:05:26  equity=2876.24 SUSDT | pos=0 | resting=0 | FILL RATE 0/2 = 0.0% | avg slip +0.00bp
2026-09-12 08:06:27  equity=2876.24 SUSDT | pos=0 | resting=0 | FILL RATE 0/2 = 0.0% | avg slip +0.00bp
2026-09-12 08:07:29  equity=2876.24 SUSDT | pos=0 | resting=0 | FILL RATE 0/2 = 0.0% | avg slip +0.00bp
2026-09-12 08:08:31  equity=2876.24 SUSDT | pos=0 | resting=0 | FILL RATE 0/2 = 0.0% | avg slip +0.00bp
2026-09-12 08:09:32  equity=2876.24 SUSDT | pos=0 | resting=0 | FILL RATE 0/2 = 0.0% | avg slip +0.00bp
2026-09-12 08:10:34  equity=2876.24 SUSDT | pos=0 | resting=0 | FILL RATE 0/2 = 0.0% | avg slip +0.00bp
2026-09-12 08:11:36  equity=2876.24 SUSDT | pos=0 | resting=0 | FILL RATE 0/2 = 0.0% | avg slip +0.00bp
2026-09-12 08:12:37  equity=2876.24 SUSDT | pos=0 | resting=0 | FILL RATE 0/2 = 0.0% | avg slip +0.00bp
2026-09-12 08:12:38  ---- maker standings ----
2026-09-12 08:12:38     signals=24 posted=2 filled=0 unfilled/expired=0 rejected=21
2026-09-12 08:12:38     FILL RATE = 0.0%  (backtest needed >~60% at 0.5xATR to stay positive)
2026-09-12 08:12:38     maker_bb_break_1h        ACTIVE  trades=  0 meanR=+0.000 dd= 0.00% (1h)
2026-09-12 08:12:38     maker_bb_break_15m       ACTIVE  trades=  0 meanR=+0.000 dd= 0.00% (15m)
2026-09-12 08:12:38     maker_rsi_mom_15m        ACTIVE  trades=  0 meanR=+0.000 dd= 0.00% (15m)
2026-09-12 08:13:39  equity=2876.24 SUSDT | pos=0 | resting=0 | FILL RATE 0/2 = 0.0% | avg slip +0.00bp
2026-09-12 08:14:40  equity=2876.24 SUSDT | pos=0 | resting=0 | FILL RATE 0/2 = 0.0% | avg slip +0.00bp
2026-09-12 08:15:42  equity=2876.24 SUSDT | pos=0 | resting=0 | FILL RATE 0/2 = 0.0% | avg slip +0.00bp
2026-09-12 08:15:42  [maker_bb_break_15m] 15m SIGNAL BUY -> POST-ONLY buy 13.735 @2522.89 (mkt 2524.98, 0.5xATR behind) sl=2514.51 tp=2535.45
2026-09-12 08:15:43  [maker_bb_break_15m] ORDER REJECTED (would take): bitget {"code":"40762","msg":"The order amount exceeds the balance","requestTime":1789200943502,"data":null}
2026-09-12 08:15:43  [maker_rsi_mom_15m] 15m SIGNAL BUY -> POST-ONLY buy 18627.0 @1.365 (mkt 1.3662, 0.5xATR behind) sl=1.35848 tp=1.37392
2026-09-12 08:15:44  [maker_rsi_mom_15m] ORDER REJECTED (would take): bitget {"code":"40762","msg":"The order amount exceeds the balance","requestTime":1789200944458,"data":null}
2026-09-12 08:16:45  equity=2876.24 SUSDT | pos=0 | resting=0 | FILL RATE 0/2 = 0.0% | avg slip +0.00bp
2026-09-12 08:17:47  equity=2876.24 SUSDT | pos=0 | resting=0 | FILL RATE 0/2 = 0.0% | avg slip +0.00bp
2026-09-12 08:18:48  equity=2876.24 SUSDT | pos=0 | resting=0 | FILL RATE 0/2 = 0.0% | avg slip +0.00bp
2026-09-12 08:19:50  equity=2876.24 SUSDT | pos=0 | resting=0 | FILL RATE 0/2 = 0.0% | avg slip +0.00bp
2026-09-12 08:20:52  equity=2876.24 SUSDT | pos=0 | resting=0 | FILL RATE 0/2 = 0.0% | avg slip +0.00bp
2026-09-12 08:21:53  equity=2876.24 SUSDT | pos=0 | resting=0 | FILL RATE 0/2 = 0.0% | avg slip +0.00bp
2026-09-12 08:22:55  equity=2876.24 SUSDT | pos=0 | resting=0 | FILL RATE 0/2 = 0.0% | avg slip +0.00bp
2026-09-12 08:23:57  equity=2876.24 SUSDT | pos=0 | resting=0 | FILL RATE 0/2 = 0.0% | avg slip +0.00bp
2026-09-12 08:24:58  equity=2876.24 SUSDT | pos=0 | resting=0 | FILL RATE 0/2 = 0.0% | avg slip +0.00bp
2026-09-12 08:26:00  equity=2876.24 SUSDT | pos=0 | resting=0 | FILL RATE 0/2 = 0.0% | avg slip +0.00bp
2026-09-12 08:27:01  equity=2876.24 SUSDT | pos=0 | resting=0 | FILL RATE 0/2 = 0.0% | avg slip +0.00bp
2026-09-12 08:28:03  equity=2876.24 SUSDT | pos=0 | resting=0 | FILL RATE 0/2 = 0.0% | avg slip +0.00bp
2026-09-12 08:29:05  equity=2876.24 SUSDT | pos=0 | resting=0 | FILL RATE 0/2 = 0.0% | avg slip +0.00bp
2026-09-12 08:30:06  equity=2876.24 SUSDT | pos=0 | resting=0 | FILL RATE 0/2 = 0.0% | avg slip +0.00bp
2026-09-12 08:30:07  [maker_bb_break_15m] 15m SIGNAL BUY -> POST-ONLY buy 13.639 @2525.92 (mkt 2528.03, 0.5xATR behind) sl=2517.49 tp=2538.57
2026-09-12 08:30:08  [maker_bb_break_15m] ORDER REJECTED (would take): bitget {"code":"40762","msg":"The order amount exceeds the balance","requestTime":1789201807949,"data":null}
2026-09-12 08:30:08  [maker_rsi_mom_15m] 15m flat; HOLD
2026-09-12 08:31:09  equity=2876.24 SUSDT | pos=0 | resting=0 | FILL RATE 0/2 = 0.0% | avg slip +0.00bp
2026-09-12 08:32:10  equity=2876.24 SUSDT | pos=0 | resting=0 | FILL RATE 0/2 = 0.0% | avg slip +0.00bp
2026-09-12 08:33:12  equity=2876.24 SUSDT | pos=0 | resting=0 | FILL RATE 0/2 = 0.0% | avg slip +0.00bp
2026-09-12 08:33:13  ---- maker standings ----
2026-09-12 08:33:13     signals=27 posted=2 filled=0 unfilled/expired=0 rejected=24
2026-09-12 08:33:13     FILL RATE = 0.0%  (backtest needed >~60% at 0.5xATR to stay positive)
2026-09-12 08:33:13     maker_bb_break_1h        ACTIVE  trades=  0 meanR=+0.000 dd= 0.00% (1h)
2026-09-12 08:33:13     maker_bb_break_15m       ACTIVE  trades=  0 meanR=+0.000 dd= 0.00% (15m)
2026-09-12 08:33:13     maker_rsi_mom_15m        ACTIVE  trades=  0 meanR=+0.000 dd= 0.00% (15m)
2026-09-12 08:34:14  equity=2876.24 SUSDT | pos=0 | resting=0 | FILL RATE 0/2 = 0.0% | avg slip +0.00bp
2026-09-12 08:35:15  equity=2876.24 SUSDT | pos=0 | resting=0 | FILL RATE 0/2 = 0.0% | avg slip +0.00bp
2026-09-12 08:36:17  equity=2876.24 SUSDT | pos=0 | resting=0 | FILL RATE 0/2 = 0.0% | avg slip +0.00bp
2026-09-12 08:37:18  equity=2876.24 SUSDT | pos=0 | resting=0 | FILL RATE 0/2 = 0.0% | avg slip +0.00bp
2026-09-12 08:38:20  equity=2876.24 SUSDT | pos=0 | resting=0 | FILL RATE 0/2 = 0.0% | avg slip +0.00bp
2026-09-12 08:39:22  equity=2876.24 SUSDT | pos=0 | resting=0 | FILL RATE 0/2 = 0.0% | avg slip +0.00bp
2026-09-12 08:40:23  equity=2876.24 SUSDT | pos=0 | resting=0 | FILL RATE 0/2 = 0.0% | avg slip +0.00bp
2026-09-12 08:41:25  equity=2876.24 SUSDT | pos=0 | resting=0 | FILL RATE 0/2 = 0.0% | avg slip +0.00bp
2026-09-12 08:42:26  equity=2876.24 SUSDT | pos=0 | resting=0 | FILL RATE 0/2 = 0.0% | avg slip +0.00bp
2026-09-12 08:43:28  equity=2876.24 SUSDT | pos=0 | resting=0 | FILL RATE 0/2 = 0.0% | avg slip +0.00bp
2026-09-12 08:44:29  equity=2876.24 SUSDT | pos=0 | resting=0 | FILL RATE 0/2 = 0.0% | avg slip +0.00bp
2026-09-12 08:45:31  equity=2876.24 SUSDT | pos=0 | resting=0 | FILL RATE 0/2 = 0.0% | avg slip +0.00bp
2026-09-12 08:45:32  [maker_bb_break_15m] 15m SIGNAL BUY -> POST-ONLY buy 13.296 @2529.49 (mkt 2531.65, 0.5xATR behind) sl=2520.83 tp=2542.47
2026-09-12 08:45:32  [maker_bb_break_15m] ORDER REJECTED (would take): bitget {"code":"40762","msg":"The order amount exceeds the balance","requestTime":1789202732555,"data":null}
2026-09-12 08:45:32  [maker_rsi_mom_15m] 15m flat; HOLD
2026-09-12 08:46:33  equity=2876.24 SUSDT | pos=0 | resting=0 | FILL RATE 0/2 = 0.0% | avg slip +0.00bp
2026-09-12 08:47:35  equity=2876.24 SUSDT | pos=0 | resting=0 | FILL RATE 0/2 = 0.0% | avg slip +0.00bp
2026-09-12 08:48:37  equity=2876.24 SUSDT | pos=0 | resting=0 | FILL RATE 0/2 = 0.0% | avg slip +0.00bp
2026-09-12 08:49:38  equity=2876.24 SUSDT | pos=0 | resting=0 | FILL RATE 0/2 = 0.0% | avg slip +0.00bp
2026-09-12 08:50:40  equity=2876.24 SUSDT | pos=0 | resting=0 | FILL RATE 0/2 = 0.0% | avg slip +0.00bp
2026-09-12 08:51:41  equity=2876.24 SUSDT | pos=0 | resting=0 | FILL RATE 0/2 = 0.0% | avg slip +0.00bp
2026-09-12 08:52:43  equity=2876.24 SUSDT | pos=0 | resting=0 | FILL RATE 0/2 = 0.0% | avg slip +0.00bp
2026-09-12 08:53:45  equity=2876.24 SUSDT | pos=0 | resting=0 | FILL RATE 0/2 = 0.0% | avg slip +0.00bp
2026-09-12 08:53:46  ---- maker standings ----
2026-09-12 08:53:46     signals=28 posted=2 filled=0 unfilled/expired=0 rejected=25
2026-09-12 08:53:46     FILL RATE = 0.0%  (backtest needed >~60% at 0.5xATR to stay positive)
2026-09-12 08:53:46     maker_bb_break_1h        ACTIVE  trades=  0 meanR=+0.000 dd= 0.00% (1h)
2026-09-12 08:53:46     maker_bb_break_15m       ACTIVE  trades=  0 meanR=+0.000 dd= 0.00% (15m)
2026-09-12 08:53:46     maker_rsi_mom_15m        ACTIVE  trades=  0 meanR=+0.000 dd= 0.00% (15m)
2026-09-12 08:54:47  equity=2876.24 SUSDT | pos=0 | resting=0 | FILL RATE 0/2 = 0.0% | avg slip +0.00bp
2026-09-12 08:55:48  equity=2876.24 SUSDT | pos=0 | resting=0 | FILL RATE 0/2 = 0.0% | avg slip +0.00bp
2026-09-12 08:56:50  equity=2876.24 SUSDT | pos=0 | resting=0 | FILL RATE 0/2 = 0.0% | avg slip +0.00bp
2026-09-12 08:57:52  equity=2876.24 SUSDT | pos=0 | resting=0 | FILL RATE 0/2 = 0.0% | avg slip +0.00bp
2026-09-12 08:58:53  equity=2876.24 SUSDT | pos=0 | resting=0 | FILL RATE 0/2 = 0.0% | avg slip +0.00bp
2026-09-12 08:59:55  equity=2876.24 SUSDT | pos=0 | resting=0 | FILL RATE 0/2 = 0.0% | avg slip +0.00bp
2026-09-12 09:00:56  equity=2876.24 SUSDT | pos=0 | resting=0 | FILL RATE 0/2 = 0.0% | avg slip +0.00bp
2026-09-12 09:00:57  [maker_bb_break_1h] 1h flat; HOLD
2026-09-12 09:00:57  [maker_bb_break_15m] 15m SIGNAL BUY -> POST-ONLY buy 13.26 @2530.06 (mkt 2532.23, 0.5xATR behind) sl=2521.38 tp=2543.08
2026-09-12 09:00:58  [maker_bb_break_15m] ORDER REJECTED (would take): bitget {"code":"40762","msg":"The order amount exceeds the balance","requestTime":1789203658513,"data":null}
2026-09-12 09:00:59  [maker_rsi_mom_15m] 15m flat; HOLD
2026-09-12 09:02:00  equity=2876.24 SUSDT | pos=0 | resting=0 | FILL RATE 0/2 = 0.0% | avg slip +0.00bp
2026-09-12 09:03:02  equity=2876.24 SUSDT | pos=0 | resting=0 | FILL RATE 0/2 = 0.0% | avg slip +0.00bp
2026-09-12 09:04:04  equity=2876.24 SUSDT | pos=0 | resting=0 | FILL RATE 0/2 = 0.0% | avg slip +0.00bp
2026-09-12 09:05:05  equity=2876.24 SUSDT | pos=0 | resting=0 | FILL RATE 0/2 = 0.0% | avg slip +0.00bp
2026-09-12 09:06:07  equity=2876.24 SUSDT | pos=0 | resting=0 | FILL RATE 0/2 = 0.0% | avg slip +0.00bp
2026-09-12 09:07:09  equity=2876.24 SUSDT | pos=0 | resting=0 | FILL RATE 0/2 = 0.0% | avg slip +0.00bp
2026-09-12 09:08:11  equity=2876.24 SUSDT | pos=0 | resting=0 | FILL RATE 0/2 = 0.0% | avg slip +0.00bp
2026-09-12 09:09:13  equity=2876.24 SUSDT | pos=0 | resting=0 | FILL RATE 0/2 = 0.0% | avg slip +0.00bp
2026-09-12 09:10:14  equity=2876.24 SUSDT | pos=0 | resting=0 | FILL RATE 0/2 = 0.0% | avg slip +0.00bp
2026-09-12 09:11:16  equity=2876.24 SUSDT | pos=0 | resting=0 | FILL RATE 0/2 = 0.0% | avg slip +0.00bp
2026-09-12 09:12:18  equity=2876.24 SUSDT | pos=0 | resting=0 | FILL RATE 0/2 = 0.0% | avg slip +0.00bp
2026-09-12 09:13:20  equity=2876.24 SUSDT | pos=0 | resting=0 | FILL RATE 0/2 = 0.0% | avg slip +0.00bp
2026-09-12 09:14:22  equity=2876.24 SUSDT | pos=0 | resting=0 | FILL RATE 0/2 = 0.0% | avg slip +0.00bp
2026-09-12 09:14:24  ---- maker standings ----
2026-09-12 09:14:24     signals=29 posted=2 filled=0 unfilled/expired=0 rejected=26
2026-09-12 09:14:24     FILL RATE = 0.0%  (backtest needed >~60% at 0.5xATR to stay positive)
2026-09-12 09:14:24     maker_bb_break_1h        ACTIVE  trades=  0 meanR=+0.000 dd= 0.00% (1h)
2026-09-12 09:14:24     maker_bb_break_15m       ACTIVE  trades=  0 meanR=+0.000 dd= 0.00% (15m)
2026-09-12 09:14:24     maker_rsi_mom_15m        ACTIVE  trades=  0 meanR=+0.000 dd= 0.00% (15m)
2026-09-12 09:15:25  equity=2876.24 SUSDT | pos=0 | resting=0 | FILL RATE 0/2 = 0.0% | avg slip +0.00bp
2026-09-12 09:15:25  [maker_bb_break_15m] 15m SIGNAL BUY -> POST-ONLY buy 13.085 @2531.91 (mkt 2534.11, 0.5xATR behind) sl=2523.12 tp=2545.1
2026-09-12 09:15:26  [maker_bb_break_15m] ORDER REJECTED (would take): bitget {"code":"40762","msg":"The order amount exceeds the balance","requestTime":1789204526436,"data":null}
2026-09-12 09:15:26  [maker_rsi_mom_15m] 15m flat; HOLD
2026-09-12 09:16:27  equity=2876.24 SUSDT | pos=0 | resting=0 | FILL RATE 0/2 = 0.0% | avg slip +0.00bp
2026-09-12 09:17:30  equity=2876.24 SUSDT | pos=0 | resting=0 | FILL RATE 0/2 = 0.0% | avg slip +0.00bp
2026-09-12 09:18:32  equity=2876.24 SUSDT | pos=0 | resting=0 | FILL RATE 0/2 = 0.0% | avg slip +0.00bp
2026-09-12 09:19:34  equity=2876.24 SUSDT | pos=0 | resting=0 | FILL RATE 0/2 = 0.0% | avg slip +0.00bp
2026-09-12 09:20:36  equity=2876.24 SUSDT | pos=0 | resting=0 | FILL RATE 0/2 = 0.0% | avg slip +0.00bp
2026-09-12 09:21:38  equity=2876.24 SUSDT | pos=0 | resting=0 | FILL RATE 0/2 = 0.0% | avg slip +0.00bp
2026-09-12 09:22:42  equity=2876.24 SUSDT | pos=0 | resting=0 | FILL RATE 0/2 = 0.0% | avg slip +0.00bp
2026-09-12 09:23:44  equity=2876.24 SUSDT | pos=0 | resting=0 | FILL RATE 0/2 = 0.0% | avg slip +0.00bp
2026-09-12 09:24:46  equity=2876.24 SUSDT | pos=0 | resting=0 | FILL RATE 0/2 = 0.0% | avg slip +0.00bp
2026-09-12 09:25:49  equity=2876.24 SUSDT | pos=0 | resting=0 | FILL RATE 0/2 = 0.0% | avg slip +0.00bp
2026-09-12 09:26:51  equity=2876.24 SUSDT | pos=0 | resting=0 | FILL RATE 0/2 = 0.0% | avg slip +0.00bp
2026-09-12 09:27:53  equity=2876.24 SUSDT | pos=0 | resting=0 | FILL RATE 0/2 = 0.0% | avg slip +0.00bp
2026-09-12 09:28:55  equity=2876.24 SUSDT | pos=0 | resting=0 | FILL RATE 0/2 = 0.0% | avg slip +0.00bp
2026-09-12 09:29:57  equity=2876.24 SUSDT | pos=0 | resting=0 | FILL RATE 0/2 = 0.0% | avg slip +0.00bp
2026-09-12 09:31:00  equity=2876.24 SUSDT | pos=0 | resting=0 | FILL RATE 0/2 = 0.0% | avg slip +0.00bp
2026-09-12 09:31:00  [maker_bb_break_15m] 15m SIGNAL BUY -> POST-ONLY buy 13.067 @2532.53 (mkt 2534.73, 0.5xATR behind) sl=2523.72 tp=2545.74
2026-09-12 09:31:01  [maker_bb_break_15m] ORDER REJECTED (would take): bitget {"code":"40762","msg":"The order amount exceeds the balance","requestTime":1789205461398,"data":null}
2026-09-12 09:31:01  [maker_rsi_mom_15m] 15m SIGNAL BUY -> POST-ONLY buy 19255.0 @1.367 (mkt 1.3682, 0.5xATR behind) sl=1.36073 tp=1.37567
2026-09-12 09:31:02  [maker_rsi_mom_15m] ORDER REJECTED (would take): bitget {"code":"40762","msg":"The order amount exceeds the balance","requestTime":1789205462465,"data":null}
2026-09-12 09:32:03  equity=2876.24 SUSDT | pos=0 | resting=0 | FILL RATE 0/2 = 0.0% | avg slip +0.00bp
2026-09-12 09:33:05  equity=2876.24 SUSDT | pos=0 | resting=0 | FILL RATE 0/2 = 0.0% | avg slip +0.00bp
2026-09-12 09:34:08  equity=2876.24 SUSDT | pos=0 | resting=0 | FILL RATE 0/2 = 0.0% | avg slip +0.00bp
2026-09-12 09:35:10  equity=2876.24 SUSDT | pos=0 | resting=0 | FILL RATE 0/2 = 0.0% | avg slip +0.00bp
2026-09-12 09:35:11  ---- maker standings ----
2026-09-12 09:35:11     signals=32 posted=2 filled=0 unfilled/expired=0 rejected=29
2026-09-12 09:35:11     FILL RATE = 0.0%  (backtest needed >~60% at 0.5xATR to stay positive)
2026-09-12 09:35:11     maker_bb_break_1h        ACTIVE  trades=  0 meanR=+0.000 dd= 0.00% (1h)
2026-09-12 09:35:11     maker_bb_break_15m       ACTIVE  trades=  0 meanR=+0.000 dd= 0.00% (15m)
2026-09-12 09:35:11     maker_rsi_mom_15m        ACTIVE  trades=  0 meanR=+0.000 dd= 0.00% (15m)
2026-09-12 09:36:12  equity=2876.24 SUSDT | pos=0 | resting=0 | FILL RATE 0/2 = 0.0% | avg slip +0.00bp
2026-09-12 09:37:14  equity=2876.24 SUSDT | pos=0 | resting=0 | FILL RATE 0/2 = 0.0% | avg slip +0.00bp
2026-09-12 09:38:16  equity=2876.24 SUSDT | pos=0 | resting=0 | FILL RATE 0/2 = 0.0% | avg slip +0.00bp
2026-09-12 09:39:18  equity=2876.24 SUSDT | pos=0 | resting=0 | FILL RATE 0/2 = 0.0% | avg slip +0.00bp
2026-09-12 09:40:20  equity=2876.24 SUSDT | pos=0 | resting=0 | FILL RATE 0/2 = 0.0% | avg slip +0.00bp
2026-09-12 09:41:23  equity=2876.24 SUSDT | pos=0 | resting=0 | FILL RATE 0/2 = 0.0% | avg slip +0.00bp
2026-09-12 09:42:25  equity=2876.24 SUSDT | pos=0 | resting=0 | FILL RATE 0/2 = 0.0% | avg slip +0.00bp
2026-09-12 09:43:27  equity=2876.24 SUSDT | pos=0 | resting=0 | FILL RATE 0/2 = 0.0% | avg slip +0.00bp
2026-09-12 09:44:29  equity=2876.24 SUSDT | pos=0 | resting=0 | FILL RATE 0/2 = 0.0% | avg slip +0.00bp
2026-09-12 09:45:32  equity=2876.24 SUSDT | pos=0 | resting=0 | FILL RATE 0/2 = 0.0% | avg slip +0.00bp
2026-09-12 09:45:32  [maker_bb_break_15m] 15m SIGNAL BUY -> POST-ONLY buy 12.816 @2528.92 (mkt 2531.16, 0.5xATR behind) sl=2519.94 tp=2542.38
2026-09-12 09:45:33  [maker_bb_break_15m] ORDER REJECTED (would take): bitget {"code":"40762","msg":"The order amount exceeds the balance","requestTime":1789206333532,"data":null}
2026-09-12 09:45:34  [maker_rsi_mom_15m] 15m SIGNAL BUY -> POST-ONLY buy 19249.0 @1.366 (mkt 1.3677, 0.5xATR behind) sl=1.36023 tp=1.37517
2026-09-12 09:45:34  [maker_rsi_mom_15m] ORDER REJECTED (would take): bitget {"code":"40762","msg":"The order amount exceeds the balance","requestTime":1789206334625,"data":null}
2026-09-12 09:46:35  equity=2876.24 SUSDT | pos=0 | resting=0 | FILL RATE 0/2 = 0.0% | avg slip +0.00bp
2026-09-12 09:47:37  equity=2876.24 SUSDT | pos=0 | resting=0 | FILL RATE 0/2 = 0.0% | avg slip +0.00bp
2026-09-12 09:48:40  equity=2876.24 SUSDT | pos=0 | resting=0 | FILL RATE 0/2 = 0.0% | avg slip +0.00bp
2026-09-12 09:49:42  equity=2876.24 SUSDT | pos=0 | resting=0 | FILL RATE 0/2 = 0.0% | avg slip +0.00bp
2026-09-12 09:50:44  equity=2876.24 SUSDT | pos=0 | resting=0 | FILL RATE 0/2 = 0.0% | avg slip +0.00bp
2026-09-12 09:51:46  equity=2876.24 SUSDT | pos=0 | resting=0 | FILL RATE 0/2 = 0.0% | avg slip +0.00bp
2026-09-12 09:52:48  equity=2876.24 SUSDT | pos=0 | resting=0 | FILL RATE 0/2 = 0.0% | avg slip +0.00bp
2026-09-12 09:53:50  equity=2876.24 SUSDT | pos=0 | resting=0 | FILL RATE 0/2 = 0.0% | avg slip +0.00bp
2026-09-12 09:54:51  equity=2876.24 SUSDT | pos=0 | resting=0 | FILL RATE 0/2 = 0.0% | avg slip +0.00bp
2026-09-12 09:55:53  equity=2876.24 SUSDT | pos=0 | resting=0 | FILL RATE 0/2 = 0.0% | avg slip +0.00bp
2026-09-12 09:55:54  ---- maker standings ----
2026-09-12 09:55:54     signals=34 posted=2 filled=0 unfilled/expired=0 rejected=31
2026-09-12 09:55:54     FILL RATE = 0.0%  (backtest needed >~60% at 0.5xATR to stay positive)
2026-09-12 09:55:54     maker_bb_break_1h        ACTIVE  trades=  0 meanR=+0.000 dd= 0.00% (1h)
2026-09-12 09:55:54     maker_bb_break_15m       ACTIVE  trades=  0 meanR=+0.000 dd= 0.00% (15m)
2026-09-12 09:55:54     maker_rsi_mom_15m        ACTIVE  trades=  0 meanR=+0.000 dd= 0.00% (15m)
2026-09-12 09:56:55  equity=2876.24 SUSDT | pos=0 | resting=0 | FILL RATE 0/2 = 0.0% | avg slip +0.00bp
2026-09-12 09:57:56  equity=2876.24 SUSDT | pos=0 | resting=0 | FILL RATE 0/2 = 0.0% | avg slip +0.00bp
2026-09-12 09:58:58  equity=2876.24 SUSDT | pos=0 | resting=0 | FILL RATE 0/2 = 0.0% | avg slip +0.00bp
2026-09-12 09:59:59  equity=2876.24 SUSDT | pos=0 | resting=0 | FILL RATE 0/2 = 0.0% | avg slip +0.00bp
2026-09-12 10:00:00  [maker_bb_break_15m] 15m SIGNAL BUY -> POST-ONLY buy 12.966 @2527.88 (mkt 2530.1, 0.5xATR behind) sl=2519.01 tp=2541.19
2026-09-12 10:00:01  [maker_bb_break_15m] ORDER REJECTED (would take): bitget {"code":"40762","msg":"The order amount exceeds the balance","requestTime":1789207201274,"data":null}
2026-09-12 10:00:01  [maker_rsi_mom_15m] 15m SIGNAL BUY -> POST-ONLY buy 19571.0 @1.368 (mkt 1.3691, 0.5xATR behind) sl=1.36175 tp=1.37645
2026-09-12 10:00:02  [maker_rsi_mom_15m] ORDER REJECTED (would take): bitget {"code":"40762","msg":"The order amount exceeds the balance","requestTime":1789207202732,"data":null}
2026-09-12 10:01:03  equity=2876.24 SUSDT | pos=0 | resting=0 | FILL RATE 0/2 = 0.0% | avg slip +0.00bp
2026-09-12 10:01:03  [maker_bb_break_1h] 1h flat; HOLD
2026-09-12 10:02:05  equity=2876.24 SUSDT | pos=0 | resting=0 | FILL RATE 0/2 = 0.0% | avg slip +0.00bp
2026-09-12 10:03:07  equity=2876.24 SUSDT | pos=0 | resting=0 | FILL RATE 0/2 = 0.0% | avg slip +0.00bp
2026-09-12 10:04:09  equity=2876.24 SUSDT | pos=0 | resting=0 | FILL RATE 0/2 = 0.0% | avg slip +0.00bp
2026-09-12 10:05:10  equity=2876.24 SUSDT | pos=0 | resting=0 | FILL RATE 0/2 = 0.0% | avg slip +0.00bp
2026-09-12 10:06:12  equity=2876.24 SUSDT | pos=0 | resting=0 | FILL RATE 0/2 = 0.0% | avg slip +0.00bp
2026-09-12 10:07:13  equity=2876.24 SUSDT | pos=0 | resting=0 | FILL RATE 0/2 = 0.0% | avg slip +0.00bp
2026-09-12 10:08:15  equity=2876.24 SUSDT | pos=0 | resting=0 | FILL RATE 0/2 = 0.0% | avg slip +0.00bp
2026-09-12 10:09:16  equity=2876.24 SUSDT | pos=0 | resting=0 | FILL RATE 0/2 = 0.0% | avg slip +0.00bp
2026-09-12 10:10:18  equity=2876.24 SUSDT | pos=0 | resting=0 | FILL RATE 0/2 = 0.0% | avg slip +0.00bp
2026-09-12 10:11:20  equity=2876.24 SUSDT | pos=0 | resting=0 | FILL RATE 0/2 = 0.0% | avg slip +0.00bp
2026-09-12 10:12:22  equity=2876.24 SUSDT | pos=0 | resting=0 | FILL RATE 0/2 = 0.0% | avg slip +0.00bp
2026-09-12 10:13:23  equity=2876.24 SUSDT | pos=0 | resting=0 | FILL RATE 0/2 = 0.0% | avg slip +0.00bp
2026-09-12 10:14:25  equity=2876.24 SUSDT | pos=0 | resting=0 | FILL RATE 0/2 = 0.0% | avg slip +0.00bp
2026-09-12 10:15:27  equity=2876.24 SUSDT | pos=0 | resting=0 | FILL RATE 0/2 = 0.0% | avg slip +0.00bp
2026-09-12 10:15:27  [maker_bb_break_15m] 15m flat; HOLD
2026-09-12 10:15:28  [maker_rsi_mom_15m] 15m SIGNAL BUY -> POST-ONLY buy 20028.0 @1.368 (mkt 1.3699, 0.5xATR behind) sl=1.36272 tp=1.37708
2026-09-12 10:15:28  [maker_rsi_mom_15m] ORDER REJECTED (would take): bitget {"code":"40762","msg":"The order amount exceeds the balance","requestTime":1789208128588,"data":null}
2026-09-12 10:16:29  equity=2876.24 SUSDT | pos=0 | resting=0 | FILL RATE 0/2 = 0.0% | avg slip +0.00bp
2026-09-12 10:16:30  ---- maker standings ----
2026-09-12 10:16:30     signals=37 posted=2 filled=0 unfilled/expired=0 rejected=34
2026-09-12 10:16:30     FILL RATE = 0.0%  (backtest needed >~60% at 0.5xATR to stay positive)
2026-09-12 10:16:30     maker_bb_break_1h        ACTIVE  trades=  0 meanR=+0.000 dd= 0.00% (1h)
2026-09-12 10:16:30     maker_bb_break_15m       ACTIVE  trades=  0 meanR=+0.000 dd= 0.00% (15m)
2026-09-12 10:16:30     maker_rsi_mom_15m        ACTIVE  trades=  0 meanR=+0.000 dd= 0.00% (15m)
2026-09-12 10:17:31  equity=2876.24 SUSDT | pos=0 | resting=0 | FILL RATE 0/2 = 0.0% | avg slip +0.00bp
2026-09-12 10:18:32  equity=2876.24 SUSDT | pos=0 | resting=0 | FILL RATE 0/2 = 0.0% | avg slip +0.00bp
2026-09-12 10:19:34  equity=2876.24 SUSDT | pos=0 | resting=0 | FILL RATE 0/2 = 0.0% | avg slip +0.00bp
2026-09-12 10:20:36  equity=2876.24 SUSDT | pos=0 | resting=0 | FILL RATE 0/2 = 0.0% | avg slip +0.00bp
2026-09-12 10:21:38  equity=2876.24 SUSDT | pos=0 | resting=0 | FILL RATE 0/2 = 0.0% | avg slip +0.00bp
2026-09-12 10:22:40  equity=2876.24 SUSDT | pos=0 | resting=0 | FILL RATE 0/2 = 0.0% | avg slip +0.00bp
2026-09-12 10:23:42  equity=2876.24 SUSDT | pos=0 | resting=0 | FILL RATE 0/2 = 0.0% | avg slip +0.00bp
2026-09-12 10:24:44  equity=2876.24 SUSDT | pos=0 | resting=0 | FILL RATE 0/2 = 0.0% | avg slip +0.00bp
2026-09-12 10:25:46  equity=2876.24 SUSDT | pos=0 | resting=0 | FILL RATE 0/2 = 0.0% | avg slip +0.00bp
2026-09-12 10:26:48  equity=2876.24 SUSDT | pos=0 | resting=0 | FILL RATE 0/2 = 0.0% | avg slip +0.00bp
2026-09-12 10:27:50  equity=2876.24 SUSDT | pos=0 | resting=0 | FILL RATE 0/2 = 0.0% | avg slip +0.00bp
2026-09-12 10:28:52  equity=2876.24 SUSDT | pos=0 | resting=0 | FILL RATE 0/2 = 0.0% | avg slip +0.00bp
2026-09-12 10:29:54  equity=2876.24 SUSDT | pos=0 | resting=0 | FILL RATE 0/2 = 0.0% | avg slip +0.00bp
2026-09-12 10:30:55  equity=2876.24 SUSDT | pos=0 | resting=0 | FILL RATE 0/2 = 0.0% | avg slip +0.00bp
2026-09-12 10:30:56  [maker_bb_break_15m] 15m SIGNAL BUY -> POST-ONLY buy 13.144 @2528.83 (mkt 2531.02, 0.5xATR behind) sl=2520.08 tp=2541.96
2026-09-12 10:30:57  [maker_bb_break_15m] ORDER REJECTED (would take): bitget {"code":"40762","msg":"The order amount exceeds the balance","requestTime":1789209057015,"data":null}
2026-09-12 10:30:57  [maker_rsi_mom_15m] 15m SIGNAL BUY -> POST-ONLY buy 20630.0 @1.37 (mkt 1.3711, 0.5xATR behind) sl=1.36413 tp=1.37807
2026-09-12 10:30:58  [maker_rsi_mom_15m] ORDER REJECTED (would take): bitget {"code":"40762","msg":"The order amount exceeds the balance","requestTime":1789209057962,"data":null}
2026-09-12 10:31:59  equity=2876.24 SUSDT | pos=0 | resting=0 | FILL RATE 0/2 = 0.0% | avg slip +0.00bp
2026-09-12 10:33:02  equity=2876.24 SUSDT | pos=0 | resting=0 | FILL RATE 0/2 = 0.0% | avg slip +0.00bp
2026-09-12 10:34:05  equity=2876.24 SUSDT | pos=0 | resting=0 | FILL RATE 0/2 = 0.0% | avg slip +0.00bp
2026-09-12 10:35:08  equity=2876.24 SUSDT | pos=0 | resting=0 | FILL RATE 0/2 = 0.0% | avg slip +0.00bp
2026-09-12 10:36:10  equity=2876.24 SUSDT | pos=0 | resting=0 | FILL RATE 0/2 = 0.0% | avg slip +0.00bp
2026-09-12 10:37:13  equity=2876.24 SUSDT | pos=0 | resting=0 | FILL RATE 0/2 = 0.0% | avg slip +0.00bp
2026-09-12 10:37:15  ---- maker standings ----
2026-09-12 10:37:15     signals=39 posted=2 filled=0 unfilled/expired=0 rejected=36
2026-09-12 10:37:15     FILL RATE = 0.0%  (backtest needed >~60% at 0.5xATR to stay positive)
2026-09-12 10:37:15     maker_bb_break_1h        ACTIVE  trades=  0 meanR=+0.000 dd= 0.00% (1h)
2026-09-12 10:37:15     maker_bb_break_15m       ACTIVE  trades=  0 meanR=+0.000 dd= 0.00% (15m)
2026-09-12 10:37:15     maker_rsi_mom_15m        ACTIVE  trades=  0 meanR=+0.000 dd= 0.00% (15m)
2026-09-12 10:38:16  equity=2876.24 SUSDT | pos=0 | resting=0 | FILL RATE 0/2 = 0.0% | avg slip +0.00bp
2026-09-12 10:39:18  equity=2876.24 SUSDT | pos=0 | resting=0 | FILL RATE 0/2 = 0.0% | avg slip +0.00bp
2026-09-12 10:40:21  equity=2876.24 SUSDT | pos=0 | resting=0 | FILL RATE 0/2 = 0.0% | avg slip +0.00bp
2026-09-12 10:41:23  equity=2876.24 SUSDT | pos=0 | resting=0 | FILL RATE 0/2 = 0.0% | avg slip +0.00bp
2026-09-12 10:42:26  equity=2876.24 SUSDT | pos=0 | resting=0 | FILL RATE 0/2 = 0.0% | avg slip +0.00bp
2026-09-12 10:43:28  equity=2876.24 SUSDT | pos=0 | resting=0 | FILL RATE 0/2 = 0.0% | avg slip +0.00bp
2026-09-12 10:44:30  equity=2876.24 SUSDT | pos=0 | resting=0 | FILL RATE 0/2 = 0.0% | avg slip +0.00bp
2026-09-12 10:45:33  equity=2876.24 SUSDT | pos=0 | resting=0 | FILL RATE 0/2 = 0.0% | avg slip +0.00bp
2026-09-12 10:45:34  [maker_bb_break_15m] 15m flat; HOLD
2026-09-12 10:45:34  [maker_rsi_mom_15m] 15m SIGNAL BUY -> POST-ONLY buy 20260.0 @1.371 (mkt 1.372, 0.5xATR behind) sl=1.3649 tp=1.3791
2026-09-12 10:45:35  [maker_rsi_mom_15m] ORDER REJECTED (would take): bitget {"code":"40762","msg":"The order amount exceeds the balance","requestTime":1789209935280,"data":null}
2026-09-12 10:46:36  equity=2876.24 SUSDT | pos=0 | resting=0 | FILL RATE 0/2 = 0.0% | avg slip +0.00bp
2026-09-12 10:47:38  equity=2876.24 SUSDT | pos=0 | resting=0 | FILL RATE 0/2 = 0.0% | avg slip +0.00bp
2026-09-12 10:48:41  equity=2876.24 SUSDT | pos=0 | resting=0 | FILL RATE 0/2 = 0.0% | avg slip +0.00bp
2026-09-12 10:49:43  equity=2876.24 SUSDT | pos=0 | resting=0 | FILL RATE 0/2 = 0.0% | avg slip +0.00bp
2026-09-12 10:50:45  equity=2876.24 SUSDT | pos=0 | resting=0 | FILL RATE 0/2 = 0.0% | avg slip +0.00bp
2026-09-12 10:51:48  equity=2876.24 SUSDT | pos=0 | resting=0 | FILL RATE 0/2 = 0.0% | avg slip +0.00bp
2026-09-12 10:52:50  equity=2876.24 SUSDT | pos=0 | resting=0 | FILL RATE 0/2 = 0.0% | avg slip +0.00bp
2026-09-12 10:53:52  equity=2876.24 SUSDT | pos=0 | resting=0 | FILL RATE 0/2 = 0.0% | avg slip +0.00bp
2026-09-12 10:54:55  equity=2876.24 SUSDT | pos=0 | resting=0 | FILL RATE 0/2 = 0.0% | avg slip +0.00bp
2026-09-12 10:55:57  equity=2876.24 SUSDT | pos=0 | resting=0 | FILL RATE 0/2 = 0.0% | avg slip +0.00bp
2026-09-12 10:56:59  equity=2876.24 SUSDT | pos=0 | resting=0 | FILL RATE 0/2 = 0.0% | avg slip +0.00bp
2026-09-12 10:58:02  equity=2876.24 SUSDT | pos=0 | resting=0 | FILL RATE 0/2 = 0.0% | avg slip +0.00bp
2026-09-12 10:58:03  ---- maker standings ----
2026-09-12 10:58:03     signals=40 posted=2 filled=0 unfilled/expired=0 rejected=37
2026-09-12 10:58:03     FILL RATE = 0.0%  (backtest needed >~60% at 0.5xATR to stay positive)
2026-09-12 10:58:03     maker_bb_break_1h        ACTIVE  trades=  0 meanR=+0.000 dd= 0.00% (1h)
2026-09-12 10:58:03     maker_bb_break_15m       ACTIVE  trades=  0 meanR=+0.000 dd= 0.00% (15m)
2026-09-12 10:58:03     maker_rsi_mom_15m        ACTIVE  trades=  0 meanR=+0.000 dd= 0.00% (15m)
2026-09-12 10:59:04  equity=2876.24 SUSDT | pos=0 | resting=0 | FILL RATE 0/2 = 0.0% | avg slip +0.00bp
2026-09-12 11:00:06  equity=2876.24 SUSDT | pos=0 | resting=0 | FILL RATE 0/2 = 0.0% | avg slip +0.00bp
2026-09-12 11:00:07  [maker_bb_break_1h] 1h flat; HOLD
2026-09-12 11:00:07  [maker_bb_break_15m] 15m flat; HOLD
2026-09-12 11:00:08  [maker_rsi_mom_15m] 15m SIGNAL BUY -> POST-ONLY buy 19880.0 @1.371 (mkt 1.3727, 0.5xATR behind) sl=1.36547 tp=1.37993
2026-09-12 11:00:09  [maker_rsi_mom_15m] ORDER REJECTED (would take): bitget {"code":"40762","msg":"The order amount exceeds the balance","requestTime":1789210808887,"data":null}
2026-09-12 11:01:10  equity=2876.24 SUSDT | pos=0 | resting=0 | FILL RATE 0/2 = 0.0% | avg slip +0.00bp
2026-09-12 11:02:12  equity=2876.24 SUSDT | pos=0 | resting=0 | FILL RATE 0/2 = 0.0% | avg slip +0.00bp
2026-09-12 11:03:14  equity=2876.24 SUSDT | pos=0 | resting=0 | FILL RATE 0/2 = 0.0% | avg slip +0.00bp
2026-09-12 11:04:16  equity=2876.24 SUSDT | pos=0 | resting=0 | FILL RATE 0/2 = 0.0% | avg slip +0.00bp
2026-09-12 11:05:19  equity=2876.24 SUSDT | pos=0 | resting=0 | FILL RATE 0/2 = 0.0% | avg slip +0.00bp
2026-09-12 11:06:21  equity=2876.24 SUSDT | pos=0 | resting=0 | FILL RATE 0/2 = 0.0% | avg slip +0.00bp
2026-09-12 11:07:23  equity=2876.24 SUSDT | pos=0 | resting=0 | FILL RATE 0/2 = 0.0% | avg slip +0.00bp
2026-09-12 11:08:26  equity=2876.24 SUSDT | pos=0 | resting=0 | FILL RATE 0/2 = 0.0% | avg slip +0.00bp
2026-09-12 11:09:28  equity=2876.24 SUSDT | pos=0 | resting=0 | FILL RATE 0/2 = 0.0% | avg slip +0.00bp
2026-09-12 11:10:30  equity=2876.24 SUSDT | pos=0 | resting=0 | FILL RATE 0/2 = 0.0% | avg slip +0.00bp
2026-09-12 11:11:33  equity=2876.24 SUSDT | pos=0 | resting=0 | FILL RATE 0/2 = 0.0% | avg slip +0.00bp
2026-09-12 11:12:35  equity=2876.24 SUSDT | pos=0 | resting=0 | FILL RATE 0/2 = 0.0% | avg slip +0.00bp
2026-09-12 11:13:38  equity=2876.24 SUSDT | pos=0 | resting=0 | FILL RATE 0/2 = 0.0% | avg slip +0.00bp
2026-09-12 11:14:40  equity=2876.24 SUSDT | pos=0 | resting=0 | FILL RATE 0/2 = 0.0% | avg slip +0.00bp
2026-09-12 11:15:42  equity=2876.24 SUSDT | pos=0 | resting=0 | FILL RATE 0/2 = 0.0% | avg slip +0.00bp
2026-09-12 11:15:43  [maker_bb_break_15m] 15m flat; HOLD
2026-09-12 11:15:43  [maker_rsi_mom_15m] 15m SIGNAL BUY -> POST-ONLY buy 20075.0 @1.37 (mkt 1.3716, 0.5xATR behind) sl=1.36444 tp=1.37876
2026-09-12 11:15:44  [maker_rsi_mom_15m] ORDER REJECTED (would take): bitget {"code":"40762","msg":"The order amount exceeds the balance","requestTime":1789211744471,"data":null}
2026-09-12 11:16:45  equity=2876.24 SUSDT | pos=0 | resting=0 | FILL RATE 0/2 = 0.0% | avg slip +0.00bp
2026-09-12 11:17:47  equity=2876.24 SUSDT | pos=0 | resting=0 | FILL RATE 0/2 = 0.0% | avg slip +0.00bp
2026-09-12 11:18:50  equity=2876.24 SUSDT | pos=0 | resting=0 | FILL RATE 0/2 = 0.0% | avg slip +0.00bp
2026-09-12 11:18:51  ---- maker standings ----
2026-09-12 11:18:51     signals=42 posted=2 filled=0 unfilled/expired=0 rejected=39
2026-09-12 11:18:51     FILL RATE = 0.0%  (backtest needed >~60% at 0.5xATR to stay positive)
2026-09-12 11:18:51     maker_bb_break_1h        ACTIVE  trades=  0 meanR=+0.000 dd= 0.00% (1h)
2026-09-12 11:18:51     maker_bb_break_15m       ACTIVE  trades=  0 meanR=+0.000 dd= 0.00% (15m)
2026-09-12 11:18:51     maker_rsi_mom_15m        ACTIVE  trades=  0 meanR=+0.000 dd= 0.00% (15m)
2026-09-12 11:19:52  equity=2876.24 SUSDT | pos=0 | resting=0 | FILL RATE 0/2 = 0.0% | avg slip +0.00bp
2026-09-12 11:20:54  equity=2876.24 SUSDT | pos=0 | resting=0 | FILL RATE 0/2 = 0.0% | avg slip +0.00bp
2026-09-12 11:21:57  equity=2876.24 SUSDT | pos=0 | resting=0 | FILL RATE 0/2 = 0.0% | avg slip +0.00bp
2026-09-12 11:22:59  equity=2876.24 SUSDT | pos=0 | resting=0 | FILL RATE 0/2 = 0.0% | avg slip +0.00bp
2026-09-12 11:24:01  equity=2876.24 SUSDT | pos=0 | resting=0 | FILL RATE 0/2 = 0.0% | avg slip +0.00bp
2026-09-12 11:25:04  equity=2876.24 SUSDT | pos=0 | resting=0 | FILL RATE 0/2 = 0.0% | avg slip +0.00bp
2026-09-12 11:26:06  equity=2876.24 SUSDT | pos=0 | resting=0 | FILL RATE 0/2 = 0.0% | avg slip +0.00bp
2026-09-12 11:27:09  equity=2876.24 SUSDT | pos=0 | resting=0 | FILL RATE 0/2 = 0.0% | avg slip +0.00bp
2026-09-12 11:28:11  equity=2876.24 SUSDT | pos=0 | resting=0 | FILL RATE 0/2 = 0.0% | avg slip +0.00bp
2026-09-12 11:29:13  equity=2876.24 SUSDT | pos=0 | resting=0 | FILL RATE 0/2 = 0.0% | avg slip +0.00bp
2026-09-12 11:30:16  equity=2876.24 SUSDT | pos=0 | resting=0 | FILL RATE 0/2 = 0.0% | avg slip +0.00bp
2026-09-12 11:30:17  [maker_bb_break_15m] 15m flat; HOLD
2026-09-12 11:30:17  [maker_rsi_mom_15m] 15m SIGNAL BUY -> POST-ONLY buy 20623.0 @1.37 (mkt 1.371, 0.5xATR behind) sl=1.36403 tp=1.37797
2026-09-12 11:30:18  [maker_rsi_mom_15m] ORDER REJECTED (would take): bitget {"code":"40762","msg":"The order amount exceeds the balance","requestTime":1789212618016,"data":null}
2026-09-12 11:31:19  equity=2876.24 SUSDT | pos=0 | resting=0 | FILL RATE 0/2 = 0.0% | avg slip +0.00bp
2026-09-12 11:32:21  equity=2876.24 SUSDT | pos=0 | resting=0 | FILL RATE 0/2 = 0.0% | avg slip +0.00bp
2026-09-12 11:33:23  equity=2876.24 SUSDT | pos=0 | resting=0 | FILL RATE 0/2 = 0.0% | avg slip +0.00bp
2026-09-12 11:34:26  equity=2876.24 SUSDT | pos=0 | resting=0 | FILL RATE 0/2 = 0.0% | avg slip +0.00bp
2026-09-12 11:35:28  equity=2876.24 SUSDT | pos=0 | resting=0 | FILL RATE 0/2 = 0.0% | avg slip +0.00bp
2026-09-12 11:36:30  equity=2876.24 SUSDT | pos=0 | resting=0 | FILL RATE 0/2 = 0.0% | avg slip +0.00bp
2026-09-12 11:37:33  equity=2876.24 SUSDT | pos=0 | resting=0 | FILL RATE 0/2 = 0.0% | avg slip +0.00bp
2026-09-12 11:38:35  equity=2876.24 SUSDT | pos=0 | resting=0 | FILL RATE 0/2 = 0.0% | avg slip +0.00bp
2026-09-12 11:39:37  equity=2876.24 SUSDT | pos=0 | resting=0 | FILL RATE 0/2 = 0.0% | avg slip +0.00bp
2026-09-12 11:39:39  ---- maker standings ----
2026-09-12 11:39:39     signals=43 posted=2 filled=0 unfilled/expired=0 rejected=40
2026-09-12 11:39:39     FILL RATE = 0.0%  (backtest needed >~60% at 0.5xATR to stay positive)
2026-09-12 11:39:39     maker_bb_break_1h        ACTIVE  trades=  0 meanR=+0.000 dd= 0.00% (1h)
2026-09-12 11:39:39     maker_bb_break_15m       ACTIVE  trades=  0 meanR=+0.000 dd= 0.00% (15m)
2026-09-12 11:39:39     maker_rsi_mom_15m        ACTIVE  trades=  0 meanR=+0.000 dd= 0.00% (15m)
2026-09-12 11:40:40  equity=2876.24 SUSDT | pos=0 | resting=0 | FILL RATE 0/2 = 0.0% | avg slip +0.00bp
2026-09-12 11:41:42  equity=2876.24 SUSDT | pos=0 | resting=0 | FILL RATE 0/2 = 0.0% | avg slip +0.00bp
2026-09-12 11:42:45  equity=2876.24 SUSDT | pos=0 | resting=0 | FILL RATE 0/2 = 0.0% | avg slip +0.00bp
2026-09-12 11:43:47  equity=2876.24 SUSDT | pos=0 | resting=0 | FILL RATE 0/2 = 0.0% | avg slip +0.00bp
2026-09-12 11:44:50  equity=2876.24 SUSDT | pos=0 | resting=0 | FILL RATE 0/2 = 0.0% | avg slip +0.00bp
2026-09-12 11:45:52  equity=2876.24 SUSDT | pos=0 | resting=0 | FILL RATE 0/2 = 0.0% | avg slip +0.00bp
2026-09-12 11:45:53  [maker_bb_break_15m] 15m flat; HOLD
2026-09-12 11:45:53  [maker_rsi_mom_15m] 15m SIGNAL BUY -> POST-ONLY buy 20939.0 @1.371 (mkt 1.3724, 0.5xATR behind) sl=1.36553 tp=1.37927
2026-09-12 11:45:54  [maker_rsi_mom_15m] ORDER REJECTED (would take): bitget {"code":"40762","msg":"The order amount exceeds the balance","requestTime":1789213554269,"data":null}
2026-09-12 11:46:55  equity=2876.24 SUSDT | pos=0 | resting=0 | FILL RATE 0/2 = 0.0% | avg slip +0.00bp
2026-09-12 11:47:57  equity=2876.24 SUSDT | pos=0 | resting=0 | FILL RATE 0/2 = 0.0% | avg slip +0.00bp
2026-09-12 11:49:00  equity=2876.24 SUSDT | pos=0 | resting=0 | FILL RATE 0/2 = 0.0% | avg slip +0.00bp
2026-09-12 11:50:02  equity=2876.24 SUSDT | pos=0 | resting=0 | FILL RATE 0/2 = 0.0% | avg slip +0.00bp
2026-09-12 11:51:04  equity=2876.24 SUSDT | pos=0 | resting=0 | FILL RATE 0/2 = 0.0% | avg slip +0.00bp
2026-09-12 11:52:07  equity=2876.24 SUSDT | pos=0 | resting=0 | FILL RATE 0/2 = 0.0% | avg slip +0.00bp
2026-09-12 11:53:09  equity=2876.24 SUSDT | pos=0 | resting=0 | FILL RATE 0/2 = 0.0% | avg slip +0.00bp
2026-09-12 11:54:11  equity=2876.24 SUSDT | pos=0 | resting=0 | FILL RATE 0/2 = 0.0% | avg slip +0.00bp
2026-09-12 11:55:14  equity=2876.24 SUSDT | pos=0 | resting=0 | FILL RATE 0/2 = 0.0% | avg slip +0.00bp
2026-09-12 11:56:16  equity=2876.24 SUSDT | pos=0 | resting=0 | FILL RATE 0/2 = 0.0% | avg slip +0.00bp
2026-09-12 11:57:18  equity=2876.24 SUSDT | pos=0 | resting=0 | FILL RATE 0/2 = 0.0% | avg slip +0.00bp
2026-09-12 11:58:21  equity=2876.24 SUSDT | pos=0 | resting=0 | FILL RATE 0/2 = 0.0% | avg slip +0.00bp
2026-09-12 11:59:23  equity=2876.24 SUSDT | pos=0 | resting=0 | FILL RATE 0/2 = 0.0% | avg slip +0.00bp
2026-09-12 12:00:25  equity=2876.24 SUSDT | pos=0 | resting=0 | FILL RATE 0/2 = 0.0% | avg slip +0.00bp
2026-09-12 12:00:26  [maker_bb_break_1h] 1h flat; HOLD
2026-09-12 12:00:26  [maker_bb_break_15m] 15m flat; HOLD
2026-09-12 12:00:27  [maker_rsi_mom_15m] 15m SIGNAL BUY -> POST-ONLY buy 21640.0 @1.37 (mkt 1.3717, 0.5xATR behind) sl=1.36505 tp=1.37835
2026-09-12 12:00:28  [maker_rsi_mom_15m] ORDER REJECTED (would take): bitget {"code":"40762","msg":"The order amount exceeds the balance","requestTime":1789214427914,"data":null}
2026-09-12 12:00:28  ---- maker standings ----
2026-09-12 12:00:28     signals=45 posted=2 filled=0 unfilled/expired=0 rejected=42
2026-09-12 12:00:28     FILL RATE = 0.0%  (backtest needed >~60% at 0.5xATR to stay positive)
2026-09-12 12:00:28     maker_bb_break_1h        ACTIVE  trades=  0 meanR=+0.000 dd= 0.00% (1h)
2026-09-12 12:00:28     maker_bb_break_15m       ACTIVE  trades=  0 meanR=+0.000 dd= 0.00% (15m)
2026-09-12 12:00:28     maker_rsi_mom_15m        ACTIVE  trades=  0 meanR=+0.000 dd= 0.00% (15m)
2026-09-12 12:01:29  equity=2876.24 SUSDT | pos=0 | resting=0 | FILL RATE 0/2 = 0.0% | avg slip +0.00bp
2026-09-12 12:02:31  equity=2876.24 SUSDT | pos=0 | resting=0 | FILL RATE 0/2 = 0.0% | avg slip +0.00bp
2026-09-12 12:03:33  equity=2876.24 SUSDT | pos=0 | resting=0 | FILL RATE 0/2 = 0.0% | avg slip +0.00bp
2026-09-12 12:04:36  equity=2876.24 SUSDT | pos=0 | resting=0 | FILL RATE 0/2 = 0.0% | avg slip +0.00bp
2026-09-12 12:05:38  equity=2876.24 SUSDT | pos=0 | resting=0 | FILL RATE 0/2 = 0.0% | avg slip +0.00bp
2026-09-12 12:06:40  equity=2876.24 SUSDT | pos=0 | resting=0 | FILL RATE 0/2 = 0.0% | avg slip +0.00bp
2026-09-12 12:07:43  equity=2876.24 SUSDT | pos=0 | resting=0 | FILL RATE 0/2 = 0.0% | avg slip +0.00bp
2026-09-12 12:08:45  equity=2876.24 SUSDT | pos=0 | resting=0 | FILL RATE 0/2 = 0.0% | avg slip +0.00bp
2026-09-12 12:09:47  equity=2876.24 SUSDT | pos=0 | resting=0 | FILL RATE 0/2 = 0.0% | avg slip +0.00bp
2026-09-12 12:10:50  equity=2876.24 SUSDT | pos=0 | resting=0 | FILL RATE 0/2 = 0.0% | avg slip +0.00bp
2026-09-12 12:11:52  equity=2876.24 SUSDT | pos=0 | resting=0 | FILL RATE 0/2 = 0.0% | avg slip +0.00bp
2026-09-12 12:12:55  equity=2876.24 SUSDT | pos=0 | resting=0 | FILL RATE 0/2 = 0.0% | avg slip +0.00bp
2026-09-12 12:13:57  equity=2876.24 SUSDT | pos=0 | resting=0 | FILL RATE 0/2 = 0.0% | avg slip +0.00bp
2026-09-12 12:14:59  equity=2876.24 SUSDT | pos=0 | resting=0 | FILL RATE 0/2 = 0.0% | avg slip +0.00bp
2026-09-12 12:15:00  [maker_bb_break_15m] 15m flat; HOLD
2026-09-12 12:15:01  [maker_rsi_mom_15m] 15m SIGNAL BUY -> POST-ONLY buy 21733.0 @1.369 (mkt 1.3706, 0.5xATR behind) sl=1.36398 tp=1.37722
2026-09-12 12:15:01  [maker_rsi_mom_15m] ORDER REJECTED (would take): bitget {"code":"40762","msg":"The order amount exceeds the balance","requestTime":1789215301716,"data":null}
2026-09-12 12:16:02  equity=2876.24 SUSDT | pos=0 | resting=0 | FILL RATE 0/2 = 0.0% | avg slip +0.00bp
2026-09-12 12:17:04  equity=2876.24 SUSDT | pos=0 | resting=0 | FILL RATE 0/2 = 0.0% | avg slip +0.00bp
2026-09-12 12:18:06  equity=2876.24 SUSDT | pos=0 | resting=0 | FILL RATE 0/2 = 0.0% | avg slip +0.00bp
2026-09-12 12:19:07  equity=2876.24 SUSDT | pos=0 | resting=0 | FILL RATE 0/2 = 0.0% | avg slip +0.00bp
2026-09-12 12:20:09  equity=2876.24 SUSDT | pos=0 | resting=0 | FILL RATE 0/2 = 0.0% | avg slip +0.00bp
2026-09-12 12:21:10  equity=2876.24 SUSDT | pos=0 | resting=0 | FILL RATE 0/2 = 0.0% | avg slip +0.00bp
2026-09-12 12:21:11  ---- maker standings ----
2026-09-12 12:21:11     signals=46 posted=2 filled=0 unfilled/expired=0 rejected=43
2026-09-12 12:21:11     FILL RATE = 0.0%  (backtest needed >~60% at 0.5xATR to stay positive)
2026-09-12 12:21:11     maker_bb_break_1h        ACTIVE  trades=  0 meanR=+0.000 dd= 0.00% (1h)
2026-09-12 12:21:11     maker_bb_break_15m       ACTIVE  trades=  0 meanR=+0.000 dd= 0.00% (15m)
2026-09-12 12:21:11     maker_rsi_mom_15m        ACTIVE  trades=  0 meanR=+0.000 dd= 0.00% (15m)
2026-09-12 12:22:12  equity=2876.24 SUSDT | pos=0 | resting=0 | FILL RATE 0/2 = 0.0% | avg slip +0.00bp
2026-09-12 12:23:14  equity=2876.24 SUSDT | pos=0 | resting=0 | FILL RATE 0/2 = 0.0% | avg slip +0.00bp
2026-09-12 12:24:16  equity=2876.24 SUSDT | pos=0 | resting=0 | FILL RATE 0/2 = 0.0% | avg slip +0.00bp
2026-09-12 12:25:17  equity=2876.24 SUSDT | pos=0 | resting=0 | FILL RATE 0/2 = 0.0% | avg slip +0.00bp
2026-09-12 12:26:19  equity=2876.24 SUSDT | pos=0 | resting=0 | FILL RATE 0/2 = 0.0% | avg slip +0.00bp
2026-09-12 12:27:20  equity=2876.24 SUSDT | pos=0 | resting=0 | FILL RATE 0/2 = 0.0% | avg slip +0.00bp
2026-09-12 12:28:22  equity=2876.24 SUSDT | pos=0 | resting=0 | FILL RATE 0/2 = 0.0% | avg slip +0.00bp
2026-09-12 12:29:24  equity=2876.24 SUSDT | pos=0 | resting=0 | FILL RATE 0/2 = 0.0% | avg slip +0.00bp
2026-09-12 12:30:25  equity=2876.24 SUSDT | pos=0 | resting=0 | FILL RATE 0/2 = 0.0% | avg slip +0.00bp
2026-09-12 12:30:26  [maker_bb_break_15m] 15m flat; HOLD
2026-09-12 12:30:26  [maker_rsi_mom_15m] 15m flat; HOLD
2026-09-12 12:31:27  equity=2876.24 SUSDT | pos=0 | resting=0 | FILL RATE 0/2 = 0.0% | avg slip +0.00bp
2026-09-12 12:32:29  equity=2876.24 SUSDT | pos=0 | resting=0 | FILL RATE 0/2 = 0.0% | avg slip +0.00bp
2026-09-12 12:33:30  equity=2876.24 SUSDT | pos=0 | resting=0 | FILL RATE 0/2 = 0.0% | avg slip +0.00bp
2026-09-12 12:34:32  equity=2876.24 SUSDT | pos=0 | resting=0 | FILL RATE 0/2 = 0.0% | avg slip +0.00bp
2026-09-12 12:35:34  equity=2876.24 SUSDT | pos=0 | resting=0 | FILL RATE 0/2 = 0.0% | avg slip +0.00bp
2026-09-12 12:36:35  equity=2876.24 SUSDT | pos=0 | resting=0 | FILL RATE 0/2 = 0.0% | avg slip +0.00bp
2026-09-12 12:37:37  equity=2876.24 SUSDT | pos=0 | resting=0 | FILL RATE 0/2 = 0.0% | avg slip +0.00bp
2026-09-12 12:38:39  equity=2876.24 SUSDT | pos=0 | resting=0 | FILL RATE 0/2 = 0.0% | avg slip +0.00bp
2026-09-12 12:39:40  equity=2876.24 SUSDT | pos=0 | resting=0 | FILL RATE 0/2 = 0.0% | avg slip +0.00bp
2026-09-12 12:40:42  equity=2876.24 SUSDT | pos=0 | resting=0 | FILL RATE 0/2 = 0.0% | avg slip +0.00bp
2026-09-12 12:41:43  equity=2876.24 SUSDT | pos=0 | resting=0 | FILL RATE 0/2 = 0.0% | avg slip +0.00bp
2026-09-12 12:41:44  ---- maker standings ----
2026-09-12 12:41:44     signals=46 posted=2 filled=0 unfilled/expired=0 rejected=43
2026-09-12 12:41:44     FILL RATE = 0.0%  (backtest needed >~60% at 0.5xATR to stay positive)
2026-09-12 12:41:44     maker_bb_break_1h        ACTIVE  trades=  0 meanR=+0.000 dd= 0.00% (1h)
2026-09-12 12:41:44     maker_bb_break_15m       ACTIVE  trades=  0 meanR=+0.000 dd= 0.00% (15m)
2026-09-12 12:41:44     maker_rsi_mom_15m        ACTIVE  trades=  0 meanR=+0.000 dd= 0.00% (15m)
2026-09-12 12:42:45  equity=2876.24 SUSDT | pos=0 | resting=0 | FILL RATE 0/2 = 0.0% | avg slip +0.00bp
2026-09-12 12:43:47  equity=2876.24 SUSDT | pos=0 | resting=0 | FILL RATE 0/2 = 0.0% | avg slip +0.00bp
2026-09-12 12:44:49  equity=2876.24 SUSDT | pos=0 | resting=0 | FILL RATE 0/2 = 0.0% | avg slip +0.00bp
2026-09-12 12:45:50  equity=2876.24 SUSDT | pos=0 | resting=0 | FILL RATE 0/2 = 0.0% | avg slip +0.00bp
2026-09-12 12:45:51  [maker_bb_break_15m] 15m flat; HOLD
2026-09-12 12:45:51  [maker_rsi_mom_15m] 15m flat; HOLD
2026-09-12 12:46:52  equity=2876.24 SUSDT | pos=0 | resting=0 | FILL RATE 0/2 = 0.0% | avg slip +0.00bp
2026-09-12 12:47:54  equity=2876.24 SUSDT | pos=0 | resting=0 | FILL RATE 0/2 = 0.0% | avg slip +0.00bp
2026-09-12 12:48:55  equity=2876.24 SUSDT | pos=0 | resting=0 | FILL RATE 0/2 = 0.0% | avg slip +0.00bp
2026-09-12 12:49:57  equity=2876.24 SUSDT | pos=0 | resting=0 | FILL RATE 0/2 = 0.0% | avg slip +0.00bp
2026-09-12 12:50:58  equity=2876.24 SUSDT | pos=0 | resting=0 | FILL RATE 0/2 = 0.0% | avg slip +0.00bp
2026-09-12 12:52:00  equity=2876.24 SUSDT | pos=0 | resting=0 | FILL RATE 0/2 = 0.0% | avg slip +0.00bp
2026-09-12 12:53:02  equity=2876.24 SUSDT | pos=0 | resting=0 | FILL RATE 0/2 = 0.0% | avg slip +0.00bp
2026-09-12 12:54:03  equity=2876.24 SUSDT | pos=0 | resting=0 | FILL RATE 0/2 = 0.0% | avg slip +0.00bp
2026-09-12 12:55:05  equity=2876.24 SUSDT | pos=0 | resting=0 | FILL RATE 0/2 = 0.0% | avg slip +0.00bp
2026-09-12 12:56:07  equity=2876.24 SUSDT | pos=0 | resting=0 | FILL RATE 0/2 = 0.0% | avg slip +0.00bp
2026-09-12 12:57:08  equity=2876.24 SUSDT | pos=0 | resting=0 | FILL RATE 0/2 = 0.0% | avg slip +0.00bp
2026-09-12 12:58:10  equity=2876.24 SUSDT | pos=0 | resting=0 | FILL RATE 0/2 = 0.0% | avg slip +0.00bp
2026-09-12 12:59:12  equity=2876.24 SUSDT | pos=0 | resting=0 | FILL RATE 0/2 = 0.0% | avg slip +0.00bp
2026-09-12 13:00:13  equity=2876.24 SUSDT | pos=0 | resting=0 | FILL RATE 0/2 = 0.0% | avg slip +0.00bp
2026-09-12 13:00:14  [maker_bb_break_1h] 1h flat; HOLD
2026-09-12 13:00:14  [maker_bb_break_15m] 15m flat; HOLD
2026-09-12 13:00:14  [maker_rsi_mom_15m] 15m flat; HOLD
2026-09-12 13:01:15  equity=2876.24 SUSDT | pos=0 | resting=0 | FILL RATE 0/2 = 0.0% | avg slip +0.00bp
2026-09-12 13:02:17  equity=2876.24 SUSDT | pos=0 | resting=0 | FILL RATE 0/2 = 0.0% | avg slip +0.00bp
2026-09-12 13:02:18  ---- maker standings ----
2026-09-12 13:02:18     signals=46 posted=2 filled=0 unfilled/expired=0 rejected=43
2026-09-12 13:02:18     FILL RATE = 0.0%  (backtest needed >~60% at 0.5xATR to stay positive)
2026-09-12 13:02:18     maker_bb_break_1h        ACTIVE  trades=  0 meanR=+0.000 dd= 0.00% (1h)
2026-09-12 13:02:18     maker_bb_break_15m       ACTIVE  trades=  0 meanR=+0.000 dd= 0.00% (15m)
2026-09-12 13:02:18     maker_rsi_mom_15m        ACTIVE  trades=  0 meanR=+0.000 dd= 0.00% (15m)
2026-09-12 13:03:18  equity=2876.24 SUSDT | pos=0 | resting=0 | FILL RATE 0/2 = 0.0% | avg slip +0.00bp
2026-09-12 13:04:20  equity=2876.24 SUSDT | pos=0 | resting=0 | FILL RATE 0/2 = 0.0% | avg slip +0.00bp
2026-09-12 13:05:22  equity=2876.24 SUSDT | pos=0 | resting=0 | FILL RATE 0/2 = 0.0% | avg slip +0.00bp
2026-09-12 13:06:24  equity=2876.24 SUSDT | pos=0 | resting=0 | FILL RATE 0/2 = 0.0% | avg slip +0.00bp
2026-09-12 13:07:25  equity=2876.24 SUSDT | pos=0 | resting=0 | FILL RATE 0/2 = 0.0% | avg slip +0.00bp
2026-09-12 13:08:27  equity=2876.24 SUSDT | pos=0 | resting=0 | FILL RATE 0/2 = 0.0% | avg slip +0.00bp
2026-09-12 13:09:28  equity=2876.24 SUSDT | pos=0 | resting=0 | FILL RATE 0/2 = 0.0% | avg slip +0.00bp
2026-09-12 13:10:30  equity=2876.24 SUSDT | pos=0 | resting=0 | FILL RATE 0/2 = 0.0% | avg slip +0.00bp
2026-09-12 13:11:32  equity=2876.24 SUSDT | pos=0 | resting=0 | FILL RATE 0/2 = 0.0% | avg slip +0.00bp
2026-09-12 13:12:33  equity=2876.24 SUSDT | pos=0 | resting=0 | FILL RATE 0/2 = 0.0% | avg slip +0.00bp
2026-09-12 13:13:35  equity=2876.24 SUSDT | pos=0 | resting=0 | FILL RATE 0/2 = 0.0% | avg slip +0.00bp
2026-09-12 13:14:37  equity=2876.24 SUSDT | pos=0 | resting=0 | FILL RATE 0/2 = 0.0% | avg slip +0.00bp
2026-09-12 13:15:39  equity=2876.24 SUSDT | pos=0 | resting=0 | FILL RATE 0/2 = 0.0% | avg slip +0.00bp
2026-09-12 13:15:39  [maker_bb_break_15m] 15m flat; HOLD
2026-09-12 13:15:40  [maker_rsi_mom_15m] 15m flat; HOLD
2026-09-12 13:16:40  equity=2876.24 SUSDT | pos=0 | resting=0 | FILL RATE 0/2 = 0.0% | avg slip +0.00bp
2026-09-12 13:17:42  equity=2876.24 SUSDT | pos=0 | resting=0 | FILL RATE 0/2 = 0.0% | avg slip +0.00bp
2026-09-12 13:18:44  equity=2876.24 SUSDT | pos=0 | resting=0 | FILL RATE 0/2 = 0.0% | avg slip +0.00bp
2026-09-12 13:19:45  equity=2876.24 SUSDT | pos=0 | resting=0 | FILL RATE 0/2 = 0.0% | avg slip +0.00bp
2026-09-12 13:20:47  equity=2876.24 SUSDT | pos=0 | resting=0 | FILL RATE 0/2 = 0.0% | avg slip +0.00bp
2026-09-12 13:21:48  equity=2876.24 SUSDT | pos=0 | resting=0 | FILL RATE 0/2 = 0.0% | avg slip +0.00bp
2026-09-12 13:22:50  equity=2876.24 SUSDT | pos=0 | resting=0 | FILL RATE 0/2 = 0.0% | avg slip +0.00bp
2026-09-12 13:22:51  ---- maker standings ----
2026-09-12 13:22:51     signals=46 posted=2 filled=0 unfilled/expired=0 rejected=43
2026-09-12 13:22:51     FILL RATE = 0.0%  (backtest needed >~60% at 0.5xATR to stay positive)
2026-09-12 13:22:51     maker_bb_break_1h        ACTIVE  trades=  0 meanR=+0.000 dd= 0.00% (1h)
2026-09-12 13:22:51     maker_bb_break_15m       ACTIVE  trades=  0 meanR=+0.000 dd= 0.00% (15m)
2026-09-12 13:22:51     maker_rsi_mom_15m        ACTIVE  trades=  0 meanR=+0.000 dd= 0.00% (15m)
2026-09-12 13:23:52  equity=2876.24 SUSDT | pos=0 | resting=0 | FILL RATE 0/2 = 0.0% | avg slip +0.00bp
2026-09-12 13:24:53  equity=2876.24 SUSDT | pos=0 | resting=0 | FILL RATE 0/2 = 0.0% | avg slip +0.00bp
2026-09-12 13:25:55  equity=2876.24 SUSDT | pos=0 | resting=0 | FILL RATE 0/2 = 0.0% | avg slip +0.00bp
2026-09-12 13:26:57  equity=2876.24 SUSDT | pos=0 | resting=0 | FILL RATE 0/2 = 0.0% | avg slip +0.00bp
2026-09-12 13:27:58  equity=2876.24 SUSDT | pos=0 | resting=0 | FILL RATE 0/2 = 0.0% | avg slip +0.00bp
2026-09-12 13:29:00  equity=2876.24 SUSDT | pos=0 | resting=0 | FILL RATE 0/2 = 0.0% | avg slip +0.00bp
2026-09-12 13:30:02  equity=2876.24 SUSDT | pos=0 | resting=0 | FILL RATE 0/2 = 0.0% | avg slip +0.00bp
2026-09-12 13:30:03  [maker_bb_break_15m] 15m flat; HOLD
2026-09-12 13:30:03  [maker_rsi_mom_15m] 15m SIGNAL SELL -> POST-ONLY sell 21916.0 @1.369 (mkt 1.3678, 0.5xATR behind) sl=1.37436 tp=1.36124
2026-09-12 13:30:04  [maker_rsi_mom_15m] ORDER REJECTED (would take): bitget {"code":"40762","msg":"The order amount exceeds the balance","requestTime":1789219804270,"data":null}
2026-09-12 13:31:05  equity=2876.24 SUSDT | pos=0 | resting=0 | FILL RATE 0/2 = 0.0% | avg slip +0.00bp
2026-09-12 13:32:07  equity=2876.24 SUSDT | pos=0 | resting=0 | FILL RATE 0/2 = 0.0% | avg slip +0.00bp
2026-09-12 13:33:08  equity=2876.24 SUSDT | pos=0 | resting=0 | FILL RATE 0/2 = 0.0% | avg slip +0.00bp
2026-09-12 13:34:10  equity=2876.24 SUSDT | pos=0 | resting=0 | FILL RATE 0/2 = 0.0% | avg slip +0.00bp
2026-09-12 13:35:11  equity=2876.24 SUSDT | pos=0 | resting=0 | FILL RATE 0/2 = 0.0% | avg slip +0.00bp
2026-09-12 13:36:13  equity=2876.24 SUSDT | pos=0 | resting=0 | FILL RATE 0/2 = 0.0% | avg slip +0.00bp
2026-09-12 13:37:15  equity=2876.24 SUSDT | pos=0 | resting=0 | FILL RATE 0/2 = 0.0% | avg slip +0.00bp
2026-09-12 13:38:17  equity=2876.24 SUSDT | pos=0 | resting=0 | FILL RATE 0/2 = 0.0% | avg slip +0.00bp
2026-09-12 13:39:18  equity=2876.24 SUSDT | pos=0 | resting=0 | FILL RATE 0/2 = 0.0% | avg slip +0.00bp
2026-09-12 13:40:20  equity=2876.24 SUSDT | pos=0 | resting=0 | FILL RATE 0/2 = 0.0% | avg slip +0.00bp
2026-09-12 13:41:22  equity=2876.24 SUSDT | pos=0 | resting=0 | FILL RATE 0/2 = 0.0% | avg slip +0.00bp
2026-09-12 13:42:23  equity=2876.24 SUSDT | pos=0 | resting=0 | FILL RATE 0/2 = 0.0% | avg slip +0.00bp
2026-09-12 13:43:25  equity=2876.24 SUSDT | pos=0 | resting=0 | FILL RATE 0/2 = 0.0% | avg slip +0.00bp
2026-09-12 13:43:26  ---- maker standings ----
2026-09-12 13:43:26     signals=47 posted=2 filled=0 unfilled/expired=0 rejected=44
2026-09-12 13:43:26     FILL RATE = 0.0%  (backtest needed >~60% at 0.5xATR to stay positive)
2026-09-12 13:43:26     maker_bb_break_1h        ACTIVE  trades=  0 meanR=+0.000 dd= 0.00% (1h)
2026-09-12 13:43:26     maker_bb_break_15m       ACTIVE  trades=  0 meanR=+0.000 dd= 0.00% (15m)
2026-09-12 13:43:26     maker_rsi_mom_15m        ACTIVE  trades=  0 meanR=+0.000 dd= 0.00% (15m)
2026-09-12 13:44:27  equity=2876.24 SUSDT | pos=0 | resting=0 | FILL RATE 0/2 = 0.0% | avg slip +0.00bp
2026-09-12 13:45:28  equity=2876.24 SUSDT | pos=0 | resting=0 | FILL RATE 0/2 = 0.0% | avg slip +0.00bp
2026-09-12 13:45:29  [maker_bb_break_15m] 15m flat; HOLD
2026-09-12 13:45:29  [maker_rsi_mom_15m] 15m SIGNAL SELL -> POST-ONLY sell 21753.0 @1.368 (mkt 1.3665, 0.5xATR behind) sl=1.37311 tp=1.35989
2026-09-12 13:45:30  [maker_rsi_mom_15m] ORDER REJECTED (would take): bitget {"code":"40762","msg":"The order amount exceeds the balance","requestTime":1789220730034,"data":null}
2026-09-12 13:46:31  equity=2876.24 SUSDT | pos=0 | resting=0 | FILL RATE 0/2 = 0.0% | avg slip +0.00bp
2026-09-12 13:47:32  equity=2876.24 SUSDT | pos=0 | resting=0 | FILL RATE 0/2 = 0.0% | avg slip +0.00bp
2026-09-12 13:48:34  equity=2876.24 SUSDT | pos=0 | resting=0 | FILL RATE 0/2 = 0.0% | avg slip +0.00bp
2026-09-12 13:49:36  equity=2876.24 SUSDT | pos=0 | resting=0 | FILL RATE 0/2 = 0.0% | avg slip +0.00bp
2026-09-12 13:50:37  equity=2876.24 SUSDT | pos=0 | resting=0 | FILL RATE 0/2 = 0.0% | avg slip +0.00bp
2026-09-12 13:51:39  equity=2876.24 SUSDT | pos=0 | resting=0 | FILL RATE 0/2 = 0.0% | avg slip +0.00bp
2026-09-12 13:52:41  equity=2876.24 SUSDT | pos=0 | resting=0 | FILL RATE 0/2 = 0.0% | avg slip +0.00bp
2026-09-12 13:53:43  equity=2876.24 SUSDT | pos=0 | resting=0 | FILL RATE 0/2 = 0.0% | avg slip +0.00bp
2026-09-12 13:54:45  equity=2876.24 SUSDT | pos=0 | resting=0 | FILL RATE 0/2 = 0.0% | avg slip +0.00bp
2026-09-12 13:55:46  equity=2876.24 SUSDT | pos=0 | resting=0 | FILL RATE 0/2 = 0.0% | avg slip +0.00bp
2026-09-12 13:56:48  equity=2876.24 SUSDT | pos=0 | resting=0 | FILL RATE 0/2 = 0.0% | avg slip +0.00bp
2026-09-12 13:57:50  equity=2876.24 SUSDT | pos=0 | resting=0 | FILL RATE 0/2 = 0.0% | avg slip +0.00bp
2026-09-12 13:58:51  equity=2876.24 SUSDT | pos=0 | resting=0 | FILL RATE 0/2 = 0.0% | avg slip +0.00bp
2026-09-12 13:59:53  equity=2876.24 SUSDT | pos=0 | resting=0 | FILL RATE 0/2 = 0.0% | avg slip +0.00bp
2026-09-12 14:00:55  equity=2876.24 SUSDT | pos=0 | resting=0 | FILL RATE 0/2 = 0.0% | avg slip +0.00bp
2026-09-12 14:00:55  [maker_bb_break_1h] 1h flat; HOLD
2026-09-12 14:00:55  [maker_bb_break_15m] 15m flat; HOLD
2026-09-12 14:00:55  [maker_rsi_mom_15m] 15m SIGNAL SELL -> POST-ONLY sell 21720.0 @1.369 (mkt 1.3675, 0.5xATR behind) sl=1.37412 tp=1.36088
2026-09-12 14:00:56  [maker_rsi_mom_15m] ORDER REJECTED (would take): bitget {"code":"40762","msg":"The order amount exceeds the balance","requestTime":1789221656371,"data":null}
2026-09-12 14:01:57  equity=2876.24 SUSDT | pos=0 | resting=0 | FILL RATE 0/2 = 0.0% | avg slip +0.00bp
2026-09-12 14:02:59  equity=2876.24 SUSDT | pos=0 | resting=0 | FILL RATE 0/2 = 0.0% | avg slip +0.00bp
2026-09-12 14:04:00  equity=2876.24 SUSDT | pos=0 | resting=0 | FILL RATE 0/2 = 0.0% | avg slip +0.00bp
2026-09-12 14:04:01  ---- maker standings ----
2026-09-12 14:04:01     signals=49 posted=2 filled=0 unfilled/expired=0 rejected=46
2026-09-12 14:04:01     FILL RATE = 0.0%  (backtest needed >~60% at 0.5xATR to stay positive)
2026-09-12 14:04:01     maker_bb_break_1h        ACTIVE  trades=  0 meanR=+0.000 dd= 0.00% (1h)
2026-09-12 14:04:01     maker_bb_break_15m       ACTIVE  trades=  0 meanR=+0.000 dd= 0.00% (15m)
2026-09-12 14:04:01     maker_rsi_mom_15m        ACTIVE  trades=  0 meanR=+0.000 dd= 0.00% (15m)
2026-09-12 14:05:02  equity=2876.24 SUSDT | pos=0 | resting=0 | FILL RATE 0/2 = 0.0% | avg slip +0.00bp
2026-09-12 14:06:04  equity=2876.24 SUSDT | pos=0 | resting=0 | FILL RATE 0/2 = 0.0% | avg slip +0.00bp
2026-09-12 14:07:06  equity=2876.24 SUSDT | pos=0 | resting=0 | FILL RATE 0/2 = 0.0% | avg slip +0.00bp
2026-09-12 14:08:08  equity=2876.24 SUSDT | pos=0 | resting=0 | FILL RATE 0/2 = 0.0% | avg slip +0.00bp
2026-09-12 14:09:09  equity=2876.24 SUSDT | pos=0 | resting=0 | FILL RATE 0/2 = 0.0% | avg slip +0.00bp
2026-09-12 14:10:11  equity=2876.24 SUSDT | pos=0 | resting=0 | FILL RATE 0/2 = 0.0% | avg slip +0.00bp
2026-09-12 14:11:13  equity=2876.24 SUSDT | pos=0 | resting=0 | FILL RATE 0/2 = 0.0% | avg slip +0.00bp
2026-09-12 14:12:15  equity=2876.24 SUSDT | pos=0 | resting=0 | FILL RATE 0/2 = 0.0% | avg slip +0.00bp
2026-09-12 14:13:17  equity=2876.24 SUSDT | pos=0 | resting=0 | FILL RATE 0/2 = 0.0% | avg slip +0.00bp
2026-09-12 14:14:19  equity=2876.24 SUSDT | pos=0 | resting=0 | FILL RATE 0/2 = 0.0% | avg slip +0.00bp
2026-09-12 14:15:21  equity=2876.24 SUSDT | pos=0 | resting=0 | FILL RATE 0/2 = 0.0% | avg slip +0.00bp
2026-09-12 14:15:21  [maker_bb_break_15m] 15m SIGNAL BUY -> POST-ONLY buy 11.76 @2537.68 (mkt 2540.13, 0.5xATR behind) sl=2527.9 tp=2552.36
2026-09-12 14:15:22  [maker_bb_break_15m] ORDER REJECTED (would take): bitget {"code":"40762","msg":"The order amount exceeds the balance","requestTime":1789222522156,"data":null}
2026-09-12 14:15:22  [maker_rsi_mom_15m] 15m SIGNAL SELL -> POST-ONLY sell 22352.0 @1.369 (mkt 1.3673, 0.5xATR behind) sl=1.37373 tp=1.36087
2026-09-12 14:15:23  [maker_rsi_mom_15m] ORDER REJECTED (would take): bitget {"code":"40762","msg":"The order amount exceeds the balance","requestTime":1789222523142,"data":null}
2026-09-12 14:16:24  equity=2876.24 SUSDT | pos=0 | resting=0 | FILL RATE 0/2 = 0.0% | avg slip +0.00bp
2026-09-12 14:17:25  equity=2876.24 SUSDT | pos=0 | resting=0 | FILL RATE 0/2 = 0.0% | avg slip +0.00bp
2026-09-12 14:18:27  equity=2876.24 SUSDT | pos=0 | resting=0 | FILL RATE 0/2 = 0.0% | avg slip +0.00bp
2026-09-12 14:19:29  equity=2876.24 SUSDT | pos=0 | resting=0 | FILL RATE 0/2 = 0.0% | avg slip +0.00bp
2026-09-12 14:20:30  equity=2876.24 SUSDT | pos=0 | resting=0 | FILL RATE 0/2 = 0.0% | avg slip +0.00bp
2026-09-12 14:21:32  equity=2876.24 SUSDT | pos=0 | resting=0 | FILL RATE 0/2 = 0.0% | avg slip +0.00bp
2026-09-12 14:22:34  equity=2876.24 SUSDT | pos=0 | resting=0 | FILL RATE 0/2 = 0.0% | avg slip +0.00bp
2026-09-12 14:23:36  equity=2876.24 SUSDT | pos=0 | resting=0 | FILL RATE 0/2 = 0.0% | avg slip +0.00bp
2026-09-12 14:24:37  equity=2876.24 SUSDT | pos=0 | resting=0 | FILL RATE 0/2 = 0.0% | avg slip +0.00bp
2026-09-12 14:24:38  ---- maker standings ----
2026-09-12 14:24:38     signals=51 posted=2 filled=0 unfilled/expired=0 rejected=48
2026-09-12 14:24:38     FILL RATE = 0.0%  (backtest needed >~60% at 0.5xATR to stay positive)
2026-09-12 14:24:38     maker_bb_break_1h        ACTIVE  trades=  0 meanR=+0.000 dd= 0.00% (1h)
2026-09-12 14:24:38     maker_bb_break_15m       ACTIVE  trades=  0 meanR=+0.000 dd= 0.00% (15m)
2026-09-12 14:24:38     maker_rsi_mom_15m        ACTIVE  trades=  0 meanR=+0.000 dd= 0.00% (15m)
2026-09-12 14:25:39  equity=2876.24 SUSDT | pos=0 | resting=0 | FILL RATE 0/2 = 0.0% | avg slip +0.00bp
2026-09-12 14:26:41  equity=2876.24 SUSDT | pos=0 | resting=0 | FILL RATE 0/2 = 0.0% | avg slip +0.00bp
2026-09-12 14:27:43  equity=2876.24 SUSDT | pos=0 | resting=0 | FILL RATE 0/2 = 0.0% | avg slip +0.00bp
2026-09-12 14:28:44  equity=2876.24 SUSDT | pos=0 | resting=0 | FILL RATE 0/2 = 0.0% | avg slip +0.00bp
2026-09-12 14:29:46  equity=2876.24 SUSDT | pos=0 | resting=0 | FILL RATE 0/2 = 0.0% | avg slip +0.00bp
2026-09-12 14:30:48  equity=2876.24 SUSDT | pos=0 | resting=0 | FILL RATE 0/2 = 0.0% | avg slip +0.00bp
2026-09-12 14:30:49  [maker_bb_break_15m] 15m flat; HOLD
2026-09-12 14:30:49  [maker_rsi_mom_15m] 15m SIGNAL SELL -> POST-ONLY sell 22336.0 @1.371 (mkt 1.3696, 0.5xATR behind) sl=1.37604 tp=1.36316
2026-09-12 14:30:50  [maker_rsi_mom_15m] ORDER REJECTED (would take): bitget {"code":"40762","msg":"The order amount exceeds the balance","requestTime":1789223450254,"data":null}
2026-09-12 14:31:51  equity=2876.24 SUSDT | pos=0 | resting=0 | FILL RATE 0/2 = 0.0% | avg slip +0.00bp
2026-09-12 14:32:53  equity=2876.24 SUSDT | pos=0 | resting=0 | FILL RATE 0/2 = 0.0% | avg slip +0.00bp
2026-09-12 14:33:55  equity=2876.24 SUSDT | pos=0 | resting=0 | FILL RATE 0/2 = 0.0% | avg slip +0.00bp
2026-09-12 14:34:57  equity=2876.24 SUSDT | pos=0 | resting=0 | FILL RATE 0/2 = 0.0% | avg slip +0.00bp
2026-09-12 14:36:00  equity=2876.24 SUSDT | pos=0 | resting=0 | FILL RATE 0/2 = 0.0% | avg slip +0.00bp
2026-09-12 14:37:01  equity=2876.24 SUSDT | pos=0 | resting=0 | FILL RATE 0/2 = 0.0% | avg slip +0.00bp
2026-09-12 14:38:03  equity=2876.24 SUSDT | pos=0 | resting=0 | FILL RATE 0/2 = 0.0% | avg slip +0.00bp
2026-09-12 14:39:06  equity=2876.24 SUSDT | pos=0 | resting=0 | FILL RATE 0/2 = 0.0% | avg slip +0.00bp
2026-09-12 14:40:08  equity=2876.24 SUSDT | pos=0 | resting=0 | FILL RATE 0/2 = 0.0% | avg slip +0.00bp
2026-09-12 14:41:09  equity=2876.24 SUSDT | pos=0 | resting=0 | FILL RATE 0/2 = 0.0% | avg slip +0.00bp
2026-09-12 14:42:11  equity=2876.24 SUSDT | pos=0 | resting=0 | FILL RATE 0/2 = 0.0% | avg slip +0.00bp
2026-09-12 14:43:13  equity=2876.24 SUSDT | pos=0 | resting=0 | FILL RATE 0/2 = 0.0% | avg slip +0.00bp
2026-09-12 14:44:14  equity=2876.24 SUSDT | pos=0 | resting=0 | FILL RATE 0/2 = 0.0% | avg slip +0.00bp
2026-09-12 14:45:16  equity=2876.24 SUSDT | pos=0 | resting=0 | FILL RATE 0/2 = 0.0% | avg slip +0.00bp
2026-09-12 14:45:17  [maker_bb_break_15m] 15m SIGNAL BUY -> POST-ONLY buy 11.907 @2536.13 (mkt 2538.55, 0.5xATR behind) sl=2526.47 tp=2550.63
2026-09-12 14:45:17  [maker_bb_break_15m] ORDER REJECTED (would take): bitget {"code":"40762","msg":"The order amount exceeds the balance","requestTime":1789224317624,"data":null}
2026-09-12 14:45:18  [maker_rsi_mom_15m] 15m flat; HOLD
2026-09-12 14:45:18  ---- maker standings ----
2026-09-12 14:45:18     signals=53 posted=2 filled=0 unfilled/expired=0 rejected=50
2026-09-12 14:45:18     FILL RATE = 0.0%  (backtest needed >~60% at 0.5xATR to stay positive)
2026-09-12 14:45:18     maker_bb_break_1h        ACTIVE  trades=  0 meanR=+0.000 dd= 0.00% (1h)
2026-09-12 14:45:18     maker_bb_break_15m       ACTIVE  trades=  0 meanR=+0.000 dd= 0.00% (15m)
2026-09-12 14:45:18     maker_rsi_mom_15m        ACTIVE  trades=  0 meanR=+0.000 dd= 0.00% (15m)
2026-09-12 14:46:19  equity=2876.24 SUSDT | pos=0 | resting=0 | FILL RATE 0/2 = 0.0% | avg slip +0.00bp
2026-09-12 14:47:20  equity=2876.24 SUSDT | pos=0 | resting=0 | FILL RATE 0/2 = 0.0% | avg slip +0.00bp
2026-09-12 14:48:22  equity=2876.24 SUSDT | pos=0 | resting=0 | FILL RATE 0/2 = 0.0% | avg slip +0.00bp
2026-09-12 14:49:24  equity=2876.24 SUSDT | pos=0 | resting=0 | FILL RATE 0/2 = 0.0% | avg slip +0.00bp
2026-09-12 14:50:25  equity=2876.24 SUSDT | pos=0 | resting=0 | FILL RATE 0/2 = 0.0% | avg slip +0.00bp
2026-09-12 14:51:27  equity=2876.24 SUSDT | pos=0 | resting=0 | FILL RATE 0/2 = 0.0% | avg slip +0.00bp
2026-09-12 14:52:28  equity=2876.24 SUSDT | pos=0 | resting=0 | FILL RATE 0/2 = 0.0% | avg slip +0.00bp
2026-09-12 14:53:30  equity=2876.24 SUSDT | pos=0 | resting=0 | FILL RATE 0/2 = 0.0% | avg slip +0.00bp
2026-09-12 14:54:32  equity=2876.24 SUSDT | pos=0 | resting=0 | FILL RATE 0/2 = 0.0% | avg slip +0.00bp
2026-09-12 14:55:33  equity=2876.24 SUSDT | pos=0 | resting=0 | FILL RATE 0/2 = 0.0% | avg slip +0.00bp
2026-09-12 14:56:35  equity=2876.24 SUSDT | pos=0 | resting=0 | FILL RATE 0/2 = 0.0% | avg slip +0.00bp
2026-09-12 14:57:37  equity=2876.24 SUSDT | pos=0 | resting=0 | FILL RATE 0/2 = 0.0% | avg slip +0.00bp
2026-09-12 14:58:38  equity=2876.24 SUSDT | pos=0 | resting=0 | FILL RATE 0/2 = 0.0% | avg slip +0.00bp
2026-09-12 14:59:40  equity=2876.24 SUSDT | pos=0 | resting=0 | FILL RATE 0/2 = 0.0% | avg slip +0.00bp
2026-09-12 15:00:42  equity=2876.24 SUSDT | pos=0 | resting=0 | FILL RATE 0/2 = 0.0% | avg slip +0.00bp
2026-09-12 15:00:42  [maker_bb_break_1h] 1h flat; HOLD
2026-09-12 15:00:42  [maker_bb_break_15m] 15m flat; HOLD
2026-09-12 15:00:42  [maker_rsi_mom_15m] 15m flat; HOLD
2026-09-12 15:01:44  equity=2876.24 SUSDT | pos=0 | resting=0 | FILL RATE 0/2 = 0.0% | avg slip +0.00bp
2026-09-12 15:02:46  equity=2876.24 SUSDT | pos=0 | resting=0 | FILL RATE 0/2 = 0.0% | avg slip +0.00bp
2026-09-12 15:03:47  equity=2876.24 SUSDT | pos=0 | resting=0 | FILL RATE 0/2 = 0.0% | avg slip +0.00bp
2026-09-12 15:04:49  equity=2876.24 SUSDT | pos=0 | resting=0 | FILL RATE 0/2 = 0.0% | avg slip +0.00bp
2026-09-12 15:05:50  equity=2876.24 SUSDT | pos=0 | resting=0 | FILL RATE 0/2 = 0.0% | avg slip +0.00bp
2026-09-12 15:05:51  ---- maker standings ----
2026-09-12 15:05:51     signals=53 posted=2 filled=0 unfilled/expired=0 rejected=50
2026-09-12 15:05:51     FILL RATE = 0.0%  (backtest needed >~60% at 0.5xATR to stay positive)
2026-09-12 15:05:51     maker_bb_break_1h        ACTIVE  trades=  0 meanR=+0.000 dd= 0.00% (1h)
2026-09-12 15:05:51     maker_bb_break_15m       ACTIVE  trades=  0 meanR=+0.000 dd= 0.00% (15m)
2026-09-12 15:05:51     maker_rsi_mom_15m        ACTIVE  trades=  0 meanR=+0.000 dd= 0.00% (15m)
2026-09-12 15:06:52  equity=2876.24 SUSDT | pos=0 | resting=0 | FILL RATE 0/2 = 0.0% | avg slip +0.00bp
2026-09-12 15:07:54  equity=2876.24 SUSDT | pos=0 | resting=0 | FILL RATE 0/2 = 0.0% | avg slip +0.00bp
2026-09-12 15:08:55  equity=2876.24 SUSDT | pos=0 | resting=0 | FILL RATE 0/2 = 0.0% | avg slip +0.00bp
2026-09-12 15:09:56  equity=2876.24 SUSDT | pos=0 | resting=0 | FILL RATE 0/2 = 0.0% | avg slip +0.00bp
2026-09-12 15:10:58  equity=2876.24 SUSDT | pos=0 | resting=0 | FILL RATE 0/2 = 0.0% | avg slip +0.00bp
2026-09-12 15:12:00  equity=2876.24 SUSDT | pos=0 | resting=0 | FILL RATE 0/2 = 0.0% | avg slip +0.00bp
2026-09-12 15:13:02  equity=2876.24 SUSDT | pos=0 | resting=0 | FILL RATE 0/2 = 0.0% | avg slip +0.00bp
2026-09-12 15:14:03  equity=2876.24 SUSDT | pos=0 | resting=0 | FILL RATE 0/2 = 0.0% | avg slip +0.00bp
2026-09-12 15:15:05  equity=2876.24 SUSDT | pos=0 | resting=0 | FILL RATE 0/2 = 0.0% | avg slip +0.00bp
2026-09-12 15:15:05  [maker_bb_break_15m] 15m flat; HOLD
2026-09-12 15:15:05  [maker_rsi_mom_15m] 15m flat; HOLD
2026-09-12 15:16:06  equity=2876.24 SUSDT | pos=0 | resting=0 | FILL RATE 0/2 = 0.0% | avg slip +0.00bp
2026-09-12 15:17:08  equity=2876.24 SUSDT | pos=0 | resting=0 | FILL RATE 0/2 = 0.0% | avg slip +0.00bp
2026-09-12 15:18:09  equity=2876.24 SUSDT | pos=0 | resting=0 | FILL RATE 0/2 = 0.0% | avg slip +0.00bp
2026-09-12 15:19:11  equity=2876.24 SUSDT | pos=0 | resting=0 | FILL RATE 0/2 = 0.0% | avg slip +0.00bp
2026-09-12 15:20:13  equity=2876.24 SUSDT | pos=0 | resting=0 | FILL RATE 0/2 = 0.0% | avg slip +0.00bp
2026-09-12 15:21:14  equity=2876.24 SUSDT | pos=0 | resting=0 | FILL RATE 0/2 = 0.0% | avg slip +0.00bp
2026-09-12 15:22:16  equity=2876.24 SUSDT | pos=0 | resting=0 | FILL RATE 0/2 = 0.0% | avg slip +0.00bp
2026-09-12 15:23:17  equity=2876.24 SUSDT | pos=0 | resting=0 | FILL RATE 0/2 = 0.0% | avg slip +0.00bp
2026-09-12 15:24:19  equity=2876.24 SUSDT | pos=0 | resting=0 | FILL RATE 0/2 = 0.0% | avg slip +0.00bp
2026-09-12 15:25:20  equity=2876.24 SUSDT | pos=0 | resting=0 | FILL RATE 0/2 = 0.0% | avg slip +0.00bp
2026-09-12 15:26:22  equity=2876.24 SUSDT | pos=0 | resting=0 | FILL RATE 0/2 = 0.0% | avg slip +0.00bp
2026-09-12 15:26:23  ---- maker standings ----
2026-09-12 15:26:23     signals=53 posted=2 filled=0 unfilled/expired=0 rejected=50
2026-09-12 15:26:23     FILL RATE = 0.0%  (backtest needed >~60% at 0.5xATR to stay positive)
2026-09-12 15:26:23     maker_bb_break_1h        ACTIVE  trades=  0 meanR=+0.000 dd= 0.00% (1h)
2026-09-12 15:26:23     maker_bb_break_15m       ACTIVE  trades=  0 meanR=+0.000 dd= 0.00% (15m)
2026-09-12 15:26:23     maker_rsi_mom_15m        ACTIVE  trades=  0 meanR=+0.000 dd= 0.00% (15m)
2026-09-12 15:27:24  equity=2876.24 SUSDT | pos=0 | resting=0 | FILL RATE 0/2 = 0.0% | avg slip +0.00bp
2026-09-12 15:28:25  equity=2876.24 SUSDT | pos=0 | resting=0 | FILL RATE 0/2 = 0.0% | avg slip +0.00bp
2026-09-12 15:29:27  equity=2876.24 SUSDT | pos=0 | resting=0 | FILL RATE 0/2 = 0.0% | avg slip +0.00bp
2026-09-12 15:30:28  equity=2876.24 SUSDT | pos=0 | resting=0 | FILL RATE 0/2 = 0.0% | avg slip +0.00bp
2026-09-12 15:30:29  [maker_bb_break_15m] 15m flat; HOLD
2026-09-12 15:30:29  [maker_rsi_mom_15m] 15m SIGNAL BUY -> POST-ONLY buy 23393.0 @1.369 (mkt 1.3702, 0.5xATR behind) sl=1.36405 tp=1.37635
2026-09-12 15:30:30  [maker_rsi_mom_15m] ORDER REJECTED (would take): bitget {"code":"40762","msg":"The order amount exceeds the balance","requestTime":1789227030067,"data":null}
2026-09-12 15:31:31  equity=2876.24 SUSDT | pos=0 | resting=0 | FILL RATE 0/2 = 0.0% | avg slip +0.00bp
2026-09-12 15:32:32  equity=2876.24 SUSDT | pos=0 | resting=0 | FILL RATE 0/2 = 0.0% | avg slip +0.00bp
2026-09-12 15:33:34  equity=2876.24 SUSDT | pos=0 | resting=0 | FILL RATE 0/2 = 0.0% | avg slip +0.00bp
2026-09-12 15:34:36  equity=2876.24 SUSDT | pos=0 | resting=0 | FILL RATE 0/2 = 0.0% | avg slip +0.00bp
2026-09-12 15:35:37  equity=2876.24 SUSDT | pos=0 | resting=0 | FILL RATE 0/2 = 0.0% | avg slip +0.00bp
2026-09-12 15:36:38  equity=2876.24 SUSDT | pos=0 | resting=0 | FILL RATE 0/2 = 0.0% | avg slip +0.00bp
2026-09-12 15:37:40  equity=2876.24 SUSDT | pos=0 | resting=0 | FILL RATE 0/2 = 0.0% | avg slip +0.00bp
2026-09-12 15:38:41  equity=2876.24 SUSDT | pos=0 | resting=0 | FILL RATE 0/2 = 0.0% | avg slip +0.00bp
2026-09-12 15:39:43  equity=2876.24 SUSDT | pos=0 | resting=0 | FILL RATE 0/2 = 0.0% | avg slip +0.00bp
2026-09-12 15:40:45  equity=2876.24 SUSDT | pos=0 | resting=0 | FILL RATE 0/2 = 0.0% | avg slip +0.00bp
2026-09-12 15:41:46  equity=2876.24 SUSDT | pos=0 | resting=0 | FILL RATE 0/2 = 0.0% | avg slip +0.00bp
2026-09-12 15:42:48  equity=2876.24 SUSDT | pos=0 | resting=0 | FILL RATE 0/2 = 0.0% | avg slip +0.00bp
2026-09-12 15:43:50  equity=2876.24 SUSDT | pos=0 | resting=0 | FILL RATE 0/2 = 0.0% | avg slip +0.00bp
2026-09-12 15:44:53  equity=2876.24 SUSDT | pos=0 | resting=0 | FILL RATE 0/2 = 0.0% | avg slip +0.00bp
2026-09-12 15:45:55  equity=2876.24 SUSDT | pos=0 | resting=0 | FILL RATE 0/2 = 0.0% | avg slip +0.00bp
2026-09-12 15:45:56  [maker_bb_break_15m] 15m flat; HOLD
2026-09-12 15:45:57  [maker_rsi_mom_15m] 15m flat; HOLD
2026-09-12 15:46:58  equity=2876.24 SUSDT | pos=0 | resting=0 | FILL RATE 0/2 = 0.0% | avg slip +0.00bp
2026-09-12 15:47:00  ---- maker standings ----
2026-09-12 15:47:00     signals=54 posted=2 filled=0 unfilled/expired=0 rejected=51
2026-09-12 15:47:00     FILL RATE = 0.0%  (backtest needed >~60% at 0.5xATR to stay positive)
2026-09-12 15:47:00     maker_bb_break_1h        ACTIVE  trades=  0 meanR=+0.000 dd= 0.00% (1h)
2026-09-12 15:47:00     maker_bb_break_15m       ACTIVE  trades=  0 meanR=+0.000 dd= 0.00% (15m)
2026-09-12 15:47:00     maker_rsi_mom_15m        ACTIVE  trades=  0 meanR=+0.000 dd= 0.00% (15m)
2026-09-12 15:48:01  equity=2876.24 SUSDT | pos=0 | resting=0 | FILL RATE 0/2 = 0.0% | avg slip +0.00bp
2026-09-12 15:49:03  equity=2876.24 SUSDT | pos=0 | resting=0 | FILL RATE 0/2 = 0.0% | avg slip +0.00bp
2026-09-12 15:50:06  equity=2876.24 SUSDT | pos=0 | resting=0 | FILL RATE 0/2 = 0.0% | avg slip +0.00bp
2026-09-12 15:51:08  equity=2876.24 SUSDT | pos=0 | resting=0 | FILL RATE 0/2 = 0.0% | avg slip +0.00bp
2026-09-12 15:52:11  equity=2876.24 SUSDT | pos=0 | resting=0 | FILL RATE 0/2 = 0.0% | avg slip +0.00bp
2026-09-12 15:53:13  equity=2876.24 SUSDT | pos=0 | resting=0 | FILL RATE 0/2 = 0.0% | avg slip +0.00bp
2026-09-12 15:54:16  equity=2876.24 SUSDT | pos=0 | resting=0 | FILL RATE 0/2 = 0.0% | avg slip +0.00bp
2026-09-12 15:55:18  equity=2876.24 SUSDT | pos=0 | resting=0 | FILL RATE 0/2 = 0.0% | avg slip +0.00bp
2026-09-12 15:56:20  equity=2876.24 SUSDT | pos=0 | resting=0 | FILL RATE 0/2 = 0.0% | avg slip +0.00bp
2026-09-12 15:57:23  equity=2876.24 SUSDT | pos=0 | resting=0 | FILL RATE 0/2 = 0.0% | avg slip +0.00bp
2026-09-12 15:58:25  equity=2876.24 SUSDT | pos=0 | resting=0 | FILL RATE 0/2 = 0.0% | avg slip +0.00bp
2026-09-12 15:59:27  equity=2876.24 SUSDT | pos=0 | resting=0 | FILL RATE 0/2 = 0.0% | avg slip +0.00bp
2026-09-12 16:00:30  equity=2876.24 SUSDT | pos=0 | resting=0 | FILL RATE 0/2 = 0.0% | avg slip +0.00bp
2026-09-12 16:00:30  [maker_bb_break_1h] 1h flat; HOLD
2026-09-12 16:00:30  [maker_bb_break_15m] 15m flat; HOLD
2026-09-12 16:00:31  [maker_rsi_mom_15m] 15m SIGNAL BUY -> POST-ONLY buy 21415.0 @1.37 (mkt 1.3717, 0.5xATR behind) sl=1.36498 tp=1.37842
2026-09-12 16:00:31  [maker_rsi_mom_15m] ORDER REJECTED (would take): bitget {"code":"40762","msg":"The order amount exceeds the balance","requestTime":1789228831796,"data":null}
2026-09-12 16:01:32  equity=2876.24 SUSDT | pos=0 | resting=0 | FILL RATE 0/2 = 0.0% | avg slip +0.00bp
2026-09-12 16:02:35  equity=2876.24 SUSDT | pos=0 | resting=0 | FILL RATE 0/2 = 0.0% | avg slip +0.00bp
2026-09-12 16:03:37  equity=2876.24 SUSDT | pos=0 | resting=0 | FILL RATE 0/2 = 0.0% | avg slip +0.00bp
2026-09-12 16:04:39  equity=2876.24 SUSDT | pos=0 | resting=0 | FILL RATE 0/2 = 0.0% | avg slip +0.00bp
2026-09-12 16:05:41  equity=2876.24 SUSDT | pos=0 | resting=0 | FILL RATE 0/2 = 0.0% | avg slip +0.00bp
2026-09-12 16:06:43  equity=2876.24 SUSDT | pos=0 | resting=0 | FILL RATE 0/2 = 0.0% | avg slip +0.00bp
2026-09-12 16:07:45  equity=2876.24 SUSDT | pos=0 | resting=0 | FILL RATE 0/2 = 0.0% | avg slip +0.00bp
2026-09-12 16:07:46  ---- maker standings ----
2026-09-12 16:07:46     signals=55 posted=2 filled=0 unfilled/expired=0 rejected=52
2026-09-12 16:07:46     FILL RATE = 0.0%  (backtest needed >~60% at 0.5xATR to stay positive)
2026-09-12 16:07:46     maker_bb_break_1h        ACTIVE  trades=  0 meanR=+0.000 dd= 0.00% (1h)
2026-09-12 16:07:46     maker_bb_break_15m       ACTIVE  trades=  0 meanR=+0.000 dd= 0.00% (15m)
2026-09-12 16:07:46     maker_rsi_mom_15m        ACTIVE  trades=  0 meanR=+0.000 dd= 0.00% (15m)
2026-09-12 16:08:47  equity=2876.24 SUSDT | pos=0 | resting=0 | FILL RATE 0/2 = 0.0% | avg slip +0.00bp
2026-09-12 16:09:49  equity=2876.24 SUSDT | pos=0 | resting=0 | FILL RATE 0/2 = 0.0% | avg slip +0.00bp
2026-09-12 16:10:52  equity=2876.24 SUSDT | pos=0 | resting=0 | FILL RATE 0/2 = 0.0% | avg slip +0.00bp
2026-09-12 16:11:54  equity=2876.24 SUSDT | pos=0 | resting=0 | FILL RATE 0/2 = 0.0% | avg slip +0.00bp
2026-09-12 16:12:56  equity=2876.24 SUSDT | pos=0 | resting=0 | FILL RATE 0/2 = 0.0% | avg slip +0.00bp
2026-09-12 16:13:58  equity=2876.24 SUSDT | pos=0 | resting=0 | FILL RATE 0/2 = 0.0% | avg slip +0.00bp
2026-09-12 16:15:00  equity=2876.24 SUSDT | pos=0 | resting=0 | FILL RATE 0/2 = 0.0% | avg slip +0.00bp
2026-09-12 16:15:01  [maker_bb_break_15m] 15m flat; HOLD
2026-09-12 16:15:02  [maker_rsi_mom_15m] 15m SIGNAL BUY -> POST-ONLY buy 21580.0 @1.369 (mkt 1.3706, 0.5xATR behind) sl=1.36394 tp=1.37726
2026-09-12 16:15:02  [maker_rsi_mom_15m] ORDER REJECTED (would take): bitget {"code":"40762","msg":"The order amount exceeds the balance","requestTime":1789229702596,"data":null}
2026-09-12 16:16:03  equity=2876.24 SUSDT | pos=0 | resting=0 | FILL RATE 0/2 = 0.0% | avg slip +0.00bp
2026-09-12 16:17:05  equity=2876.24 SUSDT | pos=0 | resting=0 | FILL RATE 0/2 = 0.0% | avg slip +0.00bp
2026-09-12 16:18:08  equity=2876.24 SUSDT | pos=0 | resting=0 | FILL RATE 0/2 = 0.0% | avg slip +0.00bp
2026-09-12 16:19:10  equity=2876.24 SUSDT | pos=0 | resting=0 | FILL RATE 0/2 = 0.0% | avg slip +0.00bp
2026-09-12 16:20:12  equity=2876.24 SUSDT | pos=0 | resting=0 | FILL RATE 0/2 = 0.0% | avg slip +0.00bp
2026-09-12 16:21:14  equity=2876.24 SUSDT | pos=0 | resting=0 | FILL RATE 0/2 = 0.0% | avg slip +0.00bp
2026-09-12 16:22:16  equity=2876.24 SUSDT | pos=0 | resting=0 | FILL RATE 0/2 = 0.0% | avg slip +0.00bp
2026-09-12 16:23:19  equity=2876.24 SUSDT | pos=0 | resting=0 | FILL RATE 0/2 = 0.0% | avg slip +0.00bp
2026-09-12 16:24:21  equity=2876.24 SUSDT | pos=0 | resting=0 | FILL RATE 0/2 = 0.0% | avg slip +0.00bp
2026-09-12 16:25:23  equity=2876.24 SUSDT | pos=0 | resting=0 | FILL RATE 0/2 = 0.0% | avg slip +0.00bp
2026-09-12 16:26:25  equity=2876.24 SUSDT | pos=0 | resting=0 | FILL RATE 0/2 = 0.0% | avg slip +0.00bp
2026-09-12 16:27:27  equity=2876.24 SUSDT | pos=0 | resting=0 | FILL RATE 0/2 = 0.0% | avg slip +0.00bp
2026-09-12 16:28:29  equity=2876.24 SUSDT | pos=0 | resting=0 | FILL RATE 0/2 = 0.0% | avg slip +0.00bp
2026-09-12 16:28:30  ---- maker standings ----
2026-09-12 16:28:30     signals=56 posted=2 filled=0 unfilled/expired=0 rejected=53
2026-09-12 16:28:30     FILL RATE = 0.0%  (backtest needed >~60% at 0.5xATR to stay positive)
2026-09-12 16:28:30     maker_bb_break_1h        ACTIVE  trades=  0 meanR=+0.000 dd= 0.00% (1h)
2026-09-12 16:28:30     maker_bb_break_15m       ACTIVE  trades=  0 meanR=+0.000 dd= 0.00% (15m)
2026-09-12 16:28:30     maker_rsi_mom_15m        ACTIVE  trades=  0 meanR=+0.000 dd= 0.00% (15m)
2026-09-12 16:29:31  equity=2876.24 SUSDT | pos=0 | resting=0 | FILL RATE 0/2 = 0.0% | avg slip +0.00bp
2026-09-12 16:30:33  equity=2876.24 SUSDT | pos=0 | resting=0 | FILL RATE 0/2 = 0.0% | avg slip +0.00bp
2026-09-12 16:30:34  [maker_bb_break_15m] 15m flat; HOLD
2026-09-12 16:30:35  [maker_rsi_mom_15m] 15m flat; HOLD
2026-09-12 16:31:36  equity=2876.24 SUSDT | pos=0 | resting=0 | FILL RATE 0/2 = 0.0% | avg slip +0.00bp
2026-09-12 16:32:38  equity=2876.24 SUSDT | pos=0 | resting=0 | FILL RATE 0/2 = 0.0% | avg slip +0.00bp
2026-09-12 16:33:40  equity=2876.24 SUSDT | pos=0 | resting=0 | FILL RATE 0/2 = 0.0% | avg slip +0.00bp
2026-09-12 16:34:42  equity=2876.24 SUSDT | pos=0 | resting=0 | FILL RATE 0/2 = 0.0% | avg slip +0.00bp
2026-09-12 16:35:45  equity=2876.24 SUSDT | pos=0 | resting=0 | FILL RATE 0/2 = 0.0% | avg slip +0.00bp
2026-09-12 16:36:47  equity=2876.24 SUSDT | pos=0 | resting=0 | FILL RATE 0/2 = 0.0% | avg slip +0.00bp
2026-09-12 16:37:49  equity=2876.24 SUSDT | pos=0 | resting=0 | FILL RATE 0/2 = 0.0% | avg slip +0.00bp
2026-09-12 16:38:51  equity=2876.24 SUSDT | pos=0 | resting=0 | FILL RATE 0/2 = 0.0% | avg slip +0.00bp
2026-09-12 16:39:53  equity=2876.24 SUSDT | pos=0 | resting=0 | FILL RATE 0/2 = 0.0% | avg slip +0.00bp
2026-09-12 16:40:55  equity=2876.24 SUSDT | pos=0 | resting=0 | FILL RATE 0/2 = 0.0% | avg slip +0.00bp
2026-09-12 16:41:57  equity=2876.24 SUSDT | pos=0 | resting=0 | FILL RATE 0/2 = 0.0% | avg slip +0.00bp
2026-09-12 16:43:00  equity=2876.24 SUSDT | pos=0 | resting=0 | FILL RATE 0/2 = 0.0% | avg slip +0.00bp
2026-09-12 16:44:02  equity=2876.24 SUSDT | pos=0 | resting=0 | FILL RATE 0/2 = 0.0% | avg slip +0.00bp
2026-09-12 16:45:04  equity=2876.24 SUSDT | pos=0 | resting=0 | FILL RATE 0/2 = 0.0% | avg slip +0.00bp
2026-09-12 16:45:05  [maker_bb_break_15m] 15m flat; HOLD
2026-09-12 16:45:06  [maker_rsi_mom_15m] 15m flat; HOLD
2026-09-12 16:46:07  equity=2876.24 SUSDT | pos=0 | resting=0 | FILL RATE 0/2 = 0.0% | avg slip +0.00bp
2026-09-12 16:47:09  equity=2876.24 SUSDT | pos=0 | resting=0 | FILL RATE 0/2 = 0.0% | avg slip +0.00bp
2026-09-12 16:48:11  equity=2876.24 SUSDT | pos=0 | resting=0 | FILL RATE 0/2 = 0.0% | avg slip +0.00bp
2026-09-12 16:49:14  equity=2876.24 SUSDT | pos=0 | resting=0 | FILL RATE 0/2 = 0.0% | avg slip +0.00bp
2026-09-12 16:49:15  ---- maker standings ----
2026-09-12 16:49:15     signals=56 posted=2 filled=0 unfilled/expired=0 rejected=53
2026-09-12 16:49:15     FILL RATE = 0.0%  (backtest needed >~60% at 0.5xATR to stay positive)
2026-09-12 16:49:15     maker_bb_break_1h        ACTIVE  trades=  0 meanR=+0.000 dd= 0.00% (1h)
2026-09-12 16:49:15     maker_bb_break_15m       ACTIVE  trades=  0 meanR=+0.000 dd= 0.00% (15m)
2026-09-12 16:49:15     maker_rsi_mom_15m        ACTIVE  trades=  0 meanR=+0.000 dd= 0.00% (15m)
2026-09-12 16:50:16  equity=2876.24 SUSDT | pos=0 | resting=0 | FILL RATE 0/2 = 0.0% | avg slip +0.00bp
2026-09-12 16:51:18  equity=2876.24 SUSDT | pos=0 | resting=0 | FILL RATE 0/2 = 0.0% | avg slip +0.00bp
2026-09-12 16:52:20  equity=2876.24 SUSDT | pos=0 | resting=0 | FILL RATE 0/2 = 0.0% | avg slip +0.00bp
2026-09-12 16:53:22  equity=2876.24 SUSDT | pos=0 | resting=0 | FILL RATE 0/2 = 0.0% | avg slip +0.00bp
2026-09-12 16:54:25  equity=2876.24 SUSDT | pos=0 | resting=0 | FILL RATE 0/2 = 0.0% | avg slip +0.00bp
2026-09-12 16:55:27  equity=2876.24 SUSDT | pos=0 | resting=0 | FILL RATE 0/2 = 0.0% | avg slip +0.00bp
2026-09-12 16:56:29  equity=2876.24 SUSDT | pos=0 | resting=0 | FILL RATE 0/2 = 0.0% | avg slip +0.00bp
2026-09-12 16:57:31  equity=2876.24 SUSDT | pos=0 | resting=0 | FILL RATE 0/2 = 0.0% | avg slip +0.00bp
2026-09-12 16:58:33  equity=2876.24 SUSDT | pos=0 | resting=0 | FILL RATE 0/2 = 0.0% | avg slip +0.00bp
2026-09-12 16:59:35  equity=2876.24 SUSDT | pos=0 | resting=0 | FILL RATE 0/2 = 0.0% | avg slip +0.00bp
2026-09-12 17:00:37  equity=2876.24 SUSDT | pos=0 | resting=0 | FILL RATE 0/2 = 0.0% | avg slip +0.00bp
2026-09-12 17:00:37  [maker_bb_break_1h] 1h flat; HOLD
2026-09-12 17:00:38  [maker_bb_break_15m] 15m SIGNAL SELL -> POST-ONLY sell 12.816 @2532.94 (mkt 2530.7, 0.5xATR behind) sl=2541.92 tp=2519.48
2026-09-12 17:00:38  [maker_bb_break_15m] ORDER REJECTED (would take): bitget {"code":"40762","msg":"The order amount exceeds the balance","requestTime":1789232438835,"data":null}
2026-09-12 17:00:39  [maker_rsi_mom_15m] 15m flat; HOLD
2026-09-12 17:01:40  equity=2876.24 SUSDT | pos=0 | resting=0 | FILL RATE 0/2 = 0.0% | avg slip +0.00bp
2026-09-12 17:02:42  equity=2876.24 SUSDT | pos=0 | resting=0 | FILL RATE 0/2 = 0.0% | avg slip +0.00bp
2026-09-12 17:03:44  equity=2876.24 SUSDT | pos=0 | resting=0 | FILL RATE 0/2 = 0.0% | avg slip +0.00bp
2026-09-12 17:04:46  equity=2876.24 SUSDT | pos=0 | resting=0 | FILL RATE 0/2 = 0.0% | avg slip +0.00bp
2026-09-12 17:05:48  equity=2876.24 SUSDT | pos=0 | resting=0 | FILL RATE 0/2 = 0.0% | avg slip +0.00bp
2026-09-12 17:06:50  equity=2876.24 SUSDT | pos=0 | resting=0 | FILL RATE 0/2 = 0.0% | avg slip +0.00bp
2026-09-12 17:07:51  equity=2876.24 SUSDT | pos=0 | resting=0 | FILL RATE 0/2 = 0.0% | avg slip +0.00bp
2026-09-12 17:08:53  equity=2876.24 SUSDT | pos=0 | resting=0 | FILL RATE 0/2 = 0.0% | avg slip +0.00bp
2026-09-12 17:09:55  equity=2876.24 SUSDT | pos=0 | resting=0 | FILL RATE 0/2 = 0.0% | avg slip +0.00bp
2026-09-12 17:09:55  ---- maker standings ----
2026-09-12 17:09:55     signals=57 posted=2 filled=0 unfilled/expired=0 rejected=54
2026-09-12 17:09:55     FILL RATE = 0.0%  (backtest needed >~60% at 0.5xATR to stay positive)
2026-09-12 17:09:55     maker_bb_break_1h        ACTIVE  trades=  0 meanR=+0.000 dd= 0.00% (1h)
2026-09-12 17:09:55     maker_bb_break_15m       ACTIVE  trades=  0 meanR=+0.000 dd= 0.00% (15m)
2026-09-12 17:09:55     maker_rsi_mom_15m        ACTIVE  trades=  0 meanR=+0.000 dd= 0.00% (15m)
2026-09-12 17:10:56  equity=2876.24 SUSDT | pos=0 | resting=0 | FILL RATE 0/2 = 0.0% | avg slip +0.00bp
2026-09-12 17:11:58  equity=2876.24 SUSDT | pos=0 | resting=0 | FILL RATE 0/2 = 0.0% | avg slip +0.00bp
2026-09-12 17:13:00  equity=2876.24 SUSDT | pos=0 | resting=0 | FILL RATE 0/2 = 0.0% | avg slip +0.00bp
2026-09-12 17:14:01  equity=2876.24 SUSDT | pos=0 | resting=0 | FILL RATE 0/2 = 0.0% | avg slip +0.00bp
2026-09-12 17:15:03  equity=2876.24 SUSDT | pos=0 | resting=0 | FILL RATE 0/2 = 0.0% | avg slip +0.00bp
2026-09-12 17:15:04  [maker_bb_break_15m] 15m flat; HOLD
2026-09-12 17:15:04  [maker_rsi_mom_15m] 15m flat; HOLD
2026-09-12 17:16:05  equity=2876.24 SUSDT | pos=0 | resting=0 | FILL RATE 0/2 = 0.0% | avg slip +0.00bp
2026-09-12 17:17:07  equity=2876.24 SUSDT | pos=0 | resting=0 | FILL RATE 0/2 = 0.0% | avg slip +0.00bp
2026-09-12 17:18:09  equity=2876.24 SUSDT | pos=0 | resting=0 | FILL RATE 0/2 = 0.0% | avg slip +0.00bp
2026-09-12 17:19:10  equity=2876.24 SUSDT | pos=0 | resting=0 | FILL RATE 0/2 = 0.0% | avg slip +0.00bp
2026-09-12 17:20:12  equity=2876.24 SUSDT | pos=0 | resting=0 | FILL RATE 0/2 = 0.0% | avg slip +0.00bp
2026-09-12 17:21:14  equity=2876.24 SUSDT | pos=0 | resting=0 | FILL RATE 0/2 = 0.0% | avg slip +0.00bp
2026-09-12 17:22:15  equity=2876.24 SUSDT | pos=0 | resting=0 | FILL RATE 0/2 = 0.0% | avg slip +0.00bp
2026-09-12 17:23:17  equity=2876.24 SUSDT | pos=0 | resting=0 | FILL RATE 0/2 = 0.0% | avg slip +0.00bp
2026-09-12 17:24:19  equity=2876.24 SUSDT | pos=0 | resting=0 | FILL RATE 0/2 = 0.0% | avg slip +0.00bp
2026-09-12 17:25:20  equity=2876.24 SUSDT | pos=0 | resting=0 | FILL RATE 0/2 = 0.0% | avg slip +0.00bp
2026-09-12 17:26:22  equity=2876.24 SUSDT | pos=0 | resting=0 | FILL RATE 0/2 = 0.0% | avg slip +0.00bp
2026-09-12 17:27:24  equity=2876.24 SUSDT | pos=0 | resting=0 | FILL RATE 0/2 = 0.0% | avg slip +0.00bp
2026-09-12 17:28:25  equity=2876.24 SUSDT | pos=0 | resting=0 | FILL RATE 0/2 = 0.0% | avg slip +0.00bp
2026-09-12 17:29:27  equity=2876.24 SUSDT | pos=0 | resting=0 | FILL RATE 0/2 = 0.0% | avg slip +0.00bp
2026-09-12 17:30:29  equity=2876.24 SUSDT | pos=0 | resting=0 | FILL RATE 0/2 = 0.0% | avg slip +0.00bp
2026-09-12 17:30:29  [maker_bb_break_15m] 15m flat; HOLD
2026-09-12 17:30:29  [maker_rsi_mom_15m] 15m SIGNAL SELL -> POST-ONLY sell 23709.0 @1.368 (mkt 1.3669, 0.5xATR behind) sl=1.37297 tp=1.36083
2026-09-12 17:30:30  [maker_rsi_mom_15m] ORDER REJECTED (would take): bitget {"code":"40762","msg":"The order amount exceeds the balance","requestTime":1789234230442,"data":null}
2026-09-12 17:30:30  ---- maker standings ----
2026-09-12 17:30:30     signals=58 posted=2 filled=0 unfilled/expired=0 rejected=55
2026-09-12 17:30:30     FILL RATE = 0.0%  (backtest needed >~60% at 0.5xATR to stay positive)
2026-09-12 17:30:30     maker_bb_break_1h        ACTIVE  trades=  0 meanR=+0.000 dd= 0.00% (1h)
2026-09-12 17:30:30     maker_bb_break_15m       ACTIVE  trades=  0 meanR=+0.000 dd= 0.00% (15m)
2026-09-12 17:30:30     maker_rsi_mom_15m        ACTIVE  trades=  0 meanR=+0.000 dd= 0.00% (15m)
2026-09-12 17:31:31  equity=2876.24 SUSDT | pos=0 | resting=0 | FILL RATE 0/2 = 0.0% | avg slip +0.00bp
2026-09-12 17:32:33  equity=2876.24 SUSDT | pos=0 | resting=0 | FILL RATE 0/2 = 0.0% | avg slip +0.00bp
2026-09-12 17:33:34  equity=2876.24 SUSDT | pos=0 | resting=0 | FILL RATE 0/2 = 0.0% | avg slip +0.00bp
2026-09-12 17:34:36  equity=2876.24 SUSDT | pos=0 | resting=0 | FILL RATE 0/2 = 0.0% | avg slip +0.00bp
2026-09-12 17:35:38  equity=2876.24 SUSDT | pos=0 | resting=0 | FILL RATE 0/2 = 0.0% | avg slip +0.00bp
2026-09-12 17:36:40  equity=2876.24 SUSDT | pos=0 | resting=0 | FILL RATE 0/2 = 0.0% | avg slip +0.00bp
2026-09-12 17:37:42  equity=2876.24 SUSDT | pos=0 | resting=0 | FILL RATE 0/2 = 0.0% | avg slip +0.00bp
2026-09-12 17:38:44  equity=2876.24 SUSDT | pos=0 | resting=0 | FILL RATE 0/2 = 0.0% | avg slip +0.00bp
2026-09-12 17:39:46  equity=2876.24 SUSDT | pos=0 | resting=0 | FILL RATE 0/2 = 0.0% | avg slip +0.00bp
2026-09-12 17:40:48  equity=2876.24 SUSDT | pos=0 | resting=0 | FILL RATE 0/2 = 0.0% | avg slip +0.00bp
2026-09-12 17:41:50  equity=2876.24 SUSDT | pos=0 | resting=0 | FILL RATE 0/2 = 0.0% | avg slip +0.00bp
2026-09-12 17:42:52  equity=2876.24 SUSDT | pos=0 | resting=0 | FILL RATE 0/2 = 0.0% | avg slip +0.00bp
2026-09-12 17:43:54  equity=2876.24 SUSDT | pos=0 | resting=0 | FILL RATE 0/2 = 0.0% | avg slip +0.00bp
2026-09-12 17:44:56  equity=2876.24 SUSDT | pos=0 | resting=0 | FILL RATE 0/2 = 0.0% | avg slip +0.00bp
2026-09-12 17:45:58  equity=2876.24 SUSDT | pos=0 | resting=0 | FILL RATE 0/2 = 0.0% | avg slip +0.00bp
2026-09-12 17:45:59  [maker_bb_break_15m] 15m SIGNAL SELL -> POST-ONLY sell 12.53 @2528.36 (mkt 2526.06, 0.5xATR behind) sl=2537.54 tp=2514.58
2026-09-12 17:45:59  [maker_bb_break_15m] ORDER REJECTED (would take): bitget {"code":"40762","msg":"The order amount exceeds the balance","requestTime":1789235159864,"data":null}
2026-09-12 17:46:00  [maker_rsi_mom_15m] 15m SIGNAL SELL -> POST-ONLY sell 24227.0 @1.369 (mkt 1.3678, 0.5xATR behind) sl=1.37374 tp=1.36186
2026-09-12 17:46:01  [maker_rsi_mom_15m] ORDER REJECTED (would take): bitget {"code":"40762","msg":"The order amount exceeds the balance","requestTime":1789235160899,"data":null}
2026-09-12 17:47:01  equity=2876.24 SUSDT | pos=0 | resting=0 | FILL RATE 0/2 = 0.0% | avg slip +0.00bp
2026-09-12 17:48:04  equity=2876.24 SUSDT | pos=0 | resting=0 | FILL RATE 0/2 = 0.0% | avg slip +0.00bp
2026-09-12 17:49:06  equity=2876.24 SUSDT | pos=0 | resting=0 | FILL RATE 0/2 = 0.0% | avg slip +0.00bp
2026-09-12 17:50:08  equity=2876.24 SUSDT | pos=0 | resting=0 | FILL RATE 0/2 = 0.0% | avg slip +0.00bp
2026-09-12 17:51:10  equity=2876.24 SUSDT | pos=0 | resting=0 | FILL RATE 0/2 = 0.0% | avg slip +0.00bp
2026-09-12 17:51:11  ---- maker standings ----
2026-09-12 17:51:11     signals=60 posted=2 filled=0 unfilled/expired=0 rejected=57
2026-09-12 17:51:11     FILL RATE = 0.0%  (backtest needed >~60% at 0.5xATR to stay positive)
2026-09-12 17:51:11     maker_bb_break_1h        ACTIVE  trades=  0 meanR=+0.000 dd= 0.00% (1h)
2026-09-12 17:51:11     maker_bb_break_15m       ACTIVE  trades=  0 meanR=+0.000 dd= 0.00% (15m)
2026-09-12 17:51:11     maker_rsi_mom_15m        ACTIVE  trades=  0 meanR=+0.000 dd= 0.00% (15m)
2026-09-12 17:52:12  equity=2876.24 SUSDT | pos=0 | resting=0 | FILL RATE 0/2 = 0.0% | avg slip +0.00bp
2026-09-12 17:53:14  equity=2876.24 SUSDT | pos=0 | resting=0 | FILL RATE 0/2 = 0.0% | avg slip +0.00bp
2026-09-12 17:54:16  equity=2876.24 SUSDT | pos=0 | resting=0 | FILL RATE 0/2 = 0.0% | avg slip +0.00bp
2026-09-12 17:55:18  equity=2876.24 SUSDT | pos=0 | resting=0 | FILL RATE 0/2 = 0.0% | avg slip +0.00bp
2026-09-12 17:56:20  equity=2876.24 SUSDT | pos=0 | resting=0 | FILL RATE 0/2 = 0.0% | avg slip +0.00bp
2026-09-12 17:57:22  equity=2876.24 SUSDT | pos=0 | resting=0 | FILL RATE 0/2 = 0.0% | avg slip +0.00bp
2026-09-12 17:58:24  equity=2876.24 SUSDT | pos=0 | resting=0 | FILL RATE 0/2 = 0.0% | avg slip +0.00bp
2026-09-12 17:59:26  equity=2876.24 SUSDT | pos=0 | resting=0 | FILL RATE 0/2 = 0.0% | avg slip +0.00bp
2026-09-12 18:00:28  equity=2876.24 SUSDT | pos=0 | resting=0 | FILL RATE 0/2 = 0.0% | avg slip +0.00bp
2026-09-12 18:00:29  [maker_bb_break_1h] 1h flat; HOLD
2026-09-12 18:00:29  [maker_bb_break_15m] 15m SIGNAL SELL -> POST-ONLY sell 12.968 @2527.23 (mkt 2525.01, 0.5xATR behind) sl=2536.1 tp=2513.92
2026-09-12 18:00:30  [maker_bb_break_15m] ORDER REJECTED (would take): bitget {"code":"40762","msg":"The order amount exceeds the balance","requestTime":1789236030015,"data":null}
2026-09-12 18:00:30  [maker_rsi_mom_15m] 15m SIGNAL SELL -> POST-ONLY sell 24503.0 @1.367 (mkt 1.3663, 0.5xATR behind) sl=1.37217 tp=1.36043
2026-09-12 18:00:31  [maker_rsi_mom_15m] ORDER REJECTED (would take): bitget {"code":"40762","msg":"The order amount exceeds the balance","requestTime":1789236031319,"data":null}
2026-09-12 18:01:32  equity=2876.24 SUSDT | pos=0 | resting=0 | FILL RATE 0/2 = 0.0% | avg slip +0.00bp
2026-09-12 18:02:34  equity=2876.24 SUSDT | pos=0 | resting=0 | FILL RATE 0/2 = 0.0% | avg slip +0.00bp
2026-09-12 18:03:36  equity=2876.24 SUSDT | pos=0 | resting=0 | FILL RATE 0/2 = 0.0% | avg slip +0.00bp
2026-09-12 18:04:38  equity=2876.24 SUSDT | pos=0 | resting=0 | FILL RATE 0/2 = 0.0% | avg slip +0.00bp
2026-09-12 18:05:40  equity=2876.24 SUSDT | pos=0 | resting=0 | FILL RATE 0/2 = 0.0% | avg slip +0.00bp
2026-09-12 18:06:42  equity=2876.24 SUSDT | pos=0 | resting=0 | FILL RATE 0/2 = 0.0% | avg slip +0.00bp
2026-09-12 18:07:44  equity=2876.24 SUSDT | pos=0 | resting=0 | FILL RATE 0/2 = 0.0% | avg slip +0.00bp
2026-09-12 18:08:46  equity=2876.24 SUSDT | pos=0 | resting=0 | FILL RATE 0/2 = 0.0% | avg slip +0.00bp
2026-09-12 18:09:48  equity=2876.24 SUSDT | pos=0 | resting=0 | FILL RATE 0/2 = 0.0% | avg slip +0.00bp
2026-09-12 18:10:51  equity=2876.24 SUSDT | pos=0 | resting=0 | FILL RATE 0/2 = 0.0% | avg slip +0.00bp
2026-09-12 18:11:56  equity=2876.24 SUSDT | pos=0 | resting=0 | FILL RATE 0/2 = 0.0% | avg slip +0.00bp
2026-09-12 18:11:58  ---- maker standings ----
2026-09-12 18:11:58     signals=62 posted=2 filled=0 unfilled/expired=0 rejected=59
2026-09-12 18:11:58     FILL RATE = 0.0%  (backtest needed >~60% at 0.5xATR to stay positive)
2026-09-12 18:11:58     maker_bb_break_1h        ACTIVE  trades=  0 meanR=+0.000 dd= 0.00% (1h)
2026-09-12 18:11:58     maker_bb_break_15m       ACTIVE  trades=  0 meanR=+0.000 dd= 0.00% (15m)
2026-09-12 18:11:58     maker_rsi_mom_15m        ACTIVE  trades=  0 meanR=+0.000 dd= 0.00% (15m)
2026-09-12 18:12:59  equity=2876.24 SUSDT | pos=0 | resting=0 | FILL RATE 0/2 = 0.0% | avg slip +0.00bp
2026-09-12 18:14:03  equity=2876.24 SUSDT | pos=0 | resting=0 | FILL RATE 0/2 = 0.0% | avg slip +0.00bp
2026-09-12 18:15:06  equity=2876.24 SUSDT | pos=0 | resting=0 | FILL RATE 0/2 = 0.0% | avg slip +0.00bp
2026-09-12 18:15:07  [maker_bb_break_15m] 15m SIGNAL SELL -> POST-ONLY sell 12.994 @2525.2 (mkt 2522.99, 0.5xATR behind) sl=2534.06 tp=2511.92
2026-09-12 18:15:08  [maker_bb_break_15m] ORDER REJECTED (would take): bitget {"code":"40762","msg":"The order amount exceeds the balance","requestTime":1789236908400,"data":null}
2026-09-12 18:15:09  [maker_rsi_mom_15m] 15m SIGNAL SELL -> POST-ONLY sell 23330.0 @1.366 (mkt 1.3649, 0.5xATR behind) sl=1.37106 tp=1.35874
2026-09-12 18:15:09  [maker_rsi_mom_15m] ORDER REJECTED (would take): bitget {"code":"40762","msg":"The order amount exceeds the balance","requestTime":1789236909667,"data":null}
2026-09-12 18:16:10  equity=2876.24 SUSDT | pos=0 | resting=0 | FILL RATE 0/2 = 0.0% | avg slip +0.00bp
2026-09-12 18:17:15  equity=2876.24 SUSDT | pos=0 | resting=0 | FILL RATE 0/2 = 0.0% | avg slip +0.00bp
2026-09-12 18:18:18  equity=2876.24 SUSDT | pos=0 | resting=0 | FILL RATE 0/2 = 0.0% | avg slip +0.00bp
2026-09-12 18:19:22  equity=2876.24 SUSDT | pos=0 | resting=0 | FILL RATE 0/2 = 0.0% | avg slip +0.00bp
2026-09-12 18:20:25  equity=2876.24 SUSDT | pos=0 | resting=0 | FILL RATE 0/2 = 0.0% | avg slip +0.00bp
2026-09-12 18:21:28  equity=2876.24 SUSDT | pos=0 | resting=0 | FILL RATE 0/2 = 0.0% | avg slip +0.00bp
2026-09-12 18:22:30  equity=2876.24 SUSDT | pos=0 | resting=0 | FILL RATE 0/2 = 0.0% | avg slip +0.00bp
2026-09-12 18:23:33  equity=2876.24 SUSDT | pos=0 | resting=0 | FILL RATE 0/2 = 0.0% | avg slip +0.00bp
2026-09-12 18:24:36  equity=2876.24 SUSDT | pos=0 | resting=0 | FILL RATE 0/2 = 0.0% | avg slip +0.00bp
2026-09-12 18:25:38  equity=2876.24 SUSDT | pos=0 | resting=0 | FILL RATE 0/2 = 0.0% | avg slip +0.00bp
2026-09-12 18:26:40  equity=2876.24 SUSDT | pos=0 | resting=0 | FILL RATE 0/2 = 0.0% | avg slip +0.00bp
2026-09-12 18:27:43  equity=2876.24 SUSDT | pos=0 | resting=0 | FILL RATE 0/2 = 0.0% | avg slip +0.00bp
2026-09-12 18:28:45  equity=2876.24 SUSDT | pos=0 | resting=0 | FILL RATE 0/2 = 0.0% | avg slip +0.00bp
2026-09-12 18:29:48  equity=2876.24 SUSDT | pos=0 | resting=0 | FILL RATE 0/2 = 0.0% | avg slip +0.00bp
2026-09-12 18:30:50  equity=2876.24 SUSDT | pos=0 | resting=0 | FILL RATE 0/2 = 0.0% | avg slip +0.00bp
2026-09-12 18:30:51  [maker_bb_break_15m] 15m SIGNAL SELL -> POST-ONLY sell 12.783 @2526.35 (mkt 2524.1, 0.5xATR behind) sl=2535.35 tp=2512.85
2026-09-12 18:30:52  [maker_bb_break_15m] ORDER REJECTED (would take): bitget {"code":"40762","msg":"The order amount exceeds the balance","requestTime":1789237851993,"data":null}
2026-09-12 18:30:52  [maker_rsi_mom_15m] 15m SIGNAL SELL -> POST-ONLY sell 23375.0 @1.366 (mkt 1.3652, 0.5xATR behind) sl=1.37135 tp=1.35905
2026-09-12 18:30:53  [maker_rsi_mom_15m] ORDER REJECTED (would take): bitget {"code":"40762","msg":"The order amount exceeds the balance","requestTime":1789237853095,"data":null}
2026-09-12 18:31:54  equity=2876.24 SUSDT | pos=0 | resting=0 | FILL RATE 0/2 = 0.0% | avg slip +0.00bp
2026-09-12 18:32:56  equity=2876.24 SUSDT | pos=0 | resting=0 | FILL RATE 0/2 = 0.0% | avg slip +0.00bp
2026-09-12 18:32:58  ---- maker standings ----
2026-09-12 18:32:58     signals=66 posted=2 filled=0 unfilled/expired=0 rejected=63
2026-09-12 18:32:58     FILL RATE = 0.0%  (backtest needed >~60% at 0.5xATR to stay positive)
2026-09-12 18:32:58     maker_bb_break_1h        ACTIVE  trades=  0 meanR=+0.000 dd= 0.00% (1h)
2026-09-12 18:32:58     maker_bb_break_15m       ACTIVE  trades=  0 meanR=+0.000 dd= 0.00% (15m)
2026-09-12 18:32:58     maker_rsi_mom_15m        ACTIVE  trades=  0 meanR=+0.000 dd= 0.00% (15m)
2026-09-12 18:33:59  equity=2876.24 SUSDT | pos=0 | resting=0 | FILL RATE 0/2 = 0.0% | avg slip +0.00bp
2026-09-12 18:35:01  equity=2876.24 SUSDT | pos=0 | resting=0 | FILL RATE 0/2 = 0.0% | avg slip +0.00bp
2026-09-12 18:36:04  equity=2876.24 SUSDT | pos=0 | resting=0 | FILL RATE 0/2 = 0.0% | avg slip +0.00bp
2026-09-12 18:37:06  equity=2876.24 SUSDT | pos=0 | resting=0 | FILL RATE 0/2 = 0.0% | avg slip +0.00bp
2026-09-12 18:38:09  equity=2876.24 SUSDT | pos=0 | resting=0 | FILL RATE 0/2 = 0.0% | avg slip +0.00bp
2026-09-12 18:39:11  equity=2876.24 SUSDT | pos=0 | resting=0 | FILL RATE 0/2 = 0.0% | avg slip +0.00bp
2026-09-12 18:40:14  equity=2876.24 SUSDT | pos=0 | resting=0 | FILL RATE 0/2 = 0.0% | avg slip +0.00bp
2026-09-12 18:41:16  equity=2876.24 SUSDT | pos=0 | resting=0 | FILL RATE 0/2 = 0.0% | avg slip +0.00bp
2026-09-12 18:42:18  equity=2876.24 SUSDT | pos=0 | resting=0 | FILL RATE 0/2 = 0.0% | avg slip +0.00bp
2026-09-12 18:43:21  equity=2876.24 SUSDT | pos=0 | resting=0 | FILL RATE 0/2 = 0.0% | avg slip +0.00bp
2026-09-12 18:44:23  equity=2876.24 SUSDT | pos=0 | resting=0 | FILL RATE 0/2 = 0.0% | avg slip +0.00bp
2026-09-12 18:45:26  equity=2876.24 SUSDT | pos=0 | resting=0 | FILL RATE 0/2 = 0.0% | avg slip +0.00bp
2026-09-12 18:45:27  [maker_bb_break_15m] 15m SIGNAL SELL -> POST-ONLY sell 12.666 @2525.43 (mkt 2523.16, 0.5xATR behind) sl=2534.51 tp=2511.81
2026-09-12 18:45:27  [maker_bb_break_15m] ORDER REJECTED (would take): bitget {"code":"40762","msg":"The order amount exceeds the balance","requestTime":1789238727622,"data":null}
2026-09-12 18:45:28  [maker_rsi_mom_15m] 15m SIGNAL SELL -> POST-ONLY sell 23081.0 @1.365 (mkt 1.3635, 0.5xATR behind) sl=1.36973 tp=1.35727
2026-09-12 18:45:28  [maker_rsi_mom_15m] ORDER REJECTED (would take): bitget {"code":"40762","msg":"The order amount exceeds the balance","requestTime":1789238728772,"data":null}
2026-09-12 18:46:29  equity=2876.24 SUSDT | pos=0 | resting=0 | FILL RATE 0/2 = 0.0% | avg slip +0.00bp
2026-09-12 18:47:32  equity=2876.24 SUSDT | pos=0 | resting=0 | FILL RATE 0/2 = 0.0% | avg slip +0.00bp
2026-09-12 18:48:34  equity=2876.24 SUSDT | pos=0 | resting=0 | FILL RATE 0/2 = 0.0% | avg slip +0.00bp
2026-09-12 18:49:37  equity=2876.24 SUSDT | pos=0 | resting=0 | FILL RATE 0/2 = 0.0% | avg slip +0.00bp
2026-09-12 18:50:39  equity=2876.24 SUSDT | pos=0 | resting=0 | FILL RATE 0/2 = 0.0% | avg slip +0.00bp
2026-09-12 18:51:42  equity=2876.24 SUSDT | pos=0 | resting=0 | FILL RATE 0/2 = 0.0% | avg slip +0.00bp
2026-09-12 18:52:44  equity=2876.24 SUSDT | pos=0 | resting=0 | FILL RATE 0/2 = 0.0% | avg slip +0.00bp
2026-09-12 18:53:46  equity=2876.24 SUSDT | pos=0 | resting=0 | FILL RATE 0/2 = 0.0% | avg slip +0.00bp
2026-09-12 18:53:48  ---- maker standings ----
2026-09-12 18:53:48     signals=68 posted=2 filled=0 unfilled/expired=0 rejected=65
2026-09-12 18:53:48     FILL RATE = 0.0%  (backtest needed >~60% at 0.5xATR to stay positive)
2026-09-12 18:53:48     maker_bb_break_1h        ACTIVE  trades=  0 meanR=+0.000 dd= 0.00% (1h)
2026-09-12 18:53:48     maker_bb_break_15m       ACTIVE  trades=  0 meanR=+0.000 dd= 0.00% (15m)
2026-09-12 18:53:48     maker_rsi_mom_15m        ACTIVE  trades=  0 meanR=+0.000 dd= 0.00% (15m)
2026-09-12 18:54:49  equity=2876.24 SUSDT | pos=0 | resting=0 | FILL RATE 0/2 = 0.0% | avg slip +0.00bp
2026-09-12 18:55:51  equity=2876.24 SUSDT | pos=0 | resting=0 | FILL RATE 0/2 = 0.0% | avg slip +0.00bp
2026-09-12 18:56:54  equity=2876.24 SUSDT | pos=0 | resting=0 | FILL RATE 0/2 = 0.0% | avg slip +0.00bp
2026-09-12 18:57:56  equity=2876.24 SUSDT | pos=0 | resting=0 | FILL RATE 0/2 = 0.0% | avg slip +0.00bp
2026-09-12 18:59:00  equity=2876.24 SUSDT | pos=0 | resting=0 | FILL RATE 0/2 = 0.0% | avg slip +0.00bp
2026-09-12 19:00:04  equity=2876.24 SUSDT | pos=0 | resting=0 | FILL RATE 0/2 = 0.0% | avg slip +0.00bp
2026-09-12 19:00:04  [maker_bb_break_1h] 1h flat; HOLD
2026-09-12 19:00:05  [maker_bb_break_15m] 15m SIGNAL SELL -> POST-ONLY sell 12.832 @2523.95 (mkt 2521.71, 0.5xATR behind) sl=2532.92 tp=2510.5
2026-09-12 19:00:06  [maker_bb_break_15m] ORDER REJECTED (would take): bitget {"code":"40762","msg":"The order amount exceeds the balance","requestTime":1789239606001,"data":null}
2026-09-12 19:00:06  [maker_rsi_mom_15m] 15m SIGNAL SELL -> POST-ONLY sell 23276.0 @1.364 (mkt 1.3627, 0.5xATR behind) sl=1.36888 tp=1.35652
2026-09-12 19:00:07  [maker_rsi_mom_15m] ORDER REJECTED (would take): bitget {"code":"40762","msg":"The order amount exceeds the balance","requestTime":1789239607219,"data":null}
2026-09-12 19:01:08  equity=2876.24 SUSDT | pos=0 | resting=0 | FILL RATE 0/2 = 0.0% | avg slip +0.00bp
2026-09-12 19:02:11  equity=2876.24 SUSDT | pos=0 | resting=0 | FILL RATE 0/2 = 0.0% | avg slip +0.00bp
2026-09-12 19:03:13  equity=2876.24 SUSDT | pos=0 | resting=0 | FILL RATE 0/2 = 0.0% | avg slip +0.00bp
2026-09-12 19:04:16  equity=2876.24 SUSDT | pos=0 | resting=0 | FILL RATE 0/2 = 0.0% | avg slip +0.00bp
2026-09-12 19:05:19  equity=2876.24 SUSDT | pos=0 | resting=0 | FILL RATE 0/2 = 0.0% | avg slip +0.00bp
2026-09-12 19:06:21  equity=2876.24 SUSDT | pos=0 | resting=0 | FILL RATE 0/2 = 0.0% | avg slip +0.00bp
2026-09-12 19:07:24  equity=2876.24 SUSDT | pos=0 | resting=0 | FILL RATE 0/2 = 0.0% | avg slip +0.00bp
2026-09-12 19:08:26  equity=2876.24 SUSDT | pos=0 | resting=0 | FILL RATE 0/2 = 0.0% | avg slip +0.00bp
2026-09-12 19:09:29  equity=2876.24 SUSDT | pos=0 | resting=0 | FILL RATE 0/2 = 0.0% | avg slip +0.00bp
2026-09-12 19:10:31  equity=2876.24 SUSDT | pos=0 | resting=0 | FILL RATE 0/2 = 0.0% | avg slip +0.00bp
2026-09-12 19:11:33  equity=2876.24 SUSDT | pos=0 | resting=0 | FILL RATE 0/2 = 0.0% | avg slip +0.00bp
2026-09-12 19:12:36  equity=2876.24 SUSDT | pos=0 | resting=0 | FILL RATE 0/2 = 0.0% | avg slip +0.00bp
2026-09-12 19:13:38  equity=2876.24 SUSDT | pos=0 | resting=0 | FILL RATE 0/2 = 0.0% | avg slip +0.00bp
2026-09-12 19:14:41  equity=2876.24 SUSDT | pos=0 | resting=0 | FILL RATE 0/2 = 0.0% | avg slip +0.00bp
2026-09-12 19:14:42  ---- maker standings ----
2026-09-12 19:14:42     signals=70 posted=2 filled=0 unfilled/expired=0 rejected=67
2026-09-12 19:14:42     FILL RATE = 0.0%  (backtest needed >~60% at 0.5xATR to stay positive)
2026-09-12 19:14:42     maker_bb_break_1h        ACTIVE  trades=  0 meanR=+0.000 dd= 0.00% (1h)
2026-09-12 19:14:42     maker_bb_break_15m       ACTIVE  trades=  0 meanR=+0.000 dd= 0.00% (15m)
2026-09-12 19:14:42     maker_rsi_mom_15m        ACTIVE  trades=  0 meanR=+0.000 dd= 0.00% (15m)
2026-09-12 19:15:43  equity=2876.24 SUSDT | pos=0 | resting=0 | FILL RATE 0/2 = 0.0% | avg slip +0.00bp
2026-09-12 19:15:44  [maker_bb_break_15m] 15m SIGNAL SELL -> POST-ONLY sell 12.932 @2523.98 (mkt 2521.76, 0.5xATR behind) sl=2532.88 tp=2510.64
2026-09-12 19:15:45  [maker_bb_break_15m] ORDER REJECTED (would take): bitget {"code":"40762","msg":"The order amount exceeds the balance","requestTime":1789240545019,"data":null}
2026-09-12 19:15:45  [maker_rsi_mom_15m] 15m SIGNAL SELL -> POST-ONLY sell 23256.0 @1.365 (mkt 1.364, 0.5xATR behind) sl=1.37018 tp=1.35782
2026-09-12 19:15:46  [maker_rsi_mom_15m] ORDER REJECTED (would take): bitget {"code":"40762","msg":"The order amount exceeds the balance","requestTime":1789240546134,"data":null}
2026-09-12 19:16:47  equity=2876.24 SUSDT | pos=0 | resting=0 | FILL RATE 0/2 = 0.0% | avg slip +0.00bp
2026-09-12 19:17:49  equity=2876.24 SUSDT | pos=0 | resting=0 | FILL RATE 0/2 = 0.0% | avg slip +0.00bp
2026-09-12 19:18:52  equity=2876.24 SUSDT | pos=0 | resting=0 | FILL RATE 0/2 = 0.0% | avg slip +0.00bp
2026-09-12 19:19:54  equity=2876.24 SUSDT | pos=0 | resting=0 | FILL RATE 0/2 = 0.0% | avg slip +0.00bp
2026-09-12 19:20:56  equity=2876.24 SUSDT | pos=0 | resting=0 | FILL RATE 0/2 = 0.0% | avg slip +0.00bp
2026-09-12 19:21:59  equity=2876.24 SUSDT | pos=0 | resting=0 | FILL RATE 0/2 = 0.0% | avg slip +0.00bp
2026-09-12 19:23:01  equity=2876.24 SUSDT | pos=0 | resting=0 | FILL RATE 0/2 = 0.0% | avg slip +0.00bp
2026-09-12 19:24:03  equity=2876.24 SUSDT | pos=0 | resting=0 | FILL RATE 0/2 = 0.0% | avg slip +0.00bp
2026-09-12 19:25:06  equity=2876.24 SUSDT | pos=0 | resting=0 | FILL RATE 0/2 = 0.0% | avg slip +0.00bp
2026-09-12 19:26:08  equity=2876.24 SUSDT | pos=0 | resting=0 | FILL RATE 0/2 = 0.0% | avg slip +0.00bp
2026-09-12 19:27:10  equity=2876.24 SUSDT | pos=0 | resting=0 | FILL RATE 0/2 = 0.0% | avg slip +0.00bp
2026-09-12 19:28:12  equity=2876.24 SUSDT | pos=0 | resting=0 | FILL RATE 0/2 = 0.0% | avg slip +0.00bp
2026-09-12 19:29:13  equity=2876.24 SUSDT | pos=0 | resting=0 | FILL RATE 0/2 = 0.0% | avg slip +0.00bp
2026-09-12 19:30:15  equity=2876.24 SUSDT | pos=0 | resting=0 | FILL RATE 0/2 = 0.0% | avg slip +0.00bp
2026-09-12 19:30:15  [maker_bb_break_15m] 15m SIGNAL SELL -> POST-ONLY sell 13.121 @2521.02 (mkt 2518.83, 0.5xATR behind) sl=2529.79 tp=2507.87
2026-09-12 19:30:16  [maker_bb_break_15m] ORDER REJECTED (would take): bitget {"code":"40762","msg":"The order amount exceeds the balance","requestTime":1789241416144,"data":null}
2026-09-12 19:30:16  [maker_rsi_mom_15m] 15m SIGNAL SELL -> POST-ONLY sell 23579.0 @1.365 (mkt 1.3635, 0.5xATR behind) sl=1.3696 tp=1.3574
2026-09-12 19:30:17  [maker_rsi_mom_15m] ORDER REJECTED (would take): bitget {"code":"40762","msg":"The order amount exceeds the balance","requestTime":1789241416985,"data":null}
2026-09-12 19:31:17  equity=2876.24 SUSDT | pos=0 | resting=0 | FILL RATE 0/2 = 0.0% | avg slip +0.00bp
2026-09-12 19:32:19  equity=2876.24 SUSDT | pos=0 | resting=0 | FILL RATE 0/2 = 0.0% | avg slip +0.00bp
2026-09-12 19:33:20  equity=2876.24 SUSDT | pos=0 | resting=0 | FILL RATE 0/2 = 0.0% | avg slip +0.00bp
2026-09-12 19:34:22  equity=2876.24 SUSDT | pos=0 | resting=0 | FILL RATE 0/2 = 0.0% | avg slip +0.00bp
2026-09-12 19:35:23  equity=2876.24 SUSDT | pos=0 | resting=0 | FILL RATE 0/2 = 0.0% | avg slip +0.00bp
2026-09-12 19:35:24  ---- maker standings ----
2026-09-12 19:35:24     signals=74 posted=2 filled=0 unfilled/expired=0 rejected=71
2026-09-12 19:35:24     FILL RATE = 0.0%  (backtest needed >~60% at 0.5xATR to stay positive)
2026-09-12 19:35:24     maker_bb_break_1h        ACTIVE  trades=  0 meanR=+0.000 dd= 0.00% (1h)
2026-09-12 19:35:24     maker_bb_break_15m       ACTIVE  trades=  0 meanR=+0.000 dd= 0.00% (15m)
2026-09-12 19:35:24     maker_rsi_mom_15m        ACTIVE  trades=  0 meanR=+0.000 dd= 0.00% (15m)
2026-09-12 19:36:25  equity=2876.24 SUSDT | pos=0 | resting=0 | FILL RATE 0/2 = 0.0% | avg slip +0.00bp
2026-09-12 19:37:26  equity=2876.24 SUSDT | pos=0 | resting=0 | FILL RATE 0/2 = 0.0% | avg slip +0.00bp
2026-09-12 19:38:28  equity=2876.24 SUSDT | pos=0 | resting=0 | FILL RATE 0/2 = 0.0% | avg slip +0.00bp
2026-09-12 19:39:29  equity=2876.24 SUSDT | pos=0 | resting=0 | FILL RATE 0/2 = 0.0% | avg slip +0.00bp
2026-09-12 19:40:31  equity=2876.24 SUSDT | pos=0 | resting=0 | FILL RATE 0/2 = 0.0% | avg slip +0.00bp
2026-09-12 19:41:32  equity=2876.24 SUSDT | pos=0 | resting=0 | FILL RATE 0/2 = 0.0% | avg slip +0.00bp
2026-09-12 19:42:34  equity=2876.24 SUSDT | pos=0 | resting=0 | FILL RATE 0/2 = 0.0% | avg slip +0.00bp
2026-09-12 19:43:36  equity=2876.24 SUSDT | pos=0 | resting=0 | FILL RATE 0/2 = 0.0% | avg slip +0.00bp
2026-09-12 19:44:37  equity=2876.24 SUSDT | pos=0 | resting=0 | FILL RATE 0/2 = 0.0% | avg slip +0.00bp
2026-09-12 19:45:38  equity=2876.24 SUSDT | pos=0 | resting=0 | FILL RATE 0/2 = 0.0% | avg slip +0.00bp
2026-09-12 19:45:39  [maker_bb_break_15m] 15m SIGNAL SELL -> POST-ONLY sell 12.833 @2516.67 (mkt 2514.43, 0.5xATR behind) sl=2525.64 tp=2503.22
2026-09-12 19:45:39  [maker_bb_break_15m] ORDER REJECTED (would take): bitget {"code":"40762","msg":"The order amount exceeds the balance","requestTime":1789242339908,"data":null}
2026-09-12 19:45:40  [maker_rsi_mom_15m] 15m SIGNAL SELL -> POST-ONLY sell 23265.0 @1.363 (mkt 1.3615, 0.5xATR behind) sl=1.36768 tp=1.35532
2026-09-12 19:45:40  [maker_rsi_mom_15m] ORDER REJECTED (would take): bitget {"code":"40762","msg":"The order amount exceeds the balance","requestTime":1789242340720,"data":null}
2026-09-12 19:46:41  equity=2876.24 SUSDT | pos=0 | resting=0 | FILL RATE 0/2 = 0.0% | avg slip +0.00bp
2026-09-12 19:47:43  equity=2876.24 SUSDT | pos=0 | resting=0 | FILL RATE 0/2 = 0.0% | avg slip +0.00bp
2026-09-12 19:48:44  equity=2876.24 SUSDT | pos=0 | resting=0 | FILL RATE 0/2 = 0.0% | avg slip +0.00bp
2026-09-12 19:49:46  equity=2876.24 SUSDT | pos=0 | resting=0 | FILL RATE 0/2 = 0.0% | avg slip +0.00bp
2026-09-12 19:50:48  equity=2876.24 SUSDT | pos=0 | resting=0 | FILL RATE 0/2 = 0.0% | avg slip +0.00bp
2026-09-12 19:51:49  equity=2876.24 SUSDT | pos=0 | resting=0 | FILL RATE 0/2 = 0.0% | avg slip +0.00bp
2026-09-12 19:52:51  equity=2876.24 SUSDT | pos=0 | resting=0 | FILL RATE 0/2 = 0.0% | avg slip +0.00bp
2026-09-12 19:53:53  equity=2876.24 SUSDT | pos=0 | resting=0 | FILL RATE 0/2 = 0.0% | avg slip +0.00bp
2026-09-12 19:54:54  equity=2876.24 SUSDT | pos=0 | resting=0 | FILL RATE 0/2 = 0.0% | avg slip +0.00bp
2026-09-12 19:55:56  equity=2876.24 SUSDT | pos=0 | resting=0 | FILL RATE 0/2 = 0.0% | avg slip +0.00bp
2026-09-12 19:55:56  ---- maker standings ----
2026-09-12 19:55:56     signals=76 posted=2 filled=0 unfilled/expired=0 rejected=73
2026-09-12 19:55:56     FILL RATE = 0.0%  (backtest needed >~60% at 0.5xATR to stay positive)
2026-09-12 19:55:56     maker_bb_break_1h        ACTIVE  trades=  0 meanR=+0.000 dd= 0.00% (1h)
2026-09-12 19:55:56     maker_bb_break_15m       ACTIVE  trades=  0 meanR=+0.000 dd= 0.00% (15m)
2026-09-12 19:55:56     maker_rsi_mom_15m        ACTIVE  trades=  0 meanR=+0.000 dd= 0.00% (15m)
2026-09-12 19:56:57  equity=2876.24 SUSDT | pos=0 | resting=0 | FILL RATE 0/2 = 0.0% | avg slip +0.00bp
2026-09-12 19:57:59  equity=2876.24 SUSDT | pos=0 | resting=0 | FILL RATE 0/2 = 0.0% | avg slip +0.00bp
2026-09-12 19:59:00  equity=2876.24 SUSDT | pos=0 | resting=0 | FILL RATE 0/2 = 0.0% | avg slip +0.00bp
2026-09-12 20:00:02  equity=2876.24 SUSDT | pos=0 | resting=0 | FILL RATE 0/2 = 0.0% | avg slip +0.00bp
2026-09-12 20:00:02  [maker_bb_break_1h] 1h flat; HOLD
2026-09-12 20:00:02  [maker_bb_break_15m] 15m SIGNAL SELL -> POST-ONLY sell 12.805 @2520.4 (mkt 2518.15, 0.5xATR behind) sl=2529.38 tp=2506.92
2026-09-12 20:00:03  [maker_bb_break_15m] ORDER REJECTED (would take): bitget {"code":"40762","msg":"The order amount exceeds the balance","requestTime":1789243203153,"data":null}
2026-09-12 20:00:03  [maker_rsi_mom_15m] 15m SIGNAL SELL -> POST-ONLY sell 24081.0 @1.363 (mkt 1.362, 0.5xATR behind) sl=1.36797 tp=1.35603
2026-09-12 20:00:04  [maker_rsi_mom_15m] ORDER REJECTED (would take): bitget {"code":"40762","msg":"The order amount exceeds the balance","requestTime":1789243204013,"data":null}
2026-09-12 20:01:04  equity=2876.24 SUSDT | pos=0 | resting=0 | FILL RATE 0/2 = 0.0% | avg slip +0.00bp
2026-09-12 20:02:06  equity=2876.24 SUSDT | pos=0 | resting=0 | FILL RATE 0/2 = 0.0% | avg slip +0.00bp
2026-09-12 20:03:08  equity=2876.24 SUSDT | pos=0 | resting=0 | FILL RATE 0/2 = 0.0% | avg slip +0.00bp
2026-09-12 20:04:09  equity=2876.24 SUSDT | pos=0 | resting=0 | FILL RATE 0/2 = 0.0% | avg slip +0.00bp
2026-09-12 20:05:11  equity=2876.24 SUSDT | pos=0 | resting=0 | FILL RATE 0/2 = 0.0% | avg slip +0.00bp
2026-09-12 20:06:12  equity=2876.24 SUSDT | pos=0 | resting=0 | FILL RATE 0/2 = 0.0% | avg slip +0.00bp
2026-09-12 20:07:14  equity=2876.24 SUSDT | pos=0 | resting=0 | FILL RATE 0/2 = 0.0% | avg slip +0.00bp
2026-09-12 20:08:15  equity=2876.24 SUSDT | pos=0 | resting=0 | FILL RATE 0/2 = 0.0% | avg slip +0.00bp
2026-09-12 20:09:17  equity=2876.24 SUSDT | pos=0 | resting=0 | FILL RATE 0/2 = 0.0% | avg slip +0.00bp
2026-09-12 20:10:18  equity=2876.24 SUSDT | pos=0 | resting=0 | FILL RATE 0/2 = 0.0% | avg slip +0.00bp
2026-09-12 20:11:20  equity=2876.24 SUSDT | pos=0 | resting=0 | FILL RATE 0/2 = 0.0% | avg slip +0.00bp
2026-09-12 20:12:22  equity=2876.24 SUSDT | pos=0 | resting=0 | FILL RATE 0/2 = 0.0% | avg slip +0.00bp
2026-09-12 20:13:23  equity=2876.24 SUSDT | pos=0 | resting=0 | FILL RATE 0/2 = 0.0% | avg slip +0.00bp
2026-09-12 20:14:25  equity=2876.24 SUSDT | pos=0 | resting=0 | FILL RATE 0/2 = 0.0% | avg slip +0.00bp
2026-09-12 20:15:26  equity=2876.24 SUSDT | pos=0 | resting=0 | FILL RATE 0/2 = 0.0% | avg slip +0.00bp
2026-09-12 20:15:27  [maker_bb_break_15m] 15m SIGNAL SELL -> POST-ONLY sell 13.05 @2523.36 (mkt 2521.16, 0.5xATR behind) sl=2532.18 tp=2510.14
2026-09-12 20:15:27  [maker_bb_break_15m] ORDER REJECTED (would take): bitget {"code":"40762","msg":"The order amount exceeds the balance","requestTime":1789244127568,"data":null}
2026-09-12 20:15:27  [maker_rsi_mom_15m] 15m SIGNAL SELL -> POST-ONLY sell 23306.0 @1.366 (mkt 1.3646, 0.5xATR behind) sl=1.37077 tp=1.35843
2026-09-12 20:15:28  [maker_rsi_mom_15m] ORDER REJECTED (would take): bitget {"code":"40762","msg":"The order amount exceeds the balance","requestTime":1789244128430,"data":null}
2026-09-12 20:16:29  equity=2876.24 SUSDT | pos=0 | resting=0 | FILL RATE 0/2 = 0.0% | avg slip +0.00bp
2026-09-12 20:16:30  ---- maker standings ----
2026-09-12 20:16:30     signals=80 posted=2 filled=0 unfilled/expired=0 rejected=77
2026-09-12 20:16:30     FILL RATE = 0.0%  (backtest needed >~60% at 0.5xATR to stay positive)
2026-09-12 20:16:30     maker_bb_break_1h        ACTIVE  trades=  0 meanR=+0.000 dd= 0.00% (1h)
2026-09-12 20:16:30     maker_bb_break_15m       ACTIVE  trades=  0 meanR=+0.000 dd= 0.00% (15m)
2026-09-12 20:16:30     maker_rsi_mom_15m        ACTIVE  trades=  0 meanR=+0.000 dd= 0.00% (15m)
2026-09-12 20:17:30  equity=2876.24 SUSDT | pos=0 | resting=0 | FILL RATE 0/2 = 0.0% | avg slip +0.00bp
2026-09-12 20:18:32  equity=2876.24 SUSDT | pos=0 | resting=0 | FILL RATE 0/2 = 0.0% | avg slip +0.00bp
2026-09-12 20:19:33  equity=2876.24 SUSDT | pos=0 | resting=0 | FILL RATE 0/2 = 0.0% | avg slip +0.00bp
2026-09-12 20:20:35  equity=2876.24 SUSDT | pos=0 | resting=0 | FILL RATE 0/2 = 0.0% | avg slip +0.00bp
2026-09-12 20:21:36  equity=2876.24 SUSDT | pos=0 | resting=0 | FILL RATE 0/2 = 0.0% | avg slip +0.00bp
2026-09-12 20:22:38  equity=2876.24 SUSDT | pos=0 | resting=0 | FILL RATE 0/2 = 0.0% | avg slip +0.00bp
2026-09-12 20:23:39  equity=2876.24 SUSDT | pos=0 | resting=0 | FILL RATE 0/2 = 0.0% | avg slip +0.00bp
2026-09-12 20:24:41  equity=2876.24 SUSDT | pos=0 | resting=0 | FILL RATE 0/2 = 0.0% | avg slip +0.00bp
2026-09-12 20:25:42  equity=2876.24 SUSDT | pos=0 | resting=0 | FILL RATE 0/2 = 0.0% | avg slip +0.00bp
2026-09-12 20:26:44  equity=2876.24 SUSDT | pos=0 | resting=0 | FILL RATE 0/2 = 0.0% | avg slip +0.00bp
2026-09-12 20:27:46  equity=2876.24 SUSDT | pos=0 | resting=0 | FILL RATE 0/2 = 0.0% | avg slip +0.00bp
2026-09-12 20:28:48  equity=2876.24 SUSDT | pos=0 | resting=0 | FILL RATE 0/2 = 0.0% | avg slip +0.00bp
2026-09-12 20:29:50  equity=2876.24 SUSDT | pos=0 | resting=0 | FILL RATE 0/2 = 0.0% | avg slip +0.00bp
2026-09-12 20:30:52  equity=2876.24 SUSDT | pos=0 | resting=0 | FILL RATE 0/2 = 0.0% | avg slip +0.00bp
2026-09-12 20:30:54  [maker_bb_break_15m] 15m flat; HOLD
2026-09-12 20:30:54  [maker_rsi_mom_15m] 15m flat; HOLD
2026-09-12 20:31:55  equity=2876.24 SUSDT | pos=0 | resting=0 | FILL RATE 0/2 = 0.0% | avg slip +0.00bp
2026-09-12 20:32:58  equity=2876.24 SUSDT | pos=0 | resting=0 | FILL RATE 0/2 = 0.0% | avg slip +0.00bp
2026-09-12 20:34:00  equity=2876.24 SUSDT | pos=0 | resting=0 | FILL RATE 0/2 = 0.0% | avg slip +0.00bp
2026-09-12 20:35:03  equity=2876.24 SUSDT | pos=0 | resting=0 | FILL RATE 0/2 = 0.0% | avg slip +0.00bp
2026-09-12 20:36:05  equity=2876.24 SUSDT | pos=0 | resting=0 | FILL RATE 0/2 = 0.0% | avg slip +0.00bp
2026-09-12 20:37:07  equity=2876.24 SUSDT | pos=0 | resting=0 | FILL RATE 0/2 = 0.0% | avg slip +0.00bp
2026-09-12 20:37:09  ---- maker standings ----
2026-09-12 20:37:09     signals=80 posted=2 filled=0 unfilled/expired=0 rejected=77
2026-09-12 20:37:09     FILL RATE = 0.0%  (backtest needed >~60% at 0.5xATR to stay positive)
2026-09-12 20:37:09     maker_bb_break_1h        ACTIVE  trades=  0 meanR=+0.000 dd= 0.00% (1h)
2026-09-12 20:37:09     maker_bb_break_15m       ACTIVE  trades=  0 meanR=+0.000 dd= 0.00% (15m)
2026-09-12 20:37:09     maker_rsi_mom_15m        ACTIVE  trades=  0 meanR=+0.000 dd= 0.00% (15m)
2026-09-12 20:38:09  equity=2876.24 SUSDT | pos=0 | resting=0 | FILL RATE 0/2 = 0.0% | avg slip +0.00bp
2026-09-12 20:39:12  equity=2876.24 SUSDT | pos=0 | resting=0 | FILL RATE 0/2 = 0.0% | avg slip +0.00bp
2026-09-12 20:40:14  equity=2876.24 SUSDT | pos=0 | resting=0 | FILL RATE 0/2 = 0.0% | avg slip +0.00bp
2026-09-12 20:41:16  equity=2876.24 SUSDT | pos=0 | resting=0 | FILL RATE 0/2 = 0.0% | avg slip +0.00bp
2026-09-12 20:42:18  equity=2876.24 SUSDT | pos=0 | resting=0 | FILL RATE 0/2 = 0.0% | avg slip +0.00bp
2026-09-12 20:43:20  equity=2876.24 SUSDT | pos=0 | resting=0 | FILL RATE 0/2 = 0.0% | avg slip +0.00bp
2026-09-12 20:44:22  equity=2876.24 SUSDT | pos=0 | resting=0 | FILL RATE 0/2 = 0.0% | avg slip +0.00bp
2026-09-12 20:45:25  equity=2876.24 SUSDT | pos=0 | resting=0 | FILL RATE 0/2 = 0.0% | avg slip +0.00bp
2026-09-12 20:45:25  [maker_bb_break_15m] 15m flat; HOLD
2026-09-12 20:45:26  [maker_rsi_mom_15m] 15m flat; HOLD
2026-09-12 20:46:27  equity=2876.24 SUSDT | pos=0 | resting=0 | FILL RATE 0/2 = 0.0% | avg slip +0.00bp
2026-09-12 20:47:29  equity=2876.24 SUSDT | pos=0 | resting=0 | FILL RATE 0/2 = 0.0% | avg slip +0.00bp
2026-09-12 20:48:31  equity=2876.24 SUSDT | pos=0 | resting=0 | FILL RATE 0/2 = 0.0% | avg slip +0.00bp
2026-09-12 20:49:33  equity=2876.24 SUSDT | pos=0 | resting=0 | FILL RATE 0/2 = 0.0% | avg slip +0.00bp
2026-09-12 20:50:35  equity=2876.24 SUSDT | pos=0 | resting=0 | FILL RATE 0/2 = 0.0% | avg slip +0.00bp
2026-09-12 20:51:37  equity=2876.24 SUSDT | pos=0 | resting=0 | FILL RATE 0/2 = 0.0% | avg slip +0.00bp
2026-09-12 20:52:39  equity=2876.24 SUSDT | pos=0 | resting=0 | FILL RATE 0/2 = 0.0% | avg slip +0.00bp
2026-09-12 20:53:41  equity=2876.24 SUSDT | pos=0 | resting=0 | FILL RATE 0/2 = 0.0% | avg slip +0.00bp
2026-09-12 20:54:43  equity=2876.24 SUSDT | pos=0 | resting=0 | FILL RATE 0/2 = 0.0% | avg slip +0.00bp
2026-09-12 20:55:46  equity=2876.24 SUSDT | pos=0 | resting=0 | FILL RATE 0/2 = 0.0% | avg slip +0.00bp
2026-09-12 20:56:48  equity=2876.24 SUSDT | pos=0 | resting=0 | FILL RATE 0/2 = 0.0% | avg slip +0.00bp
2026-09-12 20:57:50  equity=2876.24 SUSDT | pos=0 | resting=0 | FILL RATE 0/2 = 0.0% | avg slip +0.00bp
2026-09-12 20:57:51  ---- maker standings ----
2026-09-12 20:57:51     signals=80 posted=2 filled=0 unfilled/expired=0 rejected=77
2026-09-12 20:57:51     FILL RATE = 0.0%  (backtest needed >~60% at 0.5xATR to stay positive)
2026-09-12 20:57:51     maker_bb_break_1h        ACTIVE  trades=  0 meanR=+0.000 dd= 0.00% (1h)
2026-09-12 20:57:51     maker_bb_break_15m       ACTIVE  trades=  0 meanR=+0.000 dd= 0.00% (15m)
2026-09-12 20:57:51     maker_rsi_mom_15m        ACTIVE  trades=  0 meanR=+0.000 dd= 0.00% (15m)
2026-09-12 20:58:52  equity=2876.24 SUSDT | pos=0 | resting=0 | FILL RATE 0/2 = 0.0% | avg slip +0.00bp
2026-09-12 20:59:54  equity=2876.24 SUSDT | pos=0 | resting=0 | FILL RATE 0/2 = 0.0% | avg slip +0.00bp
2026-09-12 21:00:56  equity=2876.24 SUSDT | pos=0 | resting=0 | FILL RATE 0/2 = 0.0% | avg slip +0.00bp
2026-09-12 21:00:57  [maker_bb_break_1h] 1h flat; HOLD
2026-09-12 21:00:57  [maker_bb_break_15m] 15m flat; HOLD
2026-09-12 21:00:57  [maker_rsi_mom_15m] 15m flat; HOLD
2026-09-12 21:01:58  equity=2876.24 SUSDT | pos=0 | resting=0 | FILL RATE 0/2 = 0.0% | avg slip +0.00bp
2026-09-12 21:03:00  equity=2876.24 SUSDT | pos=0 | resting=0 | FILL RATE 0/2 = 0.0% | avg slip +0.00bp
2026-09-12 21:04:03  equity=2876.24 SUSDT | pos=0 | resting=0 | FILL RATE 0/2 = 0.0% | avg slip +0.00bp
2026-09-12 21:05:05  equity=2876.24 SUSDT | pos=0 | resting=0 | FILL RATE 0/2 = 0.0% | avg slip +0.00bp
2026-09-12 21:06:07  equity=2876.24 SUSDT | pos=0 | resting=0 | FILL RATE 0/2 = 0.0% | avg slip +0.00bp
2026-09-12 21:07:09  equity=2876.24 SUSDT | pos=0 | resting=0 | FILL RATE 0/2 = 0.0% | avg slip +0.00bp
2026-09-12 21:08:11  equity=2876.24 SUSDT | pos=0 | resting=0 | FILL RATE 0/2 = 0.0% | avg slip +0.00bp
2026-09-12 21:09:13  equity=2876.24 SUSDT | pos=0 | resting=0 | FILL RATE 0/2 = 0.0% | avg slip +0.00bp
2026-09-12 21:10:15  equity=2876.24 SUSDT | pos=0 | resting=0 | FILL RATE 0/2 = 0.0% | avg slip +0.00bp
2026-09-12 21:11:17  equity=2876.24 SUSDT | pos=0 | resting=0 | FILL RATE 0/2 = 0.0% | avg slip +0.00bp
2026-09-12 21:12:19  equity=2876.24 SUSDT | pos=0 | resting=0 | FILL RATE 0/2 = 0.0% | avg slip +0.00bp
2026-09-12 21:13:21  equity=2876.24 SUSDT | pos=0 | resting=0 | FILL RATE 0/2 = 0.0% | avg slip +0.00bp
2026-09-12 21:14:23  equity=2876.24 SUSDT | pos=0 | resting=0 | FILL RATE 0/2 = 0.0% | avg slip +0.00bp
2026-09-12 21:15:25  equity=2876.24 SUSDT | pos=0 | resting=0 | FILL RATE 0/2 = 0.0% | avg slip +0.00bp
2026-09-12 21:15:26  [maker_bb_break_15m] 15m flat; HOLD
2026-09-12 21:15:27  [maker_rsi_mom_15m] 15m flat; HOLD
2026-09-12 21:16:28  equity=2876.24 SUSDT | pos=0 | resting=0 | FILL RATE 0/2 = 0.0% | avg slip +0.00bp
2026-09-12 21:17:30  equity=2876.24 SUSDT | pos=0 | resting=0 | FILL RATE 0/2 = 0.0% | avg slip +0.00bp
2026-09-12 21:18:32  equity=2876.24 SUSDT | pos=0 | resting=0 | FILL RATE 0/2 = 0.0% | avg slip +0.00bp
2026-09-12 21:18:33  ---- maker standings ----
2026-09-12 21:18:33     signals=80 posted=2 filled=0 unfilled/expired=0 rejected=77
2026-09-12 21:18:33     FILL RATE = 0.0%  (backtest needed >~60% at 0.5xATR to stay positive)
2026-09-12 21:18:33     maker_bb_break_1h        ACTIVE  trades=  0 meanR=+0.000 dd= 0.00% (1h)
2026-09-12 21:18:33     maker_bb_break_15m       ACTIVE  trades=  0 meanR=+0.000 dd= 0.00% (15m)
2026-09-12 21:18:33     maker_rsi_mom_15m        ACTIVE  trades=  0 meanR=+0.000 dd= 0.00% (15m)
2026-09-12 21:19:34  equity=2876.24 SUSDT | pos=0 | resting=0 | FILL RATE 0/2 = 0.0% | avg slip +0.00bp
2026-09-12 21:20:36  equity=2876.24 SUSDT | pos=0 | resting=0 | FILL RATE 0/2 = 0.0% | avg slip +0.00bp
2026-09-12 21:21:38  equity=2876.24 SUSDT | pos=0 | resting=0 | FILL RATE 0/2 = 0.0% | avg slip +0.00bp
2026-09-12 21:22:40  equity=2876.24 SUSDT | pos=0 | resting=0 | FILL RATE 0/2 = 0.0% | avg slip +0.00bp
2026-09-12 21:23:42  equity=2876.24 SUSDT | pos=0 | resting=0 | FILL RATE 0/2 = 0.0% | avg slip +0.00bp
2026-09-12 21:24:44  equity=2876.24 SUSDT | pos=0 | resting=0 | FILL RATE 0/2 = 0.0% | avg slip +0.00bp
2026-09-12 21:25:47  equity=2876.24 SUSDT | pos=0 | resting=0 | FILL RATE 0/2 = 0.0% | avg slip +0.00bp
2026-09-12 21:26:49  equity=2876.24 SUSDT | pos=0 | resting=0 | FILL RATE 0/2 = 0.0% | avg slip +0.00bp
2026-09-12 21:27:51  equity=2876.24 SUSDT | pos=0 | resting=0 | FILL RATE 0/2 = 0.0% | avg slip +0.00bp
2026-09-12 21:28:53  equity=2876.24 SUSDT | pos=0 | resting=0 | FILL RATE 0/2 = 0.0% | avg slip +0.00bp
2026-09-12 21:29:55  equity=2876.24 SUSDT | pos=0 | resting=0 | FILL RATE 0/2 = 0.0% | avg slip +0.00bp
2026-09-12 21:30:57  equity=2876.24 SUSDT | pos=0 | resting=0 | FILL RATE 0/2 = 0.0% | avg slip +0.00bp
2026-09-12 21:30:58  [maker_bb_break_15m] 15m flat; HOLD
2026-09-12 21:30:58  [maker_rsi_mom_15m] 15m flat; HOLD
2026-09-12 21:31:59  equity=2876.24 SUSDT | pos=0 | resting=0 | FILL RATE 0/2 = 0.0% | avg slip +0.00bp
2026-09-12 21:33:02  equity=2876.24 SUSDT | pos=0 | resting=0 | FILL RATE 0/2 = 0.0% | avg slip +0.00bp
2026-09-12 21:34:04  equity=2876.24 SUSDT | pos=0 | resting=0 | FILL RATE 0/2 = 0.0% | avg slip +0.00bp
2026-09-12 21:35:06  equity=2876.24 SUSDT | pos=0 | resting=0 | FILL RATE 0/2 = 0.0% | avg slip +0.00bp
2026-09-12 21:36:08  equity=2876.24 SUSDT | pos=0 | resting=0 | FILL RATE 0/2 = 0.0% | avg slip +0.00bp
2026-09-12 21:37:10  equity=2876.24 SUSDT | pos=0 | resting=0 | FILL RATE 0/2 = 0.0% | avg slip +0.00bp
2026-09-12 21:38:12  equity=2876.24 SUSDT | pos=0 | resting=0 | FILL RATE 0/2 = 0.0% | avg slip +0.00bp
2026-09-12 21:39:14  equity=2876.24 SUSDT | pos=0 | resting=0 | FILL RATE 0/2 = 0.0% | avg slip +0.00bp
2026-09-12 21:39:15  ---- maker standings ----
2026-09-12 21:39:15     signals=80 posted=2 filled=0 unfilled/expired=0 rejected=77
2026-09-12 21:39:15     FILL RATE = 0.0%  (backtest needed >~60% at 0.5xATR to stay positive)
2026-09-12 21:39:15     maker_bb_break_1h        ACTIVE  trades=  0 meanR=+0.000 dd= 0.00% (1h)
2026-09-12 21:39:15     maker_bb_break_15m       ACTIVE  trades=  0 meanR=+0.000 dd= 0.00% (15m)
2026-09-12 21:39:15     maker_rsi_mom_15m        ACTIVE  trades=  0 meanR=+0.000 dd= 0.00% (15m)
2026-09-12 21:40:16  equity=2876.24 SUSDT | pos=0 | resting=0 | FILL RATE 0/2 = 0.0% | avg slip +0.00bp
2026-09-12 21:41:18  equity=2876.24 SUSDT | pos=0 | resting=0 | FILL RATE 0/2 = 0.0% | avg slip +0.00bp
2026-09-12 21:42:20  equity=2876.24 SUSDT | pos=0 | resting=0 | FILL RATE 0/2 = 0.0% | avg slip +0.00bp
2026-09-12 21:43:22  equity=2876.24 SUSDT | pos=0 | resting=0 | FILL RATE 0/2 = 0.0% | avg slip +0.00bp
2026-09-12 21:44:24  equity=2876.24 SUSDT | pos=0 | resting=0 | FILL RATE 0/2 = 0.0% | avg slip +0.00bp
