2026-09-12 00:20:44  MODE=paper (simulated fills, no keys, no orders)
2026-09-12 00:20:46  multi-strategy forward test | 9 strategies x 6 symbols
2026-09-12 00:20:46  [BREAKER] rsi_mom_nocap_r10: CIRCUIT BREAKER: 12 consecutive losses >= 12
2026-09-12 00:20:46  [BREAKER] rsi_mom_nocap_r10: LATCHED OFF - manual reset required (net -11.1% of account over 13 trades)
2026-09-12 00:49:07  ---- standings ----
2026-09-12 00:49:07     CONTROL_bb_rev_r10     ACTIVE   equity=  1080.05 ( +8.01%) trades=   7 open=2 meanR=+1.119 dd=  1.0% streak=0
2026-09-12 00:49:07     rsi_mom_er30_r05       ACTIVE   equity=   960.93 ( -3.91%) trades=  10 open=0 meanR=-0.791 dd=  4.7% streak=9
2026-09-12 00:49:07     donchian_trend_r10     ACTIVE   equity=   938.16 ( -6.18%) trades=   6 open=0 meanR=-1.047 dd=  6.3% streak=6
2026-09-12 00:49:07     rsi_mom_nofilt_r10     ACTIVE   equity=   928.50 ( -7.15%) trades=   7 open=3 meanR=-1.045 dd=  7.3% streak=7
2026-09-12 00:49:07     rsi_mom_er30_r10       ACTIVE   equity=   922.79 ( -7.72%) trades=  10 open=0 meanR=-0.791 dd=  9.4% streak=9
2026-09-12 00:49:07     roc_mom_er30_r10       ACTIVE   equity=   922.79 ( -7.72%) trades=  10 open=0 meanR=-0.791 dd=  9.4% streak=9
2026-09-12 00:49:07     bb_break_er30_r10      ACTIVE   equity=   909.08 ( -9.09%) trades=   9 open=0 meanR=-1.042 dd=  9.4% streak=9
2026-09-12 00:49:07     rsi_mom_nocap_r10      TRIPPED  equity=   892.99 (-10.70%) trades=  13 open=0 meanR=-0.852 dd= 12.6% streak=12
2026-09-12 00:49:07     rsi_mom_er30_r20       ACTIVE   equity=   849.23 (-15.08%) trades=  10 open=0 meanR=-0.791 dd= 18.8% streak=9
2026-09-12 01:19:29  ---- standings ----
2026-09-12 01:19:29     CONTROL_bb_rev_r10     ACTIVE   equity=  1080.05 ( +8.01%) trades=   7 open=2 meanR=+1.119 dd=  1.0% streak=0
2026-09-12 01:19:29     rsi_mom_er30_r05       ACTIVE   equity=   960.93 ( -3.91%) trades=  10 open=0 meanR=-0.791 dd=  4.7% streak=9
2026-09-12 01:19:29     donchian_trend_r10     ACTIVE   equity=   938.16 ( -6.18%) trades=   6 open=0 meanR=-1.047 dd=  6.3% streak=6
2026-09-12 01:19:29     rsi_mom_nofilt_r10     ACTIVE   equity=   928.50 ( -7.15%) trades=   7 open=3 meanR=-1.045 dd=  7.3% streak=7
2026-09-12 01:19:29     rsi_mom_er30_r10       ACTIVE   equity=   922.79 ( -7.72%) trades=  10 open=0 meanR=-0.791 dd=  9.4% streak=9
2026-09-12 01:19:29     roc_mom_er30_r10       ACTIVE   equity=   922.79 ( -7.72%) trades=  10 open=0 meanR=-0.791 dd=  9.4% streak=9
2026-09-12 01:19:29     bb_break_er30_r10      ACTIVE   equity=   909.08 ( -9.09%) trades=   9 open=0 meanR=-1.042 dd=  9.4% streak=9
2026-09-12 01:19:29     rsi_mom_nocap_r10      TRIPPED  equity=   892.99 (-10.70%) trades=  13 open=0 meanR=-0.852 dd= 12.6% streak=12
2026-09-12 01:19:29     rsi_mom_er30_r20       ACTIVE   equity=   849.23 (-15.08%) trades=  10 open=0 meanR=-0.791 dd= 18.8% streak=9
2026-09-12 01:49:50  ---- standings ----
2026-09-12 01:49:50     CONTROL_bb_rev_r10     ACTIVE   equity=  1080.05 ( +8.01%) trades=   7 open=2 meanR=+1.119 dd=  1.0% streak=0
2026-09-12 01:49:50     rsi_mom_er30_r05       ACTIVE   equity=   960.93 ( -3.91%) trades=  10 open=0 meanR=-0.791 dd=  4.7% streak=9
2026-09-12 01:49:50     donchian_trend_r10     ACTIVE   equity=   938.16 ( -6.18%) trades=   6 open=0 meanR=-1.047 dd=  6.3% streak=6
2026-09-12 01:49:50     rsi_mom_nofilt_r10     ACTIVE   equity=   928.50 ( -7.15%) trades=   7 open=3 meanR=-1.045 dd=  7.3% streak=7
2026-09-12 01:49:50     rsi_mom_er30_r10       ACTIVE   equity=   922.79 ( -7.72%) trades=  10 open=0 meanR=-0.791 dd=  9.4% streak=9
2026-09-12 01:49:50     roc_mom_er30_r10       ACTIVE   equity=   922.79 ( -7.72%) trades=  10 open=0 meanR=-0.791 dd=  9.4% streak=9
2026-09-12 01:49:50     bb_break_er30_r10      ACTIVE   equity=   909.08 ( -9.09%) trades=   9 open=0 meanR=-1.042 dd=  9.4% streak=9
2026-09-12 01:49:50     rsi_mom_nocap_r10      TRIPPED  equity=   892.99 (-10.70%) trades=  13 open=0 meanR=-0.852 dd= 12.6% streak=12
2026-09-12 01:49:50     rsi_mom_er30_r20       ACTIVE   equity=   849.23 (-15.08%) trades=  10 open=0 meanR=-0.791 dd= 18.8% streak=9
2026-09-12 02:20:12  ---- standings ----
2026-09-12 02:20:12     CONTROL_bb_rev_r10     ACTIVE   equity=  1080.05 ( +8.01%) trades=   7 open=2 meanR=+1.119 dd=  1.0% streak=0
2026-09-12 02:20:12     rsi_mom_er30_r05       ACTIVE   equity=   960.93 ( -3.91%) trades=  10 open=0 meanR=-0.791 dd=  4.7% streak=9
2026-09-12 02:20:12     donchian_trend_r10     ACTIVE   equity=   938.16 ( -6.18%) trades=   6 open=0 meanR=-1.047 dd=  6.3% streak=6
2026-09-12 02:20:12     rsi_mom_nofilt_r10     ACTIVE   equity=   928.50 ( -7.15%) trades=   7 open=3 meanR=-1.045 dd=  7.3% streak=7
2026-09-12 02:20:12     rsi_mom_er30_r10       ACTIVE   equity=   922.79 ( -7.72%) trades=  10 open=0 meanR=-0.791 dd=  9.4% streak=9
2026-09-12 02:20:12     roc_mom_er30_r10       ACTIVE   equity=   922.79 ( -7.72%) trades=  10 open=0 meanR=-0.791 dd=  9.4% streak=9
2026-09-12 02:20:12     bb_break_er30_r10      ACTIVE   equity=   909.08 ( -9.09%) trades=   9 open=0 meanR=-1.042 dd=  9.4% streak=9
2026-09-12 02:20:12     rsi_mom_nocap_r10      TRIPPED  equity=   892.99 (-10.70%) trades=  13 open=0 meanR=-0.852 dd= 12.6% streak=12
2026-09-12 02:20:12     rsi_mom_er30_r20       ACTIVE   equity=   849.23 (-15.08%) trades=  10 open=0 meanR=-0.791 dd= 18.8% streak=9
2026-09-12 02:50:34  ---- standings ----
2026-09-12 02:50:34     CONTROL_bb_rev_r10     ACTIVE   equity=  1080.05 ( +8.01%) trades=   7 open=2 meanR=+1.119 dd=  1.0% streak=0
2026-09-12 02:50:34     rsi_mom_er30_r05       ACTIVE   equity=   960.93 ( -3.91%) trades=  10 open=0 meanR=-0.791 dd=  4.7% streak=9
2026-09-12 02:50:34     donchian_trend_r10     ACTIVE   equity=   938.16 ( -6.18%) trades=   6 open=0 meanR=-1.047 dd=  6.3% streak=6
2026-09-12 02:50:34     rsi_mom_nofilt_r10     ACTIVE   equity=   928.50 ( -7.15%) trades=   7 open=3 meanR=-1.045 dd=  7.3% streak=7
2026-09-12 02:50:34     rsi_mom_er30_r10       ACTIVE   equity=   922.79 ( -7.72%) trades=  10 open=0 meanR=-0.791 dd=  9.4% streak=9
2026-09-12 02:50:34     roc_mom_er30_r10       ACTIVE   equity=   922.79 ( -7.72%) trades=  10 open=0 meanR=-0.791 dd=  9.4% streak=9
2026-09-12 02:50:34     bb_break_er30_r10      ACTIVE   equity=   909.08 ( -9.09%) trades=   9 open=0 meanR=-1.042 dd=  9.4% streak=9
2026-09-12 02:50:34     rsi_mom_nocap_r10      TRIPPED  equity=   892.99 (-10.70%) trades=  13 open=0 meanR=-0.852 dd= 12.6% streak=12
2026-09-12 02:50:34     rsi_mom_er30_r20       ACTIVE   equity=   849.23 (-15.08%) trades=  10 open=0 meanR=-0.791 dd= 18.8% streak=9
2026-09-12 03:20:56  ---- standings ----
2026-09-12 03:20:56     CONTROL_bb_rev_r10     ACTIVE   equity=  1080.05 ( +8.01%) trades=   7 open=2 meanR=+1.119 dd=  1.0% streak=0
2026-09-12 03:20:56     rsi_mom_er30_r05       ACTIVE   equity=   960.93 ( -3.91%) trades=  10 open=0 meanR=-0.791 dd=  4.7% streak=9
2026-09-12 03:20:56     donchian_trend_r10     ACTIVE   equity=   938.16 ( -6.18%) trades=   6 open=0 meanR=-1.047 dd=  6.3% streak=6
2026-09-12 03:20:56     rsi_mom_nofilt_r10     ACTIVE   equity=   928.50 ( -7.15%) trades=   7 open=3 meanR=-1.045 dd=  7.3% streak=7
2026-09-12 03:20:56     rsi_mom_er30_r10       ACTIVE   equity=   922.79 ( -7.72%) trades=  10 open=0 meanR=-0.791 dd=  9.4% streak=9
2026-09-12 03:20:56     roc_mom_er30_r10       ACTIVE   equity=   922.79 ( -7.72%) trades=  10 open=0 meanR=-0.791 dd=  9.4% streak=9
2026-09-12 03:20:56     bb_break_er30_r10      ACTIVE   equity=   909.08 ( -9.09%) trades=   9 open=0 meanR=-1.042 dd=  9.4% streak=9
2026-09-12 03:20:56     rsi_mom_nocap_r10      TRIPPED  equity=   892.99 (-10.70%) trades=  13 open=0 meanR=-0.852 dd= 12.6% streak=12
2026-09-12 03:20:56     rsi_mom_er30_r20       ACTIVE   equity=   849.23 (-15.08%) trades=  10 open=0 meanR=-0.791 dd= 18.8% streak=9
2026-09-12 03:51:18  ---- standings ----
2026-09-12 03:51:18     CONTROL_bb_rev_r10     ACTIVE   equity=  1080.05 ( +8.01%) trades=   7 open=2 meanR=+1.119 dd=  1.0% streak=0
2026-09-12 03:51:18     rsi_mom_er30_r05       ACTIVE   equity=   960.93 ( -3.91%) trades=  10 open=0 meanR=-0.791 dd=  4.7% streak=9
2026-09-12 03:51:18     donchian_trend_r10     ACTIVE   equity=   938.16 ( -6.18%) trades=   6 open=0 meanR=-1.047 dd=  6.3% streak=6
2026-09-12 03:51:18     rsi_mom_nofilt_r10     ACTIVE   equity=   928.50 ( -7.15%) trades=   7 open=3 meanR=-1.045 dd=  7.3% streak=7
2026-09-12 03:51:18     rsi_mom_er30_r10       ACTIVE   equity=   922.79 ( -7.72%) trades=  10 open=0 meanR=-0.791 dd=  9.4% streak=9
2026-09-12 03:51:18     roc_mom_er30_r10       ACTIVE   equity=   922.79 ( -7.72%) trades=  10 open=0 meanR=-0.791 dd=  9.4% streak=9
2026-09-12 03:51:18     bb_break_er30_r10      ACTIVE   equity=   909.08 ( -9.09%) trades=   9 open=0 meanR=-1.042 dd=  9.4% streak=9
2026-09-12 03:51:18     rsi_mom_nocap_r10      TRIPPED  equity=   892.99 (-10.70%) trades=  13 open=0 meanR=-0.852 dd= 12.6% streak=12
2026-09-12 03:51:18     rsi_mom_er30_r20       ACTIVE   equity=   849.23 (-15.08%) trades=  10 open=0 meanR=-0.791 dd= 18.8% streak=9
2026-09-12 04:09:30  [BTC/USDT:USDT] fetch error: bitget GET https://api.bitget.com/api/v2/mix/market/candles?symbol=BTCUSDT&granularity=1H&limit=300&productType=USDT-FUTURES
2026-09-12 04:21:41  ---- standings ----
2026-09-12 04:21:41     CONTROL_bb_rev_r10     ACTIVE   equity=  1080.05 ( +8.01%) trades=   7 open=2 meanR=+1.119 dd=  1.0% streak=0
2026-09-12 04:21:41     rsi_mom_er30_r05       ACTIVE   equity=   960.93 ( -3.91%) trades=  10 open=0 meanR=-0.791 dd=  4.7% streak=9
2026-09-12 04:21:41     donchian_trend_r10     ACTIVE   equity=   938.16 ( -6.18%) trades=   6 open=0 meanR=-1.047 dd=  6.3% streak=6
2026-09-12 04:21:41     rsi_mom_nofilt_r10     ACTIVE   equity=   928.50 ( -7.15%) trades=   7 open=3 meanR=-1.045 dd=  7.3% streak=7
2026-09-12 04:21:41     rsi_mom_er30_r10       ACTIVE   equity=   922.79 ( -7.72%) trades=  10 open=0 meanR=-0.791 dd=  9.4% streak=9
2026-09-12 04:21:41     roc_mom_er30_r10       ACTIVE   equity=   922.79 ( -7.72%) trades=  10 open=0 meanR=-0.791 dd=  9.4% streak=9
2026-09-12 04:21:41     bb_break_er30_r10      ACTIVE   equity=   909.08 ( -9.09%) trades=   9 open=0 meanR=-1.042 dd=  9.4% streak=9
2026-09-12 04:21:42     rsi_mom_nocap_r10      TRIPPED  equity=   892.99 (-10.70%) trades=  13 open=0 meanR=-0.852 dd= 12.6% streak=12
2026-09-12 04:21:42     rsi_mom_er30_r20       ACTIVE   equity=   849.23 (-15.08%) trades=  10 open=0 meanR=-0.791 dd= 18.8% streak=9
2026-09-12 04:52:05  ---- standings ----
2026-09-12 04:52:05     CONTROL_bb_rev_r10     ACTIVE   equity=  1080.05 ( +8.01%) trades=   7 open=2 meanR=+1.119 dd=  1.0% streak=0
2026-09-12 04:52:05     rsi_mom_er30_r05       ACTIVE   equity=   960.93 ( -3.91%) trades=  10 open=0 meanR=-0.791 dd=  4.7% streak=9
2026-09-12 04:52:05     donchian_trend_r10     ACTIVE   equity=   938.16 ( -6.18%) trades=   6 open=0 meanR=-1.047 dd=  6.3% streak=6
2026-09-12 04:52:05     rsi_mom_nofilt_r10     ACTIVE   equity=   928.50 ( -7.15%) trades=   7 open=3 meanR=-1.045 dd=  7.3% streak=7
2026-09-12 04:52:05     rsi_mom_er30_r10       ACTIVE   equity=   922.79 ( -7.72%) trades=  10 open=0 meanR=-0.791 dd=  9.4% streak=9
2026-09-12 04:52:05     roc_mom_er30_r10       ACTIVE   equity=   922.79 ( -7.72%) trades=  10 open=0 meanR=-0.791 dd=  9.4% streak=9
2026-09-12 04:52:05     bb_break_er30_r10      ACTIVE   equity=   909.08 ( -9.09%) trades=   9 open=0 meanR=-1.042 dd=  9.4% streak=9
2026-09-12 04:52:05     rsi_mom_nocap_r10      TRIPPED  equity=   892.99 (-10.70%) trades=  13 open=0 meanR=-0.852 dd= 12.6% streak=12
2026-09-12 04:52:05     rsi_mom_er30_r20       ACTIVE   equity=   849.23 (-15.08%) trades=  10 open=0 meanR=-0.791 dd= 18.8% streak=9
2026-09-12 05:22:29  ---- standings ----
2026-09-12 05:22:29     CONTROL_bb_rev_r10     ACTIVE   equity=  1080.05 ( +8.01%) trades=   7 open=2 meanR=+1.119 dd=  1.0% streak=0
2026-09-12 05:22:29     rsi_mom_er30_r05       ACTIVE   equity=   960.93 ( -3.91%) trades=  10 open=0 meanR=-0.791 dd=  4.7% streak=9
2026-09-12 05:22:29     donchian_trend_r10     ACTIVE   equity=   938.16 ( -6.18%) trades=   6 open=0 meanR=-1.047 dd=  6.3% streak=6
2026-09-12 05:22:29     rsi_mom_nofilt_r10     ACTIVE   equity=   928.50 ( -7.15%) trades=   7 open=3 meanR=-1.045 dd=  7.3% streak=7
2026-09-12 05:22:29     rsi_mom_er30_r10       ACTIVE   equity=   922.79 ( -7.72%) trades=  10 open=0 meanR=-0.791 dd=  9.4% streak=9
2026-09-12 05:22:29     roc_mom_er30_r10       ACTIVE   equity=   922.79 ( -7.72%) trades=  10 open=0 meanR=-0.791 dd=  9.4% streak=9
2026-09-12 05:22:29     bb_break_er30_r10      ACTIVE   equity=   909.08 ( -9.09%) trades=   9 open=0 meanR=-1.042 dd=  9.4% streak=9
2026-09-12 05:22:29     rsi_mom_nocap_r10      TRIPPED  equity=   892.99 (-10.70%) trades=  13 open=0 meanR=-0.852 dd= 12.6% streak=12
2026-09-12 05:22:30     rsi_mom_er30_r20       ACTIVE   equity=   849.23 (-15.08%) trades=  10 open=0 meanR=-0.791 dd= 18.8% streak=9
2026-09-12 05:52:53  ---- standings ----
2026-09-12 05:52:53     CONTROL_bb_rev_r10     ACTIVE   equity=  1080.05 ( +8.01%) trades=   7 open=2 meanR=+1.119 dd=  1.0% streak=0
2026-09-12 05:52:53     rsi_mom_er30_r05       ACTIVE   equity=   960.93 ( -3.91%) trades=  10 open=0 meanR=-0.791 dd=  4.7% streak=9
2026-09-12 05:52:53     donchian_trend_r10     ACTIVE   equity=   938.16 ( -6.18%) trades=   6 open=0 meanR=-1.047 dd=  6.3% streak=6
2026-09-12 05:52:53     rsi_mom_nofilt_r10     ACTIVE   equity=   928.50 ( -7.15%) trades=   7 open=3 meanR=-1.045 dd=  7.3% streak=7
2026-09-12 05:52:53     rsi_mom_er30_r10       ACTIVE   equity=   922.79 ( -7.72%) trades=  10 open=0 meanR=-0.791 dd=  9.4% streak=9
2026-09-12 05:52:53     roc_mom_er30_r10       ACTIVE   equity=   922.79 ( -7.72%) trades=  10 open=0 meanR=-0.791 dd=  9.4% streak=9
2026-09-12 05:52:53     bb_break_er30_r10      ACTIVE   equity=   909.08 ( -9.09%) trades=   9 open=0 meanR=-1.042 dd=  9.4% streak=9
2026-09-12 05:52:53     rsi_mom_nocap_r10      TRIPPED  equity=   892.99 (-10.70%) trades=  13 open=0 meanR=-0.852 dd= 12.6% streak=12
2026-09-12 05:52:53     rsi_mom_er30_r20       ACTIVE   equity=   849.23 (-15.08%) trades=  10 open=0 meanR=-0.791 dd= 18.8% streak=9
2026-09-12 06:00:59  [rsi_mom_er30_r05] ENTRY LONG BNB/USDT:USDT @733.1000
2026-09-12 06:00:59  [rsi_mom_er30_r10] ENTRY LONG BNB/USDT:USDT @733.1000
2026-09-12 06:00:59  [rsi_mom_er30_r20] ENTRY LONG BNB/USDT:USDT @733.1000
2026-09-12 06:00:59  [roc_mom_er30_r10] ENTRY LONG BNB/USDT:USDT @733.1000
2026-09-12 06:00:59  [bb_break_er30_r10] ENTRY LONG BNB/USDT:USDT @733.1000
2026-09-12 06:23:17  ---- standings ----
2026-09-12 06:23:17     CONTROL_bb_rev_r10     ACTIVE   equity=  1080.05 ( +8.01%) trades=   7 open=2 meanR=+1.119 dd=  1.0% streak=0
2026-09-12 06:23:17     rsi_mom_er30_r05       ACTIVE   equity=   960.93 ( -3.91%) trades=  10 open=1 meanR=-0.791 dd=  4.7% streak=9
2026-09-12 06:23:17     donchian_trend_r10     ACTIVE   equity=   938.16 ( -6.18%) trades=   6 open=0 meanR=-1.047 dd=  6.3% streak=6
2026-09-12 06:23:17     rsi_mom_nofilt_r10     ACTIVE   equity=   928.50 ( -7.15%) trades=   7 open=3 meanR=-1.045 dd=  7.3% streak=7
2026-09-12 06:23:17     rsi_mom_er30_r10       ACTIVE   equity=   922.79 ( -7.72%) trades=  10 open=1 meanR=-0.791 dd=  9.4% streak=9
2026-09-12 06:23:17     roc_mom_er30_r10       ACTIVE   equity=   922.79 ( -7.72%) trades=  10 open=1 meanR=-0.791 dd=  9.4% streak=9
2026-09-12 06:23:17     bb_break_er30_r10      ACTIVE   equity=   909.08 ( -9.09%) trades=   9 open=1 meanR=-1.042 dd=  9.4% streak=9
2026-09-12 06:23:17     rsi_mom_nocap_r10      TRIPPED  equity=   892.99 (-10.70%) trades=  13 open=0 meanR=-0.852 dd= 12.6% streak=12
2026-09-12 06:23:17     rsi_mom_er30_r20       ACTIVE   equity=   849.23 (-15.08%) trades=  10 open=1 meanR=-0.791 dd= 18.8% streak=9
2026-09-12 06:53:41  ---- standings ----
2026-09-12 06:53:41     CONTROL_bb_rev_r10     ACTIVE   equity=  1080.05 ( +8.01%) trades=   7 open=2 meanR=+1.119 dd=  1.0% streak=0
2026-09-12 06:53:41     rsi_mom_er30_r05       ACTIVE   equity=   960.93 ( -3.91%) trades=  10 open=1 meanR=-0.791 dd=  4.7% streak=9
2026-09-12 06:53:41     donchian_trend_r10     ACTIVE   equity=   938.16 ( -6.18%) trades=   6 open=0 meanR=-1.047 dd=  6.3% streak=6
2026-09-12 06:53:41     rsi_mom_nofilt_r10     ACTIVE   equity=   928.50 ( -7.15%) trades=   7 open=3 meanR=-1.045 dd=  7.3% streak=7
2026-09-12 06:53:41     rsi_mom_er30_r10       ACTIVE   equity=   922.79 ( -7.72%) trades=  10 open=1 meanR=-0.791 dd=  9.4% streak=9
2026-09-12 06:53:41     roc_mom_er30_r10       ACTIVE   equity=   922.79 ( -7.72%) trades=  10 open=1 meanR=-0.791 dd=  9.4% streak=9
2026-09-12 06:53:41     bb_break_er30_r10      ACTIVE   equity=   909.08 ( -9.09%) trades=   9 open=1 meanR=-1.042 dd=  9.4% streak=9
2026-09-12 06:53:41     rsi_mom_nocap_r10      TRIPPED  equity=   892.99 (-10.70%) trades=  13 open=0 meanR=-0.852 dd= 12.6% streak=12
2026-09-12 06:53:41     rsi_mom_er30_r20       ACTIVE   equity=   849.23 (-15.08%) trades=  10 open=1 meanR=-0.791 dd= 18.8% streak=9
2026-09-12 07:24:06  ---- standings ----
2026-09-12 07:24:06     CONTROL_bb_rev_r10     ACTIVE   equity=  1080.05 ( +8.01%) trades=   7 open=2 meanR=+1.119 dd=  1.0% streak=0
2026-09-12 07:24:06     rsi_mom_er30_r05       ACTIVE   equity=   960.93 ( -3.91%) trades=  10 open=1 meanR=-0.791 dd=  4.7% streak=9
2026-09-12 07:24:06     donchian_trend_r10     ACTIVE   equity=   938.16 ( -6.18%) trades=   6 open=0 meanR=-1.047 dd=  6.3% streak=6
2026-09-12 07:24:06     rsi_mom_nofilt_r10     ACTIVE   equity=   928.50 ( -7.15%) trades=   7 open=3 meanR=-1.045 dd=  7.3% streak=7
2026-09-12 07:24:06     rsi_mom_er30_r10       ACTIVE   equity=   922.79 ( -7.72%) trades=  10 open=1 meanR=-0.791 dd=  9.4% streak=9
2026-09-12 07:24:06     roc_mom_er30_r10       ACTIVE   equity=   922.79 ( -7.72%) trades=  10 open=1 meanR=-0.791 dd=  9.4% streak=9
2026-09-12 07:24:06     bb_break_er30_r10      ACTIVE   equity=   909.08 ( -9.09%) trades=   9 open=1 meanR=-1.042 dd=  9.4% streak=9
2026-09-12 07:24:06     rsi_mom_nocap_r10      TRIPPED  equity=   892.99 (-10.70%) trades=  13 open=0 meanR=-0.852 dd= 12.6% streak=12
2026-09-12 07:24:06     rsi_mom_er30_r20       ACTIVE   equity=   849.23 (-15.08%) trades=  10 open=1 meanR=-0.791 dd= 18.8% streak=9
2026-09-12 07:54:30  ---- standings ----
2026-09-12 07:54:30     CONTROL_bb_rev_r10     ACTIVE   equity=  1080.05 ( +8.01%) trades=   7 open=2 meanR=+1.119 dd=  1.0% streak=0
2026-09-12 07:54:30     rsi_mom_er30_r05       ACTIVE   equity=   960.93 ( -3.91%) trades=  10 open=1 meanR=-0.791 dd=  4.7% streak=9
2026-09-12 07:54:30     donchian_trend_r10     ACTIVE   equity=   938.16 ( -6.18%) trades=   6 open=0 meanR=-1.047 dd=  6.3% streak=6
2026-09-12 07:54:30     rsi_mom_nofilt_r10     ACTIVE   equity=   928.50 ( -7.15%) trades=   7 open=3 meanR=-1.045 dd=  7.3% streak=7
2026-09-12 07:54:30     rsi_mom_er30_r10       ACTIVE   equity=   922.79 ( -7.72%) trades=  10 open=1 meanR=-0.791 dd=  9.4% streak=9
2026-09-12 07:54:30     roc_mom_er30_r10       ACTIVE   equity=   922.79 ( -7.72%) trades=  10 open=1 meanR=-0.791 dd=  9.4% streak=9
2026-09-12 07:54:30     bb_break_er30_r10      ACTIVE   equity=   909.08 ( -9.09%) trades=   9 open=1 meanR=-1.042 dd=  9.4% streak=9
2026-09-12 07:54:30     rsi_mom_nocap_r10      TRIPPED  equity=   892.99 (-10.70%) trades=  13 open=0 meanR=-0.852 dd= 12.6% streak=12
2026-09-12 07:54:30     rsi_mom_er30_r20       ACTIVE   equity=   849.23 (-15.08%) trades=  10 open=1 meanR=-0.791 dd= 18.8% streak=9
2026-09-12 08:24:54  ---- standings ----
2026-09-12 08:24:54     CONTROL_bb_rev_r10     ACTIVE   equity=  1080.05 ( +8.01%) trades=   7 open=2 meanR=+1.119 dd=  1.0% streak=0
2026-09-12 08:24:54     rsi_mom_er30_r05       ACTIVE   equity=   960.93 ( -3.91%) trades=  10 open=1 meanR=-0.791 dd=  4.7% streak=9
2026-09-12 08:24:54     donchian_trend_r10     ACTIVE   equity=   938.16 ( -6.18%) trades=   6 open=0 meanR=-1.047 dd=  6.3% streak=6
2026-09-12 08:24:54     rsi_mom_nofilt_r10     ACTIVE   equity=   928.50 ( -7.15%) trades=   7 open=3 meanR=-1.045 dd=  7.3% streak=7
2026-09-12 08:24:54     rsi_mom_er30_r10       ACTIVE   equity=   922.79 ( -7.72%) trades=  10 open=1 meanR=-0.791 dd=  9.4% streak=9
2026-09-12 08:24:54     roc_mom_er30_r10       ACTIVE   equity=   922.79 ( -7.72%) trades=  10 open=1 meanR=-0.791 dd=  9.4% streak=9
2026-09-12 08:24:54     bb_break_er30_r10      ACTIVE   equity=   909.08 ( -9.09%) trades=   9 open=1 meanR=-1.042 dd=  9.4% streak=9
2026-09-12 08:24:54     rsi_mom_nocap_r10      TRIPPED  equity=   892.99 (-10.70%) trades=  13 open=0 meanR=-0.852 dd= 12.6% streak=12
2026-09-12 08:24:54     rsi_mom_er30_r20       ACTIVE   equity=   849.23 (-15.08%) trades=  10 open=1 meanR=-0.791 dd= 18.8% streak=9
2026-09-12 08:55:18  ---- standings ----
2026-09-12 08:55:18     CONTROL_bb_rev_r10     ACTIVE   equity=  1080.05 ( +8.01%) trades=   7 open=2 meanR=+1.119 dd=  1.0% streak=0
2026-09-12 08:55:18     rsi_mom_er30_r05       ACTIVE   equity=   960.93 ( -3.91%) trades=  10 open=1 meanR=-0.791 dd=  4.7% streak=9
2026-09-12 08:55:18     donchian_trend_r10     ACTIVE   equity=   938.16 ( -6.18%) trades=   6 open=0 meanR=-1.047 dd=  6.3% streak=6
2026-09-12 08:55:18     rsi_mom_nofilt_r10     ACTIVE   equity=   928.50 ( -7.15%) trades=   7 open=3 meanR=-1.045 dd=  7.3% streak=7
2026-09-12 08:55:18     rsi_mom_er30_r10       ACTIVE   equity=   922.79 ( -7.72%) trades=  10 open=1 meanR=-0.791 dd=  9.4% streak=9
2026-09-12 08:55:18     roc_mom_er30_r10       ACTIVE   equity=   922.79 ( -7.72%) trades=  10 open=1 meanR=-0.791 dd=  9.4% streak=9
2026-09-12 08:55:18     bb_break_er30_r10      ACTIVE   equity=   909.08 ( -9.09%) trades=   9 open=1 meanR=-1.042 dd=  9.4% streak=9
2026-09-12 08:55:18     rsi_mom_nocap_r10      TRIPPED  equity=   892.99 (-10.70%) trades=  13 open=0 meanR=-0.852 dd= 12.6% streak=12
2026-09-12 08:55:18     rsi_mom_er30_r20       ACTIVE   equity=   849.23 (-15.08%) trades=  10 open=1 meanR=-0.791 dd= 18.8% streak=9
2026-09-12 09:25:41  ---- standings ----
2026-09-12 09:25:41     CONTROL_bb_rev_r10     ACTIVE   equity=  1080.05 ( +8.01%) trades=   7 open=2 meanR=+1.119 dd=  1.0% streak=0
2026-09-12 09:25:41     rsi_mom_er30_r05       ACTIVE   equity=   960.93 ( -3.91%) trades=  10 open=1 meanR=-0.791 dd=  4.7% streak=9
2026-09-12 09:25:41     donchian_trend_r10     ACTIVE   equity=   938.16 ( -6.18%) trades=   6 open=0 meanR=-1.047 dd=  6.3% streak=6
2026-09-12 09:25:41     rsi_mom_nofilt_r10     ACTIVE   equity=   928.50 ( -7.15%) trades=   7 open=3 meanR=-1.045 dd=  7.3% streak=7
2026-09-12 09:25:41     rsi_mom_er30_r10       ACTIVE   equity=   922.79 ( -7.72%) trades=  10 open=1 meanR=-0.791 dd=  9.4% streak=9
2026-09-12 09:25:41     roc_mom_er30_r10       ACTIVE   equity=   922.79 ( -7.72%) trades=  10 open=1 meanR=-0.791 dd=  9.4% streak=9
2026-09-12 09:25:41     bb_break_er30_r10      ACTIVE   equity=   909.08 ( -9.09%) trades=   9 open=1 meanR=-1.042 dd=  9.4% streak=9
2026-09-12 09:25:41     rsi_mom_nocap_r10      TRIPPED  equity=   892.99 (-10.70%) trades=  13 open=0 meanR=-0.852 dd= 12.6% streak=12
2026-09-12 09:25:41     rsi_mom_er30_r20       ACTIVE   equity=   849.23 (-15.08%) trades=  10 open=1 meanR=-0.791 dd= 18.8% streak=9
2026-09-12 09:56:04  ---- standings ----
2026-09-12 09:56:04     CONTROL_bb_rev_r10     ACTIVE   equity=  1080.05 ( +8.01%) trades=   7 open=2 meanR=+1.119 dd=  1.0% streak=0
2026-09-12 09:56:04     rsi_mom_er30_r05       ACTIVE   equity=   960.93 ( -3.91%) trades=  10 open=1 meanR=-0.791 dd=  4.7% streak=9
2026-09-12 09:56:04     donchian_trend_r10     ACTIVE   equity=   938.16 ( -6.18%) trades=   6 open=0 meanR=-1.047 dd=  6.3% streak=6
2026-09-12 09:56:04     rsi_mom_nofilt_r10     ACTIVE   equity=   928.50 ( -7.15%) trades=   7 open=3 meanR=-1.045 dd=  7.3% streak=7
2026-09-12 09:56:04     rsi_mom_er30_r10       ACTIVE   equity=   922.79 ( -7.72%) trades=  10 open=1 meanR=-0.791 dd=  9.4% streak=9
2026-09-12 09:56:04     roc_mom_er30_r10       ACTIVE   equity=   922.79 ( -7.72%) trades=  10 open=1 meanR=-0.791 dd=  9.4% streak=9
2026-09-12 09:56:04     bb_break_er30_r10      ACTIVE   equity=   909.08 ( -9.09%) trades=   9 open=1 meanR=-1.042 dd=  9.4% streak=9
2026-09-12 09:56:04     rsi_mom_nocap_r10      TRIPPED  equity=   892.99 (-10.70%) trades=  13 open=0 meanR=-0.852 dd= 12.6% streak=12
2026-09-12 09:56:04     rsi_mom_er30_r20       ACTIVE   equity=   849.23 (-15.08%) trades=  10 open=1 meanR=-0.791 dd= 18.8% streak=9
2026-09-12 10:26:28  ---- standings ----
2026-09-12 10:26:28     CONTROL_bb_rev_r10     ACTIVE   equity=  1080.05 ( +8.01%) trades=   7 open=2 meanR=+1.119 dd=  1.0% streak=0
2026-09-12 10:26:28     rsi_mom_er30_r05       ACTIVE   equity=   960.93 ( -3.91%) trades=  10 open=1 meanR=-0.791 dd=  4.7% streak=9
2026-09-12 10:26:28     donchian_trend_r10     ACTIVE   equity=   938.16 ( -6.18%) trades=   6 open=0 meanR=-1.047 dd=  6.3% streak=6
2026-09-12 10:26:28     rsi_mom_nofilt_r10     ACTIVE   equity=   928.50 ( -7.15%) trades=   7 open=3 meanR=-1.045 dd=  7.3% streak=7
2026-09-12 10:26:28     rsi_mom_er30_r10       ACTIVE   equity=   922.79 ( -7.72%) trades=  10 open=1 meanR=-0.791 dd=  9.4% streak=9
2026-09-12 10:26:28     roc_mom_er30_r10       ACTIVE   equity=   922.79 ( -7.72%) trades=  10 open=1 meanR=-0.791 dd=  9.4% streak=9
2026-09-12 10:26:28     bb_break_er30_r10      ACTIVE   equity=   909.08 ( -9.09%) trades=   9 open=1 meanR=-1.042 dd=  9.4% streak=9
2026-09-12 10:26:28     rsi_mom_nocap_r10      TRIPPED  equity=   892.99 (-10.70%) trades=  13 open=0 meanR=-0.852 dd= 12.6% streak=12
2026-09-12 10:26:28     rsi_mom_er30_r20       ACTIVE   equity=   849.23 (-15.08%) trades=  10 open=1 meanR=-0.791 dd= 18.8% streak=9
2026-09-12 10:56:51  ---- standings ----
2026-09-12 10:56:51     CONTROL_bb_rev_r10     ACTIVE   equity=  1080.05 ( +8.01%) trades=   7 open=2 meanR=+1.119 dd=  1.0% streak=0
2026-09-12 10:56:51     rsi_mom_er30_r05       ACTIVE   equity=   960.93 ( -3.91%) trades=  10 open=1 meanR=-0.791 dd=  4.7% streak=9
2026-09-12 10:56:51     donchian_trend_r10     ACTIVE   equity=   938.16 ( -6.18%) trades=   6 open=0 meanR=-1.047 dd=  6.3% streak=6
2026-09-12 10:56:51     rsi_mom_nofilt_r10     ACTIVE   equity=   928.50 ( -7.15%) trades=   7 open=3 meanR=-1.045 dd=  7.3% streak=7
2026-09-12 10:56:51     rsi_mom_er30_r10       ACTIVE   equity=   922.79 ( -7.72%) trades=  10 open=1 meanR=-0.791 dd=  9.4% streak=9
2026-09-12 10:56:51     roc_mom_er30_r10       ACTIVE   equity=   922.79 ( -7.72%) trades=  10 open=1 meanR=-0.791 dd=  9.4% streak=9
2026-09-12 10:56:51     bb_break_er30_r10      ACTIVE   equity=   909.08 ( -9.09%) trades=   9 open=1 meanR=-1.042 dd=  9.4% streak=9
2026-09-12 10:56:51     rsi_mom_nocap_r10      TRIPPED  equity=   892.99 (-10.70%) trades=  13 open=0 meanR=-0.852 dd= 12.6% streak=12
2026-09-12 10:56:51     rsi_mom_er30_r20       ACTIVE   equity=   849.23 (-15.08%) trades=  10 open=1 meanR=-0.791 dd= 18.8% streak=9
2026-09-12 11:27:14  ---- standings ----
2026-09-12 11:27:14     CONTROL_bb_rev_r10     ACTIVE   equity=  1080.05 ( +8.01%) trades=   7 open=2 meanR=+1.119 dd=  1.0% streak=0
2026-09-12 11:27:14     rsi_mom_er30_r05       ACTIVE   equity=   960.93 ( -3.91%) trades=  10 open=1 meanR=-0.791 dd=  4.7% streak=9
2026-09-12 11:27:14     donchian_trend_r10     ACTIVE   equity=   938.16 ( -6.18%) trades=   6 open=0 meanR=-1.047 dd=  6.3% streak=6
2026-09-12 11:27:14     rsi_mom_nofilt_r10     ACTIVE   equity=   928.50 ( -7.15%) trades=   7 open=3 meanR=-1.045 dd=  7.3% streak=7
2026-09-12 11:27:14     rsi_mom_er30_r10       ACTIVE   equity=   922.79 ( -7.72%) trades=  10 open=1 meanR=-0.791 dd=  9.4% streak=9
2026-09-12 11:27:14     roc_mom_er30_r10       ACTIVE   equity=   922.79 ( -7.72%) trades=  10 open=1 meanR=-0.791 dd=  9.4% streak=9
2026-09-12 11:27:14     bb_break_er30_r10      ACTIVE   equity=   909.08 ( -9.09%) trades=   9 open=1 meanR=-1.042 dd=  9.4% streak=9
2026-09-12 11:27:14     rsi_mom_nocap_r10      TRIPPED  equity=   892.99 (-10.70%) trades=  13 open=0 meanR=-0.852 dd= 12.6% streak=12
2026-09-12 11:27:14     rsi_mom_er30_r20       ACTIVE   equity=   849.23 (-15.08%) trades=  10 open=1 meanR=-0.791 dd= 18.8% streak=9
2026-09-12 11:57:37  ---- standings ----
2026-09-12 11:57:37     CONTROL_bb_rev_r10     ACTIVE   equity=  1080.05 ( +8.01%) trades=   7 open=2 meanR=+1.119 dd=  1.0% streak=0
2026-09-12 11:57:37     rsi_mom_er30_r05       ACTIVE   equity=   960.93 ( -3.91%) trades=  10 open=1 meanR=-0.791 dd=  4.7% streak=9
2026-09-12 11:57:37     donchian_trend_r10     ACTIVE   equity=   938.16 ( -6.18%) trades=   6 open=0 meanR=-1.047 dd=  6.3% streak=6
2026-09-12 11:57:37     rsi_mom_nofilt_r10     ACTIVE   equity=   928.50 ( -7.15%) trades=   7 open=3 meanR=-1.045 dd=  7.3% streak=7
2026-09-12 11:57:37     rsi_mom_er30_r10       ACTIVE   equity=   922.79 ( -7.72%) trades=  10 open=1 meanR=-0.791 dd=  9.4% streak=9
2026-09-12 11:57:37     roc_mom_er30_r10       ACTIVE   equity=   922.79 ( -7.72%) trades=  10 open=1 meanR=-0.791 dd=  9.4% streak=9
2026-09-12 11:57:37     bb_break_er30_r10      ACTIVE   equity=   909.08 ( -9.09%) trades=   9 open=1 meanR=-1.042 dd=  9.4% streak=9
2026-09-12 11:57:37     rsi_mom_nocap_r10      TRIPPED  equity=   892.99 (-10.70%) trades=  13 open=0 meanR=-0.852 dd= 12.6% streak=12
2026-09-12 11:57:37     rsi_mom_er30_r20       ACTIVE   equity=   849.23 (-15.08%) trades=  10 open=1 meanR=-0.791 dd= 18.8% streak=9
2026-09-12 12:01:40  [roc_mom_er30_r10] ENTRY SHORT BTC/USDT:USDT @77300.0000
2026-09-12 12:01:40  [rsi_mom_er30_r05] ENTRY LONG ETH/USDT:USDT @2532.5000
2026-09-12 12:01:40  [rsi_mom_er30_r10] ENTRY LONG ETH/USDT:USDT @2532.5000
2026-09-12 12:01:40  [rsi_mom_er30_r20] ENTRY LONG ETH/USDT:USDT @2532.5000
2026-09-12 12:01:41  [roc_mom_er30_r10] ENTRY SHORT ETH/USDT:USDT @2532.5000
2026-09-12 12:01:42  [rsi_mom_er30_r05] ENTRY LONG XRP/USDT:USDT @1.3727
2026-09-12 12:01:42  [rsi_mom_er30_r10] ENTRY LONG XRP/USDT:USDT @1.3727
2026-09-12 12:01:42  [rsi_mom_er30_r20] ENTRY LONG XRP/USDT:USDT @1.3727
2026-09-12 12:28:24  ---- standings ----
2026-09-12 12:28:24     CONTROL_bb_rev_r10     ACTIVE   equity=  1080.05 ( +8.01%) trades=   7 open=2 meanR=+1.119 dd=  1.0% streak=0
2026-09-12 12:28:25     rsi_mom_er30_r05       ACTIVE   equity=   960.93 ( -3.91%) trades=  10 open=3 meanR=-0.791 dd=  4.7% streak=9
2026-09-12 12:28:25     donchian_trend_r10     ACTIVE   equity=   938.16 ( -6.18%) trades=   6 open=0 meanR=-1.047 dd=  6.3% streak=6
2026-09-12 12:28:25     rsi_mom_nofilt_r10     ACTIVE   equity=   928.50 ( -7.15%) trades=   7 open=3 meanR=-1.045 dd=  7.3% streak=7
2026-09-12 12:28:25     rsi_mom_er30_r10       ACTIVE   equity=   922.79 ( -7.72%) trades=  10 open=3 meanR=-0.791 dd=  9.4% streak=9
2026-09-12 12:28:25     roc_mom_er30_r10       ACTIVE   equity=   922.79 ( -7.72%) trades=  10 open=3 meanR=-0.791 dd=  9.4% streak=9
2026-09-12 12:28:25     bb_break_er30_r10      ACTIVE   equity=   909.08 ( -9.09%) trades=   9 open=1 meanR=-1.042 dd=  9.4% streak=9
2026-09-12 12:28:25     rsi_mom_nocap_r10      TRIPPED  equity=   892.99 (-10.70%) trades=  13 open=0 meanR=-0.852 dd= 12.6% streak=12
2026-09-12 12:28:25     rsi_mom_er30_r20       ACTIVE   equity=   849.23 (-15.08%) trades=  10 open=3 meanR=-0.791 dd= 18.8% streak=9
2026-09-12 12:59:07  ---- standings ----
2026-09-12 12:59:07     CONTROL_bb_rev_r10     ACTIVE   equity=  1080.05 ( +8.01%) trades=   7 open=2 meanR=+1.119 dd=  1.0% streak=0
2026-09-12 12:59:07     rsi_mom_er30_r05       ACTIVE   equity=   960.93 ( -3.91%) trades=  10 open=3 meanR=-0.791 dd=  4.7% streak=9
2026-09-12 12:59:07     donchian_trend_r10     ACTIVE   equity=   938.16 ( -6.18%) trades=   6 open=0 meanR=-1.047 dd=  6.3% streak=6
2026-09-12 12:59:07     rsi_mom_nofilt_r10     ACTIVE   equity=   928.50 ( -7.15%) trades=   7 open=3 meanR=-1.045 dd=  7.3% streak=7
2026-09-12 12:59:07     rsi_mom_er30_r10       ACTIVE   equity=   922.79 ( -7.72%) trades=  10 open=3 meanR=-0.791 dd=  9.4% streak=9
2026-09-12 12:59:07     roc_mom_er30_r10       ACTIVE   equity=   922.79 ( -7.72%) trades=  10 open=3 meanR=-0.791 dd=  9.4% streak=9
2026-09-12 12:59:07     bb_break_er30_r10      ACTIVE   equity=   909.08 ( -9.09%) trades=   9 open=1 meanR=-1.042 dd=  9.4% streak=9
2026-09-12 12:59:07     rsi_mom_nocap_r10      TRIPPED  equity=   892.99 (-10.70%) trades=  13 open=0 meanR=-0.852 dd= 12.6% streak=12
2026-09-12 12:59:07     rsi_mom_er30_r20       ACTIVE   equity=   849.23 (-15.08%) trades=  10 open=3 meanR=-0.791 dd= 18.8% streak=9
2026-09-12 13:29:49  ---- standings ----
2026-09-12 13:29:49     CONTROL_bb_rev_r10     ACTIVE   equity=  1080.05 ( +8.01%) trades=   7 open=2 meanR=+1.119 dd=  1.0% streak=0
2026-09-12 13:29:49     rsi_mom_er30_r05       ACTIVE   equity=   960.93 ( -3.91%) trades=  10 open=3 meanR=-0.791 dd=  4.7% streak=9
2026-09-12 13:29:49     donchian_trend_r10     ACTIVE   equity=   938.16 ( -6.18%) trades=   6 open=0 meanR=-1.047 dd=  6.3% streak=6
2026-09-12 13:29:49     rsi_mom_nofilt_r10     ACTIVE   equity=   928.50 ( -7.15%) trades=   7 open=3 meanR=-1.045 dd=  7.3% streak=7
2026-09-12 13:29:49     rsi_mom_er30_r10       ACTIVE   equity=   922.79 ( -7.72%) trades=  10 open=3 meanR=-0.791 dd=  9.4% streak=9
2026-09-12 13:29:49     roc_mom_er30_r10       ACTIVE   equity=   922.79 ( -7.72%) trades=  10 open=3 meanR=-0.791 dd=  9.4% streak=9
2026-09-12 13:29:49     bb_break_er30_r10      ACTIVE   equity=   909.08 ( -9.09%) trades=   9 open=1 meanR=-1.042 dd=  9.4% streak=9
2026-09-12 13:29:49     rsi_mom_nocap_r10      TRIPPED  equity=   892.99 (-10.70%) trades=  13 open=0 meanR=-0.852 dd= 12.6% streak=12
2026-09-12 13:29:49     rsi_mom_er30_r20       ACTIVE   equity=   849.23 (-15.08%) trades=  10 open=3 meanR=-0.791 dd= 18.8% streak=9
2026-09-12 14:00:32  ---- standings ----
2026-09-12 14:00:32     CONTROL_bb_rev_r10     ACTIVE   equity=  1080.05 ( +8.01%) trades=   7 open=2 meanR=+1.119 dd=  1.0% streak=0
2026-09-12 14:00:32     rsi_mom_er30_r05       ACTIVE   equity=   960.93 ( -3.91%) trades=  10 open=3 meanR=-0.791 dd=  4.7% streak=9
2026-09-12 14:00:32     donchian_trend_r10     ACTIVE   equity=   938.16 ( -6.18%) trades=   6 open=0 meanR=-1.047 dd=  6.3% streak=6
2026-09-12 14:00:32     rsi_mom_nofilt_r10     ACTIVE   equity=   928.50 ( -7.15%) trades=   7 open=3 meanR=-1.045 dd=  7.3% streak=7
2026-09-12 14:00:32     rsi_mom_er30_r10       ACTIVE   equity=   922.79 ( -7.72%) trades=  10 open=3 meanR=-0.791 dd=  9.4% streak=9
2026-09-12 14:00:32     roc_mom_er30_r10       ACTIVE   equity=   922.79 ( -7.72%) trades=  10 open=3 meanR=-0.791 dd=  9.4% streak=9
2026-09-12 14:00:32     bb_break_er30_r10      ACTIVE   equity=   909.08 ( -9.09%) trades=   9 open=1 meanR=-1.042 dd=  9.4% streak=9
2026-09-12 14:00:32     rsi_mom_nocap_r10      TRIPPED  equity=   892.99 (-10.70%) trades=  13 open=0 meanR=-0.852 dd= 12.6% streak=12
2026-09-12 14:00:32     rsi_mom_er30_r20       ACTIVE   equity=   849.23 (-15.08%) trades=  10 open=3 meanR=-0.791 dd= 18.8% streak=9
2026-09-12 14:31:14  ---- standings ----
2026-09-12 14:31:14     CONTROL_bb_rev_r10     ACTIVE   equity=  1080.05 ( +8.01%) trades=   7 open=2 meanR=+1.119 dd=  1.0% streak=0
2026-09-12 14:31:14     rsi_mom_er30_r05       ACTIVE   equity=   960.93 ( -3.91%) trades=  10 open=3 meanR=-0.791 dd=  4.7% streak=9
2026-09-12 14:31:14     donchian_trend_r10     ACTIVE   equity=   938.16 ( -6.18%) trades=   6 open=0 meanR=-1.047 dd=  6.3% streak=6
2026-09-12 14:31:14     rsi_mom_nofilt_r10     ACTIVE   equity=   928.50 ( -7.15%) trades=   7 open=3 meanR=-1.045 dd=  7.3% streak=7
2026-09-12 14:31:14     rsi_mom_er30_r10       ACTIVE   equity=   922.79 ( -7.72%) trades=  10 open=3 meanR=-0.791 dd=  9.4% streak=9
2026-09-12 14:31:14     roc_mom_er30_r10       ACTIVE   equity=   922.79 ( -7.72%) trades=  10 open=3 meanR=-0.791 dd=  9.4% streak=9
2026-09-12 14:31:14     bb_break_er30_r10      ACTIVE   equity=   909.08 ( -9.09%) trades=   9 open=1 meanR=-1.042 dd=  9.4% streak=9
2026-09-12 14:31:14     rsi_mom_nocap_r10      TRIPPED  equity=   892.99 (-10.70%) trades=  13 open=0 meanR=-0.852 dd= 12.6% streak=12
2026-09-12 14:31:14     rsi_mom_er30_r20       ACTIVE   equity=   849.23 (-15.08%) trades=  10 open=3 meanR=-0.791 dd= 18.8% streak=9
2026-09-12 15:01:57  ---- standings ----
2026-09-12 15:01:57     CONTROL_bb_rev_r10     ACTIVE   equity=  1080.05 ( +8.01%) trades=   7 open=2 meanR=+1.119 dd=  1.0% streak=0
2026-09-12 15:01:57     rsi_mom_er30_r05       ACTIVE   equity=   960.93 ( -3.91%) trades=  10 open=3 meanR=-0.791 dd=  4.7% streak=9
2026-09-12 15:01:57     donchian_trend_r10     ACTIVE   equity=   938.16 ( -6.18%) trades=   6 open=0 meanR=-1.047 dd=  6.3% streak=6
2026-09-12 15:01:57     rsi_mom_nofilt_r10     ACTIVE   equity=   928.50 ( -7.15%) trades=   7 open=3 meanR=-1.045 dd=  7.3% streak=7
2026-09-12 15:01:57     rsi_mom_er30_r10       ACTIVE   equity=   922.79 ( -7.72%) trades=  10 open=3 meanR=-0.791 dd=  9.4% streak=9
2026-09-12 15:01:57     roc_mom_er30_r10       ACTIVE   equity=   922.79 ( -7.72%) trades=  10 open=3 meanR=-0.791 dd=  9.4% streak=9
2026-09-12 15:01:57     bb_break_er30_r10      ACTIVE   equity=   909.08 ( -9.09%) trades=   9 open=1 meanR=-1.042 dd=  9.4% streak=9
2026-09-12 15:01:57     rsi_mom_nocap_r10      TRIPPED  equity=   892.99 (-10.70%) trades=  13 open=0 meanR=-0.852 dd= 12.6% streak=12
2026-09-12 15:01:57     rsi_mom_er30_r20       ACTIVE   equity=   849.23 (-15.08%) trades=  10 open=3 meanR=-0.791 dd= 18.8% streak=9
2026-09-12 15:32:35  ---- standings ----
2026-09-12 15:32:35     CONTROL_bb_rev_r10     ACTIVE   equity=  1080.05 ( +8.01%) trades=   7 open=2 meanR=+1.119 dd=  1.0% streak=0
2026-09-12 15:32:35     rsi_mom_er30_r05       ACTIVE   equity=   960.93 ( -3.91%) trades=  10 open=3 meanR=-0.791 dd=  4.7% streak=9
2026-09-12 15:32:35     donchian_trend_r10     ACTIVE   equity=   938.16 ( -6.18%) trades=   6 open=0 meanR=-1.047 dd=  6.3% streak=6
2026-09-12 15:32:35     rsi_mom_nofilt_r10     ACTIVE   equity=   928.50 ( -7.15%) trades=   7 open=3 meanR=-1.045 dd=  7.3% streak=7
2026-09-12 15:32:35     rsi_mom_er30_r10       ACTIVE   equity=   922.79 ( -7.72%) trades=  10 open=3 meanR=-0.791 dd=  9.4% streak=9
2026-09-12 15:32:35     roc_mom_er30_r10       ACTIVE   equity=   922.79 ( -7.72%) trades=  10 open=3 meanR=-0.791 dd=  9.4% streak=9
2026-09-12 15:32:35     bb_break_er30_r10      ACTIVE   equity=   909.08 ( -9.09%) trades=   9 open=1 meanR=-1.042 dd=  9.4% streak=9
2026-09-12 15:32:35     rsi_mom_nocap_r10      TRIPPED  equity=   892.99 (-10.70%) trades=  13 open=0 meanR=-0.852 dd= 12.6% streak=12
2026-09-12 15:32:35     rsi_mom_er30_r20       ACTIVE   equity=   849.23 (-15.08%) trades=  10 open=3 meanR=-0.791 dd= 18.8% streak=9
2026-09-12 16:02:58  ---- standings ----
2026-09-12 16:02:58     CONTROL_bb_rev_r10     ACTIVE   equity=  1080.05 ( +8.01%) trades=   7 open=2 meanR=+1.119 dd=  1.0% streak=0
2026-09-12 16:02:58     rsi_mom_er30_r05       ACTIVE   equity=   960.93 ( -3.91%) trades=  10 open=3 meanR=-0.791 dd=  4.7% streak=9
2026-09-12 16:02:58     donchian_trend_r10     ACTIVE   equity=   938.16 ( -6.18%) trades=   6 open=0 meanR=-1.047 dd=  6.3% streak=6
2026-09-12 16:02:58     rsi_mom_nofilt_r10     ACTIVE   equity=   928.50 ( -7.15%) trades=   7 open=3 meanR=-1.045 dd=  7.3% streak=7
2026-09-12 16:02:58     rsi_mom_er30_r10       ACTIVE   equity=   922.79 ( -7.72%) trades=  10 open=3 meanR=-0.791 dd=  9.4% streak=9
2026-09-12 16:02:58     roc_mom_er30_r10       ACTIVE   equity=   922.79 ( -7.72%) trades=  10 open=3 meanR=-0.791 dd=  9.4% streak=9
2026-09-12 16:02:58     bb_break_er30_r10      ACTIVE   equity=   909.08 ( -9.09%) trades=   9 open=1 meanR=-1.042 dd=  9.4% streak=9
2026-09-12 16:02:58     rsi_mom_nocap_r10      TRIPPED  equity=   892.99 (-10.70%) trades=  13 open=0 meanR=-0.852 dd= 12.6% streak=12
2026-09-12 16:02:58     rsi_mom_er30_r20       ACTIVE   equity=   849.23 (-15.08%) trades=  10 open=3 meanR=-0.791 dd= 18.8% streak=9
2026-09-12 16:33:24  ---- standings ----
2026-09-12 16:33:24     CONTROL_bb_rev_r10     ACTIVE   equity=  1080.05 ( +8.01%) trades=   7 open=2 meanR=+1.119 dd=  1.0% streak=0
2026-09-12 16:33:24     rsi_mom_er30_r05       ACTIVE   equity=   960.93 ( -3.91%) trades=  10 open=3 meanR=-0.791 dd=  4.7% streak=9
2026-09-12 16:33:24     donchian_trend_r10     ACTIVE   equity=   938.16 ( -6.18%) trades=   6 open=0 meanR=-1.047 dd=  6.3% streak=6
2026-09-12 16:33:24     rsi_mom_nofilt_r10     ACTIVE   equity=   928.50 ( -7.15%) trades=   7 open=3 meanR=-1.045 dd=  7.3% streak=7
2026-09-12 16:33:24     rsi_mom_er30_r10       ACTIVE   equity=   922.79 ( -7.72%) trades=  10 open=3 meanR=-0.791 dd=  9.4% streak=9
2026-09-12 16:33:24     roc_mom_er30_r10       ACTIVE   equity=   922.79 ( -7.72%) trades=  10 open=3 meanR=-0.791 dd=  9.4% streak=9
2026-09-12 16:33:24     bb_break_er30_r10      ACTIVE   equity=   909.08 ( -9.09%) trades=   9 open=1 meanR=-1.042 dd=  9.4% streak=9
2026-09-12 16:33:24     rsi_mom_nocap_r10      TRIPPED  equity=   892.99 (-10.70%) trades=  13 open=0 meanR=-0.852 dd= 12.6% streak=12
2026-09-12 16:33:24     rsi_mom_er30_r20       ACTIVE   equity=   849.23 (-15.08%) trades=  10 open=3 meanR=-0.791 dd= 18.8% streak=9
2026-09-12 17:03:47  ---- standings ----
2026-09-12 17:03:47     CONTROL_bb_rev_r10     ACTIVE   equity=  1080.05 ( +8.01%) trades=   7 open=2 meanR=+1.119 dd=  1.0% streak=0
2026-09-12 17:03:47     rsi_mom_er30_r05       ACTIVE   equity=   960.93 ( -3.91%) trades=  10 open=3 meanR=-0.791 dd=  4.7% streak=9
2026-09-12 17:03:47     donchian_trend_r10     ACTIVE   equity=   938.16 ( -6.18%) trades=   6 open=0 meanR=-1.047 dd=  6.3% streak=6
2026-09-12 17:03:47     rsi_mom_nofilt_r10     ACTIVE   equity=   928.50 ( -7.15%) trades=   7 open=3 meanR=-1.045 dd=  7.3% streak=7
2026-09-12 17:03:47     rsi_mom_er30_r10       ACTIVE   equity=   922.79 ( -7.72%) trades=  10 open=3 meanR=-0.791 dd=  9.4% streak=9
2026-09-12 17:03:47     roc_mom_er30_r10       ACTIVE   equity=   922.79 ( -7.72%) trades=  10 open=3 meanR=-0.791 dd=  9.4% streak=9
2026-09-12 17:03:47     bb_break_er30_r10      ACTIVE   equity=   909.08 ( -9.09%) trades=   9 open=1 meanR=-1.042 dd=  9.4% streak=9
2026-09-12 17:03:47     rsi_mom_nocap_r10      TRIPPED  equity=   892.99 (-10.70%) trades=  13 open=0 meanR=-0.852 dd= 12.6% streak=12
2026-09-12 17:03:47     rsi_mom_er30_r20       ACTIVE   equity=   849.23 (-15.08%) trades=  10 open=3 meanR=-0.791 dd= 18.8% streak=9
2026-09-12 17:34:37  ---- standings ----
2026-09-12 17:34:37     CONTROL_bb_rev_r10     ACTIVE   equity=  1080.05 ( +8.01%) trades=   7 open=2 meanR=+1.119 dd=  1.0% streak=0
2026-09-12 17:34:37     rsi_mom_er30_r05       ACTIVE   equity=   960.93 ( -3.91%) trades=  10 open=3 meanR=-0.791 dd=  4.7% streak=9
2026-09-12 17:34:37     donchian_trend_r10     ACTIVE   equity=   938.16 ( -6.18%) trades=   6 open=0 meanR=-1.047 dd=  6.3% streak=6
2026-09-12 17:34:37     rsi_mom_nofilt_r10     ACTIVE   equity=   928.50 ( -7.15%) trades=   7 open=3 meanR=-1.045 dd=  7.3% streak=7
2026-09-12 17:34:37     rsi_mom_er30_r10       ACTIVE   equity=   922.79 ( -7.72%) trades=  10 open=3 meanR=-0.791 dd=  9.4% streak=9
2026-09-12 17:34:37     roc_mom_er30_r10       ACTIVE   equity=   922.79 ( -7.72%) trades=  10 open=3 meanR=-0.791 dd=  9.4% streak=9
2026-09-12 17:34:37     bb_break_er30_r10      ACTIVE   equity=   909.08 ( -9.09%) trades=   9 open=1 meanR=-1.042 dd=  9.4% streak=9
2026-09-12 17:34:37     rsi_mom_nocap_r10      TRIPPED  equity=   892.99 (-10.70%) trades=  13 open=0 meanR=-0.852 dd= 12.6% streak=12
2026-09-12 17:34:37     rsi_mom_er30_r20       ACTIVE   equity=   849.23 (-15.08%) trades=  10 open=3 meanR=-0.791 dd= 18.8% streak=9
2026-09-12 18:05:42  ---- standings ----
2026-09-12 18:05:42     CONTROL_bb_rev_r10     ACTIVE   equity=  1080.05 ( +8.01%) trades=   7 open=2 meanR=+1.119 dd=  1.0% streak=0
2026-09-12 18:05:42     rsi_mom_er30_r05       ACTIVE   equity=   960.93 ( -3.91%) trades=  10 open=3 meanR=-0.791 dd=  4.7% streak=9
2026-09-12 18:05:42     donchian_trend_r10     ACTIVE   equity=   938.16 ( -6.18%) trades=   6 open=0 meanR=-1.047 dd=  6.3% streak=6
2026-09-12 18:05:42     rsi_mom_nofilt_r10     ACTIVE   equity=   928.50 ( -7.15%) trades=   7 open=3 meanR=-1.045 dd=  7.3% streak=7
2026-09-12 18:05:42     rsi_mom_er30_r10       ACTIVE   equity=   922.79 ( -7.72%) trades=  10 open=3 meanR=-0.791 dd=  9.4% streak=9
2026-09-12 18:05:42     roc_mom_er30_r10       ACTIVE   equity=   922.79 ( -7.72%) trades=  10 open=3 meanR=-0.791 dd=  9.4% streak=9
2026-09-12 18:05:42     bb_break_er30_r10      ACTIVE   equity=   909.08 ( -9.09%) trades=   9 open=1 meanR=-1.042 dd=  9.4% streak=9
2026-09-12 18:05:42     rsi_mom_nocap_r10      TRIPPED  equity=   892.99 (-10.70%) trades=  13 open=0 meanR=-0.852 dd= 12.6% streak=12
2026-09-12 18:05:42     rsi_mom_er30_r20       ACTIVE   equity=   849.23 (-15.08%) trades=  10 open=3 meanR=-0.791 dd= 18.8% streak=9
2026-09-12 18:36:45  ---- standings ----
2026-09-12 18:36:45     CONTROL_bb_rev_r10     ACTIVE   equity=  1080.05 ( +8.01%) trades=   7 open=2 meanR=+1.119 dd=  1.0% streak=0
2026-09-12 18:36:45     rsi_mom_er30_r05       ACTIVE   equity=   960.93 ( -3.91%) trades=  10 open=3 meanR=-0.791 dd=  4.7% streak=9
2026-09-12 18:36:45     donchian_trend_r10     ACTIVE   equity=   938.16 ( -6.18%) trades=   6 open=0 meanR=-1.047 dd=  6.3% streak=6
2026-09-12 18:36:45     rsi_mom_nofilt_r10     ACTIVE   equity=   928.50 ( -7.15%) trades=   7 open=3 meanR=-1.045 dd=  7.3% streak=7
2026-09-12 18:36:45     rsi_mom_er30_r10       ACTIVE   equity=   922.79 ( -7.72%) trades=  10 open=3 meanR=-0.791 dd=  9.4% streak=9
2026-09-12 18:36:45     roc_mom_er30_r10       ACTIVE   equity=   922.79 ( -7.72%) trades=  10 open=3 meanR=-0.791 dd=  9.4% streak=9
2026-09-12 18:36:45     bb_break_er30_r10      ACTIVE   equity=   909.08 ( -9.09%) trades=   9 open=1 meanR=-1.042 dd=  9.4% streak=9
2026-09-12 18:36:45     rsi_mom_nocap_r10      TRIPPED  equity=   892.99 (-10.70%) trades=  13 open=0 meanR=-0.852 dd= 12.6% streak=12
2026-09-12 18:36:45     rsi_mom_er30_r20       ACTIVE   equity=   849.23 (-15.08%) trades=  10 open=3 meanR=-0.791 dd= 18.8% streak=9
2026-09-12 19:01:33  [CONTROL_bb_rev_r10] ENTRY LONG AVAX/USDT:USDT @7.3970
2026-09-12 19:07:46  ---- standings ----
2026-09-12 19:07:46     CONTROL_bb_rev_r10     ACTIVE   equity=  1080.05 ( +8.01%) trades=   7 open=3 meanR=+1.119 dd=  1.0% streak=0
2026-09-12 19:07:46     rsi_mom_er30_r05       ACTIVE   equity=   960.93 ( -3.91%) trades=  10 open=3 meanR=-0.791 dd=  4.7% streak=9
2026-09-12 19:07:46     donchian_trend_r10     ACTIVE   equity=   938.16 ( -6.18%) trades=   6 open=0 meanR=-1.047 dd=  6.3% streak=6
2026-09-12 19:07:46     rsi_mom_nofilt_r10     ACTIVE   equity=   928.50 ( -7.15%) trades=   7 open=3 meanR=-1.045 dd=  7.3% streak=7
2026-09-12 19:07:46     rsi_mom_er30_r10       ACTIVE   equity=   922.79 ( -7.72%) trades=  10 open=3 meanR=-0.791 dd=  9.4% streak=9
2026-09-12 19:07:46     roc_mom_er30_r10       ACTIVE   equity=   922.79 ( -7.72%) trades=  10 open=3 meanR=-0.791 dd=  9.4% streak=9
2026-09-12 19:07:46     bb_break_er30_r10      ACTIVE   equity=   909.08 ( -9.09%) trades=   9 open=1 meanR=-1.042 dd=  9.4% streak=9
2026-09-12 19:07:46     rsi_mom_nocap_r10      TRIPPED  equity=   892.99 (-10.70%) trades=  13 open=0 meanR=-0.852 dd= 12.6% streak=12
2026-09-12 19:07:46     rsi_mom_er30_r20       ACTIVE   equity=   849.23 (-15.08%) trades=  10 open=3 meanR=-0.791 dd= 18.8% streak=9
2026-09-12 19:38:49  ---- standings ----
2026-09-12 19:38:49     CONTROL_bb_rev_r10     ACTIVE   equity=  1080.05 ( +8.01%) trades=   7 open=3 meanR=+1.119 dd=  1.0% streak=0
2026-09-12 19:38:49     rsi_mom_er30_r05       ACTIVE   equity=   960.93 ( -3.91%) trades=  10 open=3 meanR=-0.791 dd=  4.7% streak=9
2026-09-12 19:38:49     donchian_trend_r10     ACTIVE   equity=   938.16 ( -6.18%) trades=   6 open=0 meanR=-1.047 dd=  6.3% streak=6
2026-09-12 19:38:49     rsi_mom_nofilt_r10     ACTIVE   equity=   928.50 ( -7.15%) trades=   7 open=3 meanR=-1.045 dd=  7.3% streak=7
2026-09-12 19:38:49     rsi_mom_er30_r10       ACTIVE   equity=   922.79 ( -7.72%) trades=  10 open=3 meanR=-0.791 dd=  9.4% streak=9
2026-09-12 19:38:49     roc_mom_er30_r10       ACTIVE   equity=   922.79 ( -7.72%) trades=  10 open=3 meanR=-0.791 dd=  9.4% streak=9
2026-09-12 19:38:49     bb_break_er30_r10      ACTIVE   equity=   909.08 ( -9.09%) trades=   9 open=1 meanR=-1.042 dd=  9.4% streak=9
2026-09-12 19:38:49     rsi_mom_nocap_r10      TRIPPED  equity=   892.99 (-10.70%) trades=  13 open=0 meanR=-0.852 dd= 12.6% streak=12
2026-09-12 19:38:49     rsi_mom_er30_r20       ACTIVE   equity=   849.23 (-15.08%) trades=  10 open=3 meanR=-0.791 dd= 18.8% streak=9
2026-09-12 20:09:51  ---- standings ----
2026-09-12 20:09:51     CONTROL_bb_rev_r10     ACTIVE   equity=  1080.05 ( +8.01%) trades=   7 open=3 meanR=+1.119 dd=  1.0% streak=0
2026-09-12 20:09:51     rsi_mom_er30_r05       ACTIVE   equity=   960.93 ( -3.91%) trades=  10 open=3 meanR=-0.791 dd=  4.7% streak=9
2026-09-12 20:09:51     donchian_trend_r10     ACTIVE   equity=   938.16 ( -6.18%) trades=   6 open=0 meanR=-1.047 dd=  6.3% streak=6
2026-09-12 20:09:51     rsi_mom_nofilt_r10     ACTIVE   equity=   928.50 ( -7.15%) trades=   7 open=3 meanR=-1.045 dd=  7.3% streak=7
2026-09-12 20:09:51     rsi_mom_er30_r10       ACTIVE   equity=   922.79 ( -7.72%) trades=  10 open=3 meanR=-0.791 dd=  9.4% streak=9
2026-09-12 20:09:51     roc_mom_er30_r10       ACTIVE   equity=   922.79 ( -7.72%) trades=  10 open=3 meanR=-0.791 dd=  9.4% streak=9
2026-09-12 20:09:51     bb_break_er30_r10      ACTIVE   equity=   909.08 ( -9.09%) trades=   9 open=1 meanR=-1.042 dd=  9.4% streak=9
2026-09-12 20:09:51     rsi_mom_nocap_r10      TRIPPED  equity=   892.99 (-10.70%) trades=  13 open=0 meanR=-0.852 dd= 12.6% streak=12
2026-09-12 20:09:51     rsi_mom_er30_r20       ACTIVE   equity=   849.23 (-15.08%) trades=  10 open=3 meanR=-0.791 dd= 18.8% streak=9
2026-09-12 20:40:54  ---- standings ----
2026-09-12 20:40:54     CONTROL_bb_rev_r10     ACTIVE   equity=  1080.05 ( +8.01%) trades=   7 open=3 meanR=+1.119 dd=  1.0% streak=0
2026-09-12 20:40:54     rsi_mom_er30_r05       ACTIVE   equity=   960.93 ( -3.91%) trades=  10 open=3 meanR=-0.791 dd=  4.7% streak=9
2026-09-12 20:40:54     donchian_trend_r10     ACTIVE   equity=   938.16 ( -6.18%) trades=   6 open=0 meanR=-1.047 dd=  6.3% streak=6
2026-09-12 20:40:54     rsi_mom_nofilt_r10     ACTIVE   equity=   928.50 ( -7.15%) trades=   7 open=3 meanR=-1.045 dd=  7.3% streak=7
2026-09-12 20:40:54     rsi_mom_er30_r10       ACTIVE   equity=   922.79 ( -7.72%) trades=  10 open=3 meanR=-0.791 dd=  9.4% streak=9
2026-09-12 20:40:54     roc_mom_er30_r10       ACTIVE   equity=   922.79 ( -7.72%) trades=  10 open=3 meanR=-0.791 dd=  9.4% streak=9
2026-09-12 20:40:54     bb_break_er30_r10      ACTIVE   equity=   909.08 ( -9.09%) trades=   9 open=1 meanR=-1.042 dd=  9.4% streak=9
2026-09-12 20:40:54     rsi_mom_nocap_r10      TRIPPED  equity=   892.99 (-10.70%) trades=  13 open=0 meanR=-0.852 dd= 12.6% streak=12
2026-09-12 20:40:54     rsi_mom_er30_r20       ACTIVE   equity=   849.23 (-15.08%) trades=  10 open=3 meanR=-0.791 dd= 18.8% streak=9
2026-09-12 21:01:36  [donchian_trend_r10] ENTRY SHORT AVAX/USDT:USDT @7.3610
2026-09-12 21:11:53  ---- standings ----
2026-09-12 21:11:53     CONTROL_bb_rev_r10     ACTIVE   equity=  1080.05 ( +8.01%) trades=   7 open=3 meanR=+1.119 dd=  1.0% streak=0
2026-09-12 21:11:53     rsi_mom_er30_r05       ACTIVE   equity=   960.93 ( -3.91%) trades=  10 open=3 meanR=-0.791 dd=  4.7% streak=9
2026-09-12 21:11:53     donchian_trend_r10     ACTIVE   equity=   938.16 ( -6.18%) trades=   6 open=1 meanR=-1.047 dd=  6.3% streak=6
2026-09-12 21:11:53     rsi_mom_nofilt_r10     ACTIVE   equity=   928.50 ( -7.15%) trades=   7 open=3 meanR=-1.045 dd=  7.3% streak=7
2026-09-12 21:11:53     rsi_mom_er30_r10       ACTIVE   equity=   922.79 ( -7.72%) trades=  10 open=3 meanR=-0.791 dd=  9.4% streak=9
2026-09-12 21:11:53     roc_mom_er30_r10       ACTIVE   equity=   922.79 ( -7.72%) trades=  10 open=3 meanR=-0.791 dd=  9.4% streak=9
2026-09-12 21:11:53     bb_break_er30_r10      ACTIVE   equity=   909.08 ( -9.09%) trades=   9 open=1 meanR=-1.042 dd=  9.4% streak=9
2026-09-12 21:11:53     rsi_mom_nocap_r10      TRIPPED  equity=   892.99 (-10.70%) trades=  13 open=0 meanR=-0.852 dd= 12.6% streak=12
2026-09-12 21:11:53     rsi_mom_er30_r20       ACTIVE   equity=   849.23 (-15.08%) trades=  10 open=3 meanR=-0.791 dd= 18.8% streak=9
2026-09-12 21:42:15  ---- standings ----
2026-09-12 21:42:15     CONTROL_bb_rev_r10     ACTIVE   equity=  1080.05 ( +8.01%) trades=   7 open=3 meanR=+1.119 dd=  1.0% streak=0
2026-09-12 21:42:15     rsi_mom_er30_r05       ACTIVE   equity=   960.93 ( -3.91%) trades=  10 open=3 meanR=-0.791 dd=  4.7% streak=9
2026-09-12 21:42:15     donchian_trend_r10     ACTIVE   equity=   938.16 ( -6.18%) trades=   6 open=1 meanR=-1.047 dd=  6.3% streak=6
2026-09-12 21:42:15     rsi_mom_nofilt_r10     ACTIVE   equity=   928.50 ( -7.15%) trades=   7 open=3 meanR=-1.045 dd=  7.3% streak=7
2026-09-12 21:42:15     rsi_mom_er30_r10       ACTIVE   equity=   922.79 ( -7.72%) trades=  10 open=3 meanR=-0.791 dd=  9.4% streak=9
2026-09-12 21:42:15     roc_mom_er30_r10       ACTIVE   equity=   922.79 ( -7.72%) trades=  10 open=3 meanR=-0.791 dd=  9.4% streak=9
2026-09-12 21:42:15     bb_break_er30_r10      ACTIVE   equity=   909.08 ( -9.09%) trades=   9 open=1 meanR=-1.042 dd=  9.4% streak=9
2026-09-12 21:42:15     rsi_mom_nocap_r10      TRIPPED  equity=   892.99 (-10.70%) trades=  13 open=0 meanR=-0.852 dd= 12.6% streak=12
2026-09-12 21:42:15     rsi_mom_er30_r20       ACTIVE   equity=   849.23 (-15.08%) trades=  10 open=3 meanR=-0.791 dd= 18.8% streak=9
2026-09-12 22:00:29  [bb_break_er30_r10] ENTRY SHORT SOL/USDT:USDT @101.2900
2026-09-12 22:00:29  [donchian_trend_r10] ENTRY SHORT SOL/USDT:USDT @101.2900
2026-09-12 22:12:38  ---- standings ----
2026-09-12 22:12:38     CONTROL_bb_rev_r10     ACTIVE   equity=  1080.05 ( +8.01%) trades=   7 open=3 meanR=+1.119 dd=  1.0% streak=0
2026-09-12 22:12:38     rsi_mom_er30_r05       ACTIVE   equity=   960.93 ( -3.91%) trades=  10 open=3 meanR=-0.791 dd=  4.7% streak=9
2026-09-12 22:12:38     donchian_trend_r10     ACTIVE   equity=   938.16 ( -6.18%) trades=   6 open=2 meanR=-1.047 dd=  6.3% streak=6
2026-09-12 22:12:38     rsi_mom_nofilt_r10     ACTIVE   equity=   928.50 ( -7.15%) trades=   7 open=3 meanR=-1.045 dd=  7.3% streak=7
2026-09-12 22:12:38     rsi_mom_er30_r10       ACTIVE   equity=   922.79 ( -7.72%) trades=  10 open=3 meanR=-0.791 dd=  9.4% streak=9
2026-09-12 22:12:38     roc_mom_er30_r10       ACTIVE   equity=   922.79 ( -7.72%) trades=  10 open=3 meanR=-0.791 dd=  9.4% streak=9
2026-09-12 22:12:38     bb_break_er30_r10      ACTIVE   equity=   909.08 ( -9.09%) trades=   9 open=2 meanR=-1.042 dd=  9.4% streak=9
2026-09-12 22:12:38     rsi_mom_nocap_r10      TRIPPED  equity=   892.99 (-10.70%) trades=  13 open=0 meanR=-0.852 dd= 12.6% streak=12
2026-09-12 22:12:38     rsi_mom_er30_r20       ACTIVE   equity=   849.23 (-15.08%) trades=  10 open=3 meanR=-0.791 dd= 18.8% streak=9
2026-09-12 22:43:00  ---- standings ----
2026-09-12 22:43:00     CONTROL_bb_rev_r10     ACTIVE   equity=  1080.05 ( +8.01%) trades=   7 open=3 meanR=+1.119 dd=  1.0% streak=0
2026-09-12 22:43:00     rsi_mom_er30_r05       ACTIVE   equity=   960.93 ( -3.91%) trades=  10 open=3 meanR=-0.791 dd=  4.7% streak=9
2026-09-12 22:43:00     donchian_trend_r10     ACTIVE   equity=   938.16 ( -6.18%) trades=   6 open=2 meanR=-1.047 dd=  6.3% streak=6
2026-09-12 22:43:00     rsi_mom_nofilt_r10     ACTIVE   equity=   928.50 ( -7.15%) trades=   7 open=3 meanR=-1.045 dd=  7.3% streak=7
2026-09-12 22:43:00     rsi_mom_er30_r10       ACTIVE   equity=   922.79 ( -7.72%) trades=  10 open=3 meanR=-0.791 dd=  9.4% streak=9
2026-09-12 22:43:00     roc_mom_er30_r10       ACTIVE   equity=   922.79 ( -7.72%) trades=  10 open=3 meanR=-0.791 dd=  9.4% streak=9
2026-09-12 22:43:00     bb_break_er30_r10      ACTIVE   equity=   909.08 ( -9.09%) trades=   9 open=2 meanR=-1.042 dd=  9.4% streak=9
2026-09-12 22:43:00     rsi_mom_nocap_r10      TRIPPED  equity=   892.99 (-10.70%) trades=  13 open=0 meanR=-0.852 dd= 12.6% streak=12
2026-09-12 22:43:00     rsi_mom_er30_r20       ACTIVE   equity=   849.23 (-15.08%) trades=  10 open=3 meanR=-0.791 dd= 18.8% streak=9
2026-09-12 23:13:19  ---- standings ----
2026-09-12 23:13:19     CONTROL_bb_rev_r10     ACTIVE   equity=  1080.05 ( +8.01%) trades=   7 open=3 meanR=+1.119 dd=  1.0% streak=0
2026-09-12 23:13:19     rsi_mom_er30_r05       ACTIVE   equity=   960.93 ( -3.91%) trades=  10 open=3 meanR=-0.791 dd=  4.7% streak=9
2026-09-12 23:13:19     donchian_trend_r10     ACTIVE   equity=   938.16 ( -6.18%) trades=   6 open=2 meanR=-1.047 dd=  6.3% streak=6
2026-09-12 23:13:19     rsi_mom_nofilt_r10     ACTIVE   equity=   928.50 ( -7.15%) trades=   7 open=3 meanR=-1.045 dd=  7.3% streak=7
2026-09-12 23:13:19     rsi_mom_er30_r10       ACTIVE   equity=   922.79 ( -7.72%) trades=  10 open=3 meanR=-0.791 dd=  9.4% streak=9
2026-09-12 23:13:19     roc_mom_er30_r10       ACTIVE   equity=   922.79 ( -7.72%) trades=  10 open=3 meanR=-0.791 dd=  9.4% streak=9
2026-09-12 23:13:19     bb_break_er30_r10      ACTIVE   equity=   909.08 ( -9.09%) trades=   9 open=2 meanR=-1.042 dd=  9.4% streak=9
2026-09-12 23:13:19     rsi_mom_nocap_r10      TRIPPED  equity=   892.99 (-10.70%) trades=  13 open=0 meanR=-0.852 dd= 12.6% streak=12
2026-09-12 23:13:19     rsi_mom_er30_r20       ACTIVE   equity=   849.23 (-15.08%) trades=  10 open=3 meanR=-0.791 dd= 18.8% streak=9
2026-09-12 23:43:38  ---- standings ----
2026-09-12 23:43:38     CONTROL_bb_rev_r10     ACTIVE   equity=  1080.05 ( +8.01%) trades=   7 open=3 meanR=+1.119 dd=  1.0% streak=0
2026-09-12 23:43:38     rsi_mom_er30_r05       ACTIVE   equity=   960.93 ( -3.91%) trades=  10 open=3 meanR=-0.791 dd=  4.7% streak=9
2026-09-12 23:43:38     donchian_trend_r10     ACTIVE   equity=   938.16 ( -6.18%) trades=   6 open=2 meanR=-1.047 dd=  6.3% streak=6
2026-09-12 23:43:38     rsi_mom_nofilt_r10     ACTIVE   equity=   928.50 ( -7.15%) trades=   7 open=3 meanR=-1.045 dd=  7.3% streak=7
2026-09-12 23:43:38     rsi_mom_er30_r10       ACTIVE   equity=   922.79 ( -7.72%) trades=  10 open=3 meanR=-0.791 dd=  9.4% streak=9
2026-09-12 23:43:38     roc_mom_er30_r10       ACTIVE   equity=   922.79 ( -7.72%) trades=  10 open=3 meanR=-0.791 dd=  9.4% streak=9
2026-09-12 23:43:38     bb_break_er30_r10      ACTIVE   equity=   909.08 ( -9.09%) trades=   9 open=2 meanR=-1.042 dd=  9.4% streak=9
2026-09-12 23:43:38     rsi_mom_nocap_r10      TRIPPED  equity=   892.99 (-10.70%) trades=  13 open=0 meanR=-0.852 dd= 12.6% streak=12
2026-09-12 23:43:38     rsi_mom_er30_r20       ACTIVE   equity=   849.23 (-15.08%) trades=  10 open=3 meanR=-0.791 dd= 18.8% streak=9
2026-09-13 00:13:59  ---- standings ----
2026-09-13 00:13:59     CONTROL_bb_rev_r10     ACTIVE   equity=  1080.05 ( +8.01%) trades=   7 open=3 meanR=+1.119 dd=  1.0% streak=0
2026-09-13 00:13:59     rsi_mom_er30_r05       ACTIVE   equity=   960.93 ( -3.91%) trades=  10 open=3 meanR=-0.791 dd=  4.7% streak=9
2026-09-13 00:13:59     donchian_trend_r10     ACTIVE   equity=   938.16 ( -6.18%) trades=   6 open=2 meanR=-1.047 dd=  6.3% streak=6
2026-09-13 00:13:59     rsi_mom_nofilt_r10     ACTIVE   equity=   928.50 ( -7.15%) trades=   7 open=3 meanR=-1.045 dd=  7.3% streak=7
2026-09-13 00:13:59     rsi_mom_er30_r10       ACTIVE   equity=   922.79 ( -7.72%) trades=  10 open=3 meanR=-0.791 dd=  9.4% streak=9
2026-09-13 00:13:59     roc_mom_er30_r10       ACTIVE   equity=   922.79 ( -7.72%) trades=  10 open=3 meanR=-0.791 dd=  9.4% streak=9
2026-09-13 00:13:59     bb_break_er30_r10      ACTIVE   equity=   909.08 ( -9.09%) trades=   9 open=2 meanR=-1.042 dd=  9.4% streak=9
2026-09-13 00:13:59     rsi_mom_nocap_r10      TRIPPED  equity=   892.99 (-10.70%) trades=  13 open=0 meanR=-0.852 dd= 12.6% streak=12
2026-09-13 00:13:59     rsi_mom_er30_r20       ACTIVE   equity=   849.23 (-15.08%) trades=  10 open=3 meanR=-0.791 dd= 18.8% streak=9
2026-09-13 00:44:19  ---- standings ----
2026-09-13 00:44:19     CONTROL_bb_rev_r10     ACTIVE   equity=  1080.05 ( +8.01%) trades=   7 open=3 meanR=+1.119 dd=  1.0% streak=0
2026-09-13 00:44:19     rsi_mom_er30_r05       ACTIVE   equity=   960.93 ( -3.91%) trades=  10 open=3 meanR=-0.791 dd=  4.7% streak=9
2026-09-13 00:44:20     donchian_trend_r10     ACTIVE   equity=   938.16 ( -6.18%) trades=   6 open=2 meanR=-1.047 dd=  6.3% streak=6
2026-09-13 00:44:20     rsi_mom_nofilt_r10     ACTIVE   equity=   928.50 ( -7.15%) trades=   7 open=3 meanR=-1.045 dd=  7.3% streak=7
2026-09-13 00:44:20     rsi_mom_er30_r10       ACTIVE   equity=   922.79 ( -7.72%) trades=  10 open=3 meanR=-0.791 dd=  9.4% streak=9
2026-09-13 00:44:20     roc_mom_er30_r10       ACTIVE   equity=   922.79 ( -7.72%) trades=  10 open=3 meanR=-0.791 dd=  9.4% streak=9
2026-09-13 00:44:20     bb_break_er30_r10      ACTIVE   equity=   909.08 ( -9.09%) trades=   9 open=2 meanR=-1.042 dd=  9.4% streak=9
2026-09-13 00:44:20     rsi_mom_nocap_r10      TRIPPED  equity=   892.99 (-10.70%) trades=  13 open=0 meanR=-0.852 dd= 12.6% streak=12
2026-09-13 00:44:20     rsi_mom_er30_r20       ACTIVE   equity=   849.23 (-15.08%) trades=  10 open=3 meanR=-0.791 dd= 18.8% streak=9
2026-09-13 01:00:30  [bb_break_er30_r10] ENTRY SHORT AVAX/USDT:USDT @7.3930
2026-09-13 01:14:39  ---- standings ----
2026-09-13 01:14:39     CONTROL_bb_rev_r10     ACTIVE   equity=  1080.05 ( +8.01%) trades=   7 open=3 meanR=+1.119 dd=  1.0% streak=0
2026-09-13 01:14:39     rsi_mom_er30_r05       ACTIVE   equity=   960.93 ( -3.91%) trades=  10 open=3 meanR=-0.791 dd=  4.7% streak=9
2026-09-13 01:14:39     donchian_trend_r10     ACTIVE   equity=   938.16 ( -6.18%) trades=   6 open=2 meanR=-1.047 dd=  6.3% streak=6
2026-09-13 01:14:39     rsi_mom_nofilt_r10     ACTIVE   equity=   928.50 ( -7.15%) trades=   7 open=3 meanR=-1.045 dd=  7.3% streak=7
2026-09-13 01:14:39     rsi_mom_er30_r10       ACTIVE   equity=   922.79 ( -7.72%) trades=  10 open=3 meanR=-0.791 dd=  9.4% streak=9
2026-09-13 01:14:39     roc_mom_er30_r10       ACTIVE   equity=   922.79 ( -7.72%) trades=  10 open=3 meanR=-0.791 dd=  9.4% streak=9
2026-09-13 01:14:39     bb_break_er30_r10      ACTIVE   equity=   909.08 ( -9.09%) trades=   9 open=3 meanR=-1.042 dd=  9.4% streak=9
2026-09-13 01:14:39     rsi_mom_nocap_r10      TRIPPED  equity=   892.99 (-10.70%) trades=  13 open=0 meanR=-0.852 dd= 12.6% streak=12
2026-09-13 01:14:39     rsi_mom_er30_r20       ACTIVE   equity=   849.23 (-15.08%) trades=  10 open=3 meanR=-0.791 dd= 18.8% streak=9
2026-09-13 01:44:58  ---- standings ----
2026-09-13 01:44:58     CONTROL_bb_rev_r10     ACTIVE   equity=  1080.05 ( +8.01%) trades=   7 open=3 meanR=+1.119 dd=  1.0% streak=0
2026-09-13 01:44:58     rsi_mom_er30_r05       ACTIVE   equity=   960.93 ( -3.91%) trades=  10 open=3 meanR=-0.791 dd=  4.7% streak=9
2026-09-13 01:44:58     donchian_trend_r10     ACTIVE   equity=   938.16 ( -6.18%) trades=   6 open=2 meanR=-1.047 dd=  6.3% streak=6
2026-09-13 01:44:58     rsi_mom_nofilt_r10     ACTIVE   equity=   928.50 ( -7.15%) trades=   7 open=3 meanR=-1.045 dd=  7.3% streak=7
2026-09-13 01:44:58     rsi_mom_er30_r10       ACTIVE   equity=   922.79 ( -7.72%) trades=  10 open=3 meanR=-0.791 dd=  9.4% streak=9
2026-09-13 01:44:58     roc_mom_er30_r10       ACTIVE   equity=   922.79 ( -7.72%) trades=  10 open=3 meanR=-0.791 dd=  9.4% streak=9
2026-09-13 01:44:58     bb_break_er30_r10      ACTIVE   equity=   909.08 ( -9.09%) trades=   9 open=3 meanR=-1.042 dd=  9.4% streak=9
2026-09-13 01:44:58     rsi_mom_nocap_r10      TRIPPED  equity=   892.99 (-10.70%) trades=  13 open=0 meanR=-0.852 dd= 12.6% streak=12
2026-09-13 01:44:58     rsi_mom_er30_r20       ACTIVE   equity=   849.23 (-15.08%) trades=  10 open=3 meanR=-0.791 dd= 18.8% streak=9
2026-09-13 02:15:18  ---- standings ----
2026-09-13 02:15:18     CONTROL_bb_rev_r10     ACTIVE   equity=  1080.05 ( +8.01%) trades=   7 open=3 meanR=+1.119 dd=  1.0% streak=0
2026-09-13 02:15:18     rsi_mom_er30_r05       ACTIVE   equity=   960.93 ( -3.91%) trades=  10 open=3 meanR=-0.791 dd=  4.7% streak=9
2026-09-13 02:15:18     donchian_trend_r10     ACTIVE   equity=   938.16 ( -6.18%) trades=   6 open=2 meanR=-1.047 dd=  6.3% streak=6
2026-09-13 02:15:18     rsi_mom_nofilt_r10     ACTIVE   equity=   928.50 ( -7.15%) trades=   7 open=3 meanR=-1.045 dd=  7.3% streak=7
2026-09-13 02:15:18     rsi_mom_er30_r10       ACTIVE   equity=   922.79 ( -7.72%) trades=  10 open=3 meanR=-0.791 dd=  9.4% streak=9
2026-09-13 02:15:18     roc_mom_er30_r10       ACTIVE   equity=   922.79 ( -7.72%) trades=  10 open=3 meanR=-0.791 dd=  9.4% streak=9
2026-09-13 02:15:18     bb_break_er30_r10      ACTIVE   equity=   909.08 ( -9.09%) trades=   9 open=3 meanR=-1.042 dd=  9.4% streak=9
2026-09-13 02:15:18     rsi_mom_nocap_r10      TRIPPED  equity=   892.99 (-10.70%) trades=  13 open=0 meanR=-0.852 dd= 12.6% streak=12
2026-09-13 02:15:18     rsi_mom_er30_r20       ACTIVE   equity=   849.23 (-15.08%) trades=  10 open=3 meanR=-0.791 dd= 18.8% streak=9
2026-09-13 02:45:39  ---- standings ----
2026-09-13 02:45:39     CONTROL_bb_rev_r10     ACTIVE   equity=  1080.05 ( +8.01%) trades=   7 open=3 meanR=+1.119 dd=  1.0% streak=0
2026-09-13 02:45:39     rsi_mom_er30_r05       ACTIVE   equity=   960.93 ( -3.91%) trades=  10 open=3 meanR=-0.791 dd=  4.7% streak=9
2026-09-13 02:45:39     donchian_trend_r10     ACTIVE   equity=   938.16 ( -6.18%) trades=   6 open=2 meanR=-1.047 dd=  6.3% streak=6
2026-09-13 02:45:39     rsi_mom_nofilt_r10     ACTIVE   equity=   928.50 ( -7.15%) trades=   7 open=3 meanR=-1.045 dd=  7.3% streak=7
2026-09-13 02:45:39     rsi_mom_er30_r10       ACTIVE   equity=   922.79 ( -7.72%) trades=  10 open=3 meanR=-0.791 dd=  9.4% streak=9
2026-09-13 02:45:39     roc_mom_er30_r10       ACTIVE   equity=   922.79 ( -7.72%) trades=  10 open=3 meanR=-0.791 dd=  9.4% streak=9
2026-09-13 02:45:39     bb_break_er30_r10      ACTIVE   equity=   909.08 ( -9.09%) trades=   9 open=3 meanR=-1.042 dd=  9.4% streak=9
2026-09-13 02:45:39     rsi_mom_nocap_r10      TRIPPED  equity=   892.99 (-10.70%) trades=  13 open=0 meanR=-0.852 dd= 12.6% streak=12
2026-09-13 02:45:39     rsi_mom_er30_r20       ACTIVE   equity=   849.23 (-15.08%) trades=  10 open=3 meanR=-0.791 dd= 18.8% streak=9
2026-09-13 03:15:59  ---- standings ----
2026-09-13 03:15:59     CONTROL_bb_rev_r10     ACTIVE   equity=  1080.05 ( +8.01%) trades=   7 open=3 meanR=+1.119 dd=  1.0% streak=0
2026-09-13 03:15:59     rsi_mom_er30_r05       ACTIVE   equity=   960.93 ( -3.91%) trades=  10 open=3 meanR=-0.791 dd=  4.7% streak=9
2026-09-13 03:15:59     donchian_trend_r10     ACTIVE   equity=   938.16 ( -6.18%) trades=   6 open=2 meanR=-1.047 dd=  6.3% streak=6
2026-09-13 03:15:59     rsi_mom_nofilt_r10     ACTIVE   equity=   928.50 ( -7.15%) trades=   7 open=3 meanR=-1.045 dd=  7.3% streak=7
2026-09-13 03:15:59     rsi_mom_er30_r10       ACTIVE   equity=   922.79 ( -7.72%) trades=  10 open=3 meanR=-0.791 dd=  9.4% streak=9
2026-09-13 03:15:59     roc_mom_er30_r10       ACTIVE   equity=   922.79 ( -7.72%) trades=  10 open=3 meanR=-0.791 dd=  9.4% streak=9
2026-09-13 03:15:59     bb_break_er30_r10      ACTIVE   equity=   909.08 ( -9.09%) trades=   9 open=3 meanR=-1.042 dd=  9.4% streak=9
2026-09-13 03:15:59     rsi_mom_nocap_r10      TRIPPED  equity=   892.99 (-10.70%) trades=  13 open=0 meanR=-0.852 dd= 12.6% streak=12
2026-09-13 03:15:59     rsi_mom_er30_r20       ACTIVE   equity=   849.23 (-15.08%) trades=  10 open=3 meanR=-0.791 dd= 18.8% streak=9
2026-09-13 03:46:19  ---- standings ----
2026-09-13 03:46:19     CONTROL_bb_rev_r10     ACTIVE   equity=  1080.05 ( +8.01%) trades=   7 open=3 meanR=+1.119 dd=  1.0% streak=0
2026-09-13 03:46:19     rsi_mom_er30_r05       ACTIVE   equity=   960.93 ( -3.91%) trades=  10 open=3 meanR=-0.791 dd=  4.7% streak=9
2026-09-13 03:46:19     donchian_trend_r10     ACTIVE   equity=   938.16 ( -6.18%) trades=   6 open=2 meanR=-1.047 dd=  6.3% streak=6
2026-09-13 03:46:19     rsi_mom_nofilt_r10     ACTIVE   equity=   928.50 ( -7.15%) trades=   7 open=3 meanR=-1.045 dd=  7.3% streak=7
2026-09-13 03:46:19     rsi_mom_er30_r10       ACTIVE   equity=   922.79 ( -7.72%) trades=  10 open=3 meanR=-0.791 dd=  9.4% streak=9
2026-09-13 03:46:19     roc_mom_er30_r10       ACTIVE   equity=   922.79 ( -7.72%) trades=  10 open=3 meanR=-0.791 dd=  9.4% streak=9
2026-09-13 03:46:19     bb_break_er30_r10      ACTIVE   equity=   909.08 ( -9.09%) trades=   9 open=3 meanR=-1.042 dd=  9.4% streak=9
2026-09-13 03:46:19     rsi_mom_nocap_r10      TRIPPED  equity=   892.99 (-10.70%) trades=  13 open=0 meanR=-0.852 dd= 12.6% streak=12
2026-09-13 03:46:19     rsi_mom_er30_r20       ACTIVE   equity=   849.23 (-15.08%) trades=  10 open=3 meanR=-0.791 dd= 18.8% streak=9
2026-09-13 04:16:39  ---- standings ----
2026-09-13 04:16:39     CONTROL_bb_rev_r10     ACTIVE   equity=  1080.05 ( +8.01%) trades=   7 open=3 meanR=+1.119 dd=  1.0% streak=0
2026-09-13 04:16:39     rsi_mom_er30_r05       ACTIVE   equity=   960.93 ( -3.91%) trades=  10 open=3 meanR=-0.791 dd=  4.7% streak=9
2026-09-13 04:16:39     donchian_trend_r10     ACTIVE   equity=   938.16 ( -6.18%) trades=   6 open=2 meanR=-1.047 dd=  6.3% streak=6
2026-09-13 04:16:39     rsi_mom_nofilt_r10     ACTIVE   equity=   928.50 ( -7.15%) trades=   7 open=3 meanR=-1.045 dd=  7.3% streak=7
2026-09-13 04:16:39     rsi_mom_er30_r10       ACTIVE   equity=   922.79 ( -7.72%) trades=  10 open=3 meanR=-0.791 dd=  9.4% streak=9
2026-09-13 04:16:39     roc_mom_er30_r10       ACTIVE   equity=   922.79 ( -7.72%) trades=  10 open=3 meanR=-0.791 dd=  9.4% streak=9
2026-09-13 04:16:39     bb_break_er30_r10      ACTIVE   equity=   909.08 ( -9.09%) trades=   9 open=3 meanR=-1.042 dd=  9.4% streak=9
2026-09-13 04:16:39     rsi_mom_nocap_r10      TRIPPED  equity=   892.99 (-10.70%) trades=  13 open=0 meanR=-0.852 dd= 12.6% streak=12
2026-09-13 04:16:39     rsi_mom_er30_r20       ACTIVE   equity=   849.23 (-15.08%) trades=  10 open=3 meanR=-0.791 dd= 18.8% streak=9
2026-09-13 04:47:00  ---- standings ----
2026-09-13 04:47:00     CONTROL_bb_rev_r10     ACTIVE   equity=  1080.05 ( +8.01%) trades=   7 open=3 meanR=+1.119 dd=  1.0% streak=0
2026-09-13 04:47:00     rsi_mom_er30_r05       ACTIVE   equity=   960.93 ( -3.91%) trades=  10 open=3 meanR=-0.791 dd=  4.7% streak=9
2026-09-13 04:47:00     donchian_trend_r10     ACTIVE   equity=   938.16 ( -6.18%) trades=   6 open=2 meanR=-1.047 dd=  6.3% streak=6
2026-09-13 04:47:00     rsi_mom_nofilt_r10     ACTIVE   equity=   928.50 ( -7.15%) trades=   7 open=3 meanR=-1.045 dd=  7.3% streak=7
2026-09-13 04:47:00     rsi_mom_er30_r10       ACTIVE   equity=   922.79 ( -7.72%) trades=  10 open=3 meanR=-0.791 dd=  9.4% streak=9
2026-09-13 04:47:00     roc_mom_er30_r10       ACTIVE   equity=   922.79 ( -7.72%) trades=  10 open=3 meanR=-0.791 dd=  9.4% streak=9
2026-09-13 04:47:00     bb_break_er30_r10      ACTIVE   equity=   909.08 ( -9.09%) trades=   9 open=3 meanR=-1.042 dd=  9.4% streak=9
2026-09-13 04:47:00     rsi_mom_nocap_r10      TRIPPED  equity=   892.99 (-10.70%) trades=  13 open=0 meanR=-0.852 dd= 12.6% streak=12
2026-09-13 04:47:00     rsi_mom_er30_r20       ACTIVE   equity=   849.23 (-15.08%) trades=  10 open=3 meanR=-0.791 dd= 18.8% streak=9
2026-09-13 05:17:20  ---- standings ----
2026-09-13 05:17:20     CONTROL_bb_rev_r10     ACTIVE   equity=  1080.05 ( +8.01%) trades=   7 open=3 meanR=+1.119 dd=  1.0% streak=0
2026-09-13 05:17:20     rsi_mom_er30_r05       ACTIVE   equity=   960.93 ( -3.91%) trades=  10 open=3 meanR=-0.791 dd=  4.7% streak=9
2026-09-13 05:17:20     donchian_trend_r10     ACTIVE   equity=   938.16 ( -6.18%) trades=   6 open=2 meanR=-1.047 dd=  6.3% streak=6
2026-09-13 05:17:20     rsi_mom_nofilt_r10     ACTIVE   equity=   928.50 ( -7.15%) trades=   7 open=3 meanR=-1.045 dd=  7.3% streak=7
2026-09-13 05:17:20     rsi_mom_er30_r10       ACTIVE   equity=   922.79 ( -7.72%) trades=  10 open=3 meanR=-0.791 dd=  9.4% streak=9
2026-09-13 05:17:20     roc_mom_er30_r10       ACTIVE   equity=   922.79 ( -7.72%) trades=  10 open=3 meanR=-0.791 dd=  9.4% streak=9
2026-09-13 05:17:20     bb_break_er30_r10      ACTIVE   equity=   909.08 ( -9.09%) trades=   9 open=3 meanR=-1.042 dd=  9.4% streak=9
2026-09-13 05:17:20     rsi_mom_nocap_r10      TRIPPED  equity=   892.99 (-10.70%) trades=  13 open=0 meanR=-0.852 dd= 12.6% streak=12
2026-09-13 05:17:20     rsi_mom_er30_r20       ACTIVE   equity=   849.23 (-15.08%) trades=  10 open=3 meanR=-0.791 dd= 18.8% streak=9
2026-09-13 05:47:41  ---- standings ----
2026-09-13 05:47:41     CONTROL_bb_rev_r10     ACTIVE   equity=  1080.05 ( +8.01%) trades=   7 open=3 meanR=+1.119 dd=  1.0% streak=0
2026-09-13 05:47:41     rsi_mom_er30_r05       ACTIVE   equity=   960.93 ( -3.91%) trades=  10 open=3 meanR=-0.791 dd=  4.7% streak=9
2026-09-13 05:47:41     donchian_trend_r10     ACTIVE   equity=   938.16 ( -6.18%) trades=   6 open=2 meanR=-1.047 dd=  6.3% streak=6
2026-09-13 05:47:41     rsi_mom_nofilt_r10     ACTIVE   equity=   928.50 ( -7.15%) trades=   7 open=3 meanR=-1.045 dd=  7.3% streak=7
2026-09-13 05:47:41     rsi_mom_er30_r10       ACTIVE   equity=   922.79 ( -7.72%) trades=  10 open=3 meanR=-0.791 dd=  9.4% streak=9
2026-09-13 05:47:41     roc_mom_er30_r10       ACTIVE   equity=   922.79 ( -7.72%) trades=  10 open=3 meanR=-0.791 dd=  9.4% streak=9
2026-09-13 05:47:41     bb_break_er30_r10      ACTIVE   equity=   909.08 ( -9.09%) trades=   9 open=3 meanR=-1.042 dd=  9.4% streak=9
2026-09-13 05:47:41     rsi_mom_nocap_r10      TRIPPED  equity=   892.99 (-10.70%) trades=  13 open=0 meanR=-0.852 dd= 12.6% streak=12
2026-09-13 05:47:41     rsi_mom_er30_r20       ACTIVE   equity=   849.23 (-15.08%) trades=  10 open=3 meanR=-0.791 dd= 18.8% streak=9
2026-09-13 06:18:03  ---- standings ----
2026-09-13 06:18:03     CONTROL_bb_rev_r10     ACTIVE   equity=  1080.05 ( +8.01%) trades=   7 open=3 meanR=+1.119 dd=  1.0% streak=0
2026-09-13 06:18:03     rsi_mom_er30_r05       ACTIVE   equity=   960.93 ( -3.91%) trades=  10 open=3 meanR=-0.791 dd=  4.7% streak=9
2026-09-13 06:18:03     donchian_trend_r10     ACTIVE   equity=   938.16 ( -6.18%) trades=   6 open=2 meanR=-1.047 dd=  6.3% streak=6
2026-09-13 06:18:03     rsi_mom_nofilt_r10     ACTIVE   equity=   928.50 ( -7.15%) trades=   7 open=3 meanR=-1.045 dd=  7.3% streak=7
2026-09-13 06:18:03     rsi_mom_er30_r10       ACTIVE   equity=   922.79 ( -7.72%) trades=  10 open=3 meanR=-0.791 dd=  9.4% streak=9
2026-09-13 06:18:03     roc_mom_er30_r10       ACTIVE   equity=   922.79 ( -7.72%) trades=  10 open=3 meanR=-0.791 dd=  9.4% streak=9
2026-09-13 06:18:03     bb_break_er30_r10      ACTIVE   equity=   909.08 ( -9.09%) trades=   9 open=3 meanR=-1.042 dd=  9.4% streak=9
2026-09-13 06:18:03     rsi_mom_nocap_r10      TRIPPED  equity=   892.99 (-10.70%) trades=  13 open=0 meanR=-0.852 dd= 12.6% streak=12
2026-09-13 06:18:03     rsi_mom_er30_r20       ACTIVE   equity=   849.23 (-15.08%) trades=  10 open=3 meanR=-0.791 dd= 18.8% streak=9
2026-09-13 06:48:27  ---- standings ----
2026-09-13 06:48:27     CONTROL_bb_rev_r10     ACTIVE   equity=  1080.05 ( +8.01%) trades=   7 open=3 meanR=+1.119 dd=  1.0% streak=0
2026-09-13 06:48:27     rsi_mom_er30_r05       ACTIVE   equity=   960.93 ( -3.91%) trades=  10 open=3 meanR=-0.791 dd=  4.7% streak=9
2026-09-13 06:48:27     donchian_trend_r10     ACTIVE   equity=   938.16 ( -6.18%) trades=   6 open=2 meanR=-1.047 dd=  6.3% streak=6
2026-09-13 06:48:27     rsi_mom_nofilt_r10     ACTIVE   equity=   928.50 ( -7.15%) trades=   7 open=3 meanR=-1.045 dd=  7.3% streak=7
2026-09-13 06:48:27     rsi_mom_er30_r10       ACTIVE   equity=   922.79 ( -7.72%) trades=  10 open=3 meanR=-0.791 dd=  9.4% streak=9
2026-09-13 06:48:27     roc_mom_er30_r10       ACTIVE   equity=   922.79 ( -7.72%) trades=  10 open=3 meanR=-0.791 dd=  9.4% streak=9
2026-09-13 06:48:27     bb_break_er30_r10      ACTIVE   equity=   909.08 ( -9.09%) trades=   9 open=3 meanR=-1.042 dd=  9.4% streak=9
2026-09-13 06:48:27     rsi_mom_nocap_r10      TRIPPED  equity=   892.99 (-10.70%) trades=  13 open=0 meanR=-0.852 dd= 12.6% streak=12
2026-09-13 06:48:27     rsi_mom_er30_r20       ACTIVE   equity=   849.23 (-15.08%) trades=  10 open=3 meanR=-0.791 dd= 18.8% streak=9
2026-09-13 07:00:35  [rsi_mom_er30_r05] EXIT SL BNB/USDT:USDT @722.8778 R=-1.06 eq=955.85
2026-09-13 07:00:35  [rsi_mom_er30_r10] EXIT SL BNB/USDT:USDT @722.8778 R=-1.06 eq=913.03
2026-09-13 07:00:36  [rsi_mom_er30_r20] EXIT SL BNB/USDT:USDT @722.8778 R=-1.06 eq=831.27
2026-09-13 07:00:36  [roc_mom_er30_r10] EXIT SL BNB/USDT:USDT @722.8778 R=-1.06 eq=913.03
2026-09-13 07:00:36  [bb_break_er30_r10] EXIT SL BNB/USDT:USDT @722.8778 R=-1.06 eq=899.46
2026-09-13 07:00:36  [donchian_trend_r10] EXIT SL AVAX/USDT:USDT @7.4523 R=-1.06 eq=928.18
2026-09-13 07:18:49  ---- standings ----
2026-09-13 07:18:49     CONTROL_bb_rev_r10     ACTIVE   equity=  1080.05 ( +8.01%) trades=   7 open=3 meanR=+1.119 dd=  1.0% streak=0
2026-09-13 07:18:49     rsi_mom_er30_r05       ACTIVE   equity=   955.85 ( -4.41%) trades=  11 open=2 meanR=-0.815 dd=  5.2% streak=10
2026-09-13 07:18:49     rsi_mom_nofilt_r10     ACTIVE   equity=   928.50 ( -7.15%) trades=   7 open=3 meanR=-1.045 dd=  7.3% streak=7
2026-09-13 07:18:49     donchian_trend_r10     ACTIVE   equity=   928.18 ( -7.18%) trades=   7 open=1 meanR=-1.049 dd=  7.3% streak=7
2026-09-13 07:18:49     rsi_mom_er30_r10       ACTIVE   equity=   913.03 ( -8.70%) trades=  11 open=2 meanR=-0.815 dd= 10.4% streak=10
2026-09-13 07:18:49     roc_mom_er30_r10       ACTIVE   equity=   913.03 ( -8.70%) trades=  11 open=2 meanR=-0.815 dd= 10.4% streak=10
2026-09-13 07:18:49     bb_break_er30_r10      ACTIVE   equity=   899.46 (-10.05%) trades=  10 open=2 meanR=-1.044 dd= 10.4% streak=10
2026-09-13 07:18:49     rsi_mom_nocap_r10      TRIPPED  equity=   892.99 (-10.70%) trades=  13 open=0 meanR=-0.852 dd= 12.6% streak=12
2026-09-13 07:18:49     rsi_mom_er30_r20       ACTIVE   equity=   831.27 (-16.87%) trades=  11 open=2 meanR=-0.815 dd= 20.9% streak=10
2026-09-13 07:49:12  ---- standings ----
2026-09-13 07:49:12     CONTROL_bb_rev_r10     ACTIVE   equity=  1080.05 ( +8.01%) trades=   7 open=3 meanR=+1.119 dd=  1.0% streak=0
2026-09-13 07:49:12     rsi_mom_er30_r05       ACTIVE   equity=   955.85 ( -4.41%) trades=  11 open=2 meanR=-0.815 dd=  5.2% streak=10
2026-09-13 07:49:12     rsi_mom_nofilt_r10     ACTIVE   equity=   928.50 ( -7.15%) trades=   7 open=3 meanR=-1.045 dd=  7.3% streak=7
2026-09-13 07:49:12     donchian_trend_r10     ACTIVE   equity=   928.18 ( -7.18%) trades=   7 open=1 meanR=-1.049 dd=  7.3% streak=7
2026-09-13 07:49:12     rsi_mom_er30_r10       ACTIVE   equity=   913.03 ( -8.70%) trades=  11 open=2 meanR=-0.815 dd= 10.4% streak=10
2026-09-13 07:49:12     roc_mom_er30_r10       ACTIVE   equity=   913.03 ( -8.70%) trades=  11 open=2 meanR=-0.815 dd= 10.4% streak=10
2026-09-13 07:49:12     bb_break_er30_r10      ACTIVE   equity=   899.46 (-10.05%) trades=  10 open=2 meanR=-1.044 dd= 10.4% streak=10
2026-09-13 07:49:12     rsi_mom_nocap_r10      TRIPPED  equity=   892.99 (-10.70%) trades=  13 open=0 meanR=-0.852 dd= 12.6% streak=12
2026-09-13 07:49:12     rsi_mom_er30_r20       ACTIVE   equity=   831.27 (-16.87%) trades=  11 open=2 meanR=-0.815 dd= 20.9% streak=10
2026-09-13 08:01:22  [rsi_mom_er30_r05] ENTRY SHORT BNB/USDT:USDT @721.2700
2026-09-13 08:01:22  [rsi_mom_er30_r10] ENTRY SHORT BNB/USDT:USDT @721.2700
2026-09-13 08:01:22  [rsi_mom_er30_r20] ENTRY SHORT BNB/USDT:USDT @721.2700
2026-09-13 08:01:22  [roc_mom_er30_r10] ENTRY SHORT BNB/USDT:USDT @721.2700
2026-09-13 08:19:39  ---- standings ----
2026-09-13 08:19:39     CONTROL_bb_rev_r10     ACTIVE   equity=  1080.05 ( +8.01%) trades=   7 open=3 meanR=+1.119 dd=  1.0% streak=0
2026-09-13 08:19:39     rsi_mom_er30_r05       ACTIVE   equity=   955.85 ( -4.41%) trades=  11 open=3 meanR=-0.815 dd=  5.2% streak=10
2026-09-13 08:19:39     rsi_mom_nofilt_r10     ACTIVE   equity=   928.50 ( -7.15%) trades=   7 open=3 meanR=-1.045 dd=  7.3% streak=7
2026-09-13 08:19:39     donchian_trend_r10     ACTIVE   equity=   928.18 ( -7.18%) trades=   7 open=1 meanR=-1.049 dd=  7.3% streak=7
2026-09-13 08:19:39     rsi_mom_er30_r10       ACTIVE   equity=   913.03 ( -8.70%) trades=  11 open=3 meanR=-0.815 dd= 10.4% streak=10
2026-09-13 08:19:39     roc_mom_er30_r10       ACTIVE   equity=   913.03 ( -8.70%) trades=  11 open=3 meanR=-0.815 dd= 10.4% streak=10
2026-09-13 08:19:39     bb_break_er30_r10      ACTIVE   equity=   899.46 (-10.05%) trades=  10 open=2 meanR=-1.044 dd= 10.4% streak=10
2026-09-13 08:19:39     rsi_mom_nocap_r10      TRIPPED  equity=   892.99 (-10.70%) trades=  13 open=0 meanR=-0.852 dd= 12.6% streak=12
2026-09-13 08:19:39     rsi_mom_er30_r20       ACTIVE   equity=   831.27 (-16.87%) trades=  11 open=3 meanR=-0.815 dd= 20.9% streak=10
2026-09-13 08:50:02  ---- standings ----
2026-09-13 08:50:02     CONTROL_bb_rev_r10     ACTIVE   equity=  1080.05 ( +8.01%) trades=   7 open=3 meanR=+1.119 dd=  1.0% streak=0
2026-09-13 08:50:02     rsi_mom_er30_r05       ACTIVE   equity=   955.85 ( -4.41%) trades=  11 open=3 meanR=-0.815 dd=  5.2% streak=10
2026-09-13 08:50:02     rsi_mom_nofilt_r10     ACTIVE   equity=   928.50 ( -7.15%) trades=   7 open=3 meanR=-1.045 dd=  7.3% streak=7
2026-09-13 08:50:02     donchian_trend_r10     ACTIVE   equity=   928.18 ( -7.18%) trades=   7 open=1 meanR=-1.049 dd=  7.3% streak=7
2026-09-13 08:50:02     rsi_mom_er30_r10       ACTIVE   equity=   913.03 ( -8.70%) trades=  11 open=3 meanR=-0.815 dd= 10.4% streak=10
2026-09-13 08:50:02     roc_mom_er30_r10       ACTIVE   equity=   913.03 ( -8.70%) trades=  11 open=3 meanR=-0.815 dd= 10.4% streak=10
2026-09-13 08:50:02     bb_break_er30_r10      ACTIVE   equity=   899.46 (-10.05%) trades=  10 open=2 meanR=-1.044 dd= 10.4% streak=10
2026-09-13 08:50:02     rsi_mom_nocap_r10      TRIPPED  equity=   892.99 (-10.70%) trades=  13 open=0 meanR=-0.852 dd= 12.6% streak=12
2026-09-13 08:50:02     rsi_mom_er30_r20       ACTIVE   equity=   831.27 (-16.87%) trades=  11 open=3 meanR=-0.815 dd= 20.9% streak=10
2026-09-13 09:00:09  [rsi_mom_er30_r05] EXIT SL ETH/USDT:USDT @2497.4970 R=-1.06 eq=950.77
2026-09-13 09:00:09  [rsi_mom_er30_r10] EXIT SL ETH/USDT:USDT @2497.4970 R=-1.06 eq=903.27
2026-09-13 09:00:09  [rsi_mom_er30_r20] EXIT SL ETH/USDT:USDT @2497.4970 R=-1.06 eq=813.30
2026-09-13 09:00:09  [donchian_trend_r10] ENTRY SHORT ETH/USDT:USDT @2517.0200
2026-09-13 09:00:09  [donchian_trend_r10] EXIT TP ETH/USDT:USDT @2489.4909 R=+1.45 eq=941.59
2026-09-13 09:00:09  [rsi_mom_er30_r05] EXIT SL XRP/USDT:USDT @1.3510 R=-1.05 eq=945.72
2026-09-13 09:00:09  [rsi_mom_er30_r10] EXIT SL XRP/USDT:USDT @1.3510 R=-1.05 eq=893.57
2026-09-13 09:00:09  [rsi_mom_er30_r20] EXIT SL XRP/USDT:USDT @1.3510 R=-1.05 eq=795.45
2026-09-13 09:00:09  [donchian_trend_r10] ENTRY SHORT XRP/USDT:USDT @1.3571
2026-09-13 09:00:10  [bb_break_er30_r10] ENTRY SHORT BNB/USDT:USDT @721.5700
2026-09-13 09:00:10  [donchian_trend_r10] ENTRY SHORT BNB/USDT:USDT @721.5700
2026-09-13 09:00:10  [CONTROL_bb_rev_r10] EXIT SL AVAX/USDT:USDT @7.3013 R=-1.06 eq=1068.58
2026-09-13 09:02:10  [BREAKER] rsi_mom_er30_r05: CIRCUIT BREAKER: 12 consecutive losses >= 12
2026-09-13 09:02:10  [BREAKER] rsi_mom_er30_r05: LATCHED OFF - manual reset required (net -5.5% of account over 13 trades)
2026-09-13 09:02:10  [BREAKER] rsi_mom_er30_r10: CIRCUIT BREAKER: 12 consecutive losses >= 12
2026-09-13 09:02:10  [BREAKER] rsi_mom_er30_r10: LATCHED OFF - manual reset required (net -11.1% of account over 13 trades)
2026-09-13 09:02:10  [BREAKER] rsi_mom_er30_r20: CIRCUIT BREAKER: 12 consecutive losses >= 12
2026-09-13 09:02:10  [BREAKER] rsi_mom_er30_r20: LATCHED OFF - manual reset required (net -22.1% of account over 13 trades)
2026-09-13 09:20:26  ---- standings ----
2026-09-13 09:20:26     CONTROL_bb_rev_r10     ACTIVE   equity=  1068.58 ( +6.86%) trades=   8 open=2 meanR=+0.847 dd=  1.1% streak=1
2026-09-13 09:20:26     rsi_mom_er30_r05       TRIPPED  equity=   945.72 ( -5.43%) trades=  13 open=1 meanR=-0.852 dd=  6.3% streak=12
2026-09-13 09:20:26     donchian_trend_r10     ACTIVE   equity=   941.59 ( -5.84%) trades=   8 open=3 meanR=-0.738 dd=  7.3% streak=0
2026-09-13 09:20:26     rsi_mom_nofilt_r10     ACTIVE   equity=   928.50 ( -7.15%) trades=   7 open=3 meanR=-1.045 dd=  7.3% streak=7
2026-09-13 09:20:26     roc_mom_er30_r10       ACTIVE   equity=   913.03 ( -8.70%) trades=  11 open=3 meanR=-0.815 dd= 10.4% streak=10
2026-09-13 09:20:26     bb_break_er30_r10      ACTIVE   equity=   899.46 (-10.05%) trades=  10 open=3 meanR=-1.044 dd= 10.4% streak=10
2026-09-13 09:20:26     rsi_mom_er30_r10       TRIPPED  equity=   893.57 (-10.64%) trades=  13 open=1 meanR=-0.852 dd= 12.6% streak=12
2026-09-13 09:20:26     rsi_mom_nocap_r10      TRIPPED  equity=   892.99 (-10.70%) trades=  13 open=0 meanR=-0.852 dd= 12.6% streak=12
2026-09-13 09:20:26     rsi_mom_er30_r20       TRIPPED  equity=   795.45 (-20.45%) trades=  13 open=1 meanR=-0.852 dd= 25.1% streak=12
2026-09-13 09:36:40  [BTC/USDT:USDT] fetch error: bitget GET https://api.bitget.com/api/v2/mix/market/candles?symbol=BTCUSDT&granularity=1H&limit=300&productType=USDT-FUTURES
2026-09-13 09:50:52  ---- standings ----
2026-09-13 09:50:52     CONTROL_bb_rev_r10     ACTIVE   equity=  1068.58 ( +6.86%) trades=   8 open=2 meanR=+0.847 dd=  1.1% streak=1
2026-09-13 09:50:52     rsi_mom_er30_r05       TRIPPED  equity=   945.72 ( -5.43%) trades=  13 open=1 meanR=-0.852 dd=  6.3% streak=12
2026-09-13 09:50:52     donchian_trend_r10     ACTIVE   equity=   941.59 ( -5.84%) trades=   8 open=3 meanR=-0.738 dd=  7.3% streak=0
2026-09-13 09:50:52     rsi_mom_nofilt_r10     ACTIVE   equity=   928.50 ( -7.15%) trades=   7 open=3 meanR=-1.045 dd=  7.3% streak=7
2026-09-13 09:50:52     roc_mom_er30_r10       ACTIVE   equity=   913.03 ( -8.70%) trades=  11 open=3 meanR=-0.815 dd= 10.4% streak=10
2026-09-13 09:50:52     bb_break_er30_r10      ACTIVE   equity=   899.46 (-10.05%) trades=  10 open=3 meanR=-1.044 dd= 10.4% streak=10
2026-09-13 09:50:52     rsi_mom_er30_r10       TRIPPED  equity=   893.57 (-10.64%) trades=  13 open=1 meanR=-0.852 dd= 12.6% streak=12
2026-09-13 09:50:52     rsi_mom_nocap_r10      TRIPPED  equity=   892.99 (-10.70%) trades=  13 open=0 meanR=-0.852 dd= 12.6% streak=12
2026-09-13 09:50:52     rsi_mom_er30_r20       TRIPPED  equity=   795.45 (-20.45%) trades=  13 open=1 meanR=-0.852 dd= 25.1% streak=12
2026-09-13 10:00:59  [roc_mom_er30_r10] EXIT TP ETH/USDT:USDT @2479.9954 R=+1.47 eq=926.61
2026-09-13 10:00:59  [rsi_mom_nofilt_r10] EXIT SL ETH/USDT:USDT @2486.6222 R=-1.03 eq=918.95
2026-09-13 10:01:00  [rsi_mom_er30_r05] ENTRY SHORT SOL/USDT:USDT @99.9640
2026-09-13 10:01:00  [rsi_mom_er30_r10] ENTRY SHORT SOL/USDT:USDT @99.9640
2026-09-13 10:01:00  [rsi_mom_er30_r20] ENTRY SHORT SOL/USDT:USDT @99.9640
2026-09-13 10:01:00  [bb_break_er30_r10] EXIT TP SOL/USDT:USDT @99.6244 R=+1.46 eq=912.77
2026-09-13 10:01:00  [donchian_trend_r10] EXIT TP SOL/USDT:USDT @99.6244 R=+1.46 eq=955.32
2026-09-13 10:01:00  [rsi_mom_er30_r05] ENTRY SHORT XRP/USDT:USDT @1.3475
2026-09-13 10:01:00  [rsi_mom_er30_r10] ENTRY SHORT XRP/USDT:USDT @1.3475
2026-09-13 10:01:00  [rsi_mom_er30_r20] ENTRY SHORT XRP/USDT:USDT @1.3475
2026-09-13 10:01:00  [bb_break_er30_r10] ENTRY SHORT XRP/USDT:USDT @1.3475
2026-09-13 10:01:00  [donchian_trend_r10] EXIT TP XRP/USDT:USDT @1.3381 R=+1.46 eq=969.04
2026-09-13 10:21:21  ---- standings ----
2026-09-13 10:21:21     CONTROL_bb_rev_r10     ACTIVE   equity=  1068.58 ( +6.86%) trades=   8 open=2 meanR=+0.847 dd=  1.1% streak=1
2026-09-13 10:21:21     donchian_trend_r10     ACTIVE   equity=   969.04 ( -3.10%) trades=  10 open=1 meanR=-0.298 dd=  7.3% streak=0
2026-09-13 10:21:21     rsi_mom_er30_r05       TRIPPED  equity=   945.72 ( -5.43%) trades=  13 open=3 meanR=-0.852 dd=  6.3% streak=12
2026-09-13 10:21:21     roc_mom_er30_r10       ACTIVE   equity=   926.61 ( -7.34%) trades=  12 open=2 meanR=-0.624 dd= 10.4% streak=0
2026-09-13 10:21:21     rsi_mom_nofilt_r10     ACTIVE   equity=   918.95 ( -8.11%) trades=   8 open=2 meanR=-1.043 dd=  8.3% streak=8
2026-09-13 10:21:21     bb_break_er30_r10      ACTIVE   equity=   912.77 ( -8.72%) trades=  11 open=3 meanR=-0.816 dd= 10.4% streak=0
2026-09-13 10:21:21     rsi_mom_er30_r10       TRIPPED  equity=   893.57 (-10.64%) trades=  13 open=3 meanR=-0.852 dd= 12.6% streak=12
2026-09-13 10:21:21     rsi_mom_nocap_r10      TRIPPED  equity=   892.99 (-10.70%) trades=  13 open=0 meanR=-0.852 dd= 12.6% streak=12
2026-09-13 10:21:21     rsi_mom_er30_r20       TRIPPED  equity=   795.45 (-20.45%) trades=  13 open=3 meanR=-0.852 dd= 25.1% streak=12
2026-09-13 10:51:50  ---- standings ----
2026-09-13 10:51:50     CONTROL_bb_rev_r10     ACTIVE   equity=  1068.58 ( +6.86%) trades=   8 open=2 meanR=+0.847 dd=  1.1% streak=1
2026-09-13 10:51:50     donchian_trend_r10     ACTIVE   equity=   969.04 ( -3.10%) trades=  10 open=1 meanR=-0.298 dd=  7.3% streak=0
2026-09-13 10:51:50     rsi_mom_er30_r05       TRIPPED  equity=   945.72 ( -5.43%) trades=  13 open=3 meanR=-0.852 dd=  6.3% streak=12
2026-09-13 10:51:50     roc_mom_er30_r10       ACTIVE   equity=   926.61 ( -7.34%) trades=  12 open=2 meanR=-0.624 dd= 10.4% streak=0
2026-09-13 10:51:50     rsi_mom_nofilt_r10     ACTIVE   equity=   918.95 ( -8.11%) trades=   8 open=2 meanR=-1.043 dd=  8.3% streak=8
2026-09-13 10:51:50     bb_break_er30_r10      ACTIVE   equity=   912.77 ( -8.72%) trades=  11 open=3 meanR=-0.816 dd= 10.4% streak=0
2026-09-13 10:51:50     rsi_mom_er30_r10       TRIPPED  equity=   893.57 (-10.64%) trades=  13 open=3 meanR=-0.852 dd= 12.6% streak=12
2026-09-13 10:51:50     rsi_mom_nocap_r10      TRIPPED  equity=   892.99 (-10.70%) trades=  13 open=0 meanR=-0.852 dd= 12.6% streak=12
2026-09-13 10:51:50     rsi_mom_er30_r20       TRIPPED  equity=   795.45 (-20.45%) trades=  13 open=3 meanR=-0.852 dd= 25.1% streak=12
2026-09-13 11:01:59  [roc_mom_er30_r10] ENTRY SHORT ETH/USDT:USDT @2484.4800
2026-09-13 11:01:59  [rsi_mom_nofilt_r10] ENTRY SHORT ETH/USDT:USDT @2484.4800
2026-09-13 11:01:59  [CONTROL_bb_rev_r10] ENTRY LONG ETH/USDT:USDT @2484.4800
2026-09-13 11:01:59  [donchian_trend_r10] ENTRY SHORT SOL/USDT:USDT @99.8200
2026-09-13 11:01:59  [donchian_trend_r10] ENTRY SHORT XRP/USDT:USDT @1.3438
2026-09-13 11:02:00  [bb_break_er30_r10] EXIT TP BNB/USDT:USDT @713.9363 R=+1.44 eq=925.75
2026-09-13 11:02:00  [donchian_trend_r10] EXIT TP BNB/USDT:USDT @713.9363 R=+1.44 eq=982.63
2026-09-13 11:02:00  [donchian_trend_r10] ENTRY SHORT AVAX/USDT:USDT @7.3350
2026-09-13 11:22:20  ---- standings ----
2026-09-13 11:22:20     CONTROL_bb_rev_r10     ACTIVE   equity=  1068.58 ( +6.86%) trades=   8 open=3 meanR=+0.847 dd=  1.1% streak=1
2026-09-13 11:22:20     donchian_trend_r10     ACTIVE   equity=   982.63 ( -1.74%) trades=  11 open=3 meanR=-0.140 dd=  7.3% streak=0
2026-09-13 11:22:20     rsi_mom_er30_r05       TRIPPED  equity=   945.72 ( -5.43%) trades=  13 open=3 meanR=-0.852 dd=  6.3% streak=12
2026-09-13 11:22:20     roc_mom_er30_r10       ACTIVE   equity=   926.61 ( -7.34%) trades=  12 open=3 meanR=-0.624 dd= 10.4% streak=0
2026-09-13 11:22:20     bb_break_er30_r10      ACTIVE   equity=   925.75 ( -7.42%) trades=  12 open=2 meanR=-0.628 dd= 10.4% streak=0
2026-09-13 11:22:20     rsi_mom_nofilt_r10     ACTIVE   equity=   918.95 ( -8.11%) trades=   8 open=3 meanR=-1.043 dd=  8.3% streak=8
2026-09-13 11:22:20     rsi_mom_er30_r10       TRIPPED  equity=   893.57 (-10.64%) trades=  13 open=3 meanR=-0.852 dd= 12.6% streak=12
2026-09-13 11:22:20     rsi_mom_nocap_r10      TRIPPED  equity=   892.99 (-10.70%) trades=  13 open=0 meanR=-0.852 dd= 12.6% streak=12
2026-09-13 11:22:20     rsi_mom_er30_r20       TRIPPED  equity=   795.45 (-20.45%) trades=  13 open=3 meanR=-0.852 dd= 25.1% streak=12
2026-09-13 11:52:50  ---- standings ----
2026-09-13 11:52:50     CONTROL_bb_rev_r10     ACTIVE   equity=  1068.58 ( +6.86%) trades=   8 open=3 meanR=+0.847 dd=  1.1% streak=1
2026-09-13 11:52:50     donchian_trend_r10     ACTIVE   equity=   982.63 ( -1.74%) trades=  11 open=3 meanR=-0.140 dd=  7.3% streak=0
2026-09-13 11:52:50     rsi_mom_er30_r05       TRIPPED  equity=   945.72 ( -5.43%) trades=  13 open=3 meanR=-0.852 dd=  6.3% streak=12
2026-09-13 11:52:50     roc_mom_er30_r10       ACTIVE   equity=   926.61 ( -7.34%) trades=  12 open=3 meanR=-0.624 dd= 10.4% streak=0
2026-09-13 11:52:50     bb_break_er30_r10      ACTIVE   equity=   925.75 ( -7.42%) trades=  12 open=2 meanR=-0.628 dd= 10.4% streak=0
2026-09-13 11:52:50     rsi_mom_nofilt_r10     ACTIVE   equity=   918.95 ( -8.11%) trades=   8 open=3 meanR=-1.043 dd=  8.3% streak=8
2026-09-13 11:52:50     rsi_mom_er30_r10       TRIPPED  equity=   893.57 (-10.64%) trades=  13 open=3 meanR=-0.852 dd= 12.6% streak=12
2026-09-13 11:52:50     rsi_mom_nocap_r10      TRIPPED  equity=   892.99 (-10.70%) trades=  13 open=0 meanR=-0.852 dd= 12.6% streak=12
2026-09-13 11:52:50     rsi_mom_er30_r20       TRIPPED  equity=   795.45 (-20.45%) trades=  13 open=3 meanR=-0.852 dd= 25.1% streak=12
2026-09-13 12:00:57  [bb_break_er30_r10] ENTRY SHORT BNB/USDT:USDT @714.6400
2026-09-13 12:23:19  ---- standings ----
2026-09-13 12:23:19     CONTROL_bb_rev_r10     ACTIVE   equity=  1068.58 ( +6.86%) trades=   8 open=3 meanR=+0.847 dd=  1.1% streak=1
2026-09-13 12:23:20     donchian_trend_r10     ACTIVE   equity=   982.63 ( -1.74%) trades=  11 open=3 meanR=-0.140 dd=  7.3% streak=0
2026-09-13 12:23:20     rsi_mom_er30_r05       TRIPPED  equity=   945.72 ( -5.43%) trades=  13 open=3 meanR=-0.852 dd=  6.3% streak=12
2026-09-13 12:23:20     roc_mom_er30_r10       ACTIVE   equity=   926.61 ( -7.34%) trades=  12 open=3 meanR=-0.624 dd= 10.4% streak=0
2026-09-13 12:23:20     bb_break_er30_r10      ACTIVE   equity=   925.75 ( -7.42%) trades=  12 open=3 meanR=-0.628 dd= 10.4% streak=0
2026-09-13 12:23:20     rsi_mom_nofilt_r10     ACTIVE   equity=   918.95 ( -8.11%) trades=   8 open=3 meanR=-1.043 dd=  8.3% streak=8
2026-09-13 12:23:20     rsi_mom_er30_r10       TRIPPED  equity=   893.57 (-10.64%) trades=  13 open=3 meanR=-0.852 dd= 12.6% streak=12
2026-09-13 12:23:20     rsi_mom_nocap_r10      TRIPPED  equity=   892.99 (-10.70%) trades=  13 open=0 meanR=-0.852 dd= 12.6% streak=12
2026-09-13 12:23:20     rsi_mom_er30_r20       TRIPPED  equity=   795.45 (-20.45%) trades=  13 open=3 meanR=-0.852 dd= 25.1% streak=12
2026-09-13 12:53:49  ---- standings ----
2026-09-13 12:53:49     CONTROL_bb_rev_r10     ACTIVE   equity=  1068.58 ( +6.86%) trades=   8 open=3 meanR=+0.847 dd=  1.1% streak=1
2026-09-13 12:53:49     donchian_trend_r10     ACTIVE   equity=   982.63 ( -1.74%) trades=  11 open=3 meanR=-0.140 dd=  7.3% streak=0
2026-09-13 12:53:49     rsi_mom_er30_r05       TRIPPED  equity=   945.72 ( -5.43%) trades=  13 open=3 meanR=-0.852 dd=  6.3% streak=12
2026-09-13 12:53:49     roc_mom_er30_r10       ACTIVE   equity=   926.61 ( -7.34%) trades=  12 open=3 meanR=-0.624 dd= 10.4% streak=0
2026-09-13 12:53:49     bb_break_er30_r10      ACTIVE   equity=   925.75 ( -7.42%) trades=  12 open=3 meanR=-0.628 dd= 10.4% streak=0
2026-09-13 12:53:49     rsi_mom_nofilt_r10     ACTIVE   equity=   918.95 ( -8.11%) trades=   8 open=3 meanR=-1.043 dd=  8.3% streak=8
2026-09-13 12:53:49     rsi_mom_er30_r10       TRIPPED  equity=   893.57 (-10.64%) trades=  13 open=3 meanR=-0.852 dd= 12.6% streak=12
2026-09-13 12:53:49     rsi_mom_nocap_r10      TRIPPED  equity=   892.99 (-10.70%) trades=  13 open=0 meanR=-0.852 dd= 12.6% streak=12
2026-09-13 12:53:49     rsi_mom_er30_r20       TRIPPED  equity=   795.45 (-20.45%) trades=  13 open=3 meanR=-0.852 dd= 25.1% streak=12
2026-09-13 13:24:19  ---- standings ----
2026-09-13 13:24:19     CONTROL_bb_rev_r10     ACTIVE   equity=  1068.58 ( +6.86%) trades=   8 open=3 meanR=+0.847 dd=  1.1% streak=1
2026-09-13 13:24:19     donchian_trend_r10     ACTIVE   equity=   982.63 ( -1.74%) trades=  11 open=3 meanR=-0.140 dd=  7.3% streak=0
2026-09-13 13:24:19     rsi_mom_er30_r05       TRIPPED  equity=   945.72 ( -5.43%) trades=  13 open=3 meanR=-0.852 dd=  6.3% streak=12
2026-09-13 13:24:19     roc_mom_er30_r10       ACTIVE   equity=   926.61 ( -7.34%) trades=  12 open=3 meanR=-0.624 dd= 10.4% streak=0
2026-09-13 13:24:19     bb_break_er30_r10      ACTIVE   equity=   925.75 ( -7.42%) trades=  12 open=3 meanR=-0.628 dd= 10.4% streak=0
2026-09-13 13:24:19     rsi_mom_nofilt_r10     ACTIVE   equity=   918.95 ( -8.11%) trades=   8 open=3 meanR=-1.043 dd=  8.3% streak=8
2026-09-13 13:24:19     rsi_mom_er30_r10       TRIPPED  equity=   893.57 (-10.64%) trades=  13 open=3 meanR=-0.852 dd= 12.6% streak=12
2026-09-13 13:24:19     rsi_mom_nocap_r10      TRIPPED  equity=   892.99 (-10.70%) trades=  13 open=0 meanR=-0.852 dd= 12.6% streak=12
2026-09-13 13:24:19     rsi_mom_er30_r20       TRIPPED  equity=   795.45 (-20.45%) trades=  13 open=3 meanR=-0.852 dd= 25.1% streak=12
2026-09-13 13:54:50  ---- standings ----
2026-09-13 13:54:50     CONTROL_bb_rev_r10     ACTIVE   equity=  1068.58 ( +6.86%) trades=   8 open=3 meanR=+0.847 dd=  1.1% streak=1
2026-09-13 13:54:50     donchian_trend_r10     ACTIVE   equity=   982.63 ( -1.74%) trades=  11 open=3 meanR=-0.140 dd=  7.3% streak=0
2026-09-13 13:54:50     rsi_mom_er30_r05       TRIPPED  equity=   945.72 ( -5.43%) trades=  13 open=3 meanR=-0.852 dd=  6.3% streak=12
2026-09-13 13:54:50     roc_mom_er30_r10       ACTIVE   equity=   926.61 ( -7.34%) trades=  12 open=3 meanR=-0.624 dd= 10.4% streak=0
2026-09-13 13:54:50     bb_break_er30_r10      ACTIVE   equity=   925.75 ( -7.42%) trades=  12 open=3 meanR=-0.628 dd= 10.4% streak=0
2026-09-13 13:54:50     rsi_mom_nofilt_r10     ACTIVE   equity=   918.95 ( -8.11%) trades=   8 open=3 meanR=-1.043 dd=  8.3% streak=8
2026-09-13 13:54:50     rsi_mom_er30_r10       TRIPPED  equity=   893.57 (-10.64%) trades=  13 open=3 meanR=-0.852 dd= 12.6% streak=12
2026-09-13 13:54:50     rsi_mom_nocap_r10      TRIPPED  equity=   892.99 (-10.70%) trades=  13 open=0 meanR=-0.852 dd= 12.6% streak=12
2026-09-13 13:54:50     rsi_mom_er30_r20       TRIPPED  equity=   795.45 (-20.45%) trades=  13 open=3 meanR=-0.852 dd= 25.1% streak=12
2026-09-13 14:00:55  [CONTROL_bb_rev_r10] EXIT SL ETH/USDT:USDT @2460.3203 R=-1.08 eq=1057.02
2026-09-13 14:00:56  [rsi_mom_er30_r05] EXIT TP BNB/USDT:USDT @713.4991 R=+1.44 eq=952.63
2026-09-13 14:00:56  [rsi_mom_er30_r10] EXIT TP BNB/USDT:USDT @713.4991 R=+1.44 eq=906.76
2026-09-13 14:00:56  [rsi_mom_er30_r20] EXIT TP BNB/USDT:USDT @713.4991 R=+1.44 eq=819.47
2026-09-13 14:00:56  [roc_mom_er30_r10] EXIT TP BNB/USDT:USDT @713.4991 R=+1.44 eq=939.79
2026-09-13 14:25:27  ---- standings ----
2026-09-13 14:25:27     CONTROL_bb_rev_r10     ACTIVE   equity=  1057.02 ( +5.70%) trades=   9 open=2 meanR=+0.632 dd=  2.1% streak=2
2026-09-13 14:25:27     donchian_trend_r10     ACTIVE   equity=   982.63 ( -1.74%) trades=  11 open=3 meanR=-0.140 dd=  7.3% streak=0
2026-09-13 14:25:27     rsi_mom_er30_r05       TRIPPED  equity=   952.63 ( -4.74%) trades=  14 open=2 meanR=-0.688 dd=  6.3% streak=0
2026-09-13 14:25:27     roc_mom_er30_r10       ACTIVE   equity=   939.79 ( -6.02%) trades=  13 open=2 meanR=-0.465 dd= 10.4% streak=0
2026-09-13 14:25:27     bb_break_er30_r10      ACTIVE   equity=   925.75 ( -7.42%) trades=  12 open=3 meanR=-0.628 dd= 10.4% streak=0
2026-09-13 14:25:27     rsi_mom_nofilt_r10     ACTIVE   equity=   918.95 ( -8.11%) trades=   8 open=3 meanR=-1.043 dd=  8.3% streak=8
2026-09-13 14:25:27     rsi_mom_er30_r10       TRIPPED  equity=   906.76 ( -9.32%) trades=  14 open=2 meanR=-0.688 dd= 12.6% streak=0
2026-09-13 14:25:27     rsi_mom_nocap_r10      TRIPPED  equity=   892.99 (-10.70%) trades=  13 open=0 meanR=-0.852 dd= 12.6% streak=12
2026-09-13 14:25:27     rsi_mom_er30_r20       TRIPPED  equity=   819.47 (-18.05%) trades=  14 open=2 meanR=-0.688 dd= 25.1% streak=0
2026-09-13 14:56:03  ---- standings ----
2026-09-13 14:56:03     CONTROL_bb_rev_r10     ACTIVE   equity=  1057.02 ( +5.70%) trades=   9 open=2 meanR=+0.632 dd=  2.1% streak=2
2026-09-13 14:56:03     donchian_trend_r10     ACTIVE   equity=   982.63 ( -1.74%) trades=  11 open=3 meanR=-0.140 dd=  7.3% streak=0
2026-09-13 14:56:03     rsi_mom_er30_r05       TRIPPED  equity=   952.63 ( -4.74%) trades=  14 open=2 meanR=-0.688 dd=  6.3% streak=0
2026-09-13 14:56:03     roc_mom_er30_r10       ACTIVE   equity=   939.79 ( -6.02%) trades=  13 open=2 meanR=-0.465 dd= 10.4% streak=0
2026-09-13 14:56:03     bb_break_er30_r10      ACTIVE   equity=   925.75 ( -7.42%) trades=  12 open=3 meanR=-0.628 dd= 10.4% streak=0
2026-09-13 14:56:03     rsi_mom_nofilt_r10     ACTIVE   equity=   918.95 ( -8.11%) trades=   8 open=3 meanR=-1.043 dd=  8.3% streak=8
2026-09-13 14:56:03     rsi_mom_er30_r10       TRIPPED  equity=   906.76 ( -9.32%) trades=  14 open=2 meanR=-0.688 dd= 12.6% streak=0
2026-09-13 14:56:03     rsi_mom_nocap_r10      TRIPPED  equity=   892.99 (-10.70%) trades=  13 open=0 meanR=-0.852 dd= 12.6% streak=12
2026-09-13 14:56:03     rsi_mom_er30_r20       TRIPPED  equity=   819.47 (-18.05%) trades=  14 open=2 meanR=-0.688 dd= 25.1% streak=0
2026-09-13 15:00:08  [roc_mom_er30_r10] ENTRY SHORT BNB/USDT:USDT @717.6600
2026-09-13 15:26:38  ---- standings ----
2026-09-13 15:26:38     CONTROL_bb_rev_r10     ACTIVE   equity=  1057.02 ( +5.70%) trades=   9 open=2 meanR=+0.632 dd=  2.1% streak=2
2026-09-13 15:26:38     donchian_trend_r10     ACTIVE   equity=   982.63 ( -1.74%) trades=  11 open=3 meanR=-0.140 dd=  7.3% streak=0
2026-09-13 15:26:38     rsi_mom_er30_r05       TRIPPED  equity=   952.63 ( -4.74%) trades=  14 open=2 meanR=-0.688 dd=  6.3% streak=0
2026-09-13 15:26:38     roc_mom_er30_r10       ACTIVE   equity=   939.79 ( -6.02%) trades=  13 open=3 meanR=-0.465 dd= 10.4% streak=0
2026-09-13 15:26:38     bb_break_er30_r10      ACTIVE   equity=   925.75 ( -7.42%) trades=  12 open=3 meanR=-0.628 dd= 10.4% streak=0
2026-09-13 15:26:38     rsi_mom_nofilt_r10     ACTIVE   equity=   918.95 ( -8.11%) trades=   8 open=3 meanR=-1.043 dd=  8.3% streak=8
2026-09-13 15:26:38     rsi_mom_er30_r10       TRIPPED  equity=   906.76 ( -9.32%) trades=  14 open=2 meanR=-0.688 dd= 12.6% streak=0
2026-09-13 15:26:38     rsi_mom_nocap_r10      TRIPPED  equity=   892.99 (-10.70%) trades=  13 open=0 meanR=-0.852 dd= 12.6% streak=12
2026-09-13 15:26:38     rsi_mom_er30_r20       TRIPPED  equity=   819.47 (-18.05%) trades=  14 open=2 meanR=-0.688 dd= 25.1% streak=0
2026-09-13 15:57:07  ---- standings ----
2026-09-13 15:57:07     CONTROL_bb_rev_r10     ACTIVE   equity=  1057.02 ( +5.70%) trades=   9 open=2 meanR=+0.632 dd=  2.1% streak=2
2026-09-13 15:57:07     donchian_trend_r10     ACTIVE   equity=   982.63 ( -1.74%) trades=  11 open=3 meanR=-0.140 dd=  7.3% streak=0
2026-09-13 15:57:07     rsi_mom_er30_r05       TRIPPED  equity=   952.63 ( -4.74%) trades=  14 open=2 meanR=-0.688 dd=  6.3% streak=0
2026-09-13 15:57:07     roc_mom_er30_r10       ACTIVE   equity=   939.79 ( -6.02%) trades=  13 open=3 meanR=-0.465 dd= 10.4% streak=0
2026-09-13 15:57:07     bb_break_er30_r10      ACTIVE   equity=   925.75 ( -7.42%) trades=  12 open=3 meanR=-0.628 dd= 10.4% streak=0
2026-09-13 15:57:07     rsi_mom_nofilt_r10     ACTIVE   equity=   918.95 ( -8.11%) trades=   8 open=3 meanR=-1.043 dd=  8.3% streak=8
2026-09-13 15:57:07     rsi_mom_er30_r10       TRIPPED  equity=   906.76 ( -9.32%) trades=  14 open=2 meanR=-0.688 dd= 12.6% streak=0
2026-09-13 15:57:07     rsi_mom_nocap_r10      TRIPPED  equity=   892.99 (-10.70%) trades=  13 open=0 meanR=-0.852 dd= 12.6% streak=12
2026-09-13 15:57:07     rsi_mom_er30_r20       TRIPPED  equity=   819.47 (-18.05%) trades=  14 open=2 meanR=-0.688 dd= 25.1% streak=0
2026-09-13 16:27:36  ---- standings ----
2026-09-13 16:27:36     CONTROL_bb_rev_r10     ACTIVE   equity=  1057.02 ( +5.70%) trades=   9 open=2 meanR=+0.632 dd=  2.1% streak=2
2026-09-13 16:27:36     donchian_trend_r10     ACTIVE   equity=   982.63 ( -1.74%) trades=  11 open=3 meanR=-0.140 dd=  7.3% streak=0
2026-09-13 16:27:36     rsi_mom_er30_r05       TRIPPED  equity=   952.63 ( -4.74%) trades=  14 open=2 meanR=-0.688 dd=  6.3% streak=0
2026-09-13 16:27:36     roc_mom_er30_r10       ACTIVE   equity=   939.79 ( -6.02%) trades=  13 open=3 meanR=-0.465 dd= 10.4% streak=0
2026-09-13 16:27:36     bb_break_er30_r10      ACTIVE   equity=   925.75 ( -7.42%) trades=  12 open=3 meanR=-0.628 dd= 10.4% streak=0
2026-09-13 16:27:36     rsi_mom_nofilt_r10     ACTIVE   equity=   918.95 ( -8.11%) trades=   8 open=3 meanR=-1.043 dd=  8.3% streak=8
2026-09-13 16:27:36     rsi_mom_er30_r10       TRIPPED  equity=   906.76 ( -9.32%) trades=  14 open=2 meanR=-0.688 dd= 12.6% streak=0
2026-09-13 16:27:36     rsi_mom_nocap_r10      TRIPPED  equity=   892.99 (-10.70%) trades=  13 open=0 meanR=-0.852 dd= 12.6% streak=12
2026-09-13 16:27:36     rsi_mom_er30_r20       TRIPPED  equity=   819.47 (-18.05%) trades=  14 open=2 meanR=-0.688 dd= 25.1% streak=0
2026-09-13 16:58:04  ---- standings ----
2026-09-13 16:58:04     CONTROL_bb_rev_r10     ACTIVE   equity=  1057.02 ( +5.70%) trades=   9 open=2 meanR=+0.632 dd=  2.1% streak=2
2026-09-13 16:58:04     donchian_trend_r10     ACTIVE   equity=   982.63 ( -1.74%) trades=  11 open=3 meanR=-0.140 dd=  7.3% streak=0
2026-09-13 16:58:04     rsi_mom_er30_r05       TRIPPED  equity=   952.63 ( -4.74%) trades=  14 open=2 meanR=-0.688 dd=  6.3% streak=0
2026-09-13 16:58:04     roc_mom_er30_r10       ACTIVE   equity=   939.79 ( -6.02%) trades=  13 open=3 meanR=-0.465 dd= 10.4% streak=0
2026-09-13 16:58:04     bb_break_er30_r10      ACTIVE   equity=   925.75 ( -7.42%) trades=  12 open=3 meanR=-0.628 dd= 10.4% streak=0
2026-09-13 16:58:04     rsi_mom_nofilt_r10     ACTIVE   equity=   918.95 ( -8.11%) trades=   8 open=3 meanR=-1.043 dd=  8.3% streak=8
2026-09-13 16:58:04     rsi_mom_er30_r10       TRIPPED  equity=   906.76 ( -9.32%) trades=  14 open=2 meanR=-0.688 dd= 12.6% streak=0
2026-09-13 16:58:04     rsi_mom_nocap_r10      TRIPPED  equity=   892.99 (-10.70%) trades=  13 open=0 meanR=-0.852 dd= 12.6% streak=12
2026-09-13 16:58:04     rsi_mom_er30_r20       TRIPPED  equity=   819.47 (-18.05%) trades=  14 open=2 meanR=-0.688 dd= 25.1% streak=0
2026-09-13 17:00:06  [donchian_trend_r10] EXIT SL SOL/USDT:USDT @100.9339 R=-1.07 eq=972.25
2026-09-13 17:00:07  [bb_break_er30_r10] EXIT SL BNB/USDT:USDT @720.2904 R=-1.10 eq=915.56
2026-09-13 17:28:52  ---- standings ----
2026-09-13 17:28:52     CONTROL_bb_rev_r10     ACTIVE   equity=  1057.02 ( +5.70%) trades=   9 open=2 meanR=+0.632 dd=  2.1% streak=2
2026-09-13 17:28:52     donchian_trend_r10     ACTIVE   equity=   972.25 ( -2.78%) trades=  12 open=2 meanR=-0.217 dd=  7.3% streak=1
2026-09-13 17:28:52     rsi_mom_er30_r05       TRIPPED  equity=   952.63 ( -4.74%) trades=  14 open=2 meanR=-0.688 dd=  6.3% streak=0
2026-09-13 17:28:52     roc_mom_er30_r10       ACTIVE   equity=   939.79 ( -6.02%) trades=  13 open=3 meanR=-0.465 dd= 10.4% streak=0
2026-09-13 17:28:52     rsi_mom_nofilt_r10     ACTIVE   equity=   918.95 ( -8.11%) trades=   8 open=3 meanR=-1.043 dd=  8.3% streak=8
2026-09-13 17:28:52     bb_break_er30_r10      ACTIVE   equity=   915.56 ( -8.44%) trades=  13 open=2 meanR=-0.664 dd= 10.4% streak=1
2026-09-13 17:28:52     rsi_mom_er30_r10       TRIPPED  equity=   906.76 ( -9.32%) trades=  14 open=2 meanR=-0.688 dd= 12.6% streak=0
2026-09-13 17:28:52     rsi_mom_nocap_r10      TRIPPED  equity=   892.99 (-10.70%) trades=  13 open=0 meanR=-0.852 dd= 12.6% streak=12
2026-09-13 17:28:52     rsi_mom_er30_r20       TRIPPED  equity=   819.47 (-18.05%) trades=  14 open=2 meanR=-0.688 dd= 25.1% streak=0
2026-09-13 17:59:47  ---- standings ----
2026-09-13 17:59:47     CONTROL_bb_rev_r10     ACTIVE   equity=  1057.02 ( +5.70%) trades=   9 open=2 meanR=+0.632 dd=  2.1% streak=2
2026-09-13 17:59:47     donchian_trend_r10     ACTIVE   equity=   972.25 ( -2.78%) trades=  12 open=2 meanR=-0.217 dd=  7.3% streak=1
2026-09-13 17:59:47     rsi_mom_er30_r05       TRIPPED  equity=   952.63 ( -4.74%) trades=  14 open=2 meanR=-0.688 dd=  6.3% streak=0
2026-09-13 17:59:47     roc_mom_er30_r10       ACTIVE   equity=   939.79 ( -6.02%) trades=  13 open=3 meanR=-0.465 dd= 10.4% streak=0
2026-09-13 17:59:47     rsi_mom_nofilt_r10     ACTIVE   equity=   918.95 ( -8.11%) trades=   8 open=3 meanR=-1.043 dd=  8.3% streak=8
2026-09-13 17:59:47     bb_break_er30_r10      ACTIVE   equity=   915.56 ( -8.44%) trades=  13 open=2 meanR=-0.664 dd= 10.4% streak=1
2026-09-13 17:59:47     rsi_mom_er30_r10       TRIPPED  equity=   906.76 ( -9.32%) trades=  14 open=2 meanR=-0.688 dd= 12.6% streak=0
2026-09-13 17:59:47     rsi_mom_nocap_r10      TRIPPED  equity=   892.99 (-10.70%) trades=  13 open=0 meanR=-0.852 dd= 12.6% streak=12
2026-09-13 17:59:47     rsi_mom_er30_r20       TRIPPED  equity=   819.47 (-18.05%) trades=  14 open=2 meanR=-0.688 dd= 25.1% streak=0
2026-09-13 18:01:49  [roc_mom_er30_r10] EXIT SL ETH/USDT:USDT @2508.6397 R=-1.08 eq=929.77
2026-09-13 18:01:49  [rsi_mom_nofilt_r10] EXIT SL ETH/USDT:USDT @2508.6397 R=-1.08 eq=909.00
2026-09-13 18:01:49  [rsi_mom_er30_r05] EXIT SL SOL/USDT:USDT @101.0430 R=-1.07 eq=947.55
2026-09-13 18:01:49  [rsi_mom_er30_r10] EXIT SL SOL/USDT:USDT @101.0430 R=-1.07 eq=897.16
2026-09-13 18:01:49  [rsi_mom_er30_r20] EXIT SL SOL/USDT:USDT @101.0430 R=-1.07 eq=802.38
2026-09-13 18:30:43  ---- standings ----
2026-09-13 18:30:43     CONTROL_bb_rev_r10     ACTIVE   equity=  1057.02 ( +5.70%) trades=   9 open=2 meanR=+0.632 dd=  2.1% streak=2
2026-09-13 18:30:43     donchian_trend_r10     ACTIVE   equity=   972.25 ( -2.78%) trades=  12 open=2 meanR=-0.217 dd=  7.3% streak=1
2026-09-13 18:30:43     rsi_mom_er30_r05       TRIPPED  equity=   947.55 ( -5.25%) trades=  15 open=1 meanR=-0.713 dd=  6.3% streak=1
2026-09-13 18:30:43     roc_mom_er30_r10       ACTIVE   equity=   929.77 ( -7.02%) trades=  14 open=2 meanR=-0.509 dd= 10.4% streak=1
2026-09-13 18:30:43     bb_break_er30_r10      ACTIVE   equity=   915.56 ( -8.44%) trades=  13 open=2 meanR=-0.664 dd= 10.4% streak=1
2026-09-13 18:30:43     rsi_mom_nofilt_r10     ACTIVE   equity=   909.00 ( -9.10%) trades=   9 open=2 meanR=-1.047 dd=  9.4% streak=9
2026-09-13 18:30:43     rsi_mom_er30_r10       TRIPPED  equity=   897.16 (-10.28%) trades=  15 open=1 meanR=-0.713 dd= 12.6% streak=1
2026-09-13 18:30:43     rsi_mom_nocap_r10      TRIPPED  equity=   892.99 (-10.70%) trades=  13 open=0 meanR=-0.852 dd= 12.6% streak=12
2026-09-13 18:30:43     rsi_mom_er30_r20       TRIPPED  equity=   802.38 (-19.76%) trades=  15 open=1 meanR=-0.713 dd= 25.1% streak=1
2026-09-13 19:01:40  [donchian_trend_r10] EXIT SL XRP/USDT:USDT @1.3587 R=-1.07 eq=961.86
2026-09-13 19:01:41  [donchian_trend_r10] EXIT SL AVAX/USDT:USDT @7.4305 R=-1.06 eq=951.43
2026-09-13 19:01:41  ---- standings ----
2026-09-13 19:01:41     CONTROL_bb_rev_r10     ACTIVE   equity=  1057.02 ( +5.70%) trades=   9 open=2 meanR=+0.632 dd=  2.1% streak=2
2026-09-13 19:01:41     donchian_trend_r10     ACTIVE   equity=   951.43 ( -4.86%) trades=  14 open=0 meanR=-0.339 dd=  7.3% streak=3
2026-09-13 19:01:41     rsi_mom_er30_r05       TRIPPED  equity=   947.55 ( -5.25%) trades=  15 open=1 meanR=-0.713 dd=  6.3% streak=1
2026-09-13 19:01:41     roc_mom_er30_r10       ACTIVE   equity=   929.77 ( -7.02%) trades=  14 open=2 meanR=-0.509 dd= 10.4% streak=1
2026-09-13 19:01:41     bb_break_er30_r10      ACTIVE   equity=   915.56 ( -8.44%) trades=  13 open=2 meanR=-0.664 dd= 10.4% streak=1
2026-09-13 19:01:41     rsi_mom_nofilt_r10     ACTIVE   equity=   909.00 ( -9.10%) trades=   9 open=2 meanR=-1.047 dd=  9.4% streak=9
2026-09-13 19:01:41     rsi_mom_er30_r10       TRIPPED  equity=   897.16 (-10.28%) trades=  15 open=1 meanR=-0.713 dd= 12.6% streak=1
2026-09-13 19:01:41     rsi_mom_nocap_r10      TRIPPED  equity=   892.99 (-10.70%) trades=  13 open=0 meanR=-0.852 dd= 12.6% streak=12
2026-09-13 19:01:41     rsi_mom_er30_r20       TRIPPED  equity=   802.38 (-19.76%) trades=  15 open=1 meanR=-0.713 dd= 25.1% streak=1
2026-09-13 19:32:37  ---- standings ----
2026-09-13 19:32:37     CONTROL_bb_rev_r10     ACTIVE   equity=  1057.02 ( +5.70%) trades=   9 open=2 meanR=+0.632 dd=  2.1% streak=2
2026-09-13 19:32:38     donchian_trend_r10     ACTIVE   equity=   951.43 ( -4.86%) trades=  14 open=0 meanR=-0.339 dd=  7.3% streak=3
2026-09-13 19:32:38     rsi_mom_er30_r05       TRIPPED  equity=   947.55 ( -5.25%) trades=  15 open=1 meanR=-0.713 dd=  6.3% streak=1
2026-09-13 19:32:38     roc_mom_er30_r10       ACTIVE   equity=   929.77 ( -7.02%) trades=  14 open=2 meanR=-0.509 dd= 10.4% streak=1
2026-09-13 19:32:38     bb_break_er30_r10      ACTIVE   equity=   915.56 ( -8.44%) trades=  13 open=2 meanR=-0.664 dd= 10.4% streak=1
2026-09-13 19:32:38     rsi_mom_nofilt_r10     ACTIVE   equity=   909.00 ( -9.10%) trades=   9 open=2 meanR=-1.047 dd=  9.4% streak=9
2026-09-13 19:32:38     rsi_mom_er30_r10       TRIPPED  equity=   897.16 (-10.28%) trades=  15 open=1 meanR=-0.713 dd= 12.6% streak=1
2026-09-13 19:32:38     rsi_mom_nocap_r10      TRIPPED  equity=   892.99 (-10.70%) trades=  13 open=0 meanR=-0.852 dd= 12.6% streak=12
2026-09-13 19:32:38     rsi_mom_er30_r20       TRIPPED  equity=   802.38 (-19.76%) trades=  15 open=1 meanR=-0.713 dd= 25.1% streak=1
2026-09-13 20:01:29  [rsi_mom_nofilt_r10] ENTRY LONG AVAX/USDT:USDT @7.4260
2026-09-13 20:03:32  ---- standings ----
2026-09-13 20:03:32     CONTROL_bb_rev_r10     ACTIVE   equity=  1057.02 ( +5.70%) trades=   9 open=2 meanR=+0.632 dd=  2.1% streak=2
2026-09-13 20:03:32     donchian_trend_r10     ACTIVE   equity=   951.43 ( -4.86%) trades=  14 open=0 meanR=-0.339 dd=  7.3% streak=3
2026-09-13 20:03:32     rsi_mom_er30_r05       TRIPPED  equity=   947.55 ( -5.25%) trades=  15 open=1 meanR=-0.713 dd=  6.3% streak=1
2026-09-13 20:03:32     roc_mom_er30_r10       ACTIVE   equity=   929.77 ( -7.02%) trades=  14 open=2 meanR=-0.509 dd= 10.4% streak=1
2026-09-13 20:03:32     bb_break_er30_r10      ACTIVE   equity=   915.56 ( -8.44%) trades=  13 open=2 meanR=-0.664 dd= 10.4% streak=1
2026-09-13 20:03:32     rsi_mom_nofilt_r10     ACTIVE   equity=   909.00 ( -9.10%) trades=   9 open=3 meanR=-1.047 dd=  9.4% streak=9
2026-09-13 20:03:32     rsi_mom_er30_r10       TRIPPED  equity=   897.16 (-10.28%) trades=  15 open=1 meanR=-0.713 dd= 12.6% streak=1
2026-09-13 20:03:32     rsi_mom_nocap_r10      TRIPPED  equity=   892.99 (-10.70%) trades=  13 open=0 meanR=-0.852 dd= 12.6% streak=12
2026-09-13 20:03:32     rsi_mom_er30_r20       TRIPPED  equity=   802.38 (-19.76%) trades=  15 open=1 meanR=-0.713 dd= 25.1% streak=1
2026-09-13 20:34:30  ---- standings ----
2026-09-13 20:34:30     CONTROL_bb_rev_r10     ACTIVE   equity=  1057.02 ( +5.70%) trades=   9 open=2 meanR=+0.632 dd=  2.1% streak=2
2026-09-13 20:34:30     donchian_trend_r10     ACTIVE   equity=   951.43 ( -4.86%) trades=  14 open=0 meanR=-0.339 dd=  7.3% streak=3
2026-09-13 20:34:30     rsi_mom_er30_r05       TRIPPED  equity=   947.55 ( -5.25%) trades=  15 open=1 meanR=-0.713 dd=  6.3% streak=1
2026-09-13 20:34:30     roc_mom_er30_r10       ACTIVE   equity=   929.77 ( -7.02%) trades=  14 open=2 meanR=-0.509 dd= 10.4% streak=1
2026-09-13 20:34:30     bb_break_er30_r10      ACTIVE   equity=   915.56 ( -8.44%) trades=  13 open=2 meanR=-0.664 dd= 10.4% streak=1
2026-09-13 20:34:30     rsi_mom_nofilt_r10     ACTIVE   equity=   909.00 ( -9.10%) trades=   9 open=3 meanR=-1.047 dd=  9.4% streak=9
2026-09-13 20:34:30     rsi_mom_er30_r10       TRIPPED  equity=   897.16 (-10.28%) trades=  15 open=1 meanR=-0.713 dd= 12.6% streak=1
2026-09-13 20:34:30     rsi_mom_nocap_r10      TRIPPED  equity=   892.99 (-10.70%) trades=  13 open=0 meanR=-0.852 dd= 12.6% streak=12
2026-09-13 20:34:30     rsi_mom_er30_r20       TRIPPED  equity=   802.38 (-19.76%) trades=  15 open=1 meanR=-0.713 dd= 25.1% streak=1
2026-09-13 21:01:11  [rsi_mom_er30_r05] EXIT SL XRP/USDT:USDT @1.3614 R=-1.08 eq=942.45
2026-09-13 21:01:11  [rsi_mom_er30_r10] EXIT SL XRP/USDT:USDT @1.3614 R=-1.08 eq=887.53
2026-09-13 21:01:11  [rsi_mom_er30_r20] EXIT SL XRP/USDT:USDT @1.3614 R=-1.08 eq=785.23
2026-09-13 21:01:11  [bb_break_er30_r10] EXIT SL XRP/USDT:USDT @1.3614 R=-1.08 eq=905.72
2026-09-13 21:05:15  ---- standings ----
2026-09-13 21:05:15     CONTROL_bb_rev_r10     ACTIVE   equity=  1057.02 ( +5.70%) trades=   9 open=2 meanR=+0.632 dd=  2.1% streak=2
2026-09-13 21:05:15     donchian_trend_r10     ACTIVE   equity=   951.43 ( -4.86%) trades=  14 open=0 meanR=-0.339 dd=  7.3% streak=3
2026-09-13 21:05:15     rsi_mom_er30_r05       TRIPPED  equity=   942.45 ( -5.75%) trades=  16 open=0 meanR=-0.736 dd=  6.6% streak=2
2026-09-13 21:05:15     roc_mom_er30_r10       ACTIVE   equity=   929.77 ( -7.02%) trades=  14 open=2 meanR=-0.509 dd= 10.4% streak=1
2026-09-13 21:05:15     rsi_mom_nofilt_r10     ACTIVE   equity=   909.00 ( -9.10%) trades=   9 open=3 meanR=-1.047 dd=  9.4% streak=9
2026-09-13 21:05:15     bb_break_er30_r10      ACTIVE   equity=   905.72 ( -9.43%) trades=  14 open=1 meanR=-0.694 dd= 10.4% streak=2
2026-09-13 21:05:15     rsi_mom_nocap_r10      TRIPPED  equity=   892.99 (-10.70%) trades=  13 open=0 meanR=-0.852 dd= 12.6% streak=12
2026-09-13 21:05:15     rsi_mom_er30_r10       TRIPPED  equity=   887.53 (-11.25%) trades=  16 open=0 meanR=-0.736 dd= 13.3% streak=2
2026-09-13 21:05:15     rsi_mom_er30_r20       TRIPPED  equity=   785.23 (-21.48%) trades=  16 open=0 meanR=-0.736 dd= 26.5% streak=2
2026-09-13 21:35:38  ---- standings ----
2026-09-13 21:35:38     CONTROL_bb_rev_r10     ACTIVE   equity=  1057.02 ( +5.70%) trades=   9 open=2 meanR=+0.632 dd=  2.1% streak=2
2026-09-13 21:35:38     donchian_trend_r10     ACTIVE   equity=   951.43 ( -4.86%) trades=  14 open=0 meanR=-0.339 dd=  7.3% streak=3
2026-09-13 21:35:38     rsi_mom_er30_r05       TRIPPED  equity=   942.45 ( -5.75%) trades=  16 open=0 meanR=-0.736 dd=  6.6% streak=2
2026-09-13 21:35:38     roc_mom_er30_r10       ACTIVE   equity=   929.77 ( -7.02%) trades=  14 open=2 meanR=-0.509 dd= 10.4% streak=1
2026-09-13 21:35:38     rsi_mom_nofilt_r10     ACTIVE   equity=   909.00 ( -9.10%) trades=   9 open=3 meanR=-1.047 dd=  9.4% streak=9
2026-09-13 21:35:38     bb_break_er30_r10      ACTIVE   equity=   905.72 ( -9.43%) trades=  14 open=1 meanR=-0.694 dd= 10.4% streak=2
2026-09-13 21:35:38     rsi_mom_nocap_r10      TRIPPED  equity=   892.99 (-10.70%) trades=  13 open=0 meanR=-0.852 dd= 12.6% streak=12
2026-09-13 21:35:38     rsi_mom_er30_r10       TRIPPED  equity=   887.53 (-11.25%) trades=  16 open=0 meanR=-0.736 dd= 13.3% streak=2
2026-09-13 21:35:38     rsi_mom_er30_r20       TRIPPED  equity=   785.23 (-21.48%) trades=  16 open=0 meanR=-0.736 dd= 26.5% streak=2
