t,open,high,low,close,vol
2026-08-08 05:55:00,0.6828,0.6833,0.6826,0.6831,315029.1
2026-08-08 06:00:00,0.6831,0.684,0.6828,0.6834,1687180.2
2026-08-08 06:05:00,0.6834,0.6834,0.6818,0.6825,312214.5
2026-08-08 06:10:00,0.6824,0.6824,0.6818,0.6822,493417.5
2026-08-08 06:15:00,0.6821,0.683,0.6816,0.6817,324546.4
2026-08-08 06:20:00,0.6817,0.6819,0.6811,0.6818,288734.3
2026-08-08 06:25:00,0.6818,0.6819,0.6812,0.6819,231016.8
2026-08-08 06:30:00,0.6819,0.682,0.6811,0.6814,209040.5
2026-08-08 06:35:00,0.6814,0.6821,0.6809,0.6821,314950.8
2026-08-08 06:40:00,0.6821,0.6839,0.682,0.6838,469379.2
2026-08-08 06:45:00,0.6838,0.6842,0.683,0.6835,309625.6
2026-08-08 06:50:00,0.6835,0.6838,0.6821,0.6824,194861.4
2026-08-08 06:55:00,0.6824,0.6828,0.682,0.6822,240093.4
2026-08-08 07:00:00,0.6822,0.6826,0.6819,0.682,200133.7
2026-08-08 07:05:00,0.682,0.6824,0.6815,0.6818,298795.7
2026-08-08 07:10:00,0.6818,0.6833,0.6817,0.6827,354369.7
2026-08-08 07:15:00,0.6827,0.683,0.6826,0.6829,100315.9
2026-08-08 07:20:00,0.6828,0.6835,0.6825,0.6829,347649.7
2026-08-08 07:25:00,0.6829,0.6834,0.6827,0.6829,126396.9
2026-08-08 07:30:00,0.6829,0.683,0.6824,0.6825,131309.2
2026-08-08 07:35:00,0.6825,0.6825,0.6819,0.6821,210087.4
2026-08-08 07:40:00,0.6821,0.6827,0.6821,0.6827,140270.9
2026-08-08 07:45:00,0.6827,0.6834,0.6825,0.6831,183890.1
2026-08-08 07:50:00,0.6831,0.6831,0.6822,0.6825,327082.5
2026-08-08 07:55:00,0.6825,0.6843,0.6825,0.6838,1638745.8
2026-08-08 08:00:00,0.6838,0.6846,0.6833,0.684,865548.5
2026-08-08 08:05:00,0.684,0.6845,0.6838,0.6843,260031.8
2026-08-08 08:10:00,0.6842,0.6843,0.6835,0.684,244536.1
2026-08-08 08:15:00,0.6839,0.6842,0.6838,0.6839,207166.2
2026-08-08 08:20:00,0.6839,0.6842,0.6836,0.684,154371.5
2026-08-08 08:25:00,0.6839,0.6841,0.6832,0.684,344870.7
2026-08-08 08:30:00,0.6839,0.6864,0.6839,0.6863,584489.7
2026-08-08 08:35:00,0.6863,0.6872,0.6857,0.6863,922548.1
2026-08-08 08:40:00,0.6862,0.6912,0.686,0.6898,3143456.1
2026-08-08 08:45:00,0.6898,0.6913,0.689,0.6913,1152587.3
2026-08-08 08:50:00,0.6913,0.6929,0.6908,0.6921,1133561.9
2026-08-08 08:55:00,0.6921,0.6932,0.6911,0.6932,1380444.7
2026-08-08 09:00:00,0.6932,0.6942,0.6916,0.6918,1854474.5
2026-08-08 09:05:00,0.6919,0.6926,0.6915,0.692,631531.0
2026-08-08 09:10:00,0.692,0.6928,0.6916,0.6927,679680.0
2026-08-08 09:15:00,0.6926,0.6949,0.6919,0.6923,974036.3
2026-08-08 09:20:00,0.6923,0.6932,0.6919,0.6927,556303.6
2026-08-08 09:25:00,0.6926,0.6935,0.6921,0.6933,658672.2
2026-08-08 09:30:00,0.6933,0.6965,0.6933,0.6942,2342025.1
2026-08-08 09:35:00,0.6942,0.6966,0.6937,0.695,965938.3
2026-08-08 09:40:00,0.695,0.6958,0.6936,0.6945,482734.3
2026-08-08 09:45:00,0.6944,0.6946,0.6934,0.6934,454566.2
2026-08-08 09:50:00,0.6935,0.6945,0.6929,0.6935,2040258.4
2026-08-08 09:55:00,0.6935,0.6936,0.6923,0.6931,3776706.0
2026-08-08 10:00:00,0.6931,0.6949,0.6931,0.6942,1296906.3
2026-08-08 10:05:00,0.6942,0.6942,0.6926,0.6926,305040.1
2026-08-08 10:10:00,0.6926,0.6928,0.6906,0.6913,1186715.1
2026-08-08 10:15:00,0.6912,0.6922,0.6907,0.6914,487683.4
2026-08-08 10:20:00,0.6914,0.6916,0.6911,0.6912,269293.5
2026-08-08 10:25:00,0.6913,0.6918,0.6906,0.6912,559229.7
2026-08-08 10:30:00,0.6911,0.6922,0.6911,0.6918,405241.9
2026-08-08 10:35:00,0.6918,0.6936,0.6913,0.6933,411528.8
2026-08-08 10:40:00,0.6934,0.6934,0.6919,0.692,413644.2
2026-08-08 10:45:00,0.692,0.6926,0.6918,0.6925,269644.8
2026-08-08 10:50:00,0.6924,0.6928,0.6923,0.6926,95426.4
2026-08-08 10:55:00,0.6925,0.693,0.6917,0.6918,306731.4
2026-08-08 11:00:00,0.6918,0.6921,0.691,0.6912,256667.1
2026-08-08 11:05:00,0.6912,0.6913,0.69,0.6902,576384.1
2026-08-08 11:10:00,0.6902,0.6922,0.6902,0.6907,536089.9
2026-08-08 11:15:00,0.6907,0.691,0.6903,0.6909,278744.2
2026-08-08 11:20:00,0.6909,0.6911,0.6883,0.6885,1053380.0
2026-08-08 11:25:00,0.6885,0.6897,0.6885,0.6891,501583.5
2026-08-08 11:30:00,0.689,0.6892,0.6884,0.6885,330202.4
2026-08-08 11:35:00,0.6884,0.689,0.688,0.6889,523951.8
2026-08-08 11:40:00,0.6889,0.6893,0.6884,0.689,226966.5
2026-08-08 11:45:00,0.6889,0.6892,0.6888,0.689,176874.3
2026-08-08 11:50:00,0.6891,0.6898,0.6889,0.6895,450403.2
2026-08-08 11:55:00,0.6895,0.6899,0.6894,0.6897,370441.0
2026-08-08 12:00:00,0.6896,0.6899,0.6894,0.6897,268624.6
2026-08-08 12:05:00,0.6897,0.6902,0.6886,0.6892,342359.3
2026-08-08 12:10:00,0.6891,0.6898,0.6891,0.6898,169204.8
2026-08-08 12:15:00,0.6897,0.6904,0.6897,0.6901,309201.1
2026-08-08 12:20:00,0.69,0.6912,0.69,0.691,400947.3
2026-08-08 12:25:00,0.6909,0.6916,0.6906,0.6907,406721.5
2026-08-08 12:30:00,0.6906,0.6919,0.6906,0.6917,308384.7
2026-08-08 12:35:00,0.6917,0.6922,0.6913,0.6917,394927.8
2026-08-08 12:40:00,0.6916,0.6923,0.6907,0.691,715353.6
2026-08-08 12:45:00,0.691,0.6932,0.6907,0.6928,1550573.8
2026-08-08 12:50:00,0.6928,0.6937,0.6923,0.6935,375879.4
2026-08-08 12:55:00,0.6935,0.6935,0.6924,0.6929,292480.0
2026-08-08 13:00:00,0.6929,0.6929,0.6924,0.6928,174207.2
2026-08-08 13:05:00,0.6928,0.6941,0.6927,0.6933,391639.9
2026-08-08 13:10:00,0.6932,0.6937,0.6928,0.6931,147750.4
2026-08-08 13:15:00,0.6931,0.6941,0.6929,0.6934,287977.1
2026-08-08 13:20:00,0.6934,0.6939,0.6933,0.6936,112239.9
2026-08-08 13:25:00,0.6935,0.6948,0.6935,0.6942,415454.2
2026-08-08 13:30:00,0.6941,0.6941,0.6932,0.6934,330049.5
2026-08-08 13:35:00,0.6934,0.6936,0.6919,0.6923,497995.6
2026-08-08 13:40:00,0.6922,0.6928,0.6922,0.6924,193352.5
2026-08-08 13:45:00,0.6924,0.6924,0.6917,0.6918,543948.6
2026-08-08 13:50:00,0.6918,0.6922,0.6915,0.6922,125668.3
2026-08-08 13:55:00,0.6922,0.6928,0.6918,0.6926,941034.0
2026-08-08 14:00:00,0.6926,0.694,0.6924,0.6939,351718.9
2026-08-08 14:05:00,0.6938,0.6941,0.6935,0.6936,242071.5
2026-08-08 14:10:00,0.6936,0.6946,0.6936,0.6941,391836.3
2026-08-08 14:15:00,0.694,0.6944,0.6934,0.6937,437497.9
2026-08-08 14:20:00,0.6937,0.6951,0.6936,0.6947,413299.1
2026-08-08 14:25:00,0.6948,0.6952,0.6946,0.695,418833.5
2026-08-08 14:30:00,0.695,0.6977,0.6947,0.6972,1790802.0
2026-08-08 14:35:00,0.6972,0.6987,0.6963,0.6967,2293012.4
2026-08-08 14:40:00,0.6966,0.7004,0.6962,0.6994,3720887.7
2026-08-08 14:45:00,0.6993,0.705,0.6993,0.705,4982266.8
2026-08-08 14:50:00,0.705,0.7058,0.7031,0.7035,2483164.0
2026-08-08 14:55:00,0.7034,0.7048,0.7011,0.7019,1510885.1
2026-08-08 15:00:00,0.702,0.7025,0.7002,0.7009,1157368.4
2026-08-08 15:05:00,0.7008,0.7013,0.6996,0.7012,1498774.3
2026-08-08 15:10:00,0.7011,0.7032,0.7007,0.7026,897291.4
2026-08-08 15:15:00,0.7026,0.7054,0.7025,0.7053,1087683.3
2026-08-08 15:20:00,0.7052,0.707,0.7029,0.7031,1589034.1
2026-08-08 15:25:00,0.7031,0.7052,0.7026,0.7048,834080.9
2026-08-08 15:30:00,0.7047,0.7054,0.7038,0.705,949698.8
2026-08-08 15:35:00,0.705,0.7051,0.7024,0.7027,804518.9
2026-08-08 15:40:00,0.7027,0.7034,0.7015,0.7016,577995.4
2026-08-08 15:45:00,0.7015,0.702,0.7011,0.7018,556584.6
2026-08-08 15:50:00,0.7019,0.7019,0.7002,0.701,905374.6
2026-08-08 15:55:00,0.701,0.7018,0.7003,0.7004,474671.6
2026-08-08 16:00:00,0.7005,0.7011,0.6985,0.6994,1412077.5
2026-08-08 16:05:00,0.6994,0.6998,0.6984,0.6991,709812.5
2026-08-08 16:10:00,0.699,0.6996,0.6986,0.6992,387792.2
2026-08-08 16:15:00,0.6992,0.7007,0.699,0.7003,675216.0
2026-08-08 16:20:00,0.7002,0.7003,0.6982,0.6984,748117.2
2026-08-08 16:25:00,0.6983,0.6989,0.698,0.6982,492218.7
2026-08-08 16:30:00,0.6981,0.6989,0.6974,0.6983,648756.5
2026-08-08 16:35:00,0.6982,0.6986,0.6978,0.6986,255683.3
2026-08-08 16:40:00,0.6985,0.6992,0.6982,0.6984,315941.5
2026-08-08 16:45:00,0.6983,0.6987,0.698,0.6982,268507.2
2026-08-08 16:50:00,0.6982,0.6991,0.6979,0.699,234034.5
2026-08-08 16:55:00,0.6989,0.6994,0.6988,0.6991,252806.7
2026-08-08 17:00:00,0.6991,0.6991,0.698,0.6981,329639.5
2026-08-08 17:05:00,0.698,0.6982,0.6965,0.6976,708196.6
2026-08-08 17:10:00,0.6976,0.6978,0.6973,0.6974,272520.8
2026-08-08 17:15:00,0.6973,0.6979,0.6969,0.6972,242511.9
2026-08-08 17:20:00,0.6972,0.6974,0.6969,0.697,174748.0
2026-08-08 17:25:00,0.697,0.6972,0.6961,0.6965,362023.9
2026-08-08 17:30:00,0.6964,0.6972,0.6964,0.6972,272202.5
2026-08-08 17:35:00,0.6971,0.6977,0.6968,0.6971,373007.7
2026-08-08 17:40:00,0.697,0.697,0.6962,0.6963,356000.7
2026-08-08 17:45:00,0.6963,0.6968,0.6953,0.6956,617068.1
2026-08-08 17:50:00,0.6957,0.6957,0.6945,0.6951,1187460.2
2026-08-08 17:55:00,0.6951,0.6954,0.6938,0.6943,1035753.8
2026-08-08 18:00:00,0.6943,0.695,0.694,0.6947,396353.5
2026-08-08 18:05:00,0.6946,0.6947,0.6939,0.6942,227954.0
2026-08-08 18:10:00,0.6943,0.6951,0.6942,0.6949,237161.0
2026-08-08 18:15:00,0.6948,0.6956,0.6944,0.6954,443693.9
2026-08-08 18:20:00,0.6954,0.6957,0.6945,0.6946,841266.9
2026-08-08 18:25:00,0.6946,0.695,0.6945,0.6948,237588.7
2026-08-08 18:30:00,0.6948,0.6949,0.6942,0.6943,159490.4
2026-08-08 18:35:00,0.6943,0.6947,0.694,0.6943,253504.3
2026-08-08 18:40:00,0.6943,0.6951,0.6942,0.6949,137819.9
2026-08-08 18:45:00,0.6948,0.695,0.694,0.6944,360300.1
2026-08-08 18:50:00,0.6943,0.6944,0.6938,0.6942,598309.2
2026-08-08 18:55:00,0.6942,0.6942,0.6938,0.694,154062.5
2026-08-08 19:00:00,0.694,0.6941,0.6937,0.6939,193613.4
2026-08-08 19:05:00,0.6939,0.6939,0.6929,0.6939,455056.0
2026-08-08 19:10:00,0.6939,0.6941,0.6938,0.6941,87618.4
2026-08-08 19:15:00,0.6941,0.6941,0.6931,0.6938,181280.9
2026-08-08 19:20:00,0.6938,0.6945,0.6937,0.6943,178367.0
2026-08-08 19:25:00,0.6943,0.6947,0.6942,0.6943,220428.5
2026-08-08 19:30:00,0.6942,0.6947,0.6941,0.6944,144547.9
2026-08-08 19:35:00,0.6944,0.6951,0.6944,0.6948,194931.0
2026-08-08 19:40:00,0.6948,0.6961,0.6942,0.6944,1106934.5
2026-08-08 19:45:00,0.6943,0.6967,0.6943,0.6956,629869.4
2026-08-08 19:50:00,0.6956,0.6964,0.6955,0.6961,325248.4
2026-08-08 19:55:00,0.6961,0.6962,0.6954,0.6959,318512.5
2026-08-08 20:00:00,0.6959,0.6959,0.6953,0.6958,243987.8
2026-08-08 20:05:00,0.6958,0.6959,0.6955,0.6957,108598.6
2026-08-08 20:10:00,0.6956,0.6966,0.6956,0.6964,217575.2
2026-08-08 20:15:00,0.6963,0.6978,0.6962,0.6976,460529.7
2026-08-08 20:20:00,0.6975,0.6984,0.6975,0.6978,1097792.2
2026-08-08 20:25:00,0.6978,0.6981,0.6977,0.6978,136184.7
2026-08-08 20:30:00,0.6978,0.6986,0.6976,0.6983,190006.4
2026-08-08 20:35:00,0.6982,0.6985,0.6977,0.6978,395942.1
2026-08-08 20:40:00,0.6978,0.6981,0.6977,0.6981,66925.7
2026-08-08 20:45:00,0.698,0.6981,0.6973,0.698,296488.0
2026-08-08 20:50:00,0.6979,0.6979,0.6977,0.6979,57197.8
2026-08-08 20:55:00,0.6979,0.6986,0.6977,0.6985,199166.3
2026-08-08 21:00:00,0.6985,0.6986,0.6979,0.6981,183584.9
2026-08-08 21:05:00,0.6981,0.6986,0.698,0.6986,75311.1
2026-08-08 21:10:00,0.6986,0.6986,0.6978,0.698,126942.0
2026-08-08 21:15:00,0.698,0.6992,0.6978,0.6992,390201.9
2026-08-08 21:20:00,0.6991,0.6998,0.6979,0.6981,922410.3
2026-08-08 21:25:00,0.698,0.6988,0.6978,0.6979,189004.0
2026-08-08 21:30:00,0.6978,0.6979,0.6973,0.6977,97238.4
2026-08-08 21:35:00,0.6977,0.6977,0.697,0.6972,111121.3
2026-08-08 21:40:00,0.6972,0.6972,0.6956,0.6964,732348.9
2026-08-08 21:45:00,0.6965,0.6967,0.6961,0.6962,139032.8
2026-08-08 21:50:00,0.6962,0.6963,0.6957,0.696,119471.2
2026-08-08 21:55:00,0.6959,0.696,0.6951,0.6958,168966.3
2026-08-08 22:00:00,0.6958,0.696,0.6953,0.6956,302462.5
2026-08-08 22:05:00,0.6956,0.6956,0.6948,0.6952,326986.8
2026-08-08 22:10:00,0.6951,0.6953,0.6946,0.695,145415.8
2026-08-08 22:15:00,0.6949,0.6951,0.694,0.6944,527393.4
2026-08-08 22:20:00,0.6943,0.6945,0.6937,0.6942,867815.7
2026-08-08 22:25:00,0.6943,0.6946,0.6941,0.6946,126346.7
2026-08-08 22:30:00,0.6945,0.6946,0.6941,0.6943,129069.1
2026-08-08 22:35:00,0.6942,0.6943,0.6932,0.6938,394100.4
2026-08-08 22:40:00,0.6937,0.6938,0.6934,0.6935,300992.0
2026-08-08 22:45:00,0.6934,0.6935,0.6907,0.6912,1378959.7
2026-08-08 22:50:00,0.6912,0.6918,0.6907,0.6909,1563447.7
2026-08-08 22:55:00,0.6909,0.6911,0.6895,0.6903,1178306.8
2026-08-08 23:00:00,0.6903,0.6903,0.6887,0.6892,683172.9
2026-08-08 23:05:00,0.6892,0.6893,0.6885,0.6888,502192.2
2026-08-08 23:10:00,0.6887,0.6887,0.6879,0.6881,733939.6
2026-08-08 23:15:00,0.688,0.6889,0.6879,0.6885,314716.4
2026-08-08 23:20:00,0.6884,0.6891,0.6884,0.6888,386879.3
2026-08-08 23:25:00,0.6889,0.6891,0.6884,0.6887,633819.8
2026-08-08 23:30:00,0.6886,0.6891,0.6884,0.6891,323793.6
2026-08-08 23:35:00,0.6891,0.6899,0.6889,0.6899,456191.7
2026-08-08 23:40:00,0.6899,0.6904,0.6898,0.6903,952531.8
2026-08-08 23:45:00,0.6903,0.6931,0.6901,0.6928,1353760.4
2026-08-08 23:50:00,0.6928,0.6934,0.6925,0.6934,2023600.1
2026-08-08 23:55:00,0.6934,0.6934,0.6919,0.6919,392860.2
2026-08-09 00:00:00,0.6919,0.6929,0.6916,0.6929,421588.9
2026-08-09 00:05:00,0.6929,0.693,0.6913,0.6916,572886.0
2026-08-09 00:10:00,0.6916,0.6927,0.6914,0.6926,255679.4
2026-08-09 00:15:00,0.6927,0.6928,0.6902,0.6903,931002.5
2026-08-09 00:20:00,0.6904,0.6911,0.6898,0.69,1590365.9
2026-08-09 00:25:00,0.6899,0.6917,0.6898,0.6905,804372.0
2026-08-09 00:30:00,0.6905,0.6905,0.6903,0.6903,100667.4
2026-08-09 00:35:00,0.6904,0.6911,0.69,0.6909,384969.2
2026-08-09 00:40:00,0.6908,0.6916,0.6908,0.6913,278430.8
2026-08-09 00:45:00,0.6912,0.6917,0.6893,0.6894,462720.4
2026-08-09 00:50:00,0.6894,0.6899,0.6892,0.6897,289105.7
2026-08-09 00:55:00,0.6897,0.691,0.6897,0.6908,270636.8
2026-08-09 01:00:00,0.6908,0.6918,0.6904,0.6907,454579.1
2026-08-09 01:05:00,0.6907,0.6907,0.6903,0.6906,110323.3
2026-08-09 01:10:00,0.6906,0.6906,0.6899,0.6902,141315.6
2026-08-09 01:15:00,0.6902,0.6904,0.6898,0.6898,146015.6
2026-08-09 01:20:00,0.6898,0.6899,0.6891,0.6893,431733.1
2026-08-09 01:25:00,0.6894,0.6895,0.6872,0.688,1017033.4
2026-08-09 01:30:00,0.6879,0.6889,0.6875,0.6885,416143.5
2026-08-09 01:35:00,0.6886,0.689,0.6878,0.6889,218380.7
2026-08-09 01:40:00,0.6889,0.6895,0.6886,0.6895,186210.8
2026-08-09 01:45:00,0.6895,0.6895,0.6892,0.6894,77707.4
2026-08-09 01:50:00,0.6893,0.6894,0.6886,0.6893,294152.0
2026-08-09 01:55:00,0.6893,0.6898,0.6893,0.6894,177234.0
2026-08-09 02:00:00,0.6895,0.6895,0.6882,0.6888,515462.8
2026-08-09 02:05:00,0.6889,0.689,0.6882,0.6885,182844.0
2026-08-09 02:10:00,0.6886,0.6893,0.6885,0.6893,73900.9
2026-08-09 02:15:00,0.6893,0.6893,0.6888,0.6888,98533.2
2026-08-09 02:20:00,0.6888,0.6897,0.6888,0.6895,181670.4
2026-08-09 02:25:00,0.6895,0.6897,0.6893,0.6896,153064.4
2026-08-09 02:30:00,0.6896,0.6898,0.6893,0.6896,329069.8
2026-08-09 02:35:00,0.6896,0.6897,0.6892,0.6893,203612.3
2026-08-09 02:40:00,0.6893,0.6895,0.6886,0.6886,105091.2
2026-08-09 02:45:00,0.6885,0.6892,0.6884,0.6887,156380.6
2026-08-09 02:50:00,0.6887,0.6887,0.6881,0.6884,106356.8
2026-08-09 02:55:00,0.6884,0.6889,0.6883,0.6887,84038.1
2026-08-09 03:00:00,0.6887,0.6892,0.6879,0.689,577161.1
2026-08-09 03:05:00,0.689,0.6891,0.6878,0.6883,343853.2
2026-08-09 03:10:00,0.6884,0.6886,0.6879,0.6886,228921.0
2026-08-09 03:15:00,0.6885,0.6889,0.6881,0.6888,112287.4
2026-08-09 03:20:00,0.6888,0.6895,0.6886,0.6892,275854.0
2026-08-09 03:25:00,0.6893,0.69,0.6891,0.69,154880.8
2026-08-09 03:30:00,0.69,0.6905,0.6899,0.6903,215018.2
2026-08-09 03:35:00,0.6903,0.6906,0.6898,0.6901,384826.9
2026-08-09 03:40:00,0.69,0.6903,0.6894,0.6895,276329.7
2026-08-09 03:45:00,0.6896,0.6898,0.6895,0.6896,67653.9
2026-08-09 03:50:00,0.6896,0.6897,0.6892,0.6897,211080.4
2026-08-09 03:55:00,0.6897,0.6898,0.6895,0.6896,134686.0
2026-08-09 04:00:00,0.6897,0.6903,0.6889,0.6895,505047.2
2026-08-09 04:05:00,0.6895,0.6898,0.6895,0.6897,50282.7
2026-08-09 04:10:00,0.6898,0.6912,0.6897,0.6909,267359.3
2026-08-09 04:15:00,0.691,0.6919,0.6907,0.6916,459213.7
2026-08-09 04:20:00,0.6916,0.693,0.6915,0.6921,648431.9
2026-08-09 04:25:00,0.6922,0.6927,0.6918,0.6926,354349.5
2026-08-09 04:30:00,0.6926,0.693,0.6918,0.6925,1071893.8
2026-08-09 04:35:00,0.6924,0.693,0.6923,0.6929,182938.2
2026-08-09 04:40:00,0.693,0.693,0.692,0.6921,408936.5
2026-08-09 04:45:00,0.6922,0.6922,0.6918,0.692,226337.7
2026-08-09 04:50:00,0.692,0.6921,0.6916,0.692,154100.5
2026-08-09 04:55:00,0.6921,0.6921,0.6914,0.6917,133720.1
2026-08-09 05:00:00,0.6917,0.6924,0.6915,0.6917,322627.2
2026-08-09 05:05:00,0.6918,0.6921,0.6914,0.6917,151287.7
2026-08-09 05:10:00,0.6917,0.6918,0.6914,0.6918,168710.5
2026-08-09 05:15:00,0.6918,0.6919,0.6911,0.6911,168845.4
2026-08-09 05:20:00,0.6911,0.6913,0.691,0.6911,330901.0
2026-08-09 05:25:00,0.6911,0.6912,0.6904,0.6904,201870.2
2026-08-09 05:30:00,0.6905,0.6908,0.6902,0.6906,140770.3
2026-08-09 05:35:00,0.6906,0.6906,0.6901,0.6905,211254.0
2026-08-09 05:40:00,0.6905,0.6906,0.6898,0.6904,188550.0
2026-08-09 05:45:00,0.6905,0.6911,0.6904,0.6908,146217.5
2026-08-09 05:50:00,0.6909,0.691,0.6907,0.6907,78399.7
2026-08-09 05:55:00,0.6908,0.6917,0.6907,0.6913,132977.3
2026-08-09 06:00:00,0.6914,0.6914,0.6909,0.6911,115977.0
2026-08-09 06:05:00,0.6911,0.6919,0.6911,0.6918,290530.5
2026-08-09 06:10:00,0.6917,0.6923,0.6916,0.6923,214645.3
2026-08-09 06:15:00,0.6923,0.6925,0.692,0.6923,125600.5
2026-08-09 06:20:00,0.6924,0.6933,0.6924,0.6931,315143.5
2026-08-09 06:25:00,0.6932,0.6933,0.693,0.6931,96871.6
2026-08-09 06:30:00,0.6932,0.6937,0.693,0.6933,221573.8
2026-08-09 06:35:00,0.6933,0.6938,0.6929,0.6938,214648.9
2026-08-09 06:40:00,0.6938,0.6939,0.6935,0.6937,181586.3
2026-08-09 06:45:00,0.6937,0.6938,0.6934,0.6937,260219.0
2026-08-09 06:50:00,0.6938,0.6945,0.6937,0.694,439009.2
2026-08-09 06:55:00,0.694,0.6942,0.6935,0.6936,189025.5
2026-08-09 07:00:00,0.6937,0.6942,0.6933,0.6937,357467.8
2026-08-09 07:05:00,0.6937,0.6938,0.6927,0.6929,262003.2
2026-08-09 07:10:00,0.693,0.693,0.6918,0.6925,482421.2
2026-08-09 07:15:00,0.6925,0.693,0.692,0.6925,507992.5
2026-08-09 07:20:00,0.6924,0.6925,0.6918,0.6921,206942.0
2026-08-09 07:25:00,0.6921,0.6925,0.692,0.6923,56423.1
2026-08-09 07:30:00,0.6923,0.6925,0.6919,0.692,194318.9
2026-08-09 07:35:00,0.692,0.692,0.6917,0.6917,107637.0
2026-08-09 07:40:00,0.6918,0.6921,0.6916,0.6918,233605.0
2026-08-09 07:45:00,0.6918,0.6924,0.6918,0.6924,152317.0
2026-08-09 07:50:00,0.6924,0.6927,0.6916,0.6919,251972.9
2026-08-09 07:55:00,0.6919,0.6926,0.6919,0.6924,113045.3
2026-08-09 08:00:00,0.6924,0.6947,0.6924,0.6943,738630.7
2026-08-09 08:05:00,0.6943,0.6943,0.6934,0.6936,362451.0
2026-08-09 08:10:00,0.6936,0.6936,0.6932,0.6935,126172.4
2026-08-09 08:15:00,0.6936,0.6943,0.6933,0.6934,277963.4
2026-08-09 08:20:00,0.6933,0.6936,0.6929,0.6931,207256.5
2026-08-09 08:25:00,0.6932,0.6932,0.6928,0.6931,117248.6
2026-08-09 08:30:00,0.6932,0.6932,0.6928,0.6931,190954.7
2026-08-09 08:35:00,0.693,0.6932,0.6921,0.6923,360209.0
2026-08-09 08:40:00,0.6922,0.6924,0.6914,0.6914,394874.5
2026-08-09 08:45:00,0.6914,0.6925,0.6914,0.6915,260146.7
2026-08-09 08:50:00,0.6914,0.692,0.6914,0.692,140775.6
2026-08-09 08:55:00,0.692,0.6925,0.6918,0.6923,102913.5
2026-08-09 09:00:00,0.6923,0.6927,0.6921,0.6926,210784.4
2026-08-09 09:05:00,0.6925,0.693,0.6923,0.6929,360688.7
2026-08-09 09:10:00,0.6929,0.6929,0.6922,0.6924,200566.2
2026-08-09 09:15:00,0.6925,0.6925,0.6917,0.6918,105574.6
2026-08-09 09:20:00,0.6918,0.6919,0.6913,0.6913,91917.8
2026-08-09 09:25:00,0.6912,0.6914,0.6908,0.6909,260427.1
2026-08-09 09:30:00,0.691,0.6918,0.6909,0.6916,187625.5
2026-08-09 09:35:00,0.6916,0.6919,0.6914,0.6917,155349.3
2026-08-09 09:40:00,0.6917,0.6919,0.6914,0.6915,92356.5
2026-08-09 09:45:00,0.6916,0.692,0.6914,0.692,104983.8
2026-08-09 09:50:00,0.692,0.6925,0.6916,0.6924,188933.4
2026-08-09 09:55:00,0.6925,0.6927,0.692,0.6927,178408.0
2026-08-09 10:00:00,0.6928,0.6929,0.6922,0.6923,193375.5
2026-08-09 10:05:00,0.6923,0.6923,0.6916,0.6918,167017.5
2026-08-09 10:10:00,0.6918,0.6926,0.6918,0.6925,36665.9
2026-08-09 10:15:00,0.6926,0.693,0.6925,0.6929,92016.4
2026-08-09 10:20:00,0.6929,0.6935,0.6928,0.6931,112397.9
2026-08-09 10:25:00,0.693,0.693,0.6923,0.6924,169490.7
2026-08-09 10:30:00,0.6924,0.6925,0.6922,0.6922,71362.4
2026-08-09 10:35:00,0.6923,0.6924,0.6919,0.6921,134170.5
2026-08-09 10:40:00,0.692,0.6921,0.6918,0.692,96027.0
2026-08-09 10:45:00,0.692,0.6922,0.6918,0.692,139697.4
2026-08-09 10:50:00,0.692,0.6921,0.6916,0.6916,108385.3
2026-08-09 10:55:00,0.6916,0.6918,0.6909,0.6909,289031.5
2026-08-09 11:00:00,0.6909,0.6909,0.6905,0.6907,234610.7
2026-08-09 11:05:00,0.6908,0.6914,0.6907,0.6913,220526.3
2026-08-09 11:10:00,0.6912,0.6916,0.6912,0.6915,60211.1
2026-08-09 11:15:00,0.6916,0.6917,0.6913,0.6916,121203.6
2026-08-09 11:20:00,0.6917,0.6917,0.6911,0.6911,168957.4
2026-08-09 11:25:00,0.6912,0.6913,0.6912,0.6912,81884.6
2026-08-09 11:30:00,0.6912,0.6918,0.6912,0.6914,137011.8
2026-08-09 11:35:00,0.6914,0.6922,0.6912,0.6918,666659.6
2026-08-09 11:40:00,0.6918,0.6926,0.6918,0.6925,200575.6
2026-08-09 11:45:00,0.6926,0.6928,0.6919,0.692,211217.3
2026-08-09 11:50:00,0.692,0.6923,0.6916,0.6917,220295.9
2026-08-09 11:55:00,0.6918,0.6924,0.6916,0.6922,226737.4
2026-08-09 12:00:00,0.6923,0.6923,0.6904,0.6905,544306.9
2026-08-09 12:05:00,0.6906,0.6909,0.6901,0.6908,565154.8
2026-08-09 12:10:00,0.6909,0.6913,0.6908,0.6912,91976.2
2026-08-09 12:15:00,0.6913,0.6915,0.6911,0.6912,74166.3
2026-08-09 12:20:00,0.6912,0.6914,0.6911,0.6914,49654.0
2026-08-09 12:25:00,0.6913,0.6915,0.6911,0.6913,172249.5
2026-08-09 12:30:00,0.6914,0.6914,0.691,0.6911,73162.4
2026-08-09 12:35:00,0.6911,0.6911,0.6904,0.6908,266993.2
2026-08-09 12:40:00,0.6909,0.6909,0.6908,0.6908,23673.6
2026-08-09 12:45:00,0.6909,0.6909,0.6908,0.6908,37273.5
2026-08-09 12:50:00,0.6909,0.6909,0.6906,0.6908,151576.8
2026-08-09 12:55:00,0.6907,0.6914,0.6906,0.6909,158182.7
2026-08-09 13:00:00,0.691,0.6922,0.6909,0.692,367871.0
2026-08-09 13:05:00,0.6919,0.6924,0.6919,0.6924,231932.9
2026-08-09 13:10:00,0.6924,0.6937,0.6922,0.6933,427887.8
2026-08-09 13:15:00,0.6934,0.6955,0.6931,0.6946,2116202.7
2026-08-09 13:20:00,0.6946,0.6953,0.6946,0.6952,420455.9
2026-08-09 13:25:00,0.6952,0.6956,0.6948,0.6954,547766.9
2026-08-09 13:30:00,0.6955,0.6966,0.6953,0.6956,738761.8
2026-08-09 13:35:00,0.6955,0.6957,0.695,0.6952,390434.4
2026-08-09 13:40:00,0.6953,0.696,0.6953,0.6953,319268.2
2026-08-09 13:45:00,0.6954,0.6955,0.6948,0.695,345306.1
2026-08-09 13:50:00,0.6951,0.6952,0.6948,0.6951,132782.6
2026-08-09 13:55:00,0.6951,0.6956,0.6949,0.6955,144539.4
2026-08-09 14:00:00,0.6956,0.6959,0.6948,0.6956,568279.4
2026-08-09 14:05:00,0.6955,0.6962,0.6954,0.6958,353806.0
2026-08-09 14:10:00,0.6959,0.696,0.6954,0.6956,211720.3
2026-08-09 14:15:00,0.6956,0.6966,0.6954,0.6959,294839.5
2026-08-09 14:20:00,0.6959,0.696,0.6954,0.6955,92266.7
2026-08-09 14:25:00,0.6955,0.6957,0.6953,0.6956,204048.1
2026-08-09 14:30:00,0.6957,0.6969,0.6957,0.6967,802993.1
2026-08-09 14:35:00,0.6967,0.6974,0.6961,0.6966,863886.0
2026-08-09 14:40:00,0.6965,0.6965,0.6957,0.6961,291948.8
2026-08-09 14:45:00,0.6962,0.6967,0.696,0.6967,86189.9
2026-08-09 14:50:00,0.6967,0.6975,0.6966,0.6974,263401.4
2026-08-09 14:55:00,0.6975,0.699,0.6974,0.6985,743291.7
2026-08-09 15:00:00,0.6986,0.7006,0.6985,0.7006,1215552.7
2026-08-09 15:05:00,0.7005,0.7017,0.7001,0.7007,893644.0
2026-08-09 15:10:00,0.7006,0.7008,0.6991,0.6997,1136866.3
2026-08-09 15:15:00,0.6996,0.6999,0.6986,0.6987,623258.6
2026-08-09 15:20:00,0.6986,0.6989,0.6984,0.6987,376976.0
2026-08-09 15:25:00,0.6987,0.6994,0.6987,0.6994,265859.5
2026-08-09 15:30:00,0.6994,0.6997,0.6993,0.6995,159990.3
2026-08-09 15:35:00,0.6995,0.6996,0.6991,0.6996,127491.4
2026-08-09 15:40:00,0.6995,0.7011,0.6984,0.6998,1375119.8
2026-08-09 15:45:00,0.6999,0.7007,0.6993,0.7007,291492.7
2026-08-09 15:50:00,0.7007,0.7014,0.7003,0.7006,347344.4
2026-08-09 15:55:00,0.7006,0.7013,0.7005,0.7011,224404.4
2026-08-09 16:00:00,0.7012,0.7019,0.7008,0.701,744243.4
2026-08-09 16:05:00,0.7009,0.7022,0.7008,0.7018,461604.1
2026-08-09 16:10:00,0.7018,0.7018,0.7007,0.7012,336415.5
2026-08-09 16:15:00,0.7012,0.7021,0.7012,0.7015,187557.4
2026-08-09 16:20:00,0.7015,0.7032,0.7014,0.7014,804083.9
2026-08-09 16:25:00,0.7015,0.7022,0.7009,0.7022,558234.4
2026-08-09 16:30:00,0.7022,0.705,0.7022,0.703,2300724.3
2026-08-09 16:35:00,0.703,0.7038,0.7029,0.7032,277500.1
2026-08-09 16:40:00,0.7033,0.7044,0.7028,0.7041,971875.9
2026-08-09 16:45:00,0.704,0.7043,0.7022,0.7025,523291.0
2026-08-09 16:50:00,0.7024,0.7026,0.7017,0.7018,293681.3
2026-08-09 16:55:00,0.7017,0.7025,0.7017,0.7025,215138.0
2026-08-09 17:00:00,0.7025,0.7032,0.7025,0.703,393928.1
2026-08-09 17:05:00,0.7031,0.7034,0.7029,0.7029,159220.1
2026-08-09 17:10:00,0.703,0.7038,0.7028,0.7031,796849.3
2026-08-09 17:15:00,0.703,0.7031,0.7024,0.7027,500974.9
2026-08-09 17:20:00,0.7026,0.7026,0.7007,0.7014,1347577.4
2026-08-09 17:25:00,0.7015,0.7017,0.7011,0.7012,236336.2
2026-08-09 17:30:00,0.7011,0.7012,0.6999,0.7002,928840.9
2026-08-09 17:35:00,0.7002,0.7003,0.6989,0.6993,866555.9
2026-08-09 17:40:00,0.6993,0.7002,0.6993,0.7,274647.8
2026-08-09 17:45:00,0.7,0.7002,0.6989,0.699,213694.2
2026-08-09 17:50:00,0.6991,0.6992,0.6986,0.6987,349817.4
2026-08-09 17:55:00,0.6988,0.6991,0.6985,0.6988,215891.8
2026-08-09 18:00:00,0.6988,0.7002,0.6988,0.6999,368605.9
2026-08-09 18:05:00,0.6998,0.7006,0.6998,0.7006,247578.0
2026-08-09 18:10:00,0.7006,0.7006,0.6986,0.699,675388.9
2026-08-09 18:15:00,0.6989,0.6999,0.6983,0.6997,438032.7
2026-08-09 18:20:00,0.6996,0.7,0.6992,0.6996,467261.4
2026-08-09 18:25:00,0.6995,0.7004,0.6993,0.7002,210606.0
2026-08-09 18:30:00,0.7001,0.7007,0.6999,0.7,348557.5
2026-08-09 18:35:00,0.7,0.7002,0.6993,0.6993,134639.3
2026-08-09 18:40:00,0.6994,0.6994,0.6986,0.6992,302911.0
2026-08-09 18:45:00,0.6992,0.6997,0.6992,0.6993,142781.4
2026-08-09 18:50:00,0.6992,0.6997,0.699,0.6993,306384.0
2026-08-09 18:55:00,0.6994,0.6994,0.6988,0.6988,62648.6
2026-08-09 19:00:00,0.6987,0.6995,0.6986,0.6986,171851.8
2026-08-09 19:05:00,0.6986,0.6987,0.6976,0.6987,1045198.9
2026-08-09 19:10:00,0.6986,0.6987,0.6974,0.6978,258202.4
2026-08-09 19:15:00,0.6977,0.6982,0.6974,0.6981,335141.0
2026-08-09 19:20:00,0.6981,0.6982,0.6973,0.6982,528351.8
2026-08-09 19:25:00,0.6982,0.6987,0.698,0.6986,421652.2
2026-08-09 19:30:00,0.6985,0.6987,0.6979,0.6984,265813.3
2026-08-09 19:35:00,0.6984,0.6989,0.6983,0.6987,111732.9
2026-08-09 19:40:00,0.6986,0.6986,0.6979,0.6983,282121.9
2026-08-09 19:45:00,0.6983,0.6985,0.6978,0.6981,159058.9
2026-08-09 19:50:00,0.6981,0.6981,0.6972,0.6975,364768.0
2026-08-09 19:55:00,0.6975,0.6981,0.6975,0.6976,149268.7
2026-08-09 20:00:00,0.6975,0.6977,0.6972,0.6972,174696.0
2026-08-09 20:05:00,0.6973,0.6975,0.6967,0.6969,504552.9
2026-08-09 20:10:00,0.6968,0.697,0.696,0.6964,404719.4
2026-08-09 20:15:00,0.6963,0.6975,0.6963,0.6974,234429.8
2026-08-09 20:20:00,0.6975,0.6991,0.6974,0.6989,608452.4
2026-08-09 20:25:00,0.6989,0.6996,0.6986,0.6995,270497.4
2026-08-09 20:30:00,0.6995,0.6997,0.6994,0.6994,97978.5
2026-08-09 20:35:00,0.6995,0.6995,0.6989,0.699,115141.8
2026-08-09 20:40:00,0.699,0.6994,0.6989,0.6992,97521.1
2026-08-09 20:45:00,0.6992,0.7,0.6989,0.6999,267645.2
2026-08-09 20:50:00,0.6998,0.7001,0.6991,0.6993,241287.3
2026-08-09 20:55:00,0.6992,0.6999,0.699,0.6999,104951.3
2026-08-09 21:00:00,0.6999,0.7016,0.699,0.6992,1021144.6
2026-08-09 21:05:00,0.6991,0.6993,0.6981,0.6982,521530.0
2026-08-09 21:10:00,0.6981,0.699,0.698,0.6988,161813.4
2026-08-09 21:15:00,0.6987,0.6995,0.6985,0.6989,199151.6
2026-08-09 21:20:00,0.699,0.6998,0.6989,0.6998,89585.3
2026-08-09 21:25:00,0.6998,0.7016,0.6998,0.7016,451256.4
2026-08-09 21:30:00,0.7016,0.7026,0.7015,0.7018,437866.8
2026-08-09 21:35:00,0.7017,0.7027,0.7017,0.7025,215521.9
2026-08-09 21:40:00,0.7026,0.7028,0.7017,0.7022,348710.8
2026-08-09 21:45:00,0.7021,0.7024,0.7021,0.7023,81671.9
2026-08-09 21:50:00,0.7022,0.7023,0.7017,0.7019,189708.0
2026-08-09 21:55:00,0.7019,0.7024,0.7012,0.7013,202430.8
2026-08-09 22:00:00,0.7012,0.7023,0.7012,0.7021,254142.0
2026-08-09 22:05:00,0.702,0.7024,0.7019,0.7022,269403.4
2026-08-09 22:10:00,0.7022,0.7045,0.702,0.704,644428.4
2026-08-09 22:15:00,0.704,0.7053,0.7027,0.7029,997195.9
2026-08-09 22:20:00,0.7029,0.704,0.7022,0.7023,713166.4
2026-08-09 22:25:00,0.7022,0.7026,0.7013,0.7016,356854.5
2026-08-09 22:30:00,0.7016,0.7019,0.6987,0.6999,515200.8
2026-08-09 22:35:00,0.6999,0.7,0.6961,0.6966,1427467.7
2026-08-09 22:40:00,0.6966,0.697,0.6961,0.6967,629882.1
2026-08-09 22:45:00,0.6966,0.6967,0.6935,0.6948,1780701.3
2026-08-09 22:50:00,0.6949,0.6953,0.6921,0.6942,1474381.1
2026-08-09 22:55:00,0.6943,0.695,0.694,0.6941,437662.0
2026-08-09 23:00:00,0.694,0.6946,0.6928,0.6943,619838.7
2026-08-09 23:05:00,0.6944,0.6944,0.6921,0.6925,742714.0
2026-08-09 23:10:00,0.6924,0.6932,0.6923,0.6924,509319.0
2026-08-09 23:15:00,0.6923,0.6926,0.6905,0.6915,1272681.4
2026-08-09 23:20:00,0.6915,0.6915,0.6886,0.6901,2472065.7
2026-08-09 23:25:00,0.69,0.69,0.6852,0.6864,2566602.3
2026-08-09 23:30:00,0.6863,0.6863,0.6826,0.6855,4151808.6
2026-08-09 23:35:00,0.6855,0.6875,0.6853,0.6859,1333364.5
2026-08-09 23:40:00,0.6859,0.6862,0.6851,0.6857,760478.8
2026-08-09 23:45:00,0.6856,0.6865,0.6855,0.6857,526802.0
2026-08-09 23:50:00,0.6858,0.6861,0.6851,0.6856,490156.0
2026-08-09 23:55:00,0.6855,0.6863,0.6843,0.686,761319.3
2026-08-10 00:00:00,0.686,0.6862,0.6846,0.6849,950840.0
2026-08-10 00:05:00,0.6849,0.6868,0.6845,0.6863,1086142.7
2026-08-10 00:10:00,0.6864,0.6913,0.6861,0.6895,1456193.1
2026-08-10 00:15:00,0.6895,0.6905,0.6884,0.689,1441238.8
2026-08-10 00:20:00,0.689,0.6899,0.6878,0.688,325429.7
2026-08-10 00:25:00,0.6881,0.6893,0.6879,0.6887,157665.7
2026-08-10 00:30:00,0.6887,0.6893,0.6882,0.6888,313278.4
2026-08-10 00:35:00,0.6889,0.689,0.6872,0.6872,422914.5
2026-08-10 00:40:00,0.6872,0.6886,0.6867,0.6869,575213.4
2026-08-10 00:45:00,0.6868,0.6896,0.6863,0.6896,773227.0
2026-08-10 00:50:00,0.6897,0.6913,0.6896,0.6907,421778.6
2026-08-10 00:55:00,0.6907,0.6914,0.6891,0.6893,369178.3
2026-08-10 01:00:00,0.6893,0.6909,0.6889,0.6896,514393.1
2026-08-10 01:05:00,0.6897,0.6898,0.6882,0.6896,273769.4
2026-08-10 01:10:00,0.6895,0.691,0.6895,0.6907,190656.6
2026-08-10 01:15:00,0.6907,0.6919,0.6901,0.6905,1103808.7
2026-08-10 01:20:00,0.6906,0.6907,0.6895,0.6902,180379.4
2026-08-10 01:25:00,0.6902,0.6914,0.6897,0.6897,277754.6
2026-08-10 01:30:00,0.6897,0.69,0.689,0.6896,691176.9
2026-08-10 01:35:00,0.6897,0.6898,0.6878,0.6897,328324.7
2026-08-10 01:40:00,0.6897,0.69,0.6892,0.6897,233838.0
2026-08-10 01:45:00,0.6898,0.6944,0.6894,0.694,1253560.8
2026-08-10 01:50:00,0.694,0.6968,0.694,0.6945,847228.5
2026-08-10 01:55:00,0.6945,0.6947,0.6938,0.6944,464385.1
2026-08-10 02:00:00,0.6943,0.6948,0.6914,0.6924,666978.2
2026-08-10 02:05:00,0.6925,0.6932,0.6912,0.6917,335929.7
2026-08-10 02:10:00,0.6917,0.6926,0.6915,0.6918,206025.9
2026-08-10 02:15:00,0.6917,0.6919,0.6883,0.6886,1260693.9
2026-08-10 02:20:00,0.6886,0.6897,0.6885,0.6889,343351.8
2026-08-10 02:25:00,0.6889,0.6889,0.6879,0.6885,283803.7
2026-08-10 02:30:00,0.6886,0.6898,0.6885,0.6887,583542.5
2026-08-10 02:35:00,0.6887,0.69,0.6887,0.69,227780.9
2026-08-10 02:40:00,0.69,0.6932,0.6896,0.6931,375864.3
2026-08-10 02:45:00,0.6931,0.6931,0.6915,0.6918,206174.9
2026-08-10 02:50:00,0.6919,0.693,0.6918,0.6921,93511.3
2026-08-10 02:55:00,0.6921,0.6932,0.6918,0.6932,290631.2
2026-08-10 03:00:00,0.6931,0.6935,0.6918,0.6923,366166.6
2026-08-10 03:05:00,0.6924,0.6926,0.6914,0.6922,141477.7
2026-08-10 03:10:00,0.6922,0.6926,0.689,0.6892,646229.2
2026-08-10 03:15:00,0.6891,0.692,0.6886,0.692,349832.1
2026-08-10 03:20:00,0.6921,0.6935,0.6919,0.693,331699.0
2026-08-10 03:25:00,0.6931,0.6934,0.6904,0.6906,489886.7
2026-08-10 03:30:00,0.6906,0.691,0.6895,0.6909,670230.1
2026-08-10 03:35:00,0.691,0.6913,0.6905,0.6909,196209.1
2026-08-10 03:40:00,0.6909,0.6911,0.6896,0.6901,159036.7
2026-08-10 03:45:00,0.6901,0.6908,0.6899,0.6902,104303.7
2026-08-10 03:50:00,0.6901,0.6903,0.6892,0.6894,230655.4
2026-08-10 03:55:00,0.6893,0.6894,0.6875,0.6886,736602.8
2026-08-10 04:00:00,0.6886,0.6896,0.6873,0.6893,1236226.0
2026-08-10 04:05:00,0.6894,0.6899,0.6887,0.6899,187153.2
2026-08-10 04:10:00,0.6899,0.6902,0.689,0.6902,244302.6
2026-08-10 04:15:00,0.6901,0.6913,0.69,0.6903,261530.9
2026-08-10 04:20:00,0.6904,0.6906,0.6892,0.6894,267349.7
2026-08-10 04:25:00,0.6893,0.6901,0.6892,0.6893,381804.8
2026-08-10 04:30:00,0.6892,0.6899,0.6889,0.6893,159929.0
2026-08-10 04:35:00,0.6894,0.6897,0.6885,0.6887,298682.2
2026-08-10 04:40:00,0.6887,0.6892,0.6871,0.6892,532466.9
2026-08-10 04:45:00,0.6893,0.6906,0.6891,0.6897,511884.7
2026-08-10 04:50:00,0.6897,0.69,0.6888,0.6888,96848.8
2026-08-10 04:55:00,0.6888,0.689,0.6878,0.6887,231900.1
2026-08-10 05:00:00,0.6887,0.6899,0.6885,0.6897,249617.2
2026-08-10 05:05:00,0.6896,0.6902,0.6896,0.6898,300754.2
2026-08-10 05:10:00,0.6897,0.6899,0.6887,0.6892,347375.1
2026-08-10 05:15:00,0.6893,0.6905,0.6892,0.6897,133502.6
2026-08-10 05:20:00,0.6897,0.6911,0.6897,0.691,360390.6
2026-08-10 05:25:00,0.691,0.6915,0.6905,0.6914,128502.3
2026-08-10 05:30:00,0.6913,0.6915,0.6906,0.6913,323081.5
2026-08-10 05:35:00,0.6913,0.6923,0.6912,0.6913,345548.8
2026-08-10 05:40:00,0.6913,0.6927,0.6913,0.6927,288606.4
2026-08-10 05:45:00,0.6927,0.693,0.6913,0.6926,963130.4
2026-08-10 05:50:00,0.6925,0.6947,0.692,0.6943,693058.0
2026-08-10 05:55:00,0.6943,0.6955,0.6939,0.6943,1019692.6
2026-08-10 06:00:00,0.6943,0.6959,0.6941,0.6953,443816.6
2026-08-10 06:05:00,0.6953,0.6968,0.6945,0.6945,810800.7
2026-08-10 06:10:00,0.6946,0.6951,0.6942,0.6945,723205.6
2026-08-10 06:15:00,0.6945,0.6956,0.694,0.6956,514556.6
2026-08-10 06:20:00,0.6956,0.6956,0.6941,0.6947,403864.2
2026-08-10 06:25:00,0.6947,0.6948,0.694,0.6943,497085.3
2026-08-10 06:30:00,0.6944,0.6956,0.6944,0.6949,240554.9
2026-08-10 06:35:00,0.6949,0.6957,0.6948,0.6948,326525.9
2026-08-10 06:40:00,0.6948,0.6955,0.6943,0.695,238308.3
2026-08-10 06:45:00,0.6951,0.6956,0.6947,0.6951,311720.2
2026-08-10 06:50:00,0.6951,0.6954,0.6942,0.6945,182950.8
2026-08-10 06:55:00,0.6945,0.6958,0.6945,0.6957,192703.9
2026-08-10 07:00:00,0.6958,0.6961,0.6946,0.6952,505688.5
2026-08-10 07:05:00,0.6952,0.6955,0.6946,0.6949,268329.5
2026-08-10 07:10:00,0.695,0.6966,0.6949,0.6963,543038.0
2026-08-10 07:15:00,0.6964,0.697,0.6955,0.6966,703290.2
2026-08-10 07:20:00,0.6967,0.6973,0.6962,0.6967,450649.5
2026-08-10 07:25:00,0.6967,0.6969,0.6962,0.6964,360322.3
2026-08-10 07:30:00,0.6964,0.6977,0.6962,0.6966,465088.6
2026-08-10 07:35:00,0.6967,0.6972,0.6959,0.6962,477010.3
2026-08-10 07:40:00,0.6961,0.6962,0.6955,0.696,331693.0
2026-08-10 07:45:00,0.696,0.6961,0.6947,0.6947,291067.3
2026-08-10 07:50:00,0.6947,0.6956,0.6939,0.694,604989.1
2026-08-10 07:55:00,0.694,0.6948,0.6939,0.6948,203236.6
2026-08-10 08:00:00,0.6948,0.6966,0.6946,0.6964,511925.0
2026-08-10 08:05:00,0.6964,0.6964,0.6951,0.6954,206944.8
2026-08-10 08:10:00,0.6954,0.6955,0.6947,0.6949,128421.0
2026-08-10 08:15:00,0.6948,0.6956,0.6943,0.6956,169413.4
2026-08-10 08:20:00,0.6956,0.6957,0.6947,0.6951,181144.7
2026-08-10 08:25:00,0.6951,0.6961,0.6948,0.6948,147685.3
2026-08-10 08:30:00,0.6948,0.6949,0.6941,0.6945,238044.2
2026-08-10 08:35:00,0.6944,0.6947,0.6939,0.6939,269722.8
2026-08-10 08:40:00,0.6939,0.6939,0.6925,0.6931,594182.1
2026-08-10 08:45:00,0.6931,0.6945,0.6924,0.6943,242211.2
2026-08-10 08:50:00,0.6943,0.6952,0.6938,0.6949,328294.0
2026-08-10 08:55:00,0.6949,0.696,0.6949,0.6953,223911.1
2026-08-10 09:00:00,0.6954,0.6954,0.6943,0.6949,438971.3
2026-08-10 09:05:00,0.6949,0.6949,0.694,0.6946,179746.6
2026-08-10 09:10:00,0.6947,0.6948,0.694,0.6942,119828.0
2026-08-10 09:15:00,0.6943,0.6951,0.6939,0.6941,879410.7
2026-08-10 09:20:00,0.694,0.6949,0.6936,0.6941,367935.0
2026-08-10 09:25:00,0.6941,0.6943,0.6928,0.6928,148992.6
2026-08-10 09:30:00,0.6928,0.6928,0.6908,0.6924,613264.0
2026-08-10 09:35:00,0.6924,0.6927,0.6914,0.6926,465187.1
2026-08-10 09:40:00,0.6925,0.6935,0.6924,0.6933,288514.6
2026-08-10 09:45:00,0.6934,0.6936,0.6923,0.6929,288732.0
2026-08-10 09:50:00,0.6928,0.6934,0.6926,0.6928,147515.1
2026-08-10 09:55:00,0.6927,0.6935,0.6922,0.6923,179207.0
2026-08-10 10:00:00,0.6923,0.6932,0.6921,0.6929,494875.6
2026-08-10 10:05:00,0.6929,0.693,0.6912,0.6914,174087.2
2026-08-10 10:10:00,0.6915,0.6918,0.691,0.6915,335811.5
2026-08-10 10:15:00,0.6915,0.6922,0.6914,0.692,145610.2
2026-08-10 10:20:00,0.6921,0.6932,0.6918,0.6932,240673.3
2026-08-10 10:25:00,0.6932,0.6933,0.6925,0.6927,65753.4
2026-08-10 10:30:00,0.6928,0.6931,0.6924,0.6927,116615.5
2026-08-10 10:35:00,0.6927,0.6928,0.6918,0.6918,351330.7
2026-08-10 10:40:00,0.6919,0.6923,0.6914,0.6921,182142.7
2026-08-10 10:45:00,0.6921,0.693,0.6916,0.6929,165193.1
2026-08-10 10:50:00,0.6928,0.6931,0.6926,0.6927,163187.9
2026-08-10 10:55:00,0.6927,0.693,0.6923,0.6928,343599.1
2026-08-10 11:00:00,0.6929,0.6931,0.6922,0.6924,221002.0
2026-08-10 11:05:00,0.6923,0.6929,0.6922,0.6929,159735.7
2026-08-10 11:10:00,0.6928,0.6928,0.692,0.6927,205581.4
2026-08-10 11:15:00,0.6927,0.6937,0.6925,0.6935,150564.5
2026-08-10 11:20:00,0.6936,0.6942,0.6933,0.6936,271046.1
2026-08-10 11:25:00,0.6936,0.695,0.6936,0.6949,162220.1
2026-08-10 11:30:00,0.695,0.6961,0.6949,0.6961,244144.2
2026-08-10 11:35:00,0.696,0.6962,0.6954,0.6959,167944.2
2026-08-10 11:40:00,0.6959,0.6963,0.6955,0.6955,109628.3
2026-08-10 11:45:00,0.6955,0.696,0.6954,0.6956,263020.9
2026-08-10 11:50:00,0.6956,0.6957,0.695,0.6954,331447.4
2026-08-10 11:55:00,0.6955,0.6962,0.6953,0.6957,200873.8
2026-08-10 12:00:00,0.6958,0.697,0.6956,0.6966,443142.3
2026-08-10 12:05:00,0.6966,0.6971,0.696,0.6969,313041.6
2026-08-10 12:10:00,0.697,0.6977,0.696,0.696,287859.3
2026-08-10 12:15:00,0.6961,0.6961,0.6949,0.695,505818.8
2026-08-10 12:20:00,0.6951,0.6956,0.695,0.6953,187261.0
2026-08-10 12:25:00,0.6953,0.6956,0.6945,0.6945,597698.3
2026-08-10 12:30:00,0.6945,0.6952,0.6936,0.6936,541710.9
2026-08-10 12:35:00,0.6937,0.6943,0.6931,0.6932,543569.3
2026-08-10 12:40:00,0.6931,0.6953,0.6926,0.6952,586636.5
2026-08-10 12:45:00,0.6952,0.6952,0.6939,0.694,192070.4
2026-08-10 12:50:00,0.6939,0.6941,0.6925,0.6938,617099.7
2026-08-10 12:55:00,0.6938,0.6938,0.6911,0.6923,746639.0
2026-08-10 13:00:00,0.6923,0.6929,0.6915,0.6924,605424.5
2026-08-10 13:05:00,0.6923,0.6939,0.6922,0.6939,276457.6
2026-08-10 13:10:00,0.6939,0.6945,0.6935,0.6938,490532.0
2026-08-10 13:15:00,0.6939,0.6946,0.6934,0.6946,170081.0
2026-08-10 13:20:00,0.6946,0.6949,0.6941,0.6946,144645.8
2026-08-10 13:25:00,0.6946,0.6946,0.6936,0.6943,272948.5
2026-08-10 13:30:00,0.6944,0.6946,0.691,0.6913,1253616.2
2026-08-10 13:35:00,0.6914,0.6943,0.6914,0.6925,574787.5
2026-08-10 13:40:00,0.6925,0.6938,0.6921,0.6936,589158.3
2026-08-10 13:45:00,0.6935,0.6945,0.6919,0.6928,2065497.4
2026-08-10 13:50:00,0.6927,0.694,0.6917,0.6924,1474012.6
2026-08-10 13:55:00,0.6923,0.6943,0.692,0.6936,1201637.6
2026-08-10 14:00:00,0.6936,0.6962,0.6934,0.6957,1168169.2
2026-08-10 14:05:00,0.6957,0.6966,0.6951,0.6959,666367.2
2026-08-10 14:10:00,0.6959,0.6964,0.6952,0.696,361038.5
2026-08-10 14:15:00,0.6959,0.6962,0.6946,0.6954,407096.6
2026-08-10 14:20:00,0.6955,0.6956,0.6941,0.6945,291962.7
2026-08-10 14:25:00,0.6945,0.6961,0.6944,0.6949,222209.8
2026-08-10 14:30:00,0.6949,0.6953,0.6942,0.6944,392299.5
2026-08-10 14:35:00,0.6944,0.6956,0.6937,0.6939,168659.1
2026-08-10 14:40:00,0.694,0.6953,0.6939,0.6939,170831.0
2026-08-10 14:45:00,0.6939,0.6947,0.6932,0.6933,209161.6
2026-08-10 14:50:00,0.6933,0.6939,0.6918,0.6921,1026313.4
2026-08-10 14:55:00,0.6921,0.6921,0.69,0.6903,694160.3
2026-08-10 15:00:00,0.6904,0.6913,0.6882,0.691,1598136.9
2026-08-10 15:05:00,0.691,0.6919,0.6906,0.691,384445.7
2026-08-10 15:10:00,0.6909,0.6912,0.6868,0.6877,1634963.8
2026-08-10 15:15:00,0.6876,0.6907,0.6874,0.6894,1124968.5
2026-08-10 15:20:00,0.6894,0.6902,0.6888,0.6897,547979.8
2026-08-10 15:25:00,0.6897,0.6913,0.6885,0.6913,1709509.8
2026-08-10 15:30:00,0.6912,0.6914,0.6894,0.6894,295810.6
2026-08-10 15:35:00,0.6893,0.6899,0.6882,0.6885,538167.4
2026-08-10 15:40:00,0.6885,0.6897,0.6882,0.689,473692.2
2026-08-10 15:45:00,0.6889,0.6895,0.6882,0.6883,343805.6
2026-08-10 15:50:00,0.6884,0.6903,0.6884,0.6891,410065.8
2026-08-10 15:55:00,0.6892,0.6908,0.6892,0.6906,699011.3
2026-08-10 16:00:00,0.6905,0.6924,0.6897,0.6917,1273617.2
2026-08-10 16:05:00,0.6917,0.6928,0.6912,0.6915,562746.0
2026-08-10 16:10:00,0.6915,0.6918,0.6899,0.6903,462217.6
2026-08-10 16:15:00,0.6903,0.6907,0.6894,0.6894,748321.4
2026-08-10 16:20:00,0.6895,0.6906,0.6876,0.6906,1214725.9
2026-08-10 16:25:00,0.6906,0.6907,0.6876,0.6879,1011555.1
2026-08-10 16:30:00,0.688,0.6891,0.6867,0.687,1512653.9
2026-08-10 16:35:00,0.687,0.6902,0.687,0.6902,247965.7
2026-08-10 16:40:00,0.6902,0.6905,0.6882,0.6884,543669.7
2026-08-10 16:45:00,0.6884,0.6885,0.6872,0.6873,955720.6
2026-08-10 16:50:00,0.6873,0.6885,0.687,0.6872,484925.8
2026-08-10 16:55:00,0.6872,0.6873,0.6856,0.6869,1694929.3
2026-08-10 17:00:00,0.687,0.6873,0.6841,0.6851,2359807.0
2026-08-10 17:05:00,0.6852,0.6874,0.6848,0.6874,754063.9
2026-08-10 17:10:00,0.6874,0.6898,0.6874,0.6895,1144366.1
2026-08-10 17:15:00,0.6894,0.6901,0.6879,0.688,608914.2
2026-08-10 17:20:00,0.688,0.6898,0.6872,0.6895,619189.2
2026-08-10 17:25:00,0.6894,0.6905,0.6892,0.6894,745315.1
2026-08-10 17:30:00,0.6893,0.6912,0.6893,0.6901,424063.9
2026-08-10 17:35:00,0.6902,0.6902,0.6894,0.6897,156353.2
2026-08-10 17:40:00,0.6897,0.69,0.6892,0.6893,200283.5
2026-08-10 17:45:00,0.6892,0.6892,0.6869,0.6884,1008787.9
2026-08-10 17:50:00,0.6884,0.6888,0.688,0.6885,273102.0
2026-08-10 17:55:00,0.6886,0.6889,0.6882,0.6884,145438.3
2026-08-10 18:00:00,0.6885,0.6892,0.6884,0.6889,296850.8
2026-08-10 18:05:00,0.689,0.69,0.6887,0.6891,249493.3
2026-08-10 18:10:00,0.6891,0.6897,0.6888,0.6891,282322.9
2026-08-10 18:15:00,0.689,0.6895,0.6886,0.6887,160018.9
2026-08-10 18:20:00,0.6887,0.6898,0.6884,0.6897,236466.5
2026-08-10 18:25:00,0.6897,0.6904,0.6888,0.6894,185287.2
2026-08-10 18:30:00,0.6893,0.6896,0.6888,0.6888,175537.1
2026-08-10 18:35:00,0.6888,0.689,0.6878,0.6884,702564.7
2026-08-10 18:40:00,0.6884,0.6891,0.6883,0.6891,244055.5
2026-08-10 18:45:00,0.689,0.6899,0.6881,0.6898,424363.3
2026-08-10 18:50:00,0.6897,0.69,0.6892,0.6895,181187.2
2026-08-10 18:55:00,0.6895,0.6901,0.6895,0.6897,169702.3
2026-08-10 19:00:00,0.6896,0.6903,0.6895,0.6897,262103.4
2026-08-10 19:05:00,0.6897,0.6901,0.6894,0.6895,119454.1
2026-08-10 19:10:00,0.6896,0.6908,0.6896,0.6906,197825.9
2026-08-10 19:15:00,0.6906,0.6914,0.6905,0.691,333646.3
2026-08-10 19:20:00,0.691,0.6919,0.6909,0.6918,259116.7
2026-08-10 19:25:00,0.6918,0.6924,0.6915,0.6924,104193.4
2026-08-10 19:30:00,0.6924,0.6942,0.6924,0.694,745001.7
2026-08-10 19:35:00,0.694,0.6946,0.6932,0.6939,406948.6
2026-08-10 19:40:00,0.6939,0.6969,0.6939,0.6952,2431664.9
2026-08-10 19:45:00,0.6951,0.6956,0.6931,0.6935,1448303.3
2026-08-10 19:50:00,0.6934,0.6937,0.6916,0.6916,333910.8
2026-08-10 19:55:00,0.6916,0.6925,0.6911,0.6924,754215.9
2026-08-10 20:00:00,0.6923,0.693,0.6919,0.6922,249426.6
2026-08-10 20:05:00,0.6923,0.6931,0.6921,0.693,326774.7
2026-08-10 20:10:00,0.693,0.6934,0.6923,0.6928,373343.8
2026-08-10 20:15:00,0.6928,0.6936,0.6925,0.6935,131551.4
2026-08-10 20:20:00,0.6935,0.6936,0.6927,0.6928,130513.4
2026-08-10 20:25:00,0.6927,0.6933,0.6923,0.6929,197897.9
2026-08-10 20:30:00,0.6929,0.693,0.6919,0.692,245598.5
2026-08-10 20:35:00,0.6919,0.6919,0.69,0.6905,965153.2
2026-08-10 20:40:00,0.6906,0.6915,0.6905,0.6907,190426.1
2026-08-10 20:45:00,0.6908,0.6908,0.6902,0.6908,316878.3
2026-08-10 20:50:00,0.6908,0.691,0.6901,0.6903,366484.8
2026-08-10 20:55:00,0.6903,0.6907,0.6899,0.6906,197416.3
2026-08-10 21:00:00,0.6906,0.6906,0.6899,0.6903,173720.4
2026-08-10 21:05:00,0.6904,0.6908,0.6903,0.6906,80240.1
2026-08-10 21:10:00,0.6905,0.6905,0.6888,0.6889,397448.4
2026-08-10 21:15:00,0.6889,0.689,0.6876,0.6879,565978.1
2026-08-10 21:20:00,0.6879,0.6879,0.6866,0.6869,423019.2
2026-08-10 21:25:00,0.6868,0.6887,0.6868,0.6886,158639.4
2026-08-10 21:30:00,0.6886,0.6896,0.6884,0.6891,109901.4
2026-08-10 21:35:00,0.6891,0.6898,0.6887,0.689,152093.8
2026-08-10 21:40:00,0.6891,0.6894,0.6872,0.688,626242.5
2026-08-10 21:45:00,0.688,0.6881,0.6871,0.6873,108379.0
2026-08-10 21:50:00,0.6873,0.6875,0.6865,0.6868,263433.4
2026-08-10 21:55:00,0.6868,0.687,0.685,0.6853,891635.9
2026-08-10 22:00:00,0.6853,0.6861,0.6843,0.6844,774250.9
2026-08-10 22:05:00,0.6844,0.6857,0.6817,0.6856,2117622.9
2026-08-10 22:10:00,0.6856,0.6861,0.6849,0.6859,315291.6
2026-08-10 22:15:00,0.686,0.6861,0.6854,0.6856,221037.3
2026-08-10 22:20:00,0.6856,0.6859,0.6841,0.6841,893471.4
2026-08-10 22:25:00,0.6841,0.685,0.6839,0.6849,222574.5
2026-08-10 22:30:00,0.685,0.6853,0.6829,0.6829,320503.2
2026-08-10 22:35:00,0.6828,0.6846,0.6828,0.684,376175.4
2026-08-10 22:40:00,0.6841,0.6843,0.6837,0.6841,99625.1
2026-08-10 22:45:00,0.684,0.6844,0.6838,0.6843,251187.7
2026-08-10 22:50:00,0.6843,0.6846,0.6841,0.6843,99646.3
2026-08-10 22:55:00,0.6843,0.6847,0.6842,0.6843,318990.0
2026-08-10 23:00:00,0.6843,0.6844,0.6833,0.6836,623622.9
2026-08-10 23:05:00,0.6836,0.6847,0.6836,0.6844,251373.0
2026-08-10 23:10:00,0.6845,0.6853,0.6844,0.6851,135566.2
2026-08-10 23:15:00,0.685,0.6854,0.6842,0.6842,162339.4
2026-08-10 23:20:00,0.6842,0.6848,0.6839,0.6848,220368.1
2026-08-10 23:25:00,0.6848,0.6849,0.6842,0.6847,175239.2
2026-08-10 23:30:00,0.6847,0.6848,0.6841,0.6844,245917.5
2026-08-10 23:35:00,0.6844,0.6847,0.6838,0.684,138391.9
2026-08-10 23:40:00,0.684,0.6845,0.684,0.6844,205398.7
2026-08-10 23:45:00,0.6844,0.6845,0.6836,0.684,459020.6
2026-08-10 23:50:00,0.6841,0.6846,0.684,0.6842,185582.3
2026-08-10 23:55:00,0.6843,0.6844,0.6839,0.684,126090.0
2026-08-11 00:00:00,0.6841,0.6841,0.6832,0.6836,463502.2
2026-08-11 00:05:00,0.6837,0.684,0.683,0.6832,379551.9
2026-08-11 00:10:00,0.6832,0.6848,0.6829,0.6847,303195.3
2026-08-11 00:15:00,0.6848,0.6848,0.6838,0.6841,193328.1
2026-08-11 00:20:00,0.6842,0.6851,0.6837,0.6842,302599.2
2026-08-11 00:25:00,0.6842,0.6859,0.6841,0.6858,164949.0
2026-08-11 00:30:00,0.6859,0.686,0.685,0.6854,239876.2
2026-08-11 00:35:00,0.6853,0.6857,0.6848,0.6851,422767.4
2026-08-11 00:40:00,0.6852,0.6863,0.685,0.6861,223917.0
2026-08-11 00:45:00,0.6862,0.6862,0.6856,0.6856,99031.2
2026-08-11 00:50:00,0.6856,0.6865,0.6856,0.686,422507.6
2026-08-11 00:55:00,0.686,0.6864,0.6859,0.6859,157982.6
2026-08-11 01:00:00,0.6858,0.686,0.6845,0.6855,324824.2
2026-08-11 01:05:00,0.6855,0.6856,0.6849,0.6855,216262.9
2026-08-11 01:10:00,0.6856,0.6876,0.6855,0.6874,293197.2
2026-08-11 01:15:00,0.6875,0.6876,0.6863,0.6863,268782.3
2026-08-11 01:20:00,0.6864,0.6883,0.6863,0.688,548713.8
2026-08-11 01:25:00,0.688,0.6887,0.6875,0.6885,278385.9
2026-08-11 01:30:00,0.6886,0.6887,0.6876,0.6876,164412.9
2026-08-11 01:35:00,0.6876,0.6877,0.6869,0.687,126060.6
2026-08-11 01:40:00,0.687,0.687,0.6858,0.6866,381636.4
2026-08-11 01:45:00,0.6866,0.6883,0.6864,0.6882,215635.2
2026-08-11 01:50:00,0.6883,0.6891,0.6882,0.6883,168035.6
2026-08-11 01:55:00,0.6884,0.6888,0.6883,0.6886,158873.3
2026-08-11 02:00:00,0.6886,0.6902,0.6885,0.6895,609082.3
2026-08-11 02:05:00,0.6894,0.6894,0.6883,0.6884,129875.5
2026-08-11 02:10:00,0.6885,0.6893,0.6884,0.6887,280504.2
2026-08-11 02:15:00,0.6887,0.689,0.6885,0.6885,197557.8
2026-08-11 02:20:00,0.6885,0.6886,0.6882,0.6884,106907.1
2026-08-11 02:25:00,0.6884,0.6889,0.6881,0.6888,101050.6
2026-08-11 02:30:00,0.6889,0.6892,0.6887,0.6887,102904.6
2026-08-11 02:35:00,0.6887,0.6888,0.6876,0.6881,222086.1
2026-08-11 02:40:00,0.6882,0.6887,0.6881,0.6886,59682.5
2026-08-11 02:45:00,0.6886,0.6887,0.6885,0.6886,117541.2
2026-08-11 02:50:00,0.6885,0.6886,0.6881,0.6885,95309.8
2026-08-11 02:55:00,0.6885,0.6886,0.6881,0.6881,45180.7
2026-08-11 03:00:00,0.6881,0.6884,0.688,0.6884,112972.3
2026-08-11 03:05:00,0.6885,0.6887,0.688,0.6884,87721.4
2026-08-11 03:10:00,0.6884,0.689,0.6883,0.6889,155750.3
2026-08-11 03:15:00,0.6889,0.6896,0.6886,0.6887,399468.8
2026-08-11 03:20:00,0.6887,0.6887,0.6884,0.6884,75880.0
2026-08-11 03:25:00,0.6884,0.6888,0.6883,0.6883,103576.0
2026-08-11 03:30:00,0.6883,0.6883,0.6876,0.6876,359749.9
2026-08-11 03:35:00,0.6876,0.6887,0.6875,0.6886,248313.8
2026-08-11 03:40:00,0.6885,0.6888,0.6882,0.6882,53047.9
2026-08-11 03:45:00,0.6882,0.6883,0.6878,0.688,204924.5
2026-08-11 03:50:00,0.688,0.6881,0.6876,0.6878,107794.5
2026-08-11 03:55:00,0.6877,0.6878,0.6872,0.6872,155757.6
2026-08-11 04:00:00,0.6872,0.6873,0.6868,0.6869,241828.9
2026-08-11 04:05:00,0.687,0.6872,0.6867,0.6867,103341.7
2026-08-11 04:10:00,0.6867,0.6872,0.6866,0.6871,152358.6
2026-08-11 04:15:00,0.6871,0.6872,0.6867,0.6869,70181.1
2026-08-11 04:20:00,0.6869,0.6875,0.6869,0.6871,126462.4
2026-08-11 04:25:00,0.6871,0.6874,0.6866,0.6867,148051.2
2026-08-11 04:30:00,0.6868,0.6872,0.6866,0.6869,90706.7
2026-08-11 04:35:00,0.6869,0.6871,0.6869,0.6871,24393.2
2026-08-11 04:40:00,0.6872,0.6872,0.6869,0.6869,37613.9
2026-08-11 04:45:00,0.687,0.6873,0.6868,0.6871,121909.6
2026-08-11 04:50:00,0.6871,0.6874,0.6864,0.6874,222096.3
2026-08-11 04:55:00,0.6874,0.6876,0.6873,0.6874,110908.2
2026-08-11 05:00:00,0.6874,0.6881,0.687,0.688,212338.1
2026-08-11 05:05:00,0.688,0.6891,0.6878,0.6889,226370.8
2026-08-11 05:10:00,0.689,0.6892,0.6888,0.6889,84918.0
2026-08-11 05:15:00,0.689,0.6896,0.6886,0.6886,146410.7
2026-08-11 05:20:00,0.6885,0.6885,0.6871,0.6873,342996.3
2026-08-11 05:25:00,0.6873,0.6876,0.687,0.6873,176142.1
2026-08-11 05:30:00,0.6873,0.6877,0.6869,0.6877,222208.4
2026-08-11 05:35:00,0.6877,0.6884,0.6877,0.6881,138491.6
2026-08-11 05:40:00,0.6881,0.6883,0.6879,0.6882,51279.9
2026-08-11 05:45:00,0.6883,0.6886,0.6879,0.6883,116057.4
2026-08-11 05:50:00,0.6883,0.6885,0.6879,0.6879,131290.1
2026-08-11 05:55:00,0.6879,0.6879,0.6866,0.6867,452730.0
2026-08-11 06:00:00,0.6867,0.6867,0.6855,0.6865,571537.6
2026-08-11 06:05:00,0.6865,0.6906,0.6864,0.6891,2422538.4
2026-08-11 06:10:00,0.6892,0.69,0.6891,0.6892,546351.1
2026-08-11 06:15:00,0.6892,0.6904,0.6891,0.6895,317868.4
2026-08-11 06:20:00,0.6895,0.6898,0.689,0.6892,432024.4
2026-08-11 06:25:00,0.6892,0.6892,0.6882,0.6885,3181442.0
2026-08-11 06:30:00,0.6886,0.6888,0.688,0.6884,256788.9
2026-08-11 06:35:00,0.6884,0.6898,0.6883,0.6897,343954.3
2026-08-11 06:40:00,0.6896,0.6896,0.6888,0.6888,261895.5
2026-08-11 06:45:00,0.6888,0.6889,0.6879,0.6885,386114.6
2026-08-11 06:50:00,0.6884,0.6885,0.6852,0.6856,545631.8
2026-08-11 06:55:00,0.6857,0.6871,0.6855,0.687,368293.6
2026-08-11 07:00:00,0.6871,0.6874,0.6864,0.6872,209472.1
2026-08-11 07:05:00,0.6872,0.6876,0.6866,0.6874,221528.5
2026-08-11 07:10:00,0.6874,0.6875,0.6865,0.6867,71395.1
2026-08-11 07:15:00,0.6866,0.6869,0.6851,0.6851,310425.5
2026-08-11 07:20:00,0.6851,0.6852,0.6835,0.6841,1333198.6
2026-08-11 07:25:00,0.6841,0.6847,0.684,0.684,220388.3
2026-08-11 07:30:00,0.684,0.6857,0.684,0.6856,342747.9
2026-08-11 07:35:00,0.6856,0.687,0.6856,0.687,238192.5
2026-08-11 07:40:00,0.687,0.6872,0.6864,0.6872,278303.9
2026-08-11 07:45:00,0.6872,0.6884,0.6871,0.688,272703.1
2026-08-11 07:50:00,0.6881,0.6885,0.6873,0.6873,174261.5
2026-08-11 07:55:00,0.6873,0.6873,0.6869,0.6872,124494.1
2026-08-11 08:00:00,0.6873,0.6885,0.6872,0.6878,401289.7
2026-08-11 08:05:00,0.6878,0.6885,0.6873,0.6875,173227.9
2026-08-11 08:10:00,0.6876,0.6879,0.6871,0.6872,135338.1
2026-08-11 08:15:00,0.6872,0.6877,0.6868,0.6868,185929.9
2026-08-11 08:20:00,0.6868,0.688,0.6868,0.6878,146354.2
2026-08-11 08:25:00,0.6878,0.6884,0.6878,0.6882,113737.7
2026-08-11 08:30:00,0.6882,0.6886,0.6879,0.6879,67814.0
2026-08-11 08:35:00,0.688,0.6883,0.6878,0.6881,274645.5
2026-08-11 08:40:00,0.6881,0.6893,0.6879,0.6889,310903.6
2026-08-11 08:45:00,0.6889,0.6896,0.6889,0.6893,177777.5
2026-08-11 08:50:00,0.6893,0.6908,0.6891,0.6907,345745.1
2026-08-11 08:55:00,0.6906,0.6906,0.6894,0.6898,203364.2
2026-08-11 09:00:00,0.6899,0.6902,0.6893,0.6895,300469.7
2026-08-11 09:05:00,0.6895,0.6896,0.6888,0.6888,144561.4
2026-08-11 09:10:00,0.6889,0.6898,0.6889,0.6892,142582.2
2026-08-11 09:15:00,0.6892,0.6905,0.6887,0.6898,1430687.7
2026-08-11 09:20:00,0.6899,0.6907,0.6884,0.69,1783059.5
2026-08-11 09:25:00,0.6901,0.6921,0.6901,0.6909,1041281.8
2026-08-11 09:30:00,0.691,0.6911,0.69,0.6904,666985.9
2026-08-11 09:35:00,0.6903,0.6906,0.6899,0.6902,405596.2
2026-08-11 09:40:00,0.6902,0.6908,0.6902,0.6906,209601.8
2026-08-11 09:45:00,0.6906,0.6921,0.6904,0.6921,718912.7
2026-08-11 09:50:00,0.6921,0.6933,0.6919,0.6921,1011619.9
2026-08-11 09:55:00,0.6921,0.6922,0.6908,0.6914,576647.3
2026-08-11 10:00:00,0.6914,0.6917,0.69,0.6908,626616.5
2026-08-11 10:05:00,0.6907,0.6915,0.6901,0.6902,161154.3
2026-08-11 10:10:00,0.6902,0.6903,0.6884,0.6885,309537.2
2026-08-11 10:15:00,0.6885,0.6888,0.6879,0.6883,350109.4
2026-08-11 10:20:00,0.6882,0.6885,0.6874,0.6878,451525.7
2026-08-11 10:25:00,0.6878,0.6895,0.6877,0.6892,302659.2
2026-08-11 10:30:00,0.6892,0.6902,0.6891,0.6896,154028.9
2026-08-11 10:35:00,0.6897,0.6899,0.6891,0.6894,292695.3
2026-08-11 10:40:00,0.6894,0.6895,0.689,0.6891,78155.5
2026-08-11 10:45:00,0.6891,0.6908,0.6891,0.6907,412155.4
2026-08-11 10:50:00,0.6907,0.6908,0.6894,0.6894,122119.8
2026-08-11 10:55:00,0.6894,0.6898,0.6889,0.6897,299934.0
2026-08-11 11:00:00,0.6898,0.6934,0.6895,0.6926,1539140.7
2026-08-11 11:05:00,0.6925,0.693,0.6912,0.6914,375229.5
2026-08-11 11:10:00,0.6915,0.6928,0.6915,0.6922,203291.1
2026-08-11 11:15:00,0.6923,0.6923,0.6913,0.6921,401672.9
2026-08-11 11:20:00,0.692,0.6923,0.6916,0.6918,218611.8
2026-08-11 11:25:00,0.6918,0.6921,0.6915,0.6916,308845.8
2026-08-11 11:30:00,0.6917,0.6918,0.6912,0.6915,227502.2
2026-08-11 11:35:00,0.6915,0.6917,0.6909,0.691,157072.0
2026-08-11 11:40:00,0.691,0.6914,0.6908,0.6909,57622.0
2026-08-11 11:45:00,0.691,0.692,0.6909,0.6917,132156.2
2026-08-11 11:50:00,0.6917,0.6921,0.6913,0.6918,375670.6
2026-08-11 11:55:00,0.6917,0.6922,0.6916,0.692,196913.1
2026-08-11 12:00:00,0.6921,0.6924,0.6916,0.6917,351467.5
2026-08-11 12:05:00,0.6917,0.6923,0.6916,0.6922,175325.2
2026-08-11 12:10:00,0.6923,0.6924,0.6913,0.6914,156501.3
2026-08-11 12:15:00,0.6915,0.6915,0.6903,0.6905,218679.6
2026-08-11 12:20:00,0.6905,0.6905,0.6887,0.689,623685.5
2026-08-11 12:25:00,0.6889,0.689,0.6875,0.6878,533673.0
2026-08-11 12:30:00,0.6878,0.6884,0.6871,0.6884,585275.3
2026-08-11 12:35:00,0.6883,0.6886,0.6867,0.6885,739497.1
2026-08-11 12:40:00,0.6885,0.6889,0.6882,0.6885,123520.0
2026-08-11 12:45:00,0.6886,0.6887,0.6878,0.6878,214185.3
2026-08-11 12:50:00,0.6878,0.6892,0.6878,0.6884,638432.1
2026-08-11 12:55:00,0.6884,0.6891,0.6883,0.6886,129867.9
2026-08-11 13:00:00,0.6886,0.6891,0.6881,0.6883,336574.5
2026-08-11 13:05:00,0.6884,0.6905,0.6883,0.6905,203776.3
2026-08-11 13:10:00,0.6905,0.6908,0.6893,0.6897,287064.8
2026-08-11 13:15:00,0.6897,0.6898,0.6883,0.6885,140805.4
2026-08-11 13:20:00,0.6886,0.6889,0.6883,0.6885,90969.0
2026-08-11 13:25:00,0.6884,0.6896,0.6878,0.6896,143617.4
2026-08-11 13:30:00,0.6897,0.69,0.6861,0.6873,965299.4
2026-08-11 13:35:00,0.6872,0.6885,0.6867,0.6878,771539.6
2026-08-11 13:40:00,0.6877,0.6885,0.6875,0.6877,326053.0
2026-08-11 13:45:00,0.6877,0.6891,0.6867,0.6887,721996.8
2026-08-11 13:50:00,0.6887,0.6888,0.6861,0.6862,231917.4
2026-08-11 13:55:00,0.6862,0.6874,0.6858,0.6865,404593.3
2026-08-11 14:00:00,0.6866,0.6866,0.6853,0.6861,544891.8
2026-08-11 14:05:00,0.6861,0.6861,0.6847,0.6853,674016.4
2026-08-11 14:10:00,0.6853,0.6861,0.6845,0.686,419843.1
2026-08-11 14:15:00,0.6861,0.6877,0.6852,0.6854,464253.9
2026-08-11 14:20:00,0.6853,0.6861,0.6836,0.6838,864312.3
2026-08-11 14:25:00,0.6837,0.6846,0.6833,0.6835,810161.8
2026-08-11 14:30:00,0.6835,0.6835,0.6804,0.6812,2613072.3
2026-08-11 14:35:00,0.6813,0.6835,0.6806,0.6834,1732762.7
2026-08-11 14:40:00,0.6834,0.6839,0.6822,0.6824,837327.4
2026-08-11 14:45:00,0.6825,0.6833,0.6801,0.6801,1343779.3
2026-08-11 14:50:00,0.6802,0.6802,0.6763,0.6766,4737617.4
2026-08-11 14:55:00,0.6765,0.6769,0.6738,0.6761,3248960.6
2026-08-11 15:00:00,0.6761,0.6764,0.6747,0.6753,1332658.0
2026-08-11 15:05:00,0.6753,0.6765,0.6746,0.6762,1195347.1
2026-08-11 15:10:00,0.6762,0.6764,0.6737,0.674,1103518.5
2026-08-11 15:15:00,0.6741,0.6764,0.6733,0.6762,1326943.8
2026-08-11 15:20:00,0.6762,0.6776,0.6755,0.6762,1158130.2
2026-08-11 15:25:00,0.6763,0.678,0.6763,0.6778,437842.1
2026-08-11 15:30:00,0.6779,0.678,0.6765,0.6765,412232.1
2026-08-11 15:35:00,0.6765,0.6769,0.6717,0.6735,3686619.7
2026-08-11 15:40:00,0.6736,0.6747,0.6718,0.6746,1454585.7
2026-08-11 15:45:00,0.6746,0.6758,0.6741,0.6753,1136764.1
2026-08-11 15:50:00,0.6753,0.676,0.6744,0.6747,322342.1
2026-08-11 15:55:00,0.6747,0.6772,0.6745,0.6761,1210704.8
2026-08-11 16:00:00,0.6761,0.6782,0.6746,0.6777,1786723.6
2026-08-11 16:05:00,0.6777,0.6786,0.6774,0.6784,808547.0
2026-08-11 16:10:00,0.6785,0.6797,0.6778,0.6788,1080281.3
2026-08-11 16:15:00,0.6789,0.6803,0.6782,0.6799,513788.7
2026-08-11 16:20:00,0.68,0.6802,0.6793,0.6794,813689.7
2026-08-11 16:25:00,0.6794,0.6796,0.6786,0.679,407708.1
2026-08-11 16:30:00,0.679,0.6796,0.6779,0.6782,302361.6
2026-08-11 16:35:00,0.6783,0.6789,0.6774,0.6775,228595.1
2026-08-11 16:40:00,0.6775,0.6782,0.6775,0.6777,400512.0
2026-08-11 16:45:00,0.6777,0.679,0.6774,0.6787,300365.8
2026-08-11 16:50:00,0.6788,0.6791,0.6785,0.6788,201076.1
2026-08-11 16:55:00,0.6787,0.679,0.6783,0.6784,136339.1
2026-08-11 17:00:00,0.6784,0.6795,0.6782,0.6785,330561.0
2026-08-11 17:05:00,0.6785,0.6787,0.6778,0.6779,151040.5
2026-08-11 17:10:00,0.6779,0.679,0.6776,0.678,657718.3
2026-08-11 17:15:00,0.678,0.6789,0.6779,0.6787,160819.6
2026-08-11 17:20:00,0.6787,0.6791,0.6783,0.679,133975.4
2026-08-11 17:25:00,0.6791,0.6796,0.6785,0.6793,212205.3
2026-08-11 17:30:00,0.6793,0.6797,0.6788,0.6791,204730.2
2026-08-11 17:35:00,0.6791,0.6797,0.6791,0.6795,110598.5
2026-08-11 17:40:00,0.6794,0.6802,0.6793,0.6801,192165.9
2026-08-11 17:45:00,0.6801,0.6803,0.6793,0.6793,172872.7
2026-08-11 17:50:00,0.6792,0.6798,0.6789,0.6791,107613.8
2026-08-11 17:55:00,0.679,0.6796,0.679,0.6791,194557.9
2026-08-11 18:00:00,0.6791,0.68,0.6787,0.6797,508932.3
2026-08-11 18:05:00,0.6798,0.6798,0.6788,0.6791,114467.9
2026-08-11 18:10:00,0.6792,0.6795,0.6786,0.6794,106331.9
2026-08-11 18:15:00,0.6794,0.6799,0.6792,0.6799,71119.5
2026-08-11 18:20:00,0.68,0.6802,0.6796,0.6796,95216.5
2026-08-11 18:25:00,0.6797,0.6797,0.6782,0.6785,308667.5
2026-08-11 18:30:00,0.6785,0.6791,0.6768,0.6791,737731.6
2026-08-11 18:35:00,0.6791,0.6797,0.6785,0.6787,410973.8
2026-08-11 18:40:00,0.6786,0.6787,0.6775,0.6785,325936.1
2026-08-11 18:45:00,0.6784,0.6794,0.6784,0.6793,177770.3
2026-08-11 18:50:00,0.6792,0.6795,0.6787,0.6791,239090.6
2026-08-11 18:55:00,0.6791,0.6796,0.6789,0.6796,123890.8
2026-08-11 19:00:00,0.6796,0.6796,0.679,0.6794,236717.1
2026-08-11 19:05:00,0.6793,0.6794,0.6784,0.6786,293623.8
2026-08-11 19:10:00,0.6787,0.6787,0.6779,0.6783,206494.0
2026-08-11 19:15:00,0.6784,0.68,0.6783,0.68,176259.3
2026-08-11 19:20:00,0.6801,0.6814,0.6801,0.681,665009.8
2026-08-11 19:25:00,0.681,0.6816,0.6808,0.6813,197170.6
2026-08-11 19:30:00,0.6813,0.6819,0.6807,0.6808,312306.4
2026-08-11 19:35:00,0.6808,0.6817,0.6805,0.6816,50172.8
2026-08-11 19:40:00,0.6817,0.6824,0.6813,0.6824,225915.9
2026-08-11 19:45:00,0.6824,0.6828,0.6818,0.6819,405413.2
2026-08-11 19:50:00,0.6818,0.683,0.6816,0.6828,381795.5
2026-08-11 19:55:00,0.6827,0.6832,0.6825,0.6829,449144.6
2026-08-11 20:00:00,0.683,0.6843,0.6827,0.6831,1184997.2
2026-08-11 20:05:00,0.6831,0.6882,0.6831,0.6874,2521831.2
2026-08-11 20:10:00,0.6875,0.6886,0.6871,0.6872,926059.9
2026-08-11 20:15:00,0.6872,0.6874,0.686,0.6865,416558.2
2026-08-11 20:20:00,0.6865,0.6873,0.6864,0.6867,242771.4
2026-08-11 20:25:00,0.6867,0.6879,0.6864,0.6879,341540.8
2026-08-11 20:30:00,0.6879,0.6888,0.6862,0.6863,761330.4
2026-08-11 20:35:00,0.6863,0.6868,0.686,0.6862,218324.6
2026-08-11 20:40:00,0.6862,0.6866,0.686,0.6861,184493.5
2026-08-11 20:45:00,0.6861,0.6869,0.6857,0.6864,650909.8
2026-08-11 20:50:00,0.6864,0.687,0.6864,0.687,204515.6
2026-08-11 20:55:00,0.6869,0.6875,0.6867,0.6871,430103.9
2026-08-11 21:00:00,0.6871,0.6873,0.6865,0.6866,253551.2
2026-08-11 21:05:00,0.6867,0.6873,0.6864,0.6871,130705.9
2026-08-11 21:10:00,0.6871,0.6896,0.6869,0.689,1823186.1
2026-08-11 21:15:00,0.6889,0.6892,0.6881,0.6883,730258.6
2026-08-11 21:20:00,0.6883,0.6902,0.688,0.6894,4230135.8
2026-08-11 21:25:00,0.6894,0.6903,0.6887,0.689,562598.3
2026-08-11 21:30:00,0.6889,0.689,0.6876,0.6885,269474.8
2026-08-11 21:35:00,0.6885,0.691,0.6877,0.6901,902666.7
2026-08-11 21:40:00,0.69,0.6916,0.6899,0.6905,603688.6
2026-08-11 21:45:00,0.6904,0.6914,0.69,0.6907,198956.8
2026-08-11 21:50:00,0.6908,0.6908,0.6899,0.6906,229994.4
2026-08-11 21:55:00,0.6905,0.691,0.6902,0.691,407754.8
2026-08-11 22:00:00,0.691,0.6951,0.691,0.6935,1353188.7
2026-08-11 22:05:00,0.6935,0.6937,0.6926,0.6927,569893.4
2026-08-11 22:10:00,0.6927,0.694,0.6926,0.6938,456485.4
2026-08-11 22:15:00,0.6938,0.6943,0.6927,0.6929,914890.6
2026-08-11 22:20:00,0.6929,0.694,0.6923,0.6937,699871.9
2026-08-11 22:25:00,0.6937,0.6938,0.6923,0.6927,364311.9
2026-08-11 22:30:00,0.6927,0.693,0.6918,0.6919,419333.9
2026-08-11 22:35:00,0.6919,0.6921,0.6916,0.6919,166119.5
2026-08-11 22:40:00,0.6919,0.6924,0.6912,0.6913,422074.3
2026-08-11 22:45:00,0.6912,0.6913,0.6901,0.6909,818426.3
2026-08-11 22:50:00,0.6909,0.6923,0.6909,0.6921,312246.3
2026-08-11 22:55:00,0.692,0.6926,0.692,0.6923,132957.9
2026-08-11 23:00:00,0.6922,0.6924,0.691,0.6912,985188.3
2026-08-11 23:05:00,0.6911,0.6922,0.6911,0.6921,304328.5
2026-08-11 23:10:00,0.692,0.6921,0.6907,0.6908,166973.9
2026-08-11 23:15:00,0.6908,0.6908,0.6904,0.6908,157256.0
2026-08-11 23:20:00,0.6908,0.6908,0.6906,0.6907,72753.3
2026-08-11 23:25:00,0.6907,0.6912,0.6905,0.6909,265800.3
2026-08-11 23:30:00,0.6908,0.6912,0.6899,0.691,291115.5
2026-08-11 23:35:00,0.691,0.6917,0.6909,0.6909,211722.2
2026-08-11 23:40:00,0.691,0.6919,0.691,0.6918,161980.9
2026-08-11 23:45:00,0.6919,0.6919,0.6913,0.6914,222908.1
2026-08-11 23:50:00,0.6915,0.6927,0.6915,0.6927,152458.6
2026-08-11 23:55:00,0.6927,0.6932,0.6925,0.6928,275042.7
2026-08-12 00:00:00,0.6927,0.6929,0.6923,0.6925,438050.9
2026-08-12 00:05:00,0.6924,0.693,0.692,0.6927,334626.6
2026-08-12 00:10:00,0.6927,0.6927,0.6922,0.6926,144329.0
2026-08-12 00:15:00,0.6925,0.6927,0.6917,0.6924,228454.3
2026-08-12 00:20:00,0.6923,0.6928,0.6923,0.6925,159029.0
2026-08-12 00:25:00,0.6925,0.6927,0.6917,0.6918,140441.1
2026-08-12 00:30:00,0.6918,0.693,0.6918,0.6929,178685.2
2026-08-12 00:35:00,0.693,0.693,0.692,0.6923,132634.4
2026-08-12 00:40:00,0.6922,0.6933,0.6921,0.6926,610454.3
2026-08-12 00:45:00,0.6927,0.6939,0.6924,0.6931,439903.0
2026-08-12 00:50:00,0.6931,0.6934,0.6931,0.6932,118828.1
2026-08-12 00:55:00,0.6932,0.6933,0.692,0.6928,239573.3
2026-08-12 01:00:00,0.6929,0.6934,0.6922,0.6925,387818.2
2026-08-12 01:05:00,0.6925,0.6943,0.6925,0.6937,550699.5
2026-08-12 01:10:00,0.6937,0.6953,0.6937,0.6951,427987.4
2026-08-12 01:15:00,0.6952,0.6952,0.6936,0.6942,165658.7
2026-08-12 01:20:00,0.6941,0.6943,0.6934,0.6943,146292.1
2026-08-12 01:25:00,0.6943,0.6945,0.6934,0.6934,392007.4
2026-08-12 01:30:00,0.6934,0.6939,0.6925,0.6938,348197.6
2026-08-12 01:35:00,0.6938,0.6943,0.6935,0.6941,200873.0
2026-08-12 01:40:00,0.6942,0.6962,0.6942,0.6955,1456945.8
2026-08-12 01:45:00,0.6956,0.6985,0.6953,0.6984,805378.8
2026-08-12 01:50:00,0.6984,0.6987,0.6978,0.698,1166614.7
2026-08-12 01:55:00,0.698,0.699,0.6976,0.698,639708.3
2026-08-12 02:00:00,0.698,0.6995,0.698,0.6982,846444.6
2026-08-12 02:05:00,0.6982,0.6989,0.6976,0.6978,614525.2
2026-08-12 02:10:00,0.6978,0.6986,0.6967,0.698,808854.2
2026-08-12 02:15:00,0.6981,0.6987,0.698,0.6981,178289.2
2026-08-12 02:20:00,0.698,0.698,0.696,0.6963,354479.6
2026-08-12 02:25:00,0.6963,0.6972,0.6955,0.697,375658.3
2026-08-12 02:30:00,0.6971,0.6972,0.696,0.6961,170877.2
2026-08-12 02:35:00,0.6961,0.6963,0.6954,0.6954,188629.7
2026-08-12 02:40:00,0.6954,0.6957,0.695,0.6953,175905.0
2026-08-12 02:45:00,0.6954,0.6959,0.6951,0.6956,251740.6
2026-08-12 02:50:00,0.6956,0.6958,0.6951,0.6955,206332.4
2026-08-12 02:55:00,0.6955,0.6955,0.6944,0.6945,242387.1
2026-08-12 03:00:00,0.6944,0.6953,0.6944,0.6947,168202.1
2026-08-12 03:05:00,0.6948,0.6952,0.6944,0.6945,167371.0
2026-08-12 03:10:00,0.6944,0.6946,0.6938,0.694,274922.1
2026-08-12 03:15:00,0.6941,0.6944,0.6934,0.6935,277689.5
2026-08-12 03:20:00,0.6936,0.6939,0.6928,0.6933,734267.9
2026-08-12 03:25:00,0.6933,0.6938,0.6928,0.6932,171495.6
2026-08-12 03:30:00,0.6931,0.6938,0.6926,0.6935,232492.2
2026-08-12 03:35:00,0.6936,0.6946,0.6936,0.6943,242382.8
2026-08-12 03:40:00,0.6942,0.6943,0.6936,0.6937,207207.3
2026-08-12 03:45:00,0.6936,0.6937,0.6929,0.6932,339860.8
2026-08-12 03:50:00,0.6933,0.6935,0.6923,0.6928,136503.0
2026-08-12 03:55:00,0.6927,0.6931,0.6921,0.6929,225250.5
2026-08-12 04:00:00,0.6929,0.6934,0.6927,0.6933,272165.1
2026-08-12 04:05:00,0.6932,0.6935,0.6925,0.6926,300562.7
2026-08-12 04:10:00,0.6925,0.6927,0.6915,0.692,598673.5
2026-08-12 04:15:00,0.692,0.6926,0.6917,0.6925,256044.4
2026-08-12 04:20:00,0.6924,0.6933,0.692,0.6927,368644.8
2026-08-12 04:25:00,0.6926,0.6926,0.6911,0.6913,265070.7
2026-08-12 04:30:00,0.6913,0.6913,0.6907,0.6909,297211.1
2026-08-12 04:35:00,0.6909,0.6912,0.6908,0.691,127584.6
2026-08-12 04:40:00,0.6911,0.6913,0.6908,0.6912,83846.6
2026-08-12 04:45:00,0.6911,0.6919,0.691,0.6918,238491.5
2026-08-12 04:50:00,0.6919,0.6924,0.6917,0.6919,125076.6
2026-08-12 04:55:00,0.692,0.6924,0.6916,0.6919,406669.6
2026-08-12 05:00:00,0.6918,0.6919,0.6911,0.6913,150731.4
2026-08-12 05:05:00,0.6913,0.6918,0.6906,0.6918,211510.4
2026-08-12 05:10:00,0.6918,0.6928,0.6917,0.6925,189905.1
2026-08-12 05:15:00,0.6925,0.6927,0.692,0.6922,242902.3
2026-08-12 05:20:00,0.6922,0.6922,0.6914,0.6916,212691.1
2026-08-12 05:25:00,0.6916,0.6919,0.6914,0.6917,121011.3
2026-08-12 05:30:00,0.6916,0.6923,0.6915,0.6923,132457.6
2026-08-12 05:35:00,0.6924,0.6924,0.6916,0.6917,61546.4
2026-08-12 05:40:00,0.6916,0.6918,0.6912,0.6916,141688.0
2026-08-12 05:45:00,0.6916,0.692,0.6916,0.6919,85727.5
2026-08-12 05:50:00,0.6918,0.6925,0.6916,0.692,132454.9
2026-08-12 05:55:00,0.692,0.6921,0.6916,0.6917,121384.3
2026-08-12 06:00:00,0.6917,0.692,0.691,0.6912,321147.2
2026-08-12 06:05:00,0.6912,0.6916,0.6906,0.6909,343193.3
2026-08-12 06:10:00,0.6908,0.6909,0.6901,0.6902,561662.0
2026-08-12 06:15:00,0.6902,0.6906,0.6887,0.6902,1298919.6
2026-08-12 06:20:00,0.6901,0.6902,0.6882,0.6888,731977.2
2026-08-12 06:25:00,0.6889,0.6892,0.6883,0.6884,261161.2
2026-08-12 06:30:00,0.6883,0.6884,0.6874,0.6883,693722.8
2026-08-12 06:35:00,0.6883,0.689,0.6881,0.6885,269852.7
2026-08-12 06:40:00,0.6885,0.689,0.6882,0.6884,366230.2
2026-08-12 06:45:00,0.6883,0.6889,0.6883,0.6889,252313.9
2026-08-12 06:50:00,0.6888,0.6894,0.6888,0.6888,840603.8
2026-08-12 06:55:00,0.6888,0.6889,0.6883,0.6887,454677.9
2026-08-12 07:00:00,0.6887,0.6893,0.6885,0.6893,250769.5
2026-08-12 07:05:00,0.6892,0.69,0.6891,0.6898,214243.5
2026-08-12 07:10:00,0.6898,0.6901,0.6895,0.6901,156097.8
2026-08-12 07:15:00,0.69,0.6906,0.6898,0.6901,181352.4
2026-08-12 07:20:00,0.6901,0.6903,0.6897,0.6903,58860.3
2026-08-12 07:25:00,0.6903,0.6904,0.6893,0.6894,132523.4
2026-08-12 07:30:00,0.6894,0.6902,0.6893,0.6901,150040.5
2026-08-12 07:35:00,0.69,0.69,0.6885,0.689,221981.2
2026-08-12 07:40:00,0.689,0.6891,0.6886,0.6888,66127.7
2026-08-12 07:45:00,0.6887,0.6894,0.688,0.6894,230525.7
2026-08-12 07:50:00,0.6894,0.69,0.6892,0.6899,306920.4
2026-08-12 07:55:00,0.6898,0.6909,0.6898,0.6908,141862.4
2026-08-12 08:00:00,0.6908,0.6912,0.6899,0.6909,518179.0
2026-08-12 08:05:00,0.6909,0.6912,0.6894,0.6896,346791.4
2026-08-12 08:10:00,0.6895,0.6895,0.6882,0.6885,221923.5
2026-08-12 08:15:00,0.6885,0.6897,0.6885,0.6897,253040.6
2026-08-12 08:20:00,0.6896,0.6897,0.6891,0.6893,147722.9
2026-08-12 08:25:00,0.6894,0.6894,0.6886,0.6889,162154.7
2026-08-12 08:30:00,0.689,0.6891,0.6885,0.689,154485.6
2026-08-12 08:35:00,0.6889,0.689,0.6886,0.6889,147567.7
2026-08-12 08:40:00,0.689,0.689,0.6883,0.6883,162592.7
2026-08-12 08:45:00,0.6884,0.6888,0.6882,0.6886,134308.9
2026-08-12 08:50:00,0.6885,0.6887,0.6873,0.6877,456134.2
2026-08-12 08:55:00,0.6877,0.6877,0.6864,0.6868,640818.7
2026-08-12 09:00:00,0.6868,0.6872,0.6857,0.6872,733158.4
2026-08-12 09:05:00,0.6872,0.6882,0.687,0.6881,237127.4
2026-08-12 09:10:00,0.688,0.6886,0.688,0.6884,170519.6
2026-08-12 09:15:00,0.6885,0.6905,0.6885,0.6903,421126.7
2026-08-12 09:20:00,0.6903,0.6908,0.6887,0.6907,449246.5
2026-08-12 09:25:00,0.6907,0.6918,0.6904,0.6915,608092.3
2026-08-12 09:30:00,0.6916,0.6925,0.691,0.6911,520477.0
2026-08-12 09:35:00,0.6911,0.692,0.691,0.6917,327681.7
2026-08-12 09:40:00,0.6916,0.6916,0.6908,0.6909,186724.9
2026-08-12 09:45:00,0.691,0.6914,0.6908,0.691,313653.6
2026-08-12 09:50:00,0.6911,0.6917,0.6907,0.6911,244463.2
2026-08-12 09:55:00,0.6911,0.6912,0.6906,0.6908,164785.2
2026-08-12 10:00:00,0.6908,0.6929,0.6907,0.6916,652955.8
2026-08-12 10:05:00,0.6915,0.6917,0.691,0.6911,150351.6
2026-08-12 10:10:00,0.691,0.6913,0.6905,0.6911,283816.4
2026-08-12 10:15:00,0.6911,0.6912,0.6896,0.6897,631096.0
2026-08-12 10:20:00,0.6898,0.6905,0.6896,0.6896,388883.0
2026-08-12 10:25:00,0.6896,0.6898,0.6887,0.6891,215678.7
2026-08-12 10:30:00,0.689,0.6898,0.6887,0.6892,293395.4
2026-08-12 10:35:00,0.6893,0.6898,0.6892,0.6897,100899.4
2026-08-12 10:40:00,0.6897,0.6907,0.6896,0.6902,181045.3
2026-08-12 10:45:00,0.6902,0.691,0.69,0.6904,590999.0
2026-08-12 10:50:00,0.6903,0.6906,0.6902,0.6906,118493.7
2026-08-12 10:55:00,0.6906,0.6906,0.6895,0.6897,299228.8
2026-08-12 11:00:00,0.6896,0.6905,0.6894,0.6896,189181.6
2026-08-12 11:05:00,0.6896,0.6902,0.6895,0.6899,60271.8
2026-08-12 11:10:00,0.6899,0.6907,0.6899,0.6902,41244.2
2026-08-12 11:15:00,0.6901,0.6904,0.6899,0.6903,77469.5
2026-08-12 11:20:00,0.6903,0.691,0.6903,0.6908,113239.7
2026-08-12 11:25:00,0.6908,0.6909,0.6902,0.6905,134242.8
2026-08-12 11:30:00,0.6905,0.691,0.6904,0.6905,206575.1
2026-08-12 11:35:00,0.6905,0.6906,0.69,0.6903,195409.3
2026-08-12 11:40:00,0.6903,0.6909,0.6903,0.6906,266987.5
2026-08-12 11:45:00,0.6906,0.6919,0.6906,0.6916,532465.6
2026-08-12 11:50:00,0.6916,0.6923,0.6914,0.6922,384178.6
2026-08-12 11:55:00,0.6921,0.6928,0.6921,0.6922,359157.6
2026-08-12 12:00:00,0.6922,0.6929,0.6919,0.6925,348365.6
2026-08-12 12:05:00,0.6926,0.6936,0.692,0.6932,278157.2
2026-08-12 12:10:00,0.6931,0.6935,0.6927,0.6931,342109.5
2026-08-12 12:15:00,0.6932,0.6942,0.6931,0.6934,791276.8
2026-08-12 12:20:00,0.6935,0.6938,0.6925,0.6925,965557.3
2026-08-12 12:25:00,0.6925,0.697,0.6912,0.6934,3965455.8
2026-08-12 12:30:00,0.6934,0.6957,0.6892,0.6939,3831885.2
2026-08-12 12:35:00,0.6939,0.6947,0.6907,0.6912,1063181.8
2026-08-12 12:40:00,0.6913,0.692,0.6897,0.6904,4204477.0
2026-08-12 12:45:00,0.6904,0.6911,0.69,0.6903,918639.9
2026-08-12 12:50:00,0.6903,0.6921,0.6903,0.6917,1539002.8
2026-08-12 12:55:00,0.6918,0.692,0.6911,0.692,498211.8
2026-08-12 13:00:00,0.692,0.6923,0.6909,0.6915,499416.3
2026-08-12 13:05:00,0.6914,0.6916,0.6905,0.6916,253757.7
2026-08-12 13:10:00,0.6916,0.6918,0.6902,0.691,1637868.0
2026-08-12 13:15:00,0.691,0.6919,0.6909,0.6913,180668.3
2026-08-12 13:20:00,0.6913,0.6921,0.6913,0.6913,173496.3
2026-08-12 13:25:00,0.6912,0.6917,0.6905,0.6916,412078.6
2026-08-12 13:30:00,0.6917,0.6926,0.6908,0.6909,512681.8
2026-08-12 13:35:00,0.691,0.6919,0.6903,0.6906,251147.6
2026-08-12 13:40:00,0.6906,0.6914,0.6893,0.6907,340495.3
2026-08-12 13:45:00,0.6907,0.6923,0.6906,0.6914,665366.9
2026-08-12 13:50:00,0.6914,0.6916,0.6905,0.6908,811888.6
2026-08-12 13:55:00,0.6908,0.6913,0.6898,0.6901,425578.0
2026-08-12 14:00:00,0.69,0.69,0.6877,0.6879,1241186.1
2026-08-12 14:05:00,0.688,0.688,0.6842,0.6856,3996966.7
2026-08-12 14:10:00,0.6856,0.6883,0.6853,0.6871,2642832.5
2026-08-12 14:15:00,0.687,0.687,0.6854,0.6858,468199.7
2026-08-12 14:20:00,0.6858,0.6861,0.6838,0.685,667569.4
2026-08-12 14:25:00,0.685,0.6862,0.6843,0.6846,634343.3
2026-08-12 14:30:00,0.6845,0.686,0.6832,0.6846,1917756.1
2026-08-12 14:35:00,0.6847,0.6847,0.6836,0.684,621347.6
2026-08-12 14:40:00,0.6839,0.6845,0.6825,0.6844,843378.8
2026-08-12 14:45:00,0.6843,0.6859,0.684,0.6857,416174.5
2026-08-12 14:50:00,0.6858,0.6859,0.6838,0.6841,326816.1
2026-08-12 14:55:00,0.684,0.6843,0.6826,0.6829,996548.1
2026-08-12 15:00:00,0.6829,0.6858,0.6823,0.6854,799134.0
2026-08-12 15:05:00,0.6855,0.6861,0.6848,0.6854,827769.0
2026-08-12 15:10:00,0.6853,0.6862,0.6852,0.6862,268378.7
2026-08-12 15:15:00,0.6861,0.6872,0.686,0.6869,306569.1
2026-08-12 15:20:00,0.6869,0.6869,0.6853,0.6859,354064.1
2026-08-12 15:25:00,0.686,0.6861,0.685,0.6858,232358.9
2026-08-12 15:30:00,0.6858,0.6861,0.6844,0.6852,232083.0
2026-08-12 15:35:00,0.6852,0.6866,0.6851,0.686,389226.2
2026-08-12 15:40:00,0.6861,0.6864,0.6857,0.6858,258224.3
2026-08-12 15:45:00,0.6858,0.6861,0.6851,0.6855,262343.2
2026-08-12 15:50:00,0.6855,0.6858,0.6852,0.6855,88360.6
2026-08-12 15:55:00,0.6855,0.686,0.6849,0.6849,446606.3
2026-08-12 16:00:00,0.6849,0.6852,0.6833,0.6847,1148458.0
2026-08-12 16:05:00,0.6846,0.6847,0.6836,0.6837,318786.9
2026-08-12 16:10:00,0.6837,0.6843,0.683,0.6843,211619.0
2026-08-12 16:15:00,0.6842,0.6847,0.6838,0.6845,232748.0
2026-08-12 16:20:00,0.6844,0.6849,0.6836,0.6846,839250.3
2026-08-12 16:25:00,0.6847,0.685,0.6845,0.6848,284874.8
2026-08-12 16:30:00,0.6848,0.6849,0.6841,0.6842,357713.3
2026-08-12 16:35:00,0.6842,0.685,0.6842,0.6848,252185.4
2026-08-12 16:40:00,0.6847,0.6852,0.6843,0.6845,197346.9
2026-08-12 16:45:00,0.6845,0.6845,0.6832,0.6834,401569.4
2026-08-12 16:50:00,0.6833,0.6841,0.683,0.6832,304641.4
2026-08-12 16:55:00,0.6833,0.6835,0.683,0.6835,223411.8
2026-08-12 17:00:00,0.6835,0.6839,0.683,0.6836,377362.8
2026-08-12 17:05:00,0.6835,0.6843,0.6831,0.6831,270456.6
2026-08-12 17:10:00,0.683,0.684,0.6828,0.6837,201883.5
2026-08-12 17:15:00,0.6836,0.6837,0.683,0.6831,139620.0
2026-08-12 17:20:00,0.6831,0.6831,0.6821,0.6829,437627.5
2026-08-12 17:25:00,0.6829,0.6833,0.6823,0.6833,190412.6
2026-08-12 17:30:00,0.6833,0.6849,0.683,0.6848,291304.2
2026-08-12 17:35:00,0.6848,0.6858,0.6846,0.685,429004.8
2026-08-12 17:40:00,0.685,0.6853,0.6848,0.6848,319014.9
2026-08-12 17:45:00,0.6849,0.6855,0.6849,0.6852,303215.7
2026-08-12 17:50:00,0.6853,0.6857,0.6847,0.6847,216804.7
2026-08-12 17:55:00,0.6847,0.685,0.6847,0.6848,57925.8
2026-08-12 18:00:00,0.6848,0.6853,0.6843,0.6853,146023.9
2026-08-12 18:05:00,0.6852,0.6855,0.6851,0.6854,56657.9
2026-08-12 18:10:00,0.6853,0.6859,0.6849,0.6855,329433.9
2026-08-12 18:15:00,0.6856,0.6856,0.6846,0.6851,151412.3
2026-08-12 18:20:00,0.685,0.6855,0.6849,0.6854,99430.6
2026-08-12 18:25:00,0.6854,0.6863,0.6854,0.6861,181051.1
2026-08-12 18:30:00,0.6861,0.6875,0.686,0.6869,407984.9
2026-08-12 18:35:00,0.6869,0.6874,0.6868,0.6869,387670.3
2026-08-12 18:40:00,0.6869,0.6874,0.6868,0.6874,139301.4
2026-08-12 18:45:00,0.6874,0.6874,0.6868,0.6869,155980.0
2026-08-12 18:50:00,0.6868,0.6868,0.686,0.6862,242018.4
2026-08-12 18:55:00,0.6862,0.6868,0.6861,0.6862,207974.6
2026-08-12 19:00:00,0.6862,0.6866,0.6857,0.6862,490239.2
2026-08-12 19:05:00,0.6861,0.6862,0.6857,0.6861,114810.6
2026-08-12 19:10:00,0.6862,0.6867,0.6855,0.6856,474159.1
2026-08-12 19:15:00,0.6856,0.6862,0.6846,0.6858,372413.7
2026-08-12 19:20:00,0.6858,0.6859,0.6849,0.6849,114227.0
2026-08-12 19:25:00,0.685,0.6867,0.6849,0.6867,525600.5
2026-08-12 19:30:00,0.6867,0.6869,0.6861,0.6869,139990.9
2026-08-12 19:35:00,0.6868,0.6868,0.6852,0.6852,187212.1
2026-08-12 19:40:00,0.6852,0.6854,0.6842,0.6844,390419.0
2026-08-12 19:45:00,0.6843,0.685,0.6839,0.6846,246228.3
2026-08-12 19:50:00,0.6845,0.6848,0.6843,0.6848,53191.5
2026-08-12 19:55:00,0.6847,0.6853,0.6844,0.6848,156702.1
2026-08-12 20:00:00,0.6847,0.6865,0.6847,0.6863,493406.9
2026-08-12 20:05:00,0.6863,0.6865,0.6853,0.6855,201185.2
2026-08-12 20:10:00,0.6856,0.686,0.6852,0.6855,160659.0
2026-08-12 20:15:00,0.6854,0.6855,0.6849,0.6852,97203.8
2026-08-12 20:20:00,0.6852,0.6862,0.685,0.6862,98542.9
2026-08-12 20:25:00,0.6862,0.687,0.6861,0.687,105755.3
2026-08-12 20:30:00,0.687,0.6879,0.6868,0.6876,254464.1
2026-08-12 20:35:00,0.6876,0.6881,0.6874,0.688,119691.5
2026-08-12 20:40:00,0.6881,0.6882,0.6877,0.6878,148840.8
2026-08-12 20:45:00,0.6878,0.6879,0.6876,0.6876,104943.1
2026-08-12 20:50:00,0.6876,0.688,0.6875,0.6875,108711.4
2026-08-12 20:55:00,0.6875,0.6877,0.687,0.6876,161712.4
2026-08-12 21:00:00,0.6877,0.6887,0.6876,0.6877,307859.0
2026-08-12 21:05:00,0.6878,0.6878,0.6869,0.6875,129493.0
2026-08-12 21:10:00,0.6875,0.6879,0.687,0.687,321817.8
2026-08-12 21:15:00,0.687,0.6874,0.6866,0.6867,68262.5
2026-08-12 21:20:00,0.6866,0.6866,0.6825,0.6838,595948.1
2026-08-12 21:25:00,0.6838,0.6838,0.6791,0.6819,2768568.2
2026-08-12 21:30:00,0.6818,0.6823,0.6798,0.6816,985048.1
2026-08-12 21:35:00,0.6816,0.6822,0.6808,0.6818,496802.4
2026-08-12 21:40:00,0.6819,0.6824,0.6814,0.6822,266944.8
2026-08-12 21:45:00,0.6822,0.6828,0.6821,0.6825,318895.9
2026-08-12 21:50:00,0.6825,0.6826,0.6816,0.6816,208775.4
2026-08-12 21:55:00,0.6816,0.6816,0.6763,0.6778,2142555.6
2026-08-12 22:00:00,0.6778,0.6789,0.6738,0.6783,2471983.9
2026-08-12 22:05:00,0.6782,0.6796,0.6781,0.6783,1012071.2
2026-08-12 22:10:00,0.6784,0.6795,0.678,0.6788,307443.2
2026-08-12 22:15:00,0.6789,0.681,0.6785,0.681,675735.2
2026-08-12 22:20:00,0.681,0.681,0.6796,0.6809,497139.9
2026-08-12 22:25:00,0.6809,0.6813,0.6806,0.6808,120338.5
2026-08-12 22:30:00,0.6807,0.6808,0.68,0.6804,337890.0
2026-08-12 22:35:00,0.6804,0.6808,0.6797,0.6805,386072.1
2026-08-12 22:40:00,0.6806,0.6808,0.6797,0.6802,409009.6
2026-08-12 22:45:00,0.6802,0.6803,0.6793,0.6793,445678.8
2026-08-12 22:50:00,0.6793,0.6797,0.679,0.6797,211941.7
2026-08-12 22:55:00,0.6797,0.68,0.6795,0.6798,343731.2
2026-08-12 23:00:00,0.6797,0.6801,0.679,0.679,336266.2
2026-08-12 23:05:00,0.6791,0.6791,0.6778,0.6789,606417.1
2026-08-12 23:10:00,0.679,0.6792,0.6782,0.6788,433366.5
2026-08-12 23:15:00,0.6788,0.6797,0.6786,0.6792,228502.7
2026-08-12 23:20:00,0.6791,0.6793,0.6777,0.6779,249550.4
2026-08-12 23:25:00,0.6779,0.6793,0.6778,0.6793,262750.5
2026-08-12 23:30:00,0.6793,0.6793,0.6788,0.6789,298244.8
2026-08-12 23:35:00,0.679,0.6804,0.679,0.6804,249818.1
2026-08-12 23:40:00,0.6804,0.6809,0.6803,0.6805,198598.4
2026-08-12 23:45:00,0.6804,0.6811,0.6801,0.6808,173208.1
2026-08-12 23:50:00,0.6808,0.681,0.6807,0.681,225888.9
2026-08-12 23:55:00,0.681,0.6817,0.6808,0.681,249856.8
2026-08-13 00:00:00,0.681,0.6822,0.6806,0.6821,404575.8
2026-08-13 00:05:00,0.6821,0.6836,0.6819,0.6832,482776.1
2026-08-13 00:10:00,0.6833,0.684,0.6828,0.684,473836.5
2026-08-13 00:15:00,0.684,0.6849,0.6837,0.6841,761970.3
2026-08-13 00:20:00,0.6841,0.6841,0.6834,0.6836,232795.0
2026-08-13 00:25:00,0.6837,0.6841,0.6834,0.684,315843.7
2026-08-13 00:30:00,0.684,0.6841,0.6832,0.6837,333119.7
2026-08-13 00:35:00,0.6836,0.6841,0.6835,0.6836,120297.0
2026-08-13 00:40:00,0.6835,0.6836,0.6824,0.6825,464304.2
2026-08-13 00:45:00,0.6824,0.6837,0.6822,0.6835,446429.9
2026-08-13 00:50:00,0.6835,0.6843,0.6834,0.6837,185882.1
2026-08-13 00:55:00,0.6837,0.6839,0.683,0.683,248273.6
2026-08-13 01:00:00,0.6829,0.6836,0.6826,0.6835,255759.2
2026-08-13 01:05:00,0.6835,0.6835,0.6831,0.6833,170072.1
2026-08-13 01:10:00,0.6834,0.6834,0.6822,0.6824,920492.1
2026-08-13 01:15:00,0.6824,0.6826,0.6804,0.6823,2149745.5
2026-08-13 01:20:00,0.6823,0.6827,0.6818,0.6819,262386.3
2026-08-13 01:25:00,0.6819,0.682,0.6811,0.6818,300595.9
2026-08-13 01:30:00,0.6818,0.6832,0.6816,0.6832,129683.2
2026-08-13 01:35:00,0.6832,0.6842,0.6832,0.6839,814152.3
2026-08-13 01:40:00,0.6839,0.6841,0.682,0.682,419598.2
2026-08-13 01:45:00,0.682,0.6834,0.6817,0.6834,186178.2
2026-08-13 01:50:00,0.6834,0.6836,0.6828,0.6833,553032.4
2026-08-13 01:55:00,0.6833,0.6838,0.6826,0.6827,722072.1
2026-08-13 02:00:00,0.6827,0.6833,0.6825,0.6827,148016.1
2026-08-13 02:05:00,0.6828,0.6833,0.6825,0.6833,62665.4
2026-08-13 02:10:00,0.6833,0.6834,0.6827,0.6831,175737.4
2026-08-13 02:15:00,0.6831,0.6838,0.683,0.6838,134303.5
2026-08-13 02:20:00,0.6838,0.684,0.6833,0.6835,113165.5
2026-08-13 02:25:00,0.6834,0.6841,0.6833,0.684,66323.8
2026-08-13 02:30:00,0.684,0.684,0.6825,0.6835,145944.5
2026-08-13 02:35:00,0.6835,0.6836,0.6826,0.683,117707.4
2026-08-13 02:40:00,0.6829,0.6841,0.6826,0.6841,280933.9
2026-08-13 02:45:00,0.6841,0.6864,0.6838,0.6862,815829.0
2026-08-13 02:50:00,0.6863,0.6881,0.6862,0.6877,609401.6
2026-08-13 02:55:00,0.6877,0.6881,0.6869,0.6876,368049.6
2026-08-13 03:00:00,0.6876,0.6897,0.6872,0.6891,1441605.4
2026-08-13 03:05:00,0.6892,0.69,0.6885,0.6892,1729575.5
2026-08-13 03:10:00,0.6891,0.6904,0.6889,0.6896,525049.6
2026-08-13 03:15:00,0.6896,0.6902,0.6891,0.6898,732238.3
2026-08-13 03:20:00,0.6898,0.6904,0.689,0.689,708709.1
2026-08-13 03:25:00,0.6891,0.6905,0.6891,0.6897,383164.2
2026-08-13 03:30:00,0.6897,0.6898,0.6886,0.6892,588322.9
2026-08-13 03:35:00,0.6892,0.6895,0.6886,0.6893,646056.5
2026-08-13 03:40:00,0.6892,0.6895,0.6887,0.6888,278466.2
2026-08-13 03:45:00,0.6887,0.6897,0.6887,0.6893,194182.1
2026-08-13 03:50:00,0.6893,0.6898,0.6889,0.6889,578091.5
2026-08-13 03:55:00,0.689,0.6891,0.6885,0.6891,256573.1
2026-08-13 04:00:00,0.689,0.6893,0.6886,0.6888,285949.4
2026-08-13 04:05:00,0.6887,0.6891,0.6886,0.689,186071.3
2026-08-13 04:10:00,0.689,0.6898,0.6889,0.6897,278872.8
2026-08-13 04:15:00,0.6897,0.6901,0.6894,0.6896,289591.3
2026-08-13 04:20:00,0.6896,0.6896,0.6887,0.6889,486332.9
2026-08-13 04:25:00,0.6889,0.689,0.6876,0.6879,597277.2
2026-08-13 04:30:00,0.6878,0.6884,0.6877,0.6883,312795.2
2026-08-13 04:35:00,0.6882,0.6883,0.6876,0.6877,317401.9
2026-08-13 04:40:00,0.6877,0.6884,0.6876,0.6881,220750.7
2026-08-13 04:45:00,0.6881,0.6887,0.6878,0.688,365987.6
2026-08-13 04:50:00,0.688,0.6883,0.6877,0.6878,102180.4
2026-08-13 04:55:00,0.6877,0.6879,0.6876,0.6879,113464.1
2026-08-13 05:00:00,0.6878,0.6879,0.6871,0.6874,275775.5
2026-08-13 05:05:00,0.6875,0.6881,0.6864,0.6875,613899.6
2026-08-13 05:10:00,0.6875,0.6882,0.6872,0.688,230966.6
2026-08-13 05:15:00,0.6881,0.6888,0.6876,0.6877,508047.5
2026-08-13 05:20:00,0.6877,0.6892,0.6871,0.6887,1200311.3
2026-08-13 05:25:00,0.6887,0.6912,0.6887,0.6912,577154.2
2026-08-13 05:30:00,0.6912,0.6915,0.6901,0.6901,528800.1
2026-08-13 05:35:00,0.6902,0.6906,0.6889,0.6904,563196.7
2026-08-13 05:40:00,0.6905,0.6906,0.6902,0.6906,129122.6
2026-08-13 05:45:00,0.6905,0.6906,0.6898,0.6906,261891.2
2026-08-13 05:50:00,0.6905,0.6923,0.6905,0.6923,619015.9
2026-08-13 05:55:00,0.6923,0.6924,0.6906,0.6906,288122.2
2026-08-13 06:00:00,0.6907,0.6911,0.6899,0.69,300789.1
2026-08-13 06:05:00,0.6901,0.6908,0.6896,0.6901,409295.6
2026-08-13 06:10:00,0.6902,0.6903,0.6896,0.6899,218787.5
2026-08-13 06:15:00,0.6899,0.6906,0.6898,0.6901,284569.6
2026-08-13 06:20:00,0.69,0.6904,0.69,0.6902,147992.5
2026-08-13 06:25:00,0.6902,0.6906,0.6893,0.6905,579718.4
2026-08-13 06:30:00,0.6905,0.6906,0.6897,0.69,137681.7
2026-08-13 06:35:00,0.6899,0.6912,0.6899,0.6904,620257.0
2026-08-13 06:40:00,0.6903,0.6909,0.6903,0.6905,202450.7
2026-08-13 06:45:00,0.6906,0.6915,0.6904,0.6907,440902.5
2026-08-13 06:50:00,0.6908,0.6912,0.6905,0.6911,272465.9
2026-08-13 06:55:00,0.6911,0.6917,0.6906,0.6912,387187.9
2026-08-13 07:00:00,0.6913,0.6916,0.6908,0.6908,257095.0
2026-08-13 07:05:00,0.6909,0.6914,0.6907,0.6908,262953.8
2026-08-13 07:10:00,0.6909,0.6915,0.6905,0.6908,460971.9
2026-08-13 07:15:00,0.6909,0.6909,0.6901,0.6902,91856.9
2026-08-13 07:20:00,0.6902,0.6904,0.69,0.6904,140040.5
2026-08-13 07:25:00,0.6903,0.6908,0.6902,0.6907,88006.6
2026-08-13 07:30:00,0.6908,0.6911,0.6907,0.6908,107425.6
2026-08-13 07:35:00,0.6907,0.6908,0.6904,0.6905,106170.2
2026-08-13 07:40:00,0.6904,0.6905,0.6898,0.6899,166778.2
2026-08-13 07:45:00,0.6898,0.69,0.6897,0.69,109152.2
2026-08-13 07:50:00,0.6899,0.6904,0.6896,0.69,211123.3
2026-08-13 07:55:00,0.6899,0.69,0.6894,0.6897,142161.6
2026-08-13 08:00:00,0.6897,0.6903,0.6897,0.6901,272621.3
2026-08-13 08:05:00,0.6901,0.6905,0.6895,0.6896,140402.7
2026-08-13 08:10:00,0.6896,0.6897,0.6888,0.6889,373858.2
2026-08-13 08:15:00,0.6888,0.6896,0.6886,0.6895,302690.0
2026-08-13 08:20:00,0.6894,0.69,0.6894,0.6895,146605.6
2026-08-13 08:25:00,0.6894,0.6897,0.6888,0.6891,148518.0
2026-08-13 08:30:00,0.689,0.6891,0.6885,0.6885,89566.4
2026-08-13 08:35:00,0.6885,0.6896,0.6885,0.6895,246021.1
2026-08-13 08:40:00,0.6895,0.6898,0.6894,0.6897,88900.9
2026-08-13 08:45:00,0.6896,0.6897,0.6891,0.6892,215491.4
2026-08-13 08:50:00,0.6891,0.6893,0.6884,0.6885,245344.0
2026-08-13 08:55:00,0.6884,0.6891,0.6884,0.689,119828.8
2026-08-13 09:00:00,0.689,0.689,0.6879,0.6881,210918.0
2026-08-13 09:05:00,0.6881,0.6881,0.6872,0.6875,255336.4
2026-08-13 09:10:00,0.6875,0.6876,0.6864,0.6866,419500.9
2026-08-13 09:15:00,0.6865,0.6877,0.6865,0.6877,151039.9
2026-08-13 09:20:00,0.6877,0.6881,0.6874,0.6881,128626.3
2026-08-13 09:25:00,0.6881,0.6886,0.6878,0.6883,258967.0
2026-08-13 09:30:00,0.6883,0.6887,0.6883,0.6887,112002.4
2026-08-13 09:35:00,0.6887,0.6887,0.6883,0.6887,79619.0
2026-08-13 09:40:00,0.6887,0.6898,0.6885,0.6895,506637.7
2026-08-13 09:45:00,0.6896,0.6908,0.6895,0.6901,452734.6
2026-08-13 09:50:00,0.6901,0.6913,0.69,0.6911,228490.1
2026-08-13 09:55:00,0.6911,0.6912,0.6907,0.6907,137058.1
2026-08-13 10:00:00,0.6907,0.6909,0.689,0.6897,391271.2
2026-08-13 10:05:00,0.6897,0.6906,0.6891,0.6893,344863.7
2026-08-13 10:10:00,0.6894,0.6901,0.6887,0.689,191279.1
2026-08-13 10:15:00,0.6889,0.6892,0.6886,0.6889,303181.7
2026-08-13 10:20:00,0.6888,0.6889,0.6883,0.6885,108097.6
2026-08-13 10:25:00,0.6884,0.6886,0.6879,0.6883,248421.3
2026-08-13 10:30:00,0.6883,0.6884,0.6873,0.6874,135020.2
2026-08-13 10:35:00,0.6874,0.6879,0.6874,0.6878,84074.6
2026-08-13 10:40:00,0.6877,0.6884,0.6876,0.6883,83772.4
2026-08-13 10:45:00,0.6884,0.6886,0.6883,0.6885,87615.2
2026-08-13 10:50:00,0.6886,0.6888,0.6883,0.6883,133540.7
2026-08-13 10:55:00,0.6884,0.6885,0.6879,0.6879,81598.6
2026-08-13 11:00:00,0.6879,0.6881,0.6876,0.6879,118473.3
2026-08-13 11:05:00,0.6879,0.688,0.6875,0.6878,87501.7
2026-08-13 11:10:00,0.6877,0.6879,0.6874,0.6879,108214.1
2026-08-13 11:15:00,0.6879,0.6879,0.687,0.6872,276894.3
2026-08-13 11:20:00,0.6872,0.6874,0.6865,0.687,439871.1
2026-08-13 11:25:00,0.687,0.6872,0.6865,0.6866,178711.1
2026-08-13 11:30:00,0.6865,0.6865,0.6853,0.686,707541.3
2026-08-13 11:35:00,0.686,0.6868,0.6853,0.6867,573500.2
2026-08-13 11:40:00,0.6866,0.6868,0.6855,0.6858,235598.4
2026-08-13 11:45:00,0.6857,0.6863,0.6855,0.6862,331945.6
2026-08-13 11:50:00,0.6861,0.6862,0.6856,0.686,117387.4
2026-08-13 11:55:00,0.6859,0.686,0.6857,0.6857,117580.5
2026-08-13 12:00:00,0.6857,0.6859,0.6847,0.6852,865918.3
2026-08-13 12:05:00,0.6851,0.6869,0.6851,0.6869,225894.9
2026-08-13 12:10:00,0.6868,0.6872,0.6867,0.6869,338168.4
2026-08-13 12:15:00,0.687,0.6872,0.6867,0.6868,106443.6
2026-08-13 12:20:00,0.6868,0.6872,0.6862,0.6872,388845.2
2026-08-13 12:25:00,0.6872,0.688,0.6871,0.6873,540883.4
2026-08-13 12:30:00,0.6873,0.6887,0.6859,0.6885,875141.5
2026-08-13 12:35:00,0.6884,0.6887,0.6876,0.6876,325080.5
2026-08-13 12:40:00,0.6876,0.6881,0.6871,0.6879,130902.4
2026-08-13 12:45:00,0.688,0.6889,0.6879,0.6889,153217.5
2026-08-13 12:50:00,0.6888,0.6899,0.6886,0.6892,876685.0
2026-08-13 12:55:00,0.6891,0.6905,0.6889,0.6904,656061.1
2026-08-13 13:00:00,0.6904,0.6912,0.6899,0.6904,751752.4
2026-08-13 13:05:00,0.6903,0.6915,0.6902,0.6908,292206.0
2026-08-13 13:10:00,0.6909,0.6909,0.69,0.69,119325.8
2026-08-13 13:15:00,0.69,0.6901,0.6893,0.6897,348447.8
2026-08-13 13:20:00,0.6896,0.6899,0.6894,0.6897,271531.3
2026-08-13 13:25:00,0.6897,0.69,0.6893,0.69,486295.3
2026-08-13 13:30:00,0.6899,0.6907,0.6895,0.6906,699208.3
2026-08-13 13:35:00,0.6906,0.6911,0.6903,0.691,284875.5
2026-08-13 13:40:00,0.6909,0.6921,0.6908,0.6913,607485.0
2026-08-13 13:45:00,0.6913,0.6916,0.6903,0.6916,243503.3
2026-08-13 13:50:00,0.6916,0.6917,0.691,0.6912,299257.3
2026-08-13 13:55:00,0.6913,0.6913,0.6904,0.6906,194626.6
2026-08-13 14:00:00,0.6906,0.6912,0.6903,0.6903,342193.7
2026-08-13 14:05:00,0.6903,0.6911,0.6902,0.6909,123353.1
2026-08-13 14:10:00,0.6909,0.6929,0.6909,0.6914,512690.5
2026-08-13 14:15:00,0.6914,0.6924,0.6914,0.692,407282.2
2026-08-13 14:20:00,0.692,0.6925,0.6916,0.6918,274121.9
2026-08-13 14:25:00,0.6918,0.6918,0.6909,0.6916,246029.0
2026-08-13 14:30:00,0.6916,0.693,0.6909,0.6928,548107.1
2026-08-13 14:35:00,0.6928,0.6939,0.6928,0.6934,600884.8
2026-08-13 14:40:00,0.6935,0.6937,0.693,0.6932,319220.9
2026-08-13 14:45:00,0.6932,0.6934,0.6926,0.6931,649518.2
2026-08-13 14:50:00,0.6931,0.694,0.6931,0.6933,428308.2
2026-08-13 14:55:00,0.6934,0.694,0.6929,0.6939,327126.0
2026-08-13 15:00:00,0.6939,0.6946,0.6934,0.6934,552285.8
2026-08-13 15:05:00,0.6935,0.6935,0.6921,0.6926,501928.0
2026-08-13 15:10:00,0.6926,0.693,0.6921,0.6922,239414.7
2026-08-13 15:15:00,0.6922,0.6925,0.6915,0.6925,744586.3
2026-08-13 15:20:00,0.6925,0.6925,0.691,0.6911,398538.3
2026-08-13 15:25:00,0.6911,0.6911,0.689,0.6899,1150671.2
2026-08-13 15:30:00,0.6899,0.6901,0.689,0.6893,410823.7
2026-08-13 15:35:00,0.6893,0.69,0.6893,0.69,133498.6
2026-08-13 15:40:00,0.6899,0.6902,0.6893,0.6899,255458.9
2026-08-13 15:45:00,0.6899,0.6901,0.6877,0.6879,955800.7
2026-08-13 15:50:00,0.6879,0.6889,0.6873,0.6877,865163.0
2026-08-13 15:55:00,0.6877,0.6882,0.685,0.6851,1341550.7
2026-08-13 16:00:00,0.6851,0.686,0.6834,0.6836,1287046.6
2026-08-13 16:05:00,0.6836,0.6844,0.6825,0.6835,1390969.0
2026-08-13 16:10:00,0.6835,0.6843,0.6834,0.6842,523150.0
2026-08-13 16:15:00,0.6843,0.685,0.6841,0.6849,655209.1
2026-08-13 16:20:00,0.6849,0.6863,0.684,0.6863,970674.3
2026-08-13 16:25:00,0.6863,0.6864,0.6833,0.6838,1250089.7
2026-08-13 16:30:00,0.6838,0.6852,0.6838,0.6845,450417.4
2026-08-13 16:35:00,0.6844,0.6847,0.6811,0.6823,1516455.5
2026-08-13 16:40:00,0.6823,0.6823,0.6797,0.6822,2847484.6
2026-08-13 16:45:00,0.6821,0.6845,0.6817,0.6841,853129.6
2026-08-13 16:50:00,0.6841,0.6846,0.6812,0.6813,3098515.1
2026-08-13 16:55:00,0.6812,0.6834,0.681,0.6834,1116071.9
2026-08-13 17:00:00,0.6835,0.6844,0.6831,0.6839,982711.1
2026-08-13 17:05:00,0.684,0.684,0.6828,0.6839,832995.8
2026-08-13 17:10:00,0.6838,0.6854,0.6838,0.6848,677444.2
2026-08-13 17:15:00,0.6848,0.6849,0.6831,0.6833,524772.6
2026-08-13 17:20:00,0.6833,0.6849,0.6832,0.6849,355854.9
2026-08-13 17:25:00,0.6848,0.6851,0.6836,0.6837,340668.8
2026-08-13 17:30:00,0.6837,0.6857,0.6836,0.684,473754.2
2026-08-13 17:35:00,0.6841,0.6849,0.6833,0.6848,708368.2
2026-08-13 17:40:00,0.6847,0.6857,0.6847,0.6855,473039.7
2026-08-13 17:45:00,0.6855,0.6856,0.6845,0.6854,391829.3
2026-08-13 17:50:00,0.6854,0.6855,0.684,0.684,527290.8
2026-08-13 17:55:00,0.6839,0.685,0.6837,0.6845,378860.0
2026-08-13 18:00:00,0.6844,0.6858,0.6843,0.6855,175811.6
2026-08-13 18:05:00,0.6855,0.6855,0.6848,0.6848,194059.8
2026-08-13 18:10:00,0.6847,0.685,0.6845,0.685,42574.6
2026-08-13 18:15:00,0.685,0.6854,0.6847,0.6852,103193.8
2026-08-13 18:20:00,0.6852,0.6853,0.6839,0.6841,225198.2
2026-08-13 18:25:00,0.6841,0.6843,0.6832,0.6836,222097.2
2026-08-13 18:30:00,0.6836,0.6845,0.6833,0.6836,218516.9
2026-08-13 18:35:00,0.6835,0.6844,0.6832,0.6838,255887.2
2026-08-13 18:40:00,0.6837,0.6854,0.6836,0.6854,104922.1
2026-08-13 18:45:00,0.6854,0.6857,0.6849,0.6851,156478.7
2026-08-13 18:50:00,0.6851,0.6869,0.6851,0.6866,2286259.0
2026-08-13 18:55:00,0.6866,0.6869,0.6861,0.6862,259619.8
2026-08-13 19:00:00,0.6862,0.6867,0.6859,0.686,206519.5
2026-08-13 19:05:00,0.6859,0.6879,0.6858,0.6874,438225.3
2026-08-13 19:10:00,0.6873,0.6875,0.6864,0.6865,134925.3
2026-08-13 19:15:00,0.6864,0.6866,0.6859,0.6866,193098.4
2026-08-13 19:20:00,0.6866,0.6867,0.6862,0.6865,216099.7
2026-08-13 19:25:00,0.6865,0.6867,0.6861,0.6864,54913.5
2026-08-13 19:30:00,0.6865,0.6865,0.6859,0.6863,152444.1
2026-08-13 19:35:00,0.6863,0.6868,0.6861,0.6866,99085.0
2026-08-13 19:40:00,0.6867,0.687,0.6859,0.6866,111679.9
2026-08-13 19:45:00,0.6867,0.6871,0.686,0.6862,233050.4
2026-08-13 19:50:00,0.6862,0.6866,0.686,0.6862,177084.1
2026-08-13 19:55:00,0.6861,0.6862,0.6858,0.6859,60163.9
2026-08-13 20:00:00,0.6859,0.6861,0.6854,0.686,380624.2
2026-08-13 20:05:00,0.686,0.6863,0.6857,0.686,124842.7
2026-08-13 20:10:00,0.686,0.686,0.6842,0.6848,898462.7
2026-08-13 20:15:00,0.6848,0.6855,0.6847,0.6855,224202.7
2026-08-13 20:20:00,0.6854,0.6856,0.6848,0.685,260721.6
2026-08-13 20:25:00,0.685,0.686,0.685,0.6859,251486.5
2026-08-13 20:30:00,0.686,0.6866,0.6856,0.686,163884.2
2026-08-13 20:35:00,0.6859,0.6864,0.6859,0.6864,66871.9
2026-08-13 20:40:00,0.6863,0.6864,0.6858,0.6861,95045.4
2026-08-13 20:45:00,0.686,0.6862,0.6858,0.6859,109215.6
2026-08-13 20:50:00,0.6859,0.6864,0.6858,0.686,58208.2
2026-08-13 20:55:00,0.6861,0.6861,0.6859,0.6859,34964.9
2026-08-13 21:00:00,0.6859,0.6866,0.6858,0.6864,120739.3
2026-08-13 21:05:00,0.6864,0.6867,0.6861,0.6864,61001.1
2026-08-13 21:10:00,0.6864,0.6867,0.6859,0.6864,126367.3
2026-08-13 21:15:00,0.6864,0.6867,0.686,0.6867,61430.1
2026-08-13 21:20:00,0.6867,0.6873,0.6866,0.687,144199.7
2026-08-13 21:25:00,0.6871,0.6875,0.6867,0.6875,106536.1
2026-08-13 21:30:00,0.6874,0.6875,0.687,0.6871,64604.4
2026-08-13 21:35:00,0.687,0.6874,0.6867,0.6874,127756.5
2026-08-13 21:40:00,0.6873,0.6873,0.687,0.6872,170998.2
2026-08-13 21:45:00,0.6873,0.6876,0.6871,0.6874,68382.3
2026-08-13 21:50:00,0.6874,0.6878,0.6869,0.687,161788.5
2026-08-13 21:55:00,0.6871,0.6877,0.6869,0.687,162875.6
2026-08-13 22:00:00,0.687,0.6882,0.6867,0.6882,320636.5
2026-08-13 22:05:00,0.6882,0.6885,0.6876,0.6877,348231.7
2026-08-13 22:10:00,0.6877,0.6886,0.6877,0.6883,491367.4
2026-08-13 22:15:00,0.6884,0.6886,0.688,0.6881,308962.4
2026-08-13 22:20:00,0.688,0.6887,0.6878,0.6887,241364.9
2026-08-13 22:25:00,0.6887,0.6899,0.6886,0.6898,486450.5
2026-08-13 22:30:00,0.6899,0.6902,0.6894,0.6897,539410.2
2026-08-13 22:35:00,0.6897,0.6897,0.6887,0.689,333358.7
2026-08-13 22:40:00,0.689,0.6896,0.6887,0.6888,179379.4
2026-08-13 22:45:00,0.6889,0.6893,0.6887,0.689,173239.0
2026-08-13 22:50:00,0.689,0.6891,0.6885,0.6887,139299.0
2026-08-13 22:55:00,0.6886,0.6886,0.6884,0.6885,46303.3
2026-08-13 23:00:00,0.6885,0.6885,0.6874,0.6875,295733.9
2026-08-13 23:05:00,0.6874,0.6877,0.6872,0.6876,524359.0
2026-08-13 23:10:00,0.6877,0.6879,0.6875,0.6875,99540.5
2026-08-13 23:15:00,0.6875,0.6876,0.6871,0.6875,93765.5
2026-08-13 23:20:00,0.6875,0.6882,0.6875,0.688,269827.7
2026-08-13 23:25:00,0.6881,0.6884,0.6879,0.6881,161929.8
2026-08-13 23:30:00,0.6882,0.6884,0.688,0.6882,117899.1
2026-08-13 23:35:00,0.6883,0.6883,0.6878,0.6878,73113.2
2026-08-13 23:40:00,0.6878,0.6882,0.6877,0.6881,88157.1
2026-08-13 23:45:00,0.6881,0.6889,0.6879,0.6881,187851.4
2026-08-13 23:50:00,0.688,0.6891,0.688,0.6889,442921.9
2026-08-13 23:55:00,0.6888,0.6895,0.6887,0.6891,309016.6
2026-08-14 00:00:00,0.6891,0.6899,0.6891,0.6898,241000.8
2026-08-14 00:05:00,0.6898,0.6901,0.6892,0.69,374470.0
2026-08-14 00:10:00,0.69,0.6901,0.6893,0.6894,235383.1
2026-08-14 00:15:00,0.6895,0.6898,0.689,0.6896,235215.4
2026-08-14 00:20:00,0.6896,0.6906,0.6895,0.6905,175632.0
2026-08-14 00:25:00,0.6905,0.6906,0.689,0.689,208487.2
2026-08-14 00:30:00,0.689,0.6892,0.6884,0.6888,151434.3
2026-08-14 00:35:00,0.6888,0.6894,0.6888,0.6893,82218.9
2026-08-14 00:40:00,0.6893,0.6901,0.689,0.6898,119851.5
2026-08-14 00:45:00,0.6899,0.6899,0.6885,0.6886,127037.5
2026-08-14 00:50:00,0.6885,0.6891,0.6884,0.6889,120267.3
2026-08-14 00:55:00,0.6889,0.689,0.6886,0.6886,98961.7
2026-08-14 01:00:00,0.6886,0.6886,0.6881,0.6886,121235.4
2026-08-14 01:05:00,0.6885,0.6889,0.6881,0.6883,80895.8
2026-08-14 01:10:00,0.6882,0.6883,0.6878,0.6879,149524.7
2026-08-14 01:15:00,0.6879,0.6881,0.6875,0.6876,137232.4
2026-08-14 01:20:00,0.6876,0.6889,0.6876,0.6887,134139.8
2026-08-14 01:25:00,0.6887,0.6889,0.6878,0.6879,138409.6
2026-08-14 01:30:00,0.6879,0.6882,0.6873,0.6881,113758.0
2026-08-14 01:35:00,0.6881,0.6886,0.6881,0.6884,146722.6
2026-08-14 01:40:00,0.6884,0.6887,0.6883,0.6883,69347.3
2026-08-14 01:45:00,0.6883,0.6884,0.6876,0.6878,223282.0
2026-08-14 01:50:00,0.6878,0.6887,0.6872,0.6873,439144.7
2026-08-14 01:55:00,0.6873,0.6873,0.6869,0.6872,157147.1
2026-08-14 02:00:00,0.6872,0.6873,0.6869,0.687,97481.2
2026-08-14 02:05:00,0.6869,0.6876,0.6869,0.6873,94819.0
2026-08-14 02:10:00,0.6874,0.6878,0.6864,0.6868,431721.5
2026-08-14 02:15:00,0.6868,0.687,0.6858,0.6861,336270.8
2026-08-14 02:20:00,0.686,0.6862,0.6855,0.6855,159687.2
2026-08-14 02:25:00,0.6855,0.6855,0.6846,0.6848,447164.7
2026-08-14 02:30:00,0.6847,0.6859,0.6845,0.6853,504431.3
2026-08-14 02:35:00,0.6852,0.6852,0.6848,0.685,112388.6
2026-08-14 02:40:00,0.685,0.6851,0.6843,0.6848,210520.1
2026-08-14 02:45:00,0.6847,0.6856,0.6847,0.6855,241292.4
2026-08-14 02:50:00,0.6856,0.6864,0.6855,0.6863,434715.2
2026-08-14 02:55:00,0.6863,0.6863,0.6852,0.6855,146257.8
2026-08-14 03:00:00,0.6854,0.6857,0.6846,0.6848,310105.3
2026-08-14 03:05:00,0.6848,0.6853,0.6846,0.685,252198.4
2026-08-14 03:10:00,0.6849,0.6851,0.6844,0.6851,347130.9
2026-08-14 03:15:00,0.6851,0.686,0.685,0.6859,184865.2
2026-08-14 03:20:00,0.686,0.686,0.6855,0.6859,145298.5
2026-08-14 03:25:00,0.6858,0.6859,0.6853,0.6855,98662.7
2026-08-14 03:30:00,0.6854,0.6854,0.6847,0.685,275409.9
2026-08-14 03:35:00,0.6851,0.6851,0.6838,0.684,490565.5
2026-08-14 03:40:00,0.684,0.6841,0.6835,0.6841,315911.7
2026-08-14 03:45:00,0.684,0.6841,0.6831,0.6836,485536.8
2026-08-14 03:50:00,0.6836,0.6838,0.6833,0.6835,231696.0
2026-08-14 03:55:00,0.6836,0.6837,0.683,0.6833,974044.0
2026-08-14 04:00:00,0.6832,0.6843,0.6828,0.6838,2037100.7
2026-08-14 04:05:00,0.6837,0.6842,0.6837,0.6841,267938.9
2026-08-14 04:10:00,0.684,0.6843,0.6839,0.6843,81632.8
2026-08-14 04:15:00,0.6843,0.6849,0.684,0.6841,201138.8
2026-08-14 04:20:00,0.6842,0.6845,0.6841,0.6843,100297.6
2026-08-14 04:25:00,0.6843,0.6845,0.684,0.6844,136055.9
2026-08-14 04:30:00,0.6845,0.6846,0.6842,0.6842,136080.1
2026-08-14 04:35:00,0.6842,0.6843,0.684,0.684,177012.9
2026-08-14 04:40:00,0.6841,0.6849,0.684,0.6844,264458.2
2026-08-14 04:45:00,0.6844,0.6845,0.6839,0.6841,165605.0
2026-08-14 04:50:00,0.6841,0.6843,0.684,0.6841,69890.0
2026-08-14 04:55:00,0.6842,0.6842,0.6835,0.6836,75187.1
2026-08-14 05:00:00,0.6836,0.6841,0.6834,0.6839,184066.9
2026-08-14 05:05:00,0.684,0.6842,0.6835,0.6835,79364.9
2026-08-14 05:10:00,0.6835,0.6839,0.6831,0.6831,248257.7
2026-08-14 05:15:00,0.6831,0.6835,0.6824,0.6828,353478.1
2026-08-14 05:20:00,0.6828,0.6833,0.6825,0.6827,106874.3
2026-08-14 05:25:00,0.6827,0.6839,0.6827,0.6837,229948.3
2026-08-14 05:30:00,0.6837,0.6843,0.6835,0.6841,139149.9
2026-08-14 05:35:00,0.684,0.6844,0.6838,0.6841,167456.8
2026-08-14 05:40:00,0.6841,0.6846,0.684,0.6841,101717.0
2026-08-14 05:45:00,0.6842,0.6847,0.6839,0.6839,389950.3
2026-08-14 05:50:00,0.6839,0.6844,0.6838,0.6844,139570.2
2026-08-14 05:55:00,0.6843,0.6846,0.6842,0.6842,57866.4
2026-08-14 06:00:00,0.6842,0.6843,0.6835,0.6836,203131.3
2026-08-14 06:05:00,0.6837,0.6837,0.6831,0.6831,213554.6
2026-08-14 06:10:00,0.6832,0.6834,0.6827,0.683,278685.9
2026-08-14 06:15:00,0.6831,0.6832,0.6825,0.6828,152914.0
2026-08-14 06:20:00,0.6828,0.6828,0.6823,0.6823,240138.3
2026-08-14 06:25:00,0.6823,0.6825,0.6818,0.6819,191742.6
2026-08-14 06:30:00,0.6818,0.6822,0.6814,0.6817,358715.1
2026-08-14 06:35:00,0.6817,0.682,0.6811,0.6811,189313.3
2026-08-14 06:40:00,0.6811,0.6814,0.6806,0.6809,445870.8
2026-08-14 06:45:00,0.6808,0.6821,0.6807,0.681,1075756.1
2026-08-14 06:50:00,0.681,0.6816,0.6799,0.6803,967918.2
2026-08-14 06:55:00,0.6803,0.6808,0.6783,0.6784,1227729.3
2026-08-14 07:00:00,0.6784,0.6786,0.6774,0.6779,1629885.7
2026-08-14 07:05:00,0.6778,0.679,0.6773,0.6782,939898.7
2026-08-14 07:10:00,0.6782,0.6788,0.6777,0.6784,957073.8
2026-08-14 07:15:00,0.6784,0.6797,0.6781,0.6795,768948.8
2026-08-14 07:20:00,0.6795,0.6795,0.6785,0.6791,289054.5
2026-08-14 07:25:00,0.6792,0.6793,0.6789,0.6789,185769.9
2026-08-14 07:30:00,0.679,0.6792,0.6783,0.6787,522991.8
2026-08-14 07:35:00,0.6787,0.6789,0.6777,0.6778,818146.0
2026-08-14 07:40:00,0.6778,0.6785,0.6778,0.6781,230727.2
2026-08-14 07:45:00,0.6781,0.6784,0.6777,0.6783,331662.6
2026-08-14 07:50:00,0.6783,0.6787,0.6781,0.6783,245548.0
2026-08-14 07:55:00,0.6783,0.679,0.6782,0.6787,334050.2
2026-08-14 08:00:00,0.6788,0.6793,0.6786,0.6791,256453.7
2026-08-14 08:05:00,0.679,0.6796,0.679,0.6796,167024.0
2026-08-14 08:10:00,0.6795,0.6798,0.6791,0.6791,156161.9
2026-08-14 08:15:00,0.6792,0.6803,0.679,0.679,458484.0
2026-08-14 08:20:00,0.679,0.6797,0.6785,0.6786,554466.2
2026-08-14 08:25:00,0.6787,0.6792,0.6784,0.6792,211518.2
2026-08-14 08:30:00,0.6792,0.6804,0.6791,0.6804,519401.9
2026-08-14 08:35:00,0.6804,0.6811,0.6804,0.6808,263862.2
2026-08-14 08:40:00,0.6808,0.6808,0.6798,0.6798,178947.3
2026-08-14 08:45:00,0.6799,0.6804,0.6797,0.6802,186017.7
2026-08-14 08:50:00,0.6802,0.6806,0.6801,0.6801,124519.6
2026-08-14 08:55:00,0.6801,0.6807,0.6798,0.6806,297709.6
2026-08-14 09:00:00,0.6806,0.6808,0.6799,0.6799,268674.6
2026-08-14 09:05:00,0.6799,0.68,0.6796,0.6796,74331.1
2026-08-14 09:10:00,0.6796,0.6806,0.6795,0.6805,276754.8
2026-08-14 09:15:00,0.6806,0.6806,0.6802,0.6802,84685.5
2026-08-14 09:20:00,0.6802,0.6804,0.6794,0.6799,872333.6
2026-08-14 09:25:00,0.6798,0.6803,0.6794,0.6794,296588.9
2026-08-14 09:30:00,0.6794,0.6795,0.6785,0.6788,235018.8
2026-08-14 09:35:00,0.6789,0.679,0.6768,0.6773,673068.9
2026-08-14 09:40:00,0.6773,0.6773,0.6764,0.6771,547266.6
2026-08-14 09:45:00,0.6772,0.678,0.6771,0.6777,332233.4
2026-08-14 09:50:00,0.6777,0.6786,0.6777,0.6783,368427.8
2026-08-14 09:55:00,0.6784,0.6785,0.677,0.6771,362026.0
2026-08-14 10:00:00,0.6771,0.6781,0.6767,0.678,380258.7
2026-08-14 10:05:00,0.678,0.6781,0.677,0.6776,280053.4
2026-08-14 10:10:00,0.6775,0.6778,0.6772,0.6774,248721.0
2026-08-14 10:15:00,0.6774,0.6781,0.6772,0.6772,431453.6
2026-08-14 10:20:00,0.6772,0.6773,0.6763,0.6764,373364.6
2026-08-14 10:25:00,0.6763,0.6768,0.6758,0.6766,400554.3
2026-08-14 10:30:00,0.6766,0.677,0.676,0.6768,351421.0
2026-08-14 10:35:00,0.6768,0.6773,0.6762,0.6765,250679.0
2026-08-14 10:40:00,0.6764,0.6765,0.6759,0.676,152057.0
2026-08-14 10:45:00,0.676,0.6766,0.6758,0.6765,419521.0
2026-08-14 10:50:00,0.6765,0.6768,0.6762,0.6763,160563.7
2026-08-14 10:55:00,0.6763,0.6763,0.6756,0.6759,260805.6
2026-08-14 11:00:00,0.6759,0.6772,0.6758,0.6767,428672.0
2026-08-14 11:05:00,0.6768,0.6768,0.6761,0.6765,145173.5
2026-08-14 11:10:00,0.6764,0.6767,0.6755,0.6757,475618.0
2026-08-14 11:15:00,0.6757,0.6772,0.6756,0.6772,229221.9
2026-08-14 11:20:00,0.6771,0.6772,0.676,0.676,188966.6
2026-08-14 11:25:00,0.6761,0.6769,0.6759,0.6768,325824.9
2026-08-14 11:30:00,0.6768,0.6772,0.6768,0.677,193017.0
2026-08-14 11:35:00,0.677,0.6775,0.6768,0.6769,273643.1
2026-08-14 11:40:00,0.6769,0.677,0.6763,0.6765,341966.5
2026-08-14 11:45:00,0.6765,0.6768,0.6761,0.6764,183280.8
2026-08-14 11:50:00,0.6764,0.6768,0.6758,0.6758,736875.0
2026-08-14 11:55:00,0.6757,0.6759,0.6739,0.6746,1360649.4
2026-08-14 12:00:00,0.6747,0.675,0.6739,0.6745,1248764.6
2026-08-14 12:05:00,0.6744,0.6752,0.6733,0.6737,836699.5
2026-08-14 12:10:00,0.6736,0.6741,0.6733,0.674,516714.0
2026-08-14 12:15:00,0.6741,0.6748,0.6738,0.674,428497.9
2026-08-14 12:20:00,0.674,0.676,0.674,0.6759,348101.6
2026-08-14 12:25:00,0.676,0.6765,0.6759,0.6764,330306.3
2026-08-14 12:30:00,0.6765,0.6775,0.6762,0.6764,578774.8
2026-08-14 12:35:00,0.6764,0.6764,0.6757,0.6762,212163.5
2026-08-14 12:40:00,0.6763,0.6763,0.6753,0.6754,329719.4
2026-08-14 12:45:00,0.6754,0.6762,0.6753,0.6762,252702.6
2026-08-14 12:50:00,0.6763,0.6766,0.6757,0.6762,250376.9
2026-08-14 12:55:00,0.6762,0.6765,0.6759,0.6762,130610.3
2026-08-14 13:00:00,0.6763,0.6765,0.6757,0.6761,294502.2
2026-08-14 13:05:00,0.6761,0.6764,0.6752,0.676,234804.8
2026-08-14 13:10:00,0.6759,0.6761,0.6751,0.6758,143127.7
2026-08-14 13:15:00,0.6758,0.6763,0.6754,0.6758,202113.2
2026-08-14 13:20:00,0.6759,0.6768,0.6758,0.6766,148927.7
2026-08-14 13:25:00,0.6767,0.6772,0.6762,0.6766,229576.0
2026-08-14 13:30:00,0.6766,0.6773,0.6762,0.6769,270835.7
2026-08-14 13:35:00,0.677,0.6779,0.6765,0.6772,623608.8
2026-08-14 13:40:00,0.6772,0.6778,0.6769,0.6775,475465.8
2026-08-14 13:45:00,0.6775,0.678,0.6771,0.6775,344878.2
2026-08-14 13:50:00,0.6775,0.678,0.6773,0.6773,176529.7
2026-08-14 13:55:00,0.6773,0.6774,0.6768,0.6772,190267.7
2026-08-14 14:00:00,0.6773,0.6776,0.6758,0.6763,796226.7
2026-08-14 14:05:00,0.6763,0.6765,0.6758,0.6761,183431.2
2026-08-14 14:10:00,0.6761,0.6765,0.6755,0.6755,206853.8
2026-08-14 14:15:00,0.6755,0.6762,0.6753,0.6756,196675.3
2026-08-14 14:20:00,0.6756,0.6758,0.6743,0.6746,385516.9
2026-08-14 14:25:00,0.6746,0.6762,0.6746,0.6756,319383.8
2026-08-14 14:30:00,0.6757,0.6763,0.6756,0.6762,206378.3
2026-08-14 14:35:00,0.6761,0.6771,0.6761,0.6767,197155.6
2026-08-14 14:40:00,0.6767,0.6771,0.6761,0.6761,184987.2
2026-08-14 14:45:00,0.6762,0.6767,0.676,0.6765,150035.4
2026-08-14 14:50:00,0.6765,0.6765,0.6756,0.6758,300005.8
2026-08-14 14:55:00,0.6757,0.6757,0.672,0.673,1966766.6
2026-08-14 15:00:00,0.673,0.6734,0.6713,0.6723,1624505.4
2026-08-14 15:05:00,0.6723,0.6745,0.6723,0.6739,409078.9
2026-08-14 15:10:00,0.6738,0.6744,0.6734,0.6738,299901.9
2026-08-14 15:15:00,0.6738,0.6742,0.6737,0.6738,118868.1
2026-08-14 15:20:00,0.6737,0.6751,0.6737,0.6747,345986.8
2026-08-14 15:25:00,0.6748,0.6762,0.6736,0.676,589977.2
2026-08-14 15:30:00,0.676,0.6767,0.675,0.6767,583417.1
2026-08-14 15:35:00,0.6766,0.6781,0.6765,0.6779,603256.2
2026-08-14 15:40:00,0.678,0.6782,0.6765,0.677,623429.1
2026-08-14 15:45:00,0.6771,0.6792,0.6768,0.6784,807426.5
2026-08-14 15:50:00,0.6784,0.6788,0.6778,0.6786,499840.6
2026-08-14 15:55:00,0.6786,0.6789,0.677,0.677,480613.3
2026-08-14 16:00:00,0.677,0.6776,0.6767,0.6768,794920.2
2026-08-14 16:05:00,0.6767,0.6786,0.6763,0.6786,810346.8
2026-08-14 16:10:00,0.6786,0.6797,0.6782,0.6793,719367.2
2026-08-14 16:15:00,0.6793,0.6801,0.6791,0.68,582989.8
2026-08-14 16:20:00,0.68,0.6803,0.6792,0.68,666637.9
2026-08-14 16:25:00,0.6799,0.6799,0.679,0.6791,450846.1
2026-08-14 16:30:00,0.6792,0.6799,0.6783,0.6783,549468.5
2026-08-14 16:35:00,0.6783,0.6798,0.6781,0.6789,446748.0
2026-08-14 16:40:00,0.6789,0.6797,0.6786,0.6787,582240.4
2026-08-14 16:45:00,0.6787,0.679,0.6778,0.6788,808827.7
2026-08-14 16:50:00,0.6788,0.6797,0.678,0.678,1151035.9
2026-08-14 16:55:00,0.6781,0.6797,0.6779,0.6784,842668.1
2026-08-14 17:00:00,0.6784,0.6788,0.678,0.6782,342659.5
2026-08-14 17:05:00,0.6782,0.6787,0.6775,0.678,617593.1
2026-08-14 17:10:00,0.6781,0.6783,0.6768,0.6778,591457.4
2026-08-14 17:15:00,0.6779,0.6784,0.6775,0.6781,455492.1
2026-08-14 17:20:00,0.6781,0.6791,0.678,0.6789,549868.4
2026-08-14 17:25:00,0.679,0.679,0.6783,0.6783,187381.1
2026-08-14 17:30:00,0.6784,0.6793,0.6783,0.6783,435431.4
2026-08-14 17:35:00,0.6783,0.6796,0.6781,0.6795,853723.6
2026-08-14 17:40:00,0.6795,0.681,0.6795,0.68,775975.9
2026-08-14 17:45:00,0.68,0.6804,0.6794,0.6794,329868.2
2026-08-14 17:50:00,0.6795,0.6796,0.6785,0.6787,293649.0
2026-08-14 17:55:00,0.6787,0.6787,0.6776,0.678,372889.7
2026-08-14 18:00:00,0.678,0.6781,0.6762,0.6777,570754.6
2026-08-14 18:05:00,0.6777,0.6783,0.6775,0.6778,202936.6
2026-08-14 18:10:00,0.6778,0.678,0.6774,0.6779,173235.1
2026-08-14 18:15:00,0.6779,0.6788,0.6779,0.6787,137515.1
2026-08-14 18:20:00,0.6787,0.6795,0.6787,0.6792,148927.5
2026-08-14 18:25:00,0.6793,0.6797,0.679,0.679,92158.7
2026-08-14 18:30:00,0.679,0.6794,0.6781,0.6782,257264.4
2026-08-14 18:35:00,0.6782,0.6795,0.6782,0.6793,235634.5
2026-08-14 18:40:00,0.6793,0.6796,0.6789,0.6791,295761.8
2026-08-14 18:45:00,0.6792,0.6793,0.6773,0.6777,584225.2
2026-08-14 18:50:00,0.6777,0.6779,0.6774,0.6777,89325.3
2026-08-14 18:55:00,0.6778,0.6779,0.677,0.677,324752.0
2026-08-14 19:00:00,0.6771,0.6771,0.6752,0.6756,591172.4
2026-08-14 19:05:00,0.6756,0.6764,0.6748,0.6764,563070.3
2026-08-14 19:10:00,0.6763,0.6769,0.676,0.6761,323299.0
2026-08-14 19:15:00,0.6761,0.6767,0.6759,0.6761,129775.7
2026-08-14 19:20:00,0.6762,0.6771,0.6761,0.6761,212375.8
2026-08-14 19:25:00,0.6761,0.6772,0.6761,0.6771,187434.3
2026-08-14 19:30:00,0.6771,0.6775,0.6768,0.6772,188674.0
2026-08-14 19:35:00,0.6772,0.6775,0.6771,0.6774,87160.6
2026-08-14 19:40:00,0.6773,0.6787,0.6773,0.6785,177075.9
2026-08-14 19:45:00,0.6786,0.6789,0.6783,0.6789,151276.8
2026-08-14 19:50:00,0.6788,0.6794,0.6788,0.6793,186080.0
2026-08-14 19:55:00,0.6792,0.6794,0.6786,0.6786,234204.8
2026-08-14 20:00:00,0.6786,0.679,0.6783,0.6788,259291.6
2026-08-14 20:05:00,0.6788,0.6795,0.6787,0.6794,271144.9
2026-08-14 20:10:00,0.6793,0.6793,0.6783,0.6786,143847.9
2026-08-14 20:15:00,0.6786,0.6786,0.6781,0.6784,118494.1
2026-08-14 20:20:00,0.6783,0.6788,0.6783,0.6787,69184.8
2026-08-14 20:25:00,0.6787,0.6792,0.6783,0.6789,190668.4
2026-08-14 20:30:00,0.679,0.6791,0.6784,0.6784,62643.5
2026-08-14 20:35:00,0.6784,0.6787,0.6782,0.6785,87235.4
2026-08-14 20:40:00,0.6784,0.6793,0.6784,0.6789,167503.4
2026-08-14 20:45:00,0.679,0.6791,0.6782,0.6788,128556.7
2026-08-14 20:50:00,0.6788,0.679,0.6781,0.6781,78009.0
2026-08-14 20:55:00,0.6782,0.6782,0.6778,0.6778,92525.4
2026-08-14 21:00:00,0.6778,0.6783,0.6775,0.6782,166939.5
2026-08-14 21:05:00,0.6782,0.6783,0.6779,0.6779,78926.1
2026-08-14 21:10:00,0.6779,0.6779,0.6774,0.6777,246327.3
2026-08-14 21:15:00,0.6777,0.6778,0.6771,0.6771,95166.9
2026-08-14 21:20:00,0.6771,0.6774,0.6769,0.6773,104305.3
2026-08-14 21:25:00,0.6774,0.6777,0.6773,0.6775,71957.7
2026-08-14 21:30:00,0.6775,0.6776,0.6766,0.6766,63957.5
2026-08-14 21:35:00,0.6766,0.6766,0.6759,0.6762,350168.9
2026-08-14 21:40:00,0.6762,0.6766,0.6758,0.6758,124320.5
2026-08-14 21:45:00,0.6758,0.676,0.6757,0.676,46223.2
2026-08-14 21:50:00,0.6759,0.676,0.6753,0.6754,130772.2
2026-08-14 21:55:00,0.6755,0.6765,0.6754,0.676,121697.4
2026-08-14 22:00:00,0.676,0.6774,0.6754,0.6773,338948.4
2026-08-14 22:05:00,0.6773,0.6775,0.6767,0.6771,100828.2
2026-08-14 22:10:00,0.6772,0.6772,0.6766,0.6767,88169.0
2026-08-14 22:15:00,0.6767,0.6767,0.6757,0.676,192567.3
2026-08-14 22:20:00,0.676,0.6762,0.6748,0.676,406664.3
2026-08-14 22:25:00,0.6759,0.676,0.6754,0.6754,190283.8
2026-08-14 22:30:00,0.6754,0.6766,0.6754,0.6765,200701.3
2026-08-14 22:35:00,0.6765,0.6768,0.6764,0.6767,37529.3
2026-08-14 22:40:00,0.6768,0.677,0.6766,0.6769,88767.4
2026-08-14 22:45:00,0.6769,0.6774,0.6769,0.6772,46064.0
2026-08-14 22:50:00,0.6772,0.6776,0.6772,0.6775,78195.6
2026-08-14 22:55:00,0.6775,0.6778,0.6773,0.6777,80080.5
2026-08-14 23:00:00,0.6777,0.679,0.6776,0.6779,500959.1
2026-08-14 23:05:00,0.6779,0.678,0.6778,0.6779,40354.9
2026-08-14 23:10:00,0.6778,0.6789,0.6778,0.6788,382018.1
2026-08-14 23:15:00,0.6788,0.6791,0.678,0.6781,273420.3
2026-08-14 23:20:00,0.6781,0.6789,0.678,0.6788,330454.6
2026-08-14 23:25:00,0.6788,0.6791,0.6785,0.6791,443612.8
2026-08-14 23:30:00,0.679,0.6794,0.6787,0.6788,361293.0
2026-08-14 23:35:00,0.6789,0.6808,0.6781,0.6807,877392.2
2026-08-14 23:40:00,0.6807,0.6824,0.6803,0.6823,642185.4
2026-08-14 23:45:00,0.6824,0.6825,0.6817,0.682,434271.8
2026-08-14 23:50:00,0.682,0.6822,0.6814,0.6815,315561.3
2026-08-14 23:55:00,0.6816,0.6825,0.6815,0.6825,397075.4
2026-08-15 00:00:00,0.6825,0.6837,0.6818,0.683,884733.4
2026-08-15 00:05:00,0.683,0.6833,0.6822,0.6826,510094.2
2026-08-15 00:10:00,0.6827,0.6838,0.6827,0.6837,219806.8
2026-08-15 00:15:00,0.6837,0.6842,0.6834,0.6836,265976.7
2026-08-15 00:20:00,0.6837,0.684,0.683,0.683,605102.4
2026-08-15 00:25:00,0.6831,0.6832,0.6826,0.683,190691.1
2026-08-15 00:30:00,0.683,0.6836,0.6828,0.6829,166494.2
2026-08-15 00:35:00,0.683,0.6833,0.6828,0.6833,174792.2
2026-08-15 00:40:00,0.6833,0.6833,0.6825,0.683,113018.6
2026-08-15 00:45:00,0.6829,0.6839,0.6829,0.683,156709.9
2026-08-15 00:50:00,0.683,0.6831,0.6826,0.6829,122930.1
2026-08-15 00:55:00,0.6828,0.6831,0.6827,0.6827,85717.8
2026-08-15 01:00:00,0.6827,0.6829,0.6817,0.6817,273470.8
2026-08-15 01:05:00,0.6817,0.6817,0.6808,0.6814,180903.7
2026-08-15 01:10:00,0.6813,0.6822,0.6813,0.6821,154372.4
2026-08-15 01:15:00,0.682,0.6822,0.6818,0.6822,136670.8
2026-08-15 01:20:00,0.6821,0.6829,0.6818,0.6828,290516.4
2026-08-15 01:25:00,0.6829,0.6831,0.6821,0.6825,178755.6
2026-08-15 01:30:00,0.6825,0.6829,0.682,0.6829,166893.4
2026-08-15 01:35:00,0.6829,0.6829,0.6816,0.6819,308083.4
2026-08-15 01:40:00,0.6819,0.6822,0.6814,0.6818,203886.7
2026-08-15 01:45:00,0.6818,0.6823,0.6816,0.6818,67371.8
2026-08-15 01:50:00,0.6817,0.6819,0.6814,0.6816,89319.7
2026-08-15 01:55:00,0.6816,0.6816,0.6806,0.6811,364539.9
2026-08-15 02:00:00,0.681,0.6829,0.681,0.6829,476224.1
2026-08-15 02:05:00,0.6828,0.6835,0.6823,0.6824,244993.4
2026-08-15 02:10:00,0.6824,0.6838,0.6822,0.6838,361114.7
2026-08-15 02:15:00,0.6838,0.687,0.6838,0.6847,2135707.2
2026-08-15 02:20:00,0.6847,0.6855,0.6842,0.6846,755588.8
2026-08-15 02:25:00,0.6845,0.6855,0.6845,0.6855,2431656.6
2026-08-15 02:30:00,0.6855,0.6865,0.685,0.685,597081.2
2026-08-15 02:35:00,0.685,0.6855,0.6846,0.6851,298777.2
2026-08-15 02:40:00,0.6851,0.6854,0.6849,0.6849,282512.5
2026-08-15 02:45:00,0.685,0.6852,0.6847,0.6847,146274.6
2026-08-15 02:50:00,0.6847,0.6858,0.6847,0.6856,328753.0
2026-08-15 02:55:00,0.6856,0.6856,0.685,0.6851,178998.1
2026-08-15 03:00:00,0.6852,0.6861,0.6852,0.6861,553586.5
2026-08-15 03:05:00,0.6861,0.6875,0.6861,0.6874,603180.2
2026-08-15 03:10:00,0.6873,0.6881,0.6871,0.6873,643443.6
2026-08-15 03:15:00,0.6873,0.6886,0.6867,0.6877,614293.7
2026-08-15 03:20:00,0.6877,0.6878,0.686,0.686,825450.5
2026-08-15 03:25:00,0.686,0.6861,0.6856,0.6856,129813.8
2026-08-15 03:30:00,0.6856,0.6857,0.6848,0.6855,565347.1
2026-08-15 03:35:00,0.6855,0.6857,0.6846,0.6855,319018.4
2026-08-15 03:40:00,0.6854,0.6857,0.685,0.6853,306668.0
2026-08-15 03:45:00,0.6853,0.6858,0.6853,0.6855,264033.2
2026-08-15 03:50:00,0.6855,0.6857,0.6853,0.6855,84501.2
2026-08-15 03:55:00,0.6855,0.6856,0.6849,0.6854,76014.4
2026-08-15 04:00:00,0.6854,0.6859,0.6853,0.6853,147590.1
2026-08-15 04:05:00,0.6854,0.6855,0.6847,0.685,144175.8
2026-08-15 04:10:00,0.685,0.685,0.6843,0.6849,216156.6
2026-08-15 04:15:00,0.6849,0.6852,0.6848,0.6851,71070.4
2026-08-15 04:20:00,0.685,0.6854,0.6848,0.6853,115399.9
2026-08-15 04:25:00,0.6853,0.6859,0.6852,0.6854,213116.3
2026-08-15 04:30:00,0.6855,0.6855,0.6848,0.6849,128388.8
2026-08-15 04:35:00,0.6849,0.6855,0.6849,0.6855,106163.9
2026-08-15 04:40:00,0.6854,0.686,0.6853,0.686,61326.7
2026-08-15 04:45:00,0.6859,0.6861,0.6854,0.6855,123214.9
2026-08-15 04:50:00,0.6855,0.6858,0.6846,0.6858,348542.6
2026-08-15 04:55:00,0.6857,0.686,0.6855,0.6857,54400.9
2026-08-15 05:00:00,0.6857,0.6865,0.6857,0.6863,194845.5
2026-08-15 05:05:00,0.6862,0.6876,0.6862,0.6863,690684.0
2026-08-15 05:10:00,0.6863,0.6863,0.6856,0.6856,89677.3
2026-08-15 05:15:00,0.6856,0.6859,0.685,0.6855,378644.0
2026-08-15 05:20:00,0.6854,0.6855,0.6846,0.6846,371434.7
2026-08-15 05:25:00,0.6846,0.685,0.6843,0.6844,343023.6
2026-08-15 05:30:00,0.6844,0.6852,0.6841,0.6847,747156.9
2026-08-15 05:35:00,0.6846,0.6848,0.6836,0.684,1083029.6
2026-08-15 05:40:00,0.6839,0.6858,0.6834,0.6857,1354839.8
2026-08-15 05:45:00,0.6857,0.6867,0.6857,0.6863,428355.4
2026-08-15 05:50:00,0.6863,0.6865,0.6859,0.6863,237724.4
2026-08-15 05:55:00,0.6862,0.6863,0.6853,0.6859,313781.8
2026-08-15 06:00:00,0.6859,0.6861,0.6857,0.6858,133012.3
2026-08-15 06:05:00,0.6858,0.6862,0.6856,0.6862,160469.8
2026-08-15 06:10:00,0.6862,0.6867,0.685,0.6852,293420.9
2026-08-15 06:15:00,0.6853,0.6857,0.6852,0.6855,137064.3
2026-08-15 06:20:00,0.6855,0.686,0.6851,0.6851,123351.6
2026-08-15 06:25:00,0.6851,0.6855,0.6847,0.6847,105466.1
2026-08-15 06:30:00,0.6847,0.6852,0.6847,0.6847,124719.7
2026-08-15 06:35:00,0.6847,0.6852,0.6846,0.6851,81938.9
2026-08-15 06:40:00,0.6851,0.6853,0.6849,0.6849,152893.9
2026-08-15 06:45:00,0.6849,0.6851,0.6846,0.685,155779.6
2026-08-15 06:50:00,0.685,0.6856,0.6849,0.6856,68060.0
2026-08-15 06:55:00,0.6856,0.6857,0.6848,0.6848,110032.2
2026-08-15 07:00:00,0.6848,0.6848,0.6842,0.6842,134282.8
2026-08-15 07:05:00,0.6843,0.6844,0.6829,0.6832,351309.5
2026-08-15 07:10:00,0.6832,0.6835,0.6829,0.6834,113251.9
2026-08-15 07:15:00,0.6834,0.6837,0.6825,0.6826,301386.1
2026-08-15 07:20:00,0.6826,0.6828,0.6823,0.6823,207990.1
2026-08-15 07:25:00,0.6823,0.683,0.6823,0.6825,155853.4
2026-08-15 07:30:00,0.6825,0.6828,0.6819,0.6822,521621.1
2026-08-15 07:35:00,0.6821,0.6823,0.6819,0.6821,103995.1
2026-08-15 07:40:00,0.6821,0.6823,0.6818,0.6818,181891.7
2026-08-15 07:45:00,0.6818,0.682,0.6818,0.6819,65097.8
2026-08-15 07:50:00,0.6819,0.6828,0.6819,0.6825,328143.8
2026-08-15 07:55:00,0.6824,0.6827,0.682,0.6822,295231.3
2026-08-15 08:00:00,0.6822,0.6825,0.6818,0.6825,170580.1
2026-08-15 08:05:00,0.6824,0.6827,0.6823,0.6823,162890.8
2026-08-15 08:10:00,0.6824,0.6824,0.682,0.6821,112618.9
2026-08-15 08:15:00,0.6822,0.6824,0.682,0.6824,81769.1
2026-08-15 08:20:00,0.6824,0.6825,0.6821,0.6825,74983.6
2026-08-15 08:25:00,0.6824,0.6825,0.6819,0.6819,196184.6
2026-08-15 08:30:00,0.6819,0.6822,0.6812,0.6814,199705.4
2026-08-15 08:35:00,0.6813,0.6818,0.6812,0.6815,129275.1
2026-08-15 08:40:00,0.6816,0.6821,0.6815,0.682,140885.4
2026-08-15 08:45:00,0.6821,0.6828,0.682,0.6827,134588.5
2026-08-15 08:50:00,0.6827,0.6828,0.6819,0.6819,242668.1
2026-08-15 08:55:00,0.6819,0.682,0.681,0.6813,398555.6
2026-08-15 09:00:00,0.6814,0.6815,0.6807,0.6808,370304.2
2026-08-15 09:05:00,0.6808,0.6815,0.6808,0.6814,134367.5
2026-08-15 09:10:00,0.6813,0.6818,0.6813,0.6816,154450.8
2026-08-15 09:15:00,0.6817,0.6819,0.6815,0.6818,42850.3
2026-08-15 09:20:00,0.6818,0.6819,0.6816,0.6817,57745.5
2026-08-15 09:25:00,0.6817,0.6822,0.6817,0.682,94128.1
2026-08-15 09:30:00,0.6821,0.6822,0.6819,0.6821,112279.8
2026-08-15 09:35:00,0.682,0.6826,0.6818,0.6825,165163.9
2026-08-15 09:40:00,0.6825,0.6825,0.6821,0.6823,76297.8
2026-08-15 09:45:00,0.6823,0.683,0.6823,0.6825,189686.3
2026-08-15 09:50:00,0.6825,0.6826,0.6821,0.6824,267213.1
2026-08-15 09:55:00,0.6825,0.6836,0.6824,0.6834,669463.1
2026-08-15 10:00:00,0.6835,0.6838,0.6822,0.6828,523577.7
2026-08-15 10:05:00,0.6829,0.6837,0.6829,0.6836,291636.4
2026-08-15 10:10:00,0.6836,0.6841,0.6836,0.6841,114426.6
2026-08-15 10:15:00,0.6841,0.6842,0.6838,0.6841,97803.3
2026-08-15 10:20:00,0.6842,0.6844,0.6837,0.6838,170038.4
2026-08-15 10:25:00,0.6837,0.684,0.6837,0.6837,41089.6
2026-08-15 10:30:00,0.6837,0.6842,0.6836,0.6837,332506.9
2026-08-15 10:35:00,0.6837,0.6837,0.683,0.6831,71253.7
2026-08-15 10:40:00,0.6831,0.6833,0.6829,0.6831,169214.6
2026-08-15 10:45:00,0.6831,0.6836,0.6831,0.6831,87143.8
2026-08-15 10:50:00,0.6831,0.6832,0.6826,0.6827,163167.8
2026-08-15 10:55:00,0.6827,0.683,0.6824,0.6829,131203.2
2026-08-15 11:00:00,0.6829,0.6829,0.6826,0.6826,151802.3
2026-08-15 11:05:00,0.6827,0.6828,0.6826,0.6827,57893.4
2026-08-15 11:10:00,0.6827,0.6827,0.6825,0.6825,23045.4
2026-08-15 11:15:00,0.6825,0.6829,0.6825,0.6825,73307.0
2026-08-15 11:20:00,0.6825,0.6826,0.6823,0.6823,108130.2
2026-08-15 11:25:00,0.6823,0.6825,0.6821,0.6822,138504.0
2026-08-15 11:30:00,0.6823,0.6824,0.6822,0.6823,66650.1
2026-08-15 11:35:00,0.6822,0.6825,0.6821,0.6825,138045.6
2026-08-15 11:40:00,0.6825,0.6825,0.6822,0.6824,73765.0
2026-08-15 11:45:00,0.6825,0.6825,0.6818,0.6818,89729.4
2026-08-15 11:50:00,0.6818,0.6823,0.6818,0.682,63251.8
2026-08-15 11:55:00,0.682,0.682,0.6816,0.6816,175230.6
2026-08-15 12:00:00,0.6816,0.6819,0.6816,0.6817,126556.4
2026-08-15 12:05:00,0.6817,0.6818,0.6814,0.6816,108007.6
2026-08-15 12:10:00,0.6816,0.6817,0.6816,0.6816,33046.1
2026-08-15 12:15:00,0.6817,0.6819,0.6816,0.6817,45781.8
2026-08-15 12:20:00,0.6817,0.6818,0.6813,0.6816,162863.9
2026-08-15 12:25:00,0.6815,0.682,0.6814,0.6816,178834.5
2026-08-15 12:30:00,0.6816,0.6823,0.6814,0.6823,282212.1
2026-08-15 12:35:00,0.6822,0.6824,0.6819,0.6823,49196.1
2026-08-15 12:40:00,0.6822,0.6825,0.682,0.6821,76005.9
2026-08-15 12:45:00,0.6821,0.6825,0.6821,0.6825,26611.6
2026-08-15 12:50:00,0.6824,0.6825,0.6822,0.6824,75063.3
2026-08-15 12:55:00,0.6825,0.6832,0.6824,0.6831,190709.5
2026-08-15 13:00:00,0.6831,0.6839,0.6829,0.6839,198820.0
2026-08-15 13:05:00,0.6839,0.6839,0.6831,0.6831,295174.4
2026-08-15 13:10:00,0.6832,0.684,0.6831,0.6839,67160.5
2026-08-15 13:15:00,0.684,0.684,0.6831,0.6834,192391.9
2026-08-15 13:20:00,0.6834,0.6834,0.6831,0.6833,93274.0
2026-08-15 13:25:00,0.6832,0.6833,0.6831,0.6832,38765.0
2026-08-15 13:30:00,0.6833,0.6833,0.6825,0.683,164271.5
2026-08-15 13:35:00,0.683,0.6832,0.6822,0.6827,362690.7
2026-08-15 13:40:00,0.6828,0.6828,0.6825,0.6826,29609.6
2026-08-15 13:45:00,0.6826,0.6835,0.6824,0.6825,544980.1
2026-08-15 13:50:00,0.6826,0.6829,0.6826,0.6828,38812.0
2026-08-15 13:55:00,0.6827,0.6829,0.6823,0.6827,234559.3
2026-08-15 14:00:00,0.6827,0.6828,0.6819,0.682,297657.0
2026-08-15 14:05:00,0.682,0.6822,0.6819,0.6822,103172.3
2026-08-15 14:10:00,0.6821,0.6824,0.6819,0.6823,71437.5
2026-08-15 14:15:00,0.6824,0.6824,0.6817,0.6819,206158.2
2026-08-15 14:20:00,0.6819,0.682,0.6815,0.6816,234282.5
2026-08-15 14:25:00,0.6817,0.6818,0.6816,0.6817,31017.5
2026-08-15 14:30:00,0.6818,0.6824,0.6817,0.6824,179900.1
2026-08-15 14:35:00,0.6824,0.6826,0.6821,0.6823,68825.7
2026-08-15 14:40:00,0.6823,0.6824,0.682,0.6821,95108.4
2026-08-15 14:45:00,0.6821,0.6825,0.6819,0.6825,71472.3
2026-08-15 14:50:00,0.6825,0.6829,0.6824,0.6826,84561.9
2026-08-15 14:55:00,0.6825,0.6828,0.6823,0.6823,74915.2
2026-08-15 15:00:00,0.6823,0.6826,0.6821,0.6825,74854.4
2026-08-15 15:05:00,0.6825,0.6826,0.6821,0.6822,68873.8
2026-08-15 15:10:00,0.6822,0.6824,0.6821,0.6822,75265.3
2026-08-15 15:15:00,0.6822,0.6827,0.6821,0.6826,69752.7
2026-08-15 15:20:00,0.6826,0.6827,0.6819,0.682,81438.7
2026-08-15 15:25:00,0.682,0.6823,0.682,0.6822,60422.2
2026-08-15 15:30:00,0.6822,0.6829,0.6821,0.6827,124865.4
2026-08-15 15:35:00,0.6828,0.6833,0.6827,0.6833,83494.3
2026-08-15 15:40:00,0.6832,0.6833,0.683,0.683,56036.4
2026-08-15 15:45:00,0.683,0.6834,0.683,0.6834,52011.0
2026-08-15 15:50:00,0.6834,0.6836,0.6831,0.6833,170758.3
2026-08-15 15:55:00,0.6833,0.6835,0.6832,0.6834,64853.7
2026-08-15 16:00:00,0.6834,0.6837,0.6832,0.6832,174233.9
2026-08-15 16:05:00,0.6832,0.6833,0.6828,0.6833,225518.8
2026-08-15 16:10:00,0.6833,0.6836,0.6831,0.6832,102180.1
2026-08-15 16:15:00,0.6832,0.6833,0.6825,0.683,188998.8
2026-08-15 16:20:00,0.6829,0.6832,0.6828,0.6832,84042.2
2026-08-15 16:25:00,0.6831,0.6833,0.6827,0.6827,125568.8
2026-08-15 16:30:00,0.6828,0.6828,0.6822,0.6822,68843.5
2026-08-15 16:35:00,0.6822,0.6827,0.6821,0.6825,143669.5
2026-08-15 16:40:00,0.6824,0.6825,0.6822,0.6822,26266.9
2026-08-15 16:45:00,0.6822,0.6825,0.6822,0.6825,77496.1
2026-08-15 16:50:00,0.6824,0.6827,0.6824,0.6826,83164.0
2026-08-15 16:55:00,0.6827,0.6828,0.6826,0.6828,35759.4
2026-08-15 17:00:00,0.6827,0.683,0.6825,0.6828,177410.6
2026-08-15 17:05:00,0.6828,0.683,0.6827,0.6828,172129.2
2026-08-15 17:10:00,0.6828,0.6831,0.6828,0.6831,117565.7
2026-08-15 17:15:00,0.683,0.6834,0.6828,0.6829,101480.6
2026-08-15 17:20:00,0.683,0.6831,0.6823,0.6824,215206.0
2026-08-15 17:25:00,0.6824,0.6824,0.6818,0.6819,152122.2
2026-08-15 17:30:00,0.6818,0.682,0.6815,0.6818,259540.5
2026-08-15 17:35:00,0.6817,0.6819,0.6815,0.6816,191337.9
2026-08-15 17:40:00,0.6816,0.6819,0.6816,0.6818,59859.7
2026-08-15 17:45:00,0.6818,0.6819,0.6816,0.6817,59008.7
2026-08-15 17:50:00,0.6816,0.682,0.6816,0.6819,241285.5
2026-08-15 17:55:00,0.6818,0.6821,0.6813,0.6813,360490.4
2026-08-15 18:00:00,0.6813,0.6814,0.6812,0.6814,102332.7
2026-08-15 18:05:00,0.6813,0.6816,0.6811,0.6812,262734.1
2026-08-15 18:10:00,0.6811,0.6814,0.6795,0.6804,937337.6
2026-08-15 18:15:00,0.6805,0.6808,0.6793,0.6794,275463.8
2026-08-15 18:20:00,0.6795,0.6795,0.6783,0.6785,707191.5
2026-08-15 18:25:00,0.6785,0.6787,0.6778,0.6787,415980.7
2026-08-15 18:30:00,0.6787,0.6797,0.6786,0.6797,243741.2
2026-08-15 18:35:00,0.6797,0.6802,0.6796,0.68,548977.2
2026-08-15 18:40:00,0.68,0.6805,0.68,0.6804,111146.7
2026-08-15 18:45:00,0.6804,0.6807,0.6804,0.6806,35247.7
2026-08-15 18:50:00,0.6807,0.6807,0.6802,0.6803,83757.1
2026-08-15 18:55:00,0.6802,0.6802,0.68,0.68,148429.3
2026-08-15 19:00:00,0.68,0.6801,0.6799,0.6799,65493.7
2026-08-15 19:05:00,0.6799,0.6806,0.6799,0.6805,160508.9
2026-08-15 19:10:00,0.6805,0.6806,0.6804,0.6804,38250.3
2026-08-15 19:15:00,0.6804,0.6808,0.6804,0.6808,51401.8
2026-08-15 19:20:00,0.6808,0.6812,0.6807,0.6812,121076.0
2026-08-15 19:25:00,0.6812,0.6812,0.6808,0.6808,111758.8
2026-08-15 19:30:00,0.6809,0.681,0.6807,0.6807,98817.5
2026-08-15 19:35:00,0.6807,0.6811,0.6807,0.681,71597.7
2026-08-15 19:40:00,0.6811,0.6812,0.681,0.6811,16537.6
2026-08-15 19:45:00,0.6812,0.6814,0.6811,0.6813,19516.1
2026-08-15 19:50:00,0.6813,0.6815,0.6813,0.6815,72860.5
2026-08-15 19:55:00,0.6815,0.6816,0.6814,0.6814,28328.2
2026-08-15 20:00:00,0.6815,0.6815,0.6812,0.6813,211260.9
2026-08-15 20:05:00,0.6813,0.6814,0.6809,0.6812,146199.1
2026-08-15 20:10:00,0.6811,0.6813,0.681,0.6811,205100.2
2026-08-15 20:15:00,0.6811,0.6811,0.6807,0.6809,60107.2
2026-08-15 20:20:00,0.6809,0.681,0.6804,0.6805,64579.9
2026-08-15 20:25:00,0.6804,0.6806,0.6804,0.6805,67119.3
2026-08-15 20:30:00,0.6805,0.6805,0.68,0.68,189258.8
2026-08-15 20:35:00,0.68,0.68,0.6788,0.6798,2421183.3
2026-08-15 20:40:00,0.6798,0.6798,0.6796,0.6798,39802.9
2026-08-15 20:45:00,0.6797,0.6799,0.6797,0.6797,123430.8
2026-08-15 20:50:00,0.6798,0.6798,0.6795,0.6795,58570.9
2026-08-15 20:55:00,0.6795,0.6807,0.6794,0.6797,867376.0
2026-08-15 21:00:00,0.6796,0.6802,0.6794,0.6802,120615.6
2026-08-15 21:05:00,0.6802,0.6804,0.6801,0.6803,106740.0
2026-08-15 21:10:00,0.6803,0.6808,0.6802,0.6806,91091.6
2026-08-15 21:15:00,0.6805,0.6807,0.6803,0.6804,118115.3
2026-08-15 21:20:00,0.6803,0.6808,0.6803,0.6808,57993.0
2026-08-15 21:25:00,0.6807,0.6808,0.6804,0.6806,168182.3
2026-08-15 21:30:00,0.6806,0.6807,0.6805,0.6805,30314.4
2026-08-15 21:35:00,0.6805,0.6809,0.6805,0.6807,102478.4
2026-08-15 21:40:00,0.6807,0.6812,0.6807,0.6811,144276.1
2026-08-15 21:45:00,0.6811,0.6812,0.681,0.6811,55419.7
2026-08-15 21:50:00,0.6811,0.6812,0.6807,0.6809,95671.9
2026-08-15 21:55:00,0.6808,0.6809,0.6807,0.6807,31649.3
2026-08-15 22:00:00,0.6807,0.6808,0.6797,0.6805,554778.7
2026-08-15 22:05:00,0.6804,0.6805,0.6802,0.6805,117393.4
2026-08-15 22:10:00,0.6805,0.6814,0.6804,0.6806,284564.4
2026-08-15 22:15:00,0.6806,0.6807,0.6801,0.6802,157852.6
2026-08-15 22:20:00,0.6803,0.6807,0.6801,0.6807,38038.0
2026-08-15 22:25:00,0.6806,0.6808,0.6805,0.6805,74637.2
2026-08-15 22:30:00,0.6805,0.6808,0.6805,0.6807,134626.7
2026-08-15 22:35:00,0.6807,0.6808,0.6799,0.6802,246119.1
2026-08-15 22:40:00,0.6802,0.6807,0.6802,0.6807,142407.2
2026-08-15 22:45:00,0.6807,0.6813,0.6807,0.6808,174926.2
2026-08-15 22:50:00,0.6807,0.6808,0.6803,0.6804,42801.4
2026-08-15 22:55:00,0.6804,0.6804,0.6796,0.6797,360270.0
2026-08-15 23:00:00,0.6796,0.6797,0.6792,0.6795,318349.1
2026-08-15 23:05:00,0.6794,0.6794,0.6788,0.6789,299611.9
2026-08-15 23:10:00,0.679,0.679,0.6765,0.6785,1703064.7
2026-08-15 23:15:00,0.6784,0.6785,0.6779,0.6782,409024.7
2026-08-15 23:20:00,0.6782,0.6782,0.677,0.6774,225987.2
2026-08-15 23:25:00,0.6774,0.6776,0.6769,0.6775,240649.4
2026-08-15 23:30:00,0.6775,0.6776,0.6769,0.6772,201658.9
2026-08-15 23:35:00,0.6772,0.6778,0.6772,0.6778,123068.9
2026-08-15 23:40:00,0.6778,0.6778,0.677,0.6771,148942.7
2026-08-15 23:45:00,0.6772,0.6772,0.6768,0.6768,160876.5
2026-08-15 23:50:00,0.6768,0.677,0.6766,0.6766,362682.1
2026-08-15 23:55:00,0.6766,0.6773,0.6765,0.6772,384814.1
2026-08-16 00:00:00,0.6771,0.6772,0.6764,0.6767,496789.5
2026-08-16 00:05:00,0.6768,0.6768,0.6762,0.6763,182026.9
2026-08-16 00:10:00,0.6763,0.6767,0.6763,0.6764,248305.7
2026-08-16 00:15:00,0.6764,0.677,0.6764,0.6764,664595.7
2026-08-16 00:20:00,0.6764,0.677,0.6763,0.677,286335.1
2026-08-16 00:25:00,0.6769,0.6775,0.6768,0.6769,224339.3
2026-08-16 00:30:00,0.6769,0.677,0.6762,0.6767,244823.5
2026-08-16 00:35:00,0.6767,0.6773,0.6765,0.6772,175386.4
2026-08-16 00:40:00,0.6771,0.6776,0.6771,0.6776,246419.3
2026-08-16 00:45:00,0.6776,0.6781,0.6769,0.6773,266275.1
2026-08-16 00:50:00,0.6774,0.6775,0.6771,0.6775,148605.3
2026-08-16 00:55:00,0.6775,0.6778,0.6774,0.6776,91154.1
2026-08-16 01:00:00,0.6776,0.6778,0.6772,0.6776,243704.0
2026-08-16 01:05:00,0.6775,0.6778,0.6768,0.6769,160287.2
2026-08-16 01:10:00,0.6769,0.677,0.6765,0.6768,179519.2
2026-08-16 01:15:00,0.6768,0.6772,0.6768,0.6769,66146.4
2026-08-16 01:20:00,0.6769,0.677,0.6764,0.6769,112690.5
2026-08-16 01:25:00,0.6768,0.6768,0.6756,0.6756,545534.5
2026-08-16 01:30:00,0.6755,0.6761,0.6752,0.6755,632466.4
2026-08-16 01:35:00,0.6755,0.6755,0.6742,0.6743,660227.4
2026-08-16 01:40:00,0.6744,0.6762,0.6744,0.6762,228540.9
2026-08-16 01:45:00,0.6762,0.6763,0.676,0.676,197118.0
2026-08-16 01:50:00,0.6761,0.6761,0.6749,0.675,329616.2
2026-08-16 01:55:00,0.675,0.6755,0.675,0.6755,216258.2
2026-08-16 02:00:00,0.6755,0.6756,0.6748,0.675,394273.3
2026-08-16 02:05:00,0.675,0.6752,0.6748,0.6749,115644.3
2026-08-16 02:10:00,0.6748,0.6748,0.6743,0.6744,159579.0
2026-08-16 02:15:00,0.6743,0.6745,0.6736,0.6744,422305.4
2026-08-16 02:20:00,0.6743,0.676,0.6743,0.6759,700086.0
2026-08-16 02:25:00,0.6759,0.6766,0.6758,0.6764,624179.7
2026-08-16 02:30:00,0.6763,0.6772,0.6762,0.6767,306872.9
2026-08-16 02:35:00,0.6767,0.6772,0.6764,0.6772,499662.0
2026-08-16 02:40:00,0.6772,0.6773,0.6769,0.6772,200870.8
2026-08-16 02:45:00,0.6771,0.6774,0.6758,0.676,831192.4
2026-08-16 02:50:00,0.6759,0.6759,0.6754,0.6756,368414.8
2026-08-16 02:55:00,0.6757,0.6761,0.6756,0.676,194599.0
2026-08-16 03:00:00,0.6759,0.6764,0.6756,0.6764,386226.5
2026-08-16 03:05:00,0.6764,0.6766,0.676,0.6765,98547.1
2026-08-16 03:10:00,0.6765,0.6768,0.6763,0.6766,82654.8
2026-08-16 03:15:00,0.6766,0.6776,0.6765,0.6771,728572.0
2026-08-16 03:20:00,0.6771,0.6773,0.6766,0.6767,465913.0
2026-08-16 03:25:00,0.6766,0.6767,0.6764,0.6767,84228.9
2026-08-16 03:30:00,0.6766,0.6769,0.6764,0.6769,86559.0
2026-08-16 03:35:00,0.6768,0.6769,0.6765,0.6769,191317.5
2026-08-16 03:40:00,0.6768,0.6769,0.6764,0.6765,217451.0
2026-08-16 03:45:00,0.6765,0.6766,0.6763,0.6763,67823.2
2026-08-16 03:50:00,0.6763,0.6764,0.6759,0.6759,153801.8
2026-08-16 03:55:00,0.6759,0.6761,0.6758,0.6758,159787.5
2026-08-16 04:00:00,0.6759,0.6762,0.6756,0.6761,232937.3
2026-08-16 04:05:00,0.6761,0.6764,0.6751,0.6756,375191.4
2026-08-16 04:10:00,0.6755,0.6756,0.6753,0.6754,72702.7
2026-08-16 04:15:00,0.6753,0.676,0.675,0.6759,203649.1
2026-08-16 04:20:00,0.6758,0.6763,0.6755,0.6763,128757.9
2026-08-16 04:25:00,0.6762,0.6764,0.6759,0.6762,93615.8
2026-08-16 04:30:00,0.6762,0.6763,0.6752,0.6752,167783.3
2026-08-16 04:35:00,0.6752,0.6758,0.6752,0.6757,75462.7
2026-08-16 04:40:00,0.6758,0.6761,0.6757,0.6761,87967.8
2026-08-16 04:45:00,0.676,0.6761,0.676,0.6761,13033.9
2026-08-16 04:50:00,0.6761,0.6762,0.676,0.6761,53100.9
2026-08-16 04:55:00,0.6761,0.6761,0.6755,0.6759,139700.4
2026-08-16 05:00:00,0.6758,0.6763,0.6756,0.6763,73767.8
2026-08-16 05:05:00,0.6762,0.6765,0.676,0.6764,108929.1
2026-08-16 05:10:00,0.6765,0.6765,0.676,0.6761,52498.8
2026-08-16 05:15:00,0.6761,0.6761,0.6748,0.6748,260191.7
2026-08-16 05:20:00,0.6748,0.6749,0.6747,0.6749,233903.3
2026-08-16 05:25:00,0.6748,0.6749,0.6744,0.6744,164937.1
2026-08-16 05:30:00,0.6745,0.6748,0.6742,0.6747,156041.5
2026-08-16 05:35:00,0.6747,0.675,0.6745,0.6748,168987.2
2026-08-16 05:40:00,0.6748,0.6749,0.6744,0.6747,164489.3
2026-08-16 05:45:00,0.6748,0.675,0.6746,0.6747,93396.8
2026-08-16 05:50:00,0.6747,0.6749,0.6744,0.6744,109132.8
2026-08-16 05:55:00,0.6744,0.6748,0.674,0.6742,456340.4
2026-08-16 06:00:00,0.6742,0.6747,0.6741,0.6745,239711.2
2026-08-16 06:05:00,0.6745,0.6746,0.674,0.6741,134196.6
2026-08-16 06:10:00,0.674,0.6741,0.673,0.6735,603888.4
2026-08-16 06:15:00,0.6735,0.6736,0.6723,0.673,617387.4
2026-08-16 06:20:00,0.6729,0.673,0.6726,0.6729,261266.6
2026-08-16 06:25:00,0.6729,0.6739,0.6725,0.6739,318115.5
2026-08-16 06:30:00,0.6739,0.6744,0.6736,0.6741,337021.4
2026-08-16 06:35:00,0.6741,0.675,0.674,0.6749,326800.4
2026-08-16 06:40:00,0.6749,0.6755,0.6748,0.6755,216652.3
2026-08-16 06:45:00,0.6755,0.6762,0.675,0.675,916664.9
2026-08-16 06:50:00,0.675,0.6751,0.6746,0.6747,224968.6
2026-08-16 06:55:00,0.6747,0.6748,0.6744,0.6748,206853.6
2026-08-16 07:00:00,0.6747,0.6752,0.6745,0.6752,357468.5
2026-08-16 07:05:00,0.6752,0.6756,0.6751,0.6755,148611.2
2026-08-16 07:10:00,0.6755,0.676,0.6754,0.6758,184883.8
2026-08-16 07:15:00,0.6757,0.6761,0.6757,0.676,70611.0
2026-08-16 07:20:00,0.6759,0.6762,0.6758,0.6759,149774.9
2026-08-16 07:25:00,0.6758,0.6766,0.6758,0.6764,227809.1
2026-08-16 07:30:00,0.6765,0.6767,0.676,0.6762,240263.5
2026-08-16 07:35:00,0.6763,0.6768,0.6763,0.6767,150510.9
2026-08-16 07:40:00,0.6767,0.6767,0.6763,0.6767,131239.9
2026-08-16 07:45:00,0.6766,0.6768,0.6766,0.6768,154827.6
2026-08-16 07:50:00,0.6768,0.6773,0.6767,0.677,171750.7
2026-08-16 07:55:00,0.677,0.6772,0.6769,0.6772,140695.3
2026-08-16 08:00:00,0.6772,0.6774,0.6766,0.6769,1251238.5
2026-08-16 08:05:00,0.677,0.677,0.6765,0.6769,110194.8
2026-08-16 08:10:00,0.6768,0.6769,0.6768,0.6768,20899.1
2026-08-16 08:15:00,0.6768,0.6771,0.6767,0.6768,105682.6
2026-08-16 08:20:00,0.6767,0.677,0.6767,0.6769,45636.6
2026-08-16 08:25:00,0.6769,0.6772,0.6768,0.6768,106913.7
2026-08-16 08:30:00,0.6768,0.677,0.6766,0.6769,101030.8
2026-08-16 08:35:00,0.677,0.6771,0.6769,0.677,21221.0
2026-08-16 08:40:00,0.677,0.6772,0.6769,0.677,215507.1
2026-08-16 08:45:00,0.6771,0.6771,0.6769,0.6771,40560.6
2026-08-16 08:50:00,0.6772,0.6774,0.677,0.6774,88491.3
2026-08-16 08:55:00,0.6773,0.6775,0.6773,0.6774,29424.0
2026-08-16 09:00:00,0.6774,0.6776,0.6774,0.6775,69169.8
2026-08-16 09:05:00,0.6776,0.6776,0.6773,0.6773,118962.2
2026-08-16 09:10:00,0.6773,0.6777,0.6773,0.6776,84406.8
2026-08-16 09:15:00,0.6777,0.678,0.6773,0.6778,192378.9
2026-08-16 09:20:00,0.6777,0.6782,0.6777,0.678,330685.6
2026-08-16 09:25:00,0.6779,0.6783,0.6775,0.6777,487603.7
2026-08-16 09:30:00,0.6778,0.6778,0.6773,0.6774,95196.8
2026-08-16 09:35:00,0.6774,0.6775,0.6766,0.6768,410144.7
2026-08-16 09:40:00,0.6769,0.6769,0.6752,0.6766,2393207.7
2026-08-16 09:45:00,0.6767,0.6777,0.6765,0.6777,346134.7
2026-08-16 09:50:00,0.6776,0.6779,0.6774,0.6775,124420.2
2026-08-16 09:55:00,0.6774,0.6776,0.6763,0.6765,244896.8
2026-08-16 10:00:00,0.6765,0.6767,0.6758,0.6765,517463.2
2026-08-16 10:05:00,0.6765,0.6767,0.6761,0.6767,140683.1
2026-08-16 10:10:00,0.6766,0.6768,0.6761,0.6764,113417.1
2026-08-16 10:15:00,0.6764,0.6767,0.6764,0.6764,49711.6
2026-08-16 10:20:00,0.6764,0.6767,0.6764,0.6765,97878.8
2026-08-16 10:25:00,0.6766,0.6769,0.6765,0.6768,261489.9
2026-08-16 10:30:00,0.6768,0.6769,0.6766,0.6769,44139.6
2026-08-16 10:35:00,0.6769,0.677,0.6766,0.6767,55717.1
2026-08-16 10:40:00,0.6767,0.6769,0.6767,0.6768,105166.5
2026-08-16 10:45:00,0.6768,0.6773,0.6768,0.6773,60956.7
2026-08-16 10:50:00,0.6772,0.6774,0.6771,0.6773,87921.7
2026-08-16 10:55:00,0.6772,0.6773,0.6771,0.6772,65911.4
2026-08-16 11:00:00,0.6772,0.678,0.6772,0.6776,336353.9
2026-08-16 11:05:00,0.6777,0.6777,0.6774,0.6775,43713.1
2026-08-16 11:10:00,0.6776,0.6779,0.6774,0.6779,114708.5
2026-08-16 11:15:00,0.6779,0.678,0.6777,0.6779,237492.2
2026-08-16 11:20:00,0.6778,0.6779,0.6775,0.6776,131984.4
2026-08-16 11:25:00,0.6776,0.6778,0.6775,0.6777,106124.9
2026-08-16 11:30:00,0.6778,0.6782,0.6777,0.6782,72743.3
2026-08-16 11:35:00,0.6782,0.6786,0.678,0.6782,124381.5
2026-08-16 11:40:00,0.6782,0.6782,0.6778,0.6778,46350.1
2026-08-16 11:45:00,0.6779,0.6779,0.6766,0.6768,1134772.4
2026-08-16 11:50:00,0.6768,0.677,0.6765,0.6766,234504.7
2026-08-16 11:55:00,0.6766,0.6769,0.676,0.6764,397144.0
2026-08-16 12:00:00,0.6764,0.6765,0.6761,0.6761,349115.9
2026-08-16 12:05:00,0.6762,0.6763,0.6761,0.6762,107293.7
2026-08-16 12:10:00,0.6761,0.6762,0.6756,0.6758,330492.3
2026-08-16 12:15:00,0.6759,0.6763,0.6757,0.6762,154032.3
2026-08-16 12:20:00,0.6762,0.6768,0.6762,0.6768,85641.7
2026-08-16 12:25:00,0.6768,0.6771,0.6767,0.677,22492.8
2026-08-16 12:30:00,0.677,0.6771,0.6764,0.6765,277489.5
2026-08-16 12:35:00,0.6766,0.6771,0.6765,0.677,46390.2
2026-08-16 12:40:00,0.6771,0.6771,0.6766,0.6769,301424.6
2026-08-16 12:45:00,0.677,0.6775,0.6769,0.6774,78641.7
2026-08-16 12:50:00,0.6775,0.6777,0.6773,0.6777,102768.3
2026-08-16 12:55:00,0.6777,0.6779,0.6776,0.6778,140870.7
2026-08-16 13:00:00,0.6778,0.6781,0.6778,0.6778,193353.9
2026-08-16 13:05:00,0.6778,0.6782,0.6778,0.6781,59702.7
2026-08-16 13:10:00,0.678,0.6782,0.6777,0.6777,163145.9
2026-08-16 13:15:00,0.6777,0.6788,0.6777,0.6784,243346.3
2026-08-16 13:20:00,0.6784,0.6785,0.678,0.6781,197564.6
2026-08-16 13:25:00,0.6781,0.6783,0.6781,0.6782,30405.0
2026-08-16 13:30:00,0.6782,0.6783,0.6779,0.678,106962.2
2026-08-16 13:35:00,0.678,0.6781,0.6777,0.6777,66645.0
2026-08-16 13:40:00,0.6778,0.6779,0.6777,0.6778,84953.8
2026-08-16 13:45:00,0.6777,0.6781,0.6775,0.6781,97852.2
2026-08-16 13:50:00,0.6782,0.6782,0.678,0.6781,122727.9
2026-08-16 13:55:00,0.6781,0.6783,0.6781,0.6782,44399.4
2026-08-16 14:00:00,0.6781,0.6783,0.6779,0.6779,239912.6
2026-08-16 14:05:00,0.6779,0.678,0.6776,0.6776,43563.6
2026-08-16 14:10:00,0.6777,0.6778,0.6776,0.6778,125476.2
2026-08-16 14:15:00,0.6777,0.6785,0.6777,0.6784,125860.7
2026-08-16 14:20:00,0.6785,0.6791,0.6784,0.679,328295.9
2026-08-16 14:25:00,0.679,0.6796,0.6785,0.6785,675883.6
2026-08-16 14:30:00,0.6785,0.6789,0.6785,0.6788,141928.2
2026-08-16 14:35:00,0.6788,0.6788,0.6783,0.6784,156217.4
2026-08-16 14:40:00,0.6785,0.6788,0.6785,0.6787,97945.0
2026-08-16 14:45:00,0.6787,0.6788,0.6787,0.6788,43616.0
2026-08-16 14:50:00,0.6789,0.679,0.6788,0.6788,90313.0
2026-08-16 14:55:00,0.6789,0.6789,0.6788,0.6789,25773.7
2026-08-16 15:00:00,0.6788,0.6791,0.6782,0.6788,413331.5
2026-08-16 15:05:00,0.6789,0.6789,0.6783,0.6783,253051.0
2026-08-16 15:10:00,0.6784,0.6786,0.6783,0.6784,136225.0
2026-08-16 15:15:00,0.6784,0.6787,0.6783,0.6783,305881.8
2026-08-16 15:20:00,0.6784,0.6785,0.6783,0.6784,96099.3
2026-08-16 15:25:00,0.6783,0.6792,0.6783,0.6792,373448.8
2026-08-16 15:30:00,0.6792,0.6793,0.6787,0.6787,157157.9
2026-08-16 15:35:00,0.6788,0.6795,0.6787,0.6793,221031.8
2026-08-16 15:40:00,0.6794,0.6794,0.6788,0.6788,174270.2
2026-08-16 15:45:00,0.6789,0.6804,0.6789,0.6803,476088.1
2026-08-16 15:50:00,0.6803,0.6807,0.6798,0.6799,509479.0
2026-08-16 15:55:00,0.6799,0.6805,0.6798,0.68,254715.7
2026-08-16 16:00:00,0.68,0.6804,0.6798,0.68,408199.9
2026-08-16 16:05:00,0.6799,0.68,0.6798,0.6798,57086.6
2026-08-16 16:10:00,0.6799,0.6806,0.6798,0.6803,300999.6
2026-08-16 16:15:00,0.6803,0.6816,0.6803,0.6808,617624.7
2026-08-16 16:20:00,0.6808,0.6808,0.6801,0.6805,348383.3
2026-08-16 16:25:00,0.6805,0.6807,0.6798,0.6799,426082.5
2026-08-16 16:30:00,0.68,0.6807,0.6799,0.6806,294761.2
2026-08-16 16:35:00,0.6807,0.6808,0.6789,0.679,401085.8
2026-08-16 16:40:00,0.6791,0.6791,0.6785,0.6787,286547.2
2026-08-16 16:45:00,0.6787,0.6791,0.6787,0.679,245571.8
2026-08-16 16:50:00,0.6789,0.679,0.6783,0.6787,394290.0
2026-08-16 16:55:00,0.6788,0.679,0.6786,0.6787,196250.6
2026-08-16 17:00:00,0.6786,0.6788,0.678,0.6784,224714.6
2026-08-16 17:05:00,0.6784,0.6786,0.6781,0.6781,172890.9
2026-08-16 17:10:00,0.6781,0.6783,0.6779,0.6782,219179.0
2026-08-16 17:15:00,0.6782,0.6784,0.6778,0.678,236914.8
2026-08-16 17:20:00,0.6779,0.6785,0.6779,0.6781,128909.7
2026-08-16 17:25:00,0.6782,0.6782,0.6778,0.6778,116436.7
2026-08-16 17:30:00,0.6778,0.678,0.6768,0.6769,431879.8
2026-08-16 17:35:00,0.677,0.6776,0.6768,0.6775,111481.8
2026-08-16 17:40:00,0.6775,0.6777,0.6766,0.6767,295562.1
2026-08-16 17:45:00,0.6766,0.677,0.6766,0.6769,95605.5
2026-08-16 17:50:00,0.6769,0.6774,0.6769,0.6774,90139.1
2026-08-16 17:55:00,0.6774,0.6774,0.6769,0.6771,64300.2
2026-08-16 18:00:00,0.677,0.6771,0.6764,0.6765,226473.8
2026-08-16 18:05:00,0.6765,0.6767,0.6761,0.6764,262587.3
2026-08-16 18:10:00,0.6763,0.6764,0.6754,0.6763,464182.4
2026-08-16 18:15:00,0.6763,0.6764,0.6758,0.6761,135637.3
2026-08-16 18:20:00,0.6762,0.6764,0.6757,0.6758,119101.5
2026-08-16 18:25:00,0.6758,0.6758,0.6751,0.6755,279225.6
2026-08-16 18:30:00,0.6755,0.6757,0.6753,0.6756,122909.5
2026-08-16 18:35:00,0.6756,0.6759,0.6756,0.6758,76352.9
2026-08-16 18:40:00,0.6758,0.6759,0.6755,0.6757,77933.6
2026-08-16 18:45:00,0.6757,0.676,0.6757,0.6759,65361.6
2026-08-16 18:50:00,0.6759,0.6759,0.6756,0.6756,64057.3
2026-08-16 18:55:00,0.6756,0.6758,0.6753,0.6754,98862.4
2026-08-16 19:00:00,0.6754,0.676,0.6753,0.6759,248041.5
2026-08-16 19:05:00,0.6759,0.6767,0.6759,0.6764,111662.7
2026-08-16 19:10:00,0.6765,0.6767,0.6763,0.6765,154051.2
2026-08-16 19:15:00,0.6765,0.6768,0.6764,0.6768,50040.5
2026-08-16 19:20:00,0.6767,0.6773,0.6767,0.6773,186445.8
2026-08-16 19:25:00,0.6773,0.6776,0.6771,0.6776,183235.7
2026-08-16 19:30:00,0.6776,0.6778,0.6774,0.6776,111254.8
2026-08-16 19:35:00,0.6776,0.6779,0.6775,0.6779,148796.1
2026-08-16 19:40:00,0.6779,0.6781,0.677,0.6772,140098.2
2026-08-16 19:45:00,0.6772,0.6774,0.6768,0.6768,89706.2
2026-08-16 19:50:00,0.6768,0.6774,0.6768,0.6769,144195.1
2026-08-16 19:55:00,0.677,0.677,0.6764,0.6765,85208.5
2026-08-16 20:00:00,0.6764,0.6772,0.6764,0.6768,459994.3
2026-08-16 20:05:00,0.6769,0.6778,0.6765,0.6767,870631.1
2026-08-16 20:10:00,0.6767,0.6775,0.6766,0.6772,294699.5
2026-08-16 20:15:00,0.6772,0.6773,0.677,0.6771,335383.7
2026-08-16 20:20:00,0.6771,0.6772,0.677,0.6771,204435.8
2026-08-16 20:25:00,0.6771,0.6771,0.676,0.6762,1094076.2
2026-08-16 20:30:00,0.6762,0.6763,0.6758,0.6759,549672.2
2026-08-16 20:35:00,0.6759,0.6762,0.6748,0.6754,1412672.0
2026-08-16 20:40:00,0.6755,0.6763,0.6741,0.676,2080864.6
2026-08-16 20:45:00,0.6761,0.6764,0.6759,0.6759,206510.3
2026-08-16 20:50:00,0.6759,0.6761,0.6745,0.6754,243533.7
2026-08-16 20:55:00,0.6755,0.6755,0.6746,0.6747,125410.4
2026-08-16 21:00:00,0.6747,0.6751,0.6742,0.6751,225782.9
2026-08-16 21:05:00,0.6751,0.6751,0.6731,0.6738,726444.6
2026-08-16 21:10:00,0.6738,0.6746,0.6734,0.6739,336740.3
2026-08-16 21:15:00,0.674,0.6748,0.6737,0.6743,161424.0
2026-08-16 21:20:00,0.6743,0.6744,0.6734,0.6736,328439.2
2026-08-16 21:25:00,0.6736,0.6737,0.6732,0.6735,277221.2
2026-08-16 21:30:00,0.6735,0.674,0.6731,0.6739,242812.9
2026-08-16 21:35:00,0.6739,0.6744,0.6672,0.6685,3963565.2
2026-08-16 21:40:00,0.6685,0.6704,0.6667,0.6691,2208384.4
2026-08-16 21:45:00,0.669,0.6699,0.6672,0.6696,946396.7
2026-08-16 21:50:00,0.6697,0.6703,0.6696,0.67,193518.9
2026-08-16 21:55:00,0.67,0.67,0.6683,0.6684,269424.7
2026-08-16 22:00:00,0.6683,0.6691,0.6666,0.6689,1176426.7
2026-08-16 22:05:00,0.669,0.6703,0.6689,0.6702,632402.1
2026-08-16 22:10:00,0.6702,0.6705,0.6699,0.6704,298488.2
2026-08-16 22:15:00,0.6703,0.6709,0.6703,0.6707,210634.3
2026-08-16 22:20:00,0.6707,0.6713,0.6703,0.6703,344553.2
2026-08-16 22:25:00,0.6703,0.6704,0.6699,0.6701,94263.7
2026-08-16 22:30:00,0.67,0.6703,0.6696,0.6703,167563.4
2026-08-16 22:35:00,0.6703,0.6704,0.6693,0.6693,276977.2
2026-08-16 22:40:00,0.6693,0.6697,0.6687,0.6697,405989.6
2026-08-16 22:45:00,0.6696,0.6702,0.6692,0.67,363985.9
2026-08-16 22:50:00,0.6699,0.6704,0.6696,0.6703,439675.3
2026-08-16 22:55:00,0.6703,0.6708,0.67,0.6708,154221.5
2026-08-16 23:00:00,0.6707,0.6716,0.6703,0.6703,508429.3
2026-08-16 23:05:00,0.6703,0.6707,0.6703,0.6706,81638.1
2026-08-16 23:10:00,0.6706,0.671,0.6701,0.6701,115696.5
2026-08-16 23:15:00,0.6701,0.6708,0.6701,0.6705,100626.9
2026-08-16 23:20:00,0.6705,0.6711,0.6703,0.6705,187908.6
2026-08-16 23:25:00,0.6705,0.6706,0.6702,0.6703,52910.4
2026-08-16 23:30:00,0.6703,0.6705,0.67,0.6704,189513.3
2026-08-16 23:35:00,0.6704,0.6707,0.6702,0.6702,109856.7
2026-08-16 23:40:00,0.6702,0.6708,0.6701,0.6707,134216.9
2026-08-16 23:45:00,0.6707,0.671,0.6706,0.6709,72130.5
2026-08-16 23:50:00,0.6709,0.671,0.6703,0.6703,230850.0
2026-08-16 23:55:00,0.6703,0.6711,0.67,0.6708,331803.2
2026-08-17 00:00:00,0.6708,0.6713,0.6703,0.6712,284256.0
2026-08-17 00:05:00,0.6711,0.6712,0.6682,0.6682,724496.3
2026-08-17 00:10:00,0.6682,0.6684,0.6675,0.6683,756352.3
2026-08-17 00:15:00,0.6682,0.6685,0.6675,0.6677,269073.7
2026-08-17 00:20:00,0.6678,0.6684,0.6672,0.6672,446285.6
2026-08-17 00:25:00,0.6672,0.6704,0.6671,0.6703,461969.8
2026-08-17 00:30:00,0.6703,0.6707,0.6685,0.6689,596802.5
2026-08-17 00:35:00,0.6688,0.6702,0.6684,0.6699,409801.6
2026-08-17 00:40:00,0.6699,0.6714,0.6696,0.6714,942680.8
2026-08-17 00:45:00,0.6713,0.6715,0.6686,0.6687,1180466.0
2026-08-17 00:50:00,0.6687,0.6692,0.6685,0.6692,464828.7
2026-08-17 00:55:00,0.6692,0.6706,0.6689,0.6702,388816.4
2026-08-17 01:00:00,0.6701,0.6739,0.6698,0.6737,2083057.3
2026-08-17 01:05:00,0.6737,0.6748,0.6729,0.673,711464.9
2026-08-17 01:10:00,0.673,0.6731,0.6724,0.6724,307108.9
2026-08-17 01:15:00,0.6724,0.6739,0.6719,0.6732,427473.7
2026-08-17 01:20:00,0.6732,0.6745,0.6731,0.6741,414482.0
2026-08-17 01:25:00,0.6741,0.6746,0.6739,0.674,241956.6
2026-08-17 01:30:00,0.6741,0.6754,0.6741,0.6748,460749.6
2026-08-17 01:35:00,0.6749,0.675,0.6738,0.674,358152.5
2026-08-17 01:40:00,0.6741,0.6744,0.6736,0.6742,348630.7
2026-08-17 01:45:00,0.6743,0.6744,0.6733,0.6742,290476.2
2026-08-17 01:50:00,0.6742,0.6742,0.6729,0.673,160342.5
2026-08-17 01:55:00,0.673,0.6731,0.6721,0.6721,114952.0
2026-08-17 02:00:00,0.6722,0.6726,0.6721,0.6721,382345.7
2026-08-17 02:05:00,0.6721,0.6723,0.6718,0.6722,118637.2
2026-08-17 02:10:00,0.6722,0.673,0.6722,0.6725,331132.0
2026-08-17 02:15:00,0.6725,0.673,0.6724,0.6727,109120.1
2026-08-17 02:20:00,0.6726,0.6736,0.6726,0.673,203448.6
2026-08-17 02:25:00,0.673,0.6741,0.673,0.6737,221785.9
2026-08-17 02:30:00,0.6737,0.6748,0.6731,0.6744,940684.5
2026-08-17 02:35:00,0.6744,0.6761,0.6744,0.6749,964429.9
2026-08-17 02:40:00,0.675,0.6763,0.6747,0.6754,639380.4
2026-08-17 02:45:00,0.6753,0.6756,0.6751,0.6753,220996.0
2026-08-17 02:50:00,0.6753,0.678,0.675,0.6763,1239513.8
2026-08-17 02:55:00,0.6764,0.6779,0.6764,0.6779,704609.0
2026-08-17 03:00:00,0.6778,0.6785,0.6777,0.6781,775209.4
2026-08-17 03:05:00,0.678,0.6793,0.6778,0.6793,511349.1
2026-08-17 03:10:00,0.6793,0.6798,0.6788,0.6795,604053.3
2026-08-17 03:15:00,0.6795,0.6799,0.6787,0.679,903115.9
2026-08-17 03:20:00,0.6791,0.6795,0.6774,0.6775,920048.1
2026-08-17 03:25:00,0.6775,0.6775,0.6767,0.6773,339996.6
2026-08-17 03:30:00,0.6774,0.6774,0.6765,0.6769,561971.9
2026-08-17 03:35:00,0.6769,0.6775,0.6768,0.6773,99823.6
2026-08-17 03:40:00,0.6774,0.6774,0.6769,0.677,79381.0
2026-08-17 03:45:00,0.6771,0.6771,0.6766,0.6769,220194.0
2026-08-17 03:50:00,0.677,0.6777,0.6769,0.6776,212505.3
2026-08-17 03:55:00,0.6776,0.678,0.6769,0.6769,190865.7
2026-08-17 04:00:00,0.6769,0.6776,0.6769,0.6772,427389.9
2026-08-17 04:05:00,0.6772,0.678,0.6772,0.6776,285770.0
2026-08-17 04:10:00,0.6777,0.6781,0.6776,0.6777,120417.0
2026-08-17 04:15:00,0.6778,0.678,0.6776,0.6778,139110.6
2026-08-17 04:20:00,0.6778,0.6781,0.6777,0.6778,65824.5
2026-08-17 04:25:00,0.6778,0.678,0.6777,0.6778,100870.7
2026-08-17 04:30:00,0.6779,0.6779,0.6775,0.6775,96807.2
2026-08-17 04:35:00,0.6775,0.6777,0.6773,0.6777,90984.5
2026-08-17 04:40:00,0.6776,0.6777,0.677,0.6772,132550.6
2026-08-17 04:45:00,0.6773,0.6781,0.6773,0.6779,142129.9
2026-08-17 04:50:00,0.678,0.6782,0.6775,0.6776,114959.5
2026-08-17 04:55:00,0.6775,0.678,0.6775,0.6777,113233.4
2026-08-17 05:00:00,0.6777,0.678,0.6777,0.6778,84448.7
2026-08-17 05:05:00,0.6778,0.678,0.6776,0.6777,171871.2
2026-08-17 05:10:00,0.6777,0.6781,0.6775,0.6781,195357.1
2026-08-17 05:15:00,0.6781,0.6784,0.678,0.6784,130075.9
2026-08-17 05:20:00,0.6784,0.6787,0.6782,0.6782,219986.4
2026-08-17 05:25:00,0.6782,0.6782,0.6772,0.6773,149824.6
2026-08-17 05:30:00,0.6773,0.6777,0.6768,0.6771,351922.5
2026-08-17 05:35:00,0.6771,0.6771,0.6765,0.6765,402108.4
2026-08-17 05:40:00,0.6766,0.6769,0.6765,0.6768,105273.3
2026-08-17 05:45:00,0.6768,0.6768,0.6766,0.6767,122187.7
2026-08-17 05:50:00,0.6766,0.6769,0.6765,0.6766,1132323.5
2026-08-17 05:55:00,0.6766,0.6766,0.6753,0.6754,2514674.2
2026-08-17 06:00:00,0.6754,0.6769,0.6749,0.6767,928863.4
2026-08-17 06:05:00,0.6767,0.6772,0.6767,0.6768,139604.3
2026-08-17 06:10:00,0.6768,0.6781,0.6768,0.6781,569989.4
2026-08-17 06:15:00,0.6781,0.6789,0.6777,0.6786,1378960.1
2026-08-17 06:20:00,0.6786,0.6793,0.676,0.6761,3004413.1
2026-08-17 06:25:00,0.6761,0.6774,0.676,0.6766,667747.9
2026-08-17 06:30:00,0.6767,0.6776,0.6763,0.6775,514490.4
2026-08-17 06:35:00,0.6775,0.6778,0.6774,0.6777,337255.9
2026-08-17 06:40:00,0.6776,0.6784,0.6776,0.6783,180099.9
2026-08-17 06:45:00,0.6784,0.6806,0.6784,0.6798,937406.2
2026-08-17 06:50:00,0.6797,0.68,0.6788,0.6788,433431.2
2026-08-17 06:55:00,0.6787,0.6797,0.6787,0.6796,244181.8
2026-08-17 07:00:00,0.6796,0.6799,0.6784,0.6788,439706.3
2026-08-17 07:05:00,0.6788,0.6788,0.6783,0.6784,136995.6
2026-08-17 07:10:00,0.6784,0.6788,0.6781,0.6781,228305.4
2026-08-17 07:15:00,0.6781,0.6785,0.678,0.6782,189773.6
2026-08-17 07:20:00,0.6783,0.6787,0.678,0.6787,118010.3
2026-08-17 07:25:00,0.6787,0.6787,0.6779,0.6786,222852.0
2026-08-17 07:30:00,0.6786,0.6787,0.6779,0.6781,194155.7
2026-08-17 07:35:00,0.6781,0.6784,0.6778,0.6784,240765.1
2026-08-17 07:40:00,0.6784,0.6784,0.678,0.6781,58696.6
2026-08-17 07:45:00,0.6781,0.6781,0.6772,0.6778,397317.8
2026-08-17 07:50:00,0.6779,0.678,0.6778,0.6779,66358.2
2026-08-17 07:55:00,0.678,0.6785,0.6779,0.678,349584.0
2026-08-17 08:00:00,0.6781,0.6783,0.6767,0.6768,418223.6
2026-08-17 08:05:00,0.6767,0.677,0.6761,0.6763,375308.0
2026-08-17 08:10:00,0.6763,0.6765,0.6756,0.6756,377043.0
2026-08-17 08:15:00,0.6757,0.6764,0.675,0.6759,769278.7
2026-08-17 08:20:00,0.6759,0.6759,0.6751,0.6756,219394.5
2026-08-17 08:25:00,0.6757,0.6772,0.6756,0.6771,511527.4
2026-08-17 08:30:00,0.6771,0.6775,0.6762,0.6762,818173.4
2026-08-17 08:35:00,0.6762,0.6762,0.6754,0.6755,180616.9
2026-08-17 08:40:00,0.6756,0.6757,0.6752,0.6752,156447.0
2026-08-17 08:45:00,0.6752,0.6753,0.6735,0.674,1063639.5
2026-08-17 08:50:00,0.674,0.6741,0.6733,0.6735,1112445.6
2026-08-17 08:55:00,0.6736,0.6753,0.6732,0.6746,1047989.9
2026-08-17 09:00:00,0.6746,0.6749,0.6744,0.6748,369740.6
2026-08-17 09:05:00,0.6748,0.6758,0.6748,0.6758,340586.5
2026-08-17 09:10:00,0.6757,0.676,0.6755,0.6755,162468.6
2026-08-17 09:15:00,0.6755,0.676,0.6755,0.6757,136959.9
2026-08-17 09:20:00,0.6757,0.6757,0.675,0.6753,164837.7
2026-08-17 09:25:00,0.6753,0.6761,0.6752,0.676,173016.7
2026-08-17 09:30:00,0.6761,0.6762,0.6756,0.6756,218593.9
2026-08-17 09:35:00,0.6757,0.6758,0.6756,0.6756,59411.6
2026-08-17 09:40:00,0.6757,0.6757,0.6755,0.6756,78903.9
2026-08-17 09:45:00,0.6756,0.6756,0.675,0.6755,148562.8
2026-08-17 09:50:00,0.6755,0.6759,0.6754,0.6758,48541.2
2026-08-17 09:55:00,0.6758,0.6759,0.6753,0.6753,153971.0
2026-08-17 10:00:00,0.6753,0.6757,0.6749,0.6749,242770.8
2026-08-17 10:05:00,0.675,0.675,0.6745,0.6746,128224.6
2026-08-17 10:10:00,0.6746,0.6752,0.6746,0.675,140096.9
2026-08-17 10:15:00,0.675,0.6751,0.6742,0.6742,235489.9
2026-08-17 10:20:00,0.6742,0.6743,0.6733,0.674,236014.7
2026-08-17 10:25:00,0.6739,0.6765,0.6738,0.6762,674979.6
2026-08-17 10:30:00,0.6763,0.6768,0.6758,0.6763,450762.2
2026-08-17 10:35:00,0.6764,0.6776,0.6762,0.6774,332537.7
2026-08-17 10:40:00,0.6773,0.6782,0.677,0.6781,336705.7
2026-08-17 10:45:00,0.6781,0.6788,0.6777,0.6782,447296.6
2026-08-17 10:50:00,0.6782,0.6783,0.6777,0.6783,344340.3
2026-08-17 10:55:00,0.6782,0.679,0.678,0.6789,176045.2
2026-08-17 11:00:00,0.6789,0.6796,0.6786,0.679,362054.4
2026-08-17 11:05:00,0.679,0.6793,0.6784,0.6788,384747.9
2026-08-17 11:10:00,0.6787,0.6788,0.6781,0.6783,330267.5
2026-08-17 11:15:00,0.6783,0.6786,0.6778,0.6782,390250.1
2026-08-17 11:20:00,0.6782,0.6788,0.6781,0.6787,89300.8
2026-08-17 11:25:00,0.6787,0.6788,0.6782,0.6785,113329.0
2026-08-17 11:30:00,0.6786,0.6789,0.6783,0.6789,125614.2
2026-08-17 11:35:00,0.6788,0.6789,0.6784,0.6788,124925.6
2026-08-17 11:40:00,0.6787,0.6789,0.6785,0.6785,95363.2
2026-08-17 11:45:00,0.6786,0.679,0.6784,0.6784,61235.1
2026-08-17 11:50:00,0.6784,0.6785,0.6776,0.6777,272733.8
2026-08-17 11:55:00,0.6777,0.678,0.6773,0.6774,244963.9
2026-08-17 12:00:00,0.6774,0.6777,0.6769,0.6771,350263.1
2026-08-17 12:05:00,0.6771,0.6772,0.6764,0.6768,682910.5
2026-08-17 12:10:00,0.6768,0.6778,0.6768,0.6776,252488.1
2026-08-17 12:15:00,0.6777,0.6777,0.677,0.6771,160192.6
2026-08-17 12:20:00,0.6771,0.6772,0.6768,0.677,138396.9
2026-08-17 12:25:00,0.6769,0.6771,0.6754,0.6757,560752.2
2026-08-17 12:30:00,0.6758,0.6769,0.6758,0.6762,297148.3
2026-08-17 12:35:00,0.6761,0.6766,0.6755,0.6755,219107.1
2026-08-17 12:40:00,0.6756,0.6759,0.6746,0.675,434031.4
2026-08-17 12:45:00,0.675,0.6756,0.6749,0.6751,481648.2
2026-08-17 12:50:00,0.6751,0.6753,0.6747,0.6752,190869.2
2026-08-17 12:55:00,0.6752,0.676,0.6752,0.6755,307573.2
2026-08-17 13:00:00,0.6755,0.6758,0.6748,0.6748,193623.9
2026-08-17 13:05:00,0.6748,0.6755,0.6748,0.6754,205974.7
2026-08-17 13:10:00,0.6753,0.6757,0.6751,0.6752,107305.6
2026-08-17 13:15:00,0.6753,0.6753,0.6743,0.6745,122803.2
2026-08-17 13:20:00,0.6745,0.6748,0.6744,0.6747,125158.6
2026-08-17 13:25:00,0.6748,0.6752,0.6744,0.6748,240724.8
2026-08-17 13:30:00,0.6749,0.6783,0.6747,0.6777,671700.2
2026-08-17 13:35:00,0.6776,0.6783,0.6772,0.6774,485465.6
2026-08-17 13:40:00,0.6774,0.6784,0.6769,0.6769,290799.3
2026-08-17 13:45:00,0.677,0.6776,0.6764,0.6775,265417.2
2026-08-17 13:50:00,0.6776,0.6777,0.6765,0.6766,275968.3
2026-08-17 13:55:00,0.6766,0.6771,0.6763,0.6765,132107.2
2026-08-17 14:00:00,0.6764,0.6765,0.6756,0.6758,349920.4
2026-08-17 14:05:00,0.6758,0.676,0.6753,0.6758,251304.4
2026-08-17 14:10:00,0.6758,0.6765,0.6755,0.6757,165741.2
2026-08-17 14:15:00,0.6758,0.6762,0.6749,0.6753,209932.8
2026-08-17 14:20:00,0.6754,0.6754,0.6743,0.6745,497596.0
2026-08-17 14:25:00,0.6744,0.6746,0.6737,0.6741,396532.4
2026-08-17 14:30:00,0.6741,0.6751,0.6738,0.6751,394724.6
2026-08-17 14:35:00,0.675,0.6751,0.6743,0.6745,195074.1
2026-08-17 14:40:00,0.6745,0.6751,0.6745,0.6749,57116.4
2026-08-17 14:45:00,0.6748,0.6759,0.6745,0.6757,133344.2
2026-08-17 14:50:00,0.6758,0.6772,0.6758,0.6761,360408.8
2026-08-17 14:55:00,0.6761,0.677,0.6761,0.6767,198028.1
2026-08-17 15:00:00,0.6767,0.6768,0.676,0.6763,203752.6
2026-08-17 15:05:00,0.6763,0.677,0.676,0.6763,199606.2
2026-08-17 15:10:00,0.6763,0.6769,0.6754,0.6755,215614.2
2026-08-17 15:15:00,0.6755,0.6762,0.6748,0.6748,153151.6
2026-08-17 15:20:00,0.6748,0.6751,0.6747,0.6749,89548.9
2026-08-17 15:25:00,0.675,0.6773,0.675,0.6769,572548.7
2026-08-17 15:30:00,0.6769,0.6771,0.6759,0.6762,283463.6
2026-08-17 15:35:00,0.6762,0.6768,0.6762,0.6762,165766.8
2026-08-17 15:40:00,0.6762,0.6775,0.6761,0.6773,227043.6
2026-08-17 15:45:00,0.6773,0.6784,0.6772,0.6782,430003.3
2026-08-17 15:50:00,0.6782,0.6785,0.6775,0.6781,775364.8
2026-08-17 15:55:00,0.678,0.6783,0.6774,0.6782,309258.0
2026-08-17 16:00:00,0.6782,0.6785,0.6771,0.6777,911387.1
2026-08-17 16:05:00,0.6777,0.678,0.6776,0.6777,281067.4
2026-08-17 16:10:00,0.6776,0.6776,0.6763,0.6763,371680.5
2026-08-17 16:15:00,0.6763,0.6767,0.6762,0.6764,182223.8
2026-08-17 16:20:00,0.6764,0.677,0.6762,0.6766,217010.1
2026-08-17 16:25:00,0.6767,0.6773,0.6766,0.677,131138.3
2026-08-17 16:30:00,0.6769,0.6774,0.6767,0.6772,237335.3
2026-08-17 16:35:00,0.6772,0.6775,0.6769,0.6774,96644.0
2026-08-17 16:40:00,0.6774,0.6782,0.6773,0.6773,363694.1
2026-08-17 16:45:00,0.6774,0.6785,0.6772,0.6785,138413.7
2026-08-17 16:50:00,0.6785,0.6785,0.6772,0.6772,159546.8
2026-08-17 16:55:00,0.6772,0.678,0.6772,0.6775,171032.2
2026-08-17 17:00:00,0.6775,0.6778,0.677,0.677,301476.5
2026-08-17 17:05:00,0.677,0.6773,0.6767,0.677,112073.4
2026-08-17 17:10:00,0.677,0.677,0.6762,0.6762,172705.4
2026-08-17 17:15:00,0.6763,0.6789,0.6763,0.6785,246721.3
2026-08-17 17:20:00,0.6785,0.6793,0.6781,0.6782,459902.6
2026-08-17 17:25:00,0.6782,0.6783,0.6775,0.6776,206194.3
2026-08-17 17:30:00,0.6776,0.6776,0.6766,0.6767,233824.3
2026-08-17 17:35:00,0.6767,0.6775,0.6758,0.677,249650.7
2026-08-17 17:40:00,0.6771,0.6777,0.6768,0.677,543328.5
2026-08-17 17:45:00,0.677,0.6774,0.6764,0.6769,536271.0
2026-08-17 17:50:00,0.6769,0.6773,0.6768,0.6772,140440.3
2026-08-17 17:55:00,0.6771,0.6777,0.6771,0.6773,71761.5
2026-08-17 18:00:00,0.6773,0.6774,0.6768,0.6773,128436.6
2026-08-17 18:05:00,0.6773,0.6773,0.6766,0.6766,44697.9
2026-08-17 18:10:00,0.6767,0.6774,0.6765,0.6773,181420.9
2026-08-17 18:15:00,0.6773,0.6783,0.677,0.6774,213052.2
2026-08-17 18:20:00,0.6774,0.6788,0.6772,0.6778,997818.0
2026-08-17 18:25:00,0.6778,0.678,0.6774,0.6776,155528.9
2026-08-17 18:30:00,0.6776,0.6777,0.6767,0.677,93531.4
2026-08-17 18:35:00,0.677,0.6778,0.6769,0.6771,91973.9
2026-08-17 18:40:00,0.6772,0.6776,0.677,0.6776,79113.7
2026-08-17 18:45:00,0.6775,0.6775,0.6769,0.6772,68141.6
2026-08-17 18:50:00,0.6772,0.6777,0.677,0.6772,372685.2
2026-08-17 18:55:00,0.6772,0.6773,0.6764,0.6769,445547.2
2026-08-17 19:00:00,0.6769,0.6769,0.6759,0.6761,341432.5
2026-08-17 19:05:00,0.676,0.6761,0.6755,0.6758,148881.9
2026-08-17 19:10:00,0.6758,0.6759,0.6751,0.6751,122731.2
2026-08-17 19:15:00,0.6751,0.676,0.6751,0.6754,212027.9
2026-08-17 19:20:00,0.6754,0.6761,0.6754,0.676,61514.3
2026-08-17 19:25:00,0.676,0.6768,0.6757,0.6767,376463.3
2026-08-17 19:30:00,0.6766,0.6766,0.6756,0.6757,433534.3
2026-08-17 19:35:00,0.6756,0.6762,0.6756,0.6761,91949.9
2026-08-17 19:40:00,0.6762,0.6766,0.6761,0.6763,79102.3
2026-08-17 19:45:00,0.6762,0.6766,0.676,0.6764,364234.6
2026-08-17 19:50:00,0.6763,0.6764,0.6754,0.6756,152381.3
2026-08-17 19:55:00,0.6755,0.6761,0.6755,0.676,39300.7
2026-08-17 20:00:00,0.676,0.676,0.6753,0.6754,180000.2
2026-08-17 20:05:00,0.6753,0.6755,0.6751,0.6752,222938.6
2026-08-17 20:10:00,0.6752,0.6752,0.6746,0.675,634596.7
2026-08-17 20:15:00,0.6749,0.675,0.6738,0.6742,753812.1
2026-08-17 20:20:00,0.6742,0.6761,0.6742,0.6761,682712.9
2026-08-17 20:25:00,0.6762,0.6773,0.6761,0.6771,350864.1
2026-08-17 20:30:00,0.6772,0.6772,0.6764,0.6769,323340.2
2026-08-17 20:35:00,0.6769,0.6779,0.6767,0.6775,768908.0
2026-08-17 20:40:00,0.6775,0.6792,0.6774,0.6788,815249.2
2026-08-17 20:45:00,0.6787,0.6796,0.6767,0.6768,1340095.1
2026-08-17 20:50:00,0.6767,0.6769,0.6763,0.6764,223670.4
2026-08-17 20:55:00,0.6764,0.677,0.6763,0.6765,136921.3
2026-08-17 21:00:00,0.6765,0.6768,0.6762,0.6765,148809.3
2026-08-17 21:05:00,0.6766,0.6766,0.6762,0.6765,111637.3
2026-08-17 21:10:00,0.6766,0.6767,0.6758,0.6764,239676.1
2026-08-17 21:15:00,0.6764,0.6768,0.6758,0.6759,72712.2
2026-08-17 21:20:00,0.6759,0.6762,0.6757,0.6758,31154.6
2026-08-17 21:25:00,0.6758,0.6759,0.6753,0.6758,203219.0
2026-08-17 21:30:00,0.6758,0.6762,0.6758,0.6761,33435.8
2026-08-17 21:35:00,0.6762,0.6765,0.6759,0.6765,161972.6
2026-08-17 21:40:00,0.6765,0.6768,0.6759,0.6759,212146.4
2026-08-17 21:45:00,0.676,0.6765,0.6759,0.6763,205265.7
2026-08-17 21:50:00,0.6763,0.6767,0.6763,0.6766,43395.9
2026-08-17 21:55:00,0.6765,0.6766,0.6763,0.6763,56532.4
2026-08-17 22:00:00,0.6763,0.6773,0.6763,0.6766,241208.8
2026-08-17 22:05:00,0.6766,0.6766,0.6756,0.676,219730.0
2026-08-17 22:10:00,0.676,0.676,0.6757,0.6757,57648.7
2026-08-17 22:15:00,0.6757,0.6758,0.675,0.6751,208806.1
2026-08-17 22:20:00,0.6751,0.6755,0.6748,0.6748,176411.8
2026-08-17 22:25:00,0.6747,0.6747,0.6739,0.6739,1076064.2
2026-08-17 22:30:00,0.6739,0.6739,0.673,0.6732,548746.5
2026-08-17 22:35:00,0.6733,0.6737,0.6729,0.6737,550443.3
2026-08-17 22:40:00,0.6736,0.6737,0.6733,0.6733,239905.7
2026-08-17 22:45:00,0.6733,0.6735,0.6732,0.6732,97892.5
2026-08-17 22:50:00,0.6732,0.6733,0.6725,0.6728,259700.3
2026-08-17 22:55:00,0.6729,0.673,0.6723,0.6727,515121.8
2026-08-17 23:00:00,0.6728,0.6728,0.6712,0.6724,724832.8
2026-08-17 23:05:00,0.6723,0.6729,0.6722,0.6728,123747.7
2026-08-17 23:10:00,0.6729,0.6743,0.6729,0.6738,289054.2
2026-08-17 23:15:00,0.6738,0.6746,0.6738,0.6744,138470.0
2026-08-17 23:20:00,0.6744,0.6747,0.6743,0.6746,156177.3
2026-08-17 23:25:00,0.6746,0.6753,0.6746,0.6749,241133.5
2026-08-17 23:30:00,0.675,0.6762,0.6747,0.6761,389272.5
2026-08-17 23:35:00,0.6761,0.6761,0.6755,0.6755,261243.2
2026-08-17 23:40:00,0.6756,0.6756,0.6748,0.675,95035.1
2026-08-17 23:45:00,0.675,0.6767,0.675,0.6753,942008.3
2026-08-17 23:50:00,0.6752,0.6759,0.6751,0.6759,120752.6
2026-08-17 23:55:00,0.6759,0.6759,0.6746,0.6748,786209.1
2026-08-18 00:00:00,0.6747,0.6753,0.6741,0.675,812815.3
2026-08-18 00:05:00,0.675,0.6751,0.6742,0.6746,263057.8
2026-08-18 00:10:00,0.6746,0.6755,0.6744,0.6752,506994.5
2026-08-18 00:15:00,0.6751,0.676,0.6744,0.6746,1297600.1
2026-08-18 00:20:00,0.6746,0.6749,0.6741,0.6742,184497.3
2026-08-18 00:25:00,0.6742,0.6744,0.6733,0.674,592296.8
2026-08-18 00:30:00,0.6741,0.6741,0.6735,0.6736,316584.8
2026-08-18 00:35:00,0.6736,0.6739,0.6731,0.6731,887809.7
2026-08-18 00:40:00,0.6731,0.6744,0.6725,0.6744,1272798.1
2026-08-18 00:45:00,0.6744,0.6749,0.6742,0.6746,153765.2
2026-08-18 00:50:00,0.6745,0.6757,0.6742,0.6753,674939.2
2026-08-18 00:55:00,0.6752,0.6756,0.6752,0.6756,549601.4
2026-08-18 01:00:00,0.6755,0.6762,0.674,0.6741,1203465.1
2026-08-18 01:05:00,0.6741,0.6743,0.6738,0.6739,183714.4
2026-08-18 01:10:00,0.6739,0.6747,0.6738,0.6742,115860.1
2026-08-18 01:15:00,0.6742,0.6744,0.674,0.6741,295397.1
2026-08-18 01:20:00,0.674,0.6746,0.674,0.6743,98599.7
2026-08-18 01:25:00,0.6743,0.6744,0.6734,0.6737,164388.2
2026-08-18 01:30:00,0.6736,0.6738,0.6736,0.6737,56636.7
2026-08-18 01:35:00,0.6737,0.6738,0.673,0.673,182235.1
2026-08-18 01:40:00,0.673,0.6732,0.6727,0.6731,147332.6
2026-08-18 01:45:00,0.6731,0.6732,0.6718,0.6722,449502.7
2026-08-18 01:50:00,0.6722,0.6722,0.6709,0.6711,513118.6
2026-08-18 01:55:00,0.6711,0.6712,0.6692,0.6711,1305226.8
2026-08-18 02:00:00,0.6711,0.6713,0.6704,0.6706,454501.8
2026-08-18 02:05:00,0.6706,0.6713,0.6706,0.6709,344197.6
2026-08-18 02:10:00,0.6709,0.671,0.6701,0.6702,380964.0
2026-08-18 02:15:00,0.6701,0.6704,0.6696,0.6701,584746.6
2026-08-18 02:20:00,0.6702,0.671,0.6701,0.6704,300311.4
2026-08-18 02:25:00,0.6705,0.6705,0.6696,0.6697,353718.8
2026-08-18 02:30:00,0.6697,0.6699,0.6693,0.6696,895774.3
2026-08-18 02:35:00,0.6695,0.6697,0.6684,0.6696,735516.1
2026-08-18 02:40:00,0.6695,0.67,0.6675,0.668,817691.7
2026-08-18 02:45:00,0.6681,0.6683,0.6623,0.6672,6252234.2
2026-08-18 02:50:00,0.6673,0.6673,0.6632,0.6644,3365940.3
2026-08-18 02:55:00,0.6643,0.6643,0.634,0.6483,45421132.8
2026-08-18 03:00:00,0.6482,0.6517,0.6482,0.6515,5603344.8
2026-08-18 03:05:00,0.6515,0.6526,0.6504,0.6507,1726764.1
2026-08-18 03:10:00,0.6506,0.6516,0.6502,0.6512,1158093.6
2026-08-18 03:15:00,0.6511,0.6528,0.6511,0.6523,1746071.5
2026-08-18 03:20:00,0.6523,0.6525,0.6512,0.6513,804509.7
2026-08-18 03:25:00,0.6513,0.652,0.649,0.6505,2820050.4
2026-08-18 03:30:00,0.6505,0.6505,0.6472,0.6478,2658558.4
2026-08-18 03:35:00,0.6478,0.6498,0.6476,0.6498,829806.8
2026-08-18 03:40:00,0.6499,0.6499,0.6485,0.6493,766561.8
2026-08-18 03:45:00,0.6493,0.6495,0.6462,0.6467,1031502.3
2026-08-18 03:50:00,0.6466,0.6474,0.6463,0.6465,853213.7
2026-08-18 03:55:00,0.6465,0.6479,0.6448,0.6456,1576639.3
2026-08-18 04:00:00,0.6456,0.6458,0.6424,0.643,2949336.3
2026-08-18 04:05:00,0.6429,0.6448,0.6429,0.644,1076218.7
2026-08-18 04:10:00,0.644,0.6466,0.644,0.6452,2373969.8
2026-08-18 04:15:00,0.6451,0.6456,0.6437,0.644,1088554.4
2026-08-18 04:20:00,0.644,0.6456,0.6439,0.6452,749763.3
2026-08-18 04:25:00,0.6453,0.6463,0.6445,0.6462,743920.3
2026-08-18 04:30:00,0.6462,0.6466,0.645,0.6454,1826488.6
2026-08-18 04:35:00,0.6454,0.6458,0.6444,0.6455,1407652.5
2026-08-18 04:40:00,0.6455,0.6467,0.6448,0.6465,749369.6
2026-08-18 04:45:00,0.6465,0.6467,0.6453,0.6466,829127.4
2026-08-18 04:50:00,0.6467,0.6485,0.6466,0.648,1826977.7
2026-08-18 04:55:00,0.648,0.6484,0.6466,0.647,728652.7
2026-08-18 05:00:00,0.647,0.6476,0.6459,0.6475,910503.8
2026-08-18 05:05:00,0.6475,0.6484,0.6473,0.6483,699488.9
2026-08-18 05:10:00,0.6484,0.6492,0.6472,0.6476,1751227.4
2026-08-18 05:15:00,0.6476,0.648,0.646,0.648,898932.9
2026-08-18 05:20:00,0.648,0.648,0.6461,0.6462,525185.6
2026-08-18 05:25:00,0.6462,0.6462,0.644,0.644,801073.2
2026-08-18 05:30:00,0.644,0.6441,0.6397,0.6402,3219357.3
2026-08-18 05:35:00,0.6401,0.6438,0.6385,0.6437,3950142.4
2026-08-18 05:40:00,0.6437,0.6444,0.6422,0.6439,1247095.2
2026-08-18 05:45:00,0.6439,0.6445,0.6439,0.6444,492574.0
2026-08-18 05:50:00,0.6444,0.645,0.644,0.6447,496402.4
2026-08-18 05:55:00,0.6446,0.6447,0.6437,0.6441,461491.0
2026-08-18 06:00:00,0.6441,0.6442,0.6433,0.6435,877195.8
2026-08-18 06:05:00,0.6435,0.6446,0.6433,0.6446,1009769.7
2026-08-18 06:10:00,0.6446,0.646,0.6443,0.6458,589389.1
2026-08-18 06:15:00,0.6458,0.6469,0.6457,0.6465,773954.4
2026-08-18 06:20:00,0.6465,0.6479,0.6465,0.6475,585066.1
2026-08-18 06:25:00,0.6475,0.6499,0.6474,0.6496,822753.7
2026-08-18 06:30:00,0.6497,0.6504,0.6489,0.6497,883937.4
2026-08-18 06:35:00,0.6498,0.6502,0.6492,0.6499,336200.6
2026-08-18 06:40:00,0.65,0.6502,0.6495,0.6501,339845.9
2026-08-18 06:45:00,0.6502,0.6502,0.6492,0.6494,324874.3
2026-08-18 06:50:00,0.6494,0.6498,0.649,0.649,302186.1
2026-08-18 06:55:00,0.649,0.6491,0.6483,0.6489,265626.8
2026-08-18 07:00:00,0.6489,0.6495,0.6487,0.6489,368880.0
2026-08-18 07:05:00,0.6489,0.649,0.6483,0.6489,294942.4
2026-08-18 07:10:00,0.6489,0.649,0.6484,0.6489,267566.0
2026-08-18 07:15:00,0.6489,0.6502,0.6488,0.6491,480639.4
2026-08-18 07:20:00,0.6491,0.6492,0.6478,0.6478,412798.8
2026-08-18 07:25:00,0.6478,0.648,0.6457,0.6459,905411.0
2026-08-18 07:30:00,0.646,0.6481,0.6458,0.6477,720286.4
2026-08-18 07:35:00,0.6477,0.6489,0.6472,0.6477,1390748.7
2026-08-18 07:40:00,0.6478,0.648,0.647,0.6471,176085.7
2026-08-18 07:45:00,0.6471,0.6473,0.6448,0.645,670393.5
2026-08-18 07:50:00,0.6449,0.6464,0.6445,0.6461,767497.8
2026-08-18 07:55:00,0.6461,0.647,0.646,0.6466,770237.1
2026-08-18 08:00:00,0.6466,0.6467,0.643,0.6433,2193561.5
2026-08-18 08:05:00,0.6433,0.6438,0.6427,0.6433,592079.8
2026-08-18 08:10:00,0.6434,0.6444,0.643,0.6444,689696.6
2026-08-18 08:15:00,0.6444,0.6451,0.6442,0.6447,310384.1
2026-08-18 08:20:00,0.6447,0.6451,0.6437,0.6438,346972.0
2026-08-18 08:25:00,0.6438,0.6449,0.6438,0.6448,258962.0
2026-08-18 08:30:00,0.6449,0.6456,0.6445,0.6454,398558.7
2026-08-18 08:35:00,0.6455,0.6467,0.6455,0.6465,287700.0
2026-08-18 08:40:00,0.6465,0.6466,0.646,0.6462,275812.4
2026-08-18 08:45:00,0.6462,0.6465,0.6459,0.6462,345596.0
2026-08-18 08:50:00,0.6462,0.6473,0.6462,0.6467,671735.6
2026-08-18 08:55:00,0.6467,0.6472,0.6462,0.6471,198394.1
2026-08-18 09:00:00,0.6471,0.6472,0.6466,0.6472,319862.2
2026-08-18 09:05:00,0.6471,0.6474,0.6466,0.6472,396463.7
2026-08-18 09:10:00,0.6471,0.6479,0.6471,0.6476,252752.3
2026-08-18 09:15:00,0.6476,0.648,0.6466,0.6466,346009.9
2026-08-18 09:20:00,0.6467,0.647,0.6462,0.6462,279039.6
2026-08-18 09:25:00,0.6462,0.6463,0.6456,0.6456,233842.5
2026-08-18 09:30:00,0.6457,0.6474,0.6456,0.6474,393750.4
2026-08-18 09:35:00,0.6474,0.6479,0.6469,0.647,239147.2
2026-08-18 09:40:00,0.647,0.6475,0.6464,0.6468,282907.9
2026-08-18 09:45:00,0.6469,0.6477,0.6465,0.6474,286454.1
2026-08-18 09:50:00,0.6474,0.6475,0.647,0.6472,250400.9
2026-08-18 09:55:00,0.6472,0.6478,0.6471,0.6476,414568.7
2026-08-18 10:00:00,0.6476,0.6488,0.6475,0.6485,817951.6
2026-08-18 10:05:00,0.6485,0.6486,0.6471,0.6472,415413.3
2026-08-18 10:10:00,0.6472,0.6475,0.6472,0.6474,199271.4
2026-08-18 10:15:00,0.6474,0.6483,0.6472,0.6483,210988.8
2026-08-18 10:20:00,0.6482,0.6483,0.6475,0.6476,228271.5
2026-08-18 10:25:00,0.6477,0.648,0.6474,0.648,114244.9
2026-08-18 10:30:00,0.6479,0.6486,0.6477,0.6483,264646.7
2026-08-18 10:35:00,0.6483,0.6487,0.6482,0.6484,333600.5
2026-08-18 10:40:00,0.6483,0.6485,0.6478,0.648,250255.4
2026-08-18 10:45:00,0.6479,0.6486,0.6479,0.6486,356170.9
2026-08-18 10:50:00,0.6485,0.6488,0.6484,0.6486,317191.5
2026-08-18 10:55:00,0.6486,0.6487,0.6481,0.6482,322901.8
2026-08-18 11:00:00,0.6482,0.6495,0.6481,0.6486,668015.9
2026-08-18 11:05:00,0.6487,0.6498,0.6481,0.6498,767946.0
2026-08-18 11:10:00,0.6498,0.6507,0.6496,0.6506,488624.5
2026-08-18 11:15:00,0.6505,0.6517,0.6505,0.6513,424046.9
2026-08-18 11:20:00,0.6513,0.6527,0.6508,0.6527,764317.5
2026-08-18 11:25:00,0.6527,0.6529,0.6522,0.6525,803093.3
2026-08-18 11:30:00,0.6526,0.6526,0.6513,0.652,665932.4
2026-08-18 11:35:00,0.652,0.6522,0.6512,0.6515,330340.1
2026-08-18 11:40:00,0.6515,0.6518,0.651,0.6514,514964.4
2026-08-18 11:45:00,0.6515,0.6519,0.6506,0.6509,491709.6
2026-08-18 11:50:00,0.651,0.651,0.6504,0.6506,331002.0
2026-08-18 11:55:00,0.6507,0.6509,0.6503,0.6504,230452.7
2026-08-18 12:00:00,0.6504,0.6514,0.6504,0.6514,389050.4
2026-08-18 12:05:00,0.6514,0.6525,0.651,0.651,660451.4
2026-08-18 12:10:00,0.6511,0.6524,0.6508,0.6517,575341.2
2026-08-18 12:15:00,0.6517,0.652,0.651,0.6516,277430.9
2026-08-18 12:20:00,0.6517,0.6538,0.6517,0.6528,480186.0
2026-08-18 12:25:00,0.6528,0.6531,0.6525,0.6525,310821.7
2026-08-18 12:30:00,0.6525,0.6531,0.6519,0.6529,429413.2
2026-08-18 12:35:00,0.6529,0.6533,0.6526,0.6529,262195.3
2026-08-18 12:40:00,0.6528,0.6532,0.6524,0.6527,609058.3
2026-08-18 12:45:00,0.6527,0.6532,0.6524,0.653,329320.8
2026-08-18 12:50:00,0.653,0.6533,0.6527,0.6528,529183.3
2026-08-18 12:55:00,0.6528,0.6531,0.6524,0.6531,227110.1
2026-08-18 13:00:00,0.653,0.6531,0.6521,0.6526,768395.2
2026-08-18 13:05:00,0.6526,0.6526,0.6518,0.6518,276317.0
2026-08-18 13:10:00,0.6519,0.6531,0.6519,0.6531,206956.7
2026-08-18 13:15:00,0.653,0.6532,0.6525,0.6526,389539.0
2026-08-18 13:20:00,0.6525,0.6527,0.6516,0.6523,513090.8
2026-08-18 13:25:00,0.6523,0.6523,0.651,0.6517,542392.9
2026-08-18 13:30:00,0.6517,0.6536,0.6517,0.6527,723835.7
2026-08-18 13:35:00,0.6527,0.6537,0.6523,0.6536,471786.9
2026-08-18 13:40:00,0.6536,0.6537,0.6525,0.6528,278645.8
2026-08-18 13:45:00,0.6528,0.6528,0.6513,0.6519,285625.1
2026-08-18 13:50:00,0.6518,0.6523,0.6508,0.6509,306060.8
2026-08-18 13:55:00,0.6509,0.6513,0.6501,0.6513,656887.6
2026-08-18 14:00:00,0.6512,0.653,0.6507,0.6528,1092475.2
2026-08-18 14:05:00,0.6529,0.6531,0.6512,0.6512,328022.9
2026-08-18 14:10:00,0.6511,0.6514,0.6508,0.6509,279841.0
2026-08-18 14:15:00,0.651,0.6542,0.651,0.6541,429177.4
2026-08-18 14:20:00,0.6542,0.656,0.6539,0.6559,1220613.9
2026-08-18 14:25:00,0.656,0.6595,0.6559,0.6587,5606619.3
2026-08-18 14:30:00,0.6586,0.6602,0.657,0.6577,2410971.2
2026-08-18 14:35:00,0.6578,0.6581,0.6568,0.6569,509710.1
2026-08-18 14:40:00,0.6568,0.6576,0.6563,0.6564,369103.2
2026-08-18 14:45:00,0.6565,0.6569,0.6555,0.6568,751885.6
2026-08-18 14:50:00,0.6568,0.6571,0.655,0.656,1155631.9
2026-08-18 14:55:00,0.6559,0.6561,0.655,0.6551,287541.7
2026-08-18 15:00:00,0.6552,0.6558,0.655,0.6553,1752410.7
2026-08-18 15:05:00,0.6554,0.6555,0.6525,0.6526,3555960.9
2026-08-18 15:10:00,0.6526,0.6547,0.6522,0.6542,1385018.6
2026-08-18 15:15:00,0.6543,0.6554,0.6541,0.6547,405167.0
2026-08-18 15:20:00,0.6547,0.6555,0.6543,0.6548,349564.0
2026-08-18 15:25:00,0.6547,0.6561,0.6545,0.6556,504253.8
2026-08-18 15:30:00,0.6557,0.6568,0.6552,0.6567,418922.2
2026-08-18 15:35:00,0.6568,0.6572,0.6564,0.6568,398472.5
2026-08-18 15:40:00,0.6568,0.6568,0.6554,0.6555,369796.8
2026-08-18 15:45:00,0.6555,0.6564,0.6554,0.6557,263825.8
2026-08-18 15:50:00,0.6557,0.6562,0.6549,0.6558,560905.6
2026-08-18 15:55:00,0.6558,0.6558,0.6547,0.655,168786.9
2026-08-18 16:00:00,0.6551,0.6561,0.6551,0.6556,455345.2
2026-08-18 16:05:00,0.6557,0.6565,0.655,0.6554,355108.5
2026-08-18 16:10:00,0.6553,0.6553,0.6542,0.6547,425308.7
2026-08-18 16:15:00,0.6547,0.6547,0.653,0.6538,413722.4
2026-08-18 16:20:00,0.6538,0.6541,0.6531,0.6537,301297.1
2026-08-18 16:25:00,0.6537,0.6538,0.6521,0.6522,378037.7
2026-08-18 16:30:00,0.6522,0.6534,0.6517,0.6534,561852.7
2026-08-18 16:35:00,0.6534,0.6544,0.6534,0.6544,350202.4
2026-08-18 16:40:00,0.6544,0.6547,0.6538,0.6538,224610.2
2026-08-18 16:45:00,0.6539,0.6541,0.6531,0.6534,818481.4
2026-08-18 16:50:00,0.6533,0.6534,0.6525,0.6529,275219.1
2026-08-18 16:55:00,0.6529,0.654,0.6527,0.6539,230887.9
2026-08-18 17:00:00,0.6539,0.654,0.6529,0.6534,386388.1
2026-08-18 17:05:00,0.6534,0.6538,0.6523,0.6527,217067.0
2026-08-18 17:10:00,0.6528,0.6542,0.6527,0.6541,330728.1
2026-08-18 17:15:00,0.6541,0.6542,0.6532,0.654,204075.3
2026-08-18 17:20:00,0.6539,0.6551,0.6539,0.6547,193973.7
2026-08-18 17:25:00,0.6547,0.655,0.6542,0.6544,533479.4
2026-08-18 17:30:00,0.6544,0.6546,0.6537,0.6543,415933.5
2026-08-18 17:35:00,0.6543,0.6551,0.6541,0.6547,664740.6
2026-08-18 17:40:00,0.6548,0.6548,0.6538,0.6541,227404.4
2026-08-18 17:45:00,0.6542,0.6543,0.6537,0.6543,158410.6
2026-08-18 17:50:00,0.6543,0.655,0.6539,0.6548,126126.5
2026-08-18 17:55:00,0.6548,0.6548,0.6538,0.6538,280449.0
2026-08-18 18:00:00,0.6538,0.6549,0.6536,0.6545,768119.9
2026-08-18 18:05:00,0.6545,0.6553,0.6545,0.6551,253645.0
2026-08-18 18:10:00,0.6551,0.6559,0.6549,0.6552,822371.9
2026-08-18 18:15:00,0.6552,0.656,0.6551,0.6555,274084.7
2026-08-18 18:20:00,0.6556,0.6558,0.6554,0.6555,69356.9
2026-08-18 18:25:00,0.6555,0.6567,0.6553,0.6567,249487.7
2026-08-18 18:30:00,0.6566,0.6575,0.6564,0.6573,433879.8
2026-08-18 18:35:00,0.6573,0.6583,0.6571,0.6582,447978.4
2026-08-18 18:40:00,0.6582,0.6583,0.6569,0.6577,235659.3
2026-08-18 18:45:00,0.6577,0.6578,0.6574,0.6576,125675.2
2026-08-18 18:50:00,0.6576,0.6577,0.657,0.6572,195048.4
2026-08-18 18:55:00,0.6572,0.6575,0.6571,0.6575,122246.0
2026-08-18 19:00:00,0.6574,0.6578,0.6572,0.6572,511456.1
2026-08-18 19:05:00,0.6572,0.6577,0.6566,0.6567,179792.8
2026-08-18 19:10:00,0.6567,0.657,0.6565,0.657,84897.3
2026-08-18 19:15:00,0.657,0.6573,0.6568,0.6571,101889.2
2026-08-18 19:20:00,0.657,0.6578,0.657,0.6578,146722.8
2026-08-18 19:25:00,0.6578,0.6587,0.6577,0.6583,228058.3
2026-08-18 19:30:00,0.6583,0.6583,0.6577,0.6578,192551.7
2026-08-18 19:35:00,0.6578,0.6579,0.6569,0.657,274951.3
2026-08-18 19:40:00,0.657,0.6572,0.6566,0.6567,284567.2
2026-08-18 19:45:00,0.6566,0.6572,0.655,0.6553,461935.7
2026-08-18 19:50:00,0.6552,0.6557,0.6552,0.6556,116422.3
2026-08-18 19:55:00,0.6556,0.6556,0.6553,0.6555,134690.2
2026-08-18 20:00:00,0.6555,0.6558,0.6545,0.6545,326715.6
2026-08-18 20:05:00,0.6546,0.6555,0.6543,0.6555,335710.2
2026-08-18 20:10:00,0.6554,0.6561,0.6554,0.6561,99493.8
2026-08-18 20:15:00,0.656,0.6562,0.6544,0.6544,247616.4
2026-08-18 20:20:00,0.6544,0.6555,0.6536,0.6552,908925.6
2026-08-18 20:25:00,0.6552,0.6555,0.6548,0.6549,397615.2
2026-08-18 20:30:00,0.6549,0.6557,0.6542,0.6546,1453425.2
2026-08-18 20:35:00,0.6545,0.6547,0.6539,0.6541,162058.8
2026-08-18 20:40:00,0.654,0.6541,0.6528,0.653,1157870.6
2026-08-18 20:45:00,0.653,0.6533,0.6512,0.6513,1336928.3
2026-08-18 20:50:00,0.6513,0.6545,0.6508,0.6544,1684344.8
2026-08-18 20:55:00,0.6545,0.6545,0.6526,0.6527,370024.4
2026-08-18 21:00:00,0.6526,0.6534,0.6525,0.6531,273291.8
2026-08-18 21:05:00,0.6532,0.6532,0.6522,0.6524,197347.7
2026-08-18 21:10:00,0.6525,0.6538,0.6524,0.6528,425088.3
2026-08-18 21:15:00,0.6529,0.653,0.6525,0.6527,90147.9
2026-08-18 21:20:00,0.6527,0.653,0.6527,0.653,81692.8
2026-08-18 21:25:00,0.653,0.6531,0.6527,0.6527,119382.2
2026-08-18 21:30:00,0.6527,0.6528,0.6522,0.6523,64004.7
2026-08-18 21:35:00,0.6523,0.6523,0.6514,0.6516,178254.8
2026-08-18 21:40:00,0.6517,0.6523,0.6513,0.6514,262100.9
2026-08-18 21:45:00,0.6515,0.6515,0.6512,0.6512,78919.3
2026-08-18 21:50:00,0.6513,0.652,0.6469,0.65,6050861.6
2026-08-18 21:55:00,0.6501,0.6507,0.6496,0.6507,419679.5
2026-08-18 22:00:00,0.6506,0.6507,0.6495,0.6504,728158.5
2026-08-18 22:05:00,0.6505,0.6511,0.6503,0.6508,470255.6
2026-08-18 22:10:00,0.6508,0.6521,0.6497,0.6498,1741879.5
2026-08-18 22:15:00,0.6498,0.6501,0.6493,0.65,373554.7
2026-08-18 22:20:00,0.65,0.6504,0.6486,0.6487,1186394.2
2026-08-18 22:25:00,0.6488,0.6505,0.6481,0.6505,1381726.1
2026-08-18 22:30:00,0.6505,0.6511,0.6503,0.6511,627726.3
2026-08-18 22:35:00,0.6511,0.6514,0.6496,0.6505,1417403.9
2026-08-18 22:40:00,0.6505,0.6505,0.6492,0.6494,386766.1
2026-08-18 22:45:00,0.6494,0.6494,0.6477,0.6478,1076252.1
2026-08-18 22:50:00,0.6479,0.6485,0.6464,0.6468,1278901.7
2026-08-18 22:55:00,0.6468,0.6494,0.6468,0.6492,1428671.0
2026-08-18 23:00:00,0.6492,0.6508,0.649,0.6507,520712.9
2026-08-18 23:05:00,0.6507,0.6513,0.6495,0.6502,1350570.0
2026-08-18 23:10:00,0.6501,0.6514,0.6501,0.6509,590332.3
2026-08-18 23:15:00,0.651,0.6512,0.6507,0.651,275067.8
2026-08-18 23:20:00,0.6509,0.6519,0.6509,0.6516,335772.4
2026-08-18 23:25:00,0.6515,0.6522,0.6507,0.6515,720462.5
2026-08-18 23:30:00,0.6515,0.6523,0.6515,0.6523,248685.3
2026-08-18 23:35:00,0.6523,0.6525,0.6517,0.6517,234757.1
2026-08-18 23:40:00,0.6518,0.6529,0.6517,0.6524,301298.9
2026-08-18 23:45:00,0.6523,0.6524,0.6515,0.652,213832.5
2026-08-18 23:50:00,0.652,0.652,0.6513,0.6516,283604.4
2026-08-18 23:55:00,0.6516,0.6519,0.6512,0.6513,220785.8
2026-08-19 00:00:00,0.6513,0.6519,0.6501,0.6501,1143639.4
2026-08-19 00:05:00,0.6502,0.6507,0.6497,0.6498,471115.1
2026-08-19 00:10:00,0.6497,0.6499,0.6487,0.6488,423517.1
2026-08-19 00:15:00,0.6487,0.6503,0.648,0.6501,1063017.6
2026-08-19 00:20:00,0.6501,0.651,0.6499,0.6499,566545.7
2026-08-19 00:25:00,0.65,0.6503,0.6496,0.6496,524404.6
2026-08-19 00:30:00,0.6497,0.6502,0.6496,0.65,333534.0
2026-08-19 00:35:00,0.65,0.6509,0.6492,0.6509,548938.0
2026-08-19 00:40:00,0.6509,0.6509,0.6502,0.6509,267619.4
2026-08-19 00:45:00,0.6509,0.6522,0.6505,0.652,237799.1
2026-08-19 00:50:00,0.652,0.6522,0.6515,0.652,191872.2
2026-08-19 00:55:00,0.6519,0.652,0.6507,0.6508,302097.3
2026-08-19 01:00:00,0.6508,0.6516,0.6506,0.6516,377506.3
2026-08-19 01:05:00,0.6515,0.6537,0.6514,0.6537,675524.4
2026-08-19 01:10:00,0.6537,0.6546,0.6529,0.653,1656213.5
2026-08-19 01:15:00,0.653,0.6532,0.6523,0.6532,380963.0
2026-08-19 01:20:00,0.6532,0.6538,0.6527,0.6532,574974.2
2026-08-19 01:25:00,0.6531,0.6539,0.6526,0.6538,965552.9
2026-08-19 01:30:00,0.6537,0.6544,0.6533,0.654,502903.3
2026-08-19 01:35:00,0.654,0.6541,0.6534,0.654,271831.5
2026-08-19 01:40:00,0.654,0.6541,0.6533,0.654,200341.1
2026-08-19 01:45:00,0.654,0.6546,0.6538,0.6542,186880.0
2026-08-19 01:50:00,0.6541,0.6546,0.654,0.6544,149114.0
2026-08-19 01:55:00,0.6544,0.6546,0.6537,0.6538,147496.7
2026-08-19 02:00:00,0.6538,0.6543,0.6532,0.6532,271250.3
2026-08-19 02:05:00,0.6533,0.6534,0.6527,0.653,174465.9
2026-08-19 02:10:00,0.653,0.6537,0.6529,0.6533,127458.9
2026-08-19 02:15:00,0.6533,0.6535,0.6524,0.6525,185917.8
2026-08-19 02:20:00,0.6526,0.6541,0.6523,0.654,277274.2
2026-08-19 02:25:00,0.654,0.6543,0.6537,0.6537,134474.9
2026-08-19 02:30:00,0.6537,0.654,0.6529,0.653,167433.2
2026-08-19 02:35:00,0.6531,0.654,0.653,0.6535,152541.3
2026-08-19 02:40:00,0.6534,0.6536,0.6526,0.6527,161435.8
2026-08-19 02:45:00,0.6527,0.6535,0.6521,0.6522,215607.4
2026-08-19 02:50:00,0.6522,0.6522,0.6517,0.6518,230555.7
2026-08-19 02:55:00,0.6518,0.6534,0.6517,0.653,416557.6
2026-08-19 03:00:00,0.653,0.6537,0.6526,0.6531,348288.7
2026-08-19 03:05:00,0.6531,0.6533,0.6526,0.653,379189.1
2026-08-19 03:10:00,0.6531,0.6545,0.653,0.6545,224687.0
2026-08-19 03:15:00,0.6545,0.6567,0.6544,0.6566,753934.6
2026-08-19 03:20:00,0.6566,0.6573,0.6557,0.6557,444784.2
2026-08-19 03:25:00,0.6558,0.6563,0.6557,0.6559,255896.7
2026-08-19 03:30:00,0.6559,0.6562,0.6555,0.6558,252408.3
2026-08-19 03:35:00,0.6558,0.6565,0.6556,0.6562,282937.8
2026-08-19 03:40:00,0.6562,0.6566,0.6561,0.6564,201554.3
2026-08-19 03:45:00,0.6563,0.6566,0.6559,0.6563,304640.7
2026-08-19 03:50:00,0.6563,0.6569,0.6562,0.6566,285294.8
2026-08-19 03:55:00,0.6566,0.6571,0.6564,0.6567,175546.5
2026-08-19 04:00:00,0.6567,0.6571,0.656,0.6564,367355.3
2026-08-19 04:05:00,0.6565,0.6565,0.6557,0.6563,287778.6
2026-08-19 04:10:00,0.6564,0.6564,0.6557,0.6558,222490.9
2026-08-19 04:15:00,0.6559,0.6564,0.6557,0.6563,244640.3
2026-08-19 04:20:00,0.6564,0.6566,0.6562,0.6566,106134.8
2026-08-19 04:25:00,0.6566,0.6569,0.6559,0.6559,335776.6
2026-08-19 04:30:00,0.656,0.656,0.6554,0.6557,297882.2
2026-08-19 04:35:00,0.6557,0.6561,0.6551,0.6556,526250.7
2026-08-19 04:40:00,0.6556,0.6558,0.6551,0.6552,162529.4
2026-08-19 04:45:00,0.6553,0.6557,0.6549,0.6553,366797.0
2026-08-19 04:50:00,0.6553,0.6553,0.6544,0.6549,492228.8
2026-08-19 04:55:00,0.655,0.6562,0.6543,0.6551,914119.7
2026-08-19 05:00:00,0.6551,0.6559,0.6548,0.6556,318613.7
2026-08-19 05:05:00,0.6555,0.6559,0.6548,0.6558,501763.4
2026-08-19 05:10:00,0.6558,0.6584,0.6555,0.6556,2977190.0
2026-08-19 05:15:00,0.6556,0.6563,0.6548,0.6549,469567.0
2026-08-19 05:20:00,0.6549,0.6559,0.6537,0.6559,2122027.8
2026-08-19 05:25:00,0.6559,0.657,0.6557,0.6567,567799.6
2026-08-19 05:30:00,0.6568,0.657,0.6562,0.6564,142113.9
2026-08-19 05:35:00,0.6564,0.6566,0.6562,0.6566,100447.9
2026-08-19 05:40:00,0.6566,0.6566,0.6559,0.6562,149274.1
2026-08-19 05:45:00,0.6562,0.6563,0.6553,0.6554,129746.0
2026-08-19 05:50:00,0.6553,0.6555,0.6545,0.6546,398589.9
2026-08-19 05:55:00,0.6546,0.6551,0.6544,0.6548,284215.4
2026-08-19 06:00:00,0.6547,0.6549,0.6537,0.6539,281320.3
2026-08-19 06:05:00,0.6539,0.6543,0.6529,0.6531,599201.0
2026-08-19 06:10:00,0.6531,0.6533,0.6529,0.6531,277822.6
2026-08-19 06:15:00,0.6532,0.6554,0.6531,0.6553,443071.7
2026-08-19 06:20:00,0.6554,0.6569,0.6554,0.6562,1171248.4
2026-08-19 06:25:00,0.6561,0.6562,0.655,0.6551,500274.3
2026-08-19 06:30:00,0.6552,0.656,0.6543,0.656,1493904.8
2026-08-19 06:35:00,0.656,0.657,0.656,0.6569,681546.4
2026-08-19 06:40:00,0.6568,0.6572,0.6563,0.6572,1215089.2
2026-08-19 06:45:00,0.6572,0.6587,0.6564,0.6565,2297389.1
2026-08-19 06:50:00,0.6565,0.657,0.6559,0.6564,344570.5
2026-08-19 06:55:00,0.6564,0.6572,0.6563,0.657,277889.8
2026-08-19 07:00:00,0.6571,0.6575,0.6558,0.6559,428451.6
2026-08-19 07:05:00,0.6559,0.6562,0.6551,0.6556,979136.2
2026-08-19 07:10:00,0.6556,0.6566,0.6554,0.6564,319295.2
2026-08-19 07:15:00,0.6565,0.6565,0.6556,0.656,160511.3
2026-08-19 07:20:00,0.6561,0.6565,0.6557,0.6562,280781.5
2026-08-19 07:25:00,0.6563,0.6566,0.656,0.656,194144.1
2026-08-19 07:30:00,0.6561,0.6568,0.656,0.6568,151050.6
2026-08-19 07:35:00,0.6567,0.657,0.6564,0.6566,141284.7
2026-08-19 07:40:00,0.6566,0.6571,0.6563,0.6563,182264.0
2026-08-19 07:45:00,0.6564,0.6579,0.6563,0.6578,732999.2
2026-08-19 07:50:00,0.6578,0.6579,0.6575,0.6576,202560.5
2026-08-19 07:55:00,0.6576,0.6577,0.6564,0.6568,732521.2
2026-08-19 08:00:00,0.6568,0.6569,0.656,0.6565,329360.0
2026-08-19 08:05:00,0.6564,0.6579,0.6564,0.6574,833353.1
2026-08-19 08:10:00,0.6575,0.6579,0.6567,0.6569,850581.4
2026-08-19 08:15:00,0.657,0.6576,0.6562,0.6571,1388964.6
2026-08-19 08:20:00,0.6571,0.6574,0.6568,0.6572,207504.0
2026-08-19 08:25:00,0.6572,0.6583,0.6572,0.658,515399.3
2026-08-19 08:30:00,0.6581,0.6586,0.6575,0.6579,1098576.2
2026-08-19 08:35:00,0.6578,0.6599,0.6576,0.659,1173189.3
2026-08-19 08:40:00,0.659,0.66,0.6584,0.6595,1731975.4
2026-08-19 08:45:00,0.6596,0.6607,0.6586,0.6587,2954840.3
2026-08-19 08:50:00,0.6587,0.6595,0.658,0.6582,1910536.6
2026-08-19 08:55:00,0.6583,0.6591,0.6583,0.6585,2668610.6
2026-08-19 09:00:00,0.6585,0.66,0.6584,0.6598,1431641.5
2026-08-19 09:05:00,0.6597,0.6598,0.6574,0.6574,494036.5
2026-08-19 09:10:00,0.6575,0.6583,0.6575,0.6578,254355.7
2026-08-19 09:15:00,0.6578,0.6585,0.6576,0.6579,443152.1
2026-08-19 09:20:00,0.658,0.6584,0.6578,0.6579,347890.8
2026-08-19 09:25:00,0.658,0.658,0.6576,0.6579,367995.9
2026-08-19 09:30:00,0.6579,0.658,0.6575,0.6575,205704.5
2026-08-19 09:35:00,0.6575,0.6577,0.6569,0.657,296487.4
2026-08-19 09:40:00,0.6571,0.6571,0.6567,0.6569,165244.7
2026-08-19 09:45:00,0.6569,0.6572,0.6568,0.6569,118145.5
2026-08-19 09:50:00,0.6568,0.6571,0.6566,0.657,177372.0
2026-08-19 09:55:00,0.6571,0.6575,0.6569,0.6574,186490.9
2026-08-19 10:00:00,0.6574,0.6575,0.6568,0.6568,460355.8
2026-08-19 10:05:00,0.6568,0.657,0.6567,0.6567,338902.8
2026-08-19 10:10:00,0.6567,0.6567,0.6562,0.6564,316528.8
2026-08-19 10:15:00,0.6564,0.6566,0.6562,0.6565,175416.6
2026-08-19 10:20:00,0.6565,0.6571,0.6562,0.6563,181546.2
2026-08-19 10:25:00,0.6562,0.6563,0.6557,0.6557,216958.3
2026-08-19 10:30:00,0.6558,0.6566,0.6553,0.6563,402523.4
2026-08-19 10:35:00,0.6562,0.6566,0.6557,0.6566,355410.4
2026-08-19 10:40:00,0.6566,0.6568,0.6562,0.6567,169800.5
2026-08-19 10:45:00,0.6567,0.6574,0.6563,0.6563,422403.8
2026-08-19 10:50:00,0.6564,0.6568,0.6562,0.6567,232170.5
2026-08-19 10:55:00,0.6566,0.6572,0.6566,0.657,224502.5
2026-08-19 11:00:00,0.657,0.6574,0.6567,0.6574,507140.9
2026-08-19 11:05:00,0.6574,0.6585,0.6574,0.6579,967011.6
2026-08-19 11:10:00,0.6579,0.6585,0.6579,0.658,827465.6
2026-08-19 11:15:00,0.6581,0.6581,0.6574,0.6579,515606.3
2026-08-19 11:20:00,0.6578,0.6584,0.6577,0.6584,158018.1
2026-08-19 11:25:00,0.6583,0.6584,0.6577,0.6577,159622.9
2026-08-19 11:30:00,0.6577,0.6583,0.6576,0.6579,220671.4
2026-08-19 11:35:00,0.6578,0.6579,0.6573,0.6574,56559.7
2026-08-19 11:40:00,0.6574,0.6574,0.6569,0.6569,166608.5
2026-08-19 11:45:00,0.657,0.6576,0.6569,0.6576,141691.4
2026-08-19 11:50:00,0.6576,0.6577,0.6571,0.6576,150633.3
2026-08-19 11:55:00,0.6575,0.6578,0.6573,0.6576,100528.3
2026-08-19 12:00:00,0.6577,0.6577,0.6566,0.6566,349529.5
2026-08-19 12:05:00,0.6567,0.657,0.6563,0.6569,260347.2
2026-08-19 12:10:00,0.6569,0.657,0.6566,0.6569,193421.2
2026-08-19 12:15:00,0.657,0.657,0.6562,0.6565,167617.9
2026-08-19 12:20:00,0.6564,0.6566,0.6561,0.6562,258894.9
2026-08-19 12:25:00,0.6562,0.6563,0.6557,0.6557,362794.7
2026-08-19 12:30:00,0.6558,0.6571,0.6553,0.6569,490110.1
2026-08-19 12:35:00,0.6569,0.6574,0.6559,0.6567,562829.8
2026-08-19 12:40:00,0.6567,0.6589,0.6567,0.6587,638962.9
2026-08-19 12:45:00,0.6587,0.6592,0.6579,0.6589,1008892.1
2026-08-19 12:50:00,0.6589,0.6589,0.6578,0.6582,462622.2
2026-08-19 12:55:00,0.6582,0.6585,0.658,0.6581,355182.7
2026-08-19 13:00:00,0.6582,0.6583,0.6567,0.6571,822645.4
2026-08-19 13:05:00,0.6571,0.6575,0.6567,0.657,476436.6
2026-08-19 13:10:00,0.6571,0.6583,0.6565,0.6571,707395.0
2026-08-19 13:15:00,0.6571,0.6577,0.6571,0.6572,262801.9
2026-08-19 13:20:00,0.6573,0.6578,0.657,0.6578,374259.6
2026-08-19 13:25:00,0.6577,0.6584,0.6575,0.6581,297126.8
2026-08-19 13:30:00,0.6582,0.6595,0.6576,0.6583,1204322.3
2026-08-19 13:35:00,0.6582,0.6585,0.6559,0.6559,1177491.4
2026-08-19 13:40:00,0.6559,0.6562,0.6545,0.6556,1385733.2
2026-08-19 13:45:00,0.6556,0.6561,0.6549,0.655,939267.4
2026-08-19 13:50:00,0.6549,0.6555,0.6538,0.6543,1105307.7
2026-08-19 13:55:00,0.6543,0.6554,0.6543,0.6551,455248.6
2026-08-19 14:00:00,0.6551,0.656,0.6546,0.6559,620283.3
2026-08-19 14:05:00,0.656,0.6584,0.6558,0.6578,851220.7
2026-08-19 14:10:00,0.6578,0.6587,0.6578,0.6583,989563.7
2026-08-19 14:15:00,0.6584,0.6592,0.6574,0.6581,525703.7
2026-08-19 14:20:00,0.6581,0.6585,0.6567,0.6576,807165.2
2026-08-19 14:25:00,0.6575,0.6582,0.657,0.6576,378663.1
2026-08-19 14:30:00,0.6577,0.6586,0.6572,0.6582,394066.3
2026-08-19 14:35:00,0.6581,0.6597,0.6581,0.6593,1396740.9
2026-08-19 14:40:00,0.6593,0.6623,0.6591,0.6611,2093670.5
2026-08-19 14:45:00,0.6612,0.6631,0.6608,0.6631,2016461.7
2026-08-19 14:50:00,0.6631,0.6676,0.6627,0.6668,2501438.4
2026-08-19 14:55:00,0.6667,0.6716,0.6666,0.6704,5510706.8
2026-08-19 15:00:00,0.6704,0.6716,0.6692,0.6714,3123851.0
2026-08-19 15:05:00,0.6713,0.6836,0.6713,0.6827,12030877.5
2026-08-19 15:10:00,0.6827,0.683,0.6806,0.6821,6878109.1
2026-08-19 15:15:00,0.682,0.6845,0.6796,0.681,4000552.2
2026-08-19 15:20:00,0.6809,0.6886,0.6808,0.6877,4815415.6
2026-08-19 15:25:00,0.6876,0.7027,0.6852,0.7,19013313.4
2026-08-19 15:30:00,0.7001,0.7006,0.6938,0.696,8711826.1
2026-08-19 15:35:00,0.696,0.6984,0.6951,0.6972,4436390.7
2026-08-19 15:40:00,0.6972,0.6981,0.6936,0.6938,3129520.9
2026-08-19 15:45:00,0.6938,0.6939,0.6859,0.6863,6278286.7
2026-08-19 15:50:00,0.6862,0.6875,0.6819,0.6819,3068888.3
2026-08-19 15:55:00,0.682,0.6843,0.6796,0.6798,3464710.6
2026-08-19 16:00:00,0.6797,0.6855,0.6796,0.6853,5099018.7
2026-08-19 16:05:00,0.6853,0.6871,0.6841,0.6848,2825805.8
2026-08-19 16:10:00,0.6848,0.6852,0.6835,0.6843,1434920.4
2026-08-19 16:15:00,0.6843,0.687,0.6843,0.6869,1258232.1
2026-08-19 16:20:00,0.687,0.6928,0.686,0.6913,4489827.0
2026-08-19 16:25:00,0.6913,0.6914,0.6899,0.6909,1253949.5
2026-08-19 16:30:00,0.6908,0.691,0.6886,0.6897,1337045.6
2026-08-19 16:35:00,0.6898,0.69,0.6883,0.6886,1497656.2
2026-08-19 16:40:00,0.6886,0.69,0.6873,0.6882,2208727.4
2026-08-19 16:45:00,0.6881,0.689,0.6868,0.6887,502680.9
2026-08-19 16:50:00,0.6887,0.689,0.6872,0.6888,558764.0
2026-08-19 16:55:00,0.6888,0.6895,0.6857,0.6861,1214927.4
2026-08-19 17:00:00,0.6861,0.6866,0.6834,0.6863,3436608.5
2026-08-19 17:05:00,0.6863,0.6873,0.6836,0.6841,1575734.0
2026-08-19 17:10:00,0.6841,0.6849,0.6826,0.6832,998413.6
2026-08-19 17:15:00,0.6831,0.684,0.6805,0.6811,1255457.8
2026-08-19 17:20:00,0.6811,0.6819,0.6804,0.6811,745935.4
2026-08-19 17:25:00,0.681,0.6821,0.6807,0.682,919718.3
2026-08-19 17:30:00,0.682,0.6824,0.6777,0.679,1794055.0
2026-08-19 17:35:00,0.6789,0.6813,0.6789,0.6812,546221.6
2026-08-19 17:40:00,0.6812,0.6821,0.6805,0.6821,364218.0
2026-08-19 17:45:00,0.6821,0.6852,0.682,0.6836,847237.5
2026-08-19 17:50:00,0.6837,0.6853,0.6836,0.685,661708.9
2026-08-19 17:55:00,0.685,0.6854,0.6845,0.685,797707.9
2026-08-19 18:00:00,0.685,0.6862,0.6844,0.6845,1002010.1
2026-08-19 18:05:00,0.6845,0.6848,0.6824,0.6827,567277.5
2026-08-19 18:10:00,0.6826,0.6842,0.682,0.6841,544193.3
2026-08-19 18:15:00,0.684,0.685,0.6836,0.6847,821428.2
2026-08-19 18:20:00,0.6847,0.6847,0.684,0.6843,216160.3
2026-08-19 18:25:00,0.6843,0.6857,0.6843,0.6856,789228.5
2026-08-19 18:30:00,0.6855,0.6855,0.6846,0.6849,371807.5
2026-08-19 18:35:00,0.6848,0.6854,0.6843,0.6845,269006.3
2026-08-19 18:40:00,0.6845,0.6868,0.6844,0.6868,504614.4
2026-08-19 18:45:00,0.6868,0.6873,0.6863,0.687,547631.9
2026-08-19 18:50:00,0.687,0.6878,0.6865,0.6876,386014.9
2026-08-19 18:55:00,0.6876,0.6877,0.6865,0.6871,284510.8
2026-08-19 19:00:00,0.687,0.688,0.6864,0.6878,626269.9
2026-08-19 19:05:00,0.6878,0.6886,0.6874,0.6877,886153.6
2026-08-19 19:10:00,0.6877,0.69,0.6853,0.6863,1957486.2
2026-08-19 19:15:00,0.6863,0.6899,0.6863,0.6889,560108.8
2026-08-19 19:20:00,0.6889,0.6899,0.6885,0.6894,336252.8
2026-08-19 19:25:00,0.6893,0.6898,0.688,0.6885,748884.0
2026-08-19 19:30:00,0.6884,0.6911,0.688,0.6902,449301.4
2026-08-19 19:35:00,0.6902,0.6913,0.6897,0.6911,532029.1
2026-08-19 19:40:00,0.691,0.6928,0.6907,0.6928,760455.7
2026-08-19 19:45:00,0.6928,0.6936,0.6913,0.6923,1062319.2
2026-08-19 19:50:00,0.6923,0.6937,0.692,0.6929,616258.9
2026-08-19 19:55:00,0.6929,0.6962,0.6927,0.6958,1564893.5
2026-08-19 20:00:00,0.6958,0.6984,0.6944,0.6952,3675229.3
2026-08-19 20:05:00,0.6952,0.6969,0.6939,0.6965,1122673.9
2026-08-19 20:10:00,0.6965,0.6971,0.6958,0.6966,1086650.4
2026-08-19 20:15:00,0.6965,0.6966,0.6954,0.6963,486558.6
2026-08-19 20:20:00,0.6963,0.6974,0.6959,0.6973,660825.0
2026-08-19 20:25:00,0.6973,0.699,0.6961,0.6967,932046.1
2026-08-19 20:30:00,0.6966,0.6975,0.6955,0.6973,756893.4
2026-08-19 20:35:00,0.6973,0.6973,0.6963,0.6971,383627.9
2026-08-19 20:40:00,0.6971,0.6977,0.6953,0.6953,389819.3
2026-08-19 20:45:00,0.6954,0.6967,0.6945,0.6967,692942.0
2026-08-19 20:50:00,0.6966,0.7094,0.6965,0.7086,11674319.6
2026-08-19 20:55:00,0.7086,0.7086,0.7052,0.7053,2098508.3
2026-08-19 21:00:00,0.7053,0.7138,0.7051,0.7129,5053080.3
2026-08-19 21:05:00,0.7129,0.7231,0.7111,0.7229,9193083.1
2026-08-19 21:10:00,0.7228,0.7243,0.7178,0.7206,4802101.5
2026-08-19 21:15:00,0.7206,0.7216,0.7152,0.7176,6599943.1
2026-08-19 21:20:00,0.7175,0.7205,0.7161,0.7188,1978251.7
2026-08-19 21:25:00,0.7187,0.7224,0.7179,0.7219,1832801.7
2026-08-19 21:30:00,0.7218,0.7247,0.7201,0.7216,3191498.8
2026-08-19 21:35:00,0.7216,0.7229,0.717,0.7175,922907.2
2026-08-19 21:40:00,0.7176,0.721,0.7169,0.7204,708444.4
2026-08-19 21:45:00,0.7204,0.725,0.7202,0.7224,1243265.8
2026-08-19 21:50:00,0.7225,0.7231,0.7204,0.7208,1337714.0
2026-08-19 21:55:00,0.7208,0.7233,0.7196,0.722,1414439.7
2026-08-19 22:00:00,0.7221,0.724,0.7159,0.7188,2271716.6
2026-08-19 22:05:00,0.7188,0.7194,0.7133,0.7166,3773908.0
2026-08-19 22:10:00,0.7167,0.7171,0.7121,0.7137,2899281.5
2026-08-19 22:15:00,0.7137,0.7167,0.7136,0.7155,1135650.8
2026-08-19 22:20:00,0.7156,0.7168,0.7131,0.7132,1176007.8
2026-08-19 22:25:00,0.7133,0.7135,0.7091,0.7095,1466930.5
2026-08-19 22:30:00,0.7096,0.7105,0.7054,0.7085,3027627.0
2026-08-19 22:35:00,0.7085,0.7109,0.7065,0.7104,1191722.0
2026-08-19 22:40:00,0.7104,0.7136,0.7102,0.7104,1648640.7
2026-08-19 22:45:00,0.7104,0.7107,0.7061,0.7067,891014.0
2026-08-19 22:50:00,0.7068,0.7075,0.704,0.7044,1741373.4
2026-08-19 22:55:00,0.7044,0.7085,0.7033,0.7072,1661399.0
2026-08-19 23:00:00,0.7072,0.708,0.7056,0.7068,1155338.9
2026-08-19 23:05:00,0.7068,0.7076,0.7063,0.7063,601860.4
2026-08-19 23:10:00,0.7064,0.707,0.7053,0.7054,469334.8
2026-08-19 23:15:00,0.7053,0.7071,0.7051,0.7061,724537.8
2026-08-19 23:20:00,0.7061,0.7064,0.7048,0.7055,449503.1
2026-08-19 23:25:00,0.7054,0.7073,0.7051,0.7061,1183810.8
2026-08-19 23:30:00,0.7061,0.7062,0.7043,0.7047,745869.4
2026-08-19 23:35:00,0.7046,0.7091,0.7044,0.7084,1179734.3
2026-08-19 23:40:00,0.7084,0.7097,0.7073,0.7073,1653283.7
2026-08-19 23:45:00,0.7072,0.7073,0.7035,0.7039,794060.3
2026-08-19 23:50:00,0.7039,0.7056,0.7023,0.7053,1592028.5
2026-08-19 23:55:00,0.7053,0.7065,0.7051,0.706,273052.2
2026-08-20 00:00:00,0.706,0.7088,0.7059,0.7077,1416510.9
2026-08-20 00:05:00,0.7078,0.7089,0.7072,0.7088,784706.9
2026-08-20 00:10:00,0.7087,0.7094,0.7068,0.7076,838236.0
2026-08-20 00:15:00,0.7077,0.7097,0.7074,0.7095,492770.8
2026-08-20 00:20:00,0.7096,0.7101,0.7077,0.709,862275.3
2026-08-20 00:25:00,0.709,0.7116,0.7079,0.7104,1138230.5
2026-08-20 00:30:00,0.7104,0.7125,0.7099,0.7103,1646488.7
2026-08-20 00:35:00,0.7103,0.711,0.7093,0.7108,611212.3
2026-08-20 00:40:00,0.7108,0.7108,0.7081,0.7102,946946.9
2026-08-20 00:45:00,0.7102,0.7121,0.7102,0.7111,919883.6
2026-08-20 00:50:00,0.7111,0.7114,0.7081,0.7087,913334.6
2026-08-20 00:55:00,0.7088,0.7088,0.7063,0.7076,1326744.3
2026-08-20 01:00:00,0.7076,0.7104,0.707,0.7092,950808.9
2026-08-20 01:05:00,0.7092,0.7092,0.7056,0.7056,1199961.1
2026-08-20 01:10:00,0.7056,0.706,0.7043,0.7047,762516.5
2026-08-20 01:15:00,0.7046,0.7059,0.7031,0.705,820009.6
2026-08-20 01:20:00,0.705,0.7063,0.7045,0.7055,662231.0
2026-08-20 01:25:00,0.7055,0.7058,0.7045,0.7047,365739.7
2026-08-20 01:30:00,0.7047,0.7073,0.7045,0.7066,787025.0
2026-08-20 01:35:00,0.7066,0.7072,0.7064,0.707,323169.8
2026-08-20 01:40:00,0.7071,0.7079,0.707,0.7075,396851.7
2026-08-20 01:45:00,0.7075,0.7104,0.7075,0.7095,635212.4
2026-08-20 01:50:00,0.7095,0.71,0.7089,0.7093,437120.7
2026-08-20 01:55:00,0.7093,0.7097,0.7087,0.7091,283784.7
2026-08-20 02:00:00,0.7091,0.7105,0.7087,0.7093,727633.5
2026-08-20 02:05:00,0.7094,0.7094,0.7079,0.7081,329213.8
2026-08-20 02:10:00,0.7081,0.7087,0.707,0.7079,490376.0
2026-08-20 02:15:00,0.7079,0.7081,0.7072,0.7079,348773.5
2026-08-20 02:20:00,0.7079,0.7079,0.7057,0.7057,822297.5
2026-08-20 02:25:00,0.7057,0.7061,0.7052,0.7055,481001.7
2026-08-20 02:30:00,0.7055,0.7067,0.705,0.7061,1593883.7
2026-08-20 02:35:00,0.7061,0.7061,0.7047,0.7055,337290.2
2026-08-20 02:40:00,0.7054,0.7055,0.7044,0.7051,306433.9
2026-08-20 02:45:00,0.7051,0.7052,0.7039,0.7045,638490.6
2026-08-20 02:50:00,0.7045,0.7047,0.7032,0.7036,715564.8
2026-08-20 02:55:00,0.7036,0.7043,0.7027,0.7035,804838.8
2026-08-20 03:00:00,0.7034,0.7035,0.6987,0.6991,2555772.3
2026-08-20 03:05:00,0.699,0.6996,0.6964,0.697,2084089.8
2026-08-20 03:10:00,0.697,0.6976,0.6934,0.6968,2246532.4
2026-08-20 03:15:00,0.6968,0.7,0.6967,0.6999,1616044.0
2026-08-20 03:20:00,0.6999,0.7006,0.6989,0.6989,778313.5
2026-08-20 03:25:00,0.699,0.699,0.6972,0.6975,417571.3
2026-08-20 03:30:00,0.6975,0.6996,0.6973,0.6993,573603.6
2026-08-20 03:35:00,0.6993,0.6998,0.6987,0.6991,219796.0
2026-08-20 03:40:00,0.699,0.7003,0.699,0.6998,302201.2
2026-08-20 03:45:00,0.6997,0.7011,0.6995,0.7001,282691.9
2026-08-20 03:50:00,0.7001,0.7005,0.6995,0.6999,254255.9
2026-08-20 03:55:00,0.6999,0.6999,0.6992,0.6993,142103.8
2026-08-20 04:00:00,0.6993,0.7001,0.699,0.7,250853.3
2026-08-20 04:05:00,0.7,0.7015,0.6998,0.7014,329317.7
2026-08-20 04:10:00,0.7014,0.7018,0.701,0.7011,325635.1
2026-08-20 04:15:00,0.7011,0.7018,0.7007,0.7013,212813.0
2026-08-20 04:20:00,0.7013,0.7013,0.6999,0.7003,221539.7
2026-08-20 04:25:00,0.7002,0.7006,0.6991,0.6997,409472.2
2026-08-20 04:30:00,0.6997,0.6997,0.697,0.6973,629591.1
2026-08-20 04:35:00,0.6972,0.6979,0.6972,0.6973,229138.8
2026-08-20 04:40:00,0.6973,0.6986,0.6968,0.6984,344775.0
2026-08-20 04:45:00,0.6985,0.6998,0.6985,0.6994,253783.8
2026-08-20 04:50:00,0.6993,0.7017,0.6993,0.7004,545740.0
2026-08-20 04:55:00,0.7004,0.701,0.7004,0.7008,310412.5
2026-08-20 05:00:00,0.7008,0.7012,0.7,0.7002,305285.7
2026-08-20 05:05:00,0.7003,0.7005,0.6996,0.6997,268061.8
2026-08-20 05:10:00,0.6996,0.6996,0.6985,0.6986,179636.7
2026-08-20 05:15:00,0.6986,0.6999,0.6983,0.6998,265775.4
2026-08-20 05:20:00,0.6997,0.7011,0.6992,0.7011,250993.1
2026-08-20 05:25:00,0.701,0.7011,0.7,0.7001,145817.2
2026-08-20 05:30:00,0.7,0.7004,0.6996,0.7001,163682.1
2026-08-20 05:35:00,0.7001,0.7005,0.6994,0.6995,200547.7
2026-08-20 05:40:00,0.6995,0.7003,0.6994,0.7002,113552.4
2026-08-20 05:45:00,0.7002,0.7002,0.6993,0.6996,314822.1
2026-08-20 05:50:00,0.6995,0.7,0.6986,0.6998,510966.2
2026-08-20 05:55:00,0.6997,0.7005,0.6994,0.7003,117796.5
2026-08-20 06:00:00,0.7003,0.7004,0.6997,0.6999,344991.6
2026-08-20 06:05:00,0.6999,0.7018,0.6998,0.7006,471898.4
2026-08-20 06:10:00,0.7006,0.7017,0.6993,0.6994,568329.9
2026-08-20 06:15:00,0.6993,0.7004,0.6985,0.7004,1025570.7
2026-08-20 06:20:00,0.7003,0.7035,0.6999,0.7034,708261.4
2026-08-20 06:25:00,0.7034,0.7044,0.7017,0.7021,838395.4
2026-08-20 06:30:00,0.702,0.7025,0.7005,0.701,870710.5
2026-08-20 06:35:00,0.701,0.7033,0.7005,0.7027,961202.6
2026-08-20 06:40:00,0.7026,0.7049,0.7026,0.7046,1014010.8
2026-08-20 06:45:00,0.7046,0.7055,0.7027,0.7033,1033704.4
2026-08-20 06:50:00,0.7033,0.7036,0.7026,0.7033,266787.0
2026-08-20 06:55:00,0.7033,0.7047,0.7032,0.7044,360279.7
2026-08-20 07:00:00,0.7044,0.7044,0.7031,0.7036,720583.0
2026-08-20 07:05:00,0.7036,0.7049,0.7035,0.7046,507621.5
2026-08-20 07:10:00,0.7044,0.7067,0.7032,0.7048,1774883.2
2026-08-20 07:15:00,0.7048,0.7049,0.7034,0.7034,303451.6
2026-08-20 07:20:00,0.7035,0.704,0.7022,0.7028,487138.4
2026-08-20 07:25:00,0.7028,0.7031,0.7017,0.7017,393040.0
2026-08-20 07:30:00,0.7017,0.7017,0.6995,0.7009,804267.8
2026-08-20 07:35:00,0.7009,0.7022,0.7003,0.701,387106.3
2026-08-20 07:40:00,0.7009,0.7012,0.6999,0.7002,388708.3
2026-08-20 07:45:00,0.7002,0.7021,0.7,0.7019,339565.8
2026-08-20 07:50:00,0.7019,0.703,0.7014,0.703,185080.8
2026-08-20 07:55:00,0.7029,0.7032,0.7013,0.7025,233063.7
2026-08-20 08:00:00,0.7025,0.7031,0.7018,0.703,385489.1
2026-08-20 08:05:00,0.7031,0.71,0.7028,0.7096,2280879.7
2026-08-20 08:10:00,0.7095,0.7162,0.7087,0.7149,3762042.1
2026-08-20 08:15:00,0.7149,0.7178,0.7133,0.7166,2536712.2
2026-08-20 08:20:00,0.7167,0.7167,0.7123,0.7134,2186942.4
2026-08-20 08:25:00,0.7135,0.7169,0.7127,0.7167,1470466.5
2026-08-20 08:30:00,0.7167,0.7192,0.7158,0.718,1813727.4
2026-08-20 08:35:00,0.718,0.7201,0.7167,0.7193,898343.5
2026-08-20 08:40:00,0.7193,0.7221,0.7192,0.7219,1537338.2
2026-08-20 08:45:00,0.722,0.7261,0.7207,0.7239,3249669.0
2026-08-20 08:50:00,0.724,0.725,0.7233,0.7248,1572715.3
2026-08-20 08:55:00,0.7248,0.7257,0.7209,0.7219,2298990.7
2026-08-20 09:00:00,0.7219,0.7237,0.7176,0.723,3607054.2
2026-08-20 09:05:00,0.7229,0.7257,0.722,0.7244,2861697.3
2026-08-20 09:10:00,0.7244,0.7271,0.7233,0.727,1966229.1
2026-08-20 09:15:00,0.7269,0.7279,0.7259,0.7259,2212830.7
2026-08-20 09:20:00,0.7259,0.728,0.7245,0.7276,2177496.7
2026-08-20 09:25:00,0.7276,0.7277,0.7228,0.7228,1511319.1
2026-08-20 09:30:00,0.7228,0.7249,0.7211,0.7214,3616655.2
2026-08-20 09:35:00,0.7214,0.726,0.7212,0.7248,1091796.4
2026-08-20 09:40:00,0.7247,0.7278,0.7244,0.726,1606785.6
2026-08-20 09:45:00,0.726,0.7264,0.7233,0.7235,1018272.7
2026-08-20 09:50:00,0.7234,0.7234,0.7201,0.7206,1520471.7
2026-08-20 09:55:00,0.7206,0.7222,0.7195,0.7218,1138945.9
2026-08-20 10:00:00,0.7219,0.7235,0.7202,0.7215,1687729.8
2026-08-20 10:05:00,0.7216,0.7244,0.7213,0.7242,773813.0
2026-08-20 10:10:00,0.7243,0.7271,0.7235,0.7267,849583.0
2026-08-20 10:15:00,0.7266,0.7306,0.7266,0.7302,1754286.5
2026-08-20 10:20:00,0.7302,0.7304,0.726,0.7275,1592643.8
2026-08-20 10:25:00,0.7274,0.7324,0.7266,0.7318,4581578.2
2026-08-20 10:30:00,0.7318,0.7353,0.73,0.7301,6230558.3
2026-08-20 10:35:00,0.73,0.7307,0.7279,0.7285,1748892.4
2026-08-20 10:40:00,0.7285,0.729,0.7272,0.7276,790412.8
2026-08-20 10:45:00,0.7276,0.7298,0.7276,0.7276,968978.9
2026-08-20 10:50:00,0.7275,0.7288,0.7273,0.728,531459.2
2026-08-20 10:55:00,0.728,0.7293,0.7274,0.7281,1023529.0
2026-08-20 11:00:00,0.7281,0.7299,0.727,0.7281,1516613.9
2026-08-20 11:05:00,0.7281,0.7281,0.7259,0.7268,947679.9
2026-08-20 11:10:00,0.7268,0.7271,0.725,0.7266,760727.6
2026-08-20 11:15:00,0.7266,0.7268,0.7253,0.7256,517398.2
2026-08-20 11:20:00,0.7256,0.7265,0.7249,0.7258,659374.5
2026-08-20 11:25:00,0.7258,0.7264,0.7254,0.7257,296796.8
2026-08-20 11:30:00,0.7256,0.7308,0.7253,0.7302,2352961.0
2026-08-20 11:35:00,0.7302,0.7344,0.7301,0.7342,1600990.8
2026-08-20 11:40:00,0.7341,0.7347,0.731,0.7316,1294280.4
2026-08-20 11:45:00,0.7316,0.733,0.7313,0.7327,1302353.1
2026-08-20 11:50:00,0.7326,0.7326,0.7297,0.7297,705455.3
2026-08-20 11:55:00,0.7297,0.7298,0.7272,0.7283,1465018.9
2026-08-20 12:00:00,0.7284,0.73,0.726,0.726,1475162.9
2026-08-20 12:05:00,0.726,0.7267,0.7195,0.7213,2823678.8
2026-08-20 12:10:00,0.7214,0.7238,0.7214,0.722,990812.4
2026-08-20 12:15:00,0.7219,0.7229,0.7201,0.7213,979415.5
2026-08-20 12:20:00,0.7212,0.7231,0.7212,0.7228,811876.6
2026-08-20 12:25:00,0.7228,0.7228,0.7217,0.7219,1173827.4
2026-08-20 12:30:00,0.722,0.7232,0.7193,0.7202,1477559.4
2026-08-20 12:35:00,0.7202,0.7204,0.7183,0.72,1066256.7
2026-08-20 12:40:00,0.7201,0.7214,0.7187,0.719,613203.9
2026-08-20 12:45:00,0.7191,0.72,0.7165,0.718,1232241.4
2026-08-20 12:50:00,0.718,0.7226,0.718,0.7226,868464.5
2026-08-20 12:55:00,0.7226,0.7234,0.7223,0.7229,657772.8
2026-08-20 13:00:00,0.723,0.7243,0.7216,0.7239,618265.2
2026-08-20 13:05:00,0.724,0.7246,0.7236,0.7238,662320.9
2026-08-20 13:10:00,0.7237,0.7239,0.7223,0.7238,599011.1
2026-08-20 13:15:00,0.7237,0.7241,0.7227,0.7234,644636.6
2026-08-20 13:20:00,0.7233,0.7248,0.7232,0.7245,583262.1
2026-08-20 13:25:00,0.7244,0.7264,0.7224,0.7254,993549.9
2026-08-20 13:30:00,0.7255,0.7256,0.7183,0.7193,2082643.1
2026-08-20 13:35:00,0.7194,0.7217,0.7157,0.7187,2317518.8
2026-08-20 13:40:00,0.7186,0.7219,0.7175,0.7218,469906.5
2026-08-20 13:45:00,0.7218,0.7243,0.7211,0.7232,1932465.3
2026-08-20 13:50:00,0.7231,0.7262,0.7227,0.7249,1325519.7
2026-08-20 13:55:00,0.725,0.7276,0.725,0.7261,820939.7
2026-08-20 14:00:00,0.7262,0.7282,0.7258,0.7274,1180178.9
2026-08-20 14:05:00,0.7274,0.7286,0.7268,0.7279,598851.6
2026-08-20 14:10:00,0.728,0.7305,0.7272,0.7281,1316684.7
2026-08-20 14:15:00,0.7282,0.7285,0.7236,0.7238,1563747.8
2026-08-20 14:20:00,0.7238,0.726,0.7231,0.7255,947783.8
2026-08-20 14:25:00,0.7255,0.726,0.7217,0.723,1132573.7
2026-08-20 14:30:00,0.7231,0.7253,0.7229,0.7234,535205.5
2026-08-20 14:35:00,0.7234,0.7259,0.7231,0.7238,535607.1
2026-08-20 14:40:00,0.7238,0.7246,0.7226,0.7237,497107.9
2026-08-20 14:45:00,0.7238,0.7238,0.7213,0.723,889414.3
2026-08-20 14:50:00,0.7231,0.7267,0.7231,0.7261,626300.1
2026-08-20 14:55:00,0.726,0.7279,0.7253,0.7279,954886.1
2026-08-20 15:00:00,0.7278,0.7358,0.727,0.735,3310913.4
2026-08-20 15:05:00,0.7349,0.736,0.7316,0.733,4359680.5
2026-08-20 15:10:00,0.733,0.7383,0.7321,0.7378,2146620.1
2026-08-20 15:15:00,0.7378,0.7411,0.7363,0.7411,2795278.0
2026-08-20 15:20:00,0.7411,0.742,0.7339,0.7343,2847591.0
2026-08-20 15:25:00,0.7343,0.7374,0.7336,0.7369,1238127.8
2026-08-20 15:30:00,0.7369,0.741,0.7362,0.7381,2221272.8
2026-08-20 15:35:00,0.738,0.738,0.7355,0.736,1270411.8
2026-08-20 15:40:00,0.7361,0.7375,0.7354,0.7359,855961.6
2026-08-20 15:45:00,0.7359,0.7385,0.7348,0.7382,977826.3
2026-08-20 15:50:00,0.7382,0.741,0.7372,0.7405,1437302.0
2026-08-20 15:55:00,0.7405,0.7413,0.7391,0.7394,1074604.1
2026-08-20 16:00:00,0.7395,0.7435,0.7385,0.7386,5001716.2
2026-08-20 16:05:00,0.7387,0.7405,0.7383,0.7402,844855.8
2026-08-20 16:10:00,0.7402,0.7402,0.7351,0.7353,1119668.8
2026-08-20 16:15:00,0.7353,0.7369,0.7323,0.7365,4256757.9
2026-08-20 16:20:00,0.7364,0.7405,0.7341,0.7371,2751986.7
2026-08-20 16:25:00,0.737,0.7409,0.7369,0.7409,727671.8
2026-08-20 16:30:00,0.7408,0.7427,0.7394,0.7418,853477.0
2026-08-20 16:35:00,0.7417,0.7449,0.741,0.7438,1140665.1
2026-08-20 16:40:00,0.7437,0.7489,0.7437,0.7484,3766488.3
2026-08-20 16:45:00,0.7483,0.7513,0.7465,0.7466,4440896.9
2026-08-20 16:50:00,0.7466,0.7475,0.7447,0.7465,2861419.0
2026-08-20 16:55:00,0.7464,0.7491,0.7446,0.7491,1917749.3
2026-08-20 17:00:00,0.7491,0.7492,0.7472,0.7474,1405480.6
2026-08-20 17:05:00,0.7473,0.7534,0.7467,0.7514,2018209.9
2026-08-20 17:10:00,0.7513,0.7534,0.7498,0.751,1532636.3
2026-08-20 17:15:00,0.7511,0.7519,0.7486,0.7486,951709.3
2026-08-20 17:20:00,0.7486,0.749,0.7464,0.7472,1233593.5
2026-08-20 17:25:00,0.7472,0.7487,0.7461,0.7475,645585.6
2026-08-20 17:30:00,0.7474,0.7482,0.7463,0.7466,1333695.3
2026-08-20 17:35:00,0.7465,0.7496,0.7454,0.7488,941218.8
2026-08-20 17:40:00,0.7488,0.7492,0.7458,0.7461,656923.9
2026-08-20 17:45:00,0.7461,0.7471,0.7453,0.746,654702.0
2026-08-20 17:50:00,0.746,0.748,0.7449,0.7468,1138693.0
2026-08-20 17:55:00,0.7467,0.7468,0.7412,0.7415,3398263.0
2026-08-20 18:00:00,0.7416,0.7449,0.7368,0.7376,3055201.9
2026-08-20 18:05:00,0.7375,0.7384,0.7345,0.7354,2329447.7
2026-08-20 18:10:00,0.7354,0.7358,0.7313,0.733,3209542.4
2026-08-20 18:15:00,0.733,0.7334,0.7302,0.7326,1131418.0
2026-08-20 18:20:00,0.7326,0.7338,0.7325,0.7338,819468.2
2026-08-20 18:25:00,0.7339,0.7343,0.7308,0.7308,970453.5
2026-08-20 18:30:00,0.7309,0.7323,0.7259,0.7276,3185018.7
2026-08-20 18:35:00,0.7276,0.729,0.7259,0.7268,2379078.3
2026-08-20 18:40:00,0.7267,0.7287,0.7267,0.7284,650931.7
2026-08-20 18:45:00,0.7284,0.7288,0.7274,0.7285,747848.3
2026-08-20 18:50:00,0.7284,0.7305,0.7276,0.7281,836146.6
2026-08-20 18:55:00,0.7282,0.7283,0.7245,0.725,910175.0
2026-08-20 19:00:00,0.7249,0.7268,0.7239,0.7256,1707938.3
2026-08-20 19:05:00,0.7256,0.7283,0.725,0.7266,1123972.7
2026-08-20 19:10:00,0.7266,0.7275,0.7248,0.7252,639000.9
2026-08-20 19:15:00,0.7252,0.7272,0.7251,0.7268,1318916.7
2026-08-20 19:20:00,0.7268,0.7293,0.7261,0.7292,804777.7
2026-08-20 19:25:00,0.7291,0.7296,0.7263,0.7266,1035752.5
2026-08-20 19:30:00,0.7265,0.7277,0.7232,0.7239,1417825.0
2026-08-20 19:35:00,0.7239,0.7277,0.7233,0.7268,1096370.0
2026-08-20 19:40:00,0.7268,0.7292,0.7268,0.7272,1498148.1
2026-08-20 19:45:00,0.7271,0.7277,0.7241,0.7242,610890.0
2026-08-20 19:50:00,0.7242,0.7246,0.7231,0.7234,1035133.5
2026-08-20 19:55:00,0.7233,0.725,0.7219,0.7249,1618879.8
2026-08-20 20:00:00,0.725,0.7259,0.7235,0.7255,807632.9
2026-08-20 20:05:00,0.7255,0.7258,0.7244,0.7258,442406.8
2026-08-20 20:10:00,0.7258,0.727,0.7255,0.7266,716299.2
2026-08-20 20:15:00,0.7266,0.7269,0.724,0.7256,670489.2
2026-08-20 20:20:00,0.7256,0.7263,0.7244,0.7261,450112.5
2026-08-20 20:25:00,0.7261,0.7277,0.7261,0.7271,505544.4
2026-08-20 20:30:00,0.727,0.7292,0.7269,0.7288,420307.1
2026-08-20 20:35:00,0.7288,0.7297,0.7275,0.7278,1239640.7
2026-08-20 20:40:00,0.7277,0.7295,0.7273,0.7291,610761.7
2026-08-20 20:45:00,0.7291,0.7308,0.7288,0.7304,561671.5
2026-08-20 20:50:00,0.7304,0.7304,0.7283,0.729,475759.3
2026-08-20 20:55:00,0.7291,0.7304,0.7287,0.7304,388761.4
2026-08-20 21:00:00,0.7303,0.7313,0.7301,0.7303,424340.1
2026-08-20 21:05:00,0.7303,0.733,0.7296,0.7321,594372.9
2026-08-20 21:10:00,0.7322,0.7333,0.732,0.7321,405924.6
2026-08-20 21:15:00,0.7321,0.7335,0.7317,0.7317,424722.9
2026-08-20 21:20:00,0.7316,0.7325,0.7308,0.7313,229824.3
2026-08-20 21:25:00,0.7312,0.732,0.7296,0.7303,349209.3
2026-08-20 21:30:00,0.7303,0.7375,0.7303,0.7362,2639263.6
2026-08-20 21:35:00,0.7361,0.7368,0.7326,0.7328,778686.7
2026-08-20 21:40:00,0.7328,0.735,0.7327,0.7348,507691.8
2026-08-20 21:45:00,0.7347,0.7364,0.7346,0.7351,299373.2
2026-08-20 21:50:00,0.735,0.7354,0.7335,0.7337,239376.5
2026-08-20 21:55:00,0.7336,0.7344,0.7323,0.7344,340568.4
2026-08-20 22:00:00,0.7344,0.7356,0.7326,0.7326,938873.1
2026-08-20 22:05:00,0.7325,0.7338,0.7313,0.732,530637.8
2026-08-20 22:10:00,0.732,0.733,0.7313,0.7316,549713.3
2026-08-20 22:15:00,0.7315,0.732,0.7286,0.7295,905117.9
2026-08-20 22:20:00,0.7296,0.7326,0.7296,0.7324,405238.4
2026-08-20 22:25:00,0.7324,0.7332,0.7304,0.7312,692650.8
2026-08-20 22:30:00,0.7311,0.7314,0.7272,0.7283,3188138.5
2026-08-20 22:35:00,0.7284,0.7305,0.7284,0.7301,488657.1
2026-08-20 22:40:00,0.73,0.7304,0.7292,0.7292,170097.4
2026-08-20 22:45:00,0.7292,0.7308,0.7292,0.7304,220739.4
2026-08-20 22:50:00,0.7304,0.7326,0.7304,0.7321,486641.4
2026-08-20 22:55:00,0.7321,0.7322,0.7305,0.7307,260006.9
2026-08-20 23:00:00,0.7306,0.7314,0.7291,0.7306,871568.2
2026-08-20 23:05:00,0.7306,0.7317,0.7304,0.7314,202142.2
2026-08-20 23:10:00,0.7313,0.7329,0.7313,0.7319,490231.3
2026-08-20 23:15:00,0.7318,0.7333,0.731,0.733,460203.9
2026-08-20 23:20:00,0.733,0.7341,0.732,0.7334,549249.6
2026-08-20 23:25:00,0.7334,0.7372,0.7334,0.7364,1641254.6
2026-08-20 23:30:00,0.7364,0.7386,0.7362,0.7377,872014.9
2026-08-20 23:35:00,0.7376,0.7378,0.7336,0.7342,2426660.8
2026-08-20 23:40:00,0.7342,0.7345,0.7304,0.7321,4336453.1
2026-08-20 23:45:00,0.7321,0.7338,0.7314,0.7327,452720.0
2026-08-20 23:50:00,0.7327,0.7348,0.7321,0.7348,525091.7
2026-08-20 23:55:00,0.7348,0.7348,0.7335,0.7335,362537.8
2026-08-21 00:00:00,0.7335,0.7353,0.7328,0.7328,805553.3
2026-08-21 00:05:00,0.7329,0.736,0.7329,0.7353,474639.7
2026-08-21 00:10:00,0.7354,0.7379,0.7353,0.737,1095816.6
2026-08-21 00:15:00,0.737,0.7414,0.736,0.7395,1495216.7
2026-08-21 00:20:00,0.7395,0.7416,0.7381,0.7399,1166312.6
2026-08-21 00:25:00,0.74,0.7403,0.7351,0.7354,1221636.5
2026-08-21 00:30:00,0.7355,0.7388,0.7353,0.7374,1165219.9
2026-08-21 00:35:00,0.7373,0.7373,0.7333,0.7359,484732.3
2026-08-21 00:40:00,0.7359,0.7367,0.734,0.7358,456388.5
2026-08-21 00:45:00,0.7359,0.7384,0.7352,0.7377,560620.8
2026-08-21 00:50:00,0.7378,0.7398,0.7371,0.7389,625439.1
2026-08-21 00:55:00,0.7389,0.739,0.737,0.7376,544689.1
2026-08-21 01:00:00,0.7376,0.7398,0.7369,0.7388,688046.8
2026-08-21 01:05:00,0.7388,0.7389,0.7375,0.7384,601781.0
2026-08-21 01:10:00,0.7385,0.7387,0.7376,0.7384,291883.3
2026-08-21 01:15:00,0.7384,0.7445,0.7377,0.741,2161397.8
2026-08-21 01:20:00,0.7411,0.7414,0.7363,0.7381,1640374.6
2026-08-21 01:25:00,0.738,0.7401,0.7375,0.7396,586201.2
2026-08-21 01:30:00,0.7396,0.7437,0.739,0.7413,1194764.9
2026-08-21 01:35:00,0.7412,0.7414,0.7386,0.7395,589277.7
2026-08-21 01:40:00,0.7395,0.7425,0.7393,0.7421,509137.8
2026-08-21 01:45:00,0.742,0.7491,0.7419,0.7486,2395889.5
2026-08-21 01:50:00,0.7486,0.749,0.7471,0.7475,1384561.5
2026-08-21 01:55:00,0.7474,0.7495,0.7468,0.7491,1192467.6
2026-08-21 02:00:00,0.7491,0.7492,0.7426,0.7476,1619496.0
2026-08-21 02:05:00,0.7475,0.7495,0.7458,0.7473,792561.6
2026-08-21 02:10:00,0.7472,0.7473,0.7414,0.745,1513473.8
2026-08-21 02:15:00,0.7449,0.7466,0.7425,0.7458,1297378.1
2026-08-21 02:20:00,0.7458,0.746,0.7431,0.7436,1083785.4
2026-08-21 02:25:00,0.7435,0.7472,0.7435,0.7471,516735.6
2026-08-21 02:30:00,0.7471,0.7474,0.7427,0.7453,1320652.2
2026-08-21 02:35:00,0.7453,0.7469,0.7444,0.7466,573035.8
2026-08-21 02:40:00,0.7466,0.7485,0.7465,0.7475,379696.5
2026-08-21 02:45:00,0.7475,0.7483,0.7443,0.7454,1033421.7
2026-08-21 02:50:00,0.7453,0.7467,0.7448,0.7449,517974.8
2026-08-21 02:55:00,0.7449,0.7464,0.7443,0.7445,849891.8
2026-08-21 03:00:00,0.7445,0.7454,0.7424,0.7427,871904.9
2026-08-21 03:05:00,0.7426,0.743,0.7404,0.7419,953024.9
2026-08-21 03:10:00,0.7419,0.7457,0.7416,0.7436,580499.3
2026-08-21 03:15:00,0.7437,0.7438,0.7417,0.7424,395443.0
2026-08-21 03:20:00,0.7424,0.7442,0.7417,0.7438,1070269.8
2026-08-21 03:25:00,0.7438,0.745,0.7426,0.7446,417169.6
2026-08-21 03:30:00,0.7446,0.7495,0.7441,0.7475,3136202.4
2026-08-21 03:35:00,0.7474,0.7491,0.7456,0.7463,635980.7
2026-08-21 03:40:00,0.7463,0.748,0.7456,0.7457,583941.3
2026-08-21 03:45:00,0.7457,0.7488,0.7455,0.7476,686430.5
2026-08-21 03:50:00,0.7477,0.7496,0.7476,0.7481,846596.7
2026-08-21 03:55:00,0.7481,0.7493,0.7451,0.7452,928931.0
2026-08-21 04:00:00,0.7453,0.7506,0.7453,0.7497,2004746.6
2026-08-21 04:05:00,0.7498,0.7515,0.7465,0.7474,1116402.1
2026-08-21 04:10:00,0.7475,0.7479,0.7453,0.7453,1004918.1
2026-08-21 04:15:00,0.7453,0.7494,0.7453,0.7479,902199.2
2026-08-21 04:20:00,0.748,0.7486,0.7463,0.7464,576304.8
2026-08-21 04:25:00,0.7463,0.7475,0.745,0.7461,1010966.3
2026-08-21 04:30:00,0.7461,0.7499,0.745,0.7485,1436468.7
2026-08-21 04:35:00,0.7485,0.7495,0.7483,0.7485,435466.0
2026-08-21 04:40:00,0.7485,0.7494,0.7466,0.7493,1339362.5
2026-08-21 04:45:00,0.7493,0.7517,0.7489,0.7503,1065385.2
2026-08-21 04:50:00,0.7503,0.7553,0.7503,0.755,1364348.3
2026-08-21 04:55:00,0.7549,0.7576,0.7535,0.7575,1631462.6
2026-08-21 05:00:00,0.7574,0.7574,0.7523,0.7539,1719656.6
2026-08-21 05:05:00,0.7538,0.7599,0.7538,0.7584,2113617.7
2026-08-21 05:10:00,0.7584,0.7598,0.7572,0.7576,1094319.7
2026-08-21 05:15:00,0.7576,0.7596,0.7568,0.7594,766928.5
2026-08-21 05:20:00,0.7595,0.7615,0.7576,0.7583,1634458.2
2026-08-21 05:25:00,0.7583,0.7594,0.7543,0.7591,1361146.9
2026-08-21 05:30:00,0.759,0.7656,0.7577,0.764,2904616.4
2026-08-21 05:35:00,0.7639,0.77,0.763,0.769,3848349.4
2026-08-21 05:40:00,0.7689,0.7729,0.7666,0.7722,4842945.9
2026-08-21 05:45:00,0.7721,0.7739,0.7695,0.7711,3978843.8
2026-08-21 05:50:00,0.7711,0.7721,0.7686,0.7688,2316385.2
2026-08-21 05:55:00,0.7688,0.7701,0.767,0.7697,1986359.1
2026-08-21 06:00:00,0.7696,0.7745,0.7681,0.7743,2223554.3
2026-08-21 06:05:00,0.7744,0.775,0.7707,0.7748,1792980.9
2026-08-21 06:10:00,0.7748,0.7752,0.7707,0.7718,2180527.6
2026-08-21 06:15:00,0.7718,0.7783,0.7718,0.7783,1933540.6
2026-08-21 06:20:00,0.7782,0.7789,0.7696,0.7742,8487578.6
2026-08-21 06:25:00,0.7742,0.7772,0.7722,0.7731,2750834.7
2026-08-21 06:30:00,0.7731,0.7763,0.7728,0.7752,3604882.5
2026-08-21 06:35:00,0.7752,0.776,0.7733,0.7739,2305552.0
2026-08-21 06:40:00,0.7738,0.7743,0.7704,0.7711,1164346.5
2026-08-21 06:45:00,0.7712,0.7736,0.7681,0.7726,3474840.2
2026-08-21 06:50:00,0.7726,0.7733,0.7707,0.7714,555205.8
2026-08-21 06:55:00,0.7714,0.7721,0.7704,0.7717,615004.7
2026-08-21 07:00:00,0.7717,0.773,0.7693,0.7726,1217501.7
2026-08-21 07:05:00,0.7726,0.7748,0.7722,0.773,777135.9
2026-08-21 07:10:00,0.7731,0.7743,0.7723,0.7742,912867.4
2026-08-21 07:15:00,0.7743,0.7813,0.7734,0.7768,4596507.6
2026-08-21 07:20:00,0.7767,0.777,0.7734,0.7736,1950465.3
2026-08-21 07:25:00,0.7737,0.7745,0.7726,0.7737,1308933.6
2026-08-21 07:30:00,0.7737,0.7764,0.7728,0.7763,2121841.4
2026-08-21 07:35:00,0.7763,0.7802,0.7754,0.7792,3190320.8
2026-08-21 07:40:00,0.7792,0.7822,0.7776,0.7794,7817346.6
2026-08-21 07:45:00,0.7794,0.7824,0.7771,0.7775,4595640.9
2026-08-21 07:50:00,0.7776,0.7787,0.7759,0.7763,1556711.5
2026-08-21 07:55:00,0.7763,0.7783,0.776,0.7778,805598.7
2026-08-21 08:00:00,0.7779,0.7807,0.7773,0.78,2144922.1
2026-08-21 08:05:00,0.7799,0.7808,0.7779,0.7807,2620791.7
2026-08-21 08:10:00,0.7806,0.7825,0.7794,0.7805,5349813.9
2026-08-21 08:15:00,0.7806,0.7883,0.7799,0.7877,6357175.1
2026-08-21 08:20:00,0.7876,0.7877,0.7843,0.7874,1992443.1
2026-08-21 08:25:00,0.7873,0.7918,0.7872,0.7908,3087955.7
2026-08-21 08:30:00,0.7908,0.7931,0.7894,0.793,2192764.9
2026-08-21 08:35:00,0.793,0.7958,0.7915,0.7946,4198039.2
2026-08-21 08:40:00,0.7945,0.7967,0.7931,0.7949,2216810.5
2026-08-21 08:45:00,0.795,0.7991,0.7947,0.7982,3446823.1
2026-08-21 08:50:00,0.7982,0.8077,0.7982,0.8076,5789412.2
2026-08-21 08:55:00,0.8077,0.8147,0.805,0.8131,4382208.5
2026-08-21 09:00:00,0.8131,0.8141,0.7878,0.7903,16548343.8
2026-08-21 09:05:00,0.7904,0.7947,0.7783,0.7869,11820494.6
2026-08-21 09:10:00,0.7869,0.7899,0.7824,0.7838,4510899.2
2026-08-21 09:15:00,0.7838,0.7841,0.7777,0.778,4856277.9
2026-08-21 09:20:00,0.778,0.7814,0.7771,0.7793,3381928.7
2026-08-21 09:25:00,0.7793,0.7842,0.7774,0.7833,2501247.2
2026-08-21 09:30:00,0.7834,0.7844,0.7808,0.7832,5625057.9
2026-08-21 09:35:00,0.7831,0.7881,0.7821,0.7872,2818174.7
2026-08-21 09:40:00,0.7873,0.7927,0.7847,0.7917,2335046.0
2026-08-21 09:45:00,0.7917,0.7984,0.7913,0.7981,2710452.0
2026-08-21 09:50:00,0.7981,0.7995,0.795,0.7977,1708765.3
2026-08-21 09:55:00,0.7977,0.7985,0.7883,0.7971,3509742.3
2026-08-21 10:00:00,0.797,0.7991,0.7929,0.7973,7277638.6
2026-08-21 10:05:00,0.7973,0.7986,0.7917,0.794,2187547.2
2026-08-21 10:10:00,0.794,0.7991,0.794,0.7969,1893920.0
2026-08-21 10:15:00,0.7968,0.803,0.7961,0.803,2687045.2
2026-08-21 10:20:00,0.8029,0.803,0.7957,0.7961,1993371.6
2026-08-21 10:25:00,0.7962,0.7962,0.7895,0.7941,3257998.4
2026-08-21 10:30:00,0.7942,0.7954,0.7886,0.7903,3713387.6
2026-08-21 10:35:00,0.7902,0.7949,0.7891,0.7938,1669263.2
2026-08-21 10:40:00,0.7938,0.7956,0.7917,0.7954,1261126.3
2026-08-21 10:45:00,0.7953,0.8014,0.795,0.8002,1761089.2
2026-08-21 10:50:00,0.8003,0.8033,0.7997,0.8032,1469767.1
2026-08-21 10:55:00,0.8031,0.8051,0.8018,0.8028,1359605.4
2026-08-21 11:00:00,0.8028,0.805,0.7965,0.8021,1963177.4
2026-08-21 11:05:00,0.802,0.8032,0.7986,0.7997,1030165.6
2026-08-21 11:10:00,0.7997,0.8012,0.792,0.7995,3402687.0
2026-08-21 11:15:00,0.7994,0.7994,0.7927,0.7929,1528330.4
2026-08-21 11:20:00,0.7929,0.8006,0.7921,0.7988,1715710.8
2026-08-21 11:25:00,0.7988,0.7989,0.7961,0.7983,724777.1
2026-08-21 11:30:00,0.7984,0.7994,0.7821,0.7832,5794340.6
2026-08-21 11:35:00,0.7832,0.7915,0.7825,0.7908,2118448.1
2026-08-21 11:40:00,0.7907,0.7916,0.7868,0.7884,1168857.1
2026-08-21 11:45:00,0.7884,0.79,0.7833,0.7852,2125626.5
2026-08-21 11:50:00,0.7852,0.7906,0.7837,0.7895,1203173.4
2026-08-21 11:55:00,0.7895,0.7898,0.7841,0.7843,1410957.9
2026-08-21 12:00:00,0.7843,0.7865,0.7815,0.7839,2434914.6
2026-08-21 12:05:00,0.7839,0.7888,0.7838,0.7865,1287951.3
2026-08-21 12:10:00,0.7864,0.7905,0.7847,0.7901,1057169.1
2026-08-21 12:15:00,0.79,0.7907,0.7884,0.7903,817015.5
2026-08-21 12:20:00,0.7902,0.792,0.7882,0.7913,1141313.1
2026-08-21 12:25:00,0.7912,0.7915,0.7888,0.7901,698544.6
2026-08-21 12:30:00,0.79,0.7912,0.7875,0.7905,1031676.3
2026-08-21 12:35:00,0.7905,0.8,0.7905,0.7997,2812531.2
2026-08-21 12:40:00,0.7996,0.8023,0.799,0.8022,1458126.8
2026-08-21 12:45:00,0.8021,0.8032,0.7992,0.8011,1918535.7
2026-08-21 12:50:00,0.8011,0.8041,0.7999,0.8011,1245987.9
2026-08-21 12:55:00,0.801,0.8019,0.7957,0.7973,1834175.8
2026-08-21 13:00:00,0.7974,0.7993,0.7934,0.7971,4662115.3
2026-08-21 13:05:00,0.7972,0.7991,0.7952,0.796,1137642.8
2026-08-21 13:10:00,0.7959,0.7959,0.7916,0.7938,1473436.3
2026-08-21 13:15:00,0.7939,0.7942,0.7881,0.7902,1454124.8
2026-08-21 13:20:00,0.7902,0.7917,0.7885,0.7917,1398789.1
2026-08-21 13:25:00,0.7916,0.7964,0.7902,0.7939,1763706.0
2026-08-21 13:30:00,0.7938,0.7938,0.7846,0.7889,2666202.7
2026-08-21 13:35:00,0.7889,0.794,0.7858,0.7938,1569169.4
2026-08-21 13:40:00,0.7938,0.8005,0.7938,0.8005,2372250.3
2026-08-21 13:45:00,0.8004,0.8048,0.799,0.8048,2361493.3
2026-08-21 13:50:00,0.8047,0.8068,0.8007,0.8022,2103903.8
2026-08-21 13:55:00,0.8023,0.8048,0.7998,0.804,2398222.8
2026-08-21 14:00:00,0.804,0.8047,0.7953,0.7958,2559097.6
2026-08-21 14:05:00,0.7958,0.8035,0.7955,0.8002,2936132.2
2026-08-21 14:10:00,0.8002,0.8028,0.7961,0.7976,1620239.4
2026-08-21 14:15:00,0.7977,0.8013,0.7946,0.7946,2186193.7
2026-08-21 14:20:00,0.7946,0.8007,0.7934,0.7992,2096710.4
2026-08-21 14:25:00,0.7991,0.8038,0.7979,0.8011,2471449.6
2026-08-21 14:30:00,0.8011,0.8034,0.8002,0.8016,1468018.9
2026-08-21 14:35:00,0.8016,0.8042,0.7971,0.7976,2187281.7
2026-08-21 14:40:00,0.7975,0.7995,0.7959,0.799,1812460.5
2026-08-21 14:45:00,0.799,0.8037,0.7988,0.803,1222052.1
2026-08-21 14:50:00,0.8029,0.8048,0.8021,0.8027,1648067.0
2026-08-21 14:55:00,0.8027,0.8039,0.8015,0.8029,776126.0
2026-08-21 15:00:00,0.8029,0.8066,0.8025,0.8056,1589877.5
2026-08-21 15:05:00,0.8057,0.8107,0.8047,0.8096,2953131.8
2026-08-21 15:10:00,0.8096,0.8123,0.8058,0.8118,2008507.5
2026-08-21 15:15:00,0.8119,0.8136,0.807,0.8104,3971862.5
2026-08-21 15:20:00,0.8104,0.8104,0.8069,0.8081,1649793.2
2026-08-21 15:25:00,0.8082,0.8108,0.8071,0.8072,1519976.8
2026-08-21 15:30:00,0.8073,0.8118,0.8061,0.8067,1979420.3
2026-08-21 15:35:00,0.8068,0.8135,0.805,0.8127,2143132.6
2026-08-21 15:40:00,0.8128,0.8156,0.8112,0.8125,2449537.9
2026-08-21 15:45:00,0.8126,0.8241,0.8126,0.8179,5821307.0
2026-08-21 15:50:00,0.818,0.8194,0.811,0.8113,4581309.6
2026-08-21 15:55:00,0.8112,0.8164,0.809,0.8153,2350317.0
2026-08-21 16:00:00,0.8153,0.8192,0.8138,0.8158,2215226.9
2026-08-21 16:05:00,0.8159,0.8173,0.8085,0.8111,2814915.9
2026-08-21 16:10:00,0.811,0.816,0.806,0.8064,2017915.3
2026-08-21 16:15:00,0.8064,0.8127,0.8051,0.8106,2120466.5
2026-08-21 16:20:00,0.8107,0.8133,0.8098,0.8122,1371695.4
2026-08-21 16:25:00,0.8121,0.8164,0.8101,0.8159,1157408.3
2026-08-21 16:30:00,0.8159,0.8164,0.8129,0.8133,1194080.2
2026-08-21 16:35:00,0.8132,0.8151,0.8096,0.8149,1296553.8
2026-08-21 16:40:00,0.8149,0.8156,0.8092,0.8096,2152464.1
2026-08-21 16:45:00,0.8096,0.8134,0.8096,0.8127,1137970.9
2026-08-21 16:50:00,0.8127,0.8137,0.8112,0.8112,1270709.6
2026-08-21 16:55:00,0.8111,0.8122,0.8093,0.8104,820121.3
2026-08-21 17:00:00,0.8104,0.8132,0.8087,0.8114,1928469.0
2026-08-21 17:05:00,0.8115,0.816,0.8098,0.8133,1702051.3
2026-08-21 17:10:00,0.8133,0.8143,0.8084,0.8094,1575075.1
2026-08-21 17:15:00,0.8095,0.8096,0.8024,0.8029,3815545.9
2026-08-21 17:20:00,0.8029,0.8033,0.8002,0.8012,1868053.7
2026-08-21 17:25:00,0.8012,0.8082,0.8012,0.8072,1343786.4
2026-08-21 17:30:00,0.8072,0.8119,0.8046,0.8116,1748138.3
2026-08-21 17:35:00,0.8115,0.8161,0.8091,0.8121,3389602.1
2026-08-21 17:40:00,0.8121,0.8144,0.8103,0.8114,1690260.8
2026-08-21 17:45:00,0.8114,0.8138,0.8098,0.8125,728521.8
2026-08-21 17:50:00,0.8124,0.8151,0.8109,0.8139,1014476.1
2026-08-21 17:55:00,0.814,0.8165,0.8134,0.8138,1248612.6
2026-08-21 18:00:00,0.8139,0.8157,0.8116,0.812,2581602.1
2026-08-21 18:05:00,0.812,0.817,0.811,0.8113,1851770.3
2026-08-21 18:10:00,0.8112,0.8154,0.8103,0.8142,754786.1
2026-08-21 18:15:00,0.8143,0.8206,0.8142,0.82,2351449.7
2026-08-21 18:20:00,0.82,0.8233,0.8195,0.8197,2276193.3
2026-08-21 18:25:00,0.8197,0.8204,0.8152,0.8155,2867480.7
2026-08-21 18:30:00,0.8154,0.8166,0.8137,0.8159,1126353.4
2026-08-21 18:35:00,0.8159,0.8159,0.8115,0.8152,1571689.5
2026-08-21 18:40:00,0.8153,0.8157,0.8061,0.807,1800828.0
2026-08-21 18:45:00,0.8069,0.8069,0.7964,0.798,4602333.7
2026-08-21 18:50:00,0.798,0.8007,0.7975,0.798,2024443.0
2026-08-21 18:55:00,0.798,0.8002,0.7967,0.7997,1389281.3
2026-08-21 19:00:00,0.7996,0.8001,0.7903,0.7906,4050781.2
2026-08-21 19:05:00,0.7907,0.7969,0.7907,0.7969,1609122.3
2026-08-21 19:10:00,0.7969,0.8005,0.7952,0.8002,1085751.7
2026-08-21 19:15:00,0.8001,0.8007,0.7966,0.7986,1012152.1
2026-08-21 19:20:00,0.7987,0.8023,0.7979,0.8021,636752.6
2026-08-21 19:25:00,0.802,0.8043,0.802,0.8041,724808.3
2026-08-21 19:30:00,0.804,0.8045,0.7992,0.8,2258615.4
2026-08-21 19:35:00,0.8,0.8013,0.7982,0.7988,1092139.8
2026-08-21 19:40:00,0.7987,0.8011,0.7974,0.7987,2089196.5
2026-08-21 19:45:00,0.7986,0.8013,0.7977,0.8007,642345.7
2026-08-21 19:50:00,0.8007,0.8007,0.7977,0.8005,808696.2
2026-08-21 19:55:00,0.8004,0.8032,0.7989,0.8028,701843.9
2026-08-21 20:00:00,0.8029,0.8058,0.7987,0.8057,1290432.2
2026-08-21 20:05:00,0.8056,0.8087,0.803,0.8063,1256742.3
2026-08-21 20:10:00,0.8063,0.8089,0.805,0.8084,651013.3
2026-08-21 20:15:00,0.8083,0.8134,0.8083,0.8131,2105137.1
2026-08-21 20:20:00,0.8132,0.815,0.811,0.8139,1739714.9
2026-08-21 20:25:00,0.8138,0.8138,0.8093,0.8116,958069.2
2026-08-21 20:30:00,0.8115,0.8161,0.8108,0.8155,2270599.7
2026-08-21 20:35:00,0.8155,0.8162,0.8111,0.8115,2650572.6
2026-08-21 20:40:00,0.8116,0.8139,0.8116,0.8117,572661.5
2026-08-21 20:45:00,0.8116,0.8129,0.81,0.8121,708762.9
2026-08-21 20:50:00,0.8121,0.816,0.8115,0.8154,823053.3
2026-08-21 20:55:00,0.8154,0.8159,0.8133,0.815,330685.4
2026-08-21 21:00:00,0.815,0.8188,0.8144,0.8167,1236508.2
2026-08-21 21:05:00,0.8166,0.8178,0.8142,0.8147,681614.4
2026-08-21 21:10:00,0.8147,0.8231,0.8145,0.8202,3537493.4
2026-08-21 21:15:00,0.8202,0.8259,0.8186,0.8259,1896425.2
2026-08-21 21:20:00,0.8257,0.8307,0.8232,0.83,3802076.3
2026-08-21 21:25:00,0.83,0.8303,0.8267,0.8275,1856406.8
2026-08-21 21:30:00,0.8275,0.8344,0.8271,0.8344,2159365.2
2026-08-21 21:35:00,0.8344,0.8353,0.8294,0.8316,2707740.2
2026-08-21 21:40:00,0.8316,0.8445,0.8314,0.8444,3443591.9
2026-08-21 21:45:00,0.8444,0.8466,0.8401,0.8453,2263802.1
2026-08-21 21:50:00,0.8454,0.8479,0.8431,0.846,1845419.6
2026-08-21 21:55:00,0.846,0.848,0.8415,0.8467,4298012.9
2026-08-21 22:00:00,0.8467,0.8579,0.846,0.8566,5945559.7
2026-08-21 22:05:00,0.8566,0.863,0.8559,0.8614,5226956.4
2026-08-21 22:10:00,0.8613,0.8613,0.8528,0.8546,2572493.2
2026-08-21 22:15:00,0.8546,0.8559,0.8484,0.8536,4315333.5
2026-08-21 22:20:00,0.8537,0.8561,0.844,0.8454,5043184.7
2026-08-21 22:25:00,0.8454,0.8492,0.8427,0.8479,4309465.6
2026-08-21 22:30:00,0.8479,0.8504,0.8391,0.8492,4424274.4
2026-08-21 22:35:00,0.8491,0.8503,0.8457,0.8503,1779093.3
2026-08-21 22:40:00,0.8504,0.8534,0.8499,0.8523,1271824.8
2026-08-21 22:45:00,0.8522,0.8522,0.8477,0.8489,1531439.8
2026-08-21 22:50:00,0.8488,0.8536,0.8461,0.8525,1555473.0
2026-08-21 22:55:00,0.8526,0.8589,0.8514,0.8544,4127691.4
2026-08-21 23:00:00,0.8544,0.8559,0.8493,0.8546,2167704.4
2026-08-21 23:05:00,0.8549,0.8556,0.8518,0.8548,1531908.6
2026-08-21 23:10:00,0.8548,0.8555,0.8507,0.8515,1177761.5
2026-08-21 23:15:00,0.8516,0.8558,0.851,0.8557,1258512.8
2026-08-21 23:20:00,0.8557,0.8562,0.8524,0.854,2014217.4
2026-08-21 23:25:00,0.8539,0.8549,0.8496,0.8534,1495269.5
2026-08-21 23:30:00,0.8534,0.8545,0.8503,0.8511,837175.3
2026-08-21 23:35:00,0.8511,0.8515,0.8415,0.8419,2766022.0
2026-08-21 23:40:00,0.8418,0.8461,0.841,0.8456,1625836.2
2026-08-21 23:45:00,0.8456,0.8463,0.843,0.8433,590454.6
2026-08-21 23:50:00,0.8433,0.8455,0.8397,0.8444,1569414.1
2026-08-21 23:55:00,0.8445,0.847,0.843,0.8445,958299.8
2026-08-22 00:00:00,0.8444,0.849,0.8433,0.8464,1760713.3
2026-08-22 00:05:00,0.8464,0.8464,0.8344,0.8383,4051885.0
2026-08-22 00:10:00,0.8383,0.8426,0.8375,0.8425,1267797.7
2026-08-22 00:15:00,0.8425,0.845,0.8407,0.8445,1149400.5
2026-08-22 00:20:00,0.8445,0.8465,0.8435,0.8461,961749.3
2026-08-22 00:25:00,0.8461,0.8476,0.8421,0.8423,660788.8
2026-08-22 00:30:00,0.8423,0.8461,0.8416,0.8444,706231.1
2026-08-22 00:35:00,0.8444,0.846,0.8429,0.8448,561361.1
2026-08-22 00:40:00,0.8447,0.8451,0.8389,0.8406,2783543.2
2026-08-22 00:45:00,0.8405,0.8426,0.8386,0.8424,1374244.2
2026-08-22 00:50:00,0.8424,0.8453,0.8406,0.8449,1234265.8
2026-08-22 00:55:00,0.845,0.851,0.845,0.8502,1673727.7
2026-08-22 01:00:00,0.8501,0.8583,0.849,0.8569,4054519.0
2026-08-22 01:05:00,0.8568,0.8577,0.8496,0.8501,1303927.2
2026-08-22 01:10:00,0.85,0.8542,0.8495,0.8521,1511657.9
2026-08-22 01:15:00,0.852,0.8605,0.8516,0.8591,2468089.0
2026-08-22 01:20:00,0.8591,0.8592,0.8503,0.8541,1418548.9
2026-08-22 01:25:00,0.8541,0.8609,0.8541,0.8599,1799613.2
2026-08-22 01:30:00,0.8599,0.8698,0.8583,0.8689,3609391.1
2026-08-22 01:35:00,0.869,0.8731,0.8651,0.8693,4196176.6
2026-08-22 01:40:00,0.8694,0.8713,0.8631,0.8668,2270014.4
2026-08-22 01:45:00,0.8667,0.8714,0.8592,0.8601,2595344.2
2026-08-22 01:50:00,0.8602,0.862,0.8534,0.8542,3253179.2
2026-08-22 01:55:00,0.8543,0.8611,0.8543,0.8562,1845628.1
2026-08-22 02:00:00,0.8563,0.8662,0.8553,0.8651,1819706.6
2026-08-22 02:05:00,0.8651,0.8674,0.8625,0.8643,1033504.7
2026-08-22 02:10:00,0.8643,0.8701,0.8634,0.8687,1410321.5
2026-08-22 02:15:00,0.8687,0.8724,0.8661,0.8694,1711701.6
2026-08-22 02:20:00,0.8694,0.8747,0.8689,0.8723,3268086.6
2026-08-22 02:25:00,0.8723,0.8795,0.872,0.8781,3489794.7
2026-08-22 02:30:00,0.8781,0.8858,0.877,0.8846,2992172.6
2026-08-22 02:35:00,0.8846,0.886,0.875,0.8859,4134466.9
2026-08-22 02:40:00,0.8859,0.8965,0.8852,0.8957,4583638.1
2026-08-22 02:45:00,0.8957,0.8978,0.89,0.8931,3459662.2
2026-08-22 02:50:00,0.8931,0.9009,0.893,0.8989,3484081.7
2026-08-22 02:55:00,0.8989,0.9082,0.8978,0.9071,3677913.2
2026-08-22 03:00:00,0.9072,0.9165,0.9048,0.9134,5087515.8
2026-08-22 03:05:00,0.9135,0.9188,0.9113,0.9116,4084735.1
2026-08-22 03:10:00,0.9115,0.9137,0.9061,0.9067,3495247.2
2026-08-22 03:15:00,0.9068,0.9092,0.9018,0.9077,3696808.1
2026-08-22 03:20:00,0.9078,0.9158,0.9073,0.9104,3021629.4
2026-08-22 03:25:00,0.9105,0.9157,0.91,0.9106,2106603.0
2026-08-22 03:30:00,0.9106,0.9152,0.9091,0.9145,2681852.1
2026-08-22 03:35:00,0.9144,0.9153,0.9079,0.911,2637534.7
2026-08-22 03:40:00,0.911,0.9164,0.9084,0.9132,2252113.1
2026-08-22 03:45:00,0.9132,0.9208,0.9054,0.9194,8587088.1
2026-08-22 03:50:00,0.9193,0.9259,0.9164,0.9166,3634137.5
2026-08-22 03:55:00,0.9167,0.9222,0.9118,0.914,3985416.3
2026-08-22 04:00:00,0.9139,0.9279,0.9139,0.9274,4877967.9
2026-08-22 04:05:00,0.9274,0.9362,0.9229,0.935,5856157.7
2026-08-22 04:10:00,0.9351,0.9401,0.9324,0.9328,3774714.2
2026-08-22 04:15:00,0.9328,0.936,0.9184,0.9208,4374529.0
2026-08-22 04:20:00,0.9207,0.9233,0.912,0.913,4719512.1
2026-08-22 04:25:00,0.913,0.9232,0.912,0.9218,3053679.4
2026-08-22 04:30:00,0.9218,0.9436,0.9171,0.9408,6898455.0
2026-08-22 04:35:00,0.9408,0.9475,0.9373,0.9384,6202928.2
2026-08-22 04:40:00,0.9385,0.9454,0.9373,0.9403,3473862.8
2026-08-22 04:45:00,0.9403,0.9507,0.935,0.9478,3812768.7
2026-08-22 04:50:00,0.9477,0.9555,0.9411,0.9506,6071379.7
2026-08-22 04:55:00,0.9506,0.9516,0.9422,0.9445,7395824.1
2026-08-22 05:00:00,0.9446,0.9532,0.9419,0.9426,2914679.4
2026-08-22 05:05:00,0.9425,0.9453,0.8191,0.8264,26635065.9
2026-08-22 05:10:00,0.8274,0.8667,0.771,0.8532,44160862.5
2026-08-22 05:15:00,0.8532,0.8676,0.77,0.834,28365264.5
2026-08-22 05:20:00,0.834,0.8483,0.8024,0.8371,14342769.8
2026-08-22 05:25:00,0.837,0.8573,0.8351,0.8495,9549777.5
2026-08-22 05:30:00,0.8495,0.8514,0.8326,0.8469,8134338.7
2026-08-22 05:35:00,0.847,0.854,0.826,0.8366,14462672.1
2026-08-22 05:40:00,0.8364,0.8419,0.8319,0.8399,3680840.4
2026-08-22 05:45:00,0.84,0.8646,0.8364,0.861,6648525.7
2026-08-22 05:50:00,0.861,0.8653,0.8404,0.8459,10803116.2
2026-08-22 05:55:00,0.8459,0.852,0.8433,0.8498,3996023.3
2026-08-22 06:00:00,0.8497,0.8598,0.8468,0.8503,4720273.3
2026-08-22 06:05:00,0.8504,0.8504,0.8371,0.8454,5201211.6
2026-08-22 06:10:00,0.8455,0.849,0.8345,0.8392,4580109.5
2026-08-22 06:15:00,0.8391,0.8477,0.839,0.8409,3070141.6
2026-08-22 06:20:00,0.841,0.8529,0.841,0.8522,3684763.9
2026-08-22 06:25:00,0.8521,0.8523,0.8443,0.8455,1793278.2
2026-08-22 06:30:00,0.8454,0.8455,0.8318,0.8393,3658245.2
2026-08-22 06:35:00,0.8393,0.861,0.8393,0.8592,3424226.8
2026-08-22 06:40:00,0.8591,0.8632,0.8547,0.8594,3168201.0
2026-08-22 06:45:00,0.8594,0.8632,0.858,0.8617,2262268.2
2026-08-22 06:50:00,0.8616,0.8658,0.8565,0.8607,2261777.8
2026-08-22 06:55:00,0.8608,0.871,0.8596,0.8687,3067572.7
2026-08-22 07:00:00,0.8687,0.8722,0.8642,0.8719,3303737.8
2026-08-22 07:05:00,0.8718,0.8757,0.8664,0.8674,3222877.4
2026-08-22 07:10:00,0.8674,0.8698,0.859,0.8689,2998708.4
2026-08-22 07:15:00,0.869,0.8696,0.8606,0.8638,2460270.7
2026-08-22 07:20:00,0.8638,0.8738,0.8631,0.8726,2503744.4
2026-08-22 07:25:00,0.8726,0.8773,0.872,0.8761,1921881.7
2026-08-22 07:30:00,0.8761,0.8839,0.8741,0.8784,4062449.3
2026-08-22 07:35:00,0.8785,0.8817,0.873,0.8746,2269815.9
2026-08-22 07:40:00,0.8744,0.8748,0.8655,0.8666,2562621.2
2026-08-22 07:45:00,0.8666,0.869,0.8594,0.862,2396142.2
2026-08-22 07:50:00,0.8619,0.8673,0.8595,0.8659,1298821.5
2026-08-22 07:55:00,0.8659,0.8664,0.8614,0.8634,1102301.9
2026-08-22 08:00:00,0.8634,0.8679,0.8603,0.8604,1992093.1
2026-08-22 08:05:00,0.8603,0.8719,0.8601,0.8693,2278066.8
2026-08-22 08:10:00,0.8693,0.8745,0.8686,0.873,1521065.1
2026-08-22 08:15:00,0.8729,0.8736,0.8637,0.8642,1624869.9
2026-08-22 08:20:00,0.8642,0.8661,0.86,0.8605,1275221.0
2026-08-22 08:25:00,0.8606,0.8618,0.8465,0.8501,7333900.6
2026-08-22 08:30:00,0.8501,0.8502,0.8371,0.841,6702031.4
2026-08-22 08:35:00,0.841,0.8436,0.8388,0.8428,3503666.7
2026-08-22 08:40:00,0.8429,0.8504,0.8412,0.8497,1928687.5
2026-08-22 08:45:00,0.8496,0.8499,0.8447,0.849,1681769.9
2026-08-22 08:50:00,0.8491,0.8519,0.8479,0.849,1600770.6
2026-08-22 08:55:00,0.8489,0.8527,0.8473,0.8518,1099630.2
2026-08-22 09:00:00,0.8518,0.8528,0.8365,0.8396,3452856.6
2026-08-22 09:05:00,0.8396,0.849,0.8385,0.8486,1331992.2
2026-08-22 09:10:00,0.8487,0.8531,0.8452,0.8518,2545572.8
2026-08-22 09:15:00,0.8517,0.8555,0.8484,0.8538,1561227.5
2026-08-22 09:20:00,0.8539,0.8574,0.8522,0.8531,1269467.5
2026-08-22 09:25:00,0.853,0.8537,0.8466,0.8516,2304847.2
2026-08-22 09:30:00,0.8516,0.8537,0.8492,0.8509,1269644.8
2026-08-22 09:35:00,0.851,0.8519,0.8415,0.8449,2103960.7
2026-08-22 09:40:00,0.845,0.8495,0.845,0.8473,1241108.6
2026-08-22 09:45:00,0.8473,0.8477,0.8366,0.8408,3799517.6
2026-08-22 09:50:00,0.8408,0.8435,0.8389,0.8408,1920803.7
2026-08-22 09:55:00,0.8407,0.8438,0.8402,0.8436,1095974.0
2026-08-22 10:00:00,0.8437,0.8445,0.8256,0.8339,7240254.1
2026-08-22 10:05:00,0.8339,0.8342,0.8227,0.8244,4530305.1
2026-08-22 10:10:00,0.8243,0.8269,0.8166,0.82,7467202.2
2026-08-22 10:15:00,0.8199,0.8239,0.8166,0.8172,3091630.6
2026-08-22 10:20:00,0.8172,0.8192,0.8079,0.8124,5082063.7
2026-08-22 10:25:00,0.8125,0.8251,0.8114,0.8245,3644724.4
2026-08-22 10:30:00,0.8246,0.8266,0.821,0.8254,2494066.9
2026-08-22 10:35:00,0.8253,0.8339,0.8251,0.8313,2244583.3
2026-08-22 10:40:00,0.8312,0.8344,0.8308,0.8329,1565535.6
2026-08-22 10:45:00,0.833,0.8345,0.8272,0.8298,1814865.3
2026-08-22 10:50:00,0.8298,0.8317,0.8282,0.8289,1187199.4
2026-08-22 10:55:00,0.8289,0.8302,0.8255,0.8292,1155099.2
2026-08-22 11:00:00,0.8292,0.83,0.8222,0.828,1611793.5
2026-08-22 11:05:00,0.8279,0.8306,0.8238,0.8239,1132938.7
2026-08-22 11:10:00,0.824,0.8278,0.8234,0.8254,574912.5
2026-08-22 11:15:00,0.8253,0.8268,0.8216,0.8227,918629.7
2026-08-22 11:20:00,0.8227,0.8259,0.822,0.8225,941835.3
2026-08-22 11:25:00,0.8224,0.8278,0.8223,0.8267,1005256.0
2026-08-22 11:30:00,0.8266,0.8312,0.8246,0.8306,1322945.8
2026-08-22 11:35:00,0.8306,0.8328,0.8284,0.8308,1749215.7
2026-08-22 11:40:00,0.8309,0.8341,0.8301,0.8331,2167239.0
2026-08-22 11:45:00,0.8331,0.8335,0.8301,0.8306,1022072.4
2026-08-22 11:50:00,0.8306,0.8306,0.827,0.8276,564644.1
2026-08-22 11:55:00,0.8275,0.83,0.8266,0.8297,1088265.4
2026-08-22 12:00:00,0.8296,0.8349,0.8272,0.8292,1792676.5
2026-08-22 12:05:00,0.8293,0.8355,0.8285,0.8354,1660314.2
2026-08-22 12:10:00,0.8354,0.8385,0.8344,0.8379,2189244.6
2026-08-22 12:15:00,0.8379,0.8406,0.8364,0.8403,1174109.0
2026-08-22 12:20:00,0.8402,0.8428,0.8389,0.8416,1925540.9
2026-08-22 12:25:00,0.8416,0.8433,0.8377,0.8388,1667195.6
2026-08-22 12:30:00,0.8387,0.8388,0.8334,0.8341,1435907.5
2026-08-22 12:35:00,0.8341,0.8355,0.8316,0.833,996311.5
2026-08-22 12:40:00,0.833,0.8383,0.833,0.838,992713.1
2026-08-22 12:45:00,0.838,0.8382,0.835,0.8364,765020.2
2026-08-22 12:50:00,0.8365,0.8369,0.8294,0.8311,1696895.6
2026-08-22 12:55:00,0.831,0.8324,0.8281,0.829,941746.6
2026-08-22 13:00:00,0.8289,0.8308,0.8232,0.8264,2347950.6
2026-08-22 13:05:00,0.8265,0.8316,0.8265,0.8307,1177912.4
2026-08-22 13:10:00,0.8307,0.8326,0.829,0.8309,2319378.1
2026-08-22 13:15:00,0.8309,0.8346,0.8276,0.8287,1034743.1
2026-08-22 13:20:00,0.8286,0.8315,0.8269,0.8313,872243.8
2026-08-22 13:25:00,0.8313,0.8341,0.8286,0.83,633467.6
2026-08-22 13:30:00,0.8299,0.832,0.8278,0.828,815644.2
2026-08-22 13:35:00,0.8281,0.8308,0.8253,0.8282,795794.0
2026-08-22 13:40:00,0.8281,0.8303,0.8268,0.8296,641052.0
2026-08-22 13:45:00,0.8297,0.8344,0.8289,0.8331,706821.4
2026-08-22 13:50:00,0.8332,0.8384,0.8331,0.8359,1370012.2
2026-08-22 13:55:00,0.836,0.8361,0.8336,0.8349,651599.3
2026-08-22 14:00:00,0.8349,0.8359,0.8285,0.8306,1285299.4
2026-08-22 14:05:00,0.8307,0.8309,0.821,0.8279,2045487.2
2026-08-22 14:10:00,0.8278,0.8286,0.8255,0.8273,912989.0
2026-08-22 14:15:00,0.8273,0.8285,0.8236,0.8268,609022.0
2026-08-22 14:20:00,0.8268,0.8297,0.8264,0.8265,824516.6
2026-08-22 14:25:00,0.8265,0.8304,0.8247,0.8297,768188.1
2026-08-22 14:30:00,0.8296,0.8319,0.826,0.8314,825169.4
2026-08-22 14:35:00,0.8316,0.8328,0.8242,0.8254,929798.7
2026-08-22 14:40:00,0.8254,0.8273,0.8202,0.8217,1422944.9
2026-08-22 14:45:00,0.8217,0.8232,0.8163,0.8168,2930889.2
2026-08-22 14:50:00,0.8167,0.8204,0.815,0.8157,2131047.1
2026-08-22 14:55:00,0.8156,0.8203,0.8153,0.8195,1661839.8
2026-08-22 15:00:00,0.8195,0.8236,0.8159,0.8192,1441748.6
2026-08-22 15:05:00,0.8192,0.8225,0.8187,0.8198,1051697.7
2026-08-22 15:10:00,0.8197,0.823,0.8173,0.8176,1088170.4
2026-08-22 15:15:00,0.8175,0.819,0.8136,0.8141,1848064.0
2026-08-22 15:20:00,0.8141,0.817,0.8093,0.8156,2591786.2
2026-08-22 15:25:00,0.8155,0.8188,0.8146,0.8182,915040.8
2026-08-22 15:30:00,0.8183,0.822,0.8167,0.8219,904065.0
2026-08-22 15:35:00,0.8219,0.8241,0.8185,0.8198,1076469.6
2026-08-22 15:40:00,0.8198,0.8203,0.817,0.8188,507566.9
2026-08-22 15:45:00,0.8188,0.8208,0.8168,0.817,700085.5
2026-08-22 15:50:00,0.817,0.8171,0.8147,0.8163,699248.7
2026-08-22 15:55:00,0.8164,0.8187,0.8156,0.8161,600381.5
2026-08-22 16:00:00,0.816,0.8185,0.8149,0.8181,1341401.4
2026-08-22 16:05:00,0.8181,0.8194,0.8167,0.8169,973401.4
2026-08-22 16:10:00,0.8169,0.8173,0.812,0.8173,1084006.6
2026-08-22 16:15:00,0.8173,0.8281,0.8167,0.8271,2149473.2
2026-08-22 16:20:00,0.8271,0.8289,0.8241,0.8273,1657468.3
2026-08-22 16:25:00,0.8273,0.8312,0.8268,0.8292,1109139.3
2026-08-22 16:30:00,0.8292,0.835,0.8291,0.832,2736764.6
2026-08-22 16:35:00,0.8319,0.8363,0.8304,0.8358,1623309.6
2026-08-22 16:40:00,0.8358,0.8408,0.8351,0.8394,1770149.3
2026-08-22 16:45:00,0.8393,0.8416,0.8342,0.8381,4470272.5
2026-08-22 16:50:00,0.8382,0.8383,0.8337,0.8343,1209720.6
2026-08-22 16:55:00,0.8344,0.8372,0.8339,0.8351,481041.3
2026-08-22 17:00:00,0.8351,0.8383,0.834,0.8363,878730.9
2026-08-22 17:05:00,0.8364,0.8383,0.8328,0.8344,1163304.1
2026-08-22 17:10:00,0.8344,0.8349,0.8326,0.8344,605965.7
2026-08-22 17:15:00,0.8344,0.838,0.8343,0.8376,434982.3
2026-08-22 17:20:00,0.8376,0.8378,0.8332,0.8336,893271.2
2026-08-22 17:25:00,0.8336,0.8353,0.8265,0.8285,1747553.5
2026-08-22 17:30:00,0.8285,0.8359,0.8285,0.8352,689595.2
2026-08-22 17:35:00,0.8353,0.8359,0.8323,0.8323,441312.3
2026-08-22 17:40:00,0.8323,0.8362,0.8322,0.8347,443945.7
2026-08-22 17:45:00,0.8346,0.8368,0.8332,0.8365,398148.9
2026-08-22 17:50:00,0.8366,0.8379,0.834,0.8344,438043.0
2026-08-22 17:55:00,0.8344,0.8349,0.8331,0.8342,359889.5
2026-08-22 18:00:00,0.8342,0.8345,0.8302,0.8316,1125731.1
2026-08-22 18:05:00,0.8316,0.8334,0.8286,0.8287,404899.8
2026-08-22 18:10:00,0.8287,0.8298,0.8273,0.8282,611377.0
2026-08-22 18:15:00,0.8282,0.8327,0.8282,0.831,596471.7
2026-08-22 18:20:00,0.8309,0.8385,0.8306,0.8336,2004802.6
2026-08-22 18:25:00,0.8335,0.8336,0.8305,0.8311,990072.1
2026-08-22 18:30:00,0.831,0.8336,0.8298,0.8331,550363.3
2026-08-22 18:35:00,0.8331,0.8331,0.8285,0.8289,544164.0
2026-08-22 18:40:00,0.8289,0.8307,0.8275,0.8289,576375.6
2026-08-22 18:45:00,0.8288,0.8306,0.8258,0.8266,874797.9
2026-08-22 18:50:00,0.8266,0.8268,0.8222,0.8253,1358103.9
2026-08-22 18:55:00,0.8252,0.8299,0.8243,0.8295,784465.8
2026-08-22 19:00:00,0.8296,0.8305,0.8273,0.8274,852789.8
2026-08-22 19:05:00,0.8275,0.8287,0.8238,0.8258,1092376.7
2026-08-22 19:10:00,0.8258,0.8308,0.8256,0.83,516252.9
2026-08-22 19:15:00,0.8299,0.8319,0.8279,0.8286,799433.7
2026-08-22 19:20:00,0.8285,0.8287,0.8257,0.8268,430852.2
2026-08-22 19:25:00,0.8268,0.8289,0.8258,0.8274,645996.8
2026-08-22 19:30:00,0.8274,0.8329,0.8273,0.8321,1059075.4
2026-08-22 19:35:00,0.8321,0.8328,0.8304,0.8317,750330.5
2026-08-22 19:40:00,0.8318,0.8353,0.8318,0.8344,515876.7
2026-08-22 19:45:00,0.8345,0.8363,0.8336,0.8348,605395.8
2026-08-22 19:50:00,0.8347,0.8362,0.8335,0.8344,672711.6
2026-08-22 19:55:00,0.8344,0.8355,0.8334,0.8338,501047.9
2026-08-22 20:00:00,0.8338,0.8348,0.8316,0.8347,477381.6
2026-08-22 20:05:00,0.8347,0.8368,0.8337,0.8363,683982.3
2026-08-22 20:10:00,0.8363,0.8394,0.8354,0.8372,859421.3
2026-08-22 20:15:00,0.8372,0.8382,0.8328,0.8333,461337.8
2026-08-22 20:20:00,0.8333,0.8333,0.8311,0.8323,598429.1
2026-08-22 20:25:00,0.8323,0.834,0.8314,0.8314,354185.6
2026-08-22 20:30:00,0.8315,0.8321,0.8279,0.8291,842253.4
2026-08-22 20:35:00,0.8291,0.833,0.8285,0.833,822514.1
2026-08-22 20:40:00,0.8329,0.834,0.8314,0.8329,512375.6
2026-08-22 20:45:00,0.8329,0.8334,0.8312,0.8325,400791.9
2026-08-22 20:50:00,0.8325,0.8325,0.8306,0.8317,325942.4
2026-08-22 20:55:00,0.8316,0.8316,0.8272,0.8294,702379.3
2026-08-22 21:00:00,0.8294,0.8309,0.8177,0.8198,2602348.9
2026-08-22 21:05:00,0.8198,0.8231,0.8194,0.8207,1009632.6
2026-08-22 21:10:00,0.8206,0.8211,0.815,0.817,2848717.1
2026-08-22 21:15:00,0.8169,0.8227,0.8154,0.8223,1201242.6
2026-08-22 21:20:00,0.8224,0.8247,0.8216,0.8231,747001.4
2026-08-22 21:25:00,0.823,0.8248,0.8213,0.8228,671011.5
2026-08-22 21:30:00,0.8227,0.8227,0.8143,0.8179,1411915.6
2026-08-22 21:35:00,0.818,0.8181,0.8111,0.8141,1584203.6
2026-08-22 21:40:00,0.8141,0.817,0.8106,0.8168,886259.4
2026-08-22 21:45:00,0.8167,0.8167,0.8105,0.8132,390544.8
2026-08-22 21:50:00,0.8131,0.8131,0.8037,0.8087,2450271.9
2026-08-22 21:55:00,0.8088,0.811,0.8069,0.809,708132.8
2026-08-22 22:00:00,0.809,0.8147,0.805,0.8096,1987362.7
2026-08-22 22:05:00,0.8097,0.8151,0.8092,0.8139,1138447.8
2026-08-22 22:10:00,0.8138,0.8178,0.8132,0.817,1032838.4
2026-08-22 22:15:00,0.8171,0.8188,0.8136,0.8141,1018154.8
2026-08-22 22:20:00,0.8142,0.8175,0.8142,0.8166,773883.6
2026-08-22 22:25:00,0.8166,0.8207,0.8165,0.8183,867690.6
2026-08-22 22:30:00,0.8183,0.8187,0.8135,0.8168,1581075.7
2026-08-22 22:35:00,0.8168,0.8215,0.8168,0.8183,1139663.9
2026-08-22 22:40:00,0.8182,0.8197,0.8151,0.8162,829575.9
2026-08-22 22:45:00,0.8162,0.8184,0.8153,0.8173,801394.7
2026-08-22 22:50:00,0.8173,0.8201,0.8162,0.8171,856066.3
2026-08-22 22:55:00,0.8172,0.8178,0.8129,0.8154,802522.3
2026-08-22 23:00:00,0.8154,0.8161,0.8116,0.8158,643608.2
2026-08-22 23:05:00,0.8158,0.817,0.8145,0.8147,620990.5
2026-08-22 23:10:00,0.8147,0.8155,0.812,0.8136,506797.6
2026-08-22 23:15:00,0.8136,0.8137,0.811,0.8132,450920.5
2026-08-22 23:20:00,0.8132,0.8155,0.8131,0.8136,598985.4
2026-08-22 23:25:00,0.8136,0.816,0.8124,0.8124,457280.4
2026-08-22 23:30:00,0.8125,0.813,0.8089,0.8094,553889.1
2026-08-22 23:35:00,0.8094,0.8136,0.8084,0.8131,687840.2
2026-08-22 23:40:00,0.8132,0.814,0.8124,0.8136,366057.4
2026-08-22 23:45:00,0.8135,0.8162,0.8131,0.8161,434149.2
2026-08-22 23:50:00,0.8161,0.817,0.8154,0.817,479137.7
2026-08-22 23:55:00,0.8171,0.8171,0.8144,0.815,354471.3
2026-08-23 00:00:00,0.815,0.8176,0.8145,0.8174,626579.4
2026-08-23 00:05:00,0.8175,0.8188,0.8161,0.8166,981844.1
2026-08-23 00:10:00,0.8165,0.8166,0.808,0.8139,5029514.7
2026-08-23 00:15:00,0.8138,0.8164,0.8123,0.816,746617.0
2026-08-23 00:20:00,0.8159,0.8166,0.8131,0.8162,667491.2
2026-08-23 00:25:00,0.8161,0.8218,0.8159,0.8214,1168545.5
2026-08-23 00:30:00,0.8213,0.824,0.821,0.8214,835310.7
2026-08-23 00:35:00,0.8213,0.8289,0.8207,0.8266,1530666.7
2026-08-23 00:40:00,0.8266,0.8272,0.8252,0.8254,977775.8
2026-08-23 00:45:00,0.8255,0.8288,0.8243,0.8281,908079.2
2026-08-23 00:50:00,0.828,0.8306,0.8266,0.8304,723073.1
2026-08-23 00:55:00,0.8304,0.8332,0.8295,0.8304,1151515.9
2026-08-23 01:00:00,0.8304,0.8304,0.8248,0.8253,993922.8
2026-08-23 01:05:00,0.8254,0.8268,0.8216,0.8256,1092946.7
2026-08-23 01:10:00,0.8256,0.8264,0.8242,0.8263,693535.4
2026-08-23 01:15:00,0.8264,0.8264,0.8218,0.8229,501550.0
2026-08-23 01:20:00,0.8229,0.8246,0.8215,0.8226,604217.1
2026-08-23 01:25:00,0.8227,0.8235,0.8206,0.8234,382035.6
2026-08-23 01:30:00,0.8234,0.824,0.818,0.8201,974153.4
2026-08-23 01:35:00,0.8201,0.8214,0.8183,0.8206,836445.7
2026-08-23 01:40:00,0.8205,0.8229,0.8166,0.8225,829673.0
2026-08-23 01:45:00,0.8225,0.826,0.821,0.8213,519285.7
2026-08-23 01:50:00,0.8213,0.8229,0.8194,0.8205,711011.0
2026-08-23 01:55:00,0.8205,0.8205,0.8164,0.819,603368.7
2026-08-23 02:00:00,0.8191,0.8194,0.8164,0.8165,627749.4
2026-08-23 02:05:00,0.8164,0.8165,0.8126,0.8148,1244761.4
2026-08-23 02:10:00,0.8149,0.8152,0.8079,0.8079,2162093.6
2026-08-23 02:15:00,0.8079,0.8124,0.8073,0.8107,1181714.9
2026-08-23 02:20:00,0.8107,0.8108,0.8041,0.8067,2034688.8
2026-08-23 02:25:00,0.8066,0.8084,0.8047,0.807,553529.4
2026-08-23 02:30:00,0.807,0.8132,0.806,0.813,1115001.5
2026-08-23 02:35:00,0.813,0.8136,0.8092,0.8097,1177796.6
2026-08-23 02:40:00,0.8098,0.8125,0.8096,0.8108,591273.0
2026-08-23 02:45:00,0.8108,0.8143,0.8095,0.813,841429.8
2026-08-23 02:50:00,0.813,0.8172,0.8096,0.8101,2385730.3
2026-08-23 02:55:00,0.81,0.8103,0.8077,0.8088,665570.8
2026-08-23 03:00:00,0.8087,0.8099,0.8065,0.8071,660201.7
2026-08-23 03:05:00,0.807,0.807,0.8015,0.8026,1629740.2
2026-08-23 03:10:00,0.8026,0.8067,0.801,0.8047,1099262.9
2026-08-23 03:15:00,0.8048,0.8098,0.8032,0.8051,1004082.2
2026-08-23 03:20:00,0.805,0.805,0.7912,0.7961,8786355.1
2026-08-23 03:25:00,0.7962,0.8002,0.7962,0.7975,1446696.4
2026-08-23 03:30:00,0.7975,0.7979,0.7903,0.7917,3844915.8
2026-08-23 03:35:00,0.7917,0.7938,0.7901,0.7913,2486468.4
2026-08-23 03:40:00,0.7913,0.7931,0.7888,0.7912,2414979.5
2026-08-23 03:45:00,0.7913,0.7981,0.7913,0.7978,1495649.9
2026-08-23 03:50:00,0.7978,0.7978,0.7939,0.794,888742.8
2026-08-23 03:55:00,0.794,0.7947,0.7928,0.7932,728930.1
2026-08-23 04:00:00,0.7932,0.7939,0.7864,0.787,3112271.7
2026-08-23 04:05:00,0.7871,0.792,0.7858,0.7897,3486593.0
2026-08-23 04:10:00,0.7897,0.7983,0.7895,0.7982,1279706.9
2026-08-23 04:15:00,0.7981,0.7997,0.793,0.793,1744086.9
2026-08-23 04:20:00,0.7931,0.796,0.793,0.7958,887746.8
2026-08-23 04:25:00,0.7957,0.799,0.7957,0.7976,1487138.5
2026-08-23 04:30:00,0.7975,0.7979,0.7924,0.7939,1375465.8
2026-08-23 04:35:00,0.7939,0.796,0.7908,0.7943,1596954.7
2026-08-23 04:40:00,0.7943,0.7957,0.7918,0.7929,1183493.2
2026-08-23 04:45:00,0.7929,0.7932,0.782,0.7827,5390359.1
2026-08-23 04:50:00,0.7827,0.7881,0.7822,0.7877,1620500.4
2026-08-23 04:55:00,0.7877,0.7879,0.7825,0.7839,1939528.6
2026-08-23 05:00:00,0.784,0.7897,0.7821,0.7876,3464582.9
2026-08-23 05:05:00,0.7877,0.7901,0.7832,0.7863,2226613.9
2026-08-23 05:10:00,0.7863,0.7903,0.7839,0.7843,2704256.5
2026-08-23 05:15:00,0.7843,0.7912,0.7784,0.7912,5495778.0
2026-08-23 05:20:00,0.7911,0.7975,0.7891,0.7973,4034021.1
2026-08-23 05:25:00,0.7972,0.799,0.7925,0.793,2029776.6
2026-08-23 05:30:00,0.7929,0.7952,0.792,0.794,1364926.6
2026-08-23 05:35:00,0.7939,0.7955,0.7883,0.7908,2834228.9
2026-08-23 05:40:00,0.7909,0.793,0.7884,0.7896,1552250.0
2026-08-23 05:45:00,0.7895,0.7905,0.7863,0.7876,1202148.4
2026-08-23 05:50:00,0.7876,0.7888,0.7862,0.7883,1204512.7
2026-08-23 05:55:00,0.7883,0.7886,0.7855,0.7858,668952.9
2026-08-23 06:00:00,0.7857,0.7887,0.7825,0.7877,2710055.8
2026-08-23 06:05:00,0.7877,0.7879,0.7819,0.782,1236625.4
2026-08-23 06:10:00,0.782,0.7896,0.7815,0.7879,1323039.0
2026-08-23 06:15:00,0.7878,0.7912,0.7873,0.7903,1148975.3
2026-08-23 06:20:00,0.7904,0.7925,0.7889,0.7899,1031129.0
2026-08-23 06:25:00,0.7899,0.7902,0.7877,0.7889,586350.6
2026-08-23 06:30:00,0.7888,0.7933,0.7888,0.7925,1619544.0
2026-08-23 06:35:00,0.7924,0.7924,0.7885,0.7898,831158.6
2026-08-23 06:40:00,0.7898,0.7912,0.7865,0.7888,990769.1
2026-08-23 06:45:00,0.7888,0.7893,0.786,0.787,619716.4
2026-08-23 06:50:00,0.7869,0.7873,0.7847,0.7854,906210.5
2026-08-23 06:55:00,0.7855,0.7866,0.7833,0.7854,901351.9
2026-08-23 07:00:00,0.7854,0.7873,0.7844,0.7864,553718.6
2026-08-23 07:05:00,0.7864,0.7905,0.786,0.7903,971813.5
2026-08-23 07:10:00,0.7902,0.7935,0.79,0.7928,1075902.0
2026-08-23 07:15:00,0.7928,0.7963,0.7924,0.7954,1106206.0
2026-08-23 07:20:00,0.7954,0.7954,0.793,0.7936,1042239.0
2026-08-23 07:25:00,0.7935,0.7953,0.7921,0.7928,720142.9
2026-08-23 07:30:00,0.7927,0.7932,0.7905,0.7908,732985.7
2026-08-23 07:35:00,0.7909,0.7919,0.7883,0.7913,1256766.6
2026-08-23 07:40:00,0.7912,0.7922,0.7896,0.7901,866288.7
2026-08-23 07:45:00,0.79,0.7927,0.7884,0.7918,784788.5
2026-08-23 07:50:00,0.7918,0.795,0.7914,0.7919,892906.0
2026-08-23 07:55:00,0.7918,0.793,0.7906,0.7925,914670.8
2026-08-23 08:00:00,0.7925,0.7939,0.7906,0.7927,1189688.4
2026-08-23 08:05:00,0.7926,0.7983,0.7922,0.7969,1581914.2
2026-08-23 08:10:00,0.797,0.799,0.7955,0.7968,1723298.0
2026-08-23 08:15:00,0.7968,0.7978,0.7958,0.7962,934328.3
2026-08-23 08:20:00,0.7961,0.7963,0.7944,0.7959,687005.1
2026-08-23 08:25:00,0.7959,0.7973,0.7947,0.7964,569238.3
2026-08-23 08:30:00,0.7965,0.7989,0.7952,0.7976,939513.8
2026-08-23 08:35:00,0.7976,0.8011,0.7966,0.8004,1369800.7
2026-08-23 08:40:00,0.8004,0.8026,0.7995,0.8017,1539675.6
2026-08-23 08:45:00,0.8017,0.8022,0.7993,0.8001,1156882.3
2026-08-23 08:50:00,0.8,0.8019,0.7994,0.8006,678729.2
2026-08-23 08:55:00,0.8005,0.8011,0.7985,0.8008,770106.1
2026-08-23 09:00:00,0.8007,0.8069,0.7986,0.8052,2047601.3
2026-08-23 09:05:00,0.8053,0.8059,0.8021,0.8023,1083662.7
2026-08-23 09:10:00,0.8024,0.803,0.8016,0.8024,829369.5
2026-08-23 09:15:00,0.8024,0.8048,0.802,0.8033,1619784.1
2026-08-23 09:20:00,0.8033,0.8037,0.8011,0.8015,752500.5
2026-08-23 09:25:00,0.8016,0.805,0.8016,0.8041,680697.2
2026-08-23 09:30:00,0.8041,0.8041,0.7983,0.7997,1750224.5
2026-08-23 09:35:00,0.7998,0.8015,0.7974,0.8009,700347.0
2026-08-23 09:40:00,0.8009,0.8025,0.7997,0.8012,1040688.3
2026-08-23 09:45:00,0.8011,0.8016,0.798,0.8008,1079211.9
2026-08-23 09:50:00,0.8007,0.8038,0.8006,0.802,929236.9
2026-08-23 09:55:00,0.802,0.8027,0.8001,0.8004,714565.0
2026-08-23 10:00:00,0.8004,0.8037,0.8,0.8025,1233585.8
2026-08-23 10:05:00,0.8024,0.8065,0.8023,0.804,2043799.1
2026-08-23 10:10:00,0.804,0.8049,0.8019,0.8034,1112779.3
2026-08-23 10:15:00,0.8034,0.8087,0.8032,0.8078,1298035.1
2026-08-23 10:20:00,0.8079,0.813,0.8075,0.8106,3222793.8
2026-08-23 10:25:00,0.8106,0.816,0.8084,0.8086,4763358.2
2026-08-23 10:30:00,0.8087,0.8106,0.804,0.8101,4211022.5
2026-08-23 10:35:00,0.8101,0.8101,0.8075,0.8082,791475.5
2026-08-23 10:40:00,0.8082,0.8089,0.8069,0.8081,554136.0
2026-08-23 10:45:00,0.8082,0.8082,0.806,0.807,621623.2
2026-08-23 10:50:00,0.807,0.8073,0.8036,0.8052,946607.8
2026-08-23 10:55:00,0.8052,0.806,0.8039,0.8044,392095.7
2026-08-23 11:00:00,0.8044,0.8069,0.8034,0.8044,761121.2
2026-08-23 11:05:00,0.8044,0.8074,0.8044,0.806,366679.9
2026-08-23 11:10:00,0.806,0.8072,0.8056,0.8065,332982.8
2026-08-23 11:15:00,0.8065,0.809,0.8048,0.8087,450489.4
2026-08-23 11:20:00,0.8086,0.8195,0.8083,0.819,3348546.2
2026-08-23 11:25:00,0.8189,0.8189,0.8151,0.8157,1712203.9
2026-08-23 11:30:00,0.8158,0.8187,0.8144,0.816,1598598.4
2026-08-23 11:35:00,0.8159,0.8199,0.8159,0.8195,1284926.2
2026-08-23 11:40:00,0.8195,0.8196,0.815,0.8175,2321304.7
2026-08-23 11:45:00,0.8177,0.8186,0.8161,0.8166,707589.3
2026-08-23 11:50:00,0.8166,0.8204,0.8162,0.8187,967259.8
2026-08-23 11:55:00,0.8186,0.8205,0.8182,0.8196,1308604.7
2026-08-23 12:00:00,0.8196,0.8196,0.8153,0.8158,1091736.9
2026-08-23 12:05:00,0.8158,0.8164,0.81,0.8144,2689453.2
2026-08-23 12:10:00,0.8144,0.8145,0.8105,0.8132,992012.8
2026-08-23 12:15:00,0.8132,0.814,0.8118,0.8128,734017.9
2026-08-23 12:20:00,0.8128,0.8141,0.8124,0.8128,659735.3
2026-08-23 12:25:00,0.8128,0.8135,0.8108,0.8115,742528.1
2026-08-23 12:30:00,0.8116,0.8131,0.8113,0.8117,458313.9
2026-08-23 12:35:00,0.8116,0.8139,0.8112,0.8139,500843.6
2026-08-23 12:40:00,0.8139,0.8181,0.8139,0.8173,1134167.0
2026-08-23 12:45:00,0.8172,0.8173,0.8136,0.8144,627198.1
2026-08-23 12:50:00,0.8143,0.8151,0.8113,0.8117,714034.9
2026-08-23 12:55:00,0.8117,0.8156,0.8117,0.8149,552902.4
2026-08-23 13:00:00,0.8148,0.8155,0.8139,0.8141,311671.1
2026-08-23 13:05:00,0.814,0.8164,0.814,0.8158,422733.4
2026-08-23 13:10:00,0.8159,0.8181,0.8155,0.8179,707632.7
2026-08-23 13:15:00,0.8179,0.8295,0.8174,0.8279,4411838.7
2026-08-23 13:20:00,0.8279,0.8301,0.8219,0.8256,3861016.9
2026-08-23 13:25:00,0.8256,0.8257,0.8228,0.8236,1381641.7
2026-08-23 13:30:00,0.8237,0.8262,0.8218,0.8235,1166246.9
2026-08-23 13:35:00,0.8235,0.8279,0.8221,0.8274,1220454.6
2026-08-23 13:40:00,0.8273,0.8306,0.8261,0.8289,1904667.9
2026-08-23 13:45:00,0.829,0.8326,0.827,0.8296,2115749.9
2026-08-23 13:50:00,0.8295,0.8333,0.8295,0.8329,2780555.3
2026-08-23 13:55:00,0.833,0.8331,0.829,0.8306,1266289.5
2026-08-23 14:00:00,0.8307,0.8368,0.8302,0.8356,3116125.9
2026-08-23 14:05:00,0.8357,0.8371,0.8292,0.8321,2210015.8
2026-08-23 14:10:00,0.8321,0.8347,0.8308,0.8326,1446589.6
2026-08-23 14:15:00,0.8326,0.836,0.8317,0.8343,1431917.2
2026-08-23 14:20:00,0.8343,0.8393,0.8307,0.831,2458532.8
2026-08-23 14:25:00,0.8311,0.8342,0.8303,0.8326,1794298.5
2026-08-23 14:30:00,0.8325,0.8344,0.8281,0.8294,2923353.3
2026-08-23 14:35:00,0.8295,0.8319,0.8287,0.8289,968675.7
2026-08-23 14:40:00,0.8288,0.8299,0.7958,0.8126,17368786.7
2026-08-23 14:45:00,0.8125,0.8214,0.8123,0.821,4147979.4
2026-08-23 14:50:00,0.8209,0.826,0.8199,0.825,3239507.2
2026-08-23 14:55:00,0.825,0.8257,0.8199,0.8235,2089867.9
2026-08-23 15:00:00,0.8236,0.8297,0.8181,0.8275,4350025.8
2026-08-23 15:05:00,0.8275,0.8288,0.8246,0.8261,1648328.2
2026-08-23 15:10:00,0.8262,0.8268,0.8222,0.8223,1072097.4
2026-08-23 15:15:00,0.8223,0.8228,0.8151,0.8171,3470760.8
2026-08-23 15:20:00,0.8171,0.8238,0.8151,0.8229,2253476.5
2026-08-23 15:25:00,0.8228,0.8244,0.8216,0.8239,1153747.6
2026-08-23 15:30:00,0.824,0.8256,0.8227,0.825,1440201.5
2026-08-23 15:35:00,0.8251,0.8279,0.8248,0.8279,763497.6
2026-08-23 15:40:00,0.8278,0.8295,0.8265,0.8282,1305791.9
2026-08-23 15:45:00,0.8282,0.8295,0.8262,0.8268,814702.9
2026-08-23 15:50:00,0.8268,0.8283,0.8219,0.8244,1531049.3
2026-08-23 15:55:00,0.8245,0.8278,0.822,0.8232,2341564.8
2026-08-23 16:00:00,0.8233,0.8285,0.8233,0.8278,1158254.1
2026-08-23 16:05:00,0.8279,0.8294,0.8223,0.8228,1228943.3
2026-08-23 16:10:00,0.8229,0.8262,0.8227,0.8259,723954.1
2026-08-23 16:15:00,0.8258,0.8259,0.8206,0.8209,1203020.2
2026-08-23 16:20:00,0.8208,0.8245,0.8195,0.8213,1791955.8
2026-08-23 16:25:00,0.8213,0.8218,0.8168,0.8208,1712714.1
2026-08-23 16:30:00,0.8207,0.8258,0.8196,0.8255,1620420.9
2026-08-23 16:35:00,0.8255,0.8264,0.8217,0.8226,939879.3
2026-08-23 16:40:00,0.8227,0.825,0.8224,0.8245,481755.1
2026-08-23 16:45:00,0.8246,0.825,0.822,0.8229,1177579.5
2026-08-23 16:50:00,0.8229,0.8254,0.8229,0.8253,971474.6
2026-08-23 16:55:00,0.8252,0.8255,0.8232,0.8234,663947.7
2026-08-23 17:00:00,0.8235,0.8248,0.8168,0.8203,1897533.7
2026-08-23 17:05:00,0.8202,0.8273,0.8202,0.827,1066475.2
2026-08-23 17:10:00,0.827,0.8271,0.8248,0.8266,505817.3
2026-08-23 17:15:00,0.8267,0.8302,0.8228,0.8301,1551842.8
2026-08-23 17:20:00,0.8301,0.8303,0.8262,0.8265,1243051.4
2026-08-23 17:25:00,0.8265,0.8284,0.8246,0.8258,714276.3
2026-08-23 17:30:00,0.8259,0.8265,0.8215,0.8247,760758.9
2026-08-23 17:35:00,0.8248,0.8272,0.8246,0.8249,503096.9
2026-08-23 17:40:00,0.8248,0.8262,0.8236,0.8242,476886.2
2026-08-23 17:45:00,0.8242,0.8269,0.8219,0.8227,687662.2
2026-08-23 17:50:00,0.8227,0.8306,0.8213,0.823,2927806.2
2026-08-23 17:55:00,0.8231,0.8263,0.8224,0.824,1091975.0
2026-08-23 18:00:00,0.824,0.8257,0.8216,0.8255,1382049.4
2026-08-23 18:05:00,0.8256,0.8276,0.8237,0.8262,1517449.9
2026-08-23 18:10:00,0.8261,0.8358,0.8256,0.835,3722548.7
2026-08-23 18:15:00,0.835,0.8366,0.83,0.8305,2672287.5
2026-08-23 18:20:00,0.8306,0.8327,0.83,0.8314,961983.8
2026-08-23 18:25:00,0.8313,0.8349,0.8308,0.8326,967191.1
2026-08-23 18:30:00,0.8326,0.8369,0.8315,0.8337,2613129.2
2026-08-23 18:35:00,0.8337,0.8393,0.8337,0.8352,1730405.2
2026-08-23 18:40:00,0.8353,0.8419,0.8353,0.8383,1879924.6
2026-08-23 18:45:00,0.8384,0.8407,0.8372,0.8376,1597419.0
2026-08-23 18:50:00,0.8377,0.8392,0.8356,0.8392,998808.8
2026-08-23 18:55:00,0.8392,0.8469,0.839,0.8459,1732844.7
2026-08-23 19:00:00,0.8459,0.8469,0.8393,0.8394,2598533.4
2026-08-23 19:05:00,0.8395,0.8416,0.8352,0.8361,1752090.8
2026-08-23 19:10:00,0.836,0.8372,0.8326,0.8371,1970338.0
2026-08-23 19:15:00,0.8372,0.8372,0.8344,0.8356,589303.5
2026-08-23 19:20:00,0.8356,0.8375,0.8348,0.835,615964.2
2026-08-23 19:25:00,0.835,0.836,0.833,0.8336,583312.5
2026-08-23 19:30:00,0.8335,0.8366,0.8301,0.8366,2065305.1
2026-08-23 19:35:00,0.8366,0.8388,0.8355,0.8386,1158909.3
2026-08-23 19:40:00,0.8386,0.8418,0.8382,0.8412,982839.5
2026-08-23 19:45:00,0.8412,0.8445,0.8351,0.8351,2030542.3
2026-08-23 19:50:00,0.8351,0.8366,0.8343,0.8347,601806.9
2026-08-23 19:55:00,0.8347,0.8358,0.8323,0.8328,799624.1
2026-08-23 20:00:00,0.8329,0.8341,0.8276,0.8302,2343072.1
2026-08-23 20:05:00,0.8301,0.8352,0.8301,0.8351,863622.8
2026-08-23 20:10:00,0.8351,0.8364,0.8333,0.8346,525995.2
2026-08-23 20:15:00,0.8346,0.8357,0.834,0.8353,525968.1
2026-08-23 20:20:00,0.8353,0.8386,0.8352,0.8383,937340.2
2026-08-23 20:25:00,0.8383,0.84,0.8364,0.8378,908988.2
2026-08-23 20:30:00,0.8377,0.8395,0.8371,0.8373,741385.4
2026-08-23 20:35:00,0.8373,0.8404,0.8373,0.8398,673676.9
2026-08-23 20:40:00,0.8398,0.8399,0.8374,0.8383,464377.0
2026-08-23 20:45:00,0.8382,0.8392,0.8357,0.8359,465789.0
2026-08-23 20:50:00,0.8359,0.8367,0.8344,0.8353,368384.7
2026-08-23 20:55:00,0.8353,0.8365,0.8342,0.8365,346455.4
2026-08-23 21:00:00,0.8364,0.8436,0.8356,0.8434,1411867.7
2026-08-23 21:05:00,0.8435,0.8435,0.8394,0.8432,890810.4
2026-08-23 21:10:00,0.8431,0.8459,0.8421,0.8453,1291350.6
2026-08-23 21:15:00,0.8454,0.8499,0.8452,0.8494,2270196.4
2026-08-23 21:20:00,0.8494,0.8539,0.8489,0.8522,1798657.7
2026-08-23 21:25:00,0.8522,0.8563,0.8516,0.8551,1572166.6
2026-08-23 21:30:00,0.8552,0.8553,0.8519,0.8522,1114407.8
2026-08-23 21:35:00,0.8522,0.8522,0.8415,0.845,2040946.3
2026-08-23 21:40:00,0.845,0.8479,0.8406,0.8426,1839104.2
2026-08-23 21:45:00,0.8426,0.8459,0.8416,0.8455,958289.4
2026-08-23 21:50:00,0.8454,0.8482,0.8444,0.8447,1346794.0
2026-08-23 21:55:00,0.8447,0.847,0.8407,0.8429,818359.3
2026-08-23 22:00:00,0.8429,0.8477,0.8369,0.8412,2324183.5
2026-08-23 22:05:00,0.8412,0.8423,0.8386,0.8391,1732753.0
2026-08-23 22:10:00,0.839,0.8413,0.8361,0.8383,1180601.4
2026-08-23 22:15:00,0.8382,0.8405,0.8349,0.8376,1119735.0
2026-08-23 22:20:00,0.8376,0.8399,0.8369,0.839,716828.3
2026-08-23 22:25:00,0.839,0.8461,0.8388,0.8415,1787618.5
2026-08-23 22:30:00,0.8415,0.8446,0.8399,0.8419,1050817.6
2026-08-23 22:35:00,0.842,0.8445,0.8408,0.8428,574961.7
2026-08-23 22:40:00,0.8429,0.8469,0.8405,0.8417,1853144.1
2026-08-23 22:45:00,0.8416,0.8501,0.8391,0.8491,2633456.3
2026-08-23 22:50:00,0.8492,0.8554,0.8484,0.8548,3365428.7
2026-08-23 22:55:00,0.8547,0.8551,0.8485,0.8498,1759145.9
2026-08-23 23:00:00,0.8499,0.8507,0.8441,0.8487,1099808.2
2026-08-23 23:05:00,0.8488,0.8502,0.8444,0.8481,921370.4
2026-08-23 23:10:00,0.8481,0.8495,0.8415,0.844,1135403.7
2026-08-23 23:15:00,0.8439,0.851,0.8439,0.8489,860241.2
2026-08-23 23:20:00,0.8489,0.8512,0.8441,0.8465,791960.6
2026-08-23 23:25:00,0.8465,0.8507,0.8435,0.8503,1518430.9
2026-08-23 23:30:00,0.8503,0.8577,0.8502,0.8529,2819344.2
2026-08-23 23:35:00,0.8528,0.8537,0.8476,0.8487,1126419.7
2026-08-23 23:40:00,0.8487,0.8514,0.8469,0.8509,990838.7
2026-08-23 23:45:00,0.8509,0.8517,0.8465,0.8493,809285.0
2026-08-23 23:50:00,0.8494,0.8527,0.8478,0.8496,1147831.8
2026-08-23 23:55:00,0.8495,0.8544,0.8495,0.8505,2436670.3
2026-08-24 00:00:00,0.8506,0.851,0.8405,0.8411,1955466.3
2026-08-24 00:05:00,0.8412,0.845,0.8391,0.8445,3086851.9
2026-08-24 00:10:00,0.8444,0.845,0.841,0.8414,1358457.2
2026-08-24 00:15:00,0.8414,0.8419,0.8361,0.837,2316516.2
2026-08-24 00:20:00,0.8371,0.8377,0.8314,0.8337,2934233.5
2026-08-24 00:25:00,0.8336,0.834,0.8258,0.8323,2774185.8
2026-08-24 00:30:00,0.8323,0.8373,0.8308,0.8367,1725210.2
2026-08-24 00:35:00,0.8366,0.8398,0.8348,0.8354,1803067.8
2026-08-24 00:40:00,0.8354,0.8367,0.8289,0.8298,957782.9
2026-08-24 00:45:00,0.8298,0.8369,0.8251,0.8343,2588670.2
2026-08-24 00:50:00,0.8344,0.8383,0.8337,0.8368,836865.1
2026-08-24 00:55:00,0.8368,0.8452,0.8358,0.8451,1674299.4
2026-08-24 01:00:00,0.8451,0.8494,0.842,0.845,2163603.3
2026-08-24 01:05:00,0.8451,0.8462,0.8372,0.8382,1738454.3
2026-08-24 01:10:00,0.8382,0.8425,0.8373,0.8377,613476.4
2026-08-24 01:15:00,0.8376,0.8389,0.835,0.8369,1186532.6
2026-08-24 01:20:00,0.837,0.837,0.8302,0.8302,1843114.6
2026-08-24 01:25:00,0.8303,0.8353,0.8303,0.8338,904769.8
2026-08-24 01:30:00,0.8338,0.8363,0.8321,0.8363,1083883.8
2026-08-24 01:35:00,0.8363,0.8364,0.8289,0.8314,1808289.1
2026-08-24 01:40:00,0.8314,0.8328,0.8275,0.8284,1045884.3
2026-08-24 01:45:00,0.8283,0.8291,0.8256,0.8288,2200600.5
2026-08-24 01:50:00,0.8288,0.8294,0.8262,0.8281,1366225.9
2026-08-24 01:55:00,0.8281,0.8284,0.8193,0.8208,3721421.8
2026-08-24 02:00:00,0.8207,0.8248,0.8131,0.8213,5329666.6
2026-08-24 02:05:00,0.8213,0.8224,0.8158,0.8188,3195895.8
2026-08-24 02:10:00,0.8187,0.8248,0.8168,0.8237,1893561.4
2026-08-24 02:15:00,0.8236,0.8272,0.8235,0.8261,1641894.8
2026-08-24 02:20:00,0.8262,0.8293,0.8233,0.829,1842616.7
2026-08-24 02:25:00,0.8289,0.8302,0.8259,0.8286,1014507.8
2026-08-24 02:30:00,0.8286,0.8324,0.8275,0.8324,1520635.7
2026-08-24 02:35:00,0.8323,0.8379,0.8305,0.8317,2061781.4
2026-08-24 02:40:00,0.8318,0.8333,0.8289,0.8322,866045.8
2026-08-24 02:45:00,0.8322,0.8324,0.8243,0.8287,1560155.8
2026-08-24 02:50:00,0.8287,0.8293,0.8241,0.8257,607658.8
2026-08-24 02:55:00,0.8256,0.8298,0.8252,0.8289,734988.5
2026-08-24 03:00:00,0.8288,0.8303,0.8243,0.8243,936185.2
2026-08-24 03:05:00,0.8244,0.8244,0.8203,0.8224,1411773.4
2026-08-24 03:10:00,0.8224,0.8264,0.8218,0.8226,1117249.8
2026-08-24 03:15:00,0.8225,0.8244,0.8197,0.8228,3149832.3
2026-08-24 03:20:00,0.8229,0.8274,0.8215,0.8274,631872.0
2026-08-24 03:25:00,0.8274,0.8305,0.8215,0.8218,1179743.1
2026-08-24 03:30:00,0.8218,0.8237,0.8176,0.8233,1679491.2
2026-08-24 03:35:00,0.8233,0.8252,0.8208,0.8221,853937.0
2026-08-24 03:40:00,0.8222,0.823,0.8192,0.82,648867.0
2026-08-24 03:45:00,0.82,0.8243,0.8197,0.8232,999470.4
2026-08-24 03:50:00,0.8231,0.8256,0.8213,0.8214,847833.5
2026-08-24 03:55:00,0.8214,0.8223,0.8194,0.8206,627478.0
2026-08-24 04:00:00,0.8205,0.8252,0.8204,0.8248,963323.5
2026-08-24 04:05:00,0.8247,0.8257,0.8217,0.8217,1064887.2
2026-08-24 04:10:00,0.8218,0.8247,0.8213,0.8247,1207668.6
2026-08-24 04:15:00,0.8246,0.8294,0.8246,0.8278,1520501.6
2026-08-24 04:20:00,0.8277,0.8317,0.8264,0.8268,1370967.4
2026-08-24 04:25:00,0.8269,0.8311,0.8268,0.831,1141176.6
2026-08-24 04:30:00,0.831,0.8321,0.829,0.83,825463.1
2026-08-24 04:35:00,0.8301,0.8305,0.8275,0.8293,1142019.4
2026-08-24 04:40:00,0.8293,0.8318,0.8267,0.8318,908516.5
2026-08-24 04:45:00,0.8318,0.8326,0.8276,0.8281,856880.9
2026-08-24 04:50:00,0.8281,0.8283,0.8209,0.826,2203722.9
2026-08-24 04:55:00,0.8259,0.8294,0.8239,0.829,862008.7
2026-08-24 05:00:00,0.8289,0.8292,0.8243,0.825,1031955.2
2026-08-24 05:05:00,0.825,0.8287,0.8213,0.827,1523616.9
2026-08-24 05:10:00,0.8269,0.8349,0.8257,0.8348,2001141.8
2026-08-24 05:15:00,0.8347,0.8364,0.8293,0.8294,1890486.4
2026-08-24 05:20:00,0.8295,0.8307,0.8252,0.8264,1452211.8
2026-08-24 05:25:00,0.8264,0.8287,0.8253,0.827,1160023.9
2026-08-24 05:30:00,0.8271,0.8271,0.8212,0.8227,1559355.2
2026-08-24 05:35:00,0.8227,0.8268,0.8197,0.8258,1325349.2
2026-08-24 05:40:00,0.8257,0.8297,0.8249,0.8263,1567602.3
2026-08-24 05:45:00,0.8263,0.8279,0.8234,0.8238,990825.9
2026-08-24 05:50:00,0.8238,0.8275,0.8228,0.8271,1056234.8
2026-08-24 05:55:00,0.8271,0.8279,0.8251,0.8264,972173.9
2026-08-24 06:00:00,0.8264,0.8278,0.8213,0.8217,2134138.0
2026-08-24 06:05:00,0.8217,0.8258,0.8186,0.8245,2370692.7
2026-08-24 06:10:00,0.8245,0.8295,0.8226,0.8285,1652127.6
2026-08-24 06:15:00,0.8285,0.8296,0.825,0.8251,1096717.8
2026-08-24 06:20:00,0.8251,0.8272,0.8223,0.8268,1254527.2
2026-08-24 06:25:00,0.8269,0.827,0.8229,0.8241,537595.4
2026-08-24 06:30:00,0.824,0.8251,0.8204,0.8205,2329300.9
2026-08-24 06:35:00,0.8205,0.8227,0.8174,0.8176,1657001.7
2026-08-24 06:40:00,0.8176,0.8196,0.8165,0.8182,1059128.2
2026-08-24 06:45:00,0.8182,0.8266,0.8174,0.8244,2054336.7
2026-08-24 06:50:00,0.8244,0.8253,0.8212,0.822,766058.1
2026-08-24 06:55:00,0.822,0.8225,0.8203,0.8211,731443.0
2026-08-24 07:00:00,0.821,0.8226,0.8197,0.8218,672978.5
2026-08-24 07:05:00,0.8218,0.8228,0.8207,0.8224,743379.7
2026-08-24 07:10:00,0.8224,0.8298,0.8224,0.8288,3067093.0
2026-08-24 07:15:00,0.8287,0.8288,0.8244,0.8259,904848.3
2026-08-24 07:20:00,0.8259,0.826,0.8216,0.8226,834398.4
2026-08-24 07:25:00,0.8226,0.8243,0.8214,0.8232,1072844.8
2026-08-24 07:30:00,0.8232,0.8233,0.8184,0.8192,1179443.6
2026-08-24 07:35:00,0.8193,0.8195,0.8158,0.8167,977068.4
2026-08-24 07:40:00,0.8168,0.817,0.8105,0.8124,3061879.9
2026-08-24 07:45:00,0.8125,0.8194,0.8122,0.8174,1994710.1
2026-08-24 07:50:00,0.8173,0.8181,0.815,0.8178,806052.2
2026-08-24 07:55:00,0.8178,0.818,0.8158,0.8163,597732.6
2026-08-24 08:00:00,0.8164,0.8172,0.8102,0.8109,1524033.2
2026-08-24 08:05:00,0.8109,0.818,0.8109,0.8161,1392140.9
2026-08-24 08:10:00,0.816,0.8161,0.8113,0.8129,1146020.2
2026-08-24 08:15:00,0.8129,0.8129,0.8056,0.8105,3936081.0
2026-08-24 08:20:00,0.8105,0.811,0.8068,0.8072,1508328.8
2026-08-24 08:25:00,0.8072,0.8077,0.8039,0.8066,2152990.4
2026-08-24 08:30:00,0.8066,0.8084,0.8058,0.8081,1017372.3
2026-08-24 08:35:00,0.8081,0.8122,0.8078,0.8112,764511.7
2026-08-24 08:40:00,0.8112,0.8125,0.8103,0.8122,623014.2
2026-08-24 08:45:00,0.8122,0.8127,0.8105,0.8123,883301.4
2026-08-24 08:50:00,0.8122,0.8128,0.8112,0.8116,510437.5
2026-08-24 08:55:00,0.8117,0.8128,0.8114,0.812,425837.7
2026-08-24 09:00:00,0.812,0.8151,0.8112,0.8146,937531.1
2026-08-24 09:05:00,0.8146,0.8199,0.8146,0.8189,1608667.9
2026-08-24 09:10:00,0.819,0.8207,0.8179,0.8193,1268052.4
2026-08-24 09:15:00,0.8194,0.8216,0.8179,0.8198,2019744.3
2026-08-24 09:20:00,0.8197,0.8209,0.8189,0.8195,1127515.8
2026-08-24 09:25:00,0.8195,0.8213,0.8186,0.8202,508986.9
2026-08-24 09:30:00,0.8202,0.822,0.8194,0.8213,567710.2
2026-08-24 09:35:00,0.8214,0.8216,0.8193,0.8209,1261265.2
2026-08-24 09:40:00,0.8209,0.8209,0.8189,0.8194,391776.4
2026-08-24 09:45:00,0.8194,0.8213,0.8187,0.8206,360644.5
2026-08-24 09:50:00,0.8206,0.8213,0.8191,0.821,424523.9
2026-08-24 09:55:00,0.8209,0.821,0.8185,0.8198,320890.2
2026-08-24 10:00:00,0.8197,0.8265,0.8183,0.8237,1914482.2
2026-08-24 10:05:00,0.8238,0.8245,0.8196,0.8218,1377595.7
2026-08-24 10:10:00,0.8219,0.8262,0.8214,0.824,1337752.0
2026-08-24 10:15:00,0.8239,0.8247,0.8205,0.8247,600847.6
2026-08-24 10:20:00,0.8247,0.8255,0.8217,0.8237,1197662.4
2026-08-24 10:25:00,0.8237,0.8256,0.8222,0.8227,904267.7
2026-08-24 10:30:00,0.8226,0.8281,0.8218,0.827,2189892.8
2026-08-24 10:35:00,0.827,0.8271,0.8229,0.8231,1304648.6
2026-08-24 10:40:00,0.8232,0.8244,0.8188,0.8196,1264894.9
2026-08-24 10:45:00,0.8196,0.8235,0.8195,0.821,944166.4
2026-08-24 10:50:00,0.821,0.8214,0.8153,0.8176,1233152.5
2026-08-24 10:55:00,0.8176,0.8182,0.8156,0.8177,1012388.7
2026-08-24 11:00:00,0.8176,0.8178,0.8103,0.8158,1994799.1
2026-08-24 11:05:00,0.8157,0.8169,0.8135,0.8157,851193.7
2026-08-24 11:10:00,0.8158,0.8201,0.8154,0.8192,1238171.2
2026-08-24 11:15:00,0.8191,0.8214,0.8179,0.8206,918740.2
2026-08-24 11:20:00,0.8206,0.8233,0.8191,0.8224,904871.6
2026-08-24 11:25:00,0.8225,0.8245,0.8225,0.8235,708147.3
2026-08-24 11:30:00,0.8235,0.8299,0.8225,0.8296,1583633.9
2026-08-24 11:35:00,0.8296,0.8338,0.829,0.8313,3184036.4
2026-08-24 11:40:00,0.8313,0.8361,0.8302,0.836,2405597.1
2026-08-24 11:45:00,0.836,0.8368,0.8279,0.8291,2717337.0
2026-08-24 11:50:00,0.8292,0.8316,0.8279,0.8301,1125114.5
2026-08-24 11:55:00,0.8301,0.8318,0.8287,0.8314,865106.3
2026-08-24 12:00:00,0.8315,0.8315,0.826,0.8264,1583626.3
2026-08-24 12:05:00,0.8264,0.8267,0.8234,0.8253,1461618.5
2026-08-24 12:10:00,0.8253,0.8269,0.8224,0.8232,1682183.7
2026-08-24 12:15:00,0.8233,0.8258,0.8178,0.8252,2721738.4
2026-08-24 12:20:00,0.8252,0.828,0.8244,0.8275,1051656.6
2026-08-24 12:25:00,0.8274,0.8292,0.8265,0.8279,891860.0
2026-08-24 12:30:00,0.8279,0.8338,0.8245,0.8298,4647475.2
2026-08-24 12:35:00,0.8298,0.834,0.8296,0.8338,1046748.6
2026-08-24 12:40:00,0.8338,0.8363,0.8323,0.834,1891411.9
2026-08-24 12:45:00,0.834,0.8384,0.8332,0.8375,2657642.4
2026-08-24 12:50:00,0.8375,0.8409,0.8349,0.8381,2430815.0
2026-08-24 12:55:00,0.8382,0.8399,0.8366,0.8383,1810107.7
2026-08-24 13:00:00,0.8383,0.8391,0.8321,0.8334,2701684.8
2026-08-24 13:05:00,0.8335,0.8358,0.8317,0.8352,1367492.7
2026-08-24 13:10:00,0.8352,0.8393,0.8348,0.8362,2386565.4
2026-08-24 13:15:00,0.8362,0.8367,0.832,0.8351,2009342.5
2026-08-24 13:20:00,0.8351,0.837,0.8327,0.834,800677.3
2026-08-24 13:25:00,0.8339,0.8352,0.8323,0.8339,1533192.2
2026-08-24 13:30:00,0.834,0.8342,0.8191,0.8258,5072402.8
2026-08-24 13:35:00,0.8258,0.8278,0.8207,0.8228,2994240.5
2026-08-24 13:40:00,0.8229,0.8234,0.8125,0.8153,4924584.2
2026-08-24 13:45:00,0.8153,0.8185,0.8104,0.8175,3677075.1
2026-08-24 13:50:00,0.8176,0.8184,0.8126,0.8157,1904901.2
2026-08-24 13:55:00,0.8158,0.82,0.8151,0.8184,2041572.0
2026-08-24 14:00:00,0.8184,0.8226,0.8166,0.8188,2098039.5
2026-08-24 14:05:00,0.8188,0.8218,0.8186,0.8218,1051296.4
2026-08-24 14:10:00,0.8217,0.8256,0.8216,0.8251,3353943.4
2026-08-24 14:15:00,0.8252,0.8269,0.8219,0.8238,1650815.0
2026-08-24 14:20:00,0.8238,0.8311,0.8194,0.8204,2714896.0
2026-08-24 14:25:00,0.8204,0.8268,0.8198,0.8261,1387758.7
2026-08-24 14:30:00,0.826,0.8325,0.8253,0.8308,2096684.2
2026-08-24 14:35:00,0.8308,0.8326,0.8295,0.831,1278003.3
2026-08-24 14:40:00,0.8311,0.8338,0.8286,0.8318,1294410.4
2026-08-24 14:45:00,0.8318,0.8332,0.8274,0.8278,1253028.4
2026-08-24 14:50:00,0.8277,0.828,0.8231,0.8252,1450752.3
2026-08-24 14:55:00,0.8251,0.8297,0.8246,0.8279,689454.5
2026-08-24 15:00:00,0.8279,0.8328,0.826,0.8293,912852.4
2026-08-24 15:05:00,0.8294,0.8323,0.8275,0.8294,1205352.3
2026-08-24 15:10:00,0.8293,0.8317,0.8277,0.8292,878059.5
2026-08-24 15:15:00,0.8292,0.8375,0.8286,0.8369,1963551.8
2026-08-24 15:20:00,0.8368,0.8398,0.8353,0.8395,2596755.4
2026-08-24 15:25:00,0.8394,0.8422,0.8362,0.8399,1977474.3
2026-08-24 15:30:00,0.8398,0.8402,0.8341,0.835,1769887.7
2026-08-24 15:35:00,0.835,0.8384,0.8309,0.8326,2837840.3
2026-08-24 15:40:00,0.8327,0.8349,0.8223,0.8268,3823351.2
2026-08-24 15:45:00,0.8268,0.8303,0.823,0.8269,1827633.3
2026-08-24 15:50:00,0.8269,0.8277,0.8227,0.8247,1528129.9
2026-08-24 15:55:00,0.8247,0.8247,0.8185,0.8226,2469719.7
2026-08-24 16:00:00,0.8227,0.8272,0.8227,0.8259,1823519.3
2026-08-24 16:05:00,0.8258,0.831,0.8253,0.827,1566946.2
2026-08-24 16:10:00,0.827,0.8283,0.8256,0.8281,911807.6
2026-08-24 16:15:00,0.828,0.8336,0.8273,0.8336,847710.7
2026-08-24 16:20:00,0.8335,0.8336,0.8308,0.8312,1020862.5
2026-08-24 16:25:00,0.8313,0.833,0.8302,0.8324,659749.7
2026-08-24 16:30:00,0.8324,0.8342,0.831,0.8314,721868.2
2026-08-24 16:35:00,0.8314,0.8322,0.8286,0.8314,870076.1
2026-08-24 16:40:00,0.8314,0.833,0.8282,0.8294,1421509.7
2026-08-24 16:45:00,0.8295,0.8306,0.8248,0.8255,1746916.7
2026-08-24 16:50:00,0.8257,0.8267,0.82,0.8211,1795916.1
2026-08-24 16:55:00,0.8212,0.8241,0.8199,0.8208,2941926.4
2026-08-24 17:00:00,0.8208,0.8213,0.8102,0.8162,5467002.1
2026-08-24 17:05:00,0.8162,0.8214,0.8152,0.821,1451995.8
2026-08-24 17:10:00,0.821,0.821,0.8165,0.8167,1706799.8
2026-08-24 17:15:00,0.8167,0.8172,0.8102,0.8141,2290395.0
2026-08-24 17:20:00,0.8141,0.8142,0.8014,0.8048,5926235.6
2026-08-24 17:25:00,0.8048,0.8073,0.8003,0.8022,2462623.3
2026-08-24 17:30:00,0.8023,0.8048,0.8003,0.8004,1966564.2
2026-08-24 17:35:00,0.8005,0.8056,0.7972,0.8047,4587891.5
2026-08-24 17:40:00,0.8048,0.8072,0.8021,0.8022,3231306.7
2026-08-24 17:45:00,0.8022,0.8055,0.8015,0.8054,968755.3
2026-08-24 17:50:00,0.8053,0.8082,0.805,0.8072,1457066.5
2026-08-24 17:55:00,0.8072,0.8085,0.8052,0.8085,808107.5
2026-08-24 18:00:00,0.8084,0.8137,0.8083,0.8121,1980677.0
2026-08-24 18:05:00,0.812,0.8144,0.81,0.8113,1997047.4
2026-08-24 18:10:00,0.8112,0.8131,0.8104,0.8129,1087178.9
2026-08-24 18:15:00,0.8129,0.8144,0.812,0.8136,1084665.0
2026-08-24 18:20:00,0.8136,0.8141,0.8117,0.8117,700984.8
2026-08-24 18:25:00,0.8117,0.815,0.8113,0.8146,984679.9
2026-08-24 18:30:00,0.8146,0.8165,0.8128,0.8128,1001866.5
2026-08-24 18:35:00,0.8129,0.8135,0.8067,0.8101,1786452.3
2026-08-24 18:40:00,0.8101,0.813,0.8095,0.8129,886718.6
2026-08-24 18:45:00,0.8129,0.8139,0.8104,0.812,1102943.7
2026-08-24 18:50:00,0.812,0.8127,0.8027,0.8051,4096779.0
2026-08-24 18:55:00,0.8052,0.8067,0.8011,0.8038,2155201.2
2026-08-24 19:00:00,0.8038,0.8061,0.8014,0.8017,1615781.4
2026-08-24 19:05:00,0.8017,0.8038,0.7991,0.8009,1812533.7
2026-08-24 19:10:00,0.801,0.8054,0.8005,0.8049,789055.9
2026-08-24 19:15:00,0.8049,0.8062,0.7994,0.8005,1348727.2
2026-08-24 19:20:00,0.8006,0.8028,0.7994,0.8004,1748447.6
2026-08-24 19:25:00,0.8004,0.8049,0.8004,0.8049,1228944.6
2026-08-24 19:30:00,0.8048,0.8059,0.803,0.8042,574454.8
2026-08-24 19:35:00,0.8041,0.8077,0.8032,0.8061,867809.3
2026-08-24 19:40:00,0.8061,0.8064,0.8035,0.806,923553.6
2026-08-24 19:45:00,0.8059,0.8066,0.8033,0.8057,761299.1
2026-08-24 19:50:00,0.8058,0.8062,0.802,0.8042,789233.0
2026-08-24 19:55:00,0.8042,0.8048,0.8023,0.8029,579052.9
2026-08-24 20:00:00,0.8029,0.8053,0.8005,0.8011,822850.2
2026-08-24 20:05:00,0.8012,0.8052,0.8003,0.8052,704434.2
2026-08-24 20:10:00,0.8052,0.8059,0.8023,0.8029,476561.8
2026-08-24 20:15:00,0.8028,0.8028,0.8005,0.8019,481765.7
2026-08-24 20:20:00,0.8019,0.8037,0.8008,0.8023,416034.0
2026-08-24 20:25:00,0.8024,0.8027,0.7982,0.8005,1049754.1
2026-08-24 20:30:00,0.8006,0.8035,0.7992,0.8032,704168.5
2026-08-24 20:35:00,0.8032,0.8074,0.803,0.8051,999898.8
2026-08-24 20:40:00,0.8051,0.8058,0.8042,0.8054,584413.9
2026-08-24 20:45:00,0.8053,0.8056,0.8039,0.804,399819.9
2026-08-24 20:50:00,0.8041,0.8054,0.8039,0.8049,514743.3
2026-08-24 20:55:00,0.805,0.8061,0.8049,0.8061,329270.7
2026-08-24 21:00:00,0.8061,0.8088,0.8061,0.8082,758369.8
2026-08-24 21:05:00,0.8081,0.8084,0.8067,0.807,478990.4
2026-08-24 21:10:00,0.807,0.8096,0.8062,0.8096,805513.2
2026-08-24 21:15:00,0.8095,0.81,0.8072,0.8075,613424.6
2026-08-24 21:20:00,0.8074,0.8085,0.8065,0.8078,267504.5
2026-08-24 21:25:00,0.8078,0.8086,0.8074,0.8077,414468.3
2026-08-24 21:30:00,0.8077,0.8089,0.8069,0.8072,297366.2
2026-08-24 21:35:00,0.8071,0.8077,0.8059,0.8075,303559.5
2026-08-24 21:40:00,0.8075,0.8085,0.8072,0.808,199812.9
2026-08-24 21:45:00,0.8079,0.8094,0.8069,0.8086,495582.0
2026-08-24 21:50:00,0.8085,0.8085,0.8058,0.8068,163165.2
2026-08-24 21:55:00,0.8068,0.8081,0.8066,0.8079,147018.7
2026-08-24 22:00:00,0.8079,0.8082,0.8048,0.8057,817554.4
2026-08-24 22:05:00,0.8057,0.807,0.8055,0.8058,222913.7
2026-08-24 22:10:00,0.8058,0.8061,0.8042,0.8047,372213.6
2026-08-24 22:15:00,0.8047,0.8057,0.8031,0.8038,548988.9
2026-08-24 22:20:00,0.8038,0.8048,0.8024,0.8032,325986.0
2026-08-24 22:25:00,0.8032,0.8033,0.8005,0.8024,1451239.5
2026-08-24 22:30:00,0.8023,0.8049,0.8014,0.8041,488545.9
2026-08-24 22:35:00,0.8042,0.8059,0.8037,0.8042,431190.6
2026-08-24 22:40:00,0.8041,0.8041,0.8,0.8004,1523004.4
2026-08-24 22:45:00,0.8003,0.8014,0.7992,0.8009,7380715.0
2026-08-24 22:50:00,0.8008,0.8024,0.8,0.8015,1407117.8
2026-08-24 22:55:00,0.8014,0.8014,0.8,0.8003,1264376.3
2026-08-24 23:00:00,0.8002,0.801,0.7931,0.7934,6422717.1
2026-08-24 23:05:00,0.7934,0.7944,0.7905,0.7923,2754418.7
2026-08-24 23:10:00,0.7924,0.794,0.7904,0.791,2223459.4
2026-08-24 23:15:00,0.7909,0.7929,0.7907,0.7924,1006173.7
2026-08-24 23:20:00,0.7924,0.7985,0.7923,0.798,1741859.4
2026-08-24 23:25:00,0.7979,0.7997,0.7976,0.7977,937490.7
2026-08-24 23:30:00,0.7976,0.801,0.7974,0.7998,813302.3
2026-08-24 23:35:00,0.7998,0.8021,0.7992,0.8015,667222.4
2026-08-24 23:40:00,0.8016,0.8023,0.8008,0.8014,613093.2
2026-08-24 23:45:00,0.8014,0.8024,0.7973,0.7997,952230.7
2026-08-24 23:50:00,0.7996,0.8013,0.7952,0.7971,1163075.4
2026-08-24 23:55:00,0.7971,0.8003,0.7943,0.8,752420.2
2026-08-25 00:00:00,0.8001,0.8003,0.7978,0.798,1031768.3
2026-08-25 00:05:00,0.7981,0.8032,0.7968,0.8003,1909837.1
2026-08-25 00:10:00,0.8003,0.8028,0.799,0.7997,1159647.5
2026-08-25 00:15:00,0.7997,0.7999,0.7944,0.7962,958259.3
2026-08-25 00:20:00,0.7962,0.7993,0.7928,0.798,1941069.4
2026-08-25 00:25:00,0.7981,0.8002,0.7973,0.7982,1295765.2
2026-08-25 00:30:00,0.7982,0.799,0.7951,0.797,1410569.7
2026-08-25 00:35:00,0.797,0.8024,0.7967,0.7995,1312651.4
2026-08-25 00:40:00,0.7995,0.8067,0.7991,0.8066,1967418.9
2026-08-25 00:45:00,0.8066,0.8131,0.8061,0.8113,3657590.4
2026-08-25 00:50:00,0.8113,0.8152,0.8091,0.8151,2143392.0
2026-08-25 00:55:00,0.8151,0.8166,0.8124,0.8128,1687436.6
2026-08-25 01:00:00,0.8128,0.8164,0.8125,0.8155,1193722.6
2026-08-25 01:05:00,0.8154,0.8163,0.8122,0.8137,1046090.7
2026-08-25 01:10:00,0.8137,0.8137,0.8089,0.8113,1356914.1
2026-08-25 01:15:00,0.8112,0.8132,0.808,0.8121,1093611.0
2026-08-25 01:20:00,0.8121,0.8125,0.8103,0.8111,730850.6
2026-08-25 01:25:00,0.8111,0.8155,0.8108,0.8131,744553.5
2026-08-25 01:30:00,0.8131,0.8145,0.8116,0.8123,582859.5
2026-08-25 01:35:00,0.8122,0.8157,0.8108,0.8154,577009.5
2026-08-25 01:40:00,0.8154,0.8172,0.8114,0.8115,1107641.7
2026-08-25 01:45:00,0.8116,0.815,0.8116,0.8132,568120.9
2026-08-25 01:50:00,0.8131,0.8132,0.8091,0.8113,723352.2
2026-08-25 01:55:00,0.8112,0.8129,0.8109,0.8123,549333.8
2026-08-25 02:00:00,0.8124,0.8125,0.8103,0.8115,844724.6
2026-08-25 02:05:00,0.8115,0.8124,0.8097,0.8107,594538.0
2026-08-25 02:10:00,0.8107,0.8119,0.8086,0.8113,624245.5
2026-08-25 02:15:00,0.8113,0.8278,0.8109,0.8277,4954099.2
2026-08-25 02:20:00,0.8278,0.8311,0.8245,0.829,5846370.1
2026-08-25 02:25:00,0.8289,0.8338,0.8287,0.8329,2976916.5
2026-08-25 02:30:00,0.8328,0.8345,0.8288,0.8315,2050598.5
2026-08-25 02:35:00,0.8314,0.8321,0.8252,0.8305,4939198.1
2026-08-25 02:40:00,0.8305,0.8329,0.8242,0.8252,4773678.6
2026-08-25 02:45:00,0.8252,0.8261,0.8206,0.8217,1858159.0
2026-08-25 02:50:00,0.8217,0.8219,0.8182,0.8186,2943748.5
2026-08-25 02:55:00,0.8186,0.8213,0.818,0.8198,2028068.0
2026-08-25 03:00:00,0.8199,0.8249,0.8189,0.8239,3074342.1
2026-08-25 03:05:00,0.824,0.8282,0.8236,0.8258,1596492.7
2026-08-25 03:10:00,0.8258,0.8323,0.8255,0.8295,2272705.8
2026-08-25 03:15:00,0.8294,0.8308,0.8254,0.8277,1024618.2
2026-08-25 03:20:00,0.8278,0.8292,0.8244,0.8251,1311797.6
2026-08-25 03:25:00,0.8252,0.826,0.8214,0.8258,1489535.5
2026-08-25 03:30:00,0.8258,0.8278,0.8239,0.8256,1156040.3
2026-08-25 03:35:00,0.8256,0.8281,0.8243,0.8277,1001551.0
2026-08-25 03:40:00,0.8276,0.8278,0.8225,0.8236,1185601.6
2026-08-25 03:45:00,0.8236,0.8253,0.8174,0.8197,1800736.8
2026-08-25 03:50:00,0.8198,0.8215,0.8186,0.819,1329184.4
2026-08-25 03:55:00,0.819,0.8199,0.8157,0.819,1610617.4
2026-08-25 04:00:00,0.8191,0.8233,0.8181,0.8195,1716027.0
2026-08-25 04:05:00,0.8195,0.8212,0.8167,0.821,1483182.4
2026-08-25 04:10:00,0.8208,0.8237,0.8202,0.8225,1203424.9
2026-08-25 04:15:00,0.8224,0.8229,0.8188,0.8199,1096167.9
2026-08-25 04:20:00,0.8199,0.8237,0.8186,0.8235,859828.0
2026-08-25 04:25:00,0.8236,0.8236,0.8191,0.8197,940768.1
2026-08-25 04:30:00,0.8198,0.8212,0.8155,0.8198,1551254.5
2026-08-25 04:35:00,0.8197,0.8214,0.8175,0.818,1238428.7
2026-08-25 04:40:00,0.818,0.8195,0.8158,0.8174,1341608.5
2026-08-25 04:45:00,0.8174,0.8212,0.8162,0.8211,958035.1
2026-08-25 04:50:00,0.8212,0.822,0.8195,0.8195,801020.8
2026-08-25 04:55:00,0.8194,0.8209,0.8172,0.8203,810371.4
2026-08-25 05:00:00,0.8203,0.8241,0.8187,0.8231,1658781.7
2026-08-25 05:05:00,0.823,0.8249,0.8229,0.8241,481707.0
2026-08-25 05:10:00,0.8241,0.826,0.8234,0.8244,858926.9
2026-08-25 05:15:00,0.8244,0.8257,0.8231,0.8247,859714.5
2026-08-25 05:20:00,0.8246,0.8259,0.8239,0.8253,688022.5
2026-08-25 05:25:00,0.8253,0.8291,0.8253,0.8268,1047639.6
2026-08-25 05:30:00,0.8268,0.829,0.8262,0.829,716739.6
2026-08-25 05:35:00,0.829,0.829,0.8271,0.8277,1206900.4
2026-08-25 05:40:00,0.8277,0.8286,0.8257,0.826,856668.4
2026-08-25 05:45:00,0.826,0.8284,0.8258,0.8281,731800.4
2026-08-25 05:50:00,0.828,0.8299,0.8279,0.8286,742541.9
2026-08-25 05:55:00,0.8286,0.8304,0.8271,0.8272,496724.7
2026-08-25 06:00:00,0.8273,0.8288,0.8261,0.8269,895007.4
2026-08-25 06:05:00,0.827,0.8275,0.8257,0.827,448386.7
2026-08-25 06:10:00,0.827,0.8272,0.8245,0.8267,691001.0
2026-08-25 06:15:00,0.8267,0.8284,0.8261,0.8268,533601.2
2026-08-25 06:20:00,0.8268,0.8282,0.8251,0.8265,506289.4
2026-08-25 06:25:00,0.8266,0.8266,0.8246,0.8246,302755.4
2026-08-25 06:30:00,0.8246,0.8246,0.8209,0.8231,796053.6
2026-08-25 06:35:00,0.823,0.823,0.8183,0.8198,943853.9
2026-08-25 06:40:00,0.8199,0.8203,0.8177,0.8181,511818.7
2026-08-25 06:45:00,0.8182,0.82,0.817,0.8177,967886.8
2026-08-25 06:50:00,0.8177,0.8177,0.8143,0.8157,1344584.1
2026-08-25 06:55:00,0.8157,0.8157,0.8126,0.8155,1119020.8
2026-08-25 07:00:00,0.8155,0.8212,0.8145,0.8205,1201445.4
2026-08-25 07:05:00,0.8205,0.8225,0.8203,0.8215,773772.9
2026-08-25 07:10:00,0.8214,0.8219,0.8205,0.8207,335817.6
2026-08-25 07:15:00,0.8207,0.8223,0.8191,0.8192,523353.7
2026-08-25 07:20:00,0.8193,0.8204,0.8189,0.8196,942608.0
2026-08-25 07:25:00,0.8196,0.8222,0.819,0.8205,451633.8
2026-08-25 07:30:00,0.8205,0.8205,0.8181,0.8185,828590.5
2026-08-25 07:35:00,0.8184,0.8186,0.8149,0.8154,733203.8
2026-08-25 07:40:00,0.8155,0.8179,0.8155,0.8171,702259.8
2026-08-25 07:45:00,0.8172,0.8179,0.8044,0.8056,4606302.4
2026-08-25 07:50:00,0.8056,0.8058,0.7972,0.8045,10474621.5
2026-08-25 07:55:00,0.8044,0.8045,0.8016,0.8017,1960949.0
2026-08-25 08:00:00,0.8018,0.8048,0.8015,0.8038,1937287.4
2026-08-25 08:05:00,0.8037,0.804,0.8,0.803,2529465.9
2026-08-25 08:10:00,0.803,0.8047,0.8023,0.8046,1287929.9
2026-08-25 08:15:00,0.8046,0.8087,0.8044,0.807,2035849.1
2026-08-25 08:20:00,0.8071,0.8093,0.8055,0.8079,1840126.9
2026-08-25 08:25:00,0.8078,0.8093,0.807,0.8079,4209725.0
2026-08-25 08:30:00,0.808,0.8091,0.8073,0.8086,537419.3
2026-08-25 08:35:00,0.8087,0.8098,0.8071,0.8072,960963.1
2026-08-25 08:40:00,0.8073,0.8092,0.8058,0.8089,664243.1
2026-08-25 08:45:00,0.809,0.8094,0.8052,0.8053,565435.3
2026-08-25 08:50:00,0.8054,0.8059,0.8036,0.8044,780579.5
2026-08-25 08:55:00,0.8044,0.8054,0.8033,0.8049,554350.1
2026-08-25 09:00:00,0.805,0.8056,0.8017,0.8028,601097.3
2026-08-25 09:05:00,0.8027,0.805,0.8018,0.8044,1027429.7
2026-08-25 09:10:00,0.8043,0.8062,0.803,0.8051,638315.9
2026-08-25 09:15:00,0.8052,0.8064,0.8042,0.8057,626126.6
2026-08-25 09:20:00,0.8057,0.808,0.8055,0.8076,550077.4
2026-08-25 09:25:00,0.8075,0.8075,0.8039,0.8057,1017466.9
2026-08-25 09:30:00,0.8057,0.8079,0.8055,0.8074,310306.8
2026-08-25 09:35:00,0.8073,0.8074,0.8056,0.8058,408861.6
2026-08-25 09:40:00,0.8058,0.8074,0.8058,0.8062,179383.0
2026-08-25 09:45:00,0.8063,0.8075,0.8044,0.8049,467436.2
2026-08-25 09:50:00,0.805,0.8051,0.7951,0.7995,8255810.1
2026-08-25 09:55:00,0.7994,0.801,0.7983,0.8003,1647998.0
2026-08-25 10:00:00,0.8003,0.8013,0.7967,0.8009,1695966.3
2026-08-25 10:05:00,0.8009,0.8033,0.799,0.8012,1081720.7
2026-08-25 10:10:00,0.8011,0.8026,0.7997,0.8006,781571.3
2026-08-25 10:15:00,0.8006,0.8025,0.8002,0.8015,764447.5
2026-08-25 10:20:00,0.8015,0.8026,0.8001,0.8016,601673.5
2026-08-25 10:25:00,0.8017,0.8019,0.8007,0.8012,328197.5
2026-08-25 10:30:00,0.8012,0.8014,0.7997,0.8,319850.0
2026-08-25 10:35:00,0.7999,0.8001,0.7987,0.7995,604466.1
2026-08-25 10:40:00,0.7996,0.8005,0.7993,0.8,377283.8
2026-08-25 10:45:00,0.8,0.8034,0.8,0.801,1366184.9
2026-08-25 10:50:00,0.8011,0.8027,0.8006,0.8023,374072.0
2026-08-25 10:55:00,0.8023,0.8029,0.8011,0.8011,280305.4
2026-08-25 11:00:00,0.8011,0.8014,0.7993,0.7995,1434370.7
2026-08-25 11:05:00,0.7995,0.8032,0.7993,0.8007,844382.6
2026-08-25 11:10:00,0.8007,0.801,0.7976,0.7985,724113.4
2026-08-25 11:15:00,0.7985,0.8011,0.7982,0.7993,628849.3
2026-08-25 11:20:00,0.7994,0.8021,0.7994,0.8018,512472.4
2026-08-25 11:25:00,0.8019,0.8019,0.7992,0.8011,1585272.8
2026-08-25 11:30:00,0.8011,0.8033,0.8005,0.8032,608230.1
2026-08-25 11:35:00,0.8032,0.8056,0.8025,0.8028,958525.6
2026-08-25 11:40:00,0.8027,0.8027,0.8003,0.8005,408627.8
2026-08-25 11:45:00,0.8006,0.8015,0.7989,0.8,3286451.6
2026-08-25 11:50:00,0.8002,0.8018,0.7998,0.8,1083682.9
2026-08-25 11:55:00,0.8,0.8009,0.7993,0.7997,922155.9
2026-08-25 12:00:00,0.7996,0.8009,0.7958,0.7989,1176638.4
2026-08-25 12:05:00,0.7988,0.7988,0.7936,0.7971,4309803.3
2026-08-25 12:10:00,0.7971,0.8021,0.797,0.8018,1047133.8
2026-08-25 12:15:00,0.8018,0.8034,0.801,0.8015,1280582.4
2026-08-25 12:20:00,0.8016,0.8019,0.7972,0.8003,1176868.0
2026-08-25 12:25:00,0.8003,0.8013,0.7958,0.8002,931768.5
2026-08-25 12:30:00,0.8002,0.8008,0.7979,0.7998,644942.6
2026-08-25 12:35:00,0.7998,0.7998,0.7977,0.7977,585883.6
2026-08-25 12:40:00,0.7977,0.7999,0.7944,0.7992,1004638.5
2026-08-25 12:45:00,0.7991,0.8012,0.7978,0.8008,713628.1
2026-08-25 12:50:00,0.8007,0.8033,0.8007,0.803,599317.2
2026-08-25 12:55:00,0.803,0.8034,0.8013,0.8014,601258.9
2026-08-25 13:00:00,0.8014,0.8028,0.8003,0.8012,719778.8
2026-08-25 13:05:00,0.8013,0.8015,0.7969,0.798,760142.2
2026-08-25 13:10:00,0.798,0.7988,0.7952,0.7956,967218.2
2026-08-25 13:15:00,0.7955,0.7955,0.788,0.791,5071509.3
2026-08-25 13:20:00,0.7909,0.7927,0.785,0.7874,4795393.3
2026-08-25 13:25:00,0.7875,0.7894,0.7841,0.7843,3246678.6
2026-08-25 13:30:00,0.7842,0.7927,0.7828,0.7926,5999556.5
2026-08-25 13:35:00,0.7927,0.7947,0.7915,0.7922,2580427.4
2026-08-25 13:40:00,0.7921,0.7944,0.7883,0.7888,1733255.6
2026-08-25 13:45:00,0.7888,0.7892,0.7847,0.7862,2759696.3
2026-08-25 13:50:00,0.7863,0.7864,0.7774,0.7829,6101738.0
2026-08-25 13:55:00,0.7829,0.7893,0.7815,0.7889,1666401.1
2026-08-25 14:00:00,0.7889,0.7915,0.7865,0.7911,2273544.8
2026-08-25 14:05:00,0.7911,0.793,0.7898,0.793,1657814.9
2026-08-25 14:10:00,0.7929,0.7949,0.7921,0.7926,1175880.5
2026-08-25 14:15:00,0.7925,0.7936,0.7903,0.7904,1394364.4
2026-08-25 14:20:00,0.7904,0.7928,0.7898,0.7926,1178906.1
2026-08-25 14:25:00,0.7927,0.7966,0.7926,0.7948,1361788.0
2026-08-25 14:30:00,0.7949,0.7982,0.792,0.7965,2346329.7
2026-08-25 14:35:00,0.7964,0.7973,0.794,0.7944,854981.7
2026-08-25 14:40:00,0.7945,0.7956,0.7919,0.7936,1191758.6
2026-08-25 14:45:00,0.7937,0.7953,0.793,0.793,991504.9
2026-08-25 14:50:00,0.7931,0.7944,0.7924,0.7938,493734.6
2026-08-25 14:55:00,0.7937,0.7955,0.792,0.7931,1337944.2
2026-08-25 15:00:00,0.7931,0.7935,0.7886,0.7892,1105049.4
2026-08-25 15:05:00,0.7893,0.7926,0.7893,0.7912,759388.2
2026-08-25 15:10:00,0.7912,0.792,0.7868,0.7877,1784445.6
2026-08-25 15:15:00,0.7877,0.7916,0.7862,0.7906,1607908.5
2026-08-25 15:20:00,0.7906,0.7915,0.7888,0.7889,510510.6
2026-08-25 15:25:00,0.7889,0.7897,0.7873,0.7891,602053.7
2026-08-25 15:30:00,0.7892,0.7916,0.7889,0.7904,540711.2
2026-08-25 15:35:00,0.7904,0.7938,0.79,0.7914,2016020.3
2026-08-25 15:40:00,0.7913,0.7916,0.7894,0.7901,450435.9
2026-08-25 15:45:00,0.7902,0.7907,0.7881,0.7885,559361.4
2026-08-25 15:50:00,0.7885,0.79,0.7878,0.7892,465407.6
2026-08-25 15:55:00,0.7893,0.7931,0.7893,0.7928,759772.8
2026-08-25 16:00:00,0.7929,0.7946,0.7919,0.7924,992468.4
2026-08-25 16:05:00,0.7924,0.7929,0.7904,0.7904,978532.4
2026-08-25 16:10:00,0.7904,0.7909,0.7874,0.7888,782155.2
2026-08-25 16:15:00,0.7889,0.7898,0.7878,0.7894,481627.4
2026-08-25 16:20:00,0.7895,0.7898,0.7857,0.7859,1161423.2
2026-08-25 16:25:00,0.7859,0.787,0.7852,0.7863,556889.0
2026-08-25 16:30:00,0.7863,0.789,0.7857,0.7879,562283.6
2026-08-25 16:35:00,0.7878,0.7888,0.7874,0.7883,435814.9
2026-08-25 16:40:00,0.7883,0.7888,0.7873,0.7873,352194.4
2026-08-25 16:45:00,0.7874,0.789,0.7868,0.7886,710638.1
2026-08-25 16:50:00,0.7887,0.7893,0.786,0.7862,367300.9
2026-08-25 16:55:00,0.7863,0.7866,0.785,0.7854,560362.0
2026-08-25 17:00:00,0.7854,0.7858,0.782,0.7824,1646863.4
2026-08-25 17:05:00,0.7823,0.7826,0.7755,0.7789,4898655.8
2026-08-25 17:10:00,0.7789,0.7795,0.7751,0.7791,2122196.9
2026-08-25 17:15:00,0.7791,0.7808,0.7787,0.7805,888751.3
2026-08-25 17:20:00,0.7805,0.7816,0.7764,0.7773,1345539.6
2026-08-25 17:25:00,0.7774,0.778,0.7745,0.7759,2218770.5
2026-08-25 17:30:00,0.7759,0.7809,0.7759,0.778,1712696.5
2026-08-25 17:35:00,0.778,0.7785,0.7764,0.7769,667423.6
2026-08-25 17:40:00,0.777,0.7813,0.777,0.7812,880295.0
2026-08-25 17:45:00,0.7812,0.7831,0.7809,0.7823,921094.6
2026-08-25 17:50:00,0.7822,0.7834,0.7802,0.7824,729156.2
2026-08-25 17:55:00,0.7823,0.7836,0.7816,0.7827,511861.5
2026-08-25 18:00:00,0.7827,0.7843,0.7808,0.7818,991642.0
2026-08-25 18:05:00,0.7818,0.7833,0.7813,0.783,550975.8
2026-08-25 18:10:00,0.783,0.7846,0.7816,0.7838,638709.5
2026-08-25 18:15:00,0.7838,0.7857,0.7838,0.7849,688069.5
2026-08-25 18:20:00,0.7848,0.7864,0.7836,0.7849,452400.8
2026-08-25 18:25:00,0.7849,0.7849,0.7834,0.7846,420659.6
2026-08-25 18:30:00,0.7845,0.7847,0.7822,0.7822,650670.8
2026-08-25 18:35:00,0.7823,0.7842,0.7823,0.7838,366311.0
2026-08-25 18:40:00,0.7839,0.7847,0.7828,0.7844,256077.5
2026-08-25 18:45:00,0.7843,0.7852,0.783,0.7839,599562.0
2026-08-25 18:50:00,0.784,0.7843,0.7802,0.7807,994193.5
2026-08-25 18:55:00,0.7807,0.782,0.7791,0.7815,869381.0
2026-08-25 19:00:00,0.7816,0.7825,0.7788,0.7788,726609.7
2026-08-25 19:05:00,0.7787,0.7816,0.778,0.7815,782645.4
2026-08-25 19:10:00,0.7815,0.7835,0.78,0.7817,921838.0
2026-08-25 19:15:00,0.7817,0.7822,0.7804,0.7819,510985.4
2026-08-25 19:20:00,0.782,0.782,0.78,0.78,374893.6
2026-08-25 19:25:00,0.7799,0.7799,0.7766,0.7767,685820.4
2026-08-25 19:30:00,0.7767,0.7774,0.7749,0.7766,1061272.8
2026-08-25 19:35:00,0.7766,0.7783,0.7758,0.7759,726773.1
2026-08-25 19:40:00,0.776,0.7762,0.7725,0.7731,2054182.2
2026-08-25 19:45:00,0.7731,0.7755,0.7731,0.7741,753552.5
2026-08-25 19:50:00,0.774,0.7773,0.7735,0.7754,936726.5
2026-08-25 19:55:00,0.7754,0.7764,0.7747,0.7749,439238.1
2026-08-25 20:00:00,0.7748,0.7762,0.7656,0.7698,6130963.4
2026-08-25 20:05:00,0.7698,0.7719,0.7674,0.7707,1457093.1
2026-08-25 20:10:00,0.7707,0.7716,0.7696,0.7707,707384.6
2026-08-25 20:15:00,0.7706,0.7732,0.7695,0.7731,592014.2
2026-08-25 20:20:00,0.7732,0.7733,0.7706,0.7723,553187.5
2026-08-25 20:25:00,0.7723,0.7728,0.7693,0.7695,732836.3
2026-08-25 20:30:00,0.7694,0.7709,0.7666,0.7694,1387145.1
2026-08-25 20:35:00,0.7694,0.7705,0.7636,0.7647,2432855.3
2026-08-25 20:40:00,0.7647,0.7661,0.7566,0.761,8038590.8
2026-08-25 20:45:00,0.7609,0.7627,0.7563,0.7582,6667768.5
2026-08-25 20:50:00,0.7583,0.7609,0.7565,0.7565,2247986.9
2026-08-25 20:55:00,0.7565,0.7569,0.7538,0.7555,4319790.3
2026-08-25 21:00:00,0.7556,0.7594,0.7551,0.758,3095311.4
2026-08-25 21:05:00,0.7581,0.7601,0.743,0.7486,17203655.3
2026-08-25 21:10:00,0.7485,0.7572,0.7472,0.7569,3429579.4
2026-08-25 21:15:00,0.7568,0.758,0.754,0.7575,1943101.2
2026-08-25 21:20:00,0.7574,0.7574,0.7512,0.7528,2016623.7
2026-08-25 21:25:00,0.7527,0.758,0.7516,0.758,981221.4
2026-08-25 21:30:00,0.758,0.7599,0.7573,0.7599,1400783.0
2026-08-25 21:35:00,0.7599,0.763,0.7599,0.7626,1939864.6
2026-08-25 21:40:00,0.7626,0.7626,0.7613,0.7621,592139.3
2026-08-25 21:45:00,0.7621,0.7624,0.7601,0.7613,389574.9
2026-08-25 21:50:00,0.7612,0.7613,0.7589,0.7603,601809.9
2026-08-25 21:55:00,0.7602,0.7613,0.7591,0.7597,827241.4
2026-08-25 22:00:00,0.7597,0.764,0.7597,0.763,1444975.5
2026-08-25 22:05:00,0.763,0.7665,0.7627,0.7649,1442118.7
2026-08-25 22:10:00,0.7649,0.766,0.7641,0.7657,788587.7
2026-08-25 22:15:00,0.7657,0.7675,0.7651,0.7675,558361.2
2026-08-25 22:20:00,0.7675,0.7676,0.7648,0.765,795104.5
2026-08-25 22:25:00,0.7649,0.7649,0.7609,0.7625,1209269.2
2026-08-25 22:30:00,0.7625,0.7661,0.7617,0.7655,557691.6
2026-08-25 22:35:00,0.7655,0.7662,0.7637,0.7637,884995.3
2026-08-25 22:40:00,0.7638,0.7646,0.763,0.7635,354645.8
2026-08-25 22:45:00,0.7634,0.7651,0.763,0.7648,435938.1
2026-08-25 22:50:00,0.7648,0.7654,0.7644,0.7652,438850.1
2026-08-25 22:55:00,0.7652,0.7661,0.7646,0.7652,272120.4
2026-08-25 23:00:00,0.7649,0.7668,0.7643,0.7665,623058.2
2026-08-25 23:05:00,0.7665,0.7676,0.7653,0.7655,708407.7
2026-08-25 23:10:00,0.7654,0.7657,0.764,0.7648,751517.6
2026-08-25 23:15:00,0.7648,0.7665,0.7627,0.7632,675378.5
2026-08-25 23:20:00,0.7632,0.7636,0.7613,0.7619,1056454.0
2026-08-25 23:25:00,0.762,0.7639,0.7614,0.7633,660478.0
2026-08-25 23:30:00,0.7632,0.7633,0.761,0.7613,615602.3
2026-08-25 23:35:00,0.7613,0.7615,0.7595,0.7597,1042372.6
2026-08-25 23:40:00,0.7598,0.7601,0.7562,0.7576,1000982.1
2026-08-25 23:45:00,0.7576,0.7584,0.7558,0.7566,905613.0
2026-08-25 23:50:00,0.7567,0.7569,0.7541,0.7563,871515.0
2026-08-25 23:55:00,0.7562,0.7582,0.7554,0.7573,755702.4
2026-08-26 00:00:00,0.7573,0.7579,0.7537,0.7576,1721104.7
2026-08-26 00:05:00,0.7576,0.7577,0.7537,0.7539,988038.3
2026-08-26 00:10:00,0.7539,0.7552,0.7523,0.7531,920719.4
2026-08-26 00:15:00,0.7531,0.7562,0.753,0.7555,520986.6
2026-08-26 00:20:00,0.7556,0.7563,0.7544,0.7562,587528.4
2026-08-26 00:25:00,0.7561,0.7572,0.755,0.757,446820.5
2026-08-26 00:30:00,0.7571,0.7587,0.7568,0.7576,704460.3
2026-08-26 00:35:00,0.7575,0.7576,0.7546,0.7548,597869.9
2026-08-26 00:40:00,0.7547,0.7578,0.7537,0.7553,803096.9
2026-08-26 00:45:00,0.7554,0.7576,0.7547,0.7571,762067.7
2026-08-26 00:50:00,0.7572,0.7619,0.7572,0.7611,1333075.4
2026-08-26 00:55:00,0.7611,0.7611,0.7584,0.7587,779324.5
2026-08-26 01:00:00,0.7587,0.7627,0.7583,0.7627,1050931.4
2026-08-26 01:05:00,0.7627,0.7644,0.7627,0.7631,1271165.9
2026-08-26 01:10:00,0.763,0.7631,0.7603,0.7611,630258.2
2026-08-26 01:15:00,0.7611,0.7619,0.7603,0.7617,915536.3
2026-08-26 01:20:00,0.7617,0.7629,0.7606,0.7617,1273973.3
2026-08-26 01:25:00,0.7616,0.7616,0.7592,0.7593,409373.4
2026-08-26 01:30:00,0.7593,0.7646,0.7592,0.7645,782395.5
2026-08-26 01:35:00,0.7644,0.7651,0.7614,0.7629,1061236.0
2026-08-26 01:40:00,0.7629,0.7637,0.7614,0.7622,383482.3
2026-08-26 01:45:00,0.7622,0.7628,0.7611,0.7624,231052.7
2026-08-26 01:50:00,0.7623,0.7623,0.7605,0.7609,197753.3
2026-08-26 01:55:00,0.7608,0.7616,0.7602,0.7612,284679.3
2026-08-26 02:00:00,0.7612,0.7619,0.7589,0.7596,873442.1
2026-08-26 02:05:00,0.7596,0.7598,0.7567,0.7573,663847.8
2026-08-26 02:10:00,0.7573,0.7592,0.7565,0.758,613451.3
2026-08-26 02:15:00,0.758,0.7628,0.7576,0.7619,560290.4
2026-08-26 02:20:00,0.7619,0.763,0.7608,0.7623,512161.2
2026-08-26 02:25:00,0.7623,0.7669,0.7623,0.7664,989608.2
2026-08-26 02:30:00,0.7665,0.7666,0.7642,0.7651,879922.2
2026-08-26 02:35:00,0.7651,0.7657,0.7646,0.7649,441738.1
2026-08-26 02:40:00,0.765,0.7655,0.7643,0.7653,377799.1
2026-08-26 02:45:00,0.7653,0.7657,0.7639,0.764,652138.0
2026-08-26 02:50:00,0.764,0.764,0.7616,0.7624,685320.3
2026-08-26 02:55:00,0.7624,0.7631,0.7623,0.7624,216015.9
2026-08-26 03:00:00,0.7624,0.764,0.7614,0.762,350497.9
2026-08-26 03:05:00,0.762,0.7626,0.7608,0.7611,351999.9
2026-08-26 03:10:00,0.7612,0.7613,0.7598,0.76,318529.9
2026-08-26 03:15:00,0.7601,0.7611,0.7596,0.7601,317396.1
2026-08-26 03:20:00,0.7602,0.7623,0.7597,0.7608,404491.6
2026-08-26 03:25:00,0.7608,0.7611,0.7592,0.7594,468276.8
2026-08-26 03:30:00,0.7594,0.7596,0.7573,0.759,1325428.9
2026-08-26 03:35:00,0.759,0.7617,0.759,0.7597,688332.0
2026-08-26 03:40:00,0.7596,0.7618,0.7586,0.7608,956574.1
2026-08-26 03:45:00,0.7609,0.7614,0.7589,0.759,575044.2
2026-08-26 03:50:00,0.7591,0.7603,0.7584,0.7602,762700.1
2026-08-26 03:55:00,0.7601,0.7622,0.7601,0.7609,771945.7
2026-08-26 04:00:00,0.761,0.761,0.7586,0.7604,914848.6
2026-08-26 04:05:00,0.7603,0.764,0.7598,0.764,594316.1
2026-08-26 04:10:00,0.764,0.7649,0.7569,0.759,4411012.3
2026-08-26 04:15:00,0.7591,0.7623,0.7583,0.7623,489672.0
2026-08-26 04:20:00,0.7621,0.7625,0.7605,0.7623,572837.0
2026-08-26 04:25:00,0.7623,0.7626,0.7611,0.7616,561413.8
2026-08-26 04:30:00,0.7617,0.7627,0.7596,0.761,854111.8
2026-08-26 04:35:00,0.7609,0.765,0.7599,0.7623,1371994.0
2026-08-26 04:40:00,0.7623,0.7642,0.7622,0.7622,502871.5
2026-08-26 04:45:00,0.7622,0.7622,0.7594,0.762,1239151.2
2026-08-26 04:50:00,0.7619,0.7634,0.7613,0.7621,632838.3
2026-08-26 04:55:00,0.7621,0.7622,0.7596,0.7604,485758.2
2026-08-26 05:00:00,0.7605,0.7614,0.759,0.7604,955672.5
2026-08-26 05:05:00,0.7605,0.7605,0.7573,0.7599,1308591.2
2026-08-26 05:10:00,0.7598,0.7609,0.7591,0.7596,473812.6
2026-08-26 05:15:00,0.7596,0.7602,0.7575,0.758,573265.8
2026-08-26 05:20:00,0.7581,0.7631,0.7578,0.7628,816228.0
2026-08-26 05:25:00,0.7628,0.7639,0.7612,0.7639,837154.2
2026-08-26 05:30:00,0.7639,0.7663,0.7631,0.7656,963760.7
2026-08-26 05:35:00,0.7657,0.7668,0.7643,0.7651,953394.2
2026-08-26 05:40:00,0.7652,0.7662,0.7645,0.766,391986.6
2026-08-26 05:45:00,0.7659,0.7661,0.7653,0.7659,379328.6
2026-08-26 05:50:00,0.7658,0.7659,0.7645,0.7649,560757.7
2026-08-26 05:55:00,0.7648,0.7663,0.7646,0.766,422643.5
2026-08-26 06:00:00,0.7659,0.7668,0.7652,0.7664,1175671.0
2026-08-26 06:05:00,0.7664,0.7695,0.7664,0.7694,1756674.7
2026-08-26 06:10:00,0.7694,0.7694,0.7659,0.7663,553845.0
2026-08-26 06:15:00,0.7662,0.7679,0.7635,0.7635,858070.9
2026-08-26 06:20:00,0.7635,0.7656,0.7634,0.7641,534480.1
2026-08-26 06:25:00,0.764,0.7652,0.7633,0.7639,548916.0
2026-08-26 06:30:00,0.7639,0.7665,0.7636,0.7651,908764.0
2026-08-26 06:35:00,0.7651,0.7657,0.7621,0.7635,1108475.0
2026-08-26 06:40:00,0.7636,0.7662,0.7634,0.7649,742248.9
2026-08-26 06:45:00,0.765,0.7654,0.7625,0.7638,826716.2
2026-08-26 06:50:00,0.7638,0.7657,0.7635,0.7657,468656.5
2026-08-26 06:55:00,0.7656,0.7662,0.7645,0.7651,610446.6
2026-08-26 07:00:00,0.7651,0.767,0.7634,0.767,1199515.2
2026-08-26 07:05:00,0.7669,0.7685,0.7655,0.7656,1047659.9
2026-08-26 07:10:00,0.7656,0.7673,0.7656,0.7664,332070.2
2026-08-26 07:15:00,0.7665,0.767,0.7651,0.7655,371335.4
2026-08-26 07:20:00,0.7655,0.7668,0.7645,0.7652,634973.2
2026-08-26 07:25:00,0.7652,0.7667,0.765,0.7652,665885.5
2026-08-26 07:30:00,0.7651,0.7652,0.7628,0.7641,779642.8
2026-08-26 07:35:00,0.764,0.7647,0.7629,0.7634,653566.8
2026-08-26 07:40:00,0.7634,0.7636,0.7618,0.7627,766322.5
2026-08-26 07:45:00,0.7628,0.7637,0.7617,0.7636,471225.5
2026-08-26 07:50:00,0.7637,0.7644,0.7613,0.7615,791646.0
2026-08-26 07:55:00,0.7614,0.7615,0.7592,0.7597,1535115.4
2026-08-26 08:00:00,0.7598,0.7611,0.7588,0.7596,589207.7
2026-08-26 08:05:00,0.7596,0.7627,0.7587,0.7625,621414.1
2026-08-26 08:10:00,0.7624,0.7642,0.7621,0.7624,639903.5
2026-08-26 08:15:00,0.7625,0.7643,0.7611,0.7614,320286.6
2026-08-26 08:20:00,0.7614,0.7617,0.7602,0.7609,492097.5
2026-08-26 08:25:00,0.7609,0.7624,0.7609,0.7614,210734.1
2026-08-26 08:30:00,0.7615,0.7627,0.7601,0.761,374326.1
2026-08-26 08:35:00,0.7609,0.7614,0.76,0.7603,449217.1
2026-08-26 08:40:00,0.7603,0.7614,0.7595,0.7609,343120.1
2026-08-26 08:45:00,0.7609,0.7614,0.7604,0.7611,276314.6
2026-08-26 08:50:00,0.7612,0.7625,0.7581,0.7583,1021445.3
2026-08-26 08:55:00,0.7582,0.7596,0.7578,0.7595,654382.6
2026-08-26 09:00:00,0.7596,0.7614,0.7589,0.7605,598982.8
2026-08-26 09:05:00,0.7604,0.762,0.7602,0.7603,334952.9
2026-08-26 09:10:00,0.7603,0.7614,0.7595,0.7597,308103.4
2026-08-26 09:15:00,0.7598,0.7599,0.754,0.7556,2711711.6
2026-08-26 09:20:00,0.7557,0.7567,0.7543,0.7545,1171425.9
2026-08-26 09:25:00,0.7546,0.7565,0.7543,0.7554,597720.2
2026-08-26 09:30:00,0.7554,0.7565,0.7537,0.7557,641977.1
2026-08-26 09:35:00,0.7558,0.7561,0.7525,0.7527,1773201.3
2026-08-26 09:40:00,0.7527,0.7528,0.7495,0.75,3377475.6
2026-08-26 09:45:00,0.75,0.7533,0.7481,0.7532,1892451.9
2026-08-26 09:50:00,0.7532,0.7547,0.7523,0.7524,1031587.5
2026-08-26 09:55:00,0.7525,0.7543,0.7521,0.7537,429100.4
2026-08-26 10:00:00,0.7538,0.7538,0.7513,0.7527,918468.2
2026-08-26 10:05:00,0.7528,0.7538,0.7524,0.7532,387441.7
2026-08-26 10:10:00,0.7531,0.7539,0.7523,0.7537,297796.5
2026-08-26 10:15:00,0.7537,0.7569,0.7536,0.7568,754275.5
2026-08-26 10:20:00,0.7568,0.7581,0.7553,0.7581,526456.3
2026-08-26 10:25:00,0.7581,0.7599,0.7579,0.7596,487227.5
2026-08-26 10:30:00,0.7596,0.76,0.7584,0.7599,1069511.7
2026-08-26 10:35:00,0.7599,0.763,0.7588,0.7618,788989.8
2026-08-26 10:40:00,0.7618,0.7627,0.7606,0.7618,1126482.6
2026-08-26 10:45:00,0.7618,0.7633,0.7614,0.7632,639124.7
2026-08-26 10:50:00,0.7632,0.7638,0.7623,0.7631,723185.5
2026-08-26 10:55:00,0.7631,0.7636,0.7617,0.7621,431511.0
2026-08-26 11:00:00,0.7621,0.7629,0.7615,0.7619,593388.0
2026-08-26 11:05:00,0.7619,0.7622,0.7603,0.7607,724776.0
2026-08-26 11:10:00,0.7608,0.7623,0.7606,0.762,766541.7
2026-08-26 11:15:00,0.762,0.7635,0.7612,0.7621,671230.4
2026-08-26 11:20:00,0.7621,0.7628,0.7597,0.7605,724376.1
2026-08-26 11:25:00,0.7606,0.7606,0.7587,0.7593,384613.7
2026-08-26 11:30:00,0.7592,0.7597,0.7585,0.7588,399853.8
2026-08-26 11:35:00,0.7587,0.7593,0.7534,0.7551,1459050.7
2026-08-26 11:40:00,0.755,0.7564,0.7539,0.7558,818535.7
2026-08-26 11:45:00,0.7558,0.7558,0.7538,0.7538,568870.0
2026-08-26 11:50:00,0.7539,0.7562,0.7539,0.7558,393127.0
2026-08-26 11:55:00,0.7557,0.7563,0.7547,0.755,427429.9
2026-08-26 12:00:00,0.755,0.7563,0.7543,0.7552,486620.3
2026-08-26 12:05:00,0.7552,0.7553,0.7531,0.7537,692275.4
2026-08-26 12:10:00,0.7538,0.7542,0.7526,0.7529,401100.8
2026-08-26 12:15:00,0.7528,0.7546,0.7523,0.7541,535598.1
2026-08-26 12:20:00,0.7542,0.7596,0.7539,0.7594,642473.2
2026-08-26 12:25:00,0.7594,0.762,0.7593,0.7616,866378.0
2026-08-26 12:30:00,0.7617,0.7617,0.7465,0.7569,8274700.5
2026-08-26 12:35:00,0.7568,0.758,0.7538,0.7544,1073779.0
2026-08-26 12:40:00,0.7543,0.7569,0.7542,0.7545,785753.7
2026-08-26 12:45:00,0.7545,0.7562,0.7539,0.7553,476969.8
2026-08-26 12:50:00,0.7553,0.7564,0.7543,0.7551,521572.5
2026-08-26 12:55:00,0.755,0.7572,0.7548,0.7551,472545.5
2026-08-26 13:00:00,0.7551,0.7565,0.753,0.7533,633715.0
2026-08-26 13:05:00,0.7532,0.7535,0.7494,0.75,2019506.2
2026-08-26 13:10:00,0.7499,0.7505,0.748,0.7496,1933028.6
2026-08-26 13:15:00,0.7495,0.7498,0.7463,0.7478,1559193.1
2026-08-26 13:20:00,0.7478,0.7488,0.7448,0.7455,1898749.6
2026-08-26 13:25:00,0.7455,0.7465,0.7444,0.7457,1825399.2
2026-08-26 13:30:00,0.7458,0.7513,0.7456,0.7508,2637299.5
2026-08-26 13:35:00,0.7508,0.7541,0.749,0.7529,1813113.6
2026-08-26 13:40:00,0.7528,0.7548,0.7517,0.7535,1338626.3
2026-08-26 13:45:00,0.7534,0.7547,0.7493,0.7493,1617703.8
2026-08-26 13:50:00,0.7494,0.7495,0.7418,0.7434,3453974.9
2026-08-26 13:55:00,0.7434,0.7489,0.743,0.7482,1421725.4
2026-08-26 14:00:00,0.7481,0.7512,0.744,0.7502,2679379.8
2026-08-26 14:05:00,0.7501,0.7512,0.7487,0.7491,1163792.8
2026-08-26 14:10:00,0.7491,0.7502,0.7476,0.7477,1099636.3
2026-08-26 14:15:00,0.7478,0.7505,0.7476,0.749,433391.5
2026-08-26 14:20:00,0.749,0.7495,0.7471,0.7475,561204.9
2026-08-26 14:25:00,0.7474,0.748,0.745,0.7457,1021484.8
2026-08-26 14:30:00,0.7456,0.7471,0.7434,0.7448,1223311.5
2026-08-26 14:35:00,0.7447,0.7468,0.7423,0.7425,1466690.8
2026-08-26 14:40:00,0.7426,0.7439,0.7367,0.7379,6202110.4
2026-08-26 14:45:00,0.7379,0.7397,0.7314,0.7365,7807758.0
2026-08-26 14:50:00,0.7364,0.7373,0.7331,0.7348,1988372.0
2026-08-26 14:55:00,0.7349,0.7357,0.7309,0.7326,2637337.7
2026-08-26 15:00:00,0.7327,0.7335,0.7241,0.7258,9801335.3
2026-08-26 15:05:00,0.7259,0.7352,0.7259,0.7334,5068389.0
2026-08-26 15:10:00,0.7333,0.7336,0.7308,0.7321,858571.4
2026-08-26 15:15:00,0.7321,0.7326,0.7294,0.7305,1180679.3
2026-08-26 15:20:00,0.7305,0.7356,0.7305,0.7349,1308275.0
2026-08-26 15:25:00,0.7349,0.7397,0.7349,0.7389,3079344.4
2026-08-26 15:30:00,0.7389,0.7395,0.7351,0.7353,815203.8
2026-08-26 15:35:00,0.7353,0.7361,0.7341,0.7351,629056.6
2026-08-26 15:40:00,0.7352,0.7378,0.7352,0.7359,575057.6
2026-08-26 15:45:00,0.7359,0.7387,0.7359,0.7381,479270.7
2026-08-26 15:50:00,0.7381,0.7382,0.7354,0.7354,471776.5
2026-08-26 15:55:00,0.7355,0.7369,0.7349,0.7356,380985.9
2026-08-26 16:00:00,0.7355,0.7375,0.7344,0.7373,755521.6
2026-08-26 16:05:00,0.7373,0.7391,0.7367,0.738,975497.0
2026-08-26 16:10:00,0.7379,0.7383,0.7358,0.7361,570473.7
2026-08-26 16:15:00,0.7361,0.737,0.7341,0.7354,741451.6
2026-08-26 16:20:00,0.7354,0.7372,0.7323,0.7324,1220932.6
2026-08-26 16:25:00,0.7324,0.7341,0.7312,0.7339,837111.9
2026-08-26 16:30:00,0.7339,0.7354,0.7326,0.7346,726968.2
2026-08-26 16:35:00,0.7346,0.7359,0.7307,0.7308,1132219.9
2026-08-26 16:40:00,0.7307,0.7326,0.7276,0.7286,2239522.0
2026-08-26 16:45:00,0.7286,0.7344,0.7286,0.7322,1278668.2
2026-08-26 16:50:00,0.7323,0.7334,0.7305,0.7318,549132.9
2026-08-26 16:55:00,0.7318,0.7337,0.7317,0.733,1270898.0
2026-08-26 17:00:00,0.733,0.7345,0.7315,0.7329,765948.2
2026-08-26 17:05:00,0.7329,0.7362,0.7316,0.7354,674838.6
2026-08-26 17:10:00,0.7354,0.7368,0.7351,0.7368,376803.9
2026-08-26 17:15:00,0.7368,0.74,0.7366,0.7396,689569.9
2026-08-26 17:20:00,0.7397,0.7412,0.7391,0.7404,1022808.2
2026-08-26 17:25:00,0.7404,0.744,0.7404,0.7438,1505284.0
2026-08-26 17:30:00,0.7437,0.745,0.7428,0.7445,1029995.3
2026-08-26 17:35:00,0.7445,0.7445,0.7419,0.7432,617597.8
2026-08-26 17:40:00,0.7433,0.7435,0.7404,0.7406,671827.4
2026-08-26 17:45:00,0.7407,0.7407,0.7355,0.7373,1418616.1
2026-08-26 17:50:00,0.7373,0.7374,0.7353,0.7365,536655.2
2026-08-26 17:55:00,0.7365,0.7373,0.736,0.7366,366943.1
2026-08-26 18:00:00,0.7367,0.7369,0.7344,0.7351,1094366.2
2026-08-26 18:05:00,0.7351,0.7378,0.7346,0.7369,669389.1
2026-08-26 18:10:00,0.7368,0.7383,0.7351,0.7354,781019.6
2026-08-26 18:15:00,0.7354,0.7374,0.7345,0.7373,729734.2
2026-08-26 18:20:00,0.7372,0.7403,0.737,0.7384,936030.4
2026-08-26 18:25:00,0.7383,0.7386,0.7367,0.7375,670371.7
2026-08-26 18:30:00,0.7376,0.7389,0.7373,0.7377,418015.8
2026-08-26 18:35:00,0.7376,0.7391,0.7367,0.7369,535063.9
2026-08-26 18:40:00,0.7369,0.737,0.7356,0.7364,429097.8
2026-08-26 18:45:00,0.7365,0.7381,0.7361,0.738,219843.4
2026-08-26 18:50:00,0.738,0.7384,0.7363,0.7382,432528.3
2026-08-26 18:55:00,0.7381,0.7389,0.7375,0.738,546583.3
2026-08-26 19:00:00,0.738,0.739,0.7369,0.7372,319544.7
2026-08-26 19:05:00,0.7372,0.7373,0.7358,0.7364,365648.5
2026-08-26 19:10:00,0.7363,0.7381,0.736,0.7365,520847.2
2026-08-26 19:15:00,0.7365,0.7382,0.7363,0.738,303365.4
2026-08-26 19:20:00,0.738,0.7389,0.7375,0.7383,376263.8
2026-08-26 19:25:00,0.7383,0.742,0.7378,0.7416,692705.6
2026-08-26 19:30:00,0.7417,0.7427,0.7407,0.7413,567064.9
2026-08-26 19:35:00,0.7413,0.7418,0.7383,0.7385,531592.6
2026-08-26 19:40:00,0.7384,0.7392,0.7375,0.7378,254178.3
2026-08-26 19:45:00,0.7378,0.7389,0.7377,0.7389,332040.3
2026-08-26 19:50:00,0.739,0.7408,0.7383,0.7394,479600.3
2026-08-26 19:55:00,0.7394,0.7402,0.7373,0.738,424182.3
2026-08-26 20:00:00,0.738,0.7397,0.7364,0.739,498256.7
2026-08-26 20:05:00,0.7391,0.7398,0.7386,0.7395,244495.7
2026-08-26 20:10:00,0.7394,0.74,0.7381,0.7382,331175.6
2026-08-26 20:15:00,0.7382,0.739,0.7367,0.7371,276191.4
2026-08-26 20:20:00,0.7371,0.7379,0.7325,0.7359,1400482.2
2026-08-26 20:25:00,0.7359,0.7378,0.7357,0.7376,780153.4
2026-08-26 20:30:00,0.7377,0.7379,0.7358,0.7365,237697.9
2026-08-26 20:35:00,0.7365,0.7372,0.7355,0.7371,164064.1
2026-08-26 20:40:00,0.7371,0.7391,0.7371,0.738,166980.2
2026-08-26 20:45:00,0.738,0.7395,0.7379,0.7392,204313.9
2026-08-26 20:50:00,0.7392,0.7405,0.738,0.7399,319155.2
2026-08-26 20:55:00,0.74,0.7412,0.7398,0.7411,183591.6
2026-08-26 21:00:00,0.7412,0.742,0.7406,0.7416,491414.4
2026-08-26 21:05:00,0.7416,0.7463,0.7416,0.7457,792307.2
2026-08-26 21:10:00,0.7457,0.7486,0.745,0.747,1134239.4
2026-08-26 21:15:00,0.7471,0.7491,0.7463,0.748,1014586.4
2026-08-26 21:20:00,0.748,0.7494,0.7472,0.7477,1049298.8
2026-08-26 21:25:00,0.7476,0.7499,0.7464,0.7482,1229715.6
2026-08-26 21:30:00,0.7481,0.7481,0.7459,0.7474,405269.1
2026-08-26 21:35:00,0.7475,0.7497,0.7474,0.7495,435182.5
2026-08-26 21:40:00,0.7495,0.7495,0.7462,0.7462,321188.7
2026-08-26 21:45:00,0.7462,0.747,0.7452,0.7462,347865.1
2026-08-26 21:50:00,0.7462,0.7512,0.7462,0.7494,2031792.2
2026-08-26 21:55:00,0.7493,0.7505,0.7489,0.7496,418587.9
2026-08-26 22:00:00,0.7496,0.7524,0.7484,0.7523,1013042.4
2026-08-26 22:05:00,0.7522,0.7523,0.751,0.7514,1015815.5
2026-08-26 22:10:00,0.7513,0.7525,0.75,0.751,626297.5
2026-08-26 22:15:00,0.751,0.7573,0.7506,0.7549,2000200.7
2026-08-26 22:20:00,0.7548,0.7574,0.7545,0.7557,1155784.4
2026-08-26 22:25:00,0.7557,0.7571,0.7554,0.7569,962639.1
2026-08-26 22:30:00,0.7569,0.7571,0.7548,0.7552,1183178.0
2026-08-26 22:35:00,0.7553,0.7554,0.7523,0.7523,1340985.7
2026-08-26 22:40:00,0.7524,0.7548,0.752,0.7541,359733.4
2026-08-26 22:45:00,0.7541,0.7543,0.7504,0.7512,1429768.0
2026-08-26 22:50:00,0.7512,0.7512,0.7492,0.7508,1279706.5
2026-08-26 22:55:00,0.7508,0.7523,0.75,0.7507,1021157.4
2026-08-26 23:00:00,0.7506,0.752,0.7499,0.7519,550392.6
2026-08-26 23:05:00,0.7518,0.752,0.751,0.7517,460224.9
2026-08-26 23:10:00,0.7517,0.7532,0.7515,0.7529,1023897.0
2026-08-26 23:15:00,0.7529,0.757,0.7525,0.757,2299071.4
2026-08-26 23:20:00,0.7569,0.76,0.7564,0.7598,2774435.1
2026-08-26 23:25:00,0.7598,0.7614,0.759,0.7598,2847331.4
2026-08-26 23:30:00,0.7598,0.7622,0.7598,0.7604,1613676.0
2026-08-26 23:35:00,0.7604,0.7629,0.7599,0.7623,1166192.4
2026-08-26 23:40:00,0.7623,0.7643,0.7612,0.7637,1397978.5
2026-08-26 23:45:00,0.7638,0.7656,0.7634,0.7654,2598065.8
2026-08-26 23:50:00,0.7654,0.7671,0.7644,0.7658,1476266.1
2026-08-26 23:55:00,0.7657,0.7682,0.7651,0.7671,1011896.2
2026-08-27 00:00:00,0.7671,0.7674,0.7619,0.7625,1861790.3
2026-08-27 00:05:00,0.7625,0.7651,0.7613,0.7648,1302931.8
2026-08-27 00:10:00,0.7648,0.7648,0.7612,0.7618,620608.1
2026-08-27 00:15:00,0.7618,0.7631,0.7605,0.7628,539333.1
2026-08-27 00:20:00,0.7627,0.763,0.7605,0.7607,571673.9
2026-08-27 00:25:00,0.7606,0.7608,0.7594,0.7608,436976.2
2026-08-27 00:30:00,0.7607,0.7608,0.7588,0.759,327386.1
2026-08-27 00:35:00,0.759,0.7594,0.7573,0.7587,670471.9
2026-08-27 00:40:00,0.7587,0.759,0.7574,0.7581,419110.2
2026-08-27 00:45:00,0.758,0.7582,0.7561,0.7574,578124.8
2026-08-27 00:50:00,0.7575,0.7594,0.7548,0.755,1150152.4
2026-08-27 00:55:00,0.7551,0.7554,0.7538,0.7541,1842677.5
2026-08-27 01:00:00,0.754,0.7552,0.7524,0.7542,736415.4
2026-08-27 01:05:00,0.7543,0.7549,0.7511,0.7515,696021.3
2026-08-27 01:10:00,0.7516,0.7527,0.7506,0.7519,858257.8
2026-08-27 01:15:00,0.7519,0.7524,0.7494,0.7516,944749.4
2026-08-27 01:20:00,0.7516,0.7541,0.7516,0.7539,745739.6
2026-08-27 01:25:00,0.7538,0.7577,0.7536,0.7567,1299954.6
2026-08-27 01:30:00,0.7567,0.758,0.7541,0.7559,1105944.1
2026-08-27 01:35:00,0.756,0.7588,0.7546,0.7564,703423.2
2026-08-27 01:40:00,0.7563,0.7563,0.7522,0.7523,481654.1
2026-08-27 01:45:00,0.7523,0.7572,0.7523,0.7572,1128623.4
2026-08-27 01:50:00,0.7571,0.7587,0.756,0.7562,964699.6
2026-08-27 01:55:00,0.7562,0.757,0.7539,0.7543,569669.6
2026-08-27 02:00:00,0.7543,0.7569,0.754,0.7566,676546.3
2026-08-27 02:05:00,0.7567,0.7573,0.756,0.7569,538472.4
2026-08-27 02:10:00,0.7567,0.7577,0.7547,0.7553,913746.1
2026-08-27 02:15:00,0.7553,0.7554,0.7532,0.754,647100.8
2026-08-27 02:20:00,0.7539,0.7549,0.7523,0.7527,259718.6
2026-08-27 02:25:00,0.7527,0.7528,0.7511,0.7515,514387.0
2026-08-27 02:30:00,0.7515,0.753,0.7507,0.7527,461949.6
2026-08-27 02:35:00,0.7527,0.7527,0.7504,0.7506,287395.4
2026-08-27 02:40:00,0.7506,0.7507,0.7488,0.7494,696887.0
2026-08-27 02:45:00,0.7494,0.7513,0.7492,0.7502,410640.0
2026-08-27 02:50:00,0.7502,0.7522,0.7498,0.7505,329075.7
2026-08-27 02:55:00,0.7505,0.7508,0.7499,0.7503,201721.0
2026-08-27 03:00:00,0.7503,0.7509,0.75,0.7506,183020.0
2026-08-27 03:05:00,0.7507,0.7516,0.7501,0.7505,228167.8
2026-08-27 03:10:00,0.7506,0.7512,0.7477,0.7479,605307.0
2026-08-27 03:15:00,0.7479,0.7501,0.7463,0.7499,617610.6
2026-08-27 03:20:00,0.75,0.7534,0.7486,0.7524,548163.0
2026-08-27 03:25:00,0.7524,0.7531,0.7514,0.7524,421151.6
2026-08-27 03:30:00,0.7524,0.7524,0.7498,0.7507,266640.1
2026-08-27 03:35:00,0.7507,0.751,0.7497,0.75,162952.9
2026-08-27 03:40:00,0.75,0.7507,0.7494,0.7499,301078.5
2026-08-27 03:45:00,0.7498,0.751,0.7486,0.7486,322615.0
2026-08-27 03:50:00,0.7486,0.7487,0.7474,0.7481,337847.0
2026-08-27 03:55:00,0.7482,0.7491,0.7475,0.749,180418.1
2026-08-27 04:00:00,0.749,0.7505,0.7489,0.7498,294844.6
2026-08-27 04:05:00,0.7497,0.7507,0.7483,0.7506,213572.1
2026-08-27 04:10:00,0.7506,0.7511,0.75,0.7509,488850.0
2026-08-27 04:15:00,0.7509,0.7524,0.7507,0.751,595729.2
2026-08-27 04:20:00,0.751,0.751,0.7492,0.7502,225270.4
2026-08-27 04:25:00,0.7502,0.7517,0.7496,0.7496,1269182.2
2026-08-27 04:30:00,0.7495,0.7495,0.7472,0.7474,438549.9
2026-08-27 04:35:00,0.7473,0.7484,0.7452,0.7478,1277928.8
2026-08-27 04:40:00,0.7477,0.749,0.747,0.7486,259104.1
2026-08-27 04:45:00,0.7485,0.7486,0.7463,0.7469,379554.6
2026-08-27 04:50:00,0.7469,0.747,0.7442,0.746,923373.0
2026-08-27 04:55:00,0.746,0.7471,0.7458,0.747,359353.2
2026-08-27 05:00:00,0.7469,0.7475,0.7451,0.7451,773226.7
2026-08-27 05:05:00,0.7451,0.7477,0.7437,0.7475,1305285.7
2026-08-27 05:10:00,0.7476,0.7483,0.7455,0.7458,344265.2
2026-08-27 05:15:00,0.7458,0.7461,0.7443,0.7445,342903.4
2026-08-27 05:20:00,0.7446,0.7476,0.7445,0.7476,347251.3
2026-08-27 05:25:00,0.7476,0.7483,0.7454,0.7459,446735.0
2026-08-27 05:30:00,0.7459,0.7465,0.7431,0.7445,854042.6
2026-08-27 05:35:00,0.7446,0.7465,0.7433,0.7457,513412.1
2026-08-27 05:40:00,0.7457,0.7474,0.7448,0.7457,674733.9
2026-08-27 05:45:00,0.7457,0.7502,0.7456,0.7499,546626.7
2026-08-27 05:50:00,0.7499,0.7518,0.7493,0.7503,1241657.0
2026-08-27 05:55:00,0.7503,0.7504,0.7487,0.7496,973880.3
2026-08-27 06:00:00,0.7495,0.7497,0.7483,0.7486,362245.3
2026-08-27 06:05:00,0.7485,0.7491,0.7477,0.7477,216174.9
2026-08-27 06:10:00,0.7477,0.7479,0.745,0.7467,865190.2
2026-08-27 06:15:00,0.7467,0.7483,0.7458,0.7479,793854.1
2026-08-27 06:20:00,0.7478,0.7493,0.7478,0.7484,464555.1
2026-08-27 06:25:00,0.7485,0.7493,0.7482,0.7484,387400.2
2026-08-27 06:30:00,0.7483,0.7507,0.7483,0.7506,965647.4
2026-08-27 06:35:00,0.7507,0.7531,0.7506,0.7515,911361.6
2026-08-27 06:40:00,0.7514,0.7531,0.7514,0.7531,514794.2
2026-08-27 06:45:00,0.753,0.7546,0.7526,0.7546,954968.8
2026-08-27 06:50:00,0.7546,0.756,0.7539,0.7549,2330719.0
2026-08-27 06:55:00,0.7549,0.7565,0.7546,0.7556,677938.8
2026-08-27 07:00:00,0.7555,0.7559,0.7543,0.7549,537464.2
2026-08-27 07:05:00,0.7548,0.7549,0.7537,0.7543,377554.3
2026-08-27 07:10:00,0.7542,0.7555,0.7535,0.7542,788538.6
2026-08-27 07:15:00,0.7542,0.7549,0.7532,0.7547,352844.5
2026-08-27 07:20:00,0.7547,0.7554,0.7531,0.7531,243806.1
2026-08-27 07:25:00,0.7531,0.7542,0.7514,0.7536,641521.1
2026-08-27 07:30:00,0.7536,0.7551,0.7532,0.7543,808565.5
2026-08-27 07:35:00,0.7542,0.756,0.7542,0.756,427970.7
2026-08-27 07:40:00,0.7559,0.7562,0.7543,0.7549,610946.9
2026-08-27 07:45:00,0.7549,0.7562,0.7548,0.7556,327771.1
2026-08-27 07:50:00,0.7556,0.7576,0.7555,0.757,1107332.1
2026-08-27 07:55:00,0.7569,0.7579,0.7563,0.7577,676828.5
2026-08-27 08:00:00,0.7577,0.7645,0.7564,0.7636,4474949.6
2026-08-27 08:05:00,0.7636,0.7683,0.7609,0.7682,4178386.4
2026-08-27 08:10:00,0.7681,0.7691,0.7648,0.7666,3278157.2
2026-08-27 08:15:00,0.7666,0.7667,0.7614,0.762,2499031.8
2026-08-27 08:20:00,0.7619,0.7641,0.7612,0.7638,1733084.5
2026-08-27 08:25:00,0.7639,0.7684,0.7639,0.768,1106003.2
2026-08-27 08:30:00,0.7681,0.7724,0.768,0.7716,3606435.1
2026-08-27 08:35:00,0.7716,0.7716,0.7688,0.7693,2722726.9
2026-08-27 08:40:00,0.7694,0.7725,0.7691,0.772,1258124.3
2026-08-27 08:45:00,0.772,0.7742,0.7716,0.7729,2407637.2
2026-08-27 08:50:00,0.7729,0.774,0.7719,0.7728,1237924.0
2026-08-27 08:55:00,0.7728,0.7731,0.7712,0.7722,1479021.3
2026-08-27 09:00:00,0.7722,0.7722,0.7684,0.7698,2259676.9
2026-08-27 09:05:00,0.7697,0.7735,0.769,0.7722,2103800.6
2026-08-27 09:10:00,0.772,0.7773,0.7718,0.7756,3329944.7
2026-08-27 09:15:00,0.7756,0.7762,0.7734,0.7761,1851231.5
2026-08-27 09:20:00,0.7762,0.7788,0.7756,0.7781,2447710.9
2026-08-27 09:25:00,0.7781,0.7823,0.778,0.781,2780369.4
2026-08-27 09:30:00,0.7811,0.7818,0.7764,0.7765,2960737.2
2026-08-27 09:35:00,0.7766,0.7774,0.7747,0.7752,976034.9
2026-08-27 09:40:00,0.7751,0.7757,0.7722,0.7735,1048047.3
2026-08-27 09:45:00,0.7736,0.7757,0.7733,0.774,608133.1
2026-08-27 09:50:00,0.7739,0.7741,0.7696,0.771,1866293.3
2026-08-27 09:55:00,0.7711,0.7714,0.7671,0.7689,1817258.8
2026-08-27 10:00:00,0.7689,0.7701,0.7674,0.7692,981633.6
2026-08-27 10:05:00,0.7691,0.772,0.7691,0.7716,1104362.9
2026-08-27 10:10:00,0.7717,0.7731,0.7662,0.7685,957924.2
2026-08-27 10:15:00,0.7684,0.7698,0.7667,0.7687,876997.4
2026-08-27 10:20:00,0.7687,0.7695,0.7642,0.7652,1278481.0
2026-08-27 10:25:00,0.7652,0.7652,0.7561,0.7617,6121257.4
2026-08-27 10:30:00,0.7617,0.7622,0.7593,0.7602,1505863.6
2026-08-27 10:35:00,0.7602,0.7614,0.7517,0.7547,5903859.8
2026-08-27 10:40:00,0.7548,0.7612,0.7548,0.7607,3236970.1
2026-08-27 10:45:00,0.7607,0.7615,0.7587,0.7594,1129309.3
2026-08-27 10:50:00,0.7594,0.7614,0.7593,0.7613,733129.6
2026-08-27 10:55:00,0.7613,0.7621,0.7609,0.7621,571429.7
2026-08-27 11:00:00,0.7621,0.7657,0.7609,0.7652,1668138.2
2026-08-27 11:05:00,0.7652,0.7657,0.7638,0.7648,826353.7
2026-08-27 11:10:00,0.7648,0.7652,0.7636,0.7644,333025.0
2026-08-27 11:15:00,0.7644,0.7649,0.7628,0.7646,365996.5
2026-08-27 11:20:00,0.7646,0.7659,0.7634,0.7637,433890.4
2026-08-27 11:25:00,0.7637,0.764,0.7591,0.76,1134035.4
2026-08-27 11:30:00,0.76,0.7619,0.7582,0.7614,1125567.8
2026-08-27 11:35:00,0.7614,0.7616,0.759,0.7597,726200.2
2026-08-27 11:40:00,0.7597,0.7634,0.7597,0.7633,669304.6
2026-08-27 11:45:00,0.7633,0.7636,0.7619,0.7619,809217.1
2026-08-27 11:50:00,0.7619,0.7638,0.7594,0.7637,992002.7
2026-08-27 11:55:00,0.7636,0.7638,0.7622,0.7627,301537.7
2026-08-27 12:00:00,0.7627,0.7654,0.7626,0.7639,748008.1
2026-08-27 12:05:00,0.764,0.7645,0.7623,0.7631,488154.6
2026-08-27 12:10:00,0.7632,0.7657,0.7632,0.7652,676822.1
2026-08-27 12:15:00,0.7652,0.7659,0.7631,0.7631,470227.7
2026-08-27 12:20:00,0.7632,0.7645,0.7629,0.7641,420135.0
2026-08-27 12:25:00,0.7641,0.7656,0.764,0.7646,636046.2
2026-08-27 12:30:00,0.7647,0.7656,0.7631,0.7633,383217.9
2026-08-27 12:35:00,0.7633,0.7633,0.7594,0.7611,1205762.5
2026-08-27 12:40:00,0.7611,0.7621,0.7609,0.7612,384094.6
2026-08-27 12:45:00,0.7613,0.7675,0.7612,0.7668,1584360.5
2026-08-27 12:50:00,0.7668,0.7719,0.7664,0.7699,5667338.1
2026-08-27 12:55:00,0.7699,0.771,0.7661,0.7665,1199044.0
2026-08-27 13:00:00,0.7665,0.775,0.7663,0.7703,3767812.8
2026-08-27 13:05:00,0.7703,0.7729,0.7688,0.7691,2865294.3
2026-08-27 13:10:00,0.7691,0.77,0.7665,0.7669,1778710.2
2026-08-27 13:15:00,0.767,0.77,0.767,0.7676,1207645.4
2026-08-27 13:20:00,0.7676,0.7715,0.7675,0.7715,598408.7
2026-08-27 13:25:00,0.7715,0.773,0.7703,0.7718,959982.9
2026-08-27 13:30:00,0.7718,0.7721,0.7645,0.7667,2107651.1
2026-08-27 13:35:00,0.7667,0.7688,0.765,0.7679,1672653.1
2026-08-27 13:40:00,0.7679,0.7685,0.7653,0.7667,974817.4
2026-08-27 13:45:00,0.7668,0.769,0.7629,0.7654,1407652.7
2026-08-27 13:50:00,0.7654,0.7698,0.7654,0.7695,712457.0
2026-08-27 13:55:00,0.7694,0.7748,0.7694,0.774,1463453.4
2026-08-27 14:00:00,0.7739,0.7772,0.7722,0.7768,2435101.7
2026-08-27 14:05:00,0.7769,0.7783,0.7736,0.7742,2178323.4
2026-08-27 14:10:00,0.7742,0.7748,0.7708,0.7719,1369312.3
2026-08-27 14:15:00,0.772,0.7741,0.7705,0.7734,1430068.7
2026-08-27 14:20:00,0.7734,0.7776,0.7733,0.7766,1536285.9
2026-08-27 14:25:00,0.7766,0.7778,0.775,0.7775,854954.8
2026-08-27 14:30:00,0.7776,0.7796,0.7753,0.7789,1407058.4
2026-08-27 14:35:00,0.7789,0.7815,0.7784,0.7812,1566327.4
2026-08-27 14:40:00,0.7812,0.7885,0.781,0.7868,3678973.9
2026-08-27 14:45:00,0.7869,0.7869,0.7823,0.7845,2451144.2
2026-08-27 14:50:00,0.7845,0.785,0.7811,0.7818,2064670.7
2026-08-27 14:55:00,0.7817,0.7825,0.7796,0.7806,1949239.9
2026-08-27 15:00:00,0.7807,0.7847,0.7798,0.7836,1874703.7
2026-08-27 15:05:00,0.7835,0.7843,0.7795,0.7843,1479912.2
2026-08-27 15:10:00,0.7842,0.7908,0.7826,0.7884,3702194.5
2026-08-27 15:15:00,0.7884,0.7934,0.7852,0.7931,3445472.7
2026-08-27 15:20:00,0.7932,0.7936,0.7867,0.7874,3307792.7
2026-08-27 15:25:00,0.7875,0.7894,0.7862,0.7886,1147057.9
2026-08-27 15:30:00,0.7887,0.7899,0.784,0.7854,1953887.9
2026-08-27 15:35:00,0.7853,0.7889,0.7831,0.7879,1490814.4
2026-08-27 15:40:00,0.7879,0.7888,0.7854,0.7866,907879.8
2026-08-27 15:45:00,0.7867,0.787,0.7831,0.7849,1134033.9
2026-08-27 15:50:00,0.7849,0.7886,0.7849,0.7872,1027679.0
2026-08-27 15:55:00,0.7872,0.7883,0.786,0.7866,962056.1
2026-08-27 16:00:00,0.7866,0.7878,0.7818,0.7854,3137992.5
2026-08-27 16:05:00,0.7853,0.7857,0.7785,0.7826,3220845.9
2026-08-27 16:10:00,0.7827,0.7882,0.7814,0.7843,1667555.6
2026-08-27 16:15:00,0.7842,0.7881,0.7842,0.7871,950646.5
2026-08-27 16:20:00,0.787,0.7906,0.787,0.7904,2029101.7
2026-08-27 16:25:00,0.7904,0.7924,0.7886,0.7898,2420818.3
2026-08-27 16:30:00,0.7898,0.7909,0.7879,0.7895,1457242.5
2026-08-27 16:35:00,0.7895,0.7913,0.7866,0.7896,1754458.3
2026-08-27 16:40:00,0.7896,0.793,0.7895,0.7922,1577276.9
2026-08-27 16:45:00,0.7922,0.7927,0.788,0.7889,1315291.3
2026-08-27 16:50:00,0.7888,0.789,0.786,0.7871,1045189.5
2026-08-27 16:55:00,0.7872,0.7877,0.7842,0.7846,1347395.4
2026-08-27 17:00:00,0.7847,0.7857,0.7816,0.7838,1770660.6
2026-08-27 17:05:00,0.7837,0.7872,0.7825,0.7862,1075052.1
2026-08-27 17:10:00,0.7861,0.7892,0.7852,0.7885,793866.8
2026-08-27 17:15:00,0.7886,0.7912,0.7886,0.7896,1511973.6
2026-08-27 17:20:00,0.7895,0.7906,0.7876,0.7905,2004579.8
2026-08-27 17:25:00,0.7905,0.7908,0.7871,0.7876,1575178.6
2026-08-27 17:30:00,0.7876,0.7885,0.7854,0.7855,1077491.6
2026-08-27 17:35:00,0.7854,0.7874,0.7852,0.7861,764276.3
2026-08-27 17:40:00,0.7861,0.7873,0.7807,0.7812,1273953.9
2026-08-27 17:45:00,0.7811,0.7826,0.7802,0.7823,1569908.3
2026-08-27 17:50:00,0.7823,0.7829,0.7811,0.7818,439436.7
2026-08-27 17:55:00,0.7819,0.7834,0.7816,0.782,508447.1
2026-08-27 18:00:00,0.782,0.7821,0.7795,0.7809,1030273.6
2026-08-27 18:05:00,0.7809,0.7819,0.78,0.7807,569911.3
2026-08-27 18:10:00,0.7807,0.7812,0.7722,0.776,4285026.0
2026-08-27 18:15:00,0.776,0.7785,0.7722,0.7727,2240723.8
2026-08-27 18:20:00,0.7728,0.7733,0.768,0.7721,4277008.4
2026-08-27 18:25:00,0.7722,0.7736,0.7714,0.7718,865814.0
2026-08-27 18:30:00,0.7718,0.7733,0.7708,0.7714,466888.2
2026-08-27 18:35:00,0.7714,0.7745,0.7713,0.7735,543648.3
2026-08-27 18:40:00,0.7736,0.7745,0.7723,0.7742,757560.0
2026-08-27 18:45:00,0.7742,0.7748,0.7729,0.774,544994.5
2026-08-27 18:50:00,0.7739,0.7752,0.7724,0.7748,774839.7
2026-08-27 18:55:00,0.7749,0.7783,0.774,0.7782,1202139.8
2026-08-27 19:00:00,0.7783,0.7798,0.7778,0.7794,916819.3
2026-08-27 19:05:00,0.7794,0.782,0.7791,0.7805,1155690.7
2026-08-27 19:10:00,0.7805,0.7828,0.7805,0.7818,675490.3
2026-08-27 19:15:00,0.7818,0.7846,0.781,0.7827,943372.5
2026-08-27 19:20:00,0.7828,0.7836,0.7796,0.7811,1203504.3
2026-08-27 19:25:00,0.7811,0.7837,0.7804,0.7834,871984.4
2026-08-27 19:30:00,0.7835,0.7848,0.7814,0.7814,967154.8
2026-08-27 19:35:00,0.7815,0.7816,0.7792,0.7807,1060074.1
2026-08-27 19:40:00,0.7806,0.7811,0.7797,0.7799,438863.1
2026-08-27 19:45:00,0.78,0.7829,0.7787,0.7793,1358127.9
2026-08-27 19:50:00,0.7792,0.7796,0.7771,0.7796,1100288.7
2026-08-27 19:55:00,0.7795,0.7797,0.7755,0.7771,1277012.4
2026-08-27 20:00:00,0.7771,0.7773,0.7732,0.7739,1427596.4
2026-08-27 20:05:00,0.7739,0.7763,0.7714,0.773,1793770.7
2026-08-27 20:10:00,0.7731,0.7734,0.7718,0.7723,361736.7
2026-08-27 20:15:00,0.7724,0.7757,0.7723,0.7751,366310.5
2026-08-27 20:20:00,0.775,0.7782,0.775,0.777,656033.8
2026-08-27 20:25:00,0.777,0.7784,0.7754,0.7758,547766.7
2026-08-27 20:30:00,0.7759,0.7763,0.7752,0.7759,325135.4
2026-08-27 20:35:00,0.7759,0.7765,0.7753,0.7759,359307.3
2026-08-27 20:40:00,0.7759,0.7767,0.7749,0.7761,374384.8
2026-08-27 20:45:00,0.7762,0.7785,0.7756,0.7766,558350.7
2026-08-27 20:50:00,0.7765,0.7765,0.7731,0.7744,954665.7
2026-08-27 20:55:00,0.7744,0.778,0.7744,0.7778,653071.0
2026-08-27 21:00:00,0.7779,0.7795,0.7757,0.7785,1174073.0
2026-08-27 21:05:00,0.7786,0.7806,0.7768,0.7788,959795.7
2026-08-27 21:10:00,0.7787,0.7808,0.7781,0.7786,889579.9
2026-08-27 21:15:00,0.7786,0.7793,0.7766,0.7771,581577.5
2026-08-27 21:20:00,0.7771,0.779,0.7752,0.7776,992617.1
2026-08-27 21:25:00,0.7776,0.7776,0.7752,0.7753,339389.5
2026-08-27 21:30:00,0.7752,0.7782,0.775,0.7767,303209.7
2026-08-27 21:35:00,0.7767,0.7767,0.774,0.774,538157.3
2026-08-27 21:40:00,0.7741,0.7748,0.7734,0.7747,333217.2
2026-08-27 21:45:00,0.7748,0.7773,0.7747,0.7772,219068.5
2026-08-27 21:50:00,0.7772,0.7783,0.7766,0.7781,212244.7
2026-08-27 21:55:00,0.778,0.7799,0.7778,0.779,301093.6
2026-08-27 22:00:00,0.7791,0.7823,0.779,0.7821,523765.1
2026-08-27 22:05:00,0.7821,0.783,0.7798,0.7799,568550.0
2026-08-27 22:10:00,0.78,0.7822,0.7794,0.7816,853271.8
2026-08-27 22:15:00,0.7816,0.7847,0.7815,0.7834,961684.6
2026-08-27 22:20:00,0.7833,0.784,0.7808,0.7809,970310.7
2026-08-27 22:25:00,0.7809,0.7809,0.7785,0.7799,765257.4
2026-08-27 22:30:00,0.78,0.7818,0.7792,0.7809,515567.7
2026-08-27 22:35:00,0.7809,0.7809,0.7788,0.7796,594035.1
2026-08-27 22:40:00,0.7796,0.7803,0.7782,0.7797,982125.4
2026-08-27 22:45:00,0.7797,0.7797,0.7786,0.779,396158.8
2026-08-27 22:50:00,0.779,0.7801,0.7784,0.7786,545369.8
2026-08-27 22:55:00,0.7787,0.7795,0.778,0.7792,333196.7
2026-08-27 23:00:00,0.7792,0.7794,0.7768,0.7773,658315.2
2026-08-27 23:05:00,0.7774,0.7797,0.7773,0.7782,489020.8
2026-08-27 23:10:00,0.7781,0.7787,0.7771,0.7775,406371.2
2026-08-27 23:15:00,0.7775,0.7793,0.7768,0.7793,761930.3
2026-08-27 23:20:00,0.7793,0.7815,0.7789,0.7806,552777.0
2026-08-27 23:25:00,0.7805,0.7814,0.7799,0.7809,374775.4
2026-08-27 23:30:00,0.7809,0.7816,0.7801,0.7808,439667.0
2026-08-27 23:35:00,0.7807,0.7811,0.7798,0.7807,554096.3
2026-08-27 23:40:00,0.7807,0.7807,0.7793,0.7796,282048.2
2026-08-27 23:45:00,0.7796,0.7801,0.7783,0.779,381854.7
2026-08-27 23:50:00,0.7789,0.7817,0.7788,0.781,666685.9
2026-08-27 23:55:00,0.7809,0.7809,0.7789,0.7791,515227.7
2026-08-28 00:00:00,0.7792,0.7795,0.7772,0.7773,685372.6
2026-08-28 00:05:00,0.7772,0.7776,0.7752,0.7765,720638.8
2026-08-28 00:10:00,0.7765,0.7777,0.7762,0.7764,384633.3
2026-08-28 00:15:00,0.7764,0.7817,0.7763,0.7809,965775.8
2026-08-28 00:20:00,0.7809,0.7809,0.7787,0.7788,761422.7
2026-08-28 00:25:00,0.7788,0.7825,0.7775,0.7822,1087995.6
2026-08-28 00:30:00,0.7823,0.7848,0.7812,0.783,1107916.4
2026-08-28 00:35:00,0.783,0.7857,0.782,0.7848,766029.2
2026-08-28 00:40:00,0.7848,0.7852,0.7819,0.7825,560550.8
2026-08-28 00:45:00,0.7826,0.7827,0.7814,0.7815,347036.7
2026-08-28 00:50:00,0.7815,0.7824,0.7803,0.781,359544.5
2026-08-28 00:55:00,0.7809,0.7834,0.7805,0.7807,479658.4
2026-08-28 01:00:00,0.7807,0.7854,0.7806,0.7844,1112626.6
2026-08-28 01:05:00,0.7843,0.7843,0.7817,0.7833,495265.3
2026-08-28 01:10:00,0.7833,0.7849,0.7825,0.7841,544140.2
2026-08-28 01:15:00,0.7841,0.7913,0.7835,0.7911,2578458.3
2026-08-28 01:20:00,0.7911,0.794,0.7909,0.7926,1749364.1
2026-08-28 01:25:00,0.7927,0.7945,0.7923,0.7931,1451221.9
2026-08-28 01:30:00,0.7932,0.8013,0.7918,0.7953,4291489.4
2026-08-28 01:35:00,0.7954,0.797,0.7888,0.7907,3520569.7
2026-08-28 01:40:00,0.7908,0.7934,0.7896,0.7896,1338643.4
2026-08-28 01:45:00,0.7897,0.7904,0.7846,0.7863,2346305.4
2026-08-28 01:50:00,0.7864,0.7882,0.7843,0.7865,1092207.5
2026-08-28 01:55:00,0.7865,0.7876,0.7829,0.7841,2522154.0
2026-08-28 02:00:00,0.7842,0.7843,0.781,0.7821,1875659.9
2026-08-28 02:05:00,0.7822,0.783,0.7779,0.7785,2207192.1
2026-08-28 02:10:00,0.7786,0.7792,0.7731,0.7738,3195818.8
2026-08-28 02:15:00,0.7739,0.7763,0.7715,0.7727,1876720.7
2026-08-28 02:20:00,0.7727,0.7731,0.7691,0.7708,3417550.5
2026-08-28 02:25:00,0.7707,0.7733,0.7689,0.769,1494247.8
2026-08-28 02:30:00,0.769,0.7703,0.7624,0.7698,4281454.0
2026-08-28 02:35:00,0.7698,0.7719,0.7689,0.7693,1834510.3
2026-08-28 02:40:00,0.7692,0.77,0.7671,0.7682,1972180.5
2026-08-28 02:45:00,0.7682,0.7682,0.7633,0.7649,2723396.4
2026-08-28 02:50:00,0.765,0.7665,0.7608,0.7663,2917736.2
2026-08-28 02:55:00,0.7662,0.7675,0.7643,0.7662,1363965.1
2026-08-28 03:00:00,0.7663,0.7668,0.7619,0.7632,1283594.7
2026-08-28 03:05:00,0.7632,0.7646,0.7604,0.7607,1880043.8
2026-08-28 03:10:00,0.7608,0.7633,0.757,0.7609,3733680.8
2026-08-28 03:15:00,0.761,0.7644,0.761,0.7642,705458.1
2026-08-28 03:20:00,0.7642,0.7676,0.7641,0.7657,1885872.6
2026-08-28 03:25:00,0.7657,0.7658,0.7633,0.7635,672992.0
2026-08-28 03:30:00,0.7636,0.7655,0.7635,0.764,466112.1
2026-08-28 03:35:00,0.7639,0.764,0.7618,0.763,550388.2
2026-08-28 03:40:00,0.763,0.7641,0.7626,0.7628,335022.7
2026-08-28 03:45:00,0.7628,0.7649,0.7617,0.764,808101.0
2026-08-28 03:50:00,0.764,0.7649,0.7629,0.7635,408766.3
2026-08-28 03:55:00,0.7636,0.7636,0.7621,0.7631,569560.2
2026-08-28 04:00:00,0.7631,0.7645,0.7616,0.7618,975776.0
2026-08-28 04:05:00,0.7618,0.7628,0.7541,0.7564,3518130.0
2026-08-28 04:10:00,0.7565,0.7639,0.7556,0.7638,1647183.6
2026-08-28 04:15:00,0.7638,0.7657,0.7623,0.7623,1314888.8
2026-08-28 04:20:00,0.7623,0.7629,0.7602,0.761,739948.6
2026-08-28 04:25:00,0.7611,0.7618,0.7602,0.7605,690872.6
2026-08-28 04:30:00,0.7605,0.7614,0.7584,0.7586,858267.5
2026-08-28 04:35:00,0.7587,0.7595,0.7558,0.7574,965205.8
2026-08-28 04:40:00,0.7574,0.7604,0.7574,0.7591,1208083.4
2026-08-28 04:45:00,0.7592,0.7601,0.7579,0.759,627475.5
2026-08-28 04:50:00,0.759,0.7612,0.759,0.7595,415666.9
2026-08-28 04:55:00,0.7595,0.7602,0.7586,0.7591,757603.3
2026-08-28 05:00:00,0.7592,0.7603,0.7573,0.76,885127.5
2026-08-28 05:05:00,0.76,0.7603,0.7563,0.7568,916761.2
2026-08-28 05:10:00,0.7568,0.7589,0.7561,0.7585,577195.1
2026-08-28 05:15:00,0.7586,0.759,0.7567,0.7567,416762.3
2026-08-28 05:20:00,0.7568,0.7579,0.756,0.7579,432138.7
2026-08-28 05:25:00,0.7579,0.7598,0.7574,0.7594,546983.1
2026-08-28 05:30:00,0.7594,0.7641,0.7592,0.7634,1934931.6
2026-08-28 05:35:00,0.7634,0.7638,0.7622,0.7624,698155.2
2026-08-28 05:40:00,0.7625,0.7636,0.762,0.7632,654824.8
2026-08-28 05:45:00,0.7632,0.7651,0.7628,0.7647,1022894.6
2026-08-28 05:50:00,0.7648,0.7652,0.763,0.7635,476644.6
2026-08-28 05:55:00,0.7634,0.7636,0.7613,0.7624,380438.1
2026-08-28 06:00:00,0.7625,0.765,0.7624,0.7649,561196.1
2026-08-28 06:05:00,0.7648,0.7652,0.7638,0.7644,596076.4
2026-08-28 06:10:00,0.7645,0.7663,0.7642,0.7658,521888.5
2026-08-28 06:15:00,0.7658,0.7661,0.765,0.7655,441365.6
2026-08-28 06:20:00,0.7655,0.7656,0.7643,0.7644,528233.4
2026-08-28 06:25:00,0.7645,0.7647,0.764,0.7641,242011.2
2026-08-28 06:30:00,0.7642,0.7654,0.7636,0.7647,366763.2
2026-08-28 06:35:00,0.7647,0.7654,0.7636,0.7647,367313.1
2026-08-28 06:40:00,0.7646,0.7648,0.7634,0.7647,205249.5
2026-08-28 06:45:00,0.7648,0.7672,0.7646,0.7671,1078745.6
2026-08-28 06:50:00,0.7672,0.7674,0.7662,0.7665,1404593.9
2026-08-28 06:55:00,0.7664,0.7674,0.7663,0.7664,549170.5
2026-08-28 07:00:00,0.7665,0.7668,0.7642,0.7642,760938.0
2026-08-28 07:05:00,0.7641,0.7643,0.7588,0.7593,2185350.7
2026-08-28 07:10:00,0.7594,0.7604,0.7583,0.7593,732785.9
2026-08-28 07:15:00,0.7593,0.7619,0.7593,0.761,1078617.0
2026-08-28 07:20:00,0.761,0.7613,0.76,0.7606,344814.5
2026-08-28 07:25:00,0.7607,0.7619,0.7607,0.761,153578.5
2026-08-28 07:30:00,0.7611,0.7614,0.7596,0.7596,431610.3
2026-08-28 07:35:00,0.7596,0.7605,0.7589,0.7595,904958.2
2026-08-28 07:40:00,0.7596,0.7602,0.759,0.7591,506246.6
2026-08-28 07:45:00,0.7592,0.7611,0.759,0.7611,292962.7
2026-08-28 07:50:00,0.7611,0.7615,0.7601,0.7604,263787.1
2026-08-28 07:55:00,0.7605,0.7606,0.7592,0.7597,374305.5
2026-08-28 08:00:00,0.7598,0.7645,0.7598,0.762,1740233.5
2026-08-28 08:05:00,0.7623,0.7623,0.7604,0.7621,479178.3
2026-08-28 08:10:00,0.7621,0.7629,0.7614,0.7616,600891.0
2026-08-28 08:15:00,0.7616,0.7634,0.7616,0.7634,700082.5
2026-08-28 08:20:00,0.7634,0.7641,0.7629,0.7631,287927.9
2026-08-28 08:25:00,0.763,0.7636,0.7629,0.7631,164995.7
2026-08-28 08:30:00,0.7631,0.7643,0.763,0.764,408692.8
2026-08-28 08:35:00,0.764,0.7642,0.7633,0.7636,344457.3
2026-08-28 08:40:00,0.7635,0.764,0.7627,0.7627,409605.8
2026-08-28 08:45:00,0.7628,0.7631,0.7586,0.7588,1015814.0
2026-08-28 08:50:00,0.7588,0.7619,0.7581,0.7618,453719.9
2026-08-28 08:55:00,0.7617,0.7617,0.7594,0.7606,625039.9
2026-08-28 09:00:00,0.7606,0.7611,0.7581,0.7589,898565.3
2026-08-28 09:05:00,0.7589,0.7638,0.7586,0.7625,1693373.3
2026-08-28 09:10:00,0.7625,0.764,0.7621,0.7628,1105018.7
2026-08-28 09:15:00,0.7628,0.7641,0.7622,0.7626,560159.3
2026-08-28 09:20:00,0.7625,0.7625,0.7603,0.7616,627892.8
2026-08-28 09:25:00,0.7616,0.7621,0.7601,0.7603,391358.4
2026-08-28 09:30:00,0.7604,0.7606,0.7581,0.759,578525.2
2026-08-28 09:35:00,0.7589,0.76,0.757,0.7599,1445229.9
2026-08-28 09:40:00,0.7599,0.7604,0.7543,0.7552,2614989.8
2026-08-28 09:45:00,0.7552,0.7573,0.7523,0.7537,3252967.0
2026-08-28 09:50:00,0.7538,0.7561,0.7538,0.7557,1069016.7
2026-08-28 09:55:00,0.7558,0.7558,0.7546,0.755,568250.6
2026-08-28 10:00:00,0.755,0.7554,0.7471,0.7494,7077788.0
2026-08-28 10:05:00,0.7494,0.7514,0.7484,0.7508,1738510.3
2026-08-28 10:10:00,0.7508,0.7547,0.7508,0.7539,1287498.6
2026-08-28 10:15:00,0.754,0.7555,0.7539,0.7544,671786.5
2026-08-28 10:20:00,0.7543,0.7549,0.7531,0.7546,622768.5
2026-08-28 10:25:00,0.7545,0.7564,0.7539,0.7562,597214.9
2026-08-28 10:30:00,0.7562,0.7583,0.756,0.7579,655224.8
2026-08-28 10:35:00,0.7578,0.7581,0.7568,0.758,671412.1
2026-08-28 10:40:00,0.758,0.7587,0.7577,0.7577,400574.4
2026-08-28 10:45:00,0.7578,0.7589,0.7576,0.7589,256006.4
2026-08-28 10:50:00,0.7589,0.7609,0.7581,0.7608,3045036.7
2026-08-28 10:55:00,0.7607,0.7628,0.7605,0.7619,1140184.2
2026-08-28 11:00:00,0.762,0.7655,0.7615,0.7649,1888970.6
2026-08-28 11:05:00,0.7649,0.765,0.7627,0.7629,500039.1
2026-08-28 11:10:00,0.7629,0.7648,0.7627,0.7645,615838.2
2026-08-28 11:15:00,0.7646,0.7656,0.7642,0.7653,926455.1
2026-08-28 11:20:00,0.7652,0.7652,0.7631,0.7641,926219.2
2026-08-28 11:25:00,0.7641,0.7641,0.762,0.7623,800738.1
2026-08-28 11:30:00,0.7623,0.7635,0.762,0.7627,517960.1
2026-08-28 11:35:00,0.7626,0.7628,0.7594,0.7597,849542.1
2026-08-28 11:40:00,0.7598,0.7609,0.7592,0.7602,237192.6
2026-08-28 11:45:00,0.7602,0.7618,0.7602,0.7611,411471.6
2026-08-28 11:50:00,0.7611,0.7612,0.7596,0.7602,317591.1
2026-08-28 11:55:00,0.7602,0.7603,0.7594,0.76,184392.7
2026-08-28 12:00:00,0.76,0.7603,0.7592,0.7602,285587.4
2026-08-28 12:05:00,0.7601,0.7615,0.7596,0.7603,419425.6
2026-08-28 12:10:00,0.7603,0.7603,0.7583,0.7585,432299.0
2026-08-28 12:15:00,0.7585,0.7608,0.7584,0.7586,355663.3
2026-08-28 12:20:00,0.7586,0.7595,0.7574,0.7582,501927.6
2026-08-28 12:25:00,0.7583,0.7588,0.7571,0.7574,312561.6
2026-08-28 12:30:00,0.7574,0.7578,0.7556,0.7567,905261.1
2026-08-28 12:35:00,0.7568,0.757,0.7555,0.7565,627211.1
2026-08-28 12:40:00,0.7565,0.7581,0.7548,0.7577,1637835.8
2026-08-28 12:45:00,0.7578,0.7587,0.7567,0.7571,650764.7
2026-08-28 12:50:00,0.7571,0.7582,0.7568,0.7576,375345.3
2026-08-28 12:55:00,0.7576,0.7581,0.7566,0.7574,387160.7
2026-08-28 13:00:00,0.7574,0.7593,0.7568,0.7589,373605.5
2026-08-28 13:05:00,0.7589,0.7591,0.7566,0.7571,361043.5
2026-08-28 13:10:00,0.7571,0.758,0.7571,0.7575,274637.9
2026-08-28 13:15:00,0.7575,0.7576,0.7558,0.7565,716236.7
2026-08-28 13:20:00,0.7566,0.7567,0.7549,0.7552,487108.7
2026-08-28 13:25:00,0.7552,0.757,0.7527,0.7545,916568.8
2026-08-28 13:30:00,0.7545,0.7578,0.7544,0.7565,1330717.8
2026-08-28 13:35:00,0.7565,0.7573,0.7546,0.7548,864728.0
2026-08-28 13:40:00,0.7548,0.7549,0.7524,0.7531,1762701.7
2026-08-28 13:45:00,0.7531,0.7567,0.7525,0.755,983605.5
2026-08-28 13:50:00,0.755,0.7602,0.7548,0.7596,1718047.1
2026-08-28 13:55:00,0.7595,0.7614,0.757,0.7576,1915124.8
2026-08-28 14:00:00,0.7576,0.7663,0.7508,0.7521,9764001.1
2026-08-28 14:05:00,0.7521,0.7556,0.7483,0.7531,7120474.6
2026-08-28 14:10:00,0.7531,0.7552,0.7489,0.7534,3573785.8
2026-08-28 14:15:00,0.7533,0.7586,0.7519,0.7584,3335988.0
2026-08-28 14:20:00,0.7585,0.76,0.7557,0.7581,4401864.8
2026-08-28 14:25:00,0.7582,0.7599,0.7551,0.7596,2740278.2
2026-08-28 14:30:00,0.7595,0.7657,0.7579,0.765,5105276.7
2026-08-28 14:35:00,0.765,0.7729,0.7644,0.769,3765889.8
2026-08-28 14:40:00,0.7691,0.7726,0.7664,0.7686,5208789.5
2026-08-28 14:45:00,0.7685,0.7691,0.7636,0.7647,1777029.9
2026-08-28 14:50:00,0.7648,0.77,0.7645,0.7695,1615106.1
2026-08-28 14:55:00,0.7695,0.7717,0.7695,0.7699,751642.9
2026-08-28 15:00:00,0.77,0.7731,0.7658,0.7664,1648596.6
2026-08-28 15:05:00,0.7663,0.7667,0.7625,0.7627,1147695.4
2026-08-28 15:10:00,0.7628,0.765,0.756,0.7612,5269464.0
2026-08-28 15:15:00,0.7612,0.765,0.7601,0.7644,1473303.5
2026-08-28 15:20:00,0.7645,0.767,0.7635,0.7667,1500224.6
2026-08-28 15:25:00,0.7666,0.7688,0.7639,0.7657,794018.3
2026-08-28 15:30:00,0.7656,0.7663,0.7621,0.7633,1050603.8
2026-08-28 15:35:00,0.7634,0.7651,0.7629,0.7637,550802.5
2026-08-28 15:40:00,0.7637,0.764,0.7563,0.7578,1794739.5
2026-08-28 15:45:00,0.7577,0.7595,0.7547,0.755,1349979.3
2026-08-28 15:50:00,0.755,0.7561,0.7526,0.7561,1921182.3
2026-08-28 15:55:00,0.756,0.7561,0.7522,0.7524,939826.7
2026-08-28 16:00:00,0.7524,0.7542,0.736,0.7447,13944288.9
2026-08-28 16:05:00,0.7447,0.7519,0.7446,0.7497,3206336.5
2026-08-28 16:10:00,0.7496,0.7501,0.7445,0.7449,1717779.4
2026-08-28 16:15:00,0.7448,0.7475,0.7429,0.7458,1645233.0
2026-08-28 16:20:00,0.7457,0.7485,0.7395,0.7407,3517458.5
2026-08-28 16:25:00,0.7406,0.7479,0.7339,0.7469,7219568.1
2026-08-28 16:30:00,0.747,0.7505,0.746,0.7467,2639111.6
2026-08-28 16:35:00,0.7466,0.754,0.7464,0.7537,2111486.5
2026-08-28 16:40:00,0.7538,0.7545,0.7518,0.7521,1986161.4
2026-08-28 16:45:00,0.7522,0.7556,0.7522,0.7551,1717904.2
2026-08-28 16:50:00,0.7552,0.7552,0.7516,0.7521,1049804.6
2026-08-28 16:55:00,0.752,0.7535,0.7502,0.7507,933584.7
2026-08-28 17:00:00,0.7508,0.7517,0.7484,0.7495,2109713.3
2026-08-28 17:05:00,0.7495,0.7515,0.7475,0.7501,2000183.4
2026-08-28 17:10:00,0.75,0.7519,0.7488,0.7514,851234.0
2026-08-28 17:15:00,0.7514,0.7529,0.7496,0.7521,748283.9
2026-08-28 17:20:00,0.752,0.7533,0.7499,0.7505,944412.4
2026-08-28 17:25:00,0.7505,0.7507,0.7463,0.749,995592.2
2026-08-28 17:30:00,0.749,0.75,0.7474,0.7484,695068.7
2026-08-28 17:35:00,0.7485,0.7487,0.7451,0.7462,1509386.3
2026-08-28 17:40:00,0.7462,0.7472,0.7457,0.7466,611196.3
2026-08-28 17:45:00,0.7465,0.7529,0.7465,0.7523,1020550.7
2026-08-28 17:50:00,0.7524,0.7525,0.75,0.7504,485206.4
2026-08-28 17:55:00,0.7504,0.7512,0.7491,0.7492,2051222.8
2026-08-28 18:00:00,0.7491,0.7498,0.7473,0.7475,576134.3
2026-08-28 18:05:00,0.7476,0.7487,0.7437,0.7441,1765505.5
2026-08-28 18:10:00,0.7441,0.7454,0.74,0.7408,4574732.0
2026-08-28 18:15:00,0.7408,0.7412,0.7368,0.7376,3492459.9
2026-08-28 18:20:00,0.7376,0.7382,0.7352,0.7368,2572068.6
2026-08-28 18:25:00,0.7368,0.7387,0.7367,0.7368,995910.6
2026-08-28 18:30:00,0.7368,0.7374,0.7349,0.7363,800550.0
2026-08-28 18:35:00,0.7363,0.7365,0.7317,0.7331,2114574.3
2026-08-28 18:40:00,0.7331,0.7349,0.731,0.7324,5352428.0
2026-08-28 18:45:00,0.7324,0.7342,0.7288,0.7299,3095283.0
2026-08-28 18:50:00,0.73,0.7335,0.7294,0.7331,1739125.9
2026-08-28 18:55:00,0.733,0.7353,0.7317,0.7349,1033460.0
2026-08-28 19:00:00,0.7348,0.7361,0.7339,0.7347,1035954.8
2026-08-28 19:05:00,0.7346,0.7376,0.7341,0.7372,749270.4
2026-08-28 19:10:00,0.7372,0.7382,0.7365,0.7373,652152.8
2026-08-28 19:15:00,0.7372,0.7373,0.7362,0.7368,457782.7
2026-08-28 19:20:00,0.7368,0.7389,0.7364,0.7373,530382.0
2026-08-28 19:25:00,0.7373,0.7385,0.7372,0.7376,642254.0
2026-08-28 19:30:00,0.7376,0.7377,0.7359,0.7371,694415.1
2026-08-28 19:35:00,0.7371,0.7383,0.7368,0.7376,290516.7
2026-08-28 19:40:00,0.7376,0.7381,0.7366,0.7367,273389.4
2026-08-28 19:45:00,0.7367,0.7369,0.7342,0.7351,347169.4
2026-08-28 19:50:00,0.7352,0.7372,0.7351,0.7363,630830.3
2026-08-28 19:55:00,0.7364,0.7371,0.7352,0.7356,626140.9
2026-08-28 20:00:00,0.7355,0.7383,0.7349,0.7359,565420.7
2026-08-28 20:05:00,0.7359,0.7382,0.7353,0.7381,635535.8
2026-08-28 20:10:00,0.7381,0.739,0.7376,0.7387,559912.8
2026-08-28 20:15:00,0.7386,0.7389,0.7366,0.7366,377584.9
2026-08-28 20:20:00,0.7366,0.7387,0.7364,0.7386,133382.1
2026-08-28 20:25:00,0.7386,0.7393,0.7384,0.7385,227509.6
2026-08-28 20:30:00,0.7384,0.7384,0.7363,0.7369,341100.3
2026-08-28 20:35:00,0.737,0.7389,0.7365,0.7387,330937.1
2026-08-28 20:40:00,0.7387,0.7396,0.7383,0.7388,231031.9
2026-08-28 20:45:00,0.7387,0.7401,0.7387,0.7395,615799.6
2026-08-28 20:50:00,0.7394,0.7394,0.7372,0.7379,431307.2
2026-08-28 20:55:00,0.7378,0.7381,0.7375,0.7381,235017.7
2026-08-28 21:00:00,0.7381,0.7387,0.7359,0.7359,379289.1
2026-08-28 21:05:00,0.736,0.739,0.7356,0.737,329101.0
2026-08-28 21:10:00,0.7371,0.7387,0.7365,0.7387,286401.4
2026-08-28 21:15:00,0.7386,0.7389,0.7371,0.7374,289319.6
2026-08-28 21:20:00,0.7375,0.7375,0.7348,0.7375,489823.8
2026-08-28 21:25:00,0.7374,0.7384,0.7372,0.7382,197130.8
2026-08-28 21:30:00,0.7382,0.7398,0.738,0.7387,232342.9
2026-08-28 21:35:00,0.7387,0.739,0.7378,0.7382,273586.0
2026-08-28 21:40:00,0.7382,0.7383,0.7355,0.7359,344080.5
2026-08-28 21:45:00,0.7359,0.7359,0.7334,0.7339,457014.9
2026-08-28 21:50:00,0.7339,0.7347,0.7322,0.7338,457462.5
2026-08-28 21:55:00,0.7337,0.7339,0.7321,0.7339,557045.8
2026-08-28 22:00:00,0.7339,0.7352,0.7333,0.7343,519168.8
2026-08-28 22:05:00,0.7344,0.7367,0.7344,0.7353,459026.5
2026-08-28 22:10:00,0.7354,0.7376,0.7354,0.7376,383081.2
2026-08-28 22:15:00,0.7376,0.7378,0.736,0.7365,593598.7
2026-08-28 22:20:00,0.7364,0.7372,0.7357,0.7371,574070.4
2026-08-28 22:25:00,0.7371,0.7387,0.7371,0.738,533101.9
2026-08-28 22:30:00,0.7379,0.7383,0.737,0.7381,341131.1
2026-08-28 22:35:00,0.7381,0.7397,0.7378,0.7395,455136.4
2026-08-28 22:40:00,0.7395,0.7401,0.7387,0.7397,339125.3
2026-08-28 22:45:00,0.7397,0.742,0.7395,0.741,730381.9
2026-08-28 22:50:00,0.7409,0.742,0.7404,0.7416,324697.0
2026-08-28 22:55:00,0.7417,0.7417,0.74,0.7411,469333.1
2026-08-28 23:00:00,0.7411,0.7423,0.7405,0.7406,848942.4
2026-08-28 23:05:00,0.7406,0.7414,0.7395,0.7414,720455.5
2026-08-28 23:10:00,0.7415,0.7433,0.7412,0.7427,311306.6
2026-08-28 23:15:00,0.7427,0.7429,0.7409,0.7409,590063.6
2026-08-28 23:20:00,0.741,0.7421,0.7405,0.7418,553431.5
2026-08-28 23:25:00,0.7418,0.742,0.7409,0.7412,231586.6
2026-08-28 23:30:00,0.7411,0.7415,0.7409,0.7414,115051.9
2026-08-28 23:35:00,0.7413,0.7418,0.741,0.7415,466284.0
2026-08-28 23:40:00,0.7415,0.7421,0.7412,0.7419,138415.9
2026-08-28 23:45:00,0.7418,0.7418,0.741,0.7413,138905.3
2026-08-28 23:50:00,0.7414,0.7427,0.7414,0.7427,299761.3
2026-08-28 23:55:00,0.7427,0.7434,0.7425,0.7433,260290.7
2026-08-29 00:00:00,0.7434,0.7454,0.7427,0.7448,764352.3
2026-08-29 00:05:00,0.7449,0.7463,0.7448,0.746,596450.0
2026-08-29 00:10:00,0.746,0.7461,0.7442,0.7443,451549.2
2026-08-29 00:15:00,0.7442,0.7459,0.7441,0.7458,406757.7
2026-08-29 00:20:00,0.7457,0.7468,0.7449,0.7451,1116630.4
2026-08-29 00:25:00,0.7451,0.7457,0.7446,0.7448,200207.6
2026-08-29 00:30:00,0.7448,0.7451,0.7429,0.743,357771.1
2026-08-29 00:35:00,0.743,0.7434,0.7427,0.7433,553235.6
2026-08-29 00:40:00,0.7433,0.7437,0.7424,0.7427,663981.1
2026-08-29 00:45:00,0.7426,0.7427,0.7413,0.7418,417241.9
2026-08-29 00:50:00,0.7418,0.7423,0.741,0.7423,310344.3
2026-08-29 00:55:00,0.7423,0.7428,0.7413,0.7414,210356.6
2026-08-29 01:00:00,0.7413,0.7415,0.74,0.74,667359.8
2026-08-29 01:05:00,0.74,0.7402,0.7394,0.7401,277607.6
2026-08-29 01:10:00,0.7401,0.7406,0.7393,0.7395,247852.8
2026-08-29 01:15:00,0.7394,0.7399,0.7393,0.7398,196789.6
2026-08-29 01:20:00,0.7398,0.7412,0.7398,0.7412,180656.3
2026-08-29 01:25:00,0.7411,0.742,0.7408,0.7419,378789.2
2026-08-29 01:30:00,0.7418,0.7421,0.7415,0.7417,455924.0
2026-08-29 01:35:00,0.7417,0.7424,0.7402,0.741,494184.0
2026-08-29 01:40:00,0.7411,0.742,0.7409,0.7411,243736.5
2026-08-29 01:45:00,0.7411,0.7411,0.7392,0.7409,601518.7
2026-08-29 01:50:00,0.741,0.7422,0.7409,0.7415,592840.6
2026-08-29 01:55:00,0.7415,0.7417,0.7404,0.7413,403273.9
2026-08-29 02:00:00,0.7414,0.7428,0.7411,0.7414,714497.9
2026-08-29 02:05:00,0.7414,0.7417,0.7402,0.741,402017.4
2026-08-29 02:10:00,0.7409,0.7417,0.7401,0.7401,404192.1
2026-08-29 02:15:00,0.7401,0.7404,0.7373,0.7376,531294.1
2026-08-29 02:20:00,0.7377,0.7382,0.7371,0.7377,669828.6
2026-08-29 02:25:00,0.7377,0.7378,0.7361,0.737,363802.1
2026-08-29 02:30:00,0.7369,0.7381,0.7358,0.7362,383551.8
2026-08-29 02:35:00,0.7363,0.7387,0.7359,0.7385,405700.3
2026-08-29 02:40:00,0.7385,0.7388,0.7373,0.7375,282482.9
2026-08-29 02:45:00,0.7376,0.7385,0.7367,0.7385,469757.8
2026-08-29 02:50:00,0.7384,0.7405,0.7383,0.7401,470878.1
2026-08-29 02:55:00,0.7401,0.7407,0.7385,0.7394,597121.3
2026-08-29 03:00:00,0.7394,0.7406,0.7392,0.7394,340651.6
2026-08-29 03:05:00,0.7394,0.74,0.7394,0.7396,189081.3
2026-08-29 03:10:00,0.7395,0.7406,0.7393,0.7393,138671.5
2026-08-29 03:15:00,0.7393,0.74,0.7385,0.7392,337723.4
2026-08-29 03:20:00,0.7392,0.7413,0.7391,0.7405,603236.1
2026-08-29 03:25:00,0.7405,0.7408,0.7395,0.7404,430872.8
2026-08-29 03:30:00,0.7404,0.741,0.7391,0.7392,613089.5
2026-08-29 03:35:00,0.7392,0.7392,0.7375,0.7381,659251.5
2026-08-29 03:40:00,0.7381,0.7398,0.7377,0.7386,578569.2
2026-08-29 03:45:00,0.7386,0.7387,0.7369,0.737,317023.9
2026-08-29 03:50:00,0.737,0.7371,0.7362,0.7366,342646.5
2026-08-29 03:55:00,0.7367,0.7368,0.7361,0.7363,254620.6
2026-08-29 04:00:00,0.7364,0.7376,0.7361,0.7374,281133.9
2026-08-29 04:05:00,0.7375,0.7379,0.7368,0.7375,301898.3
2026-08-29 04:10:00,0.7374,0.7395,0.7374,0.7386,514259.5
2026-08-29 04:15:00,0.7387,0.7389,0.7377,0.738,225785.8
2026-08-29 04:20:00,0.738,0.7394,0.7378,0.739,391475.5
2026-08-29 04:25:00,0.739,0.7398,0.7385,0.7387,155296.9
2026-08-29 04:30:00,0.7387,0.7389,0.7373,0.7382,809292.3
2026-08-29 04:35:00,0.7381,0.7388,0.7374,0.7388,791522.7
2026-08-29 04:40:00,0.7387,0.7394,0.7377,0.7384,554350.2
2026-08-29 04:45:00,0.7384,0.7399,0.7378,0.7397,554259.0
2026-08-29 04:50:00,0.7397,0.7411,0.7395,0.7409,912883.9
2026-08-29 04:55:00,0.7409,0.7415,0.7399,0.7405,627290.0
2026-08-29 05:00:00,0.7405,0.7432,0.7402,0.7414,1086800.5
2026-08-29 05:05:00,0.7415,0.7422,0.7412,0.7413,520721.4
2026-08-29 05:10:00,0.7413,0.7428,0.7408,0.7424,262398.5
2026-08-29 05:15:00,0.7425,0.7428,0.7418,0.7423,223878.7
2026-08-29 05:20:00,0.7424,0.7424,0.741,0.7417,449077.7
2026-08-29 05:25:00,0.7418,0.7431,0.7417,0.7422,257397.0
2026-08-29 05:30:00,0.7423,0.7423,0.7409,0.7411,245400.5
2026-08-29 05:35:00,0.7411,0.7429,0.7408,0.7429,392037.4
2026-08-29 05:40:00,0.7429,0.7445,0.7424,0.7437,1509131.7
2026-08-29 05:45:00,0.7438,0.7453,0.7435,0.7438,888730.5
2026-08-29 05:50:00,0.7438,0.7438,0.7414,0.7417,249391.5
2026-08-29 05:55:00,0.7417,0.7432,0.7413,0.7432,166096.8
2026-08-29 06:00:00,0.7433,0.7437,0.7411,0.7414,441371.7
2026-08-29 06:05:00,0.7414,0.7416,0.7395,0.7409,703380.9
2026-08-29 06:10:00,0.7409,0.7409,0.739,0.7391,460162.7
2026-08-29 06:15:00,0.7392,0.7399,0.7389,0.7389,223940.5
2026-08-29 06:20:00,0.7389,0.7389,0.7364,0.7381,1455642.1
2026-08-29 06:25:00,0.7381,0.7383,0.7368,0.7377,316557.6
2026-08-29 06:30:00,0.7378,0.7388,0.7376,0.7387,364407.7
2026-08-29 06:35:00,0.7387,0.7391,0.7383,0.7384,172957.6
2026-08-29 06:40:00,0.7383,0.7397,0.7382,0.7388,133555.4
2026-08-29 06:45:00,0.7388,0.7396,0.7386,0.7389,170196.5
2026-08-29 06:50:00,0.7389,0.7394,0.7384,0.7386,128647.2
2026-08-29 06:55:00,0.7385,0.7397,0.738,0.7392,427633.1
2026-08-29 07:00:00,0.7392,0.7415,0.7391,0.7414,442000.8
2026-08-29 07:05:00,0.7415,0.7416,0.7385,0.7387,833557.2
2026-08-29 07:10:00,0.7387,0.7391,0.7376,0.7377,282544.3
2026-08-29 07:15:00,0.7377,0.7387,0.7369,0.7384,287843.2
2026-08-29 07:20:00,0.7384,0.7389,0.7377,0.7382,147126.5
2026-08-29 07:25:00,0.7382,0.7386,0.7379,0.738,134913.5
2026-08-29 07:30:00,0.738,0.739,0.7378,0.7388,95891.1
2026-08-29 07:35:00,0.7388,0.74,0.7385,0.7396,306795.2
2026-08-29 07:40:00,0.7395,0.7396,0.737,0.7376,1135177.3
2026-08-29 07:45:00,0.7377,0.7388,0.7365,0.7366,678628.7
2026-08-29 07:50:00,0.7367,0.7367,0.7338,0.7345,1295710.9
2026-08-29 07:55:00,0.7345,0.7354,0.7342,0.7348,532556.8
2026-08-29 08:00:00,0.7349,0.7349,0.7327,0.7334,882191.8
2026-08-29 08:05:00,0.7334,0.7347,0.7324,0.7334,1008353.0
2026-08-29 08:10:00,0.7335,0.7346,0.7327,0.7334,899537.8
2026-08-29 08:15:00,0.7334,0.734,0.7328,0.7339,282590.0
2026-08-29 08:20:00,0.734,0.7349,0.7333,0.7349,264873.3
2026-08-29 08:25:00,0.7348,0.7357,0.7346,0.7353,321141.8
2026-08-29 08:30:00,0.7353,0.7355,0.7334,0.7341,352180.9
2026-08-29 08:35:00,0.7341,0.7342,0.7332,0.7336,448823.7
2026-08-29 08:40:00,0.7336,0.7342,0.732,0.733,735327.3
2026-08-29 08:45:00,0.7331,0.7343,0.731,0.7327,1336181.5
2026-08-29 08:50:00,0.7326,0.734,0.732,0.7323,397387.8
2026-08-29 08:55:00,0.7324,0.7338,0.7324,0.7335,712032.5
2026-08-29 09:00:00,0.7336,0.7345,0.7322,0.7339,1292903.3
2026-08-29 09:05:00,0.7339,0.7347,0.7332,0.7338,712410.8
2026-08-29 09:10:00,0.7338,0.7341,0.7333,0.7339,569793.0
2026-08-29 09:15:00,0.7339,0.736,0.7338,0.7356,1039704.3
2026-08-29 09:20:00,0.7355,0.7355,0.7344,0.7346,229733.5
2026-08-29 09:25:00,0.7345,0.7359,0.7344,0.735,514644.1
2026-08-29 09:30:00,0.7351,0.7365,0.735,0.7362,470125.9
2026-08-29 09:35:00,0.7362,0.7365,0.7356,0.7358,362489.2
2026-08-29 09:40:00,0.7358,0.7366,0.735,0.7351,808670.0
2026-08-29 09:45:00,0.7351,0.7356,0.735,0.7354,170046.5
2026-08-29 09:50:00,0.7355,0.7361,0.7346,0.7355,564213.3
2026-08-29 09:55:00,0.7356,0.737,0.7354,0.7356,604320.9
2026-08-29 10:00:00,0.7357,0.7357,0.7335,0.7336,477134.4
2026-08-29 10:05:00,0.7335,0.735,0.7328,0.735,1011005.9
2026-08-29 10:10:00,0.735,0.7368,0.7349,0.7365,501308.9
2026-08-29 10:15:00,0.7365,0.7389,0.7365,0.7388,1083117.2
2026-08-29 10:20:00,0.7387,0.7401,0.7364,0.7367,1689299.1
2026-08-29 10:25:00,0.7367,0.7369,0.736,0.7361,262894.5
2026-08-29 10:30:00,0.7362,0.7368,0.7361,0.7366,347035.9
2026-08-29 10:35:00,0.7367,0.7376,0.7365,0.7366,280926.8
2026-08-29 10:40:00,0.7366,0.737,0.7363,0.7369,143555.8
2026-08-29 10:45:00,0.737,0.7377,0.7368,0.7374,289288.6
2026-08-29 10:50:00,0.7374,0.7381,0.7372,0.7381,106341.9
2026-08-29 10:55:00,0.738,0.7381,0.7357,0.736,313879.0
2026-08-29 11:00:00,0.7359,0.7373,0.7351,0.7371,360099.8
2026-08-29 11:05:00,0.7372,0.7374,0.7363,0.7365,161632.4
2026-08-29 11:10:00,0.7366,0.7376,0.7365,0.7371,415208.9
2026-08-29 11:15:00,0.7372,0.7375,0.7365,0.7366,220496.5
2026-08-29 11:20:00,0.7367,0.7367,0.7357,0.7362,484105.1
2026-08-29 11:25:00,0.7362,0.7367,0.736,0.7361,132956.0
2026-08-29 11:30:00,0.7361,0.7364,0.7356,0.7361,217915.9
2026-08-29 11:35:00,0.7362,0.7364,0.7347,0.7354,372371.8
2026-08-29 11:40:00,0.7354,0.7359,0.7342,0.7342,322833.9
2026-08-29 11:45:00,0.7343,0.7346,0.734,0.7345,244527.7
2026-08-29 11:50:00,0.7346,0.7351,0.7343,0.7344,289810.5
2026-08-29 11:55:00,0.7344,0.7345,0.7338,0.7341,277219.3
2026-08-29 12:00:00,0.7341,0.735,0.7341,0.735,286640.6
2026-08-29 12:05:00,0.735,0.7353,0.734,0.7343,246546.1
2026-08-29 12:10:00,0.7344,0.7362,0.7341,0.7359,207867.5
2026-08-29 12:15:00,0.736,0.7377,0.736,0.7376,347067.6
2026-08-29 12:20:00,0.7376,0.7383,0.7355,0.7357,592248.0
2026-08-29 12:25:00,0.7358,0.7358,0.7345,0.7357,320093.2
2026-08-29 12:30:00,0.7358,0.7358,0.7345,0.7345,185009.6
2026-08-29 12:35:00,0.7346,0.7355,0.7345,0.7355,148505.0
2026-08-29 12:40:00,0.7355,0.7357,0.7351,0.7352,92027.7
2026-08-29 12:45:00,0.7352,0.7356,0.7349,0.7354,225007.1
2026-08-29 12:50:00,0.7353,0.7356,0.7346,0.7352,156621.8
2026-08-29 12:55:00,0.7352,0.7356,0.7349,0.7352,149405.3
2026-08-29 13:00:00,0.7353,0.7354,0.7335,0.7338,647408.8
2026-08-29 13:05:00,0.7338,0.7347,0.7338,0.7344,191565.8
2026-08-29 13:10:00,0.7343,0.7349,0.7337,0.7347,223623.3
2026-08-29 13:15:00,0.7347,0.7357,0.7344,0.7351,245282.9
2026-08-29 13:20:00,0.7351,0.737,0.735,0.7366,423693.5
2026-08-29 13:25:00,0.7366,0.7368,0.7352,0.7356,249119.0
2026-08-29 13:30:00,0.7356,0.7362,0.7353,0.7355,217297.0
2026-08-29 13:35:00,0.7356,0.7369,0.7355,0.7359,410776.7
2026-08-29 13:40:00,0.7358,0.7359,0.7357,0.7358,48106.9
2026-08-29 13:45:00,0.7359,0.7369,0.7354,0.7368,240276.0
2026-08-29 13:50:00,0.7368,0.7381,0.7364,0.7378,310052.4
2026-08-29 13:55:00,0.7378,0.7388,0.7376,0.7377,244754.0
2026-08-29 14:00:00,0.7378,0.7383,0.7374,0.7379,369367.9
2026-08-29 14:05:00,0.738,0.7394,0.7374,0.7388,588217.6
2026-08-29 14:10:00,0.7387,0.7401,0.7376,0.7392,791158.2
2026-08-29 14:15:00,0.7393,0.7399,0.7384,0.7384,427571.9
2026-08-29 14:20:00,0.7384,0.741,0.7384,0.741,572339.7
2026-08-29 14:25:00,0.7409,0.7414,0.7399,0.7404,655729.4
2026-08-29 14:30:00,0.7405,0.7413,0.7401,0.7403,389785.3
2026-08-29 14:35:00,0.7404,0.7415,0.7404,0.7413,441780.3
2026-08-29 14:40:00,0.7414,0.7445,0.7413,0.7429,2180654.0
2026-08-29 14:45:00,0.7429,0.747,0.7428,0.7466,2424657.1
2026-08-29 14:50:00,0.7466,0.7478,0.7458,0.7466,1002799.1
2026-08-29 14:55:00,0.7466,0.7486,0.7466,0.7478,1135004.3
2026-08-29 15:00:00,0.7479,0.7483,0.7441,0.745,1276178.1
2026-08-29 15:05:00,0.7449,0.746,0.7438,0.7452,1004821.6
2026-08-29 15:10:00,0.7453,0.7453,0.7441,0.745,421992.1
2026-08-29 15:15:00,0.745,0.7454,0.7438,0.745,511893.4
2026-08-29 15:20:00,0.745,0.746,0.745,0.7455,392548.6
2026-08-29 15:25:00,0.7455,0.7455,0.7444,0.7444,347009.1
2026-08-29 15:30:00,0.7444,0.7446,0.7423,0.7435,988487.4
2026-08-29 15:35:00,0.7435,0.7442,0.7429,0.7434,491249.6
2026-08-29 15:40:00,0.7434,0.7441,0.743,0.7431,423444.7
2026-08-29 15:45:00,0.7431,0.7457,0.743,0.7456,721475.4
2026-08-29 15:50:00,0.7456,0.7459,0.744,0.7445,690863.0
2026-08-29 15:55:00,0.7445,0.7445,0.7423,0.7441,917032.4
2026-08-29 16:00:00,0.7442,0.7465,0.7438,0.7449,1488080.2
2026-08-29 16:05:00,0.745,0.7463,0.7448,0.7462,317783.0
2026-08-29 16:10:00,0.7462,0.747,0.7459,0.7467,595471.4
2026-08-29 16:15:00,0.7468,0.7484,0.7456,0.7457,764599.4
2026-08-29 16:20:00,0.7457,0.7459,0.7435,0.7443,471044.0
2026-08-29 16:25:00,0.7442,0.7443,0.7431,0.7438,439144.1
2026-08-29 16:30:00,0.7438,0.7469,0.7424,0.7442,962471.5
2026-08-29 16:35:00,0.7442,0.7458,0.7437,0.7448,939185.6
2026-08-29 16:40:00,0.7447,0.7456,0.7438,0.745,787057.4
2026-08-29 16:45:00,0.745,0.7467,0.7443,0.7467,555751.0
2026-08-29 16:50:00,0.7467,0.7476,0.7451,0.7451,1199280.6
2026-08-29 16:55:00,0.7451,0.7457,0.7436,0.7441,510335.2
2026-08-29 17:00:00,0.7442,0.7448,0.744,0.7446,225157.9
2026-08-29 17:05:00,0.7447,0.7451,0.7442,0.7447,471029.5
2026-08-29 17:10:00,0.7448,0.7453,0.7441,0.7444,161415.5
2026-08-29 17:15:00,0.7445,0.7449,0.7438,0.7441,249702.2
2026-08-29 17:20:00,0.744,0.7441,0.7414,0.7422,931211.4
2026-08-29 17:25:00,0.7421,0.7422,0.7399,0.7402,1117334.5
2026-08-29 17:30:00,0.7402,0.7409,0.7393,0.7403,465500.1
2026-08-29 17:35:00,0.7403,0.7418,0.7395,0.741,941114.3
2026-08-29 17:40:00,0.741,0.7424,0.7408,0.7416,488467.7
2026-08-29 17:45:00,0.7417,0.7424,0.7414,0.742,260164.8
2026-08-29 17:50:00,0.742,0.7422,0.7407,0.7409,249264.4
2026-08-29 17:55:00,0.7409,0.7422,0.7407,0.7421,192832.6
2026-08-29 18:00:00,0.7421,0.743,0.7413,0.7414,427585.7
2026-08-29 18:05:00,0.7414,0.7422,0.7414,0.7418,157957.8
2026-08-29 18:10:00,0.7417,0.7424,0.7414,0.7419,251842.3
2026-08-29 18:15:00,0.742,0.7424,0.7406,0.7418,478192.4
2026-08-29 18:20:00,0.7418,0.7437,0.7418,0.7427,915787.6
2026-08-29 18:25:00,0.7426,0.7429,0.7416,0.7416,316617.1
2026-08-29 18:30:00,0.7417,0.7426,0.7406,0.7419,748134.1
2026-08-29 18:35:00,0.7419,0.746,0.7419,0.7455,2211893.6
2026-08-29 18:40:00,0.7455,0.7477,0.7446,0.7454,1881767.4
2026-08-29 18:45:00,0.7454,0.7468,0.7448,0.7467,1209420.2
2026-08-29 18:50:00,0.7466,0.7469,0.7454,0.7457,357829.6
2026-08-29 18:55:00,0.7457,0.7457,0.7443,0.7444,262038.6
2026-08-29 19:00:00,0.7444,0.7456,0.7444,0.7453,243263.3
2026-08-29 19:05:00,0.7453,0.7464,0.7452,0.746,279636.6
2026-08-29 19:10:00,0.746,0.7467,0.7459,0.7467,234807.9
2026-08-29 19:15:00,0.7468,0.7476,0.7466,0.7469,229677.7
2026-08-29 19:20:00,0.7468,0.7472,0.7454,0.7465,550313.9
2026-08-29 19:25:00,0.7466,0.7471,0.7459,0.747,502633.1
2026-08-29 19:30:00,0.7471,0.7479,0.7453,0.7455,983892.8
2026-08-29 19:35:00,0.7455,0.7466,0.7447,0.745,781411.5
2026-08-29 19:40:00,0.745,0.7463,0.7445,0.7457,542366.3
2026-08-29 19:45:00,0.7457,0.746,0.7452,0.7455,427691.1
2026-08-29 19:50:00,0.7456,0.7462,0.7453,0.7457,205697.3
2026-08-29 19:55:00,0.7456,0.7456,0.7447,0.7455,110060.7
2026-08-29 20:00:00,0.7455,0.7468,0.7451,0.7465,158762.2
2026-08-29 20:05:00,0.7466,0.7473,0.7445,0.7453,2109792.6
2026-08-29 20:10:00,0.7452,0.7456,0.7433,0.7445,839966.3
2026-08-29 20:15:00,0.7446,0.7464,0.7441,0.7464,566086.3
2026-08-29 20:20:00,0.7464,0.7466,0.7441,0.7443,609487.8
2026-08-29 20:25:00,0.7443,0.7444,0.7435,0.7438,564559.3
2026-08-29 20:30:00,0.7437,0.7439,0.7426,0.7431,571735.6
2026-08-29 20:35:00,0.7432,0.7451,0.7432,0.7439,794406.4
2026-08-29 20:40:00,0.7439,0.7447,0.7439,0.7443,188751.1
2026-08-29 20:45:00,0.7444,0.7446,0.7435,0.7445,172723.1
2026-08-29 20:50:00,0.7445,0.7449,0.7443,0.7445,150089.1
2026-08-29 20:55:00,0.7445,0.7448,0.7441,0.7442,306508.1
2026-08-29 21:00:00,0.7443,0.7449,0.7434,0.7437,881911.2
2026-08-29 21:05:00,0.7437,0.7454,0.7436,0.7451,222525.8
2026-08-29 21:10:00,0.7452,0.7458,0.7447,0.7448,204825.4
2026-08-29 21:15:00,0.7447,0.7451,0.7441,0.745,121332.8
2026-08-29 21:20:00,0.745,0.745,0.7439,0.7439,138792.9
2026-08-29 21:25:00,0.7438,0.7448,0.743,0.7432,715187.8
2026-08-29 21:30:00,0.7432,0.7443,0.743,0.7442,184030.2
2026-08-29 21:35:00,0.7442,0.7447,0.7439,0.7444,161768.5
2026-08-29 21:40:00,0.7443,0.7443,0.7432,0.7435,131106.2
2026-08-29 21:45:00,0.7435,0.7445,0.7432,0.7441,70605.6
2026-08-29 21:50:00,0.7441,0.7443,0.7417,0.7425,383306.0
2026-08-29 21:55:00,0.7426,0.7426,0.7413,0.7415,296102.6
2026-08-29 22:00:00,0.7414,0.7418,0.7392,0.7406,1317498.1
2026-08-29 22:05:00,0.7405,0.7418,0.7402,0.7417,217668.0
2026-08-29 22:10:00,0.7417,0.7421,0.7405,0.7409,239812.4
2026-08-29 22:15:00,0.7409,0.7417,0.7408,0.7408,162849.5
2026-08-29 22:20:00,0.7407,0.7416,0.7407,0.7416,51139.1
2026-08-29 22:25:00,0.7415,0.7419,0.7406,0.7417,300235.6
2026-08-29 22:30:00,0.7418,0.743,0.7418,0.7425,205313.6
2026-08-29 22:35:00,0.7426,0.7433,0.7425,0.7429,164335.4
2026-08-29 22:40:00,0.7428,0.7432,0.7427,0.7428,81695.6
2026-08-29 22:45:00,0.7428,0.7437,0.7427,0.7435,235835.3
2026-08-29 22:50:00,0.7435,0.7439,0.7433,0.7439,93953.7
2026-08-29 22:55:00,0.7439,0.7442,0.7433,0.7435,452181.9
2026-08-29 23:00:00,0.7436,0.7447,0.7432,0.7439,582926.8
2026-08-29 23:05:00,0.7439,0.7452,0.7438,0.7442,406600.4
2026-08-29 23:10:00,0.7442,0.7446,0.7426,0.7437,820063.8
2026-08-29 23:15:00,0.7436,0.7448,0.7436,0.7441,306397.0
2026-08-29 23:20:00,0.7441,0.7442,0.7424,0.7424,223676.2
2026-08-29 23:25:00,0.7424,0.7439,0.7417,0.7438,646775.2
2026-08-29 23:30:00,0.7438,0.7445,0.7424,0.7427,606257.3
2026-08-29 23:35:00,0.7428,0.7441,0.7428,0.7437,156560.8
2026-08-29 23:40:00,0.7436,0.744,0.7432,0.7432,137037.3
2026-08-29 23:45:00,0.7433,0.7453,0.7433,0.7449,370331.7
2026-08-29 23:50:00,0.7449,0.7454,0.7446,0.7447,240623.7
2026-08-29 23:55:00,0.7447,0.7449,0.7445,0.7447,130593.3
2026-08-30 00:00:00,0.7448,0.745,0.7441,0.7441,578798.1
2026-08-30 00:05:00,0.7441,0.7446,0.743,0.743,783876.4
2026-08-30 00:10:00,0.7431,0.7439,0.7426,0.7438,399770.5
2026-08-30 00:15:00,0.7437,0.747,0.7437,0.7458,923711.4
2026-08-30 00:20:00,0.7458,0.7458,0.7438,0.744,448125.1
2026-08-30 00:25:00,0.744,0.7441,0.7428,0.7431,301854.6
2026-08-30 00:30:00,0.7431,0.7436,0.7424,0.7429,480359.1
2026-08-30 00:35:00,0.7428,0.745,0.7428,0.7436,485383.9
2026-08-30 00:40:00,0.7436,0.7443,0.7424,0.7433,716695.9
2026-08-30 00:45:00,0.7432,0.7447,0.7431,0.7446,313394.3
2026-08-30 00:50:00,0.7446,0.745,0.7434,0.7442,717531.6
2026-08-30 00:55:00,0.7442,0.7442,0.7429,0.743,183377.4
2026-08-30 01:00:00,0.7429,0.7434,0.7423,0.7432,252000.3
2026-08-30 01:05:00,0.7433,0.7433,0.7416,0.7416,250322.8
2026-08-30 01:10:00,0.7417,0.7421,0.7406,0.7409,271351.0
2026-08-30 01:15:00,0.7409,0.7412,0.7381,0.7402,1251206.1
2026-08-30 01:20:00,0.7402,0.7411,0.7397,0.7401,389425.0
2026-08-30 01:25:00,0.74,0.7401,0.7391,0.7394,268735.2
2026-08-30 01:30:00,0.7393,0.7398,0.7384,0.7393,568221.2
2026-08-30 01:35:00,0.7394,0.7413,0.7394,0.7409,660292.1
2026-08-30 01:40:00,0.7408,0.741,0.7393,0.7395,224334.5
2026-08-30 01:45:00,0.7394,0.7411,0.7394,0.7407,714249.7
2026-08-30 01:50:00,0.7407,0.7413,0.7393,0.7396,528000.3
2026-08-30 01:55:00,0.7397,0.7399,0.7384,0.7396,774738.5
2026-08-30 02:00:00,0.7396,0.7417,0.7392,0.7415,422139.4
2026-08-30 02:05:00,0.7414,0.7423,0.7398,0.7405,1057723.7
2026-08-30 02:10:00,0.7405,0.7406,0.7398,0.7404,117831.0
2026-08-30 02:15:00,0.7404,0.7409,0.7398,0.7402,153073.0
2026-08-30 02:20:00,0.7402,0.7409,0.7395,0.7397,222624.7
2026-08-30 02:25:00,0.7396,0.7406,0.7389,0.7398,562345.1
2026-08-30 02:30:00,0.7398,0.7401,0.7386,0.7397,512082.4
2026-08-30 02:35:00,0.7398,0.7409,0.7393,0.7409,339882.3
2026-08-30 02:40:00,0.7409,0.7418,0.7403,0.7404,602213.6
2026-08-30 02:45:00,0.7404,0.7408,0.7395,0.7402,646062.8
2026-08-30 02:50:00,0.7403,0.7423,0.7401,0.7411,723130.4
2026-08-30 02:55:00,0.7412,0.7413,0.7397,0.7398,395585.9
2026-08-30 03:00:00,0.7397,0.7413,0.7394,0.7401,672387.6
2026-08-30 03:05:00,0.7401,0.7401,0.7393,0.7398,274806.7
2026-08-30 03:10:00,0.7397,0.74,0.7394,0.7399,125946.1
2026-08-30 03:15:00,0.7399,0.7404,0.7395,0.7402,127617.3
2026-08-30 03:20:00,0.7402,0.7403,0.7388,0.7402,330110.7
2026-08-30 03:25:00,0.7403,0.7412,0.7401,0.7411,210954.4
2026-08-30 03:30:00,0.7411,0.7422,0.7397,0.7422,767263.1
2026-08-30 03:35:00,0.7422,0.7423,0.7406,0.7408,303977.5
2026-08-30 03:40:00,0.7408,0.7421,0.7405,0.7413,522315.3
2026-08-30 03:45:00,0.7412,0.7415,0.7404,0.7406,219627.5
2026-08-30 03:50:00,0.7405,0.7406,0.7401,0.7403,109397.2
2026-08-30 03:55:00,0.7402,0.7405,0.7401,0.7405,253762.5
2026-08-30 04:00:00,0.7404,0.7415,0.7401,0.7414,302120.5
2026-08-30 04:05:00,0.7413,0.7415,0.7402,0.7405,184444.9
2026-08-30 04:10:00,0.7405,0.7406,0.7401,0.7405,74803.8
2026-08-30 04:15:00,0.7405,0.7418,0.7405,0.7409,368390.5
2026-08-30 04:20:00,0.741,0.7414,0.7404,0.741,234708.2
2026-08-30 04:25:00,0.741,0.7421,0.7405,0.7411,569337.8
2026-08-30 04:30:00,0.7411,0.7412,0.7396,0.7398,380430.1
2026-08-30 04:35:00,0.7398,0.74,0.7384,0.7388,869267.1
2026-08-30 04:40:00,0.7389,0.7401,0.7377,0.738,977601.5
2026-08-30 04:45:00,0.738,0.7382,0.7331,0.7357,3608668.6
2026-08-30 04:50:00,0.7357,0.7377,0.7356,0.7368,1398960.4
2026-08-30 04:55:00,0.7368,0.7396,0.7367,0.7396,484766.4
2026-08-30 05:00:00,0.7395,0.7422,0.7391,0.7419,1165597.9
2026-08-30 05:05:00,0.7418,0.7424,0.7392,0.7399,970365.1
2026-08-30 05:10:00,0.7399,0.7399,0.7389,0.7393,181273.0
2026-08-30 05:15:00,0.7392,0.7393,0.7385,0.739,192579.8
2026-08-30 05:20:00,0.7391,0.7393,0.7387,0.7391,139769.6
2026-08-30 05:25:00,0.7392,0.7398,0.739,0.7398,107284.5
2026-08-30 05:30:00,0.7397,0.74,0.7395,0.7397,130234.8
2026-08-30 05:35:00,0.7397,0.7408,0.7394,0.7401,415926.7
2026-08-30 05:40:00,0.7402,0.7405,0.7398,0.74,141862.2
2026-08-30 05:45:00,0.7399,0.7406,0.7398,0.7402,161735.0
2026-08-30 05:50:00,0.7402,0.741,0.7397,0.7406,196751.9
2026-08-30 05:55:00,0.7405,0.7419,0.7405,0.7419,453210.6
2026-08-30 06:00:00,0.7418,0.7421,0.7406,0.7416,1748229.8
2026-08-30 06:05:00,0.7417,0.7421,0.7408,0.7413,258449.1
2026-08-30 06:10:00,0.7413,0.7415,0.741,0.7415,138522.6
2026-08-30 06:15:00,0.7415,0.7422,0.7411,0.7422,215492.8
2026-08-30 06:20:00,0.7421,0.744,0.7421,0.744,448698.1
2026-08-30 06:25:00,0.744,0.7443,0.7436,0.7437,282468.8
2026-08-30 06:30:00,0.7437,0.7444,0.7435,0.7441,327515.2
2026-08-30 06:35:00,0.7441,0.7453,0.7441,0.745,786468.7
2026-08-30 06:40:00,0.745,0.7461,0.7434,0.7445,937487.6
2026-08-30 06:45:00,0.7445,0.746,0.7443,0.7459,495002.3
2026-08-30 06:50:00,0.7458,0.7464,0.7454,0.7462,719673.8
2026-08-30 06:55:00,0.7462,0.7468,0.7456,0.7465,745478.5
2026-08-30 07:00:00,0.7464,0.7466,0.7443,0.7445,573534.9
2026-08-30 07:05:00,0.7445,0.7445,0.7435,0.7441,304547.2
2026-08-30 07:10:00,0.7441,0.745,0.7439,0.7445,232312.5
2026-08-30 07:15:00,0.7446,0.7446,0.7434,0.7437,379904.9
2026-08-30 07:20:00,0.7437,0.7441,0.7428,0.7431,408401.5
2026-08-30 07:25:00,0.7432,0.7438,0.7428,0.7434,354751.2
2026-08-30 07:30:00,0.7434,0.7442,0.7418,0.7424,453158.7
2026-08-30 07:35:00,0.7424,0.7427,0.7411,0.742,855051.8
2026-08-30 07:40:00,0.7419,0.7426,0.7406,0.7407,547426.5
2026-08-30 07:45:00,0.7407,0.7409,0.7392,0.7401,1150603.6
2026-08-30 07:50:00,0.7401,0.7418,0.7401,0.7418,418973.7
2026-08-30 07:55:00,0.7418,0.7421,0.7393,0.7396,1007023.4
2026-08-30 08:00:00,0.7396,0.7411,0.7392,0.7407,942310.4
2026-08-30 08:05:00,0.7407,0.7422,0.7404,0.7419,633817.0
2026-08-30 08:10:00,0.7419,0.7419,0.74,0.7405,878369.0
2026-08-30 08:15:00,0.7406,0.7409,0.7401,0.7409,231432.2
2026-08-30 08:20:00,0.7409,0.7411,0.7402,0.7403,261945.3
2026-08-30 08:25:00,0.7402,0.7404,0.7397,0.7402,136927.9
2026-08-30 08:30:00,0.7402,0.7405,0.7397,0.7403,173353.9
2026-08-30 08:35:00,0.7403,0.7404,0.7383,0.7386,608147.2
2026-08-30 08:40:00,0.7386,0.7386,0.7371,0.7377,613190.9
2026-08-30 08:45:00,0.7378,0.7378,0.7362,0.7368,407516.3
2026-08-30 08:50:00,0.7369,0.7376,0.7368,0.7374,372527.3
2026-08-30 08:55:00,0.7375,0.7378,0.7369,0.7375,366426.4
2026-08-30 09:00:00,0.7375,0.7385,0.7372,0.738,247160.8
2026-08-30 09:05:00,0.738,0.7386,0.7379,0.7383,227892.8
2026-08-30 09:10:00,0.7382,0.7389,0.7381,0.7385,127696.9
2026-08-30 09:15:00,0.7386,0.7386,0.7375,0.7379,483523.7
2026-08-30 09:20:00,0.7379,0.739,0.7364,0.737,629163.1
2026-08-30 09:25:00,0.737,0.7374,0.7348,0.7351,1268206.1
2026-08-30 09:30:00,0.7352,0.7374,0.7351,0.7361,802257.9
2026-08-30 09:35:00,0.7361,0.7364,0.7352,0.7353,316764.3
2026-08-30 09:40:00,0.7354,0.737,0.7344,0.7369,781673.8
2026-08-30 09:45:00,0.737,0.7387,0.7356,0.7359,1003683.5
2026-08-30 09:50:00,0.7359,0.7365,0.7356,0.7364,199518.7
2026-08-30 09:55:00,0.7365,0.7373,0.7365,0.7366,138232.1
2026-08-30 10:00:00,0.7366,0.7369,0.7354,0.7355,304363.7
2026-08-30 10:05:00,0.7355,0.7387,0.7353,0.7387,661008.1
2026-08-30 10:10:00,0.7387,0.7399,0.7368,0.7376,1797328.5
2026-08-30 10:15:00,0.7376,0.7387,0.7368,0.7383,630168.5
2026-08-30 10:20:00,0.7383,0.7403,0.7379,0.7402,412566.2
2026-08-30 10:25:00,0.7402,0.7419,0.7393,0.74,1561693.2
2026-08-30 10:30:00,0.74,0.7411,0.7397,0.7399,495879.0
2026-08-30 10:35:00,0.7399,0.7404,0.7391,0.7391,396133.6
2026-08-30 10:40:00,0.7391,0.7409,0.7389,0.7401,799482.9
2026-08-30 10:45:00,0.7402,0.7406,0.74,0.7402,208148.0
2026-08-30 10:50:00,0.7403,0.7405,0.7396,0.7401,154031.3
2026-08-30 10:55:00,0.7401,0.7404,0.74,0.7401,113376.4
2026-08-30 11:00:00,0.7401,0.7408,0.737,0.7394,2120056.4
2026-08-30 11:05:00,0.7394,0.7414,0.7393,0.7413,342061.9
2026-08-30 11:10:00,0.7412,0.7415,0.7397,0.741,366565.7
2026-08-30 11:15:00,0.741,0.7412,0.7401,0.7407,173527.6
2026-08-30 11:20:00,0.7407,0.7413,0.7395,0.7399,143972.7
2026-08-30 11:25:00,0.7399,0.7406,0.7393,0.7404,170512.1
2026-08-30 11:30:00,0.7405,0.7405,0.7389,0.739,412503.4
2026-08-30 11:35:00,0.739,0.7396,0.7375,0.7392,679570.2
2026-08-30 11:40:00,0.7392,0.7408,0.739,0.7394,637247.4
2026-08-30 11:45:00,0.7395,0.7401,0.7389,0.7392,330323.4
2026-08-30 11:50:00,0.7392,0.7395,0.7379,0.7391,827751.8
2026-08-30 11:55:00,0.7391,0.7415,0.7387,0.7415,484852.8
2026-08-30 12:00:00,0.7415,0.7433,0.7406,0.7426,1236857.2
2026-08-30 12:05:00,0.7426,0.746,0.7426,0.7459,1956645.1
2026-08-30 12:10:00,0.746,0.7467,0.7448,0.7456,1357862.4
2026-08-30 12:15:00,0.7456,0.7456,0.744,0.7441,594721.3
2026-08-30 12:20:00,0.7442,0.7445,0.7433,0.7435,659417.9
2026-08-30 12:25:00,0.7436,0.7452,0.7428,0.745,450714.6
2026-08-30 12:30:00,0.745,0.7465,0.743,0.7434,1003327.1
2026-08-30 12:35:00,0.7434,0.7442,0.743,0.7439,586895.0
2026-08-30 12:40:00,0.7438,0.7459,0.7434,0.7449,925317.7
2026-08-30 12:45:00,0.745,0.7455,0.7433,0.7433,575089.4
2026-08-30 12:50:00,0.7434,0.7452,0.7433,0.7451,516613.4
2026-08-30 12:55:00,0.7451,0.749,0.7446,0.7486,1558532.5
2026-08-30 13:00:00,0.7486,0.749,0.7463,0.7476,1088230.1
2026-08-30 13:05:00,0.7475,0.7478,0.7463,0.7464,762166.1
2026-08-30 13:10:00,0.7464,0.7467,0.7454,0.7455,402232.9
2026-08-30 13:15:00,0.7456,0.7465,0.7436,0.7453,990490.1
2026-08-30 13:20:00,0.7453,0.7459,0.7449,0.7459,441775.6
2026-08-30 13:25:00,0.7459,0.7461,0.7448,0.7452,384116.8
2026-08-30 13:30:00,0.7453,0.7461,0.7445,0.7451,616299.0
2026-08-30 13:35:00,0.745,0.7457,0.7449,0.7453,486629.5
2026-08-30 13:40:00,0.7454,0.7463,0.744,0.7459,751105.5
2026-08-30 13:45:00,0.746,0.7489,0.7459,0.7489,1241317.0
2026-08-30 13:50:00,0.7488,0.7492,0.7476,0.7483,1110259.7
2026-08-30 13:55:00,0.7483,0.7499,0.748,0.7484,1445599.9
2026-08-30 14:00:00,0.7484,0.7498,0.7469,0.7487,1062696.5
2026-08-30 14:05:00,0.7487,0.7508,0.7474,0.7505,1636084.0
2026-08-30 14:10:00,0.7504,0.7532,0.7503,0.7531,1649155.5
2026-08-30 14:15:00,0.7531,0.7534,0.7491,0.7491,1482155.1
2026-08-30 14:20:00,0.7493,0.7501,0.7488,0.7501,440294.9
2026-08-30 14:25:00,0.75,0.7508,0.7493,0.7502,285718.9
2026-08-30 14:30:00,0.7501,0.7513,0.7485,0.7488,528707.5
2026-08-30 14:35:00,0.7487,0.7489,0.7456,0.747,1141575.0
2026-08-30 14:40:00,0.747,0.7493,0.7466,0.7473,803471.9
2026-08-30 14:45:00,0.7474,0.748,0.7467,0.7472,290753.3
2026-08-30 14:50:00,0.7473,0.7502,0.7473,0.7496,495313.8
2026-08-30 14:55:00,0.7496,0.7508,0.7487,0.7492,636056.0
2026-08-30 15:00:00,0.7492,0.7498,0.7465,0.7468,747087.3
2026-08-30 15:05:00,0.7468,0.7505,0.7468,0.7487,990111.5
2026-08-30 15:10:00,0.7486,0.7486,0.7435,0.7441,838567.5
2026-08-30 15:15:00,0.7441,0.7462,0.7431,0.7452,1284522.1
2026-08-30 15:20:00,0.7453,0.7485,0.7453,0.7483,668510.3
2026-08-30 15:25:00,0.7483,0.7488,0.7461,0.7465,949871.2
2026-08-30 15:30:00,0.7465,0.7484,0.7463,0.7476,280203.8
2026-08-30 15:35:00,0.7476,0.749,0.7466,0.7477,500470.0
2026-08-30 15:40:00,0.7477,0.7478,0.7464,0.7472,366349.6
2026-08-30 15:45:00,0.7473,0.7476,0.7453,0.7454,324489.4
2026-08-30 15:50:00,0.7454,0.7462,0.7449,0.7452,276239.4
2026-08-30 15:55:00,0.7451,0.746,0.7447,0.7459,240101.3
2026-08-30 16:00:00,0.7459,0.7488,0.745,0.7481,761123.4
2026-08-30 16:05:00,0.7482,0.7491,0.7467,0.7469,497535.5
2026-08-30 16:10:00,0.7468,0.7546,0.7459,0.7539,2528546.6
2026-08-30 16:15:00,0.7539,0.7555,0.752,0.7527,1925973.1
2026-08-30 16:20:00,0.7527,0.7527,0.7506,0.7522,599148.6
2026-08-30 16:25:00,0.7522,0.7526,0.7507,0.7508,547587.9
2026-08-30 16:30:00,0.7509,0.7531,0.7508,0.7527,644953.0
2026-08-30 16:35:00,0.7527,0.7544,0.7517,0.7519,888623.5
2026-08-30 16:40:00,0.7519,0.7538,0.7513,0.7523,1044532.8
2026-08-30 16:45:00,0.7523,0.7548,0.7522,0.7541,885043.3
2026-08-30 16:50:00,0.7541,0.7565,0.7537,0.7556,1338797.1
2026-08-30 16:55:00,0.7556,0.7586,0.7556,0.758,1557372.3
2026-08-30 17:00:00,0.758,0.7581,0.7556,0.7565,1031682.9
2026-08-30 17:05:00,0.7565,0.7583,0.7556,0.7583,543518.4
2026-08-30 17:10:00,0.7582,0.7626,0.758,0.7586,3689384.1
2026-08-30 17:15:00,0.7586,0.7587,0.7547,0.7561,1513063.6
2026-08-30 17:20:00,0.756,0.756,0.7491,0.7513,2097593.3
2026-08-30 17:25:00,0.7513,0.7548,0.7496,0.7537,1748670.1
2026-08-30 17:30:00,0.7537,0.7559,0.7521,0.7559,1044151.0
2026-08-30 17:35:00,0.7559,0.7566,0.7552,0.7562,824826.7
2026-08-30 17:40:00,0.7562,0.7567,0.7536,0.7566,622881.5
2026-08-30 17:45:00,0.7567,0.7574,0.7553,0.7555,733059.8
2026-08-30 17:50:00,0.7555,0.7562,0.7545,0.7557,804011.3
2026-08-30 17:55:00,0.7556,0.7579,0.7546,0.7578,363317.0
2026-08-30 18:00:00,0.7579,0.7592,0.7565,0.7575,1260924.2
2026-08-30 18:05:00,0.7575,0.7576,0.7534,0.7539,804249.3
2026-08-30 18:10:00,0.7538,0.7538,0.7513,0.7536,971198.0
2026-08-30 18:15:00,0.7536,0.7577,0.7535,0.7574,839383.0
2026-08-30 18:20:00,0.7574,0.7582,0.7564,0.7569,474390.6
2026-08-30 18:25:00,0.7569,0.7589,0.7558,0.7585,460184.6
2026-08-30 18:30:00,0.7586,0.764,0.7581,0.763,2442114.3
2026-08-30 18:35:00,0.763,0.763,0.7604,0.761,1271026.8
2026-08-30 18:40:00,0.7611,0.7615,0.7599,0.7606,928049.8
2026-08-30 18:45:00,0.7607,0.7621,0.7598,0.7615,337837.8
2026-08-30 18:50:00,0.7614,0.7615,0.7588,0.7599,616532.3
2026-08-30 18:55:00,0.7598,0.761,0.7592,0.7595,499050.3
2026-08-30 19:00:00,0.7596,0.7598,0.7572,0.7578,858561.1
2026-08-30 19:05:00,0.7577,0.7586,0.7562,0.7574,935667.5
2026-08-30 19:10:00,0.7574,0.7597,0.7574,0.7596,357840.5
2026-08-30 19:15:00,0.7596,0.7601,0.7572,0.7574,891369.4
2026-08-30 19:20:00,0.7575,0.7575,0.7555,0.7559,529978.3
2026-08-30 19:25:00,0.7559,0.7562,0.7552,0.7556,600035.8
2026-08-30 19:30:00,0.7556,0.7575,0.7548,0.7561,1086501.9
2026-08-30 19:35:00,0.756,0.7563,0.7542,0.7543,796602.2
2026-08-30 19:40:00,0.7544,0.7553,0.7536,0.7544,430869.5
2026-08-30 19:45:00,0.7544,0.7554,0.7528,0.7536,1451291.7
2026-08-30 19:50:00,0.7535,0.7554,0.7532,0.7546,317181.9
2026-08-30 19:55:00,0.7547,0.7563,0.7547,0.7556,451113.2
2026-08-30 20:00:00,0.7556,0.7569,0.7549,0.7549,453188.1
2026-08-30 20:05:00,0.7549,0.7558,0.7543,0.7557,289306.8
2026-08-30 20:10:00,0.7557,0.7574,0.7551,0.7554,530980.8
2026-08-30 20:15:00,0.7555,0.7561,0.7525,0.754,927476.1
2026-08-30 20:20:00,0.754,0.7557,0.7533,0.7557,495518.6
2026-08-30 20:25:00,0.7557,0.7559,0.7509,0.751,808765.0
2026-08-30 20:30:00,0.7509,0.7513,0.7471,0.7493,1909064.4
2026-08-30 20:35:00,0.7492,0.7516,0.747,0.7475,911375.7
2026-08-30 20:40:00,0.7475,0.7475,0.7419,0.743,2876597.5
2026-08-30 20:45:00,0.743,0.7481,0.743,0.7481,1498443.3
2026-08-30 20:50:00,0.7481,0.75,0.7477,0.7479,952722.9
2026-08-30 20:55:00,0.748,0.7482,0.7456,0.7457,489873.2
2026-08-30 21:00:00,0.7456,0.7459,0.7364,0.7419,6872352.5
2026-08-30 21:05:00,0.7418,0.743,0.7412,0.7429,984093.7
2026-08-30 21:10:00,0.7429,0.7442,0.7406,0.7421,1862238.2
2026-08-30 21:15:00,0.742,0.7428,0.7401,0.7411,750091.1
2026-08-30 21:20:00,0.7411,0.7418,0.7392,0.7413,513844.4
2026-08-30 21:25:00,0.7412,0.7431,0.741,0.7421,325219.5
2026-08-30 21:30:00,0.7422,0.745,0.7421,0.7448,716860.5
2026-08-30 21:35:00,0.7448,0.7453,0.7431,0.7434,361479.4
2026-08-30 21:40:00,0.7435,0.7438,0.7423,0.7428,492668.7
2026-08-30 21:45:00,0.7428,0.7429,0.7407,0.7416,372430.3
2026-08-30 21:50:00,0.7417,0.7421,0.7409,0.7411,136226.4
2026-08-30 21:55:00,0.7411,0.7433,0.7411,0.7431,241282.9
2026-08-30 22:00:00,0.7431,0.7474,0.7408,0.7453,1158157.8
2026-08-30 22:05:00,0.7454,0.7461,0.7428,0.7428,381004.3
2026-08-30 22:10:00,0.7428,0.7433,0.7404,0.7405,462784.2
2026-08-30 22:15:00,0.7404,0.7404,0.7365,0.7381,1630009.6
2026-08-30 22:20:00,0.738,0.7386,0.7341,0.7357,1822664.9
2026-08-30 22:25:00,0.7357,0.7365,0.7336,0.7357,1589736.9
2026-08-30 22:30:00,0.7357,0.7367,0.7313,0.7342,1880720.0
2026-08-30 22:35:00,0.7343,0.7365,0.7338,0.7364,541275.4
2026-08-30 22:40:00,0.7364,0.7376,0.7356,0.7357,605720.3
2026-08-30 22:45:00,0.7357,0.7362,0.7345,0.735,497864.0
2026-08-30 22:50:00,0.7349,0.7361,0.7339,0.7352,633703.6
2026-08-30 22:55:00,0.7351,0.7372,0.7345,0.7357,746231.4
2026-08-30 23:00:00,0.7357,0.7362,0.7328,0.733,851687.9
2026-08-30 23:05:00,0.733,0.7345,0.7326,0.7331,534547.2
2026-08-30 23:10:00,0.7332,0.7341,0.732,0.7324,367528.1
2026-08-30 23:15:00,0.7324,0.7333,0.7208,0.7295,7956894.6
2026-08-30 23:20:00,0.7295,0.7304,0.7117,0.7184,11840245.0
2026-08-30 23:25:00,0.7185,0.7202,0.7048,0.7069,13073851.9
2026-08-30 23:30:00,0.7069,0.7143,0.7068,0.7116,7621588.7
2026-08-30 23:35:00,0.7115,0.7123,0.705,0.7058,5914148.8
2026-08-30 23:40:00,0.7057,0.7098,0.704,0.7081,3304218.2
2026-08-30 23:45:00,0.7081,0.7087,0.6957,0.7035,11646199.2
2026-08-30 23:50:00,0.7034,0.7089,0.7032,0.7087,3532360.0
2026-08-30 23:55:00,0.7086,0.7121,0.7077,0.7106,3466218.4
2026-08-31 00:00:00,0.7107,0.7146,0.7085,0.7144,3888268.8
2026-08-31 00:05:00,0.7144,0.7147,0.7075,0.7097,4572129.8
2026-08-31 00:10:00,0.7097,0.7138,0.7092,0.7132,1951906.2
2026-08-31 00:15:00,0.7133,0.7163,0.7123,0.7158,2298225.5
2026-08-31 00:20:00,0.7158,0.7174,0.7156,0.7174,1576261.6
2026-08-31 00:25:00,0.7175,0.7177,0.7156,0.7164,1096669.3
2026-08-31 00:30:00,0.7164,0.7172,0.7159,0.7168,625558.8
2026-08-31 00:35:00,0.7169,0.721,0.7169,0.718,2233199.5
2026-08-31 00:40:00,0.718,0.7192,0.7174,0.7184,935061.8
2026-08-31 00:45:00,0.7183,0.7183,0.7167,0.717,697168.3
2026-08-31 00:50:00,0.7171,0.7192,0.7168,0.7188,408242.1
2026-08-31 00:55:00,0.7189,0.7191,0.7164,0.7168,1039552.0
2026-08-31 01:00:00,0.7167,0.7181,0.7137,0.7137,1667031.6
2026-08-31 01:05:00,0.7138,0.714,0.7105,0.7116,1976323.6
2026-08-31 01:10:00,0.7117,0.7134,0.7103,0.712,1074380.2
2026-08-31 01:15:00,0.712,0.7151,0.7111,0.7147,1573192.1
2026-08-31 01:20:00,0.7147,0.7151,0.712,0.7142,1390887.8
2026-08-31 01:25:00,0.7142,0.7142,0.7116,0.7118,848881.6
2026-08-31 01:30:00,0.7119,0.7123,0.7086,0.709,1848254.6
2026-08-31 01:35:00,0.7091,0.7129,0.7075,0.7102,2266372.5
2026-08-31 01:40:00,0.7102,0.7121,0.7094,0.7101,1933892.8
2026-08-31 01:45:00,0.7101,0.7122,0.7094,0.7105,929708.8
2026-08-31 01:50:00,0.7105,0.7113,0.7075,0.7075,1455974.4
2026-08-31 01:55:00,0.7076,0.7088,0.706,0.7087,1405376.7
2026-08-31 02:00:00,0.7086,0.7112,0.7074,0.7111,2115048.7
2026-08-31 02:05:00,0.7111,0.7141,0.7104,0.714,1124460.4
2026-08-31 02:10:00,0.7139,0.7178,0.7138,0.717,1452159.0
2026-08-31 02:15:00,0.717,0.7176,0.7141,0.7145,1585099.7
2026-08-31 02:20:00,0.7146,0.7148,0.7136,0.7137,521273.3
2026-08-31 02:25:00,0.7136,0.7149,0.7135,0.7146,222056.9
2026-08-31 02:30:00,0.7146,0.7158,0.7136,0.7138,431580.3
2026-08-31 02:35:00,0.7138,0.7138,0.7128,0.7132,321058.8
2026-08-31 02:40:00,0.7132,0.7135,0.7109,0.7109,820707.0
2026-08-31 02:45:00,0.711,0.7117,0.7094,0.7097,594639.1
2026-08-31 02:50:00,0.7097,0.7099,0.707,0.707,1245120.4
2026-08-31 02:55:00,0.707,0.7101,0.7068,0.71,846612.2
2026-08-31 03:00:00,0.71,0.7127,0.7088,0.7118,722892.2
2026-08-31 03:05:00,0.7117,0.7135,0.7108,0.7134,900827.6
2026-08-31 03:10:00,0.7134,0.7136,0.7124,0.7127,485510.4
2026-08-31 03:15:00,0.7128,0.7138,0.7113,0.7117,491792.2
2026-08-31 03:20:00,0.7118,0.7139,0.7115,0.7138,637625.5
2026-08-31 03:25:00,0.7138,0.7143,0.7133,0.7135,396488.7
2026-08-31 03:30:00,0.7135,0.7139,0.7128,0.7128,320082.5
2026-08-31 03:35:00,0.7128,0.7157,0.7128,0.7154,689791.3
2026-08-31 03:40:00,0.7153,0.7174,0.715,0.7172,1117814.6
2026-08-31 03:45:00,0.7173,0.7198,0.717,0.7182,5322254.6
2026-08-31 03:50:00,0.7181,0.7184,0.7171,0.7182,814960.3
2026-08-31 03:55:00,0.7182,0.7182,0.717,0.7171,337906.3
2026-08-31 04:00:00,0.717,0.7172,0.7137,0.714,990206.7
2026-08-31 04:05:00,0.714,0.7161,0.7138,0.7145,716167.2
2026-08-31 04:10:00,0.7145,0.7151,0.7121,0.713,917600.9
2026-08-31 04:15:00,0.713,0.7131,0.7113,0.7119,702697.5
2026-08-31 04:20:00,0.7118,0.7124,0.7105,0.7114,674964.7
2026-08-31 04:25:00,0.7114,0.7126,0.7113,0.7118,434528.6
2026-08-31 04:30:00,0.7118,0.7123,0.7109,0.7116,774990.6
2026-08-31 04:35:00,0.7116,0.7136,0.7112,0.7135,2197051.2
2026-08-31 04:40:00,0.7135,0.7145,0.7121,0.7135,1101367.8
2026-08-31 04:45:00,0.7135,0.7137,0.7122,0.7123,611220.2
2026-08-31 04:50:00,0.7122,0.7152,0.712,0.7151,1047395.4
2026-08-31 04:55:00,0.715,0.7159,0.7138,0.7139,1016693.4
2026-08-31 05:00:00,0.7139,0.7155,0.7127,0.7155,1228391.3
2026-08-31 05:05:00,0.7155,0.7173,0.7148,0.7161,1359314.7
2026-08-31 05:10:00,0.7161,0.7173,0.7154,0.7161,646521.9
2026-08-31 05:15:00,0.7162,0.721,0.7157,0.721,1813201.2
2026-08-31 05:20:00,0.7209,0.7224,0.7189,0.7223,1983516.6
2026-08-31 05:25:00,0.7222,0.7246,0.7206,0.7219,2991659.0
2026-08-31 05:30:00,0.722,0.7237,0.7212,0.7236,886068.0
2026-08-31 05:35:00,0.7237,0.7237,0.7191,0.7201,1267682.8
2026-08-31 05:40:00,0.7201,0.7217,0.7198,0.7213,722308.7
2026-08-31 05:45:00,0.7214,0.7225,0.7214,0.722,481107.4
2026-08-31 05:50:00,0.722,0.7226,0.7215,0.7217,299675.8
2026-08-31 05:55:00,0.7217,0.7224,0.7206,0.7215,887345.8
2026-08-31 06:00:00,0.7215,0.7231,0.7207,0.722,982445.9
2026-08-31 06:05:00,0.7219,0.7219,0.7194,0.7212,1522674.5
2026-08-31 06:10:00,0.7213,0.7223,0.7205,0.7215,831846.1
2026-08-31 06:15:00,0.7215,0.7235,0.7214,0.7221,979972.1
2026-08-31 06:20:00,0.722,0.722,0.7199,0.7205,1594413.0
2026-08-31 06:25:00,0.7206,0.7227,0.7203,0.7218,669864.6
2026-08-31 06:30:00,0.7219,0.7219,0.7199,0.7207,1067454.4
2026-08-31 06:35:00,0.7207,0.7223,0.72,0.7217,747772.9
2026-08-31 06:40:00,0.7216,0.7231,0.7208,0.7208,818207.0
2026-08-31 06:45:00,0.7208,0.722,0.7204,0.7217,195703.0
2026-08-31 06:50:00,0.7217,0.7221,0.7206,0.7221,305610.6
2026-08-31 06:55:00,0.7221,0.7223,0.7208,0.7216,646750.8
2026-08-31 07:00:00,0.7216,0.724,0.721,0.7232,1804700.1
2026-08-31 07:05:00,0.7231,0.7237,0.7215,0.722,832050.3
2026-08-31 07:10:00,0.722,0.7244,0.722,0.7227,1077434.8
2026-08-31 07:15:00,0.7227,0.7241,0.7225,0.7236,659323.9
2026-08-31 07:20:00,0.7236,0.7255,0.7233,0.7253,1153005.9
2026-08-31 07:25:00,0.7252,0.7261,0.7231,0.7231,910673.0
2026-08-31 07:30:00,0.7231,0.7235,0.7208,0.722,1220559.3
2026-08-31 07:35:00,0.722,0.723,0.7215,0.7226,361155.9
2026-08-31 07:40:00,0.7226,0.7227,0.7213,0.7222,463753.8
2026-08-31 07:45:00,0.7222,0.7226,0.7213,0.7215,288634.8
2026-08-31 07:50:00,0.7214,0.7225,0.7214,0.7224,368802.3
2026-08-31 07:55:00,0.7224,0.7238,0.7223,0.7233,321380.0
2026-08-31 08:00:00,0.7233,0.7238,0.7222,0.7222,616820.6
2026-08-31 08:05:00,0.7223,0.7226,0.7201,0.7225,683867.8
2026-08-31 08:10:00,0.7225,0.725,0.722,0.7231,1365449.4
2026-08-31 08:15:00,0.7231,0.7233,0.7213,0.7213,288602.8
2026-08-31 08:20:00,0.7213,0.7214,0.7203,0.7206,483915.9
2026-08-31 08:25:00,0.7206,0.7215,0.7202,0.7212,664170.0
2026-08-31 08:30:00,0.7213,0.7225,0.7208,0.7215,859888.0
2026-08-31 08:35:00,0.7216,0.7223,0.72,0.7213,984823.2
2026-08-31 08:40:00,0.7214,0.7254,0.7209,0.7223,827603.3
2026-08-31 08:45:00,0.7223,0.7232,0.721,0.722,459629.6
2026-08-31 08:50:00,0.7221,0.7227,0.721,0.7219,436662.6
2026-08-31 08:55:00,0.7219,0.7221,0.7211,0.7214,284438.6
2026-08-31 09:00:00,0.7214,0.7216,0.7201,0.7202,537501.0
2026-08-31 09:05:00,0.7202,0.7248,0.7198,0.724,1256076.1
2026-08-31 09:10:00,0.724,0.7242,0.721,0.7211,659745.8
2026-08-31 09:15:00,0.7212,0.723,0.7207,0.7225,921100.7
2026-08-31 09:20:00,0.7224,0.7252,0.7211,0.7244,1083036.2
2026-08-31 09:25:00,0.7243,0.7257,0.722,0.7224,1083098.8
2026-08-31 09:30:00,0.7224,0.7238,0.7222,0.7232,267667.3
2026-08-31 09:35:00,0.7232,0.7236,0.7227,0.7235,183195.7
2026-08-31 09:40:00,0.7236,0.7237,0.7222,0.7229,296348.9
2026-08-31 09:45:00,0.723,0.7248,0.723,0.7235,556789.1
2026-08-31 09:50:00,0.7234,0.7235,0.7215,0.7218,377058.9
2026-08-31 09:55:00,0.7219,0.7224,0.7211,0.7217,642596.4
2026-08-31 10:00:00,0.7218,0.7225,0.7199,0.7208,1118242.1
2026-08-31 10:05:00,0.7208,0.7214,0.718,0.7202,2566889.2
2026-08-31 10:10:00,0.7202,0.7235,0.7199,0.7232,698101.1
2026-08-31 10:15:00,0.7232,0.7232,0.72,0.7212,771112.9
2026-08-31 10:20:00,0.7212,0.7225,0.7205,0.721,287453.8
2026-08-31 10:25:00,0.7209,0.7231,0.7208,0.7224,263560.6
2026-08-31 10:30:00,0.7225,0.7226,0.7213,0.7226,193699.3
2026-08-31 10:35:00,0.7226,0.7241,0.7225,0.7237,348530.0
2026-08-31 10:40:00,0.7237,0.7241,0.7226,0.7238,518860.4
2026-08-31 10:45:00,0.7238,0.7273,0.7238,0.7272,1365227.3
2026-08-31 10:50:00,0.7273,0.7309,0.7263,0.7287,2827017.3
2026-08-31 10:55:00,0.7288,0.729,0.7272,0.7278,1062205.9
2026-08-31 11:00:00,0.7278,0.7283,0.7264,0.7268,788126.9
2026-08-31 11:05:00,0.7269,0.7284,0.7263,0.7273,967706.1
2026-08-31 11:10:00,0.7274,0.7291,0.7274,0.7283,458528.3
2026-08-31 11:15:00,0.7283,0.7292,0.7265,0.7285,1158115.6
2026-08-31 11:20:00,0.7286,0.7287,0.7269,0.7276,415795.0
2026-08-31 11:25:00,0.7275,0.7277,0.7265,0.7267,283103.4
2026-08-31 11:30:00,0.7268,0.7268,0.7258,0.7263,475257.7
2026-08-31 11:35:00,0.7263,0.7267,0.7256,0.7258,238387.4
2026-08-31 11:40:00,0.7259,0.7262,0.7252,0.7254,402519.3
2026-08-31 11:45:00,0.7254,0.7263,0.7249,0.7252,428198.8
2026-08-31 11:50:00,0.7252,0.7253,0.7238,0.7247,472868.0
2026-08-31 11:55:00,0.7247,0.7252,0.7236,0.7242,487679.8
2026-08-31 12:00:00,0.7242,0.7278,0.7236,0.7277,781653.5
2026-08-31 12:05:00,0.7276,0.7279,0.7253,0.7269,1176579.4
2026-08-31 12:10:00,0.7269,0.7284,0.7259,0.7264,637116.6
2026-08-31 12:15:00,0.7264,0.7282,0.7245,0.7278,1240587.5
2026-08-31 12:20:00,0.7279,0.7279,0.724,0.7246,1187860.7
2026-08-31 12:25:00,0.7247,0.7247,0.7212,0.7233,1451018.2
2026-08-31 12:30:00,0.7233,0.7234,0.7209,0.7231,1071188.0
2026-08-31 12:35:00,0.7231,0.7237,0.7192,0.7199,1321111.8
2026-08-31 12:40:00,0.72,0.7203,0.7135,0.7191,3080987.7
2026-08-31 12:45:00,0.719,0.7192,0.7166,0.7166,907425.2
2026-08-31 12:50:00,0.7165,0.7181,0.7165,0.7167,568342.6
2026-08-31 12:55:00,0.7166,0.7187,0.7162,0.7186,448704.9
2026-08-31 13:00:00,0.7187,0.7224,0.7183,0.7195,1284232.0
2026-08-31 13:05:00,0.7194,0.7205,0.7192,0.7197,547764.4
2026-08-31 13:10:00,0.7196,0.7204,0.7195,0.7198,350766.5
2026-08-31 13:15:00,0.7198,0.7209,0.7192,0.7196,735143.1
2026-08-31 13:20:00,0.7196,0.7211,0.7192,0.7206,713145.8
2026-08-31 13:25:00,0.7207,0.7207,0.7183,0.7201,952005.2
2026-08-31 13:30:00,0.7201,0.7233,0.7184,0.7198,1652778.7
2026-08-31 13:35:00,0.7198,0.7207,0.717,0.7202,784098.7
2026-08-31 13:40:00,0.7201,0.7219,0.7185,0.7185,613888.2
2026-08-31 13:45:00,0.7186,0.7192,0.7162,0.7174,1302745.9
2026-08-31 13:50:00,0.7174,0.7179,0.7141,0.7161,1505159.5
2026-08-31 13:55:00,0.7161,0.7181,0.7159,0.7163,520748.5
2026-08-31 14:00:00,0.7163,0.7189,0.7162,0.7177,701818.8
2026-08-31 14:05:00,0.7177,0.7185,0.7152,0.7179,606700.7
2026-08-31 14:10:00,0.7178,0.7182,0.7158,0.7164,282844.6
2026-08-31 14:15:00,0.7164,0.7188,0.7152,0.7186,940734.6
2026-08-31 14:20:00,0.7185,0.7194,0.7152,0.7152,1106719.6
2026-08-31 14:25:00,0.7152,0.7187,0.7147,0.7185,1362887.9
2026-08-31 14:30:00,0.7184,0.7203,0.7176,0.7178,1026810.7
2026-08-31 14:35:00,0.7178,0.7219,0.7176,0.7209,1040158.6
2026-08-31 14:40:00,0.7209,0.7274,0.7207,0.7252,3996617.6
2026-08-31 14:45:00,0.7252,0.7268,0.7234,0.7241,1431534.0
2026-08-31 14:50:00,0.724,0.7246,0.7218,0.7229,739990.5
2026-08-31 14:55:00,0.7228,0.7265,0.7221,0.726,2470377.2
2026-08-31 15:00:00,0.7261,0.727,0.7226,0.7233,1488347.4
2026-08-31 15:05:00,0.7232,0.725,0.7217,0.7221,2840275.2
2026-08-31 15:10:00,0.7221,0.7221,0.7178,0.7189,1527093.0
2026-08-31 15:15:00,0.719,0.721,0.7173,0.7179,1763636.5
2026-08-31 15:20:00,0.7179,0.7201,0.7171,0.7199,813086.4
2026-08-31 15:25:00,0.7199,0.7225,0.7192,0.7213,946847.6
2026-08-31 15:30:00,0.7212,0.7227,0.7198,0.7213,870423.7
2026-08-31 15:35:00,0.7212,0.7218,0.7197,0.7206,903375.1
2026-08-31 15:40:00,0.7206,0.7238,0.7202,0.7229,1826716.0
2026-08-31 15:45:00,0.7229,0.7235,0.7209,0.7215,458697.8
2026-08-31 15:50:00,0.7215,0.7222,0.7204,0.7212,421970.5
2026-08-31 15:55:00,0.7212,0.7215,0.7198,0.7205,458322.3
2026-08-31 16:00:00,0.7205,0.7226,0.719,0.7205,940332.5
2026-08-31 16:05:00,0.7205,0.7214,0.7181,0.7185,572483.0
2026-08-31 16:10:00,0.7185,0.7207,0.7183,0.7194,1099342.1
2026-08-31 16:15:00,0.7195,0.7214,0.7177,0.7207,1150326.2
2026-08-31 16:20:00,0.7206,0.7207,0.7175,0.7177,815439.0
2026-08-31 16:25:00,0.7178,0.7194,0.7171,0.7193,1128307.9
2026-08-31 16:30:00,0.7193,0.7208,0.7187,0.7205,1063161.2
2026-08-31 16:35:00,0.7205,0.7215,0.7197,0.7201,685765.9
2026-08-31 16:40:00,0.7201,0.724,0.7196,0.7233,1167469.1
2026-08-31 16:45:00,0.7233,0.7241,0.7216,0.7231,732555.1
2026-08-31 16:50:00,0.7231,0.7238,0.7223,0.7233,444905.2
2026-08-31 16:55:00,0.7234,0.7256,0.7217,0.7219,1002129.6
2026-08-31 17:00:00,0.7218,0.7234,0.7215,0.7218,395355.3
2026-08-31 17:05:00,0.7219,0.7228,0.7217,0.7224,260747.2
2026-08-31 17:10:00,0.7224,0.7268,0.7224,0.7257,2747816.5
2026-08-31 17:15:00,0.7256,0.726,0.7222,0.7241,1215461.2
2026-08-31 17:20:00,0.7241,0.7258,0.7229,0.723,819502.8
2026-08-31 17:25:00,0.723,0.7233,0.721,0.7225,804251.5
2026-08-31 17:30:00,0.7224,0.7247,0.7224,0.7239,584053.2
2026-08-31 17:35:00,0.7239,0.7269,0.7236,0.7268,965455.2
2026-08-31 17:40:00,0.7268,0.7294,0.7264,0.7278,1222426.4
2026-08-31 17:45:00,0.7277,0.729,0.7271,0.7275,619824.2
2026-08-31 17:50:00,0.7275,0.7295,0.7275,0.7291,576609.6
2026-08-31 17:55:00,0.7292,0.7292,0.7274,0.7279,301137.6
2026-08-31 18:00:00,0.7278,0.728,0.7254,0.7257,683178.0
2026-08-31 18:05:00,0.7257,0.7265,0.7254,0.7263,237948.6
2026-08-31 18:10:00,0.7262,0.7269,0.7254,0.7269,380243.4
2026-08-31 18:15:00,0.7269,0.7301,0.7268,0.7294,1288240.2
2026-08-31 18:20:00,0.7294,0.7294,0.7258,0.7261,782681.8
2026-08-31 18:25:00,0.726,0.7272,0.7246,0.7261,1011942.3
2026-08-31 18:30:00,0.726,0.7277,0.7256,0.7273,506163.8
2026-08-31 18:35:00,0.7273,0.7298,0.727,0.7288,607655.1
2026-08-31 18:40:00,0.7289,0.7348,0.7283,0.7339,2229199.4
2026-08-31 18:45:00,0.7339,0.7339,0.7304,0.7311,1972075.7
2026-08-31 18:50:00,0.731,0.731,0.7289,0.729,928294.1
2026-08-31 18:55:00,0.7289,0.731,0.7283,0.7289,816092.6
2026-08-31 19:00:00,0.7289,0.7306,0.7289,0.7296,361398.1
2026-08-31 19:05:00,0.7295,0.7312,0.7292,0.7303,349178.7
2026-08-31 19:10:00,0.7303,0.7317,0.7294,0.7299,494739.5
2026-08-31 19:15:00,0.7298,0.7304,0.7277,0.7278,475719.3
2026-08-31 19:20:00,0.7277,0.7287,0.7274,0.7282,316293.6
2026-08-31 19:25:00,0.7281,0.7281,0.7268,0.7277,177637.0
2026-08-31 19:30:00,0.7276,0.7276,0.7246,0.7263,2504225.1
2026-08-31 19:35:00,0.7263,0.7274,0.7256,0.7258,1001421.6
2026-08-31 19:40:00,0.7258,0.7262,0.7241,0.7257,968570.3
2026-08-31 19:45:00,0.7256,0.7288,0.7253,0.7288,618202.0
2026-08-31 19:50:00,0.7288,0.7292,0.7254,0.7258,1142063.7
2026-08-31 19:55:00,0.7258,0.7265,0.7248,0.7259,727573.8
2026-08-31 20:00:00,0.7259,0.7274,0.7259,0.7266,412303.2
2026-08-31 20:05:00,0.7267,0.7272,0.7261,0.7269,189589.9
2026-08-31 20:10:00,0.727,0.7275,0.7263,0.7272,692856.0
2026-08-31 20:15:00,0.7272,0.7297,0.7266,0.7296,729280.1
2026-08-31 20:20:00,0.7296,0.7308,0.7284,0.7291,615474.1
2026-08-31 20:25:00,0.729,0.729,0.7272,0.7275,360333.8
2026-08-31 20:30:00,0.7275,0.7288,0.7263,0.7264,230029.7
2026-08-31 20:35:00,0.7264,0.7269,0.7255,0.7258,379436.5
2026-08-31 20:40:00,0.7259,0.7281,0.7259,0.7274,398517.0
2026-08-31 20:45:00,0.7274,0.7281,0.7261,0.7261,230186.0
2026-08-31 20:50:00,0.7262,0.7281,0.7262,0.7277,841578.9
2026-08-31 20:55:00,0.7278,0.7287,0.726,0.7268,704646.9
2026-08-31 21:00:00,0.7268,0.727,0.7228,0.7242,1644529.8
2026-08-31 21:05:00,0.7242,0.7259,0.7226,0.7259,807898.2
2026-08-31 21:10:00,0.7258,0.7258,0.7233,0.724,793458.3
2026-08-31 21:15:00,0.7239,0.7241,0.7218,0.7218,425633.2
2026-08-31 21:20:00,0.7219,0.7249,0.7214,0.7245,1093939.2
2026-08-31 21:25:00,0.7244,0.7265,0.7237,0.7265,480031.5
2026-08-31 21:30:00,0.7265,0.7282,0.7255,0.7272,780640.2
2026-08-31 21:35:00,0.7272,0.7278,0.7262,0.7271,386641.4
2026-08-31 21:40:00,0.7272,0.7284,0.7267,0.7283,394035.0
2026-08-31 21:45:00,0.7282,0.7303,0.728,0.7299,391602.9
2026-08-31 21:50:00,0.7299,0.7302,0.7285,0.729,316616.4
2026-08-31 21:55:00,0.7289,0.7292,0.7281,0.7285,210825.7
2026-08-31 22:00:00,0.7285,0.7296,0.7265,0.7271,811248.5
2026-08-31 22:05:00,0.7271,0.7283,0.7269,0.7281,355775.6
2026-08-31 22:10:00,0.7281,0.7285,0.7263,0.7265,289254.1
2026-08-31 22:15:00,0.7264,0.7266,0.7246,0.7246,391687.6
2026-08-31 22:20:00,0.7246,0.7253,0.7242,0.725,216055.4
2026-08-31 22:25:00,0.725,0.7256,0.7247,0.7252,235760.1
2026-08-31 22:30:00,0.7252,0.7262,0.7251,0.7257,282659.0
2026-08-31 22:35:00,0.7256,0.7258,0.725,0.7257,126199.7
2026-08-31 22:40:00,0.7258,0.7259,0.7248,0.7254,268446.4
2026-08-31 22:45:00,0.7253,0.7256,0.7249,0.7253,234393.6
2026-08-31 22:50:00,0.7253,0.7261,0.725,0.7261,193818.1
2026-08-31 22:55:00,0.7262,0.7262,0.7256,0.7258,147524.7
2026-08-31 23:00:00,0.7257,0.7257,0.7225,0.723,616375.2
2026-08-31 23:05:00,0.7231,0.726,0.7231,0.726,369724.4
2026-08-31 23:10:00,0.726,0.726,0.7252,0.7252,221787.8
2026-08-31 23:15:00,0.7252,0.726,0.7252,0.726,127590.9
2026-08-31 23:20:00,0.7261,0.7263,0.7255,0.726,225347.9
2026-08-31 23:25:00,0.7261,0.7269,0.7255,0.7266,307450.1
2026-08-31 23:30:00,0.7266,0.7267,0.7257,0.7262,195190.5
2026-08-31 23:35:00,0.7263,0.7266,0.7256,0.726,284900.3
2026-08-31 23:40:00,0.7261,0.7264,0.725,0.7252,234465.6
2026-08-31 23:45:00,0.7253,0.7257,0.7248,0.7255,178975.9
2026-08-31 23:50:00,0.7256,0.7262,0.7253,0.7257,124554.7
2026-08-31 23:55:00,0.7256,0.7268,0.7255,0.7266,176047.8
2026-09-01 00:00:00,0.7266,0.7267,0.7255,0.7267,398358.7
2026-09-01 00:05:00,0.7267,0.7298,0.7265,0.7292,1811381.9
2026-09-01 00:10:00,0.7292,0.7308,0.7288,0.7304,890735.6
2026-09-01 00:15:00,0.7303,0.7335,0.7299,0.7326,1280642.3
2026-09-01 00:20:00,0.7325,0.7338,0.7321,0.7334,866357.1
2026-09-01 00:25:00,0.7334,0.7344,0.732,0.7335,2100743.2
2026-09-01 00:30:00,0.7336,0.7337,0.7298,0.7319,1184030.9
2026-09-01 00:35:00,0.732,0.7335,0.7314,0.7317,678718.8
2026-09-01 00:40:00,0.7317,0.7318,0.7296,0.7306,830317.3
2026-09-01 00:45:00,0.7306,0.7338,0.7306,0.7338,449161.6
2026-09-01 00:50:00,0.7338,0.7339,0.7313,0.7314,763105.3
2026-09-01 00:55:00,0.7314,0.7322,0.73,0.7321,747309.7
2026-09-01 01:00:00,0.7322,0.7336,0.7311,0.7329,703672.8
2026-09-01 01:05:00,0.733,0.7354,0.7323,0.7335,1852291.5
2026-09-01 01:10:00,0.7335,0.7335,0.7294,0.7299,622829.5
2026-09-01 01:15:00,0.7299,0.7318,0.7292,0.7317,1132992.7
2026-09-01 01:20:00,0.7317,0.7318,0.7295,0.7295,421144.1
2026-09-01 01:25:00,0.7296,0.7296,0.7262,0.7277,920307.8
2026-09-01 01:30:00,0.7276,0.7292,0.7264,0.729,647162.4
2026-09-01 01:35:00,0.729,0.7319,0.729,0.7317,652542.4
2026-09-01 01:40:00,0.7316,0.734,0.7313,0.7337,452313.9
2026-09-01 01:45:00,0.7337,0.7341,0.732,0.7331,829728.3
2026-09-01 01:50:00,0.733,0.7336,0.7321,0.7324,326354.1
2026-09-01 01:55:00,0.7323,0.7325,0.7304,0.7312,756966.5
2026-09-01 02:00:00,0.7312,0.7314,0.7286,0.7308,631541.6
2026-09-01 02:05:00,0.7308,0.7318,0.7283,0.7286,810778.4
2026-09-01 02:10:00,0.7286,0.7289,0.726,0.7288,1078224.6
2026-09-01 02:15:00,0.7289,0.7294,0.7276,0.7294,351278.7
2026-09-01 02:20:00,0.7292,0.7302,0.7282,0.7302,448877.1
2026-09-01 02:25:00,0.7302,0.7337,0.729,0.7292,1287928.0
2026-09-01 02:30:00,0.7292,0.7301,0.728,0.728,638514.2
2026-09-01 02:35:00,0.7281,0.7284,0.7267,0.727,377602.8
2026-09-01 02:40:00,0.727,0.7282,0.7268,0.7271,218692.8
2026-09-01 02:45:00,0.7272,0.7291,0.727,0.7285,192138.9
2026-09-01 02:50:00,0.7285,0.7287,0.7278,0.7284,299712.7
2026-09-01 02:55:00,0.7285,0.7298,0.7284,0.7295,222541.8
2026-09-01 03:00:00,0.7294,0.7298,0.7281,0.7292,474841.9
2026-09-01 03:05:00,0.7291,0.7304,0.7286,0.7292,447024.9
2026-09-01 03:10:00,0.7291,0.7307,0.7285,0.7293,467645.1
2026-09-01 03:15:00,0.7293,0.7311,0.7287,0.731,355448.1
2026-09-01 03:20:00,0.7311,0.7313,0.7292,0.7292,391625.8
2026-09-01 03:25:00,0.7292,0.7309,0.7281,0.7308,453482.8
2026-09-01 03:30:00,0.7308,0.7344,0.7307,0.7341,1221249.6
2026-09-01 03:35:00,0.7341,0.7363,0.7335,0.735,1645242.3
2026-09-01 03:40:00,0.735,0.7372,0.7347,0.7359,795231.0
2026-09-01 03:45:00,0.7358,0.7359,0.7329,0.7334,906920.6
2026-09-01 03:50:00,0.7335,0.7341,0.733,0.7335,157704.6
2026-09-01 03:55:00,0.7334,0.7337,0.7327,0.733,124273.6
2026-09-01 04:00:00,0.7331,0.7343,0.7316,0.7322,434309.5
2026-09-01 04:05:00,0.7322,0.7323,0.7309,0.7322,565068.6
2026-09-01 04:10:00,0.7323,0.7327,0.7306,0.7315,256704.0
2026-09-01 04:15:00,0.7316,0.7328,0.7307,0.7309,529738.7
2026-09-01 04:20:00,0.7308,0.7319,0.7305,0.7317,497646.5
2026-09-01 04:25:00,0.7317,0.7329,0.7312,0.7315,305991.1
2026-09-01 04:30:00,0.7316,0.7323,0.7305,0.7305,483201.1
2026-09-01 04:35:00,0.7305,0.7311,0.7299,0.7302,661290.3
2026-09-01 04:40:00,0.7301,0.7308,0.7298,0.73,255995.6
2026-09-01 04:45:00,0.73,0.7306,0.729,0.7298,817739.3
2026-09-01 04:50:00,0.7298,0.7311,0.7285,0.7294,1409452.2
2026-09-01 04:55:00,0.7294,0.7298,0.728,0.7291,712626.2
2026-09-01 05:00:00,0.729,0.7319,0.7285,0.7316,711322.9
2026-09-01 05:05:00,0.7316,0.732,0.7299,0.7307,766608.0
2026-09-01 05:10:00,0.7306,0.7306,0.7294,0.7294,501260.6
2026-09-01 05:15:00,0.7295,0.7309,0.7294,0.7295,850113.5
2026-09-01 05:20:00,0.7294,0.7295,0.7288,0.7292,330785.2
2026-09-01 05:25:00,0.7292,0.7319,0.7289,0.7314,435230.3
2026-09-01 05:30:00,0.7314,0.7328,0.7312,0.7324,838061.7
2026-09-01 05:35:00,0.7324,0.7338,0.7321,0.733,590189.7
2026-09-01 05:40:00,0.733,0.7348,0.7323,0.7347,488559.0
2026-09-01 05:45:00,0.7347,0.7357,0.7338,0.7355,780917.9
2026-09-01 05:50:00,0.7355,0.7362,0.7344,0.7357,932518.8
2026-09-01 05:55:00,0.7357,0.7361,0.7342,0.7351,1012945.5
2026-09-01 06:00:00,0.7351,0.7359,0.7336,0.7347,1384822.2
2026-09-01 06:05:00,0.7347,0.7349,0.7314,0.7315,1505502.2
2026-09-01 06:10:00,0.7315,0.733,0.7304,0.7328,984810.3
2026-09-01 06:15:00,0.7328,0.7333,0.7308,0.731,910335.1
2026-09-01 06:20:00,0.731,0.7313,0.7295,0.7299,674838.4
2026-09-01 06:25:00,0.7298,0.7331,0.7296,0.7329,1168202.3
2026-09-01 06:30:00,0.7329,0.7354,0.7328,0.7354,910651.3
2026-09-01 06:35:00,0.7355,0.7361,0.7326,0.7329,1021863.9
2026-09-01 06:40:00,0.733,0.7337,0.7321,0.7328,446671.6
2026-09-01 06:45:00,0.7329,0.7333,0.732,0.7323,248866.6
2026-09-01 06:50:00,0.7322,0.7331,0.7318,0.732,254902.2
2026-09-01 06:55:00,0.7319,0.7319,0.7307,0.7307,476279.2
2026-09-01 07:00:00,0.7307,0.7324,0.7306,0.732,480840.6
2026-09-01 07:05:00,0.7319,0.7329,0.7313,0.732,295136.6
2026-09-01 07:10:00,0.7319,0.732,0.7307,0.7317,383409.9
2026-09-01 07:15:00,0.7318,0.7329,0.7316,0.7328,532044.1
2026-09-01 07:20:00,0.7327,0.7344,0.7323,0.7342,526807.0
2026-09-01 07:25:00,0.7342,0.7347,0.7295,0.7319,3438726.1
2026-09-01 07:30:00,0.732,0.7322,0.7305,0.7308,854681.5
2026-09-01 07:35:00,0.7307,0.7308,0.7279,0.7291,2181207.3
2026-09-01 07:40:00,0.729,0.7294,0.7276,0.7286,1185077.1
2026-09-01 07:45:00,0.7287,0.7306,0.7282,0.7305,809638.3
2026-09-01 07:50:00,0.7304,0.731,0.729,0.7297,252415.7
2026-09-01 07:55:00,0.7296,0.7305,0.7294,0.7297,198183.8
2026-09-01 08:00:00,0.7298,0.7301,0.7254,0.7276,2232175.2
2026-09-01 08:05:00,0.7276,0.728,0.7223,0.7231,3150729.8
2026-09-01 08:10:00,0.7231,0.7244,0.7222,0.7237,1054894.1
2026-09-01 08:15:00,0.7238,0.7249,0.7205,0.7233,1405226.5
2026-09-01 08:20:00,0.7233,0.7241,0.721,0.7212,804424.0
2026-09-01 08:25:00,0.7211,0.7221,0.7182,0.7192,2732912.4
2026-09-01 08:30:00,0.7192,0.7218,0.7188,0.7216,2005152.5
2026-09-01 08:35:00,0.7216,0.7238,0.7212,0.7225,1586507.8
2026-09-01 08:40:00,0.7224,0.7224,0.7193,0.7218,1402984.5
2026-09-01 08:45:00,0.7218,0.7234,0.7198,0.7209,935779.4
2026-09-01 08:50:00,0.7209,0.7213,0.7194,0.7203,476152.4
2026-09-01 08:55:00,0.7203,0.7209,0.7189,0.7192,526789.8
2026-09-01 09:00:00,0.7193,0.7201,0.7167,0.7186,1694253.7
2026-09-01 09:05:00,0.7186,0.7192,0.7167,0.7184,576055.6
2026-09-01 09:10:00,0.7184,0.7195,0.7179,0.7183,687130.0
2026-09-01 09:15:00,0.7183,0.7191,0.7176,0.7186,776852.0
2026-09-01 09:20:00,0.7186,0.7221,0.7184,0.7219,694660.4
2026-09-01 09:25:00,0.7218,0.7218,0.7195,0.7196,638953.4
2026-09-01 09:30:00,0.7197,0.7207,0.7194,0.7206,778648.8
2026-09-01 09:35:00,0.7205,0.7205,0.719,0.7193,551481.7
2026-09-01 09:40:00,0.7192,0.7208,0.7191,0.7208,279879.7
2026-09-01 09:45:00,0.7208,0.7209,0.7194,0.7199,348630.2
2026-09-01 09:50:00,0.7198,0.7204,0.7198,0.7201,181671.0
2026-09-01 09:55:00,0.7201,0.7207,0.7196,0.72,232591.6
2026-09-01 10:00:00,0.72,0.7217,0.7198,0.7202,401953.4
2026-09-01 10:05:00,0.7202,0.7215,0.7198,0.7207,671150.3
2026-09-01 10:10:00,0.7206,0.7232,0.7199,0.7213,898764.7
2026-09-01 10:15:00,0.7213,0.7226,0.7189,0.7219,1809589.9
2026-09-01 10:20:00,0.7218,0.725,0.7217,0.7248,834627.8
2026-09-01 10:25:00,0.7247,0.7249,0.7226,0.7238,1072164.1
2026-09-01 10:30:00,0.7238,0.7269,0.7236,0.7261,1248451.1
2026-09-01 10:35:00,0.7261,0.7284,0.7251,0.7284,932288.3
2026-09-01 10:40:00,0.7285,0.7286,0.7266,0.7269,462649.8
2026-09-01 10:45:00,0.727,0.7278,0.7261,0.7262,594913.2
2026-09-01 10:50:00,0.7261,0.7265,0.7252,0.7256,427809.6
2026-09-01 10:55:00,0.7256,0.7265,0.7252,0.7262,179078.4
2026-09-01 11:00:00,0.7263,0.7268,0.7251,0.7267,313646.1
2026-09-01 11:05:00,0.7266,0.7268,0.7244,0.7258,516537.9
2026-09-01 11:10:00,0.7257,0.7259,0.7251,0.7255,174728.2
2026-09-01 11:15:00,0.7255,0.726,0.7253,0.7258,359223.4
2026-09-01 11:20:00,0.7258,0.7275,0.7255,0.727,375448.4
2026-09-01 11:25:00,0.727,0.7278,0.7263,0.7276,271500.3
2026-09-01 11:30:00,0.7277,0.7311,0.7271,0.7302,1452331.7
2026-09-01 11:35:00,0.7303,0.7324,0.7298,0.7319,1217273.0
2026-09-01 11:40:00,0.7319,0.7342,0.7311,0.7315,1958033.9
2026-09-01 11:45:00,0.7316,0.7324,0.73,0.7302,628151.7
2026-09-01 11:50:00,0.7302,0.7338,0.7302,0.7327,1361973.9
2026-09-01 11:55:00,0.7328,0.7335,0.7302,0.7305,1258309.2
2026-09-01 12:00:00,0.7306,0.7311,0.7284,0.7304,1573562.8
2026-09-01 12:05:00,0.7305,0.7317,0.729,0.7294,1236018.5
2026-09-01 12:10:00,0.7294,0.7303,0.7285,0.7288,664485.0
2026-09-01 12:15:00,0.7289,0.7309,0.7282,0.7285,688549.7
2026-09-01 12:20:00,0.7286,0.7295,0.7273,0.7283,757834.7
2026-09-01 12:25:00,0.7283,0.7301,0.7283,0.7289,407119.1
2026-09-01 12:30:00,0.7289,0.7289,0.7257,0.7268,811002.3
2026-09-01 12:35:00,0.7267,0.7267,0.7233,0.7246,1309894.4
2026-09-01 12:40:00,0.7246,0.7261,0.7226,0.726,600756.0
2026-09-01 12:45:00,0.726,0.7277,0.7256,0.7263,751737.9
2026-09-01 12:50:00,0.7262,0.7277,0.726,0.727,1076448.2
2026-09-01 12:55:00,0.727,0.7279,0.7251,0.7253,985095.5
2026-09-01 13:00:00,0.7254,0.726,0.7216,0.7222,880696.9
2026-09-01 13:05:00,0.7222,0.7266,0.7182,0.7237,3235501.2
2026-09-01 13:10:00,0.7237,0.7267,0.7235,0.7251,1199038.9
2026-09-01 13:15:00,0.7251,0.7268,0.7243,0.7254,530588.8
2026-09-01 13:20:00,0.7254,0.7268,0.725,0.7257,400922.9
2026-09-01 13:25:00,0.7257,0.7268,0.7248,0.7256,459272.3
2026-09-01 13:30:00,0.7256,0.7284,0.7252,0.7263,1357545.5
2026-09-01 13:35:00,0.7263,0.727,0.7226,0.7236,1043153.2
2026-09-01 13:40:00,0.7235,0.7283,0.7215,0.7276,3408318.1
2026-09-01 13:45:00,0.7275,0.7301,0.7267,0.7294,1795215.3
2026-09-01 13:50:00,0.7293,0.731,0.7286,0.7302,1399000.9
2026-09-01 13:55:00,0.7301,0.7304,0.7286,0.7303,648243.8
2026-09-01 14:00:00,0.7304,0.7331,0.7291,0.7314,1179416.0
2026-09-01 14:05:00,0.7313,0.7351,0.7312,0.7341,1369515.7
2026-09-01 14:10:00,0.734,0.7349,0.7322,0.7329,777749.2
2026-09-01 14:15:00,0.7329,0.7344,0.7303,0.7313,1151847.3
2026-09-01 14:20:00,0.7313,0.7323,0.7306,0.7322,554724.6
2026-09-01 14:25:00,0.7323,0.7346,0.7318,0.7318,1145280.3
2026-09-01 14:30:00,0.7318,0.7338,0.7308,0.7334,626626.4
2026-09-01 14:35:00,0.7334,0.7356,0.7326,0.7347,504799.7
2026-09-01 14:40:00,0.7348,0.7352,0.7337,0.7351,521904.8
2026-09-01 14:45:00,0.7352,0.7377,0.7347,0.7356,1480187.3
2026-09-01 14:50:00,0.7355,0.7361,0.7325,0.733,976420.6
2026-09-01 14:55:00,0.733,0.733,0.7307,0.7313,785391.9
2026-09-01 15:00:00,0.7312,0.7315,0.7256,0.7263,1957446.2
2026-09-01 15:05:00,0.7263,0.7273,0.7239,0.7252,2091219.8
2026-09-01 15:10:00,0.7252,0.7268,0.7242,0.7266,1438288.4
2026-09-01 15:15:00,0.7266,0.7276,0.7253,0.7263,678284.1
2026-09-01 15:20:00,0.7262,0.7278,0.7262,0.7274,495102.0
2026-09-01 15:25:00,0.7274,0.7286,0.7271,0.7285,365178.2
2026-09-01 15:30:00,0.7284,0.7298,0.7269,0.7294,776074.4
2026-09-01 15:35:00,0.7294,0.7305,0.7285,0.7292,590126.8
2026-09-01 15:40:00,0.7292,0.7316,0.7289,0.7313,340059.2
2026-09-01 15:45:00,0.7313,0.7327,0.7312,0.7327,542072.3
2026-09-01 15:50:00,0.7326,0.7336,0.7317,0.732,449380.4
2026-09-01 15:55:00,0.7321,0.7326,0.7313,0.7315,376775.1
2026-09-01 16:00:00,0.7316,0.732,0.7294,0.7302,1030746.7
2026-09-01 16:05:00,0.7302,0.7317,0.729,0.729,618225.9
2026-09-01 16:10:00,0.7289,0.7294,0.7266,0.7268,984876.4
2026-09-01 16:15:00,0.7267,0.7284,0.7259,0.726,1037020.2
2026-09-01 16:20:00,0.726,0.7261,0.7237,0.7248,1124701.1
2026-09-01 16:25:00,0.7248,0.7284,0.7247,0.7266,1150285.2
2026-09-01 16:30:00,0.7265,0.7266,0.7243,0.7247,625339.9
2026-09-01 16:35:00,0.7248,0.7269,0.7214,0.7268,1551082.7
2026-09-01 16:40:00,0.7268,0.7272,0.724,0.7247,672111.6
2026-09-01 16:45:00,0.7247,0.7261,0.7244,0.7256,640029.7
2026-09-01 16:50:00,0.7257,0.7282,0.7255,0.7282,554231.2
2026-09-01 16:55:00,0.7283,0.7283,0.7254,0.7259,839422.2
2026-09-01 17:00:00,0.7259,0.7282,0.7254,0.7267,794288.8
2026-09-01 17:05:00,0.7267,0.7272,0.7259,0.7267,353872.9
2026-09-01 17:10:00,0.7267,0.7271,0.7256,0.7258,324790.3
2026-09-01 17:15:00,0.7258,0.7269,0.7243,0.7269,422579.2
2026-09-01 17:20:00,0.7269,0.731,0.7269,0.7296,1002508.1
2026-09-01 17:25:00,0.7296,0.7303,0.7284,0.7297,613594.1
2026-09-01 17:30:00,0.7297,0.7324,0.7294,0.7324,685647.7
2026-09-01 17:35:00,0.7324,0.7332,0.7305,0.7323,969715.4
2026-09-01 17:40:00,0.7323,0.7346,0.7317,0.7334,1273144.1
2026-09-01 17:45:00,0.7334,0.734,0.7302,0.7319,1014496.2
2026-09-01 17:50:00,0.7319,0.733,0.7287,0.7288,902261.2
2026-09-01 17:55:00,0.7289,0.7292,0.724,0.7259,9776394.9
2026-09-01 18:00:00,0.7259,0.7285,0.7256,0.7263,2168269.2
2026-09-01 18:05:00,0.7262,0.727,0.7233,0.724,4264744.9
2026-09-01 18:10:00,0.7241,0.7265,0.7238,0.7257,1163115.4
2026-09-01 18:15:00,0.7256,0.7257,0.7226,0.7234,1599711.1
2026-09-01 18:20:00,0.7235,0.724,0.7228,0.7235,919285.1
2026-09-01 18:25:00,0.7235,0.7236,0.7167,0.7212,5898585.1
2026-09-01 18:30:00,0.7212,0.7232,0.7187,0.7194,1213375.8
2026-09-01 18:35:00,0.7194,0.7199,0.7113,0.7148,4163678.3
2026-09-01 18:40:00,0.7149,0.7173,0.7145,0.7146,1563987.7
2026-09-01 18:45:00,0.7146,0.7182,0.7125,0.7181,1657877.3
2026-09-01 18:50:00,0.7181,0.7223,0.7181,0.7211,1736169.0
2026-09-01 18:55:00,0.721,0.7242,0.7205,0.7242,764128.9
2026-09-01 19:00:00,0.7242,0.7274,0.7237,0.7274,3775551.9
2026-09-01 19:05:00,0.7275,0.7276,0.7232,0.724,1404020.3
2026-09-01 19:10:00,0.724,0.7245,0.7228,0.7232,445735.1
2026-09-01 19:15:00,0.7231,0.725,0.7224,0.7237,900032.2
2026-09-01 19:20:00,0.7237,0.727,0.7236,0.7243,2234973.1
2026-09-01 19:25:00,0.7244,0.727,0.7243,0.7266,988358.2
2026-09-01 19:30:00,0.7266,0.7269,0.7236,0.7246,863597.2
2026-09-01 19:35:00,0.7247,0.7257,0.7239,0.7239,258504.5
2026-09-01 19:40:00,0.724,0.7254,0.724,0.7254,446916.6
2026-09-01 19:45:00,0.7254,0.7256,0.7239,0.7243,393073.6
2026-09-01 19:50:00,0.7243,0.725,0.7229,0.7231,458317.5
2026-09-01 19:55:00,0.7231,0.7244,0.7231,0.7241,349578.3
2026-09-01 20:00:00,0.7241,0.7246,0.7203,0.7211,857728.0
2026-09-01 20:05:00,0.7211,0.7234,0.7211,0.7214,440051.6
2026-09-01 20:10:00,0.7214,0.7242,0.7214,0.7242,528912.3
2026-09-01 20:15:00,0.7241,0.7255,0.7229,0.7255,547395.7
2026-09-01 20:20:00,0.7256,0.7258,0.7221,0.7222,693233.6
2026-09-01 20:25:00,0.7221,0.7225,0.7202,0.7215,1087215.1
2026-09-01 20:30:00,0.7215,0.7232,0.7215,0.723,391929.2
2026-09-01 20:35:00,0.723,0.7244,0.722,0.7227,1161817.8
2026-09-01 20:40:00,0.7227,0.7227,0.7204,0.721,2548015.1
2026-09-01 20:45:00,0.721,0.7211,0.7189,0.7189,1344432.0
2026-09-01 20:50:00,0.719,0.7227,0.7189,0.7226,1461485.9
2026-09-01 20:55:00,0.7226,0.7242,0.7221,0.7237,1485271.7
2026-09-01 21:00:00,0.7237,0.724,0.7207,0.7215,1966328.2
2026-09-01 21:05:00,0.7215,0.7215,0.718,0.7184,2652242.6
2026-09-01 21:10:00,0.7183,0.7183,0.7142,0.7149,2425489.5
2026-09-01 21:15:00,0.7148,0.7157,0.7111,0.715,2945422.6
2026-09-01 21:20:00,0.715,0.7188,0.715,0.7183,1321065.1
2026-09-01 21:25:00,0.7182,0.7192,0.717,0.7176,725167.1
2026-09-01 21:30:00,0.7175,0.7178,0.7149,0.7152,770622.4
2026-09-01 21:35:00,0.7153,0.7169,0.7149,0.7168,427907.9
2026-09-01 21:40:00,0.7168,0.7177,0.7164,0.7172,347294.5
2026-09-01 21:45:00,0.7171,0.7197,0.717,0.7191,520646.4
2026-09-01 21:50:00,0.7191,0.7201,0.7186,0.7191,199685.9
2026-09-01 21:55:00,0.7192,0.7204,0.7186,0.7192,497417.8
2026-09-01 22:00:00,0.7192,0.7217,0.7179,0.7207,859149.4
2026-09-01 22:05:00,0.7206,0.7206,0.7188,0.7204,615518.6
2026-09-01 22:10:00,0.7204,0.721,0.72,0.7208,519664.7
2026-09-01 22:15:00,0.7208,0.7208,0.718,0.719,833950.6
2026-09-01 22:20:00,0.7189,0.7194,0.7166,0.7182,1032512.9
2026-09-01 22:25:00,0.7183,0.7187,0.7166,0.7168,595732.4
2026-09-01 22:30:00,0.7167,0.7184,0.7165,0.718,865476.6
2026-09-01 22:35:00,0.7181,0.7183,0.7159,0.7162,2931830.1
2026-09-01 22:40:00,0.7162,0.7165,0.7145,0.7156,992776.8
2026-09-01 22:45:00,0.7155,0.7196,0.7155,0.7196,472949.1
2026-09-01 22:50:00,0.7196,0.7204,0.7181,0.7181,838152.6
2026-09-01 22:55:00,0.7181,0.7185,0.7167,0.717,468719.3
2026-09-01 23:00:00,0.7169,0.7187,0.7166,0.7172,758362.0
2026-09-01 23:05:00,0.7172,0.7203,0.7171,0.7199,354177.5
2026-09-01 23:10:00,0.7199,0.72,0.7182,0.7183,358702.5
2026-09-01 23:15:00,0.7183,0.7194,0.7181,0.7193,294309.0
2026-09-01 23:20:00,0.7193,0.7193,0.7175,0.7183,258012.8
2026-09-01 23:25:00,0.7183,0.7187,0.7144,0.7171,2205534.0
2026-09-01 23:30:00,0.7171,0.7198,0.717,0.7188,419719.3
2026-09-01 23:35:00,0.7189,0.7221,0.7189,0.722,747171.8
2026-09-01 23:40:00,0.7219,0.7228,0.7217,0.7223,472045.0
2026-09-01 23:45:00,0.7223,0.7233,0.7215,0.7227,783843.7
2026-09-01 23:50:00,0.7228,0.7229,0.7203,0.7218,891519.5
2026-09-01 23:55:00,0.7218,0.7221,0.7213,0.7215,161182.1
2026-09-02 00:00:00,0.7216,0.7227,0.7209,0.7212,534008.1
2026-09-02 00:05:00,0.7212,0.7226,0.721,0.7222,345691.9
2026-09-02 00:10:00,0.7222,0.7224,0.7216,0.722,287263.6
2026-09-02 00:15:00,0.722,0.7229,0.7216,0.7219,732406.9
2026-09-02 00:20:00,0.722,0.723,0.7209,0.7216,734209.9
2026-09-02 00:25:00,0.7216,0.7217,0.7191,0.7194,530774.8
2026-09-02 00:30:00,0.7193,0.7216,0.7175,0.7202,1339440.4
2026-09-02 00:35:00,0.7202,0.7209,0.7182,0.7185,474124.6
2026-09-02 00:40:00,0.7185,0.7198,0.7172,0.7187,733240.7
2026-09-02 00:45:00,0.7187,0.7196,0.7185,0.7195,434482.4
2026-09-02 00:50:00,0.7194,0.7195,0.7181,0.7181,303073.3
2026-09-02 00:55:00,0.7181,0.7192,0.7177,0.7178,337403.8
2026-09-02 01:00:00,0.7177,0.7188,0.7165,0.7166,513024.8
2026-09-02 01:05:00,0.7166,0.7185,0.716,0.7185,761152.0
2026-09-02 01:10:00,0.7186,0.7208,0.7183,0.7201,1149600.7
2026-09-02 01:15:00,0.72,0.72,0.7176,0.7188,1099301.3
2026-09-02 01:20:00,0.7188,0.7203,0.7183,0.7199,699991.1
2026-09-02 01:25:00,0.7199,0.72,0.7147,0.715,1429735.6
2026-09-02 01:30:00,0.715,0.717,0.7146,0.715,953655.0
2026-09-02 01:35:00,0.715,0.715,0.7119,0.7119,1018088.1
2026-09-02 01:40:00,0.7119,0.713,0.7078,0.7107,2450661.1
2026-09-02 01:45:00,0.7108,0.7123,0.7099,0.7101,1076328.4
2026-09-02 01:50:00,0.7101,0.7107,0.707,0.7097,1800579.4
2026-09-02 01:55:00,0.7096,0.7128,0.7094,0.7123,1439528.7
2026-09-02 02:00:00,0.7123,0.7134,0.7111,0.7116,943046.5
2026-09-02 02:05:00,0.7115,0.7157,0.7104,0.7139,1541506.2
2026-09-02 02:10:00,0.7139,0.7174,0.7134,0.7141,1643348.8
2026-09-02 02:15:00,0.7142,0.7166,0.714,0.7162,1510971.1
2026-09-02 02:20:00,0.7162,0.7215,0.7162,0.7211,3800552.5
2026-09-02 02:25:00,0.7211,0.7222,0.7189,0.722,1737048.2
2026-09-02 02:30:00,0.722,0.722,0.7188,0.7214,1360228.2
2026-09-02 02:35:00,0.7215,0.7235,0.7202,0.721,2469295.3
2026-09-02 02:40:00,0.721,0.7221,0.7194,0.7211,1105689.2
2026-09-02 02:45:00,0.721,0.7215,0.7203,0.7212,347713.7
2026-09-02 02:50:00,0.7212,0.7218,0.7201,0.7207,406622.1
2026-09-02 02:55:00,0.7206,0.7216,0.7202,0.7216,250353.2
2026-09-02 03:00:00,0.7215,0.7239,0.7209,0.7237,946463.3
2026-09-02 03:05:00,0.7237,0.7245,0.7231,0.7233,620745.5
2026-09-02 03:10:00,0.7234,0.726,0.7226,0.7233,1929953.6
2026-09-02 03:15:00,0.7234,0.7249,0.7223,0.7232,817249.8
2026-09-02 03:20:00,0.7232,0.7249,0.7232,0.7246,446813.3
2026-09-02 03:25:00,0.7246,0.7301,0.7243,0.726,3671703.7
2026-09-02 03:30:00,0.726,0.7261,0.724,0.7243,1178198.2
2026-09-02 03:35:00,0.7242,0.725,0.7234,0.725,2224283.9
2026-09-02 03:40:00,0.7249,0.7252,0.7221,0.7229,928230.9
2026-09-02 03:45:00,0.7229,0.7244,0.7229,0.724,617506.1
2026-09-02 03:50:00,0.724,0.7241,0.7216,0.7219,994330.6
2026-09-02 03:55:00,0.722,0.7239,0.7208,0.723,1498590.2
2026-09-02 04:00:00,0.723,0.724,0.722,0.7237,1291826.0
2026-09-02 04:05:00,0.7236,0.7236,0.7203,0.7203,1341131.9
2026-09-02 04:10:00,0.7204,0.7214,0.718,0.7204,3364983.2
2026-09-02 04:15:00,0.7204,0.7215,0.7193,0.7215,1447562.5
2026-09-02 04:20:00,0.7216,0.7225,0.7201,0.7206,1064592.4
2026-09-02 04:25:00,0.7206,0.7206,0.7193,0.7201,193471.4
2026-09-02 04:30:00,0.7201,0.7224,0.7199,0.7224,1861334.8
2026-09-02 04:35:00,0.7224,0.7227,0.7208,0.7225,2883388.9
2026-09-02 04:40:00,0.7224,0.7233,0.7218,0.723,1278385.6
2026-09-02 04:45:00,0.723,0.7237,0.7223,0.7233,303883.5
2026-09-02 04:50:00,0.7234,0.7236,0.7225,0.7227,265123.5
2026-09-02 04:55:00,0.7226,0.7244,0.7223,0.724,587105.5
2026-09-02 05:00:00,0.724,0.7242,0.7211,0.7212,1131432.3
2026-09-02 05:05:00,0.7212,0.7217,0.7204,0.721,877092.9
2026-09-02 05:10:00,0.721,0.7244,0.721,0.7243,1146433.0
2026-09-02 05:15:00,0.7243,0.7264,0.7241,0.7254,1542516.3
2026-09-02 05:20:00,0.7255,0.7274,0.7245,0.7274,717466.0
2026-09-02 05:25:00,0.7274,0.7277,0.7265,0.727,400545.3
2026-09-02 05:30:00,0.727,0.7272,0.7259,0.7262,352007.1
2026-09-02 05:35:00,0.7262,0.7271,0.726,0.7269,410288.6
2026-09-02 05:40:00,0.7268,0.7274,0.7263,0.727,226108.6
2026-09-02 05:45:00,0.727,0.7282,0.7269,0.7282,378728.4
2026-09-02 05:50:00,0.728,0.728,0.7267,0.7271,175287.4
2026-09-02 05:55:00,0.7271,0.7272,0.7256,0.7262,916472.3
2026-09-02 06:00:00,0.7261,0.7281,0.7248,0.725,994169.7
2026-09-02 06:05:00,0.725,0.726,0.724,0.7251,1043122.2
2026-09-02 06:10:00,0.7251,0.7261,0.7232,0.7233,939997.4
2026-09-02 06:15:00,0.7234,0.7242,0.7216,0.7216,759041.8
2026-09-02 06:20:00,0.7217,0.7232,0.7211,0.7226,1216857.3
2026-09-02 06:25:00,0.7227,0.7246,0.7206,0.7212,1648986.3
2026-09-02 06:30:00,0.7212,0.722,0.7197,0.7217,1438320.9
2026-09-02 06:35:00,0.7217,0.724,0.7214,0.7239,1222244.7
2026-09-02 06:40:00,0.724,0.7261,0.7239,0.7242,990549.7
2026-09-02 06:45:00,0.7242,0.7254,0.7238,0.7247,320666.5
2026-09-02 06:50:00,0.7247,0.7252,0.7239,0.724,194168.3
2026-09-02 06:55:00,0.724,0.7252,0.7235,0.7251,214379.7
2026-09-02 07:00:00,0.7251,0.7258,0.7243,0.725,302174.4
2026-09-02 07:05:00,0.7249,0.7264,0.7247,0.7264,276595.4
2026-09-02 07:10:00,0.7264,0.7296,0.7263,0.7283,1519464.0
2026-09-02 07:15:00,0.7282,0.7282,0.7263,0.7268,552107.5
2026-09-02 07:20:00,0.7268,0.7274,0.7255,0.726,533272.0
2026-09-02 07:25:00,0.726,0.7264,0.7252,0.7257,214234.2
2026-09-02 07:30:00,0.7257,0.7269,0.7256,0.7265,277401.1
2026-09-02 07:35:00,0.7264,0.7267,0.7257,0.7262,165585.2
2026-09-02 07:40:00,0.7262,0.7266,0.7251,0.7251,235154.7
2026-09-02 07:45:00,0.725,0.7265,0.7244,0.7248,1030123.4
2026-09-02 07:50:00,0.7248,0.7252,0.7236,0.724,521087.5
2026-09-02 07:55:00,0.724,0.7251,0.7233,0.724,271904.2
2026-09-02 08:00:00,0.724,0.7249,0.7227,0.7249,641020.5
2026-09-02 08:05:00,0.725,0.7258,0.7247,0.7254,335143.6
2026-09-02 08:10:00,0.7254,0.7263,0.7247,0.7256,442934.3
2026-09-02 08:15:00,0.7257,0.7266,0.7254,0.7258,444966.9
2026-09-02 08:20:00,0.7258,0.7258,0.7241,0.7246,470356.4
2026-09-02 08:25:00,0.7247,0.7256,0.7239,0.7239,449069.7
2026-09-02 08:30:00,0.7239,0.7239,0.7213,0.7217,1085151.2
2026-09-02 08:35:00,0.7218,0.7226,0.7206,0.7209,834720.9
2026-09-02 08:40:00,0.7209,0.7209,0.7165,0.7173,3285842.3
2026-09-02 08:45:00,0.7172,0.7196,0.7162,0.7176,1165235.6
2026-09-02 08:50:00,0.7177,0.7185,0.7155,0.717,1070728.8
2026-09-02 08:55:00,0.7171,0.7187,0.7164,0.7186,570977.7
2026-09-02 09:00:00,0.7186,0.7213,0.7182,0.7206,1302313.8
2026-09-02 09:05:00,0.7205,0.7212,0.7195,0.7206,906849.5
2026-09-02 09:10:00,0.7205,0.7208,0.719,0.7193,794791.8
2026-09-02 09:15:00,0.7192,0.7196,0.7178,0.7182,863760.6
2026-09-02 09:20:00,0.7181,0.7201,0.7149,0.7178,1940859.8
2026-09-02 09:25:00,0.7178,0.7207,0.7178,0.7206,1064181.4
2026-09-02 09:30:00,0.7206,0.7207,0.7167,0.7182,1164842.3
2026-09-02 09:35:00,0.7182,0.7183,0.7152,0.7159,1136240.0
2026-09-02 09:40:00,0.7159,0.7161,0.714,0.7144,1254304.0
2026-09-02 09:45:00,0.7144,0.7169,0.7126,0.7158,1977352.7
2026-09-02 09:50:00,0.7158,0.7172,0.7156,0.7162,805120.7
2026-09-02 09:55:00,0.7163,0.7171,0.7153,0.7158,800472.4
2026-09-02 10:00:00,0.7159,0.7162,0.7134,0.714,1228299.1
2026-09-02 10:05:00,0.714,0.7144,0.7111,0.7126,1837611.0
2026-09-02 10:10:00,0.7126,0.7128,0.7107,0.7124,872882.7
2026-09-02 10:15:00,0.7124,0.7138,0.7117,0.7135,532684.3
2026-09-02 10:20:00,0.7134,0.7135,0.7119,0.7122,811959.3
2026-09-02 10:25:00,0.7121,0.7128,0.7118,0.7122,384789.5
2026-09-02 10:30:00,0.7122,0.7133,0.7093,0.7107,1839635.8
2026-09-02 10:35:00,0.7107,0.7122,0.7097,0.7098,720629.4
2026-09-02 10:40:00,0.7098,0.7109,0.7085,0.7108,1431408.4
2026-09-02 10:45:00,0.7107,0.7108,0.7041,0.7067,3673323.2
2026-09-02 10:50:00,0.7067,0.7075,0.7031,0.7067,3768305.0
2026-09-02 10:55:00,0.7068,0.7104,0.7066,0.7098,1975242.9
2026-09-02 11:00:00,0.7097,0.71,0.7065,0.7068,1619516.3
2026-09-02 11:05:00,0.7069,0.7108,0.7065,0.7103,1167340.7
2026-09-02 11:10:00,0.7103,0.7112,0.7087,0.7111,1010811.5
2026-09-02 11:15:00,0.7111,0.7116,0.71,0.7103,1042213.0
2026-09-02 11:20:00,0.7103,0.7104,0.7075,0.7082,1009263.4
2026-09-02 11:25:00,0.7082,0.7093,0.7072,0.7089,389460.5
2026-09-02 11:30:00,0.7089,0.7118,0.7085,0.7118,686557.9
2026-09-02 11:35:00,0.7118,0.7129,0.7113,0.7121,820647.8
2026-09-02 11:40:00,0.712,0.7126,0.7107,0.7113,598068.3
2026-09-02 11:45:00,0.7112,0.7123,0.71,0.7119,597504.7
2026-09-02 11:50:00,0.7119,0.7129,0.7117,0.7122,676238.3
2026-09-02 11:55:00,0.7123,0.7143,0.7123,0.714,765086.0
2026-09-02 12:00:00,0.7139,0.7143,0.7128,0.7132,1033654.9
2026-09-02 12:05:00,0.7132,0.7141,0.7125,0.7137,849481.1
2026-09-02 12:10:00,0.7136,0.7157,0.7135,0.7144,1132106.2
2026-09-02 12:15:00,0.7143,0.7151,0.7126,0.7137,1302168.2
2026-09-02 12:20:00,0.7136,0.717,0.713,0.7148,1487032.9
2026-09-02 12:25:00,0.7148,0.7156,0.7142,0.7147,480285.0
2026-09-02 12:30:00,0.7147,0.7147,0.7136,0.7141,658614.4
2026-09-02 12:35:00,0.7142,0.7143,0.7127,0.7131,405935.7
2026-09-02 12:40:00,0.7131,0.7136,0.7126,0.7129,374378.7
2026-09-02 12:45:00,0.7129,0.7132,0.7111,0.7115,431054.7
2026-09-02 12:50:00,0.7116,0.7122,0.7101,0.7108,309431.8
2026-09-02 12:55:00,0.7107,0.711,0.7097,0.7101,456190.5
2026-09-02 13:00:00,0.7101,0.7135,0.7101,0.7132,887599.4
2026-09-02 13:05:00,0.7132,0.7144,0.7127,0.713,429987.3
2026-09-02 13:10:00,0.713,0.7131,0.7113,0.7115,349455.0
2026-09-02 13:15:00,0.7116,0.7135,0.7116,0.7132,357810.9
2026-09-02 13:20:00,0.7131,0.714,0.7126,0.714,456881.0
2026-09-02 13:25:00,0.7139,0.7155,0.7124,0.7142,718330.5
2026-09-02 13:30:00,0.7143,0.7145,0.712,0.7131,2046467.0
2026-09-02 13:35:00,0.7132,0.7133,0.7102,0.7116,981196.3
2026-09-02 13:40:00,0.7116,0.7212,0.7112,0.7211,4203118.2
2026-09-02 13:45:00,0.7212,0.7224,0.7187,0.7198,5127675.0
2026-09-02 13:50:00,0.7198,0.7214,0.7186,0.7189,1522961.4
2026-09-02 13:55:00,0.719,0.7199,0.7175,0.7199,867406.7
2026-09-02 14:00:00,0.7199,0.7209,0.7179,0.7194,1145902.4
2026-09-02 14:05:00,0.7195,0.7232,0.7194,0.7219,2719847.6
2026-09-02 14:10:00,0.7219,0.7237,0.7213,0.7228,960826.2
2026-09-02 14:15:00,0.7228,0.7238,0.7217,0.7227,915842.5
2026-09-02 14:20:00,0.7227,0.7252,0.7221,0.7224,1787286.0
2026-09-02 14:25:00,0.7223,0.7233,0.7218,0.723,557198.2
2026-09-02 14:30:00,0.723,0.723,0.7194,0.7208,1729687.7
2026-09-02 14:35:00,0.7207,0.7208,0.7198,0.7205,504290.1
2026-09-02 14:40:00,0.7206,0.7239,0.7203,0.7239,764056.5
2026-09-02 14:45:00,0.724,0.7243,0.7202,0.7206,647279.1
2026-09-02 14:50:00,0.7207,0.7214,0.7193,0.7206,1236540.4
2026-09-02 14:55:00,0.7207,0.7217,0.7179,0.718,1645265.6
2026-09-02 15:00:00,0.7181,0.7209,0.7155,0.7194,2264880.3
2026-09-02 15:05:00,0.7194,0.7209,0.7165,0.7167,1410769.2
2026-09-02 15:10:00,0.7167,0.7167,0.7136,0.7152,1860130.2
2026-09-02 15:15:00,0.7153,0.7203,0.7153,0.7196,1687687.2
2026-09-02 15:20:00,0.7196,0.7201,0.7156,0.7163,1134895.9
2026-09-02 15:25:00,0.7164,0.7184,0.7155,0.7175,881845.7
2026-09-02 15:30:00,0.7176,0.7211,0.7164,0.7205,750645.8
2026-09-02 15:35:00,0.7205,0.7224,0.7198,0.7201,1307739.9
2026-09-02 15:40:00,0.7201,0.723,0.7191,0.7225,1051931.4
2026-09-02 15:45:00,0.7225,0.7225,0.7193,0.7197,1007436.6
2026-09-02 15:50:00,0.7197,0.7205,0.7192,0.7205,674103.0
2026-09-02 15:55:00,0.7205,0.7215,0.7202,0.7214,509487.5
2026-09-02 16:00:00,0.7214,0.7214,0.7196,0.7214,889531.8
2026-09-02 16:05:00,0.7215,0.7234,0.7204,0.7218,987754.7
2026-09-02 16:10:00,0.7217,0.7246,0.7216,0.7234,1019670.0
2026-09-02 16:15:00,0.7234,0.7244,0.7223,0.724,712827.2
2026-09-02 16:20:00,0.724,0.7256,0.7236,0.7251,881746.9
2026-09-02 16:25:00,0.7251,0.7261,0.7247,0.7259,2252231.9
2026-09-02 16:30:00,0.7259,0.7296,0.7259,0.7263,3460457.8
2026-09-02 16:35:00,0.7262,0.7265,0.7236,0.7245,879064.8
2026-09-02 16:40:00,0.7245,0.7246,0.7214,0.7217,407836.1
2026-09-02 16:45:00,0.7217,0.723,0.7216,0.7224,345922.4
2026-09-02 16:50:00,0.7223,0.7224,0.7213,0.7216,319198.2
2026-09-02 16:55:00,0.7216,0.7221,0.7202,0.7206,593250.8
2026-09-02 17:00:00,0.7206,0.7228,0.7197,0.7204,3082426.3
2026-09-02 17:05:00,0.7205,0.721,0.7178,0.7186,1586210.9
2026-09-02 17:10:00,0.7187,0.7212,0.7183,0.7193,1233398.3
2026-09-02 17:15:00,0.7193,0.7202,0.7166,0.7177,1604374.4
2026-09-02 17:20:00,0.7177,0.7192,0.7166,0.7181,1226306.7
2026-09-02 17:25:00,0.7182,0.7193,0.7181,0.7193,313610.4
2026-09-02 17:30:00,0.7194,0.7214,0.7189,0.7208,466945.9
2026-09-02 17:35:00,0.7208,0.7208,0.7196,0.7202,481907.9
2026-09-02 17:40:00,0.7201,0.7218,0.7194,0.7217,1043597.9
2026-09-02 17:45:00,0.7218,0.7235,0.7217,0.7225,767075.5
2026-09-02 17:50:00,0.7226,0.7231,0.7221,0.7224,346254.5
2026-09-02 17:55:00,0.7224,0.7238,0.7222,0.7225,521958.7
2026-09-02 18:00:00,0.7225,0.7238,0.7219,0.7228,818403.1
2026-09-02 18:05:00,0.7228,0.7239,0.722,0.7237,561296.7
2026-09-02 18:10:00,0.7238,0.7267,0.7231,0.7266,1628185.1
2026-09-02 18:15:00,0.7265,0.7279,0.7249,0.7256,1635418.5
2026-09-02 18:20:00,0.7255,0.7271,0.725,0.7262,976079.3
2026-09-02 18:25:00,0.7261,0.7291,0.726,0.7271,1398309.3
2026-09-02 18:30:00,0.727,0.7287,0.7266,0.7281,620218.8
2026-09-02 18:35:00,0.7282,0.7289,0.7257,0.7263,824258.6
2026-09-02 18:40:00,0.7264,0.7277,0.7257,0.7266,897912.8
2026-09-02 18:45:00,0.7266,0.7281,0.7261,0.7279,286240.6
2026-09-02 18:50:00,0.7279,0.7331,0.7272,0.7328,2252131.8
2026-09-02 18:55:00,0.7328,0.7333,0.7261,0.7302,4996049.8
2026-09-02 19:00:00,0.7301,0.7302,0.7275,0.7276,757080.7
2026-09-02 19:05:00,0.7276,0.7289,0.7275,0.7288,591593.9
2026-09-02 19:10:00,0.7289,0.7303,0.7274,0.7297,737134.9
2026-09-02 19:15:00,0.7297,0.7305,0.727,0.7287,1253035.3
2026-09-02 19:20:00,0.7287,0.7301,0.7276,0.7285,986283.0
2026-09-02 19:25:00,0.7284,0.7286,0.7267,0.727,532771.2
2026-09-02 19:30:00,0.7269,0.7289,0.7262,0.7268,1087596.5
2026-09-02 19:35:00,0.7268,0.7278,0.7255,0.7278,441809.4
2026-09-02 19:40:00,0.7277,0.7284,0.7269,0.7271,484920.6
2026-09-02 19:45:00,0.7271,0.7285,0.7271,0.7276,536265.8
2026-09-02 19:50:00,0.7275,0.729,0.727,0.7272,328752.6
2026-09-02 19:55:00,0.7272,0.7285,0.7265,0.7284,284856.1
2026-09-02 20:00:00,0.7284,0.7364,0.7284,0.7356,2973090.4
2026-09-02 20:05:00,0.7355,0.7432,0.7353,0.7405,5857788.5
2026-09-02 20:10:00,0.7405,0.745,0.7381,0.7444,3610668.3
2026-09-02 20:15:00,0.7443,0.7448,0.7386,0.7408,4390209.2
2026-09-02 20:20:00,0.7407,0.7503,0.7403,0.7491,3524788.5
2026-09-02 20:25:00,0.7491,0.7491,0.7413,0.7413,2106465.5
2026-09-02 20:30:00,0.7413,0.7436,0.7406,0.7428,2128557.4
2026-09-02 20:35:00,0.7427,0.7441,0.7413,0.7418,1274663.3
2026-09-02 20:40:00,0.7418,0.7418,0.7377,0.7389,1738081.4
2026-09-02 20:45:00,0.7388,0.7419,0.7373,0.7409,1570325.0
2026-09-02 20:50:00,0.7408,0.7439,0.7407,0.7412,1402346.2
2026-09-02 20:55:00,0.7413,0.742,0.7396,0.7399,577288.4
2026-09-02 21:00:00,0.74,0.741,0.7395,0.7395,669239.4
2026-09-02 21:05:00,0.7396,0.7403,0.738,0.7382,981362.9
2026-09-02 21:10:00,0.7382,0.7391,0.7375,0.7378,437415.9
2026-09-02 21:15:00,0.7379,0.7382,0.7358,0.7373,721341.6
2026-09-02 21:20:00,0.7373,0.74,0.737,0.74,551105.2
2026-09-02 21:25:00,0.74,0.7414,0.738,0.738,799883.4
2026-09-02 21:30:00,0.738,0.7397,0.737,0.7374,687845.7
2026-09-02 21:35:00,0.7375,0.7414,0.7371,0.7408,448603.1
2026-09-02 21:40:00,0.7407,0.742,0.7396,0.7415,600302.3
2026-09-02 21:45:00,0.7416,0.7416,0.7394,0.741,398678.7
2026-09-02 21:50:00,0.7409,0.7426,0.74,0.7425,401534.2
2026-09-02 21:55:00,0.7426,0.7435,0.7408,0.7413,313578.2
2026-09-02 22:00:00,0.7413,0.7417,0.7393,0.7393,930065.3
2026-09-02 22:05:00,0.7392,0.7394,0.7373,0.7374,579941.9
2026-09-02 22:10:00,0.7373,0.7385,0.7357,0.7375,745111.7
2026-09-02 22:15:00,0.7375,0.7386,0.7363,0.7364,422592.5
2026-09-02 22:20:00,0.7363,0.7364,0.7348,0.7353,452169.9
2026-09-02 22:25:00,0.7352,0.7355,0.733,0.7342,1644777.6
2026-09-02 22:30:00,0.7343,0.7372,0.7343,0.7366,1278370.5
2026-09-02 22:35:00,0.7367,0.7381,0.7358,0.7375,377418.5
2026-09-02 22:40:00,0.7375,0.7391,0.7372,0.7387,401343.8
2026-09-02 22:45:00,0.7388,0.7396,0.7375,0.7396,704415.9
2026-09-02 22:50:00,0.7396,0.7402,0.736,0.7372,3106718.4
2026-09-02 22:55:00,0.7372,0.7374,0.7359,0.7363,300588.2
2026-09-02 23:00:00,0.7363,0.7391,0.7347,0.739,1107791.3
2026-09-02 23:05:00,0.7391,0.7431,0.7388,0.743,1069460.9
2026-09-02 23:10:00,0.743,0.7457,0.7422,0.7457,1183819.0
2026-09-02 23:15:00,0.7456,0.7459,0.7419,0.7435,1635625.7
2026-09-02 23:20:00,0.7435,0.7437,0.742,0.742,593334.3
2026-09-02 23:25:00,0.742,0.7428,0.7417,0.742,315628.3
2026-09-02 23:30:00,0.742,0.7433,0.7401,0.7406,598496.2
2026-09-02 23:35:00,0.7405,0.7407,0.7395,0.7404,461874.9
2026-09-02 23:40:00,0.7404,0.7404,0.7395,0.7401,222630.1
2026-09-02 23:45:00,0.7402,0.7429,0.7402,0.7429,405821.9
2026-09-02 23:50:00,0.743,0.7457,0.7427,0.7442,846636.9
2026-09-02 23:55:00,0.7442,0.7474,0.744,0.7458,1273847.5
2026-09-03 00:00:00,0.7458,0.7534,0.7449,0.7502,5208408.9
2026-09-03 00:05:00,0.7501,0.7507,0.7462,0.7464,1211317.4
2026-09-03 00:10:00,0.7464,0.7486,0.7456,0.7459,1464503.9
2026-09-03 00:15:00,0.7458,0.7474,0.7447,0.745,1751649.9
2026-09-03 00:20:00,0.745,0.7451,0.7416,0.7428,2398701.3
2026-09-03 00:25:00,0.7429,0.7429,0.7396,0.7399,1388807.9
2026-09-03 00:30:00,0.7399,0.742,0.7393,0.7397,1591418.3
2026-09-03 00:35:00,0.7397,0.7431,0.7386,0.743,1070855.3
2026-09-03 00:40:00,0.7429,0.7441,0.7412,0.7416,737244.8
2026-09-03 00:45:00,0.7416,0.743,0.7408,0.7417,690627.8
2026-09-03 00:50:00,0.7417,0.7428,0.741,0.7416,793202.3
2026-09-03 00:55:00,0.7416,0.7437,0.7409,0.7411,1308268.7
2026-09-03 01:00:00,0.7412,0.7424,0.7379,0.742,2133166.4
2026-09-03 01:05:00,0.7421,0.7495,0.7421,0.7488,3452990.7
2026-09-03 01:10:00,0.7488,0.7551,0.7478,0.7546,3274781.3
2026-09-03 01:15:00,0.7545,0.7571,0.7526,0.7537,2693331.6
2026-09-03 01:20:00,0.7537,0.7579,0.7531,0.7569,1638612.5
2026-09-03 01:25:00,0.757,0.7595,0.7563,0.7587,1895827.5
2026-09-03 01:30:00,0.7588,0.7609,0.7571,0.7579,2205241.0
2026-09-03 01:35:00,0.7578,0.7585,0.7547,0.7576,1878532.2
2026-09-03 01:40:00,0.7576,0.7613,0.7563,0.7563,1781841.4
2026-09-03 01:45:00,0.7563,0.757,0.7536,0.7538,1351796.4
2026-09-03 01:50:00,0.7539,0.7594,0.7534,0.7579,1905951.0
2026-09-03 01:55:00,0.7579,0.7585,0.7548,0.7548,1264091.8
2026-09-03 02:00:00,0.7548,0.7571,0.7544,0.7547,923047.4
2026-09-03 02:05:00,0.7546,0.7585,0.7538,0.7567,932424.2
2026-09-03 02:10:00,0.7568,0.7652,0.7566,0.7645,1904352.6
2026-09-03 02:15:00,0.7645,0.7691,0.7635,0.7673,2550048.3
2026-09-03 02:20:00,0.7674,0.7811,0.7674,0.7715,8782900.2
2026-09-03 02:25:00,0.7715,0.7715,0.7681,0.7686,2894045.1
2026-09-03 02:30:00,0.7686,0.7787,0.7676,0.777,5214303.2
2026-09-03 02:35:00,0.7769,0.7776,0.7729,0.7741,3151078.4
2026-09-03 02:40:00,0.7741,0.7769,0.7738,0.7762,1595251.7
2026-09-03 02:45:00,0.7761,0.7795,0.7741,0.778,2998563.6
2026-09-03 02:50:00,0.7779,0.7801,0.7766,0.7789,1769831.3
2026-09-03 02:55:00,0.7788,0.7799,0.7762,0.7771,1414793.6
2026-09-03 03:00:00,0.777,0.7777,0.7744,0.7754,1900450.0
2026-09-03 03:05:00,0.7754,0.7755,0.7718,0.7728,1507059.9
2026-09-03 03:10:00,0.7728,0.7741,0.7707,0.7738,2164411.0
2026-09-03 03:15:00,0.7738,0.7739,0.7694,0.7731,2070057.1
2026-09-03 03:20:00,0.7731,0.7731,0.7672,0.7679,2206185.2
2026-09-03 03:25:00,0.7678,0.7694,0.7656,0.7665,2072950.8
2026-09-03 03:30:00,0.7666,0.7702,0.7664,0.7682,2016068.4
2026-09-03 03:35:00,0.7682,0.7682,0.7664,0.7674,931231.9
2026-09-03 03:40:00,0.7674,0.7679,0.7627,0.7657,3140411.5
2026-09-03 03:45:00,0.7657,0.7674,0.7648,0.7668,1465355.1
2026-09-03 03:50:00,0.7667,0.769,0.7666,0.7689,1070712.0
2026-09-03 03:55:00,0.7689,0.7693,0.7671,0.7676,526619.0
2026-09-03 04:00:00,0.7677,0.7692,0.767,0.7671,1228543.4
2026-09-03 04:05:00,0.767,0.7697,0.7662,0.7674,811954.7
2026-09-03 04:10:00,0.7673,0.7693,0.7656,0.7664,1528587.6
2026-09-03 04:15:00,0.7665,0.7668,0.7634,0.7635,1724053.0
2026-09-03 04:20:00,0.7635,0.765,0.7623,0.7646,1488642.8
2026-09-03 04:25:00,0.7646,0.7647,0.7619,0.7632,948608.1
2026-09-03 04:30:00,0.7633,0.7666,0.7633,0.7645,970905.1
2026-09-03 04:35:00,0.7645,0.7653,0.7641,0.7647,479301.3
2026-09-03 04:40:00,0.7647,0.765,0.7638,0.7641,317355.2
2026-09-03 04:45:00,0.7642,0.7676,0.7642,0.7672,848118.4
2026-09-03 04:50:00,0.7672,0.7733,0.7672,0.7733,1730617.1
2026-09-03 04:55:00,0.7733,0.7737,0.7718,0.773,1272807.5
2026-09-03 05:00:00,0.773,0.774,0.7723,0.7727,865429.5
2026-09-03 05:05:00,0.7727,0.774,0.7692,0.7699,1653188.1
2026-09-03 05:10:00,0.77,0.7715,0.7685,0.7697,1652361.8
2026-09-03 05:15:00,0.7698,0.7704,0.7669,0.7683,935561.4
2026-09-03 05:20:00,0.7684,0.7684,0.7611,0.7623,3323756.3
2026-09-03 05:25:00,0.7623,0.7623,0.7561,0.7599,3602603.5
2026-09-03 05:30:00,0.7599,0.7637,0.7595,0.7636,1746815.4
2026-09-03 05:35:00,0.7636,0.7662,0.7634,0.7657,1008317.1
2026-09-03 05:40:00,0.7657,0.767,0.7647,0.7661,725033.3
2026-09-03 05:45:00,0.7662,0.7683,0.7651,0.7683,719215.3
2026-09-03 05:50:00,0.7683,0.7708,0.7683,0.7692,1713473.4
2026-09-03 05:55:00,0.7693,0.7713,0.7688,0.7697,1240843.7
2026-09-03 06:00:00,0.7698,0.7703,0.7659,0.766,2093077.0
2026-09-03 06:05:00,0.766,0.7679,0.7658,0.7661,1041339.4
2026-09-03 06:10:00,0.766,0.7694,0.766,0.7668,1079260.6
2026-09-03 06:15:00,0.7668,0.7683,0.766,0.7675,1118672.8
2026-09-03 06:20:00,0.7675,0.7682,0.7671,0.7672,770430.2
2026-09-03 06:25:00,0.7672,0.7681,0.7666,0.767,529175.2
2026-09-03 06:30:00,0.7669,0.7675,0.7656,0.7665,681889.4
2026-09-03 06:35:00,0.7665,0.7669,0.7653,0.7656,403719.1
2026-09-03 06:40:00,0.7655,0.7668,0.7653,0.7666,336651.6
2026-09-03 06:45:00,0.7666,0.7668,0.7652,0.7657,328425.1
2026-09-03 06:50:00,0.7657,0.766,0.7642,0.7645,627045.4
2026-09-03 06:55:00,0.7646,0.7658,0.7642,0.7649,335589.0
2026-09-03 07:00:00,0.7648,0.7693,0.7643,0.7687,1265407.3
2026-09-03 07:05:00,0.7686,0.7727,0.7684,0.7701,3499495.1
2026-09-03 07:10:00,0.7701,0.7715,0.7683,0.7688,1191926.1
2026-09-03 07:15:00,0.7688,0.7714,0.7673,0.7704,1824505.0
2026-09-03 07:20:00,0.7703,0.7717,0.7687,0.7695,2041529.8
2026-09-03 07:25:00,0.7696,0.7721,0.7682,0.7702,1519899.9
2026-09-03 07:30:00,0.7701,0.7742,0.7684,0.7723,2035301.5
2026-09-03 07:35:00,0.7724,0.7764,0.7722,0.7763,1663520.8
2026-09-03 07:40:00,0.7764,0.7772,0.7717,0.772,2698729.1
2026-09-03 07:45:00,0.772,0.7727,0.7657,0.7659,5084333.7
2026-09-03 07:50:00,0.7659,0.7667,0.7648,0.7656,1174741.9
2026-09-03 07:55:00,0.7655,0.7683,0.7643,0.767,1651910.3
2026-09-03 08:00:00,0.7671,0.7724,0.7671,0.7722,1787793.8
2026-09-03 08:05:00,0.7723,0.7772,0.772,0.7751,2509232.4
2026-09-03 08:10:00,0.7752,0.7786,0.7721,0.7733,2979006.5
2026-09-03 08:15:00,0.7733,0.7743,0.7721,0.7736,1091361.8
2026-09-03 08:20:00,0.7736,0.7741,0.7708,0.7712,629151.0
2026-09-03 08:25:00,0.7712,0.7731,0.7702,0.7724,740401.6
2026-09-03 08:30:00,0.7723,0.7763,0.7722,0.7742,2600155.4
2026-09-03 08:35:00,0.7741,0.7757,0.7727,0.7728,880420.1
2026-09-03 08:40:00,0.7728,0.7737,0.7714,0.772,774578.4
2026-09-03 08:45:00,0.772,0.7735,0.7709,0.7715,852288.3
2026-09-03 08:50:00,0.7716,0.7727,0.7707,0.772,542181.0
2026-09-03 08:55:00,0.772,0.7726,0.7708,0.7709,640283.2
2026-09-03 09:00:00,0.7709,0.7713,0.7689,0.7696,1053020.1
2026-09-03 09:05:00,0.7697,0.77,0.7651,0.7694,2582023.4
2026-09-03 09:10:00,0.7694,0.7703,0.7671,0.7675,1239774.4
2026-09-03 09:15:00,0.7675,0.7692,0.7654,0.7658,1215800.8
2026-09-03 09:20:00,0.7658,0.7675,0.7652,0.7665,1490471.3
2026-09-03 09:25:00,0.7664,0.7668,0.7661,0.7661,321424.3
2026-09-03 09:30:00,0.7662,0.7668,0.7644,0.7648,1545550.1
2026-09-03 09:35:00,0.7649,0.7651,0.7627,0.7637,1213062.5
2026-09-03 09:40:00,0.7637,0.7641,0.7618,0.7637,1027283.0
2026-09-03 09:45:00,0.7638,0.766,0.762,0.7626,872660.8
2026-09-03 09:50:00,0.7626,0.7637,0.7621,0.7631,620098.6
2026-09-03 09:55:00,0.7631,0.7637,0.7623,0.763,505810.8
2026-09-03 10:00:00,0.7631,0.7632,0.7608,0.7627,1659925.0
2026-09-03 10:05:00,0.7626,0.7652,0.7617,0.7633,1216907.5
2026-09-03 10:10:00,0.7632,0.7632,0.7605,0.7613,631651.2
2026-09-03 10:15:00,0.7613,0.7631,0.7604,0.7628,642720.8
2026-09-03 10:20:00,0.7627,0.7648,0.7609,0.7617,1203295.1
2026-09-03 10:25:00,0.7617,0.7628,0.761,0.7613,506801.4
2026-09-03 10:30:00,0.7614,0.7627,0.7588,0.7594,1122887.3
2026-09-03 10:35:00,0.7594,0.7605,0.7576,0.7604,1676610.0
2026-09-03 10:40:00,0.7604,0.7605,0.7589,0.7593,680679.8
2026-09-03 10:45:00,0.7594,0.7617,0.7591,0.7608,695090.9
2026-09-03 10:50:00,0.7607,0.7638,0.76,0.763,888177.8
2026-09-03 10:55:00,0.763,0.7658,0.7627,0.765,1322328.5
2026-09-03 11:00:00,0.7651,0.7665,0.7631,0.7642,1365111.5
2026-09-03 11:05:00,0.7642,0.7662,0.7634,0.7658,1138310.1
2026-09-03 11:10:00,0.7657,0.7658,0.7638,0.7645,656476.4
2026-09-03 11:15:00,0.7646,0.7693,0.7646,0.7688,1844503.4
2026-09-03 11:20:00,0.7688,0.7689,0.7662,0.7669,646042.7
2026-09-03 11:25:00,0.7669,0.7686,0.7666,0.7681,566203.9
2026-09-03 11:30:00,0.7681,0.7694,0.7655,0.7683,1476537.0
2026-09-03 11:35:00,0.7682,0.7682,0.7671,0.7672,558722.0
2026-09-03 11:40:00,0.7672,0.7681,0.7668,0.767,613281.8
2026-09-03 11:45:00,0.7671,0.7677,0.7657,0.7665,896063.1
2026-09-03 11:50:00,0.7665,0.7677,0.766,0.7662,623157.3
2026-09-03 11:55:00,0.7662,0.7695,0.7658,0.7677,1228444.3
2026-09-03 12:00:00,0.7678,0.7685,0.7667,0.7674,1357293.4
2026-09-03 12:05:00,0.7675,0.768,0.7656,0.767,996593.7
2026-09-03 12:10:00,0.767,0.7686,0.7669,0.7682,583581.8
2026-09-03 12:15:00,0.7683,0.7696,0.7666,0.7668,876313.8
2026-09-03 12:20:00,0.7669,0.7669,0.7652,0.7659,751193.7
2026-09-03 12:25:00,0.7659,0.7664,0.7628,0.7636,1621474.0
2026-09-03 12:30:00,0.7637,0.7704,0.7637,0.7673,3439277.2
2026-09-03 12:35:00,0.7672,0.7688,0.766,0.7675,1274181.1
2026-09-03 12:40:00,0.7674,0.7687,0.7658,0.7661,1012501.1
2026-09-03 12:45:00,0.7661,0.769,0.7657,0.769,1380914.4
2026-09-03 12:50:00,0.7691,0.7709,0.768,0.7703,1880145.4
2026-09-03 12:55:00,0.7703,0.773,0.7694,0.7696,2512437.5
2026-09-03 13:00:00,0.7696,0.7699,0.7662,0.7668,1696235.4
2026-09-03 13:05:00,0.7668,0.7671,0.7646,0.7658,1563880.1
2026-09-03 13:10:00,0.7657,0.7675,0.7654,0.7666,497716.4
2026-09-03 13:15:00,0.7667,0.767,0.7651,0.7659,511182.1
2026-09-03 13:20:00,0.7659,0.7678,0.7651,0.7668,563939.6
2026-09-03 13:25:00,0.7667,0.7668,0.7651,0.7663,511249.5
2026-09-03 13:30:00,0.7664,0.7678,0.7652,0.766,1278254.1
2026-09-03 13:35:00,0.7659,0.7683,0.7631,0.7677,1850048.4
2026-09-03 13:40:00,0.7677,0.77,0.7672,0.7689,1403486.8
2026-09-03 13:45:00,0.7689,0.7698,0.7666,0.7676,1058863.3
2026-09-03 13:50:00,0.7675,0.7691,0.7651,0.7654,621141.7
2026-09-03 13:55:00,0.7653,0.7675,0.7646,0.7659,620103.3
2026-09-03 14:00:00,0.7659,0.7672,0.764,0.765,1566723.3
2026-09-03 14:05:00,0.7651,0.766,0.7635,0.7653,1535471.2
2026-09-03 14:10:00,0.7653,0.7681,0.7643,0.768,718737.4
2026-09-03 14:15:00,0.7681,0.7702,0.7678,0.769,1993535.7
2026-09-03 14:20:00,0.769,0.7744,0.769,0.774,2514856.8
2026-09-03 14:25:00,0.7739,0.7753,0.7726,0.775,2200479.4
2026-09-03 14:30:00,0.775,0.7777,0.7732,0.774,4269650.2
2026-09-03 14:35:00,0.774,0.7748,0.7716,0.772,1761992.9
2026-09-03 14:40:00,0.7719,0.7743,0.7706,0.7725,2246906.1
2026-09-03 14:45:00,0.7725,0.784,0.7724,0.7818,7918193.9
2026-09-03 14:50:00,0.7819,0.7835,0.7789,0.7815,4157941.5
2026-09-03 14:55:00,0.7814,0.7855,0.779,0.7852,3760680.1
2026-09-03 15:00:00,0.7852,0.7885,0.7831,0.7847,5537431.5
2026-09-03 15:05:00,0.7848,0.7855,0.7817,0.7819,3320790.8
2026-09-03 15:10:00,0.7819,0.783,0.7769,0.7816,3398411.5
2026-09-03 15:15:00,0.7817,0.783,0.7799,0.7813,1812790.3
2026-09-03 15:20:00,0.7813,0.7825,0.7783,0.7819,2090800.0
2026-09-03 15:25:00,0.782,0.7824,0.7762,0.78,5472306.8
2026-09-03 15:30:00,0.7799,0.7848,0.7797,0.7839,2305305.5
2026-09-03 15:35:00,0.7839,0.7853,0.783,0.7844,1847753.1
2026-09-03 15:40:00,0.7844,0.7849,0.7818,0.782,1200329.7
2026-09-03 15:45:00,0.782,0.7826,0.7787,0.7805,1476152.8
2026-09-03 15:50:00,0.7804,0.7873,0.7804,0.787,2110564.7
2026-09-03 15:55:00,0.7871,0.7902,0.7864,0.7889,4746986.4
2026-09-03 16:00:00,0.789,0.7894,0.7788,0.7793,3596746.3
2026-09-03 16:05:00,0.7793,0.7813,0.7752,0.7793,5003227.3
2026-09-03 16:10:00,0.7793,0.7811,0.7787,0.7789,1336576.5
2026-09-03 16:15:00,0.7788,0.7804,0.7766,0.7795,2036211.1
2026-09-03 16:20:00,0.7795,0.7813,0.779,0.7799,1414950.3
2026-09-03 16:25:00,0.7799,0.7809,0.7782,0.7804,1481761.9
2026-09-03 16:30:00,0.7805,0.7843,0.7805,0.7841,1846204.0
2026-09-03 16:35:00,0.7841,0.7846,0.7804,0.7835,1609692.7
2026-09-03 16:40:00,0.7836,0.7851,0.7826,0.7836,1258197.6
2026-09-03 16:45:00,0.7836,0.7875,0.7836,0.7868,1057000.0
2026-09-03 16:50:00,0.7868,0.7882,0.7852,0.7874,1026607.2
2026-09-03 16:55:00,0.7873,0.7914,0.7863,0.7887,2833581.5
2026-09-03 17:00:00,0.7888,0.7918,0.7878,0.7915,1343363.0
2026-09-03 17:05:00,0.7915,0.7915,0.7888,0.7897,1255794.1
2026-09-03 17:10:00,0.7897,0.7903,0.7886,0.7898,534023.0
2026-09-03 17:15:00,0.7899,0.791,0.7878,0.7881,1665087.5
2026-09-03 17:20:00,0.7881,0.7889,0.7861,0.7872,1055806.2
2026-09-03 17:25:00,0.7872,0.7881,0.7853,0.7873,2069938.3
2026-09-03 17:30:00,0.7874,0.7891,0.7852,0.7887,1190197.4
2026-09-03 17:35:00,0.7886,0.7913,0.787,0.791,1617142.8
2026-09-03 17:40:00,0.791,0.7939,0.7899,0.7934,2629763.1
2026-09-03 17:45:00,0.7934,0.797,0.7922,0.7939,3278739.1
2026-09-03 17:50:00,0.7938,0.7946,0.7908,0.7911,1396955.1
2026-09-03 17:55:00,0.7911,0.7923,0.7903,0.7917,644426.0
2026-09-03 18:00:00,0.7917,0.7944,0.7912,0.7934,1101143.0
2026-09-03 18:05:00,0.7934,0.7946,0.7925,0.7943,655029.0
2026-09-03 18:10:00,0.7943,0.7969,0.7936,0.7958,1050844.8
2026-09-03 18:15:00,0.7959,0.7963,0.7926,0.7927,731729.3
2026-09-03 18:20:00,0.7927,0.793,0.7893,0.7916,1739603.3
2026-09-03 18:25:00,0.7916,0.7917,0.7895,0.7897,885456.4
2026-09-03 18:30:00,0.7897,0.791,0.7873,0.788,2155031.6
2026-09-03 18:35:00,0.7881,0.7893,0.787,0.7876,854945.8
2026-09-03 18:40:00,0.7875,0.7875,0.7862,0.7871,611100.5
2026-09-03 18:45:00,0.7871,0.7897,0.7869,0.7896,395814.2
2026-09-03 18:50:00,0.7895,0.79,0.7885,0.7893,496771.4
2026-09-03 18:55:00,0.7893,0.7898,0.7889,0.7892,241548.5
2026-09-03 19:00:00,0.7891,0.7922,0.7882,0.792,965035.5
2026-09-03 19:05:00,0.7921,0.7946,0.788,0.7887,1274085.9
2026-09-03 19:10:00,0.7886,0.7892,0.7846,0.7861,2872604.9
2026-09-03 19:15:00,0.786,0.788,0.7851,0.788,813278.2
2026-09-03 19:20:00,0.788,0.7897,0.7878,0.7885,901730.4
2026-09-03 19:25:00,0.7885,0.7886,0.7872,0.7882,566605.8
2026-09-03 19:30:00,0.7881,0.7886,0.7865,0.787,649068.9
2026-09-03 19:35:00,0.787,0.7878,0.7861,0.7877,719808.8
2026-09-03 19:40:00,0.7876,0.7891,0.7875,0.7885,514125.3
2026-09-03 19:45:00,0.7885,0.7889,0.7852,0.7856,929338.1
2026-09-03 19:50:00,0.7857,0.7871,0.7844,0.7863,1480497.1
2026-09-03 19:55:00,0.7863,0.7899,0.7856,0.7892,828783.0
2026-09-03 20:00:00,0.7892,0.7893,0.7836,0.788,1702758.9
2026-09-03 20:05:00,0.7881,0.7894,0.787,0.7887,579462.3
2026-09-03 20:10:00,0.7887,0.789,0.7854,0.7857,724158.4
2026-09-03 20:15:00,0.7858,0.7869,0.7841,0.7855,1529410.3
2026-09-03 20:20:00,0.7855,0.7861,0.7836,0.7837,916048.4
2026-09-03 20:25:00,0.7837,0.7875,0.7834,0.787,573227.7
2026-09-03 20:30:00,0.787,0.7876,0.7861,0.7866,573156.7
2026-09-03 20:35:00,0.7865,0.7888,0.7846,0.7886,766831.3
2026-09-03 20:40:00,0.7886,0.7892,0.7881,0.7884,446575.0
2026-09-03 20:45:00,0.7883,0.7905,0.7878,0.7903,482447.7
2026-09-03 20:50:00,0.7904,0.7912,0.7895,0.7901,508472.8
2026-09-03 20:55:00,0.7902,0.7914,0.7896,0.7902,868277.8
2026-09-03 21:00:00,0.7902,0.7916,0.7888,0.7898,879375.0
2026-09-03 21:05:00,0.7898,0.7909,0.7885,0.7907,795578.4
2026-09-03 21:10:00,0.7907,0.7927,0.7907,0.792,988617.0
2026-09-03 21:15:00,0.792,0.7943,0.7909,0.793,1582780.3
2026-09-03 21:20:00,0.793,0.7943,0.7906,0.7909,1182549.4
2026-09-03 21:25:00,0.7909,0.7924,0.7884,0.7919,1219241.2
2026-09-03 21:30:00,0.792,0.7959,0.7919,0.7937,1306652.8
2026-09-03 21:35:00,0.7937,0.7937,0.7879,0.7883,1877431.9
2026-09-03 21:40:00,0.7884,0.7893,0.7871,0.7879,619318.6
2026-09-03 21:45:00,0.7879,0.7881,0.7846,0.7872,1500492.1
2026-09-03 21:50:00,0.7872,0.7883,0.787,0.7876,457394.4
2026-09-03 21:55:00,0.7876,0.7896,0.7864,0.7881,960421.5
2026-09-03 22:00:00,0.7881,0.7894,0.7839,0.786,1806485.9
2026-09-03 22:05:00,0.7859,0.7861,0.7837,0.7841,1189895.2
2026-09-03 22:10:00,0.784,0.7848,0.7811,0.7837,2350869.1
2026-09-03 22:15:00,0.7836,0.7848,0.7819,0.7824,2257939.1
2026-09-03 22:20:00,0.7824,0.7842,0.7803,0.7805,1764407.6
2026-09-03 22:25:00,0.7806,0.7809,0.7775,0.7778,2216730.2
2026-09-03 22:30:00,0.7778,0.7796,0.7738,0.7777,2943226.3
2026-09-03 22:35:00,0.7777,0.7803,0.7761,0.7785,1895788.5
2026-09-03 22:40:00,0.7786,0.7799,0.7785,0.779,667024.3
2026-09-03 22:45:00,0.7789,0.7822,0.7789,0.7803,967970.1
2026-09-03 22:50:00,0.7802,0.7808,0.7795,0.7801,573504.4
2026-09-03 22:55:00,0.7801,0.7814,0.7797,0.7809,802714.9
2026-09-03 23:00:00,0.7809,0.7813,0.7803,0.781,413304.5
2026-09-03 23:05:00,0.781,0.7821,0.7809,0.7815,553243.4
2026-09-03 23:10:00,0.7814,0.7815,0.7794,0.7811,961844.3
2026-09-03 23:15:00,0.781,0.7817,0.78,0.7806,876814.4
2026-09-03 23:20:00,0.7807,0.7807,0.7784,0.7793,1005079.7
2026-09-03 23:25:00,0.7793,0.7799,0.7782,0.7799,525267.1
2026-09-03 23:30:00,0.7799,0.7803,0.7785,0.7796,1045091.0
2026-09-03 23:35:00,0.7796,0.7828,0.7792,0.7825,1136273.7
2026-09-03 23:40:00,0.7824,0.7837,0.7818,0.7819,905853.0
2026-09-03 23:45:00,0.7818,0.784,0.7817,0.7837,812119.9
2026-09-03 23:50:00,0.7837,0.7843,0.782,0.7822,1168580.3
2026-09-03 23:55:00,0.7822,0.7838,0.7819,0.7831,601405.7
2026-09-04 00:00:00,0.7831,0.784,0.7804,0.7811,2221494.4
2026-09-04 00:05:00,0.7811,0.7823,0.7792,0.782,1792222.9
2026-09-04 00:10:00,0.782,0.7833,0.7811,0.7833,669792.1
2026-09-04 00:15:00,0.7833,0.7848,0.7819,0.7826,1663659.4
2026-09-04 00:20:00,0.7826,0.7839,0.7815,0.7815,716994.3
2026-09-04 00:25:00,0.7815,0.7815,0.7794,0.7794,916032.2
2026-09-04 00:30:00,0.7794,0.7848,0.7794,0.7841,2430719.3
2026-09-04 00:35:00,0.7841,0.787,0.784,0.7866,1270252.7
2026-09-04 00:40:00,0.7865,0.7869,0.7802,0.7821,2243013.0
2026-09-04 00:45:00,0.7821,0.7821,0.7784,0.7785,1822134.4
2026-09-04 00:50:00,0.7786,0.7803,0.7769,0.7778,1394068.9
2026-09-04 00:55:00,0.7778,0.7781,0.7745,0.775,1785174.2
2026-09-04 01:00:00,0.775,0.7791,0.7745,0.7748,2497473.3
2026-09-04 01:05:00,0.7749,0.7784,0.7737,0.7773,1663707.4
2026-09-04 01:10:00,0.7773,0.779,0.7762,0.7775,689374.6
2026-09-04 01:15:00,0.7774,0.7784,0.7768,0.7779,438606.9
2026-09-04 01:20:00,0.7779,0.7797,0.7758,0.776,1134632.6
2026-09-04 01:25:00,0.7761,0.7772,0.7753,0.776,858957.4
2026-09-04 01:30:00,0.776,0.7771,0.7709,0.7718,2511924.4
2026-09-04 01:35:00,0.7718,0.7735,0.7716,0.7717,1491292.1
2026-09-04 01:40:00,0.7718,0.7722,0.7694,0.7712,1807699.6
2026-09-04 01:45:00,0.7712,0.7721,0.7704,0.7709,975603.0
2026-09-04 01:50:00,0.771,0.7737,0.771,0.7735,851288.7
2026-09-04 01:55:00,0.7735,0.7747,0.7732,0.7733,833424.6
2026-09-04 02:00:00,0.7732,0.7733,0.77,0.7701,932087.4
2026-09-04 02:05:00,0.7701,0.7706,0.7681,0.7692,2069019.1
2026-09-04 02:10:00,0.7693,0.7717,0.7693,0.7715,543336.5
2026-09-04 02:15:00,0.7714,0.7731,0.7707,0.7716,518672.5
2026-09-04 02:20:00,0.7716,0.7716,0.7699,0.7707,687341.7
2026-09-04 02:25:00,0.7707,0.7718,0.7707,0.7715,354687.8
2026-09-04 02:30:00,0.7715,0.7731,0.7715,0.7726,655706.8
2026-09-04 02:35:00,0.7726,0.7742,0.7721,0.7739,532970.1
2026-09-04 02:40:00,0.7739,0.7739,0.7731,0.7731,266441.7
2026-09-04 02:45:00,0.7731,0.7733,0.7722,0.7729,564853.0
2026-09-04 02:50:00,0.7729,0.7753,0.7728,0.775,588560.4
2026-09-04 02:55:00,0.775,0.7757,0.7747,0.7756,498688.7
2026-09-04 03:00:00,0.7756,0.7777,0.7756,0.7768,794183.4
2026-09-04 03:05:00,0.7768,0.7786,0.7766,0.778,976706.7
2026-09-04 03:10:00,0.778,0.778,0.7762,0.7771,433137.9
2026-09-04 03:15:00,0.777,0.777,0.7758,0.7761,278049.5
2026-09-04 03:20:00,0.776,0.7765,0.7755,0.7761,371201.8
2026-09-04 03:25:00,0.776,0.776,0.7741,0.7744,294788.4
2026-09-04 03:30:00,0.7744,0.775,0.7729,0.773,342643.7
2026-09-04 03:35:00,0.773,0.7735,0.7722,0.7726,352547.6
2026-09-04 03:40:00,0.7726,0.7731,0.7722,0.7727,249744.8
2026-09-04 03:45:00,0.7728,0.7731,0.7722,0.7727,218880.2
2026-09-04 03:50:00,0.7728,0.7733,0.7721,0.7728,450942.9
2026-09-04 03:55:00,0.7728,0.7729,0.7721,0.7721,346963.8
2026-09-04 04:00:00,0.7721,0.7727,0.7708,0.7715,874782.0
2026-09-04 04:05:00,0.7714,0.7717,0.7706,0.7708,395307.6
2026-09-04 04:10:00,0.7709,0.7734,0.7707,0.7734,648384.6
2026-09-04 04:15:00,0.7733,0.7753,0.7727,0.7745,1656400.3
2026-09-04 04:20:00,0.7744,0.7751,0.7736,0.7748,608201.0
2026-09-04 04:25:00,0.7749,0.7774,0.7741,0.7773,1475236.8
2026-09-04 04:30:00,0.7772,0.7776,0.7756,0.7774,800331.3
2026-09-04 04:35:00,0.7773,0.7775,0.7748,0.7752,866382.0
2026-09-04 04:40:00,0.7752,0.7752,0.7729,0.7733,239573.8
2026-09-04 04:45:00,0.7733,0.7735,0.7723,0.7723,417658.4
2026-09-04 04:50:00,0.7723,0.7733,0.7717,0.7729,292528.2
2026-09-04 04:55:00,0.7729,0.7736,0.7727,0.7727,185756.1
2026-09-04 05:00:00,0.7727,0.7727,0.7708,0.7709,540368.8
2026-09-04 05:05:00,0.7708,0.7727,0.7703,0.772,808116.6
2026-09-04 05:10:00,0.7721,0.7732,0.7701,0.7702,770466.6
2026-09-04 05:15:00,0.7702,0.7721,0.7689,0.7717,1285482.8
2026-09-04 05:20:00,0.7716,0.7743,0.7709,0.7739,784935.0
2026-09-04 05:25:00,0.7739,0.7742,0.7704,0.7704,1033534.8
2026-09-04 05:30:00,0.7704,0.7707,0.7688,0.7695,793520.4
2026-09-04 05:35:00,0.7695,0.7704,0.7666,0.7672,2217673.3
2026-09-04 05:40:00,0.7672,0.7696,0.767,0.7696,694466.4
2026-09-04 05:45:00,0.7696,0.7705,0.7641,0.7646,2067151.1
2026-09-04 05:50:00,0.7645,0.7659,0.7633,0.7657,1351032.5
2026-09-04 05:55:00,0.7657,0.7686,0.7655,0.7678,513079.4
2026-09-04 06:00:00,0.7678,0.7681,0.7667,0.7676,590392.0
2026-09-04 06:05:00,0.7675,0.7694,0.7672,0.7694,603565.5
2026-09-04 06:10:00,0.7693,0.7705,0.7693,0.7693,718627.6
2026-09-04 06:15:00,0.7693,0.7694,0.7676,0.7685,378577.2
2026-09-04 06:20:00,0.7685,0.7685,0.7665,0.7665,398766.5
2026-09-04 06:25:00,0.7666,0.7675,0.7661,0.7666,352959.1
2026-09-04 06:30:00,0.7666,0.768,0.7665,0.7673,345035.9
2026-09-04 06:35:00,0.7674,0.7687,0.7662,0.7686,605691.7
2026-09-04 06:40:00,0.7686,0.7697,0.7683,0.7695,271282.7
2026-09-04 06:45:00,0.7695,0.77,0.7685,0.7699,700295.4
2026-09-04 06:50:00,0.7699,0.7699,0.7686,0.7695,228604.1
2026-09-04 06:55:00,0.7695,0.7701,0.7692,0.77,368168.8
2026-09-04 07:00:00,0.7701,0.7714,0.7697,0.7714,683788.3
2026-09-04 07:05:00,0.7714,0.7734,0.7708,0.7729,1498519.9
2026-09-04 07:10:00,0.7729,0.7737,0.7721,0.7725,1046892.1
2026-09-04 07:15:00,0.7725,0.7728,0.7709,0.7728,364752.9
2026-09-04 07:20:00,0.7728,0.7735,0.7723,0.7723,323456.8
2026-09-04 07:25:00,0.7724,0.7734,0.7721,0.7726,315103.8
2026-09-04 07:30:00,0.7727,0.7739,0.7722,0.7727,464166.9
2026-09-04 07:35:00,0.7727,0.7727,0.7695,0.7709,828436.8
2026-09-04 07:40:00,0.771,0.7723,0.7708,0.7723,340199.0
2026-09-04 07:45:00,0.7723,0.7725,0.7707,0.7708,792431.2
2026-09-04 07:50:00,0.7708,0.7725,0.7698,0.7699,779062.5
2026-09-04 07:55:00,0.7699,0.7709,0.7685,0.7696,1091984.0
2026-09-04 08:00:00,0.7697,0.77,0.768,0.7685,849731.4
2026-09-04 08:05:00,0.7685,0.7711,0.7672,0.7702,1854586.1
2026-09-04 08:10:00,0.7702,0.771,0.7696,0.771,565283.5
2026-09-04 08:15:00,0.771,0.7716,0.7706,0.771,443789.1
2026-09-04 08:20:00,0.771,0.7718,0.7707,0.7716,314551.8
2026-09-04 08:25:00,0.7716,0.772,0.771,0.7715,434163.2
2026-09-04 08:30:00,0.7716,0.7727,0.7703,0.7718,1059391.6
2026-09-04 08:35:00,0.7718,0.7724,0.771,0.7713,624552.5
2026-09-04 08:40:00,0.7714,0.7725,0.7706,0.7716,411276.7
2026-09-04 08:45:00,0.7716,0.7755,0.771,0.7736,1256593.4
2026-09-04 08:50:00,0.7736,0.7758,0.7728,0.7752,1338649.3
2026-09-04 08:55:00,0.7752,0.7775,0.7743,0.7764,2039321.1
2026-09-04 09:00:00,0.7765,0.7787,0.7752,0.7769,1839592.9
2026-09-04 09:05:00,0.7768,0.7776,0.776,0.7765,769799.6
2026-09-04 09:10:00,0.7764,0.7779,0.7753,0.777,1351336.9
2026-09-04 09:15:00,0.777,0.783,0.777,0.7802,3636738.7
2026-09-04 09:20:00,0.7802,0.7807,0.7747,0.7749,1853272.4
2026-09-04 09:25:00,0.7749,0.7763,0.7739,0.7749,784807.1
2026-09-04 09:30:00,0.7749,0.7776,0.7738,0.7766,1450139.9
2026-09-04 09:35:00,0.7767,0.7795,0.7754,0.7775,1614289.7
2026-09-04 09:40:00,0.7774,0.7777,0.7742,0.7753,1171448.0
2026-09-04 09:45:00,0.7754,0.7768,0.7737,0.7752,1406505.7
2026-09-04 09:50:00,0.7751,0.7767,0.7727,0.776,1635886.6
2026-09-04 09:55:00,0.7761,0.7773,0.7748,0.7751,547515.2
2026-09-04 10:00:00,0.7752,0.7758,0.7734,0.7753,721147.3
2026-09-04 10:05:00,0.7753,0.7753,0.7722,0.7724,586080.6
2026-09-04 10:10:00,0.7724,0.7736,0.7701,0.7728,1227792.7
2026-09-04 10:15:00,0.7729,0.7729,0.7701,0.7703,729733.8
2026-09-04 10:20:00,0.7704,0.7723,0.7704,0.7721,413275.9
2026-09-04 10:25:00,0.772,0.7735,0.7715,0.7732,614234.5
2026-09-04 10:30:00,0.7733,0.7749,0.7725,0.7738,592934.7
2026-09-04 10:35:00,0.7738,0.7754,0.7736,0.7753,502543.9
2026-09-04 10:40:00,0.7753,0.7757,0.7735,0.7745,907964.5
2026-09-04 10:45:00,0.7745,0.7754,0.7739,0.7748,658599.1
2026-09-04 10:50:00,0.7749,0.776,0.7741,0.7758,255569.8
2026-09-04 10:55:00,0.7757,0.7765,0.7752,0.7763,369759.6
2026-09-04 11:00:00,0.7763,0.7763,0.7738,0.7753,823366.8
2026-09-04 11:05:00,0.7753,0.7773,0.7749,0.7753,900758.4
2026-09-04 11:10:00,0.7753,0.7754,0.7735,0.7735,376902.8
2026-09-04 11:15:00,0.7735,0.7757,0.7731,0.7753,1014745.3
2026-09-04 11:20:00,0.7752,0.776,0.7739,0.7747,1404557.0
2026-09-04 11:25:00,0.7746,0.7774,0.7742,0.776,856148.6
2026-09-04 11:30:00,0.776,0.7764,0.7752,0.7762,459441.4
2026-09-04 11:35:00,0.7761,0.7778,0.776,0.7777,361787.0
2026-09-04 11:40:00,0.7778,0.7781,0.7759,0.7769,535523.7
2026-09-04 11:45:00,0.7769,0.7769,0.7758,0.7762,203150.4
2026-09-04 11:50:00,0.7762,0.7768,0.7753,0.7765,854716.8
2026-09-04 11:55:00,0.7765,0.7773,0.7757,0.7763,407232.9
2026-09-04 12:00:00,0.7763,0.777,0.7739,0.7753,871717.3
2026-09-04 12:05:00,0.7753,0.7783,0.774,0.7776,906349.1
2026-09-04 12:10:00,0.7777,0.7779,0.7761,0.7778,551735.4
2026-09-04 12:15:00,0.7779,0.7784,0.7746,0.7757,1308501.9
2026-09-04 12:20:00,0.7756,0.7762,0.7747,0.776,477319.7
2026-09-04 12:25:00,0.776,0.7791,0.7756,0.7783,739414.8
2026-09-04 12:30:00,0.7782,0.7782,0.7374,0.7539,37936565.2
2026-09-04 12:35:00,0.754,0.7567,0.7501,0.7564,7222574.3
2026-09-04 12:40:00,0.7564,0.7578,0.7497,0.7501,3909103.5
2026-09-04 12:45:00,0.7501,0.7507,0.7441,0.7502,6295242.6
2026-09-04 12:50:00,0.7502,0.7539,0.7488,0.7523,2456156.0
2026-09-04 12:55:00,0.7523,0.753,0.7489,0.7516,2151666.4
2026-09-04 13:00:00,0.7516,0.7547,0.7498,0.7513,2410343.3
2026-09-04 13:05:00,0.7513,0.7521,0.7482,0.7501,1910248.7
2026-09-04 13:10:00,0.7501,0.7509,0.7483,0.7495,972207.9
2026-09-04 13:15:00,0.7495,0.7525,0.7485,0.7524,1123312.5
2026-09-04 13:20:00,0.7524,0.7543,0.7522,0.754,764640.2
2026-09-04 13:25:00,0.754,0.7548,0.752,0.7527,986940.0
2026-09-04 13:30:00,0.7528,0.7566,0.7517,0.7525,2411196.6
2026-09-04 13:35:00,0.7525,0.7552,0.7494,0.7541,2109920.7
2026-09-04 13:40:00,0.754,0.7554,0.7526,0.7544,1384117.9
2026-09-04 13:45:00,0.7545,0.7594,0.7537,0.7589,2179533.9
2026-09-04 13:50:00,0.7588,0.7588,0.7531,0.7535,1247564.7
2026-09-04 13:55:00,0.7536,0.7554,0.7526,0.7533,1156160.7
2026-09-04 14:00:00,0.7534,0.7559,0.7532,0.7544,855394.2
2026-09-04 14:05:00,0.7545,0.755,0.7516,0.7518,796290.4
2026-09-04 14:10:00,0.7517,0.7535,0.7507,0.7527,833603.5
2026-09-04 14:15:00,0.7527,0.7536,0.7495,0.7495,1062331.9
2026-09-04 14:20:00,0.7494,0.7505,0.7456,0.7499,2638017.9
2026-09-04 14:25:00,0.75,0.7519,0.7499,0.7504,717505.3
2026-09-04 14:30:00,0.7505,0.7505,0.7475,0.7483,1713470.4
2026-09-04 14:35:00,0.7483,0.7502,0.7467,0.7482,1196468.5
2026-09-04 14:40:00,0.7482,0.7482,0.7416,0.7437,3067108.3
2026-09-04 14:45:00,0.7437,0.7457,0.7399,0.7401,2775097.3
2026-09-04 14:50:00,0.7401,0.7433,0.7393,0.7422,2365165.1
2026-09-04 14:55:00,0.7422,0.745,0.7422,0.7434,716357.8
2026-09-04 15:00:00,0.7434,0.7458,0.7418,0.7454,1302356.7
2026-09-04 15:05:00,0.7453,0.7466,0.744,0.7466,796334.5
2026-09-04 15:10:00,0.7465,0.7469,0.7452,0.7468,1099676.0
2026-09-04 15:15:00,0.7469,0.7474,0.7457,0.7459,1314029.5
2026-09-04 15:20:00,0.7459,0.7481,0.7457,0.7479,990798.0
2026-09-04 15:25:00,0.7479,0.749,0.747,0.7482,1109352.9
2026-09-04 15:30:00,0.7483,0.7493,0.7476,0.7478,1077464.6
2026-09-04 15:35:00,0.7479,0.7495,0.7474,0.749,1397040.9
2026-09-04 15:40:00,0.7491,0.7503,0.7491,0.7498,570286.2
2026-09-04 15:45:00,0.7499,0.7504,0.7475,0.7478,1345094.0
2026-09-04 15:50:00,0.7478,0.7492,0.7475,0.7488,331616.8
2026-09-04 15:55:00,0.7489,0.7495,0.7483,0.7489,327226.9
2026-09-04 16:00:00,0.7488,0.7495,0.7476,0.7479,591252.0
2026-09-04 16:05:00,0.748,0.7504,0.7479,0.75,411767.2
2026-09-04 16:10:00,0.7499,0.7507,0.7496,0.7497,698901.0
2026-09-04 16:15:00,0.7497,0.7513,0.7497,0.7506,585393.1
2026-09-04 16:20:00,0.7505,0.7535,0.7505,0.7519,1939096.2
2026-09-04 16:25:00,0.7518,0.7536,0.7513,0.7534,958864.8
2026-09-04 16:30:00,0.7535,0.7564,0.7532,0.7549,1173212.2
2026-09-04 16:35:00,0.7549,0.7549,0.7533,0.7538,632101.6
2026-09-04 16:40:00,0.7537,0.7546,0.7536,0.7543,436906.0
2026-09-04 16:45:00,0.7544,0.755,0.7534,0.7546,567074.5
2026-09-04 16:50:00,0.7547,0.7551,0.7535,0.7539,1165002.6
2026-09-04 16:55:00,0.7538,0.7544,0.7524,0.7526,741485.5
2026-09-04 17:00:00,0.7527,0.7528,0.7508,0.7519,1385036.1
2026-09-04 17:05:00,0.7519,0.753,0.7513,0.7524,354612.8
2026-09-04 17:10:00,0.7524,0.7526,0.7501,0.7503,582191.1
2026-09-04 17:15:00,0.7504,0.7516,0.7496,0.7513,1010648.9
2026-09-04 17:20:00,0.7514,0.7522,0.7508,0.7515,384676.8
2026-09-04 17:25:00,0.7515,0.7526,0.7508,0.7515,403369.4
2026-09-04 17:30:00,0.7515,0.7527,0.7515,0.7524,401838.1
2026-09-04 17:35:00,0.7524,0.7536,0.7517,0.7527,626630.7
2026-09-04 17:40:00,0.7526,0.7526,0.75,0.7508,615566.7
2026-09-04 17:45:00,0.7508,0.7513,0.75,0.7509,369210.3
2026-09-04 17:50:00,0.7509,0.7509,0.7467,0.7499,1503144.8
2026-09-04 17:55:00,0.75,0.7506,0.7492,0.7502,422922.3
2026-09-04 18:00:00,0.7503,0.7529,0.7502,0.7528,642376.9
2026-09-04 18:05:00,0.7527,0.7544,0.7518,0.7529,1389565.4
2026-09-04 18:10:00,0.753,0.7532,0.751,0.7513,374208.4
2026-09-04 18:15:00,0.7513,0.7522,0.7512,0.7522,261121.2
2026-09-04 18:20:00,0.7523,0.7528,0.7521,0.7524,196969.6
2026-09-04 18:25:00,0.7524,0.7528,0.7511,0.7516,296552.5
2026-09-04 18:30:00,0.7516,0.7531,0.7516,0.7531,316616.8
2026-09-04 18:35:00,0.7531,0.7531,0.7519,0.7527,266834.1
2026-09-04 18:40:00,0.7527,0.7543,0.7527,0.7543,432669.6
2026-09-04 18:45:00,0.7543,0.7544,0.7536,0.7537,361537.4
2026-09-04 18:50:00,0.7538,0.7544,0.7535,0.7542,381518.2
2026-09-04 18:55:00,0.7541,0.7543,0.7536,0.754,330902.8
2026-09-04 19:00:00,0.754,0.755,0.7538,0.7543,639387.7
2026-09-04 19:05:00,0.7544,0.7563,0.7543,0.7547,1585523.1
2026-09-04 19:10:00,0.7547,0.7549,0.7535,0.7545,322956.7
2026-09-04 19:15:00,0.7544,0.7572,0.7544,0.7569,592891.3
2026-09-04 19:20:00,0.757,0.7583,0.7564,0.7583,768596.7
2026-09-04 19:25:00,0.7583,0.7605,0.7582,0.7603,875853.5
2026-09-04 19:30:00,0.7602,0.7602,0.7587,0.7594,705691.6
2026-09-04 19:35:00,0.7595,0.7595,0.7572,0.7577,590169.2
2026-09-04 19:40:00,0.7577,0.7587,0.7571,0.7577,360452.4
2026-09-04 19:45:00,0.7577,0.7603,0.7573,0.7597,1083522.1
2026-09-04 19:50:00,0.7597,0.7606,0.7579,0.7588,833631.1
2026-09-04 19:55:00,0.7588,0.7594,0.7579,0.7586,780528.9
2026-09-04 20:00:00,0.7586,0.7597,0.7585,0.7595,722878.9
2026-09-04 20:05:00,0.7594,0.7595,0.7584,0.759,452816.3
2026-09-04 20:10:00,0.7589,0.7591,0.7566,0.757,502256.3
2026-09-04 20:15:00,0.7571,0.7587,0.7566,0.7587,396965.2
2026-09-04 20:20:00,0.7587,0.7589,0.7576,0.7576,159265.3
2026-09-04 20:25:00,0.7576,0.7578,0.7567,0.757,152153.3
2026-09-04 20:30:00,0.757,0.7585,0.7568,0.7579,811586.7
2026-09-04 20:35:00,0.7579,0.7597,0.7578,0.7583,921463.4
2026-09-04 20:40:00,0.7583,0.7586,0.7563,0.7579,840293.0
2026-09-04 20:45:00,0.7579,0.7588,0.7572,0.7579,268718.9
2026-09-04 20:50:00,0.7579,0.7579,0.7565,0.7573,248930.7
2026-09-04 20:55:00,0.7572,0.7572,0.7567,0.7567,200824.4
2026-09-04 21:00:00,0.7567,0.7573,0.7561,0.7564,686612.0
2026-09-04 21:05:00,0.7564,0.7577,0.756,0.7563,313660.2
2026-09-04 21:10:00,0.7564,0.7573,0.7564,0.7567,166836.6
2026-09-04 21:15:00,0.7567,0.7586,0.7566,0.7582,212841.5
2026-09-04 21:20:00,0.7582,0.7583,0.7574,0.7576,179159.8
2026-09-04 21:25:00,0.7575,0.7578,0.756,0.7568,769946.0
2026-09-04 21:30:00,0.7569,0.7581,0.7562,0.7569,911396.5
2026-09-04 21:35:00,0.7569,0.7576,0.7564,0.7565,218312.4
2026-09-04 21:40:00,0.7565,0.7581,0.7565,0.7577,609301.7
2026-09-04 21:45:00,0.7577,0.7588,0.7562,0.7562,211334.7
2026-09-04 21:50:00,0.7562,0.7566,0.7527,0.7535,774816.6
2026-09-04 21:55:00,0.7536,0.7539,0.752,0.7524,748612.4
2026-09-04 22:00:00,0.7523,0.7538,0.7522,0.7532,576178.4
2026-09-04 22:05:00,0.7532,0.7536,0.7523,0.7529,227436.5
2026-09-04 22:10:00,0.7528,0.7534,0.7522,0.7532,219284.3
2026-09-04 22:15:00,0.7531,0.7537,0.7521,0.7526,1088848.0
2026-09-04 22:20:00,0.7526,0.7532,0.752,0.7527,935802.8
2026-09-04 22:25:00,0.7527,0.7538,0.7522,0.7529,483106.7
2026-09-04 22:30:00,0.7529,0.7536,0.7526,0.7532,274305.6
2026-09-04 22:35:00,0.7532,0.7539,0.7531,0.7537,182240.1
2026-09-04 22:40:00,0.7538,0.7547,0.7534,0.7534,276509.5
2026-09-04 22:45:00,0.7535,0.7536,0.7526,0.753,219076.6
2026-09-04 22:50:00,0.753,0.7532,0.7519,0.752,312937.1
2026-09-04 22:55:00,0.752,0.7524,0.7506,0.7515,524193.0
2026-09-04 23:00:00,0.7514,0.7523,0.7508,0.7522,369801.3
2026-09-04 23:05:00,0.7522,0.753,0.752,0.7527,160700.8
2026-09-04 23:10:00,0.7527,0.753,0.7519,0.7523,141213.8
2026-09-04 23:15:00,0.7523,0.7527,0.7523,0.7527,120024.2
2026-09-04 23:20:00,0.7526,0.754,0.7526,0.754,204082.6
2026-09-04 23:25:00,0.7539,0.7552,0.7537,0.7548,969879.3
2026-09-04 23:30:00,0.7548,0.755,0.7535,0.7539,227861.2
2026-09-04 23:35:00,0.7539,0.7549,0.7538,0.7547,154489.4
2026-09-04 23:40:00,0.7547,0.7549,0.7541,0.7544,218193.9
2026-09-04 23:45:00,0.7544,0.7547,0.7543,0.7544,165775.8
2026-09-04 23:50:00,0.7544,0.7555,0.7544,0.7545,270848.8
2026-09-04 23:55:00,0.7544,0.7553,0.7544,0.7552,176722.3
2026-09-05 00:00:00,0.7552,0.7553,0.7544,0.7548,332507.3
2026-09-05 00:05:00,0.7547,0.7572,0.7544,0.7566,802648.0
2026-09-05 00:10:00,0.7567,0.7575,0.7562,0.7562,392923.1
2026-09-05 00:15:00,0.7563,0.757,0.7554,0.7561,291871.1
2026-09-05 00:20:00,0.7561,0.7566,0.7557,0.7557,225171.2
2026-09-05 00:25:00,0.7557,0.7572,0.7556,0.7571,268884.4
2026-09-05 00:30:00,0.7571,0.7575,0.7561,0.7571,853993.9
2026-09-05 00:35:00,0.7571,0.7588,0.7565,0.7587,580645.6
2026-09-05 00:40:00,0.7587,0.7639,0.7579,0.7615,3247895.7
2026-09-05 00:45:00,0.7615,0.7625,0.7585,0.7613,2290357.4
2026-09-05 00:50:00,0.7612,0.7673,0.7607,0.7666,2449031.7
2026-09-05 00:55:00,0.7666,0.7675,0.7612,0.7613,2077973.2
2026-09-05 01:00:00,0.7613,0.7623,0.759,0.7619,2178750.3
2026-09-05 01:05:00,0.7618,0.767,0.7618,0.7666,738166.2
2026-09-05 01:10:00,0.7666,0.7686,0.7636,0.7641,2129382.6
2026-09-05 01:15:00,0.7642,0.7658,0.7637,0.764,686372.9
2026-09-05 01:20:00,0.7641,0.7641,0.7626,0.7632,608641.2
2026-09-05 01:25:00,0.7633,0.7662,0.7623,0.766,1556243.1
2026-09-05 01:30:00,0.7661,0.7708,0.7652,0.77,1427087.8
2026-09-05 01:35:00,0.7699,0.7702,0.7663,0.7666,1744888.3
2026-09-05 01:40:00,0.7665,0.7679,0.7655,0.766,687098.6
2026-09-05 01:45:00,0.7661,0.7669,0.7634,0.764,1430549.6
2026-09-05 01:50:00,0.7639,0.7649,0.7629,0.7639,381777.9
2026-09-05 01:55:00,0.764,0.7641,0.7625,0.7631,564420.3
2026-09-05 02:00:00,0.7632,0.7636,0.7607,0.7616,659991.8
2026-09-05 02:05:00,0.7615,0.7642,0.7613,0.7635,386408.4
2026-09-05 02:10:00,0.7635,0.7641,0.7631,0.7641,339587.3
2026-09-05 02:15:00,0.7641,0.7653,0.7633,0.7633,191622.3
2026-09-05 02:20:00,0.7633,0.7668,0.7622,0.7668,1284949.1
2026-09-05 02:25:00,0.7667,0.7687,0.7632,0.7637,1607153.3
2026-09-05 02:30:00,0.7636,0.7652,0.762,0.7652,1599891.2
2026-09-05 02:35:00,0.7652,0.7666,0.7647,0.7662,548229.2
2026-09-05 02:40:00,0.7662,0.7671,0.7658,0.7662,308827.9
2026-09-05 02:45:00,0.7662,0.7663,0.7646,0.7653,542846.3
2026-09-05 02:50:00,0.7654,0.7654,0.7635,0.7646,937082.9
2026-09-05 02:55:00,0.7646,0.7659,0.7645,0.765,233880.0
2026-09-05 03:00:00,0.765,0.7653,0.7638,0.7649,333759.7
2026-09-05 03:05:00,0.7649,0.7651,0.7613,0.7624,1236728.1
2026-09-05 03:10:00,0.7623,0.7638,0.7603,0.7627,2413863.7
2026-09-05 03:15:00,0.7627,0.7662,0.7627,0.7633,1177167.9
2026-09-05 03:20:00,0.7633,0.7648,0.7621,0.7645,1293104.9
2026-09-05 03:25:00,0.7645,0.7662,0.7638,0.7654,433974.0
2026-09-05 03:30:00,0.7654,0.7663,0.7646,0.7648,296448.0
2026-09-05 03:35:00,0.7648,0.7659,0.7647,0.7651,181043.0
2026-09-05 03:40:00,0.765,0.7665,0.7648,0.7665,197734.0
2026-09-05 03:45:00,0.7664,0.7685,0.7657,0.7677,2144434.9
2026-09-05 03:50:00,0.7676,0.7678,0.7653,0.7654,758192.8
2026-09-05 03:55:00,0.7653,0.766,0.7647,0.7656,654554.2
2026-09-05 04:00:00,0.7656,0.7656,0.7633,0.7651,1074784.4
2026-09-05 04:05:00,0.765,0.7667,0.7628,0.763,1108790.0
2026-09-05 04:10:00,0.7629,0.7632,0.7616,0.7621,744618.6
2026-09-05 04:15:00,0.7621,0.7643,0.7616,0.7632,1201228.7
2026-09-05 04:20:00,0.7633,0.7644,0.7633,0.764,555333.2
2026-09-05 04:25:00,0.7641,0.7648,0.7639,0.7645,274765.8
2026-09-05 04:30:00,0.7644,0.7655,0.7643,0.7646,400198.0
2026-09-05 04:35:00,0.7646,0.765,0.7641,0.7641,261706.5
2026-09-05 04:40:00,0.7641,0.7672,0.7636,0.7663,1010842.1
2026-09-05 04:45:00,0.7663,0.7672,0.763,0.7648,1498757.2
2026-09-05 04:50:00,0.7648,0.7673,0.764,0.7672,1324472.0
2026-09-05 04:55:00,0.7673,0.7687,0.7655,0.7657,1526609.7
2026-09-05 05:00:00,0.7657,0.766,0.7631,0.7636,1310510.2
2026-09-05 05:05:00,0.7635,0.7671,0.763,0.7663,1681526.9
2026-09-05 05:10:00,0.7663,0.7681,0.7662,0.7678,590351.5
2026-09-05 05:15:00,0.7678,0.7688,0.7657,0.7664,2180125.8
2026-09-05 05:20:00,0.7664,0.7669,0.7647,0.7655,257493.8
2026-09-05 05:25:00,0.7655,0.766,0.7647,0.7658,180762.5
2026-09-05 05:30:00,0.7658,0.7667,0.7657,0.7664,310616.2
2026-09-05 05:35:00,0.7665,0.7671,0.7664,0.7667,539569.2
2026-09-05 05:40:00,0.7668,0.7688,0.7668,0.7672,948163.6
2026-09-05 05:45:00,0.7672,0.7673,0.7649,0.7653,295750.8
2026-09-05 05:50:00,0.7652,0.7704,0.7649,0.7704,1361329.5
2026-09-05 05:55:00,0.7704,0.7727,0.7692,0.7698,1868793.4
2026-09-05 06:00:00,0.7698,0.7745,0.7698,0.7735,1132136.7
2026-09-05 06:05:00,0.7734,0.7736,0.7709,0.771,865867.5
2026-09-05 06:10:00,0.7711,0.7752,0.771,0.7738,1950812.5
2026-09-05 06:15:00,0.7737,0.7762,0.7726,0.7748,802720.1
2026-09-05 06:20:00,0.7748,0.7752,0.7742,0.7748,529525.1
2026-09-05 06:25:00,0.7748,0.7762,0.774,0.7756,667329.6
2026-09-05 06:30:00,0.7756,0.779,0.7756,0.7781,1410270.0
2026-09-05 06:35:00,0.7781,0.7833,0.7775,0.7822,2386117.8
2026-09-05 06:40:00,0.7821,0.7827,0.7786,0.7814,1665679.3
2026-09-05 06:45:00,0.7814,0.7836,0.7788,0.78,1568357.2
2026-09-05 06:50:00,0.78,0.7813,0.779,0.7795,743977.1
2026-09-05 06:55:00,0.7796,0.7818,0.7796,0.7812,641268.3
2026-09-05 07:00:00,0.7811,0.7822,0.7798,0.7816,839677.3
2026-09-05 07:05:00,0.7817,0.784,0.7809,0.7809,1022225.6
2026-09-05 07:10:00,0.781,0.7837,0.7807,0.7822,701518.6
2026-09-05 07:15:00,0.7821,0.7854,0.7787,0.7818,2074211.8
2026-09-05 07:20:00,0.7818,0.7845,0.7807,0.7825,729190.0
2026-09-05 07:25:00,0.7824,0.7898,0.7824,0.7882,3104548.6
2026-09-05 07:30:00,0.7881,0.7889,0.7849,0.788,1524577.2
2026-09-05 07:35:00,0.788,0.7908,0.7875,0.788,2503826.7
2026-09-05 07:40:00,0.788,0.7934,0.7875,0.7929,2219776.8
2026-09-05 07:45:00,0.7929,0.7939,0.7882,0.7887,2051489.7
2026-09-05 07:50:00,0.7887,0.7925,0.7879,0.7897,1247728.2
2026-09-05 07:55:00,0.7897,0.7933,0.7878,0.7933,1537523.9
2026-09-05 08:00:00,0.7932,0.7936,0.7865,0.7873,3118578.5
2026-09-05 08:05:00,0.7873,0.7892,0.7854,0.7864,2146050.2
2026-09-05 08:10:00,0.7865,0.7893,0.786,0.7877,1724229.8
2026-09-05 08:15:00,0.7877,0.7922,0.7862,0.7867,2563423.3
2026-09-05 08:20:00,0.7866,0.789,0.7847,0.7853,1445720.8
2026-09-05 08:25:00,0.7854,0.7893,0.7842,0.7892,1793659.9
2026-09-05 08:30:00,0.7892,0.7892,0.786,0.7866,1388577.8
2026-09-05 08:35:00,0.7867,0.7887,0.7852,0.7871,748547.4
2026-09-05 08:40:00,0.7871,0.7878,0.7858,0.786,613674.8
2026-09-05 08:45:00,0.786,0.7864,0.7833,0.7835,1159404.0
2026-09-05 08:50:00,0.7835,0.7864,0.7831,0.7855,1649580.0
2026-09-05 08:55:00,0.7855,0.7875,0.7853,0.7868,800741.1
2026-09-05 09:00:00,0.7868,0.788,0.7866,0.7872,621523.3
2026-09-05 09:05:00,0.7872,0.7888,0.7866,0.7875,457602.2
2026-09-05 09:10:00,0.7876,0.7884,0.7868,0.7882,512848.2
2026-09-05 09:15:00,0.7882,0.7882,0.7864,0.7868,564075.5
2026-09-05 09:20:00,0.7869,0.7876,0.786,0.7873,457476.7
2026-09-05 09:25:00,0.7873,0.7876,0.7861,0.7867,272287.7
2026-09-05 09:30:00,0.7867,0.7883,0.7866,0.7869,470253.6
2026-09-05 09:35:00,0.7868,0.7873,0.786,0.7867,535254.9
2026-09-05 09:40:00,0.7867,0.7867,0.7845,0.7855,1130021.1
2026-09-05 09:45:00,0.7854,0.7858,0.784,0.7848,361146.3
2026-09-05 09:50:00,0.7848,0.7861,0.7846,0.7861,480811.1
2026-09-05 09:55:00,0.786,0.787,0.7843,0.7846,549748.5
2026-09-05 10:00:00,0.7846,0.7856,0.7841,0.785,600175.6
2026-09-05 10:05:00,0.785,0.7875,0.7841,0.7874,864767.5
2026-09-05 10:10:00,0.7874,0.7879,0.7838,0.7839,1172376.8
2026-09-05 10:15:00,0.7839,0.7852,0.7833,0.7848,1409144.6
2026-09-05 10:20:00,0.7847,0.7867,0.7834,0.7861,1341380.7
2026-09-05 10:25:00,0.786,0.7869,0.7848,0.7861,703169.0
2026-09-05 10:30:00,0.7861,0.7883,0.7858,0.7882,883224.6
2026-09-05 10:35:00,0.7882,0.7882,0.7817,0.7842,2060697.7
2026-09-05 10:40:00,0.7842,0.7855,0.7831,0.7841,640201.9
2026-09-05 10:45:00,0.784,0.785,0.7831,0.7836,465438.1
2026-09-05 10:50:00,0.7835,0.785,0.7821,0.7844,1331478.2
2026-09-05 10:55:00,0.7844,0.7861,0.783,0.7834,1087733.7
2026-09-05 11:00:00,0.7834,0.7842,0.7823,0.7835,630132.4
2026-09-05 11:05:00,0.7835,0.7866,0.7818,0.7863,1708259.4
2026-09-05 11:10:00,0.7864,0.7864,0.7836,0.7847,1276471.3
2026-09-05 11:15:00,0.7846,0.7847,0.7827,0.783,911422.0
2026-09-05 11:20:00,0.783,0.7833,0.7826,0.7833,400565.2
2026-09-05 11:25:00,0.7832,0.7833,0.7826,0.7831,370061.0
2026-09-05 11:30:00,0.783,0.7831,0.7818,0.7825,536546.9
2026-09-05 11:35:00,0.7825,0.7856,0.7823,0.7848,687029.4
2026-09-05 11:40:00,0.7849,0.7852,0.7835,0.784,656061.5
2026-09-05 11:45:00,0.784,0.7864,0.7834,0.7862,1093318.0
2026-09-05 11:50:00,0.7861,0.7876,0.7851,0.7854,1338354.1
2026-09-05 11:55:00,0.7853,0.7861,0.7842,0.7846,532164.2
2026-09-05 12:00:00,0.7846,0.7859,0.7844,0.7859,421156.2
2026-09-05 12:05:00,0.7859,0.7876,0.7855,0.7865,514769.4
2026-09-05 12:10:00,0.7865,0.7876,0.7858,0.787,438647.0
2026-09-05 12:15:00,0.7869,0.7873,0.7863,0.7866,566633.3
2026-09-05 12:20:00,0.7865,0.7891,0.7865,0.789,512328.1
2026-09-05 12:25:00,0.789,0.7904,0.788,0.7896,1189829.2
2026-09-05 12:30:00,0.7896,0.7969,0.7879,0.7952,5289721.8
2026-09-05 12:35:00,0.7952,0.8053,0.7949,0.8016,9925150.1
2026-09-05 12:40:00,0.8016,0.8062,0.8005,0.8027,3543002.2
2026-09-05 12:45:00,0.8028,0.8049,0.8007,0.8023,3058672.5
2026-09-05 12:50:00,0.8022,0.8028,0.7998,0.8007,1683941.3
2026-09-05 12:55:00,0.8007,0.8032,0.799,0.8001,2218740.7
2026-09-05 13:00:00,0.8,0.801,0.7972,0.7983,2447580.8
2026-09-05 13:05:00,0.7984,0.7996,0.7968,0.7985,1806905.2
2026-09-05 13:10:00,0.7984,0.8003,0.798,0.7997,1453864.6
2026-09-05 13:15:00,0.7997,0.8004,0.7916,0.7927,5055487.2
2026-09-05 13:20:00,0.7927,0.8001,0.7921,0.7991,3042446.2
2026-09-05 13:25:00,0.799,0.7991,0.7973,0.7988,849877.5
2026-09-05 13:30:00,0.7987,0.8031,0.798,0.7981,2170484.0
2026-09-05 13:35:00,0.7981,0.7983,0.7938,0.7938,1654747.9
2026-09-05 13:40:00,0.7938,0.798,0.7905,0.7946,3250736.6
2026-09-05 13:45:00,0.7946,0.7988,0.7945,0.7988,1379003.7
2026-09-05 13:50:00,0.7987,0.7987,0.792,0.7952,2641136.1
2026-09-05 13:55:00,0.7952,0.7954,0.7932,0.7935,630594.4
2026-09-05 14:00:00,0.7935,0.7972,0.7935,0.7954,1930186.5
2026-09-05 14:05:00,0.7953,0.7972,0.7946,0.796,734762.5
2026-09-05 14:10:00,0.7961,0.8008,0.7957,0.7998,1611080.6
2026-09-05 14:15:00,0.7997,0.8004,0.7983,0.7992,872292.0
2026-09-05 14:20:00,0.7992,0.8008,0.7976,0.8002,1815097.8
2026-09-05 14:25:00,0.8002,0.8039,0.7998,0.8028,1844191.1
2026-09-05 14:30:00,0.8027,0.8048,0.8011,0.8046,1107336.0
2026-09-05 14:35:00,0.8047,0.805,0.8024,0.8043,1309505.4
2026-09-05 14:40:00,0.8043,0.8068,0.8015,0.802,2055836.7
2026-09-05 14:45:00,0.802,0.8034,0.7996,0.8004,1680338.3
2026-09-05 14:50:00,0.8004,0.8011,0.7984,0.7999,1543272.1
2026-09-05 14:55:00,0.7999,0.8026,0.7988,0.799,1397124.3
2026-09-05 15:00:00,0.7989,0.7993,0.7964,0.7965,1972971.1
2026-09-05 15:05:00,0.7965,0.8009,0.7954,0.8,2316806.2
2026-09-05 15:10:00,0.8,0.8005,0.7972,0.7973,2024303.5
2026-09-05 15:15:00,0.7972,0.7974,0.7938,0.7953,1619148.0
2026-09-05 15:20:00,0.7953,0.7995,0.7951,0.7989,1888580.9
2026-09-05 15:25:00,0.7988,0.8019,0.7968,0.797,1897735.5
2026-09-05 15:30:00,0.7969,0.7981,0.7949,0.7951,952943.5
2026-09-05 15:35:00,0.7951,0.7981,0.7951,0.7978,770967.1
2026-09-05 15:40:00,0.7977,0.7984,0.796,0.797,849336.8
2026-09-05 15:45:00,0.797,0.7974,0.7949,0.7966,585548.0
2026-09-05 15:50:00,0.7965,0.7966,0.7947,0.7956,872859.2
2026-09-05 15:55:00,0.7955,0.7973,0.7954,0.7966,528106.4
2026-09-05 16:00:00,0.7966,0.7966,0.7946,0.7955,933158.2
2026-09-05 16:05:00,0.7956,0.7958,0.7938,0.7953,560612.4
2026-09-05 16:10:00,0.7952,0.7961,0.7925,0.7934,1534717.9
2026-09-05 16:15:00,0.7933,0.794,0.7915,0.7916,1400987.0
2026-09-05 16:20:00,0.7917,0.7945,0.7916,0.7944,1282943.5
2026-09-05 16:25:00,0.7943,0.7969,0.7941,0.7968,1406310.3
2026-09-05 16:30:00,0.7969,0.7991,0.796,0.7979,2361749.3
2026-09-05 16:35:00,0.7979,0.7979,0.7952,0.7952,879148.7
2026-09-05 16:40:00,0.7952,0.7966,0.795,0.7958,1000675.7
2026-09-05 16:45:00,0.7959,0.7976,0.7946,0.797,1849658.8
2026-09-05 16:50:00,0.7971,0.7996,0.7951,0.7993,1313321.4
2026-09-05 16:55:00,0.7993,0.8021,0.7975,0.798,1928881.7
2026-09-05 17:00:00,0.7981,0.7995,0.7956,0.7969,4660652.6
2026-09-05 17:05:00,0.7968,0.8017,0.7965,0.8016,3006148.6
2026-09-05 17:10:00,0.8015,0.8047,0.8011,0.8041,3810133.0
2026-09-05 17:15:00,0.804,0.8045,0.799,0.7996,2039416.9
2026-09-05 17:20:00,0.7997,0.801,0.7976,0.7983,4416555.0
2026-09-05 17:25:00,0.7983,0.7993,0.7965,0.7975,833761.4
2026-09-05 17:30:00,0.7976,0.8007,0.7971,0.7993,1073871.9
2026-09-05 17:35:00,0.7992,0.8004,0.7961,0.7973,1367295.9
2026-09-05 17:40:00,0.7973,0.7996,0.7969,0.7992,690212.5
2026-09-05 17:45:00,0.7993,0.801,0.799,0.8005,737626.0
2026-09-05 17:50:00,0.8004,0.8033,0.8004,0.803,1656055.5
2026-09-05 17:55:00,0.803,0.8049,0.8015,0.8026,3346431.3
2026-09-05 18:00:00,0.8025,0.8032,0.7996,0.8019,2221125.2
2026-09-05 18:05:00,0.8018,0.8043,0.801,0.802,1533672.2
2026-09-05 18:10:00,0.802,0.8066,0.8014,0.8063,1622666.2
2026-09-05 18:15:00,0.8063,0.8095,0.8045,0.8089,2734041.1
2026-09-05 18:20:00,0.8089,0.8124,0.8083,0.8088,3995336.0
2026-09-05 18:25:00,0.8087,0.8091,0.8052,0.8054,1364806.0
2026-09-05 18:30:00,0.8055,0.8094,0.8055,0.8084,1514675.3
2026-09-05 18:35:00,0.8084,0.8084,0.8059,0.8064,567241.9
2026-09-05 18:40:00,0.8064,0.8067,0.8015,0.8027,2839308.7
2026-09-05 18:45:00,0.8028,0.8045,0.8025,0.8039,792876.7
2026-09-05 18:50:00,0.804,0.8044,0.8017,0.8029,1124533.9
2026-09-05 18:55:00,0.803,0.8043,0.8022,0.8026,498037.0
2026-09-05 19:00:00,0.8025,0.8028,0.7994,0.8004,1906171.0
2026-09-05 19:05:00,0.8004,0.804,0.8004,0.8032,715378.5
2026-09-05 19:10:00,0.8032,0.8051,0.8031,0.8047,933689.1
2026-09-05 19:15:00,0.8048,0.8061,0.8038,0.8058,662847.1
2026-09-05 19:20:00,0.8058,0.8073,0.8043,0.8072,1466367.5
2026-09-05 19:25:00,0.8073,0.8095,0.8072,0.8093,1333278.6
2026-09-05 19:30:00,0.8093,0.8126,0.8088,0.8088,2893083.6
2026-09-05 19:35:00,0.809,0.8099,0.8063,0.8067,1365740.9
2026-09-05 19:40:00,0.8068,0.8106,0.8065,0.8104,1465212.8
2026-09-05 19:45:00,0.8103,0.811,0.8035,0.8042,2520347.8
2026-09-05 19:50:00,0.8042,0.8064,0.8027,0.8046,1771363.2
2026-09-05 19:55:00,0.8046,0.8064,0.8019,0.8022,1823047.2
2026-09-05 20:00:00,0.8021,0.8036,0.7999,0.8003,1716268.0
2026-09-05 20:05:00,0.8003,0.8057,0.7998,0.8056,1425705.8
2026-09-05 20:10:00,0.8055,0.807,0.8014,0.8022,2379633.7
2026-09-05 20:15:00,0.8021,0.8025,0.7972,0.7982,2155921.9
2026-09-05 20:20:00,0.7982,0.8026,0.7976,0.8025,1848142.8
2026-09-05 20:25:00,0.8026,0.8041,0.7981,0.7988,2634533.7
2026-09-05 20:30:00,0.7988,0.7994,0.7972,0.7984,1514548.7
2026-09-05 20:35:00,0.7983,0.8023,0.7972,0.8002,1946223.4
2026-09-05 20:40:00,0.8002,0.8025,0.7988,0.8017,1703348.7
2026-09-05 20:45:00,0.8017,0.8027,0.8005,0.8011,815673.7
2026-09-05 20:50:00,0.8011,0.8015,0.798,0.7986,1527118.1
2026-09-05 20:55:00,0.7986,0.7994,0.7974,0.798,726099.1
2026-09-05 21:00:00,0.798,0.8001,0.7979,0.7993,599259.2
2026-09-05 21:05:00,0.7992,0.8017,0.798,0.8014,781462.8
2026-09-05 21:10:00,0.8013,0.8027,0.8012,0.8019,494384.5
2026-09-05 21:15:00,0.8019,0.8034,0.8012,0.8027,488825.9
2026-09-05 21:20:00,0.8027,0.8053,0.8019,0.8043,858716.3
2026-09-05 21:25:00,0.8043,0.8063,0.8036,0.806,807662.0
2026-09-05 21:30:00,0.8059,0.8086,0.8059,0.8061,759542.2
2026-09-05 21:35:00,0.8062,0.8064,0.8047,0.8055,966912.8
2026-09-05 21:40:00,0.8056,0.806,0.8038,0.8051,996598.3
2026-09-05 21:45:00,0.805,0.8052,0.8024,0.8037,514417.6
2026-09-05 21:50:00,0.8036,0.8046,0.8028,0.8035,413725.3
2026-09-05 21:55:00,0.8035,0.8044,0.8027,0.8043,455530.9
2026-09-05 22:00:00,0.8043,0.8056,0.8023,0.8025,978200.0
2026-09-05 22:05:00,0.8024,0.8029,0.8001,0.8003,1211629.2
2026-09-05 22:10:00,0.8004,0.8028,0.8004,0.8025,617299.7
2026-09-05 22:15:00,0.8026,0.8038,0.8002,0.8003,1014412.6
2026-09-05 22:20:00,0.8002,0.8007,0.7982,0.7997,1150317.4
2026-09-05 22:25:00,0.7996,0.7996,0.7938,0.7976,2140557.7
2026-09-05 22:30:00,0.7976,0.7995,0.7975,0.7982,1077867.2
2026-09-05 22:35:00,0.7982,0.799,0.7978,0.7985,576750.2
2026-09-05 22:40:00,0.7984,0.7989,0.7976,0.7976,586309.3
2026-09-05 22:45:00,0.7975,0.7982,0.7963,0.7969,815595.9
2026-09-05 22:50:00,0.797,0.7994,0.7966,0.7992,460020.4
2026-09-05 22:55:00,0.7992,0.7992,0.7977,0.7982,426538.8
2026-09-05 23:00:00,0.7981,0.7983,0.7962,0.7968,552863.6
2026-09-05 23:05:00,0.7969,0.7981,0.7962,0.7976,471278.7
2026-09-05 23:10:00,0.7977,0.7979,0.7968,0.7974,245499.2
2026-09-05 23:15:00,0.7973,0.7991,0.7965,0.799,662250.7
2026-09-05 23:20:00,0.7989,0.799,0.7954,0.7956,922522.0
2026-09-05 23:25:00,0.7956,0.7971,0.7945,0.796,1326456.4
2026-09-05 23:30:00,0.796,0.7972,0.7959,0.7971,551862.8
2026-09-05 23:35:00,0.7971,0.7981,0.7915,0.7952,2163763.5
2026-09-05 23:40:00,0.7953,0.7956,0.7941,0.7944,710640.1
2026-09-05 23:45:00,0.7944,0.7975,0.7942,0.7964,1410632.8
2026-09-05 23:50:00,0.7963,0.7971,0.7959,0.7963,936272.4
2026-09-05 23:55:00,0.7963,0.7964,0.7933,0.7949,936644.7
2026-09-06 00:00:00,0.7949,0.7952,0.7938,0.7949,720322.9
2026-09-06 00:05:00,0.7948,0.7952,0.7936,0.7952,539100.5
2026-09-06 00:10:00,0.7952,0.7961,0.7952,0.7958,327005.1
2026-09-06 00:15:00,0.7958,0.7968,0.7952,0.7961,575853.1
2026-09-06 00:20:00,0.7961,0.797,0.7957,0.7966,406367.3
2026-09-06 00:25:00,0.7966,0.7984,0.7965,0.7977,668707.1
2026-09-06 00:30:00,0.7978,0.7994,0.7969,0.7977,952614.4
2026-09-06 00:35:00,0.7976,0.7981,0.7956,0.797,1028787.9
2026-09-06 00:40:00,0.797,0.7985,0.7963,0.797,896451.9
2026-09-06 00:45:00,0.7971,0.7971,0.7954,0.7961,700262.9
2026-09-06 00:50:00,0.796,0.7979,0.7954,0.7969,1311925.0
2026-09-06 00:55:00,0.7969,0.7992,0.7968,0.797,1299971.2
2026-09-06 01:00:00,0.797,0.8005,0.796,0.7969,1407407.7
2026-09-06 01:05:00,0.7968,0.8015,0.7965,0.8011,1330014.6
2026-09-06 01:10:00,0.8011,0.8044,0.8007,0.8016,2033378.2
2026-09-06 01:15:00,0.8017,0.8043,0.8005,0.8032,1464944.6
2026-09-06 01:20:00,0.8032,0.8043,0.8014,0.803,1280269.7
2026-09-06 01:25:00,0.803,0.8043,0.8029,0.8037,639673.0
2026-09-06 01:30:00,0.8036,0.8062,0.8028,0.8061,1440011.8
2026-09-06 01:35:00,0.8061,0.8072,0.8034,0.8054,1630937.3
2026-09-06 01:40:00,0.8055,0.8064,0.8027,0.8027,1217313.9
2026-09-06 01:45:00,0.8027,0.8059,0.8016,0.802,1877006.0
2026-09-06 01:50:00,0.8019,0.8058,0.8019,0.8044,1205695.6
2026-09-06 01:55:00,0.8044,0.8047,0.8004,0.8022,1428350.6
2026-09-06 02:00:00,0.8023,0.8054,0.8023,0.8049,1862631.1
2026-09-06 02:05:00,0.8049,0.8118,0.8049,0.8116,3748776.1
2026-09-06 02:10:00,0.8117,0.8126,0.8044,0.8058,3717964.4
2026-09-06 02:15:00,0.8058,0.8062,0.797,0.799,4556233.4
2026-09-06 02:20:00,0.7991,0.7991,0.7958,0.7969,1898192.7
2026-09-06 02:25:00,0.7968,0.7985,0.796,0.7974,1169792.0
2026-09-06 02:30:00,0.7975,0.8013,0.7975,0.8012,1119166.3
2026-09-06 02:35:00,0.8012,0.8012,0.7959,0.7981,1667008.4
2026-09-06 02:40:00,0.7981,0.7985,0.7952,0.7959,1058575.8
2026-09-06 02:45:00,0.796,0.7978,0.7958,0.7964,855236.0
2026-09-06 02:50:00,0.7964,0.798,0.7957,0.7972,671343.3
2026-09-06 02:55:00,0.7972,0.7979,0.797,0.7979,495859.0
2026-09-06 03:00:00,0.7978,0.7979,0.7962,0.7975,426468.3
2026-09-06 03:05:00,0.7974,0.7974,0.7955,0.7959,599932.5
2026-09-06 03:10:00,0.7959,0.7977,0.7957,0.7974,327280.7
2026-09-06 03:15:00,0.7975,0.7988,0.7971,0.7985,1952785.1
2026-09-06 03:20:00,0.7984,0.7987,0.7962,0.7972,2498524.4
2026-09-06 03:25:00,0.7972,0.7972,0.7954,0.7963,538099.6
2026-09-06 03:30:00,0.7963,0.7986,0.7962,0.7983,1066640.6
2026-09-06 03:35:00,0.7982,0.8031,0.798,0.8023,1937737.8
2026-09-06 03:40:00,0.8023,0.8058,0.8022,0.8052,1346495.7
2026-09-06 03:45:00,0.8053,0.8059,0.8026,0.8032,1226894.5
2026-09-06 03:50:00,0.8031,0.8036,0.8013,0.8021,642803.6
2026-09-06 03:55:00,0.8021,0.8025,0.8008,0.8013,367644.3
2026-09-06 04:00:00,0.8014,0.8017,0.8,0.8,1096362.5
2026-09-06 04:05:00,0.7999,0.8005,0.7976,0.7986,1287511.4
2026-09-06 04:10:00,0.7986,0.8008,0.798,0.7986,896185.9
2026-09-06 04:15:00,0.7986,0.7993,0.7964,0.7971,846751.6
2026-09-06 04:20:00,0.797,0.797,0.7941,0.7955,1337916.1
2026-09-06 04:25:00,0.7955,0.7963,0.7949,0.7955,480379.8
2026-09-06 04:30:00,0.7955,0.796,0.7943,0.7955,573517.8
2026-09-06 04:35:00,0.7955,0.7967,0.7953,0.7959,592081.5
2026-09-06 04:40:00,0.7958,0.798,0.7954,0.7976,951322.0
2026-09-06 04:45:00,0.7977,0.7996,0.7974,0.7993,1081352.9
2026-09-06 04:50:00,0.7993,0.7994,0.7971,0.7978,610096.9
2026-09-06 04:55:00,0.7977,0.7979,0.7961,0.7965,596714.7
2026-09-06 05:00:00,0.7966,0.799,0.7964,0.7976,559520.6
2026-09-06 05:05:00,0.7977,0.7986,0.7977,0.7979,339531.1
2026-09-06 05:10:00,0.7979,0.7979,0.7951,0.7954,918662.9
2026-09-06 05:15:00,0.7954,0.7972,0.7951,0.7971,539181.4
2026-09-06 05:20:00,0.7971,0.7996,0.7967,0.7996,899818.5
2026-09-06 05:25:00,0.7996,0.8007,0.7976,0.7977,1043643.7
2026-09-06 05:30:00,0.7977,0.8009,0.7974,0.8002,1107741.9
2026-09-06 05:35:00,0.8003,0.8025,0.8003,0.8024,1698520.1
2026-09-06 05:40:00,0.8025,0.8046,0.8008,0.8014,1550900.9
2026-09-06 05:45:00,0.8014,0.8028,0.7998,0.8004,1525065.2
2026-09-06 05:50:00,0.8003,0.8016,0.7997,0.8005,1026137.3
2026-09-06 05:55:00,0.8005,0.8011,0.7986,0.7995,655700.1
2026-09-06 06:00:00,0.7995,0.7995,0.7984,0.7988,477222.5
2026-09-06 06:05:00,0.7989,0.799,0.7973,0.7974,786917.0
2026-09-06 06:10:00,0.7974,0.7987,0.7971,0.7981,608287.3
2026-09-06 06:15:00,0.798,0.7985,0.7961,0.7968,1023860.0
2026-09-06 06:20:00,0.7969,0.7969,0.7948,0.7949,986212.8
2026-09-06 06:25:00,0.7949,0.7964,0.7948,0.7958,955007.5
2026-09-06 06:30:00,0.7958,0.797,0.7945,0.7946,956320.4
2026-09-06 06:35:00,0.7946,0.7956,0.7943,0.7953,732565.2
2026-09-06 06:40:00,0.7953,0.796,0.7949,0.7959,579218.4
2026-09-06 06:45:00,0.796,0.796,0.7935,0.7944,766867.4
2026-09-06 06:50:00,0.7943,0.7972,0.7943,0.7972,1044799.7
2026-09-06 06:55:00,0.7971,0.7971,0.7951,0.7956,908529.1
2026-09-06 07:00:00,0.7956,0.7975,0.7953,0.7964,821195.2
2026-09-06 07:05:00,0.7963,0.797,0.7927,0.7928,1558768.8
2026-09-06 07:10:00,0.7929,0.7943,0.7837,0.7871,9912193.2
2026-09-06 07:15:00,0.787,0.7914,0.787,0.79,3833107.9
2026-09-06 07:20:00,0.7901,0.7924,0.7887,0.7892,1389114.1
2026-09-06 07:25:00,0.7892,0.791,0.7892,0.7895,1039954.1
2026-09-06 07:30:00,0.7896,0.791,0.7892,0.7908,618197.4
2026-09-06 07:35:00,0.7907,0.7919,0.7901,0.7916,642798.2
2026-09-06 07:40:00,0.7916,0.7935,0.7912,0.7927,1338960.0
2026-09-06 07:45:00,0.7928,0.7936,0.7921,0.7931,559223.0
2026-09-06 07:50:00,0.7931,0.7942,0.7931,0.7939,385042.3
2026-09-06 07:55:00,0.7939,0.795,0.7938,0.794,472263.4
2026-09-06 08:00:00,0.7941,0.7944,0.7929,0.7939,784790.8
2026-09-06 08:05:00,0.7938,0.7952,0.7928,0.7945,538252.1
2026-09-06 08:10:00,0.7946,0.7957,0.7938,0.7957,595813.3
2026-09-06 08:15:00,0.7957,0.7961,0.7946,0.7946,426358.3
2026-09-06 08:20:00,0.7946,0.7955,0.7942,0.7951,544756.5
2026-09-06 08:25:00,0.7951,0.7951,0.7914,0.7915,1412331.1
2026-09-06 08:30:00,0.7918,0.7936,0.7914,0.7928,1064379.4
2026-09-06 08:35:00,0.7928,0.7931,0.7924,0.7927,370596.2
2026-09-06 08:40:00,0.7927,0.7928,0.7911,0.7926,677447.4
2026-09-06 08:45:00,0.7926,0.7927,0.7908,0.7915,477897.8
2026-09-06 08:50:00,0.7914,0.7942,0.791,0.7934,1170669.4
2026-09-06 08:55:00,0.7936,0.7953,0.7928,0.7934,802488.9
2026-09-06 09:00:00,0.7935,0.7951,0.7916,0.795,1004534.3
2026-09-06 09:05:00,0.795,0.7955,0.7947,0.7954,384000.6
2026-09-06 09:10:00,0.7955,0.7987,0.7946,0.7978,2432077.6
2026-09-06 09:15:00,0.7978,0.8003,0.7965,0.7993,1575377.2
2026-09-06 09:20:00,0.7993,0.801,0.7988,0.7994,1695410.3
2026-09-06 09:25:00,0.7994,0.8006,0.7985,0.8003,822647.9
2026-09-06 09:30:00,0.8003,0.8006,0.7994,0.8,880017.1
2026-09-06 09:35:00,0.8,0.8005,0.7988,0.8003,887025.6
2026-09-06 09:40:00,0.8004,0.8025,0.7986,0.8009,1702309.9
2026-09-06 09:45:00,0.8009,0.8039,0.8004,0.8016,1647151.8
2026-09-06 09:50:00,0.8017,0.802,0.7995,0.7999,682569.1
2026-09-06 09:55:00,0.7998,0.8006,0.7994,0.7999,595577.4
2026-09-06 10:00:00,0.8,0.8012,0.7986,0.7991,560567.9
2026-09-06 10:05:00,0.7991,0.8002,0.797,0.7975,589957.2
2026-09-06 10:10:00,0.7974,0.7985,0.7967,0.7975,599786.6
2026-09-06 10:15:00,0.7976,0.7991,0.7961,0.797,1110260.5
2026-09-06 10:20:00,0.7971,0.798,0.7961,0.7968,573435.8
2026-09-06 10:25:00,0.7968,0.7978,0.7957,0.797,461100.5
2026-09-06 10:30:00,0.797,0.797,0.7957,0.7966,378609.5
2026-09-06 10:35:00,0.7966,0.7993,0.7966,0.7991,1564338.0
2026-09-06 10:40:00,0.7991,0.7997,0.7984,0.7993,617629.8
2026-09-06 10:45:00,0.7993,0.7996,0.7975,0.7983,885047.6
2026-09-06 10:50:00,0.7982,0.7996,0.7974,0.7995,396731.1
2026-09-06 10:55:00,0.7995,0.8008,0.7992,0.8,724425.1
2026-09-06 11:00:00,0.8001,0.8003,0.7986,0.8001,734686.1
2026-09-06 11:05:00,0.8001,0.802,0.7997,0.7997,847697.1
2026-09-06 11:10:00,0.7998,0.8001,0.7977,0.7997,946827.3
2026-09-06 11:15:00,0.7998,0.8014,0.7991,0.8007,527965.3
2026-09-06 11:20:00,0.8007,0.8012,0.798,0.7997,987669.4
2026-09-06 11:25:00,0.7997,0.8015,0.7974,0.7999,1495714.2
2026-09-06 11:30:00,0.7999,0.802,0.7993,0.8016,784922.9
2026-09-06 11:35:00,0.8016,0.8021,0.7986,0.7991,800203.1
2026-09-06 11:40:00,0.799,0.8003,0.7978,0.7996,1047710.5
2026-09-06 11:45:00,0.7997,0.8027,0.7993,0.8024,794591.7
2026-09-06 11:50:00,0.8024,0.8032,0.8021,0.8022,911416.2
2026-09-06 11:55:00,0.8022,0.8048,0.802,0.8047,1327485.7
2026-09-06 12:00:00,0.8048,0.8067,0.8028,0.8032,1214663.8
2026-09-06 12:05:00,0.8033,0.8046,0.8014,0.8045,703785.1
2026-09-06 12:10:00,0.8046,0.8063,0.8039,0.8061,992000.5
2026-09-06 12:15:00,0.8062,0.8071,0.8042,0.8049,1282974.1
2026-09-06 12:20:00,0.8048,0.8061,0.8039,0.8039,724464.3
2026-09-06 12:25:00,0.804,0.8046,0.8023,0.8028,1161253.6
2026-09-06 12:30:00,0.8029,0.8037,0.8004,0.8011,995279.8
2026-09-06 12:35:00,0.8012,0.8014,0.7985,0.8001,1595668.8
2026-09-06 12:40:00,0.8002,0.8009,0.7973,0.7978,1311355.3
2026-09-06 12:45:00,0.7977,0.7983,0.7953,0.7971,2201798.0
2026-09-06 12:50:00,0.7971,0.7997,0.7963,0.7995,751858.3
2026-09-06 12:55:00,0.7995,0.7998,0.7976,0.7978,1012445.5
2026-09-06 13:00:00,0.7979,0.7988,0.7955,0.7983,1289371.1
2026-09-06 13:05:00,0.7982,0.8005,0.7979,0.7993,1141681.2
2026-09-06 13:10:00,0.7993,0.7994,0.7969,0.7972,533546.2
2026-09-06 13:15:00,0.7972,0.7978,0.7936,0.7955,1296054.3
2026-09-06 13:20:00,0.7955,0.796,0.7942,0.7945,1015353.9
2026-09-06 13:25:00,0.7945,0.7955,0.7931,0.7934,1206344.4
2026-09-06 13:30:00,0.7934,0.795,0.7924,0.7941,1027267.9
2026-09-06 13:35:00,0.7942,0.7962,0.7941,0.7953,726632.4
2026-09-06 13:40:00,0.7953,0.7974,0.7953,0.7968,571706.4
2026-09-06 13:45:00,0.7967,0.7994,0.7962,0.7981,995156.1
2026-09-06 13:50:00,0.798,0.7991,0.7976,0.7986,653742.3
2026-09-06 13:55:00,0.7986,0.7994,0.7971,0.7972,1392573.1
2026-09-06 14:00:00,0.7973,0.8,0.7968,0.8,1007822.3
2026-09-06 14:05:00,0.8,0.8006,0.7986,0.7986,797903.5
2026-09-06 14:10:00,0.7986,0.8006,0.7986,0.7995,1078790.7
2026-09-06 14:15:00,0.7996,0.8016,0.7944,0.7974,1789362.7
2026-09-06 14:20:00,0.7973,0.7973,0.7911,0.7917,3289580.8
2026-09-06 14:25:00,0.7918,0.7931,0.7908,0.7912,1126101.5
2026-09-06 14:30:00,0.7912,0.7917,0.7821,0.7914,6811709.4
2026-09-06 14:35:00,0.7915,0.7935,0.7907,0.7928,1775468.7
2026-09-06 14:40:00,0.7927,0.7943,0.7918,0.7938,1294745.8
2026-09-06 14:45:00,0.7938,0.7941,0.7902,0.7918,1050914.6
2026-09-06 14:50:00,0.7918,0.7945,0.7918,0.7937,852629.4
2026-09-06 14:55:00,0.7937,0.7937,0.7906,0.7908,1028885.2
2026-09-06 15:00:00,0.7908,0.7908,0.7842,0.7863,3046486.6
2026-09-06 15:05:00,0.7862,0.7881,0.7851,0.7861,1590077.5
2026-09-06 15:10:00,0.7861,0.7878,0.7858,0.7863,854380.5
2026-09-06 15:15:00,0.7863,0.7883,0.7861,0.7882,649044.8
2026-09-06 15:20:00,0.7883,0.7898,0.7868,0.7875,1231774.4
2026-09-06 15:25:00,0.7875,0.7889,0.7873,0.7884,505272.8
2026-09-06 15:30:00,0.7884,0.7892,0.7874,0.7884,745848.5
2026-09-06 15:35:00,0.7884,0.7904,0.7871,0.7897,785540.2
2026-09-06 15:40:00,0.7896,0.7903,0.7891,0.7902,592511.9
2026-09-06 15:45:00,0.7902,0.7905,0.7889,0.7899,582336.3
2026-09-06 15:50:00,0.7899,0.7929,0.7892,0.79,1512373.6
2026-09-06 15:55:00,0.7901,0.7924,0.7898,0.7919,675549.3
2026-09-06 16:00:00,0.7918,0.792,0.7895,0.7896,1040528.1
2026-09-06 16:05:00,0.7896,0.7919,0.7893,0.7906,1092679.3
2026-09-06 16:10:00,0.7906,0.7945,0.7906,0.7938,911713.2
2026-09-06 16:15:00,0.7937,0.796,0.7929,0.7957,794023.7
2026-09-06 16:20:00,0.7956,0.7957,0.7943,0.7948,715312.1
2026-09-06 16:25:00,0.7948,0.7978,0.7927,0.7978,1683382.5
2026-09-06 16:30:00,0.7978,0.8004,0.7972,0.7999,1489428.9
2026-09-06 16:35:00,0.7999,0.8012,0.7992,0.8011,1388976.5
2026-09-06 16:40:00,0.8011,0.8028,0.7984,0.8024,1508242.4
2026-09-06 16:45:00,0.8024,0.8024,0.7994,0.7998,1215824.3
2026-09-06 16:50:00,0.7999,0.8033,0.7985,0.7986,2649949.5
2026-09-06 16:55:00,0.7985,0.7991,0.7972,0.799,703691.1
2026-09-06 17:00:00,0.799,0.8,0.7967,0.7975,1571546.1
2026-09-06 17:05:00,0.7975,0.7976,0.7933,0.7937,1522731.2
2026-09-06 17:10:00,0.7937,0.7979,0.7933,0.7975,1082115.0
2026-09-06 17:15:00,0.7975,0.7992,0.7975,0.7992,577644.7
2026-09-06 17:20:00,0.7992,0.8001,0.7948,0.7959,1672734.3
2026-09-06 17:25:00,0.7958,0.7963,0.7934,0.7934,811281.5
2026-09-06 17:30:00,0.7934,0.7958,0.7919,0.794,1506836.1
2026-09-06 17:35:00,0.794,0.7971,0.794,0.796,929615.0
2026-09-06 17:40:00,0.796,0.7968,0.7954,0.7959,418248.2
2026-09-06 17:45:00,0.796,0.7962,0.7947,0.7956,387486.6
2026-09-06 17:50:00,0.7955,0.7956,0.794,0.7944,325627.2
2026-09-06 17:55:00,0.7944,0.7965,0.7944,0.7956,369143.6
2026-09-06 18:00:00,0.7956,0.7966,0.7952,0.7959,332619.9
2026-09-06 18:05:00,0.7959,0.7964,0.7955,0.7963,288294.0
2026-09-06 18:10:00,0.7964,0.7976,0.7961,0.7962,392802.0
2026-09-06 18:15:00,0.7962,0.7976,0.7959,0.7964,515269.9
2026-09-06 18:20:00,0.7963,0.7967,0.7959,0.7966,361285.7
2026-09-06 18:25:00,0.7966,0.7979,0.7965,0.7976,257309.8
2026-09-06 18:30:00,0.7976,0.7989,0.7971,0.7975,338683.2
2026-09-06 18:35:00,0.7975,0.7986,0.797,0.798,325924.5
2026-09-06 18:40:00,0.7979,0.7986,0.7955,0.796,871867.6
2026-09-06 18:45:00,0.7959,0.796,0.7942,0.7947,439822.5
2026-09-06 18:50:00,0.7947,0.7948,0.7929,0.7933,427021.9
2026-09-06 18:55:00,0.7933,0.7945,0.7929,0.7942,316750.7
2026-09-06 19:00:00,0.7942,0.7949,0.7936,0.7944,337545.2
2026-09-06 19:05:00,0.7945,0.7945,0.7936,0.7939,233956.1
2026-09-06 19:10:00,0.7939,0.7954,0.7932,0.7949,323159.4
2026-09-06 19:15:00,0.7949,0.796,0.7945,0.7945,269399.9
2026-09-06 19:20:00,0.7945,0.7955,0.7936,0.7954,446439.8
2026-09-06 19:25:00,0.7955,0.7966,0.7955,0.796,382634.0
2026-09-06 19:30:00,0.796,0.7962,0.7943,0.7946,236774.8
2026-09-06 19:35:00,0.7947,0.7959,0.7946,0.7948,200612.7
2026-09-06 19:40:00,0.7948,0.7961,0.7947,0.7955,292541.2
2026-09-06 19:45:00,0.7955,0.7959,0.7947,0.7957,283235.9
2026-09-06 19:50:00,0.7957,0.7969,0.7957,0.7958,270541.1
2026-09-06 19:55:00,0.7958,0.7959,0.7949,0.7957,312397.8
2026-09-06 20:00:00,0.7956,0.7974,0.7952,0.7971,483999.2
2026-09-06 20:05:00,0.7971,0.7975,0.7955,0.7959,235277.4
2026-09-06 20:10:00,0.7959,0.7976,0.7959,0.7968,222510.6
2026-09-06 20:15:00,0.7968,0.7992,0.7968,0.7989,370545.1
2026-09-06 20:20:00,0.7989,0.8014,0.7989,0.8007,1419367.8
2026-09-06 20:25:00,0.8008,0.8046,0.8008,0.8019,3472244.1
2026-09-06 20:30:00,0.8019,0.8038,0.8019,0.8022,984328.0
2026-09-06 20:35:00,0.8022,0.8024,0.8007,0.8019,554024.9
2026-09-06 20:40:00,0.8019,0.8023,0.8004,0.8014,524315.4
2026-09-06 20:45:00,0.8015,0.804,0.8014,0.8039,607681.5
2026-09-06 20:50:00,0.8038,0.8127,0.8034,0.809,7242816.1
2026-09-06 20:55:00,0.809,0.8161,0.8071,0.8149,3771746.2
2026-09-06 21:00:00,0.8149,0.8187,0.8111,0.8126,5697789.5
2026-09-06 21:05:00,0.8125,0.8129,0.8076,0.8111,4335771.6
2026-09-06 21:10:00,0.811,0.8146,0.81,0.8139,2073932.1
2026-09-06 21:15:00,0.8138,0.8159,0.8109,0.8151,2999085.8
2026-09-06 21:20:00,0.8152,0.8164,0.812,0.8142,1541981.0
2026-09-06 21:25:00,0.8142,0.8152,0.81,0.8111,1263670.0
2026-09-06 21:30:00,0.811,0.814,0.8102,0.8123,778819.2
2026-09-06 21:35:00,0.8123,0.8134,0.8113,0.8121,536922.4
2026-09-06 21:40:00,0.8121,0.8154,0.8101,0.8142,717450.9
2026-09-06 21:45:00,0.8141,0.815,0.8132,0.8136,504168.8
2026-09-06 21:50:00,0.8136,0.8136,0.8112,0.8126,1066656.7
2026-09-06 21:55:00,0.8126,0.8148,0.812,0.8139,512637.7
2026-09-06 22:00:00,0.8139,0.8139,0.8088,0.8094,1546221.7
2026-09-06 22:05:00,0.8093,0.8099,0.803,0.8033,2530290.4
2026-09-06 22:10:00,0.8033,0.8044,0.8018,0.8035,2202623.8
2026-09-06 22:15:00,0.8034,0.8034,0.7985,0.7994,2293691.8
2026-09-06 22:20:00,0.7994,0.8026,0.799,0.8022,718891.4
2026-09-06 22:25:00,0.8021,0.8046,0.8018,0.8036,818281.2
2026-09-06 22:30:00,0.8035,0.8069,0.8032,0.8069,1115280.8
2026-09-06 22:35:00,0.807,0.8081,0.8051,0.8051,2071841.7
2026-09-06 22:40:00,0.8051,0.8075,0.8049,0.8072,1572803.1
2026-09-06 22:45:00,0.8071,0.8075,0.8046,0.805,1143220.4
2026-09-06 22:50:00,0.805,0.8064,0.8039,0.8052,1105871.8
2026-09-06 22:55:00,0.8053,0.8079,0.8046,0.8051,1342330.5
2026-09-06 23:00:00,0.8051,0.8128,0.8046,0.8098,2160720.9
2026-09-06 23:05:00,0.8099,0.8099,0.807,0.8084,803747.9
2026-09-06 23:10:00,0.8084,0.809,0.8077,0.8077,467102.1
2026-09-06 23:15:00,0.8077,0.8106,0.8068,0.8102,794773.0
2026-09-06 23:20:00,0.8102,0.8103,0.809,0.8091,502336.7
2026-09-06 23:25:00,0.8091,0.8094,0.8077,0.8081,380808.4
2026-09-06 23:30:00,0.8081,0.8084,0.8072,0.808,719306.8
2026-09-06 23:35:00,0.808,0.8108,0.8079,0.8108,1316684.9
2026-09-06 23:40:00,0.8108,0.811,0.8088,0.8101,1032553.6
2026-09-06 23:45:00,0.81,0.8122,0.8098,0.811,1857011.7
2026-09-06 23:50:00,0.811,0.8113,0.8092,0.8097,801914.6
2026-09-06 23:55:00,0.8097,0.8118,0.8079,0.8116,1015496.3
2026-09-07 00:00:00,0.8115,0.812,0.8091,0.8096,1359862.7
2026-09-07 00:05:00,0.8096,0.8138,0.8095,0.8131,896855.7
2026-09-07 00:10:00,0.8131,0.817,0.8129,0.8153,1163015.5
2026-09-07 00:15:00,0.8153,0.8175,0.8123,0.8127,1565884.6
2026-09-07 00:20:00,0.8127,0.8155,0.8121,0.8139,701597.9
2026-09-07 00:25:00,0.814,0.8248,0.8137,0.8195,4376608.6
2026-09-07 00:30:00,0.8195,0.8215,0.8175,0.8183,1822165.3
2026-09-07 00:35:00,0.8182,0.8207,0.8156,0.8199,1327655.3
2026-09-07 00:40:00,0.8199,0.8207,0.8171,0.8172,1385484.3
2026-09-07 00:45:00,0.8172,0.8197,0.8146,0.8189,2094416.4
2026-09-07 00:50:00,0.8189,0.8189,0.8147,0.8156,1386705.4
2026-09-07 00:55:00,0.8156,0.8157,0.8108,0.8146,2365040.1
2026-09-07 01:00:00,0.8147,0.8154,0.8113,0.8135,3143714.8
2026-09-07 01:05:00,0.8135,0.8146,0.804,0.8062,4048471.5
2026-09-07 01:10:00,0.8062,0.8094,0.803,0.8036,3582351.2
2026-09-07 01:15:00,0.8035,0.8043,0.7968,0.7991,8288383.0
2026-09-07 01:20:00,0.799,0.8017,0.7979,0.7986,2682612.7
2026-09-07 01:25:00,0.7986,0.8001,0.7962,0.7996,3275901.1
2026-09-07 01:30:00,0.7997,0.8012,0.7988,0.8003,1542212.4
2026-09-07 01:35:00,0.8003,0.8005,0.7978,0.7985,1355777.2
2026-09-07 01:40:00,0.7986,0.7986,0.7937,0.7953,2804954.2
2026-09-07 01:45:00,0.7954,0.7966,0.7952,0.796,1349187.2
2026-09-07 01:50:00,0.7961,0.7978,0.7957,0.7971,789731.4
2026-09-07 01:55:00,0.7971,0.7978,0.7961,0.7964,944430.8
2026-09-07 02:00:00,0.7965,0.7972,0.7947,0.7947,884814.9
2026-09-07 02:05:00,0.7947,0.795,0.7911,0.7927,2754192.7
2026-09-07 02:10:00,0.7926,0.7953,0.7921,0.7946,1533512.4
2026-09-07 02:15:00,0.7946,0.7994,0.7946,0.798,2751660.3
2026-09-07 02:20:00,0.7979,0.7993,0.7962,0.7984,1798044.1
2026-09-07 02:25:00,0.7985,0.8019,0.7982,0.8,2018538.2
2026-09-07 02:30:00,0.7999,0.8004,0.7984,0.7995,1035483.4
2026-09-07 02:35:00,0.7995,0.8123,0.7995,0.8114,6253152.5
2026-09-07 02:40:00,0.8114,0.8146,0.8093,0.8135,3622820.0
2026-09-07 02:45:00,0.8135,0.8159,0.8133,0.8152,3034905.9
2026-09-07 02:50:00,0.8152,0.8152,0.8103,0.8104,2043589.3
2026-09-07 02:55:00,0.8104,0.8104,0.8029,0.8037,3300380.9
2026-09-07 03:00:00,0.8038,0.8069,0.8026,0.8059,2351907.4
2026-09-07 03:05:00,0.8059,0.8068,0.8022,0.8028,1063505.4
2026-09-07 03:10:00,0.8027,0.8028,0.8008,0.8012,743159.8
2026-09-07 03:15:00,0.8012,0.8014,0.7997,0.8005,856102.2
2026-09-07 03:20:00,0.8006,0.8016,0.7986,0.7988,877129.1
2026-09-07 03:25:00,0.7989,0.7992,0.797,0.7976,1320670.4
2026-09-07 03:30:00,0.7976,0.7984,0.7951,0.7966,1230511.0
2026-09-07 03:35:00,0.7967,0.7975,0.7927,0.7939,3444185.7
2026-09-07 03:40:00,0.794,0.7949,0.7931,0.7935,737702.3
2026-09-07 03:45:00,0.7936,0.7961,0.7936,0.7945,1025789.6
2026-09-07 03:50:00,0.7945,0.7956,0.794,0.795,467458.5
2026-09-07 03:55:00,0.795,0.7956,0.7935,0.794,854899.1
2026-09-07 04:00:00,0.794,0.7957,0.7938,0.7954,868669.6
2026-09-07 04:05:00,0.7955,0.7961,0.794,0.7956,606827.3
2026-09-07 04:10:00,0.7955,0.7964,0.7944,0.7963,662957.0
2026-09-07 04:15:00,0.7964,0.7979,0.7961,0.7968,1062116.3
2026-09-07 04:20:00,0.7968,0.7981,0.7954,0.7961,1556479.8
2026-09-07 04:25:00,0.7962,0.797,0.795,0.796,1296570.3
2026-09-07 04:30:00,0.796,0.7977,0.7955,0.7966,531150.8
2026-09-07 04:35:00,0.7966,0.7967,0.7938,0.7951,1608211.8
2026-09-07 04:40:00,0.795,0.7974,0.7941,0.7971,1421926.3
2026-09-07 04:45:00,0.7971,0.799,0.7965,0.7965,1024743.9
2026-09-07 04:50:00,0.7965,0.7971,0.7945,0.7946,726376.7
2026-09-07 04:55:00,0.7946,0.799,0.7944,0.7979,1158550.1
2026-09-07 05:00:00,0.798,0.8016,0.7972,0.8014,1113456.0
2026-09-07 05:05:00,0.8015,0.8035,0.8005,0.8013,1904302.6
2026-09-07 05:10:00,0.8014,0.8021,0.7995,0.8017,1198451.8
2026-09-07 05:15:00,0.8018,0.8081,0.8018,0.8078,2396211.3
2026-09-07 05:20:00,0.8079,0.8121,0.8068,0.811,2685834.2
2026-09-07 05:25:00,0.811,0.8125,0.8058,0.8072,3683622.0
2026-09-07 05:30:00,0.8071,0.8085,0.8054,0.8054,1388603.9
2026-09-07 05:35:00,0.8055,0.807,0.8052,0.806,1811292.8
2026-09-07 05:40:00,0.806,0.8062,0.8043,0.8044,2665267.1
2026-09-07 05:45:00,0.8044,0.805,0.7996,0.7997,4349706.4
2026-09-07 05:50:00,0.7998,0.7998,0.7954,0.7969,2530112.9
2026-09-07 05:55:00,0.797,0.797,0.7947,0.7951,1077596.9
2026-09-07 06:00:00,0.7951,0.7987,0.795,0.7983,867458.2
2026-09-07 06:05:00,0.7984,0.7984,0.796,0.7981,647906.1
2026-09-07 06:10:00,0.7981,0.8028,0.7975,0.8024,2639391.5
2026-09-07 06:15:00,0.8024,0.8026,0.8001,0.8003,861846.3
2026-09-07 06:20:00,0.8002,0.8012,0.7991,0.8003,858544.1
2026-09-07 06:25:00,0.8003,0.802,0.7988,0.7991,760785.2
2026-09-07 06:30:00,0.799,0.8008,0.7978,0.7991,1332802.7
2026-09-07 06:35:00,0.7991,0.8006,0.7957,0.7958,2139617.9
2026-09-07 06:40:00,0.7958,0.8002,0.7957,0.7976,1628711.8
2026-09-07 06:45:00,0.7976,0.7989,0.7974,0.7982,396662.1
2026-09-07 06:50:00,0.7982,0.7987,0.7973,0.7981,383576.6
2026-09-07 06:55:00,0.7981,0.7986,0.7972,0.7984,474423.5
2026-09-07 07:00:00,0.7984,0.7991,0.7973,0.7981,712683.2
2026-09-07 07:05:00,0.7981,0.801,0.7978,0.8008,767630.7
2026-09-07 07:10:00,0.8008,0.8045,0.8004,0.8035,1389973.7
2026-09-07 07:15:00,0.8035,0.8056,0.8023,0.8048,942394.8
2026-09-07 07:20:00,0.8048,0.8057,0.8004,0.8007,1434797.0
2026-09-07 07:25:00,0.8007,0.805,0.799,0.7998,1914760.8
2026-09-07 07:30:00,0.7998,0.8051,0.7967,0.8019,2692637.5
2026-09-07 07:35:00,0.8019,0.8031,0.7932,0.7936,3739199.7
2026-09-07 07:40:00,0.7935,0.7958,0.7857,0.7958,12081593.1
2026-09-07 07:45:00,0.7958,0.7981,0.7944,0.7963,2738685.2
2026-09-07 07:50:00,0.7962,0.797,0.7941,0.7944,991066.1
2026-09-07 07:55:00,0.7944,0.7968,0.794,0.7959,1524582.7
2026-09-07 08:00:00,0.7959,0.7995,0.7952,0.7983,1244583.6
2026-09-07 08:05:00,0.7983,0.8109,0.7983,0.809,6137491.9
2026-09-07 08:10:00,0.8091,0.8149,0.8058,0.8114,7056741.2
2026-09-07 08:15:00,0.8113,0.8138,0.8076,0.8098,3758892.2
2026-09-07 08:20:00,0.8098,0.8109,0.8065,0.8075,1855769.9
2026-09-07 08:25:00,0.8074,0.8138,0.807,0.8134,2703532.1
2026-09-07 08:30:00,0.8135,0.8152,0.8113,0.8118,2488088.6
2026-09-07 08:35:00,0.8119,0.8119,0.8078,0.8078,2206691.0
2026-09-07 08:40:00,0.8078,0.8146,0.8078,0.8145,2087356.5
2026-09-07 08:45:00,0.8145,0.8163,0.8118,0.812,2374276.9
2026-09-07 08:50:00,0.812,0.8143,0.8101,0.8107,1337254.1
2026-09-07 08:55:00,0.8108,0.8135,0.8107,0.8123,849153.4
2026-09-07 09:00:00,0.8123,0.813,0.8091,0.8095,968058.2
2026-09-07 09:05:00,0.8095,0.8117,0.8089,0.8116,1080156.5
2026-09-07 09:10:00,0.8116,0.8171,0.8108,0.8164,1955761.6
2026-09-07 09:15:00,0.8163,0.8164,0.812,0.8136,800776.0
2026-09-07 09:20:00,0.8136,0.8146,0.8112,0.8121,1231684.6
2026-09-07 09:25:00,0.8122,0.8128,0.8105,0.8116,601707.8
2026-09-07 09:30:00,0.8115,0.8123,0.8095,0.8101,872409.5
2026-09-07 09:35:00,0.8102,0.8106,0.8086,0.8095,942118.3
2026-09-07 09:40:00,0.8094,0.8122,0.8094,0.8112,753636.5
2026-09-07 09:45:00,0.8112,0.814,0.8105,0.8128,1396325.1
2026-09-07 09:50:00,0.8127,0.815,0.8004,0.8056,7173364.7
2026-09-07 09:55:00,0.8055,0.8068,0.8044,0.8055,2101389.2
2026-09-07 10:00:00,0.8054,0.8107,0.8052,0.8103,4469852.7
2026-09-07 10:05:00,0.8104,0.8125,0.8075,0.8097,2636283.1
2026-09-07 10:10:00,0.8096,0.8096,0.8081,0.8089,602315.7
2026-09-07 10:15:00,0.8088,0.8111,0.8085,0.8111,515641.5
2026-09-07 10:20:00,0.8111,0.8144,0.811,0.8131,901797.5
2026-09-07 10:25:00,0.8132,0.8164,0.8126,0.8154,1121548.7
2026-09-07 10:30:00,0.8155,0.8158,0.8108,0.8115,1169022.0
2026-09-07 10:35:00,0.8114,0.8132,0.8092,0.8116,1963696.2
2026-09-07 10:40:00,0.8115,0.8133,0.811,0.8125,519142.8
2026-09-07 10:45:00,0.8125,0.8133,0.8118,0.8124,439288.1
2026-09-07 10:50:00,0.8124,0.815,0.8117,0.8143,1283551.7
2026-09-07 10:55:00,0.8143,0.8146,0.8096,0.8098,1434258.1
2026-09-07 11:00:00,0.8097,0.8122,0.808,0.81,2022015.1
2026-09-07 11:05:00,0.8101,0.8122,0.8101,0.8119,1150947.4
2026-09-07 11:10:00,0.8119,0.8132,0.8114,0.8124,655345.4
2026-09-07 11:15:00,0.8124,0.815,0.8118,0.8141,901371.0
2026-09-07 11:20:00,0.8141,0.8161,0.8131,0.8141,1424474.0
2026-09-07 11:25:00,0.8141,0.8153,0.8122,0.8132,996466.4
2026-09-07 11:30:00,0.8131,0.8144,0.8119,0.8135,1199975.1
2026-09-07 11:35:00,0.8135,0.8139,0.8114,0.8116,747202.7
2026-09-07 11:40:00,0.8115,0.8122,0.8104,0.8118,518232.2
2026-09-07 11:45:00,0.8117,0.8136,0.8104,0.8105,743903.3
2026-09-07 11:50:00,0.8105,0.8107,0.8059,0.8085,1840322.9
2026-09-07 11:55:00,0.8085,0.81,0.8068,0.8096,1565060.9
2026-09-07 12:00:00,0.8096,0.8117,0.8094,0.8101,981500.1
2026-09-07 12:05:00,0.8102,0.815,0.8098,0.8149,1014959.0
2026-09-07 12:10:00,0.815,0.8185,0.8142,0.8151,2270230.9
2026-09-07 12:15:00,0.8151,0.8197,0.8146,0.8193,1675974.1
2026-09-07 12:20:00,0.8194,0.8229,0.8189,0.8194,4078817.7
2026-09-07 12:25:00,0.8194,0.8263,0.8188,0.825,3676846.4
2026-09-07 12:30:00,0.8249,0.8318,0.8234,0.8315,4813958.9
2026-09-07 12:35:00,0.8315,0.8391,0.8302,0.8349,5830811.3
2026-09-07 12:40:00,0.8349,0.8351,0.8294,0.8315,4707374.7
2026-09-07 12:45:00,0.8314,0.838,0.8304,0.8371,3220215.0
2026-09-07 12:50:00,0.8371,0.8439,0.8371,0.8432,5021273.3
2026-09-07 12:55:00,0.8431,0.8443,0.839,0.8393,4445303.8
2026-09-07 13:00:00,0.8393,0.8438,0.8367,0.8434,4388508.1
2026-09-07 13:05:00,0.8433,0.8433,0.8345,0.8351,3428385.5
2026-09-07 13:10:00,0.8352,0.8365,0.8318,0.8338,3501573.0
2026-09-07 13:15:00,0.8337,0.8358,0.8327,0.8339,1671223.4
2026-09-07 13:20:00,0.8339,0.8362,0.8318,0.8319,1570938.8
2026-09-07 13:25:00,0.8319,0.8331,0.8286,0.8313,2346753.1
2026-09-07 13:30:00,0.8314,0.832,0.8229,0.8245,3936011.5
2026-09-07 13:35:00,0.8244,0.8276,0.821,0.8274,4501207.8
2026-09-07 13:40:00,0.8275,0.8288,0.8255,0.8288,1977578.5
2026-09-07 13:45:00,0.8288,0.8298,0.8258,0.8285,2017160.5
2026-09-07 13:50:00,0.8284,0.8316,0.8241,0.8312,4100004.1
2026-09-07 13:55:00,0.8312,0.8348,0.8306,0.8316,2419186.6
2026-09-07 14:00:00,0.8315,0.8328,0.8277,0.8285,2056050.8
2026-09-07 14:05:00,0.8285,0.8289,0.8214,0.8228,3508602.0
2026-09-07 14:10:00,0.8229,0.8271,0.8218,0.8237,2846824.0
2026-09-07 14:15:00,0.8238,0.8264,0.8206,0.8228,2812827.7
2026-09-07 14:20:00,0.8228,0.8277,0.8217,0.8251,2336354.7
2026-09-07 14:25:00,0.8251,0.8268,0.8222,0.8224,1934363.8
2026-09-07 14:30:00,0.8225,0.8229,0.8178,0.8208,4596136.1
2026-09-07 14:35:00,0.8209,0.8222,0.8184,0.8199,1607501.8
2026-09-07 14:40:00,0.8198,0.8199,0.817,0.8189,2309110.8
2026-09-07 14:45:00,0.8189,0.8227,0.8179,0.8221,2737306.7
2026-09-07 14:50:00,0.822,0.8279,0.8204,0.827,3264014.5
2026-09-07 14:55:00,0.8271,0.8283,0.8252,0.8263,1456151.3
2026-09-07 15:00:00,0.8262,0.8266,0.8222,0.8227,1696492.8
2026-09-07 15:05:00,0.8227,0.8243,0.8204,0.8243,1444007.8
2026-09-07 15:10:00,0.8243,0.8244,0.8152,0.8158,3884730.0
2026-09-07 15:15:00,0.8159,0.8196,0.8072,0.8189,6907079.2
2026-09-07 15:20:00,0.8189,0.8196,0.8173,0.8185,2332692.3
2026-09-07 15:25:00,0.8185,0.8185,0.8134,0.8136,1525812.2
2026-09-07 15:30:00,0.8137,0.8138,0.8065,0.8073,6185976.9
2026-09-07 15:35:00,0.8074,0.8095,0.804,0.8053,4855090.4
2026-09-07 15:40:00,0.8052,0.8072,0.8009,0.8058,5642222.3
2026-09-07 15:45:00,0.8057,0.8071,0.8038,0.8046,3306027.6
2026-09-07 15:50:00,0.8045,0.8061,0.8031,0.804,3821928.2
2026-09-07 15:55:00,0.804,0.804,0.7995,0.8037,3872976.7
2026-09-07 16:00:00,0.8036,0.8086,0.8031,0.8053,3329237.0
2026-09-07 16:05:00,0.8053,0.8071,0.8048,0.8065,1231641.2
2026-09-07 16:10:00,0.8064,0.8082,0.8056,0.8078,1311612.4
2026-09-07 16:15:00,0.8078,0.81,0.8052,0.8096,1599701.1
2026-09-07 16:20:00,0.8095,0.8099,0.8075,0.8084,1945535.0
2026-09-07 16:25:00,0.8084,0.8092,0.8064,0.8076,1726661.2
2026-09-07 16:30:00,0.8076,0.8115,0.8056,0.8106,1257580.2
2026-09-07 16:35:00,0.8107,0.8142,0.8103,0.8138,2038161.4
2026-09-07 16:40:00,0.8139,0.8149,0.8129,0.8133,1281304.6
2026-09-07 16:45:00,0.8133,0.8145,0.8119,0.8123,889437.8
2026-09-07 16:50:00,0.8122,0.8134,0.8121,0.8124,516752.5
2026-09-07 16:55:00,0.8125,0.8156,0.812,0.8149,1401267.8
2026-09-07 17:00:00,0.815,0.8167,0.814,0.8152,2447776.5
2026-09-07 17:05:00,0.8152,0.8182,0.8152,0.8178,1363712.9
2026-09-07 17:10:00,0.8177,0.8192,0.8171,0.8188,986422.6
2026-09-07 17:15:00,0.8188,0.82,0.818,0.8196,1150767.4
2026-09-07 17:20:00,0.8195,0.8205,0.8179,0.8186,1208313.7
2026-09-07 17:25:00,0.8186,0.8198,0.8163,0.8191,994279.5
2026-09-07 17:30:00,0.8191,0.8194,0.8161,0.8164,1256351.6
2026-09-07 17:35:00,0.8165,0.8187,0.8152,0.8185,967424.0
2026-09-07 17:40:00,0.8184,0.8194,0.818,0.8185,582688.4
2026-09-07 17:45:00,0.8184,0.8201,0.818,0.8201,550281.5
2026-09-07 17:50:00,0.8201,0.8214,0.8199,0.8204,1112472.4
2026-09-07 17:55:00,0.8204,0.8204,0.8179,0.8194,709485.2
2026-09-07 18:00:00,0.8194,0.8203,0.8178,0.8202,718976.0
2026-09-07 18:05:00,0.8203,0.824,0.8196,0.8213,1546128.4
2026-09-07 18:10:00,0.8214,0.8225,0.8203,0.8211,1237769.3
2026-09-07 18:15:00,0.821,0.8228,0.8195,0.8227,952528.3
2026-09-07 18:20:00,0.8227,0.8246,0.8213,0.8219,1279828.2
2026-09-07 18:25:00,0.822,0.8242,0.8203,0.8207,829057.0
2026-09-07 18:30:00,0.8206,0.8211,0.8187,0.8201,1522590.7
2026-09-07 18:35:00,0.8201,0.8237,0.8201,0.8233,990643.5
2026-09-07 18:40:00,0.8234,0.8245,0.8221,0.8238,1414699.1
2026-09-07 18:45:00,0.8239,0.8254,0.8226,0.8248,1089500.7
2026-09-07 18:50:00,0.8249,0.8266,0.823,0.8258,797854.0
2026-09-07 18:55:00,0.8259,0.827,0.8241,0.8254,673067.4
2026-09-07 19:00:00,0.8253,0.8255,0.8227,0.8245,680903.4
2026-09-07 19:05:00,0.8245,0.8261,0.8222,0.823,834687.6
2026-09-07 19:10:00,0.823,0.8245,0.8228,0.8243,655623.0
2026-09-07 19:15:00,0.8243,0.8248,0.8229,0.8238,476080.0
2026-09-07 19:20:00,0.8238,0.8257,0.8235,0.8257,494766.0
2026-09-07 19:25:00,0.8257,0.8259,0.8237,0.8244,445810.5
2026-09-07 19:30:00,0.8243,0.8283,0.8237,0.8277,1376702.4
2026-09-07 19:35:00,0.8278,0.83,0.8273,0.83,822972.2
2026-09-07 19:40:00,0.83,0.832,0.8281,0.8289,1914597.8
2026-09-07 19:45:00,0.8288,0.8319,0.8284,0.8317,893675.4
2026-09-07 19:50:00,0.8317,0.8335,0.8303,0.8305,1076762.1
2026-09-07 19:55:00,0.8305,0.8307,0.8275,0.829,1301239.6
2026-09-07 20:00:00,0.829,0.8305,0.8276,0.8276,1850212.5
2026-09-07 20:05:00,0.8276,0.8284,0.8216,0.8254,3633553.8
2026-09-07 20:10:00,0.8254,0.8288,0.8251,0.8275,1910768.3
2026-09-07 20:15:00,0.8274,0.8314,0.8274,0.8308,850680.3
2026-09-07 20:20:00,0.8309,0.832,0.8293,0.8315,989528.2
2026-09-07 20:25:00,0.8315,0.8316,0.8288,0.8292,883049.8
2026-09-07 20:30:00,0.8291,0.833,0.8289,0.8325,976974.7
2026-09-07 20:35:00,0.8326,0.8345,0.8314,0.8323,1028965.6
2026-09-07 20:40:00,0.8322,0.8345,0.8309,0.8344,1320052.5
2026-09-07 20:45:00,0.8344,0.835,0.8297,0.8326,2812343.3
2026-09-07 20:50:00,0.8326,0.8336,0.8288,0.8302,1767356.3
2026-09-07 20:55:00,0.8302,0.8311,0.8275,0.8284,585280.0
2026-09-07 21:00:00,0.8284,0.8302,0.8277,0.8291,917809.6
2026-09-07 21:05:00,0.8291,0.8297,0.8273,0.8278,473570.6
2026-09-07 21:10:00,0.8279,0.8328,0.8267,0.8326,1725960.6
2026-09-07 21:15:00,0.8325,0.8332,0.8294,0.8324,2111646.5
2026-09-07 21:20:00,0.8324,0.8334,0.8307,0.8308,616371.8
2026-09-07 21:25:00,0.8309,0.831,0.8292,0.8296,496227.5
2026-09-07 21:30:00,0.8296,0.8303,0.8287,0.829,318944.1
2026-09-07 21:35:00,0.8289,0.829,0.8239,0.8256,982326.9
2026-09-07 21:40:00,0.8256,0.827,0.8239,0.8251,849311.5
2026-09-07 21:45:00,0.8251,0.8252,0.8228,0.8232,364161.2
2026-09-07 21:50:00,0.8232,0.8238,0.8214,0.823,534630.3
2026-09-07 21:55:00,0.823,0.8244,0.822,0.8221,352240.8
2026-09-07 22:00:00,0.8221,0.8235,0.8171,0.8189,2087391.9
2026-09-07 22:05:00,0.8189,0.8209,0.8176,0.8209,875466.3
2026-09-07 22:10:00,0.8209,0.8227,0.8182,0.8185,1064070.5
2026-09-07 22:15:00,0.8184,0.8184,0.8134,0.8155,2922132.7
2026-09-07 22:20:00,0.8154,0.8186,0.8144,0.8185,1149076.4
2026-09-07 22:25:00,0.8185,0.8197,0.8157,0.8157,2111038.1
2026-09-07 22:30:00,0.8157,0.8157,0.8124,0.8137,1089308.7
2026-09-07 22:35:00,0.8137,0.8137,0.8069,0.8072,2536440.9
2026-09-07 22:40:00,0.8072,0.8104,0.8045,0.8082,3801719.7
2026-09-07 22:45:00,0.8082,0.8106,0.8082,0.8095,1266836.0
2026-09-07 22:50:00,0.8094,0.8122,0.8093,0.812,1087754.3
2026-09-07 22:55:00,0.812,0.8134,0.811,0.8125,962948.1
2026-09-07 23:00:00,0.8124,0.8158,0.8121,0.8139,1836423.0
2026-09-07 23:05:00,0.8138,0.8189,0.8137,0.8181,2005650.2
2026-09-07 23:10:00,0.8181,0.8204,0.8165,0.82,1691512.7
2026-09-07 23:15:00,0.82,0.82,0.8154,0.8176,1700695.5
2026-09-07 23:20:00,0.8175,0.8176,0.8137,0.8142,535753.6
2026-09-07 23:25:00,0.8142,0.8156,0.8142,0.8149,257505.4
2026-09-07 23:30:00,0.8148,0.8161,0.8141,0.8153,378412.9
2026-09-07 23:35:00,0.8154,0.8168,0.8152,0.8164,880238.7
2026-09-07 23:40:00,0.8164,0.8186,0.8162,0.8184,715409.9
2026-09-07 23:45:00,0.8183,0.8202,0.8172,0.8201,623995.8
2026-09-07 23:50:00,0.8201,0.8208,0.8186,0.8195,1325509.5
2026-09-07 23:55:00,0.8195,0.8202,0.8176,0.818,1293777.5
2026-09-08 00:00:00,0.818,0.8196,0.8159,0.8181,1709771.5
2026-09-08 00:05:00,0.8181,0.8213,0.8171,0.8179,2117525.4
2026-09-08 00:10:00,0.818,0.8186,0.8157,0.8176,965353.6
2026-09-08 00:15:00,0.8177,0.8236,0.8171,0.8222,2627254.9
2026-09-08 00:20:00,0.8222,0.8223,0.817,0.8204,1995876.1
2026-09-08 00:25:00,0.8203,0.8209,0.8181,0.8183,789881.1
2026-09-08 00:30:00,0.8184,0.8235,0.817,0.8235,1296012.0
2026-09-08 00:35:00,0.8236,0.8247,0.8227,0.8235,911885.6
2026-09-08 00:40:00,0.8235,0.8271,0.8235,0.8264,1215881.7
2026-09-08 00:45:00,0.8264,0.8297,0.8257,0.8294,1020493.0
2026-09-08 00:50:00,0.8293,0.8306,0.8286,0.8295,1157787.4
2026-09-08 00:55:00,0.8295,0.832,0.8281,0.8293,2072406.4
2026-09-08 01:00:00,0.8293,0.8299,0.8273,0.8291,1563361.4
2026-09-08 01:05:00,0.8291,0.8303,0.8251,0.8283,1699779.0
2026-09-08 01:10:00,0.8283,0.8309,0.8274,0.829,2159671.5
2026-09-08 01:15:00,0.8289,0.8324,0.828,0.8288,2322857.6
2026-09-08 01:20:00,0.8288,0.8322,0.8286,0.8315,1326930.1
2026-09-08 01:25:00,0.8315,0.8345,0.8315,0.8336,1351706.8
2026-09-08 01:30:00,0.8337,0.8349,0.8316,0.8345,1530730.6
2026-09-08 01:35:00,0.8346,0.8361,0.8317,0.8318,2600910.4
2026-09-08 01:40:00,0.8317,0.8326,0.8306,0.8308,714221.6
2026-09-08 01:45:00,0.8309,0.8311,0.8271,0.8297,2047818.4
2026-09-08 01:50:00,0.8297,0.83,0.8272,0.8277,792664.1
2026-09-08 01:55:00,0.8277,0.83,0.8265,0.8291,1224142.9
2026-09-08 02:00:00,0.8292,0.8295,0.8254,0.8267,1312321.8
2026-09-08 02:05:00,0.8267,0.8269,0.8247,0.825,1513598.2
2026-09-08 02:10:00,0.825,0.8283,0.8225,0.8278,1915259.0
2026-09-08 02:15:00,0.8278,0.8319,0.8276,0.8313,1548540.7
2026-09-08 02:20:00,0.8313,0.8362,0.83,0.8362,1444520.2
2026-09-08 02:25:00,0.8363,0.8367,0.8296,0.8303,1974155.9
2026-09-08 02:30:00,0.8303,0.833,0.8276,0.8292,1522358.7
2026-09-08 02:35:00,0.8292,0.8299,0.8275,0.8284,741815.4
2026-09-08 02:40:00,0.8284,0.8284,0.8251,0.8262,1562509.9
2026-09-08 02:45:00,0.8261,0.8271,0.8242,0.8251,810440.2
2026-09-08 02:50:00,0.8251,0.8255,0.8198,0.8199,2292448.4
2026-09-08 02:55:00,0.8198,0.8198,0.8166,0.8169,2409068.0
2026-09-08 03:00:00,0.8169,0.8204,0.8165,0.8175,1723596.8
2026-09-08 03:05:00,0.8175,0.8236,0.8172,0.8232,1615137.8
2026-09-08 03:10:00,0.8232,0.8234,0.82,0.8206,823459.8
2026-09-08 03:15:00,0.8206,0.8235,0.8198,0.8227,1233747.4
2026-09-08 03:20:00,0.8226,0.8271,0.8207,0.8249,2250087.8
2026-09-08 03:25:00,0.8249,0.8268,0.8228,0.8247,1364444.6
2026-09-08 03:30:00,0.8246,0.831,0.8244,0.8292,2603323.3
2026-09-08 03:35:00,0.8291,0.8312,0.8247,0.8269,2361928.4
2026-09-08 03:40:00,0.827,0.83,0.8258,0.827,1970429.7
2026-09-08 03:45:00,0.827,0.8276,0.8227,0.8242,1168338.1
2026-09-08 03:50:00,0.8241,0.8261,0.8221,0.8231,508621.4
2026-09-08 03:55:00,0.8231,0.8241,0.8223,0.8235,482281.1
2026-09-08 04:00:00,0.8235,0.8236,0.8202,0.821,940440.8
2026-09-08 04:05:00,0.8209,0.8223,0.8202,0.821,1106740.0
2026-09-08 04:10:00,0.821,0.8227,0.8184,0.819,1507002.1
2026-09-08 04:15:00,0.8189,0.8221,0.8151,0.8221,2696056.6
2026-09-08 04:20:00,0.8222,0.8222,0.8163,0.8168,1793578.7
2026-09-08 04:25:00,0.8168,0.82,0.8163,0.8179,1515066.7
2026-09-08 04:30:00,0.8178,0.8189,0.8169,0.8173,915386.5
2026-09-08 04:35:00,0.8173,0.819,0.8167,0.8187,686432.3
2026-09-08 04:40:00,0.8186,0.8188,0.8162,0.8165,923512.7
2026-09-08 04:45:00,0.8165,0.8176,0.8161,0.8164,485954.1
2026-09-08 04:50:00,0.8163,0.8166,0.8125,0.8137,2300865.9
2026-09-08 04:55:00,0.8136,0.8144,0.8121,0.8131,2184702.4
2026-09-08 05:00:00,0.8132,0.8196,0.812,0.8165,2272405.4
2026-09-08 05:05:00,0.8165,0.82,0.8155,0.817,1597026.8
2026-09-08 05:10:00,0.817,0.8196,0.8166,0.8169,1617429.2
2026-09-08 05:15:00,0.8169,0.8218,0.8156,0.821,3069944.1
2026-09-08 05:20:00,0.821,0.8246,0.8192,0.8241,3015601.4
2026-09-08 05:25:00,0.824,0.8258,0.8213,0.8224,1458772.1
2026-09-08 05:30:00,0.8224,0.8234,0.8196,0.8198,1535655.3
2026-09-08 05:35:00,0.8198,0.8223,0.8184,0.8204,1449249.5
2026-09-08 05:40:00,0.8204,0.8217,0.8182,0.8188,1762844.7
2026-09-08 05:45:00,0.8188,0.8221,0.8183,0.822,697033.3
2026-09-08 05:50:00,0.8221,0.8223,0.8185,0.8191,768560.6
2026-09-08 05:55:00,0.8191,0.8202,0.8177,0.8194,1090937.1
2026-09-08 06:00:00,0.8195,0.82,0.8171,0.8196,1611550.0
2026-09-08 06:05:00,0.8196,0.8206,0.8171,0.8178,1358503.9
2026-09-08 06:10:00,0.8177,0.8193,0.8164,0.8193,1477077.2
2026-09-08 06:15:00,0.8192,0.8198,0.8123,0.813,2480885.7
2026-09-08 06:20:00,0.8129,0.8139,0.8079,0.8124,5105918.1
2026-09-08 06:25:00,0.8125,0.8143,0.8094,0.8094,1639034.1
2026-09-08 06:30:00,0.8094,0.811,0.8087,0.8103,2006908.7
2026-09-08 06:35:00,0.8102,0.8113,0.8092,0.8097,923812.0
2026-09-08 06:40:00,0.8098,0.8111,0.8088,0.81,995081.1
2026-09-08 06:45:00,0.81,0.8119,0.8094,0.81,834525.7
2026-09-08 06:50:00,0.8101,0.8111,0.8091,0.8097,1036052.9
2026-09-08 06:55:00,0.8097,0.8144,0.8097,0.8127,2020897.9
2026-09-08 07:00:00,0.8127,0.814,0.8111,0.8127,1458754.1
2026-09-08 07:05:00,0.8127,0.8152,0.8125,0.8134,920937.6
2026-09-08 07:10:00,0.8134,0.8135,0.8117,0.8117,483609.2
2026-09-08 07:15:00,0.8116,0.8117,0.8103,0.8109,926859.1
2026-09-08 07:20:00,0.8108,0.8139,0.8106,0.8131,767779.5
2026-09-08 07:25:00,0.8132,0.8186,0.8126,0.8169,3029559.1
2026-09-08 07:30:00,0.8168,0.8188,0.8151,0.8184,1640257.8
2026-09-08 07:35:00,0.8184,0.822,0.8177,0.8214,1222115.8
2026-09-08 07:40:00,0.8215,0.8241,0.8184,0.8196,1976463.6
2026-09-08 07:45:00,0.8196,0.8198,0.815,0.8169,1460325.9
2026-09-08 07:50:00,0.8169,0.8191,0.8158,0.8191,529489.0
2026-09-08 07:55:00,0.8191,0.8204,0.8174,0.8191,568849.6
2026-09-08 08:00:00,0.819,0.8191,0.8136,0.8144,1592272.1
2026-09-08 08:05:00,0.8143,0.8151,0.8125,0.8129,1082057.0
2026-09-08 08:10:00,0.8128,0.8131,0.8096,0.8111,1731697.4
2026-09-08 08:15:00,0.8112,0.8129,0.8095,0.811,2469507.4
2026-09-08 08:20:00,0.811,0.8123,0.8088,0.8123,2586835.3
2026-09-08 08:25:00,0.8122,0.8144,0.8096,0.8141,2311280.2
2026-09-08 08:30:00,0.814,0.8166,0.8127,0.8166,1290174.9
2026-09-08 08:35:00,0.8165,0.8193,0.8165,0.8185,1009451.8
2026-09-08 08:40:00,0.8185,0.8208,0.818,0.8194,1157861.9
2026-09-08 08:45:00,0.8194,0.8213,0.8177,0.8199,1476986.8
2026-09-08 08:50:00,0.8198,0.8211,0.8173,0.818,2244136.2
2026-09-08 08:55:00,0.8181,0.8211,0.8174,0.8176,990795.3
2026-09-08 09:00:00,0.8177,0.819,0.8161,0.817,964698.7
2026-09-08 09:05:00,0.817,0.8178,0.8158,0.8173,615121.4
2026-09-08 09:10:00,0.8172,0.8187,0.8144,0.8183,2180271.6
2026-09-08 09:15:00,0.8183,0.822,0.8181,0.8186,2049914.9
2026-09-08 09:20:00,0.8186,0.8207,0.8186,0.8203,601567.8
2026-09-08 09:25:00,0.8204,0.8232,0.8202,0.821,1258236.0
2026-09-08 09:30:00,0.821,0.8263,0.82,0.8257,1699154.8
2026-09-08 09:35:00,0.8257,0.829,0.8256,0.828,3617052.8
2026-09-08 09:40:00,0.828,0.8297,0.8271,0.8283,2025537.5
2026-09-08 09:45:00,0.8282,0.83,0.8277,0.8283,2498167.3
2026-09-08 09:50:00,0.8284,0.8308,0.8267,0.8302,2465804.2
2026-09-08 09:55:00,0.8302,0.8309,0.8274,0.8279,1977264.7
2026-09-08 10:00:00,0.8279,0.8304,0.8268,0.8298,2393272.1
2026-09-08 10:05:00,0.8298,0.8302,0.8257,0.8274,3106561.6
2026-09-08 10:10:00,0.8275,0.8282,0.8267,0.8276,550304.9
2026-09-08 10:15:00,0.8276,0.8283,0.8271,0.8283,698098.1
2026-09-08 10:20:00,0.8282,0.8334,0.8269,0.8272,2588041.1
2026-09-08 10:25:00,0.8273,0.8286,0.8248,0.8263,2118579.6
2026-09-08 10:30:00,0.8263,0.8276,0.8233,0.8238,1737192.8
2026-09-08 10:35:00,0.8237,0.8245,0.822,0.8229,1586543.4
2026-09-08 10:40:00,0.8228,0.8233,0.8214,0.8225,1218867.4
2026-09-08 10:45:00,0.8225,0.8234,0.8217,0.8217,429634.3
2026-09-08 10:50:00,0.8218,0.8225,0.8207,0.8213,438378.9
2026-09-08 10:55:00,0.8213,0.8219,0.821,0.8211,511241.5
2026-09-08 11:00:00,0.8212,0.822,0.8205,0.8207,579581.2
2026-09-08 11:05:00,0.8206,0.8207,0.8169,0.8177,1955107.4
2026-09-08 11:10:00,0.8177,0.8177,0.8134,0.8142,1824654.3
2026-09-08 11:15:00,0.8142,0.8163,0.814,0.8154,2063817.0
2026-09-08 11:20:00,0.8155,0.8199,0.8154,0.8188,1922289.4
2026-09-08 11:25:00,0.8187,0.8187,0.8162,0.8164,1322005.7
2026-09-08 11:30:00,0.8165,0.818,0.816,0.8171,1207925.7
2026-09-08 11:35:00,0.817,0.8175,0.8149,0.815,725344.4
2026-09-08 11:40:00,0.815,0.8167,0.8137,0.8158,2001509.1
2026-09-08 11:45:00,0.8159,0.8161,0.8087,0.8102,5841246.6
2026-09-08 11:50:00,0.8102,0.8112,0.8059,0.8084,3896371.2
2026-09-08 11:55:00,0.8084,0.8115,0.805,0.8098,5082656.3
2026-09-08 12:00:00,0.8097,0.8099,0.8055,0.8058,1884046.5
2026-09-08 12:05:00,0.8058,0.8086,0.8053,0.8084,2037740.4
2026-09-08 12:10:00,0.8084,0.8089,0.8044,0.8053,1693248.8
2026-09-08 12:15:00,0.8053,0.8079,0.805,0.8076,991793.8
2026-09-08 12:20:00,0.8075,0.8089,0.8072,0.8089,1015358.5
2026-09-08 12:25:00,0.8088,0.8102,0.8083,0.8095,1003426.6
2026-09-08 12:30:00,0.8096,0.8124,0.8083,0.8118,1401495.4
2026-09-08 12:35:00,0.8119,0.8126,0.8111,0.8117,646143.0
2026-09-08 12:40:00,0.8116,0.8118,0.8101,0.8106,1029828.5
2026-09-08 12:45:00,0.8107,0.8132,0.8089,0.8132,1806311.9
2026-09-08 12:50:00,0.8132,0.8153,0.8121,0.8152,1859645.5
2026-09-08 12:55:00,0.8153,0.8159,0.8127,0.8133,1537998.4
2026-09-08 13:00:00,0.8134,0.8147,0.8123,0.8131,665483.6
2026-09-08 13:05:00,0.8131,0.8137,0.8119,0.812,629798.6
2026-09-08 13:10:00,0.8119,0.8132,0.811,0.8123,537955.6
2026-09-08 13:15:00,0.8124,0.8129,0.8116,0.8116,401004.3
2026-09-08 13:20:00,0.8117,0.8122,0.8076,0.8089,1733810.5
2026-09-08 13:25:00,0.8089,0.8125,0.8083,0.8103,2567256.3
2026-09-08 13:30:00,0.8103,0.8112,0.802,0.803,4652024.4
2026-09-08 13:35:00,0.803,0.8042,0.7973,0.7979,8797145.3
2026-09-08 13:40:00,0.7979,0.8004,0.7951,0.8,5660753.9
2026-09-08 13:45:00,0.8,0.8036,0.7992,0.8023,3173688.6
2026-09-08 13:50:00,0.8024,0.8025,0.7986,0.8019,1988560.4
2026-09-08 13:55:00,0.802,0.8063,0.8016,0.8037,1961525.2
2026-09-08 14:00:00,0.8036,0.805,0.8018,0.8038,1629434.6
2026-09-08 14:05:00,0.8039,0.8053,0.8026,0.8043,1404317.0
2026-09-08 14:10:00,0.8043,0.8096,0.8034,0.8083,2417675.5
2026-09-08 14:15:00,0.8084,0.8117,0.8084,0.8111,2177527.8
2026-09-08 14:20:00,0.811,0.8127,0.8107,0.8108,1221104.7
2026-09-08 14:25:00,0.8108,0.8113,0.8086,0.8109,1517322.1
2026-09-08 14:30:00,0.8109,0.8123,0.8089,0.8123,1451826.3
2026-09-08 14:35:00,0.8123,0.8125,0.8097,0.8104,1795769.4
2026-09-08 14:40:00,0.8103,0.8137,0.8088,0.8113,2356600.4
2026-09-08 14:45:00,0.8113,0.817,0.8107,0.8159,3327534.1
2026-09-08 14:50:00,0.8159,0.8172,0.8137,0.8148,1785029.7
2026-09-08 14:55:00,0.8147,0.8178,0.8145,0.8172,2198993.0
2026-09-08 15:00:00,0.8172,0.819,0.8165,0.8171,1830659.0
2026-09-08 15:05:00,0.8171,0.8203,0.8148,0.8202,1419056.1
2026-09-08 15:10:00,0.8203,0.8262,0.8202,0.8258,3318336.5
2026-09-08 15:15:00,0.8258,0.8288,0.8237,0.8283,4190847.8
2026-09-08 15:20:00,0.8283,0.8294,0.8219,0.8247,3460666.1
2026-09-08 15:25:00,0.8248,0.8256,0.8195,0.8223,2697753.9
2026-09-08 15:30:00,0.8223,0.8248,0.8206,0.8226,2057475.8
2026-09-08 15:35:00,0.8227,0.8266,0.8227,0.8242,2785033.3
2026-09-08 15:40:00,0.8241,0.8278,0.8235,0.8265,2521040.4
2026-09-08 15:45:00,0.8265,0.8285,0.8242,0.8253,2422226.4
2026-09-08 15:50:00,0.8254,0.8269,0.8237,0.8263,2495678.8
2026-09-08 15:55:00,0.8263,0.8296,0.8258,0.827,2281823.6
2026-09-08 16:00:00,0.8269,0.8274,0.8249,0.8258,1411158.6
2026-09-08 16:05:00,0.8258,0.8261,0.8231,0.8231,1543890.5
2026-09-08 16:10:00,0.8231,0.8235,0.8202,0.8208,1631926.8
2026-09-08 16:15:00,0.8208,0.8209,0.818,0.8196,1363666.1
2026-09-08 16:20:00,0.8196,0.8204,0.8181,0.819,920991.8
2026-09-08 16:25:00,0.819,0.8201,0.819,0.8201,1211106.2
2026-09-08 16:30:00,0.82,0.8226,0.8198,0.8213,974828.2
2026-09-08 16:35:00,0.8213,0.8273,0.8207,0.8273,1802055.1
2026-09-08 16:40:00,0.8274,0.8299,0.8258,0.8264,2538624.9
2026-09-08 16:45:00,0.8264,0.8329,0.8257,0.8328,3248880.5
2026-09-08 16:50:00,0.8327,0.8338,0.8284,0.829,2778899.6
2026-09-08 16:55:00,0.829,0.8299,0.8249,0.829,2431661.4
2026-09-08 17:00:00,0.8289,0.8312,0.8274,0.8283,2379778.2
2026-09-08 17:05:00,0.8284,0.8308,0.826,0.8261,2191567.3
2026-09-08 17:10:00,0.826,0.8279,0.8249,0.8267,1095488.7
2026-09-08 17:15:00,0.8266,0.828,0.8259,0.8262,765035.3
2026-09-08 17:20:00,0.8262,0.8262,0.8238,0.8241,938680.3
2026-09-08 17:25:00,0.824,0.824,0.8219,0.823,934768.5
2026-09-08 17:30:00,0.823,0.8243,0.8221,0.8235,628558.5
2026-09-08 17:35:00,0.8235,0.8252,0.8228,0.8228,713226.0
2026-09-08 17:40:00,0.8227,0.8227,0.8192,0.8195,2058748.4
2026-09-08 17:45:00,0.8195,0.8221,0.8193,0.8215,1478969.7
2026-09-08 17:50:00,0.8215,0.8238,0.8211,0.8213,1115960.6
2026-09-08 17:55:00,0.8214,0.8216,0.8186,0.8191,1354776.4
2026-09-08 18:00:00,0.8191,0.8225,0.8184,0.8214,1841802.5
2026-09-08 18:05:00,0.8215,0.8252,0.8213,0.8231,1777513.2
2026-09-08 18:10:00,0.8231,0.8245,0.8228,0.8238,789794.1
2026-09-08 18:15:00,0.8238,0.8262,0.8231,0.8255,744912.0
2026-09-08 18:20:00,0.8255,0.8267,0.825,0.8259,756525.8
2026-09-08 18:25:00,0.8259,0.8267,0.8232,0.824,656669.2
2026-09-08 18:30:00,0.8239,0.8243,0.8222,0.8222,483661.1
2026-09-08 18:35:00,0.8222,0.8222,0.8188,0.8188,810623.3
2026-09-08 18:40:00,0.8189,0.8205,0.8178,0.8205,858901.5
2026-09-08 18:45:00,0.8205,0.8211,0.8111,0.8112,2965115.9
2026-09-08 18:50:00,0.8111,0.8136,0.8066,0.8104,4236959.2
2026-09-08 18:55:00,0.8103,0.8111,0.8086,0.8098,1603052.7
2026-09-08 19:00:00,0.8099,0.8122,0.8086,0.8121,1159232.1
2026-09-08 19:05:00,0.8121,0.8124,0.8109,0.811,876602.4
2026-09-08 19:10:00,0.811,0.8126,0.8102,0.8106,1381040.0
2026-09-08 19:15:00,0.8107,0.8145,0.8107,0.8124,2181757.2
2026-09-08 19:20:00,0.8124,0.8139,0.8102,0.8125,1522531.5
2026-09-08 19:25:00,0.8124,0.8134,0.8106,0.8129,1914295.5
2026-09-08 19:30:00,0.813,0.8138,0.8098,0.8137,1582814.0
2026-09-08 19:35:00,0.8137,0.8153,0.8115,0.8142,1222774.5
2026-09-08 19:40:00,0.8141,0.8156,0.8111,0.8111,1707778.8
2026-09-08 19:45:00,0.8112,0.813,0.8087,0.8124,2117448.8
2026-09-08 19:50:00,0.8124,0.8129,0.8098,0.8101,886469.5
2026-09-08 19:55:00,0.8102,0.8118,0.8086,0.8117,883115.2
2026-09-08 20:00:00,0.8118,0.8135,0.8108,0.812,839612.4
2026-09-08 20:05:00,0.812,0.8162,0.8112,0.8158,777568.3
2026-09-08 20:10:00,0.8158,0.8218,0.8158,0.8218,2749757.1
2026-09-08 20:15:00,0.8218,0.8221,0.815,0.8155,1286293.2
2026-09-08 20:20:00,0.8154,0.816,0.8127,0.8152,1671474.3
2026-09-08 20:25:00,0.8152,0.8159,0.8135,0.8149,977575.4
2026-09-08 20:30:00,0.8149,0.815,0.8094,0.8099,1050749.9
2026-09-08 20:35:00,0.8099,0.8124,0.8095,0.8117,576431.3
2026-09-08 20:40:00,0.8117,0.812,0.81,0.8116,662638.3
2026-09-08 20:45:00,0.8116,0.8119,0.8099,0.8102,388081.4
2026-09-08 20:50:00,0.8102,0.8114,0.8096,0.8098,496877.6
2026-09-08 20:55:00,0.8098,0.8115,0.8096,0.8102,508160.2
2026-09-08 21:00:00,0.8102,0.8128,0.81,0.8115,661674.3
2026-09-08 21:05:00,0.8115,0.8127,0.8113,0.8122,507244.1
2026-09-08 21:10:00,0.8123,0.8129,0.8119,0.8125,280985.9
2026-09-08 21:15:00,0.8124,0.8132,0.8111,0.8114,504946.5
2026-09-08 21:20:00,0.8113,0.8121,0.8092,0.8104,1158779.7
2026-09-08 21:25:00,0.8104,0.8149,0.8101,0.811,1793782.2
2026-09-08 21:30:00,0.8111,0.8119,0.8091,0.8103,1062233.0
2026-09-08 21:35:00,0.8103,0.8128,0.8095,0.8127,256508.5
2026-09-08 21:40:00,0.8126,0.8126,0.8092,0.8118,606491.9
2026-09-08 21:45:00,0.8117,0.8121,0.8102,0.8102,247949.0
2026-09-08 21:50:00,0.8102,0.8102,0.8065,0.8079,1052336.9
2026-09-08 21:55:00,0.8078,0.8095,0.8077,0.8089,278643.9
2026-09-08 22:00:00,0.8089,0.815,0.8082,0.8133,1488353.2
2026-09-08 22:05:00,0.8133,0.8133,0.8095,0.8097,729589.6
2026-09-08 22:10:00,0.8097,0.8127,0.8091,0.8127,820233.1
2026-09-08 22:15:00,0.8126,0.8143,0.8113,0.8113,1751255.1
2026-09-08 22:20:00,0.8113,0.815,0.8112,0.8126,1123112.2
2026-09-08 22:25:00,0.8125,0.8125,0.8111,0.8118,514424.3
2026-09-08 22:30:00,0.8117,0.8118,0.8102,0.8103,386326.3
2026-09-08 22:35:00,0.8103,0.8105,0.8094,0.81,279013.8
2026-09-08 22:40:00,0.8099,0.8131,0.8099,0.811,1001768.6
2026-09-08 22:45:00,0.8109,0.8127,0.8109,0.8124,318026.4
2026-09-08 22:50:00,0.8124,0.8135,0.8121,0.8121,335500.4
2026-09-08 22:55:00,0.8122,0.8138,0.812,0.8136,607232.3
2026-09-08 23:00:00,0.8136,0.8163,0.8127,0.8127,1471926.9
2026-09-08 23:05:00,0.8128,0.813,0.8115,0.812,315934.6
2026-09-08 23:10:00,0.8119,0.8127,0.8092,0.8115,1717392.6
2026-09-08 23:15:00,0.8115,0.8116,0.8095,0.8098,521834.1
2026-09-08 23:20:00,0.8098,0.8116,0.8091,0.8109,635226.7
2026-09-08 23:25:00,0.811,0.8116,0.8102,0.8111,426383.5
2026-09-08 23:30:00,0.8111,0.8118,0.8108,0.811,248836.8
2026-09-08 23:35:00,0.811,0.8125,0.8106,0.8122,272741.5
2026-09-08 23:40:00,0.8122,0.8122,0.8106,0.8107,152685.5
2026-09-08 23:45:00,0.8107,0.8112,0.8102,0.8108,162159.2
2026-09-08 23:50:00,0.8108,0.8122,0.8101,0.8101,645660.4
2026-09-08 23:55:00,0.8102,0.811,0.8087,0.8107,956845.6
2026-09-09 00:00:00,0.8108,0.8199,0.8107,0.8188,4520269.7
2026-09-09 00:05:00,0.8188,0.8209,0.817,0.8185,1573464.2
2026-09-09 00:10:00,0.8185,0.824,0.8181,0.8226,1662936.3
2026-09-09 00:15:00,0.8226,0.8229,0.8194,0.8197,921256.0
2026-09-09 00:20:00,0.8197,0.8216,0.8182,0.8189,745494.2
2026-09-09 00:25:00,0.8189,0.819,0.8164,0.8185,978830.8
2026-09-09 00:30:00,0.8185,0.8189,0.8143,0.8154,1249569.1
2026-09-09 00:35:00,0.8153,0.8169,0.8131,0.8166,644197.2
2026-09-09 00:40:00,0.8165,0.8177,0.8144,0.8175,553673.8
2026-09-09 00:45:00,0.8175,0.8197,0.8168,0.8192,1132325.6
2026-09-09 00:50:00,0.8192,0.8192,0.8159,0.8179,803891.9
2026-09-09 00:55:00,0.8178,0.8199,0.8168,0.8175,1189530.8
2026-09-09 01:00:00,0.8175,0.8179,0.8132,0.8135,869902.3
2026-09-09 01:05:00,0.8134,0.8178,0.8131,0.8178,1271186.2
2026-09-09 01:10:00,0.8178,0.8195,0.8146,0.8151,1353927.0
2026-09-09 01:15:00,0.8151,0.8155,0.8105,0.8106,1003207.8
2026-09-09 01:20:00,0.8106,0.8123,0.8098,0.8107,1223932.4
2026-09-09 01:25:00,0.8108,0.8127,0.8102,0.8117,656044.7
2026-09-09 01:30:00,0.8117,0.8122,0.8098,0.8122,642253.9
2026-09-09 01:35:00,0.8121,0.8154,0.8119,0.8152,728030.0
2026-09-09 01:40:00,0.8152,0.8178,0.8145,0.8165,1767740.3
2026-09-09 01:45:00,0.8165,0.8197,0.816,0.8173,1782658.3
2026-09-09 01:50:00,0.8173,0.8185,0.8146,0.8179,1644823.3
2026-09-09 01:55:00,0.8179,0.8184,0.814,0.8158,1589012.1
2026-09-09 02:00:00,0.8157,0.8166,0.813,0.8155,1610902.7
2026-09-09 02:05:00,0.8155,0.8183,0.8138,0.8179,749606.3
2026-09-09 02:10:00,0.8179,0.8203,0.8133,0.8139,2743467.4
2026-09-09 02:15:00,0.8138,0.8151,0.8104,0.814,4311030.1
2026-09-09 02:20:00,0.8139,0.8156,0.8116,0.815,2114936.9
2026-09-09 02:25:00,0.815,0.815,0.8111,0.8134,1496636.3
2026-09-09 02:30:00,0.8134,0.8147,0.8122,0.8131,525094.2
2026-09-09 02:35:00,0.8129,0.8129,0.8114,0.8118,382096.9
2026-09-09 02:40:00,0.8118,0.8136,0.8114,0.8124,309592.4
2026-09-09 02:45:00,0.8124,0.814,0.8113,0.8125,693432.6
2026-09-09 02:50:00,0.8125,0.8132,0.8121,0.8124,355094.9
2026-09-09 02:55:00,0.8124,0.8124,0.8105,0.8106,504333.6
2026-09-09 03:00:00,0.8107,0.811,0.8086,0.8094,1751207.5
2026-09-09 03:05:00,0.8094,0.8109,0.8079,0.8084,1054831.9
2026-09-09 03:10:00,0.8084,0.8097,0.807,0.8074,1116770.4
2026-09-09 03:15:00,0.8074,0.8074,0.8058,0.8061,1298630.7
2026-09-09 03:20:00,0.8061,0.8077,0.8058,0.8064,1216426.1
2026-09-09 03:25:00,0.8064,0.8069,0.8058,0.8062,912381.4
2026-09-09 03:30:00,0.8063,0.8074,0.8061,0.8069,668342.1
2026-09-09 03:35:00,0.8068,0.8083,0.8063,0.8083,654798.5
2026-09-09 03:40:00,0.8083,0.8097,0.8077,0.8087,1071384.3
2026-09-09 03:45:00,0.8087,0.8103,0.8074,0.8077,1138916.2
2026-09-09 03:50:00,0.8076,0.8078,0.8051,0.807,1019992.8
2026-09-09 03:55:00,0.807,0.8077,0.805,0.8063,1350314.9
2026-09-09 04:00:00,0.8063,0.814,0.8062,0.8135,3060532.1
2026-09-09 04:05:00,0.8136,0.816,0.8124,0.8124,2331589.5
2026-09-09 04:10:00,0.8123,0.813,0.8097,0.8108,1681285.8
2026-09-09 04:15:00,0.8107,0.8115,0.8087,0.8113,1295991.1
2026-09-09 04:20:00,0.8113,0.8156,0.8105,0.8155,1722739.0
2026-09-09 04:25:00,0.8155,0.8164,0.8151,0.8156,898290.9
2026-09-09 04:30:00,0.8156,0.8173,0.8148,0.8172,1079844.2
2026-09-09 04:35:00,0.8173,0.8187,0.8169,0.8183,1513434.7
2026-09-09 04:40:00,0.8184,0.8237,0.8177,0.8219,4887238.2
2026-09-09 04:45:00,0.8219,0.8231,0.8195,0.8207,1977924.5
2026-09-09 04:50:00,0.8207,0.8237,0.8204,0.8222,2838419.1
2026-09-09 04:55:00,0.8222,0.823,0.821,0.8218,1179173.8
2026-09-09 05:00:00,0.8218,0.8221,0.8173,0.8189,2546162.9
2026-09-09 05:05:00,0.819,0.8196,0.8182,0.819,774375.5
2026-09-09 05:10:00,0.819,0.8223,0.8184,0.8215,1021890.8
2026-09-09 05:15:00,0.8214,0.8234,0.82,0.8215,1426630.5
2026-09-09 05:20:00,0.8215,0.8222,0.8197,0.8205,1080380.7
2026-09-09 05:25:00,0.8206,0.8215,0.8189,0.8197,994415.6
2026-09-09 05:30:00,0.8198,0.8203,0.8148,0.8153,1984218.3
2026-09-09 05:35:00,0.8153,0.8176,0.8142,0.8154,1741032.8
2026-09-09 05:40:00,0.8153,0.8163,0.8128,0.8144,1509309.2
2026-09-09 05:45:00,0.8144,0.8144,0.8105,0.8127,2404762.2
2026-09-09 05:50:00,0.8127,0.8138,0.8117,0.8119,455945.2
2026-09-09 05:55:00,0.8119,0.8127,0.8114,0.8122,584277.7
2026-09-09 06:00:00,0.8122,0.8135,0.811,0.8119,912790.7
2026-09-09 06:05:00,0.8119,0.8132,0.8111,0.8124,654585.7
2026-09-09 06:10:00,0.8125,0.8182,0.8125,0.8179,1798385.2
2026-09-09 06:15:00,0.8179,0.8196,0.8173,0.8192,1079062.1
2026-09-09 06:20:00,0.8192,0.822,0.8188,0.8203,1890701.0
2026-09-09 06:25:00,0.8203,0.8215,0.8193,0.8205,935627.6
2026-09-09 06:30:00,0.8205,0.8221,0.8204,0.8216,983872.3
2026-09-09 06:35:00,0.8217,0.8222,0.8211,0.8215,781227.7
2026-09-09 06:40:00,0.8216,0.8222,0.8205,0.8211,1026134.2
2026-09-09 06:45:00,0.8211,0.8217,0.8201,0.8206,535905.0
2026-09-09 06:50:00,0.8207,0.8213,0.8201,0.8204,692262.4
2026-09-09 06:55:00,0.8204,0.8218,0.8197,0.8214,517418.5
2026-09-09 07:00:00,0.8214,0.8228,0.8208,0.8228,799539.0
2026-09-09 07:05:00,0.8228,0.8293,0.8228,0.8257,4024928.9
2026-09-09 07:10:00,0.8258,0.8267,0.8225,0.8236,1467685.8
2026-09-09 07:15:00,0.8235,0.8252,0.8223,0.8226,1277025.9
2026-09-09 07:20:00,0.8226,0.8244,0.8222,0.8243,1518681.5
2026-09-09 07:25:00,0.8243,0.825,0.8227,0.8235,1295825.3
2026-09-09 07:30:00,0.8235,0.8245,0.8221,0.8224,554445.7
2026-09-09 07:35:00,0.8224,0.8237,0.8221,0.8226,440283.1
2026-09-09 07:40:00,0.8227,0.8232,0.8215,0.8221,249953.4
2026-09-09 07:45:00,0.8221,0.8224,0.8203,0.8206,530120.4
2026-09-09 07:50:00,0.8207,0.8223,0.8207,0.8219,385342.0
2026-09-09 07:55:00,0.8219,0.8234,0.8219,0.8228,579718.4
2026-09-09 08:00:00,0.8229,0.8247,0.8217,0.8242,1512424.6
2026-09-09 08:05:00,0.8242,0.8269,0.8238,0.8246,2324616.0
2026-09-09 08:10:00,0.8247,0.8264,0.8231,0.8232,1197866.9
2026-09-09 08:15:00,0.8232,0.8264,0.823,0.8261,1161597.9
2026-09-09 08:20:00,0.8261,0.8285,0.8248,0.8267,1322879.6
2026-09-09 08:25:00,0.8268,0.8283,0.8262,0.8279,838219.6
2026-09-09 08:30:00,0.8278,0.828,0.8262,0.827,1032334.9
2026-09-09 08:35:00,0.8269,0.8282,0.8235,0.8245,1496742.8
2026-09-09 08:40:00,0.8244,0.8262,0.8241,0.8244,1109311.7
2026-09-09 08:45:00,0.8245,0.8249,0.8233,0.8238,796999.2
2026-09-09 08:50:00,0.8237,0.8269,0.8235,0.826,570131.5
2026-09-09 08:55:00,0.826,0.827,0.8255,0.8264,278822.7
2026-09-09 09:00:00,0.8264,0.8267,0.8245,0.8262,669576.1
2026-09-09 09:05:00,0.8262,0.8267,0.8213,0.8216,1257689.2
2026-09-09 09:10:00,0.8216,0.8231,0.8206,0.822,770715.2
2026-09-09 09:15:00,0.822,0.8227,0.8191,0.8193,1443964.9
2026-09-09 09:20:00,0.8193,0.8194,0.8177,0.8177,1121848.0
2026-09-09 09:25:00,0.8176,0.8188,0.8169,0.8175,724601.6
2026-09-09 09:30:00,0.8176,0.8192,0.8167,0.8174,1088967.4
2026-09-09 09:35:00,0.8173,0.8177,0.8126,0.8141,2864440.8
2026-09-09 09:40:00,0.8141,0.8147,0.8094,0.8101,4772578.7
2026-09-09 09:45:00,0.8101,0.8111,0.8078,0.8081,3353378.7
2026-09-09 09:50:00,0.8081,0.8092,0.8066,0.8069,3278888.9
2026-09-09 09:55:00,0.807,0.8077,0.806,0.8069,2055194.1
2026-09-09 10:00:00,0.807,0.8108,0.8067,0.8104,3547932.5
2026-09-09 10:05:00,0.8104,0.8123,0.8084,0.8084,4477831.4
2026-09-09 10:10:00,0.8084,0.8098,0.8077,0.8089,925862.2
2026-09-09 10:15:00,0.8089,0.8097,0.807,0.8097,1071472.6
2026-09-09 10:20:00,0.8096,0.8109,0.8086,0.8092,891478.8
2026-09-09 10:25:00,0.8091,0.8108,0.8084,0.809,1755179.1
2026-09-09 10:30:00,0.8091,0.8119,0.8085,0.8116,1530806.5
2026-09-09 10:35:00,0.8116,0.812,0.8095,0.8101,1325378.4
2026-09-09 10:40:00,0.8101,0.8104,0.808,0.8086,1134039.6
2026-09-09 10:45:00,0.8086,0.809,0.8075,0.8081,858687.0
2026-09-09 10:50:00,0.8081,0.8083,0.8064,0.8071,873926.3
2026-09-09 10:55:00,0.8072,0.809,0.8071,0.8085,559253.5
2026-09-09 11:00:00,0.8086,0.809,0.8025,0.805,2294470.0
2026-09-09 11:05:00,0.8049,0.8054,0.8022,0.8054,1280475.3
2026-09-09 11:10:00,0.8055,0.806,0.8039,0.8044,1208678.5
2026-09-09 11:15:00,0.8044,0.8044,0.8018,0.8036,1962081.6
2026-09-09 11:20:00,0.8036,0.8073,0.8026,0.8073,1257851.1
2026-09-09 11:25:00,0.8073,0.8082,0.8066,0.8072,1002417.8
2026-09-09 11:30:00,0.8072,0.8096,0.8066,0.8073,2130388.6
2026-09-09 11:35:00,0.8074,0.8078,0.8055,0.8077,1602767.7
2026-09-09 11:40:00,0.8076,0.8093,0.8065,0.8068,1264947.4
2026-09-09 11:45:00,0.8069,0.8112,0.8067,0.8107,1771857.4
2026-09-09 11:50:00,0.8107,0.8136,0.81,0.8121,2381758.4
2026-09-09 11:55:00,0.8122,0.813,0.8116,0.8124,774700.0
2026-09-09 12:00:00,0.8125,0.8135,0.8108,0.8115,1467606.6
2026-09-09 12:05:00,0.8114,0.8126,0.8101,0.8124,1009786.7
2026-09-09 12:10:00,0.8125,0.8127,0.8111,0.8116,666306.2
2026-09-09 12:15:00,0.8116,0.8133,0.8107,0.8115,2221728.0
2026-09-09 12:20:00,0.8116,0.8146,0.8116,0.8139,1466218.0
2026-09-09 12:25:00,0.814,0.8143,0.8128,0.8142,1037576.5
2026-09-09 12:30:00,0.8141,0.817,0.8141,0.8164,1893066.1
2026-09-09 12:35:00,0.8165,0.8176,0.8143,0.8173,3086006.5
2026-09-09 12:40:00,0.8173,0.819,0.8162,0.8183,1851023.4
2026-09-09 12:45:00,0.8184,0.8203,0.8171,0.8184,2914016.9
2026-09-09 12:50:00,0.8184,0.8199,0.8171,0.8193,2468718.2
2026-09-09 12:55:00,0.8194,0.8203,0.817,0.8179,2485441.0
2026-09-09 13:00:00,0.818,0.8182,0.8158,0.818,1757077.6
2026-09-09 13:05:00,0.8179,0.8179,0.8146,0.8152,1457323.2
2026-09-09 13:10:00,0.8152,0.8172,0.8143,0.8154,1917927.9
2026-09-09 13:15:00,0.8154,0.8161,0.8141,0.816,727988.5
2026-09-09 13:20:00,0.816,0.8167,0.815,0.8154,1135468.3
2026-09-09 13:25:00,0.8154,0.8169,0.8151,0.8158,1028655.7
2026-09-09 13:30:00,0.8158,0.8169,0.8142,0.816,1299605.7
2026-09-09 13:35:00,0.816,0.8161,0.8083,0.811,3656577.8
2026-09-09 13:40:00,0.8111,0.8125,0.8055,0.8075,3082635.5
2026-09-09 13:45:00,0.8075,0.8125,0.8072,0.812,2644362.8
2026-09-09 13:50:00,0.812,0.8135,0.811,0.8113,1847679.7
2026-09-09 13:55:00,0.8113,0.8123,0.8098,0.8106,1469942.5
2026-09-09 14:00:00,0.8106,0.812,0.8074,0.8117,1652829.9
2026-09-09 14:05:00,0.8118,0.8148,0.8082,0.8085,1495305.7
2026-09-09 14:10:00,0.8084,0.8101,0.8073,0.8097,1254867.5
2026-09-09 14:15:00,0.8097,0.8098,0.806,0.8072,895585.4
2026-09-09 14:20:00,0.8071,0.8088,0.806,0.8078,940672.7
2026-09-09 14:25:00,0.8078,0.8141,0.8073,0.8141,1154547.9
2026-09-09 14:30:00,0.814,0.8151,0.8123,0.8127,2059199.2
2026-09-09 14:35:00,0.8128,0.8153,0.8115,0.8146,1731830.6
2026-09-09 14:40:00,0.8146,0.8151,0.8083,0.809,1377468.2
2026-09-09 14:45:00,0.809,0.812,0.808,0.8119,1694943.0
2026-09-09 14:50:00,0.8119,0.8126,0.8083,0.8085,971368.6
2026-09-09 14:55:00,0.8084,0.8094,0.8067,0.8089,1332293.2
2026-09-09 15:00:00,0.8089,0.8155,0.8035,0.8072,6091768.0
2026-09-09 15:05:00,0.8072,0.8088,0.8013,0.8047,3305643.3
2026-09-09 15:10:00,0.8048,0.8053,0.797,0.7995,6182457.0
2026-09-09 15:15:00,0.7996,0.8019,0.7981,0.8,2215972.9
2026-09-09 15:20:00,0.8,0.8003,0.7833,0.7843,18863996.6
2026-09-09 15:25:00,0.7844,0.7921,0.7836,0.7915,4392836.3
2026-09-09 15:30:00,0.7915,0.7945,0.7902,0.7945,2627974.2
2026-09-09 15:35:00,0.7945,0.7961,0.7933,0.7957,2443471.6
2026-09-09 15:40:00,0.7959,0.7982,0.7936,0.7963,4230591.1
2026-09-09 15:45:00,0.7963,0.7966,0.7944,0.7961,1153074.9
2026-09-09 15:50:00,0.796,0.7962,0.7938,0.7961,2307790.2
2026-09-09 15:55:00,0.7961,0.7967,0.7938,0.7942,1405802.6
2026-09-09 16:00:00,0.7942,0.7997,0.7935,0.7987,2132404.2
2026-09-09 16:05:00,0.7986,0.8001,0.7928,0.7931,3470463.5
2026-09-09 16:10:00,0.793,0.7961,0.7924,0.7958,1795485.7
2026-09-09 16:15:00,0.7959,0.7959,0.7883,0.7894,4253514.2
2026-09-09 16:20:00,0.7895,0.7927,0.7873,0.7894,3766027.5
2026-09-09 16:25:00,0.7895,0.7927,0.7895,0.7914,1831135.6
2026-09-09 16:30:00,0.7914,0.7977,0.7912,0.797,1523249.4
2026-09-09 16:35:00,0.797,0.7987,0.7959,0.7967,1541047.6
2026-09-09 16:40:00,0.7967,0.7968,0.7954,0.7962,967166.2
2026-09-09 16:45:00,0.7961,0.7973,0.7955,0.7964,578012.3
2026-09-09 16:50:00,0.7964,0.7978,0.7963,0.7966,538936.7
2026-09-09 16:55:00,0.7966,0.7988,0.7963,0.798,1305430.6
2026-09-09 17:00:00,0.7979,0.7996,0.7956,0.7957,1913767.2
2026-09-09 17:05:00,0.7957,0.7992,0.7955,0.7979,1515521.6
2026-09-09 17:10:00,0.7978,0.8025,0.7976,0.7994,4404154.3
2026-09-09 17:15:00,0.7993,0.8013,0.7983,0.8005,2119185.1
2026-09-09 17:20:00,0.8005,0.8013,0.7996,0.8013,742860.1
2026-09-09 17:25:00,0.8011,0.8023,0.8003,0.8004,756435.7
2026-09-09 17:30:00,0.8004,0.8007,0.7981,0.7981,603932.8
2026-09-09 17:35:00,0.7982,0.7997,0.7967,0.7969,989023.0
2026-09-09 17:40:00,0.7968,0.7972,0.7953,0.7971,948413.9
2026-09-09 17:45:00,0.7971,0.7985,0.7961,0.7984,398069.6
2026-09-09 17:50:00,0.7984,0.7992,0.7965,0.7991,230317.6
2026-09-09 17:55:00,0.7991,0.7997,0.7985,0.7991,445528.2
2026-09-09 18:00:00,0.7992,0.8,0.7978,0.799,849363.3
2026-09-09 18:05:00,0.7991,0.8,0.7963,0.797,448519.7
2026-09-09 18:10:00,0.7969,0.7973,0.7958,0.7966,728761.3
2026-09-09 18:15:00,0.7966,0.7973,0.7958,0.7962,324509.6
2026-09-09 18:20:00,0.7963,0.7991,0.7963,0.7986,686185.5
2026-09-09 18:25:00,0.7985,0.7997,0.7985,0.7996,408582.2
2026-09-09 18:30:00,0.7995,0.802,0.7986,0.801,708002.6
2026-09-09 18:35:00,0.801,0.8017,0.8002,0.8009,533409.7
2026-09-09 18:40:00,0.8008,0.8037,0.8008,0.8036,1290530.8
2026-09-09 18:45:00,0.8036,0.8038,0.7993,0.8015,2301779.5
2026-09-09 18:50:00,0.8014,0.8017,0.798,0.7982,1600193.5
2026-09-09 18:55:00,0.7982,0.7996,0.7968,0.7969,1140530.7
2026-09-09 19:00:00,0.7969,0.7999,0.7962,0.7982,1630434.3
2026-09-09 19:05:00,0.7983,0.7988,0.7959,0.7975,1416891.3
2026-09-09 19:10:00,0.7975,0.7984,0.7971,0.7977,260109.7
2026-09-09 19:15:00,0.7978,0.7996,0.7977,0.7988,454282.7
2026-09-09 19:20:00,0.7987,0.7989,0.7979,0.7982,299358.5
2026-09-09 19:25:00,0.7982,0.7982,0.7962,0.7963,388212.3
2026-09-09 19:30:00,0.7963,0.7966,0.794,0.7946,641483.7
2026-09-09 19:35:00,0.7947,0.7947,0.7882,0.7894,2678686.5
2026-09-09 19:40:00,0.7893,0.7908,0.7884,0.789,1059280.7
2026-09-09 19:45:00,0.7891,0.7899,0.7883,0.7887,705449.1
2026-09-09 19:50:00,0.7887,0.7893,0.7812,0.7847,4450161.1
2026-09-09 19:55:00,0.7847,0.7852,0.783,0.7851,1332460.8
2026-09-09 20:00:00,0.7851,0.7868,0.7835,0.784,1471613.1
2026-09-09 20:05:00,0.7841,0.7863,0.7834,0.786,1511393.4
2026-09-09 20:10:00,0.7861,0.7862,0.7832,0.7848,965682.0
2026-09-09 20:15:00,0.7849,0.7884,0.7844,0.7859,1413564.2
2026-09-09 20:20:00,0.7859,0.7866,0.7757,0.7808,7318133.9
2026-09-09 20:25:00,0.7809,0.7837,0.7764,0.7804,3805305.2
2026-09-09 20:30:00,0.7803,0.7849,0.7801,0.7842,1594034.0
2026-09-09 20:35:00,0.7841,0.7875,0.7836,0.7865,1689725.0
2026-09-09 20:40:00,0.7865,0.7865,0.7831,0.7839,1370695.9
2026-09-09 20:45:00,0.7838,0.7842,0.7802,0.7804,1046058.4
2026-09-09 20:50:00,0.7803,0.784,0.7796,0.7822,2090471.1
2026-09-09 20:55:00,0.7822,0.7856,0.7818,0.7853,1155729.9
2026-09-09 21:00:00,0.7853,0.7856,0.782,0.7836,1891048.3
2026-09-09 21:05:00,0.7836,0.7853,0.7825,0.7829,520243.7
2026-09-09 21:10:00,0.7829,0.7834,0.7814,0.7832,435779.2
2026-09-09 21:15:00,0.7832,0.7833,0.7804,0.781,394522.9
2026-09-09 21:20:00,0.7809,0.784,0.7802,0.7832,845580.7
2026-09-09 21:25:00,0.7832,0.7856,0.7829,0.7838,597701.0
2026-09-09 21:30:00,0.7838,0.7841,0.7808,0.7808,520997.5
2026-09-09 21:35:00,0.7809,0.7809,0.7775,0.7795,2637032.2
2026-09-09 21:40:00,0.7794,0.7809,0.7783,0.7783,345252.8
2026-09-09 21:45:00,0.7783,0.7784,0.7736,0.7738,3275362.9
2026-09-09 21:50:00,0.7738,0.7765,0.7728,0.7762,1771636.1
2026-09-09 21:55:00,0.7762,0.7776,0.7746,0.7772,925021.2
2026-09-09 22:00:00,0.7773,0.7784,0.7751,0.7765,1123615.6
2026-09-09 22:05:00,0.7765,0.7765,0.7617,0.7684,10157758.0
2026-09-09 22:10:00,0.7685,0.7716,0.7673,0.7675,3723473.1
2026-09-09 22:15:00,0.7674,0.7704,0.766,0.7701,1940382.9
2026-09-09 22:20:00,0.7701,0.7712,0.7695,0.7711,982710.2
2026-09-09 22:25:00,0.7711,0.7716,0.7703,0.7706,875525.0
2026-09-09 22:30:00,0.7707,0.7708,0.7681,0.7692,971001.8
2026-09-09 22:35:00,0.7691,0.771,0.7682,0.7705,811768.2
2026-09-09 22:40:00,0.7705,0.7709,0.7683,0.7694,685005.3
2026-09-09 22:45:00,0.7693,0.7693,0.7666,0.7668,776746.1
2026-09-09 22:50:00,0.7668,0.7677,0.7654,0.7669,1521496.4
2026-09-09 22:55:00,0.7669,0.7669,0.7629,0.7641,2237327.9
2026-09-09 23:00:00,0.764,0.7692,0.7637,0.769,1479537.8
2026-09-09 23:05:00,0.7691,0.7719,0.7689,0.7706,2554687.6
2026-09-09 23:10:00,0.7706,0.771,0.7697,0.7704,963599.4
2026-09-09 23:15:00,0.7704,0.7711,0.7689,0.7708,729737.5
2026-09-09 23:20:00,0.7709,0.7709,0.7694,0.7705,525354.3
2026-09-09 23:25:00,0.7705,0.7717,0.7703,0.7715,354132.8
2026-09-09 23:30:00,0.7715,0.7718,0.7704,0.7718,635371.0
2026-09-09 23:35:00,0.7718,0.7726,0.7714,0.7721,518873.0
2026-09-09 23:40:00,0.7721,0.7722,0.7713,0.772,231100.8
2026-09-09 23:45:00,0.7719,0.7728,0.7715,0.7726,326357.1
2026-09-09 23:50:00,0.7725,0.7728,0.7721,0.7721,326487.7
2026-09-09 23:55:00,0.7721,0.7723,0.7713,0.7717,355826.6
2026-09-10 00:00:00,0.7717,0.7721,0.7693,0.7709,2465029.9
2026-09-10 00:05:00,0.7708,0.7717,0.7701,0.7705,1017420.9
2026-09-10 00:10:00,0.7705,0.7716,0.7691,0.7699,764894.6
2026-09-10 00:15:00,0.7699,0.7705,0.7677,0.7678,754279.9
2026-09-10 00:20:00,0.7678,0.7684,0.7651,0.7671,3311274.2
2026-09-10 00:25:00,0.7671,0.768,0.7662,0.7667,1489549.6
2026-09-10 00:30:00,0.7666,0.7667,0.764,0.7667,1625472.8
2026-09-10 00:35:00,0.7667,0.7686,0.7659,0.7661,1204060.3
2026-09-10 00:40:00,0.7662,0.7662,0.7634,0.7639,874235.6
2026-09-10 00:45:00,0.7639,0.7672,0.7632,0.7647,1409436.1
2026-09-10 00:50:00,0.7648,0.767,0.7637,0.7649,1317507.1
2026-09-10 00:55:00,0.765,0.7652,0.7635,0.7643,851592.1
2026-09-10 01:00:00,0.7642,0.7692,0.764,0.7692,1434361.5
2026-09-10 01:05:00,0.7691,0.7728,0.7691,0.7702,2585998.1
2026-09-10 01:10:00,0.7701,0.7705,0.767,0.7674,896566.7
2026-09-10 01:15:00,0.7673,0.7686,0.7646,0.768,2136684.4
2026-09-10 01:20:00,0.768,0.7685,0.7639,0.7674,1022795.2
2026-09-10 01:25:00,0.7673,0.7673,0.7648,0.765,432863.9
2026-09-10 01:30:00,0.765,0.766,0.7606,0.7615,1735272.4
2026-09-10 01:35:00,0.7614,0.7623,0.7563,0.7578,4424038.3
2026-09-10 01:40:00,0.7578,0.7624,0.7578,0.759,1494429.0
2026-09-10 01:45:00,0.7591,0.7619,0.7581,0.7612,1589912.1
2026-09-10 01:50:00,0.7612,0.7614,0.7581,0.759,953934.4
2026-09-10 01:55:00,0.7591,0.7621,0.7586,0.7612,830199.9
2026-09-10 02:00:00,0.7612,0.762,0.7603,0.7614,753814.6
2026-09-10 02:05:00,0.7614,0.763,0.7609,0.7618,607325.9
2026-09-10 02:10:00,0.7618,0.7626,0.7612,0.7626,377154.9
2026-09-10 02:15:00,0.7625,0.763,0.7602,0.7616,802074.3
2026-09-10 02:20:00,0.7615,0.7623,0.7606,0.761,665175.3
2026-09-10 02:25:00,0.7609,0.7616,0.7607,0.7614,358440.9
2026-09-10 02:30:00,0.7614,0.7656,0.7611,0.7656,920787.1
2026-09-10 02:35:00,0.7655,0.7672,0.7648,0.7663,729676.5
2026-09-10 02:40:00,0.7662,0.7676,0.766,0.7674,721705.7
2026-09-10 02:45:00,0.7673,0.7678,0.7667,0.7677,388927.5
2026-09-10 02:50:00,0.7677,0.7694,0.7674,0.7694,979361.1
2026-09-10 02:55:00,0.7694,0.7699,0.7687,0.7696,672271.3
2026-09-10 03:00:00,0.7696,0.7713,0.7695,0.7708,822735.9
2026-09-10 03:05:00,0.7708,0.7708,0.7693,0.7697,622062.8
2026-09-10 03:10:00,0.7697,0.7702,0.7695,0.7697,367354.0
2026-09-10 03:15:00,0.7697,0.7701,0.7687,0.7696,829944.5
2026-09-10 03:20:00,0.7697,0.7716,0.7688,0.7692,2036347.9
2026-09-10 03:25:00,0.7693,0.7706,0.7676,0.7705,1134821.2
2026-09-10 03:30:00,0.7705,0.7713,0.7692,0.7692,1087423.4
2026-09-10 03:35:00,0.7693,0.7693,0.7674,0.7682,576628.8
2026-09-10 03:40:00,0.7682,0.7717,0.7677,0.77,1625200.4
2026-09-10 03:45:00,0.77,0.7721,0.7699,0.7713,856857.7
2026-09-10 03:50:00,0.7713,0.7713,0.7679,0.7694,2151067.9
2026-09-10 03:55:00,0.7693,0.7714,0.768,0.7696,1956962.8
2026-09-10 04:00:00,0.7696,0.7709,0.7687,0.7702,571796.8
2026-09-10 04:05:00,0.7702,0.7711,0.7701,0.7705,1452636.6
2026-09-10 04:10:00,0.7705,0.7706,0.769,0.7691,2180910.1
2026-09-10 04:15:00,0.7691,0.7697,0.7678,0.7697,978273.0
2026-09-10 04:20:00,0.7696,0.77,0.7685,0.7685,405040.4
2026-09-10 04:25:00,0.7686,0.7699,0.7683,0.769,341527.5
2026-09-10 04:30:00,0.769,0.7704,0.7689,0.7704,426275.0
2026-09-10 04:35:00,0.7704,0.7707,0.7686,0.7694,357197.4
2026-09-10 04:40:00,0.7695,0.7701,0.7685,0.7689,522623.1
2026-09-10 04:45:00,0.769,0.7706,0.7684,0.7691,1170130.9
2026-09-10 04:50:00,0.7692,0.7695,0.7674,0.7691,952433.5
2026-09-10 04:55:00,0.7691,0.7715,0.7684,0.7693,1253973.7
2026-09-10 05:00:00,0.7692,0.7701,0.7659,0.7661,933874.8
2026-09-10 05:05:00,0.766,0.7683,0.7652,0.7676,1450611.7
2026-09-10 05:10:00,0.7676,0.7728,0.7675,0.7723,1083562.2
2026-09-10 05:15:00,0.7724,0.7724,0.7685,0.7693,1280082.0
2026-09-10 05:20:00,0.7694,0.7695,0.7681,0.7682,479264.8
2026-09-10 05:25:00,0.7681,0.7716,0.768,0.771,576106.4
2026-09-10 05:30:00,0.771,0.772,0.7698,0.7707,561082.8
2026-09-10 05:35:00,0.7707,0.7723,0.7701,0.7704,945442.8
2026-09-10 05:40:00,0.7704,0.7705,0.769,0.7701,617078.7
2026-09-10 05:45:00,0.77,0.7711,0.7697,0.7698,264228.4
2026-09-10 05:50:00,0.7698,0.7709,0.7696,0.7708,341455.7
2026-09-10 05:55:00,0.7707,0.7712,0.77,0.7708,470530.0
2026-09-10 06:00:00,0.7708,0.7711,0.7692,0.7694,432572.5
2026-09-10 06:05:00,0.7693,0.7694,0.7679,0.7681,427869.9
2026-09-10 06:10:00,0.7681,0.7681,0.7668,0.767,589799.1
2026-09-10 06:15:00,0.767,0.767,0.7637,0.7658,1198034.5
2026-09-10 06:20:00,0.7657,0.7659,0.7636,0.7646,743739.4
2026-09-10 06:25:00,0.7645,0.7665,0.7641,0.7664,493536.6
2026-09-10 06:30:00,0.7664,0.7672,0.7656,0.7663,311698.6
2026-09-10 06:35:00,0.7662,0.7683,0.7657,0.7681,355568.5
2026-09-10 06:40:00,0.7681,0.7688,0.767,0.7674,380722.7
2026-09-10 06:45:00,0.7675,0.771,0.7673,0.771,631700.0
2026-09-10 06:50:00,0.771,0.7729,0.7709,0.7714,1654776.9
2026-09-10 06:55:00,0.7715,0.7723,0.7711,0.7712,459872.3
2026-09-10 07:00:00,0.7713,0.7713,0.7678,0.7679,508925.5
2026-09-10 07:05:00,0.7679,0.7681,0.7662,0.7673,1182174.8
2026-09-10 07:10:00,0.7674,0.7684,0.767,0.7675,463870.1
2026-09-10 07:15:00,0.7675,0.7684,0.7668,0.7678,680126.1
2026-09-10 07:20:00,0.7678,0.768,0.7644,0.7647,797379.1
2026-09-10 07:25:00,0.7647,0.7653,0.7636,0.7638,952721.4
2026-09-10 07:30:00,0.7637,0.764,0.7616,0.7625,1465081.9
2026-09-10 07:35:00,0.7625,0.7634,0.7609,0.761,1624094.5
2026-09-10 07:40:00,0.761,0.762,0.7604,0.7618,785315.3
2026-09-10 07:45:00,0.7617,0.7633,0.7614,0.763,767447.2
2026-09-10 07:50:00,0.763,0.7639,0.7628,0.7636,1185603.9
2026-09-10 07:55:00,0.7636,0.7639,0.7621,0.7636,1004238.2
2026-09-10 08:00:00,0.7636,0.7652,0.7619,0.7627,2045814.1
2026-09-10 08:05:00,0.7627,0.7651,0.7619,0.7644,1390370.2
2026-09-10 08:10:00,0.7643,0.765,0.7621,0.763,1552207.2
2026-09-10 08:15:00,0.763,0.7641,0.7619,0.7633,1275323.3
2026-09-10 08:20:00,0.7634,0.7659,0.7633,0.7652,768084.9
2026-09-10 08:25:00,0.7651,0.7655,0.7632,0.7647,1308301.8
2026-09-10 08:30:00,0.7647,0.7652,0.7626,0.7643,1515009.9
2026-09-10 08:35:00,0.7642,0.765,0.7636,0.7638,380823.2
2026-09-10 08:40:00,0.7639,0.7643,0.7621,0.7635,819120.4
2026-09-10 08:45:00,0.7636,0.7649,0.7631,0.7643,596559.9
2026-09-10 08:50:00,0.7643,0.7649,0.7639,0.7642,528340.0
2026-09-10 08:55:00,0.7642,0.7642,0.7633,0.7637,229678.3
2026-09-10 09:00:00,0.7637,0.7652,0.7635,0.765,619124.8
2026-09-10 09:05:00,0.765,0.7657,0.7641,0.7644,689861.8
2026-09-10 09:10:00,0.7644,0.7655,0.7643,0.7654,237452.2
2026-09-10 09:15:00,0.7654,0.7663,0.7647,0.7659,325902.9
2026-09-10 09:20:00,0.766,0.7663,0.7653,0.7661,342770.2
2026-09-10 09:25:00,0.7662,0.7664,0.7651,0.7657,512603.7
2026-09-10 09:30:00,0.7657,0.7657,0.7623,0.7634,699885.2
2026-09-10 09:35:00,0.7633,0.7633,0.7601,0.7601,1018559.7
2026-09-10 09:40:00,0.7601,0.761,0.7583,0.7606,2223215.4
2026-09-10 09:45:00,0.7606,0.7615,0.7598,0.7613,701778.2
2026-09-10 09:50:00,0.7613,0.7628,0.7609,0.7623,971164.2
2026-09-10 09:55:00,0.7624,0.7627,0.7604,0.7613,1019327.0
2026-09-10 10:00:00,0.7612,0.763,0.7607,0.7619,1456863.5
2026-09-10 10:05:00,0.7619,0.7635,0.7599,0.7602,1109317.4
2026-09-10 10:10:00,0.7601,0.7622,0.7597,0.7615,1024998.4
2026-09-10 10:15:00,0.7614,0.7625,0.7607,0.7612,465585.9
2026-09-10 10:20:00,0.7612,0.7622,0.7602,0.7603,205269.5
2026-09-10 10:25:00,0.7603,0.7617,0.7602,0.7607,402985.7
2026-09-10 10:30:00,0.7606,0.7607,0.7509,0.7575,6464070.4
2026-09-10 10:35:00,0.7574,0.7617,0.7574,0.7616,1143775.4
2026-09-10 10:40:00,0.7615,0.7617,0.761,0.7616,921183.7
2026-09-10 10:45:00,0.7616,0.7621,0.7609,0.7613,693501.6
2026-09-10 10:50:00,0.7613,0.7614,0.7594,0.7597,398352.4
2026-09-10 10:55:00,0.7598,0.7631,0.7586,0.7588,1091207.6
2026-09-10 11:00:00,0.7587,0.7589,0.7561,0.7572,1794270.6
2026-09-10 11:05:00,0.7572,0.7608,0.7572,0.7598,846051.4
2026-09-10 11:10:00,0.7597,0.7628,0.7597,0.7628,1377351.9
2026-09-10 11:15:00,0.7627,0.7645,0.7624,0.7629,860631.7
2026-09-10 11:20:00,0.763,0.7643,0.7629,0.7642,480934.1
2026-09-10 11:25:00,0.7643,0.7652,0.7635,0.7652,856515.6
2026-09-10 11:30:00,0.7651,0.7661,0.7636,0.7642,1226297.5
2026-09-10 11:35:00,0.7642,0.7651,0.7632,0.7647,1192938.7
2026-09-10 11:40:00,0.7646,0.765,0.7622,0.7629,1166807.3
2026-09-10 11:45:00,0.7628,0.7636,0.7614,0.7635,2136610.1
2026-09-10 11:50:00,0.7634,0.7635,0.7609,0.7614,1192000.2
2026-09-10 11:55:00,0.7613,0.7613,0.7595,0.76,701527.1
2026-09-10 12:00:00,0.7599,0.7622,0.7599,0.7607,1161971.9
2026-09-10 12:05:00,0.7606,0.7613,0.7599,0.7599,796058.8
2026-09-10 12:10:00,0.7599,0.7618,0.7599,0.7614,354326.7
2026-09-10 12:15:00,0.7613,0.7618,0.7604,0.7608,536039.2
2026-09-10 12:20:00,0.7607,0.7616,0.7605,0.7611,408329.4
2026-09-10 12:25:00,0.7612,0.7635,0.7609,0.763,499877.9
2026-09-10 12:30:00,0.7629,0.766,0.7565,0.7579,4766156.1
2026-09-10 12:35:00,0.7579,0.7608,0.7538,0.7559,3207426.8
2026-09-10 12:40:00,0.7559,0.7585,0.7552,0.7568,1771212.5
2026-09-10 12:45:00,0.7568,0.7573,0.741,0.7524,12888761.2
2026-09-10 12:50:00,0.7523,0.7548,0.7495,0.7498,2764599.6
2026-09-10 12:55:00,0.7498,0.752,0.7481,0.7503,3501644.8
2026-09-10 13:00:00,0.7502,0.7549,0.7497,0.7523,4241784.9
2026-09-10 13:05:00,0.7523,0.7528,0.7489,0.7513,2873442.1
2026-09-10 13:10:00,0.7513,0.7519,0.7463,0.7476,3409122.0
2026-09-10 13:15:00,0.7476,0.7487,0.7457,0.7474,1785248.6
2026-09-10 13:20:00,0.7474,0.751,0.7473,0.75,1666952.2
2026-09-10 13:25:00,0.7499,0.7511,0.7484,0.7494,1895329.4
2026-09-10 13:30:00,0.7493,0.7501,0.7467,0.7484,1417916.4
2026-09-10 13:35:00,0.7484,0.7521,0.7476,0.7505,2090325.7
2026-09-10 13:40:00,0.7504,0.7509,0.7489,0.7492,1650282.2
2026-09-10 13:45:00,0.7491,0.7507,0.7484,0.7504,929136.5
2026-09-10 13:50:00,0.7503,0.7519,0.7474,0.7499,1370012.2
2026-09-10 13:55:00,0.7499,0.7506,0.7494,0.7499,700350.9
2026-09-10 14:00:00,0.75,0.7536,0.7492,0.7518,2148576.2
2026-09-10 14:05:00,0.7517,0.7519,0.7479,0.7488,1584383.8
2026-09-10 14:10:00,0.7489,0.7492,0.7465,0.7465,1401060.4
2026-09-10 14:15:00,0.7464,0.7464,0.7352,0.7434,8791124.3
2026-09-10 14:20:00,0.7435,0.75,0.7429,0.7481,2158384.6
2026-09-10 14:25:00,0.7482,0.7504,0.7471,0.7475,2511339.0
2026-09-10 14:30:00,0.7475,0.7501,0.747,0.7491,2678554.2
2026-09-10 14:35:00,0.749,0.7507,0.7478,0.7484,1148171.4
2026-09-10 14:40:00,0.7483,0.7496,0.7475,0.7476,736585.8
2026-09-10 14:45:00,0.7477,0.7494,0.7464,0.7464,751560.7
2026-09-10 14:50:00,0.7464,0.7464,0.7447,0.7461,728498.1
2026-09-10 14:55:00,0.7462,0.7472,0.7453,0.747,1311770.2
2026-09-10 15:00:00,0.7471,0.7471,0.7405,0.7411,2515597.2
2026-09-10 15:05:00,0.7412,0.7456,0.7411,0.7451,1258106.0
2026-09-10 15:10:00,0.745,0.7469,0.7445,0.745,869462.1
2026-09-10 15:15:00,0.745,0.7468,0.7429,0.7436,1039897.5
2026-09-10 15:20:00,0.7437,0.7438,0.7408,0.7434,1828287.7
2026-09-10 15:25:00,0.7433,0.7436,0.742,0.7421,688207.7
2026-09-10 15:30:00,0.7421,0.7457,0.742,0.7448,798792.8
2026-09-10 15:35:00,0.7448,0.7488,0.7445,0.7471,2140310.3
2026-09-10 15:40:00,0.7472,0.7472,0.7442,0.7442,1007912.0
2026-09-10 15:45:00,0.7443,0.7463,0.7437,0.7451,1920271.0
2026-09-10 15:50:00,0.7452,0.7463,0.7414,0.7415,3319239.3
2026-09-10 15:55:00,0.7415,0.7447,0.741,0.7443,1402423.8
2026-09-10 16:00:00,0.7443,0.7453,0.741,0.7412,2001580.5
2026-09-10 16:05:00,0.7413,0.7419,0.7379,0.7392,1681000.3
2026-09-10 16:10:00,0.7392,0.7416,0.7389,0.7398,2054410.8
2026-09-10 16:15:00,0.7398,0.74,0.7334,0.7355,5147264.1
2026-09-10 16:20:00,0.7355,0.7385,0.7352,0.7364,1491814.9
2026-09-10 16:25:00,0.7364,0.7365,0.7347,0.7357,1054295.7
2026-09-10 16:30:00,0.7356,0.7361,0.7335,0.7339,2339022.3
2026-09-10 16:35:00,0.7338,0.7373,0.7323,0.7366,2658013.6
2026-09-10 16:40:00,0.7367,0.7382,0.7354,0.7381,826726.8
2026-09-10 16:45:00,0.738,0.7423,0.738,0.7405,1626246.4
2026-09-10 16:50:00,0.7404,0.7409,0.7387,0.7398,592507.9
2026-09-10 16:55:00,0.7398,0.7409,0.7391,0.7408,737992.8
2026-09-10 17:00:00,0.7407,0.7411,0.7392,0.7401,1065593.8
2026-09-10 17:05:00,0.7402,0.742,0.7402,0.7415,611880.7
2026-09-10 17:10:00,0.7415,0.7428,0.7414,0.7418,671507.6
2026-09-10 17:15:00,0.7418,0.742,0.7401,0.7403,905818.3
2026-09-10 17:20:00,0.7403,0.743,0.7396,0.7427,1031149.9
2026-09-10 17:25:00,0.7427,0.744,0.7406,0.7433,1670838.7
2026-09-10 17:30:00,0.7433,0.7471,0.743,0.7468,1707383.7
2026-09-10 17:35:00,0.7468,0.7474,0.7429,0.7433,1831079.5
2026-09-10 17:40:00,0.7433,0.7449,0.7421,0.7448,2038754.7
2026-09-10 17:45:00,0.7448,0.7452,0.7423,0.7445,1588670.1
2026-09-10 17:50:00,0.7445,0.7453,0.7437,0.7445,534740.2
2026-09-10 17:55:00,0.7445,0.7445,0.7427,0.7427,521485.4
2026-09-10 18:00:00,0.7428,0.7432,0.7384,0.7386,1124137.3
2026-09-10 18:05:00,0.7386,0.7394,0.7358,0.7364,902728.2
2026-09-10 18:10:00,0.7364,0.7368,0.7358,0.7361,518003.2
2026-09-10 18:15:00,0.736,0.7376,0.7354,0.7357,692371.6
2026-09-10 18:20:00,0.7358,0.7392,0.7358,0.7378,558920.4
2026-09-10 18:25:00,0.7378,0.7384,0.737,0.7375,351777.1
2026-09-10 18:30:00,0.7374,0.7375,0.7362,0.737,342533.3
2026-09-10 18:35:00,0.737,0.7388,0.7365,0.7382,703009.8
2026-09-10 18:40:00,0.7382,0.7389,0.7374,0.7387,342043.2
2026-09-10 18:45:00,0.7388,0.7399,0.7377,0.7386,481041.3
2026-09-10 18:50:00,0.7386,0.7415,0.7377,0.7415,625794.4
2026-09-10 18:55:00,0.7415,0.7417,0.7406,0.7414,455604.1
2026-09-10 19:00:00,0.7413,0.7413,0.7396,0.7396,482155.8
2026-09-10 19:05:00,0.7396,0.7401,0.7387,0.7396,412557.0
2026-09-10 19:10:00,0.7396,0.7396,0.7379,0.7386,235724.8
2026-09-10 19:15:00,0.7385,0.7391,0.7379,0.7382,413564.0
2026-09-10 19:20:00,0.7382,0.7398,0.7372,0.7398,739079.8
2026-09-10 19:25:00,0.7398,0.7412,0.7387,0.7391,1045802.3
2026-09-10 19:30:00,0.7391,0.7394,0.7368,0.7368,966876.3
2026-09-10 19:35:00,0.7369,0.7393,0.7364,0.7389,1000288.1
2026-09-10 19:40:00,0.739,0.7412,0.7388,0.7397,1157521.1
2026-09-10 19:45:00,0.7397,0.7399,0.7373,0.7373,538860.1
2026-09-10 19:50:00,0.7373,0.7382,0.7353,0.738,1685886.0
2026-09-10 19:55:00,0.7381,0.7395,0.7377,0.7385,1089772.5
2026-09-10 20:00:00,0.7386,0.7388,0.7358,0.7368,1342587.3
2026-09-10 20:05:00,0.7368,0.7392,0.7363,0.7391,826740.0
2026-09-10 20:10:00,0.7392,0.7409,0.7383,0.7408,634511.8
2026-09-10 20:15:00,0.7409,0.7415,0.7399,0.7414,743776.2
2026-09-10 20:20:00,0.7413,0.7422,0.7404,0.7407,414098.6
2026-09-10 20:25:00,0.7407,0.7426,0.7406,0.7425,534687.9
2026-09-10 20:30:00,0.7426,0.7428,0.7413,0.7418,749170.1
2026-09-10 20:35:00,0.7418,0.7418,0.7404,0.741,395190.6
2026-09-10 20:40:00,0.7411,0.7417,0.7407,0.7414,288676.2
2026-09-10 20:45:00,0.7414,0.7415,0.7397,0.7415,577735.6
2026-09-10 20:50:00,0.7415,0.7417,0.7399,0.7408,720652.2
2026-09-10 20:55:00,0.7408,0.7413,0.7402,0.7403,378728.8
2026-09-10 21:00:00,0.7404,0.7409,0.7394,0.7398,519237.1
2026-09-10 21:05:00,0.7398,0.7419,0.7388,0.7417,610567.0
2026-09-10 21:10:00,0.7418,0.7423,0.7407,0.7408,369714.0
2026-09-10 21:15:00,0.7408,0.741,0.7395,0.7397,314318.5
2026-09-10 21:20:00,0.7397,0.7401,0.739,0.7401,384239.4
2026-09-10 21:25:00,0.74,0.7406,0.7393,0.7405,184534.0
2026-09-10 21:30:00,0.7406,0.7407,0.7385,0.739,307983.6
2026-09-10 21:35:00,0.739,0.7393,0.7376,0.7392,493814.2
2026-09-10 21:40:00,0.7392,0.7395,0.7375,0.7394,473314.0
2026-09-10 21:45:00,0.7394,0.741,0.7394,0.7399,219964.0
2026-09-10 21:50:00,0.7399,0.7403,0.7386,0.7386,243960.6
2026-09-10 21:55:00,0.7386,0.7393,0.7375,0.7383,483545.7
2026-09-10 22:00:00,0.7383,0.7395,0.7367,0.7389,1127076.7
2026-09-10 22:05:00,0.7389,0.7395,0.738,0.7393,330097.4
2026-09-10 22:10:00,0.7393,0.7401,0.7369,0.7387,806469.2
2026-09-10 22:15:00,0.7387,0.7403,0.7386,0.7402,339476.0
2026-09-10 22:20:00,0.7401,0.7406,0.7387,0.7389,337395.8
2026-09-10 22:25:00,0.739,0.739,0.7376,0.7376,281982.6
2026-09-10 22:30:00,0.7377,0.738,0.7347,0.7362,884188.9
2026-09-10 22:35:00,0.7361,0.7365,0.7332,0.7339,1332937.8
2026-09-10 22:40:00,0.7339,0.734,0.7312,0.7324,2187242.5
2026-09-10 22:45:00,0.7325,0.7349,0.7323,0.7346,681513.2
2026-09-10 22:50:00,0.7345,0.7345,0.7321,0.7325,680477.7
2026-09-10 22:55:00,0.7326,0.7327,0.7301,0.7313,1296000.4
2026-09-10 23:00:00,0.7313,0.7323,0.7276,0.7292,3827130.7
2026-09-10 23:05:00,0.7292,0.7315,0.7258,0.7277,2913789.4
2026-09-10 23:10:00,0.7277,0.7298,0.7244,0.7251,3302713.6
2026-09-10 23:15:00,0.7251,0.728,0.723,0.727,2374580.8
2026-09-10 23:20:00,0.727,0.7291,0.7266,0.7271,709046.5
2026-09-10 23:25:00,0.727,0.7294,0.7268,0.7282,790762.3
2026-09-10 23:30:00,0.7282,0.7294,0.7278,0.7281,627628.4
2026-09-10 23:35:00,0.7281,0.7287,0.727,0.7273,776145.4
2026-09-10 23:40:00,0.7273,0.7291,0.727,0.729,541579.9
2026-09-10 23:45:00,0.7289,0.7289,0.7277,0.728,418580.7
2026-09-10 23:50:00,0.728,0.7286,0.7264,0.7266,643791.6
2026-09-10 23:55:00,0.7266,0.7274,0.7258,0.7273,1504083.0
2026-09-11 00:00:00,0.7273,0.7308,0.7269,0.7305,1632382.8
2026-09-11 00:05:00,0.7305,0.7324,0.7295,0.7322,963902.1
2026-09-11 00:10:00,0.7322,0.7338,0.7314,0.7329,2737507.7
2026-09-11 00:15:00,0.7329,0.733,0.7298,0.7309,2354379.1
2026-09-11 00:20:00,0.7309,0.7338,0.7302,0.7319,896073.3
2026-09-11 00:25:00,0.7319,0.7327,0.7311,0.7326,1129270.6
2026-09-11 00:30:00,0.7326,0.7327,0.7294,0.7317,1776526.8
2026-09-11 00:35:00,0.7317,0.7321,0.7298,0.7307,552743.0
2026-09-11 00:40:00,0.7307,0.7307,0.729,0.729,524296.9
2026-09-11 00:45:00,0.729,0.7297,0.7287,0.7293,556478.6
2026-09-11 00:50:00,0.7292,0.7321,0.7292,0.732,559606.0
2026-09-11 00:55:00,0.732,0.7328,0.7319,0.7327,483767.7
2026-09-11 01:00:00,0.7326,0.7362,0.7322,0.7358,1028138.1
2026-09-11 01:05:00,0.7358,0.736,0.7346,0.7351,774165.4
2026-09-11 01:10:00,0.7352,0.7357,0.7342,0.7344,1008965.5
2026-09-11 01:15:00,0.7344,0.7348,0.7337,0.7346,680208.0
2026-09-11 01:20:00,0.7346,0.735,0.7318,0.7339,1060262.2
2026-09-11 01:25:00,0.7339,0.734,0.7315,0.7315,490916.7
2026-09-11 01:30:00,0.7316,0.732,0.7291,0.7318,2609564.6
2026-09-11 01:35:00,0.7318,0.7344,0.7302,0.7303,904772.0
2026-09-11 01:40:00,0.7303,0.7314,0.7279,0.7314,783808.8
2026-09-11 01:45:00,0.7315,0.7333,0.7298,0.7333,649131.2
2026-09-11 01:50:00,0.7332,0.7338,0.7328,0.7335,484563.0
2026-09-11 01:55:00,0.7334,0.7345,0.7328,0.7342,736544.6
2026-09-11 02:00:00,0.7343,0.7347,0.7327,0.7345,717195.5
2026-09-11 02:05:00,0.7345,0.7349,0.733,0.7334,486297.9
2026-09-11 02:10:00,0.7334,0.7348,0.733,0.7346,355974.4
2026-09-11 02:15:00,0.7346,0.7346,0.7323,0.7331,912448.5
2026-09-11 02:20:00,0.7331,0.7337,0.7325,0.7325,1379318.9
2026-09-11 02:25:00,0.7326,0.7328,0.731,0.7321,578005.4
2026-09-11 02:30:00,0.7321,0.7324,0.7315,0.7322,530471.8
2026-09-11 02:35:00,0.7321,0.7348,0.7315,0.7347,488830.9
2026-09-11 02:40:00,0.7346,0.7348,0.7325,0.7327,366495.5
2026-09-11 02:45:00,0.7328,0.7346,0.7327,0.7345,295954.2
2026-09-11 02:50:00,0.7346,0.735,0.7328,0.7342,586028.6
2026-09-11 02:55:00,0.7342,0.7346,0.7337,0.7342,273076.6
2026-09-11 03:00:00,0.7342,0.7349,0.7336,0.7336,305762.8
2026-09-11 03:05:00,0.7335,0.7336,0.7311,0.7314,357258.0
2026-09-11 03:10:00,0.7315,0.7353,0.7311,0.7352,1337039.8
2026-09-11 03:15:00,0.7352,0.7355,0.732,0.734,1283208.3
2026-09-11 03:20:00,0.7339,0.734,0.7315,0.7326,1152414.4
2026-09-11 03:25:00,0.7326,0.7345,0.7322,0.7343,393917.6
2026-09-11 03:30:00,0.7342,0.7342,0.7326,0.7335,346194.7
2026-09-11 03:35:00,0.7335,0.7382,0.7333,0.7376,1878049.4
2026-09-11 03:40:00,0.7375,0.7377,0.7357,0.7367,1128913.7
2026-09-11 03:45:00,0.7367,0.7368,0.7352,0.7352,592218.0
2026-09-11 03:50:00,0.7352,0.7358,0.7349,0.7357,421093.3
2026-09-11 03:55:00,0.7357,0.7365,0.7354,0.7361,318764.9
2026-09-11 04:00:00,0.7362,0.7373,0.7357,0.7373,382914.9
2026-09-11 04:05:00,0.7374,0.7381,0.7369,0.7375,523934.7
2026-09-11 04:10:00,0.7376,0.7389,0.7363,0.7387,1277120.6
2026-09-11 04:15:00,0.7386,0.7394,0.7365,0.738,1495628.0
2026-09-11 04:20:00,0.7381,0.7414,0.7379,0.7411,1506279.6
2026-09-11 04:25:00,0.7411,0.7424,0.7407,0.7419,999127.7
2026-09-11 04:30:00,0.7419,0.7422,0.7406,0.7411,717237.5
2026-09-11 04:35:00,0.7411,0.7414,0.74,0.7404,432070.7
2026-09-11 04:40:00,0.7405,0.7409,0.7398,0.7402,340831.6
2026-09-11 04:45:00,0.7403,0.7405,0.7396,0.7398,353932.7
2026-09-11 04:50:00,0.7398,0.7408,0.7397,0.7401,151456.0
2026-09-11 04:55:00,0.74,0.7407,0.7398,0.7398,254720.1
2026-09-11 05:00:00,0.7398,0.7399,0.7386,0.7387,525222.4
2026-09-11 05:05:00,0.7387,0.7391,0.7384,0.739,564114.7
2026-09-11 05:10:00,0.739,0.7402,0.7381,0.74,1568106.1
2026-09-11 05:15:00,0.7401,0.7407,0.7392,0.7397,796149.9
2026-09-11 05:20:00,0.7398,0.7401,0.7381,0.7388,1252826.5
2026-09-11 05:25:00,0.7388,0.7398,0.7376,0.7388,1289800.6
2026-09-11 05:30:00,0.7389,0.7402,0.7375,0.7381,1290881.8
2026-09-11 05:35:00,0.738,0.7403,0.738,0.7394,1440767.0
2026-09-11 05:40:00,0.7393,0.7397,0.7386,0.7393,449174.6
2026-09-11 05:45:00,0.7393,0.7403,0.7387,0.74,340820.2
2026-09-11 05:50:00,0.7399,0.7404,0.7396,0.7401,216519.5
2026-09-11 05:55:00,0.7402,0.7404,0.7395,0.74,584810.0
2026-09-11 06:00:00,0.7401,0.7404,0.7392,0.7399,603230.9
2026-09-11 06:05:00,0.7399,0.7404,0.7393,0.7401,224192.8
2026-09-11 06:10:00,0.74,0.7407,0.7393,0.7404,914507.7
2026-09-11 06:15:00,0.7403,0.7403,0.7384,0.7394,883310.7
2026-09-11 06:20:00,0.7394,0.7394,0.7374,0.738,1092693.8
2026-09-11 06:25:00,0.7379,0.7389,0.7368,0.7381,1189372.9
2026-09-11 06:30:00,0.738,0.7386,0.7364,0.7369,1161706.1
2026-09-11 06:35:00,0.737,0.7374,0.7365,0.7374,439078.9
2026-09-11 06:40:00,0.7373,0.7374,0.7357,0.7366,494546.6
2026-09-11 06:45:00,0.7367,0.7377,0.7363,0.7373,539252.0
2026-09-11 06:50:00,0.7374,0.7375,0.7365,0.7366,556705.1
2026-09-11 06:55:00,0.7366,0.737,0.7365,0.7369,195153.3
2026-09-11 07:00:00,0.7369,0.7388,0.7369,0.7388,837054.6
2026-09-11 07:05:00,0.7387,0.7395,0.7384,0.7394,364973.2
2026-09-11 07:10:00,0.7395,0.741,0.7393,0.7398,1140042.4
2026-09-11 07:15:00,0.7399,0.7412,0.7396,0.7405,750960.3
2026-09-11 07:20:00,0.7404,0.7425,0.7394,0.7408,1740502.2
2026-09-11 07:25:00,0.7408,0.7408,0.739,0.7394,570423.7
2026-09-11 07:30:00,0.7394,0.7412,0.7381,0.7387,1631912.2
2026-09-11 07:35:00,0.7387,0.7392,0.7383,0.7385,381655.8
2026-09-11 07:40:00,0.7385,0.7391,0.7383,0.7384,242924.2
2026-09-11 07:45:00,0.7385,0.739,0.7374,0.7375,691063.2
2026-09-11 07:50:00,0.7375,0.7381,0.7365,0.7369,1268709.2
2026-09-11 07:55:00,0.7368,0.7384,0.7366,0.737,815382.3
2026-09-11 08:00:00,0.737,0.7374,0.7358,0.7359,464492.9
2026-09-11 08:05:00,0.7358,0.7368,0.7353,0.7354,932439.0
2026-09-11 08:10:00,0.7354,0.736,0.7348,0.7355,987620.8
2026-09-11 08:15:00,0.7356,0.7373,0.7354,0.736,517059.5
2026-09-11 08:20:00,0.736,0.7395,0.736,0.7386,719536.7
2026-09-11 08:25:00,0.7386,0.7395,0.7369,0.7373,943805.4
2026-09-11 08:30:00,0.7373,0.7409,0.7372,0.7388,849363.2
2026-09-11 08:35:00,0.7389,0.739,0.738,0.7383,520048.8
2026-09-11 08:40:00,0.7382,0.7384,0.7372,0.7373,713607.6
2026-09-11 08:45:00,0.7374,0.7378,0.7363,0.7363,392064.0
2026-09-11 08:50:00,0.7364,0.7369,0.7357,0.736,367612.7
2026-09-11 08:55:00,0.736,0.7368,0.7357,0.7364,325157.8
2026-09-11 09:00:00,0.7364,0.7366,0.7354,0.7359,598022.9
2026-09-11 09:05:00,0.7359,0.7362,0.7345,0.7348,1231980.5
2026-09-11 09:10:00,0.7348,0.7353,0.7337,0.7344,1123819.8
2026-09-11 09:15:00,0.7344,0.7349,0.7336,0.7343,765465.8
2026-09-11 09:20:00,0.7342,0.7348,0.7334,0.7335,298831.6
2026-09-11 09:25:00,0.7334,0.734,0.7332,0.7336,562176.8
2026-09-11 09:30:00,0.7336,0.734,0.7325,0.7326,431348.6
2026-09-11 09:35:00,0.7325,0.7327,0.7281,0.7281,4272403.0
2026-09-11 09:40:00,0.728,0.7285,0.7265,0.7279,2267799.6
2026-09-11 09:45:00,0.7279,0.7298,0.7278,0.7297,933663.1
2026-09-11 09:50:00,0.7296,0.731,0.7292,0.7307,530882.7
2026-09-11 09:55:00,0.7306,0.731,0.7301,0.7305,542184.0
2026-09-11 10:00:00,0.7305,0.7331,0.7289,0.7328,1297002.4
2026-09-11 10:05:00,0.7328,0.7329,0.731,0.7311,1124127.1
2026-09-11 10:10:00,0.7312,0.7316,0.7299,0.7313,1045965.4
2026-09-11 10:15:00,0.7313,0.7327,0.7308,0.7316,772283.1
2026-09-11 10:20:00,0.7317,0.7317,0.7296,0.73,1288839.2
2026-09-11 10:25:00,0.7299,0.7303,0.7288,0.7293,465580.9
2026-09-11 10:30:00,0.7294,0.7297,0.7276,0.7293,650899.9
2026-09-11 10:35:00,0.7292,0.7298,0.728,0.7282,274502.7
2026-09-11 10:40:00,0.7282,0.7282,0.7267,0.7269,578383.2
2026-09-11 10:45:00,0.727,0.7277,0.7267,0.7271,431146.3
2026-09-11 10:50:00,0.727,0.7278,0.727,0.7272,250841.1
2026-09-11 10:55:00,0.7272,0.7273,0.7256,0.7257,919127.4
2026-09-11 11:00:00,0.7257,0.7262,0.721,0.7221,5259091.5
2026-09-11 11:05:00,0.7222,0.7226,0.7088,0.7141,18961303.5
2026-09-11 11:10:00,0.7142,0.7149,0.7079,0.7133,6447715.0
2026-09-11 11:15:00,0.7133,0.7162,0.7133,0.7158,3017995.4
2026-09-11 11:20:00,0.7157,0.7166,0.7146,0.7159,984369.3
2026-09-11 11:25:00,0.7158,0.7175,0.7158,0.7165,802732.3
2026-09-11 11:30:00,0.7165,0.7178,0.7162,0.7166,922249.4
2026-09-11 11:35:00,0.7166,0.7183,0.7166,0.7181,543009.5
2026-09-11 11:40:00,0.7182,0.7193,0.7179,0.719,1135368.3
2026-09-11 11:45:00,0.7189,0.7199,0.7181,0.7186,566306.9
2026-09-11 11:50:00,0.7187,0.7192,0.7183,0.7192,722607.7
2026-09-11 11:55:00,0.7191,0.7193,0.7178,0.7183,1197507.1
2026-09-11 12:00:00,0.7183,0.7212,0.7181,0.7191,2070954.6
2026-09-11 12:05:00,0.7191,0.7194,0.7165,0.7166,1162698.7
2026-09-11 12:10:00,0.7168,0.7187,0.7156,0.717,1708608.0
2026-09-11 12:15:00,0.717,0.7185,0.7152,0.7167,1567455.8
2026-09-11 12:20:00,0.7166,0.7183,0.7146,0.7149,1404071.8
2026-09-11 12:25:00,0.7149,0.724,0.7133,0.7199,3763629.6
2026-09-11 12:30:00,0.7199,0.7313,0.7047,0.7269,19092351.3
2026-09-11 12:35:00,0.727,0.7373,0.7233,0.7364,14666102.0
2026-09-11 12:40:00,0.7364,0.7381,0.7323,0.7345,5947593.7
2026-09-11 12:45:00,0.7344,0.7389,0.733,0.7374,4403040.9
2026-09-11 12:50:00,0.7374,0.7408,0.7372,0.7391,4119918.2
2026-09-11 12:55:00,0.7391,0.7408,0.7373,0.7395,2780404.8
2026-09-11 13:00:00,0.7395,0.7397,0.7342,0.7344,2710855.1
2026-09-11 13:05:00,0.7345,0.7377,0.7318,0.7325,3163442.7
2026-09-11 13:10:00,0.7324,0.7339,0.7304,0.7332,2433366.9
2026-09-11 13:15:00,0.7333,0.7339,0.7311,0.7336,1333381.3
2026-09-11 13:20:00,0.7335,0.7366,0.7329,0.7342,2771920.8
2026-09-11 13:25:00,0.7341,0.7341,0.7292,0.7295,3520162.6
2026-09-11 13:30:00,0.7295,0.734,0.7262,0.7295,3480173.3
2026-09-11 13:35:00,0.7295,0.7313,0.7251,0.7303,2723639.5
2026-09-11 13:40:00,0.7304,0.7359,0.7291,0.7349,2585281.9
2026-09-11 13:45:00,0.7349,0.7466,0.7334,0.7447,6320222.6
2026-09-11 13:50:00,0.7448,0.7535,0.7436,0.7507,9138870.7
2026-09-11 13:55:00,0.7507,0.7606,0.7506,0.7587,7127857.5
2026-09-11 14:00:00,0.7586,0.7655,0.7572,0.7608,9242828.2
2026-09-11 14:05:00,0.7607,0.7613,0.7493,0.7518,6721365.2
2026-09-11 14:10:00,0.7519,0.7553,0.7504,0.7534,2875104.3
2026-09-11 14:15:00,0.7534,0.7559,0.7506,0.7533,2911255.0
2026-09-11 14:20:00,0.7534,0.7565,0.7513,0.754,3019908.6
2026-09-11 14:25:00,0.7541,0.7558,0.7527,0.7547,1604562.6
2026-09-11 14:30:00,0.7547,0.7552,0.7469,0.748,3669223.5
2026-09-11 14:35:00,0.7479,0.749,0.7444,0.7472,3534782.2
2026-09-11 14:40:00,0.7472,0.7485,0.7435,0.7456,1850873.1
2026-09-11 14:45:00,0.7457,0.7489,0.7429,0.7464,2584947.6
2026-09-11 14:50:00,0.7464,0.7507,0.745,0.7499,2196744.4
2026-09-11 14:55:00,0.7499,0.7501,0.7473,0.7488,1346173.0
2026-09-11 15:00:00,0.7489,0.7498,0.745,0.7475,1372852.8
2026-09-11 15:05:00,0.7474,0.7502,0.7469,0.748,2028320.4
2026-09-11 15:10:00,0.7479,0.7482,0.7452,0.7456,981951.0
2026-09-11 15:15:00,0.7456,0.7497,0.7451,0.7494,1598218.7
2026-09-11 15:20:00,0.7495,0.7555,0.7494,0.7553,3082021.7
2026-09-11 15:25:00,0.7554,0.7554,0.7536,0.7543,1086091.6
2026-09-11 15:30:00,0.7542,0.7561,0.7532,0.756,1529175.9
2026-09-11 15:35:00,0.756,0.7564,0.7542,0.7562,1233141.6
2026-09-11 15:40:00,0.7562,0.7571,0.753,0.7534,1585346.2
2026-09-11 15:45:00,0.7533,0.756,0.7518,0.7529,2374764.1
2026-09-11 15:50:00,0.7529,0.7537,0.7325,0.735,9505160.3
2026-09-11 15:55:00,0.7349,0.7385,0.7312,0.7368,5499680.1
2026-09-11 16:00:00,0.7367,0.7425,0.7361,0.7403,4161600.7
2026-09-11 16:05:00,0.7404,0.7451,0.7404,0.7441,2743001.7
2026-09-11 16:10:00,0.744,0.7444,0.7414,0.7421,1470286.5
2026-09-11 16:15:00,0.742,0.7435,0.7366,0.7372,2729225.4
2026-09-11 16:20:00,0.7373,0.7377,0.7341,0.7352,2092929.4
2026-09-11 16:25:00,0.7352,0.7377,0.7347,0.736,1738424.4
2026-09-11 16:30:00,0.736,0.7413,0.7341,0.7408,1994412.0
2026-09-11 16:35:00,0.7408,0.7411,0.7375,0.7375,1724142.8
2026-09-11 16:40:00,0.7375,0.7406,0.737,0.7405,1354850.3
2026-09-11 16:45:00,0.7405,0.744,0.7403,0.7425,2027984.6
2026-09-11 16:50:00,0.7425,0.744,0.7421,0.7429,820294.9
2026-09-11 16:55:00,0.7429,0.7439,0.7413,0.7415,1420774.0
2026-09-11 17:00:00,0.7415,0.7442,0.7406,0.7429,2066245.0
2026-09-11 17:05:00,0.7428,0.7436,0.7395,0.7399,840265.4
2026-09-11 17:10:00,0.7399,0.7399,0.7371,0.7372,913739.1
2026-09-11 17:15:00,0.7372,0.7407,0.7365,0.739,1182470.0
2026-09-11 17:20:00,0.739,0.7394,0.7356,0.7385,755025.3
2026-09-11 17:25:00,0.7385,0.7406,0.7381,0.7381,782619.5
2026-09-11 17:30:00,0.7382,0.7394,0.7372,0.7382,512059.7
2026-09-11 17:35:00,0.7382,0.7382,0.7332,0.7334,1463168.2
2026-09-11 17:40:00,0.7334,0.7342,0.7314,0.7332,1209583.1
2026-09-11 17:45:00,0.7332,0.734,0.7328,0.7333,588620.1
2026-09-11 17:50:00,0.7333,0.7333,0.7305,0.7307,975065.1
2026-09-11 17:55:00,0.7307,0.7339,0.7292,0.7321,2377377.7
2026-09-11 18:00:00,0.7322,0.7332,0.7235,0.7258,6578639.2
2026-09-11 18:05:00,0.7257,0.7275,0.7201,0.7244,4536096.8
2026-09-11 18:10:00,0.7245,0.7269,0.7236,0.7257,1479997.2
2026-09-11 18:15:00,0.7257,0.7309,0.7252,0.7303,2527118.9
2026-09-11 18:20:00,0.7303,0.7303,0.7269,0.7278,1518238.0
2026-09-11 18:25:00,0.7277,0.729,0.7254,0.7271,1234511.0
2026-09-11 18:30:00,0.727,0.7281,0.7257,0.7278,795666.2
2026-09-11 18:35:00,0.7278,0.7283,0.7258,0.7266,639540.0
2026-09-11 18:40:00,0.7266,0.7275,0.7245,0.7258,675969.6
2026-09-11 18:45:00,0.7259,0.7285,0.7244,0.7252,1976472.0
2026-09-11 18:50:00,0.7253,0.7253,0.7204,0.7206,1869856.3
2026-09-11 18:55:00,0.7207,0.7226,0.7201,0.7219,814303.2
2026-09-11 19:00:00,0.7219,0.7229,0.7191,0.7229,2454746.9
2026-09-11 19:05:00,0.7229,0.7255,0.7226,0.7229,1496912.8
2026-09-11 19:10:00,0.7229,0.7241,0.7217,0.7231,672234.4
2026-09-11 19:15:00,0.7231,0.7238,0.7195,0.722,3285396.1
2026-09-11 19:20:00,0.7219,0.7255,0.7211,0.7253,552503.9
2026-09-11 19:25:00,0.7254,0.7267,0.7251,0.7252,735248.9
2026-09-11 19:30:00,0.7251,0.726,0.7245,0.7253,931230.0
2026-09-11 19:35:00,0.7254,0.7264,0.7231,0.7258,1497088.5
2026-09-11 19:40:00,0.7258,0.7274,0.7256,0.7265,632548.4
2026-09-11 19:45:00,0.7265,0.7272,0.7251,0.7265,789214.1
2026-09-11 19:50:00,0.7264,0.7281,0.7257,0.7277,673982.6
2026-09-11 19:55:00,0.7276,0.7278,0.7261,0.7264,1400707.5
2026-09-11 20:00:00,0.7264,0.7305,0.7263,0.7304,793339.4
2026-09-11 20:05:00,0.7304,0.731,0.7296,0.7297,697057.0
2026-09-11 20:10:00,0.7297,0.731,0.7291,0.73,515950.6
2026-09-11 20:15:00,0.7299,0.7299,0.7269,0.7275,419741.0
2026-09-11 20:20:00,0.7276,0.7281,0.7269,0.7278,695207.3
2026-09-11 20:25:00,0.7278,0.7285,0.7261,0.7265,751801.8
2026-09-11 20:30:00,0.7264,0.7268,0.7234,0.7268,1574922.0
2026-09-11 20:35:00,0.7268,0.7308,0.7268,0.7306,1070991.5
2026-09-11 20:40:00,0.7305,0.7308,0.7279,0.7288,1637322.8
2026-09-11 20:45:00,0.7288,0.7294,0.7256,0.7261,555939.3
2026-09-11 20:50:00,0.7261,0.7272,0.7238,0.7258,1528605.9
2026-09-11 20:55:00,0.7258,0.7283,0.7252,0.7275,948963.9
2026-09-11 21:00:00,0.7275,0.7286,0.7272,0.7279,751725.7
2026-09-11 21:05:00,0.7279,0.7309,0.7275,0.7308,665461.1
2026-09-11 21:10:00,0.7309,0.7319,0.7295,0.7305,480214.1
2026-09-11 21:15:00,0.7305,0.7311,0.7302,0.7304,289505.8
2026-09-11 21:20:00,0.7304,0.7314,0.7303,0.7306,288409.2
2026-09-11 21:25:00,0.7306,0.7311,0.7293,0.7296,228323.4
2026-09-11 21:30:00,0.7296,0.7302,0.7292,0.7301,196264.7
2026-09-11 21:35:00,0.7301,0.7301,0.7274,0.7276,596525.1
2026-09-11 21:40:00,0.7276,0.7282,0.7271,0.7274,503986.2
2026-09-11 21:45:00,0.7274,0.7275,0.7236,0.7238,315043.4
2026-09-11 21:50:00,0.7238,0.7244,0.7221,0.7225,471636.9
2026-09-11 21:55:00,0.7224,0.7226,0.7203,0.7215,572225.7
2026-09-11 22:00:00,0.7214,0.7247,0.7185,0.7245,2000565.8
2026-09-11 22:05:00,0.7245,0.7246,0.7204,0.7206,838681.6
2026-09-11 22:10:00,0.7206,0.7246,0.7206,0.7244,949110.5
2026-09-11 22:15:00,0.7244,0.7245,0.7219,0.7237,1089156.4
2026-09-11 22:20:00,0.7237,0.7253,0.7227,0.7244,887209.7
2026-09-11 22:25:00,0.7244,0.7253,0.7212,0.7219,1320576.7
2026-09-11 22:30:00,0.7218,0.7226,0.7197,0.7198,1787885.8
2026-09-11 22:35:00,0.7198,0.7236,0.7193,0.7234,1198662.3
2026-09-11 22:40:00,0.7234,0.7239,0.7206,0.7218,1591905.3
2026-09-11 22:45:00,0.7217,0.7219,0.719,0.719,920295.1
2026-09-11 22:50:00,0.719,0.7207,0.7163,0.7195,2287128.1
2026-09-11 22:55:00,0.7195,0.7215,0.7187,0.7203,855288.7
2026-09-11 23:00:00,0.7202,0.722,0.7194,0.7218,760212.5
2026-09-11 23:05:00,0.7217,0.7221,0.7201,0.7213,748092.8
2026-09-11 23:10:00,0.7214,0.7215,0.7211,0.7211,93140.6
