t,open,high,low,close,vol
2026-08-08 05:50:00,593.73,593.74,593.2,593.33,600.54
2026-08-08 05:55:00,593.34,593.72,593.33,593.68,621.14
2026-08-08 06:00:00,593.68,593.83,593.63,593.64,398.32
2026-08-08 06:05:00,593.64,594.15,593.63,594.15,816.67
2026-08-08 06:10:00,594.15,594.55,594.09,594.26,1966.4
2026-08-08 06:15:00,594.26,594.59,594.19,594.46,842.06
2026-08-08 06:20:00,594.46,594.63,594.33,594.53,937.48
2026-08-08 06:25:00,594.54,594.55,594.19,594.5,1052.57
2026-08-08 06:30:00,594.5,594.65,594.5,594.65,469.59
2026-08-08 06:35:00,594.65,595.65,594.64,595.1,2985.38
2026-08-08 06:40:00,595.09,595.32,594.69,594.92,1256.09
2026-08-08 06:45:00,594.91,595.29,594.91,595.29,667.03
2026-08-08 06:50:00,595.3,595.34,594.78,594.89,595.48
2026-08-08 06:55:00,594.89,595.2,594.88,595.0,439.14
2026-08-08 07:00:00,595.0,595.33,594.92,594.92,845.16
2026-08-08 07:05:00,594.93,595.07,594.92,595.02,329.19
2026-08-08 07:10:00,595.03,595.09,594.66,594.7,575.31
2026-08-08 07:15:00,594.69,594.8,594.68,594.75,363.13
2026-08-08 07:20:00,594.75,595.0,594.74,594.88,489.06
2026-08-08 07:25:00,594.89,594.91,594.71,594.83,683.02
2026-08-08 07:30:00,594.83,594.96,594.81,594.95,847.68
2026-08-08 07:35:00,594.95,595.37,594.94,595.24,931.36
2026-08-08 07:40:00,595.24,595.51,595.21,595.26,627.82
2026-08-08 07:45:00,595.25,595.53,595.25,595.53,442.21
2026-08-08 07:50:00,595.52,595.52,595.27,595.5,1059.03
2026-08-08 07:55:00,595.5,595.53,594.02,594.91,4170.6
2026-08-08 08:00:00,594.92,595.0,594.57,594.58,1235.56
2026-08-08 08:05:00,594.57,594.6,594.44,594.51,413.1
2026-08-08 08:10:00,594.52,594.52,594.44,594.47,246.95
2026-08-08 08:15:00,594.47,594.51,594.23,594.24,457.07
2026-08-08 08:20:00,594.24,594.25,594.1,594.11,201.61
2026-08-08 08:25:00,594.11,594.49,594.1,594.41,353.5
2026-08-08 08:30:00,594.4,594.49,594.29,594.49,416.78
2026-08-08 08:35:00,594.48,594.64,594.44,594.45,551.86
2026-08-08 08:40:00,594.45,595.06,594.36,595.06,657.71
2026-08-08 08:45:00,595.06,595.26,595.02,595.26,312.36
2026-08-08 08:50:00,595.26,595.26,594.94,594.95,267.6
2026-08-08 08:55:00,594.95,594.95,594.62,594.81,466.87
2026-08-08 09:00:00,594.81,595.09,594.7,594.72,509.99
2026-08-08 09:05:00,594.72,594.73,594.58,594.59,153.62
2026-08-08 09:10:00,594.58,594.61,594.51,594.6,278.59
2026-08-08 09:15:00,594.59,594.95,594.59,594.95,264.15
2026-08-08 09:20:00,594.96,595.0,594.79,594.93,382.86
2026-08-08 09:25:00,594.93,594.98,594.88,594.93,162.76
2026-08-08 09:30:00,594.94,595.92,594.94,595.37,1891.72
2026-08-08 09:35:00,595.37,595.49,595.19,595.19,671.19
2026-08-08 09:40:00,595.2,595.26,594.89,594.9,238.36
2026-08-08 09:45:00,594.9,595.27,594.89,595.27,492.65
2026-08-08 09:50:00,595.28,595.49,595.14,595.28,1826.37
2026-08-08 09:55:00,595.27,595.34,594.96,595.01,3313.43
2026-08-08 10:00:00,595.0,595.3,595.0,595.07,655.01
2026-08-08 10:05:00,595.08,595.31,595.08,595.31,211.55
2026-08-08 10:10:00,595.3,595.3,595.06,595.07,235.83
2026-08-08 10:15:00,595.07,595.15,595.0,595.06,283.49
2026-08-08 10:20:00,595.05,595.79,595.05,595.79,370.75
2026-08-08 10:25:00,595.78,596.3,595.71,596.22,2490.99
2026-08-08 10:30:00,596.21,596.28,595.7,595.7,882.61
2026-08-08 10:35:00,595.7,595.75,595.6,595.71,367.27
2026-08-08 10:40:00,595.7,595.71,595.44,595.46,238.5
2026-08-08 10:45:00,595.46,595.46,595.15,595.15,477.19
2026-08-08 10:50:00,595.15,595.3,595.1,595.3,249.08
2026-08-08 10:55:00,595.3,595.44,595.29,595.44,215.17
2026-08-08 11:00:00,595.44,595.66,595.35,595.56,594.39
2026-08-08 11:05:00,595.56,595.79,595.55,595.79,339.72
2026-08-08 11:10:00,595.79,596.18,595.78,595.86,1610.7
2026-08-08 11:15:00,595.85,595.87,595.29,595.42,929.49
2026-08-08 11:20:00,595.43,595.64,595.42,595.44,369.26
2026-08-08 11:25:00,595.44,595.71,595.44,595.7,271.85
2026-08-08 11:30:00,595.7,596.22,595.69,596.21,279.63
2026-08-08 11:35:00,596.22,596.27,595.95,595.95,455.41
2026-08-08 11:40:00,595.95,596.1,595.95,595.98,288.99
2026-08-08 11:45:00,595.97,596.32,595.86,596.3,482.87
2026-08-08 11:50:00,596.3,596.46,596.29,596.3,566.34
2026-08-08 11:55:00,596.3,596.88,596.18,596.81,1650.86
2026-08-08 12:00:00,596.8,596.88,596.16,596.36,971.37
2026-08-08 12:05:00,596.36,596.51,596.05,596.05,929.5
2026-08-08 12:10:00,596.05,596.26,595.99,596.26,559.03
2026-08-08 12:15:00,596.25,596.42,596.16,596.17,580.08
2026-08-08 12:20:00,596.17,596.18,595.65,595.8,491.24
2026-08-08 12:25:00,595.81,596.59,595.77,596.39,1297.4
2026-08-08 12:30:00,596.38,596.88,596.38,596.88,2311.63
2026-08-08 12:35:00,596.88,596.88,596.11,596.13,1251.64
2026-08-08 12:40:00,596.13,596.23,596.12,596.14,298.96
2026-08-08 12:45:00,596.14,596.23,596.0,596.23,524.58
2026-08-08 12:50:00,596.22,596.6,596.22,596.51,1324.68
2026-08-08 12:55:00,596.51,596.51,596.18,596.35,399.44
2026-08-08 13:00:00,596.35,596.64,596.34,596.64,335.9
2026-08-08 13:05:00,596.64,596.83,596.63,596.76,443.35
2026-08-08 13:10:00,596.76,596.77,596.59,596.64,285.82
2026-08-08 13:15:00,596.64,596.74,596.31,596.31,295.59
2026-08-08 13:20:00,596.32,596.34,596.11,596.18,511.65
2026-08-08 13:25:00,596.19,596.31,596.17,596.31,257.7
2026-08-08 13:30:00,596.31,596.48,596.09,596.11,743.71
2026-08-08 13:35:00,596.11,596.59,596.1,596.38,1015.58
2026-08-08 13:40:00,596.37,596.93,596.37,596.83,888.72
2026-08-08 13:45:00,596.82,597.7,596.67,597.66,1871.94
2026-08-08 13:50:00,597.65,598.2,597.64,598.13,3214.45
2026-08-08 13:55:00,598.14,599.66,598.14,598.58,5937.66
2026-08-08 14:00:00,598.57,599.9,598.56,599.89,2678.78
2026-08-08 14:05:00,599.9,600.59,599.11,599.12,4825.01
2026-08-08 14:10:00,599.11,600.19,599.11,600.11,2315.46
2026-08-08 14:15:00,600.1,601.11,599.82,600.85,4612.68
2026-08-08 14:20:00,600.86,610.0,600.86,606.68,43943.31
2026-08-08 14:25:00,606.69,608.13,605.69,607.58,12572.39
2026-08-08 14:30:00,607.58,612.46,607.58,611.05,30138.92
2026-08-08 14:35:00,611.05,611.29,608.91,608.94,8479.14
2026-08-08 14:40:00,608.94,610.0,608.94,609.99,4770.13
2026-08-08 14:45:00,610.0,610.74,608.82,610.72,5758.05
2026-08-08 14:50:00,610.72,611.1,609.35,609.35,3800.93
2026-08-08 14:55:00,609.36,610.0,600.9,603.53,47985.46
2026-08-08 15:00:00,603.53,606.66,603.51,605.91,7732.78
2026-08-08 15:05:00,605.9,606.01,605.2,605.53,2983.26
2026-08-08 15:10:00,605.53,605.93,605.12,605.69,2295.07
2026-08-08 15:15:00,605.68,606.09,605.25,605.57,1993.35
2026-08-08 15:20:00,605.57,606.0,605.17,605.97,1728.87
2026-08-08 15:25:00,605.96,606.36,605.23,605.24,2613.75
2026-08-08 15:30:00,605.23,606.0,605.18,605.93,1290.12
2026-08-08 15:35:00,605.94,606.09,605.5,605.99,1155.1
2026-08-08 15:40:00,605.98,606.31,605.53,605.76,1415.25
2026-08-08 15:45:00,605.75,605.91,605.21,605.41,1415.89
2026-08-08 15:50:00,605.41,605.73,605.07,605.6,1552.53
2026-08-08 15:55:00,605.6,606.16,605.24,605.53,3108.24
2026-08-08 16:00:00,605.54,605.95,605.16,605.95,2806.52
2026-08-08 16:05:00,605.95,607.92,605.93,606.72,5092.61
2026-08-08 16:10:00,606.71,606.99,605.83,606.59,1712.72
2026-08-08 16:15:00,606.58,607.1,605.99,606.0,1750.51
2026-08-08 16:20:00,606.0,606.47,605.61,605.74,1865.57
2026-08-08 16:25:00,605.74,605.81,604.81,604.84,2297.03
2026-08-08 16:30:00,604.83,604.96,603.86,603.96,2814.17
2026-08-08 16:35:00,603.96,605.09,603.7,604.24,2885.82
2026-08-08 16:40:00,604.24,604.69,604.23,604.67,740.45
2026-08-08 16:45:00,604.67,605.2,604.46,605.1,1055.47
2026-08-08 16:50:00,605.1,606.07,604.9,605.92,914.53
2026-08-08 16:55:00,605.92,606.09,605.17,605.73,1303.89
2026-08-08 17:00:00,605.73,605.97,605.29,605.39,1669.73
2026-08-08 17:05:00,605.39,605.65,605.3,605.51,985.62
2026-08-08 17:10:00,605.5,606.19,605.5,606.02,668.99
2026-08-08 17:15:00,606.02,606.4,605.76,605.91,1092.36
2026-08-08 17:20:00,605.91,606.15,605.76,605.77,504.59
2026-08-08 17:25:00,605.76,605.84,605.54,605.84,367.14
2026-08-08 17:30:00,605.84,606.27,605.83,606.18,517.43
2026-08-08 17:35:00,606.18,606.38,605.49,605.49,914.21
2026-08-08 17:40:00,605.49,605.5,604.97,605.32,876.66
2026-08-08 17:45:00,605.32,605.37,604.08,604.69,1760.09
2026-08-08 17:50:00,604.68,605.23,604.66,604.67,720.07
2026-08-08 17:55:00,604.67,605.0,604.65,604.83,560.9
2026-08-08 18:00:00,604.83,605.2,604.79,605.2,578.13
2026-08-08 18:05:00,605.19,605.31,604.92,605.17,568.77
2026-08-08 18:10:00,605.17,605.28,604.92,605.13,532.34
2026-08-08 18:15:00,605.13,605.13,604.56,604.57,732.51
2026-08-08 18:20:00,604.57,604.97,604.05,604.18,1412.54
2026-08-08 18:25:00,604.18,604.82,604.17,604.5,1174.85
2026-08-08 18:30:00,604.49,605.05,604.49,604.84,609.99
2026-08-08 18:35:00,604.83,605.15,604.83,604.94,449.64
2026-08-08 18:40:00,604.94,605.18,604.91,604.92,366.75
2026-08-08 18:45:00,604.91,604.97,604.91,604.93,163.4
2026-08-08 18:50:00,604.94,604.94,604.36,604.41,523.44
2026-08-08 18:55:00,604.41,604.46,604.2,604.22,394.72
2026-08-08 19:00:00,604.22,604.22,603.57,603.61,1641.64
2026-08-08 19:05:00,603.62,604.13,603.33,603.91,669.82
2026-08-08 19:10:00,603.91,604.2,603.91,604.12,487.33
2026-08-08 19:15:00,604.11,604.11,603.0,603.39,3174.48
2026-08-08 19:20:00,603.39,603.82,603.38,603.82,242.07
2026-08-08 19:25:00,603.81,603.92,603.61,603.7,375.51
2026-08-08 19:30:00,603.7,604.04,603.69,603.92,361.6
2026-08-08 19:35:00,603.91,603.98,603.81,603.81,398.0
2026-08-08 19:40:00,603.82,603.99,603.43,603.44,503.04
2026-08-08 19:45:00,603.43,603.87,603.42,603.53,436.24
2026-08-08 19:50:00,603.53,603.76,603.33,603.58,456.17
2026-08-08 19:55:00,603.57,603.89,603.38,603.66,807.07
2026-08-08 20:00:00,603.66,603.66,603.19,603.49,699.0
2026-08-08 20:05:00,603.49,603.52,603.18,603.19,307.46
2026-08-08 20:10:00,603.19,603.52,603.07,603.43,398.17
2026-08-08 20:15:00,603.43,603.43,602.87,602.98,896.95
2026-08-08 20:20:00,602.98,603.14,602.87,603.02,368.94
2026-08-08 20:25:00,603.02,603.1,602.31,602.61,1051.13
2026-08-08 20:30:00,602.6,602.75,602.31,602.47,501.51
2026-08-08 20:35:00,602.47,602.81,602.41,602.53,1300.47
2026-08-08 20:40:00,602.53,602.84,602.51,602.76,571.2
2026-08-08 20:45:00,602.76,602.76,602.16,602.53,495.89
2026-08-08 20:50:00,602.53,602.75,602.4,602.6,321.22
2026-08-08 20:55:00,602.6,602.65,602.54,602.54,194.49
2026-08-08 21:00:00,602.54,602.54,602.16,602.31,382.03
2026-08-08 21:05:00,602.31,602.49,602.31,602.38,135.18
2026-08-08 21:10:00,602.38,602.8,602.35,602.44,296.75
2026-08-08 21:15:00,602.43,602.97,602.43,602.73,571.33
2026-08-08 21:20:00,602.73,603.14,602.61,602.71,457.8
2026-08-08 21:25:00,602.71,603.3,602.71,603.08,505.36
2026-08-08 21:30:00,603.07,603.11,602.35,603.01,740.17
2026-08-08 21:35:00,603.01,603.09,602.31,602.63,595.43
2026-08-08 21:40:00,602.62,602.87,602.51,602.77,312.26
2026-08-08 21:45:00,602.77,602.86,602.32,602.43,340.07
2026-08-08 21:50:00,602.44,602.68,602.14,602.25,595.62
2026-08-08 21:55:00,602.26,602.26,601.76,601.96,870.48
2026-08-08 22:00:00,601.95,602.13,601.75,601.76,964.28
2026-08-08 22:05:00,601.77,601.77,601.47,601.52,1030.11
2026-08-08 22:10:00,601.52,601.52,599.34,600.19,7363.86
2026-08-08 22:15:00,600.19,600.31,599.76,599.93,2463.52
2026-08-08 22:20:00,599.93,600.2,599.72,600.19,1258.37
2026-08-08 22:25:00,600.18,600.96,600.18,600.91,1905.53
2026-08-08 22:30:00,600.9,601.21,600.74,601.14,1144.9
2026-08-08 22:35:00,601.13,601.47,601.13,601.27,858.83
2026-08-08 22:40:00,601.26,601.27,600.63,600.79,768.65
2026-08-08 22:45:00,600.79,600.98,600.72,600.75,422.33
2026-08-08 22:50:00,600.75,600.98,600.73,600.86,288.67
2026-08-08 22:55:00,600.86,600.92,600.51,600.68,654.02
2026-08-08 23:00:00,600.67,600.67,600.4,600.49,473.23
2026-08-08 23:05:00,600.5,601.13,600.5,601.13,533.16
2026-08-08 23:10:00,601.13,601.13,600.66,600.67,293.67
2026-08-08 23:15:00,600.66,600.99,600.4,600.8,598.44
2026-08-08 23:20:00,600.79,601.43,600.79,601.3,482.58
2026-08-08 23:25:00,601.29,601.48,601.13,601.3,837.46
2026-08-08 23:30:00,601.29,601.42,600.94,601.41,1410.11
2026-08-08 23:35:00,601.41,601.98,601.38,601.9,789.49
2026-08-08 23:40:00,601.9,602.13,601.63,601.64,674.28
2026-08-08 23:45:00,601.64,601.89,601.39,601.66,1351.27
2026-08-08 23:50:00,601.66,601.75,600.88,601.5,975.34
2026-08-08 23:55:00,601.5,601.5,600.99,601.0,500.43
2026-08-09 00:00:00,601.0,601.73,600.95,601.65,1420.83
2026-08-09 00:05:00,601.66,602.09,601.65,602.01,954.5
2026-08-09 00:10:00,602.01,602.44,601.87,602.43,1156.97
2026-08-09 00:15:00,602.43,602.98,602.01,602.87,1907.98
2026-08-09 00:20:00,602.87,603.14,602.73,602.98,724.57
2026-08-09 00:25:00,602.97,603.29,602.85,603.0,1006.01
2026-08-09 00:30:00,602.99,603.22,602.78,602.79,544.94
2026-08-09 00:35:00,602.78,603.1,602.78,602.8,597.71
2026-08-09 00:40:00,602.8,603.66,602.79,603.53,1949.76
2026-08-09 00:45:00,603.54,604.0,603.53,603.75,1368.95
2026-08-09 00:50:00,603.74,604.09,603.74,604.01,1047.47
2026-08-09 00:55:00,604.0,604.25,603.61,603.87,1359.19
2026-08-09 01:00:00,603.87,604.77,603.8,603.97,990.03
2026-08-09 01:05:00,603.97,603.97,603.2,603.2,1187.68
2026-08-09 01:10:00,603.2,603.7,603.08,603.69,696.72
2026-08-09 01:15:00,603.69,604.07,603.65,603.89,450.91
2026-08-09 01:20:00,603.9,603.99,603.53,603.69,659.85
2026-08-09 01:25:00,603.69,603.7,602.56,602.62,1004.01
2026-08-09 01:30:00,602.62,603.14,602.51,603.06,837.99
2026-08-09 01:35:00,603.06,603.24,602.7,602.84,741.44
2026-08-09 01:40:00,602.84,603.71,602.79,603.69,585.57
2026-08-09 01:45:00,603.7,604.67,603.59,604.18,2213.83
2026-08-09 01:50:00,604.19,604.19,603.56,603.76,875.36
2026-08-09 01:55:00,603.76,603.88,602.82,603.04,1372.25
2026-08-09 02:00:00,603.04,603.18,602.24,602.52,1279.85
2026-08-09 02:05:00,602.51,602.58,601.69,601.84,996.66
2026-08-09 02:10:00,601.85,602.05,601.43,601.51,1345.32
2026-08-09 02:15:00,601.51,601.83,601.21,601.62,488.69
2026-08-09 02:20:00,601.62,601.92,601.62,601.91,307.2
2026-08-09 02:25:00,601.91,602.0,601.66,601.7,385.09
2026-08-09 02:30:00,601.71,601.92,601.06,601.24,1823.94
2026-08-09 02:35:00,601.24,601.51,601.18,601.22,575.72
2026-08-09 02:40:00,601.22,601.59,601.2,601.2,376.23
2026-08-09 02:45:00,601.2,601.82,601.2,601.53,451.47
2026-08-09 02:50:00,601.53,601.57,600.79,600.94,1574.88
2026-08-09 02:55:00,600.95,601.52,600.95,601.37,525.68
2026-08-09 03:00:00,601.38,601.58,600.93,601.57,1267.03
2026-08-09 03:05:00,601.58,601.65,601.16,601.37,1300.65
2026-08-09 03:10:00,601.37,601.42,601.09,601.21,718.55
2026-08-09 03:15:00,601.22,601.65,601.21,601.57,574.17
2026-08-09 03:20:00,601.57,601.85,601.38,601.85,569.81
2026-08-09 03:25:00,601.85,601.93,601.6,601.85,471.01
2026-08-09 03:30:00,601.85,602.52,601.85,602.16,1024.84
2026-08-09 03:35:00,602.15,602.15,601.43,601.49,640.92
2026-08-09 03:40:00,601.49,601.66,601.3,601.3,512.18
2026-08-09 03:45:00,601.31,601.47,600.69,600.7,702.8
2026-08-09 03:50:00,600.7,600.95,600.49,600.86,894.0
2026-08-09 03:55:00,600.86,600.86,600.55,600.76,410.03
2026-08-09 04:00:00,600.76,601.09,600.69,600.8,1052.69
2026-08-09 04:05:00,600.8,601.41,600.8,601.4,480.61
2026-08-09 04:10:00,601.41,601.8,601.4,601.7,567.93
2026-08-09 04:15:00,601.7,601.83,601.13,601.16,1674.43
2026-08-09 04:20:00,601.15,601.75,601.15,601.57,875.03
2026-08-09 04:25:00,601.56,602.19,601.56,602.18,595.46
2026-08-09 04:30:00,602.19,602.28,602.08,602.08,394.28
2026-08-09 04:35:00,602.08,602.25,601.99,602.1,240.1
2026-08-09 04:40:00,602.11,602.18,601.95,602.04,558.12
2026-08-09 04:45:00,602.05,602.21,601.81,602.03,292.14
2026-08-09 04:50:00,602.02,602.02,601.66,601.67,181.52
2026-08-09 04:55:00,601.67,601.86,601.4,601.63,644.24
2026-08-09 05:00:00,601.64,602.09,601.58,601.64,584.99
2026-08-09 05:05:00,601.64,602.09,601.48,602.03,434.03
2026-08-09 05:10:00,602.02,602.21,601.83,601.83,442.59
2026-08-09 05:15:00,601.83,602.38,601.66,602.22,324.78
2026-08-09 05:20:00,602.22,602.23,601.87,601.88,256.82
2026-08-09 05:25:00,601.87,601.87,601.49,601.57,487.56
2026-08-09 05:30:00,601.58,602.13,601.46,601.93,754.72
2026-08-09 05:35:00,601.92,602.14,601.67,602.14,748.84
2026-08-09 05:40:00,602.14,602.31,602.03,602.3,224.43
2026-08-09 05:45:00,602.31,602.57,602.11,602.57,565.04
2026-08-09 05:50:00,602.57,602.57,601.94,602.02,713.58
2026-08-09 05:55:00,602.01,602.37,602.01,602.24,415.02
2026-08-09 06:00:00,602.25,602.65,602.24,602.57,554.61
2026-08-09 06:05:00,602.58,603.13,602.58,602.88,1163.26
2026-08-09 06:10:00,602.89,602.94,602.72,602.83,434.94
2026-08-09 06:15:00,602.84,603.23,602.79,603.23,365.0
2026-08-09 06:20:00,603.22,603.7,603.02,603.25,1287.83
2026-08-09 06:25:00,603.25,603.28,602.9,603.0,849.02
2026-08-09 06:30:00,603.01,603.34,602.84,603.11,876.84
2026-08-09 06:35:00,603.11,603.11,602.61,602.71,364.6
2026-08-09 06:40:00,602.7,603.09,602.56,602.98,485.18
2026-08-09 06:45:00,602.99,603.43,602.96,603.32,784.62
2026-08-09 06:50:00,603.32,603.78,603.24,603.51,578.48
2026-08-09 06:55:00,603.5,604.06,603.5,603.96,765.89
2026-08-09 07:00:00,603.97,604.12,603.4,603.92,1040.55
2026-08-09 07:05:00,603.92,603.93,603.13,603.49,1091.26
2026-08-09 07:10:00,603.5,603.89,603.33,603.53,1320.37
2026-08-09 07:15:00,603.53,603.53,602.46,602.46,1287.98
2026-08-09 07:20:00,602.46,602.76,602.01,602.53,873.69
2026-08-09 07:25:00,602.54,603.17,602.53,602.74,685.88
2026-08-09 07:30:00,602.74,603.24,602.63,603.24,465.39
2026-08-09 07:35:00,603.24,603.52,602.97,603.51,826.48
2026-08-09 07:40:00,603.51,603.61,603.22,603.22,997.56
2026-08-09 07:45:00,603.23,603.69,603.01,603.69,385.39
2026-08-09 07:50:00,603.69,603.9,603.4,603.41,603.32
2026-08-09 07:55:00,603.41,603.67,603.33,603.48,412.99
2026-08-09 08:00:00,603.49,603.89,603.29,603.85,1370.41
2026-08-09 08:05:00,603.84,603.93,603.4,603.54,745.35
2026-08-09 08:10:00,603.55,603.55,603.15,603.25,454.91
2026-08-09 08:15:00,603.25,603.6,603.25,603.6,366.43
2026-08-09 08:20:00,603.59,603.6,603.24,603.43,677.39
2026-08-09 08:25:00,603.43,604.05,603.38,603.86,930.16
2026-08-09 08:30:00,603.87,604.07,603.78,603.83,432.92
2026-08-09 08:35:00,603.83,603.89,602.65,602.65,1069.19
2026-08-09 08:40:00,602.65,602.68,601.7,602.16,2913.63
2026-08-09 08:45:00,602.16,602.43,602.0,602.0,805.97
2026-08-09 08:50:00,602.01,602.31,601.99,602.3,464.04
2026-08-09 08:55:00,602.31,602.69,602.3,602.41,514.85
2026-08-09 09:00:00,602.42,602.78,602.3,602.78,552.65
2026-08-09 09:05:00,602.78,602.78,602.22,602.49,295.17
2026-08-09 09:10:00,602.48,602.52,602.22,602.32,404.61
2026-08-09 09:15:00,602.32,602.4,602.15,602.24,281.52
2026-08-09 09:20:00,602.23,602.24,601.91,602.02,288.1
2026-08-09 09:25:00,602.02,602.02,601.45,601.53,642.87
2026-08-09 09:30:00,601.53,602.2,601.48,602.09,557.47
2026-08-09 09:35:00,602.09,602.1,601.69,601.74,545.5
2026-08-09 09:40:00,601.74,602.14,601.74,602.13,880.66
2026-08-09 09:45:00,602.14,602.2,601.86,601.86,256.14
2026-08-09 09:50:00,601.87,602.37,601.86,602.34,783.26
2026-08-09 09:55:00,602.35,603.0,602.34,602.95,1002.67
2026-08-09 10:00:00,602.96,603.95,602.96,603.74,2091.85
2026-08-09 10:05:00,603.74,604.41,603.7,604.34,1261.23
2026-08-09 10:10:00,604.34,604.71,604.27,604.6,1217.47
2026-08-09 10:15:00,604.6,605.0,604.54,604.9,1164.3
2026-08-09 10:20:00,604.9,604.9,604.56,604.58,1230.61
2026-08-09 10:25:00,604.58,604.58,604.26,604.49,832.31
2026-08-09 10:30:00,604.5,604.81,604.49,604.5,676.72
2026-08-09 10:35:00,604.51,604.62,604.51,604.57,359.6
2026-08-09 10:40:00,604.56,604.9,604.56,604.89,321.22
2026-08-09 10:45:00,604.9,605.03,604.86,604.87,923.11
2026-08-09 10:50:00,604.87,604.88,604.4,604.53,738.64
2026-08-09 10:55:00,604.53,604.72,604.5,604.72,315.28
2026-08-09 11:00:00,604.73,605.05,604.35,604.48,803.9
2026-08-09 11:05:00,604.47,605.01,604.46,604.91,400.7
2026-08-09 11:10:00,604.9,604.91,604.71,604.8,314.22
2026-08-09 11:15:00,604.8,604.96,604.8,604.96,649.42
2026-08-09 11:20:00,604.96,604.96,604.71,604.76,323.19
2026-08-09 11:25:00,604.77,604.77,604.36,604.56,615.25
2026-08-09 11:30:00,604.57,604.64,604.4,604.58,285.29
2026-08-09 11:35:00,604.57,604.62,604.55,604.61,195.87
2026-08-09 11:40:00,604.61,604.79,604.47,604.64,420.26
2026-08-09 11:45:00,604.64,604.88,604.6,604.85,301.32
2026-08-09 11:50:00,604.84,604.84,604.23,604.32,734.06
2026-08-09 11:55:00,604.33,604.44,604.29,604.34,450.4
2026-08-09 12:00:00,604.34,604.44,604.01,604.01,692.76
2026-08-09 12:05:00,604.01,604.26,603.94,604.25,924.42
2026-08-09 12:10:00,604.26,604.33,604.07,604.26,645.63
2026-08-09 12:15:00,604.27,604.27,603.76,603.77,715.3
2026-08-09 12:20:00,603.77,604.39,603.5,604.39,1027.61
2026-08-09 12:25:00,604.38,604.54,604.38,604.42,519.66
2026-08-09 12:30:00,604.42,604.44,604.27,604.35,349.9
2026-08-09 12:35:00,604.34,604.47,604.34,604.46,126.06
2026-08-09 12:40:00,604.46,604.61,604.46,604.51,279.04
2026-08-09 12:45:00,604.51,604.88,604.51,604.87,476.59
2026-08-09 12:50:00,604.87,605.57,604.65,604.74,2522.26
2026-08-09 12:55:00,604.73,604.9,604.68,604.68,307.42
2026-08-09 13:00:00,604.68,605.58,604.68,605.1,963.69
2026-08-09 13:05:00,605.09,605.18,604.92,605.16,431.83
2026-08-09 13:10:00,605.15,605.28,605.1,605.15,206.3
2026-08-09 13:15:00,605.15,609.87,605.15,607.32,20272.69
2026-08-09 13:20:00,607.33,607.53,607.02,607.47,1759.62
2026-08-09 13:25:00,607.47,607.49,606.75,607.2,2608.4
2026-08-09 13:30:00,607.2,607.26,606.82,607.07,1414.61
2026-08-09 13:35:00,607.07,607.07,606.51,606.78,1243.52
2026-08-09 13:40:00,606.77,607.07,606.66,607.06,754.13
2026-08-09 13:45:00,607.06,607.18,606.75,606.75,708.76
2026-08-09 13:50:00,606.75,607.16,606.59,607.02,1166.95
2026-08-09 13:55:00,607.02,607.77,607.02,607.76,1076.1
2026-08-09 14:00:00,607.76,608.17,607.44,608.11,1418.9
2026-08-09 14:05:00,608.12,612.09,608.1,610.97,19721.85
2026-08-09 14:10:00,610.97,611.45,610.18,610.77,7655.8
2026-08-09 14:15:00,610.78,611.57,610.54,610.62,2971.94
2026-08-09 14:20:00,610.63,611.22,609.51,609.65,2166.11
2026-08-09 14:25:00,609.65,609.75,609.5,609.5,839.42
2026-08-09 14:30:00,609.51,609.65,608.94,608.95,1379.51
2026-08-09 14:35:00,608.95,609.14,608.61,608.77,1836.78
2026-08-09 14:40:00,608.76,608.78,608.09,608.54,1643.3
2026-08-09 14:45:00,608.55,608.55,607.96,608.14,1448.05
2026-08-09 14:50:00,608.13,608.6,608.13,608.35,1194.47
2026-08-09 14:55:00,608.34,608.66,608.3,608.55,1337.8
2026-08-09 15:00:00,608.56,609.16,608.56,609.1,1831.72
2026-08-09 15:05:00,609.1,609.75,608.15,608.65,3825.46
2026-08-09 15:10:00,608.66,608.83,608.21,608.82,979.92
2026-08-09 15:15:00,608.83,609.41,608.82,609.11,721.79
2026-08-09 15:20:00,609.12,609.36,609.09,609.34,854.99
2026-08-09 15:25:00,609.35,609.68,609.18,609.53,717.74
2026-08-09 15:30:00,609.54,609.54,608.66,608.66,670.94
2026-08-09 15:35:00,608.66,609.07,608.47,608.57,691.2
2026-08-09 15:40:00,608.57,608.79,608.35,608.52,627.25
2026-08-09 15:45:00,608.52,608.61,608.35,608.52,447.91
2026-08-09 15:50:00,608.52,608.61,608.36,608.54,564.95
2026-08-09 15:55:00,608.54,609.0,608.53,608.97,409.94
2026-08-09 16:00:00,608.97,609.6,608.92,609.36,2064.14
2026-08-09 16:05:00,609.36,609.37,609.06,609.28,812.48
2026-08-09 16:10:00,609.27,609.32,608.7,609.13,824.08
2026-08-09 16:15:00,609.14,609.18,608.42,608.42,456.31
2026-08-09 16:20:00,608.42,608.66,608.38,608.39,506.1
2026-08-09 16:25:00,608.39,608.39,607.97,607.97,706.33
2026-08-09 16:30:00,607.97,608.36,607.87,608.25,718.35
2026-08-09 16:35:00,608.26,608.68,607.91,608.65,1530.6
2026-08-09 16:40:00,608.65,609.26,608.64,609.2,704.26
2026-08-09 16:45:00,609.21,609.4,608.8,608.81,514.89
2026-08-09 16:50:00,608.8,608.87,608.64,608.85,661.86
2026-08-09 16:55:00,608.85,609.29,608.62,609.29,773.83
2026-08-09 17:00:00,609.28,609.81,609.01,609.66,1119.85
2026-08-09 17:05:00,609.66,609.74,609.3,609.65,557.04
2026-08-09 17:10:00,609.64,609.69,609.28,609.41,482.08
2026-08-09 17:15:00,609.41,609.66,609.34,609.65,296.57
2026-08-09 17:20:00,609.66,609.66,609.18,609.32,284.31
2026-08-09 17:25:00,609.31,609.47,609.22,609.35,267.84
2026-08-09 17:30:00,609.35,609.35,608.86,608.95,359.63
2026-08-09 17:35:00,608.94,609.4,608.94,609.4,194.67
2026-08-09 17:40:00,609.4,609.55,609.23,609.55,328.03
2026-08-09 17:45:00,609.55,609.6,609.28,609.34,582.83
2026-08-09 17:50:00,609.34,609.44,609.06,609.24,458.62
2026-08-09 17:55:00,609.25,609.32,609.03,609.03,212.76
2026-08-09 18:00:00,609.03,609.12,608.82,608.99,615.98
2026-08-09 18:05:00,609.0,609.07,608.96,609.07,211.05
2026-08-09 18:10:00,609.07,609.25,608.97,609.21,440.11
2026-08-09 18:15:00,609.2,609.21,608.72,609.04,495.21
2026-08-09 18:20:00,609.04,609.13,608.81,609.13,752.8
2026-08-09 18:25:00,609.13,609.41,609.12,609.41,156.09
2026-08-09 18:30:00,609.4,609.5,609.4,609.42,132.87
2026-08-09 18:35:00,609.42,609.42,609.08,609.08,318.04
2026-08-09 18:40:00,609.07,609.08,608.0,608.64,1667.36
2026-08-09 18:45:00,608.64,609.13,608.59,608.8,673.2
2026-08-09 18:50:00,608.8,609.03,608.76,609.0,160.8
2026-08-09 18:55:00,609.0,609.15,608.88,608.88,298.81
2026-08-09 19:00:00,608.88,609.13,608.76,609.13,272.22
2026-08-09 19:05:00,609.12,609.35,609.12,609.22,278.15
2026-08-09 19:10:00,609.22,609.23,608.88,608.88,270.77
2026-08-09 19:15:00,608.88,609.1,608.76,609.1,609.74
2026-08-09 19:20:00,609.09,609.46,609.03,609.14,1846.06
2026-08-09 19:25:00,609.13,609.18,609.0,609.0,298.98
2026-08-09 19:30:00,609.0,609.12,608.81,608.81,257.84
2026-08-09 19:35:00,608.81,609.01,608.8,608.95,194.35
2026-08-09 19:40:00,608.95,608.97,608.84,608.97,130.98
2026-08-09 19:45:00,608.96,609.0,608.86,608.93,170.02
2026-08-09 19:50:00,608.93,609.01,608.92,609.0,111.91
2026-08-09 19:55:00,609.01,609.01,608.0,608.12,761.59
2026-08-09 20:00:00,608.12,608.44,608.0,608.26,562.29
2026-08-09 20:05:00,608.27,608.58,608.26,608.57,135.04
2026-08-09 20:10:00,608.57,608.63,608.33,608.34,466.31
2026-08-09 20:15:00,608.33,608.38,607.93,608.24,634.29
2026-08-09 20:20:00,608.23,608.23,608.1,608.11,207.73
2026-08-09 20:25:00,608.11,608.49,608.11,608.24,510.16
2026-08-09 20:30:00,608.23,608.5,608.14,608.41,211.71
2026-08-09 20:35:00,608.4,608.41,608.23,608.3,208.96
2026-08-09 20:40:00,608.3,608.56,608.28,608.56,76.43
2026-08-09 20:45:00,608.56,608.56,608.45,608.46,202.89
2026-08-09 20:50:00,608.49,608.57,608.36,608.56,222.38
2026-08-09 20:55:00,608.55,608.71,608.46,608.47,392.82
2026-08-09 21:00:00,608.46,608.46,608.23,608.27,256.67
2026-08-09 21:05:00,608.28,608.38,608.21,608.29,139.62
2026-08-09 21:10:00,608.28,608.47,608.28,608.28,148.7
2026-08-09 21:15:00,608.28,608.38,608.27,608.29,115.45
2026-08-09 21:20:00,608.3,608.38,608.25,608.38,219.89
2026-08-09 21:25:00,608.39,608.71,608.39,608.7,300.16
2026-08-09 21:30:00,608.7,608.85,608.7,608.84,172.54
2026-08-09 21:35:00,608.84,608.96,608.6,608.96,416.52
2026-08-09 21:40:00,608.96,609.15,608.69,608.98,512.18
2026-08-09 21:45:00,608.99,609.25,608.98,609.0,403.77
2026-08-09 21:50:00,608.99,609.04,608.9,609.04,193.23
2026-08-09 21:55:00,609.04,609.28,608.9,609.03,607.43
2026-08-09 22:00:00,609.04,609.6,609.03,609.52,830.85
2026-08-09 22:05:00,609.53,609.76,609.41,609.68,994.99
2026-08-09 22:10:00,609.68,611.95,609.61,610.85,4997.21
2026-08-09 22:15:00,610.85,611.02,610.04,610.12,1885.96
2026-08-09 22:20:00,610.11,610.12,608.74,608.87,2067.83
2026-08-09 22:25:00,608.88,608.99,608.55,608.61,1015.95
2026-08-09 22:30:00,608.61,608.69,603.59,606.07,23097.82
2026-08-09 22:35:00,606.07,606.12,604.43,605.2,3581.06
2026-08-09 22:40:00,605.2,605.66,605.07,605.44,1804.55
2026-08-09 22:45:00,605.43,605.66,604.98,605.38,966.5
2026-08-09 22:50:00,605.38,605.48,604.51,605.28,1342.28
2026-08-09 22:55:00,605.29,605.75,605.28,605.47,913.51
2026-08-09 23:00:00,605.46,606.13,605.01,605.94,1578.78
2026-08-09 23:05:00,605.94,606.11,605.45,605.48,743.95
2026-08-09 23:10:00,605.48,606.0,605.48,605.68,1007.06
2026-08-09 23:15:00,605.68,605.76,605.14,605.37,894.07
2026-08-09 23:20:00,605.37,605.37,603.55,604.4,3696.11
2026-08-09 23:25:00,604.4,604.4,603.57,604.18,1261.09
2026-08-09 23:30:00,604.17,604.17,602.65,603.33,3964.29
2026-08-09 23:35:00,603.33,604.38,603.13,603.53,2138.0
2026-08-09 23:40:00,603.53,603.61,602.81,603.06,1460.89
2026-08-09 23:45:00,603.06,603.37,602.52,602.89,1252.98
2026-08-09 23:50:00,602.89,602.94,602.15,602.5,1630.86
2026-08-09 23:55:00,602.51,602.78,602.07,602.5,1642.02
2026-08-10 00:00:00,602.51,604.45,602.21,604.11,7268.52
2026-08-10 00:05:00,604.12,605.52,604.11,605.38,2499.09
2026-08-10 00:10:00,605.38,607.2,604.81,606.08,4133.36
2026-08-10 00:15:00,606.08,606.09,605.04,605.14,3611.14
2026-08-10 00:20:00,605.15,605.38,604.08,604.14,1171.25
2026-08-10 00:25:00,604.15,604.64,604.08,604.38,652.35
2026-08-10 00:30:00,604.37,605.19,604.31,605.1,675.9
2026-08-10 00:35:00,605.09,605.09,604.05,604.05,1209.41
2026-08-10 00:40:00,604.05,604.57,603.61,603.66,1503.4
2026-08-10 00:45:00,603.65,604.7,603.65,604.67,796.49
2026-08-10 00:50:00,604.68,605.23,604.5,604.62,885.25
2026-08-10 00:55:00,604.61,605.18,604.29,604.35,526.5
2026-08-10 01:00:00,604.34,605.22,604.18,604.91,1135.93
2026-08-10 01:05:00,604.91,605.1,604.32,604.81,859.98
2026-08-10 01:10:00,604.81,605.29,604.75,605.07,743.15
2026-08-10 01:15:00,605.07,605.76,605.06,605.31,1555.93
2026-08-10 01:20:00,605.31,605.32,604.69,605.06,922.47
2026-08-10 01:25:00,605.07,605.54,604.82,604.82,575.0
2026-08-10 01:30:00,604.82,605.0,604.46,604.54,818.79
2026-08-10 01:35:00,604.53,604.94,604.0,604.93,995.93
2026-08-10 01:40:00,604.93,605.42,604.82,604.95,712.11
2026-08-10 01:45:00,604.96,606.66,604.69,606.59,1765.33
2026-08-10 01:50:00,606.55,607.18,605.98,606.04,2632.52
2026-08-10 01:55:00,606.05,606.1,604.93,605.2,1801.34
2026-08-10 02:00:00,605.2,605.3,604.36,605.06,1127.7
2026-08-10 02:05:00,605.06,605.06,603.96,604.15,1496.16
2026-08-10 02:10:00,604.15,604.64,603.94,604.38,1734.47
2026-08-10 02:15:00,604.39,604.59,602.53,602.58,2390.23
2026-08-10 02:20:00,602.58,603.39,602.58,602.83,2182.99
2026-08-10 02:25:00,602.83,603.4,602.73,603.2,765.46
2026-08-10 02:30:00,603.21,603.93,603.06,603.07,1719.08
2026-08-10 02:35:00,603.07,603.2,602.7,603.1,846.71
2026-08-10 02:40:00,603.1,604.43,603.04,604.39,1742.07
2026-08-10 02:45:00,604.4,604.4,603.47,603.47,761.51
2026-08-10 02:50:00,603.47,604.01,603.46,603.58,492.23
2026-08-10 02:55:00,603.58,603.65,603.35,603.54,592.2
2026-08-10 03:00:00,603.54,603.56,602.5,602.87,3116.81
2026-08-10 03:05:00,602.86,603.09,602.41,602.9,1268.35
2026-08-10 03:10:00,602.9,603.07,601.7,602.16,2290.96
2026-08-10 03:15:00,602.17,603.14,601.6,603.0,1762.03
2026-08-10 03:20:00,603.01,603.94,603.01,603.81,1313.86
2026-08-10 03:25:00,603.8,603.95,603.0,603.0,777.48
2026-08-10 03:30:00,603.0,603.31,602.66,603.31,420.19
2026-08-10 03:35:00,603.32,603.52,603.25,603.5,397.48
2026-08-10 03:40:00,603.5,603.67,603.05,603.26,580.75
2026-08-10 03:45:00,603.27,603.59,603.27,603.4,220.9
2026-08-10 03:50:00,603.4,603.52,603.15,603.15,324.98
2026-08-10 03:55:00,603.15,603.16,602.6,602.87,707.81
2026-08-10 04:00:00,602.88,603.39,602.8,603.16,1062.6
2026-08-10 04:05:00,603.16,603.37,602.72,603.32,1260.03
2026-08-10 04:10:00,603.33,603.39,603.0,603.38,576.51
2026-08-10 04:15:00,603.39,603.61,603.15,603.15,669.75
2026-08-10 04:20:00,603.16,603.53,603.16,603.2,439.37
2026-08-10 04:25:00,603.2,603.42,602.9,602.9,693.52
2026-08-10 04:30:00,602.91,603.12,602.57,602.76,609.78
2026-08-10 04:35:00,602.77,602.9,602.31,602.32,667.51
2026-08-10 04:40:00,602.32,602.32,601.22,602.04,3044.45
2026-08-10 04:45:00,602.04,602.43,602.03,602.24,975.71
2026-08-10 04:50:00,602.25,602.53,601.97,602.06,1439.12
2026-08-10 04:55:00,602.07,602.07,601.6,601.95,579.7
2026-08-10 05:00:00,601.95,602.34,601.76,602.34,951.65
2026-08-10 05:05:00,602.34,602.78,602.28,602.66,686.46
2026-08-10 05:10:00,602.67,602.93,602.31,602.38,981.7
2026-08-10 05:15:00,602.39,602.82,602.39,602.66,300.73
2026-08-10 05:20:00,602.65,603.76,602.65,603.76,1261.3
2026-08-10 05:25:00,603.75,603.76,603.43,603.68,744.42
2026-08-10 05:30:00,603.67,603.68,602.91,603.25,6227.04
2026-08-10 05:35:00,603.25,603.92,603.25,603.75,471.62
2026-08-10 05:40:00,603.74,603.92,603.69,603.83,259.68
2026-08-10 05:45:00,603.84,603.84,603.55,603.56,303.77
2026-08-10 05:50:00,603.56,603.81,603.49,603.76,628.81
2026-08-10 05:55:00,603.76,603.96,603.35,603.35,490.67
2026-08-10 06:00:00,603.35,603.86,603.35,603.67,711.12
2026-08-10 06:05:00,603.67,604.12,603.67,603.69,789.68
2026-08-10 06:10:00,603.69,603.97,603.68,603.97,457.73
2026-08-10 06:15:00,603.96,604.65,603.92,604.44,1458.06
2026-08-10 06:20:00,604.44,604.44,603.76,603.89,1031.04
2026-08-10 06:25:00,603.9,603.9,603.43,603.46,651.41
2026-08-10 06:30:00,603.46,603.84,603.46,603.74,311.75
2026-08-10 06:35:00,603.74,603.92,603.52,603.53,672.49
2026-08-10 06:40:00,603.53,603.95,603.52,603.94,541.48
2026-08-10 06:45:00,603.94,604.13,603.86,604.08,643.86
2026-08-10 06:50:00,604.09,604.42,604.02,604.33,779.21
2026-08-10 06:55:00,604.32,604.44,604.2,604.3,713.73
2026-08-10 07:00:00,604.31,604.31,603.87,603.93,1166.92
2026-08-10 07:05:00,603.93,603.93,603.63,603.64,277.53
2026-08-10 07:10:00,603.64,603.78,603.61,603.61,609.7
2026-08-10 07:15:00,603.62,603.99,603.54,603.99,444.78
2026-08-10 07:20:00,603.99,604.86,603.99,604.86,1212.62
2026-08-10 07:25:00,604.85,604.88,604.66,604.81,542.07
2026-08-10 07:30:00,604.81,604.86,604.73,604.74,492.07
2026-08-10 07:35:00,604.73,605.3,604.57,604.88,1067.94
2026-08-10 07:40:00,604.89,605.24,604.88,605.15,428.4
2026-08-10 07:45:00,605.15,605.15,604.65,604.66,553.03
2026-08-10 07:50:00,604.65,604.8,604.59,604.73,331.59
2026-08-10 07:55:00,604.73,604.8,604.35,604.35,911.14
2026-08-10 08:00:00,604.35,605.19,604.35,605.11,1156.8
2026-08-10 08:05:00,605.12,605.14,604.75,604.92,457.67
2026-08-10 08:10:00,604.91,605.01,604.88,604.93,349.46
2026-08-10 08:15:00,604.93,605.13,604.66,605.07,497.55
2026-08-10 08:20:00,605.07,605.19,604.5,605.17,1182.49
2026-08-10 08:25:00,605.16,605.48,605.1,605.16,724.95
2026-08-10 08:30:00,605.16,605.46,605.04,605.04,486.96
2026-08-10 08:35:00,605.05,605.17,605.01,605.08,199.84
2026-08-10 08:40:00,605.08,605.09,604.29,604.49,739.5
2026-08-10 08:45:00,604.49,604.73,604.23,604.57,773.92
2026-08-10 08:50:00,604.56,605.0,604.46,604.74,422.47
2026-08-10 08:55:00,604.74,605.06,604.74,605.0,288.12
2026-08-10 09:00:00,605.0,605.0,604.71,604.98,430.74
2026-08-10 09:05:00,604.99,605.0,604.78,604.88,308.46
2026-08-10 09:10:00,604.88,604.88,604.56,604.77,391.02
2026-08-10 09:15:00,604.78,604.78,604.38,604.38,342.6
2026-08-10 09:20:00,604.38,604.54,604.21,604.51,315.41
2026-08-10 09:25:00,604.52,604.52,604.38,604.43,213.53
2026-08-10 09:30:00,604.42,604.51,603.91,604.51,880.78
2026-08-10 09:35:00,604.51,604.75,604.39,604.68,917.99
2026-08-10 09:40:00,604.69,604.89,604.56,604.61,1014.67
2026-08-10 09:45:00,604.62,604.62,604.0,604.24,587.8
2026-08-10 09:50:00,604.24,604.6,604.24,604.35,525.35
2026-08-10 09:55:00,604.35,604.64,604.32,604.63,530.69
2026-08-10 10:00:00,604.64,606.0,604.63,605.9,1306.96
2026-08-10 10:05:00,605.91,605.91,605.31,605.31,776.91
2026-08-10 10:10:00,605.31,605.32,605.01,605.17,427.56
2026-08-10 10:15:00,605.18,605.18,604.65,604.75,476.45
2026-08-10 10:20:00,604.75,605.34,604.74,605.33,402.66
2026-08-10 10:25:00,605.33,605.66,605.33,605.56,428.69
2026-08-10 10:30:00,605.57,605.71,605.09,605.25,486.41
2026-08-10 10:35:00,605.25,605.56,605.24,605.29,408.38
2026-08-10 10:40:00,605.29,605.94,605.29,605.93,519.74
2026-08-10 10:45:00,605.93,606.51,605.66,606.44,1123.99
2026-08-10 10:50:00,606.45,607.0,606.35,606.55,1496.79
2026-08-10 10:55:00,606.55,607.0,606.54,606.87,607.58
2026-08-10 11:00:00,606.88,607.09,606.38,606.45,1041.88
2026-08-10 11:05:00,606.44,606.45,605.54,605.71,880.52
2026-08-10 11:10:00,605.71,605.71,605.3,605.38,713.5
2026-08-10 11:15:00,605.39,605.92,605.39,605.91,599.03
2026-08-10 11:20:00,605.9,605.92,605.5,605.51,453.62
2026-08-10 11:25:00,605.51,606.0,605.5,605.99,331.09
2026-08-10 11:30:00,605.99,606.2,605.47,605.7,521.03
2026-08-10 11:35:00,605.71,605.71,605.44,605.51,376.8
2026-08-10 11:40:00,605.5,605.76,605.32,605.44,306.58
2026-08-10 11:45:00,605.44,605.56,605.03,605.15,645.03
2026-08-10 11:50:00,605.16,605.7,605.0,605.7,444.11
2026-08-10 11:55:00,605.69,605.85,605.48,605.58,397.51
2026-08-10 12:00:00,605.58,606.0,605.26,605.6,854.15
2026-08-10 12:05:00,605.6,605.8,605.31,605.69,334.75
2026-08-10 12:10:00,605.69,605.83,605.15,605.15,457.29
2026-08-10 12:15:00,605.15,605.23,604.75,605.01,639.42
2026-08-10 12:20:00,605.01,605.21,604.82,604.92,307.81
2026-08-10 12:25:00,604.93,605.07,604.32,604.32,875.73
2026-08-10 12:30:00,604.32,604.67,604.12,604.34,978.04
2026-08-10 12:35:00,604.33,604.64,604.17,604.17,892.12
2026-08-10 12:40:00,604.18,604.45,603.56,604.4,1544.34
2026-08-10 12:45:00,604.41,604.41,603.74,603.84,419.69
2026-08-10 12:50:00,603.86,603.99,603.51,603.68,868.32
2026-08-10 12:55:00,603.67,603.67,602.73,603.02,2704.04
2026-08-10 13:00:00,603.02,603.24,602.77,602.95,1322.78
2026-08-10 13:05:00,602.96,603.41,602.92,603.41,580.27
2026-08-10 13:10:00,603.42,603.45,602.08,602.25,2800.05
2026-08-10 13:15:00,602.25,603.74,602.13,602.7,4685.98
2026-08-10 13:20:00,602.69,602.74,602.31,602.62,902.6
2026-08-10 13:25:00,602.62,602.62,602.02,602.16,1314.15
2026-08-10 13:30:00,602.17,602.71,601.1,601.32,4187.91
2026-08-10 13:35:00,601.32,602.67,601.16,601.73,1892.9
2026-08-10 13:40:00,601.73,602.03,601.1,601.94,3935.78
2026-08-10 13:45:00,601.94,602.12,600.64,601.1,4455.45
2026-08-10 13:50:00,601.11,601.54,600.0,600.61,5350.77
2026-08-10 13:55:00,600.61,601.2,600.33,600.6,2815.16
2026-08-10 14:00:00,600.6,601.98,600.29,601.38,2721.54
2026-08-10 14:05:00,601.39,601.48,601.0,601.24,1470.54
2026-08-10 14:10:00,601.24,601.87,601.01,601.83,1420.54
2026-08-10 14:15:00,601.83,602.27,601.68,601.87,1695.94
2026-08-10 14:20:00,601.88,601.94,601.6,601.65,821.86
2026-08-10 14:25:00,601.64,602.89,601.61,602.58,1429.11
2026-08-10 14:30:00,602.58,602.81,602.18,602.48,1234.37
2026-08-10 14:35:00,602.48,603.05,602.4,602.6,1390.64
2026-08-10 14:40:00,602.6,602.95,602.42,602.59,923.33
2026-08-10 14:45:00,602.59,602.87,602.36,602.42,645.83
2026-08-10 14:50:00,602.41,602.46,601.87,602.15,1894.76
2026-08-10 14:55:00,602.14,602.18,601.41,601.89,1572.77
2026-08-10 15:00:00,601.89,602.06,601.11,602.0,2060.8
2026-08-10 15:05:00,602.0,602.13,601.5,601.74,924.47
2026-08-10 15:10:00,601.74,601.89,600.31,600.67,3434.16
2026-08-10 15:15:00,600.68,602.05,600.6,601.28,2354.02
2026-08-10 15:20:00,601.28,601.43,600.55,600.63,1194.38
2026-08-10 15:25:00,600.63,601.25,600.18,601.18,3113.56
2026-08-10 15:30:00,601.19,601.47,600.71,600.73,1221.82
2026-08-10 15:35:00,600.73,600.86,600.18,600.27,2149.31
2026-08-10 15:40:00,600.27,601.43,600.14,601.29,1661.8
2026-08-10 15:45:00,601.3,601.35,600.99,601.0,968.04
2026-08-10 15:50:00,601.01,601.78,601.0,601.16,1178.34
2026-08-10 15:55:00,601.17,601.56,601.17,601.44,938.84
2026-08-10 16:00:00,601.45,602.4,601.01,602.25,2323.85
2026-08-10 16:05:00,602.25,602.25,601.59,601.74,825.72
2026-08-10 16:10:00,601.73,602.13,601.58,602.05,928.0
2026-08-10 16:15:00,602.04,602.05,601.25,601.29,1550.38
2026-08-10 16:20:00,601.29,602.27,600.68,602.14,2333.3
2026-08-10 16:25:00,602.14,602.29,601.66,601.67,741.81
2026-08-10 16:30:00,601.66,602.0,601.47,601.67,1822.2
2026-08-10 16:35:00,601.67,602.7,601.67,602.7,969.4
2026-08-10 16:40:00,602.69,602.9,601.15,601.27,2722.75
2026-08-10 16:45:00,601.27,601.29,600.48,600.64,2264.98
2026-08-10 16:50:00,600.63,600.92,598.02,599.17,6699.77
2026-08-10 16:55:00,599.17,599.37,598.74,598.97,4360.63
2026-08-10 17:00:00,598.97,599.06,597.61,598.13,3219.42
2026-08-10 17:05:00,598.13,599.6,598.07,599.33,2530.81
2026-08-10 17:10:00,599.33,600.12,599.33,600.02,1184.83
2026-08-10 17:15:00,600.01,600.02,599.78,599.99,1011.69
2026-08-10 17:20:00,600.0,600.6,600.0,600.52,791.96
2026-08-10 17:25:00,600.52,600.72,600.17,600.39,742.89
2026-08-10 17:30:00,600.39,600.92,600.34,600.9,605.36
2026-08-10 17:35:00,600.9,600.9,600.64,600.71,264.92
2026-08-10 17:40:00,600.71,600.95,600.56,600.56,386.19
2026-08-10 17:45:00,600.55,600.55,600.19,600.39,584.17
2026-08-10 17:50:00,600.39,600.73,600.3,600.42,337.73
2026-08-10 17:55:00,600.43,600.63,600.27,600.59,303.91
2026-08-10 18:00:00,600.59,600.97,600.51,600.56,450.11
2026-08-10 18:05:00,600.57,600.98,600.56,600.67,423.62
2026-08-10 18:10:00,600.68,600.89,600.56,600.57,473.89
2026-08-10 18:15:00,600.57,600.64,600.32,600.62,496.62
2026-08-10 18:20:00,600.63,601.09,600.62,601.04,330.8
2026-08-10 18:25:00,601.03,601.04,600.68,600.7,387.45
2026-08-10 18:30:00,600.7,600.72,600.37,600.37,335.51
2026-08-10 18:35:00,600.38,600.46,599.78,599.91,1380.33
2026-08-10 18:40:00,599.92,600.25,599.85,600.1,780.49
2026-08-10 18:45:00,600.09,600.37,599.56,600.37,588.42
2026-08-10 18:50:00,600.37,600.6,600.31,600.4,318.28
2026-08-10 18:55:00,600.4,600.83,600.4,600.65,290.21
2026-08-10 19:00:00,600.64,600.83,600.55,600.8,541.96
2026-08-10 19:05:00,600.8,600.95,600.66,600.95,626.51
2026-08-10 19:10:00,600.94,600.99,600.8,600.92,510.37
2026-08-10 19:15:00,600.92,601.09,600.81,601.02,468.47
2026-08-10 19:20:00,601.02,601.27,600.94,601.27,458.16
2026-08-10 19:25:00,601.27,601.32,600.96,601.15,296.99
2026-08-10 19:30:00,601.16,601.43,601.16,601.23,461.79
2026-08-10 19:35:00,601.23,601.26,600.47,600.76,644.91
2026-08-10 19:40:00,600.76,601.25,600.64,601.24,1764.59
2026-08-10 19:45:00,601.24,601.3,601.09,601.11,267.84
2026-08-10 19:50:00,601.11,601.14,600.92,600.92,211.58
2026-08-10 19:55:00,600.93,601.04,600.8,601.04,463.41
2026-08-10 20:00:00,601.04,601.06,600.8,600.97,522.55
2026-08-10 20:05:00,600.96,601.12,600.96,601.12,365.46
2026-08-10 20:10:00,601.11,601.11,600.81,600.86,219.64
2026-08-10 20:15:00,600.87,601.02,600.85,600.98,598.5
2026-08-10 20:20:00,600.98,601.14,600.97,601.14,362.72
2026-08-10 20:25:00,601.14,601.23,601.04,601.04,259.17
2026-08-10 20:30:00,601.05,601.29,601.04,601.29,211.54
2026-08-10 20:35:00,601.29,601.67,601.29,601.42,620.14
2026-08-10 20:40:00,601.42,601.86,601.41,601.73,520.14
2026-08-10 20:45:00,601.74,601.74,601.38,601.39,350.35
2026-08-10 20:50:00,601.38,601.44,601.24,601.24,292.26
2026-08-10 20:55:00,601.24,601.24,601.0,601.0,242.46
2026-08-10 21:00:00,601.01,601.01,600.7,600.82,919.93
2026-08-10 21:05:00,600.82,601.01,600.81,600.97,348.93
2026-08-10 21:10:00,600.97,600.97,600.0,600.41,759.09
2026-08-10 21:15:00,600.42,600.46,600.41,600.44,178.8
2026-08-10 21:20:00,600.44,600.48,600.09,600.37,419.04
2026-08-10 21:25:00,600.37,601.0,600.32,600.99,276.39
2026-08-10 21:30:00,601.0,601.0,600.85,600.9,143.42
2026-08-10 21:35:00,600.9,600.91,600.68,600.9,267.21
2026-08-10 21:40:00,600.9,600.96,600.27,600.28,635.06
2026-08-10 21:45:00,600.28,600.28,599.69,599.89,829.98
2026-08-10 21:50:00,599.89,599.94,599.75,599.75,410.45
2026-08-10 21:55:00,599.75,599.94,599.21,599.5,710.33
2026-08-10 22:00:00,599.5,599.89,599.04,599.23,1280.02
2026-08-10 22:05:00,599.24,599.85,598.82,599.85,822.73
2026-08-10 22:10:00,599.84,600.21,599.76,600.11,448.1
2026-08-10 22:15:00,600.12,600.5,600.08,600.21,457.42
2026-08-10 22:20:00,600.21,600.29,599.61,599.62,430.98
2026-08-10 22:25:00,599.62,599.78,599.57,599.78,396.19
2026-08-10 22:30:00,599.77,599.78,598.96,599.08,484.87
2026-08-10 22:35:00,599.08,599.49,598.98,599.23,515.78
2026-08-10 22:40:00,599.23,599.46,599.23,599.46,294.49
2026-08-10 22:45:00,599.46,599.96,599.46,599.93,657.73
2026-08-10 22:50:00,599.92,600.0,599.86,600.0,235.73
2026-08-10 22:55:00,600.0,600.0,599.55,599.55,315.81
2026-08-10 23:00:00,599.56,599.62,599.34,599.55,381.34
2026-08-10 23:05:00,599.56,599.99,599.55,599.79,470.22
2026-08-10 23:10:00,599.79,600.0,599.78,599.97,193.74
2026-08-10 23:15:00,599.97,600.12,599.9,599.9,291.75
2026-08-10 23:20:00,599.9,599.91,599.37,599.37,477.36
2026-08-10 23:25:00,599.37,599.38,599.01,599.26,701.78
2026-08-10 23:30:00,599.27,599.27,598.74,598.81,544.82
2026-08-10 23:35:00,598.81,599.09,598.64,598.91,604.19
2026-08-10 23:40:00,598.92,599.38,598.91,599.35,215.91
2026-08-10 23:45:00,599.34,599.43,599.23,599.43,248.34
2026-08-10 23:50:00,599.44,599.78,599.25,599.51,793.26
2026-08-10 23:55:00,599.51,599.72,599.48,599.54,334.25
2026-08-11 00:00:00,599.55,600.15,599.39,600.14,1388.55
2026-08-11 00:05:00,600.15,600.15,599.64,600.01,779.11
2026-08-11 00:10:00,600.02,600.06,599.67,599.71,614.23
2026-08-11 00:15:00,599.71,600.18,599.41,600.12,1096.24
2026-08-11 00:20:00,600.13,600.58,599.91,600.33,534.61
2026-08-11 00:25:00,600.34,600.51,600.32,600.37,363.65
2026-08-11 00:30:00,600.37,600.38,600.02,600.17,449.27
2026-08-11 00:35:00,600.17,600.18,599.82,599.82,341.02
2026-08-11 00:40:00,599.83,599.83,599.5,599.7,318.32
2026-08-11 00:45:00,599.71,599.73,599.66,599.66,211.04
2026-08-11 00:50:00,599.65,600.17,599.64,600.17,432.76
2026-08-11 00:55:00,600.17,600.57,600.16,600.21,640.88
2026-08-11 01:00:00,600.21,600.35,599.91,600.35,533.84
2026-08-11 01:05:00,600.36,600.65,600.31,600.64,613.44
2026-08-11 01:10:00,600.64,601.15,600.63,600.93,552.68
2026-08-11 01:15:00,600.94,601.04,600.32,600.33,502.8
2026-08-11 01:20:00,600.33,600.83,600.31,600.73,528.61
2026-08-11 01:25:00,600.73,600.85,600.41,600.75,903.73
2026-08-11 01:30:00,600.74,600.75,600.54,600.55,289.62
2026-08-11 01:35:00,600.54,600.56,600.43,600.55,240.91
2026-08-11 01:40:00,600.55,600.56,600.18,600.37,452.79
2026-08-11 01:45:00,600.37,600.54,600.32,600.54,314.22
2026-08-11 01:50:00,600.53,600.64,600.51,600.64,252.44
2026-08-11 01:55:00,600.63,600.64,600.41,600.5,320.25
2026-08-11 02:00:00,600.51,600.95,600.51,600.93,506.21
2026-08-11 02:05:00,600.93,600.94,600.64,600.88,510.81
2026-08-11 02:10:00,600.88,600.96,600.57,600.57,527.92
2026-08-11 02:15:00,600.58,600.68,600.57,600.57,291.32
2026-08-11 02:20:00,600.57,600.62,600.51,600.51,172.96
2026-08-11 02:25:00,600.51,600.62,600.38,600.61,362.2
2026-08-11 02:30:00,600.62,600.71,600.42,600.54,260.85
2026-08-11 02:35:00,600.53,600.54,600.1,600.22,552.2
2026-08-11 02:40:00,600.23,600.59,600.22,600.58,343.8
2026-08-11 02:45:00,600.59,600.68,600.35,600.63,445.29
2026-08-11 02:50:00,600.63,600.9,600.51,600.9,260.15
2026-08-11 02:55:00,600.9,601.24,600.8,600.81,798.25
2026-08-11 03:00:00,600.81,601.23,600.68,600.98,676.35
2026-08-11 03:05:00,600.99,601.12,600.87,601.12,407.82
2026-08-11 03:10:00,601.12,601.19,600.92,600.92,557.93
2026-08-11 03:15:00,600.92,601.33,600.92,600.92,488.57
2026-08-11 03:20:00,600.92,600.98,600.59,600.76,416.29
2026-08-11 03:25:00,600.76,600.97,600.6,600.63,557.27
2026-08-11 03:30:00,600.63,600.64,600.32,600.35,250.44
2026-08-11 03:35:00,600.36,600.98,600.35,600.89,1038.54
2026-08-11 03:40:00,600.88,600.88,600.46,600.54,319.11
2026-08-11 03:45:00,600.55,600.61,600.54,600.54,133.22
2026-08-11 03:50:00,600.55,600.83,600.54,600.83,155.67
2026-08-11 03:55:00,600.83,600.83,600.68,600.68,385.34
2026-08-11 04:00:00,600.68,600.76,600.63,600.7,360.6
2026-08-11 04:05:00,600.71,600.78,600.69,600.78,147.28
2026-08-11 04:10:00,600.78,600.93,600.77,600.8,263.97
2026-08-11 04:15:00,600.8,600.81,600.6,600.81,396.15
2026-08-11 04:20:00,600.8,600.97,600.74,600.8,177.82
2026-08-11 04:25:00,600.8,601.07,600.8,600.92,325.71
2026-08-11 04:30:00,600.92,600.93,600.83,600.89,200.45
2026-08-11 04:35:00,600.89,600.9,600.74,600.77,212.22
2026-08-11 04:40:00,600.78,600.78,600.68,600.72,203.42
2026-08-11 04:45:00,600.73,600.75,600.62,600.63,165.5
2026-08-11 04:50:00,600.62,600.63,600.3,600.3,244.89
2026-08-11 04:55:00,600.31,600.31,600.05,600.22,836.32
2026-08-11 05:00:00,600.22,600.22,599.62,600.09,1867.23
2026-08-11 05:05:00,600.09,600.79,600.09,600.69,788.96
2026-08-11 05:10:00,600.69,600.88,600.69,600.87,284.95
2026-08-11 05:15:00,600.87,601.14,600.74,600.74,608.92
2026-08-11 05:20:00,600.74,600.74,600.27,600.55,414.35
2026-08-11 05:25:00,600.55,600.65,600.43,600.51,325.32
2026-08-11 05:30:00,600.51,600.7,600.37,600.7,212.39
2026-08-11 05:35:00,600.69,601.0,600.69,600.9,194.61
2026-08-11 05:40:00,600.89,600.9,600.7,600.76,219.8
2026-08-11 05:45:00,600.77,600.77,600.32,600.35,302.48
2026-08-11 05:50:00,600.36,600.58,600.22,600.22,236.02
2026-08-11 05:55:00,600.22,600.22,600.0,600.0,583.11
2026-08-11 06:00:00,600.01,600.16,599.87,600.0,648.36
2026-08-11 06:05:00,600.01,600.89,600.0,600.88,672.28
2026-08-11 06:10:00,600.88,601.03,600.88,600.94,324.57
2026-08-11 06:15:00,600.94,600.95,600.55,600.55,254.79
2026-08-11 06:20:00,600.55,600.63,600.48,600.48,409.32
2026-08-11 06:25:00,600.48,600.49,599.61,599.62,749.21
2026-08-11 06:30:00,599.62,599.73,599.14,599.6,846.18
2026-08-11 06:35:00,599.59,600.0,599.35,600.0,557.18
2026-08-11 06:40:00,599.99,600.07,599.84,599.96,531.92
2026-08-11 06:45:00,599.97,600.04,599.01,599.73,1809.12
2026-08-11 06:50:00,599.74,599.74,598.89,598.93,918.38
2026-08-11 06:55:00,598.92,599.23,598.92,599.05,902.87
2026-08-11 07:00:00,599.05,599.16,598.75,599.11,762.83
2026-08-11 07:05:00,599.1,599.35,599.01,599.16,544.07
2026-08-11 07:10:00,599.16,599.41,599.02,599.02,440.86
2026-08-11 07:15:00,599.02,599.56,598.99,599.27,1880.75
2026-08-11 07:20:00,599.27,599.72,599.12,599.72,1443.51
2026-08-11 07:25:00,599.71,600.01,599.66,599.68,1217.15
2026-08-11 07:30:00,599.69,601.37,599.69,601.36,1242.36
2026-08-11 07:35:00,601.37,602.48,601.36,602.38,3248.7
2026-08-11 07:40:00,602.38,602.45,602.09,602.26,1397.15
2026-08-11 07:45:00,602.27,602.87,601.8,602.27,3395.57
2026-08-11 07:50:00,602.28,602.68,602.08,602.09,901.88
2026-08-11 07:55:00,602.09,602.85,601.83,602.85,927.99
2026-08-11 08:00:00,602.85,603.75,602.73,603.75,2847.04
2026-08-11 08:05:00,603.74,604.0,603.13,603.89,2201.79
2026-08-11 08:10:00,603.9,604.37,603.84,604.32,1914.59
2026-08-11 08:15:00,604.31,604.82,604.2,604.73,2159.59
2026-08-11 08:20:00,604.74,605.27,603.76,605.09,3784.79
2026-08-11 08:25:00,605.09,605.6,604.99,605.13,1935.58
2026-08-11 08:30:00,605.14,605.58,604.94,605.48,2078.36
2026-08-11 08:35:00,605.49,605.78,605.49,605.78,1253.38
2026-08-11 08:40:00,605.78,606.25,605.7,606.23,2008.82
2026-08-11 08:45:00,606.24,606.75,604.53,604.8,5586.33
2026-08-11 08:50:00,604.79,605.94,604.71,605.69,1368.04
2026-08-11 08:55:00,605.69,606.0,605.42,605.73,3845.5
2026-08-11 09:00:00,605.72,605.98,605.31,605.45,1768.08
2026-08-11 09:05:00,605.45,605.87,605.45,605.85,571.35
2026-08-11 09:10:00,605.85,606.13,605.85,606.08,711.87
2026-08-11 09:15:00,606.07,607.4,606.07,607.25,2956.19
2026-08-11 09:20:00,607.25,607.84,607.12,607.81,3065.9
2026-08-11 09:25:00,607.8,608.3,607.44,607.69,3525.62
2026-08-11 09:30:00,607.69,607.75,606.51,606.74,2712.62
2026-08-11 09:35:00,606.74,606.97,606.7,606.91,769.07
2026-08-11 09:40:00,606.91,607.51,606.91,607.08,1097.02
2026-08-11 09:45:00,607.08,607.68,607.07,607.43,1101.98
2026-08-11 09:50:00,607.43,607.59,606.74,607.08,1857.62
2026-08-11 09:55:00,607.07,607.68,606.93,607.68,1310.28
2026-08-11 10:00:00,607.69,608.45,607.19,608.05,2798.51
2026-08-11 10:05:00,608.05,608.25,607.17,607.3,1687.85
2026-08-11 10:10:00,607.29,607.4,606.96,607.17,1156.64
2026-08-11 10:15:00,607.17,607.35,607.16,607.25,497.2
2026-08-11 10:20:00,607.25,607.45,606.93,607.32,1486.73
2026-08-11 10:25:00,607.32,608.12,607.31,608.02,810.26
2026-08-11 10:30:00,608.02,608.12,607.59,607.77,798.9
2026-08-11 10:35:00,607.76,608.0,607.63,607.95,449.27
2026-08-11 10:40:00,607.95,608.18,607.82,608.12,840.81
2026-08-11 10:45:00,608.12,608.54,607.95,608.53,1029.03
2026-08-11 10:50:00,608.53,608.92,608.38,608.54,1492.51
2026-08-11 10:55:00,608.54,608.63,608.23,608.52,1607.59
2026-08-11 11:00:00,608.51,608.75,608.39,608.4,1208.09
2026-08-11 11:05:00,608.39,608.42,607.89,607.9,1215.72
2026-08-11 11:10:00,607.9,608.51,607.13,607.21,2054.08
2026-08-11 11:15:00,607.21,607.59,606.78,607.59,6899.75
2026-08-11 11:20:00,607.59,607.98,607.36,607.98,970.17
2026-08-11 11:25:00,607.98,608.23,607.69,607.69,958.32
2026-08-11 11:30:00,607.69,607.79,607.25,607.74,667.48
2026-08-11 11:35:00,607.74,608.23,607.73,608.1,652.04
2026-08-11 11:40:00,608.1,608.42,608.0,608.19,474.02
2026-08-11 11:45:00,608.18,608.35,608.01,608.22,549.39
2026-08-11 11:50:00,608.21,608.48,608.21,608.32,727.21
2026-08-11 11:55:00,608.33,608.84,608.32,608.75,1589.22
2026-08-11 12:00:00,608.75,609.2,608.75,609.15,2370.28
2026-08-11 12:05:00,609.16,613.64,608.83,611.76,26371.6
2026-08-11 12:10:00,611.76,615.5,611.73,614.84,17231.9
2026-08-11 12:15:00,614.85,615.34,612.52,612.84,9111.77
2026-08-11 12:20:00,612.84,614.64,612.84,613.65,7580.16
2026-08-11 12:25:00,613.65,614.12,612.86,613.32,4087.4
2026-08-11 12:30:00,613.32,613.83,612.28,613.17,3416.13
2026-08-11 12:35:00,613.17,613.54,612.57,613.0,2148.37
2026-08-11 12:40:00,613.01,613.17,612.69,613.07,1291.58
2026-08-11 12:45:00,613.06,613.45,612.98,613.14,1636.5
2026-08-11 12:50:00,613.15,613.81,613.03,613.04,1838.44
2026-08-11 12:55:00,613.03,613.77,612.54,612.59,2002.73
2026-08-11 13:00:00,612.58,613.46,612.51,613.15,1610.64
2026-08-11 13:05:00,613.15,613.75,612.6,613.75,2229.06
2026-08-11 13:10:00,613.74,614.18,613.1,613.27,1782.26
2026-08-11 13:15:00,613.26,613.29,612.75,612.98,815.06
2026-08-11 13:20:00,612.98,613.0,612.28,612.46,2172.43
2026-08-11 13:25:00,612.46,612.71,612.26,612.66,1466.55
2026-08-11 13:30:00,612.65,612.69,610.54,611.26,3790.26
2026-08-11 13:35:00,611.25,611.8,610.43,611.38,3734.86
2026-08-11 13:40:00,611.39,612.83,611.39,612.08,2717.71
2026-08-11 13:45:00,612.07,612.5,611.2,612.29,2066.04
2026-08-11 13:50:00,612.29,612.29,611.27,611.41,1525.89
2026-08-11 13:55:00,611.41,612.55,611.01,612.06,1321.18
2026-08-11 14:00:00,612.05,612.05,611.04,611.53,2107.73
2026-08-11 14:05:00,611.53,611.53,610.63,611.12,1834.75
2026-08-11 14:10:00,611.13,611.87,610.77,611.63,1832.37
2026-08-11 14:15:00,611.62,612.05,611.29,611.34,1298.94
2026-08-11 14:20:00,611.33,611.66,610.42,610.45,1504.61
2026-08-11 14:25:00,610.44,611.13,610.21,611.01,2242.29
2026-08-11 14:30:00,611.01,611.01,610.53,610.99,1362.9
2026-08-11 14:35:00,611.0,611.26,610.22,610.72,1061.15
2026-08-11 14:40:00,610.73,611.4,610.26,611.36,1798.99
2026-08-11 14:45:00,611.37,611.9,611.04,611.04,1467.96
2026-08-11 14:50:00,611.03,611.03,608.98,608.98,5205.02
2026-08-11 14:55:00,608.97,609.15,606.45,608.01,15897.19
2026-08-11 15:00:00,608.01,608.77,607.16,608.48,3382.88
2026-08-11 15:05:00,608.48,608.88,608.3,608.86,1478.63
2026-08-11 15:10:00,608.86,608.89,607.78,608.34,1686.8
2026-08-11 15:15:00,608.33,609.0,608.0,608.99,1453.96
2026-08-11 15:20:00,609.0,610.29,608.56,609.36,2535.75
2026-08-11 15:25:00,609.38,609.67,609.22,609.61,1408.18
2026-08-11 15:30:00,609.6,609.61,608.28,608.29,1072.92
2026-08-11 15:35:00,608.28,608.37,605.82,606.43,7973.49
2026-08-11 15:40:00,606.43,607.67,605.96,607.66,9533.81
2026-08-11 15:45:00,607.66,607.91,606.84,607.07,1853.51
2026-08-11 15:50:00,607.08,607.35,606.51,607.19,2244.36
2026-08-11 15:55:00,607.19,608.85,607.07,608.79,2098.14
2026-08-11 16:00:00,608.78,609.87,608.13,609.64,3706.54
2026-08-11 16:05:00,609.64,610.07,608.94,609.98,1427.57
2026-08-11 16:10:00,609.98,610.15,609.22,609.62,1561.38
2026-08-11 16:15:00,609.63,610.16,609.38,610.09,1067.82
2026-08-11 16:20:00,610.09,610.5,609.99,610.43,2020.06
2026-08-11 16:25:00,610.42,610.6,610.16,610.28,1399.64
2026-08-11 16:30:00,610.28,610.69,609.6,609.88,1589.93
2026-08-11 16:35:00,609.87,610.63,609.8,610.16,876.11
2026-08-11 16:40:00,610.17,610.46,609.53,609.79,1260.7
2026-08-11 16:45:00,609.79,610.26,609.5,610.2,900.35
2026-08-11 16:50:00,610.2,610.34,609.72,609.97,1468.32
2026-08-11 16:55:00,609.96,610.07,609.7,609.78,644.49
2026-08-11 17:00:00,609.78,610.34,609.76,610.27,686.61
2026-08-11 17:05:00,610.27,610.44,609.65,610.43,706.71
2026-08-11 17:10:00,610.44,610.91,610.29,610.36,774.31
2026-08-11 17:15:00,610.35,610.56,610.15,610.26,660.65
2026-08-11 17:20:00,610.26,610.75,610.13,610.69,620.41
2026-08-11 17:25:00,610.7,610.76,610.17,610.52,552.74
2026-08-11 17:30:00,610.51,610.62,610.01,610.18,579.89
2026-08-11 17:35:00,610.18,610.39,610.03,610.16,298.84
2026-08-11 17:40:00,610.15,610.44,610.07,610.36,687.73
2026-08-11 17:45:00,610.35,610.71,610.17,610.4,840.21
2026-08-11 17:50:00,610.39,610.61,610.39,610.61,396.69
2026-08-11 17:55:00,610.61,610.85,610.6,610.64,954.1
2026-08-11 18:00:00,610.63,610.69,610.55,610.61,431.87
2026-08-11 18:05:00,610.61,610.62,610.23,610.39,2021.15
2026-08-11 18:10:00,610.4,610.4,610.07,610.31,547.82
2026-08-11 18:15:00,610.3,610.72,610.28,610.72,424.44
2026-08-11 18:20:00,610.73,611.19,610.55,610.56,1424.96
2026-08-11 18:25:00,610.56,610.56,608.77,608.9,2019.48
2026-08-11 18:30:00,608.9,609.76,608.35,609.76,1861.52
2026-08-11 18:35:00,609.75,610.09,609.46,609.5,1155.57
2026-08-11 18:40:00,609.49,609.62,609.0,609.62,448.77
2026-08-11 18:45:00,609.61,610.18,609.51,610.04,745.87
2026-08-11 18:50:00,610.03,610.35,609.75,609.96,446.83
2026-08-11 18:55:00,609.97,610.48,609.94,610.41,229.46
2026-08-11 19:00:00,610.4,610.4,609.97,610.07,399.62
2026-08-11 19:05:00,610.07,610.08,609.6,609.68,331.66
2026-08-11 19:10:00,609.68,609.69,609.35,609.36,417.25
2026-08-11 19:15:00,609.36,609.97,609.35,609.95,265.64
2026-08-11 19:20:00,609.96,610.38,609.95,610.13,452.38
2026-08-11 19:25:00,610.12,610.35,610.12,610.29,210.84
2026-08-11 19:30:00,610.29,611.0,610.29,610.37,703.2
2026-08-11 19:35:00,610.38,610.91,610.37,610.91,211.78
2026-08-11 19:40:00,610.91,611.1,610.71,611.05,550.39
2026-08-11 19:45:00,611.05,611.41,610.74,611.25,1305.72
2026-08-11 19:50:00,611.26,611.92,611.05,611.87,1672.89
2026-08-11 19:55:00,611.86,612.2,611.84,612.05,1344.9
2026-08-11 20:00:00,612.06,612.75,611.48,612.04,2689.49
2026-08-11 20:05:00,612.04,612.8,611.9,612.6,1444.75
2026-08-11 20:10:00,612.6,612.8,612.4,612.75,840.6
2026-08-11 20:15:00,612.75,613.17,612.61,612.67,1433.85
2026-08-11 20:20:00,612.67,613.37,612.5,612.76,1460.87
2026-08-11 20:25:00,612.76,612.76,612.09,612.37,2613.02
2026-08-11 20:30:00,612.37,613.09,612.23,613.09,820.7
2026-08-11 20:35:00,613.09,613.49,612.77,612.78,949.47
2026-08-11 20:40:00,612.78,612.91,612.29,612.43,904.41
2026-08-11 20:45:00,612.43,612.79,612.2,612.34,1596.08
2026-08-11 20:50:00,612.34,612.8,612.34,612.6,744.7
2026-08-11 20:55:00,612.6,613.06,612.52,613.05,683.07
2026-08-11 21:00:00,613.04,613.42,612.63,613.42,1321.13
2026-08-11 21:05:00,613.42,613.87,613.17,613.63,2084.24
2026-08-11 21:10:00,613.62,613.89,612.99,613.61,2500.31
2026-08-11 21:15:00,613.61,613.78,612.78,613.06,1407.09
2026-08-11 21:20:00,613.07,613.48,612.86,613.42,926.66
2026-08-11 21:25:00,613.42,613.65,613.08,613.08,920.56
2026-08-11 21:30:00,613.08,613.09,612.47,612.74,606.26
2026-08-11 21:35:00,612.74,613.07,612.53,612.58,414.64
2026-08-11 21:40:00,612.57,613.04,612.44,612.61,556.81
2026-08-11 21:45:00,612.6,612.96,612.6,612.89,556.82
2026-08-11 21:50:00,612.89,613.0,612.25,612.52,947.95
2026-08-11 21:55:00,612.52,613.0,612.51,613.0,480.15
2026-08-11 22:00:00,612.99,613.71,612.98,613.24,1426.58
2026-08-11 22:05:00,613.24,613.24,612.9,612.9,485.05
2026-08-11 22:10:00,612.9,613.53,612.89,613.45,763.65
2026-08-11 22:15:00,613.45,613.56,613.16,613.2,719.41
2026-08-11 22:20:00,613.2,613.21,612.7,612.78,618.81
2026-08-11 22:25:00,612.78,613.24,612.73,613.24,595.23
2026-08-11 22:30:00,613.24,613.36,612.92,613.35,587.94
2026-08-11 22:35:00,613.35,613.42,613.3,613.37,344.83
2026-08-11 22:40:00,613.37,614.21,613.37,613.6,1741.18
2026-08-11 22:45:00,613.6,614.12,613.6,614.05,860.41
2026-08-11 22:50:00,614.04,614.54,614.04,614.54,1445.59
2026-08-11 22:55:00,614.53,615.17,614.53,614.94,4708.98
2026-08-11 23:00:00,614.94,614.97,613.82,614.11,1999.93
2026-08-11 23:05:00,614.1,614.41,614.1,614.16,848.2
2026-08-11 23:10:00,614.17,614.3,614.06,614.1,584.12
2026-08-11 23:15:00,614.1,614.3,614.09,614.13,478.14
2026-08-11 23:20:00,614.14,614.5,614.12,614.5,394.46
2026-08-11 23:25:00,614.5,617.58,614.43,616.43,9316.17
2026-08-11 23:30:00,616.43,616.63,615.6,616.62,1730.95
2026-08-11 23:35:00,616.62,616.87,616.07,616.26,1187.34
2026-08-11 23:40:00,616.26,617.06,616.21,617.06,6147.99
2026-08-11 23:45:00,617.06,617.17,616.68,617.03,1764.33
2026-08-11 23:50:00,617.04,618.11,617.03,617.26,3336.07
2026-08-11 23:55:00,617.25,617.47,616.95,616.95,1483.79
2026-08-12 00:00:00,616.96,618.0,616.95,617.13,3703.47
2026-08-12 00:05:00,617.13,617.62,616.98,617.27,1165.08
2026-08-12 00:10:00,617.27,617.48,616.27,616.28,2408.24
2026-08-12 00:15:00,616.27,616.72,615.64,615.64,2061.45
2026-08-12 00:20:00,615.64,615.8,615.43,615.43,1715.24
2026-08-12 00:25:00,615.44,615.95,614.91,615.95,2129.46
2026-08-12 00:30:00,615.94,616.93,615.83,616.77,1684.66
2026-08-12 00:35:00,616.78,617.26,616.75,616.96,1257.44
2026-08-12 00:40:00,616.97,617.36,616.85,616.86,1058.08
2026-08-12 00:45:00,616.85,617.07,616.81,617.01,879.99
2026-08-12 00:50:00,617.01,617.41,616.73,617.36,1137.17
2026-08-12 00:55:00,617.37,618.04,617.37,618.04,1898.39
2026-08-12 01:00:00,618.04,619.29,617.99,619.21,4117.49
2026-08-12 01:05:00,619.21,620.88,619.21,620.6,8708.77
2026-08-12 01:10:00,620.59,620.84,619.86,619.88,3173.33
2026-08-12 01:15:00,619.88,619.99,617.42,617.44,4762.54
2026-08-12 01:20:00,617.45,617.66,616.56,617.43,3149.93
2026-08-12 01:25:00,617.42,617.61,616.63,616.64,1528.85
2026-08-12 01:30:00,616.63,617.4,616.21,617.4,1523.07
2026-08-12 01:35:00,617.4,618.2,617.18,618.13,1556.23
2026-08-12 01:40:00,618.12,618.95,618.02,618.95,1463.21
2026-08-12 01:45:00,618.94,619.26,618.18,619.25,2209.56
2026-08-12 01:50:00,619.25,619.9,619.25,619.48,2724.27
2026-08-12 01:55:00,619.48,619.6,618.69,618.95,2129.39
2026-08-12 02:00:00,618.96,619.85,618.94,619.07,1795.02
2026-08-12 02:05:00,619.07,619.46,618.88,618.94,1580.55
2026-08-12 02:10:00,618.94,619.02,617.68,618.19,3350.79
2026-08-12 02:15:00,618.18,618.73,617.83,618.23,1262.4
2026-08-12 02:20:00,618.23,618.23,616.81,617.19,4629.17
2026-08-12 02:25:00,617.18,617.45,616.91,617.45,1056.94
2026-08-12 02:30:00,617.44,617.48,617.0,617.01,1117.12
2026-08-12 02:35:00,617.01,617.43,616.71,617.17,1089.73
2026-08-12 02:40:00,617.18,617.65,617.11,617.2,1181.54
2026-08-12 02:45:00,617.19,617.25,616.63,616.82,1154.73
2026-08-12 02:50:00,616.81,617.1,616.08,616.39,1630.65
2026-08-12 02:55:00,616.39,616.58,616.06,616.57,1271.4
2026-08-12 03:00:00,616.57,616.57,616.11,616.14,1156.5
2026-08-12 03:05:00,616.15,616.28,615.5,615.65,2091.48
2026-08-12 03:10:00,615.65,616.16,615.5,615.98,880.57
2026-08-12 03:15:00,615.98,616.21,615.38,615.59,1448.36
2026-08-12 03:20:00,615.58,615.6,614.75,614.79,2200.06
2026-08-12 03:25:00,614.8,615.05,614.27,614.31,3517.04
2026-08-12 03:30:00,614.31,614.31,613.56,613.7,4380.76
2026-08-12 03:35:00,613.69,614.65,613.69,614.65,2009.39
2026-08-12 03:40:00,614.65,614.91,614.53,614.54,1420.18
2026-08-12 03:45:00,614.54,614.54,613.72,614.04,1586.63
2026-08-12 03:50:00,614.03,614.07,613.47,613.68,1820.07
2026-08-12 03:55:00,613.68,613.81,613.42,613.62,497.84
2026-08-12 04:00:00,613.61,613.78,613.47,613.59,1477.5
2026-08-12 04:05:00,613.59,613.67,613.12,613.44,1602.55
2026-08-12 04:10:00,613.43,614.83,613.41,614.77,1655.23
2026-08-12 04:15:00,614.76,615.61,614.0,615.27,3161.62
2026-08-12 04:20:00,615.27,616.19,615.18,616.18,2191.58
2026-08-12 04:25:00,616.18,616.18,615.24,615.27,952.99
2026-08-12 04:30:00,615.27,615.27,614.7,614.77,736.86
2026-08-12 04:35:00,614.76,615.02,614.76,614.84,726.28
2026-08-12 04:40:00,614.83,615.22,614.61,615.21,679.19
2026-08-12 04:45:00,615.21,615.35,614.91,615.23,1902.28
2026-08-12 04:50:00,615.23,615.38,615.13,615.38,878.8
2026-08-12 04:55:00,615.38,615.38,615.07,615.09,872.79
2026-08-12 05:00:00,615.09,615.14,614.6,614.62,1122.92
2026-08-12 05:05:00,614.62,614.98,614.55,614.98,707.36
2026-08-12 05:10:00,614.97,615.1,614.82,614.86,621.32
2026-08-12 05:15:00,614.85,614.94,614.74,614.91,272.72
2026-08-12 05:20:00,614.9,615.36,613.92,614.45,4245.84
2026-08-12 05:25:00,614.44,614.5,613.85,613.95,902.53
2026-08-12 05:30:00,613.94,614.48,613.8,614.38,1539.69
2026-08-12 05:35:00,614.38,614.7,614.15,614.18,1177.89
2026-08-12 05:40:00,614.18,614.18,613.57,613.68,1861.9
2026-08-12 05:45:00,613.68,613.93,613.36,613.37,1450.99
2026-08-12 05:50:00,613.36,613.79,613.06,613.61,1537.58
2026-08-12 05:55:00,613.61,613.68,613.49,613.57,698.83
2026-08-12 06:00:00,613.57,613.79,609.17,611.12,19396.87
2026-08-12 06:05:00,611.12,612.38,610.52,611.3,9756.72
2026-08-12 06:10:00,611.3,611.7,610.98,611.4,2169.94
2026-08-12 06:15:00,611.41,611.41,610.84,610.92,1701.12
2026-08-12 06:20:00,610.92,611.0,610.29,610.99,2189.89
2026-08-12 06:25:00,611.0,611.47,610.8,611.2,1050.38
2026-08-12 06:30:00,611.19,611.53,610.75,611.29,926.38
2026-08-12 06:35:00,611.28,611.68,611.09,611.58,988.06
2026-08-12 06:40:00,611.58,611.63,610.84,611.5,1799.85
2026-08-12 06:45:00,611.5,611.96,611.5,611.79,1776.12
2026-08-12 06:50:00,611.79,611.8,611.42,611.49,1344.87
2026-08-12 06:55:00,611.49,611.95,611.38,611.94,760.64
2026-08-12 07:00:00,611.95,612.75,611.9,612.63,2787.43
2026-08-12 07:05:00,612.63,612.63,611.82,612.26,1681.47
2026-08-12 07:10:00,612.27,612.66,612.16,612.17,1499.71
2026-08-12 07:15:00,612.16,612.55,611.99,612.36,691.13
2026-08-12 07:20:00,612.35,612.52,611.98,612.14,671.51
2026-08-12 07:25:00,612.14,612.35,612.07,612.34,496.75
2026-08-12 07:30:00,612.34,612.79,612.23,612.61,804.1
2026-08-12 07:35:00,612.61,612.61,611.68,611.91,1463.61
2026-08-12 07:40:00,611.91,612.01,611.8,611.91,425.01
2026-08-12 07:45:00,611.92,612.08,611.44,612.0,971.81
2026-08-12 07:50:00,612.0,612.08,611.81,612.08,361.57
2026-08-12 07:55:00,612.08,612.76,612.07,612.67,745.67
2026-08-12 08:00:00,612.67,613.37,612.19,613.19,1667.11
2026-08-12 08:05:00,613.19,613.2,612.14,612.24,3395.61
2026-08-12 08:10:00,612.25,612.45,612.06,612.15,1188.39
2026-08-12 08:15:00,612.15,612.6,611.88,612.54,906.42
2026-08-12 08:20:00,612.54,612.92,612.35,612.66,653.93
2026-08-12 08:25:00,612.66,612.76,612.14,612.23,477.65
2026-08-12 08:30:00,612.23,612.23,611.35,611.37,1612.7
2026-08-12 08:35:00,611.36,611.55,610.59,610.99,6978.29
2026-08-12 08:40:00,611.0,611.12,610.37,610.55,1684.02
2026-08-12 08:45:00,610.56,611.2,610.4,611.1,1539.42
2026-08-12 08:50:00,611.11,611.12,610.73,610.92,440.17
2026-08-12 08:55:00,610.92,610.92,610.73,610.85,429.5
2026-08-12 09:00:00,610.85,611.03,610.57,610.88,774.74
2026-08-12 09:05:00,610.88,612.0,610.84,611.94,1304.53
2026-08-12 09:10:00,611.95,612.0,611.57,611.81,1402.66
2026-08-12 09:15:00,611.82,612.42,611.77,612.29,1328.71
2026-08-12 09:20:00,612.28,612.28,611.59,612.09,1161.41
2026-08-12 09:25:00,612.1,612.79,612.1,612.57,1967.14
2026-08-12 09:30:00,612.58,613.29,612.48,612.77,2979.02
2026-08-12 09:35:00,612.78,613.62,612.77,613.48,1004.83
2026-08-12 09:40:00,613.47,613.5,612.97,613.38,927.55
2026-08-12 09:45:00,613.38,613.63,613.23,613.46,740.82
2026-08-12 09:50:00,613.46,613.84,613.29,613.56,1341.19
2026-08-12 09:55:00,613.57,613.99,613.52,613.98,683.02
2026-08-12 10:00:00,613.98,614.66,613.73,613.87,2409.3
2026-08-12 10:05:00,613.88,614.0,613.58,613.7,1237.2
2026-08-12 10:10:00,613.71,614.0,613.58,613.91,1233.02
2026-08-12 10:15:00,613.91,614.0,613.48,613.7,984.04
2026-08-12 10:20:00,613.69,615.17,613.69,614.45,3120.51
2026-08-12 10:25:00,614.44,614.78,614.05,614.21,1437.92
2026-08-12 10:30:00,614.22,614.48,614.16,614.17,888.56
2026-08-12 10:35:00,614.17,614.26,613.9,614.2,913.06
2026-08-12 10:40:00,614.21,614.65,614.13,614.23,813.07
2026-08-12 10:45:00,614.23,614.52,613.93,614.2,1786.9
2026-08-12 10:50:00,614.2,614.59,614.19,614.38,896.86
2026-08-12 10:55:00,614.38,614.38,614.21,614.21,226.65
2026-08-12 11:00:00,614.21,614.56,614.07,614.07,767.28
2026-08-12 11:05:00,614.07,614.07,613.57,613.76,1236.16
2026-08-12 11:10:00,613.75,613.95,613.59,613.94,830.85
2026-08-12 11:15:00,613.95,614.22,613.81,614.18,504.87
2026-08-12 11:20:00,614.17,614.64,614.17,614.57,743.61
2026-08-12 11:25:00,614.57,614.79,614.48,614.78,1591.0
2026-08-12 11:30:00,614.79,614.95,614.41,614.48,738.87
2026-08-12 11:35:00,614.48,614.66,614.35,614.66,190.24
2026-08-12 11:40:00,614.66,614.82,614.43,614.5,631.9
2026-08-12 11:45:00,614.5,614.52,614.29,614.46,921.44
2026-08-12 11:50:00,614.46,615.06,614.41,615.03,1626.2
2026-08-12 11:55:00,615.02,615.09,614.95,615.09,480.02
2026-08-12 12:00:00,615.08,615.2,614.89,615.09,938.68
2026-08-12 12:05:00,615.09,615.15,614.88,615.11,654.03
2026-08-12 12:10:00,615.11,615.22,614.91,615.1,485.8
2026-08-12 12:15:00,615.1,615.87,615.06,615.47,1509.75
2026-08-12 12:20:00,615.47,615.55,614.84,614.84,702.6
2026-08-12 12:25:00,614.85,615.94,614.21,615.18,4679.75
2026-08-12 12:30:00,615.18,615.73,613.1,614.05,12097.33
2026-08-12 12:35:00,614.04,614.31,612.21,612.76,4555.87
2026-08-12 12:40:00,612.75,613.08,611.76,611.81,4420.12
2026-08-12 12:45:00,611.8,612.0,610.0,611.09,7542.03
2026-08-12 12:50:00,611.09,612.59,611.09,612.38,2133.8
2026-08-12 12:55:00,612.38,613.61,612.3,613.11,3656.44
2026-08-12 13:00:00,613.11,613.7,613.05,613.7,1313.52
2026-08-12 13:05:00,613.7,614.0,613.48,613.77,1212.15
2026-08-12 13:10:00,613.76,613.94,612.79,613.3,1371.0
2026-08-12 13:15:00,613.29,613.91,613.29,613.89,896.02
2026-08-12 13:20:00,613.9,614.21,613.75,613.81,769.25
2026-08-12 13:25:00,613.81,613.9,613.37,613.89,684.21
2026-08-12 13:30:00,613.9,613.98,612.84,612.98,1432.33
2026-08-12 13:35:00,612.99,613.64,612.84,613.13,879.16
2026-08-12 13:40:00,613.14,613.32,612.34,613.03,1209.86
2026-08-12 13:45:00,613.03,613.87,612.9,612.93,1320.26
2026-08-12 13:50:00,612.95,613.06,612.58,612.77,1184.45
2026-08-12 13:55:00,612.78,613.07,612.51,612.55,697.38
2026-08-12 14:00:00,612.55,612.55,611.29,611.71,2991.95
2026-08-12 14:05:00,611.7,612.71,611.31,612.68,2057.47
2026-08-12 14:10:00,612.68,614.3,612.55,613.64,2865.76
2026-08-12 14:15:00,613.64,613.88,613.52,613.52,1092.8
2026-08-12 14:20:00,613.53,613.6,612.8,612.93,1202.14
2026-08-12 14:25:00,612.93,613.37,612.06,612.08,4185.49
2026-08-12 14:30:00,612.07,612.39,610.91,611.02,4222.0
2026-08-12 14:35:00,611.02,611.1,609.8,610.62,8358.94
2026-08-12 14:40:00,610.63,611.01,610.07,610.81,1474.07
2026-08-12 14:45:00,610.81,611.45,610.7,611.25,1053.7
2026-08-12 14:50:00,611.25,611.31,610.49,610.49,731.92
2026-08-12 14:55:00,610.49,610.5,609.3,609.69,3540.16
2026-08-12 15:00:00,609.68,610.67,608.9,610.36,2913.84
2026-08-12 15:05:00,610.35,610.91,610.22,610.33,1320.24
2026-08-12 15:10:00,610.34,611.0,610.29,610.91,657.6
2026-08-12 15:15:00,610.91,611.5,610.86,611.36,1019.59
2026-08-12 15:20:00,611.36,611.36,610.26,610.9,746.13
2026-08-12 15:25:00,610.9,610.9,610.41,610.72,668.14
2026-08-12 15:30:00,610.73,611.02,610.0,610.44,1350.74
2026-08-12 15:35:00,610.44,611.14,610.43,610.85,883.63
2026-08-12 15:40:00,610.85,611.22,610.78,611.01,560.84
2026-08-12 15:45:00,611.01,611.2,610.82,611.2,868.97
2026-08-12 15:50:00,611.2,611.52,611.2,611.48,677.99
2026-08-12 15:55:00,611.47,611.76,611.1,611.16,645.26
2026-08-12 16:00:00,611.15,611.39,610.6,611.39,1263.18
2026-08-12 16:05:00,611.39,611.42,610.85,610.96,353.8
2026-08-12 16:10:00,610.97,611.08,610.41,611.08,970.96
2026-08-12 16:15:00,611.07,611.41,610.73,611.11,1577.31
2026-08-12 16:20:00,611.11,611.16,610.82,610.94,561.68
2026-08-12 16:25:00,610.94,611.27,610.9,611.23,563.03
2026-08-12 16:30:00,611.23,611.24,610.82,610.83,587.84
2026-08-12 16:35:00,610.82,611.2,610.82,610.95,421.38
2026-08-12 16:40:00,610.96,611.09,610.68,610.83,598.24
2026-08-12 16:45:00,610.83,610.84,610.47,610.5,577.75
2026-08-12 16:50:00,610.49,610.91,610.49,610.6,477.07
2026-08-12 16:55:00,610.6,610.79,610.49,610.56,344.76
2026-08-12 17:00:00,610.56,611.12,610.48,610.96,1368.48
2026-08-12 17:05:00,610.95,611.5,610.95,611.37,540.23
2026-08-12 17:10:00,611.37,611.63,611.09,611.61,606.89
2026-08-12 17:15:00,611.6,611.66,611.19,611.44,579.38
2026-08-12 17:20:00,611.44,611.45,610.65,611.09,980.54
2026-08-12 17:25:00,611.09,611.14,610.85,611.14,379.81
2026-08-12 17:30:00,611.13,611.45,610.91,611.41,568.22
2026-08-12 17:35:00,611.41,612.0,611.4,611.48,1481.41
2026-08-12 17:40:00,611.48,611.52,611.36,611.36,671.97
2026-08-12 17:45:00,611.36,611.36,611.13,611.19,410.71
2026-08-12 17:50:00,611.19,611.31,610.92,610.93,425.13
2026-08-12 17:55:00,610.92,611.05,610.88,610.88,194.51
2026-08-12 18:00:00,610.88,610.89,610.17,610.75,1349.48
2026-08-12 18:05:00,610.74,610.75,610.2,610.25,833.05
2026-08-12 18:10:00,610.26,610.91,610.25,610.75,314.45
2026-08-12 18:15:00,610.75,610.75,610.18,610.33,506.24
2026-08-12 18:20:00,610.33,610.63,610.06,610.62,519.54
2026-08-12 18:25:00,610.63,611.1,610.59,611.0,821.99
2026-08-12 18:30:00,611.0,611.44,610.8,611.41,875.43
2026-08-12 18:35:00,611.41,611.41,611.15,611.16,330.66
2026-08-12 18:40:00,611.16,611.16,610.87,610.99,361.55
2026-08-12 18:45:00,611.0,611.05,610.85,611.02,227.84
2026-08-12 18:50:00,611.02,611.02,610.45,610.5,283.47
2026-08-12 18:55:00,610.49,610.66,610.47,610.56,228.4
2026-08-12 19:00:00,610.57,610.67,610.49,610.61,332.22
2026-08-12 19:05:00,610.6,610.94,610.6,610.94,182.51
2026-08-12 19:10:00,610.93,611.13,610.39,610.42,557.27
2026-08-12 19:15:00,610.42,610.73,610.35,610.59,393.01
2026-08-12 19:20:00,610.59,610.69,610.1,610.11,402.09
2026-08-12 19:25:00,610.11,610.18,609.83,610.03,1100.79
2026-08-12 19:30:00,610.02,610.02,609.68,609.87,697.34
2026-08-12 19:35:00,609.86,609.86,609.54,609.59,294.91
2026-08-12 19:40:00,609.59,609.77,609.29,609.44,1330.45
2026-08-12 19:45:00,609.43,609.69,609.34,609.41,584.71
2026-08-12 19:50:00,609.42,609.69,609.25,609.68,411.83
2026-08-12 19:55:00,609.69,610.09,609.53,609.97,497.63
2026-08-12 20:00:00,609.98,611.07,609.93,611.06,1181.43
2026-08-12 20:05:00,611.06,611.32,610.65,610.84,1292.86
2026-08-12 20:10:00,610.85,611.11,610.62,610.83,647.97
2026-08-12 20:15:00,610.83,610.94,610.62,610.85,346.74
2026-08-12 20:20:00,610.85,611.55,610.84,611.22,934.33
2026-08-12 20:25:00,611.21,611.97,611.21,611.69,778.29
2026-08-12 20:30:00,611.69,612.38,611.69,612.18,1139.95
2026-08-12 20:35:00,612.17,612.34,612.03,612.04,686.02
2026-08-12 20:40:00,612.05,612.1,612.04,612.09,117.17
2026-08-12 20:45:00,612.09,612.1,611.6,611.6,448.53
2026-08-12 20:50:00,611.6,611.65,611.6,611.6,232.06
2026-08-12 20:55:00,611.6,612.05,611.59,612.04,287.81
2026-08-12 21:00:00,612.05,612.5,612.05,612.21,402.06
2026-08-12 21:05:00,612.21,612.21,611.89,612.08,321.72
2026-08-12 21:10:00,612.07,612.16,611.41,611.41,617.43
2026-08-12 21:15:00,611.42,611.7,611.42,611.52,704.34
2026-08-12 21:20:00,611.52,611.62,610.73,610.85,435.37
2026-08-12 21:25:00,610.86,610.88,609.09,609.77,2774.85
2026-08-12 21:30:00,609.77,610.25,609.25,610.25,636.13
2026-08-12 21:35:00,610.25,610.25,609.95,610.25,357.43
2026-08-12 21:40:00,610.25,610.73,610.25,610.64,627.28
2026-08-12 21:45:00,610.64,611.06,610.64,610.82,250.19
2026-08-12 21:50:00,610.83,610.96,610.67,610.81,483.51
2026-08-12 21:55:00,610.81,610.86,609.69,610.0,531.59
2026-08-12 22:00:00,610.01,610.37,609.42,610.14,1089.07
2026-08-12 22:05:00,610.15,610.5,610.14,610.4,402.13
2026-08-12 22:10:00,610.4,610.98,610.36,610.44,430.06
2026-08-12 22:15:00,610.45,610.82,610.45,610.81,236.68
2026-08-12 22:20:00,610.82,610.98,610.54,610.97,262.34
2026-08-12 22:25:00,610.97,610.97,610.73,610.88,244.68
2026-08-12 22:30:00,610.87,610.87,610.5,610.63,349.53
2026-08-12 22:35:00,610.62,610.73,610.4,610.48,344.62
2026-08-12 22:40:00,610.48,610.57,610.16,610.18,247.68
2026-08-12 22:45:00,610.17,610.31,609.97,610.03,451.52
2026-08-12 22:50:00,610.03,610.18,609.88,610.18,396.79
2026-08-12 22:55:00,610.18,610.24,609.93,610.2,297.17
2026-08-12 23:00:00,610.19,610.4,610.14,610.31,643.63
2026-08-12 23:05:00,610.31,610.32,609.83,610.19,591.59
2026-08-12 23:10:00,610.19,610.3,610.0,610.26,293.88
2026-08-12 23:15:00,610.26,610.58,610.26,610.58,426.63
2026-08-12 23:20:00,610.58,610.67,609.94,610.06,1011.09
2026-08-12 23:25:00,610.06,610.54,610.05,610.53,406.39
2026-08-12 23:30:00,610.52,611.09,610.52,611.09,802.2
2026-08-12 23:35:00,611.1,611.2,610.81,611.06,342.02
2026-08-12 23:40:00,611.06,611.09,610.58,610.59,485.67
2026-08-12 23:45:00,610.58,610.79,610.44,610.66,243.63
2026-08-12 23:50:00,610.65,610.69,610.38,610.5,1020.05
2026-08-12 23:55:00,610.5,610.73,610.35,610.7,507.31
2026-08-13 00:00:00,610.7,610.93,610.57,610.83,766.55
2026-08-13 00:05:00,610.83,611.53,610.82,611.53,744.64
2026-08-13 00:10:00,611.52,611.64,611.42,611.62,610.67
2026-08-13 00:15:00,611.62,612.0,611.55,611.58,932.2
2026-08-13 00:20:00,611.57,611.73,610.9,610.91,1351.28
2026-08-13 00:25:00,610.91,611.38,610.9,611.33,419.3
2026-08-13 00:30:00,611.33,611.34,610.72,611.05,700.23
2026-08-13 00:35:00,611.05,611.06,610.85,610.9,263.52
2026-08-13 00:40:00,610.9,610.91,610.19,610.27,839.82
2026-08-13 00:45:00,610.28,611.08,610.25,610.97,413.76
2026-08-13 00:50:00,610.97,611.19,610.94,610.95,258.17
2026-08-13 00:55:00,610.95,611.1,610.85,610.93,341.78
2026-08-13 01:00:00,610.93,611.4,610.65,611.4,1551.13
2026-08-13 01:05:00,611.39,611.6,611.39,611.6,317.58
2026-08-13 01:10:00,611.61,611.91,611.4,611.66,865.16
2026-08-13 01:15:00,611.67,611.99,611.13,611.22,962.72
2026-08-13 01:20:00,611.22,611.41,610.64,610.7,541.09
2026-08-13 01:25:00,610.69,610.69,610.18,610.18,737.0
2026-08-13 01:30:00,610.19,610.85,610.13,610.84,456.27
2026-08-13 01:35:00,610.85,611.59,610.85,611.58,450.53
2026-08-13 01:40:00,611.57,611.58,610.73,610.73,384.88
2026-08-13 01:45:00,610.73,610.96,610.51,610.73,430.05
2026-08-13 01:50:00,610.73,611.67,610.73,611.58,480.63
2026-08-13 01:55:00,611.59,611.77,611.37,611.37,1356.77
2026-08-13 02:00:00,611.37,611.38,610.89,611.01,961.69
2026-08-13 02:05:00,611.01,611.31,610.73,611.31,544.15
2026-08-13 02:10:00,611.31,611.32,610.83,611.25,645.02
2026-08-13 02:15:00,611.25,611.52,611.25,611.42,564.21
2026-08-13 02:20:00,611.43,611.7,611.11,611.24,657.74
2026-08-13 02:25:00,611.23,611.57,611.23,611.45,189.08
2026-08-13 02:30:00,611.45,611.46,610.35,610.72,877.17
2026-08-13 02:35:00,610.73,610.8,610.31,610.44,687.18
2026-08-13 02:40:00,610.44,610.73,610.3,610.72,543.21
2026-08-13 02:45:00,610.73,610.91,610.44,610.81,510.58
2026-08-13 02:50:00,610.81,611.2,610.79,611.19,390.65
2026-08-13 02:55:00,611.2,611.6,611.19,611.38,501.41
2026-08-13 03:00:00,611.39,611.45,610.74,610.99,479.22
2026-08-13 03:05:00,610.99,611.09,610.77,610.77,453.91
2026-08-13 03:10:00,610.77,611.53,610.72,611.52,392.3
2026-08-13 03:15:00,611.52,611.97,611.21,611.71,1125.54
2026-08-13 03:20:00,611.72,612.0,611.57,611.91,1007.82
2026-08-13 03:25:00,611.9,612.0,611.72,611.85,458.61
2026-08-13 03:30:00,611.86,612.5,611.8,612.26,1046.73
2026-08-13 03:35:00,612.26,612.5,612.2,612.5,1207.5
2026-08-13 03:40:00,612.5,612.59,612.14,612.15,503.64
2026-08-13 03:45:00,612.16,612.23,611.89,612.01,471.21
2026-08-13 03:50:00,612.0,612.17,611.88,611.89,845.84
2026-08-13 03:55:00,611.9,612.74,611.81,612.52,1123.01
2026-08-13 04:00:00,612.52,612.85,612.46,612.55,1836.65
2026-08-13 04:05:00,612.54,612.61,612.44,612.6,671.69
2026-08-13 04:10:00,612.6,613.3,612.6,612.99,1349.87
2026-08-13 04:15:00,612.99,612.99,612.71,612.91,738.07
2026-08-13 04:20:00,612.91,612.94,612.01,612.01,835.65
2026-08-13 04:25:00,612.02,612.25,612.0,612.03,430.5
2026-08-13 04:30:00,612.04,612.48,612.04,612.48,570.39
2026-08-13 04:35:00,612.48,612.68,612.28,612.28,1145.19
2026-08-13 04:40:00,612.28,612.79,612.27,612.58,895.24
2026-08-13 04:45:00,612.59,612.95,612.34,612.46,523.25
2026-08-13 04:50:00,612.46,612.8,612.46,612.8,440.31
2026-08-13 04:55:00,612.8,612.91,612.74,612.75,329.47
2026-08-13 05:00:00,612.75,613.33,612.75,613.32,628.79
2026-08-13 05:05:00,613.32,614.93,613.18,614.52,4396.38
2026-08-13 05:10:00,614.51,614.69,614.42,614.52,968.29
2026-08-13 05:15:00,614.52,615.23,614.48,614.79,2324.68
2026-08-13 05:20:00,614.78,615.02,614.63,614.74,1375.19
2026-08-13 05:25:00,614.74,614.75,614.08,614.56,988.43
2026-08-13 05:30:00,614.56,614.65,614.26,614.27,1627.23
2026-08-13 05:35:00,614.27,614.48,614.24,614.35,1235.0
2026-08-13 05:40:00,614.35,614.35,613.96,613.97,538.41
2026-08-13 05:45:00,613.97,613.97,613.45,613.63,528.18
2026-08-13 05:50:00,613.63,614.58,613.52,614.58,1431.66
2026-08-13 05:55:00,614.59,614.82,614.08,614.08,628.19
2026-08-13 06:00:00,614.09,614.09,612.93,613.03,1669.25
2026-08-13 06:05:00,613.02,614.02,612.76,613.91,3217.63
2026-08-13 06:10:00,613.9,613.99,613.59,613.68,969.79
2026-08-13 06:15:00,613.68,613.93,613.54,613.75,599.32
2026-08-13 06:20:00,613.75,613.75,613.3,613.31,804.88
2026-08-13 06:25:00,613.3,613.3,612.62,612.78,2457.31
2026-08-13 06:30:00,612.78,612.84,611.53,611.81,3225.66
2026-08-13 06:35:00,611.81,612.0,611.01,611.08,2278.58
2026-08-13 06:40:00,611.08,611.44,611.02,611.16,1296.1
2026-08-13 06:45:00,611.16,612.09,611.16,612.05,1015.92
2026-08-13 06:50:00,612.05,612.63,612.04,612.59,620.38
2026-08-13 06:55:00,612.58,612.94,612.55,612.85,932.75
2026-08-13 07:00:00,612.86,613.23,612.85,612.92,1069.1
2026-08-13 07:05:00,612.91,613.9,612.91,613.9,1776.98
2026-08-13 07:10:00,613.89,614.05,613.49,613.9,1445.65
2026-08-13 07:15:00,613.91,614.22,613.68,613.68,1221.16
2026-08-13 07:20:00,613.67,613.84,613.61,613.8,441.42
2026-08-13 07:25:00,613.79,614.11,613.6,613.93,616.49
2026-08-13 07:30:00,613.94,614.03,613.83,614.0,840.57
2026-08-13 07:35:00,614.0,614.01,613.78,613.9,339.48
2026-08-13 07:40:00,613.9,614.36,613.89,614.21,994.23
2026-08-13 07:45:00,614.21,614.22,613.87,613.96,455.27
2026-08-13 07:50:00,613.96,614.01,613.8,613.81,339.6
2026-08-13 07:55:00,613.8,613.88,613.63,613.88,343.29
2026-08-13 08:00:00,613.87,614.0,613.71,613.88,984.53
2026-08-13 08:05:00,613.88,613.89,613.52,613.67,434.8
2026-08-13 08:10:00,613.68,613.85,613.31,613.46,601.47
2026-08-13 08:15:00,613.45,613.7,613.45,613.5,446.51
2026-08-13 08:20:00,613.5,613.65,613.41,613.63,544.24
2026-08-13 08:25:00,613.63,614.25,613.63,613.94,1230.94
2026-08-13 08:30:00,613.94,614.34,613.93,614.26,493.51
2026-08-13 08:35:00,614.26,614.5,614.21,614.42,532.9
2026-08-13 08:40:00,614.42,614.5,614.32,614.5,564.57
2026-08-13 08:45:00,614.5,614.64,614.07,614.41,1888.87
2026-08-13 08:50:00,614.41,614.59,614.2,614.29,3048.76
2026-08-13 08:55:00,614.29,614.51,614.22,614.37,904.92
2026-08-13 09:00:00,614.37,614.46,614.08,614.08,337.95
2026-08-13 09:05:00,614.08,614.09,613.31,613.31,1312.82
2026-08-13 09:10:00,613.31,613.46,612.75,612.87,2536.77
2026-08-13 09:15:00,612.87,613.37,612.61,613.37,789.61
2026-08-13 09:20:00,613.37,613.37,612.39,612.4,1005.35
2026-08-13 09:25:00,612.39,612.54,612.1,612.37,1129.5
2026-08-13 09:30:00,612.37,612.52,612.09,612.1,716.97
2026-08-13 09:35:00,612.1,612.1,611.76,611.99,794.12
2026-08-13 09:40:00,611.99,612.05,611.8,611.87,454.44
2026-08-13 09:45:00,611.88,612.16,611.82,611.97,560.47
2026-08-13 09:50:00,611.97,612.7,611.83,612.35,1617.85
2026-08-13 09:55:00,612.35,612.49,612.23,612.32,477.04
2026-08-13 10:00:00,612.32,612.42,611.11,611.47,1952.59
2026-08-13 10:05:00,611.48,612.05,611.12,611.29,2058.03
2026-08-13 10:10:00,611.29,611.58,611.19,611.34,775.26
2026-08-13 10:15:00,611.35,611.62,611.29,611.57,472.15
2026-08-13 10:20:00,611.57,611.85,611.46,611.64,552.06
2026-08-13 10:25:00,611.65,611.76,610.7,610.89,1155.38
2026-08-13 10:30:00,610.9,610.99,610.54,610.55,855.62
2026-08-13 10:35:00,610.54,610.97,610.54,610.65,2565.61
2026-08-13 10:40:00,610.65,611.1,610.63,610.8,761.9
2026-08-13 10:45:00,610.81,611.27,610.79,610.88,717.22
2026-08-13 10:50:00,610.88,611.47,610.85,610.9,1566.26
2026-08-13 10:55:00,610.89,611.15,610.64,610.77,1732.67
2026-08-13 11:00:00,610.77,611.09,610.77,610.87,1444.52
2026-08-13 11:05:00,610.87,610.99,610.63,610.8,662.62
2026-08-13 11:10:00,610.8,611.53,610.67,611.43,1426.78
2026-08-13 11:15:00,611.43,611.43,611.11,611.29,394.19
2026-08-13 11:20:00,611.29,611.29,610.65,610.73,729.82
2026-08-13 11:25:00,610.74,610.82,610.5,610.55,762.74
2026-08-13 11:30:00,610.56,610.56,608.02,608.76,10947.53
2026-08-13 11:35:00,608.74,609.09,608.24,608.94,2992.13
2026-08-13 11:40:00,608.94,609.14,608.74,609.02,1377.16
2026-08-13 11:45:00,609.02,609.34,608.94,609.32,658.52
2026-08-13 11:50:00,609.31,609.32,608.9,609.01,616.24
2026-08-13 11:55:00,609.01,609.32,608.91,609.17,641.53
2026-08-13 12:00:00,609.17,609.29,608.7,609.29,1438.89
2026-08-13 12:05:00,609.28,610.02,609.24,610.0,1488.1
2026-08-13 12:10:00,610.0,610.06,608.98,609.22,2177.84
2026-08-13 12:15:00,609.23,609.3,608.78,608.96,1147.05
2026-08-13 12:20:00,608.97,609.29,608.86,609.14,2270.1
2026-08-13 12:25:00,609.13,609.76,609.09,609.63,698.33
2026-08-13 12:30:00,609.62,610.57,608.93,609.93,2322.0
2026-08-13 12:35:00,609.93,610.23,609.84,609.85,1668.35
2026-08-13 12:40:00,609.84,609.94,609.43,609.76,1639.26
2026-08-13 12:45:00,609.77,609.96,609.4,609.95,782.33
2026-08-13 12:50:00,609.96,610.05,609.79,609.91,650.57
2026-08-13 12:55:00,609.91,610.24,609.6,610.05,1353.61
2026-08-13 13:00:00,610.05,610.46,609.84,610.3,1208.49
2026-08-13 13:05:00,610.31,610.75,610.12,610.39,1188.5
2026-08-13 13:10:00,610.38,610.41,609.72,609.9,6006.26
2026-08-13 13:15:00,609.9,610.46,609.76,610.44,1176.99
2026-08-13 13:20:00,610.43,610.43,609.89,609.9,991.74
2026-08-13 13:25:00,609.89,610.3,609.79,610.19,584.97
2026-08-13 13:30:00,610.19,610.39,609.54,610.39,1273.63
2026-08-13 13:35:00,610.4,611.22,610.39,611.22,1274.63
2026-08-13 13:40:00,611.22,611.79,610.98,611.11,952.63
2026-08-13 13:45:00,611.12,611.42,610.58,611.38,885.92
2026-08-13 13:50:00,611.38,611.39,611.01,611.09,745.0
2026-08-13 13:55:00,611.09,611.1,610.75,610.92,838.09
2026-08-13 14:00:00,610.92,611.03,610.52,610.89,1112.75
2026-08-13 14:05:00,610.89,611.41,610.86,611.03,1226.37
2026-08-13 14:10:00,611.03,611.88,611.01,611.2,616.21
2026-08-13 14:15:00,611.2,611.39,610.85,610.86,1096.15
2026-08-13 14:20:00,610.85,611.19,610.29,610.64,2735.32
2026-08-13 14:25:00,610.65,610.73,610.0,610.22,1444.46
2026-08-13 14:30:00,610.22,611.22,610.05,611.19,917.47
2026-08-13 14:35:00,611.19,611.75,611.16,611.16,973.6
2026-08-13 14:40:00,611.17,611.25,610.63,611.08,1426.04
2026-08-13 14:45:00,611.07,611.11,610.23,610.33,1162.69
2026-08-13 14:50:00,610.33,610.61,610.16,610.28,888.8
2026-08-13 14:55:00,610.28,610.38,610.07,610.08,677.6
2026-08-13 15:00:00,610.08,610.65,610.08,610.17,876.22
2026-08-13 15:05:00,610.18,610.24,609.61,609.79,1269.44
2026-08-13 15:10:00,609.78,610.17,609.78,609.89,797.22
2026-08-13 15:15:00,609.88,610.47,609.6,610.29,530.39
2026-08-13 15:20:00,610.28,610.54,609.89,610.01,842.35
2026-08-13 15:25:00,610.01,610.01,608.13,608.46,2890.5
2026-08-13 15:30:00,608.46,608.55,606.6,608.31,6892.78
2026-08-13 15:35:00,608.3,609.53,608.3,609.52,1279.13
2026-08-13 15:40:00,609.53,609.73,609.18,609.18,1537.06
2026-08-13 15:45:00,609.19,609.19,608.51,608.84,1197.12
2026-08-13 15:50:00,608.84,609.13,608.42,608.87,705.72
2026-08-13 15:55:00,608.88,608.98,607.7,607.73,2384.69
2026-08-13 16:00:00,607.72,608.23,607.21,608.23,3271.68
2026-08-13 16:05:00,608.22,608.55,607.64,607.95,1991.84
2026-08-13 16:10:00,607.96,608.75,607.9,608.36,2007.66
2026-08-13 16:15:00,608.35,609.0,608.28,608.95,1043.14
2026-08-13 16:20:00,608.94,609.81,608.46,609.11,2622.54
2026-08-13 16:25:00,609.11,609.3,607.58,608.0,5179.87
2026-08-13 16:30:00,608.01,608.99,608.0,608.79,1420.83
2026-08-13 16:35:00,608.79,608.96,606.26,606.97,4717.06
2026-08-13 16:40:00,606.98,607.29,605.03,606.91,9064.76
2026-08-13 16:45:00,606.91,607.89,605.95,607.64,4202.4
2026-08-13 16:50:00,607.64,607.92,606.66,607.09,1787.69
2026-08-13 16:55:00,607.08,607.76,607.08,607.58,1284.75
2026-08-13 17:00:00,607.59,608.3,607.44,608.12,1066.45
2026-08-13 17:05:00,608.11,608.5,608.0,608.49,757.9
2026-08-13 17:10:00,608.49,608.77,608.3,608.33,969.02
2026-08-13 17:15:00,608.33,608.46,607.84,607.84,1044.05
2026-08-13 17:20:00,607.85,608.4,607.84,608.27,630.41
2026-08-13 17:25:00,608.27,608.48,607.87,607.87,503.02
2026-08-13 17:30:00,607.87,608.38,607.87,607.92,815.42
2026-08-13 17:35:00,607.92,608.0,607.64,607.9,426.18
2026-08-13 17:40:00,607.9,608.74,607.9,608.73,667.31
2026-08-13 17:45:00,608.73,608.91,608.67,608.78,445.05
2026-08-13 17:50:00,608.78,608.84,608.5,608.64,557.44
2026-08-13 17:55:00,608.64,608.64,608.33,608.34,416.26
2026-08-13 18:00:00,608.34,608.77,608.1,608.62,614.77
2026-08-13 18:05:00,608.62,608.62,608.19,608.19,329.56
2026-08-13 18:10:00,608.19,608.53,607.75,608.11,1493.22
2026-08-13 18:15:00,608.11,608.94,608.11,608.94,335.11
2026-08-13 18:20:00,608.93,609.0,608.2,608.25,974.89
2026-08-13 18:25:00,608.25,608.51,607.95,608.12,1183.12
2026-08-13 18:30:00,608.13,608.63,608.03,608.03,592.0
2026-08-13 18:35:00,608.02,608.64,607.89,608.43,415.96
2026-08-13 18:40:00,608.42,609.38,608.42,609.21,1278.32
2026-08-13 18:45:00,609.21,609.57,609.03,609.16,607.53
2026-08-13 18:50:00,609.17,609.88,609.16,609.61,827.73
2026-08-13 18:55:00,609.6,609.91,609.54,609.54,330.65
2026-08-13 19:00:00,609.55,609.79,609.39,609.53,661.14
2026-08-13 19:05:00,609.54,610.53,609.53,610.33,1621.85
2026-08-13 19:10:00,610.34,610.34,609.6,609.69,1214.61
2026-08-13 19:15:00,609.68,609.88,609.45,609.82,386.36
2026-08-13 19:20:00,609.83,610.0,609.6,609.61,600.94
2026-08-13 19:25:00,609.61,609.69,609.41,609.68,400.01
2026-08-13 19:30:00,609.69,609.95,609.51,609.9,337.85
2026-08-13 19:35:00,609.9,610.16,609.82,610.16,413.89
2026-08-13 19:40:00,610.16,610.2,609.51,609.73,1781.55
2026-08-13 19:45:00,609.72,610.23,609.72,610.11,1194.43
2026-08-13 19:50:00,610.11,610.11,609.7,609.94,314.36
2026-08-13 19:55:00,609.95,610.14,609.63,609.99,1679.58
2026-08-13 20:00:00,609.99,610.0,609.73,609.91,830.35
2026-08-13 20:05:00,609.91,610.22,609.73,610.08,872.45
2026-08-13 20:10:00,610.09,610.5,609.73,610.49,1061.5
2026-08-13 20:15:00,610.49,611.25,610.38,611.19,1817.69
2026-08-13 20:20:00,611.2,611.24,610.84,611.01,493.07
2026-08-13 20:25:00,611.0,611.19,610.91,611.1,383.38
2026-08-13 20:30:00,611.1,611.2,611.01,611.14,474.32
2026-08-13 20:35:00,611.14,611.15,610.67,610.8,747.21
2026-08-13 20:40:00,610.8,610.81,610.54,610.64,199.39
2026-08-13 20:45:00,610.63,610.84,610.48,610.84,232.37
2026-08-13 20:50:00,610.84,610.91,610.6,610.73,204.49
2026-08-13 20:55:00,610.72,611.01,610.5,610.59,1486.17
2026-08-13 21:00:00,610.59,610.89,610.55,610.88,329.52
2026-08-13 21:05:00,610.89,611.06,610.67,610.91,796.73
2026-08-13 21:10:00,610.91,611.13,610.91,611.07,304.54
2026-08-13 21:15:00,611.08,611.18,610.95,611.03,333.52
2026-08-13 21:20:00,611.02,611.55,610.95,611.32,689.21
2026-08-13 21:25:00,611.31,611.57,611.31,611.56,275.84
2026-08-13 21:30:00,611.57,611.7,611.48,611.58,718.77
2026-08-13 21:35:00,611.58,611.59,611.28,611.38,420.39
2026-08-13 21:40:00,611.38,611.99,611.11,611.67,1706.12
2026-08-13 21:45:00,611.67,611.68,611.38,611.59,282.04
2026-08-13 21:50:00,611.6,611.6,610.94,610.96,1364.54
2026-08-13 21:55:00,610.96,611.17,610.93,611.17,230.11
2026-08-13 22:00:00,611.18,611.73,611.18,611.72,771.32
2026-08-13 22:05:00,611.72,612.0,611.55,611.58,1153.3
2026-08-13 22:10:00,611.58,611.8,611.57,611.57,234.98
2026-08-13 22:15:00,611.57,611.75,611.35,611.35,315.96
2026-08-13 22:20:00,611.35,611.52,611.12,611.43,497.01
2026-08-13 22:25:00,611.43,611.8,611.2,611.55,1504.22
2026-08-13 22:30:00,611.55,611.56,611.35,611.52,324.17
2026-08-13 22:35:00,611.52,611.53,611.34,611.35,190.46
2026-08-13 22:40:00,611.34,611.35,611.16,611.24,326.38
2026-08-13 22:45:00,611.24,611.38,611.24,611.35,216.93
2026-08-13 22:50:00,611.34,611.44,611.34,611.43,277.61
2026-08-13 22:55:00,611.44,611.44,610.89,611.0,1389.12
2026-08-13 23:00:00,611.01,611.16,610.68,610.71,848.47
2026-08-13 23:05:00,610.71,610.82,610.7,610.81,235.9
2026-08-13 23:10:00,610.82,610.91,610.73,610.8,303.14
2026-08-13 23:15:00,610.79,611.15,610.79,611.14,298.28
2026-08-13 23:20:00,611.15,611.38,611.14,611.23,289.4
2026-08-13 23:25:00,611.24,611.26,611.16,611.21,164.6
2026-08-13 23:30:00,611.22,611.35,611.21,611.35,138.88
2026-08-13 23:35:00,611.35,611.35,611.08,611.18,519.21
2026-08-13 23:40:00,611.18,611.42,611.0,611.41,919.45
2026-08-13 23:45:00,611.42,611.42,610.8,610.86,1109.7
2026-08-13 23:50:00,610.86,611.0,610.59,610.6,834.23
2026-08-13 23:55:00,610.6,610.89,610.59,610.89,848.59
2026-08-14 00:00:00,610.89,611.48,610.89,611.42,1355.62
2026-08-14 00:05:00,611.42,611.46,611.04,611.26,485.04
2026-08-14 00:10:00,611.26,611.26,611.17,611.26,179.47
2026-08-14 00:15:00,611.26,611.51,611.16,611.4,987.81
2026-08-14 00:20:00,611.4,611.75,611.39,611.64,717.28
2026-08-14 00:25:00,611.64,611.64,610.96,611.12,1647.29
2026-08-14 00:30:00,611.13,611.27,610.93,611.0,972.61
2026-08-14 00:35:00,611.0,611.26,610.99,611.05,554.07
2026-08-14 00:40:00,611.05,611.31,610.86,611.11,1811.57
2026-08-14 00:45:00,611.11,611.32,610.63,610.82,1958.3
2026-08-14 00:50:00,610.81,611.1,610.7,611.09,238.45
2026-08-14 00:55:00,611.1,611.28,611.01,611.28,148.58
2026-08-14 01:00:00,611.28,611.31,611.1,611.28,392.5
2026-08-14 01:05:00,611.31,611.41,610.99,610.99,523.64
2026-08-14 01:10:00,611.0,611.0,610.37,610.53,572.31
2026-08-14 01:15:00,610.54,610.63,610.39,610.48,261.93
2026-08-14 01:20:00,610.49,611.19,610.48,611.1,382.59
2026-08-14 01:25:00,611.1,611.43,610.92,610.98,916.29
2026-08-14 01:30:00,610.99,611.16,610.55,611.16,610.86
2026-08-14 01:35:00,611.16,611.25,611.0,611.15,535.72
2026-08-14 01:40:00,611.14,611.53,611.14,611.39,455.48
2026-08-14 01:45:00,611.4,611.4,611.1,611.28,1462.91
2026-08-14 01:50:00,611.28,611.34,611.16,611.16,619.79
2026-08-14 01:55:00,611.15,611.45,611.01,611.44,479.75
2026-08-14 02:00:00,611.44,611.62,611.4,611.62,669.53
2026-08-14 02:05:00,611.62,612.08,611.61,611.79,969.17
2026-08-14 02:10:00,611.79,611.89,611.32,611.33,335.98
2026-08-14 02:15:00,611.32,611.34,610.63,610.64,491.43
2026-08-14 02:20:00,610.64,610.64,610.4,610.41,707.16
2026-08-14 02:25:00,610.4,610.4,610.13,610.14,698.46
2026-08-14 02:30:00,610.13,610.8,610.13,610.8,594.06
2026-08-14 02:35:00,610.8,611.07,610.75,611.07,586.37
2026-08-14 02:40:00,611.08,611.95,611.08,611.8,1362.64
2026-08-14 02:45:00,611.8,612.7,611.8,612.52,1407.9
2026-08-14 02:50:00,612.52,612.65,612.23,612.65,522.85
2026-08-14 02:55:00,612.66,612.69,612.16,612.57,590.6
2026-08-14 03:00:00,612.57,612.75,612.2,612.38,1197.01
2026-08-14 03:05:00,612.36,612.62,612.26,612.41,716.02
2026-08-14 03:10:00,612.4,612.57,612.22,612.56,490.64
2026-08-14 03:15:00,612.57,613.26,612.25,613.05,1963.36
2026-08-14 03:20:00,613.05,613.05,612.37,612.47,558.4
2026-08-14 03:25:00,612.48,612.5,612.27,612.36,350.12
2026-08-14 03:30:00,612.37,612.6,612.16,612.28,1385.4
2026-08-14 03:35:00,612.29,612.29,612.16,612.2,647.82
2026-08-14 03:40:00,612.21,612.21,611.98,612.0,591.0
2026-08-14 03:45:00,612.01,612.19,611.6,611.65,625.16
2026-08-14 03:50:00,611.65,611.89,611.5,611.89,803.3
2026-08-14 03:55:00,611.89,611.98,611.89,611.95,250.87
2026-08-14 04:00:00,611.95,612.58,611.76,612.47,914.51
2026-08-14 04:05:00,612.48,612.8,612.47,612.8,677.35
2026-08-14 04:10:00,612.8,612.88,612.34,612.44,588.07
2026-08-14 04:15:00,612.43,612.58,612.43,612.55,366.07
2026-08-14 04:20:00,612.55,612.55,612.07,612.08,343.02
2026-08-14 04:25:00,612.07,612.08,611.72,611.94,943.48
2026-08-14 04:30:00,611.94,612.09,611.81,612.08,368.43
2026-08-14 04:35:00,612.08,612.09,612.07,612.08,170.67
2026-08-14 04:40:00,612.09,612.32,611.91,611.91,307.48
2026-08-14 04:45:00,611.91,611.92,611.57,611.58,374.89
2026-08-14 04:50:00,611.58,611.59,611.35,611.35,247.55
2026-08-14 04:55:00,611.36,611.36,610.86,610.9,751.03
2026-08-14 05:00:00,610.89,611.37,610.89,611.23,562.1
2026-08-14 05:05:00,611.23,611.24,610.75,610.76,503.63
2026-08-14 05:10:00,610.75,610.76,610.5,610.76,669.33
2026-08-14 05:15:00,610.76,610.97,610.56,610.69,542.47
2026-08-14 05:20:00,610.68,610.88,610.35,610.47,602.36
2026-08-14 05:25:00,610.47,610.71,610.44,610.6,477.69
2026-08-14 05:30:00,610.59,610.63,610.35,610.47,456.47
2026-08-14 05:35:00,610.47,610.56,610.39,610.55,222.9
2026-08-14 05:40:00,610.55,610.68,610.55,610.59,252.61
2026-08-14 05:45:00,610.59,610.68,610.55,610.57,417.36
2026-08-14 05:50:00,610.58,610.76,610.44,610.57,513.55
2026-08-14 05:55:00,610.57,610.77,610.54,610.54,773.42
2026-08-14 06:00:00,610.55,610.55,610.0,610.26,1911.93
2026-08-14 06:05:00,610.25,610.28,610.18,610.22,373.82
2026-08-14 06:10:00,610.23,610.23,609.58,609.72,1332.31
2026-08-14 06:15:00,609.72,609.75,609.18,609.23,1054.33
2026-08-14 06:20:00,609.22,609.24,608.75,608.75,1250.45
2026-08-14 06:25:00,608.75,608.76,608.28,608.29,831.62
2026-08-14 06:30:00,608.29,608.89,608.28,608.72,1862.2
2026-08-14 06:35:00,608.72,608.84,608.11,608.27,906.31
2026-08-14 06:40:00,608.28,609.34,608.02,608.43,3243.95
2026-08-14 06:45:00,608.43,608.91,608.42,608.74,1011.05
2026-08-14 06:50:00,608.74,609.19,608.5,608.79,3783.81
2026-08-14 06:55:00,608.8,609.09,608.65,608.65,770.24
2026-08-14 07:00:00,608.65,609.13,608.42,609.13,857.15
2026-08-14 07:05:00,609.12,609.51,609.03,609.12,1088.49
2026-08-14 07:10:00,609.13,609.38,609.12,609.22,316.34
2026-08-14 07:15:00,609.22,609.32,609.12,609.29,307.56
2026-08-14 07:20:00,609.29,609.34,609.28,609.34,277.04
2026-08-14 07:25:00,609.34,609.41,609.23,609.34,171.94
2026-08-14 07:30:00,609.34,609.34,608.66,608.72,554.32
2026-08-14 07:35:00,608.72,608.75,608.24,608.29,446.12
2026-08-14 07:40:00,608.29,608.77,608.28,608.56,609.74
2026-08-14 07:45:00,608.57,608.57,608.04,608.43,877.45
2026-08-14 07:50:00,608.43,608.43,608.0,608.0,460.14
2026-08-14 07:55:00,608.0,608.01,607.77,607.77,931.14
2026-08-14 08:00:00,607.77,607.9,607.51,607.88,1162.03
2026-08-14 08:05:00,607.89,608.19,607.89,608.03,1356.28
2026-08-14 08:10:00,608.02,608.12,607.5,607.55,2274.16
2026-08-14 08:15:00,607.55,608.09,607.49,607.53,1733.58
2026-08-14 08:20:00,607.52,608.17,607.01,607.06,2195.13
2026-08-14 08:25:00,607.07,607.28,606.9,607.12,2001.6
2026-08-14 08:30:00,607.11,607.25,606.72,607.24,1275.11
2026-08-14 08:35:00,607.24,607.98,607.24,607.9,855.64
2026-08-14 08:40:00,607.9,608.0,607.72,607.83,748.48
2026-08-14 08:45:00,607.83,608.24,607.71,608.24,573.69
2026-08-14 08:50:00,608.23,608.26,608.06,608.21,505.95
2026-08-14 08:55:00,608.21,608.89,608.2,608.87,791.61
2026-08-14 09:00:00,608.86,608.87,608.41,608.43,416.21
2026-08-14 09:05:00,608.43,608.78,608.4,608.68,429.26
2026-08-14 09:10:00,608.67,609.09,608.52,609.08,1653.06
2026-08-14 09:15:00,609.08,609.1,608.6,608.76,1088.49
2026-08-14 09:20:00,608.76,609.16,608.76,609.15,647.32
2026-08-14 09:25:00,609.15,609.24,608.33,608.33,1052.59
2026-08-14 09:30:00,608.33,608.43,608.05,608.43,716.66
2026-08-14 09:35:00,608.43,608.47,607.98,607.98,494.39
2026-08-14 09:40:00,607.98,608.09,607.73,608.09,480.43
2026-08-14 09:45:00,608.09,608.26,608.05,608.11,434.23
2026-08-14 09:50:00,608.12,608.28,607.99,608.21,391.58
2026-08-14 09:55:00,608.22,608.28,607.68,607.76,1931.63
2026-08-14 10:00:00,607.77,608.22,607.67,608.15,737.23
2026-08-14 10:05:00,608.16,608.16,607.66,607.79,1553.36
2026-08-14 10:10:00,607.79,608.09,607.53,607.65,1613.24
2026-08-14 10:15:00,607.64,607.91,607.06,607.06,1432.2
2026-08-14 10:20:00,607.06,607.27,606.34,606.34,1764.26
2026-08-14 10:25:00,606.34,606.73,606.0,606.56,2347.54
2026-08-14 10:30:00,606.56,606.97,606.38,606.57,1318.67
2026-08-14 10:35:00,606.57,606.77,606.41,606.5,445.73
2026-08-14 10:40:00,606.51,606.62,606.0,606.08,1683.29
2026-08-14 10:45:00,606.08,606.34,606.0,606.12,1529.27
2026-08-14 10:50:00,606.13,606.32,606.08,606.14,431.54
2026-08-14 10:55:00,606.13,606.31,605.74,606.23,3979.32
2026-08-14 11:00:00,606.24,606.64,605.53,605.59,4112.4
2026-08-14 11:05:00,605.58,605.58,604.0,605.0,8100.91
2026-08-14 11:10:00,605.0,605.0,604.0,604.2,2530.02
2026-08-14 11:15:00,604.21,604.92,603.65,604.85,3066.21
2026-08-14 11:20:00,604.85,605.24,604.73,605.15,2816.56
2026-08-14 11:25:00,605.15,605.55,604.95,605.41,988.64
2026-08-14 11:30:00,605.41,605.8,605.22,605.64,731.19
2026-08-14 11:35:00,605.64,606.0,605.57,605.65,752.87
2026-08-14 11:40:00,605.65,605.9,605.58,605.9,659.12
2026-08-14 11:45:00,605.89,605.95,605.41,605.55,719.73
2026-08-14 11:50:00,605.56,605.79,605.56,605.65,455.94
2026-08-14 11:55:00,605.65,605.7,605.1,605.15,2154.64
2026-08-14 12:00:00,605.15,605.59,605.1,605.3,933.23
2026-08-14 12:05:00,605.31,605.57,605.21,605.3,718.09
2026-08-14 12:10:00,605.3,605.36,604.92,605.07,1681.57
2026-08-14 12:15:00,605.07,605.52,605.07,605.28,565.64
2026-08-14 12:20:00,605.29,606.2,605.2,606.19,2145.56
2026-08-14 12:25:00,606.19,606.2,605.78,605.99,796.82
2026-08-14 12:30:00,606.0,606.17,605.8,605.93,651.16
2026-08-14 12:35:00,605.93,605.93,605.51,605.55,282.59
2026-08-14 12:40:00,605.55,605.99,605.54,605.68,1461.76
2026-08-14 12:45:00,605.69,605.69,604.9,605.4,1786.77
2026-08-14 12:50:00,605.39,605.52,604.8,604.88,721.54
2026-08-14 12:55:00,604.89,605.1,604.68,604.96,426.07
2026-08-14 13:00:00,604.97,605.07,604.64,604.71,1080.48
2026-08-14 13:05:00,604.7,604.71,604.08,604.35,1146.16
2026-08-14 13:10:00,604.35,604.5,603.59,604.44,1727.11
2026-08-14 13:15:00,604.44,604.7,604.29,604.68,804.4
2026-08-14 13:20:00,604.68,605.05,604.38,605.05,863.2
2026-08-14 13:25:00,605.05,605.26,604.84,605.01,723.36
2026-08-14 13:30:00,605.02,605.1,604.28,604.43,961.19
2026-08-14 13:35:00,604.43,604.62,603.8,604.13,1957.93
2026-08-14 13:40:00,604.12,604.83,604.12,604.7,994.41
2026-08-14 13:45:00,604.71,604.84,604.5,604.5,617.18
2026-08-14 13:50:00,604.5,604.54,604.11,604.11,810.86
2026-08-14 13:55:00,604.12,604.35,603.96,604.35,568.47
2026-08-14 14:00:00,604.36,604.71,604.08,604.44,785.14
2026-08-14 14:05:00,604.44,604.7,604.17,604.21,787.1
2026-08-14 14:10:00,604.2,604.75,603.83,603.83,1584.92
2026-08-14 14:15:00,603.84,604.3,603.36,603.42,1638.44
2026-08-14 14:20:00,603.41,604.05,603.1,603.84,2797.88
2026-08-14 14:25:00,603.85,604.84,603.84,604.48,1976.44
2026-08-14 14:30:00,604.48,605.21,604.45,605.14,1417.47
2026-08-14 14:35:00,605.14,605.75,605.14,605.6,1101.53
2026-08-14 14:40:00,605.6,605.77,605.5,605.54,583.36
2026-08-14 14:45:00,605.55,605.66,604.7,604.73,731.89
2026-08-14 14:50:00,604.73,604.74,604.09,604.34,1046.04
2026-08-14 14:55:00,604.34,604.35,603.6,604.13,1307.91
2026-08-14 15:00:00,604.14,604.76,604.05,604.61,919.41
2026-08-14 15:05:00,604.61,605.0,604.57,604.7,681.96
2026-08-14 15:10:00,604.7,605.03,604.69,604.69,500.38
2026-08-14 15:15:00,604.69,605.05,604.69,605.05,382.87
2026-08-14 15:20:00,605.04,605.57,605.04,605.56,1683.4
2026-08-14 15:25:00,605.56,605.9,605.16,605.8,1480.71
2026-08-14 15:30:00,605.81,605.88,605.1,605.52,903.82
2026-08-14 15:35:00,605.52,606.91,605.52,606.74,3178.16
2026-08-14 15:40:00,606.74,606.75,606.32,606.54,1283.28
2026-08-14 15:45:00,606.55,607.44,606.5,606.78,3164.88
2026-08-14 15:50:00,606.78,607.07,606.76,607.07,500.3
2026-08-14 15:55:00,607.07,607.39,606.86,606.91,525.14
2026-08-14 16:00:00,606.92,607.16,606.8,607.05,976.11
2026-08-14 16:05:00,607.04,607.04,606.57,606.68,855.32
2026-08-14 16:10:00,606.68,607.24,606.66,607.06,2501.0
2026-08-14 16:15:00,607.06,607.26,606.6,606.77,1770.13
2026-08-14 16:20:00,606.77,607.07,606.5,607.04,1013.4
2026-08-14 16:25:00,607.04,607.22,606.65,606.76,3063.32
2026-08-14 16:30:00,606.76,606.97,606.75,606.95,357.61
2026-08-14 16:35:00,606.96,607.39,606.95,607.21,752.98
2026-08-14 16:40:00,607.2,607.42,607.13,607.13,535.8
2026-08-14 16:45:00,607.13,607.13,606.7,607.07,722.47
2026-08-14 16:50:00,607.06,607.06,606.78,607.06,558.03
2026-08-14 16:55:00,607.06,607.5,606.94,607.32,1122.16
2026-08-14 17:00:00,607.33,607.41,606.92,606.92,731.93
2026-08-14 17:05:00,606.92,606.93,606.66,606.77,384.4
2026-08-14 17:10:00,606.77,607.16,606.63,607.15,317.38
2026-08-14 17:15:00,607.16,607.44,607.15,607.29,565.83
2026-08-14 17:20:00,607.3,607.57,607.27,607.46,619.84
2026-08-14 17:25:00,607.46,607.53,607.29,607.52,332.56
2026-08-14 17:30:00,607.52,607.58,607.29,607.51,361.73
2026-08-14 17:35:00,607.51,607.52,607.2,607.28,486.65
2026-08-14 17:40:00,607.28,607.71,606.54,606.82,2897.76
2026-08-14 17:45:00,606.82,607.1,606.82,607.01,276.47
2026-08-14 17:50:00,607.01,607.08,606.41,606.57,746.28
2026-08-14 17:55:00,606.56,606.56,605.85,606.35,1259.24
2026-08-14 18:00:00,606.35,606.45,605.88,606.28,755.29
2026-08-14 18:05:00,606.28,606.29,605.85,605.89,436.35
2026-08-14 18:10:00,605.89,606.4,605.89,606.12,1416.01
2026-08-14 18:15:00,606.12,607.32,606.12,607.29,1618.26
2026-08-14 18:20:00,607.28,607.28,606.62,606.72,1607.34
2026-08-14 18:25:00,606.73,607.04,606.5,606.5,330.36
2026-08-14 18:30:00,606.5,606.55,606.15,606.18,342.06
2026-08-14 18:35:00,606.19,606.8,606.19,606.8,249.01
2026-08-14 18:40:00,606.79,606.97,606.6,606.69,247.0
2026-08-14 18:45:00,606.69,606.78,606.07,606.3,429.73
2026-08-14 18:50:00,606.3,606.57,606.13,606.55,241.51
2026-08-14 18:55:00,606.56,606.61,606.48,606.48,158.25
2026-08-14 19:00:00,606.48,606.48,606.04,606.25,278.37
2026-08-14 19:05:00,606.25,606.57,606.08,606.57,268.63
2026-08-14 19:10:00,606.57,606.6,606.22,606.25,1377.07
2026-08-14 19:15:00,606.25,606.5,606.2,606.33,518.08
2026-08-14 19:20:00,606.34,606.8,606.29,606.37,490.9
2026-08-14 19:25:00,606.36,606.37,606.17,606.17,327.48
2026-08-14 19:30:00,606.17,606.18,605.31,605.47,1263.59
2026-08-14 19:35:00,605.47,605.82,605.26,605.82,1436.67
2026-08-14 19:40:00,605.82,606.56,605.71,606.55,296.82
2026-08-14 19:45:00,606.56,606.66,606.41,606.57,204.67
2026-08-14 19:50:00,606.57,606.87,606.56,606.87,265.87
2026-08-14 19:55:00,606.87,606.88,606.74,606.79,193.66
2026-08-14 20:00:00,606.8,607.06,606.66,607.06,442.56
2026-08-14 20:05:00,607.06,607.41,607.06,607.4,263.43
2026-08-14 20:10:00,607.4,607.41,607.22,607.27,284.63
2026-08-14 20:15:00,607.27,607.28,607.07,607.16,487.51
2026-08-14 20:20:00,607.15,607.16,606.9,606.95,377.93
2026-08-14 20:25:00,606.95,607.23,606.8,607.22,221.18
2026-08-14 20:30:00,607.22,607.28,607.02,607.1,354.3
2026-08-14 20:35:00,607.1,607.19,606.9,607.06,535.49
2026-08-14 20:40:00,607.06,607.23,606.77,606.94,1187.75
2026-08-14 20:45:00,606.95,607.01,606.66,606.69,437.85
2026-08-14 20:50:00,606.68,606.87,606.68,606.74,143.73
2026-08-14 20:55:00,606.74,607.25,606.69,607.1,810.65
2026-08-14 21:00:00,607.11,607.26,606.88,607.25,258.63
2026-08-14 21:05:00,607.25,607.26,606.98,607.01,375.6
2026-08-14 21:10:00,607.01,607.43,606.91,607.31,1712.7
2026-08-14 21:15:00,607.31,607.33,606.95,607.2,748.81
2026-08-14 21:20:00,607.2,607.41,607.16,607.41,148.53
2026-08-14 21:25:00,607.4,607.49,606.86,607.08,1463.26
2026-08-14 21:30:00,607.08,607.47,607.08,607.16,512.79
2026-08-14 21:35:00,607.16,607.17,607.13,607.16,98.73
2026-08-14 21:40:00,607.17,607.5,606.88,607.0,1299.64
2026-08-14 21:45:00,607.01,607.35,607.01,607.24,471.87
2026-08-14 21:50:00,607.23,607.24,606.84,606.86,188.72
2026-08-14 21:55:00,606.86,607.35,606.73,607.34,919.5
2026-08-14 22:00:00,607.35,607.59,607.17,607.45,330.63
2026-08-14 22:05:00,607.46,607.5,607.08,607.23,362.8
2026-08-14 22:10:00,607.23,607.5,606.88,607.3,2861.77
2026-08-14 22:15:00,607.3,607.4,606.84,607.4,267.61
2026-08-14 22:20:00,607.4,607.5,607.15,607.29,506.11
2026-08-14 22:25:00,607.3,607.3,607.0,607.0,322.33
2026-08-14 22:30:00,607.01,607.41,607.0,607.17,550.18
2026-08-14 22:35:00,607.16,607.32,607.15,607.31,211.02
2026-08-14 22:40:00,607.32,607.32,606.74,606.84,2024.53
2026-08-14 22:45:00,606.85,607.14,606.85,607.14,193.16
2026-08-14 22:50:00,607.14,607.15,606.8,606.96,664.6
2026-08-14 22:55:00,606.96,607.1,606.87,607.09,138.35
2026-08-14 23:00:00,607.1,607.24,607.03,607.14,235.23
2026-08-14 23:05:00,607.15,607.15,606.99,607.01,145.51
2026-08-14 23:10:00,607.01,607.37,606.87,607.21,1136.79
2026-08-14 23:15:00,607.21,607.41,607.16,607.31,277.35
2026-08-14 23:20:00,607.31,607.41,607.14,607.37,552.6
2026-08-14 23:25:00,607.36,607.6,607.21,607.51,1712.43
2026-08-14 23:30:00,607.5,607.56,607.25,607.25,460.62
2026-08-14 23:35:00,607.25,608.23,607.09,608.23,1379.6
2026-08-14 23:40:00,608.22,608.67,608.12,608.2,1701.86
2026-08-14 23:45:00,608.2,608.55,608.1,608.54,538.24
2026-08-14 23:50:00,608.54,608.74,608.47,608.48,467.27
2026-08-14 23:55:00,608.48,608.61,608.27,608.33,321.15
2026-08-15 00:00:00,608.33,608.4,607.17,607.61,3752.26
2026-08-15 00:05:00,607.6,607.98,607.6,607.94,481.01
2026-08-15 00:10:00,607.94,608.29,607.94,607.99,589.82
2026-08-15 00:15:00,607.99,608.0,607.94,607.99,232.01
2026-08-15 00:20:00,607.98,608.32,607.94,608.32,629.52
2026-08-15 00:25:00,608.31,608.32,607.81,607.89,1616.64
2026-08-15 00:30:00,607.89,608.13,607.86,607.86,678.08
2026-08-15 00:35:00,607.87,607.92,607.76,607.77,164.74
2026-08-15 00:40:00,607.77,608.23,607.72,608.14,1358.63
2026-08-15 00:45:00,608.14,608.3,608.1,608.11,220.76
2026-08-15 00:50:00,608.1,608.3,608.04,608.26,506.28
2026-08-15 00:55:00,608.25,608.4,607.88,608.23,1769.7
2026-08-15 01:00:00,608.23,608.91,608.23,608.6,1800.02
2026-08-15 01:05:00,608.59,608.6,608.2,608.21,435.76
2026-08-15 01:10:00,608.21,608.71,608.21,608.58,820.53
2026-08-15 01:15:00,608.58,608.58,608.4,608.47,323.54
2026-08-15 01:20:00,608.47,608.73,608.41,608.73,264.38
2026-08-15 01:25:00,608.73,608.79,608.66,608.79,418.5
2026-08-15 01:30:00,608.79,608.82,608.53,608.82,518.8
2026-08-15 01:35:00,608.82,608.82,608.47,608.55,474.14
2026-08-15 01:40:00,608.56,608.99,608.39,608.61,2774.98
2026-08-15 01:45:00,608.62,608.64,608.17,608.27,1371.43
2026-08-15 01:50:00,608.26,608.32,608.02,608.04,301.19
2026-08-15 01:55:00,608.05,608.12,607.98,608.08,330.72
2026-08-15 02:00:00,608.07,608.38,608.07,608.38,381.25
2026-08-15 02:05:00,608.38,608.42,608.02,608.04,377.66
2026-08-15 02:10:00,608.04,608.36,608.04,608.3,370.85
2026-08-15 02:15:00,608.3,608.46,608.3,608.4,273.86
2026-08-15 02:20:00,608.4,608.75,608.4,608.75,307.29
2026-08-15 02:25:00,608.74,608.76,608.68,608.71,205.57
2026-08-15 02:30:00,608.71,609.04,608.66,608.66,744.94
2026-08-15 02:35:00,608.66,608.84,608.34,608.7,1134.08
2026-08-15 02:40:00,608.7,608.91,608.69,608.79,545.54
2026-08-15 02:45:00,608.8,608.95,608.79,608.92,399.01
2026-08-15 02:50:00,608.91,608.92,608.58,608.74,496.99
2026-08-15 02:55:00,608.75,608.93,608.74,608.93,157.91
2026-08-15 03:00:00,608.92,609.35,608.92,609.24,1011.76
2026-08-15 03:05:00,609.24,609.46,609.19,609.46,735.6
2026-08-15 03:10:00,609.46,610.12,609.46,610.11,2122.29
2026-08-15 03:15:00,610.12,611.2,610.12,611.17,3029.24
2026-08-15 03:20:00,611.17,611.18,610.88,611.03,1613.03
2026-08-15 03:25:00,611.04,611.1,610.56,610.79,625.06
2026-08-15 03:30:00,610.78,610.89,610.63,610.64,634.64
2026-08-15 03:35:00,610.63,610.64,610.16,610.31,1030.72
2026-08-15 03:40:00,610.32,610.5,610.32,610.41,459.12
2026-08-15 03:45:00,610.41,610.5,610.28,610.29,303.2
2026-08-15 03:50:00,610.29,610.47,610.21,610.46,361.49
2026-08-15 03:55:00,610.46,610.85,610.46,610.73,911.72
2026-08-15 04:00:00,610.73,611.63,610.73,611.16,1966.58
2026-08-15 04:05:00,611.15,611.16,610.88,611.1,1079.51
2026-08-15 04:10:00,611.09,611.17,610.66,611.16,630.57
2026-08-15 04:15:00,611.16,611.2,610.84,610.84,543.13
2026-08-15 04:20:00,610.84,610.91,610.75,610.85,635.58
2026-08-15 04:25:00,610.85,610.95,610.44,610.52,963.76
2026-08-15 04:30:00,610.53,610.96,610.52,610.96,668.46
2026-08-15 04:35:00,610.95,611.92,610.9,611.91,1938.42
2026-08-15 04:40:00,611.9,612.67,611.88,612.55,2851.09
2026-08-15 04:45:00,612.55,612.56,610.35,611.55,5282.29
2026-08-15 04:50:00,611.55,611.92,611.43,611.81,844.3
2026-08-15 04:55:00,611.81,611.91,611.76,611.89,428.47
2026-08-15 05:00:00,611.89,612.22,611.48,611.57,1432.04
2026-08-15 05:05:00,611.56,611.77,611.53,611.59,419.76
2026-08-15 05:10:00,611.59,611.86,611.46,611.85,595.28
2026-08-15 05:15:00,611.85,611.92,611.27,611.32,690.92
2026-08-15 05:20:00,611.32,611.34,610.74,610.78,764.78
2026-08-15 05:25:00,610.78,611.23,610.78,611.22,280.83
2026-08-15 05:30:00,611.23,611.34,611.22,611.34,477.77
2026-08-15 05:35:00,611.33,611.34,610.78,610.79,463.17
2026-08-15 05:40:00,610.78,611.15,610.7,611.15,647.32
2026-08-15 05:45:00,611.14,611.25,610.76,610.81,583.08
2026-08-15 05:50:00,610.82,611.07,610.82,610.98,321.59
2026-08-15 05:55:00,610.98,611.04,610.69,611.03,554.56
2026-08-15 06:00:00,611.04,611.48,611.03,611.33,650.81
2026-08-15 06:05:00,611.33,611.91,611.24,611.91,651.6
2026-08-15 06:10:00,611.91,612.0,611.44,611.51,1009.36
2026-08-15 06:15:00,611.52,611.77,611.52,611.69,384.9
2026-08-15 06:20:00,611.69,611.84,611.69,611.83,269.84
2026-08-15 06:25:00,611.84,612.2,611.57,611.67,666.73
2026-08-15 06:30:00,611.67,612.07,611.67,612.07,404.04
2026-08-15 06:35:00,612.07,612.17,611.84,611.9,889.47
2026-08-15 06:40:00,611.89,612.01,611.71,611.77,984.43
2026-08-15 06:45:00,611.77,611.84,611.61,611.78,574.59
2026-08-15 06:50:00,611.78,611.86,611.76,611.83,300.47
2026-08-15 06:55:00,611.83,612.52,611.82,612.25,1262.87
2026-08-15 07:00:00,612.26,612.62,612.24,612.28,830.21
2026-08-15 07:05:00,612.28,612.38,612.03,612.13,520.59
2026-08-15 07:10:00,612.13,612.17,611.7,611.8,946.76
2026-08-15 07:15:00,611.8,611.84,611.54,611.57,395.35
2026-08-15 07:20:00,611.56,611.62,611.42,611.48,350.81
2026-08-15 07:25:00,611.48,611.78,611.42,611.62,597.24
2026-08-15 07:30:00,611.61,611.67,611.49,611.49,185.53
2026-08-15 07:35:00,611.5,611.79,611.48,611.79,502.04
2026-08-15 07:40:00,611.79,611.9,611.25,611.31,1543.75
2026-08-15 07:45:00,611.3,611.65,611.3,611.55,322.45
2026-08-15 07:50:00,611.56,611.68,611.53,611.54,384.35
2026-08-15 07:55:00,611.53,611.93,611.22,611.93,962.73
2026-08-15 08:00:00,611.92,612.42,611.92,612.3,1721.47
2026-08-15 08:05:00,612.31,612.31,611.54,611.57,684.52
2026-08-15 08:10:00,611.57,611.82,611.31,611.74,1704.08
2026-08-15 08:15:00,611.73,611.74,611.3,611.35,741.2
2026-08-15 08:20:00,611.35,611.35,611.0,611.0,743.51
2026-08-15 08:25:00,611.0,611.12,610.81,611.11,723.54
2026-08-15 08:30:00,611.11,611.49,611.11,611.32,523.98
2026-08-15 08:35:00,611.32,611.43,611.24,611.34,329.67
2026-08-15 08:40:00,611.33,611.41,611.14,611.39,508.74
2026-08-15 08:45:00,611.38,611.7,611.28,611.67,530.07
2026-08-15 08:50:00,611.66,611.77,611.22,611.27,443.31
2026-08-15 08:55:00,611.28,611.4,610.82,610.95,912.29
2026-08-15 09:00:00,610.95,611.19,610.23,610.33,2262.56
2026-08-15 09:05:00,610.33,610.56,610.33,610.55,437.48
2026-08-15 09:10:00,610.55,610.94,610.55,610.93,388.11
2026-08-15 09:15:00,610.93,611.19,610.58,611.05,904.76
2026-08-15 09:20:00,611.05,611.48,611.04,611.48,776.57
2026-08-15 09:25:00,611.47,611.68,611.47,611.54,726.88
2026-08-15 09:30:00,611.54,611.7,611.38,611.57,430.36
2026-08-15 09:35:00,611.57,612.11,611.57,612.11,681.2
2026-08-15 09:40:00,612.11,612.11,611.67,611.73,343.01
2026-08-15 09:45:00,611.73,612.45,611.71,612.14,1093.63
2026-08-15 09:50:00,612.14,612.27,612.05,612.2,1040.85
2026-08-15 09:55:00,612.21,612.57,612.2,612.3,1071.93
2026-08-15 10:00:00,612.3,612.44,611.97,611.97,790.24
2026-08-15 10:05:00,611.98,612.14,611.6,612.09,907.87
2026-08-15 10:10:00,612.1,612.13,611.63,611.78,1031.99
2026-08-15 10:15:00,611.78,611.79,611.48,611.5,564.14
2026-08-15 10:20:00,611.5,611.82,611.49,611.76,246.45
2026-08-15 10:25:00,611.77,612.23,611.77,612.07,711.88
2026-08-15 10:30:00,612.06,612.31,611.97,612.02,432.43
2026-08-15 10:35:00,612.03,612.29,611.95,612.16,747.72
2026-08-15 10:40:00,612.16,612.28,611.81,611.84,724.88
2026-08-15 10:45:00,611.83,611.95,611.83,611.95,325.09
2026-08-15 10:50:00,611.95,612.22,611.67,612.11,1079.7
2026-08-15 10:55:00,612.12,612.22,611.81,611.81,805.72
2026-08-15 11:00:00,611.82,611.83,611.71,611.73,306.14
2026-08-15 11:05:00,611.74,612.0,611.6,611.78,1194.48
2026-08-15 11:10:00,611.77,612.14,611.67,612.12,801.28
2026-08-15 11:15:00,612.12,612.39,612.04,612.05,588.13
2026-08-15 11:20:00,612.05,612.14,611.88,611.96,272.68
2026-08-15 11:25:00,611.96,612.34,611.86,612.23,1307.92
2026-08-15 11:30:00,612.23,612.24,611.98,611.98,671.66
2026-08-15 11:35:00,611.98,612.35,611.81,612.34,683.45
2026-08-15 11:40:00,612.35,612.36,611.84,611.97,579.47
2026-08-15 11:45:00,611.97,612.12,611.7,611.72,523.25
2026-08-15 11:50:00,611.72,611.76,611.67,611.67,193.39
2026-08-15 11:55:00,611.68,612.33,611.65,612.11,1507.79
2026-08-15 12:00:00,612.11,612.22,611.89,612.15,802.29
2026-08-15 12:05:00,612.14,613.22,612.09,612.98,3214.35
2026-08-15 12:10:00,612.98,612.99,612.7,612.71,631.98
2026-08-15 12:15:00,612.71,612.73,612.55,612.55,406.19
2026-08-15 12:20:00,612.55,612.66,612.06,612.09,646.95
2026-08-15 12:25:00,612.09,612.09,611.87,611.89,484.18
2026-08-15 12:30:00,611.88,611.94,611.58,611.79,596.98
2026-08-15 12:35:00,611.8,611.82,611.74,611.74,312.8
2026-08-15 12:40:00,611.74,611.98,611.5,611.94,1812.85
2026-08-15 12:45:00,611.95,611.98,611.0,611.1,2326.11
2026-08-15 12:50:00,611.1,611.27,610.73,611.03,2699.67
2026-08-15 12:55:00,611.04,611.71,611.03,611.66,1055.89
2026-08-15 13:00:00,611.66,611.66,610.68,611.0,1588.59
2026-08-15 13:05:00,611.0,611.06,610.32,610.44,2710.7
2026-08-15 13:10:00,610.44,610.49,610.28,610.36,2078.58
2026-08-15 13:15:00,610.36,610.86,609.8,609.8,2860.18
2026-08-15 13:20:00,609.81,610.07,609.64,610.07,1628.85
2026-08-15 13:25:00,610.07,610.62,609.99,610.56,1066.39
2026-08-15 13:30:00,610.55,610.72,610.3,610.46,974.66
2026-08-15 13:35:00,610.46,610.68,610.07,610.09,926.68
2026-08-15 13:40:00,610.1,610.16,609.85,610.1,660.6
2026-08-15 13:45:00,610.1,610.16,609.77,609.82,1029.94
2026-08-15 13:50:00,609.82,609.88,609.68,609.88,900.24
2026-08-15 13:55:00,609.88,610.25,609.87,610.09,675.26
2026-08-15 14:00:00,610.09,610.21,610.01,610.05,675.53
2026-08-15 14:05:00,610.04,610.25,609.92,610.24,780.05
2026-08-15 14:10:00,610.25,610.32,609.73,609.74,492.67
2026-08-15 14:15:00,609.74,609.74,609.27,609.34,1561.62
2026-08-15 14:20:00,609.34,609.35,609.0,609.18,1672.63
2026-08-15 14:25:00,609.17,609.68,609.09,609.56,856.16
2026-08-15 14:30:00,609.55,610.0,609.55,610.0,855.74
2026-08-15 14:35:00,609.99,610.44,609.84,610.05,1398.78
2026-08-15 14:40:00,610.03,610.24,609.81,610.01,765.55
2026-08-15 14:45:00,610.0,610.06,609.79,609.8,699.41
2026-08-15 14:50:00,609.8,610.65,609.66,610.65,728.03
2026-08-15 14:55:00,610.65,610.97,610.64,610.89,578.75
2026-08-15 15:00:00,610.9,611.5,610.84,611.49,1419.85
2026-08-15 15:05:00,611.49,611.55,611.12,611.22,1760.69
2026-08-15 15:10:00,611.22,611.25,611.06,611.25,544.58
2026-08-15 15:15:00,611.24,611.84,611.23,611.74,793.44
2026-08-15 15:20:00,611.73,611.74,610.78,610.78,753.73
2026-08-15 15:25:00,610.79,611.17,610.78,611.01,454.31
2026-08-15 15:30:00,611.02,611.2,610.89,611.0,492.54
2026-08-15 15:35:00,611.0,611.37,611.0,611.13,437.22
2026-08-15 15:40:00,611.14,611.39,610.77,610.89,1481.58
2026-08-15 15:45:00,610.9,611.97,610.9,611.78,1284.67
2026-08-15 15:50:00,611.78,611.97,611.72,611.88,589.45
2026-08-15 15:55:00,611.88,612.1,611.87,611.96,945.19
2026-08-15 16:00:00,611.96,612.04,611.63,611.83,1251.54
2026-08-15 16:05:00,611.83,611.97,611.6,611.96,644.25
2026-08-15 16:10:00,611.96,612.39,611.7,611.71,1596.45
2026-08-15 16:15:00,611.7,611.7,611.54,611.65,379.55
2026-08-15 16:20:00,611.64,611.95,611.45,611.95,820.45
2026-08-15 16:25:00,611.95,612.1,611.92,612.1,639.66
2026-08-15 16:30:00,612.1,612.21,611.67,611.87,1024.73
2026-08-15 16:35:00,611.86,611.87,611.7,611.7,262.64
2026-08-15 16:40:00,611.71,611.85,611.7,611.85,281.76
2026-08-15 16:45:00,611.84,612.08,611.61,611.86,669.79
2026-08-15 16:50:00,611.86,612.05,611.77,612.04,291.95
2026-08-15 16:55:00,612.04,612.11,611.71,611.71,781.63
2026-08-15 17:00:00,611.71,612.01,611.43,611.93,898.07
2026-08-15 17:05:00,611.93,611.93,611.76,611.93,535.34
2026-08-15 17:10:00,611.92,612.11,611.92,612.1,307.52
2026-08-15 17:15:00,612.1,612.1,611.86,612.02,339.59
2026-08-15 17:20:00,612.02,612.02,611.48,611.49,397.82
2026-08-15 17:25:00,611.5,611.66,611.49,611.56,292.62
2026-08-15 17:30:00,611.55,611.57,611.27,611.57,387.2
2026-08-15 17:35:00,611.57,611.57,611.15,611.15,329.27
2026-08-15 17:40:00,611.14,611.39,611.13,611.32,419.93
2026-08-15 17:45:00,611.32,611.33,611.16,611.16,176.42
2026-08-15 17:50:00,611.17,611.27,611.11,611.12,218.8
2026-08-15 17:55:00,611.11,611.57,611.08,611.18,2092.31
2026-08-15 18:00:00,611.17,611.21,611.12,611.21,109.76
2026-08-15 18:05:00,611.2,611.39,611.2,611.32,695.11
2026-08-15 18:10:00,611.32,611.49,611.03,611.1,1189.42
2026-08-15 18:15:00,611.1,611.11,610.73,610.73,443.56
2026-08-15 18:20:00,610.74,610.83,610.61,610.61,412.67
2026-08-15 18:25:00,610.62,610.68,610.52,610.56,364.55
2026-08-15 18:30:00,610.56,610.63,610.5,610.63,299.09
2026-08-15 18:35:00,610.63,610.66,610.57,610.57,213.56
2026-08-15 18:40:00,610.58,610.81,610.44,610.67,804.15
2026-08-15 18:45:00,610.68,610.68,610.52,610.61,252.3
2026-08-15 18:50:00,610.61,610.62,610.49,610.49,198.87
2026-08-15 18:55:00,610.49,610.9,610.47,610.47,1471.06
2026-08-15 19:00:00,610.48,610.48,610.35,610.35,402.38
2026-08-15 19:05:00,610.35,610.59,610.35,610.55,659.95
2026-08-15 19:10:00,610.55,610.66,610.41,610.66,287.33
2026-08-15 19:15:00,610.66,610.91,610.66,610.83,359.64
2026-08-15 19:20:00,610.83,610.84,610.65,610.72,311.68
2026-08-15 19:25:00,610.72,610.84,610.32,610.51,1238.42
2026-08-15 19:30:00,610.5,610.75,610.5,610.74,248.65
2026-08-15 19:35:00,610.74,610.84,610.74,610.83,227.8
2026-08-15 19:40:00,610.83,610.86,610.31,610.55,1740.24
2026-08-15 19:45:00,610.56,611.45,610.55,611.38,1204.5
2026-08-15 19:50:00,611.37,611.75,611.37,611.68,1021.89
2026-08-15 19:55:00,611.67,611.75,611.45,611.7,793.93
2026-08-15 20:00:00,611.69,611.97,611.69,611.89,906.98
2026-08-15 20:05:00,611.89,611.9,611.53,611.61,493.19
2026-08-15 20:10:00,611.6,611.79,611.45,611.45,671.27
2026-08-15 20:15:00,611.46,611.52,611.25,611.27,404.13
2026-08-15 20:20:00,611.28,611.28,611.22,611.22,210.64
2026-08-15 20:25:00,611.22,611.44,611.22,611.43,409.82
2026-08-15 20:30:00,611.43,611.44,611.01,611.01,256.15
2026-08-15 20:35:00,611.01,611.16,611.0,611.0,154.27
2026-08-15 20:40:00,611.0,611.28,610.87,611.27,375.17
2026-08-15 20:45:00,611.28,611.47,611.2,611.47,220.53
2026-08-15 20:50:00,611.47,611.47,611.2,611.2,168.54
2026-08-15 20:55:00,611.2,611.21,610.85,610.85,504.29
2026-08-15 21:00:00,610.85,610.92,610.84,610.92,231.44
2026-08-15 21:05:00,610.91,611.0,610.73,610.74,302.46
2026-08-15 21:10:00,610.74,611.23,610.65,611.16,1233.46
2026-08-15 21:15:00,611.17,611.17,610.8,610.8,545.37
2026-08-15 21:20:00,610.81,611.01,610.55,611.0,441.3
2026-08-15 21:25:00,611.0,611.31,611.0,611.11,602.51
2026-08-15 21:30:00,611.11,611.11,610.88,610.88,120.49
2026-08-15 21:35:00,610.88,611.06,610.88,611.06,115.8
2026-08-15 21:40:00,611.06,611.39,610.85,610.85,1948.47
2026-08-15 21:45:00,610.84,610.91,610.73,610.89,283.22
2026-08-15 21:50:00,610.88,611.25,610.77,610.94,684.38
2026-08-15 21:55:00,610.95,610.95,610.6,610.6,119.83
2026-08-15 22:00:00,610.6,610.72,610.22,610.22,916.35
2026-08-15 22:05:00,610.22,610.23,610.02,610.02,1399.42
2026-08-15 22:10:00,610.02,610.03,609.73,609.81,1720.15
2026-08-15 22:15:00,609.81,609.84,609.65,609.83,395.06
2026-08-15 22:20:00,609.84,610.07,609.84,609.93,981.17
2026-08-15 22:25:00,609.92,610.04,609.66,609.79,1495.03
2026-08-15 22:30:00,609.79,610.16,609.71,609.78,874.96
2026-08-15 22:35:00,609.78,609.86,609.63,609.7,243.37
2026-08-15 22:40:00,609.7,610.06,609.69,609.9,1477.98
2026-08-15 22:45:00,609.9,609.96,609.61,609.93,821.15
2026-08-15 22:50:00,609.92,609.94,609.74,609.76,594.31
2026-08-15 22:55:00,609.75,609.76,609.65,609.65,335.42
2026-08-15 23:00:00,609.66,609.66,609.41,609.51,938.0
2026-08-15 23:05:00,609.51,609.58,609.29,609.39,885.26
2026-08-15 23:10:00,609.39,609.39,608.5,609.13,1870.67
2026-08-15 23:15:00,609.13,609.13,608.75,608.75,1022.78
2026-08-15 23:20:00,608.75,608.76,608.28,608.28,1662.09
2026-08-15 23:25:00,608.29,608.66,608.27,608.51,1062.47
2026-08-15 23:30:00,608.52,608.52,608.23,608.45,773.1
2026-08-15 23:35:00,608.45,608.45,607.77,607.91,2565.8
2026-08-15 23:40:00,607.91,608.09,607.89,608.0,370.34
2026-08-15 23:45:00,608.01,608.55,608.0,608.41,719.24
2026-08-15 23:50:00,608.4,608.4,608.0,608.0,512.58
2026-08-15 23:55:00,608.0,608.08,607.85,608.08,511.76
2026-08-16 00:00:00,608.08,608.37,607.71,607.72,2086.26
2026-08-16 00:05:00,607.72,607.94,607.51,607.94,993.64
2026-08-16 00:10:00,607.94,608.23,607.74,607.74,1185.02
2026-08-16 00:15:00,607.74,608.0,607.53,607.94,939.74
2026-08-16 00:20:00,607.94,607.95,607.81,607.93,666.55
2026-08-16 00:25:00,607.93,607.96,607.69,607.8,522.34
2026-08-16 00:30:00,607.8,607.81,607.51,607.52,2149.53
2026-08-16 00:35:00,607.52,607.52,607.26,607.38,1642.08
2026-08-16 00:40:00,607.38,607.98,607.36,607.84,691.38
2026-08-16 00:45:00,607.84,607.88,607.29,607.3,547.97
2026-08-16 00:50:00,607.3,607.93,607.3,607.93,618.09
2026-08-16 00:55:00,607.92,608.06,607.84,607.88,420.26
2026-08-16 01:00:00,607.88,607.88,607.64,607.72,333.05
2026-08-16 01:05:00,607.72,607.94,607.6,607.66,636.48
2026-08-16 01:10:00,607.66,608.03,607.44,607.95,413.9
2026-08-16 01:15:00,607.95,607.96,607.76,607.95,394.77
2026-08-16 01:20:00,607.95,608.04,607.85,607.89,406.51
2026-08-16 01:25:00,607.89,607.89,607.54,607.66,403.41
2026-08-16 01:30:00,607.67,607.99,607.64,607.67,669.84
2026-08-16 01:35:00,607.68,607.68,607.01,607.09,813.76
2026-08-16 01:40:00,607.09,607.81,607.09,607.81,548.89
2026-08-16 01:45:00,607.8,607.8,607.57,607.57,238.18
2026-08-16 01:50:00,607.58,607.58,607.19,607.25,418.15
2026-08-16 01:55:00,607.24,607.39,606.8,607.38,1510.7
2026-08-16 02:00:00,607.39,607.64,606.66,606.9,1070.38
2026-08-16 02:05:00,606.91,607.01,606.81,606.87,547.96
2026-08-16 02:10:00,606.86,607.02,606.7,606.99,568.8
2026-08-16 02:15:00,606.99,607.41,606.95,607.38,614.71
2026-08-16 02:20:00,607.38,607.87,607.38,607.83,954.17
2026-08-16 02:25:00,607.84,607.98,607.62,607.69,583.97
2026-08-16 02:30:00,607.68,607.89,607.63,607.71,352.39
2026-08-16 02:35:00,607.71,607.8,607.6,607.64,502.69
2026-08-16 02:40:00,607.65,607.95,607.65,607.89,369.68
2026-08-16 02:45:00,607.88,607.89,607.63,607.7,386.99
2026-08-16 02:50:00,607.7,607.71,607.55,607.69,500.02
2026-08-16 02:55:00,607.68,607.7,607.55,607.55,257.98
2026-08-16 03:00:00,607.56,607.56,607.35,607.35,324.7
2026-08-16 03:05:00,607.35,607.36,607.07,607.07,742.79
2026-08-16 03:10:00,607.07,607.08,606.87,607.07,657.06
2026-08-16 03:15:00,607.07,607.08,606.96,606.96,297.98
2026-08-16 03:20:00,606.97,606.97,606.8,606.8,280.05
2026-08-16 03:25:00,606.81,606.88,606.74,606.82,386.27
2026-08-16 03:30:00,606.83,606.91,606.72,606.84,564.0
2026-08-16 03:35:00,606.84,606.98,606.82,606.98,308.31
2026-08-16 03:40:00,606.98,607.2,606.93,607.07,991.72
2026-08-16 03:45:00,607.08,607.08,607.0,607.05,289.6
2026-08-16 03:50:00,607.06,607.06,606.68,606.68,328.51
2026-08-16 03:55:00,606.68,606.88,606.61,606.8,671.59
2026-08-16 04:00:00,606.81,606.84,606.16,606.72,1778.0
2026-08-16 04:05:00,606.71,606.72,606.45,606.45,511.4
2026-08-16 04:10:00,606.45,606.5,606.37,606.47,461.19
2026-08-16 04:15:00,606.46,606.71,606.32,606.71,650.94
2026-08-16 04:20:00,606.71,606.72,606.41,606.45,756.23
2026-08-16 04:25:00,606.46,606.46,606.28,606.4,363.39
2026-08-16 04:30:00,606.41,606.41,606.15,606.15,354.23
2026-08-16 04:35:00,606.15,606.23,606.15,606.18,477.46
2026-08-16 04:40:00,606.19,606.25,606.01,606.24,509.07
2026-08-16 04:45:00,606.24,606.26,606.21,606.25,214.56
2026-08-16 04:50:00,606.25,606.45,606.25,606.39,487.92
2026-08-16 04:55:00,606.39,606.48,606.16,606.26,367.63
2026-08-16 05:00:00,606.26,606.43,606.26,606.42,372.0
2026-08-16 05:05:00,606.42,606.56,606.37,606.56,405.84
2026-08-16 05:10:00,606.55,606.56,606.32,606.51,226.84
2026-08-16 05:15:00,606.52,606.52,606.28,606.36,375.97
2026-08-16 05:20:00,606.36,606.46,606.28,606.34,701.77
2026-08-16 05:25:00,606.34,606.64,606.28,606.61,1494.35
2026-08-16 05:30:00,606.61,606.75,606.2,606.74,816.16
2026-08-16 05:35:00,606.74,606.89,606.55,606.62,617.32
2026-08-16 05:40:00,606.63,606.63,606.25,606.38,1091.53
2026-08-16 05:45:00,606.39,606.6,606.31,606.31,470.49
2026-08-16 05:50:00,606.32,606.36,606.25,606.26,241.37
2026-08-16 05:55:00,606.25,606.63,606.18,606.48,1325.75
2026-08-16 06:00:00,606.48,606.49,606.16,606.26,559.22
2026-08-16 06:05:00,606.26,606.3,606.16,606.23,433.84
2026-08-16 06:10:00,606.24,606.24,605.68,605.81,2106.11
2026-08-16 06:15:00,605.81,605.82,605.07,605.31,3339.07
2026-08-16 06:20:00,605.32,605.34,604.57,604.57,3293.74
2026-08-16 06:25:00,604.57,605.25,604.57,605.24,941.76
2026-08-16 06:30:00,605.24,605.29,605.01,605.15,916.53
2026-08-16 06:35:00,605.16,605.44,605.11,605.44,524.34
2026-08-16 06:40:00,605.43,605.48,605.35,605.4,461.98
2026-08-16 06:45:00,605.4,605.66,605.4,605.62,423.34
2026-08-16 06:50:00,605.62,605.62,605.46,605.51,433.94
2026-08-16 06:55:00,605.5,605.56,605.49,605.55,254.49
2026-08-16 07:00:00,605.55,605.64,605.5,605.62,466.95
2026-08-16 07:05:00,605.63,605.76,605.62,605.74,394.11
2026-08-16 07:10:00,605.74,605.82,605.73,605.82,1080.35
2026-08-16 07:15:00,605.81,605.92,605.81,605.92,535.32
2026-08-16 07:20:00,605.91,606.0,605.55,605.55,738.36
2026-08-16 07:25:00,605.56,605.81,605.54,605.68,574.55
2026-08-16 07:30:00,605.68,605.69,605.4,605.4,407.04
2026-08-16 07:35:00,605.4,605.64,605.4,605.55,394.63
2026-08-16 07:40:00,605.56,605.82,605.48,605.81,867.32
2026-08-16 07:45:00,605.81,605.93,605.77,605.84,463.39
2026-08-16 07:50:00,605.84,605.93,605.76,605.93,444.35
2026-08-16 07:55:00,605.93,606.0,605.81,605.92,634.1
2026-08-16 08:00:00,605.92,605.93,605.59,605.59,768.95
2026-08-16 08:05:00,605.6,605.6,605.17,605.37,614.87
2026-08-16 08:10:00,605.37,605.51,605.35,605.35,341.32
2026-08-16 08:15:00,605.36,605.65,605.32,605.64,372.68
2026-08-16 08:20:00,605.64,605.92,605.64,605.91,441.79
2026-08-16 08:25:00,605.9,606.14,605.9,606.11,911.98
2026-08-16 08:30:00,606.11,606.42,606.11,606.42,951.19
2026-08-16 08:35:00,606.41,606.78,606.25,606.78,1079.01
2026-08-16 08:40:00,606.78,606.92,606.65,606.74,985.71
2026-08-16 08:45:00,606.74,607.5,606.71,607.45,1937.16
2026-08-16 08:50:00,607.44,607.56,607.21,607.35,1072.78
2026-08-16 08:55:00,607.35,607.64,607.31,607.63,525.95
2026-08-16 09:00:00,607.63,607.95,607.56,607.94,885.9
2026-08-16 09:05:00,607.94,607.95,607.54,607.7,1524.84
2026-08-16 09:10:00,607.69,607.7,607.38,607.39,591.67
2026-08-16 09:15:00,607.38,607.4,607.15,607.29,1154.68
2026-08-16 09:20:00,607.3,607.83,607.21,607.83,1021.14
2026-08-16 09:25:00,607.83,608.55,607.82,608.17,3090.01
2026-08-16 09:30:00,608.17,608.54,607.91,607.91,1203.87
2026-08-16 09:35:00,607.91,607.91,607.68,607.7,522.82
2026-08-16 09:40:00,607.7,607.7,607.5,607.53,418.44
2026-08-16 09:45:00,607.54,607.78,607.47,607.77,317.17
2026-08-16 09:50:00,607.78,607.89,607.72,607.77,557.04
2026-08-16 09:55:00,607.77,607.99,607.56,607.56,406.15
2026-08-16 10:00:00,607.57,607.57,607.1,607.16,762.14
2026-08-16 10:05:00,607.16,607.17,606.72,607.04,2161.47
2026-08-16 10:10:00,607.04,607.24,606.9,607.18,550.84
2026-08-16 10:15:00,607.18,607.43,607.18,607.26,277.03
2026-08-16 10:20:00,607.26,607.27,606.75,606.76,322.48
2026-08-16 10:25:00,606.76,607.15,606.74,607.15,403.41
2026-08-16 10:30:00,607.15,607.2,606.9,606.91,225.51
2026-08-16 10:35:00,606.91,606.98,606.86,606.92,275.27
2026-08-16 10:40:00,606.91,606.92,606.79,606.79,151.93
2026-08-16 10:45:00,606.8,606.82,606.79,606.82,182.79
2026-08-16 10:50:00,606.81,606.99,606.8,606.97,474.3
2026-08-16 10:55:00,606.96,607.15,606.94,607.02,477.45
2026-08-16 11:00:00,607.02,607.16,606.98,607.16,213.1
2026-08-16 11:05:00,607.15,607.25,606.84,606.87,462.39
2026-08-16 11:10:00,606.86,607.0,606.84,607.0,321.12
2026-08-16 11:15:00,607.0,607.18,606.98,607.18,187.36
2026-08-16 11:20:00,607.17,607.18,607.07,607.16,241.66
2026-08-16 11:25:00,607.15,607.2,606.67,606.82,1174.68
2026-08-16 11:30:00,606.83,606.83,606.78,606.79,178.95
2026-08-16 11:35:00,606.79,607.44,606.69,607.3,1330.65
2026-08-16 11:40:00,607.3,607.35,607.23,607.26,406.85
2026-08-16 11:45:00,607.27,607.33,606.97,607.33,417.06
2026-08-16 11:50:00,607.33,607.44,607.22,607.36,472.98
2026-08-16 11:55:00,607.37,607.5,607.1,607.16,948.28
2026-08-16 12:00:00,607.17,607.7,607.17,607.32,907.8
2026-08-16 12:05:00,607.32,607.77,607.32,607.77,659.99
2026-08-16 12:10:00,607.77,607.85,607.69,607.8,842.47
2026-08-16 12:15:00,607.79,607.95,607.75,607.94,596.71
2026-08-16 12:20:00,607.94,607.94,607.31,607.31,854.81
2026-08-16 12:25:00,607.32,607.33,607.17,607.17,266.39
2026-08-16 12:30:00,607.18,607.37,607.05,607.36,461.71
2026-08-16 12:35:00,607.37,607.53,607.36,607.53,265.67
2026-08-16 12:40:00,607.52,607.53,607.0,607.0,422.93
2026-08-16 12:45:00,607.0,607.48,607.0,607.47,213.4
2026-08-16 12:50:00,607.48,607.67,607.39,607.53,380.81
2026-08-16 12:55:00,607.52,607.63,607.37,607.62,448.27
2026-08-16 13:00:00,607.63,607.91,607.59,607.86,908.3
2026-08-16 13:05:00,607.85,608.65,607.85,608.51,1692.9
2026-08-16 13:10:00,608.5,608.68,608.24,608.27,587.94
2026-08-16 13:15:00,608.26,608.45,608.26,608.43,282.7
2026-08-16 13:20:00,608.42,608.42,608.22,608.23,228.97
2026-08-16 13:25:00,608.23,608.31,607.85,608.3,893.33
2026-08-16 13:30:00,608.3,608.59,608.3,608.48,469.25
2026-08-16 13:35:00,608.47,608.48,608.15,608.21,321.59
2026-08-16 13:40:00,608.21,608.37,608.21,608.23,211.39
2026-08-16 13:45:00,608.23,608.23,607.98,607.99,282.54
2026-08-16 13:50:00,607.99,608.01,607.74,607.75,493.22
2026-08-16 13:55:00,607.75,607.81,607.73,607.73,302.43
2026-08-16 14:00:00,607.74,607.9,607.55,607.87,1306.73
2026-08-16 14:05:00,607.86,608.13,607.84,607.99,902.19
2026-08-16 14:10:00,607.98,608.06,607.83,607.85,418.34
2026-08-16 14:15:00,607.85,608.28,607.84,608.22,552.48
2026-08-16 14:20:00,608.21,608.68,608.14,608.68,819.06
2026-08-16 14:25:00,608.67,608.68,608.39,608.41,498.56
2026-08-16 14:30:00,608.4,608.51,608.07,608.07,709.78
2026-08-16 14:35:00,608.07,608.38,608.07,608.1,755.29
2026-08-16 14:40:00,608.11,608.16,607.88,607.88,194.72
2026-08-16 14:45:00,607.88,608.01,607.87,608.01,274.9
2026-08-16 14:50:00,608.0,608.12,608.0,608.12,227.31
2026-08-16 14:55:00,608.12,608.12,608.02,608.03,201.49
2026-08-16 15:00:00,608.03,608.44,607.95,608.3,1362.06
2026-08-16 15:05:00,608.29,608.3,608.13,608.13,336.23
2026-08-16 15:10:00,608.13,608.38,607.99,608.14,480.75
2026-08-16 15:15:00,608.15,608.15,607.9,608.08,639.35
2026-08-16 15:20:00,608.08,608.09,607.88,607.88,173.9
2026-08-16 15:25:00,607.88,608.05,607.87,608.0,544.45
2026-08-16 15:30:00,608.0,608.03,607.91,607.97,181.5
2026-08-16 15:35:00,607.97,608.01,607.85,607.86,324.44
2026-08-16 15:40:00,607.86,607.86,607.3,607.36,1357.28
2026-08-16 15:45:00,607.35,607.7,607.35,607.7,676.27
2026-08-16 15:50:00,607.69,607.7,607.49,607.49,175.3
2026-08-16 15:55:00,607.49,607.74,607.47,607.73,304.37
2026-08-16 16:00:00,607.73,607.74,607.4,607.4,631.31
2026-08-16 16:05:00,607.41,607.41,607.19,607.27,520.06
2026-08-16 16:10:00,607.28,607.73,607.27,607.62,695.06
2026-08-16 16:15:00,607.62,608.43,607.62,608.43,1343.3
2026-08-16 16:20:00,608.43,608.44,607.72,608.01,1199.16
2026-08-16 16:25:00,608.01,608.2,607.82,607.93,1103.64
2026-08-16 16:30:00,607.93,608.23,607.91,607.91,567.48
2026-08-16 16:35:00,607.91,608.08,607.63,607.69,837.66
2026-08-16 16:40:00,607.7,607.7,607.38,607.66,670.45
2026-08-16 16:45:00,607.65,607.91,607.65,607.79,734.3
2026-08-16 16:50:00,607.79,607.83,607.4,607.83,576.23
2026-08-16 16:55:00,607.83,608.0,607.5,607.62,1601.3
2026-08-16 17:00:00,607.61,607.71,607.33,607.52,793.6
2026-08-16 17:05:00,607.53,607.56,607.45,607.51,292.76
2026-08-16 17:10:00,607.52,607.96,607.3,607.87,2856.22
2026-08-16 17:15:00,607.86,607.88,607.6,607.74,1056.21
2026-08-16 17:20:00,607.74,608.22,607.65,608.15,743.24
2026-08-16 17:25:00,608.14,608.15,607.32,607.42,800.91
2026-08-16 17:30:00,607.41,607.42,606.75,606.81,2322.25
2026-08-16 17:35:00,606.82,607.2,606.74,607.18,444.64
2026-08-16 17:40:00,607.18,607.18,606.7,606.7,379.82
2026-08-16 17:45:00,606.7,606.78,606.7,606.78,201.38
2026-08-16 17:50:00,606.78,607.04,606.77,606.81,660.07
2026-08-16 17:55:00,606.81,606.87,606.32,606.5,2193.71
2026-08-16 18:00:00,606.5,606.56,606.33,606.35,529.81
2026-08-16 18:05:00,606.35,606.5,606.21,606.5,579.63
2026-08-16 18:10:00,606.5,606.81,606.36,606.67,3960.08
2026-08-16 18:15:00,606.67,606.67,606.0,606.28,1628.58
2026-08-16 18:20:00,606.28,606.37,606.17,606.17,389.89
2026-08-16 18:25:00,606.18,606.18,605.85,606.01,678.87
2026-08-16 18:30:00,606.01,606.01,605.85,605.87,303.14
2026-08-16 18:35:00,605.87,606.01,605.8,605.96,698.19
2026-08-16 18:40:00,605.96,606.23,605.9,606.13,1552.87
2026-08-16 18:45:00,606.13,606.13,605.76,605.83,816.97
2026-08-16 18:50:00,605.83,605.88,605.62,605.62,480.09
2026-08-16 18:55:00,605.62,605.63,605.6,605.61,156.11
2026-08-16 19:00:00,605.62,605.94,605.62,605.88,645.3
2026-08-16 19:05:00,605.88,605.88,605.67,605.7,485.38
2026-08-16 19:10:00,605.7,605.99,605.59,605.72,2674.71
2026-08-16 19:15:00,605.73,605.8,605.67,605.8,247.36
2026-08-16 19:20:00,605.79,605.8,605.61,605.69,512.37
2026-08-16 19:25:00,605.69,606.54,605.69,606.43,1141.84
2026-08-16 19:30:00,606.43,606.5,606.36,606.49,239.65
2026-08-16 19:35:00,606.49,606.52,606.21,606.41,615.65
2026-08-16 19:40:00,606.41,606.7,606.33,606.37,2176.17
2026-08-16 19:45:00,606.38,606.42,606.32,606.4,337.99
2026-08-16 19:50:00,606.4,606.4,605.94,606.0,377.23
2026-08-16 19:55:00,606.0,606.58,605.99,606.41,1793.72
2026-08-16 20:00:00,606.41,606.45,605.89,606.0,888.13
2026-08-16 20:05:00,606.0,606.0,605.41,605.74,1843.43
2026-08-16 20:10:00,605.75,605.93,605.68,605.87,327.43
2026-08-16 20:15:00,605.87,605.88,605.77,605.78,94.93
2026-08-16 20:20:00,605.77,605.88,605.71,605.87,256.95
2026-08-16 20:25:00,605.88,605.97,605.69,605.91,928.12
2026-08-16 20:30:00,605.91,605.98,605.85,605.88,248.7
2026-08-16 20:35:00,605.87,606.07,605.82,605.83,1625.47
2026-08-16 20:40:00,605.82,606.34,605.39,605.4,3683.2
2026-08-16 20:45:00,605.4,605.57,605.39,605.55,874.66
2026-08-16 20:50:00,605.55,605.58,605.26,605.58,596.48
2026-08-16 20:55:00,605.58,606.01,605.27,605.83,2813.71
2026-08-16 21:00:00,605.84,605.84,605.43,605.57,454.6
2026-08-16 21:05:00,605.57,605.57,605.02,605.55,669.2
2026-08-16 21:10:00,605.54,605.55,604.7,605.22,1731.21
2026-08-16 21:15:00,605.22,605.36,605.14,605.35,308.72
2026-08-16 21:20:00,605.34,605.34,604.98,604.98,277.77
2026-08-16 21:25:00,604.97,605.46,604.93,605.34,1951.36
2026-08-16 21:30:00,605.34,605.35,604.8,605.1,2028.87
2026-08-16 21:35:00,605.1,605.15,604.17,604.26,1895.65
2026-08-16 21:40:00,604.26,604.53,603.52,604.52,4384.84
2026-08-16 21:45:00,604.51,604.82,604.2,604.69,899.7
2026-08-16 21:50:00,604.7,604.89,604.69,604.74,640.74
2026-08-16 21:55:00,604.73,604.95,604.17,604.26,2215.86
2026-08-16 22:00:00,604.27,604.47,603.65,603.99,2958.22
2026-08-16 22:05:00,604.0,604.26,603.92,604.26,523.35
2026-08-16 22:10:00,604.25,604.62,604.02,604.43,2555.61
2026-08-16 22:15:00,604.42,604.77,604.42,604.76,416.78
2026-08-16 22:20:00,604.76,604.84,604.51,604.54,822.43
2026-08-16 22:25:00,604.54,604.54,604.0,604.04,1376.81
2026-08-16 22:30:00,604.04,604.04,602.37,602.96,7579.6
2026-08-16 22:35:00,602.95,602.96,601.77,601.98,6435.28
2026-08-16 22:40:00,601.98,602.64,601.74,602.64,1119.26
2026-08-16 22:45:00,602.64,602.64,601.8,602.22,2318.3
2026-08-16 22:50:00,602.22,602.29,602.07,602.07,1044.13
2026-08-16 22:55:00,602.08,602.66,602.07,602.57,1012.82
2026-08-16 23:00:00,602.56,602.95,602.02,602.22,1879.45
2026-08-16 23:05:00,602.22,602.59,602.16,602.58,1209.86
2026-08-16 23:10:00,602.57,602.84,602.26,602.26,532.82
2026-08-16 23:15:00,602.25,602.49,602.25,602.49,487.45
2026-08-16 23:20:00,602.49,603.68,602.44,603.12,1913.32
2026-08-16 23:25:00,603.12,603.29,602.92,603.0,736.36
2026-08-16 23:30:00,603.0,603.21,603.0,603.09,545.12
2026-08-16 23:35:00,603.09,603.3,602.96,602.97,373.97
2026-08-16 23:40:00,602.97,603.86,602.97,603.86,800.02
2026-08-16 23:45:00,603.85,604.5,603.85,604.5,1492.68
2026-08-16 23:50:00,604.5,604.5,603.6,603.6,555.85
2026-08-16 23:55:00,603.61,603.61,603.16,603.32,1431.29
2026-08-17 00:00:00,603.31,603.34,602.86,603.24,3150.61
2026-08-17 00:05:00,603.24,603.27,602.27,602.27,1028.42
2026-08-17 00:10:00,602.26,602.66,601.95,602.66,1444.25
2026-08-17 00:15:00,602.66,602.68,602.13,602.26,799.15
2026-08-17 00:20:00,602.27,602.57,601.98,601.98,960.92
2026-08-17 00:25:00,601.99,602.39,601.27,602.39,4877.51
2026-08-17 00:30:00,602.4,602.48,601.94,602.04,1486.87
2026-08-17 00:35:00,602.04,602.46,601.85,602.45,810.27
2026-08-17 00:40:00,602.45,603.11,602.14,602.97,1169.29
2026-08-17 00:45:00,602.97,602.97,602.25,602.26,961.95
2026-08-17 00:50:00,602.26,602.4,602.11,602.3,509.23
2026-08-17 00:55:00,602.3,603.0,602.3,602.9,502.48
2026-08-17 01:00:00,602.89,604.62,602.73,604.51,2068.51
2026-08-17 01:05:00,604.52,605.13,604.19,604.25,1752.46
2026-08-17 01:10:00,604.25,604.25,603.78,604.0,839.88
2026-08-17 01:15:00,604.0,604.7,603.79,604.55,934.55
2026-08-17 01:20:00,604.55,605.01,604.47,604.97,844.19
2026-08-17 01:25:00,604.97,605.29,604.96,604.97,784.14
2026-08-17 01:30:00,604.97,605.51,604.85,604.94,1086.7
2026-08-17 01:35:00,604.93,605.12,604.28,604.6,985.78
2026-08-17 01:40:00,604.6,605.05,604.59,604.69,816.66
2026-08-17 01:45:00,604.69,604.82,604.3,604.7,439.09
2026-08-17 01:50:00,604.69,604.69,603.69,603.69,1165.4
2026-08-17 01:55:00,603.69,603.8,602.92,603.63,2456.57
2026-08-17 02:00:00,603.64,603.97,602.5,602.51,1141.87
2026-08-17 02:05:00,602.51,602.96,602.51,602.92,1696.04
2026-08-17 02:10:00,602.92,602.98,602.43,602.88,1466.78
2026-08-17 02:15:00,602.89,602.92,602.59,602.83,727.64
2026-08-17 02:20:00,602.84,603.05,602.72,602.73,712.99
2026-08-17 02:25:00,602.73,603.4,602.72,603.35,597.63
2026-08-17 02:30:00,603.36,604.14,603.0,604.07,2181.34
2026-08-17 02:35:00,604.06,604.3,603.8,603.91,1039.05
2026-08-17 02:40:00,603.91,604.69,603.91,603.96,1177.76
2026-08-17 02:45:00,603.96,604.69,603.9,604.69,916.52
2026-08-17 02:50:00,604.69,606.1,604.68,605.21,4121.42
2026-08-17 02:55:00,605.21,605.3,604.93,605.06,1561.85
2026-08-17 03:00:00,605.06,605.26,604.82,605.22,1237.92
2026-08-17 03:05:00,605.22,605.49,605.04,605.22,753.52
2026-08-17 03:10:00,605.21,605.22,604.86,605.2,603.84
2026-08-17 03:15:00,605.2,605.22,604.76,604.76,589.27
2026-08-17 03:20:00,604.76,604.77,604.43,604.51,838.71
2026-08-17 03:25:00,604.5,604.67,604.5,604.66,413.18
2026-08-17 03:30:00,604.67,604.7,604.59,604.66,347.91
2026-08-17 03:35:00,604.66,604.83,604.54,604.83,440.18
2026-08-17 03:40:00,604.83,605.15,604.65,605.1,539.55
2026-08-17 03:45:00,605.11,605.5,605.08,605.26,1442.35
2026-08-17 03:50:00,605.25,605.75,605.24,605.74,689.13
2026-08-17 03:55:00,605.75,605.93,605.41,605.49,638.92
2026-08-17 04:00:00,605.5,605.85,605.5,605.57,627.17
2026-08-17 04:05:00,605.58,605.66,605.47,605.47,727.96
2026-08-17 04:10:00,605.48,605.71,605.47,605.68,792.73
2026-08-17 04:15:00,605.68,605.68,605.2,605.29,686.57
2026-08-17 04:20:00,605.29,605.71,605.28,605.48,385.22
2026-08-17 04:25:00,605.48,605.5,605.33,605.43,698.53
2026-08-17 04:30:00,605.43,605.56,605.38,605.52,292.4
2026-08-17 04:35:00,605.51,606.04,605.5,605.77,2010.09
2026-08-17 04:40:00,605.77,606.25,605.77,606.0,2729.87
2026-08-17 04:45:00,606.0,606.4,606.0,606.26,932.3
2026-08-17 04:50:00,606.25,606.44,605.92,606.18,785.96
2026-08-17 04:55:00,606.17,606.66,606.17,606.64,1883.22
2026-08-17 05:00:00,606.64,606.97,606.49,606.55,3574.87
2026-08-17 05:05:00,606.55,606.55,606.03,606.04,1036.72
2026-08-17 05:10:00,606.03,606.78,605.87,606.77,1417.29
2026-08-17 05:15:00,606.78,607.18,606.78,607.06,1405.68
2026-08-17 05:20:00,607.07,607.08,606.63,606.63,856.24
2026-08-17 05:25:00,606.63,606.64,606.15,606.21,512.57
2026-08-17 05:30:00,606.2,606.33,606.02,606.07,622.97
2026-08-17 05:35:00,606.07,606.08,605.8,605.8,629.79
2026-08-17 05:40:00,605.81,606.04,605.6,605.94,1017.58
2026-08-17 05:45:00,605.95,605.95,605.75,605.93,362.92
2026-08-17 05:50:00,605.94,605.94,605.85,605.92,221.86
2026-08-17 05:55:00,605.92,605.98,605.85,605.92,285.2
2026-08-17 06:00:00,605.92,606.13,605.83,605.96,558.85
2026-08-17 06:05:00,605.97,606.21,605.96,606.01,620.93
2026-08-17 06:10:00,606.01,606.28,605.92,606.28,706.3
2026-08-17 06:15:00,606.28,606.33,606.04,606.05,371.67
2026-08-17 06:20:00,606.05,606.26,606.02,606.18,637.97
2026-08-17 06:25:00,606.18,606.4,605.91,606.29,1553.68
2026-08-17 06:30:00,606.29,606.43,606.16,606.21,358.32
2026-08-17 06:35:00,606.22,606.25,606.07,606.21,565.7
2026-08-17 06:40:00,606.21,606.76,606.21,606.61,2369.81
2026-08-17 06:45:00,606.61,607.68,606.6,607.28,2744.78
2026-08-17 06:50:00,607.28,607.34,606.45,606.45,792.09
2026-08-17 06:55:00,606.45,606.88,606.44,606.8,545.07
2026-08-17 07:00:00,606.81,606.88,606.24,606.39,812.64
2026-08-17 07:05:00,606.4,606.4,606.26,606.26,339.14
2026-08-17 07:10:00,606.27,606.39,606.02,606.19,590.83
2026-08-17 07:15:00,606.19,606.4,606.0,606.22,957.12
2026-08-17 07:20:00,606.22,606.39,606.2,606.34,263.04
2026-08-17 07:25:00,606.34,606.56,606.28,606.53,610.63
2026-08-17 07:30:00,606.54,606.54,605.88,605.99,646.48
2026-08-17 07:35:00,605.98,606.26,605.19,605.83,3877.46
2026-08-17 07:40:00,605.84,605.84,605.48,605.55,664.32
2026-08-17 07:45:00,605.55,605.67,605.33,605.44,915.13
2026-08-17 07:50:00,605.43,605.43,605.13,605.25,1124.97
2026-08-17 07:55:00,605.25,605.46,605.21,605.31,1640.39
2026-08-17 08:00:00,605.32,605.55,605.2,605.21,1321.14
2026-08-17 08:05:00,605.21,605.21,604.68,604.76,1484.69
2026-08-17 08:10:00,604.76,604.85,604.47,604.61,1128.52
2026-08-17 08:15:00,604.61,605.36,604.52,605.33,1176.17
2026-08-17 08:20:00,605.33,605.44,605.01,605.44,765.93
2026-08-17 08:25:00,605.44,605.74,605.43,605.74,861.42
2026-08-17 08:30:00,605.73,605.79,605.64,605.72,774.59
2026-08-17 08:35:00,605.73,605.75,605.39,605.64,719.86
2026-08-17 08:40:00,605.64,605.78,605.41,605.61,3030.36
2026-08-17 08:45:00,605.61,605.62,605.28,605.56,1833.66
2026-08-17 08:50:00,605.56,605.61,605.47,605.48,656.07
2026-08-17 08:55:00,605.47,605.54,604.97,605.24,1839.66
2026-08-17 09:00:00,605.24,605.38,605.24,605.33,378.99
2026-08-17 09:05:00,605.32,605.41,605.31,605.37,362.08
2026-08-17 09:10:00,605.37,605.49,604.87,605.18,2319.9
2026-08-17 09:15:00,605.19,605.24,604.93,605.19,1140.48
2026-08-17 09:20:00,605.2,605.2,604.87,605.02,640.97
2026-08-17 09:25:00,605.03,605.1,604.69,604.87,1388.3
2026-08-17 09:30:00,604.87,604.87,604.16,604.21,1326.75
2026-08-17 09:35:00,604.22,604.22,604.0,604.01,1222.45
2026-08-17 09:40:00,604.0,604.14,604.0,604.05,466.17
2026-08-17 09:45:00,604.05,604.35,604.04,604.27,1630.61
2026-08-17 09:50:00,604.28,604.51,604.27,604.51,474.73
2026-08-17 09:55:00,604.51,604.66,604.5,604.65,352.59
2026-08-17 10:00:00,604.65,604.66,604.33,604.57,776.63
2026-08-17 10:05:00,604.57,604.86,604.56,604.8,702.61
2026-08-17 10:10:00,604.79,604.94,604.58,604.58,424.57
2026-08-17 10:15:00,604.58,604.82,603.8,604.13,5744.29
2026-08-17 10:20:00,604.13,604.47,604.13,604.46,377.58
2026-08-17 10:25:00,604.46,605.16,604.34,605.15,1563.49
2026-08-17 10:30:00,605.15,605.36,605.09,605.12,1015.48
2026-08-17 10:35:00,605.11,605.48,605.11,605.34,739.89
2026-08-17 10:40:00,605.35,605.76,605.29,605.73,1457.22
2026-08-17 10:45:00,605.74,605.97,605.17,605.23,1295.9
2026-08-17 10:50:00,605.24,605.45,605.17,605.44,492.98
2026-08-17 10:55:00,605.45,605.64,605.43,605.6,484.14
2026-08-17 11:00:00,605.59,605.84,605.52,605.63,704.06
2026-08-17 11:05:00,605.63,605.67,605.55,605.67,487.5
2026-08-17 11:10:00,605.67,605.89,605.37,605.58,1240.15
2026-08-17 11:15:00,605.58,605.58,605.18,605.19,276.62
2026-08-17 11:20:00,605.18,605.32,605.18,605.28,540.2
2026-08-17 11:25:00,605.28,605.28,605.08,605.09,237.94
2026-08-17 11:30:00,605.08,605.18,605.08,605.13,227.59
2026-08-17 11:35:00,605.14,605.14,604.99,605.06,845.2
2026-08-17 11:40:00,605.07,605.15,605.04,605.14,403.05
2026-08-17 11:45:00,605.15,605.8,605.14,605.59,467.46
2026-08-17 11:50:00,605.59,605.6,605.36,605.46,375.28
2026-08-17 11:55:00,605.46,605.54,605.12,605.28,523.29
2026-08-17 12:00:00,605.29,605.34,604.93,604.93,576.72
2026-08-17 12:05:00,604.93,605.01,604.89,604.91,701.29
2026-08-17 12:10:00,604.91,605.19,604.91,605.15,575.74
2026-08-17 12:15:00,605.16,605.16,604.85,604.92,458.49
2026-08-17 12:20:00,604.93,605.02,604.92,604.97,467.99
2026-08-17 12:25:00,604.97,604.97,604.5,604.83,690.51
2026-08-17 12:30:00,604.83,605.02,604.82,605.0,394.13
2026-08-17 12:35:00,605.0,605.04,604.74,604.74,322.2
2026-08-17 12:40:00,604.74,604.89,604.55,604.58,928.59
2026-08-17 12:45:00,604.59,604.86,604.5,604.5,1020.87
2026-08-17 12:50:00,604.51,604.51,604.33,604.35,302.88
2026-08-17 12:55:00,604.35,604.49,604.33,604.35,400.64
2026-08-17 13:00:00,604.35,604.36,604.22,604.27,449.35
2026-08-17 13:05:00,604.27,604.53,604.27,604.53,402.55
2026-08-17 13:10:00,604.53,604.65,604.49,604.57,554.72
2026-08-17 13:15:00,604.57,604.58,604.24,604.29,693.58
2026-08-17 13:20:00,604.29,604.3,604.2,604.28,524.69
2026-08-17 13:25:00,604.28,604.49,604.28,604.48,346.74
2026-08-17 13:30:00,604.49,606.11,604.48,605.63,2122.63
2026-08-17 13:35:00,605.63,606.35,605.57,606.07,1409.45
2026-08-17 13:40:00,606.08,606.58,606.03,606.18,2822.3
2026-08-17 13:45:00,606.18,607.0,605.96,607.0,2868.62
2026-08-17 13:50:00,607.0,607.35,605.57,606.59,4985.2
2026-08-17 13:55:00,606.6,606.7,606.17,606.27,800.48
2026-08-17 14:00:00,606.27,606.27,605.94,605.98,1070.52
2026-08-17 14:05:00,605.98,606.02,605.34,605.69,1749.71
2026-08-17 14:10:00,605.69,606.0,605.62,605.73,931.22
2026-08-17 14:15:00,605.72,606.0,605.29,605.69,847.24
2026-08-17 14:20:00,605.68,605.74,605.3,605.53,1242.64
2026-08-17 14:25:00,605.53,605.98,605.38,605.61,2731.64
2026-08-17 14:30:00,605.61,606.52,605.61,605.92,3134.26
2026-08-17 14:35:00,605.93,605.93,605.39,605.4,587.72
2026-08-17 14:40:00,605.39,605.68,605.33,605.58,2122.57
2026-08-17 14:45:00,605.58,606.7,605.51,606.7,944.33
2026-08-17 14:50:00,606.7,607.56,606.58,606.86,2622.27
2026-08-17 14:55:00,606.86,608.0,606.86,607.72,3302.83
2026-08-17 15:00:00,607.72,607.72,607.11,607.28,1202.77
2026-08-17 15:05:00,607.28,607.63,607.01,607.18,1169.08
2026-08-17 15:10:00,607.18,607.31,606.56,606.56,1483.17
2026-08-17 15:15:00,606.55,606.78,606.35,606.36,699.83
2026-08-17 15:20:00,606.35,606.63,606.32,606.53,1112.28
2026-08-17 15:25:00,606.54,607.39,606.53,607.16,989.47
2026-08-17 15:30:00,607.17,607.22,606.84,606.85,721.29
2026-08-17 15:35:00,606.85,607.13,606.78,606.78,701.51
2026-08-17 15:40:00,606.78,606.88,606.6,606.77,827.52
2026-08-17 15:45:00,606.77,607.74,606.77,607.48,1153.32
2026-08-17 15:50:00,607.49,608.18,607.17,607.77,3784.75
2026-08-17 15:55:00,607.76,607.77,607.27,607.47,1017.69
2026-08-17 16:00:00,607.47,607.7,607.34,607.44,1054.71
2026-08-17 16:05:00,607.45,607.81,607.42,607.58,1827.34
2026-08-17 16:10:00,607.57,607.58,607.37,607.48,555.01
2026-08-17 16:15:00,607.47,607.75,607.38,607.62,653.68
2026-08-17 16:20:00,607.63,607.65,607.38,607.48,593.92
2026-08-17 16:25:00,607.48,607.53,607.36,607.46,845.01
2026-08-17 16:30:00,607.45,607.72,607.45,607.66,605.71
2026-08-17 16:35:00,607.66,608.11,607.62,608.03,837.62
2026-08-17 16:40:00,608.03,608.04,607.93,607.96,755.26
2026-08-17 16:45:00,607.96,608.27,607.75,608.27,2447.15
2026-08-17 16:50:00,608.26,608.33,607.66,607.66,1771.52
2026-08-17 16:55:00,607.65,608.18,607.48,607.92,1643.31
2026-08-17 17:00:00,607.92,607.92,607.29,607.3,1013.8
2026-08-17 17:05:00,607.29,607.43,607.23,607.42,557.2
2026-08-17 17:10:00,607.42,607.45,606.88,606.88,986.46
2026-08-17 17:15:00,606.88,608.05,606.72,607.97,1195.01
2026-08-17 17:20:00,607.97,608.19,607.53,607.53,2271.89
2026-08-17 17:25:00,607.53,607.53,606.76,606.77,1187.09
2026-08-17 17:30:00,606.76,606.77,606.08,606.2,1199.27
2026-08-17 17:35:00,606.2,606.58,606.0,606.51,1066.15
2026-08-17 17:40:00,606.51,606.77,606.49,606.5,663.59
2026-08-17 17:45:00,606.51,606.8,606.46,606.6,492.0
2026-08-17 17:50:00,606.6,606.73,606.48,606.53,762.8
2026-08-17 17:55:00,606.53,606.62,606.45,606.45,415.62
2026-08-17 18:00:00,606.45,606.65,606.3,606.6,1513.53
2026-08-17 18:05:00,606.61,606.61,606.39,606.4,397.34
2026-08-17 18:10:00,606.39,606.78,606.33,606.47,2090.78
2026-08-17 18:15:00,606.48,607.21,606.48,606.67,1439.71
2026-08-17 18:20:00,606.66,607.71,606.54,607.24,2282.82
2026-08-17 18:25:00,607.24,607.56,607.08,607.14,1073.14
2026-08-17 18:30:00,607.14,607.2,606.64,606.72,708.85
2026-08-17 18:35:00,606.71,607.01,606.64,606.64,422.2
2026-08-17 18:40:00,606.64,606.77,606.51,606.68,243.01
2026-08-17 18:45:00,606.69,606.69,606.54,606.69,629.95
2026-08-17 18:50:00,606.69,606.96,606.6,606.6,630.12
2026-08-17 18:55:00,606.61,606.8,606.61,606.73,241.04
2026-08-17 19:00:00,606.73,606.73,606.22,606.28,725.72
2026-08-17 19:05:00,606.27,606.42,606.13,606.28,561.39
2026-08-17 19:10:00,606.28,606.28,605.62,605.65,1161.76
2026-08-17 19:15:00,605.64,606.04,605.64,605.75,586.51
2026-08-17 19:20:00,605.75,605.84,605.69,605.83,480.85
2026-08-17 19:25:00,605.84,606.1,605.76,605.91,771.67
2026-08-17 19:30:00,605.91,605.91,605.25,605.25,848.02
2026-08-17 19:35:00,605.26,605.99,605.25,605.99,535.18
2026-08-17 19:40:00,605.98,606.0,605.58,605.71,731.82
2026-08-17 19:45:00,605.71,605.72,605.53,605.58,252.95
2026-08-17 19:50:00,605.58,605.59,605.49,605.53,318.93
2026-08-17 19:55:00,605.53,605.63,605.48,605.62,312.23
2026-08-17 20:00:00,605.62,605.63,605.46,605.49,540.21
2026-08-17 20:05:00,605.5,605.5,605.4,605.4,234.11
2026-08-17 20:10:00,605.41,605.45,605.4,605.41,188.9
2026-08-17 20:15:00,605.41,605.55,605.31,605.52,431.76
2026-08-17 20:20:00,605.52,605.84,605.51,605.76,670.12
2026-08-17 20:25:00,605.76,606.11,605.76,606.0,300.87
2026-08-17 20:30:00,606.0,606.0,605.82,605.82,189.83
2026-08-17 20:35:00,605.83,605.83,605.73,605.73,187.98
2026-08-17 20:40:00,605.73,605.95,605.7,605.94,840.69
2026-08-17 20:45:00,605.93,605.98,605.81,605.81,953.23
2026-08-17 20:50:00,605.81,605.82,605.67,605.74,251.86
2026-08-17 20:55:00,605.74,606.08,605.74,605.91,954.84
2026-08-17 21:00:00,605.9,606.4,605.9,606.38,544.94
2026-08-17 21:05:00,606.38,606.38,606.31,606.32,185.88
2026-08-17 21:10:00,606.31,606.32,606.09,606.12,328.77
2026-08-17 21:15:00,606.12,606.15,606.08,606.08,170.03
2026-08-17 21:20:00,606.08,606.09,605.85,605.85,101.7
2026-08-17 21:25:00,605.86,605.86,605.76,605.76,241.39
2026-08-17 21:30:00,605.77,605.79,605.57,605.78,609.21
2026-08-17 21:35:00,605.78,605.78,605.36,605.39,517.48
2026-08-17 21:40:00,605.38,605.64,605.34,605.62,422.62
2026-08-17 21:45:00,605.63,605.63,605.55,605.55,225.33
2026-08-17 21:50:00,605.55,605.58,605.5,605.5,313.12
2026-08-17 21:55:00,605.5,605.51,605.35,605.42,285.03
2026-08-17 22:00:00,605.42,605.79,605.42,605.48,1089.51
2026-08-17 22:05:00,605.49,605.51,605.35,605.36,313.78
2026-08-17 22:10:00,605.35,605.36,605.28,605.28,245.15
2026-08-17 22:15:00,605.28,605.29,605.19,605.19,365.07
2026-08-17 22:20:00,605.19,605.29,605.16,605.29,795.67
2026-08-17 22:25:00,605.29,605.29,605.15,605.15,1713.86
2026-08-17 22:30:00,605.16,605.16,605.12,605.13,258.16
2026-08-17 22:35:00,605.13,605.29,605.12,605.18,311.6
2026-08-17 22:40:00,605.18,605.21,605.07,605.08,721.78
2026-08-17 22:45:00,605.08,605.09,605.05,605.05,162.84
2026-08-17 22:50:00,605.06,605.13,605.03,605.08,361.44
2026-08-17 22:55:00,605.08,605.2,605.0,605.14,1737.35
2026-08-17 23:00:00,605.14,605.14,604.64,604.98,1467.14
2026-08-17 23:05:00,604.98,605.28,604.96,605.28,495.12
2026-08-17 23:10:00,605.27,605.57,605.27,605.54,505.18
2026-08-17 23:15:00,605.54,605.55,605.43,605.54,391.45
2026-08-17 23:20:00,605.55,605.79,605.43,605.79,1402.09
2026-08-17 23:25:00,605.79,605.99,605.53,605.7,2395.12
2026-08-17 23:30:00,605.7,606.8,605.57,606.8,3247.21
2026-08-17 23:35:00,606.79,606.8,606.33,606.38,570.98
2026-08-17 23:40:00,606.37,606.38,606.13,606.35,376.65
2026-08-17 23:45:00,606.36,606.36,606.08,606.09,720.8
2026-08-17 23:50:00,606.1,606.16,606.1,606.14,357.54
2026-08-17 23:55:00,606.14,606.2,605.99,606.12,1004.65
2026-08-18 00:00:00,606.13,606.35,605.85,605.94,1770.49
2026-08-18 00:05:00,605.93,606.03,605.85,606.02,623.34
2026-08-18 00:10:00,606.02,606.03,605.91,605.92,471.91
2026-08-18 00:15:00,605.91,606.24,605.91,606.21,566.07
2026-08-18 00:20:00,606.2,606.21,606.04,606.07,484.68
2026-08-18 00:25:00,606.07,606.07,605.88,606.07,590.27
2026-08-18 00:30:00,606.07,606.07,605.9,605.91,266.15
2026-08-18 00:35:00,605.91,605.91,605.7,605.7,608.69
2026-08-18 00:40:00,605.7,605.71,605.6,605.62,651.67
2026-08-18 00:45:00,605.62,605.62,605.46,605.46,701.04
2026-08-18 00:50:00,605.47,605.91,605.45,605.5,1141.46
2026-08-18 00:55:00,605.51,605.62,605.5,605.59,449.29
2026-08-18 01:00:00,605.59,606.12,605.4,605.4,1910.74
2026-08-18 01:05:00,605.4,605.41,605.02,605.04,1991.68
2026-08-18 01:10:00,605.04,605.29,605.03,605.1,478.56
2026-08-18 01:15:00,605.09,605.25,604.97,604.97,1046.89
2026-08-18 01:20:00,604.98,604.98,604.83,604.87,528.54
2026-08-18 01:25:00,604.88,605.02,604.77,605.0,567.28
2026-08-18 01:30:00,605.0,605.05,604.99,605.04,191.49
2026-08-18 01:35:00,605.04,605.05,604.87,605.0,312.7
2026-08-18 01:40:00,605.0,605.0,604.55,604.66,1115.19
2026-08-18 01:45:00,604.65,604.66,604.49,604.51,570.37
2026-08-18 01:50:00,604.5,604.51,604.01,604.18,1165.11
2026-08-18 01:55:00,604.18,604.33,603.88,604.32,2625.92
2026-08-18 02:00:00,604.33,604.38,604.0,604.02,898.5
2026-08-18 02:05:00,604.02,604.12,603.97,604.1,823.68
2026-08-18 02:10:00,604.11,604.11,603.3,603.48,2058.4
2026-08-18 02:15:00,603.48,603.49,603.07,603.32,1853.93
2026-08-18 02:20:00,603.32,603.64,603.32,603.64,1356.43
2026-08-18 02:25:00,603.64,603.64,603.19,603.19,1571.61
2026-08-18 02:30:00,603.2,603.27,603.0,603.05,2754.21
2026-08-18 02:35:00,603.05,603.24,602.85,603.18,1783.69
2026-08-18 02:40:00,603.17,603.38,602.96,603.01,1255.22
2026-08-18 02:45:00,603.01,603.28,602.41,603.27,3864.91
2026-08-18 02:50:00,603.27,603.45,603.09,603.31,1055.16
2026-08-18 02:55:00,603.31,603.4,602.75,603.4,1133.65
2026-08-18 03:00:00,603.4,603.65,603.29,603.46,1093.83
2026-08-18 03:05:00,603.45,603.53,603.4,603.46,901.04
2026-08-18 03:10:00,603.47,603.47,603.35,603.36,363.15
2026-08-18 03:15:00,603.35,603.66,603.28,603.66,772.34
2026-08-18 03:20:00,603.66,603.69,603.32,603.56,873.84
2026-08-18 03:25:00,603.55,603.69,603.47,603.55,793.11
2026-08-18 03:30:00,603.54,603.74,603.25,603.74,712.11
2026-08-18 03:35:00,603.73,603.86,603.63,603.84,751.43
2026-08-18 03:40:00,603.84,604.0,603.84,603.95,829.8
2026-08-18 03:45:00,603.96,603.96,603.7,603.7,492.12
2026-08-18 03:50:00,603.71,603.88,603.7,603.88,359.86
2026-08-18 03:55:00,603.88,603.95,603.78,603.94,348.38
2026-08-18 04:00:00,603.95,603.95,603.3,603.43,1124.36
2026-08-18 04:05:00,603.43,603.58,603.42,603.48,407.97
2026-08-18 04:10:00,603.48,603.58,603.41,603.57,403.74
2026-08-18 04:15:00,603.57,603.59,603.44,603.56,417.2
2026-08-18 04:20:00,603.55,603.59,603.46,603.5,413.2
2026-08-18 04:25:00,603.49,603.5,603.44,603.47,194.03
2026-08-18 04:30:00,603.48,603.8,603.47,603.79,586.56
2026-08-18 04:35:00,603.8,604.22,603.79,604.0,791.6
2026-08-18 04:40:00,604.01,604.01,603.77,603.78,660.08
2026-08-18 04:45:00,603.77,603.78,603.55,603.55,457.23
2026-08-18 04:50:00,603.55,603.7,603.55,603.7,377.13
2026-08-18 04:55:00,603.71,603.8,603.7,603.8,306.89
2026-08-18 05:00:00,603.79,603.8,603.69,603.7,322.78
2026-08-18 05:05:00,603.7,604.26,603.69,604.22,919.98
2026-08-18 05:10:00,604.22,604.22,603.81,603.93,843.65
2026-08-18 05:15:00,603.92,604.11,603.92,604.04,286.95
2026-08-18 05:20:00,604.03,604.04,603.73,603.74,233.41
2026-08-18 05:25:00,603.73,603.81,603.71,603.76,930.08
2026-08-18 05:30:00,603.77,603.77,603.48,603.61,1210.92
2026-08-18 05:35:00,603.61,603.61,603.47,603.58,507.52
2026-08-18 05:40:00,603.57,603.72,603.49,603.72,357.65
2026-08-18 05:45:00,603.72,603.72,603.66,603.68,342.54
2026-08-18 05:50:00,603.68,603.68,603.61,603.61,313.85
2026-08-18 05:55:00,603.61,604.23,603.53,603.99,1430.68
2026-08-18 06:00:00,604.0,604.02,603.71,603.94,822.61
2026-08-18 06:05:00,603.94,603.99,603.67,603.71,545.29
2026-08-18 06:10:00,603.72,603.98,603.67,603.92,507.3
2026-08-18 06:15:00,603.92,604.45,603.92,604.33,680.08
2026-08-18 06:20:00,604.32,604.8,604.28,604.8,597.4
2026-08-18 06:25:00,604.79,605.24,604.79,605.12,1587.96
2026-08-18 06:30:00,605.11,605.31,605.11,605.23,705.56
2026-08-18 06:35:00,605.22,605.45,605.22,605.36,688.15
2026-08-18 06:40:00,605.36,605.54,605.32,605.41,1523.34
2026-08-18 06:45:00,605.41,605.44,604.99,605.0,589.34
2026-08-18 06:50:00,605.0,605.0,604.52,604.52,740.62
2026-08-18 06:55:00,604.53,604.61,604.47,604.61,531.37
2026-08-18 07:00:00,604.61,604.7,604.4,604.41,512.23
2026-08-18 07:05:00,604.41,604.41,604.31,604.36,512.44
2026-08-18 07:10:00,604.36,604.39,604.35,604.38,285.3
2026-08-18 07:15:00,604.37,604.38,604.2,604.25,349.7
2026-08-18 07:20:00,604.25,604.25,604.16,604.17,309.63
2026-08-18 07:25:00,604.16,604.19,604.05,604.05,296.92
2026-08-18 07:30:00,604.05,604.08,603.82,604.04,986.76
2026-08-18 07:35:00,604.05,604.18,603.9,604.05,666.53
2026-08-18 07:40:00,604.06,604.06,603.83,603.83,232.34
2026-08-18 07:45:00,603.84,603.84,603.65,603.65,571.22
2026-08-18 07:50:00,603.65,603.65,603.5,603.61,788.89
2026-08-18 07:55:00,603.61,603.88,603.6,603.68,931.98
2026-08-18 08:00:00,603.68,603.69,602.92,602.92,2541.24
2026-08-18 08:05:00,602.92,602.92,602.33,602.68,3032.38
2026-08-18 08:10:00,602.69,602.89,602.51,602.88,943.96
2026-08-18 08:15:00,602.88,603.39,602.88,603.38,883.87
2026-08-18 08:20:00,603.39,603.41,602.9,603.07,957.34
2026-08-18 08:25:00,603.07,603.37,603.07,603.12,895.05
2026-08-18 08:30:00,603.13,603.36,603.07,603.21,670.66
2026-08-18 08:35:00,603.22,603.52,603.21,603.52,379.23
2026-08-18 08:40:00,603.51,603.52,603.31,603.31,1129.46
2026-08-18 08:45:00,603.31,603.32,603.21,603.21,543.56
2026-08-18 08:50:00,603.21,603.41,603.11,603.2,900.3
2026-08-18 08:55:00,603.2,603.25,602.99,603.01,543.93
2026-08-18 09:00:00,603.02,603.03,602.83,603.0,607.67
2026-08-18 09:05:00,602.99,603.15,602.99,603.12,497.35
2026-08-18 09:10:00,603.12,603.13,602.98,603.01,452.31
2026-08-18 09:15:00,603.01,603.02,602.58,602.66,1141.9
2026-08-18 09:20:00,602.66,602.76,602.43,602.46,1806.67
2026-08-18 09:25:00,602.46,602.47,601.91,601.91,3147.08
2026-08-18 09:30:00,601.91,601.92,601.41,601.92,4516.96
2026-08-18 09:35:00,601.92,601.97,601.41,601.65,2067.9
2026-08-18 09:40:00,601.65,601.76,601.65,601.75,1159.74
2026-08-18 09:45:00,601.75,601.91,601.75,601.91,745.3
2026-08-18 09:50:00,601.91,601.91,601.46,601.62,2160.66
2026-08-18 09:55:00,601.62,601.62,601.54,601.56,746.7
2026-08-18 10:00:00,601.57,601.89,601.43,601.71,1504.0
2026-08-18 10:05:00,601.7,601.71,601.43,601.44,520.84
2026-08-18 10:10:00,601.44,601.64,601.32,601.56,1112.57
2026-08-18 10:15:00,601.55,601.64,601.5,601.64,527.06
2026-08-18 10:20:00,601.64,601.64,601.4,601.47,466.23
2026-08-18 10:25:00,601.48,601.7,601.42,601.51,1402.95
2026-08-18 10:30:00,601.51,601.65,601.51,601.56,562.83
2026-08-18 10:35:00,601.56,601.67,601.43,601.44,813.78
2026-08-18 10:40:00,601.44,601.84,601.42,601.79,1201.49
2026-08-18 10:45:00,601.78,601.92,601.57,601.77,1237.37
2026-08-18 10:50:00,601.76,601.84,601.7,601.76,539.29
2026-08-18 10:55:00,601.75,601.89,601.5,601.5,770.58
2026-08-18 11:00:00,601.5,601.95,601.46,601.76,1240.69
2026-08-18 11:05:00,601.75,601.76,601.65,601.74,300.31
2026-08-18 11:10:00,601.75,602.32,601.74,602.16,898.1
2026-08-18 11:15:00,602.15,602.59,602.15,602.47,1714.03
2026-08-18 11:20:00,602.47,602.75,602.46,602.68,663.26
2026-08-18 11:25:00,602.68,602.73,602.53,602.54,423.0
2026-08-18 11:30:00,602.54,602.54,602.26,602.34,971.92
2026-08-18 11:35:00,602.34,603.11,602.32,603.01,1586.6
2026-08-18 11:40:00,603.01,603.02,602.7,602.7,288.21
2026-08-18 11:45:00,602.7,602.71,602.62,602.62,558.29
2026-08-18 11:50:00,602.62,602.62,602.5,602.6,739.45
2026-08-18 11:55:00,602.59,602.6,602.49,602.49,255.4
2026-08-18 12:00:00,602.5,602.5,602.24,602.24,522.31
2026-08-18 12:05:00,602.24,602.38,602.0,602.01,658.32
2026-08-18 12:10:00,602.01,602.01,601.8,601.8,641.54
2026-08-18 12:15:00,601.8,601.81,601.55,601.55,882.1
2026-08-18 12:20:00,601.55,602.11,601.55,601.89,675.03
2026-08-18 12:25:00,601.89,601.96,601.85,601.9,338.42
2026-08-18 12:30:00,601.91,602.07,601.88,601.89,321.09
2026-08-18 12:35:00,601.88,602.01,601.72,601.76,724.95
2026-08-18 12:40:00,601.76,601.77,601.71,601.71,218.75
2026-08-18 12:45:00,601.71,601.72,601.63,601.63,250.53
2026-08-18 12:50:00,601.63,601.77,601.63,601.63,397.69
2026-08-18 12:55:00,601.64,601.64,601.58,601.58,539.38
2026-08-18 13:00:00,601.59,601.59,600.6,601.22,4584.9
2026-08-18 13:05:00,601.21,601.28,600.89,600.92,1130.88
2026-08-18 13:10:00,600.92,600.98,600.91,600.97,321.97
2026-08-18 13:15:00,600.98,601.26,600.7,600.71,654.33
2026-08-18 13:20:00,600.7,600.71,600.52,600.52,921.24
2026-08-18 13:25:00,600.52,600.7,600.18,600.46,3155.85
2026-08-18 13:30:00,600.45,601.22,600.18,600.41,3070.96
2026-08-18 13:35:00,600.41,601.36,600.21,601.36,2113.03
2026-08-18 13:40:00,601.36,601.38,601.0,601.04,844.33
2026-08-18 13:45:00,601.04,601.11,600.79,600.93,715.03
2026-08-18 13:50:00,600.93,601.15,600.3,600.3,892.42
2026-08-18 13:55:00,600.3,600.7,600.22,600.64,919.48
2026-08-18 14:00:00,600.63,601.56,600.57,601.55,1455.15
2026-08-18 14:05:00,601.56,601.96,601.37,601.37,3106.27
2026-08-18 14:10:00,601.37,601.37,600.99,601.33,861.85
2026-08-18 14:15:00,601.34,602.47,601.34,602.36,2755.0
2026-08-18 14:20:00,602.36,603.37,602.27,603.36,3395.95
2026-08-18 14:25:00,603.36,604.22,603.17,603.95,6934.63
2026-08-18 14:30:00,603.96,604.5,603.15,603.89,8594.75
2026-08-18 14:35:00,603.89,603.98,603.0,603.0,2227.23
2026-08-18 14:40:00,603.0,603.7,602.9,603.1,1505.4
2026-08-18 14:45:00,603.1,603.32,602.91,603.21,887.05
2026-08-18 14:50:00,603.22,603.56,602.58,602.82,1271.32
2026-08-18 14:55:00,602.82,603.2,602.59,602.95,789.67
2026-08-18 15:00:00,602.95,603.78,602.95,603.78,1411.94
2026-08-18 15:05:00,603.78,603.86,603.16,603.18,1797.84
2026-08-18 15:10:00,603.17,603.71,602.82,603.64,920.12
2026-08-18 15:15:00,603.64,603.93,603.54,603.6,751.46
2026-08-18 15:20:00,603.6,603.73,603.43,603.5,606.46
2026-08-18 15:25:00,603.5,604.19,603.35,603.94,1105.88
2026-08-18 15:30:00,603.95,604.3,603.89,604.25,884.58
2026-08-18 15:35:00,604.25,604.28,603.8,603.81,795.75
2026-08-18 15:40:00,603.8,603.99,603.47,603.47,1544.09
2026-08-18 15:45:00,603.47,604.06,603.37,603.71,895.02
2026-08-18 15:50:00,603.71,603.82,603.26,603.74,2228.52
2026-08-18 15:55:00,603.74,603.74,603.42,603.71,257.9
2026-08-18 16:00:00,603.72,603.91,603.71,603.88,934.08
2026-08-18 16:05:00,603.89,603.96,603.53,603.67,1614.15
2026-08-18 16:10:00,603.66,603.8,603.45,603.68,796.66
2026-08-18 16:15:00,603.69,603.7,603.51,603.65,421.89
2026-08-18 16:20:00,603.65,603.87,603.62,603.69,774.79
2026-08-18 16:25:00,603.7,603.76,603.5,603.52,546.61
2026-08-18 16:30:00,603.53,603.8,603.49,603.75,507.14
2026-08-18 16:35:00,603.75,604.35,603.75,604.2,784.7
2026-08-18 16:40:00,604.2,604.4,604.18,604.22,634.54
2026-08-18 16:45:00,604.22,604.79,604.13,604.47,1188.62
2026-08-18 16:50:00,604.47,604.48,604.22,604.3,369.94
2026-08-18 16:55:00,604.3,604.41,604.1,604.24,993.46
2026-08-18 17:00:00,604.24,604.27,603.63,603.74,721.17
2026-08-18 17:05:00,603.74,603.74,603.33,603.33,536.93
2026-08-18 17:10:00,603.33,603.51,603.25,603.47,443.75
2026-08-18 17:15:00,603.48,603.48,603.13,603.26,408.32
2026-08-18 17:20:00,603.27,603.32,603.15,603.16,281.07
2026-08-18 17:25:00,603.16,603.18,603.12,603.18,262.71
2026-08-18 17:30:00,603.18,603.24,603.05,603.09,423.99
2026-08-18 17:35:00,603.09,603.34,602.88,603.34,1034.65
2026-08-18 17:40:00,603.34,603.4,603.15,603.2,418.47
2026-08-18 17:45:00,603.21,603.22,603.05,603.06,212.57
2026-08-18 17:50:00,603.06,603.16,603.02,603.15,392.27
2026-08-18 17:55:00,603.15,603.19,602.97,603.05,1586.93
2026-08-18 18:00:00,603.05,603.32,602.95,603.31,355.01
2026-08-18 18:05:00,603.32,603.38,603.06,603.29,2141.59
2026-08-18 18:10:00,603.29,603.59,603.29,603.59,440.65
2026-08-18 18:15:00,603.58,604.04,603.58,603.91,803.99
2026-08-18 18:20:00,603.9,603.91,603.72,603.73,371.49
2026-08-18 18:25:00,603.73,604.34,603.72,604.16,2154.46
2026-08-18 18:30:00,604.16,604.24,603.94,603.95,451.04
2026-08-18 18:35:00,603.95,603.99,603.88,603.89,281.35
2026-08-18 18:40:00,603.88,603.9,603.72,603.72,308.28
2026-08-18 18:45:00,603.72,603.81,603.64,603.81,249.83
2026-08-18 18:50:00,603.81,603.81,603.64,603.66,333.87
2026-08-18 18:55:00,603.66,603.67,603.64,603.64,80.73
2026-08-18 19:00:00,603.64,603.74,603.64,603.73,213.97
2026-08-18 19:05:00,603.74,603.82,603.73,603.75,610.87
2026-08-18 19:10:00,603.74,603.86,603.31,603.56,2140.36
2026-08-18 19:15:00,603.55,603.56,603.32,603.32,275.04
2026-08-18 19:20:00,603.32,603.93,603.32,603.84,948.37
2026-08-18 19:25:00,603.84,604.19,603.84,604.0,360.01
2026-08-18 19:30:00,604.0,604.07,603.93,603.93,258.15
2026-08-18 19:35:00,603.92,603.93,603.87,603.87,219.85
2026-08-18 19:40:00,603.88,603.88,603.43,603.44,325.92
2026-08-18 19:45:00,603.43,603.53,603.4,603.44,470.03
2026-08-18 19:50:00,603.44,603.48,603.37,603.42,272.75
2026-08-18 19:55:00,603.43,603.5,603.26,603.36,799.29
2026-08-18 20:00:00,603.37,603.49,603.15,603.16,422.82
2026-08-18 20:05:00,603.16,603.31,603.06,603.31,282.29
2026-08-18 20:10:00,603.31,603.31,603.18,603.28,273.33
2026-08-18 20:15:00,603.28,603.28,603.18,603.19,283.73
2026-08-18 20:20:00,603.18,603.18,603.01,603.08,215.73
2026-08-18 20:25:00,603.09,603.13,603.06,603.06,133.56
2026-08-18 20:30:00,603.07,603.3,603.0,603.21,331.45
2026-08-18 20:35:00,603.2,603.21,603.17,603.18,75.14
2026-08-18 20:40:00,603.17,603.18,603.03,603.03,226.88
2026-08-18 20:45:00,603.04,603.32,602.98,603.17,1017.46
2026-08-18 20:50:00,603.17,603.34,603.17,603.34,388.74
2026-08-18 20:55:00,603.34,603.34,603.22,603.22,143.07
2026-08-18 21:00:00,603.22,603.33,603.22,603.32,226.69
2026-08-18 21:05:00,603.32,603.33,603.28,603.28,98.43
2026-08-18 21:10:00,603.29,603.39,603.28,603.38,303.69
2026-08-18 21:15:00,603.39,603.4,603.36,603.37,163.8
2026-08-18 21:20:00,603.36,603.48,603.36,603.47,148.37
2026-08-18 21:25:00,603.48,603.48,603.24,603.24,98.4
2026-08-18 21:30:00,603.24,603.25,603.19,603.19,69.95
2026-08-18 21:35:00,603.19,603.2,602.97,603.0,246.44
2026-08-18 21:40:00,603.0,603.04,602.89,602.93,562.3
2026-08-18 21:45:00,602.94,602.94,602.93,602.93,82.52
2026-08-18 21:50:00,602.93,602.94,602.79,602.79,442.2
2026-08-18 21:55:00,602.8,602.87,602.5,602.87,679.83
2026-08-18 22:00:00,602.86,602.92,602.86,602.91,238.33
2026-08-18 22:05:00,602.91,603.35,602.91,603.27,523.94
2026-08-18 22:10:00,603.26,603.67,603.26,603.44,522.31
2026-08-18 22:15:00,603.45,603.52,603.31,603.52,396.87
2026-08-18 22:20:00,603.52,603.52,603.17,603.18,198.29
2026-08-18 22:25:00,603.17,603.18,603.06,603.09,238.07
2026-08-18 22:30:00,603.08,603.26,603.07,603.26,210.5
2026-08-18 22:35:00,603.27,603.8,603.12,603.8,734.89
2026-08-18 22:40:00,603.79,603.8,603.54,603.64,413.87
2026-08-18 22:45:00,603.65,603.65,603.54,603.57,299.66
2026-08-18 22:50:00,603.56,603.57,603.51,603.51,197.85
2026-08-18 22:55:00,603.52,603.65,603.51,603.52,337.84
2026-08-18 23:00:00,603.52,603.61,603.41,603.61,399.05
2026-08-18 23:05:00,603.6,604.06,603.6,603.65,1546.25
2026-08-18 23:10:00,603.66,604.01,603.65,603.9,672.24
2026-08-18 23:15:00,603.9,603.93,603.79,603.84,486.23
2026-08-18 23:20:00,603.84,604.18,603.83,604.17,182.18
2026-08-18 23:25:00,604.17,604.2,604.02,604.02,856.32
2026-08-18 23:30:00,604.02,604.43,604.02,604.43,426.48
2026-08-18 23:35:00,604.43,604.54,604.25,604.26,370.93
2026-08-18 23:40:00,604.25,604.5,604.25,604.49,376.86
2026-08-18 23:45:00,604.5,604.52,604.3,604.5,541.11
2026-08-18 23:50:00,604.49,604.55,604.37,604.37,921.05
2026-08-18 23:55:00,604.37,604.38,604.25,604.27,482.21
2026-08-19 00:00:00,604.28,604.43,603.44,603.51,1356.7
2026-08-19 00:05:00,603.52,603.73,603.33,603.52,762.57
2026-08-19 00:10:00,603.53,603.53,603.23,603.38,799.13
2026-08-19 00:15:00,603.37,603.6,603.29,603.6,916.33
2026-08-19 00:20:00,603.59,604.44,603.59,604.26,878.84
2026-08-19 00:25:00,604.26,604.65,604.04,604.62,717.29
2026-08-19 00:30:00,604.62,605.19,604.48,604.5,2431.35
2026-08-19 00:35:00,604.49,604.8,604.35,604.79,1731.81
2026-08-19 00:40:00,604.79,604.8,604.47,604.64,488.45
2026-08-19 00:45:00,604.65,604.65,604.47,604.64,307.87
2026-08-19 00:50:00,604.64,604.64,604.35,604.5,1480.67
2026-08-19 00:55:00,604.5,604.51,604.35,604.35,3520.52
2026-08-19 01:00:00,604.35,604.42,604.08,604.21,2328.51
2026-08-19 01:05:00,604.21,605.0,604.09,604.82,3138.28
2026-08-19 01:10:00,604.82,604.82,604.43,604.43,644.44
2026-08-19 01:15:00,604.44,604.44,603.96,604.15,499.75
2026-08-19 01:20:00,604.15,604.41,604.1,604.16,568.43
2026-08-19 01:25:00,604.16,604.45,603.97,604.21,579.44
2026-08-19 01:30:00,604.21,604.27,604.02,604.27,364.01
2026-08-19 01:35:00,604.26,604.26,604.16,604.21,266.6
2026-08-19 01:40:00,604.2,604.21,603.83,603.84,337.54
2026-08-19 01:45:00,603.83,603.89,603.71,603.89,426.46
2026-08-19 01:50:00,603.88,603.9,603.83,603.89,397.99
2026-08-19 01:55:00,603.89,603.89,603.76,603.76,301.79
2026-08-19 02:00:00,603.76,603.77,603.52,603.52,457.97
2026-08-19 02:05:00,603.52,603.53,603.33,603.35,624.84
2026-08-19 02:10:00,603.35,603.7,603.35,603.52,1021.69
2026-08-19 02:15:00,603.52,603.69,603.17,603.35,767.07
2026-08-19 02:20:00,603.35,603.47,603.21,603.34,695.16
2026-08-19 02:25:00,603.33,603.38,603.18,603.18,343.39
2026-08-19 02:30:00,603.18,603.26,602.95,602.95,639.85
2026-08-19 02:35:00,602.95,603.09,602.87,602.87,516.82
2026-08-19 02:40:00,602.88,602.88,602.8,602.81,577.3
2026-08-19 02:45:00,602.82,602.93,602.6,602.6,757.42
2026-08-19 02:50:00,602.61,602.61,601.8,602.04,3462.18
2026-08-19 02:55:00,602.05,602.37,602.05,602.36,750.61
2026-08-19 03:00:00,602.37,602.49,602.32,602.38,523.2
2026-08-19 03:05:00,602.39,602.39,602.11,602.21,932.32
2026-08-19 03:10:00,602.22,602.68,602.21,602.68,463.72
2026-08-19 03:15:00,602.68,602.99,602.56,602.8,894.03
2026-08-19 03:20:00,602.8,602.99,602.61,602.62,533.96
2026-08-19 03:25:00,602.63,602.73,602.63,602.73,162.68
2026-08-19 03:30:00,602.72,602.73,602.4,602.4,378.75
2026-08-19 03:35:00,602.4,602.41,602.13,602.14,273.45
2026-08-19 03:40:00,602.13,602.49,602.06,602.33,1260.26
2026-08-19 03:45:00,602.34,602.58,602.25,602.58,763.4
2026-08-19 03:50:00,602.58,602.65,602.37,602.37,308.18
2026-08-19 03:55:00,602.37,602.38,602.37,602.38,258.59
2026-08-19 04:00:00,602.38,602.38,602.31,602.31,286.16
2026-08-19 04:05:00,602.32,602.34,602.22,602.33,678.9
2026-08-19 04:10:00,602.33,602.72,602.32,602.58,755.39
2026-08-19 04:15:00,602.59,602.59,602.35,602.5,658.93
2026-08-19 04:20:00,602.5,602.94,602.49,602.84,483.53
2026-08-19 04:25:00,602.85,602.88,602.72,602.72,414.85
2026-08-19 04:30:00,602.72,602.73,602.33,602.41,1117.47
2026-08-19 04:35:00,602.41,602.64,602.3,602.31,247.81
2026-08-19 04:40:00,602.31,602.33,602.22,602.32,342.19
2026-08-19 04:45:00,602.33,602.47,602.07,602.08,489.06
2026-08-19 04:50:00,602.08,602.16,602.04,602.06,468.27
2026-08-19 04:55:00,602.07,602.26,602.0,602.19,572.36
2026-08-19 05:00:00,602.19,602.3,602.16,602.24,291.58
2026-08-19 05:05:00,602.24,602.32,602.17,602.3,451.72
2026-08-19 05:10:00,602.29,602.4,602.22,602.33,284.73
2026-08-19 05:15:00,602.34,602.34,601.86,601.86,854.11
2026-08-19 05:20:00,601.86,601.94,601.8,601.89,579.88
2026-08-19 05:25:00,601.88,602.36,601.87,602.35,470.24
2026-08-19 05:30:00,602.35,602.37,602.19,602.19,206.41
2026-08-19 05:35:00,602.2,602.2,602.14,602.15,200.53
2026-08-19 05:40:00,602.14,602.15,602.09,602.09,335.71
2026-08-19 05:45:00,602.1,602.1,601.97,601.98,195.34
2026-08-19 05:50:00,601.98,602.0,601.79,601.79,526.58
2026-08-19 05:55:00,601.79,601.85,601.66,601.85,588.07
2026-08-19 06:00:00,601.84,601.95,601.63,601.72,534.94
2026-08-19 06:05:00,601.72,601.81,601.7,601.75,680.81
2026-08-19 06:10:00,601.75,601.75,601.7,601.72,334.24
2026-08-19 06:15:00,601.73,602.2,601.72,601.99,737.83
2026-08-19 06:20:00,601.99,602.16,601.92,602.03,551.83
2026-08-19 06:25:00,602.04,602.09,601.88,601.89,762.93
2026-08-19 06:30:00,601.89,602.09,601.88,602.09,455.19
2026-08-19 06:35:00,602.09,602.21,602.08,602.21,531.09
2026-08-19 06:40:00,602.21,602.21,602.01,602.09,309.96
2026-08-19 06:45:00,602.08,602.59,602.01,602.36,850.93
2026-08-19 06:50:00,602.36,602.4,602.06,602.38,877.77
2026-08-19 06:55:00,602.38,602.79,602.38,602.79,1019.85
2026-08-19 07:00:00,602.79,602.96,602.4,602.4,924.59
2026-08-19 07:05:00,602.41,602.41,602.3,602.33,313.92
2026-08-19 07:10:00,602.33,602.84,602.32,602.83,677.93
2026-08-19 07:15:00,602.82,602.83,602.26,602.36,505.5
2026-08-19 07:20:00,602.37,602.59,602.35,602.43,404.0
2026-08-19 07:25:00,602.42,602.62,602.42,602.61,273.44
2026-08-19 07:30:00,602.61,602.66,602.51,602.65,243.19
2026-08-19 07:35:00,602.66,602.82,602.6,602.77,489.88
2026-08-19 07:40:00,602.77,602.79,602.58,602.7,321.68
2026-08-19 07:45:00,602.69,602.82,602.54,602.62,829.38
2026-08-19 07:50:00,602.61,602.62,602.32,602.37,414.72
2026-08-19 07:55:00,602.38,602.38,602.15,602.15,180.65
2026-08-19 08:00:00,602.15,602.28,602.0,602.28,946.98
2026-08-19 08:05:00,602.28,602.49,602.27,602.31,424.65
2026-08-19 08:10:00,602.31,602.48,602.31,602.33,507.29
2026-08-19 08:15:00,602.33,602.79,602.32,602.75,573.18
2026-08-19 08:20:00,602.75,602.75,602.52,602.53,311.06
2026-08-19 08:25:00,602.53,602.67,602.5,602.67,276.53
2026-08-19 08:30:00,602.67,602.89,602.66,602.78,355.47
2026-08-19 08:35:00,602.77,603.76,602.75,603.36,1755.89
2026-08-19 08:40:00,603.37,603.67,603.21,603.44,1436.45
2026-08-19 08:45:00,603.43,603.74,603.25,603.25,1045.38
2026-08-19 08:50:00,603.26,603.43,603.11,603.23,607.99
2026-08-19 08:55:00,603.24,603.3,603.08,603.13,559.75
2026-08-19 09:00:00,603.13,603.45,603.13,603.45,409.29
2026-08-19 09:05:00,603.45,603.45,603.03,603.03,390.08
2026-08-19 09:10:00,603.03,603.32,603.02,603.22,411.96
2026-08-19 09:15:00,603.23,603.27,603.12,603.27,422.05
2026-08-19 09:20:00,603.27,603.27,603.13,603.18,328.04
2026-08-19 09:25:00,603.18,603.19,603.03,603.07,359.01
2026-08-19 09:30:00,603.07,603.15,603.06,603.07,247.03
2026-08-19 09:35:00,603.07,603.19,602.98,603.08,415.12
2026-08-19 09:40:00,603.08,603.08,602.98,602.99,314.2
2026-08-19 09:45:00,602.99,603.04,602.98,603.01,158.62
2026-08-19 09:50:00,603.01,603.01,602.92,602.93,207.44
2026-08-19 09:55:00,602.94,602.95,602.82,602.85,426.52
2026-08-19 10:00:00,602.86,602.93,602.68,602.89,505.88
2026-08-19 10:05:00,602.89,603.01,602.81,603.0,717.05
2026-08-19 10:10:00,603.01,603.08,602.88,602.93,604.23
2026-08-19 10:15:00,602.94,603.01,602.88,603.0,232.19
2026-08-19 10:20:00,603.01,603.06,602.82,602.82,367.63
2026-08-19 10:25:00,602.82,602.82,602.51,602.56,523.56
2026-08-19 10:30:00,602.56,602.57,602.42,602.56,439.75
2026-08-19 10:35:00,602.57,602.57,602.53,602.54,318.38
2026-08-19 10:40:00,602.54,602.58,602.45,602.52,458.31
2026-08-19 10:45:00,602.52,602.87,602.52,602.85,454.4
2026-08-19 10:50:00,602.85,602.86,602.78,602.84,242.88
2026-08-19 10:55:00,602.84,603.11,602.76,603.1,391.14
2026-08-19 11:00:00,603.11,603.14,602.79,603.09,957.39
2026-08-19 11:05:00,603.1,603.57,603.1,603.13,902.57
2026-08-19 11:10:00,603.13,603.23,602.83,603.0,661.49
2026-08-19 11:15:00,603.0,603.01,602.74,602.85,546.83
2026-08-19 11:20:00,602.84,603.06,602.84,603.06,329.25
2026-08-19 11:25:00,603.05,603.34,603.04,603.24,427.18
2026-08-19 11:30:00,603.24,603.8,603.24,603.79,619.54
2026-08-19 11:35:00,603.79,603.8,603.2,603.4,1247.55
2026-08-19 11:40:00,603.41,603.41,603.08,603.08,193.88
2026-08-19 11:45:00,603.08,603.19,603.0,603.04,404.02
2026-08-19 11:50:00,603.03,603.14,603.0,603.02,405.12
2026-08-19 11:55:00,603.02,603.09,603.01,603.08,149.41
2026-08-19 12:00:00,603.08,603.25,603.08,603.19,599.36
2026-08-19 12:05:00,603.19,603.28,603.16,603.19,871.31
2026-08-19 12:10:00,603.19,603.39,603.11,603.38,559.11
2026-08-19 12:15:00,603.39,603.6,603.31,603.6,435.55
2026-08-19 12:20:00,603.6,603.62,603.5,603.51,250.52
2026-08-19 12:25:00,603.5,603.6,603.43,603.49,868.81
2026-08-19 12:30:00,603.5,604.37,603.46,604.27,2360.29
2026-08-19 12:35:00,604.27,604.67,603.86,604.26,3488.7
2026-08-19 12:40:00,604.26,605.0,604.14,605.0,3056.89
2026-08-19 12:45:00,605.0,605.62,604.84,605.56,5138.93
2026-08-19 12:50:00,605.57,605.64,604.65,604.91,2756.97
2026-08-19 12:55:00,604.91,604.92,604.41,604.64,1394.94
2026-08-19 13:00:00,604.64,604.66,604.29,604.43,1786.12
2026-08-19 13:05:00,604.43,604.86,604.38,604.85,593.83
2026-08-19 13:10:00,604.86,605.06,604.54,604.54,1739.81
2026-08-19 13:15:00,604.54,604.7,604.45,604.54,1076.15
2026-08-19 13:20:00,604.54,605.12,604.52,605.11,1384.78
2026-08-19 13:25:00,605.11,605.65,605.11,605.5,1850.04
2026-08-19 13:30:00,605.5,606.1,605.38,605.74,8013.89
2026-08-19 13:35:00,605.75,605.77,604.75,605.04,3872.14
2026-08-19 13:40:00,605.03,605.94,604.92,605.85,4258.82
2026-08-19 13:45:00,605.84,605.84,604.87,604.97,2839.5
2026-08-19 13:50:00,604.98,605.31,604.35,604.67,2186.44
2026-08-19 13:55:00,604.68,604.94,604.46,604.73,1978.3
2026-08-19 14:00:00,604.74,605.17,604.33,605.17,2563.29
2026-08-19 14:05:00,605.16,605.93,605.13,605.9,2650.4
2026-08-19 14:10:00,605.89,606.12,605.5,605.67,3138.49
2026-08-19 14:15:00,605.68,606.4,605.67,606.13,2769.08
2026-08-19 14:20:00,606.12,606.23,605.5,605.96,2072.43
2026-08-19 14:25:00,605.96,606.26,605.87,606.15,1570.71
2026-08-19 14:30:00,606.16,606.33,605.87,605.92,1764.88
2026-08-19 14:35:00,605.92,607.0,605.91,606.96,5506.48
2026-08-19 14:40:00,606.95,607.55,606.95,607.29,4338.44
2026-08-19 14:45:00,607.29,607.53,606.88,606.97,2151.22
2026-08-19 14:50:00,606.96,608.56,606.96,608.24,11505.49
2026-08-19 14:55:00,608.23,609.68,608.23,609.09,10785.32
2026-08-19 15:00:00,609.09,610.65,609.04,610.65,10149.95
2026-08-19 15:05:00,610.65,612.59,610.62,612.27,16530.56
2026-08-19 15:10:00,612.27,613.0,611.97,612.83,12229.37
2026-08-19 15:15:00,612.83,613.5,611.59,612.08,10396.17
2026-08-19 15:20:00,612.07,614.66,612.07,614.34,9823.23
2026-08-19 15:25:00,614.34,620.31,613.88,618.64,48543.16
2026-08-19 15:30:00,618.64,619.26,617.0,618.78,19595.82
2026-08-19 15:35:00,618.77,620.22,617.81,619.86,20169.61
2026-08-19 15:40:00,619.85,620.44,619.34,620.19,10317.65
2026-08-19 15:45:00,620.19,620.2,617.52,617.68,13070.75
2026-08-19 15:50:00,617.68,618.67,615.85,615.93,7735.18
2026-08-19 15:55:00,615.93,617.24,615.62,616.9,5581.44
2026-08-19 16:00:00,616.9,619.18,616.88,618.87,9110.69
2026-08-19 16:05:00,618.86,619.7,618.86,619.03,7631.91
2026-08-19 16:10:00,619.03,619.03,616.36,617.32,11345.94
2026-08-19 16:15:00,617.32,618.59,617.32,618.18,2751.91
2026-08-19 16:20:00,618.18,620.16,617.94,620.16,7935.06
2026-08-19 16:25:00,620.16,620.5,620.04,620.2,6311.6
2026-08-19 16:30:00,620.2,620.38,619.33,619.54,4908.54
2026-08-19 16:35:00,619.54,620.65,619.26,620.24,8518.38
2026-08-19 16:40:00,620.24,620.37,619.02,619.37,4501.35
2026-08-19 16:45:00,619.37,619.44,618.79,619.08,3216.82
2026-08-19 16:50:00,619.08,620.21,619.02,620.06,3740.7
2026-08-19 16:55:00,620.07,620.15,618.76,619.1,2614.62
2026-08-19 17:00:00,619.1,619.52,617.67,618.4,4575.62
2026-08-19 17:05:00,618.39,618.73,617.55,617.99,2631.89
2026-08-19 17:10:00,618.0,618.25,617.2,617.33,3668.19
2026-08-19 17:15:00,617.34,617.63,616.21,616.28,9231.54
2026-08-19 17:20:00,616.28,617.2,616.14,616.25,5203.52
2026-08-19 17:25:00,616.25,616.53,615.82,616.13,3775.77
2026-08-19 17:30:00,616.12,616.26,614.74,615.24,6457.71
2026-08-19 17:35:00,615.24,615.98,615.24,615.91,1858.32
2026-08-19 17:40:00,615.91,616.23,615.56,616.2,1207.71
2026-08-19 17:45:00,616.2,617.46,616.2,617.42,2812.52
2026-08-19 17:50:00,617.41,618.06,617.41,617.88,2577.3
2026-08-19 17:55:00,617.88,617.91,617.56,617.56,1349.99
2026-08-19 18:00:00,617.57,617.88,617.4,617.55,2226.77
2026-08-19 18:05:00,617.56,617.65,616.52,616.57,2493.26
2026-08-19 18:10:00,616.57,617.39,616.43,617.38,1513.69
2026-08-19 18:15:00,617.38,617.84,617.26,617.83,1634.96
2026-08-19 18:20:00,617.83,617.84,616.79,617.02,1489.32
2026-08-19 18:25:00,617.03,617.44,616.85,617.24,866.43
2026-08-19 18:30:00,617.25,617.5,617.07,617.43,1539.51
2026-08-19 18:35:00,617.44,617.61,617.26,617.42,1155.01
2026-08-19 18:40:00,617.42,618.1,617.41,617.98,1770.45
2026-08-19 18:45:00,617.99,618.1,617.58,617.75,858.05
2026-08-19 18:50:00,617.74,617.75,617.27,617.52,870.16
2026-08-19 18:55:00,617.51,617.52,617.11,617.51,815.25
2026-08-19 19:00:00,617.51,617.54,617.31,617.42,807.87
2026-08-19 19:05:00,617.43,617.77,617.22,617.22,1489.95
2026-08-19 19:10:00,617.22,618.1,616.41,616.42,2633.94
2026-08-19 19:15:00,616.42,617.72,616.42,617.27,1930.22
2026-08-19 19:20:00,617.26,617.76,617.03,617.54,1352.42
2026-08-19 19:25:00,617.54,617.58,615.34,615.49,4030.48
2026-08-19 19:30:00,615.5,615.77,615.08,615.26,3176.93
2026-08-19 19:35:00,615.27,615.35,614.6,615.07,3177.44
2026-08-19 19:40:00,615.07,615.97,615.04,615.96,1168.64
2026-08-19 19:45:00,615.97,616.09,615.75,615.92,1329.76
2026-08-19 19:50:00,615.91,616.54,615.85,616.54,764.97
2026-08-19 19:55:00,616.54,617.05,616.42,617.05,1579.97
2026-08-19 20:00:00,617.05,617.5,616.73,617.5,1902.37
2026-08-19 20:05:00,617.49,618.1,617.26,617.92,1682.83
2026-08-19 20:10:00,617.93,618.1,617.66,617.89,1711.74
2026-08-19 20:15:00,617.89,618.04,617.43,617.96,919.8
2026-08-19 20:20:00,617.96,618.4,617.91,618.4,2782.58
2026-08-19 20:25:00,618.4,618.98,618.37,618.74,5239.71
2026-08-19 20:30:00,618.74,618.9,618.4,618.87,859.01
2026-08-19 20:35:00,618.86,619.0,618.52,619.0,1586.18
2026-08-19 20:40:00,618.99,619.15,618.87,619.06,2211.36
2026-08-19 20:45:00,619.05,619.15,618.75,619.15,1102.22
2026-08-19 20:50:00,619.15,625.33,619.14,624.5,33982.02
2026-08-19 20:55:00,624.5,624.94,623.29,624.5,5407.51
2026-08-19 21:00:00,624.5,626.8,623.77,626.64,9161.35
2026-08-19 21:05:00,626.64,630.64,625.88,630.0,25256.15
2026-08-19 21:10:00,630.0,630.24,627.02,628.37,9797.9
2026-08-19 21:15:00,628.38,629.44,627.59,628.96,4567.33
2026-08-19 21:20:00,628.95,630.72,628.84,629.21,6005.53
2026-08-19 21:25:00,629.21,631.05,629.21,630.14,6057.96
2026-08-19 21:30:00,630.14,632.33,629.95,631.84,6545.7
2026-08-19 21:35:00,631.84,632.36,630.58,630.85,7890.19
2026-08-19 21:40:00,630.85,635.25,630.83,635.19,11900.02
2026-08-19 21:45:00,635.18,636.87,634.07,635.01,12647.11
2026-08-19 21:50:00,635.02,637.0,634.92,636.56,4748.13
2026-08-19 21:55:00,636.56,636.96,633.72,635.17,6107.3
2026-08-19 22:00:00,635.17,635.98,633.15,633.54,7859.37
2026-08-19 22:05:00,633.54,634.53,632.54,633.9,5596.71
2026-08-19 22:10:00,633.89,634.02,631.84,631.84,7696.6
2026-08-19 22:15:00,631.84,633.53,631.8,632.78,2913.67
2026-08-19 22:20:00,632.78,633.45,631.89,631.95,3123.46
2026-08-19 22:25:00,631.94,632.54,630.62,630.82,6307.43
2026-08-19 22:30:00,630.87,630.95,628.22,629.19,7582.93
2026-08-19 22:35:00,629.2,631.45,628.32,631.29,4303.4
2026-08-19 22:40:00,631.3,631.89,630.55,630.56,2964.61
2026-08-19 22:45:00,630.55,630.57,628.64,629.54,2868.06
2026-08-19 22:50:00,629.54,629.95,627.67,627.74,5860.53
2026-08-19 22:55:00,627.74,628.8,627.52,628.63,2186.62
2026-08-19 23:00:00,628.62,628.91,627.18,628.29,3940.34
2026-08-19 23:05:00,628.29,628.9,628.1,628.72,1290.4
2026-08-19 23:10:00,628.71,629.46,628.13,628.14,2475.79
2026-08-19 23:15:00,628.13,628.58,627.57,628.22,2413.23
2026-08-19 23:20:00,628.21,628.21,626.75,627.04,3223.95
2026-08-19 23:25:00,627.04,627.98,626.9,627.43,1313.77
2026-08-19 23:30:00,627.42,627.55,626.29,626.29,1682.15
2026-08-19 23:35:00,626.28,627.44,626.28,627.19,1531.57
2026-08-19 23:40:00,627.18,628.61,627.0,628.0,2591.55
2026-08-19 23:45:00,627.99,628.09,626.65,626.75,977.06
2026-08-19 23:50:00,626.75,627.06,626.29,626.71,1452.3
2026-08-19 23:55:00,626.71,628.16,626.65,627.97,1323.55
2026-08-20 00:00:00,627.96,629.91,627.92,629.08,6423.01
2026-08-20 00:05:00,629.08,629.54,628.4,629.48,3458.93
2026-08-20 00:10:00,629.47,630.0,628.02,628.59,4053.25
2026-08-20 00:15:00,628.58,629.15,627.58,628.89,3077.31
2026-08-20 00:20:00,628.88,628.97,628.35,628.5,2112.69
2026-08-20 00:25:00,628.5,629.55,628.03,629.1,2432.98
2026-08-20 00:30:00,629.09,629.48,628.4,629.48,2203.42
2026-08-20 00:35:00,629.48,629.98,628.88,629.95,1871.42
2026-08-20 00:40:00,629.94,629.94,628.8,629.72,2147.47
2026-08-20 00:45:00,629.73,630.74,629.72,630.54,3152.44
2026-08-20 00:50:00,630.54,630.71,629.46,630.06,2869.18
2026-08-20 00:55:00,630.05,630.06,628.91,629.27,2374.63
2026-08-20 01:00:00,629.27,629.91,628.8,628.89,2530.54
2026-08-20 01:05:00,628.89,628.91,626.82,626.89,3447.34
2026-08-20 01:10:00,626.89,627.45,626.37,627.02,2136.53
2026-08-20 01:15:00,627.02,627.38,625.13,626.85,4605.46
2026-08-20 01:20:00,626.85,626.87,625.5,625.55,1955.91
2026-08-20 01:25:00,625.55,625.65,624.65,624.9,2609.08
2026-08-20 01:30:00,624.89,626.07,624.55,626.07,2398.79
2026-08-20 01:35:00,626.07,626.43,625.52,626.01,3005.49
2026-08-20 01:40:00,626.01,626.3,625.83,626.11,1607.84
2026-08-20 01:45:00,626.11,627.33,625.91,627.16,3369.06
2026-08-20 01:50:00,627.16,627.53,626.2,626.34,2912.58
2026-08-20 01:55:00,626.33,626.48,625.84,626.1,1315.1
2026-08-20 02:00:00,626.09,627.05,625.94,626.75,1702.97
2026-08-20 02:05:00,626.75,627.13,626.4,626.61,1527.13
2026-08-20 02:10:00,626.61,626.98,626.07,626.45,1132.13
2026-08-20 02:15:00,626.46,626.55,625.4,625.71,2421.39
2026-08-20 02:20:00,625.71,625.85,625.11,625.11,1675.11
2026-08-20 02:25:00,625.11,625.26,624.69,625.05,2557.94
2026-08-20 02:30:00,625.05,626.37,625.01,626.22,3067.62
2026-08-20 02:35:00,626.21,626.22,625.41,625.5,2720.67
2026-08-20 02:40:00,625.5,625.85,625.2,625.76,1126.09
2026-08-20 02:45:00,625.75,626.1,625.51,625.57,1802.87
2026-08-20 02:50:00,625.56,625.88,625.06,625.13,2069.12
2026-08-20 02:55:00,625.13,625.21,624.62,624.81,1145.6
2026-08-20 03:00:00,624.8,624.81,623.79,624.35,4401.67
2026-08-20 03:05:00,624.35,625.12,623.78,623.86,3442.41
2026-08-20 03:10:00,623.85,624.01,622.8,622.87,6816.72
2026-08-20 03:15:00,622.88,625.1,622.87,625.09,2804.37
2026-08-20 03:20:00,625.08,625.88,624.45,624.45,1986.62
2026-08-20 03:25:00,624.46,624.48,623.46,623.46,1601.79
2026-08-20 03:30:00,623.46,624.43,623.38,624.17,1372.71
2026-08-20 03:35:00,624.17,625.07,623.81,624.78,1799.7
2026-08-20 03:40:00,624.79,625.93,624.66,625.5,2262.38
2026-08-20 03:45:00,625.5,626.36,625.44,625.67,1725.05
2026-08-20 03:50:00,625.67,628.88,625.45,627.33,7961.65
2026-08-20 03:55:00,627.33,627.34,626.7,626.79,1645.89
2026-08-20 04:00:00,626.8,627.51,626.72,627.34,2479.3
2026-08-20 04:05:00,627.33,628.04,627.05,627.93,1131.66
2026-08-20 04:10:00,627.93,627.98,627.4,627.45,2010.09
2026-08-20 04:15:00,627.45,627.51,626.88,627.14,2528.02
2026-08-20 04:20:00,627.14,627.15,626.25,626.31,1324.02
2026-08-20 04:25:00,626.3,626.64,626.0,626.14,893.22
2026-08-20 04:30:00,626.14,626.17,625.33,625.39,1203.16
2026-08-20 04:35:00,625.39,625.87,625.22,625.62,933.01
2026-08-20 04:40:00,625.62,626.39,625.4,626.04,1005.16
2026-08-20 04:45:00,626.05,626.57,626.05,626.31,725.95
2026-08-20 04:50:00,626.31,627.91,626.3,627.02,1781.74
2026-08-20 04:55:00,627.01,627.22,626.9,627.19,727.44
2026-08-20 05:00:00,627.19,627.71,627.06,627.68,927.62
2026-08-20 05:05:00,627.69,628.2,627.69,628.12,2279.41
2026-08-20 05:10:00,628.12,628.2,627.19,627.31,1245.31
2026-08-20 05:15:00,627.32,627.85,627.32,627.67,1045.99
2026-08-20 05:20:00,627.66,627.92,627.43,627.92,1084.07
2026-08-20 05:25:00,627.92,628.0,627.34,627.34,1014.6
2026-08-20 05:30:00,627.33,627.61,627.06,627.08,1231.78
2026-08-20 05:35:00,627.09,627.78,626.46,626.47,1788.2
2026-08-20 05:40:00,626.47,626.88,626.33,626.76,908.96
2026-08-20 05:45:00,626.76,626.76,625.92,626.04,1116.77
2026-08-20 05:50:00,626.04,626.31,624.73,625.38,5803.76
2026-08-20 05:55:00,625.39,625.77,625.2,625.51,947.59
2026-08-20 06:00:00,625.51,625.62,624.99,625.12,2111.71
2026-08-20 06:05:00,625.12,625.74,625.01,625.02,836.33
2026-08-20 06:10:00,625.01,626.17,625.01,625.88,1496.86
2026-08-20 06:15:00,625.88,626.36,625.43,626.36,1163.32
2026-08-20 06:20:00,626.35,627.52,626.08,627.49,1381.78
2026-08-20 06:25:00,627.48,627.48,626.7,626.99,834.58
2026-08-20 06:30:00,627.0,627.48,626.96,627.22,763.46
2026-08-20 06:35:00,627.23,628.0,627.0,627.15,2298.93
2026-08-20 06:40:00,627.15,628.22,627.14,628.21,2413.5
2026-08-20 06:45:00,628.21,628.99,627.84,628.89,3364.11
2026-08-20 06:50:00,628.89,629.72,628.82,629.7,2046.56
2026-08-20 06:55:00,629.7,631.79,629.69,630.6,4842.48
2026-08-20 07:00:00,630.59,630.76,629.38,630.03,2172.38
2026-08-20 07:05:00,630.03,631.83,630.01,631.6,3654.62
2026-08-20 07:10:00,631.6,633.3,631.2,631.2,5969.27
2026-08-20 07:15:00,631.21,631.39,630.48,630.48,2290.89
2026-08-20 07:20:00,630.47,630.85,629.8,630.31,1932.72
2026-08-20 07:25:00,630.32,630.53,630.18,630.25,950.7
2026-08-20 07:30:00,630.24,630.25,628.57,629.46,2765.17
2026-08-20 07:35:00,629.46,629.58,628.39,628.46,1541.49
2026-08-20 07:40:00,628.46,629.1,628.36,628.81,894.92
2026-08-20 07:45:00,628.8,629.84,628.7,629.46,874.21
2026-08-20 07:50:00,629.45,630.69,628.98,630.69,2773.07
2026-08-20 07:55:00,630.69,630.96,630.09,630.82,1461.15
2026-08-20 08:00:00,630.83,631.97,630.78,631.82,3657.93
2026-08-20 08:05:00,631.81,635.83,631.71,635.57,12768.04
2026-08-20 08:10:00,635.58,642.5,635.25,641.63,24164.46
2026-08-20 08:15:00,641.63,645.49,640.39,643.3,23096.96
2026-08-20 08:20:00,643.33,643.69,639.47,639.97,13837.91
2026-08-20 08:25:00,639.97,641.47,639.54,640.24,11738.62
2026-08-20 08:30:00,640.24,640.51,638.26,638.63,9227.76
2026-08-20 08:35:00,638.63,641.46,638.33,640.99,6469.37
2026-08-20 08:40:00,640.99,641.89,640.03,641.09,7439.05
2026-08-20 08:45:00,641.08,642.27,640.73,641.71,3990.0
2026-08-20 08:50:00,641.72,642.63,641.28,642.63,4552.9
2026-08-20 08:55:00,642.63,642.63,640.42,640.78,4895.86
2026-08-20 09:00:00,640.78,642.18,640.62,642.04,4210.6
2026-08-20 09:05:00,642.04,643.12,641.56,642.41,4888.27
2026-08-20 09:10:00,642.41,643.01,641.44,642.62,4372.37
2026-08-20 09:15:00,642.62,643.97,641.7,643.17,3397.54
2026-08-20 09:20:00,643.17,644.35,642.94,644.34,3502.01
2026-08-20 09:25:00,644.35,645.3,642.99,643.7,14081.04
2026-08-20 09:30:00,643.7,644.2,642.28,643.84,6848.09
2026-08-20 09:35:00,643.83,644.82,643.09,643.09,4322.52
2026-08-20 09:40:00,643.09,643.83,642.5,643.25,3462.13
2026-08-20 09:45:00,643.24,643.89,642.93,643.68,3470.43
2026-08-20 09:50:00,643.68,643.95,642.94,643.45,4262.64
2026-08-20 09:55:00,643.44,643.44,642.04,643.18,3328.13
2026-08-20 10:00:00,643.19,643.76,642.33,642.6,2208.61
2026-08-20 10:05:00,642.6,643.17,642.1,642.73,2927.54
2026-08-20 10:10:00,642.73,644.45,642.6,644.2,4514.64
2026-08-20 10:15:00,644.2,646.88,644.18,646.88,8619.33
2026-08-20 10:20:00,646.87,647.07,644.4,645.29,4572.92
2026-08-20 10:25:00,645.28,645.28,643.04,643.31,4425.36
2026-08-20 10:30:00,643.32,643.58,642.42,643.29,2826.57
2026-08-20 10:35:00,643.29,644.39,642.7,644.06,3740.72
2026-08-20 10:40:00,644.06,644.65,643.63,644.39,2100.98
2026-08-20 10:45:00,644.38,645.78,644.34,645.4,3568.14
2026-08-20 10:50:00,645.39,645.62,643.36,643.41,4081.52
2026-08-20 10:55:00,643.41,644.4,643.24,644.34,1191.42
2026-08-20 11:00:00,644.33,645.29,643.89,644.86,3188.33
2026-08-20 11:05:00,644.86,645.0,644.04,644.39,3913.11
2026-08-20 11:10:00,644.38,644.39,643.2,643.73,2371.08
2026-08-20 11:15:00,643.74,643.82,642.8,643.3,1732.96
2026-08-20 11:20:00,643.29,643.89,643.12,643.3,1142.2
2026-08-20 11:25:00,643.3,643.58,642.99,643.15,1023.72
2026-08-20 11:30:00,643.15,645.58,642.89,645.54,5491.52
2026-08-20 11:35:00,645.53,647.41,645.46,647.0,4041.43
2026-08-20 11:40:00,647.01,648.71,646.94,647.79,6943.74
2026-08-20 11:45:00,647.78,649.49,647.72,649.18,6740.4
2026-08-20 11:50:00,649.18,649.33,646.8,646.82,4865.38
2026-08-20 11:55:00,646.82,647.19,646.0,646.23,3960.52
2026-08-20 12:00:00,646.23,646.62,644.35,644.35,4560.33
2026-08-20 12:05:00,644.36,644.47,641.84,642.72,10867.74
2026-08-20 12:10:00,642.72,643.58,642.6,642.92,3486.87
2026-08-20 12:15:00,642.92,643.19,642.06,642.55,2370.72
2026-08-20 12:20:00,642.54,643.44,642.1,643.44,1910.33
2026-08-20 12:25:00,643.44,643.49,642.31,642.44,1282.84
2026-08-20 12:30:00,642.45,643.33,640.42,640.91,10518.51
2026-08-20 12:35:00,640.92,641.88,640.05,641.88,9271.35
2026-08-20 12:40:00,641.88,642.38,641.21,641.44,1732.65
2026-08-20 12:45:00,641.44,641.74,640.43,641.0,2339.42
2026-08-20 12:50:00,641.01,643.22,641.01,643.18,2014.65
2026-08-20 12:55:00,643.19,643.61,643.09,643.6,1748.74
2026-08-20 13:00:00,643.6,644.45,643.09,644.14,2321.06
2026-08-20 13:05:00,644.14,645.48,644.14,644.64,3889.83
2026-08-20 13:10:00,644.64,644.65,643.79,644.4,1537.73
2026-08-20 13:15:00,644.39,644.39,642.79,643.25,2512.27
2026-08-20 13:20:00,643.24,643.78,642.9,643.3,2232.4
2026-08-20 13:25:00,643.3,643.56,642.3,642.84,3384.15
2026-08-20 13:30:00,642.85,642.85,639.47,640.59,12430.12
2026-08-20 13:35:00,640.59,641.51,638.49,640.08,8768.45
2026-08-20 13:40:00,640.07,640.78,639.16,640.73,3895.4
2026-08-20 13:45:00,640.74,641.43,639.95,641.26,2576.39
2026-08-20 13:50:00,641.24,642.33,640.78,641.89,5935.89
2026-08-20 13:55:00,641.9,642.54,641.56,641.93,3035.82
2026-08-20 14:00:00,641.93,642.29,641.37,641.73,7987.38
2026-08-20 14:05:00,641.73,644.67,641.41,644.55,6329.78
2026-08-20 14:10:00,644.55,645.47,643.81,644.14,5169.48
2026-08-20 14:15:00,644.14,644.37,642.07,642.3,4283.91
2026-08-20 14:20:00,642.29,642.95,641.85,642.88,2479.58
2026-08-20 14:25:00,642.88,642.99,641.47,642.04,1201.84
2026-08-20 14:30:00,642.05,642.57,641.79,641.91,2560.72
2026-08-20 14:35:00,641.92,643.24,641.74,641.95,2215.25
2026-08-20 14:40:00,641.96,642.3,641.53,642.09,2113.23
2026-08-20 14:45:00,642.1,642.1,640.9,641.78,1052.25
2026-08-20 14:50:00,641.79,643.36,641.78,642.47,1935.67
2026-08-20 14:55:00,642.47,642.64,641.52,642.6,1503.97
2026-08-20 15:00:00,642.6,647.0,642.44,645.98,5719.09
2026-08-20 15:05:00,645.99,646.99,645.13,645.68,4809.62
2026-08-20 15:10:00,645.67,647.45,645.49,647.22,3713.12
2026-08-20 15:15:00,647.23,647.53,646.3,647.31,3805.85
2026-08-20 15:20:00,647.32,648.25,645.52,646.3,4936.35
2026-08-20 15:25:00,646.3,648.77,646.3,648.58,3672.67
2026-08-20 15:30:00,648.58,650.9,648.26,648.77,9584.35
2026-08-20 15:35:00,648.77,648.77,647.53,648.36,3216.09
2026-08-20 15:40:00,648.36,648.84,648.18,648.37,2016.59
2026-08-20 15:45:00,648.38,649.6,647.83,649.38,2929.5
2026-08-20 15:50:00,649.38,652.86,648.97,652.42,11336.91
2026-08-20 15:55:00,652.42,653.14,651.66,653.04,4143.76
2026-08-20 16:00:00,653.03,653.44,650.91,651.16,6651.32
2026-08-20 16:05:00,651.15,652.73,651.15,652.73,4662.9
2026-08-20 16:10:00,652.73,652.73,650.74,650.96,3540.52
2026-08-20 16:15:00,650.96,651.53,648.32,648.69,11109.86
2026-08-20 16:20:00,648.7,649.13,648.32,648.69,4279.13
2026-08-20 16:25:00,648.68,650.25,648.57,649.96,1548.77
2026-08-20 16:30:00,649.95,650.44,649.0,650.16,3131.27
2026-08-20 16:35:00,650.15,651.66,649.87,651.66,3014.34
2026-08-20 16:40:00,651.66,654.62,651.66,653.69,9292.22
2026-08-20 16:45:00,653.68,654.31,652.78,653.24,4095.17
2026-08-20 16:50:00,653.24,653.96,652.91,653.69,2509.42
2026-08-20 16:55:00,653.69,654.71,653.02,654.35,2114.2
2026-08-20 17:00:00,654.35,654.44,653.27,653.72,4124.05
2026-08-20 17:05:00,653.71,653.99,652.33,652.83,2772.52
2026-08-20 17:10:00,652.83,653.21,651.82,652.78,1675.8
2026-08-20 17:15:00,652.77,653.28,651.98,652.28,1377.66
2026-08-20 17:20:00,652.28,653.22,651.87,652.39,2202.2
2026-08-20 17:25:00,652.39,653.6,652.33,653.36,1183.78
2026-08-20 17:30:00,653.35,653.65,652.81,653.03,1924.62
2026-08-20 17:35:00,653.03,654.32,652.47,654.16,5776.04
2026-08-20 17:40:00,654.15,654.6,653.44,653.44,1740.57
2026-08-20 17:45:00,653.43,653.94,653.15,653.68,1015.9
2026-08-20 17:50:00,653.68,655.0,653.52,654.26,1744.07
2026-08-20 17:55:00,654.27,654.3,653.52,653.62,1174.68
2026-08-20 18:00:00,653.63,654.5,651.74,651.91,3095.74
2026-08-20 18:05:00,651.9,652.17,650.77,650.95,4763.08
2026-08-20 18:10:00,650.95,651.05,649.77,650.37,4174.8
2026-08-20 18:15:00,650.37,650.58,649.08,650.48,2285.36
2026-08-20 18:20:00,650.48,651.21,650.47,650.88,1263.83
2026-08-20 18:25:00,650.87,650.95,649.83,649.94,1180.79
2026-08-20 18:30:00,649.94,650.07,647.38,647.94,3047.42
2026-08-20 18:35:00,647.95,648.67,647.77,647.93,1798.6
2026-08-20 18:40:00,647.92,649.3,647.75,649.26,1508.59
2026-08-20 18:45:00,649.27,649.49,648.65,649.21,1018.05
2026-08-20 18:50:00,649.21,649.93,648.92,649.1,826.62
2026-08-20 18:55:00,649.09,649.17,647.9,647.9,1156.85
2026-08-20 19:00:00,647.9,648.44,647.3,648.43,2268.45
2026-08-20 19:05:00,648.43,649.77,648.09,649.24,1971.51
2026-08-20 19:10:00,649.24,649.67,648.3,649.18,2210.66
2026-08-20 19:15:00,649.17,649.69,648.92,649.66,1161.97
2026-08-20 19:20:00,649.67,650.27,649.27,650.23,527.39
2026-08-20 19:25:00,650.23,650.5,649.78,649.88,1393.57
2026-08-20 19:30:00,649.87,650.16,649.37,649.56,656.63
2026-08-20 19:35:00,649.57,650.62,649.17,650.48,757.33
2026-08-20 19:40:00,650.48,651.12,650.46,650.94,2310.86
2026-08-20 19:45:00,650.93,651.35,650.13,650.67,2376.66
2026-08-20 19:50:00,650.67,651.2,650.42,650.9,1268.6
2026-08-20 19:55:00,650.91,651.16,650.61,650.9,1333.45
2026-08-20 20:00:00,650.89,651.4,650.66,651.36,1347.81
2026-08-20 20:05:00,651.36,651.9,651.32,651.78,1054.85
2026-08-20 20:10:00,651.77,652.16,651.22,651.36,1431.66
2026-08-20 20:15:00,651.36,652.5,651.06,652.5,943.77
2026-08-20 20:20:00,652.5,652.61,651.91,652.59,1110.73
2026-08-20 20:25:00,652.59,653.01,652.14,652.5,1745.11
2026-08-20 20:30:00,652.5,653.39,652.49,653.14,849.24
2026-08-20 20:35:00,653.15,653.79,652.66,652.66,1461.3
2026-08-20 20:40:00,652.67,653.34,652.48,653.23,678.64
2026-08-20 20:45:00,653.22,653.35,652.28,652.79,2828.57
2026-08-20 20:50:00,652.79,653.08,652.28,652.99,1027.64
2026-08-20 20:55:00,652.98,654.79,652.95,654.2,2733.42
2026-08-20 21:00:00,654.2,654.26,653.42,653.67,1344.24
2026-08-20 21:05:00,653.67,654.27,653.19,654.27,828.76
2026-08-20 21:10:00,654.26,655.14,654.26,654.86,3274.07
2026-08-20 21:15:00,654.86,655.54,654.51,654.54,1537.34
2026-08-20 21:20:00,654.53,654.6,653.55,653.68,1109.25
2026-08-20 21:25:00,653.68,654.29,653.52,653.8,705.15
2026-08-20 21:30:00,653.79,655.1,653.73,654.76,681.52
2026-08-20 21:35:00,654.76,654.97,653.82,654.05,1247.4
2026-08-20 21:40:00,654.05,654.59,653.42,653.75,1756.85
2026-08-20 21:45:00,653.75,654.49,653.75,654.18,508.54
2026-08-20 21:50:00,654.17,655.05,654.17,654.55,807.21
2026-08-20 21:55:00,654.55,654.55,653.89,654.4,468.03
2026-08-20 22:00:00,654.39,654.61,652.68,652.86,2734.86
2026-08-20 22:05:00,652.87,654.01,652.87,653.74,1485.98
2026-08-20 22:10:00,653.75,654.56,653.66,654.0,713.55
2026-08-20 22:15:00,653.99,654.49,653.58,653.82,1475.95
2026-08-20 22:20:00,653.83,655.2,653.83,655.1,1478.2
2026-08-20 22:25:00,655.11,655.83,654.8,655.45,1884.98
2026-08-20 22:30:00,655.44,655.93,654.61,655.91,2545.16
2026-08-20 22:35:00,655.92,656.47,655.45,655.69,2155.63
2026-08-20 22:40:00,655.68,655.68,655.04,655.24,1303.34
2026-08-20 22:45:00,655.23,655.69,654.52,654.53,1956.23
2026-08-20 22:50:00,654.52,655.52,654.36,655.29,1434.0
2026-08-20 22:55:00,655.29,655.3,654.28,654.39,1184.76
2026-08-20 23:00:00,654.38,655.02,654.14,654.54,1049.74
2026-08-20 23:05:00,654.54,655.81,654.43,655.43,1143.66
2026-08-20 23:10:00,655.43,656.41,655.43,656.41,1086.21
2026-08-20 23:15:00,656.41,657.4,655.86,657.19,2621.64
2026-08-20 23:20:00,657.19,657.48,656.67,657.33,1287.81
2026-08-20 23:25:00,657.32,658.8,657.32,657.76,5557.52
2026-08-20 23:30:00,657.76,658.6,657.76,657.93,3061.64
2026-08-20 23:35:00,657.93,658.14,656.59,656.74,3681.37
2026-08-20 23:40:00,656.74,656.93,655.88,656.05,2029.75
2026-08-20 23:45:00,656.06,656.28,655.71,655.92,1237.6
2026-08-20 23:50:00,655.91,655.91,655.2,655.71,1537.51
2026-08-20 23:55:00,655.71,655.71,655.12,655.12,816.5
2026-08-21 00:00:00,655.12,655.47,653.66,653.66,2927.07
2026-08-21 00:05:00,653.65,655.18,653.59,654.19,5724.35
2026-08-21 00:10:00,654.19,655.4,653.89,655.34,3693.41
2026-08-21 00:15:00,655.35,657.73,654.6,657.26,4062.3
2026-08-21 00:20:00,657.25,658.18,656.66,657.52,3126.63
2026-08-21 00:25:00,657.53,657.97,655.76,655.86,2421.41
2026-08-21 00:30:00,655.88,658.03,655.78,656.51,3740.43
2026-08-21 00:35:00,656.5,656.66,655.03,656.27,2721.29
2026-08-21 00:40:00,656.26,656.57,655.41,656.33,1472.64
2026-08-21 00:45:00,656.33,658.62,655.62,657.93,2354.48
2026-08-21 00:50:00,657.92,658.61,657.53,657.74,2452.07
2026-08-21 00:55:00,657.74,657.87,656.47,657.28,2004.13
2026-08-21 01:00:00,657.27,657.62,656.62,657.04,2311.65
2026-08-21 01:05:00,657.03,658.1,656.6,657.82,1470.34
2026-08-21 01:10:00,657.83,658.32,657.43,658.14,1335.12
2026-08-21 01:15:00,658.14,661.63,657.7,659.57,10865.78
2026-08-21 01:20:00,659.58,659.84,657.17,658.63,5726.2
2026-08-21 01:25:00,658.63,660.42,658.35,660.27,2869.34
2026-08-21 01:30:00,660.27,664.49,660.08,664.36,11639.75
2026-08-21 01:35:00,664.35,664.48,662.19,662.68,7805.46
2026-08-21 01:40:00,662.68,663.94,662.41,663.25,2244.24
2026-08-21 01:45:00,663.25,667.19,662.95,666.21,12940.12
2026-08-21 01:50:00,666.21,666.41,664.9,665.18,5526.83
2026-08-21 01:55:00,665.19,665.19,661.13,661.85,15433.54
2026-08-21 02:00:00,661.85,662.12,659.49,662.0,7941.28
2026-08-21 02:05:00,661.99,664.17,661.2,662.72,3851.93
2026-08-21 02:10:00,662.72,662.82,660.48,661.89,2692.59
2026-08-21 02:15:00,661.88,662.5,661.0,661.9,3173.05
2026-08-21 02:20:00,661.9,662.06,661.0,661.33,1258.35
2026-08-21 02:25:00,661.33,663.0,661.32,662.71,2896.0
2026-08-21 02:30:00,662.71,663.7,660.35,661.59,3278.71
2026-08-21 02:35:00,661.6,661.82,660.58,661.05,3071.11
2026-08-21 02:40:00,661.05,661.74,660.78,660.85,1818.06
2026-08-21 02:45:00,660.85,660.92,659.31,660.08,3818.33
2026-08-21 02:50:00,660.07,660.58,659.32,659.33,1788.54
2026-08-21 02:55:00,659.33,659.95,659.09,659.39,1576.92
2026-08-21 03:00:00,659.4,659.95,658.86,659.12,3191.08
2026-08-21 03:05:00,659.13,659.35,657.39,658.0,3735.02
2026-08-21 03:10:00,658.0,660.29,657.88,659.45,1793.12
2026-08-21 03:15:00,659.45,659.66,658.34,659.14,1894.06
2026-08-21 03:20:00,659.14,659.96,659.07,659.6,1105.45
2026-08-21 03:25:00,659.6,660.79,659.28,660.73,1916.11
2026-08-21 03:30:00,660.73,661.9,660.46,661.63,2791.83
2026-08-21 03:35:00,661.64,661.82,660.0,661.15,1627.62
2026-08-21 03:40:00,661.16,661.8,660.88,661.1,1323.58
2026-08-21 03:45:00,661.09,662.74,661.01,662.7,2497.86
2026-08-21 03:50:00,662.7,662.85,662.25,662.41,1286.86
2026-08-21 03:55:00,662.38,662.9,661.29,661.31,1288.42
2026-08-21 04:00:00,661.31,662.77,661.03,662.37,2327.67
2026-08-21 04:05:00,662.36,662.44,661.49,661.96,1190.33
2026-08-21 04:10:00,661.97,662.39,660.21,661.04,5420.58
2026-08-21 04:15:00,661.04,661.62,660.33,661.02,1566.95
2026-08-21 04:20:00,661.02,661.39,660.58,660.58,836.99
2026-08-21 04:25:00,660.58,660.66,659.78,659.78,1502.43
2026-08-21 04:30:00,659.78,661.0,659.17,660.56,1901.25
2026-08-21 04:35:00,660.56,661.24,660.46,660.91,790.35
2026-08-21 04:40:00,660.91,660.96,659.6,660.62,1321.06
2026-08-21 04:45:00,660.62,661.23,660.2,660.97,1795.53
2026-08-21 04:50:00,660.97,661.8,660.97,661.39,1837.08
2026-08-21 04:55:00,661.39,661.67,660.58,660.83,1094.27
2026-08-21 05:00:00,660.83,661.93,660.39,660.9,2248.18
2026-08-21 05:05:00,660.89,662.16,660.83,661.84,1791.46
2026-08-21 05:10:00,661.83,663.36,661.65,663.18,2188.1
2026-08-21 05:15:00,663.17,663.77,662.6,663.49,1432.11
2026-08-21 05:20:00,663.5,664.48,662.91,662.97,3710.01
2026-08-21 05:25:00,662.96,663.02,660.81,662.21,2965.75
2026-08-21 05:30:00,662.21,663.73,661.86,663.6,1903.48
2026-08-21 05:35:00,663.61,664.07,663.44,663.86,1294.99
2026-08-21 05:40:00,663.85,664.25,663.3,663.68,1716.22
2026-08-21 05:45:00,663.67,664.54,663.52,664.26,1212.12
2026-08-21 05:50:00,664.26,665.17,664.09,664.84,2268.97
2026-08-21 05:55:00,664.83,665.23,664.59,665.08,1431.0
2026-08-21 06:00:00,665.08,665.76,664.7,665.69,2390.25
2026-08-21 06:05:00,665.7,666.49,665.7,666.39,2721.18
2026-08-21 06:10:00,666.4,666.4,665.0,665.39,1731.07
2026-08-21 06:15:00,665.39,666.59,665.39,666.36,2206.36
2026-08-21 06:20:00,666.35,666.65,664.25,665.0,2081.28
2026-08-21 06:25:00,665.0,666.81,664.67,666.08,1758.98
2026-08-21 06:30:00,666.08,668.99,666.08,668.99,9853.88
2026-08-21 06:35:00,668.98,673.46,668.87,673.31,24302.15
2026-08-21 06:40:00,673.31,673.38,666.58,668.41,23942.07
2026-08-21 06:45:00,668.41,669.18,667.14,668.48,5562.73
2026-08-21 06:50:00,668.48,668.62,666.33,666.72,4269.13
2026-08-21 06:55:00,666.73,667.62,666.73,667.26,1670.78
2026-08-21 07:00:00,667.26,669.39,667.07,669.04,2895.13
2026-08-21 07:05:00,669.03,669.87,668.57,669.19,2095.98
2026-08-21 07:10:00,669.19,670.9,669.19,670.87,3113.9
2026-08-21 07:15:00,670.88,673.99,670.64,672.32,12659.29
2026-08-21 07:20:00,672.29,672.54,671.19,671.31,4684.36
2026-08-21 07:25:00,671.3,672.33,670.74,672.09,2506.05
2026-08-21 07:30:00,672.09,672.46,670.0,671.55,11760.65
2026-08-21 07:35:00,671.56,672.0,669.75,671.18,7514.92
2026-08-21 07:40:00,671.18,673.0,670.96,671.99,13373.19
2026-08-21 07:45:00,671.99,672.24,670.97,671.27,6598.04
2026-08-21 07:50:00,671.27,671.31,670.28,670.47,6624.04
2026-08-21 07:55:00,670.47,671.28,669.78,670.42,8399.69
2026-08-21 08:00:00,670.43,674.99,669.92,674.23,7577.09
2026-08-21 08:05:00,674.23,676.39,674.0,676.2,7582.56
2026-08-21 08:10:00,676.2,678.51,675.41,677.38,10855.92
2026-08-21 08:15:00,677.39,678.79,676.86,678.63,6069.97
2026-08-21 08:20:00,678.62,678.95,676.58,677.01,8484.07
2026-08-21 08:25:00,677.01,678.7,677.01,678.58,5307.65
2026-08-21 08:30:00,678.58,679.65,678.11,679.27,6384.68
2026-08-21 08:35:00,679.28,680.67,678.35,680.05,6796.5
2026-08-21 08:40:00,680.04,681.53,679.5,680.16,7512.1
2026-08-21 08:45:00,680.16,681.49,679.17,680.63,16121.35
2026-08-21 08:50:00,680.63,684.63,680.63,684.63,13856.84
2026-08-21 08:55:00,684.63,686.95,683.52,685.94,13348.35
2026-08-21 09:00:00,685.94,686.29,673.3,674.69,37226.91
2026-08-21 09:05:00,674.74,676.01,668.53,673.79,27410.46
2026-08-21 09:10:00,673.79,675.81,673.53,673.74,9973.12
2026-08-21 09:15:00,673.75,674.88,671.31,672.62,12205.37
2026-08-21 09:20:00,672.61,674.24,671.71,672.96,6008.75
2026-08-21 09:25:00,672.96,674.69,672.42,674.07,4609.99
2026-08-21 09:30:00,674.06,677.04,673.3,676.76,4514.71
2026-08-21 09:35:00,676.76,678.76,676.0,677.67,8062.5
2026-08-21 09:40:00,677.68,679.74,677.5,679.47,4116.67
2026-08-21 09:45:00,679.47,682.19,679.28,681.67,11294.71
2026-08-21 09:50:00,681.68,681.85,679.84,680.26,4523.91
2026-08-21 09:55:00,680.26,680.59,676.22,678.89,6522.17
2026-08-21 10:00:00,678.89,679.16,676.45,676.79,4646.91
2026-08-21 10:05:00,676.79,678.32,676.61,677.0,4491.03
2026-08-21 10:10:00,677.01,679.25,677.01,678.19,4923.39
2026-08-21 10:15:00,678.18,680.4,678.04,680.4,5551.67
2026-08-21 10:20:00,680.4,680.54,678.34,678.43,2609.51
2026-08-21 10:25:00,678.43,678.69,676.03,678.22,3239.57
2026-08-21 10:30:00,678.22,678.66,677.24,677.53,1977.63
2026-08-21 10:35:00,677.52,679.35,677.07,679.16,2809.21
2026-08-21 10:40:00,679.16,680.0,678.92,679.91,2258.99
2026-08-21 10:45:00,679.91,681.03,679.72,680.31,2581.61
2026-08-21 10:50:00,680.3,680.84,679.68,680.59,2195.18
2026-08-21 10:55:00,680.59,680.87,678.54,678.82,3682.05
2026-08-21 11:00:00,678.81,680.45,676.86,680.14,5407.16
2026-08-21 11:05:00,680.14,680.91,678.77,679.01,4357.72
2026-08-21 11:10:00,679.0,679.26,675.56,677.5,5089.92
2026-08-21 11:15:00,677.51,677.59,674.8,675.2,5862.36
2026-08-21 11:20:00,675.21,678.64,674.8,677.52,4062.69
2026-08-21 11:25:00,677.53,678.4,677.08,678.39,2012.17
2026-08-21 11:30:00,678.39,678.55,671.66,672.3,9697.66
2026-08-21 11:35:00,672.3,676.5,672.22,675.96,5709.56
2026-08-21 11:40:00,675.96,676.35,674.26,674.42,4334.65
2026-08-21 11:45:00,674.41,674.79,672.25,672.99,4115.91
2026-08-21 11:50:00,673.0,676.37,672.62,675.99,3207.76
2026-08-21 11:55:00,675.98,676.12,674.05,674.99,2826.1
2026-08-21 12:00:00,674.98,675.37,673.54,674.84,5048.36
2026-08-21 12:05:00,674.85,676.23,674.85,675.42,2475.61
2026-08-21 12:10:00,675.41,676.24,674.23,675.89,2265.13
2026-08-21 12:15:00,675.88,676.0,674.93,675.18,1874.84
2026-08-21 12:20:00,675.17,676.25,674.48,676.06,2564.41
2026-08-21 12:25:00,676.05,676.69,675.56,675.74,3360.89
2026-08-21 12:30:00,675.73,676.0,675.14,675.73,1628.54
2026-08-21 12:35:00,675.74,678.95,675.74,678.88,5195.35
2026-08-21 12:40:00,678.88,680.66,678.58,680.51,4664.69
2026-08-21 12:45:00,680.51,680.73,679.62,680.27,3373.36
2026-08-21 12:50:00,680.27,680.66,678.46,678.66,1624.63
2026-08-21 12:55:00,678.67,679.6,678.51,679.58,1139.13
2026-08-21 13:00:00,679.58,680.09,678.8,680.09,2346.26
2026-08-21 13:05:00,680.09,680.93,679.71,680.07,1944.38
2026-08-21 13:10:00,680.07,680.24,678.88,680.14,1309.17
2026-08-21 13:15:00,680.14,680.27,678.45,678.99,1641.33
2026-08-21 13:20:00,678.98,678.98,676.64,677.19,4573.09
2026-08-21 13:25:00,677.19,679.18,676.77,678.21,2225.09
2026-08-21 13:30:00,678.21,678.21,674.64,675.93,5523.15
2026-08-21 13:35:00,675.92,678.2,674.28,678.15,3192.42
2026-08-21 13:40:00,678.15,680.14,678.15,680.14,2521.94
2026-08-21 13:45:00,680.13,680.68,679.22,680.27,4008.78
2026-08-21 13:50:00,680.27,681.48,679.54,679.86,4144.85
2026-08-21 13:55:00,679.87,680.51,678.99,680.22,2358.12
2026-08-21 14:00:00,680.21,680.48,677.28,677.28,2677.98
2026-08-21 14:05:00,677.28,679.75,677.2,678.69,2130.34
2026-08-21 14:10:00,678.68,679.55,677.12,677.55,1961.56
2026-08-21 14:15:00,677.55,678.58,675.72,675.72,2842.05
2026-08-21 14:20:00,675.72,677.98,675.51,677.43,4086.81
2026-08-21 14:25:00,677.42,679.36,677.19,678.94,3062.04
2026-08-21 14:30:00,678.93,679.57,678.22,678.84,1627.68
2026-08-21 14:35:00,678.85,679.48,676.83,676.94,1846.16
2026-08-21 14:40:00,676.94,678.32,676.94,678.26,1008.42
2026-08-21 14:45:00,678.25,679.53,678.13,679.34,1100.41
2026-08-21 14:50:00,679.34,679.83,678.55,678.95,3106.56
2026-08-21 14:55:00,678.96,679.65,678.67,679.3,1347.79
2026-08-21 15:00:00,679.3,680.63,678.53,680.53,4079.93
2026-08-21 15:05:00,680.53,681.57,680.24,681.2,2546.23
2026-08-21 15:10:00,681.21,681.97,680.83,681.56,3199.88
2026-08-21 15:15:00,681.56,682.63,680.08,680.42,4074.04
2026-08-21 15:20:00,680.42,681.35,679.7,680.31,1685.33
2026-08-21 15:25:00,680.3,681.25,680.06,680.11,1459.19
2026-08-21 15:30:00,680.11,680.63,679.22,679.33,1888.51
2026-08-21 15:35:00,679.34,681.57,679.27,681.56,1557.28
2026-08-21 15:40:00,681.57,682.39,680.54,680.71,2205.75
2026-08-21 15:45:00,680.71,681.02,679.89,680.01,1425.15
2026-08-21 15:50:00,680.0,680.91,679.58,679.65,1955.67
2026-08-21 15:55:00,679.65,680.02,679.06,679.54,1384.97
2026-08-21 16:00:00,679.54,680.38,678.68,679.06,2657.55
2026-08-21 16:05:00,679.06,679.43,676.35,677.13,4241.38
2026-08-21 16:10:00,677.12,677.88,674.59,674.91,6159.99
2026-08-21 16:15:00,674.91,678.07,674.59,677.68,2770.01
2026-08-21 16:20:00,677.7,678.32,677.23,677.62,2300.84
2026-08-21 16:25:00,677.61,679.14,677.06,679.14,3655.55
2026-08-21 16:30:00,679.14,680.13,678.85,680.04,1374.98
2026-08-21 16:35:00,680.05,680.17,679.39,680.15,855.33
2026-08-21 16:40:00,680.15,680.5,679.69,680.17,1181.08
2026-08-21 16:45:00,680.17,681.37,679.87,681.01,1915.3
2026-08-21 16:50:00,681.0,681.33,680.18,680.31,1450.8
2026-08-21 16:55:00,680.3,680.45,679.77,680.0,1311.65
2026-08-21 17:00:00,680.01,680.8,679.7,680.48,1334.37
2026-08-21 17:05:00,680.48,682.1,680.19,681.47,2469.65
2026-08-21 17:10:00,681.48,681.53,680.11,680.42,1553.04
2026-08-21 17:15:00,680.43,680.45,678.57,678.7,2032.95
2026-08-21 17:20:00,678.7,678.7,677.09,677.21,2393.53
2026-08-21 17:25:00,677.22,679.17,677.22,679.16,1391.79
2026-08-21 17:30:00,679.16,680.59,678.92,680.21,1922.13
2026-08-21 17:35:00,680.21,680.41,679.5,680.31,1081.09
2026-08-21 17:40:00,680.3,680.47,679.16,679.51,1246.7
2026-08-21 17:45:00,679.52,680.7,678.85,680.34,1351.26
2026-08-21 17:50:00,680.34,680.52,679.61,679.62,727.19
2026-08-21 17:55:00,679.62,680.24,679.54,679.56,1256.16
2026-08-21 18:00:00,679.55,681.36,679.41,681.35,1895.48
2026-08-21 18:05:00,681.36,681.95,680.94,681.22,2298.73
2026-08-21 18:10:00,681.22,681.93,680.74,681.73,1584.94
2026-08-21 18:15:00,681.73,682.52,681.19,682.3,2773.18
2026-08-21 18:20:00,682.3,682.6,679.69,679.72,3853.72
2026-08-21 18:25:00,679.73,680.06,679.65,679.75,1122.68
2026-08-21 18:30:00,679.75,679.81,679.0,679.31,1212.19
2026-08-21 18:35:00,679.3,679.3,677.36,677.87,3472.36
2026-08-21 18:40:00,677.87,678.0,675.44,676.17,3647.48
2026-08-21 18:45:00,676.16,676.16,674.01,674.57,5209.82
2026-08-21 18:50:00,674.58,676.2,674.58,675.93,1898.09
2026-08-21 18:55:00,675.92,677.1,675.67,677.08,1720.47
2026-08-21 19:00:00,677.08,677.19,673.74,673.9,2736.0
2026-08-21 19:05:00,673.91,675.61,673.23,675.53,3743.99
2026-08-21 19:10:00,675.52,676.9,674.89,676.87,2295.73
2026-08-21 19:15:00,676.86,676.86,674.57,675.42,1695.82
2026-08-21 19:20:00,675.42,676.65,674.92,676.61,729.15
2026-08-21 19:25:00,676.62,677.7,676.61,677.28,954.68
2026-08-21 19:30:00,677.27,677.38,675.16,675.45,4124.52
2026-08-21 19:35:00,675.46,676.2,675.34,675.82,1708.53
2026-08-21 19:40:00,675.82,675.87,674.69,674.96,1556.84
2026-08-21 19:45:00,674.96,675.14,674.08,674.4,1237.38
2026-08-21 19:50:00,674.4,674.4,673.36,673.62,1685.96
2026-08-21 19:55:00,673.62,673.92,673.33,673.47,1908.97
2026-08-21 20:00:00,673.48,673.68,672.2,673.68,3508.15
2026-08-21 20:05:00,673.68,673.81,672.49,673.33,1934.95
2026-08-21 20:10:00,673.32,673.93,673.04,673.36,909.7
2026-08-21 20:15:00,673.36,673.96,672.78,673.81,2890.1
2026-08-21 20:20:00,673.81,675.3,673.33,675.27,2836.52
2026-08-21 20:25:00,675.27,675.51,674.5,675.23,1216.07
2026-08-21 20:30:00,675.23,675.26,674.61,674.93,796.67
2026-08-21 20:35:00,674.92,675.29,674.16,674.62,1196.01
2026-08-21 20:40:00,674.62,675.75,674.62,675.68,951.56
2026-08-21 20:45:00,675.69,675.74,674.34,674.88,608.99
2026-08-21 20:50:00,674.88,676.68,674.8,676.38,1423.68
2026-08-21 20:55:00,676.38,676.72,676.08,676.72,1119.47
2026-08-21 21:00:00,676.73,677.04,676.45,676.69,768.84
2026-08-21 21:05:00,676.68,677.01,676.12,676.74,841.27
2026-08-21 21:10:00,676.74,679.44,676.73,678.62,4096.36
2026-08-21 21:15:00,678.63,679.01,678.06,678.94,958.15
2026-08-21 21:20:00,678.94,680.27,678.31,680.25,3196.88
2026-08-21 21:25:00,680.25,682.42,679.58,681.56,6608.11
2026-08-21 21:30:00,681.56,683.54,679.8,680.97,7581.53
2026-08-21 21:35:00,680.97,681.23,678.99,679.52,3359.24
2026-08-21 21:40:00,679.52,681.16,679.16,680.94,2204.56
2026-08-21 21:45:00,680.94,683.26,680.94,683.25,1455.59
2026-08-21 21:50:00,683.25,685.0,682.59,684.78,7905.46
2026-08-21 21:55:00,684.77,685.69,684.02,685.61,4422.87
2026-08-21 22:00:00,685.61,687.95,684.46,687.8,9189.84
2026-08-21 22:05:00,687.79,690.22,687.16,689.94,11708.4
2026-08-21 22:10:00,689.95,690.61,688.54,689.98,5413.32
2026-08-21 22:15:00,689.98,690.35,688.55,690.34,5469.29
2026-08-21 22:20:00,690.35,690.46,688.38,689.35,5319.43
2026-08-21 22:25:00,689.35,690.52,689.05,689.66,3410.8
2026-08-21 22:30:00,689.65,690.14,686.08,689.19,7125.21
2026-08-21 22:35:00,689.18,690.9,688.74,690.42,3311.79
2026-08-21 22:40:00,690.43,691.31,690.15,690.47,3329.99
2026-08-21 22:45:00,690.46,691.47,688.68,690.28,4700.39
2026-08-21 22:50:00,690.27,692.27,689.54,692.24,5256.54
2026-08-21 22:55:00,692.24,692.85,691.27,691.79,4331.85
2026-08-21 23:00:00,691.8,692.15,690.2,690.35,3476.25
2026-08-21 23:05:00,690.35,691.41,690.0,690.57,4808.0
2026-08-21 23:10:00,690.56,691.62,690.04,690.35,2853.43
2026-08-21 23:15:00,690.35,692.16,690.17,691.64,2989.62
2026-08-21 23:20:00,691.63,692.61,691.37,692.48,3460.47
2026-08-21 23:25:00,692.48,692.72,690.19,691.35,4705.34
2026-08-21 23:30:00,691.34,691.76,689.89,690.31,3224.58
2026-08-21 23:35:00,690.32,690.41,688.02,688.55,4504.99
2026-08-21 23:40:00,688.55,689.27,686.54,689.08,5292.21
2026-08-21 23:45:00,689.07,689.35,687.75,688.13,1753.76
2026-08-21 23:50:00,688.13,688.14,686.68,687.73,2593.31
2026-08-21 23:55:00,687.74,687.96,687.17,687.51,1182.72
2026-08-22 00:00:00,687.5,688.88,684.86,686.17,8477.24
2026-08-22 00:05:00,686.17,686.41,682.12,684.27,7589.08
2026-08-22 00:10:00,684.26,685.52,683.8,685.11,3553.98
2026-08-22 00:15:00,685.11,686.56,684.35,686.55,3697.34
2026-08-22 00:20:00,686.55,687.89,686.42,687.86,2293.95
2026-08-22 00:25:00,687.86,689.11,687.39,687.64,4778.26
2026-08-22 00:30:00,687.64,688.96,686.74,687.51,3668.72
2026-08-22 00:35:00,687.52,687.9,686.64,687.07,1961.08
2026-08-22 00:40:00,687.08,687.37,685.78,686.65,3428.33
2026-08-22 00:45:00,686.65,687.18,685.26,686.79,2428.81
2026-08-22 00:50:00,686.79,687.75,686.65,687.67,1562.23
2026-08-22 00:55:00,687.66,689.44,687.66,689.06,2912.94
2026-08-22 01:00:00,689.07,690.69,688.23,690.69,4011.85
2026-08-22 01:05:00,690.69,691.24,689.52,689.54,4366.54
2026-08-22 01:10:00,689.55,690.57,689.44,690.02,2129.75
2026-08-22 01:15:00,690.03,691.69,689.77,690.03,3218.53
2026-08-22 01:20:00,690.02,690.17,687.74,688.36,3833.6
2026-08-22 01:25:00,688.37,690.12,688.37,689.38,2482.1
2026-08-22 01:30:00,689.36,692.87,689.29,692.3,5554.7
2026-08-22 01:35:00,692.31,692.48,690.92,691.16,5051.29
2026-08-22 01:40:00,691.17,691.2,688.76,689.31,2375.95
2026-08-22 01:45:00,689.31,690.22,689.01,689.01,1588.63
2026-08-22 01:50:00,689.0,689.21,687.0,688.18,5183.2
2026-08-22 01:55:00,688.18,690.72,688.18,688.75,3175.6
2026-08-22 02:00:00,688.75,691.42,688.73,691.41,3844.38
2026-08-22 02:05:00,691.42,692.34,691.2,692.31,2589.74
2026-08-22 02:10:00,692.31,694.72,692.27,693.83,8159.3
2026-08-22 02:15:00,693.82,696.56,693.48,695.64,11112.95
2026-08-22 02:20:00,695.65,698.5,695.52,698.3,11332.5
2026-08-22 02:25:00,698.3,699.55,698.01,698.85,8612.66
2026-08-22 02:30:00,698.85,700.42,698.16,699.24,7557.6
2026-08-22 02:35:00,699.24,700.29,696.55,700.04,6219.08
2026-08-22 02:40:00,700.05,708.17,699.75,707.39,23858.8
2026-08-22 02:45:00,707.39,711.66,706.57,707.79,22135.24
2026-08-22 02:50:00,707.8,715.92,707.26,715.42,40257.7
2026-08-22 02:55:00,715.41,715.46,711.24,713.23,12719.8
2026-08-22 03:00:00,713.23,714.96,711.63,712.64,11491.23
2026-08-22 03:05:00,712.64,713.93,711.22,712.73,10259.57
2026-08-22 03:10:00,712.72,713.01,711.31,711.45,5307.25
2026-08-22 03:15:00,711.46,714.5,711.31,714.11,6490.06
2026-08-22 03:20:00,714.1,715.51,712.47,714.15,14425.34
2026-08-22 03:25:00,714.15,723.78,713.76,719.25,31876.3
2026-08-22 03:30:00,719.25,723.2,719.25,720.97,12955.97
2026-08-22 03:35:00,720.98,721.87,718.61,719.61,10817.07
2026-08-22 03:40:00,719.61,721.49,719.46,720.69,12021.71
2026-08-22 03:45:00,720.68,720.81,719.1,720.09,5027.86
2026-08-22 03:50:00,720.09,721.76,719.69,720.21,5662.95
2026-08-22 03:55:00,720.2,720.84,718.82,718.87,7079.64
2026-08-22 04:00:00,718.87,719.95,715.53,718.12,12101.09
2026-08-22 04:05:00,718.12,719.67,717.2,717.51,7551.43
2026-08-22 04:10:00,717.5,719.08,717.18,717.9,6344.43
2026-08-22 04:15:00,717.9,718.45,715.4,715.52,6784.72
2026-08-22 04:20:00,715.52,717.47,715.4,717.04,6661.94
2026-08-22 04:25:00,717.05,717.72,716.5,717.2,4865.61
2026-08-22 04:30:00,717.2,719.79,717.0,718.99,9249.1
2026-08-22 04:35:00,719.0,721.47,718.73,720.87,11289.15
2026-08-22 04:40:00,720.87,725.44,720.87,725.06,14517.9
2026-08-22 04:45:00,725.06,725.74,722.17,723.29,12449.85
2026-08-22 04:50:00,723.29,725.42,721.14,725.0,9194.63
2026-08-22 04:55:00,724.95,726.27,724.2,725.44,11367.58
2026-08-22 05:00:00,725.43,727.15,725.17,725.58,6435.48
2026-08-22 05:05:00,725.58,727.09,707.42,707.56,37151.95
2026-08-22 05:10:00,707.71,708.46,684.0,697.41,84493.37
2026-08-22 05:15:00,697.4,701.48,686.0,695.83,48525.4
2026-08-22 05:20:00,695.83,700.48,691.11,696.9,28284.17
2026-08-22 05:25:00,696.91,702.48,696.56,700.57,18137.84
2026-08-22 05:30:00,700.66,701.04,694.19,698.26,14530.25
2026-08-22 05:35:00,698.26,701.86,696.44,696.51,9038.66
2026-08-22 05:40:00,696.48,697.84,694.63,696.73,5973.82
2026-08-22 05:45:00,696.73,701.27,695.91,701.0,8154.72
2026-08-22 05:50:00,701.01,702.63,698.38,699.85,9590.84
2026-08-22 05:55:00,699.88,700.53,698.75,699.23,3445.35
2026-08-22 06:00:00,699.23,700.36,697.52,697.85,6079.22
2026-08-22 06:05:00,697.86,698.21,695.17,697.95,4364.4
2026-08-22 06:10:00,697.96,698.34,694.63,695.16,5022.45
2026-08-22 06:15:00,695.15,698.26,695.11,695.91,4254.53
2026-08-22 06:20:00,695.92,699.48,695.9,699.01,6902.6
2026-08-22 06:25:00,699.01,699.13,696.66,696.71,2177.41
2026-08-22 06:30:00,696.71,696.72,692.8,693.66,5066.93
2026-08-22 06:35:00,693.66,699.47,693.55,699.14,4110.39
2026-08-22 06:40:00,699.14,700.77,698.81,699.06,4960.68
2026-08-22 06:45:00,699.06,700.59,699.03,699.65,2031.14
2026-08-22 06:50:00,699.65,701.2,699.01,700.3,2364.66
2026-08-22 06:55:00,700.3,701.46,699.51,701.34,2519.62
2026-08-22 07:00:00,701.34,703.53,700.73,703.39,4085.67
2026-08-22 07:05:00,703.39,704.95,700.99,701.07,6594.39
2026-08-22 07:10:00,701.06,701.52,698.7,701.08,5754.87
2026-08-22 07:15:00,701.09,701.9,698.08,700.59,4536.15
2026-08-22 07:20:00,700.6,704.89,700.48,704.7,4745.09
2026-08-22 07:25:00,704.71,705.6,703.6,705.35,4418.22
2026-08-22 07:30:00,705.34,706.47,704.64,704.93,4725.78
2026-08-22 07:35:00,704.93,708.98,704.08,708.6,18335.53
2026-08-22 07:40:00,708.6,708.74,705.02,706.81,4974.88
2026-08-22 07:45:00,706.81,707.52,705.66,705.91,5267.52
2026-08-22 07:50:00,705.9,708.65,705.66,707.99,4026.12
2026-08-22 07:55:00,707.99,708.19,705.74,706.55,5266.37
2026-08-22 08:00:00,706.55,708.75,705.73,705.74,3657.51
2026-08-22 08:05:00,705.73,708.11,705.02,707.43,5435.92
2026-08-22 08:10:00,707.43,710.95,707.43,709.79,11268.74
2026-08-22 08:15:00,709.79,709.89,705.47,705.7,5911.28
2026-08-22 08:20:00,705.71,706.29,704.05,704.07,3896.94
2026-08-22 08:25:00,704.08,704.39,699.3,700.64,10317.37
2026-08-22 08:30:00,700.65,700.85,696.6,697.8,10820.62
2026-08-22 08:35:00,697.8,698.53,696.18,697.91,6303.64
2026-08-22 08:40:00,697.91,699.99,696.98,699.5,5657.1
2026-08-22 08:45:00,699.5,699.5,696.5,698.32,3677.15
2026-08-22 08:50:00,698.31,698.79,697.81,698.02,2990.02
2026-08-22 08:55:00,698.02,698.84,697.5,698.64,1918.58
2026-08-22 09:00:00,698.64,699.33,693.38,694.3,12963.39
2026-08-22 09:05:00,694.31,696.89,693.71,696.89,5328.26
2026-08-22 09:10:00,696.89,699.43,695.63,699.31,6861.74
2026-08-22 09:15:00,699.3,701.46,698.49,701.19,8741.04
2026-08-22 09:20:00,701.2,705.04,700.87,704.21,12535.8
2026-08-22 09:25:00,704.2,704.69,701.12,702.53,6857.9
2026-08-22 09:30:00,702.53,702.72,701.05,701.4,2549.56
2026-08-22 09:35:00,701.41,701.88,699.78,700.11,3116.5
2026-08-22 09:40:00,700.12,702.53,700.12,702.3,1813.93
2026-08-22 09:45:00,702.31,702.48,697.63,697.89,11213.77
2026-08-22 09:50:00,697.89,699.36,697.15,697.3,5227.42
2026-08-22 09:55:00,697.3,698.58,697.13,698.29,2856.2
2026-08-22 10:00:00,698.29,698.59,693.6,694.88,7250.77
2026-08-22 10:05:00,694.89,694.96,690.87,691.42,15192.52
2026-08-22 10:10:00,691.43,692.69,687.8,688.54,13679.06
2026-08-22 10:15:00,688.55,689.71,686.93,687.01,9619.63
2026-08-22 10:20:00,687.02,688.61,684.47,685.77,13302.47
2026-08-22 10:25:00,685.79,690.63,685.31,690.12,7200.05
2026-08-22 10:30:00,690.12,690.86,689.01,690.03,3871.69
2026-08-22 10:35:00,690.03,692.33,690.03,692.05,3207.42
2026-08-22 10:40:00,692.05,693.33,692.04,692.85,2858.55
2026-08-22 10:45:00,692.85,693.23,692.05,692.51,2617.2
2026-08-22 10:50:00,692.51,693.23,691.63,691.87,2196.15
2026-08-22 10:55:00,691.88,692.09,690.82,691.44,2753.52
2026-08-22 11:00:00,691.43,692.52,689.73,692.51,2423.43
2026-08-22 11:05:00,692.51,693.55,690.56,690.74,2052.72
2026-08-22 11:10:00,690.74,692.5,690.61,691.68,1298.82
2026-08-22 11:15:00,691.67,692.3,690.7,690.94,1540.75
2026-08-22 11:20:00,690.93,692.05,690.38,690.95,1766.19
2026-08-22 11:25:00,690.95,692.63,690.95,692.47,1487.11
2026-08-22 11:30:00,692.46,694.44,692.22,694.43,3132.42
2026-08-22 11:35:00,694.42,696.16,694.11,695.4,5742.6
2026-08-22 11:40:00,695.4,696.12,694.86,695.57,1968.65
2026-08-22 11:45:00,695.57,695.91,694.73,694.91,1462.08
2026-08-22 11:50:00,694.9,694.9,693.68,694.52,1627.64
2026-08-22 11:55:00,694.51,695.32,694.42,694.91,1436.68
2026-08-22 12:00:00,694.91,696.45,693.53,693.9,2448.55
2026-08-22 12:05:00,693.89,696.43,693.83,696.34,1752.82
2026-08-22 12:10:00,696.35,697.5,696.01,696.62,3049.35
2026-08-22 12:15:00,696.62,697.8,696.23,697.66,2682.43
2026-08-22 12:20:00,697.67,698.64,697.2,698.25,3070.45
2026-08-22 12:25:00,698.24,698.78,697.72,698.19,2103.53
2026-08-22 12:30:00,698.18,698.54,696.01,696.22,3350.49
2026-08-22 12:35:00,696.23,697.16,695.26,696.26,1963.51
2026-08-22 12:40:00,696.26,697.07,696.01,697.03,781.12
2026-08-22 12:45:00,697.02,697.51,696.55,696.81,1000.0
2026-08-22 12:50:00,696.81,697.19,695.23,695.62,1147.83
2026-08-22 12:55:00,695.61,695.94,694.9,695.27,2366.33
2026-08-22 13:00:00,695.27,695.69,693.55,694.08,2954.94
2026-08-22 13:05:00,694.09,695.55,694.09,695.54,1070.76
2026-08-22 13:10:00,695.54,695.84,694.73,695.7,1096.54
2026-08-22 13:15:00,695.7,696.74,694.44,694.57,1279.32
2026-08-22 13:20:00,694.57,695.16,693.67,694.79,914.38
2026-08-22 13:25:00,694.8,696.08,694.8,695.15,1031.25
2026-08-22 13:30:00,695.15,695.91,693.79,693.92,899.11
2026-08-22 13:35:00,693.93,694.62,692.81,693.73,1938.67
2026-08-22 13:40:00,693.74,693.92,693.02,693.76,884.46
2026-08-22 13:45:00,693.76,695.82,693.66,694.92,1772.11
2026-08-22 13:50:00,694.92,696.5,694.92,695.47,1768.18
2026-08-22 13:55:00,695.47,696.07,695.03,695.83,950.65
2026-08-22 14:00:00,695.83,696.47,693.51,693.96,1694.91
2026-08-22 14:05:00,693.96,694.19,690.37,692.22,5450.35
2026-08-22 14:10:00,692.21,693.56,691.52,693.04,1884.26
2026-08-22 14:15:00,693.05,694.09,692.01,693.03,1405.89
2026-08-22 14:20:00,693.04,694.15,692.77,693.61,1990.4
2026-08-22 14:25:00,693.6,694.97,692.76,694.69,5276.12
2026-08-22 14:30:00,694.68,695.8,693.77,695.66,1885.07
2026-08-22 14:35:00,695.66,696.12,692.91,693.06,5459.3
2026-08-22 14:40:00,693.07,694.35,692.69,692.75,1511.35
2026-08-22 14:45:00,692.76,693.33,691.37,691.67,2105.65
2026-08-22 14:50:00,691.67,692.39,690.54,690.66,2730.92
2026-08-22 14:55:00,690.66,692.5,690.51,692.28,1926.88
2026-08-22 15:00:00,692.28,693.66,691.24,692.28,2084.48
2026-08-22 15:05:00,692.27,693.31,691.02,691.3,1775.43
2026-08-22 15:10:00,691.3,693.26,690.9,690.95,2045.15
2026-08-22 15:15:00,690.96,692.26,690.48,690.58,2728.71
2026-08-22 15:20:00,690.58,691.17,689.04,690.78,2657.86
2026-08-22 15:25:00,690.77,691.45,690.24,691.02,2098.23
2026-08-22 15:30:00,691.03,691.67,690.6,691.43,1999.1
2026-08-22 15:35:00,691.43,691.7,690.1,690.62,1388.43
2026-08-22 15:40:00,690.62,691.31,689.9,691.1,1045.35
2026-08-22 15:45:00,691.1,691.4,690.26,690.33,790.87
2026-08-22 15:50:00,690.33,690.41,688.68,689.37,3073.31
2026-08-22 15:55:00,689.38,690.23,688.84,688.95,1957.7
2026-08-22 16:00:00,688.95,690.91,688.77,690.75,2046.58
2026-08-22 16:05:00,690.75,691.45,690.6,690.81,1359.63
2026-08-22 16:10:00,690.82,692.01,689.84,691.93,2383.68
2026-08-22 16:15:00,691.92,694.4,691.88,694.02,2902.3
2026-08-22 16:20:00,694.02,695.35,693.67,695.11,1600.94
2026-08-22 16:25:00,695.1,695.52,694.75,695.17,1561.02
2026-08-22 16:30:00,695.17,695.8,694.49,694.87,1341.18
2026-08-22 16:35:00,694.86,696.54,694.68,696.4,1344.43
2026-08-22 16:40:00,696.41,697.46,696.35,697.11,3073.31
2026-08-22 16:45:00,697.1,697.99,696.9,697.72,3105.55
2026-08-22 16:50:00,697.73,697.75,697.02,697.4,1453.78
2026-08-22 16:55:00,697.41,697.69,696.9,696.93,1100.99
2026-08-22 17:00:00,696.93,697.2,695.77,696.04,1650.05
2026-08-22 17:05:00,696.05,696.74,695.59,696.74,1033.22
2026-08-22 17:10:00,696.73,696.98,696.44,696.82,615.83
2026-08-22 17:15:00,696.82,697.63,696.79,697.58,869.0
2026-08-22 17:20:00,697.58,697.62,696.55,696.78,1038.11
2026-08-22 17:25:00,696.78,697.01,694.41,694.76,2212.04
2026-08-22 17:30:00,694.76,696.69,694.76,696.42,878.59
2026-08-22 17:35:00,696.43,697.03,695.95,695.96,606.43
2026-08-22 17:40:00,695.96,697.13,695.96,697.02,976.76
2026-08-22 17:45:00,697.03,697.96,696.57,697.75,1320.29
2026-08-22 17:50:00,697.75,698.77,697.33,697.63,1305.33
2026-08-22 17:55:00,697.62,697.73,696.61,696.7,1290.1
2026-08-22 18:00:00,696.69,697.92,696.55,697.63,2362.1
2026-08-22 18:05:00,697.63,698.22,696.77,696.78,979.12
2026-08-22 18:10:00,696.78,697.47,696.73,697.33,995.19
2026-08-22 18:15:00,697.33,698.36,697.32,698.13,892.68
2026-08-22 18:20:00,698.12,698.91,698.02,698.46,1195.1
2026-08-22 18:25:00,698.46,699.26,698.38,698.71,1387.87
2026-08-22 18:30:00,698.71,699.6,698.7,699.24,1556.52
2026-08-22 18:35:00,699.23,699.23,698.31,698.32,958.79
2026-08-22 18:40:00,698.32,699.46,697.92,697.93,2626.43
2026-08-22 18:45:00,697.92,698.81,697.11,698.28,2602.62
2026-08-22 18:50:00,698.27,698.38,696.91,697.77,857.21
2026-08-22 18:55:00,697.77,698.92,697.64,698.92,708.98
2026-08-22 19:00:00,698.92,699.51,698.4,698.99,1045.3
2026-08-22 19:05:00,698.98,699.24,698.14,698.91,867.07
2026-08-22 19:10:00,698.92,699.62,698.84,699.32,755.92
2026-08-22 19:15:00,699.33,699.75,698.23,698.43,884.0
2026-08-22 19:20:00,698.44,698.47,697.73,697.73,529.5
2026-08-22 19:25:00,697.74,697.89,697.22,697.54,697.63
2026-08-22 19:30:00,697.54,698.85,697.54,698.69,880.36
2026-08-22 19:35:00,698.68,698.78,697.9,698.17,543.48
2026-08-22 19:40:00,698.16,698.98,698.15,698.98,503.41
2026-08-22 19:45:00,698.97,699.34,698.75,699.01,876.22
2026-08-22 19:50:00,699.01,700.31,698.97,699.77,3424.25
2026-08-22 19:55:00,699.77,699.77,699.06,699.07,809.16
2026-08-22 20:00:00,699.07,699.56,698.06,699.01,1145.85
2026-08-22 20:05:00,699.02,700.24,698.66,700.07,905.41
2026-08-22 20:10:00,700.06,700.48,699.74,699.82,1149.09
2026-08-22 20:15:00,699.82,700.12,699.52,699.89,1423.84
2026-08-22 20:20:00,699.89,700.07,699.52,699.64,1952.78
2026-08-22 20:25:00,699.64,700.31,699.45,699.46,1405.58
2026-08-22 20:30:00,699.45,699.98,698.44,698.79,854.23
2026-08-22 20:35:00,698.78,700.27,698.33,700.27,1264.84
2026-08-22 20:40:00,700.26,701.09,699.38,699.51,2764.47
2026-08-22 20:45:00,699.51,700.08,699.16,699.93,1350.16
2026-08-22 20:50:00,699.92,700.13,699.26,699.36,1162.39
2026-08-22 20:55:00,699.35,699.35,697.73,698.38,1640.57
2026-08-22 21:00:00,698.39,698.43,694.01,694.95,4003.88
2026-08-22 21:05:00,694.95,696.33,694.94,696.03,2681.2
2026-08-22 21:10:00,696.02,696.02,693.68,693.89,3280.94
2026-08-22 21:15:00,693.9,696.99,693.89,696.99,2166.79
2026-08-22 21:20:00,697.0,698.29,696.72,697.73,2124.51
2026-08-22 21:25:00,697.72,698.62,697.21,698.27,1110.04
2026-08-22 21:30:00,698.28,698.28,696.03,696.66,2339.65
2026-08-22 21:35:00,696.65,696.66,693.75,694.34,6244.18
2026-08-22 21:40:00,694.34,695.4,693.8,695.27,1990.1
2026-08-22 21:45:00,695.27,695.27,693.57,693.75,546.72
2026-08-22 21:50:00,693.75,694.06,692.59,693.53,1318.3
2026-08-22 21:55:00,693.54,693.82,692.4,693.13,1349.75
2026-08-22 22:00:00,693.12,694.86,692.16,694.42,3246.78
2026-08-22 22:05:00,694.42,697.09,694.35,696.74,2846.52
2026-08-22 22:10:00,696.73,696.92,695.74,696.6,1589.41
2026-08-22 22:15:00,696.58,697.04,695.67,696.02,2115.31
2026-08-22 22:20:00,696.02,697.56,696.02,697.39,3318.29
2026-08-22 22:25:00,697.39,697.61,696.55,696.92,3895.19
2026-08-22 22:30:00,696.93,696.98,694.73,696.69,2550.31
2026-08-22 22:35:00,696.69,697.17,694.78,695.37,3423.02
2026-08-22 22:40:00,695.36,695.58,694.39,695.05,2080.82
2026-08-22 22:45:00,695.05,695.31,694.41,694.75,1698.13
2026-08-22 22:50:00,694.76,695.48,694.22,694.88,1369.25
2026-08-22 22:55:00,694.88,695.0,693.7,694.17,1001.71
2026-08-22 23:00:00,694.17,694.55,692.77,693.98,2272.0
2026-08-22 23:05:00,693.98,694.78,693.7,694.2,1128.89
2026-08-22 23:10:00,694.19,694.38,693.23,693.76,1058.5
2026-08-22 23:15:00,693.75,694.15,693.45,694.06,685.9
2026-08-22 23:20:00,694.06,694.41,693.66,693.86,842.3
2026-08-22 23:25:00,693.86,694.09,693.37,693.6,892.78
2026-08-22 23:30:00,693.61,693.72,692.39,692.42,1063.53
2026-08-22 23:35:00,692.41,693.75,691.66,693.54,2182.42
2026-08-22 23:40:00,693.54,694.19,693.38,693.65,690.36
2026-08-22 23:45:00,693.65,695.76,693.51,695.76,937.13
2026-08-22 23:50:00,695.77,696.65,695.39,696.65,1770.32
2026-08-22 23:55:00,696.66,696.74,695.63,695.69,584.52
2026-08-23 00:00:00,695.69,696.67,695.65,696.23,1563.23
2026-08-23 00:05:00,696.23,696.45,695.16,695.17,610.89
2026-08-23 00:10:00,695.16,695.55,694.11,695.21,1058.89
2026-08-23 00:15:00,695.21,696.22,694.98,696.0,730.86
2026-08-23 00:20:00,696.0,697.33,695.74,697.1,2397.41
2026-08-23 00:25:00,697.1,698.86,696.62,698.76,2389.22
2026-08-23 00:30:00,698.77,699.52,698.51,699.1,3104.72
2026-08-23 00:35:00,699.11,701.04,699.11,700.28,4508.08
2026-08-23 00:40:00,700.28,700.48,699.49,699.67,1846.31
2026-08-23 00:45:00,699.67,700.91,699.49,700.91,1967.82
2026-08-23 00:50:00,700.91,702.45,700.81,701.08,5331.19
2026-08-23 00:55:00,701.07,702.0,700.58,701.19,2655.47
2026-08-23 01:00:00,701.19,701.21,698.15,698.15,2831.33
2026-08-23 01:05:00,698.15,699.62,697.75,699.1,1735.57
2026-08-23 01:10:00,699.11,700.67,698.82,700.63,1971.5
2026-08-23 01:15:00,700.64,700.7,698.96,699.83,1433.05
2026-08-23 01:20:00,699.83,701.52,699.78,700.59,1519.42
2026-08-23 01:25:00,700.59,700.59,699.95,700.42,888.35
2026-08-23 01:30:00,700.43,700.93,698.38,699.37,1966.77
2026-08-23 01:35:00,699.38,700.03,698.92,699.93,2117.93
2026-08-23 01:40:00,699.93,700.35,698.34,699.63,2009.04
2026-08-23 01:45:00,699.62,700.14,698.82,699.14,858.87
2026-08-23 01:50:00,699.14,699.5,698.64,698.74,767.73
2026-08-23 01:55:00,698.73,699.0,697.71,698.7,1219.7
2026-08-23 02:00:00,698.7,698.78,697.64,697.64,758.11
2026-08-23 02:05:00,697.64,697.73,696.41,696.43,2420.97
2026-08-23 02:10:00,696.43,696.66,694.51,694.64,2989.73
2026-08-23 02:15:00,694.76,695.99,694.16,694.3,3998.2
2026-08-23 02:20:00,694.31,694.8,692.64,693.35,4572.79
2026-08-23 02:25:00,693.34,694.76,693.34,694.76,1880.6
2026-08-23 02:30:00,694.76,696.87,694.68,696.8,2089.31
2026-08-23 02:35:00,696.81,696.87,695.38,695.55,1211.85
2026-08-23 02:40:00,695.56,696.0,695.06,695.17,692.36
2026-08-23 02:45:00,695.16,696.09,694.55,695.45,1856.21
2026-08-23 02:50:00,695.45,697.19,694.67,694.74,4685.83
2026-08-23 02:55:00,694.74,694.88,694.33,694.41,819.24
2026-08-23 03:00:00,694.41,695.04,694.1,694.35,1079.35
2026-08-23 03:05:00,694.35,694.35,693.4,693.75,632.97
2026-08-23 03:10:00,693.76,695.11,693.46,694.74,1144.52
2026-08-23 03:15:00,694.74,695.67,694.0,694.67,1292.25
2026-08-23 03:20:00,694.67,694.67,691.55,691.9,5926.1
2026-08-23 03:25:00,691.91,692.56,691.53,691.8,2004.17
2026-08-23 03:30:00,691.79,691.88,689.49,690.03,8397.8
2026-08-23 03:35:00,690.03,690.88,689.09,689.97,5430.3
2026-08-23 03:40:00,689.97,690.64,689.18,689.46,6479.1
2026-08-23 03:45:00,689.46,690.39,688.78,690.02,5812.32
2026-08-23 03:50:00,690.01,690.14,689.14,689.94,3051.08
2026-08-23 03:55:00,689.94,690.27,689.61,689.68,1174.09
2026-08-23 04:00:00,689.68,690.24,687.88,688.26,3813.93
2026-08-23 04:05:00,688.26,689.44,687.14,687.96,4940.53
2026-08-23 04:10:00,687.97,690.5,687.97,690.31,2359.68
2026-08-23 04:15:00,690.31,690.82,687.91,687.98,2733.24
2026-08-23 04:20:00,687.97,688.49,687.38,688.23,3206.43
2026-08-23 04:25:00,688.23,688.88,687.91,687.94,1475.85
2026-08-23 04:30:00,687.93,688.11,686.68,686.97,3010.33
2026-08-23 04:35:00,686.96,687.99,686.04,687.67,3737.12
2026-08-23 04:40:00,687.68,688.36,686.08,686.42,3715.78
2026-08-23 04:45:00,686.42,686.53,681.47,681.85,18707.13
2026-08-23 04:50:00,681.86,684.16,681.79,683.32,4646.51
2026-08-23 04:55:00,683.31,683.82,682.29,682.36,3236.03
2026-08-23 05:00:00,682.36,684.49,682.09,683.2,6005.7
2026-08-23 05:05:00,683.19,684.14,680.87,682.01,5942.38
2026-08-23 05:10:00,682.0,683.44,680.55,680.88,7019.61
2026-08-23 05:15:00,680.87,681.73,677.29,681.73,17784.24
2026-08-23 05:20:00,681.73,685.32,681.65,685.17,8666.8
2026-08-23 05:25:00,685.17,685.57,683.72,683.79,6484.79
2026-08-23 05:30:00,683.8,684.87,683.39,684.43,5804.66
2026-08-23 05:35:00,684.43,685.19,683.09,684.62,5102.38
2026-08-23 05:40:00,684.63,686.0,684.04,684.35,4156.97
2026-08-23 05:45:00,684.36,685.4,684.36,684.94,1600.3
2026-08-23 05:50:00,684.93,685.52,683.58,684.79,1768.78
2026-08-23 05:55:00,684.79,684.9,683.41,683.41,1351.33
2026-08-23 06:00:00,683.42,684.5,682.84,684.17,2860.44
2026-08-23 06:05:00,684.18,684.4,681.0,682.06,5759.83
2026-08-23 06:10:00,682.05,683.96,681.85,683.47,4993.3
2026-08-23 06:15:00,683.46,686.23,683.23,686.22,5773.28
2026-08-23 06:20:00,686.23,686.63,685.52,686.2,2721.08
2026-08-23 06:25:00,686.19,686.26,685.28,685.87,1195.7
2026-08-23 06:30:00,685.87,687.68,685.87,687.16,2436.94
2026-08-23 06:35:00,687.15,687.4,685.84,686.52,2172.75
2026-08-23 06:40:00,686.53,687.26,686.4,686.74,1057.83
2026-08-23 06:45:00,686.75,686.92,685.9,686.11,915.6
2026-08-23 06:50:00,686.11,686.16,685.08,685.36,1415.98
2026-08-23 06:55:00,685.36,685.55,684.83,685.48,1140.26
2026-08-23 07:00:00,685.49,685.99,685.05,685.48,1155.36
2026-08-23 07:05:00,685.47,688.01,685.37,687.86,4951.57
2026-08-23 07:10:00,687.87,688.88,687.81,688.77,1555.26
2026-08-23 07:15:00,688.77,689.57,688.65,689.31,2119.63
2026-08-23 07:20:00,689.31,689.31,687.22,687.67,2647.55
2026-08-23 07:25:00,687.67,688.28,687.49,687.85,949.68
2026-08-23 07:30:00,687.85,687.91,686.79,686.87,636.37
2026-08-23 07:35:00,686.88,687.85,686.64,687.23,2178.3
2026-08-23 07:40:00,687.24,688.07,686.75,687.47,1924.67
2026-08-23 07:45:00,687.47,688.02,686.35,687.05,2257.55
2026-08-23 07:50:00,687.05,688.23,686.74,687.48,852.29
2026-08-23 07:55:00,687.49,687.82,682.86,684.42,12566.9
2026-08-23 08:00:00,684.41,685.23,684.06,685.22,2206.33
2026-08-23 08:05:00,685.22,687.78,685.22,687.55,2989.5
2026-08-23 08:10:00,687.56,689.41,687.06,688.34,6130.52
2026-08-23 08:15:00,688.34,689.53,688.23,688.9,2931.44
2026-08-23 08:20:00,688.89,689.06,688.55,688.71,681.51
2026-08-23 08:25:00,688.71,688.76,688.07,688.39,761.03
2026-08-23 08:30:00,688.4,689.28,688.38,688.82,1445.92
2026-08-23 08:35:00,688.82,690.0,688.54,689.59,2946.72
2026-08-23 08:40:00,689.59,690.79,689.0,689.74,4743.13
2026-08-23 08:45:00,689.74,690.42,689.57,689.72,1721.63
2026-08-23 08:50:00,689.71,690.16,689.39,689.69,1647.34
2026-08-23 08:55:00,689.69,689.82,688.91,689.51,4145.88
2026-08-23 09:00:00,689.51,690.35,688.42,690.09,3327.15
2026-08-23 09:05:00,690.09,690.44,689.61,690.05,868.78
2026-08-23 09:10:00,690.04,690.05,689.44,689.46,1132.6
2026-08-23 09:15:00,689.46,689.71,688.76,689.36,1103.47
2026-08-23 09:20:00,689.37,689.48,688.52,688.58,838.82
2026-08-23 09:25:00,688.57,689.5,688.57,688.98,1135.42
2026-08-23 09:30:00,688.97,688.98,687.84,688.19,1559.24
2026-08-23 09:35:00,688.2,688.76,687.68,688.42,1415.29
2026-08-23 09:40:00,688.43,688.86,688.33,688.46,743.26
2026-08-23 09:45:00,688.47,689.24,688.04,688.97,961.11
2026-08-23 09:50:00,688.98,689.64,688.9,689.63,1366.74
2026-08-23 09:55:00,689.64,690.09,689.29,689.43,2331.34
2026-08-23 10:00:00,689.43,690.07,689.34,689.78,1191.28
2026-08-23 10:05:00,689.77,690.52,689.75,690.05,1822.47
2026-08-23 10:10:00,690.06,690.42,689.68,690.35,1896.33
2026-08-23 10:15:00,690.35,690.85,689.94,690.08,1720.08
2026-08-23 10:20:00,690.09,691.88,690.08,691.88,3348.09
2026-08-23 10:25:00,691.89,692.22,691.47,691.52,2028.58
2026-08-23 10:30:00,691.53,692.6,691.53,692.48,1957.24
2026-08-23 10:35:00,692.48,692.55,691.3,691.31,1080.93
2026-08-23 10:40:00,691.32,691.79,691.0,691.28,1398.5
2026-08-23 10:45:00,691.28,691.29,690.35,690.47,1085.7
2026-08-23 10:50:00,690.47,690.56,690.03,690.34,926.47
2026-08-23 10:55:00,690.35,690.5,690.05,690.18,463.93
2026-08-23 11:00:00,690.18,691.7,690.18,691.0,1021.83
2026-08-23 11:05:00,691.0,691.74,690.99,691.21,739.03
2026-08-23 11:10:00,691.21,692.39,691.04,692.3,492.44
2026-08-23 11:15:00,692.31,693.46,691.99,693.37,3084.99
2026-08-23 11:20:00,693.36,695.18,693.26,695.01,6932.23
2026-08-23 11:25:00,695.01,695.57,694.37,694.52,3122.2
2026-08-23 11:30:00,694.53,695.0,693.34,694.53,2056.0
2026-08-23 11:35:00,694.54,695.93,694.48,695.93,2220.7
2026-08-23 11:40:00,695.92,695.93,695.08,695.26,2617.15
2026-08-23 11:45:00,695.26,695.39,694.14,694.3,1698.29
2026-08-23 11:50:00,694.3,695.83,694.3,695.49,1567.96
2026-08-23 11:55:00,695.49,695.57,695.04,695.39,969.42
2026-08-23 12:00:00,695.39,695.45,693.57,693.95,2221.11
2026-08-23 12:05:00,693.95,694.09,692.64,693.77,3467.06
2026-08-23 12:10:00,693.76,693.95,692.7,693.28,1637.73
2026-08-23 12:15:00,693.28,693.55,692.81,693.36,1081.34
2026-08-23 12:20:00,693.36,693.82,693.23,693.49,766.89
2026-08-23 12:25:00,693.49,693.64,692.7,693.07,665.58
2026-08-23 12:30:00,693.07,693.62,692.94,693.3,446.67
2026-08-23 12:35:00,693.28,693.82,692.85,693.82,487.46
2026-08-23 12:40:00,693.82,695.36,693.81,695.18,1834.03
2026-08-23 12:45:00,695.18,695.18,694.02,694.4,996.34
2026-08-23 12:50:00,694.41,694.53,693.83,693.88,483.63
2026-08-23 12:55:00,693.87,694.7,693.87,694.59,368.18
2026-08-23 13:00:00,694.59,694.87,694.5,694.64,734.98
2026-08-23 13:05:00,694.64,695.97,694.64,695.85,807.94
2026-08-23 13:10:00,695.86,696.55,695.72,696.41,1693.75
2026-08-23 13:15:00,696.4,700.49,696.34,699.44,7283.67
2026-08-23 13:20:00,699.42,699.55,697.36,699.33,3947.5
2026-08-23 13:25:00,699.32,699.32,697.98,698.03,2536.36
2026-08-23 13:30:00,698.04,698.84,697.63,697.96,2142.94
2026-08-23 13:35:00,697.97,698.99,697.37,698.86,1557.38
2026-08-23 13:40:00,698.85,699.11,698.61,699.05,1435.28
2026-08-23 13:45:00,699.05,699.34,698.1,698.24,1577.16
2026-08-23 13:50:00,698.24,698.86,698.01,698.86,1194.43
2026-08-23 13:55:00,698.86,698.86,698.27,698.55,988.18
2026-08-23 14:00:00,698.54,699.29,698.28,698.71,2000.8
2026-08-23 14:05:00,698.7,698.9,696.63,698.07,2414.85
2026-08-23 14:10:00,698.06,699.83,698.05,699.26,1893.11
2026-08-23 14:15:00,699.27,699.83,698.59,698.63,1669.26
2026-08-23 14:20:00,698.62,698.88,696.8,697.78,3098.26
2026-08-23 14:25:00,697.77,698.38,697.62,697.7,872.01
2026-08-23 14:30:00,697.7,698.16,697.36,697.37,1441.92
2026-08-23 14:35:00,697.37,698.41,697.37,697.95,820.73
2026-08-23 14:40:00,697.96,698.27,690.24,693.46,15398.56
2026-08-23 14:45:00,693.45,695.85,693.25,695.62,3796.85
2026-08-23 14:50:00,695.63,696.85,695.48,696.5,2755.34
2026-08-23 14:55:00,696.49,696.5,695.32,695.94,1840.09
2026-08-23 15:00:00,695.95,696.54,694.19,696.32,2747.22
2026-08-23 15:05:00,696.32,696.77,695.8,696.5,1239.18
2026-08-23 15:10:00,696.5,696.5,695.37,695.38,1449.46
2026-08-23 15:15:00,695.37,695.63,693.71,694.4,2117.53
2026-08-23 15:20:00,694.41,695.98,693.96,695.87,1617.66
2026-08-23 15:25:00,695.87,696.1,695.66,696.1,556.12
2026-08-23 15:30:00,696.1,696.69,695.57,695.69,939.98
2026-08-23 15:35:00,695.7,696.74,695.7,696.69,703.99
2026-08-23 15:40:00,696.69,697.73,696.65,697.23,1508.38
2026-08-23 15:45:00,697.24,697.73,696.74,696.88,1065.88
2026-08-23 15:50:00,696.87,697.09,696.09,696.37,930.27
2026-08-23 15:55:00,696.37,696.89,695.26,695.42,1240.49
2026-08-23 16:00:00,695.44,696.47,695.44,696.35,1029.8
2026-08-23 16:05:00,696.34,696.35,695.78,695.8,473.22
2026-08-23 16:10:00,695.79,696.49,695.69,696.34,591.73
2026-08-23 16:15:00,696.34,697.33,695.98,696.09,2145.75
2026-08-23 16:20:00,696.09,696.98,695.95,696.56,1005.95
2026-08-23 16:25:00,696.55,696.77,695.91,696.24,1206.87
2026-08-23 16:30:00,696.24,697.21,696.12,696.86,987.21
2026-08-23 16:35:00,696.85,698.16,696.83,697.77,3590.11
2026-08-23 16:40:00,697.77,698.27,697.52,697.57,1114.41
2026-08-23 16:45:00,697.58,698.4,697.41,697.75,1504.91
2026-08-23 16:50:00,697.75,698.99,697.75,698.64,1092.79
2026-08-23 16:55:00,698.64,699.25,698.64,699.14,804.49
2026-08-23 17:00:00,699.14,699.34,696.88,698.33,2071.82
2026-08-23 17:05:00,698.32,699.84,698.25,699.84,1315.68
2026-08-23 17:10:00,699.84,700.34,699.36,700.0,2058.78
2026-08-23 17:15:00,700.0,700.74,698.63,700.53,2339.0
2026-08-23 17:20:00,700.53,700.62,698.16,698.23,1942.93
2026-08-23 17:25:00,698.23,698.44,696.95,698.11,3985.4
2026-08-23 17:30:00,698.11,698.12,696.5,697.89,1213.78
2026-08-23 17:35:00,697.89,698.95,697.89,698.25,696.66
2026-08-23 17:40:00,698.25,698.32,697.57,697.94,986.97
2026-08-23 17:45:00,697.94,698.94,697.2,697.61,765.95
2026-08-23 17:50:00,697.61,698.06,697.3,697.4,653.47
2026-08-23 17:55:00,697.41,698.62,697.27,698.09,1650.77
2026-08-23 18:00:00,698.09,698.3,697.14,697.76,943.9
2026-08-23 18:05:00,697.76,698.54,697.15,698.54,1439.13
2026-08-23 18:10:00,698.54,699.55,698.45,699.13,1957.04
2026-08-23 18:15:00,699.13,700.74,699.11,699.48,2918.26
2026-08-23 18:20:00,699.48,700.0,699.29,700.0,628.24
2026-08-23 18:25:00,700.0,700.77,699.92,700.34,959.06
2026-08-23 18:30:00,700.34,700.45,699.44,699.61,1214.11
2026-08-23 18:35:00,699.6,700.49,699.6,699.88,631.73
2026-08-23 18:40:00,699.89,700.43,699.63,699.86,974.16
2026-08-23 18:45:00,699.87,700.0,699.46,699.96,521.42
2026-08-23 18:50:00,699.96,700.45,699.67,700.23,1423.04
2026-08-23 18:55:00,700.24,700.85,700.03,700.13,1751.58
2026-08-23 19:00:00,700.14,700.63,700.0,700.17,659.12
2026-08-23 19:05:00,700.18,700.25,699.16,699.23,1148.33
2026-08-23 19:10:00,699.22,699.46,697.84,698.95,2227.04
2026-08-23 19:15:00,698.95,699.61,698.49,699.47,702.79
2026-08-23 19:20:00,699.47,700.0,699.47,699.68,546.02
2026-08-23 19:25:00,699.67,700.08,699.47,699.93,417.93
2026-08-23 19:30:00,699.93,700.0,698.99,699.99,741.39
2026-08-23 19:35:00,699.99,700.23,699.52,699.52,919.64
2026-08-23 19:40:00,699.53,700.24,699.39,700.11,955.2
2026-08-23 19:45:00,700.11,700.7,699.74,699.79,979.52
2026-08-23 19:50:00,699.79,700.12,699.5,699.99,1228.65
2026-08-23 19:55:00,700.0,700.18,699.29,699.29,1623.66
2026-08-23 20:00:00,699.3,699.54,698.2,698.5,1370.09
2026-08-23 20:05:00,698.49,699.46,698.32,699.31,531.08
2026-08-23 20:10:00,699.32,700.0,698.9,699.24,2219.22
2026-08-23 20:15:00,699.23,699.95,699.17,699.94,398.55
2026-08-23 20:20:00,699.94,700.27,699.86,700.17,700.41
2026-08-23 20:25:00,700.17,700.46,699.98,699.99,519.56
2026-08-23 20:30:00,699.99,700.51,699.98,700.21,326.33
2026-08-23 20:35:00,700.21,700.35,700.01,700.35,511.54
2026-08-23 20:40:00,700.34,700.5,699.83,700.28,1523.66
2026-08-23 20:45:00,700.29,700.4,699.78,700.33,526.19
2026-08-23 20:50:00,700.34,700.4,699.79,700.22,996.74
2026-08-23 20:55:00,700.23,700.56,700.15,700.5,382.82
2026-08-23 21:00:00,700.5,703.7,700.5,703.7,8121.67
2026-08-23 21:05:00,703.69,704.69,703.0,704.08,3354.17
2026-08-23 21:10:00,704.09,704.62,703.81,704.27,1754.39
2026-08-23 21:15:00,704.28,705.91,704.28,705.86,5820.01
2026-08-23 21:20:00,705.87,706.28,704.88,704.88,2921.14
2026-08-23 21:25:00,704.88,706.85,704.63,706.73,1893.35
2026-08-23 21:30:00,706.74,707.77,706.4,706.4,2538.88
2026-08-23 21:35:00,706.4,706.4,703.31,703.72,3315.69
2026-08-23 21:40:00,703.72,704.97,703.67,704.62,1920.58
2026-08-23 21:45:00,704.63,705.71,704.63,705.66,873.62
2026-08-23 21:50:00,705.67,706.2,705.11,705.11,1017.95
2026-08-23 21:55:00,705.12,705.24,703.39,703.78,1907.03
2026-08-23 22:00:00,703.78,705.5,700.51,701.96,8180.36
2026-08-23 22:05:00,701.97,703.26,701.23,702.99,2654.86
2026-08-23 22:10:00,702.99,703.39,702.28,702.8,866.76
2026-08-23 22:15:00,702.8,703.77,702.18,703.54,1710.21
2026-08-23 22:20:00,703.53,703.8,702.91,703.26,980.67
2026-08-23 22:25:00,703.27,704.33,703.27,703.4,1085.39
2026-08-23 22:30:00,703.41,704.71,703.21,703.63,1274.79
2026-08-23 22:35:00,703.64,704.15,702.45,703.97,1075.48
2026-08-23 22:40:00,703.97,705.0,703.54,704.17,1782.56
2026-08-23 22:45:00,704.17,705.02,703.72,705.01,1442.52
2026-08-23 22:50:00,705.01,705.22,703.88,704.0,1140.84
2026-08-23 22:55:00,704.0,704.19,703.08,703.61,1224.99
2026-08-23 23:00:00,703.6,704.0,701.52,702.22,1948.37
2026-08-23 23:05:00,702.21,702.68,700.44,702.46,2219.87
2026-08-23 23:10:00,702.46,702.99,701.01,701.66,1386.88
2026-08-23 23:15:00,701.65,704.04,701.63,703.47,1755.17
2026-08-23 23:20:00,703.47,703.52,701.71,702.1,779.57
2026-08-23 23:25:00,702.09,703.78,701.5,703.55,1205.88
2026-08-23 23:30:00,703.55,705.1,702.85,703.15,1821.38
2026-08-23 23:35:00,703.14,703.57,701.63,702.0,964.54
2026-08-23 23:40:00,702.0,702.57,700.07,700.87,1643.6
2026-08-23 23:45:00,700.87,702.17,700.68,702.07,1214.83
2026-08-23 23:50:00,702.08,702.97,701.72,702.26,755.29
2026-08-23 23:55:00,702.25,703.04,702.15,702.93,701.67
2026-08-24 00:00:00,702.93,703.33,701.76,701.76,2224.82
2026-08-24 00:05:00,701.77,703.0,700.82,702.77,2249.69
2026-08-24 00:10:00,702.77,702.85,701.79,702.06,847.27
2026-08-24 00:15:00,702.07,702.38,701.46,701.73,1908.72
2026-08-24 00:20:00,701.74,701.81,700.56,701.46,1662.15
2026-08-24 00:25:00,701.45,701.45,698.92,700.79,3946.11
2026-08-24 00:30:00,700.8,701.5,700.09,701.47,1006.67
2026-08-24 00:35:00,701.46,703.24,701.31,702.34,2481.68
2026-08-24 00:40:00,702.35,702.59,699.82,700.25,1997.83
2026-08-24 00:45:00,700.26,702.44,699.03,701.85,3638.29
2026-08-24 00:50:00,701.85,704.0,701.83,703.69,2539.55
2026-08-24 00:55:00,703.69,705.37,703.05,705.37,2264.96
2026-08-24 01:00:00,705.36,705.57,703.61,704.19,2569.85
2026-08-24 01:05:00,704.19,704.73,702.38,702.6,1516.53
2026-08-24 01:10:00,702.6,703.82,702.07,702.07,1114.21
2026-08-24 01:15:00,702.07,702.07,700.75,701.29,2160.15
2026-08-24 01:20:00,701.28,701.3,699.07,699.07,2959.78
2026-08-24 01:25:00,699.06,700.44,699.04,699.31,1643.02
2026-08-24 01:30:00,699.32,700.56,698.11,700.56,3294.31
2026-08-24 01:35:00,700.57,700.67,697.3,698.18,5021.48
2026-08-24 01:40:00,698.19,699.0,696.16,696.43,9490.15
2026-08-24 01:45:00,696.44,697.02,695.66,696.77,5224.93
2026-08-24 01:50:00,696.77,697.32,695.86,697.32,1901.87
2026-08-24 01:55:00,697.31,697.43,695.01,695.69,2923.91
2026-08-24 02:00:00,695.68,696.63,693.68,696.55,5315.42
2026-08-24 02:05:00,696.54,697.19,696.0,697.1,3134.58
2026-08-24 02:10:00,697.09,700.48,696.4,699.55,4485.58
2026-08-24 02:15:00,699.55,701.53,699.55,701.31,3704.81
2026-08-24 02:20:00,701.31,701.49,700.77,701.35,937.45
2026-08-24 02:25:00,701.36,701.79,700.81,701.34,705.12
2026-08-24 02:30:00,701.34,702.22,701.13,702.14,1328.1
2026-08-24 02:35:00,702.14,702.5,700.47,701.02,1979.31
2026-08-24 02:40:00,701.03,701.95,700.67,701.7,735.11
2026-08-24 02:45:00,701.71,701.71,699.04,700.13,1760.73
2026-08-24 02:50:00,700.13,700.47,699.67,700.38,639.44
2026-08-24 02:55:00,700.37,701.27,699.89,700.58,976.04
2026-08-24 03:00:00,700.59,700.9,699.11,699.32,1119.6
2026-08-24 03:05:00,699.32,699.32,697.63,698.09,1573.82
2026-08-24 03:10:00,698.09,698.53,697.34,697.4,1110.34
2026-08-24 03:15:00,697.39,698.29,697.34,697.87,1104.36
2026-08-24 03:20:00,697.88,699.25,697.52,698.76,1143.72
2026-08-24 03:25:00,698.78,699.43,697.34,697.34,865.64
2026-08-24 03:30:00,697.34,697.73,696.14,697.71,2991.35
2026-08-24 03:35:00,697.71,697.9,696.01,697.52,1153.18
2026-08-24 03:40:00,697.51,697.58,696.88,697.18,558.88
2026-08-24 03:45:00,697.18,697.95,696.92,697.65,509.41
2026-08-24 03:50:00,697.66,698.44,696.41,696.69,1500.84
2026-08-24 03:55:00,696.69,696.96,696.09,696.25,531.04
2026-08-24 04:00:00,696.25,697.0,694.96,696.99,3780.48
2026-08-24 04:05:00,697.0,697.68,696.6,696.65,1475.99
2026-08-24 04:10:00,696.66,697.03,696.24,697.0,752.8
2026-08-24 04:15:00,697.0,698.59,697.0,697.7,1287.22
2026-08-24 04:20:00,697.71,698.58,697.6,697.62,629.1
2026-08-24 04:25:00,697.62,698.6,697.62,698.5,434.92
2026-08-24 04:30:00,698.5,698.72,697.82,698.36,591.32
2026-08-24 04:35:00,698.35,698.36,697.63,697.9,510.52
2026-08-24 04:40:00,697.89,698.16,697.09,698.07,781.68
2026-08-24 04:45:00,698.08,698.59,696.6,696.96,1596.54
2026-08-24 04:50:00,696.96,697.02,694.81,696.49,2651.66
2026-08-24 04:55:00,696.5,696.98,695.8,696.98,910.25
2026-08-24 05:00:00,696.97,697.41,696.15,696.97,1027.76
2026-08-24 05:05:00,696.98,698.84,696.41,698.44,1674.56
2026-08-24 05:10:00,698.43,700.54,698.21,700.42,2722.98
2026-08-24 05:15:00,700.42,700.8,699.0,699.03,2039.58
2026-08-24 05:20:00,699.03,699.23,697.73,698.06,1382.65
2026-08-24 05:25:00,698.07,698.77,697.8,697.87,814.07
2026-08-24 05:30:00,697.87,697.87,696.5,697.08,1298.46
2026-08-24 05:35:00,697.07,698.2,696.27,697.61,2128.17
2026-08-24 05:40:00,697.61,699.79,697.38,699.13,1337.85
2026-08-24 05:45:00,699.14,699.85,698.7,698.71,1522.86
2026-08-24 05:50:00,698.71,699.46,698.21,699.46,743.12
2026-08-24 05:55:00,699.46,699.96,699.37,699.6,843.94
2026-08-24 06:00:00,699.61,700.23,698.12,698.43,2420.01
2026-08-24 06:05:00,698.43,699.78,697.79,699.66,1014.35
2026-08-24 06:10:00,699.67,700.91,699.03,700.58,1520.66
2026-08-24 06:15:00,700.58,701.14,699.9,700.0,942.31
2026-08-24 06:20:00,700.0,700.21,699.17,700.2,722.14
2026-08-24 06:25:00,700.21,700.21,699.48,699.48,334.15
2026-08-24 06:30:00,699.48,699.66,698.04,698.08,1107.75
2026-08-24 06:35:00,698.09,698.37,697.2,697.22,1098.82
2026-08-24 06:40:00,697.22,698.04,697.0,697.72,1080.39
2026-08-24 06:45:00,697.72,700.99,697.56,700.65,2212.93
2026-08-24 06:50:00,700.65,700.84,700.25,700.37,1152.83
2026-08-24 06:55:00,700.37,700.54,699.92,700.1,567.46
2026-08-24 07:00:00,700.11,700.4,699.75,700.34,693.03
2026-08-24 07:05:00,700.34,700.9,699.94,700.8,1833.91
2026-08-24 07:10:00,700.81,703.84,700.81,703.75,7387.31
2026-08-24 07:15:00,703.75,703.88,701.22,701.57,3656.33
2026-08-24 07:20:00,701.56,701.56,700.54,701.0,1134.99
2026-08-24 07:25:00,701.01,701.55,699.92,700.53,4369.39
2026-08-24 07:30:00,700.52,700.52,699.51,700.17,1695.32
2026-08-24 07:35:00,700.16,700.48,699.51,699.51,1592.79
2026-08-24 07:40:00,699.51,699.59,698.5,698.86,3519.9
2026-08-24 07:45:00,698.85,700.71,698.83,700.26,1725.37
2026-08-24 07:50:00,700.27,700.31,698.4,699.22,2610.64
2026-08-24 07:55:00,699.23,699.35,698.7,699.12,1010.02
2026-08-24 08:00:00,699.13,699.25,697.4,697.45,3535.06
2026-08-24 08:05:00,697.45,699.22,697.45,697.59,2717.84
2026-08-24 08:10:00,697.6,697.6,696.44,696.44,2355.03
2026-08-24 08:15:00,696.45,696.66,694.92,695.87,3618.9
2026-08-24 08:20:00,695.88,696.09,694.1,694.32,2482.06
2026-08-24 08:25:00,694.32,694.73,693.23,693.98,3610.7
2026-08-24 08:30:00,693.98,695.05,693.87,694.8,1441.75
2026-08-24 08:35:00,694.8,696.24,694.62,695.94,1073.46
2026-08-24 08:40:00,695.94,695.95,695.39,695.9,507.7
2026-08-24 08:45:00,695.91,696.22,695.11,696.21,812.73
2026-08-24 08:50:00,696.2,696.34,695.83,696.19,582.48
2026-08-24 08:55:00,696.19,696.65,696.01,696.23,977.38
2026-08-24 09:00:00,696.22,697.52,695.8,697.31,1185.4
2026-08-24 09:05:00,697.3,698.62,697.3,698.43,1441.74
2026-08-24 09:10:00,698.42,698.9,698.13,698.7,731.34
2026-08-24 09:15:00,698.7,699.07,697.41,697.86,2789.92
2026-08-24 09:20:00,697.86,698.18,697.7,697.83,735.87
2026-08-24 09:25:00,697.82,698.99,697.41,698.7,1454.53
2026-08-24 09:30:00,698.71,699.26,697.89,699.25,1767.64
2026-08-24 09:35:00,699.25,699.29,698.86,699.24,793.32
2026-08-24 09:40:00,699.24,699.24,698.36,698.63,990.35
2026-08-24 09:45:00,698.63,699.18,698.49,699.12,651.17
2026-08-24 09:50:00,699.11,700.29,699.02,700.23,2077.02
2026-08-24 09:55:00,700.23,700.23,699.25,700.13,1085.29
2026-08-24 10:00:00,700.13,701.92,699.89,701.14,4232.92
2026-08-24 10:05:00,701.13,701.63,699.7,701.11,1977.79
2026-08-24 10:10:00,701.12,702.4,700.95,702.29,3034.32
2026-08-24 10:15:00,702.3,702.4,701.4,702.07,2269.5
2026-08-24 10:20:00,702.06,702.11,700.83,701.45,1554.54
2026-08-24 10:25:00,701.44,702.39,700.96,701.4,1991.95
2026-08-24 10:30:00,701.4,702.5,701.19,702.31,1290.26
2026-08-24 10:35:00,702.31,702.5,701.41,701.41,1389.52
2026-08-24 10:40:00,701.4,701.47,699.64,700.0,2071.07
2026-08-24 10:45:00,699.99,700.85,699.99,700.69,1407.03
2026-08-24 10:50:00,700.69,700.85,699.08,699.89,1207.65
2026-08-24 10:55:00,699.89,700.2,699.26,699.97,728.6
2026-08-24 11:00:00,699.97,699.97,697.63,699.78,2220.56
2026-08-24 11:05:00,699.77,700.51,699.35,700.29,1099.24
2026-08-24 11:10:00,700.29,701.0,700.01,700.81,981.05
2026-08-24 11:15:00,700.82,700.95,700.09,700.74,949.56
2026-08-24 11:20:00,700.74,701.46,700.35,701.15,879.68
2026-08-24 11:25:00,701.15,701.85,701.08,701.84,709.67
2026-08-24 11:30:00,701.85,703.7,701.59,703.7,2950.42
2026-08-24 11:35:00,703.7,705.9,703.62,705.64,10758.39
2026-08-24 11:40:00,705.64,707.6,705.12,707.5,5778.49
2026-08-24 11:45:00,707.5,707.59,702.98,703.53,7580.81
2026-08-24 11:50:00,703.54,704.09,702.61,703.1,3667.57
2026-08-24 11:55:00,703.11,704.3,702.88,704.21,1925.03
2026-08-24 12:00:00,704.2,704.2,702.1,702.52,1536.87
2026-08-24 12:05:00,702.52,702.71,701.91,702.53,1718.67
2026-08-24 12:10:00,702.53,702.94,702.24,702.47,1645.84
2026-08-24 12:15:00,702.47,702.92,700.58,702.63,4310.15
2026-08-24 12:20:00,702.63,703.81,702.36,703.68,1510.35
2026-08-24 12:25:00,703.67,704.85,703.55,703.96,2883.06
2026-08-24 12:30:00,703.96,705.42,702.51,704.12,5801.94
2026-08-24 12:35:00,704.11,705.22,703.81,704.8,1341.01
2026-08-24 12:40:00,704.81,705.73,704.23,704.26,2292.85
2026-08-24 12:45:00,704.26,705.8,704.11,705.6,1654.75
2026-08-24 12:50:00,705.6,707.28,705.05,706.88,4182.64
2026-08-24 12:55:00,706.88,707.98,705.8,705.99,6790.88
2026-08-24 13:00:00,705.99,706.27,704.4,704.74,3734.43
2026-08-24 13:05:00,704.76,706.96,704.76,706.96,4584.2
2026-08-24 13:10:00,706.95,708.63,706.69,707.34,5485.04
2026-08-24 13:15:00,707.35,707.37,704.88,706.13,4727.43
2026-08-24 13:20:00,706.14,707.29,705.43,706.24,3417.8
2026-08-24 13:25:00,706.23,706.4,704.64,705.18,2100.74
2026-08-24 13:30:00,705.19,705.32,699.9,701.28,15156.29
2026-08-24 13:35:00,701.29,702.35,699.91,700.46,4236.34
2026-08-24 13:40:00,700.47,700.94,698.41,699.24,8756.6
2026-08-24 13:45:00,699.23,700.0,696.8,699.31,9381.19
2026-08-24 13:50:00,699.32,699.99,697.84,699.3,3677.78
2026-08-24 13:55:00,699.3,700.79,698.92,700.08,2680.73
2026-08-24 14:00:00,700.09,702.31,700.01,700.85,4353.8
2026-08-24 14:05:00,700.85,702.82,700.73,702.8,2477.96
2026-08-24 14:10:00,702.79,705.1,702.58,704.91,5459.98
2026-08-24 14:15:00,704.92,705.9,704.43,704.81,4216.78
2026-08-24 14:20:00,704.82,706.96,702.64,703.26,9111.99
2026-08-24 14:25:00,703.27,706.5,702.91,706.19,2847.43
2026-08-24 14:30:00,706.19,708.03,705.75,707.48,7054.8
2026-08-24 14:35:00,707.48,709.3,707.17,708.5,5186.8
2026-08-24 14:40:00,708.51,709.56,707.24,708.44,5628.24
2026-08-24 14:45:00,708.44,709.25,707.91,708.32,3250.64
2026-08-24 14:50:00,708.33,708.56,706.93,707.56,2888.6
2026-08-24 14:55:00,707.56,708.3,706.49,707.36,2577.58
2026-08-24 15:00:00,707.36,708.5,706.69,707.96,2415.32
2026-08-24 15:05:00,707.96,709.23,707.11,708.94,2500.98
2026-08-24 15:10:00,708.94,711.38,708.46,709.88,5735.67
2026-08-24 15:15:00,709.88,712.21,709.16,712.17,5619.3
2026-08-24 15:20:00,712.16,715.27,711.92,715.0,12981.82
2026-08-24 15:25:00,715.0,717.41,713.76,715.79,8599.56
2026-08-24 15:30:00,715.8,716.15,713.2,713.41,6658.11
2026-08-24 15:35:00,713.41,714.38,710.6,711.32,6973.11
2026-08-24 15:40:00,711.32,712.22,706.5,709.26,11919.77
2026-08-24 15:45:00,709.25,710.63,707.67,709.53,7034.99
2026-08-24 15:50:00,709.53,709.82,706.73,707.08,5088.83
2026-08-24 15:55:00,707.07,707.07,704.11,706.32,7238.36
2026-08-24 16:00:00,706.33,708.77,706.33,708.44,4754.05
2026-08-24 16:05:00,708.45,711.06,708.2,709.78,4776.62
2026-08-24 16:10:00,709.77,710.44,709.64,710.27,2944.45
2026-08-24 16:15:00,710.28,712.2,709.98,712.2,3723.56
2026-08-24 16:20:00,712.2,712.82,711.1,712.4,5272.94
2026-08-24 16:25:00,712.4,712.52,710.75,710.75,2689.93
2026-08-24 16:30:00,710.75,711.3,709.04,709.75,3638.85
2026-08-24 16:35:00,709.75,710.68,709.16,709.16,3378.83
2026-08-24 16:40:00,709.16,709.16,707.61,707.98,3473.41
2026-08-24 16:45:00,707.98,708.75,707.21,707.89,3330.86
2026-08-24 16:50:00,707.91,708.32,704.2,705.43,5414.26
2026-08-24 16:55:00,705.43,706.47,704.77,705.18,3146.34
2026-08-24 17:00:00,705.18,705.47,701.06,703.7,7499.2
2026-08-24 17:05:00,703.71,706.41,703.4,706.41,4319.31
2026-08-24 17:10:00,706.41,706.48,704.64,704.74,2082.71
2026-08-24 17:15:00,704.73,704.89,701.89,703.15,4628.89
2026-08-24 17:20:00,703.16,703.19,699.1,699.64,12155.91
2026-08-24 17:25:00,699.65,702.3,698.9,699.33,7225.75
2026-08-24 17:30:00,699.33,700.8,699.24,700.01,4413.42
2026-08-24 17:35:00,700.0,702.32,699.79,702.17,2050.15
2026-08-24 17:40:00,702.17,702.89,700.45,700.45,2442.05
2026-08-24 17:45:00,700.45,702.51,700.19,702.26,2273.84
2026-08-24 17:50:00,702.27,703.06,701.7,702.18,2524.7
2026-08-24 17:55:00,702.18,703.12,701.49,703.0,1160.78
2026-08-24 18:00:00,703.0,704.76,703.0,704.69,1792.76
2026-08-24 18:05:00,704.69,705.38,703.54,704.08,1975.68
2026-08-24 18:10:00,704.07,705.07,703.99,705.07,1159.31
2026-08-24 18:15:00,705.07,705.78,704.9,705.33,1595.12
2026-08-24 18:20:00,705.34,705.44,704.07,704.07,894.17
2026-08-24 18:25:00,704.06,705.4,703.84,704.51,1554.32
2026-08-24 18:30:00,704.52,705.37,703.78,703.78,2853.03
2026-08-24 18:35:00,703.78,704.26,701.82,702.76,1494.83
2026-08-24 18:40:00,702.77,704.4,702.77,704.4,1140.44
2026-08-24 18:45:00,704.39,705.01,704.01,704.22,2109.68
2026-08-24 18:50:00,704.23,704.46,702.24,703.11,1234.42
2026-08-24 18:55:00,703.11,703.72,702.59,703.33,473.37
2026-08-24 19:00:00,703.33,704.34,702.85,702.85,1228.05
2026-08-24 19:05:00,702.85,703.49,701.62,702.36,2292.73
2026-08-24 19:10:00,702.35,704.09,701.96,703.94,2454.7
2026-08-24 19:15:00,703.95,703.95,701.3,701.55,3293.82
2026-08-24 19:20:00,701.55,702.24,700.81,701.99,2869.35
2026-08-24 19:25:00,702.0,703.81,702.0,703.75,1238.07
2026-08-24 19:30:00,703.75,703.75,702.85,703.33,847.96
2026-08-24 19:35:00,703.33,704.65,703.18,703.77,1880.82
2026-08-24 19:40:00,703.78,703.97,702.28,703.13,825.73
2026-08-24 19:45:00,703.14,703.37,702.36,702.65,1648.63
2026-08-24 19:50:00,702.66,702.88,701.33,702.53,1199.6
2026-08-24 19:55:00,702.53,703.35,702.21,702.41,2597.11
2026-08-24 20:00:00,702.42,703.23,701.44,701.5,941.39
2026-08-24 20:05:00,701.51,703.5,701.44,703.5,921.27
2026-08-24 20:10:00,703.49,703.72,702.31,702.69,4088.65
2026-08-24 20:15:00,702.7,703.04,701.57,702.46,2506.82
2026-08-24 20:20:00,702.48,702.87,701.56,701.84,1879.62
2026-08-24 20:25:00,701.85,701.98,701.3,701.8,800.33
2026-08-24 20:30:00,701.8,702.87,701.3,702.85,1479.8
2026-08-24 20:35:00,702.86,704.66,702.85,704.19,931.5
2026-08-24 20:40:00,704.19,704.2,702.7,703.39,2480.95
2026-08-24 20:45:00,703.39,703.54,703.21,703.31,372.82
2026-08-24 20:50:00,703.3,703.6,702.88,703.19,423.63
2026-08-24 20:55:00,703.19,703.64,702.77,703.52,969.53
2026-08-24 21:00:00,703.52,705.46,703.52,705.36,1454.95
2026-08-24 21:05:00,705.35,705.48,704.49,704.51,862.86
2026-08-24 21:10:00,704.52,705.7,704.46,705.7,808.71
2026-08-24 21:15:00,705.69,705.73,704.48,704.49,2197.85
2026-08-24 21:20:00,704.48,705.08,704.4,704.9,765.4
2026-08-24 21:25:00,704.91,705.21,704.34,704.88,832.6
2026-08-24 21:30:00,704.88,705.49,704.44,704.56,539.2
2026-08-24 21:35:00,704.56,704.77,704.39,704.77,311.31
2026-08-24 21:40:00,704.77,705.17,704.76,705.11,764.72
2026-08-24 21:45:00,705.11,705.55,704.91,705.06,584.36
2026-08-24 21:50:00,705.06,705.06,703.32,703.96,681.48
2026-08-24 21:55:00,703.96,704.5,703.87,704.43,349.8
2026-08-24 22:00:00,704.42,704.67,702.84,703.43,2356.32
2026-08-24 22:05:00,703.43,704.17,703.4,703.4,512.42
2026-08-24 22:10:00,703.4,703.45,702.66,702.98,370.91
2026-08-24 22:15:00,702.98,703.34,702.5,702.51,463.26
2026-08-24 22:20:00,702.51,703.1,702.0,702.49,1061.79
2026-08-24 22:25:00,702.48,702.62,702.04,702.61,791.85
2026-08-24 22:30:00,702.62,703.53,702.31,703.36,537.23
2026-08-24 22:35:00,703.36,704.0,703.11,703.26,635.64
2026-08-24 22:40:00,703.26,703.26,701.8,702.07,1341.28
2026-08-24 22:45:00,702.07,702.74,702.07,702.7,404.84
2026-08-24 22:50:00,702.7,703.17,702.25,702.52,557.12
2026-08-24 22:55:00,702.52,702.52,701.61,701.84,601.27
2026-08-24 23:00:00,701.85,702.07,700.46,701.64,1510.86
2026-08-24 23:05:00,701.64,702.08,701.44,701.79,754.11
2026-08-24 23:10:00,701.78,702.49,701.6,701.71,547.01
2026-08-24 23:15:00,701.72,702.07,701.65,701.92,473.27
2026-08-24 23:20:00,701.93,703.33,701.92,703.05,752.92
2026-08-24 23:25:00,703.05,703.5,702.85,702.85,317.53
2026-08-24 23:30:00,702.86,703.4,702.68,702.87,531.04
2026-08-24 23:35:00,702.86,704.25,702.7,704.25,752.97
2026-08-24 23:40:00,704.25,704.38,703.95,704.38,629.39
2026-08-24 23:45:00,704.39,704.85,703.78,704.05,495.23
2026-08-24 23:50:00,704.04,704.14,703.36,703.69,1329.7
2026-08-24 23:55:00,703.69,704.92,703.43,704.67,710.94
2026-08-25 00:00:00,704.66,705.53,704.5,705.05,4420.7
2026-08-25 00:05:00,705.05,706.84,703.92,705.74,4128.87
2026-08-25 00:10:00,705.74,707.49,705.66,706.73,2679.37
2026-08-25 00:15:00,706.72,706.72,704.52,705.49,2326.06
2026-08-25 00:20:00,705.49,708.18,705.0,707.27,2478.77
2026-08-25 00:25:00,707.27,707.72,706.56,706.88,1369.61
2026-08-25 00:30:00,706.88,707.41,705.69,706.43,1198.61
2026-08-25 00:35:00,706.43,708.22,706.43,707.27,1494.26
2026-08-25 00:40:00,707.28,709.67,707.23,709.67,2216.76
2026-08-25 00:45:00,709.67,711.64,709.46,710.37,5606.31
2026-08-25 00:50:00,710.37,711.66,709.5,711.66,1913.48
2026-08-25 00:55:00,711.66,711.66,710.18,710.39,2079.95
2026-08-25 01:00:00,710.39,712.84,709.95,712.47,4345.51
2026-08-25 01:05:00,712.47,712.48,710.23,711.3,3371.51
2026-08-25 01:10:00,711.29,711.3,709.64,709.88,2196.38
2026-08-25 01:15:00,709.88,710.51,708.59,710.14,3371.45
2026-08-25 01:20:00,710.14,710.53,709.3,709.81,1238.11
2026-08-25 01:25:00,709.8,711.61,709.57,710.47,2039.0
2026-08-25 01:30:00,710.48,710.67,709.02,709.45,1229.56
2026-08-25 01:35:00,709.44,711.0,709.22,710.76,1199.64
2026-08-25 01:40:00,710.76,711.59,710.0,710.1,2401.97
2026-08-25 01:45:00,710.1,711.31,710.1,710.98,986.5
2026-08-25 01:50:00,710.98,710.99,709.38,709.99,2314.54
2026-08-25 01:55:00,709.99,711.13,709.95,710.97,948.98
2026-08-25 02:00:00,710.98,711.23,710.26,710.27,1687.07
2026-08-25 02:05:00,710.26,710.28,708.68,709.29,2913.83
2026-08-25 02:10:00,709.3,710.2,708.94,709.33,899.14
2026-08-25 02:15:00,709.33,715.55,709.04,715.55,12772.61
2026-08-25 02:20:00,715.54,717.54,713.54,716.0,11829.07
2026-08-25 02:25:00,715.99,719.8,715.44,719.21,9085.99
2026-08-25 02:30:00,719.2,719.6,717.24,718.81,5241.58
2026-08-25 02:35:00,718.8,718.83,716.25,717.25,5470.63
2026-08-25 02:40:00,717.24,719.03,715.85,715.9,5328.57
2026-08-25 02:45:00,715.89,716.35,714.35,714.48,3715.12
2026-08-25 02:50:00,714.48,714.7,712.7,713.97,4751.01
2026-08-25 02:55:00,713.96,715.31,713.78,714.77,1718.3
2026-08-25 03:00:00,714.78,716.52,714.4,716.35,3179.76
2026-08-25 03:05:00,716.34,718.45,716.33,717.31,4186.98
2026-08-25 03:10:00,717.32,718.35,717.05,717.41,1425.45
2026-08-25 03:15:00,717.4,717.98,716.23,717.44,1849.53
2026-08-25 03:20:00,717.44,717.89,716.0,716.22,1537.49
2026-08-25 03:25:00,716.22,716.81,715.33,716.62,1823.19
2026-08-25 03:30:00,716.62,718.0,716.03,717.13,1704.22
2026-08-25 03:35:00,717.14,717.92,716.58,717.43,1158.54
2026-08-25 03:40:00,717.44,717.69,715.68,716.13,1502.15
2026-08-25 03:45:00,716.13,716.63,714.34,715.59,4131.36
2026-08-25 03:50:00,715.6,716.91,715.6,716.47,1239.61
2026-08-25 03:55:00,716.47,716.47,714.87,715.89,2438.55
2026-08-25 04:00:00,715.9,718.38,715.33,716.72,4180.1
2026-08-25 04:05:00,716.73,717.0,714.36,716.22,3064.45
2026-08-25 04:10:00,716.22,716.77,715.44,716.76,1052.29
2026-08-25 04:15:00,716.77,716.85,715.3,715.59,2294.73
2026-08-25 04:20:00,715.6,716.92,715.23,716.92,1474.51
2026-08-25 04:25:00,716.93,716.98,715.16,715.38,1211.02
2026-08-25 04:30:00,715.39,716.2,713.86,715.36,2592.89
2026-08-25 04:35:00,715.35,715.79,714.52,714.87,1277.99
2026-08-25 04:40:00,714.87,715.8,713.93,714.45,1536.72
2026-08-25 04:45:00,714.46,715.08,714.23,714.79,993.08
2026-08-25 04:50:00,714.78,715.28,714.41,714.69,962.57
2026-08-25 04:55:00,714.7,714.97,713.92,714.9,758.91
2026-08-25 05:00:00,714.89,716.29,714.35,716.28,1373.73
2026-08-25 05:05:00,716.29,717.06,716.25,716.8,687.18
2026-08-25 05:10:00,716.81,717.08,716.26,716.57,1022.25
2026-08-25 05:15:00,716.57,717.33,716.36,717.06,1180.49
2026-08-25 05:20:00,717.06,717.5,716.86,717.18,836.73
2026-08-25 05:25:00,717.18,719.17,717.18,718.29,2544.85
2026-08-25 05:30:00,718.29,718.59,717.64,718.31,1220.71
2026-08-25 05:35:00,718.31,718.46,717.17,717.63,2368.9
2026-08-25 05:40:00,717.63,718.0,716.88,717.12,639.55
2026-08-25 05:45:00,717.13,717.8,716.86,717.57,789.65
2026-08-25 05:50:00,717.57,717.68,717.19,717.31,622.27
2026-08-25 05:55:00,717.32,718.07,716.86,716.97,915.29
2026-08-25 06:00:00,716.98,717.38,716.72,717.06,787.88
2026-08-25 06:05:00,717.06,717.75,716.89,717.62,695.88
2026-08-25 06:10:00,717.61,717.61,716.4,717.33,1726.27
2026-08-25 06:15:00,717.34,717.88,716.79,717.38,752.74
2026-08-25 06:20:00,717.39,717.73,716.1,716.83,1347.45
2026-08-25 06:25:00,716.84,717.12,716.24,716.32,806.6
2026-08-25 06:30:00,716.33,716.33,714.82,715.61,2189.06
2026-08-25 06:35:00,715.62,715.62,713.7,714.49,2285.9
2026-08-25 06:40:00,714.49,714.6,713.52,713.66,1536.75
2026-08-25 06:45:00,713.66,714.27,713.55,713.99,870.85
2026-08-25 06:50:00,713.99,713.99,712.39,712.39,3036.79
2026-08-25 06:55:00,712.4,713.52,711.7,713.5,4224.77
2026-08-25 07:00:00,713.5,715.61,713.0,715.45,2151.69
2026-08-25 07:05:00,715.45,716.44,714.93,714.94,3093.39
2026-08-25 07:10:00,714.93,714.97,714.0,714.11,984.06
2026-08-25 07:15:00,714.12,714.64,712.79,712.79,1969.73
2026-08-25 07:20:00,712.8,713.52,712.78,712.96,1490.06
2026-08-25 07:25:00,712.96,712.96,711.7,712.35,2683.46
2026-08-25 07:30:00,712.35,712.36,710.47,711.5,5466.66
2026-08-25 07:35:00,711.5,711.51,709.5,709.63,4586.72
2026-08-25 07:40:00,709.64,710.64,709.64,710.46,3061.88
2026-08-25 07:45:00,710.46,710.57,705.55,706.59,9040.58
2026-08-25 07:50:00,706.59,707.0,702.73,706.72,14324.01
2026-08-25 07:55:00,706.72,707.14,705.97,706.73,3783.27
2026-08-25 08:00:00,706.73,707.26,706.0,707.09,4116.51
2026-08-25 08:05:00,707.08,707.1,706.07,706.55,1507.02
2026-08-25 08:10:00,706.55,707.21,706.43,706.91,1575.66
2026-08-25 08:15:00,706.91,708.0,706.91,707.37,2405.07
2026-08-25 08:20:00,707.37,708.71,707.27,708.43,2344.64
2026-08-25 08:25:00,708.43,709.2,708.07,708.25,1738.78
2026-08-25 08:30:00,708.25,708.79,707.39,708.15,1770.39
2026-08-25 08:35:00,708.14,708.34,707.19,707.2,1049.85
2026-08-25 08:40:00,707.2,707.37,706.38,706.96,2447.42
2026-08-25 08:45:00,706.96,707.12,705.75,705.75,1775.25
2026-08-25 08:50:00,705.75,706.08,704.53,704.86,4931.02
2026-08-25 08:55:00,704.85,704.94,703.9,704.71,1597.35
2026-08-25 09:00:00,704.71,704.76,703.13,703.27,2631.61
2026-08-25 09:05:00,703.27,703.67,701.4,703.67,6870.87
2026-08-25 09:10:00,703.67,704.0,702.24,703.44,2939.25
2026-08-25 09:15:00,703.45,703.8,703.0,703.26,1203.31
2026-08-25 09:20:00,703.26,704.24,703.1,703.96,1527.43
2026-08-25 09:25:00,703.96,703.96,702.24,702.87,2262.63
2026-08-25 09:30:00,702.88,703.84,702.88,703.64,858.95
2026-08-25 09:35:00,703.65,703.72,702.92,703.57,2035.23
2026-08-25 09:40:00,703.57,704.27,703.0,703.0,1404.83
2026-08-25 09:45:00,703.0,703.24,701.56,701.56,1935.75
2026-08-25 09:50:00,701.57,701.57,697.2,699.2,12679.74
2026-08-25 09:55:00,699.17,699.94,698.25,699.34,3690.6
2026-08-25 10:00:00,699.34,699.35,697.64,699.22,4278.32
2026-08-25 10:05:00,699.21,699.96,698.81,699.6,2629.95
2026-08-25 10:10:00,699.6,700.61,699.6,700.41,2077.87
2026-08-25 10:15:00,700.42,700.79,700.03,700.26,1524.22
2026-08-25 10:20:00,700.25,700.46,699.43,699.64,809.2
2026-08-25 10:25:00,699.65,699.89,699.4,699.59,1231.76
2026-08-25 10:30:00,699.6,699.81,699.08,699.66,1204.69
2026-08-25 10:35:00,699.66,700.13,699.46,700.01,1115.94
2026-08-25 10:40:00,700.0,700.19,699.63,699.87,772.06
2026-08-25 10:45:00,699.87,700.74,699.67,700.28,2996.42
2026-08-25 10:50:00,700.27,700.91,700.0,700.47,1137.48
2026-08-25 10:55:00,700.46,700.68,699.75,699.87,930.72
2026-08-25 11:00:00,699.87,700.0,699.4,699.4,670.49
2026-08-25 11:05:00,699.39,700.5,699.16,699.68,1776.53
2026-08-25 11:10:00,699.68,699.79,698.29,698.39,1581.84
2026-08-25 11:15:00,698.4,699.24,698.16,698.78,1205.58
2026-08-25 11:20:00,698.79,699.51,698.78,699.41,548.83
2026-08-25 11:25:00,699.41,699.41,698.22,698.71,839.66
2026-08-25 11:30:00,698.72,699.44,698.5,699.19,726.73
2026-08-25 11:35:00,699.18,700.0,699.09,699.1,1465.2
2026-08-25 11:40:00,699.09,699.12,698.13,698.2,814.87
2026-08-25 11:45:00,698.21,698.76,697.8,698.35,4040.3
2026-08-25 11:50:00,698.36,698.93,697.5,697.51,1619.08
2026-08-25 11:55:00,697.5,697.79,697.08,697.24,1969.26
2026-08-25 12:00:00,697.24,697.69,695.56,696.44,6304.46
2026-08-25 12:05:00,696.43,696.44,693.33,694.31,7773.5
2026-08-25 12:10:00,694.31,696.85,694.03,696.72,4251.57
2026-08-25 12:15:00,696.72,696.78,694.18,694.82,6356.3
2026-08-25 12:20:00,694.83,695.26,693.71,695.25,3043.15
2026-08-25 12:25:00,695.25,695.85,693.4,695.76,2987.29
2026-08-25 12:30:00,695.76,696.41,694.95,696.22,2075.12
2026-08-25 12:35:00,696.22,696.42,695.59,695.65,1415.47
2026-08-25 12:40:00,695.65,696.96,694.4,696.43,2608.37
2026-08-25 12:45:00,696.44,697.88,696.21,697.39,2453.37
2026-08-25 12:50:00,697.4,698.4,697.39,698.38,2101.88
2026-08-25 12:55:00,698.38,698.49,697.93,697.93,1298.57
2026-08-25 13:00:00,697.94,698.49,697.39,698.36,2062.04
2026-08-25 13:05:00,698.36,698.51,696.87,697.59,2058.84
2026-08-25 13:10:00,697.58,697.84,695.66,696.35,3229.86
2026-08-25 13:15:00,696.36,696.41,693.85,695.47,6723.8
2026-08-25 13:20:00,695.47,696.0,694.02,695.0,4156.37
2026-08-25 13:25:00,695.01,695.65,694.25,694.6,2051.41
2026-08-25 13:30:00,694.59,697.4,694.16,697.23,3472.14
2026-08-25 13:35:00,697.23,698.41,696.8,696.85,3138.78
2026-08-25 13:40:00,696.85,697.47,694.4,694.52,2429.21
2026-08-25 13:45:00,694.53,694.87,692.4,693.13,5499.48
2026-08-25 13:50:00,693.13,693.33,690.64,692.24,7291.02
2026-08-25 13:55:00,692.25,694.88,691.52,694.8,4005.41
2026-08-25 14:00:00,694.81,695.5,693.55,695.41,3154.79
2026-08-25 14:05:00,695.41,696.34,695.21,696.33,2330.64
2026-08-25 14:10:00,696.32,697.08,696.02,696.86,2557.69
2026-08-25 14:15:00,696.86,697.26,695.52,695.59,2157.13
2026-08-25 14:20:00,695.59,697.98,695.32,697.58,6033.1
2026-08-25 14:25:00,697.59,698.84,697.2,698.06,2537.45
2026-08-25 14:30:00,698.06,699.82,697.0,698.77,5161.3
2026-08-25 14:35:00,698.78,699.37,697.9,698.05,1937.03
2026-08-25 14:40:00,698.05,698.61,697.53,698.14,2020.63
2026-08-25 14:45:00,698.14,698.93,698.13,698.33,1922.49
2026-08-25 14:50:00,698.33,699.6,698.2,698.75,1668.22
2026-08-25 14:55:00,698.75,699.26,697.71,698.6,3414.82
2026-08-25 15:00:00,698.61,698.81,697.67,697.84,1410.92
2026-08-25 15:05:00,697.85,699.0,697.85,698.65,1332.71
2026-08-25 15:10:00,698.65,698.88,697.0,697.0,1380.28
2026-08-25 15:15:00,697.0,698.89,696.5,698.72,2073.68
2026-08-25 15:20:00,698.72,699.48,698.52,698.62,1724.43
2026-08-25 15:25:00,698.62,699.02,697.62,698.88,672.43
2026-08-25 15:30:00,698.88,699.24,698.38,698.64,1358.09
2026-08-25 15:35:00,698.64,699.98,698.64,699.13,2054.53
2026-08-25 15:40:00,699.12,699.3,698.54,699.17,1922.43
2026-08-25 15:45:00,699.17,699.45,698.69,698.88,1451.38
2026-08-25 15:50:00,698.88,699.27,698.5,699.09,597.32
2026-08-25 15:55:00,699.09,700.75,699.09,700.35,2788.96
2026-08-25 16:00:00,700.36,700.92,700.0,700.01,1825.28
2026-08-25 16:05:00,700.0,700.1,699.03,699.03,1390.16
2026-08-25 16:10:00,699.02,699.13,698.09,698.49,1046.17
2026-08-25 16:15:00,698.49,699.23,698.27,699.07,1058.76
2026-08-25 16:20:00,699.07,699.19,697.94,698.25,1041.52
2026-08-25 16:25:00,698.24,698.61,697.76,698.6,1104.66
2026-08-25 16:30:00,698.6,700.0,698.26,699.57,1592.19
2026-08-25 16:35:00,699.56,699.71,698.86,699.47,630.77
2026-08-25 16:40:00,699.47,700.14,699.21,699.58,580.46
2026-08-25 16:45:00,699.59,700.29,699.46,700.01,467.26
2026-08-25 16:50:00,700.0,700.01,699.15,699.16,417.41
2026-08-25 16:55:00,699.16,699.31,698.49,698.96,956.08
2026-08-25 17:00:00,698.97,699.06,698.1,698.27,1038.32
2026-08-25 17:05:00,698.27,698.75,697.27,698.2,1454.11
2026-08-25 17:10:00,698.21,698.98,697.42,698.94,1407.59
2026-08-25 17:15:00,698.93,699.46,698.85,699.32,474.72
2026-08-25 17:20:00,699.32,699.72,697.28,697.45,1281.89
2026-08-25 17:25:00,697.45,697.85,697.1,697.25,847.35
2026-08-25 17:30:00,697.24,699.62,697.24,699.02,848.75
2026-08-25 17:35:00,699.01,699.4,698.57,698.99,546.4
2026-08-25 17:40:00,698.99,700.13,698.99,699.72,685.1
2026-08-25 17:45:00,699.72,701.01,699.72,700.56,1451.53
2026-08-25 17:50:00,700.55,700.9,700.0,700.54,1225.79
2026-08-25 17:55:00,700.54,700.71,700.15,700.48,843.06
2026-08-25 18:00:00,700.48,701.4,700.21,700.83,1363.37
2026-08-25 18:05:00,700.84,701.08,700.14,700.57,645.22
2026-08-25 18:10:00,700.58,701.36,700.3,701.13,838.77
2026-08-25 18:15:00,701.14,701.88,701.14,701.56,1033.1
2026-08-25 18:20:00,701.56,701.7,701.01,701.13,588.4
2026-08-25 18:25:00,701.13,701.22,700.93,701.08,562.25
2026-08-25 18:30:00,701.08,701.09,700.33,700.34,503.98
2026-08-25 18:35:00,700.33,700.7,699.89,700.54,410.95
2026-08-25 18:40:00,700.53,700.61,700.27,700.61,222.29
2026-08-25 18:45:00,700.61,700.71,700.13,700.26,277.07
2026-08-25 18:50:00,700.27,700.46,699.52,699.78,539.4
2026-08-25 18:55:00,699.78,700.24,699.63,699.96,301.68
2026-08-25 19:00:00,699.96,700.48,698.88,699.02,737.06
2026-08-25 19:05:00,699.03,700.0,699.02,699.74,1493.41
2026-08-25 19:10:00,699.74,700.29,699.67,700.06,408.84
2026-08-25 19:15:00,700.07,700.43,699.35,700.43,1657.94
2026-08-25 19:20:00,700.43,700.43,699.62,699.92,553.61
2026-08-25 19:25:00,699.92,699.92,698.6,698.69,729.13
2026-08-25 19:30:00,698.68,698.68,697.78,698.35,970.74
2026-08-25 19:35:00,698.34,698.98,698.16,698.16,393.09
2026-08-25 19:40:00,698.16,698.27,697.36,697.38,547.64
2026-08-25 19:45:00,697.38,697.57,697.01,697.35,1757.57
2026-08-25 19:50:00,697.34,698.55,697.2,698.2,382.5
2026-08-25 19:55:00,698.2,698.49,697.88,698.48,279.91
2026-08-25 20:00:00,698.49,698.81,696.0,697.29,1444.82
2026-08-25 20:05:00,697.29,698.07,697.03,697.66,2024.61
2026-08-25 20:10:00,697.65,697.77,697.0,697.54,500.06
2026-08-25 20:15:00,697.54,698.4,696.93,698.22,1036.32
2026-08-25 20:20:00,698.21,698.21,697.19,697.74,556.96
2026-08-25 20:25:00,697.74,697.9,696.8,696.87,485.56
2026-08-25 20:30:00,696.86,696.87,695.84,696.55,789.62
2026-08-25 20:35:00,696.54,696.91,695.21,695.41,848.03
2026-08-25 20:40:00,695.42,695.64,694.0,694.94,2152.71
2026-08-25 20:45:00,694.94,695.55,692.41,692.99,5696.32
2026-08-25 20:50:00,692.96,694.5,692.85,693.34,1983.29
2026-08-25 20:55:00,693.35,693.62,692.67,692.68,1103.12
2026-08-25 21:00:00,692.67,693.87,692.29,693.2,1701.2
2026-08-25 21:05:00,693.19,693.55,688.15,689.74,12122.05
2026-08-25 21:10:00,689.74,692.57,689.15,692.52,3253.54
2026-08-25 21:15:00,692.51,693.0,691.54,692.5,2344.01
2026-08-25 21:20:00,692.5,692.5,690.5,690.95,2582.27
2026-08-25 21:25:00,690.95,692.43,690.67,692.32,1655.76
2026-08-25 21:30:00,692.32,692.7,691.59,692.64,1657.64
2026-08-25 21:35:00,692.64,693.86,692.62,693.49,3401.89
2026-08-25 21:40:00,693.48,693.66,692.91,693.23,1983.59
2026-08-25 21:45:00,693.24,693.43,693.06,693.22,695.19
2026-08-25 21:50:00,693.21,693.32,692.97,693.31,430.05
2026-08-25 21:55:00,693.31,693.64,692.77,693.14,916.51
2026-08-25 22:00:00,693.15,694.9,693.1,694.87,1422.24
2026-08-25 22:05:00,694.86,695.95,694.76,695.63,1625.16
2026-08-25 22:10:00,695.63,696.42,695.51,696.23,1084.0
2026-08-25 22:15:00,696.24,697.09,696.14,697.08,1155.94
2026-08-25 22:20:00,697.07,697.09,696.53,697.0,870.32
2026-08-25 22:25:00,697.01,697.08,695.39,695.66,1009.66
2026-08-25 22:30:00,695.66,697.0,695.33,696.89,715.46
2026-08-25 22:35:00,696.89,696.95,696.27,696.34,499.32
2026-08-25 22:40:00,696.34,696.66,696.04,696.55,478.81
2026-08-25 22:45:00,696.54,697.48,696.44,697.3,826.26
2026-08-25 22:50:00,697.3,697.57,697.29,697.35,614.11
2026-08-25 22:55:00,697.36,697.75,697.25,697.43,428.71
2026-08-25 23:00:00,697.44,697.84,697.15,697.63,823.46
2026-08-25 23:05:00,697.63,697.84,697.05,697.05,581.65
2026-08-25 23:10:00,697.05,697.41,696.67,697.12,1003.01
2026-08-25 23:15:00,697.12,697.65,696.55,696.66,790.18
2026-08-25 23:20:00,696.67,696.73,695.65,695.66,1151.13
2026-08-25 23:25:00,695.67,696.41,695.34,696.31,769.82
2026-08-25 23:30:00,696.31,696.39,695.59,695.81,615.92
2026-08-25 23:35:00,695.82,695.98,695.26,695.42,532.49
2026-08-25 23:40:00,695.41,695.56,694.2,694.72,1225.61
2026-08-25 23:45:00,694.72,694.82,693.9,694.18,1017.46
2026-08-25 23:50:00,694.17,694.27,693.28,693.84,1036.71
2026-08-25 23:55:00,693.84,694.92,693.59,694.83,1006.6
2026-08-26 00:00:00,694.83,695.18,693.55,694.88,2079.59
2026-08-26 00:05:00,694.88,694.88,693.14,693.3,1624.75
2026-08-26 00:10:00,693.31,694.06,691.75,692.16,4676.08
2026-08-26 00:15:00,692.16,693.64,691.93,693.17,1366.31
2026-08-26 00:20:00,693.18,693.64,692.67,693.64,788.04
2026-08-26 00:25:00,693.63,694.05,693.22,694.01,700.56
2026-08-26 00:30:00,694.02,694.47,693.72,693.88,855.38
2026-08-26 00:35:00,693.88,694.02,692.7,692.7,835.73
2026-08-26 00:40:00,692.71,693.55,692.2,692.8,1134.26
2026-08-26 00:45:00,692.8,693.9,692.33,693.62,1154.51
2026-08-26 00:50:00,693.63,695.1,693.63,694.78,981.8
2026-08-26 00:55:00,694.78,694.8,693.95,694.02,949.68
2026-08-26 01:00:00,694.01,695.86,693.7,695.8,1422.78
2026-08-26 01:05:00,695.8,696.69,695.7,695.79,1481.11
2026-08-26 01:10:00,695.79,695.84,695.06,695.18,650.96
2026-08-26 01:15:00,695.19,696.23,695.11,696.13,840.89
2026-08-26 01:20:00,696.12,696.23,695.68,695.94,384.79
2026-08-26 01:25:00,695.93,695.93,694.93,694.95,409.41
2026-08-26 01:30:00,694.96,696.44,694.95,696.17,1238.97
2026-08-26 01:35:00,696.17,697.0,695.99,696.28,1655.29
2026-08-26 01:40:00,696.27,696.41,695.78,696.25,717.65
2026-08-26 01:45:00,696.26,696.26,695.63,695.8,462.82
2026-08-26 01:50:00,695.79,695.8,694.94,695.16,611.63
2026-08-26 01:55:00,695.15,695.45,694.78,695.09,429.06
2026-08-26 02:00:00,695.1,695.56,694.52,694.93,611.64
2026-08-26 02:05:00,694.93,695.4,694.19,694.19,813.96
2026-08-26 02:10:00,694.2,695.6,694.13,694.89,727.42
2026-08-26 02:15:00,694.89,696.68,694.71,696.37,787.74
2026-08-26 02:20:00,696.38,697.26,696.3,697.25,1094.01
2026-08-26 02:25:00,697.26,698.58,697.26,698.46,1921.43
2026-08-26 02:30:00,698.45,698.49,697.78,698.15,1408.45
2026-08-26 02:35:00,698.15,698.42,698.0,698.19,686.71
2026-08-26 02:40:00,698.19,698.59,698.07,698.49,696.76
2026-08-26 02:45:00,698.49,698.56,697.86,698.04,508.75
2026-08-26 02:50:00,698.04,698.06,697.5,698.05,781.59
2026-08-26 02:55:00,698.06,698.25,697.72,698.01,529.56
2026-08-26 03:00:00,698.02,698.55,697.57,697.57,658.8
2026-08-26 03:05:00,697.57,697.87,697.39,697.44,814.21
2026-08-26 03:10:00,697.45,697.66,696.92,696.99,761.4
2026-08-26 03:15:00,696.99,697.32,696.55,696.98,624.16
2026-08-26 03:20:00,696.98,697.73,696.77,697.17,590.32
2026-08-26 03:25:00,697.17,697.21,696.66,696.73,292.25
2026-08-26 03:30:00,696.73,696.73,695.59,696.16,886.53
2026-08-26 03:35:00,696.16,697.26,696.16,696.61,708.27
2026-08-26 03:40:00,696.6,696.63,695.88,696.53,805.54
2026-08-26 03:45:00,696.52,696.66,695.28,695.55,670.83
2026-08-26 03:50:00,695.55,696.06,695.37,695.93,427.8
2026-08-26 03:55:00,695.93,696.74,695.93,696.44,627.63
2026-08-26 04:00:00,696.45,696.52,695.61,696.07,816.55
2026-08-26 04:05:00,696.07,697.5,695.8,697.49,766.88
2026-08-26 04:10:00,697.5,697.84,695.65,696.06,845.57
2026-08-26 04:15:00,696.06,697.16,695.67,697.13,586.5
2026-08-26 04:20:00,697.13,697.24,696.48,697.23,651.18
2026-08-26 04:25:00,697.24,697.44,696.55,696.61,431.53
2026-08-26 04:30:00,696.61,696.8,695.68,696.0,1786.41
2026-08-26 04:35:00,696.01,696.85,695.73,696.01,657.87
2026-08-26 04:40:00,696.02,696.61,696.01,696.02,428.75
2026-08-26 04:45:00,696.02,696.02,694.63,695.17,1553.43
2026-08-26 04:50:00,695.17,695.46,694.49,695.11,900.08
2026-08-26 04:55:00,695.1,695.11,694.4,694.57,620.63
2026-08-26 05:00:00,694.56,694.94,694.25,694.31,821.17
2026-08-26 05:05:00,694.32,694.41,693.18,694.14,1786.51
2026-08-26 05:10:00,694.14,695.04,694.05,694.45,1006.07
2026-08-26 05:15:00,694.44,694.94,693.2,693.29,1143.95
2026-08-26 05:20:00,693.29,695.28,693.03,695.17,1313.28
2026-08-26 05:25:00,695.17,696.44,695.01,696.19,1217.54
2026-08-26 05:30:00,696.18,697.14,695.8,696.76,1119.27
2026-08-26 05:35:00,696.76,696.84,696.04,696.58,582.9
2026-08-26 05:40:00,696.58,696.91,696.52,696.77,407.28
2026-08-26 05:45:00,696.77,696.78,696.13,696.49,395.43
2026-08-26 05:50:00,696.49,696.53,695.76,695.85,370.18
2026-08-26 05:55:00,695.84,696.75,695.84,696.7,332.1
2026-08-26 06:00:00,696.7,697.0,696.24,696.88,838.15
2026-08-26 06:05:00,696.88,697.42,696.88,697.41,981.82
2026-08-26 06:10:00,697.42,697.42,696.24,696.44,569.0
2026-08-26 06:15:00,696.43,696.91,695.78,695.78,514.82
2026-08-26 06:20:00,695.77,696.48,695.63,695.63,672.91
2026-08-26 06:25:00,695.64,696.47,695.38,696.18,984.99
2026-08-26 06:30:00,696.17,696.57,695.68,696.33,570.92
2026-08-26 06:35:00,696.33,696.59,695.8,696.51,1279.08
2026-08-26 06:40:00,696.51,698.0,696.51,697.86,1634.11
2026-08-26 06:45:00,697.85,698.06,696.98,697.26,1055.18
2026-08-26 06:50:00,697.25,697.8,697.18,697.8,446.79
2026-08-26 06:55:00,697.79,698.24,697.66,698.21,954.68
2026-08-26 07:00:00,698.21,699.25,697.6,699.24,1786.2
2026-08-26 07:05:00,699.25,700.38,699.25,699.71,4952.19
2026-08-26 07:10:00,699.72,699.98,699.44,699.9,2336.04
2026-08-26 07:15:00,699.9,700.19,699.51,699.7,1903.31
2026-08-26 07:20:00,699.71,700.19,699.55,699.86,2863.37
2026-08-26 07:25:00,699.87,700.47,699.86,700.14,1297.32
2026-08-26 07:30:00,700.15,700.15,698.54,699.0,2125.21
2026-08-26 07:35:00,699.0,699.41,698.69,699.07,2223.73
2026-08-26 07:40:00,699.07,699.66,699.04,699.24,719.3
2026-08-26 07:45:00,699.25,699.57,698.96,699.41,595.33
2026-08-26 07:50:00,699.4,700.0,699.1,699.1,700.46
2026-08-26 07:55:00,699.11,699.41,698.77,698.93,1016.37
2026-08-26 08:00:00,698.93,699.35,698.21,698.59,1919.16
2026-08-26 08:05:00,698.59,699.34,697.73,699.21,1917.59
2026-08-26 08:10:00,699.21,699.56,698.86,698.87,1122.29
2026-08-26 08:15:00,698.87,699.59,698.6,698.88,1446.6
2026-08-26 08:20:00,698.88,698.99,697.95,698.38,1058.26
2026-08-26 08:25:00,698.38,699.13,698.37,698.89,714.57
2026-08-26 08:30:00,698.9,699.66,698.17,699.36,723.57
2026-08-26 08:35:00,699.36,699.36,698.74,698.8,629.94
2026-08-26 08:40:00,698.8,699.47,698.59,699.38,633.98
2026-08-26 08:45:00,699.39,699.44,698.63,698.63,433.15
2026-08-26 08:50:00,698.64,698.85,697.06,697.07,1235.08
2026-08-26 08:55:00,697.07,697.39,696.44,697.39,1887.71
2026-08-26 09:00:00,697.38,698.96,697.15,698.5,2693.87
2026-08-26 09:05:00,698.49,698.74,698.08,698.16,514.21
2026-08-26 09:10:00,698.17,698.62,697.81,697.99,633.51
2026-08-26 09:15:00,697.99,697.99,695.77,696.03,2170.85
2026-08-26 09:20:00,696.03,696.53,695.81,695.87,1589.21
2026-08-26 09:25:00,695.87,696.66,695.86,696.12,1580.3
2026-08-26 09:30:00,696.11,696.59,695.64,696.3,821.28
2026-08-26 09:35:00,696.3,696.42,695.91,696.06,581.79
2026-08-26 09:40:00,696.05,696.08,695.24,695.25,1566.49
2026-08-26 09:45:00,695.25,695.74,694.57,695.66,1283.78
2026-08-26 09:50:00,695.66,696.33,695.37,695.46,825.03
2026-08-26 09:55:00,695.45,695.85,695.42,695.46,590.37
2026-08-26 10:00:00,695.46,695.84,695.0,695.51,881.14
2026-08-26 10:05:00,695.52,696.04,695.48,695.63,1079.89
2026-08-26 10:10:00,695.64,696.24,695.14,695.92,1768.3
2026-08-26 10:15:00,695.92,697.92,695.76,697.91,1753.09
2026-08-26 10:20:00,697.92,698.33,697.0,698.32,1197.09
2026-08-26 10:25:00,698.33,698.59,698.19,698.3,771.72
2026-08-26 10:30:00,698.3,698.35,697.48,698.03,1446.29
2026-08-26 10:35:00,698.02,703.32,697.84,702.46,12816.1
2026-08-26 10:40:00,702.47,702.83,701.75,701.91,3103.29
2026-08-26 10:45:00,701.92,704.36,701.7,704.17,5060.09
2026-08-26 10:50:00,704.17,707.54,703.92,707.06,9771.23
2026-08-26 10:55:00,707.06,708.71,707.06,707.31,6427.1
2026-08-26 11:00:00,707.31,708.15,706.2,707.62,6075.29
2026-08-26 11:05:00,707.61,707.62,706.32,706.6,2372.53
2026-08-26 11:10:00,706.6,706.69,706.1,706.5,1901.65
2026-08-26 11:15:00,706.5,706.87,706.34,706.38,1017.38
2026-08-26 11:20:00,706.38,706.55,706.0,706.33,1721.39
2026-08-26 11:25:00,706.33,706.35,706.04,706.16,1211.39
2026-08-26 11:30:00,706.17,706.2,705.82,705.99,1464.62
2026-08-26 11:35:00,705.99,706.22,703.13,703.54,7207.56
2026-08-26 11:40:00,703.55,704.16,702.32,703.9,3521.46
2026-08-26 11:45:00,703.91,704.01,701.67,701.9,2690.88
2026-08-26 11:50:00,701.9,703.68,701.9,703.3,1602.44
2026-08-26 11:55:00,703.29,703.8,702.32,702.64,1931.46
2026-08-26 12:00:00,702.64,703.54,702.56,703.22,1798.32
2026-08-26 12:05:00,703.23,703.32,701.46,702.44,2523.95
2026-08-26 12:10:00,702.44,703.66,702.44,702.83,1494.08
2026-08-26 12:15:00,702.83,702.83,701.85,702.31,1027.15
2026-08-26 12:20:00,702.32,704.3,702.31,704.3,1746.88
2026-08-26 12:25:00,704.3,704.49,703.36,704.21,2281.61
2026-08-26 12:30:00,704.21,704.22,697.92,701.5,11112.53
2026-08-26 12:35:00,701.51,702.44,700.08,700.44,2661.95
2026-08-26 12:40:00,700.43,701.97,700.32,700.98,1870.61
2026-08-26 12:45:00,700.97,702.33,700.58,701.88,2147.47
2026-08-26 12:50:00,701.88,702.66,701.17,701.55,1232.18
2026-08-26 12:55:00,701.55,702.42,701.44,702.08,1649.65
2026-08-26 13:00:00,702.09,702.72,701.05,701.07,1780.15
2026-08-26 13:05:00,701.07,701.55,699.7,700.18,2319.43
2026-08-26 13:10:00,700.18,700.21,698.71,698.98,4302.4
2026-08-26 13:15:00,698.98,699.84,698.25,698.74,2160.11
2026-08-26 13:20:00,698.74,699.2,697.31,697.65,3812.35
2026-08-26 13:25:00,697.65,698.36,697.38,698.0,3015.54
2026-08-26 13:30:00,698.01,700.99,698.01,700.54,4395.81
2026-08-26 13:35:00,700.55,702.26,699.98,701.14,3412.62
2026-08-26 13:40:00,701.13,702.37,700.93,702.19,2146.75
2026-08-26 13:45:00,702.19,702.72,700.97,701.38,4187.48
2026-08-26 13:50:00,701.37,701.38,699.7,700.64,2123.05
2026-08-26 13:55:00,700.64,701.76,700.41,701.74,1309.63
2026-08-26 14:00:00,701.73,702.72,700.57,702.09,2150.87
2026-08-26 14:05:00,702.1,702.96,701.37,701.72,2327.22
2026-08-26 14:10:00,701.72,702.01,700.63,700.74,1414.88
2026-08-26 14:15:00,700.74,701.82,700.63,701.15,846.29
2026-08-26 14:20:00,701.15,702.18,700.38,700.64,1217.22
2026-08-26 14:25:00,700.63,700.81,698.53,699.39,3801.3
2026-08-26 14:30:00,699.38,699.65,698.55,698.84,1185.06
2026-08-26 14:35:00,698.83,699.44,697.71,698.31,2424.38
2026-08-26 14:40:00,698.31,698.81,697.04,697.13,5565.9
2026-08-26 14:45:00,697.12,697.54,695.01,696.08,6559.65
2026-08-26 14:50:00,696.08,696.87,695.01,695.06,2815.04
2026-08-26 14:55:00,695.07,695.37,693.64,694.26,5426.59
2026-08-26 15:00:00,694.26,694.92,692.31,692.57,7631.34
2026-08-26 15:05:00,692.57,695.93,692.56,695.08,5068.76
2026-08-26 15:10:00,695.07,695.37,694.21,694.69,1676.56
2026-08-26 15:15:00,694.68,694.83,692.72,693.72,3712.56
2026-08-26 15:20:00,693.72,695.48,693.72,695.3,1437.22
2026-08-26 15:25:00,695.3,697.64,695.3,697.35,3311.25
2026-08-26 15:30:00,697.34,697.49,695.53,695.72,3962.86
2026-08-26 15:35:00,695.73,696.08,695.25,695.95,885.78
2026-08-26 15:40:00,695.95,698.12,695.95,697.14,2431.44
2026-08-26 15:45:00,697.13,698.27,697.13,698.16,943.46
2026-08-26 15:50:00,698.15,698.26,697.3,697.4,686.48
2026-08-26 15:55:00,697.4,698.08,697.1,697.42,461.21
2026-08-26 16:00:00,697.42,697.92,696.66,697.89,1171.74
2026-08-26 16:05:00,697.87,698.65,697.49,698.07,1522.81
2026-08-26 16:10:00,698.06,698.07,697.14,697.43,513.53
2026-08-26 16:15:00,697.43,697.83,696.77,697.15,1381.87
2026-08-26 16:20:00,697.16,698.16,696.8,696.86,705.24
2026-08-26 16:25:00,696.86,697.26,696.15,697.02,947.19
2026-08-26 16:30:00,697.02,697.54,696.63,697.48,646.88
2026-08-26 16:35:00,697.49,698.2,695.9,695.91,1410.01
2026-08-26 16:40:00,695.91,696.57,695.08,695.08,2021.9
2026-08-26 16:45:00,695.08,698.28,695.08,697.51,2576.21
2026-08-26 16:50:00,697.52,698.0,696.7,696.88,699.83
2026-08-26 16:55:00,696.87,697.06,696.17,696.32,797.74
2026-08-26 17:00:00,696.33,696.89,696.05,696.56,746.85
2026-08-26 17:05:00,696.55,697.72,696.12,697.31,697.15
2026-08-26 17:10:00,697.3,698.0,697.17,697.99,572.68
2026-08-26 17:15:00,698.0,699.05,697.74,698.99,1977.28
2026-08-26 17:20:00,698.99,700.01,698.85,699.86,1618.18
2026-08-26 17:25:00,699.86,701.89,699.84,701.63,2466.33
2026-08-26 17:30:00,701.63,702.0,701.04,702.0,3948.59
2026-08-26 17:35:00,701.99,702.49,701.4,702.18,1686.49
2026-08-26 17:40:00,702.17,702.45,701.26,701.26,2143.69
2026-08-26 17:45:00,701.26,701.27,699.55,699.62,2315.23
2026-08-26 17:50:00,699.62,700.21,699.51,700.02,795.02
2026-08-26 17:55:00,700.03,700.16,699.52,699.89,808.85
2026-08-26 18:00:00,699.9,699.99,699.2,699.49,1046.57
2026-08-26 18:05:00,699.49,699.96,699.23,699.68,800.15
2026-08-26 18:10:00,699.67,700.3,698.78,698.88,1982.5
2026-08-26 18:15:00,698.88,699.62,698.57,699.27,975.94
2026-08-26 18:20:00,699.27,699.76,698.92,699.12,517.88
2026-08-26 18:25:00,699.13,699.24,698.25,698.43,2149.61
2026-08-26 18:30:00,698.43,698.92,698.14,698.23,561.43
2026-08-26 18:35:00,698.23,698.59,698.11,698.26,597.5
2026-08-26 18:40:00,698.27,698.27,697.7,698.02,844.68
2026-08-26 18:45:00,698.02,698.76,697.93,698.65,466.23
2026-08-26 18:50:00,698.65,698.99,698.18,698.86,535.73
2026-08-26 18:55:00,698.86,699.01,698.59,698.63,386.79
2026-08-26 19:00:00,698.63,698.99,698.38,698.61,400.85
2026-08-26 19:05:00,698.61,699.54,698.45,699.41,804.31
2026-08-26 19:10:00,699.4,700.27,699.21,699.25,744.44
2026-08-26 19:15:00,699.26,699.82,699.15,699.64,518.54
2026-08-26 19:20:00,699.64,699.67,699.2,699.58,299.35
2026-08-26 19:25:00,699.57,700.99,699.39,700.69,1094.37
2026-08-26 19:30:00,700.69,700.84,700.31,700.56,629.81
2026-08-26 19:35:00,700.57,700.77,699.83,699.83,611.95
2026-08-26 19:40:00,699.84,699.84,699.5,699.62,475.93
2026-08-26 19:45:00,699.62,700.02,699.61,699.99,522.14
2026-08-26 19:50:00,700.0,700.67,699.72,699.89,597.97
2026-08-26 19:55:00,699.88,700.33,699.75,699.87,364.39
2026-08-26 20:00:00,699.88,700.31,699.5,700.13,805.74
2026-08-26 20:05:00,700.14,700.78,700.14,700.54,1067.64
2026-08-26 20:10:00,700.53,700.53,700.03,700.03,527.74
2026-08-26 20:15:00,700.04,700.35,699.46,699.73,462.63
2026-08-26 20:20:00,699.73,699.73,698.06,699.19,1861.62
2026-08-26 20:25:00,699.19,700.0,699.19,699.65,716.25
2026-08-26 20:30:00,699.65,699.77,698.77,698.85,388.79
2026-08-26 20:35:00,698.84,698.85,698.42,698.59,492.48
2026-08-26 20:40:00,698.59,699.24,698.58,698.74,458.72
2026-08-26 20:45:00,698.74,699.29,698.66,699.29,371.7
2026-08-26 20:50:00,699.29,699.58,699.13,699.41,340.13
2026-08-26 20:55:00,699.41,699.56,699.27,699.45,210.34
2026-08-26 21:00:00,699.45,699.71,698.97,699.38,738.99
2026-08-26 21:05:00,699.38,701.12,699.38,701.08,1019.71
2026-08-26 21:10:00,701.07,702.16,700.55,702.16,1641.03
2026-08-26 21:15:00,702.16,702.87,701.82,702.58,1890.02
2026-08-26 21:20:00,702.57,703.0,702.45,702.98,822.74
2026-08-26 21:25:00,702.98,703.8,702.52,703.45,1652.76
2026-08-26 21:30:00,703.45,703.45,702.37,702.78,773.51
2026-08-26 21:35:00,702.77,703.47,702.65,703.42,521.86
2026-08-26 21:40:00,703.42,703.42,702.45,702.65,822.62
2026-08-26 21:45:00,702.65,702.72,702.31,702.48,527.0
2026-08-26 21:50:00,702.49,703.68,702.49,703.57,1741.54
2026-08-26 21:55:00,703.57,703.89,703.25,703.62,1012.52
2026-08-26 22:00:00,703.63,705.18,703.26,705.04,2647.55
2026-08-26 22:05:00,705.04,705.51,704.82,704.82,2041.03
2026-08-26 22:10:00,704.82,705.18,704.49,704.96,920.82
2026-08-26 22:15:00,704.96,707.27,704.84,706.73,3578.94
2026-08-26 22:20:00,706.73,708.0,706.25,706.39,3102.9
2026-08-26 22:25:00,706.4,707.02,705.81,706.49,1687.45
2026-08-26 22:30:00,706.49,707.0,705.54,705.99,1834.99
2026-08-26 22:35:00,706.0,706.24,704.46,705.38,2063.81
2026-08-26 22:40:00,705.38,706.15,705.32,705.48,1198.68
2026-08-26 22:45:00,705.49,705.83,705.15,705.39,681.31
2026-08-26 22:50:00,705.39,705.39,704.35,704.77,865.14
2026-08-26 22:55:00,704.76,705.29,704.51,704.77,770.94
2026-08-26 23:00:00,704.77,706.14,704.36,705.93,1257.23
2026-08-26 23:05:00,705.92,705.92,704.62,704.81,993.66
2026-08-26 23:10:00,704.81,705.4,704.79,704.9,1174.08
2026-08-26 23:15:00,704.9,705.73,704.77,705.73,803.94
2026-08-26 23:20:00,705.73,706.41,705.59,706.25,685.9
2026-08-26 23:25:00,706.24,706.93,705.98,706.61,1024.99
2026-08-26 23:30:00,706.61,707.1,706.03,706.11,1836.02
2026-08-26 23:35:00,706.11,707.5,706.06,707.44,1099.68
2026-08-26 23:40:00,707.44,708.2,707.24,708.09,2037.35
2026-08-26 23:45:00,708.09,708.8,707.53,708.23,5787.61
2026-08-26 23:50:00,708.24,708.67,707.88,708.18,976.89
2026-08-26 23:55:00,708.18,708.47,707.71,707.89,1428.37
2026-08-27 00:00:00,707.9,708.13,705.92,705.93,2725.05
2026-08-27 00:05:00,705.92,706.93,705.71,706.6,2116.96
2026-08-27 00:10:00,706.6,706.62,705.48,705.6,1260.56
2026-08-27 00:15:00,705.6,705.96,705.3,705.96,1252.31
2026-08-27 00:20:00,705.96,706.01,705.14,705.17,796.85
2026-08-27 00:25:00,705.16,705.28,704.68,705.28,748.4
2026-08-27 00:30:00,705.27,705.28,704.24,704.57,1328.38
2026-08-27 00:35:00,704.58,704.73,703.9,704.56,1826.41
2026-08-27 00:40:00,704.56,704.88,704.07,704.6,984.87
2026-08-27 00:45:00,704.59,704.63,703.91,704.11,1019.11
2026-08-27 00:50:00,704.11,704.63,703.53,703.94,1043.13
2026-08-27 00:55:00,703.94,704.07,703.62,703.69,1417.74
2026-08-27 01:00:00,703.68,704.24,703.4,703.82,1471.88
2026-08-27 01:05:00,703.82,703.97,702.9,703.21,1127.03
2026-08-27 01:10:00,703.21,703.44,702.51,703.03,809.51
2026-08-27 01:15:00,703.03,703.59,702.4,703.16,1302.77
2026-08-27 01:20:00,703.15,704.29,703.15,704.27,779.2
2026-08-27 01:25:00,704.27,705.47,704.22,705.35,1280.77
2026-08-27 01:30:00,705.34,705.79,704.46,705.31,1151.81
2026-08-27 01:35:00,705.32,705.58,704.42,705.09,649.93
2026-08-27 01:40:00,705.08,705.08,703.87,703.88,426.67
2026-08-27 01:45:00,703.87,705.45,703.67,705.39,2665.67
2026-08-27 01:50:00,705.4,705.92,705.24,705.3,1088.93
2026-08-27 01:55:00,705.31,705.75,705.04,705.28,741.79
2026-08-27 02:00:00,705.28,705.72,705.05,705.72,686.99
2026-08-27 02:05:00,705.72,705.8,705.38,705.75,1184.28
2026-08-27 02:10:00,705.76,705.92,704.8,705.22,1534.47
2026-08-27 02:15:00,705.22,705.35,704.68,704.96,656.4
2026-08-27 02:20:00,704.96,705.08,703.81,703.91,693.5
2026-08-27 02:25:00,703.91,704.0,703.15,703.43,1157.3
2026-08-27 02:30:00,703.42,703.85,703.06,703.85,686.55
2026-08-27 02:35:00,703.84,703.96,703.22,703.27,734.45
2026-08-27 02:40:00,703.28,703.29,703.1,703.16,475.5
2026-08-27 02:45:00,703.15,703.74,703.1,703.63,786.6
2026-08-27 02:50:00,703.63,703.93,703.53,703.57,417.32
2026-08-27 02:55:00,703.57,703.6,703.1,703.33,415.25
2026-08-27 03:00:00,703.32,703.56,703.24,703.49,341.65
2026-08-27 03:05:00,703.49,703.84,703.11,703.62,1525.31
2026-08-27 03:10:00,703.62,703.72,702.9,702.99,842.85
2026-08-27 03:15:00,702.99,703.63,702.65,703.29,1296.38
2026-08-27 03:20:00,703.28,704.49,702.75,704.22,1638.97
2026-08-27 03:25:00,704.21,704.22,703.55,703.95,711.77
2026-08-27 03:30:00,703.94,704.0,703.13,703.37,575.26
2026-08-27 03:35:00,703.37,703.76,703.17,703.43,574.7
2026-08-27 03:40:00,703.44,703.54,703.13,703.28,950.11
2026-08-27 03:45:00,703.27,703.75,702.85,702.94,614.03
2026-08-27 03:50:00,702.95,703.2,702.72,702.98,1118.52
2026-08-27 03:55:00,702.98,703.68,702.88,703.68,506.84
2026-08-27 04:00:00,703.67,704.56,703.67,704.32,852.77
2026-08-27 04:05:00,704.33,704.34,702.5,703.66,3274.11
2026-08-27 04:10:00,703.66,703.67,703.2,703.47,511.6
2026-08-27 04:15:00,703.46,704.17,703.46,703.58,957.81
2026-08-27 04:20:00,703.57,703.58,702.13,702.48,2874.76
2026-08-27 04:25:00,702.48,702.48,701.9,702.08,1435.06
2026-08-27 04:30:00,702.07,702.07,701.66,701.84,825.07
2026-08-27 04:35:00,701.83,702.22,701.4,702.01,1319.64
2026-08-27 04:40:00,702.0,702.45,701.76,702.44,485.68
2026-08-27 04:45:00,702.44,702.57,701.73,701.86,484.57
2026-08-27 04:50:00,701.86,701.9,701.47,701.75,653.92
2026-08-27 04:55:00,701.76,702.6,701.75,702.6,623.94
2026-08-27 05:00:00,702.6,702.93,702.06,702.14,614.12
2026-08-27 05:05:00,702.15,703.04,702.14,702.86,549.7
2026-08-27 05:10:00,702.86,703.0,702.34,702.35,457.32
2026-08-27 05:15:00,702.35,702.35,701.76,702.34,666.04
2026-08-27 05:20:00,702.35,703.54,702.35,703.53,562.9
2026-08-27 05:25:00,703.54,703.87,702.95,703.11,615.22
2026-08-27 05:30:00,703.11,703.21,702.58,703.08,559.64
2026-08-27 05:35:00,703.08,704.7,702.2,704.22,1502.8
2026-08-27 05:40:00,704.23,704.94,704.01,704.37,787.78
2026-08-27 05:45:00,704.37,705.41,704.26,705.41,1693.26
2026-08-27 05:50:00,705.41,705.88,705.08,705.31,1391.16
2026-08-27 05:55:00,705.32,705.84,704.9,705.71,683.83
2026-08-27 06:00:00,705.71,705.71,705.05,705.05,768.31
2026-08-27 06:05:00,705.04,705.45,704.95,704.97,409.54
2026-08-27 06:10:00,704.97,704.98,704.0,704.47,798.6
2026-08-27 06:15:00,704.46,704.49,703.54,704.13,935.11
2026-08-27 06:20:00,704.12,704.64,704.12,704.24,409.5
2026-08-27 06:25:00,704.23,704.49,704.22,704.36,419.24
2026-08-27 06:30:00,704.35,705.02,704.35,705.01,861.66
2026-08-27 06:35:00,705.01,705.44,704.66,704.66,1617.53
2026-08-27 06:40:00,704.66,704.77,704.53,704.64,441.82
2026-08-27 06:45:00,704.64,705.38,704.55,705.32,516.39
2026-08-27 06:50:00,705.33,706.0,705.33,705.93,897.79
2026-08-27 06:55:00,705.92,706.25,705.92,706.21,850.14
2026-08-27 07:00:00,706.21,706.21,705.76,705.98,497.57
2026-08-27 07:05:00,705.97,706.03,705.78,706.03,288.24
2026-08-27 07:10:00,706.03,706.75,706.02,706.18,1243.66
2026-08-27 07:15:00,706.18,706.48,706.13,706.4,515.26
2026-08-27 07:20:00,706.41,706.5,705.67,705.67,455.77
2026-08-27 07:25:00,705.67,706.19,705.49,705.66,721.78
2026-08-27 07:30:00,705.65,707.24,705.6,706.55,2605.02
2026-08-27 07:35:00,706.55,706.67,706.23,706.42,1052.24
2026-08-27 07:40:00,706.41,706.57,706.06,706.31,562.73
2026-08-27 07:45:00,706.31,706.49,706.07,706.33,319.62
2026-08-27 07:50:00,706.33,708.0,706.33,707.95,1812.94
2026-08-27 07:55:00,707.95,708.26,707.6,707.79,1755.01
2026-08-27 08:00:00,707.79,710.21,707.78,709.63,7021.64
2026-08-27 08:05:00,709.64,711.78,708.86,711.66,4150.67
2026-08-27 08:10:00,711.63,712.47,709.46,709.97,9888.29
2026-08-27 08:15:00,709.97,710.02,708.69,709.08,2818.44
2026-08-27 08:20:00,709.09,710.87,708.66,710.31,6101.39
2026-08-27 08:25:00,710.31,712.46,710.31,712.28,2447.05
2026-08-27 08:30:00,712.28,713.3,712.26,712.74,3976.5
2026-08-27 08:35:00,712.75,712.84,711.23,711.54,3225.07
2026-08-27 08:40:00,711.55,712.36,711.25,711.74,2346.36
2026-08-27 08:45:00,711.74,712.28,711.09,711.34,3246.83
2026-08-27 08:50:00,711.34,712.2,710.72,710.77,2904.44
2026-08-27 08:55:00,710.76,710.89,710.29,710.58,1235.06
2026-08-27 09:00:00,710.59,710.59,709.36,710.39,1971.2
2026-08-27 09:05:00,710.39,711.24,709.85,711.16,1924.64
2026-08-27 09:10:00,711.15,712.0,711.15,711.63,1357.89
2026-08-27 09:15:00,711.63,712.8,711.19,712.8,2770.69
2026-08-27 09:20:00,712.81,713.82,712.54,713.8,3492.57
2026-08-27 09:25:00,713.79,715.4,713.79,715.36,7871.77
2026-08-27 09:30:00,715.36,716.15,713.92,713.94,9776.22
2026-08-27 09:35:00,713.94,714.2,712.84,713.66,1588.4
2026-08-27 09:40:00,713.67,714.0,713.0,713.68,1168.96
2026-08-27 09:45:00,713.69,715.16,713.63,714.35,1311.63
2026-08-27 09:50:00,714.35,714.35,713.0,713.77,2043.93
2026-08-27 09:55:00,713.77,713.77,712.29,713.03,2055.7
2026-08-27 10:00:00,713.04,713.37,712.04,713.21,1831.03
2026-08-27 10:05:00,713.21,714.35,713.19,714.34,957.48
2026-08-27 10:10:00,714.33,714.35,711.58,712.17,2091.59
2026-08-27 10:15:00,712.16,712.52,711.13,711.2,3294.48
2026-08-27 10:20:00,711.19,711.37,708.94,709.15,4270.32
2026-08-27 10:25:00,709.14,709.25,705.27,708.07,8835.81
2026-08-27 10:30:00,708.07,708.13,706.28,706.62,5496.45
2026-08-27 10:35:00,706.63,707.19,705.4,706.16,3679.89
2026-08-27 10:40:00,706.16,707.76,706.15,707.59,1614.85
2026-08-27 10:45:00,707.6,707.76,706.64,706.69,2012.37
2026-08-27 10:50:00,706.69,707.32,706.54,707.2,1021.34
2026-08-27 10:55:00,707.2,707.56,706.96,707.55,1191.68
2026-08-27 11:00:00,707.55,708.61,707.0,708.25,2866.08
2026-08-27 11:05:00,708.25,708.56,707.85,708.28,1165.25
2026-08-27 11:10:00,708.27,708.59,707.93,708.54,1029.09
2026-08-27 11:15:00,708.55,708.83,707.25,708.05,2378.83
2026-08-27 11:20:00,708.06,708.74,707.78,708.72,1257.09
2026-08-27 11:25:00,708.71,708.85,706.76,707.0,1888.43
2026-08-27 11:30:00,706.99,708.09,706.52,707.88,1701.96
2026-08-27 11:35:00,707.88,708.03,706.89,707.11,666.61
2026-08-27 11:40:00,707.11,708.62,707.1,708.5,1547.02
2026-08-27 11:45:00,708.5,708.5,706.65,706.66,1457.57
2026-08-27 11:50:00,706.65,707.39,705.99,707.24,2845.57
2026-08-27 11:55:00,707.24,707.29,707.06,707.14,379.47
2026-08-27 12:00:00,707.14,707.86,706.93,707.13,1149.22
2026-08-27 12:05:00,707.13,707.45,706.73,707.2,539.53
2026-08-27 12:10:00,707.21,707.9,707.21,707.64,817.09
2026-08-27 12:15:00,707.64,707.89,707.33,707.33,721.91
2026-08-27 12:20:00,707.33,707.78,707.05,707.53,1127.66
2026-08-27 12:25:00,707.53,707.9,706.96,707.67,1130.42
2026-08-27 12:30:00,707.68,707.78,705.98,706.66,2101.32
2026-08-27 12:35:00,706.66,706.66,705.61,706.18,3415.45
2026-08-27 12:40:00,706.19,706.26,705.6,705.86,1820.57
2026-08-27 12:45:00,705.85,706.01,705.81,705.96,939.34
2026-08-27 12:50:00,705.96,707.0,705.92,706.51,6124.48
2026-08-27 12:55:00,706.51,706.6,705.91,706.15,763.94
2026-08-27 13:00:00,706.15,707.14,706.15,706.77,936.09
2026-08-27 13:05:00,706.77,707.56,706.62,706.84,2376.8
2026-08-27 13:10:00,706.84,707.59,706.81,707.37,1019.89
2026-08-27 13:15:00,707.38,708.15,707.1,707.36,1329.12
2026-08-27 13:20:00,707.36,708.65,707.35,708.4,2127.81
2026-08-27 13:25:00,708.39,709.04,707.99,708.04,3373.14
2026-08-27 13:30:00,708.05,708.06,705.5,706.01,3294.35
2026-08-27 13:35:00,706.01,707.1,705.9,706.61,2002.87
2026-08-27 13:40:00,706.61,707.45,706.0,706.6,1849.94
2026-08-27 13:45:00,706.6,707.49,705.32,705.98,3103.69
2026-08-27 13:50:00,705.99,708.29,705.99,708.12,1756.7
2026-08-27 13:55:00,708.12,709.41,708.12,709.17,2873.2
2026-08-27 14:00:00,709.16,710.78,708.75,710.2,5772.42
2026-08-27 14:05:00,710.21,710.53,707.58,707.67,4099.19
2026-08-27 14:10:00,707.69,708.16,706.27,706.69,2327.62
2026-08-27 14:15:00,706.68,708.31,706.25,708.26,1617.89
2026-08-27 14:20:00,708.25,709.33,707.92,708.9,1810.19
2026-08-27 14:25:00,708.9,709.07,708.38,709.0,1119.0
2026-08-27 14:30:00,709.0,710.4,708.51,709.97,2359.98
2026-08-27 14:35:00,709.96,711.69,709.9,710.74,3472.35
2026-08-27 14:40:00,710.74,712.39,710.56,712.38,4203.41
2026-08-27 14:45:00,712.38,712.38,710.17,710.36,2334.27
2026-08-27 14:50:00,710.37,710.66,709.71,709.98,1206.24
2026-08-27 14:55:00,709.97,710.78,709.64,710.41,1062.04
2026-08-27 15:00:00,710.41,711.18,709.67,710.54,2082.04
2026-08-27 15:05:00,710.54,711.54,710.21,711.24,2034.37
2026-08-27 15:10:00,711.24,713.38,710.99,712.89,3397.51
2026-08-27 15:15:00,712.89,713.39,711.36,712.69,4209.06
2026-08-27 15:20:00,712.69,712.74,711.16,712.18,1843.94
2026-08-27 15:25:00,712.19,713.91,711.91,713.74,2271.51
2026-08-27 15:30:00,713.74,713.8,712.28,712.74,2612.12
2026-08-27 15:35:00,712.75,714.19,712.34,713.45,2951.9
2026-08-27 15:40:00,713.44,714.24,712.5,713.58,2396.48
2026-08-27 15:45:00,713.57,713.64,712.33,712.61,2330.86
2026-08-27 15:50:00,712.6,712.82,711.68,712.34,1866.2
2026-08-27 15:55:00,712.34,712.47,711.64,711.84,813.41
2026-08-27 16:00:00,711.83,713.07,711.68,712.92,1420.29
2026-08-27 16:05:00,712.93,713.15,711.13,711.82,1498.94
2026-08-27 16:10:00,711.81,713.47,711.59,712.85,1507.87
2026-08-27 16:15:00,712.86,713.8,712.78,713.25,1153.22
2026-08-27 16:20:00,713.25,713.57,713.15,713.38,919.7
2026-08-27 16:25:00,713.37,713.63,712.55,712.67,1211.83
2026-08-27 16:30:00,712.67,712.86,712.15,712.15,1131.68
2026-08-27 16:35:00,712.15,712.59,711.51,712.52,1087.13
2026-08-27 16:40:00,712.51,713.99,712.51,713.59,1657.88
2026-08-27 16:45:00,713.58,713.63,712.64,712.85,867.74
2026-08-27 16:50:00,712.86,713.47,712.5,712.79,718.8
2026-08-27 16:55:00,712.8,712.8,712.31,712.35,991.41
2026-08-27 17:00:00,712.36,712.47,710.0,711.42,4519.21
2026-08-27 17:05:00,711.42,712.71,710.97,712.67,604.1
2026-08-27 17:10:00,712.66,713.7,712.48,713.51,1187.95
2026-08-27 17:15:00,713.52,714.69,713.33,713.96,1719.94
2026-08-27 17:20:00,713.97,714.13,713.09,713.89,1593.96
2026-08-27 17:25:00,713.9,713.9,712.75,713.07,1879.92
2026-08-27 17:30:00,713.08,713.26,712.43,712.43,1050.72
2026-08-27 17:35:00,712.44,712.95,711.98,712.25,1132.62
2026-08-27 17:40:00,712.26,712.61,710.76,710.9,968.07
2026-08-27 17:45:00,710.9,711.75,710.84,711.36,1450.74
2026-08-27 17:50:00,711.36,711.77,711.11,711.68,719.94
2026-08-27 17:55:00,711.68,711.99,711.08,711.29,447.17
2026-08-27 18:00:00,711.29,711.37,710.52,710.84,1118.07
2026-08-27 18:05:00,710.83,710.95,710.28,710.72,1360.48
2026-08-27 18:10:00,710.71,710.89,708.12,708.94,4560.6
2026-08-27 18:15:00,708.94,709.76,707.2,707.87,5005.15
2026-08-27 18:20:00,707.87,708.62,706.99,708.22,4536.48
2026-08-27 18:25:00,708.23,708.96,708.2,708.55,885.97
2026-08-27 18:30:00,708.54,709.19,708.39,708.61,1059.05
2026-08-27 18:35:00,708.61,709.93,708.6,709.84,1125.26
2026-08-27 18:40:00,709.84,709.88,708.81,709.29,586.91
2026-08-27 18:45:00,709.29,709.85,708.97,709.45,785.1
2026-08-27 18:50:00,709.44,710.26,709.1,710.21,457.32
2026-08-27 18:55:00,710.22,711.0,710.05,710.99,634.49
2026-08-27 19:00:00,711.0,711.66,711.0,711.37,1082.07
2026-08-27 19:05:00,711.38,712.13,711.33,711.72,982.61
2026-08-27 19:10:00,711.72,712.11,711.59,711.97,404.73
2026-08-27 19:15:00,711.98,712.09,711.34,711.8,556.04
2026-08-27 19:20:00,711.8,712.11,711.42,711.5,576.52
2026-08-27 19:25:00,711.5,712.0,711.29,711.99,447.17
2026-08-27 19:30:00,712.0,712.17,711.45,711.74,366.02
2026-08-27 19:35:00,711.73,711.74,711.21,711.36,467.61
2026-08-27 19:40:00,711.36,711.37,710.67,711.37,843.09
2026-08-27 19:45:00,711.36,711.94,711.04,711.07,616.06
2026-08-27 19:50:00,711.06,711.58,710.58,711.58,514.35
2026-08-27 19:55:00,711.57,711.58,710.13,710.4,694.45
2026-08-27 20:00:00,710.4,710.5,709.88,710.07,445.04
2026-08-27 20:05:00,710.06,710.89,709.96,710.3,903.28
2026-08-27 20:10:00,710.29,710.29,709.79,709.86,262.87
2026-08-27 20:15:00,709.86,710.54,709.77,710.05,547.98
2026-08-27 20:20:00,710.05,710.99,710.05,710.46,718.49
2026-08-27 20:25:00,710.46,710.81,710.39,710.4,290.2
2026-08-27 20:30:00,710.4,710.41,710.0,710.12,304.77
2026-08-27 20:35:00,710.13,710.31,710.08,710.22,212.32
2026-08-27 20:40:00,710.23,710.76,710.16,710.75,758.01
2026-08-27 20:45:00,710.76,711.06,709.9,710.01,1674.8
2026-08-27 20:50:00,710.02,710.2,709.15,709.56,826.84
2026-08-27 20:55:00,709.56,710.29,709.38,710.28,263.59
2026-08-27 21:00:00,710.29,710.45,709.57,710.15,387.56
2026-08-27 21:05:00,710.15,710.39,709.85,710.13,517.55
2026-08-27 21:10:00,710.12,710.67,709.62,710.44,3218.72
2026-08-27 21:15:00,710.44,710.95,709.94,709.97,962.5
2026-08-27 21:20:00,709.97,710.75,709.76,710.4,667.54
2026-08-27 21:25:00,710.39,710.46,710.05,710.26,586.32
2026-08-27 21:30:00,710.26,711.07,710.26,710.86,267.59
2026-08-27 21:35:00,710.86,710.87,709.85,710.12,1135.34
2026-08-27 21:40:00,710.12,710.19,709.85,709.94,249.09
2026-08-27 21:45:00,709.94,710.33,709.79,710.33,127.34
2026-08-27 21:50:00,710.33,710.55,709.99,710.26,326.64
2026-08-27 21:55:00,710.26,710.98,710.26,710.91,199.08
2026-08-27 22:00:00,710.9,712.19,710.9,712.04,989.14
2026-08-27 22:05:00,712.04,712.36,711.77,711.77,663.18
2026-08-27 22:10:00,711.77,712.3,711.67,712.16,499.79
2026-08-27 22:15:00,712.16,713.08,712.16,712.78,1476.66
2026-08-27 22:20:00,712.77,712.94,712.0,712.0,463.9
2026-08-27 22:25:00,712.0,712.1,711.7,712.09,518.5
2026-08-27 22:30:00,712.09,712.54,711.68,712.53,357.51
2026-08-27 22:35:00,712.53,712.53,711.92,712.31,249.11
2026-08-27 22:40:00,712.31,712.41,712.04,712.35,216.44
2026-08-27 22:45:00,712.36,712.39,712.04,712.38,232.91
2026-08-27 22:50:00,712.39,712.74,712.33,712.36,364.8
2026-08-27 22:55:00,712.37,712.75,712.36,712.74,142.25
2026-08-27 23:00:00,712.75,713.03,712.48,712.52,1049.52
2026-08-27 23:05:00,712.52,713.02,712.52,712.65,573.68
2026-08-27 23:10:00,712.64,712.69,712.1,712.19,859.61
2026-08-27 23:15:00,712.2,712.94,712.0,712.93,636.85
2026-08-27 23:20:00,712.93,713.08,712.75,712.87,458.99
2026-08-27 23:25:00,712.87,713.06,712.82,712.92,225.42
2026-08-27 23:30:00,712.92,713.0,712.36,712.76,1335.62
2026-08-27 23:35:00,712.76,712.76,712.36,712.61,589.67
2026-08-27 23:40:00,712.61,712.85,712.11,712.22,653.48
2026-08-27 23:45:00,712.22,712.22,712.0,712.03,287.58
2026-08-27 23:50:00,712.03,712.71,712.03,712.63,342.05
2026-08-27 23:55:00,712.62,712.63,712.1,712.14,714.25
2026-08-28 00:00:00,712.14,712.66,711.64,711.72,1018.47
2026-08-28 00:05:00,711.72,712.22,711.3,712.21,2655.2
2026-08-28 00:10:00,712.22,712.67,711.51,711.99,1607.77
2026-08-28 00:15:00,711.98,713.38,711.98,713.25,1566.59
2026-08-28 00:20:00,713.23,713.23,712.73,712.73,358.79
2026-08-28 00:25:00,712.72,713.49,712.51,713.48,574.03
2026-08-28 00:30:00,713.49,714.87,713.14,714.3,3271.17
2026-08-28 00:35:00,714.29,715.16,714.09,715.08,4492.01
2026-08-28 00:40:00,715.09,715.09,714.1,714.28,1102.71
2026-08-28 00:45:00,714.27,714.28,713.58,713.59,1645.29
2026-08-28 00:50:00,713.58,713.69,713.2,713.65,1083.69
2026-08-28 00:55:00,713.65,714.48,713.2,713.27,1501.84
2026-08-28 01:00:00,713.27,714.46,713.27,714.34,1495.54
2026-08-28 01:05:00,714.33,715.08,714.14,715.07,875.26
2026-08-28 01:10:00,715.08,717.48,714.75,716.46,11428.28
2026-08-28 01:15:00,716.45,719.08,716.0,718.48,7416.57
2026-08-28 01:20:00,718.5,719.11,717.75,718.28,3225.38
2026-08-28 01:25:00,718.28,718.71,717.96,718.47,4501.04
2026-08-28 01:30:00,718.46,719.14,717.24,717.7,3776.2
2026-08-28 01:35:00,717.69,717.91,714.84,716.04,10412.57
2026-08-28 01:40:00,716.04,716.42,715.31,716.14,2133.78
2026-08-28 01:45:00,716.14,716.29,714.95,715.22,2223.87
2026-08-28 01:50:00,715.22,715.84,714.28,715.04,1633.91
2026-08-28 01:55:00,715.04,715.31,713.79,714.18,3356.56
2026-08-28 02:00:00,714.19,714.55,713.83,714.49,1347.74
2026-08-28 02:05:00,714.49,714.6,713.26,713.59,1352.41
2026-08-28 02:10:00,713.58,713.82,710.88,711.5,5323.32
2026-08-28 02:15:00,711.5,711.64,710.42,710.9,2895.02
2026-08-28 02:20:00,710.91,710.91,709.1,709.81,3512.54
2026-08-28 02:25:00,709.82,710.51,707.87,708.28,8323.46
2026-08-28 02:30:00,708.27,709.21,707.32,709.14,6999.89
2026-08-28 02:35:00,709.13,709.84,709.13,709.45,1350.12
2026-08-28 02:40:00,709.44,709.65,708.61,708.92,1322.13
2026-08-28 02:45:00,708.92,708.92,706.82,707.59,4255.84
2026-08-28 02:50:00,707.58,708.3,706.47,708.24,2525.47
2026-08-28 02:55:00,708.23,708.33,707.71,708.12,1077.16
2026-08-28 03:00:00,708.13,708.22,707.34,707.86,1040.68
2026-08-28 03:05:00,707.86,708.52,707.38,707.41,1151.57
2026-08-28 03:10:00,707.41,708.85,707.3,708.41,1368.91
2026-08-28 03:15:00,708.42,709.57,708.42,709.57,907.43
2026-08-28 03:20:00,709.56,710.54,709.56,710.28,1055.41
2026-08-28 03:25:00,710.27,710.45,709.99,710.17,637.95
2026-08-28 03:30:00,710.17,711.73,710.17,710.74,2707.03
2026-08-28 03:35:00,710.75,710.97,710.01,710.23,813.28
2026-08-28 03:40:00,710.23,710.74,709.95,710.01,947.65
2026-08-28 03:45:00,710.02,710.02,709.3,709.7,969.84
2026-08-28 03:50:00,709.69,709.91,709.26,709.77,662.81
2026-08-28 03:55:00,709.77,709.93,709.44,709.88,489.55
2026-08-28 04:00:00,709.87,710.4,709.02,709.03,928.29
2026-08-28 04:05:00,709.03,709.3,707.51,707.78,1805.55
2026-08-28 04:10:00,707.79,710.55,707.73,710.5,1046.91
2026-08-28 04:15:00,710.5,711.35,710.4,710.82,1606.17
2026-08-28 04:20:00,710.81,711.3,710.57,710.98,732.96
2026-08-28 04:25:00,710.99,711.0,710.66,710.71,652.23
2026-08-28 04:30:00,710.71,710.95,709.5,709.6,983.56
2026-08-28 04:35:00,709.6,709.73,708.61,708.76,957.03
2026-08-28 04:40:00,708.75,709.78,708.75,709.46,453.02
2026-08-28 04:45:00,709.45,709.89,709.07,709.26,740.1
2026-08-28 04:50:00,709.27,710.39,709.27,709.77,665.71
2026-08-28 04:55:00,709.77,709.99,709.48,709.77,444.67
2026-08-28 05:00:00,709.78,709.78,708.73,709.45,1123.55
2026-08-28 05:05:00,709.46,709.53,708.85,709.1,761.87
2026-08-28 05:10:00,709.09,709.76,708.83,709.75,573.33
2026-08-28 05:15:00,709.76,710.32,709.65,709.65,963.21
2026-08-28 05:20:00,709.64,709.8,709.23,709.79,392.53
2026-08-28 05:25:00,709.8,710.48,709.57,710.47,604.81
2026-08-28 05:30:00,710.47,711.69,710.43,711.54,910.99
2026-08-28 05:35:00,711.54,712.46,711.53,712.33,1964.18
2026-08-28 05:40:00,712.32,712.6,712.08,712.59,975.61
2026-08-28 05:45:00,712.6,713.5,712.34,713.41,1296.42
2026-08-28 05:50:00,713.41,713.49,712.57,712.98,1285.89
2026-08-28 05:55:00,712.98,712.98,712.08,712.35,847.17
2026-08-28 06:00:00,712.35,713.11,712.35,712.93,822.18
2026-08-28 06:05:00,712.92,713.5,712.92,713.11,816.04
2026-08-28 06:10:00,713.11,714.57,713.1,714.42,1792.21
2026-08-28 06:15:00,714.43,714.66,713.37,713.78,1211.59
2026-08-28 06:20:00,713.78,713.96,713.58,713.71,602.14
2026-08-28 06:25:00,713.7,713.76,712.58,712.71,911.96
2026-08-28 06:30:00,712.71,713.16,712.44,713.13,738.63
2026-08-28 06:35:00,713.14,714.0,713.02,713.3,754.79
2026-08-28 06:40:00,713.31,713.31,712.58,713.06,427.36
2026-08-28 06:45:00,713.06,713.8,713.02,713.8,502.09
2026-08-28 06:50:00,713.79,713.94,713.25,713.25,820.99
2026-08-28 06:55:00,713.25,713.41,712.69,713.05,813.56
2026-08-28 07:00:00,713.06,713.15,711.61,711.61,1843.26
2026-08-28 07:05:00,711.61,711.63,710.27,710.58,1679.66
2026-08-28 07:10:00,710.59,710.9,710.0,710.39,1084.79
2026-08-28 07:15:00,710.4,711.22,710.4,711.2,1241.48
2026-08-28 07:20:00,711.19,711.36,710.88,711.36,549.92
2026-08-28 07:25:00,711.37,712.02,711.36,711.67,510.92
2026-08-28 07:30:00,711.68,711.7,710.07,710.07,1508.27
2026-08-28 07:35:00,710.07,710.09,709.11,709.18,2455.25
2026-08-28 07:40:00,709.18,709.2,707.9,708.01,2717.78
2026-08-28 07:45:00,708.02,708.04,707.24,707.49,4055.79
2026-08-28 07:50:00,707.49,707.6,706.54,706.88,4200.62
2026-08-28 07:55:00,706.88,707.33,706.67,707.19,2805.85
2026-08-28 08:00:00,707.19,709.26,707.1,708.53,3062.36
2026-08-28 08:05:00,708.54,709.13,708.3,709.12,886.75
2026-08-28 08:10:00,709.12,709.42,708.57,708.67,963.17
2026-08-28 08:15:00,708.68,709.35,708.67,709.35,848.83
2026-08-28 08:20:00,709.36,709.57,709.24,709.48,708.37
2026-08-28 08:25:00,709.47,709.55,709.03,709.03,723.33
2026-08-28 08:30:00,709.04,709.57,709.04,709.56,1167.13
2026-08-28 08:35:00,709.56,709.76,708.74,708.74,1413.13
2026-08-28 08:40:00,708.73,708.88,708.06,708.12,1214.5
2026-08-28 08:45:00,708.13,708.49,706.09,706.25,4235.81
2026-08-28 08:50:00,706.25,707.42,706.06,707.42,3968.43
2026-08-28 08:55:00,707.42,707.43,705.73,705.99,2550.89
2026-08-28 09:00:00,705.99,706.69,705.76,706.08,1840.9
2026-08-28 09:05:00,706.09,707.02,705.11,705.45,4045.65
2026-08-28 09:10:00,705.45,706.11,705.17,705.23,2640.2
2026-08-28 09:15:00,705.23,706.6,705.22,706.55,1421.08
2026-08-28 09:20:00,706.54,706.55,705.45,705.83,1056.77
2026-08-28 09:25:00,705.84,706.0,705.24,705.58,1793.28
2026-08-28 09:30:00,705.58,705.99,705.1,705.59,918.92
2026-08-28 09:35:00,705.6,705.86,704.91,705.57,1557.29
2026-08-28 09:40:00,705.56,705.82,704.76,704.83,912.89
2026-08-28 09:45:00,704.84,705.36,704.65,704.96,1082.06
2026-08-28 09:50:00,704.96,705.66,704.95,705.53,872.39
2026-08-28 09:55:00,705.53,705.56,704.71,704.76,627.35
2026-08-28 10:00:00,704.76,705.18,703.6,703.85,3502.18
2026-08-28 10:05:00,703.85,704.18,703.2,703.84,1972.94
2026-08-28 10:10:00,703.83,705.23,703.83,704.71,2288.73
2026-08-28 10:15:00,704.71,705.49,704.5,705.16,951.29
2026-08-28 10:20:00,705.16,705.28,704.85,704.91,542.14
2026-08-28 10:25:00,704.9,705.68,704.77,705.6,902.74
2026-08-28 10:30:00,705.61,706.31,705.6,706.25,1712.25
2026-08-28 10:35:00,706.25,706.68,705.95,706.67,791.04
2026-08-28 10:40:00,706.67,706.81,706.55,706.6,657.69
2026-08-28 10:45:00,706.6,706.87,706.5,706.68,576.97
2026-08-28 10:50:00,706.68,706.87,706.34,706.81,852.21
2026-08-28 10:55:00,706.81,707.4,706.64,707.17,2700.37
2026-08-28 11:00:00,707.17,708.44,707.17,708.07,2413.6
2026-08-28 11:05:00,708.06,708.06,707.43,707.49,885.12
2026-08-28 11:10:00,707.49,707.78,707.38,707.68,669.66
2026-08-28 11:15:00,707.67,707.92,707.31,707.92,705.17
2026-08-28 11:20:00,707.92,707.92,707.24,707.71,727.84
2026-08-28 11:25:00,707.71,707.71,706.57,706.71,823.22
2026-08-28 11:30:00,706.71,707.12,706.63,707.01,513.48
2026-08-28 11:35:00,707.0,707.04,706.21,706.26,833.85
2026-08-28 11:40:00,706.27,706.8,706.26,706.8,271.96
2026-08-28 11:45:00,706.8,706.96,706.62,706.76,220.23
2026-08-28 11:50:00,706.76,706.82,706.34,706.52,331.06
2026-08-28 11:55:00,706.52,706.52,706.19,706.47,276.94
2026-08-28 12:00:00,706.47,706.74,706.16,706.61,690.25
2026-08-28 12:05:00,706.6,706.96,706.41,706.51,351.12
2026-08-28 12:10:00,706.51,706.51,705.92,706.04,439.58
2026-08-28 12:15:00,706.05,707.34,706.05,706.38,601.01
2026-08-28 12:20:00,706.39,706.91,706.15,706.27,557.71
2026-08-28 12:25:00,706.27,706.34,705.74,705.79,613.77
2026-08-28 12:30:00,705.78,706.01,705.37,705.55,1574.98
2026-08-28 12:35:00,705.54,705.57,705.04,705.11,898.66
2026-08-28 12:40:00,705.1,705.4,704.64,705.4,1026.64
2026-08-28 12:45:00,705.39,705.47,704.92,705.15,860.24
2026-08-28 12:50:00,705.14,705.42,704.89,705.39,612.19
2026-08-28 12:55:00,705.39,705.56,704.87,705.5,584.47
2026-08-28 13:00:00,705.5,706.05,705.27,706.04,644.1
2026-08-28 13:05:00,706.05,706.21,705.33,705.38,776.24
2026-08-28 13:10:00,705.37,705.63,705.37,705.46,416.85
2026-08-28 13:15:00,705.46,705.47,704.81,705.06,552.18
2026-08-28 13:20:00,705.07,705.14,704.24,704.34,909.07
2026-08-28 13:25:00,704.33,705.18,703.58,704.43,2041.02
2026-08-28 13:30:00,704.43,705.35,704.37,704.98,1355.75
2026-08-28 13:35:00,704.97,705.45,704.42,704.43,836.1
2026-08-28 13:40:00,704.43,704.67,704.1,704.23,1460.9
2026-08-28 13:45:00,704.23,705.42,704.22,704.75,1195.38
2026-08-28 13:50:00,704.76,706.08,704.71,705.88,1351.49
2026-08-28 13:55:00,705.87,706.35,705.15,705.15,1929.6
2026-08-28 14:00:00,705.15,707.78,701.6,701.64,13687.77
2026-08-28 14:05:00,701.64,702.58,700.07,701.39,8668.49
2026-08-28 14:10:00,701.38,701.91,697.59,698.94,11023.57
2026-08-28 14:15:00,698.94,699.92,696.06,699.62,12152.16
2026-08-28 14:20:00,699.62,700.81,698.93,699.74,3508.61
2026-08-28 14:25:00,699.75,700.95,698.66,700.84,3260.15
2026-08-28 14:30:00,700.84,703.36,699.89,703.23,7443.85
2026-08-28 14:35:00,703.24,706.16,703.24,704.67,5857.46
2026-08-28 14:40:00,704.68,705.46,703.67,704.53,2869.15
2026-08-28 14:45:00,704.53,704.66,702.39,702.63,2652.61
2026-08-28 14:50:00,702.64,704.72,702.64,704.71,2021.45
2026-08-28 14:55:00,704.72,705.61,704.65,704.87,1969.49
2026-08-28 15:00:00,704.87,706.31,704.06,704.3,2693.06
2026-08-28 15:05:00,704.29,704.45,703.22,703.25,959.83
2026-08-28 15:10:00,703.25,703.54,702.14,702.4,2303.31
2026-08-28 15:15:00,702.4,704.63,702.27,704.3,2468.54
2026-08-28 15:20:00,704.31,704.75,703.2,704.29,2042.1
2026-08-28 15:25:00,704.29,705.08,702.72,703.0,1839.0
2026-08-28 15:30:00,703.0,703.13,701.88,701.98,2337.4
2026-08-28 15:35:00,701.98,702.27,701.45,701.61,1332.52
2026-08-28 15:40:00,701.61,701.66,699.0,699.38,4792.47
2026-08-28 15:45:00,699.39,699.48,697.95,698.07,3195.29
2026-08-28 15:50:00,698.07,698.62,697.44,697.96,3604.57
2026-08-28 15:55:00,697.96,698.02,696.14,696.3,4163.65
2026-08-28 16:00:00,696.3,696.55,693.11,694.34,12295.45
2026-08-28 16:05:00,694.34,696.79,694.3,695.95,5507.95
2026-08-28 16:10:00,695.94,695.95,692.85,693.01,5838.19
2026-08-28 16:15:00,693.0,693.53,691.1,691.64,7913.95
2026-08-28 16:20:00,691.63,692.82,688.06,688.45,10048.22
2026-08-28 16:25:00,688.46,691.31,686.89,691.26,14931.6
2026-08-28 16:30:00,691.26,693.18,690.8,691.5,6229.97
2026-08-28 16:35:00,691.5,694.35,691.48,693.77,4636.35
2026-08-28 16:40:00,693.77,694.19,692.94,693.04,2957.63
2026-08-28 16:45:00,693.03,694.8,693.03,694.61,2476.63
2026-08-28 16:50:00,694.62,694.78,693.51,693.82,2041.49
2026-08-28 16:55:00,693.82,694.42,693.44,693.56,1612.19
2026-08-28 17:00:00,693.55,694.41,692.83,693.91,2719.64
2026-08-28 17:05:00,693.91,694.53,693.67,694.14,1443.15
2026-08-28 17:10:00,694.13,695.43,693.96,695.27,2075.86
2026-08-28 17:15:00,695.28,696.4,694.75,696.25,3196.19
2026-08-28 17:20:00,696.25,696.46,695.58,695.72,2900.0
2026-08-28 17:25:00,695.73,695.8,694.75,694.8,1953.63
2026-08-28 17:30:00,694.79,695.13,694.08,694.46,1356.67
2026-08-28 17:35:00,694.47,694.51,693.35,693.51,1081.77
2026-08-28 17:40:00,693.5,693.9,693.44,693.68,504.73
2026-08-28 17:45:00,693.67,695.64,693.67,695.37,1191.65
2026-08-28 17:50:00,695.36,695.55,694.31,694.31,759.76
2026-08-28 17:55:00,694.3,694.31,693.69,693.91,1030.23
2026-08-28 18:00:00,693.9,693.91,693.33,693.35,1261.87
2026-08-28 18:05:00,693.34,693.55,692.52,692.56,2346.42
2026-08-28 18:10:00,692.55,692.7,691.64,691.64,2229.53
2026-08-28 18:15:00,691.65,691.95,690.13,690.23,3364.21
2026-08-28 18:20:00,690.24,690.3,689.2,689.43,3912.36
2026-08-28 18:25:00,689.44,690.16,689.23,689.42,3988.0
2026-08-28 18:30:00,689.42,689.89,687.82,688.92,7009.34
2026-08-28 18:35:00,688.92,688.97,685.81,686.64,8198.97
2026-08-28 18:40:00,686.65,687.26,686.42,686.89,2624.1
2026-08-28 18:45:00,686.89,687.19,685.9,686.0,1642.84
2026-08-28 18:50:00,685.99,687.91,685.9,687.9,1845.11
2026-08-28 18:55:00,687.9,688.58,687.35,688.47,2295.05
2026-08-28 19:00:00,688.47,689.91,688.4,689.25,4277.7
2026-08-28 19:05:00,689.25,690.42,689.25,690.4,1179.87
2026-08-28 19:10:00,690.39,690.69,690.26,690.5,971.51
2026-08-28 19:15:00,690.5,690.5,689.52,689.77,857.09
2026-08-28 19:20:00,689.77,690.72,689.64,689.82,1129.78
2026-08-28 19:25:00,689.82,690.49,689.81,690.02,333.32
2026-08-28 19:30:00,690.01,690.01,689.37,689.84,752.59
2026-08-28 19:35:00,689.84,690.03,689.72,689.84,304.92
2026-08-28 19:40:00,689.84,690.0,689.36,689.36,374.71
2026-08-28 19:45:00,689.36,689.47,688.4,688.72,1320.81
2026-08-28 19:50:00,688.72,689.12,688.54,688.77,773.76
2026-08-28 19:55:00,688.76,689.61,688.76,689.28,672.44
2026-08-28 20:00:00,689.28,689.78,688.73,688.96,1164.21
2026-08-28 20:05:00,688.96,689.47,688.45,689.44,1027.5
2026-08-28 20:10:00,689.44,689.93,689.29,689.89,839.07
2026-08-28 20:15:00,689.89,689.9,688.82,688.82,477.09
2026-08-28 20:20:00,688.82,689.75,688.76,689.67,609.38
2026-08-28 20:25:00,689.66,689.77,689.5,689.76,186.34
2026-08-28 20:30:00,689.76,689.76,688.39,688.52,532.13
2026-08-28 20:35:00,688.51,689.21,688.38,689.2,376.17
2026-08-28 20:40:00,689.2,689.48,688.99,689.23,772.31
2026-08-28 20:45:00,689.22,689.7,689.18,689.41,564.13
2026-08-28 20:50:00,689.41,689.41,688.77,689.0,298.71
2026-08-28 20:55:00,688.99,688.99,688.33,688.66,1171.96
2026-08-28 21:00:00,688.66,689.01,687.97,688.06,1022.47
2026-08-28 21:05:00,688.06,688.84,688.06,688.44,440.67
2026-08-28 21:10:00,688.44,689.04,688.28,688.84,472.62
2026-08-28 21:15:00,688.83,688.97,688.4,688.49,354.16
2026-08-28 21:20:00,688.5,688.5,687.4,688.32,755.86
2026-08-28 21:25:00,688.32,688.86,688.32,688.86,424.6
2026-08-28 21:30:00,688.85,689.5,688.85,689.47,360.43
2026-08-28 21:35:00,689.46,689.46,688.97,689.14,667.35
2026-08-28 21:40:00,689.14,689.18,688.12,688.29,520.51
2026-08-28 21:45:00,688.29,688.37,687.15,687.32,1028.54
2026-08-28 21:50:00,687.32,687.63,687.28,687.59,2814.53
2026-08-28 21:55:00,687.59,687.88,687.06,687.72,664.29
2026-08-28 22:00:00,687.73,688.26,687.27,687.57,923.91
2026-08-28 22:05:00,687.57,688.71,687.57,688.61,415.51
2026-08-28 22:10:00,688.61,689.0,688.56,689.0,322.04
2026-08-28 22:15:00,689.0,689.0,688.52,688.85,376.97
2026-08-28 22:20:00,688.85,688.91,688.49,688.82,404.73
2026-08-28 22:25:00,688.83,689.68,688.83,689.39,796.11
2026-08-28 22:30:00,689.39,690.06,689.03,690.01,2505.96
2026-08-28 22:35:00,690.0,690.43,689.86,690.4,1264.88
2026-08-28 22:40:00,690.4,691.05,690.27,691.0,1846.8
2026-08-28 22:45:00,691.0,691.22,690.91,691.0,1500.04
2026-08-28 22:50:00,690.99,690.99,690.43,690.81,789.1
2026-08-28 22:55:00,690.81,690.81,690.18,690.25,453.51
2026-08-28 23:00:00,690.24,690.4,689.94,690.04,497.76
2026-08-28 23:05:00,690.04,690.68,690.04,690.66,544.4
2026-08-28 23:10:00,690.67,691.07,690.59,691.06,570.12
2026-08-28 23:15:00,691.07,691.07,690.66,690.93,547.02
2026-08-28 23:20:00,690.93,690.99,690.56,690.84,1419.0
2026-08-28 23:25:00,690.84,690.9,690.67,690.68,220.64
2026-08-28 23:30:00,690.67,691.12,690.67,690.99,447.52
2026-08-28 23:35:00,690.98,690.99,690.76,690.82,273.6
2026-08-28 23:40:00,690.82,691.05,690.81,691.05,236.09
2026-08-28 23:45:00,691.04,691.05,690.68,690.85,369.37
2026-08-28 23:50:00,690.84,691.64,690.84,691.63,781.28
2026-08-28 23:55:00,691.64,691.98,691.63,691.77,867.3
2026-08-29 00:00:00,691.76,692.78,691.72,692.45,2080.47
2026-08-29 00:05:00,692.45,692.56,692.22,692.33,811.21
2026-08-29 00:10:00,692.33,692.34,691.81,692.09,650.25
2026-08-29 00:15:00,692.08,692.42,691.75,692.28,944.07
2026-08-29 00:20:00,692.27,692.78,692.11,692.51,636.62
2026-08-29 00:25:00,692.51,692.74,692.46,692.6,406.95
2026-08-29 00:30:00,692.6,692.61,691.38,691.5,645.88
2026-08-29 00:35:00,691.49,691.8,691.49,691.59,527.32
2026-08-29 00:40:00,691.58,691.6,691.34,691.45,371.68
2026-08-29 00:45:00,691.44,691.74,691.44,691.6,587.32
2026-08-29 00:50:00,691.6,691.61,691.28,691.47,771.92
2026-08-29 00:55:00,691.46,691.63,691.23,691.24,314.77
2026-08-29 01:00:00,691.24,691.24,690.82,690.82,574.22
2026-08-29 01:05:00,690.82,690.99,690.76,690.98,391.39
2026-08-29 01:10:00,690.98,691.14,690.73,690.74,427.09
2026-08-29 01:15:00,690.73,691.04,690.69,691.03,289.88
2026-08-29 01:20:00,691.03,691.61,691.03,691.52,331.16
2026-08-29 01:25:00,691.51,691.68,691.32,691.67,322.32
2026-08-29 01:30:00,691.67,691.72,691.32,691.56,329.42
2026-08-29 01:35:00,691.56,691.97,691.56,691.82,675.91
2026-08-29 01:40:00,691.82,692.01,691.72,691.86,531.22
2026-08-29 01:45:00,691.86,691.87,691.15,691.62,458.48
2026-08-29 01:50:00,691.63,691.95,691.53,691.71,624.38
2026-08-29 01:55:00,691.71,691.77,691.05,691.23,512.05
2026-08-29 02:00:00,691.24,691.62,691.05,691.19,652.05
2026-08-29 02:05:00,691.18,691.42,690.91,691.12,899.47
2026-08-29 02:10:00,691.12,691.5,690.87,691.37,1083.71
2026-08-29 02:15:00,691.37,691.38,690.41,690.41,341.39
2026-08-29 02:20:00,690.41,690.43,690.17,690.31,573.91
2026-08-29 02:25:00,690.32,690.32,690.0,690.27,561.25
2026-08-29 02:30:00,690.27,690.46,689.8,689.83,576.13
2026-08-29 02:35:00,689.83,690.97,689.8,690.97,308.34
2026-08-29 02:40:00,690.96,690.99,690.35,690.4,331.49
2026-08-29 02:45:00,690.39,690.64,690.33,690.51,330.82
2026-08-29 02:50:00,690.51,690.93,690.38,690.76,1210.06
2026-08-29 02:55:00,690.75,690.94,690.62,690.62,349.15
2026-08-29 03:00:00,690.63,690.89,690.44,690.44,437.04
2026-08-29 03:05:00,690.44,690.7,690.42,690.7,306.16
2026-08-29 03:10:00,690.69,690.74,690.34,690.34,253.6
2026-08-29 03:15:00,690.34,690.51,690.03,690.51,394.96
2026-08-29 03:20:00,690.52,690.89,690.43,690.72,469.57
2026-08-29 03:25:00,690.72,690.75,690.37,690.54,218.74
2026-08-29 03:30:00,690.55,690.66,690.13,690.14,354.64
2026-08-29 03:35:00,690.13,690.14,689.07,689.13,1122.25
2026-08-29 03:40:00,689.14,689.65,689.13,689.39,482.19
2026-08-29 03:45:00,689.4,689.4,688.99,689.04,415.3
2026-08-29 03:50:00,689.04,689.13,688.9,688.91,376.34
2026-08-29 03:55:00,688.9,689.0,688.82,688.96,267.73
2026-08-29 04:00:00,688.96,689.16,688.68,689.03,841.4
2026-08-29 04:05:00,689.02,689.13,688.27,689.11,954.87
2026-08-29 04:10:00,689.11,689.34,688.67,688.9,1373.32
2026-08-29 04:15:00,688.9,689.16,688.85,689.14,407.62
2026-08-29 04:20:00,689.14,689.71,689.01,689.71,421.74
2026-08-29 04:25:00,689.71,690.0,689.44,689.82,945.12
2026-08-29 04:30:00,689.83,690.41,689.83,689.89,1091.82
2026-08-29 04:35:00,689.88,690.38,689.78,690.38,418.63
2026-08-29 04:40:00,690.37,690.55,690.11,690.35,581.67
2026-08-29 04:45:00,690.36,690.7,690.22,690.45,453.42
2026-08-29 04:50:00,690.44,690.55,690.13,690.51,556.48
2026-08-29 04:55:00,690.51,690.66,690.3,690.44,557.97
2026-08-29 05:00:00,690.45,691.3,690.44,691.12,1171.33
2026-08-29 05:05:00,691.12,691.37,690.92,690.93,544.7
2026-08-29 05:10:00,690.92,691.2,690.89,691.19,259.92
2026-08-29 05:15:00,691.2,691.31,690.9,690.99,608.11
2026-08-29 05:20:00,691.0,691.29,690.94,691.25,1149.06
2026-08-29 05:25:00,691.24,691.64,691.2,691.29,891.43
2026-08-29 05:30:00,691.29,691.29,691.12,691.16,267.8
2026-08-29 05:35:00,691.16,691.53,690.99,691.53,709.09
2026-08-29 05:40:00,691.52,691.56,690.94,691.03,1401.6
2026-08-29 05:45:00,691.04,691.41,691.04,691.15,601.3
2026-08-29 05:50:00,691.14,691.15,690.65,690.76,555.08
2026-08-29 05:55:00,690.77,691.2,690.72,691.19,1694.46
2026-08-29 06:00:00,691.2,691.24,689.25,689.39,2127.23
2026-08-29 06:05:00,689.38,689.39,688.86,689.09,635.21
2026-08-29 06:10:00,689.1,689.1,688.5,688.53,764.03
2026-08-29 06:15:00,688.52,688.64,688.07,688.07,1166.49
2026-08-29 06:20:00,688.08,688.08,687.26,687.85,1912.34
2026-08-29 06:25:00,687.84,688.07,687.5,687.97,1352.32
2026-08-29 06:30:00,687.98,688.32,687.88,688.11,606.73
2026-08-29 06:35:00,688.12,688.13,687.8,687.82,399.14
2026-08-29 06:40:00,687.82,688.08,687.8,687.91,282.69
2026-08-29 06:45:00,687.91,688.0,687.83,687.83,348.14
2026-08-29 06:50:00,687.83,687.91,687.64,687.65,400.72
2026-08-29 06:55:00,687.64,687.84,687.27,687.72,1320.27
2026-08-29 07:00:00,687.73,688.35,687.6,688.35,863.49
2026-08-29 07:05:00,688.35,688.46,687.72,687.77,907.37
2026-08-29 07:10:00,687.78,687.86,687.41,687.41,565.32
2026-08-29 07:15:00,687.41,687.7,687.2,687.59,820.9
2026-08-29 07:20:00,687.6,687.6,687.4,687.41,195.18
2026-08-29 07:25:00,687.4,687.66,687.4,687.41,286.16
2026-08-29 07:30:00,687.4,687.66,687.35,687.53,313.99
2026-08-29 07:35:00,687.53,688.12,687.53,688.03,444.04
2026-08-29 07:40:00,688.04,688.22,687.69,688.05,476.28
2026-08-29 07:45:00,688.05,688.39,687.91,687.91,505.56
2026-08-29 07:50:00,687.92,688.2,687.84,688.01,774.3
2026-08-29 07:55:00,688.0,688.43,688.0,688.39,424.67
2026-08-29 08:00:00,688.39,688.39,687.55,687.6,2885.52
2026-08-29 08:05:00,687.6,687.72,687.44,687.61,925.6
2026-08-29 08:10:00,687.61,688.64,687.61,688.03,775.18
2026-08-29 08:15:00,688.03,688.32,687.91,688.31,407.52
2026-08-29 08:20:00,688.31,688.44,688.05,688.44,342.26
2026-08-29 08:25:00,688.44,688.85,688.39,688.8,406.16
2026-08-29 08:30:00,688.81,688.83,688.16,688.47,665.05
2026-08-29 08:35:00,688.47,688.47,688.25,688.27,284.17
2026-08-29 08:40:00,688.27,688.43,688.07,688.23,479.3
2026-08-29 08:45:00,688.23,688.69,687.87,688.27,451.59
2026-08-29 08:50:00,688.28,688.54,688.13,688.14,215.47
2026-08-29 08:55:00,688.14,688.6,688.01,688.29,1408.98
2026-08-29 09:00:00,688.3,688.47,688.12,688.37,437.55
2026-08-29 09:05:00,688.37,688.92,688.26,688.29,589.54
2026-08-29 09:10:00,688.28,689.04,688.23,688.95,939.08
2026-08-29 09:15:00,688.95,688.96,688.28,688.33,792.95
2026-08-29 09:20:00,688.33,688.33,688.11,688.23,194.87
2026-08-29 09:25:00,688.23,688.24,687.91,687.93,364.8
2026-08-29 09:30:00,687.94,688.21,687.87,688.21,319.84
2026-08-29 09:35:00,688.2,688.84,688.06,688.8,553.03
2026-08-29 09:40:00,688.79,689.04,688.7,688.77,325.65
2026-08-29 09:45:00,688.77,688.86,688.6,688.74,365.16
2026-08-29 09:50:00,688.74,688.93,688.65,688.91,383.33
2026-08-29 09:55:00,688.91,689.26,688.38,688.92,2324.94
2026-08-29 10:00:00,688.93,689.15,688.75,688.8,805.34
2026-08-29 10:05:00,688.8,688.8,688.29,688.31,440.56
2026-08-29 10:10:00,688.3,688.74,688.3,688.72,207.28
2026-08-29 10:15:00,688.72,689.53,688.72,689.52,704.83
2026-08-29 10:20:00,689.51,689.82,689.0,689.35,1573.73
2026-08-29 10:25:00,689.35,689.55,689.29,689.29,315.92
2026-08-29 10:30:00,689.29,689.44,689.19,689.41,497.36
2026-08-29 10:35:00,689.41,689.83,689.4,689.49,820.35
2026-08-29 10:40:00,689.49,689.59,689.32,689.58,292.49
2026-08-29 10:45:00,689.58,690.11,689.58,690.1,552.63
2026-08-29 10:50:00,690.1,690.14,689.58,689.71,616.95
2026-08-29 10:55:00,689.71,689.72,689.22,689.23,304.44
2026-08-29 11:00:00,689.22,689.43,689.0,689.42,343.26
2026-08-29 11:05:00,689.43,689.55,689.39,689.45,224.84
2026-08-29 11:10:00,689.44,689.83,689.44,689.78,299.39
2026-08-29 11:15:00,689.79,689.93,689.2,689.31,514.33
2026-08-29 11:20:00,689.31,689.39,689.1,689.12,295.45
2026-08-29 11:25:00,689.13,689.42,689.12,689.38,173.4
2026-08-29 11:30:00,689.38,689.67,689.35,689.66,220.62
2026-08-29 11:35:00,689.66,689.82,689.42,689.48,257.93
2026-08-29 11:40:00,689.48,689.68,689.07,689.47,442.29
2026-08-29 11:45:00,689.48,689.67,689.35,689.63,236.29
2026-08-29 11:50:00,689.62,689.78,689.62,689.7,235.01
2026-08-29 11:55:00,689.71,689.71,689.46,689.67,290.23
2026-08-29 12:00:00,689.68,689.77,689.51,689.77,405.58
2026-08-29 12:05:00,689.78,689.79,689.24,689.28,626.34
2026-08-29 12:10:00,689.29,689.93,689.14,689.75,1041.13
2026-08-29 12:15:00,689.74,690.07,689.45,689.45,1426.72
2026-08-29 12:20:00,689.45,689.67,688.57,688.66,1223.26
2026-08-29 12:25:00,688.67,689.46,688.46,689.45,544.61
2026-08-29 12:30:00,689.46,689.61,688.97,688.98,377.07
2026-08-29 12:35:00,688.98,688.98,688.15,688.84,1328.65
2026-08-29 12:40:00,688.84,688.96,688.78,688.85,299.11
2026-08-29 12:45:00,688.85,688.91,688.65,688.8,231.19
2026-08-29 12:50:00,688.79,688.8,687.75,688.18,4598.41
2026-08-29 12:55:00,688.18,689.07,688.12,688.7,1994.86
2026-08-29 13:00:00,688.71,688.73,688.33,688.34,341.78
2026-08-29 13:05:00,688.34,688.68,688.34,688.58,580.52
2026-08-29 13:10:00,688.57,688.8,688.37,688.44,1733.85
2026-08-29 13:15:00,688.44,689.09,688.02,688.02,1941.04
2026-08-29 13:20:00,688.01,688.84,688.01,688.75,294.87
2026-08-29 13:25:00,688.76,688.76,688.28,688.36,582.83
2026-08-29 13:30:00,688.36,688.49,688.32,688.38,314.88
2026-08-29 13:35:00,688.38,688.65,688.33,688.34,270.24
2026-08-29 13:40:00,688.34,688.44,688.33,688.39,121.61
2026-08-29 13:45:00,688.4,688.86,688.39,688.71,239.9
2026-08-29 13:50:00,688.71,688.89,688.56,688.85,257.0
2026-08-29 13:55:00,688.85,689.1,688.84,688.9,304.38
2026-08-29 14:00:00,688.91,688.91,688.74,688.83,534.32
2026-08-29 14:05:00,688.82,689.07,688.82,688.92,407.9
2026-08-29 14:10:00,688.93,689.03,688.66,688.87,602.33
2026-08-29 14:15:00,688.88,688.97,688.72,688.72,252.99
2026-08-29 14:20:00,688.72,689.58,688.72,689.42,728.58
2026-08-29 14:25:00,689.42,689.77,689.34,689.43,749.59
2026-08-29 14:30:00,689.44,689.65,689.39,689.56,440.93
2026-08-29 14:35:00,689.56,689.86,689.56,689.76,551.37
2026-08-29 14:40:00,689.77,691.46,689.76,691.18,3000.3
2026-08-29 14:45:00,691.19,692.97,691.18,692.07,3521.6
2026-08-29 14:50:00,692.06,692.32,691.46,692.09,2152.53
2026-08-29 14:55:00,692.08,692.4,691.8,692.23,1212.46
2026-08-29 15:00:00,692.23,692.29,690.99,691.31,1502.43
2026-08-29 15:05:00,691.3,691.52,690.88,691.32,1424.49
2026-08-29 15:10:00,691.33,691.68,691.32,691.62,771.45
2026-08-29 15:15:00,691.63,691.7,690.67,691.14,577.62
2026-08-29 15:20:00,691.15,691.52,691.08,691.35,361.02
2026-08-29 15:25:00,691.34,691.34,690.98,690.98,321.88
2026-08-29 15:30:00,690.98,690.98,690.35,690.65,470.77
2026-08-29 15:35:00,690.66,690.78,690.49,690.66,522.72
2026-08-29 15:40:00,690.67,690.95,690.67,690.91,309.25
2026-08-29 15:45:00,690.91,691.95,690.78,691.78,928.3
2026-08-29 15:50:00,691.78,691.84,691.0,691.0,643.27
2026-08-29 15:55:00,691.0,691.22,690.59,691.14,919.38
2026-08-29 16:00:00,691.14,691.35,690.93,691.18,991.14
2026-08-29 16:05:00,691.18,691.24,691.11,691.2,483.85
2026-08-29 16:10:00,691.2,691.95,691.0,691.49,2099.95
2026-08-29 16:15:00,691.5,692.78,691.5,691.95,2650.69
2026-08-29 16:20:00,691.96,692.01,691.3,691.46,648.35
2026-08-29 16:25:00,691.46,691.83,691.25,691.76,546.15
2026-08-29 16:30:00,691.77,692.68,691.43,692.23,781.1
2026-08-29 16:35:00,692.23,692.24,691.8,691.89,1177.3
2026-08-29 16:40:00,691.89,692.26,691.89,692.26,636.94
2026-08-29 16:45:00,692.26,692.33,692.11,692.25,403.52
2026-08-29 16:50:00,692.25,692.63,691.9,691.9,858.85
2026-08-29 16:55:00,691.91,691.94,691.41,691.54,589.03
2026-08-29 17:00:00,691.54,691.88,691.51,691.88,362.78
2026-08-29 17:05:00,691.87,691.92,691.66,691.83,286.17
2026-08-29 17:10:00,691.82,692.19,691.82,691.98,969.0
2026-08-29 17:15:00,691.98,692.5,691.98,692.28,481.95
2026-08-29 17:20:00,692.29,692.3,691.53,691.96,661.7
2026-08-29 17:25:00,691.95,691.95,691.22,691.39,585.2
2026-08-29 17:30:00,691.39,691.73,691.0,691.02,502.0
2026-08-29 17:35:00,691.02,691.36,690.65,691.14,652.74
2026-08-29 17:40:00,691.15,691.29,690.99,691.2,362.12
2026-08-29 17:45:00,691.19,691.45,691.19,691.44,309.88
2026-08-29 17:50:00,691.44,691.53,691.23,691.23,386.09
2026-08-29 17:55:00,691.23,691.41,690.91,691.1,2087.04
2026-08-29 18:00:00,691.1,691.86,691.1,691.11,917.27
2026-08-29 18:05:00,691.11,691.7,691.1,691.57,431.59
2026-08-29 18:10:00,691.57,691.65,691.52,691.58,357.08
2026-08-29 18:15:00,691.57,691.58,691.08,691.28,313.28
2026-08-29 18:20:00,691.29,691.75,691.17,691.75,429.89
2026-08-29 18:25:00,691.74,691.94,691.18,691.76,2334.6
2026-08-29 18:30:00,691.74,691.74,691.14,691.58,797.16
2026-08-29 18:35:00,691.57,692.86,691.57,692.7,998.38
2026-08-29 18:40:00,692.69,693.12,692.4,692.69,787.27
2026-08-29 18:45:00,692.7,694.21,692.6,694.08,2233.85
2026-08-29 18:50:00,694.07,694.13,693.66,693.98,683.93
2026-08-29 18:55:00,693.97,693.99,693.72,693.72,531.12
2026-08-29 19:00:00,693.72,694.62,693.72,694.53,3690.85
2026-08-29 19:05:00,694.52,694.53,693.92,694.03,631.27
2026-08-29 19:10:00,694.02,694.07,693.82,694.05,664.5
2026-08-29 19:15:00,694.05,694.28,693.94,694.15,870.3
2026-08-29 19:20:00,694.14,694.16,693.61,693.87,588.76
2026-08-29 19:25:00,693.87,693.88,693.6,693.68,375.59
2026-08-29 19:30:00,693.69,693.87,693.35,693.42,657.71
2026-08-29 19:35:00,693.41,693.87,693.31,693.43,492.55
2026-08-29 19:40:00,693.43,694.03,693.3,693.4,1151.49
2026-08-29 19:45:00,693.39,693.51,693.32,693.35,204.66
2026-08-29 19:50:00,693.35,693.62,693.34,693.51,1227.69
2026-08-29 19:55:00,693.51,693.91,693.23,693.74,1066.6
2026-08-29 20:00:00,693.74,694.06,693.29,693.87,606.72
2026-08-29 20:05:00,693.88,693.98,693.83,693.98,297.42
2026-08-29 20:10:00,693.97,693.97,693.38,693.66,1261.57
2026-08-29 20:15:00,693.66,693.85,693.55,693.79,242.29
2026-08-29 20:20:00,693.79,693.8,693.07,693.32,292.31
2026-08-29 20:25:00,693.33,693.35,692.67,692.88,670.49
2026-08-29 20:30:00,692.88,692.88,692.71,692.78,178.47
2026-08-29 20:35:00,692.78,693.02,692.76,692.96,310.36
2026-08-29 20:40:00,692.97,693.08,692.63,692.88,780.61
2026-08-29 20:45:00,692.87,692.88,692.7,692.8,178.54
2026-08-29 20:50:00,692.81,692.81,692.65,692.68,177.29
2026-08-29 20:55:00,692.69,693.15,692.46,693.12,1690.72
2026-08-29 21:00:00,693.13,693.39,692.69,692.85,704.04
2026-08-29 21:05:00,692.85,693.3,692.8,693.0,570.31
2026-08-29 21:10:00,692.99,693.34,692.74,692.88,961.44
2026-08-29 21:15:00,692.88,692.95,692.84,692.91,62.67
2026-08-29 21:20:00,692.91,693.02,692.74,692.8,190.73
2026-08-29 21:25:00,692.79,693.48,692.65,692.97,1091.64
2026-08-29 21:30:00,692.97,693.29,692.96,693.14,174.69
2026-08-29 21:35:00,693.13,693.47,693.12,693.17,174.29
2026-08-29 21:40:00,693.17,693.17,692.74,692.87,408.86
2026-08-29 21:45:00,692.87,693.15,692.87,693.14,71.67
2026-08-29 21:50:00,693.15,693.44,693.14,693.17,192.07
2026-08-29 21:55:00,693.17,693.42,692.79,692.81,392.09
2026-08-29 22:00:00,692.81,693.07,692.56,692.66,703.22
2026-08-29 22:05:00,692.66,693.07,692.48,693.03,734.07
2026-08-29 22:10:00,693.03,693.27,692.42,692.61,489.14
2026-08-29 22:15:00,692.61,693.12,692.38,692.42,553.4
2026-08-29 22:20:00,692.42,692.89,692.42,692.56,282.53
2026-08-29 22:25:00,692.56,692.94,692.4,692.88,1833.63
2026-08-29 22:30:00,692.89,692.99,692.81,692.87,231.44
2026-08-29 22:35:00,692.88,693.0,692.85,692.99,218.82
2026-08-29 22:40:00,692.99,693.2,692.99,693.2,232.38
2026-08-29 22:45:00,693.2,693.31,693.19,693.22,145.31
2026-08-29 22:50:00,693.22,693.3,693.21,693.26,90.76
2026-08-29 22:55:00,693.27,693.7,693.26,693.34,953.21
2026-08-29 23:00:00,693.34,693.49,693.03,693.18,925.05
2026-08-29 23:05:00,693.18,693.66,693.16,693.55,1685.63
2026-08-29 23:10:00,693.56,693.69,692.3,693.07,3086.95
2026-08-29 23:15:00,693.07,693.48,692.87,693.28,368.38
2026-08-29 23:20:00,693.28,693.47,692.53,692.54,608.92
2026-08-29 23:25:00,692.55,693.0,692.44,692.99,418.1
2026-08-29 23:30:00,692.99,693.11,692.44,692.44,746.81
2026-08-29 23:35:00,692.44,693.03,692.38,693.03,364.33
2026-08-29 23:40:00,693.04,693.09,692.5,692.51,405.5
2026-08-29 23:45:00,692.51,692.98,692.51,692.91,240.75
2026-08-29 23:50:00,692.9,692.97,692.75,692.79,446.9
2026-08-29 23:55:00,692.79,692.98,692.79,692.85,215.75
2026-08-30 00:00:00,692.84,692.84,692.55,692.65,486.65
2026-08-30 00:05:00,692.65,692.65,692.36,692.37,344.85
2026-08-30 00:10:00,692.36,692.53,692.25,692.53,430.41
2026-08-30 00:15:00,692.53,693.62,692.52,693.28,1143.36
2026-08-30 00:20:00,693.25,693.4,692.91,693.18,1031.45
2026-08-30 00:25:00,693.18,693.19,692.75,692.81,929.65
2026-08-30 00:30:00,692.81,693.12,692.7,693.0,388.28
2026-08-30 00:35:00,692.99,693.66,692.99,693.34,641.27
2026-08-30 00:40:00,693.34,693.5,692.9,693.12,391.56
2026-08-30 00:45:00,693.11,693.32,692.92,693.31,230.64
2026-08-30 00:50:00,693.31,693.34,692.91,692.97,432.52
2026-08-30 00:55:00,692.98,693.05,692.59,692.6,281.22
2026-08-30 01:00:00,692.6,692.8,692.39,692.8,371.38
2026-08-30 01:05:00,692.79,693.13,692.21,692.67,1526.09
2026-08-30 01:10:00,692.67,692.74,692.08,692.1,497.97
2026-08-30 01:15:00,692.1,692.2,691.31,691.55,4804.62
2026-08-30 01:20:00,691.55,691.73,691.11,691.21,798.7
2026-08-30 01:25:00,691.21,691.27,691.0,691.01,520.09
2026-08-30 01:30:00,691.01,691.43,691.0,691.37,504.52
2026-08-30 01:35:00,691.38,691.82,691.37,691.82,483.74
2026-08-30 01:40:00,691.81,691.95,691.74,691.75,251.54
2026-08-30 01:45:00,691.74,692.07,691.69,692.05,642.14
2026-08-30 01:50:00,692.05,692.1,691.63,691.68,308.63
2026-08-30 01:55:00,691.69,692.15,691.69,692.05,694.7
2026-08-30 02:00:00,692.04,692.28,691.84,692.26,651.13
2026-08-30 02:05:00,692.26,692.33,691.89,692.16,324.67
2026-08-30 02:10:00,692.17,692.4,692.08,692.4,185.32
2026-08-30 02:15:00,692.4,693.17,692.26,693.02,1313.51
2026-08-30 02:20:00,693.02,694.17,693.02,693.84,2475.76
2026-08-30 02:25:00,693.84,694.15,693.56,693.88,707.97
2026-08-30 02:30:00,693.88,694.2,693.49,693.71,999.9
2026-08-30 02:35:00,693.71,693.82,693.59,693.61,372.95
2026-08-30 02:40:00,693.61,694.32,693.6,694.03,1035.35
2026-08-30 02:45:00,694.02,694.21,693.87,694.17,502.65
2026-08-30 02:50:00,694.17,694.93,694.14,694.93,1119.78
2026-08-30 02:55:00,694.92,695.07,694.1,694.16,622.46
2026-08-30 03:00:00,694.15,694.68,694.05,694.48,595.59
2026-08-30 03:05:00,694.48,695.26,694.48,695.26,939.23
2026-08-30 03:10:00,695.27,695.86,694.68,695.75,1306.23
2026-08-30 03:15:00,695.74,696.0,695.55,695.65,1194.25
2026-08-30 03:20:00,695.65,695.65,694.95,695.29,925.64
2026-08-30 03:25:00,695.29,695.36,695.14,695.36,342.42
2026-08-30 03:30:00,695.36,696.0,695.05,696.0,1008.74
2026-08-30 03:35:00,695.99,696.0,695.27,695.61,789.04
2026-08-30 03:40:00,695.61,695.79,695.31,695.57,483.67
2026-08-30 03:45:00,695.57,695.61,695.22,695.24,271.32
2026-08-30 03:50:00,695.25,695.32,695.2,695.32,259.39
2026-08-30 03:55:00,695.31,695.36,695.0,695.06,182.48
2026-08-30 04:00:00,695.05,695.7,694.73,695.7,916.72
2026-08-30 04:05:00,695.7,695.75,695.03,695.03,555.84
2026-08-30 04:10:00,695.04,695.04,694.74,695.0,868.0
2026-08-30 04:15:00,695.0,695.21,694.72,695.05,805.61
2026-08-30 04:20:00,695.05,695.07,693.85,693.95,1666.37
2026-08-30 04:25:00,693.96,694.26,693.96,694.01,526.46
2026-08-30 04:30:00,694.0,694.0,693.65,693.83,480.75
2026-08-30 04:35:00,693.83,693.96,693.48,693.52,850.51
2026-08-30 04:40:00,693.52,693.65,693.24,693.26,604.45
2026-08-30 04:45:00,693.25,693.4,692.75,692.75,1411.28
2026-08-30 04:50:00,692.75,693.31,692.75,693.3,903.72
2026-08-30 04:55:00,693.31,694.09,693.3,694.09,344.91
2026-08-30 05:00:00,694.09,694.98,694.08,694.89,604.02
2026-08-30 05:05:00,694.9,695.05,694.5,694.69,832.37
2026-08-30 05:10:00,694.7,694.7,694.23,694.58,489.18
2026-08-30 05:15:00,694.58,694.73,694.2,694.2,273.76
2026-08-30 05:20:00,694.21,694.5,694.2,694.49,169.42
2026-08-30 05:25:00,694.49,694.89,694.46,694.81,642.72
2026-08-30 05:30:00,694.81,694.9,694.53,694.53,260.4
2026-08-30 05:35:00,694.52,694.68,694.52,694.62,361.9
2026-08-30 05:40:00,694.63,694.73,694.46,694.46,534.92
2026-08-30 05:45:00,694.45,694.57,694.36,694.56,389.88
2026-08-30 05:50:00,694.57,694.57,694.48,694.52,141.92
2026-08-30 05:55:00,694.52,694.91,694.45,694.84,483.94
2026-08-30 06:00:00,694.83,694.83,694.2,694.48,761.71
2026-08-30 06:05:00,694.47,694.47,694.16,694.16,381.14
2026-08-30 06:10:00,694.16,694.17,693.96,694.08,364.85
2026-08-30 06:15:00,694.08,694.33,694.08,694.32,180.92
2026-08-30 06:20:00,694.32,694.8,694.1,694.8,787.65
2026-08-30 06:25:00,694.81,694.83,694.65,694.77,198.19
2026-08-30 06:30:00,694.77,694.8,694.65,694.66,296.55
2026-08-30 06:35:00,694.66,694.77,694.38,694.63,404.7
2026-08-30 06:40:00,694.63,694.95,694.12,694.28,1462.08
2026-08-30 06:45:00,694.28,694.91,694.22,694.82,954.62
2026-08-30 06:50:00,694.82,694.82,694.19,694.46,704.88
2026-08-30 06:55:00,694.47,694.94,694.3,694.94,376.59
2026-08-30 07:00:00,694.94,695.73,693.96,694.34,2131.37
2026-08-30 07:05:00,694.33,694.38,694.2,694.38,423.18
2026-08-30 07:10:00,694.39,694.39,694.23,694.24,303.75
2026-08-30 07:15:00,694.23,694.25,694.05,694.18,272.96
2026-08-30 07:20:00,694.19,694.32,694.19,694.32,116.89
2026-08-30 07:25:00,694.32,694.33,694.13,694.14,207.41
2026-08-30 07:30:00,694.14,694.14,693.88,693.98,356.97
2026-08-30 07:35:00,693.98,693.98,693.73,693.92,332.45
2026-08-30 07:40:00,693.93,694.26,693.3,693.95,4097.55
2026-08-30 07:45:00,693.94,693.95,693.45,693.66,446.39
2026-08-30 07:50:00,693.66,694.08,693.65,694.08,249.44
2026-08-30 07:55:00,694.08,694.12,693.6,693.61,379.47
2026-08-30 08:00:00,693.6,693.95,693.6,693.8,504.6
2026-08-30 08:05:00,693.81,694.09,693.63,693.95,422.2
2026-08-30 08:10:00,693.95,693.95,693.3,693.39,1879.67
2026-08-30 08:15:00,693.4,693.67,693.22,693.67,1172.79
2026-08-30 08:20:00,693.67,693.76,693.52,693.56,302.17
2026-08-30 08:25:00,693.57,693.75,693.33,693.5,777.62
2026-08-30 08:30:00,693.51,693.62,693.24,693.55,414.4
2026-08-30 08:35:00,693.54,693.55,692.8,692.8,718.27
2026-08-30 08:40:00,692.8,692.95,692.62,692.94,716.53
2026-08-30 08:45:00,692.94,692.95,692.67,692.85,351.58
2026-08-30 08:50:00,692.84,693.43,692.79,693.43,1795.96
2026-08-30 08:55:00,693.43,694.5,693.43,694.34,1666.86
2026-08-30 09:00:00,694.34,695.33,694.25,694.87,2694.58
2026-08-30 09:05:00,694.87,694.91,694.65,694.65,856.86
2026-08-30 09:10:00,694.66,694.72,694.48,694.71,480.8
2026-08-30 09:15:00,694.72,694.72,694.2,694.2,438.36
2026-08-30 09:20:00,694.2,694.38,693.5,693.56,750.77
2026-08-30 09:25:00,693.57,693.75,692.94,692.94,551.98
2026-08-30 09:30:00,692.95,693.77,692.49,692.61,1146.5
2026-08-30 09:35:00,692.6,692.69,692.0,692.0,1536.64
2026-08-30 09:40:00,692.01,692.64,691.74,692.43,1014.51
2026-08-30 09:45:00,692.43,692.49,691.83,691.83,484.85
2026-08-30 09:50:00,691.83,691.93,691.78,691.83,448.05
2026-08-30 09:55:00,691.84,692.21,691.83,692.2,292.12
2026-08-30 10:00:00,692.2,692.28,691.95,691.95,366.2
2026-08-30 10:05:00,691.96,692.49,691.95,692.49,537.6
2026-08-30 10:10:00,692.49,692.68,691.99,691.99,603.09
2026-08-30 10:15:00,691.99,692.16,691.81,692.06,583.38
2026-08-30 10:20:00,692.05,692.38,691.81,692.03,1509.92
2026-08-30 10:25:00,692.04,692.57,691.88,692.47,2182.6
2026-08-30 10:30:00,692.48,692.6,692.15,692.21,1033.91
2026-08-30 10:35:00,692.21,692.44,692.2,692.41,333.13
2026-08-30 10:40:00,692.41,692.69,692.24,692.53,2062.53
2026-08-30 10:45:00,692.54,692.66,692.52,692.62,146.37
2026-08-30 10:50:00,692.61,692.65,692.55,692.64,215.48
2026-08-30 10:55:00,692.65,692.72,692.63,692.71,183.48
2026-08-30 11:00:00,692.72,692.98,692.63,692.98,571.68
2026-08-30 11:05:00,692.98,694.53,692.97,694.32,2591.7
2026-08-30 11:10:00,694.32,694.37,693.94,694.22,775.2
2026-08-30 11:15:00,694.22,694.23,693.96,694.23,420.15
2026-08-30 11:20:00,694.22,694.39,694.22,694.39,228.64
2026-08-30 11:25:00,694.39,694.4,693.98,694.07,381.03
2026-08-30 11:30:00,694.07,694.27,693.93,694.15,394.51
2026-08-30 11:35:00,694.15,694.18,693.79,693.85,559.39
2026-08-30 11:40:00,693.86,694.3,693.79,693.79,1102.9
2026-08-30 11:45:00,693.79,694.05,693.59,693.61,688.28
2026-08-30 11:50:00,693.61,693.61,693.01,693.01,977.68
2026-08-30 11:55:00,693.0,693.29,693.0,693.28,496.62
2026-08-30 12:00:00,693.28,694.19,693.25,694.18,1201.61
2026-08-30 12:05:00,694.19,695.54,694.13,695.48,2424.13
2026-08-30 12:10:00,695.49,696.19,695.49,696.14,1878.86
2026-08-30 12:15:00,696.15,696.15,695.1,695.1,1957.1
2026-08-30 12:20:00,695.11,695.56,694.86,695.37,3425.12
2026-08-30 12:25:00,695.38,695.58,694.97,695.57,419.42
2026-08-30 12:30:00,695.58,696.3,695.18,695.25,2289.59
2026-08-30 12:35:00,695.26,695.65,695.12,695.54,1184.88
2026-08-30 12:40:00,695.54,696.11,695.37,695.47,803.4
2026-08-30 12:45:00,695.48,695.65,695.22,695.49,483.26
2026-08-30 12:50:00,695.48,695.99,695.29,695.82,553.68
2026-08-30 12:55:00,695.81,696.8,695.7,696.79,2450.91
2026-08-30 13:00:00,696.79,696.9,696.09,696.73,1410.87
2026-08-30 13:05:00,696.72,696.73,695.9,696.0,943.53
2026-08-30 13:10:00,695.99,696.0,695.58,695.83,468.12
2026-08-30 13:15:00,695.83,696.55,695.66,696.54,708.67
2026-08-30 13:20:00,696.54,697.3,696.32,697.29,2218.76
2026-08-30 13:25:00,697.29,698.0,697.29,697.8,3070.46
2026-08-30 13:30:00,697.8,697.81,696.84,697.01,1394.28
2026-08-30 13:35:00,697.01,697.69,697.0,697.35,828.29
2026-08-30 13:40:00,697.34,698.59,697.15,698.54,1722.81
2026-08-30 13:45:00,698.54,699.19,698.49,699.19,2644.53
2026-08-30 13:50:00,699.19,700.46,699.18,700.39,6165.38
2026-08-30 13:55:00,700.38,700.44,699.55,699.74,4488.1
2026-08-30 14:00:00,699.74,699.96,699.12,699.32,2516.33
2026-08-30 14:05:00,699.33,699.33,698.51,699.31,1943.18
2026-08-30 14:10:00,699.31,699.83,699.09,699.66,799.11
2026-08-30 14:15:00,699.65,699.7,698.82,698.82,912.32
2026-08-30 14:20:00,698.81,699.0,698.67,699.0,710.11
2026-08-30 14:25:00,698.99,699.1,698.87,699.05,389.96
2026-08-30 14:30:00,699.06,699.44,698.83,698.86,547.63
2026-08-30 14:35:00,698.86,698.86,697.53,697.99,1194.95
2026-08-30 14:40:00,697.99,698.46,697.99,698.28,552.11
2026-08-30 14:45:00,698.28,698.49,698.0,698.29,585.68
2026-08-30 14:50:00,698.28,698.91,698.14,698.91,743.73
2026-08-30 14:55:00,698.92,699.24,698.77,698.96,570.19
2026-08-30 15:00:00,698.96,699.13,698.2,698.2,1256.26
2026-08-30 15:05:00,698.2,699.37,698.2,698.71,1898.26
2026-08-30 15:10:00,698.72,698.82,697.12,697.21,2681.64
2026-08-30 15:15:00,697.21,698.06,696.9,697.8,1747.77
2026-08-30 15:20:00,697.8,699.1,697.8,699.09,890.84
2026-08-30 15:25:00,699.08,699.21,698.6,698.75,1188.45
2026-08-30 15:30:00,698.76,699.34,698.75,699.24,646.29
2026-08-30 15:35:00,699.23,699.54,698.61,698.81,1047.41
2026-08-30 15:40:00,698.82,700.0,698.7,699.35,1569.62
2026-08-30 15:45:00,699.34,700.0,699.18,699.43,1165.03
2026-08-30 15:50:00,699.44,700.14,699.44,699.91,824.66
2026-08-30 15:55:00,699.9,699.96,699.53,699.74,517.98
2026-08-30 16:00:00,699.74,700.5,699.5,700.37,1252.4
2026-08-30 16:05:00,700.37,700.87,699.48,699.53,2050.82
2026-08-30 16:10:00,699.52,702.5,699.3,701.95,5111.11
2026-08-30 16:15:00,701.95,702.98,701.5,702.49,4008.89
2026-08-30 16:20:00,702.48,703.5,702.17,703.21,2960.51
2026-08-30 16:25:00,703.21,703.33,702.41,702.47,1747.62
2026-08-30 16:30:00,702.48,703.32,702.35,703.12,1334.6
2026-08-30 16:35:00,703.13,703.84,702.77,702.96,2679.6
2026-08-30 16:40:00,702.97,704.4,702.97,703.79,2251.37
2026-08-30 16:45:00,703.79,704.19,703.2,703.2,1995.89
2026-08-30 16:50:00,703.19,703.53,702.67,703.25,1675.64
2026-08-30 16:55:00,703.24,704.07,703.23,704.06,1270.71
2026-08-30 17:00:00,704.06,704.06,703.0,703.46,1448.01
2026-08-30 17:05:00,703.45,703.46,702.37,702.9,1444.13
2026-08-30 17:10:00,702.89,703.08,702.46,702.46,672.19
2026-08-30 17:15:00,702.46,702.47,700.42,701.11,3907.64
2026-08-30 17:20:00,701.12,701.17,698.81,699.52,2774.51
2026-08-30 17:25:00,699.51,699.68,698.37,699.64,2258.8
2026-08-30 17:30:00,699.64,700.27,699.31,700.26,1560.45
2026-08-30 17:35:00,700.27,700.63,700.01,700.62,1176.48
2026-08-30 17:40:00,700.63,701.12,700.4,700.86,1705.23
2026-08-30 17:45:00,700.87,701.08,700.34,700.67,1067.2
2026-08-30 17:50:00,700.68,700.99,700.26,700.81,876.31
2026-08-30 17:55:00,700.81,701.28,700.54,701.27,363.19
2026-08-30 18:00:00,701.28,701.73,701.14,701.68,944.25
2026-08-30 18:05:00,701.68,701.68,700.51,700.51,983.58
2026-08-30 18:10:00,700.51,700.53,699.97,700.52,904.48
2026-08-30 18:15:00,700.52,701.06,700.52,701.06,495.17
2026-08-30 18:20:00,701.05,701.27,700.88,700.98,1023.15
2026-08-30 18:25:00,700.98,702.26,700.9,702.23,664.14
2026-08-30 18:30:00,702.24,702.84,702.23,702.83,825.45
2026-08-30 18:35:00,702.82,703.0,702.71,702.79,565.57
2026-08-30 18:40:00,702.79,702.8,702.43,702.51,659.55
2026-08-30 18:45:00,702.52,702.53,702.04,702.39,782.2
2026-08-30 18:50:00,702.39,702.39,701.65,701.84,657.4
2026-08-30 18:55:00,701.84,702.28,701.79,702.16,373.21
2026-08-30 19:00:00,702.16,702.21,701.49,701.63,614.08
2026-08-30 19:05:00,701.63,701.7,701.08,701.38,761.88
2026-08-30 19:10:00,701.39,701.86,701.38,701.85,417.04
2026-08-30 19:15:00,701.86,701.96,701.37,701.69,832.6
2026-08-30 19:20:00,701.68,701.69,700.66,700.69,402.15
2026-08-30 19:25:00,700.69,700.69,700.45,700.45,275.78
2026-08-30 19:30:00,700.46,700.81,700.31,700.46,1037.85
2026-08-30 19:35:00,700.47,700.47,699.35,699.35,687.23
2026-08-30 19:40:00,699.34,699.8,699.25,699.34,402.75
2026-08-30 19:45:00,699.35,699.49,698.73,698.99,807.94
2026-08-30 19:50:00,698.99,699.55,698.99,699.46,361.68
2026-08-30 19:55:00,699.46,699.99,699.46,699.95,341.99
2026-08-30 20:00:00,699.95,700.55,699.95,700.09,1172.35
2026-08-30 20:05:00,700.1,700.48,700.09,700.35,328.53
2026-08-30 20:10:00,700.35,700.79,700.13,700.17,825.25
2026-08-30 20:15:00,700.17,700.34,699.88,700.25,458.43
2026-08-30 20:20:00,700.26,700.4,700.13,700.39,271.65
2026-08-30 20:25:00,700.4,700.54,699.75,699.75,577.86
2026-08-30 20:30:00,699.75,699.8,698.38,699.39,1541.6
2026-08-30 20:35:00,699.39,700.27,699.04,699.06,989.69
2026-08-30 20:40:00,699.05,699.34,696.74,697.12,3035.66
2026-08-30 20:45:00,697.13,698.53,697.1,698.45,2051.54
2026-08-30 20:50:00,698.45,699.13,698.45,698.64,1068.06
2026-08-30 20:55:00,698.65,698.66,697.95,697.95,652.66
2026-08-30 21:00:00,697.95,697.96,693.75,696.03,9252.45
2026-08-30 21:05:00,696.03,696.43,695.87,696.29,1155.4
2026-08-30 21:10:00,696.3,696.51,695.01,696.34,1347.51
2026-08-30 21:15:00,696.33,697.16,696.13,696.22,1088.34
2026-08-30 21:20:00,696.22,696.62,695.73,696.47,1282.94
2026-08-30 21:25:00,696.46,697.2,696.45,697.14,453.58
2026-08-30 21:30:00,697.14,697.87,697.05,697.87,1124.66
2026-08-30 21:35:00,697.86,697.93,697.19,697.29,580.68
2026-08-30 21:40:00,697.3,697.4,696.67,697.06,565.96
2026-08-30 21:45:00,697.07,697.2,696.53,696.54,505.74
2026-08-30 21:50:00,696.53,696.93,696.53,696.75,423.27
2026-08-30 21:55:00,696.75,697.31,696.74,697.3,390.17
2026-08-30 22:00:00,697.3,698.38,696.01,697.96,2727.68
2026-08-30 22:05:00,697.94,698.13,697.17,697.21,996.66
2026-08-30 22:10:00,697.21,697.21,695.84,695.96,1229.79
2026-08-30 22:15:00,695.96,695.99,694.83,695.81,1132.61
2026-08-30 22:20:00,695.8,695.8,694.56,694.94,1062.6
2026-08-30 22:25:00,694.94,694.94,694.23,694.71,1032.08
2026-08-30 22:30:00,694.71,694.71,692.54,693.81,3851.11
2026-08-30 22:35:00,693.81,694.72,693.76,694.72,995.99
2026-08-30 22:40:00,694.72,695.25,694.51,694.51,667.53
2026-08-30 22:45:00,694.51,694.56,693.72,693.92,1390.3
2026-08-30 22:50:00,693.92,693.95,693.37,693.93,726.86
2026-08-30 22:55:00,693.93,694.55,693.65,694.2,935.52
2026-08-30 23:00:00,694.19,694.19,693.13,693.34,1624.59
2026-08-30 23:05:00,693.34,693.93,693.25,693.69,957.61
2026-08-30 23:10:00,693.69,694.19,693.37,693.51,1153.65
2026-08-30 23:15:00,693.51,693.75,691.31,693.08,3869.47
2026-08-30 23:20:00,693.08,693.43,688.38,689.76,8216.59
2026-08-30 23:25:00,689.77,690.16,686.31,686.93,6669.92
2026-08-30 23:30:00,686.93,688.76,686.22,687.03,5235.33
2026-08-30 23:35:00,687.02,687.09,684.57,684.82,7861.86
2026-08-30 23:40:00,684.82,685.69,683.64,683.84,4897.57
2026-08-30 23:45:00,683.83,684.0,679.3,681.87,16315.3
2026-08-30 23:50:00,681.87,684.85,681.78,684.43,4777.7
2026-08-30 23:55:00,684.43,685.78,684.31,685.02,3592.02
2026-08-31 00:00:00,685.02,685.95,683.97,685.94,4363.98
2026-08-31 00:05:00,685.95,685.96,682.83,682.83,3094.45
2026-08-31 00:10:00,682.84,685.41,682.83,685.19,2219.08
2026-08-31 00:15:00,685.2,686.73,684.29,686.33,3256.09
2026-08-31 00:20:00,686.33,687.91,686.28,687.66,2576.89
2026-08-31 00:25:00,687.66,687.67,686.91,687.02,1052.14
2026-08-31 00:30:00,687.02,687.36,686.83,687.23,1073.14
2026-08-31 00:35:00,687.24,688.74,686.99,687.65,3356.21
2026-08-31 00:40:00,687.65,688.14,687.38,687.47,963.19
2026-08-31 00:45:00,687.48,687.48,686.67,686.85,1227.92
2026-08-31 00:50:00,686.86,687.69,686.7,687.53,736.73
2026-08-31 00:55:00,687.54,687.62,686.46,686.61,562.77
2026-08-31 01:00:00,686.61,686.95,685.25,685.46,2155.42
2026-08-31 01:05:00,685.45,685.63,684.08,684.43,1747.18
2026-08-31 01:10:00,684.42,684.99,684.03,684.85,1674.8
2026-08-31 01:15:00,684.84,685.84,684.21,685.84,1200.36
2026-08-31 01:20:00,685.84,686.25,685.0,686.01,1217.6
2026-08-31 01:25:00,686.02,686.15,685.53,685.77,693.14
2026-08-31 01:30:00,685.77,686.0,684.45,684.81,910.31
2026-08-31 01:35:00,684.81,686.64,684.52,685.8,1609.88
2026-08-31 01:40:00,685.79,686.0,684.53,684.67,746.04
2026-08-31 01:45:00,684.66,685.22,684.27,684.55,1273.42
2026-08-31 01:50:00,684.55,684.72,683.65,683.65,995.41
2026-08-31 01:55:00,683.66,683.89,682.81,683.22,1084.15
2026-08-31 02:00:00,683.21,683.37,682.55,683.26,1647.39
2026-08-31 02:05:00,683.26,684.24,683.15,684.04,1101.64
2026-08-31 02:10:00,684.04,686.07,684.04,685.74,1374.51
2026-08-31 02:15:00,685.73,685.8,684.95,685.12,1420.04
2026-08-31 02:20:00,685.12,685.37,684.88,684.89,738.59
2026-08-31 02:25:00,684.89,685.48,684.84,685.41,516.67
2026-08-31 02:30:00,685.41,685.68,684.66,684.68,740.94
2026-08-31 02:35:00,684.68,684.86,684.08,684.61,683.32
2026-08-31 02:40:00,684.61,684.8,684.2,684.2,482.95
2026-08-31 02:45:00,684.2,684.57,683.72,683.89,984.22
2026-08-31 02:50:00,683.9,684.24,682.59,682.77,1985.57
2026-08-31 02:55:00,682.77,683.63,682.53,683.63,1366.2
2026-08-31 03:00:00,683.62,685.12,683.16,684.74,1536.08
2026-08-31 03:05:00,684.75,684.97,684.0,684.95,837.18
2026-08-31 03:10:00,684.95,685.16,684.43,684.65,1364.92
2026-08-31 03:15:00,684.65,684.98,684.03,684.03,455.44
2026-08-31 03:20:00,684.03,685.27,683.93,685.27,861.6
2026-08-31 03:25:00,685.27,685.43,684.96,685.25,1119.4
2026-08-31 03:30:00,685.26,685.26,684.85,685.05,729.2
2026-08-31 03:35:00,685.06,686.0,685.06,685.9,872.49
2026-08-31 03:40:00,685.91,687.0,685.74,686.99,1305.1
2026-08-31 03:45:00,687.0,687.24,686.43,686.62,1204.38
2026-08-31 03:50:00,686.61,686.62,686.19,686.23,367.15
2026-08-31 03:55:00,686.23,686.27,685.55,685.67,539.97
2026-08-31 04:00:00,685.67,685.75,684.31,684.36,1251.53
2026-08-31 04:05:00,684.36,685.37,684.14,684.51,1141.17
2026-08-31 04:10:00,684.51,684.63,684.19,684.31,376.04
2026-08-31 04:15:00,684.31,684.32,683.57,683.76,945.32
2026-08-31 04:20:00,683.77,683.99,683.08,683.73,1062.12
2026-08-31 04:25:00,683.74,683.9,683.42,683.42,930.26
2026-08-31 04:30:00,683.43,683.85,683.4,683.63,436.47
2026-08-31 04:35:00,683.62,684.12,683.26,683.74,878.49
2026-08-31 04:40:00,683.74,684.03,683.4,683.68,933.49
2026-08-31 04:45:00,683.69,683.95,683.2,683.3,768.16
2026-08-31 04:50:00,683.29,684.09,683.2,684.09,616.13
2026-08-31 04:55:00,684.09,684.27,683.58,683.78,1416.88
2026-08-31 05:00:00,683.78,684.31,683.36,684.31,702.25
2026-08-31 05:05:00,684.31,684.74,684.21,684.6,1523.14
2026-08-31 05:10:00,684.59,685.15,684.38,684.85,762.31
2026-08-31 05:15:00,684.85,686.86,684.76,686.85,1791.06
2026-08-31 05:20:00,686.86,687.06,685.89,687.0,2761.92
2026-08-31 05:25:00,687.0,687.48,686.31,686.94,1310.84
2026-08-31 05:30:00,686.95,687.38,686.76,687.21,1083.29
2026-08-31 05:35:00,687.21,687.34,686.13,686.19,743.54
2026-08-31 05:40:00,686.19,687.06,686.01,686.95,1134.43
2026-08-31 05:45:00,686.94,687.29,686.84,687.07,789.2
2026-08-31 05:50:00,687.08,687.4,686.96,687.03,671.83
2026-08-31 05:55:00,687.02,687.48,686.63,686.97,4258.41
2026-08-31 06:00:00,686.96,687.37,686.53,687.2,863.68
2026-08-31 06:05:00,687.2,687.21,686.27,686.88,1046.24
2026-08-31 06:10:00,686.88,687.26,686.68,687.04,572.87
2026-08-31 06:15:00,687.04,688.53,687.02,687.7,2611.8
2026-08-31 06:20:00,687.7,687.7,686.65,686.77,1009.8
2026-08-31 06:25:00,686.77,687.55,686.76,687.05,524.79
2026-08-31 06:30:00,687.05,687.06,686.23,686.43,1139.83
2026-08-31 06:35:00,686.42,687.15,686.22,686.95,936.14
2026-08-31 06:40:00,686.94,687.24,686.68,686.68,1203.23
2026-08-31 06:45:00,686.67,687.38,686.57,687.11,698.17
2026-08-31 06:50:00,687.11,687.23,686.69,687.11,314.62
2026-08-31 06:55:00,687.11,687.22,686.75,686.81,701.99
2026-08-31 07:00:00,686.81,687.63,686.56,687.11,1210.82
2026-08-31 07:05:00,687.11,687.19,686.87,686.95,447.66
2026-08-31 07:10:00,686.94,687.49,686.94,687.35,902.18
2026-08-31 07:15:00,687.36,688.17,687.35,687.73,783.99
2026-08-31 07:20:00,687.72,688.19,687.7,688.19,677.52
2026-08-31 07:25:00,688.18,688.46,687.67,687.73,991.52
2026-08-31 07:30:00,687.74,687.79,687.06,687.51,1287.95
2026-08-31 07:35:00,687.51,688.06,687.5,688.06,1076.73
2026-08-31 07:40:00,688.06,688.06,687.5,687.83,519.79
2026-08-31 07:45:00,687.84,688.5,687.6,687.64,3512.06
2026-08-31 07:50:00,687.65,688.03,687.64,687.75,686.93
2026-08-31 07:55:00,687.76,687.79,685.44,687.07,4763.31
2026-08-31 08:00:00,687.07,687.07,685.94,685.94,1526.27
2026-08-31 08:05:00,685.94,686.23,685.13,686.1,2828.58
2026-08-31 08:10:00,686.1,687.33,686.0,686.42,1690.31
2026-08-31 08:15:00,686.42,686.68,685.5,685.51,1288.18
2026-08-31 08:20:00,685.5,685.58,685.09,685.24,1051.59
2026-08-31 08:25:00,685.23,686.11,685.17,685.92,827.99
2026-08-31 08:30:00,685.92,686.63,685.88,686.17,1236.0
2026-08-31 08:35:00,686.18,686.66,686.18,686.66,579.17
2026-08-31 08:40:00,686.66,688.5,686.53,687.51,2346.8
2026-08-31 08:45:00,687.52,687.78,686.51,687.39,1761.15
2026-08-31 08:50:00,687.39,687.91,687.06,687.74,774.41
2026-08-31 08:55:00,687.74,688.15,687.52,687.87,795.52
2026-08-31 09:00:00,687.88,688.26,687.87,687.89,809.0
2026-08-31 09:05:00,687.89,689.91,687.73,689.33,1807.54
2026-08-31 09:10:00,689.34,689.38,688.06,688.32,1376.1
2026-08-31 09:15:00,688.32,688.85,688.01,688.65,1732.84
2026-08-31 09:20:00,688.64,689.29,688.26,688.87,790.01
2026-08-31 09:25:00,688.86,689.09,688.13,688.39,837.07
2026-08-31 09:30:00,688.39,688.39,687.88,688.0,556.19
2026-08-31 09:35:00,688.0,688.1,687.4,688.01,969.28
2026-08-31 09:40:00,688.01,688.1,687.63,688.07,394.57
2026-08-31 09:45:00,688.07,688.65,687.91,687.99,952.35
2026-08-31 09:50:00,687.98,687.98,686.78,686.78,687.15
2026-08-31 09:55:00,686.79,686.84,686.47,686.6,641.97
2026-08-31 10:00:00,686.61,686.76,685.87,686.18,1064.36
2026-08-31 10:05:00,686.19,686.25,685.63,686.15,1286.19
2026-08-31 10:10:00,686.14,686.84,685.89,686.79,578.94
2026-08-31 10:15:00,686.79,686.84,686.0,686.26,1167.63
2026-08-31 10:20:00,686.25,686.45,686.2,686.23,400.23
2026-08-31 10:25:00,686.22,686.54,686.09,686.29,582.73
2026-08-31 10:30:00,686.29,686.46,686.06,686.46,416.73
2026-08-31 10:35:00,686.46,687.3,686.45,687.18,809.68
2026-08-31 10:40:00,687.18,687.78,687.11,687.67,1060.5
2026-08-31 10:45:00,687.67,688.0,687.63,687.98,536.82
2026-08-31 10:50:00,687.99,689.94,687.99,689.87,2197.89
2026-08-31 10:55:00,689.86,689.89,689.11,689.35,1422.97
2026-08-31 11:00:00,689.36,689.36,688.33,688.56,1710.31
2026-08-31 11:05:00,688.57,689.11,688.27,688.6,996.43
2026-08-31 11:10:00,688.6,689.15,688.57,688.64,431.47
2026-08-31 11:15:00,688.64,689.04,688.31,688.85,664.96
2026-08-31 11:20:00,688.84,688.85,688.18,688.32,438.74
2026-08-31 11:25:00,688.31,688.41,687.78,687.97,1305.66
2026-08-31 11:30:00,687.98,687.98,687.47,687.48,543.86
2026-08-31 11:35:00,687.47,687.56,687.03,687.53,866.73
2026-08-31 11:40:00,687.53,687.65,687.36,687.47,417.38
2026-08-31 11:45:00,687.47,687.69,687.33,687.42,362.87
2026-08-31 11:50:00,687.41,687.71,687.27,687.47,555.14
2026-08-31 11:55:00,687.47,687.62,687.33,687.42,364.2
2026-08-31 12:00:00,687.42,688.94,687.24,688.93,1117.0
2026-08-31 12:05:00,688.93,689.57,688.54,688.93,2303.25
2026-08-31 12:10:00,688.94,689.13,688.45,688.65,848.95
2026-08-31 12:15:00,688.65,689.57,687.92,689.4,1255.85
2026-08-31 12:20:00,689.39,689.39,688.09,688.15,1998.65
2026-08-31 12:25:00,688.16,688.16,686.86,687.66,2111.11
2026-08-31 12:30:00,687.66,687.66,686.53,687.46,1968.26
2026-08-31 12:35:00,687.46,687.56,686.06,686.25,1766.06
2026-08-31 12:40:00,686.24,686.42,684.51,686.31,3361.42
2026-08-31 12:45:00,686.31,686.72,685.79,685.79,1783.48
2026-08-31 12:50:00,685.79,686.57,685.79,685.91,1194.51
2026-08-31 12:55:00,685.9,686.62,685.59,686.55,1054.55
2026-08-31 13:00:00,686.56,687.77,686.42,686.46,1978.67
2026-08-31 13:05:00,686.47,686.85,686.37,686.55,1145.45
2026-08-31 13:10:00,686.55,687.22,686.49,687.17,473.22
2026-08-31 13:15:00,687.17,687.36,686.21,686.41,1082.79
2026-08-31 13:20:00,686.41,687.14,686.34,687.03,928.6
2026-08-31 13:25:00,687.03,687.06,686.17,686.96,1323.69
2026-08-31 13:30:00,686.96,687.99,685.91,686.55,2310.91
2026-08-31 13:35:00,686.54,687.19,685.54,686.93,1608.41
2026-08-31 13:40:00,686.92,688.0,686.58,686.68,1071.29
2026-08-31 13:45:00,686.69,687.4,685.93,686.57,1498.94
2026-08-31 13:50:00,686.56,686.88,685.59,685.98,1602.72
2026-08-31 13:55:00,685.98,686.72,685.39,685.79,878.27
2026-08-31 14:00:00,685.79,686.94,685.48,686.54,1706.82
2026-08-31 14:05:00,686.53,686.89,685.48,686.47,906.13
2026-08-31 14:10:00,686.46,686.6,685.56,685.79,1065.09
2026-08-31 14:15:00,685.79,686.77,685.15,686.77,796.56
2026-08-31 14:20:00,686.76,687.18,685.63,685.63,967.46
2026-08-31 14:25:00,685.62,686.85,685.24,686.85,640.78
2026-08-31 14:30:00,686.84,687.63,686.67,686.7,1070.98
2026-08-31 14:35:00,686.7,688.86,686.7,688.63,1806.77
2026-08-31 14:40:00,688.63,691.8,688.62,690.79,6177.56
2026-08-31 14:45:00,690.79,691.74,690.16,690.16,2777.15
2026-08-31 14:50:00,690.17,690.82,690.07,690.55,1916.59
2026-08-31 14:55:00,690.55,691.59,690.21,691.11,1622.69
2026-08-31 15:00:00,691.11,691.6,690.35,690.51,1707.62
2026-08-31 15:05:00,690.51,690.88,689.91,690.07,1254.58
2026-08-31 15:10:00,690.07,690.08,688.81,688.97,1669.87
2026-08-31 15:15:00,688.98,689.75,688.29,688.63,1786.05
2026-08-31 15:20:00,688.63,689.45,688.33,689.14,1377.36
2026-08-31 15:25:00,689.14,690.12,688.88,689.68,752.14
2026-08-31 15:30:00,689.67,690.54,689.24,689.93,937.13
2026-08-31 15:35:00,689.92,690.16,689.26,689.61,688.08
2026-08-31 15:40:00,689.61,691.44,689.51,691.12,1765.11
2026-08-31 15:45:00,691.11,691.38,690.5,690.82,1575.53
2026-08-31 15:50:00,690.81,690.96,690.11,690.35,799.39
2026-08-31 15:55:00,690.35,690.41,689.74,689.92,2131.97
2026-08-31 16:00:00,689.93,690.51,689.43,689.72,1017.17
2026-08-31 16:05:00,689.72,690.24,689.36,689.66,569.93
2026-08-31 16:10:00,689.66,690.73,689.54,690.02,1285.53
2026-08-31 16:15:00,690.02,690.03,688.94,689.75,1929.55
2026-08-31 16:20:00,689.76,689.76,688.41,688.54,1309.07
2026-08-31 16:25:00,688.55,688.97,688.4,688.95,1745.7
2026-08-31 16:30:00,688.96,689.44,688.83,689.26,962.87
2026-08-31 16:35:00,689.25,689.89,689.18,689.27,565.98
2026-08-31 16:40:00,689.27,690.37,689.22,690.15,805.71
2026-08-31 16:45:00,690.15,690.39,689.46,689.74,604.66
2026-08-31 16:50:00,689.74,690.36,689.6,690.14,519.24
2026-08-31 16:55:00,690.15,691.1,689.51,689.51,1043.62
2026-08-31 17:00:00,689.52,689.93,689.34,689.61,575.4
2026-08-31 17:05:00,689.62,689.93,689.47,689.72,385.0
2026-08-31 17:10:00,689.72,690.52,689.58,690.1,827.15
2026-08-31 17:15:00,690.1,690.2,689.06,689.71,1261.52
2026-08-31 17:20:00,689.71,690.27,689.62,689.66,674.43
2026-08-31 17:25:00,689.67,689.67,689.07,689.49,759.8
2026-08-31 17:30:00,689.49,690.08,689.45,689.84,1195.98
2026-08-31 17:35:00,689.84,690.88,689.59,690.87,809.72
2026-08-31 17:40:00,690.87,692.18,690.87,691.62,2010.62
2026-08-31 17:45:00,691.62,692.6,691.62,691.98,2088.59
2026-08-31 17:50:00,691.98,693.67,691.83,693.33,4745.15
2026-08-31 17:55:00,693.34,693.65,693.08,693.22,2083.83
2026-08-31 18:00:00,693.22,693.23,692.46,692.54,1005.9
2026-08-31 18:05:00,692.54,692.87,692.34,692.83,489.92
2026-08-31 18:10:00,692.83,693.55,692.66,693.53,545.09
2026-08-31 18:15:00,693.54,694.3,693.54,694.2,3165.55
2026-08-31 18:20:00,694.21,694.22,692.66,692.71,1233.17
2026-08-31 18:25:00,692.71,693.1,692.36,692.79,981.17
2026-08-31 18:30:00,692.79,693.08,692.56,692.96,389.2
2026-08-31 18:35:00,692.97,693.84,692.91,693.34,508.43
2026-08-31 18:40:00,693.33,694.85,693.11,694.71,2238.17
2026-08-31 18:45:00,694.72,694.72,693.26,693.9,1811.82
2026-08-31 18:50:00,693.9,693.94,693.34,693.4,492.54
2026-08-31 18:55:00,693.39,693.56,693.19,693.19,425.39
2026-08-31 19:00:00,693.2,693.76,693.19,693.6,456.7
2026-08-31 19:05:00,693.6,694.62,693.53,694.42,1288.3
2026-08-31 19:10:00,694.43,695.07,694.1,694.19,2135.73
2026-08-31 19:15:00,694.2,694.2,693.37,693.37,899.35
2026-08-31 19:20:00,693.37,693.58,692.98,693.49,1262.01
2026-08-31 19:25:00,693.49,693.51,692.21,692.75,2262.25
2026-08-31 19:30:00,692.76,692.82,692.38,692.74,805.56
2026-08-31 19:35:00,692.75,692.82,692.42,692.48,461.98
2026-08-31 19:40:00,692.49,692.49,691.85,692.34,511.55
2026-08-31 19:45:00,692.34,692.74,692.2,692.72,364.72
2026-08-31 19:50:00,692.72,693.0,691.85,691.98,756.85
2026-08-31 19:55:00,691.97,692.33,691.7,691.96,513.72
2026-08-31 20:00:00,691.97,692.5,691.87,692.0,395.48
2026-08-31 20:05:00,692.0,692.0,691.66,691.77,267.75
2026-08-31 20:10:00,691.78,691.99,691.54,691.99,215.51
2026-08-31 20:15:00,691.99,692.96,691.99,692.87,256.97
2026-08-31 20:20:00,692.86,693.38,692.43,692.53,550.83
2026-08-31 20:25:00,692.53,692.53,691.79,691.85,356.87
2026-08-31 20:30:00,691.86,692.23,690.57,690.91,2146.44
2026-08-31 20:35:00,690.91,691.09,690.6,690.87,1190.15
2026-08-31 20:40:00,690.87,691.7,690.87,691.47,576.72
2026-08-31 20:45:00,691.47,691.74,691.0,691.2,346.43
2026-08-31 20:50:00,691.19,691.63,691.1,691.57,455.91
2026-08-31 20:55:00,691.57,691.71,691.26,691.66,620.15
2026-08-31 21:00:00,691.67,691.71,690.96,691.36,690.31
2026-08-31 21:05:00,691.36,691.55,690.62,691.42,525.44
2026-08-31 21:10:00,691.42,691.42,690.89,691.11,537.39
2026-08-31 21:15:00,691.1,691.2,690.84,690.85,115.21
2026-08-31 21:20:00,690.84,691.24,690.84,691.22,483.04
2026-08-31 21:25:00,691.22,691.81,691.02,691.78,566.39
2026-08-31 21:30:00,691.78,692.41,691.69,692.16,818.17
2026-08-31 21:35:00,692.16,692.4,692.0,692.08,348.42
2026-08-31 21:40:00,692.08,692.91,692.08,692.82,1031.86
2026-08-31 21:45:00,692.81,693.14,692.8,693.13,663.83
2026-08-31 21:50:00,693.14,693.34,693.0,693.0,484.38
2026-08-31 21:55:00,693.0,693.17,692.96,692.97,343.43
2026-08-31 22:00:00,692.96,693.41,692.55,692.6,736.97
2026-08-31 22:05:00,692.61,692.97,692.51,692.96,234.81
2026-08-31 22:10:00,692.95,692.95,691.95,692.07,685.03
2026-08-31 22:15:00,692.07,692.11,691.71,691.73,384.5
2026-08-31 22:20:00,691.73,691.73,691.42,691.49,406.52
2026-08-31 22:25:00,691.48,691.62,691.46,691.48,273.68
2026-08-31 22:30:00,691.48,691.68,691.43,691.62,332.44
2026-08-31 22:35:00,691.62,691.62,691.27,691.39,288.03
2026-08-31 22:40:00,691.39,691.41,691.08,691.3,264.06
2026-08-31 22:45:00,691.3,691.3,691.1,691.11,163.4
2026-08-31 22:50:00,691.1,691.35,691.0,691.35,184.02
2026-08-31 22:55:00,691.34,691.46,691.23,691.45,206.31
2026-08-31 23:00:00,691.45,691.45,690.33,690.41,819.18
2026-08-31 23:05:00,690.42,691.18,690.42,691.18,380.45
2026-08-31 23:10:00,691.18,691.26,690.93,690.93,387.71
2026-08-31 23:15:00,690.93,691.2,690.85,691.2,249.52
2026-08-31 23:20:00,691.2,691.36,690.93,691.12,394.47
2026-08-31 23:25:00,691.13,691.26,691.12,691.24,212.4
2026-08-31 23:30:00,691.25,691.26,691.03,691.19,257.01
2026-08-31 23:35:00,691.2,691.64,691.2,691.49,1083.95
2026-08-31 23:40:00,691.49,691.59,691.19,691.27,663.7
2026-08-31 23:45:00,691.27,691.33,691.1,691.31,192.75
2026-08-31 23:50:00,691.32,691.53,691.31,691.35,237.52
2026-08-31 23:55:00,691.35,691.74,691.35,691.67,447.69
2026-09-01 00:00:00,691.67,691.86,691.44,691.84,678.62
2026-09-01 00:05:00,691.84,692.68,691.83,692.67,1227.9
2026-09-01 00:10:00,692.68,693.19,692.66,693.17,549.19
2026-09-01 00:15:00,693.17,693.69,693.01,693.66,615.28
2026-09-01 00:20:00,693.66,694.09,693.65,693.76,1000.96
2026-09-01 00:25:00,693.77,693.77,693.13,693.17,706.44
2026-09-01 00:30:00,693.17,693.38,692.54,693.05,780.6
2026-09-01 00:35:00,693.06,693.65,692.97,693.35,777.46
2026-09-01 00:40:00,693.35,693.67,693.03,693.44,1549.19
2026-09-01 00:45:00,693.45,694.3,693.45,694.29,550.73
2026-09-01 00:50:00,694.29,694.44,693.58,693.58,841.79
2026-09-01 00:55:00,693.58,693.7,693.11,693.61,1381.37
2026-09-01 01:00:00,693.62,694.34,693.46,693.93,963.63
2026-09-01 01:05:00,693.93,694.37,693.59,693.85,1309.7
2026-09-01 01:10:00,693.84,693.85,692.62,692.7,373.1
2026-09-01 01:15:00,692.71,693.12,692.4,692.97,1303.39
2026-09-01 01:20:00,692.97,693.01,692.65,692.99,378.42
2026-09-01 01:25:00,692.98,692.98,691.63,691.75,1093.93
2026-09-01 01:30:00,691.74,691.75,691.05,691.67,1518.24
2026-09-01 01:35:00,691.67,692.53,691.66,692.48,641.47
2026-09-01 01:40:00,692.47,693.17,692.47,693.09,393.12
2026-09-01 01:45:00,693.09,693.09,692.25,692.53,435.47
2026-09-01 01:50:00,692.52,692.65,691.84,691.9,467.96
2026-09-01 01:55:00,691.9,691.95,691.61,691.9,504.86
2026-09-01 02:00:00,691.9,691.9,690.88,691.28,633.43
2026-09-01 02:05:00,691.27,691.4,690.67,690.99,800.38
2026-09-01 02:10:00,691.0,691.31,690.42,691.2,2072.53
2026-09-01 02:15:00,691.2,691.2,690.76,691.19,461.83
2026-09-01 02:20:00,691.19,691.29,690.92,691.25,533.64
2026-09-01 02:25:00,691.26,691.42,690.7,690.77,2355.63
2026-09-01 02:30:00,690.76,691.57,690.72,691.31,1649.11
2026-09-01 02:35:00,691.32,691.53,691.2,691.25,543.11
2026-09-01 02:40:00,691.25,692.05,691.24,691.57,542.77
2026-09-01 02:45:00,691.57,692.32,691.54,692.15,579.85
2026-09-01 02:50:00,692.14,692.18,691.88,692.12,278.0
2026-09-01 02:55:00,692.13,692.8,692.12,692.78,628.49
2026-09-01 03:00:00,692.79,693.22,692.58,693.21,801.9
2026-09-01 03:05:00,693.21,693.34,692.82,692.93,456.79
2026-09-01 03:10:00,692.94,693.34,692.85,692.95,1095.01
2026-09-01 03:15:00,692.96,693.28,692.75,693.17,514.67
2026-09-01 03:20:00,693.16,693.17,692.8,692.8,185.37
2026-09-01 03:25:00,692.8,692.93,692.59,692.93,524.54
2026-09-01 03:30:00,692.93,694.37,692.92,694.36,1433.62
2026-09-01 03:35:00,694.37,695.23,694.36,694.82,2508.49
2026-09-01 03:40:00,694.83,694.93,694.38,694.38,1156.28
2026-09-01 03:45:00,694.39,694.39,693.85,693.97,463.64
2026-09-01 03:50:00,693.96,694.35,693.66,693.93,648.75
2026-09-01 03:55:00,693.92,694.05,693.82,693.85,316.08
2026-09-01 04:00:00,693.84,694.46,693.82,693.83,502.68
2026-09-01 04:05:00,693.83,693.85,693.45,693.85,491.92
2026-09-01 04:10:00,693.85,693.98,693.36,693.45,347.38
2026-09-01 04:15:00,693.45,693.88,693.4,693.63,432.46
2026-09-01 04:20:00,693.62,693.92,693.62,693.71,522.2
2026-09-01 04:25:00,693.71,694.4,693.68,693.92,640.13
2026-09-01 04:30:00,693.92,694.07,693.4,693.48,383.1
2026-09-01 04:35:00,693.49,693.49,693.18,693.18,274.02
2026-09-01 04:40:00,693.19,693.33,692.86,692.93,544.64
2026-09-01 04:45:00,692.93,693.24,692.91,693.23,278.47
2026-09-01 04:50:00,693.23,693.24,692.7,692.8,560.11
2026-09-01 04:55:00,692.8,692.91,692.4,692.61,611.72
2026-09-01 05:00:00,692.61,693.41,692.33,693.41,589.94
2026-09-01 05:05:00,693.42,693.9,693.26,693.4,1562.93
2026-09-01 05:10:00,693.39,693.39,692.5,692.5,412.5
2026-09-01 05:15:00,692.5,692.79,692.27,692.27,715.18
2026-09-01 05:20:00,692.27,692.27,691.69,691.78,727.46
2026-09-01 05:25:00,691.77,693.31,691.77,693.28,701.52
2026-09-01 05:30:00,693.28,693.86,693.14,693.62,587.8
2026-09-01 05:35:00,693.63,694.18,693.6,693.68,731.31
2026-09-01 05:40:00,693.68,694.62,693.33,694.21,1216.14
2026-09-01 05:45:00,694.22,694.22,693.56,694.09,655.66
2026-09-01 05:50:00,694.08,694.32,693.85,694.32,1313.6
2026-09-01 05:55:00,694.33,694.89,694.2,694.35,1299.48
2026-09-01 06:00:00,694.36,694.36,693.66,693.87,621.03
2026-09-01 06:05:00,693.86,693.87,692.92,693.04,936.48
2026-09-01 06:10:00,693.04,693.17,692.74,692.77,791.0
2026-09-01 06:15:00,692.77,692.78,691.8,691.82,1665.87
2026-09-01 06:20:00,691.82,691.96,690.95,691.23,1713.17
2026-09-01 06:25:00,691.23,691.58,691.05,691.29,1152.18
2026-09-01 06:30:00,691.29,691.8,691.29,691.47,1645.01
2026-09-01 06:35:00,691.48,691.52,691.02,691.35,533.29
2026-09-01 06:40:00,691.35,691.73,691.29,691.63,861.93
2026-09-01 06:45:00,691.64,691.83,691.21,691.42,1127.41
2026-09-01 06:50:00,691.42,691.44,690.85,690.92,958.0
2026-09-01 06:55:00,690.93,690.98,690.58,690.93,1073.05
2026-09-01 07:00:00,690.93,691.23,690.67,690.93,1021.34
2026-09-01 07:05:00,690.92,691.08,690.5,690.77,919.04
2026-09-01 07:10:00,690.76,690.83,690.35,690.46,1436.64
2026-09-01 07:15:00,690.46,690.64,690.06,690.54,1156.97
2026-09-01 07:20:00,690.54,690.68,690.14,690.3,896.97
2026-09-01 07:25:00,690.31,690.36,689.66,689.84,1937.94
2026-09-01 07:30:00,689.84,690.46,689.78,690.35,611.82
2026-09-01 07:35:00,690.35,690.51,689.32,689.52,1534.35
2026-09-01 07:40:00,689.53,690.33,689.3,690.32,1713.88
2026-09-01 07:45:00,690.33,690.73,690.2,690.73,717.86
2026-09-01 07:50:00,690.72,690.86,690.41,690.61,781.06
2026-09-01 07:55:00,690.61,690.9,690.57,690.87,394.52
2026-09-01 08:00:00,690.88,690.99,690.45,690.74,776.84
2026-09-01 08:05:00,690.75,691.1,688.95,689.13,2186.8
2026-09-01 08:10:00,689.14,689.56,688.9,689.38,958.27
2026-09-01 08:15:00,689.39,689.43,688.06,688.85,2425.29
2026-09-01 08:20:00,688.86,689.42,687.73,687.92,1850.44
2026-09-01 08:25:00,687.92,688.17,686.69,686.8,3344.1
2026-09-01 08:30:00,686.8,687.7,686.34,687.52,4210.48
2026-09-01 08:35:00,687.51,688.1,687.25,687.65,1626.56
2026-09-01 08:40:00,687.65,687.65,686.32,687.28,1626.23
2026-09-01 08:45:00,687.28,687.84,686.74,686.97,1152.35
2026-09-01 08:50:00,686.98,687.34,686.37,686.86,1190.74
2026-09-01 08:55:00,686.85,687.14,686.64,686.74,505.25
2026-09-01 09:00:00,686.74,687.05,686.22,686.84,1211.1
2026-09-01 09:05:00,686.84,687.12,686.02,686.88,1529.1
2026-09-01 09:10:00,686.88,687.23,686.69,686.8,1636.24
2026-09-01 09:15:00,686.8,686.8,685.82,686.55,7101.2
2026-09-01 09:20:00,686.54,686.86,686.11,686.7,1020.51
2026-09-01 09:25:00,686.7,686.85,686.4,686.72,867.63
2026-09-01 09:30:00,686.72,686.81,686.42,686.8,588.71
2026-09-01 09:35:00,686.79,686.8,686.11,686.16,1255.36
2026-09-01 09:40:00,686.16,687.25,685.9,687.11,1289.03
2026-09-01 09:45:00,687.12,687.12,686.46,686.55,590.09
2026-09-01 09:50:00,686.54,686.74,686.44,686.45,295.97
2026-09-01 09:55:00,686.45,686.62,686.44,686.45,312.13
2026-09-01 10:00:00,686.44,686.74,686.05,686.1,814.88
2026-09-01 10:05:00,686.1,686.42,686.0,686.22,710.8
2026-09-01 10:10:00,686.22,687.0,685.83,686.8,1293.02
2026-09-01 10:15:00,686.8,687.13,686.21,686.9,1540.58
2026-09-01 10:20:00,686.9,687.67,686.9,687.67,761.09
2026-09-01 10:25:00,687.66,687.73,687.31,687.69,721.32
2026-09-01 10:30:00,687.69,688.54,687.69,687.97,1459.47
2026-09-01 10:35:00,687.98,688.76,687.7,688.75,655.09
2026-09-01 10:40:00,688.75,688.95,688.3,688.3,663.63
2026-09-01 10:45:00,688.3,688.44,687.56,687.56,1331.98
2026-09-01 10:50:00,687.57,687.79,687.01,687.03,602.63
2026-09-01 10:55:00,687.03,687.26,686.82,687.01,443.11
2026-09-01 11:00:00,687.02,687.05,686.5,686.96,817.73
2026-09-01 11:05:00,686.96,686.96,686.27,686.55,473.29
2026-09-01 11:10:00,686.56,686.72,686.45,686.63,608.02
2026-09-01 11:15:00,686.64,687.0,686.59,686.68,478.1
2026-09-01 11:20:00,686.68,686.77,686.16,686.73,562.42
2026-09-01 11:25:00,686.74,687.02,686.66,686.91,298.2
2026-09-01 11:30:00,686.91,687.42,686.64,687.42,584.05
2026-09-01 11:35:00,687.41,688.2,687.41,688.19,785.63
2026-09-01 11:40:00,688.19,688.36,687.87,687.95,612.48
2026-09-01 11:45:00,687.94,688.0,687.59,687.61,349.29
2026-09-01 11:50:00,687.62,688.45,687.61,688.08,621.3
2026-09-01 11:55:00,688.08,688.09,687.28,687.69,734.82
2026-09-01 12:00:00,687.69,687.79,686.87,687.27,899.05
2026-09-01 12:05:00,687.26,687.63,686.97,687.17,619.76
2026-09-01 12:10:00,687.18,687.52,686.97,687.23,367.64
2026-09-01 12:15:00,687.24,687.48,686.74,686.77,439.75
2026-09-01 12:20:00,686.76,687.01,686.5,686.84,431.95
2026-09-01 12:25:00,686.83,687.31,686.83,687.25,523.22
2026-09-01 12:30:00,687.25,687.25,686.39,686.59,712.71
2026-09-01 12:35:00,686.58,686.58,685.16,685.67,1817.32
2026-09-01 12:40:00,685.66,686.84,685.1,686.84,1336.31
2026-09-01 12:45:00,686.85,687.83,686.74,687.18,915.63
2026-09-01 12:50:00,687.17,687.63,687.1,687.31,561.51
2026-09-01 12:55:00,687.31,687.57,687.0,687.0,558.79
2026-09-01 13:00:00,687.01,687.07,685.64,685.75,868.02
2026-09-01 13:05:00,685.76,686.49,683.6,685.6,4898.68
2026-09-01 13:10:00,685.59,686.43,685.37,686.1,1015.26
2026-09-01 13:15:00,686.1,686.85,685.91,686.17,1132.95
2026-09-01 13:20:00,686.17,686.42,685.95,686.06,392.53
2026-09-01 13:25:00,686.06,686.63,685.73,686.55,400.15
2026-09-01 13:30:00,686.55,687.46,686.41,686.43,1227.8
2026-09-01 13:35:00,686.42,686.84,684.16,684.74,3403.86
2026-09-01 13:40:00,684.74,686.83,684.34,686.35,2796.14
2026-09-01 13:45:00,686.35,687.71,686.0,687.27,1660.26
2026-09-01 13:50:00,687.27,687.83,686.76,687.2,1078.31
2026-09-01 13:55:00,687.2,687.52,686.84,687.52,842.66
2026-09-01 14:00:00,687.53,688.44,687.28,687.89,1885.85
2026-09-01 14:05:00,687.88,689.14,687.78,688.7,1398.22
2026-09-01 14:10:00,688.69,688.81,687.95,688.17,1118.7
2026-09-01 14:15:00,688.16,688.82,687.4,687.64,1078.5
2026-09-01 14:20:00,687.64,687.91,687.43,687.88,297.25
2026-09-01 14:25:00,687.89,688.84,687.66,687.74,910.69
2026-09-01 14:30:00,687.74,688.5,687.66,688.34,485.12
2026-09-01 14:35:00,688.33,688.56,688.09,688.24,491.25
2026-09-01 14:40:00,688.24,688.76,688.01,688.75,609.9
2026-09-01 14:45:00,688.75,689.07,688.56,688.56,559.35
2026-09-01 14:50:00,688.56,688.58,687.92,687.98,456.81
2026-09-01 14:55:00,687.99,687.99,687.41,687.65,799.23
2026-09-01 15:00:00,687.65,687.76,685.52,685.65,2064.05
2026-09-01 15:05:00,685.66,686.11,685.3,685.5,1810.97
2026-09-01 15:10:00,685.5,685.98,685.3,685.82,1026.04
2026-09-01 15:15:00,685.82,686.13,685.32,685.7,1225.82
2026-09-01 15:20:00,685.7,686.1,685.68,685.94,654.31
2026-09-01 15:25:00,685.94,686.53,685.73,686.43,594.65
2026-09-01 15:30:00,686.42,687.0,686.16,686.87,766.05
2026-09-01 15:35:00,686.87,687.1,686.69,686.89,319.7
2026-09-01 15:40:00,686.89,687.39,686.73,687.38,517.37
2026-09-01 15:45:00,687.37,687.5,687.15,687.5,586.25
2026-09-01 15:50:00,687.5,687.91,687.3,687.38,726.22
2026-09-01 15:55:00,687.38,687.5,687.06,687.09,495.73
2026-09-01 16:00:00,687.09,687.24,686.5,686.77,947.0
2026-09-01 16:05:00,686.77,687.23,686.34,686.34,971.89
2026-09-01 16:10:00,686.34,686.47,685.22,685.35,1038.36
2026-09-01 16:15:00,685.34,685.68,684.78,684.95,1248.24
2026-09-01 16:20:00,684.96,684.98,684.2,684.35,1793.87
2026-09-01 16:25:00,684.36,685.57,684.36,685.27,1050.77
2026-09-01 16:30:00,685.27,685.38,684.58,684.6,759.94
2026-09-01 16:35:00,684.6,685.11,682.83,685.02,4662.75
2026-09-01 16:40:00,685.01,685.02,683.93,684.07,2202.47
2026-09-01 16:45:00,684.06,684.63,683.99,684.47,527.36
2026-09-01 16:50:00,684.46,684.78,684.35,684.78,328.54
2026-09-01 16:55:00,684.78,684.84,684.23,684.3,1125.13
2026-09-01 17:00:00,684.3,684.7,684.12,684.13,808.71
2026-09-01 17:05:00,684.13,684.47,684.13,684.22,669.16
2026-09-01 17:10:00,684.23,684.61,684.1,684.29,970.56
2026-09-01 17:15:00,684.28,684.62,683.5,684.62,1183.56
2026-09-01 17:20:00,684.62,685.4,684.61,685.33,681.77
2026-09-01 17:25:00,685.32,685.39,684.71,685.23,627.51
2026-09-01 17:30:00,685.23,686.36,685.11,686.2,1554.25
2026-09-01 17:35:00,686.2,686.49,685.91,685.91,753.56
2026-09-01 17:40:00,685.9,686.26,685.69,685.69,471.16
2026-09-01 17:45:00,685.69,685.8,684.41,684.67,1095.29
2026-09-01 17:50:00,684.67,684.84,683.76,683.77,742.65
2026-09-01 17:55:00,683.77,683.89,683.07,683.24,1634.09
2026-09-01 18:00:00,683.24,683.61,682.66,682.95,1513.08
2026-09-01 18:05:00,682.94,683.12,681.95,682.2,1652.02
2026-09-01 18:10:00,682.2,682.42,681.7,682.11,1936.22
2026-09-01 18:15:00,682.11,682.31,680.85,681.34,2554.61
2026-09-01 18:20:00,681.34,681.68,681.13,681.36,1395.32
2026-09-01 18:25:00,681.36,681.36,678.8,680.0,6067.13
2026-09-01 18:30:00,680.0,680.03,678.74,679.14,3768.48
2026-09-01 18:35:00,679.14,679.25,676.48,677.13,5871.29
2026-09-01 18:40:00,677.14,677.81,675.51,675.61,6498.55
2026-09-01 18:45:00,675.61,677.96,675.0,677.95,5555.46
2026-09-01 18:50:00,677.96,679.58,677.91,679.04,3713.88
2026-09-01 18:55:00,679.04,679.9,678.88,679.9,1343.45
2026-09-01 19:00:00,679.9,681.2,679.64,681.2,2497.57
2026-09-01 19:05:00,681.2,681.25,680.0,680.22,1348.46
2026-09-01 19:10:00,680.21,680.65,679.98,680.33,1182.27
2026-09-01 19:15:00,680.32,681.09,679.99,680.63,1218.58
2026-09-01 19:20:00,680.64,681.67,680.45,681.04,1078.18
2026-09-01 19:25:00,681.05,681.9,680.94,681.67,696.16
2026-09-01 19:30:00,681.66,681.95,681.21,681.21,634.47
2026-09-01 19:35:00,681.22,681.36,680.79,680.79,509.1
2026-09-01 19:40:00,680.8,681.15,680.71,680.75,686.92
2026-09-01 19:45:00,680.74,680.89,679.91,680.1,1013.11
2026-09-01 19:50:00,680.09,680.21,679.72,679.77,376.6
2026-09-01 19:55:00,679.78,680.21,679.78,680.21,551.26
2026-09-01 20:00:00,680.2,680.51,679.62,679.84,1383.52
2026-09-01 20:05:00,679.84,680.73,679.79,679.89,616.21
2026-09-01 20:10:00,679.88,681.35,679.88,681.35,1247.85
2026-09-01 20:15:00,681.34,681.59,680.94,681.5,1120.54
2026-09-01 20:20:00,681.5,681.78,681.26,681.27,561.68
2026-09-01 20:25:00,681.27,681.36,680.66,681.22,1423.75
2026-09-01 20:30:00,681.23,681.32,680.84,680.89,457.95
2026-09-01 20:35:00,680.89,681.48,680.89,681.05,1197.13
2026-09-01 20:40:00,681.06,681.06,680.62,680.78,1075.69
2026-09-01 20:45:00,680.79,680.84,680.17,680.18,656.36
2026-09-01 20:50:00,680.17,681.05,680.17,681.05,787.55
2026-09-01 20:55:00,681.04,681.57,681.04,681.42,385.79
2026-09-01 21:00:00,681.42,682.07,681.04,681.45,1991.96
2026-09-01 21:05:00,681.45,681.46,680.06,680.06,1858.4
2026-09-01 21:10:00,680.06,680.06,678.57,679.03,1450.88
2026-09-01 21:15:00,679.02,679.15,677.97,678.96,1515.53
2026-09-01 21:20:00,678.95,681.42,678.95,681.02,4482.91
2026-09-01 21:25:00,681.02,681.36,680.64,680.84,541.13
2026-09-01 21:30:00,680.85,680.85,679.81,679.81,857.11
2026-09-01 21:35:00,679.82,680.41,679.65,680.41,478.88
2026-09-01 21:40:00,680.42,680.93,680.42,680.42,501.87
2026-09-01 21:45:00,680.43,681.21,680.42,681.14,427.78
2026-09-01 21:50:00,681.14,681.46,680.96,681.2,260.66
2026-09-01 21:55:00,681.19,681.47,680.94,681.16,409.62
2026-09-01 22:00:00,681.16,681.74,680.84,681.48,822.29
2026-09-01 22:05:00,681.47,681.75,680.94,681.75,595.34
2026-09-01 22:10:00,681.76,681.91,681.43,681.43,321.1
2026-09-01 22:15:00,681.43,681.43,680.94,681.17,482.77
2026-09-01 22:20:00,681.17,681.17,680.31,680.8,744.98
2026-09-01 22:25:00,680.79,680.79,680.15,680.15,424.65
2026-09-01 22:30:00,680.15,680.52,679.79,679.87,760.92
2026-09-01 22:35:00,679.88,680.35,679.88,679.97,618.87
2026-09-01 22:40:00,679.96,680.27,679.64,680.04,542.88
2026-09-01 22:45:00,680.04,681.47,680.04,681.46,506.75
2026-09-01 22:50:00,681.47,681.93,681.34,681.36,895.09
2026-09-01 22:55:00,681.36,681.55,681.29,681.46,283.94
2026-09-01 23:00:00,681.46,681.64,680.94,680.94,987.63
2026-09-01 23:05:00,680.94,681.94,680.89,681.91,645.26
2026-09-01 23:10:00,681.91,681.91,681.46,681.51,450.32
2026-09-01 23:15:00,681.51,681.84,681.4,681.73,423.24
2026-09-01 23:20:00,681.72,681.78,681.16,681.44,336.48
2026-09-01 23:25:00,681.43,682.16,681.19,682.15,775.5
2026-09-01 23:30:00,682.15,683.4,682.0,683.15,1775.07
2026-09-01 23:35:00,683.16,684.42,683.16,683.81,4848.89
2026-09-01 23:40:00,683.81,684.14,683.76,683.76,683.52
2026-09-01 23:45:00,683.76,684.21,683.47,684.11,1080.7
2026-09-01 23:50:00,684.11,684.19,683.36,683.62,1129.58
2026-09-01 23:55:00,683.62,683.63,683.33,683.35,309.61
2026-09-02 00:00:00,683.35,684.24,683.28,684.12,1694.58
2026-09-02 00:05:00,684.12,686.19,684.08,686.07,2093.47
2026-09-02 00:10:00,686.07,687.7,685.51,686.23,5688.89
2026-09-02 00:15:00,686.23,686.68,685.87,685.94,1224.16
2026-09-02 00:20:00,685.94,686.43,685.33,685.88,1012.35
2026-09-02 00:25:00,685.88,685.88,682.43,683.63,6087.38
2026-09-02 00:30:00,683.63,685.37,683.2,684.57,2648.1
2026-09-02 00:35:00,684.57,685.72,683.94,685.6,3045.22
2026-09-02 00:40:00,685.6,685.6,684.42,684.82,1519.58
2026-09-02 00:45:00,684.82,685.37,684.45,685.37,1409.31
2026-09-02 00:50:00,685.37,685.47,684.53,684.62,757.26
2026-09-02 00:55:00,684.62,685.46,684.22,684.23,1185.0
2026-09-02 01:00:00,684.23,684.67,684.08,684.22,664.01
2026-09-02 01:05:00,684.23,684.33,683.52,683.94,1024.38
2026-09-02 01:10:00,683.95,685.37,683.93,685.06,1081.04
2026-09-02 01:15:00,685.05,685.42,684.25,684.97,788.83
2026-09-02 01:20:00,684.96,685.39,684.52,685.29,778.36
2026-09-02 01:25:00,685.3,685.32,683.84,683.89,735.78
2026-09-02 01:30:00,683.9,684.41,683.46,683.56,688.57
2026-09-02 01:35:00,683.56,683.56,682.37,682.37,1438.77
2026-09-02 01:40:00,682.37,682.74,681.53,681.96,2268.36
2026-09-02 01:45:00,681.95,682.55,681.05,681.06,1490.02
2026-09-02 01:50:00,681.06,681.06,679.97,680.69,3180.98
2026-09-02 01:55:00,680.69,682.99,680.61,682.93,1246.52
2026-09-02 02:00:00,682.92,683.06,682.07,682.19,1480.29
2026-09-02 02:05:00,682.2,684.41,681.79,683.32,3475.85
2026-09-02 02:10:00,683.32,684.21,682.96,683.7,908.77
2026-09-02 02:15:00,683.7,684.53,683.62,684.38,1089.57
2026-09-02 02:20:00,684.38,685.25,684.37,685.12,1068.24
2026-09-02 02:25:00,685.11,685.8,684.69,685.72,1323.26
2026-09-02 02:30:00,685.73,685.73,685.01,685.68,796.17
2026-09-02 02:35:00,685.68,685.71,685.11,685.52,1497.53
2026-09-02 02:40:00,685.52,685.76,685.2,685.75,1034.86
2026-09-02 02:45:00,685.75,685.82,685.51,685.81,502.79
2026-09-02 02:50:00,685.82,685.85,685.4,685.85,1022.29
2026-09-02 02:55:00,685.85,686.03,685.71,685.78,1051.21
2026-09-02 03:00:00,685.79,686.7,685.58,686.7,1263.1
2026-09-02 03:05:00,686.7,688.03,686.6,687.99,4343.55
2026-09-02 03:10:00,687.99,689.0,687.99,688.26,3013.27
2026-09-02 03:15:00,688.26,689.07,687.89,688.49,1672.95
2026-09-02 03:20:00,688.48,688.81,688.48,688.59,787.59
2026-09-02 03:25:00,688.6,690.0,688.54,688.93,2954.57
2026-09-02 03:30:00,688.94,689.0,687.9,688.08,4041.59
2026-09-02 03:35:00,688.08,689.03,687.8,689.03,1347.11
2026-09-02 03:40:00,689.04,689.07,687.95,688.11,880.68
2026-09-02 03:45:00,688.12,688.72,688.11,688.38,570.44
2026-09-02 03:50:00,688.37,688.37,687.5,687.62,1595.27
2026-09-02 03:55:00,687.63,687.89,687.46,687.83,870.95
2026-09-02 04:00:00,687.83,687.91,687.5,687.68,858.93
2026-09-02 04:05:00,687.68,687.72,687.06,687.1,1091.02
2026-09-02 04:10:00,687.09,687.17,686.5,686.9,2236.92
2026-09-02 04:15:00,686.9,687.1,686.27,687.03,943.72
2026-09-02 04:20:00,687.03,687.28,686.79,686.97,815.57
2026-09-02 04:25:00,686.97,687.14,686.65,686.97,1390.3
2026-09-02 04:30:00,686.98,687.46,686.95,687.45,1506.4
2026-09-02 04:35:00,687.45,687.78,687.28,687.78,1452.19
2026-09-02 04:40:00,687.78,687.79,687.39,687.64,661.79
2026-09-02 04:45:00,687.65,687.8,687.4,687.54,943.69
2026-09-02 04:50:00,687.54,688.06,687.54,687.92,1050.74
2026-09-02 04:55:00,687.91,688.09,687.71,688.04,815.71
2026-09-02 05:00:00,688.04,688.06,686.89,687.02,1665.07
2026-09-02 05:05:00,687.01,687.17,686.71,687.05,776.07
2026-09-02 05:10:00,687.05,688.4,687.05,688.24,1365.98
2026-09-02 05:15:00,688.24,688.93,688.18,688.68,2307.18
2026-09-02 05:20:00,688.68,689.64,688.68,689.46,2019.16
2026-09-02 05:25:00,689.47,690.03,689.29,689.87,1081.74
2026-09-02 05:30:00,689.86,689.89,689.03,689.03,1807.01
2026-09-02 05:35:00,689.04,689.27,688.89,689.03,1225.0
2026-09-02 05:40:00,689.03,689.28,688.94,689.12,448.69
2026-09-02 05:45:00,689.13,689.79,689.12,689.74,692.93
2026-09-02 05:50:00,689.75,689.75,689.42,689.43,442.97
2026-09-02 05:55:00,689.42,689.42,688.52,689.41,1678.03
2026-09-02 06:00:00,689.42,689.81,689.3,689.31,1385.95
2026-09-02 06:05:00,689.31,689.64,689.26,689.33,675.94
2026-09-02 06:10:00,689.33,689.39,688.66,688.86,1752.98
2026-09-02 06:15:00,688.87,689.02,688.34,688.43,890.55
2026-09-02 06:20:00,688.43,688.65,687.55,687.6,4592.79
2026-09-02 06:25:00,687.61,688.18,687.27,687.41,3067.69
2026-09-02 06:30:00,687.41,687.79,687.2,687.72,703.92
2026-09-02 06:35:00,687.71,688.14,687.58,688.1,470.9
2026-09-02 06:40:00,688.09,688.68,688.09,688.38,688.79
2026-09-02 06:45:00,688.37,688.5,688.23,688.24,345.71
2026-09-02 06:50:00,688.24,688.51,687.91,688.22,935.31
2026-09-02 06:55:00,688.22,688.68,688.01,688.57,1120.47
2026-09-02 07:00:00,688.57,688.86,688.46,688.73,615.52
2026-09-02 07:05:00,688.73,688.79,688.47,688.67,410.66
2026-09-02 07:10:00,688.67,689.55,688.67,689.1,1350.2
2026-09-02 07:15:00,689.1,689.17,688.57,688.67,450.43
2026-09-02 07:20:00,688.66,688.97,688.61,688.74,295.57
2026-09-02 07:25:00,688.73,688.83,688.48,688.71,623.53
2026-09-02 07:30:00,688.71,689.07,688.71,688.87,418.42
2026-09-02 07:35:00,688.87,689.05,688.86,688.96,224.97
2026-09-02 07:40:00,688.95,689.12,688.77,688.77,364.76
2026-09-02 07:45:00,688.78,688.93,688.46,688.55,724.01
2026-09-02 07:50:00,688.54,688.71,688.06,688.07,420.62
2026-09-02 07:55:00,688.07,688.36,687.92,688.04,911.04
2026-09-02 08:00:00,688.03,688.17,687.43,688.14,823.02
2026-09-02 08:05:00,688.15,688.44,688.14,688.16,380.61
2026-09-02 08:10:00,688.16,688.16,687.62,687.81,553.59
2026-09-02 08:15:00,687.8,687.95,687.48,687.48,568.25
2026-09-02 08:20:00,687.48,687.48,686.94,687.04,860.28
2026-09-02 08:25:00,687.03,687.27,686.74,686.75,492.63
2026-09-02 08:30:00,686.76,686.79,685.66,685.8,1976.12
2026-09-02 08:35:00,685.8,686.34,685.65,685.89,841.69
2026-09-02 08:40:00,685.89,685.89,684.85,684.98,1896.0
2026-09-02 08:45:00,684.98,685.54,684.29,684.36,3079.8
2026-09-02 08:50:00,684.35,684.4,683.45,683.52,2690.73
2026-09-02 08:55:00,683.52,684.01,683.29,683.92,1340.86
2026-09-02 09:00:00,683.92,685.51,683.92,685.45,2493.87
2026-09-02 09:05:00,685.45,685.75,685.45,685.75,1207.32
2026-09-02 09:10:00,685.74,685.84,685.52,685.53,855.61
2026-09-02 09:15:00,685.52,685.58,684.87,685.29,1179.58
2026-09-02 09:20:00,685.28,686.99,684.5,685.49,3340.53
2026-09-02 09:25:00,685.49,686.38,685.49,686.37,1711.96
2026-09-02 09:30:00,686.37,686.39,683.73,684.01,3039.95
2026-09-02 09:35:00,684.0,684.06,682.75,683.2,2713.46
2026-09-02 09:40:00,683.21,683.81,682.3,682.55,2811.48
2026-09-02 09:45:00,682.55,683.67,682.05,683.47,1923.5
2026-09-02 09:50:00,683.47,683.82,683.37,683.47,834.47
2026-09-02 09:55:00,683.48,683.89,683.47,683.89,696.16
2026-09-02 10:00:00,683.89,683.98,683.03,683.15,1176.05
2026-09-02 10:05:00,683.15,683.28,682.42,682.74,1351.14
2026-09-02 10:10:00,682.73,683.17,682.28,683.11,839.72
2026-09-02 10:15:00,683.11,684.35,683.06,684.21,1519.5
2026-09-02 10:20:00,684.22,684.31,683.73,683.77,1033.27
2026-09-02 10:25:00,683.78,683.97,683.45,683.47,656.54
2026-09-02 10:30:00,683.46,683.67,682.43,683.0,1157.0
2026-09-02 10:35:00,683.0,683.6,682.63,682.69,624.28
2026-09-02 10:40:00,682.69,683.26,682.4,683.26,625.85
2026-09-02 10:45:00,683.25,683.25,681.55,681.82,1581.34
2026-09-02 10:50:00,681.82,682.28,680.63,682.11,3045.66
2026-09-02 10:55:00,682.11,683.43,681.86,683.33,1233.26
2026-09-02 11:00:00,683.32,683.41,681.78,681.81,954.86
2026-09-02 11:05:00,681.82,683.36,681.62,683.17,1280.08
2026-09-02 11:10:00,683.17,683.37,682.54,683.37,821.75
2026-09-02 11:15:00,683.37,683.54,682.32,682.32,658.27
2026-09-02 11:20:00,682.33,682.5,681.34,681.58,1816.25
2026-09-02 11:25:00,681.58,682.39,681.29,682.35,998.53
2026-09-02 11:30:00,682.34,684.26,682.33,684.25,1447.46
2026-09-02 11:35:00,684.25,684.59,684.03,684.45,973.54
2026-09-02 11:40:00,684.44,684.55,683.8,683.95,939.21
2026-09-02 11:45:00,683.94,683.98,683.36,683.58,773.41
2026-09-02 11:50:00,683.57,683.99,683.39,683.75,712.58
2026-09-02 11:55:00,683.75,684.27,683.48,684.21,687.08
2026-09-02 12:00:00,684.21,684.21,683.23,683.43,741.2
2026-09-02 12:05:00,683.44,684.1,683.27,683.75,598.71
2026-09-02 12:10:00,683.75,684.25,683.74,684.11,619.54
2026-09-02 12:15:00,684.11,684.86,683.57,684.33,1179.74
2026-09-02 12:20:00,684.33,685.96,684.07,685.63,1652.31
2026-09-02 12:25:00,685.63,685.79,685.52,685.54,676.44
2026-09-02 12:30:00,685.54,685.55,684.86,684.89,1007.84
2026-09-02 12:35:00,684.88,684.94,684.17,684.3,584.46
2026-09-02 12:40:00,684.31,684.72,684.26,684.51,408.5
2026-09-02 12:45:00,684.51,684.52,683.96,684.0,421.46
2026-09-02 12:50:00,684.0,684.04,683.54,683.55,516.94
2026-09-02 12:55:00,683.54,683.63,683.27,683.52,655.16
2026-09-02 13:00:00,683.52,684.83,683.51,684.67,985.13
2026-09-02 13:05:00,684.68,685.31,684.68,684.9,565.35
2026-09-02 13:10:00,684.9,684.91,684.29,684.29,499.55
2026-09-02 13:15:00,684.3,685.03,684.25,684.7,460.24
2026-09-02 13:20:00,684.69,684.84,684.21,684.83,363.37
2026-09-02 13:25:00,684.83,685.56,684.53,685.26,675.83
2026-09-02 13:30:00,685.27,685.27,684.56,684.92,1267.86
2026-09-02 13:35:00,684.92,684.93,683.98,684.61,1080.43
2026-09-02 13:40:00,684.61,689.38,684.58,689.35,5768.03
2026-09-02 13:45:00,689.35,689.97,687.21,687.45,5467.67
2026-09-02 13:50:00,687.45,688.49,687.18,687.52,1329.84
2026-09-02 13:55:00,687.53,688.0,686.69,687.88,1559.45
2026-09-02 14:00:00,687.88,688.54,687.27,687.91,2041.75
2026-09-02 14:05:00,687.9,689.13,687.72,688.22,2388.69
2026-09-02 14:10:00,688.22,688.91,688.15,688.9,1729.47
2026-09-02 14:15:00,688.9,689.29,688.08,688.4,2065.96
2026-09-02 14:20:00,688.41,689.74,688.31,688.39,1527.76
2026-09-02 14:25:00,688.4,688.62,687.59,688.49,1288.99
2026-09-02 14:30:00,688.48,688.48,686.52,687.5,2358.52
2026-09-02 14:35:00,687.49,687.84,687.22,687.69,1076.59
2026-09-02 14:40:00,687.69,688.87,687.65,688.65,1216.69
2026-09-02 14:45:00,688.65,688.7,687.68,687.89,921.82
2026-09-02 14:50:00,687.88,688.1,686.81,687.02,1378.06
2026-09-02 14:55:00,687.03,687.6,686.5,686.51,720.26
2026-09-02 15:00:00,686.51,687.64,685.3,686.7,2811.91
2026-09-02 15:05:00,686.7,687.09,685.37,685.69,1594.17
2026-09-02 15:10:00,685.68,685.69,684.21,684.56,1943.81
2026-09-02 15:15:00,684.57,686.67,684.57,686.48,1654.7
2026-09-02 15:20:00,686.48,686.58,685.19,685.55,1043.35
2026-09-02 15:25:00,685.54,686.68,685.45,686.32,885.78
2026-09-02 15:30:00,686.33,687.66,685.8,687.5,1258.06
2026-09-02 15:35:00,687.49,687.94,687.06,687.14,771.45
2026-09-02 15:40:00,687.14,688.38,686.77,688.37,2105.02
2026-09-02 15:45:00,688.37,688.4,686.95,687.15,1961.96
2026-09-02 15:50:00,687.15,687.41,686.83,687.41,631.9
2026-09-02 15:55:00,687.41,688.09,687.41,688.02,570.62
2026-09-02 16:00:00,688.02,688.4,687.6,688.39,1174.63
2026-09-02 16:05:00,688.4,688.51,687.61,688.22,1344.17
2026-09-02 16:10:00,688.21,688.73,688.05,688.43,1294.28
2026-09-02 16:15:00,688.44,689.09,688.19,689.0,904.44
2026-09-02 16:20:00,689.0,689.48,688.7,689.3,1821.08
2026-09-02 16:25:00,689.29,689.3,688.39,688.7,1482.56
2026-09-02 16:30:00,688.7,689.21,688.42,688.54,1429.49
2026-09-02 16:35:00,688.53,688.53,688.01,688.24,2496.76
2026-09-02 16:40:00,688.23,688.24,687.27,687.28,3122.13
2026-09-02 16:45:00,687.27,687.74,687.12,687.4,3230.17
2026-09-02 16:50:00,687.39,687.39,687.06,687.18,519.08
2026-09-02 16:55:00,687.17,687.27,686.55,686.58,945.92
2026-09-02 17:00:00,686.59,687.08,686.31,686.48,1459.88
2026-09-02 17:05:00,686.48,686.76,685.61,685.87,1943.86
2026-09-02 17:10:00,685.87,686.42,685.69,686.11,776.99
2026-09-02 17:15:00,686.11,686.31,685.34,685.69,1671.92
2026-09-02 17:20:00,685.68,685.82,685.05,685.7,878.38
2026-09-02 17:25:00,685.7,686.09,685.64,686.09,462.89
2026-09-02 17:30:00,686.09,687.15,686.04,686.95,713.08
2026-09-02 17:35:00,686.95,686.95,686.43,686.58,808.93
2026-09-02 17:40:00,686.59,687.4,686.54,687.4,739.79
2026-09-02 17:45:00,687.4,688.35,687.4,688.07,859.23
2026-09-02 17:50:00,688.07,688.23,687.58,687.69,968.87
2026-09-02 17:55:00,687.69,688.27,687.52,688.17,596.88
2026-09-02 18:00:00,688.18,688.19,687.48,687.61,1150.89
2026-09-02 18:05:00,687.6,687.95,687.35,687.95,964.07
2026-09-02 18:10:00,687.95,688.01,687.35,687.59,668.5
2026-09-02 18:15:00,687.58,688.37,687.45,687.93,1004.09
2026-09-02 18:20:00,687.94,688.09,687.46,687.79,698.13
2026-09-02 18:25:00,687.81,688.01,687.16,687.36,1328.92
2026-09-02 18:30:00,687.35,687.9,687.33,687.42,1234.65
2026-09-02 18:35:00,687.42,687.53,686.97,686.97,687.57
2026-09-02 18:40:00,686.97,687.68,686.68,686.75,1797.53
2026-09-02 18:45:00,686.75,687.07,686.37,687.07,1810.53
2026-09-02 18:50:00,687.06,687.51,687.06,687.5,1096.71
2026-09-02 18:55:00,687.51,687.66,687.27,687.5,624.19
2026-09-02 19:00:00,687.5,687.51,687.17,687.39,638.76
2026-09-02 19:05:00,687.38,687.89,687.32,687.8,831.72
2026-09-02 19:10:00,687.8,688.19,687.71,687.91,1327.73
2026-09-02 19:15:00,687.9,688.02,686.64,687.12,1165.79
2026-09-02 19:20:00,687.11,687.28,686.8,686.84,442.37
2026-09-02 19:25:00,686.85,686.85,686.0,686.01,633.87
2026-09-02 19:30:00,686.0,686.32,685.82,685.96,975.73
2026-09-02 19:35:00,685.96,686.1,685.79,686.1,414.2
2026-09-02 19:40:00,686.11,686.54,686.1,686.34,1229.06
2026-09-02 19:45:00,686.34,686.45,686.11,686.22,288.6
2026-09-02 19:50:00,686.21,686.64,686.2,686.27,514.11
2026-09-02 19:55:00,686.28,686.99,686.0,686.99,513.7
2026-09-02 20:00:00,687.0,687.94,686.9,687.93,1056.86
2026-09-02 20:05:00,687.92,688.32,687.62,687.71,1088.68
2026-09-02 20:10:00,687.71,687.88,687.23,687.68,496.1
2026-09-02 20:15:00,687.68,687.68,686.58,687.05,980.13
2026-09-02 20:20:00,687.06,688.37,687.05,688.27,652.27
2026-09-02 20:25:00,688.26,688.27,687.49,687.49,295.78
2026-09-02 20:30:00,687.49,688.11,687.38,688.1,644.92
2026-09-02 20:35:00,688.1,688.32,687.72,687.81,735.71
2026-09-02 20:40:00,687.81,687.81,687.0,687.43,363.49
2026-09-02 20:45:00,687.43,688.01,687.0,687.66,719.41
2026-09-02 20:50:00,687.65,688.26,687.65,687.8,448.48
2026-09-02 20:55:00,687.81,688.03,687.7,687.87,387.89
2026-09-02 21:00:00,687.87,688.37,687.73,688.16,491.75
2026-09-02 21:05:00,688.16,688.44,687.91,688.05,340.53
2026-09-02 21:10:00,688.06,688.3,688.05,688.13,190.77
2026-09-02 21:15:00,688.12,688.17,687.66,687.9,274.1
2026-09-02 21:20:00,687.91,688.46,687.9,688.44,361.31
2026-09-02 21:25:00,688.43,688.46,687.87,687.87,720.35
2026-09-02 21:30:00,687.87,688.18,687.6,687.71,396.55
2026-09-02 21:35:00,687.71,688.35,687.7,688.26,373.83
2026-09-02 21:40:00,688.27,688.88,688.25,688.45,1544.98
2026-09-02 21:45:00,688.44,688.45,687.8,687.82,990.36
2026-09-02 21:50:00,687.82,688.17,687.52,687.9,467.05
2026-09-02 21:55:00,687.9,688.31,687.48,687.55,327.23
2026-09-02 22:00:00,687.56,687.74,687.19,687.19,885.53
2026-09-02 22:05:00,687.19,687.2,686.74,686.74,456.53
2026-09-02 22:10:00,686.74,687.1,686.43,686.94,565.48
2026-09-02 22:15:00,686.93,687.06,686.41,686.49,548.56
2026-09-02 22:20:00,686.48,686.48,686.14,686.32,287.08
2026-09-02 22:25:00,686.32,686.32,685.87,686.1,570.04
2026-09-02 22:30:00,686.1,686.74,686.1,686.73,500.42
2026-09-02 22:35:00,686.74,687.06,686.66,687.03,222.95
2026-09-02 22:40:00,687.03,687.19,686.98,687.17,216.99
2026-09-02 22:45:00,687.17,687.17,686.67,686.85,385.72
2026-09-02 22:50:00,686.85,686.87,686.58,686.73,418.85
2026-09-02 22:55:00,686.72,686.73,686.53,686.6,157.97
2026-09-02 23:00:00,686.6,686.95,686.12,686.94,618.98
2026-09-02 23:05:00,686.93,687.93,686.93,687.92,502.38
2026-09-02 23:10:00,687.92,687.99,687.7,687.7,395.37
2026-09-02 23:15:00,687.7,687.71,687.08,687.22,1234.59
2026-09-02 23:20:00,687.23,687.27,687.02,687.17,301.01
2026-09-02 23:25:00,687.17,687.55,687.06,687.49,271.63
2026-09-02 23:30:00,687.5,688.01,687.46,687.5,348.5
2026-09-02 23:35:00,687.5,687.57,687.42,687.46,200.68
2026-09-02 23:40:00,687.46,687.47,687.24,687.29,214.53
2026-09-02 23:45:00,687.28,688.31,687.28,688.31,490.16
2026-09-02 23:50:00,688.31,688.83,688.3,688.58,533.58
2026-09-02 23:55:00,688.58,689.41,688.51,689.26,1539.78
2026-09-03 00:00:00,689.26,690.42,689.06,689.84,3053.11
2026-09-03 00:05:00,689.84,689.93,688.64,688.81,1018.25
2026-09-03 00:10:00,688.8,689.32,688.49,688.5,1192.78
2026-09-03 00:15:00,688.5,688.64,687.96,688.55,1091.65
2026-09-03 00:20:00,688.55,688.94,687.85,688.6,1078.16
2026-09-03 00:25:00,688.6,688.6,688.01,688.06,315.71
2026-09-03 00:30:00,688.07,688.29,687.1,687.1,1323.47
2026-09-03 00:35:00,687.11,688.16,687.1,687.93,1254.82
2026-09-03 00:40:00,687.93,688.25,687.87,687.93,400.87
2026-09-03 00:45:00,687.93,688.2,687.74,687.98,282.24
2026-09-03 00:50:00,687.98,688.3,687.92,688.15,280.45
2026-09-03 00:55:00,688.15,688.44,687.7,687.71,1201.61
2026-09-03 01:00:00,687.71,687.95,686.6,687.66,2103.31
2026-09-03 01:05:00,687.67,689.59,687.67,689.22,1240.5
2026-09-03 01:10:00,689.22,690.16,688.96,690.14,1145.67
2026-09-03 01:15:00,690.13,690.42,689.58,689.72,1035.42
2026-09-03 01:20:00,689.73,690.44,689.66,690.43,738.41
2026-09-03 01:25:00,690.44,691.66,690.23,691.54,1963.54
2026-09-03 01:30:00,691.55,691.79,691.02,691.78,2602.81
2026-09-03 01:35:00,691.78,692.0,690.85,691.39,3322.96
2026-09-03 01:40:00,691.38,692.53,691.38,691.42,2521.22
2026-09-03 01:45:00,691.42,691.42,690.82,690.93,1046.35
2026-09-03 01:50:00,690.93,691.74,690.57,691.11,1393.94
2026-09-03 01:55:00,691.1,691.41,690.51,690.52,847.51
2026-09-03 02:00:00,690.52,690.97,690.3,690.5,788.89
2026-09-03 02:05:00,690.5,690.86,690.2,690.51,782.4
2026-09-03 02:10:00,690.51,691.88,690.51,691.73,959.84
2026-09-03 02:15:00,691.73,691.84,691.38,691.48,447.4
2026-09-03 02:20:00,691.49,692.25,691.43,691.88,572.73
2026-09-03 02:25:00,691.88,692.56,691.54,692.47,1000.6
2026-09-03 02:30:00,692.48,694.32,692.24,694.31,3683.07
2026-09-03 02:35:00,694.31,694.48,693.22,693.76,2686.44
2026-09-03 02:40:00,693.76,694.54,693.66,694.4,1255.62
2026-09-03 02:45:00,694.41,694.73,693.96,694.61,1221.02
2026-09-03 02:50:00,694.6,695.4,694.24,695.27,2752.63
2026-09-03 02:55:00,695.26,695.37,694.54,694.61,812.17
2026-09-03 03:00:00,694.62,694.74,693.83,693.83,1794.69
2026-09-03 03:05:00,693.83,693.83,693.25,693.55,1214.47
2026-09-03 03:10:00,693.55,694.41,693.34,693.93,1160.78
2026-09-03 03:15:00,693.94,693.94,692.71,693.68,1617.82
2026-09-03 03:20:00,693.69,693.71,692.91,693.01,1076.53
2026-09-03 03:25:00,693.01,693.11,692.82,692.86,545.46
2026-09-03 03:30:00,692.87,693.19,692.65,693.05,1575.49
2026-09-03 03:35:00,693.06,693.1,692.55,692.55,643.16
2026-09-03 03:40:00,692.56,692.62,692.15,692.32,739.67
2026-09-03 03:45:00,692.33,692.77,692.18,692.77,409.18
2026-09-03 03:50:00,692.76,693.17,692.76,693.09,398.56
2026-09-03 03:55:00,693.09,693.12,692.88,693.02,236.83
2026-09-03 04:00:00,693.02,693.63,693.02,693.43,894.05
2026-09-03 04:05:00,693.42,694.32,693.25,694.31,1565.42
2026-09-03 04:10:00,694.31,694.62,693.01,693.1,3483.09
2026-09-03 04:15:00,693.11,693.17,692.38,692.43,1172.58
2026-09-03 04:20:00,692.44,692.93,692.28,692.86,760.22
2026-09-03 04:25:00,692.85,693.12,692.53,692.59,576.47
2026-09-03 04:30:00,692.59,693.28,692.59,692.82,618.77
2026-09-03 04:35:00,692.82,692.94,692.51,692.79,251.39
2026-09-03 04:40:00,692.8,692.8,692.42,692.63,484.64
2026-09-03 04:45:00,692.63,693.34,692.61,693.3,466.82
2026-09-03 04:50:00,693.31,695.05,693.31,695.01,1152.05
2026-09-03 04:55:00,695.02,695.26,694.48,695.2,1211.61
2026-09-03 05:00:00,695.21,695.26,694.43,694.47,1178.02
2026-09-03 05:05:00,694.48,694.64,694.08,694.11,1081.5
2026-09-03 05:10:00,694.12,694.41,693.39,693.6,1077.69
2026-09-03 05:15:00,693.6,693.88,692.97,693.34,1028.02
2026-09-03 05:20:00,693.34,693.34,690.74,691.57,2283.32
2026-09-03 05:25:00,691.56,691.57,690.16,691.26,2448.92
2026-09-03 05:30:00,691.26,692.44,691.01,692.33,1258.33
2026-09-03 05:35:00,692.32,693.48,692.32,693.38,924.21
2026-09-03 05:40:00,693.37,693.98,693.16,693.89,1257.73
2026-09-03 05:45:00,693.89,694.57,693.4,694.44,2018.02
2026-09-03 05:50:00,694.45,695.58,694.44,695.28,2760.3
2026-09-03 05:55:00,695.29,695.98,695.28,695.79,1365.22
2026-09-03 06:00:00,695.8,695.9,695.28,695.48,1981.47
2026-09-03 06:05:00,695.48,695.76,695.21,695.27,1120.73
2026-09-03 06:10:00,695.27,695.99,695.25,695.45,1392.14
2026-09-03 06:15:00,695.44,696.51,695.32,696.11,3061.54
2026-09-03 06:20:00,696.1,696.49,695.94,696.25,1106.37
2026-09-03 06:25:00,696.26,697.49,696.26,697.23,3239.09
2026-09-03 06:30:00,697.22,697.22,696.27,696.83,1274.75
2026-09-03 06:35:00,696.82,697.65,696.57,697.56,1261.37
2026-09-03 06:40:00,697.56,697.61,697.09,697.61,1820.1
2026-09-03 06:45:00,697.62,697.97,697.37,697.67,1553.85
2026-09-03 06:50:00,697.67,698.3,697.44,698.3,2748.54
2026-09-03 06:55:00,698.3,699.13,698.17,698.17,2575.91
2026-09-03 07:00:00,698.16,699.78,698.07,699.6,3765.97
2026-09-03 07:05:00,699.6,699.99,698.73,698.73,2920.77
2026-09-03 07:10:00,698.74,699.56,698.19,698.82,1330.19
2026-09-03 07:15:00,698.81,698.92,698.13,698.77,1736.31
2026-09-03 07:20:00,698.76,698.99,698.13,698.26,1169.46
2026-09-03 07:25:00,698.25,698.63,697.52,698.16,2215.94
2026-09-03 07:30:00,698.16,698.33,697.27,698.27,1449.98
2026-09-03 07:35:00,698.27,698.63,698.06,698.55,469.18
2026-09-03 07:40:00,698.56,699.54,698.5,698.86,1948.34
2026-09-03 07:45:00,698.86,699.23,697.77,697.77,1199.71
2026-09-03 07:50:00,697.78,698.16,697.42,697.63,1852.37
2026-09-03 07:55:00,697.64,698.59,697.41,698.41,1391.81
2026-09-03 08:00:00,698.41,700.58,698.41,700.46,3847.91
2026-09-03 08:05:00,700.46,702.15,700.46,701.0,5184.57
2026-09-03 08:10:00,701.0,702.31,701.0,701.95,2895.22
2026-09-03 08:15:00,701.95,702.33,701.68,702.21,1752.29
2026-09-03 08:20:00,702.2,703.36,701.85,703.18,4888.49
2026-09-03 08:25:00,703.18,703.45,702.12,703.4,2271.17
2026-09-03 08:30:00,703.4,703.74,702.78,703.27,2733.61
2026-09-03 08:35:00,703.27,703.27,702.43,702.43,2111.19
2026-09-03 08:40:00,702.43,702.66,701.53,702.18,2335.69
2026-09-03 08:45:00,702.19,702.45,701.3,701.4,2014.99
2026-09-03 08:50:00,701.4,701.99,701.26,701.73,1372.32
2026-09-03 08:55:00,701.74,702.0,701.53,701.62,910.44
2026-09-03 09:00:00,701.63,702.0,701.29,701.9,1299.44
2026-09-03 09:05:00,701.9,703.02,701.63,702.83,1423.9
2026-09-03 09:10:00,702.82,702.95,701.96,702.3,1602.04
2026-09-03 09:15:00,702.3,703.44,702.22,702.69,1160.37
2026-09-03 09:20:00,702.7,703.22,702.46,702.93,1392.31
2026-09-03 09:25:00,702.92,703.28,701.99,702.0,1599.96
2026-09-03 09:30:00,702.0,702.4,701.55,701.92,1505.06
2026-09-03 09:35:00,701.93,701.93,701.15,701.38,1187.67
2026-09-03 09:40:00,701.38,702.1,700.69,702.1,1742.06
2026-09-03 09:45:00,702.1,703.2,701.7,701.87,1951.06
2026-09-03 09:50:00,701.88,702.45,701.47,701.69,1152.29
2026-09-03 09:55:00,701.68,701.68,701.07,701.15,971.5
2026-09-03 10:00:00,701.14,702.43,700.84,702.34,1786.86
2026-09-03 10:05:00,702.34,703.2,702.13,703.06,2329.33
2026-09-03 10:10:00,703.07,703.07,701.23,702.01,3136.26
2026-09-03 10:15:00,702.01,703.9,701.64,703.86,3942.26
2026-09-03 10:20:00,703.87,705.3,703.87,703.96,7461.72
2026-09-03 10:25:00,703.96,703.96,703.13,703.35,1114.37
2026-09-03 10:30:00,703.36,703.36,702.16,702.24,1574.55
2026-09-03 10:35:00,702.24,702.65,701.38,702.32,1851.81
2026-09-03 10:40:00,702.32,702.94,702.03,702.84,1698.38
2026-09-03 10:45:00,702.84,703.52,702.72,703.08,1398.68
2026-09-03 10:50:00,703.08,705.59,703.05,705.27,2500.41
2026-09-03 10:55:00,705.27,706.52,705.05,705.75,3902.92
2026-09-03 11:00:00,705.75,707.52,705.32,706.62,9946.94
2026-09-03 11:05:00,706.62,706.65,705.32,706.28,2536.31
2026-09-03 11:10:00,706.29,706.7,706.0,706.69,2128.23
2026-09-03 11:15:00,706.7,710.0,706.7,709.45,11291.18
2026-09-03 11:20:00,709.45,710.11,708.42,709.57,4791.47
2026-09-03 11:25:00,709.58,712.84,709.5,712.32,9834.56
2026-09-03 11:30:00,712.32,713.95,711.68,712.67,6640.26
2026-09-03 11:35:00,712.68,712.68,709.92,711.13,8443.56
2026-09-03 11:40:00,711.13,714.22,710.81,714.21,6399.1
2026-09-03 11:45:00,714.22,716.24,713.02,714.24,14412.85
2026-09-03 11:50:00,714.25,716.0,711.45,712.05,13456.35
2026-09-03 11:55:00,712.05,713.05,711.57,711.91,3076.34
2026-09-03 12:00:00,711.92,713.0,711.75,712.14,3370.58
2026-09-03 12:05:00,712.13,712.8,711.37,712.62,2406.85
2026-09-03 12:10:00,712.61,712.74,710.94,711.21,3061.41
2026-09-03 12:15:00,711.22,711.7,711.1,711.5,2213.14
2026-09-03 12:20:00,711.5,712.75,711.12,712.63,1908.86
2026-09-03 12:25:00,712.62,712.62,711.7,711.71,1507.21
2026-09-03 12:30:00,711.72,715.27,711.2,714.66,7977.9
2026-09-03 12:35:00,714.66,715.88,713.61,714.95,5560.57
2026-09-03 12:40:00,714.94,715.32,712.34,713.69,3629.1
2026-09-03 12:45:00,713.69,714.82,713.51,714.27,1981.59
2026-09-03 12:50:00,714.27,715.18,713.93,714.9,2124.3
2026-09-03 12:55:00,714.9,715.46,713.82,714.15,3378.03
2026-09-03 13:00:00,714.15,715.23,713.15,714.38,3614.42
2026-09-03 13:05:00,714.37,714.46,712.96,712.96,2363.31
2026-09-03 13:10:00,712.96,713.3,712.45,712.73,1900.63
2026-09-03 13:15:00,712.73,713.04,712.25,713.03,1792.17
2026-09-03 13:20:00,713.02,713.34,712.49,713.1,1180.4
2026-09-03 13:25:00,713.11,713.11,711.64,712.09,4214.15
2026-09-03 13:30:00,712.1,713.56,711.66,713.02,2182.21
2026-09-03 13:35:00,713.01,713.29,709.0,711.86,10618.13
2026-09-03 13:40:00,711.86,713.12,711.69,712.37,4194.67
2026-09-03 13:45:00,712.36,713.03,712.02,712.34,2084.14
2026-09-03 13:50:00,712.34,712.91,711.88,711.94,1473.8
2026-09-03 13:55:00,711.94,712.83,711.41,712.07,2634.81
2026-09-03 14:00:00,712.08,712.8,711.4,712.71,2492.75
2026-09-03 14:05:00,712.72,713.49,712.28,713.44,2058.53
2026-09-03 14:10:00,713.45,714.04,712.93,713.88,1488.53
2026-09-03 14:15:00,713.88,714.9,713.88,714.4,1928.82
2026-09-03 14:20:00,714.4,716.15,714.4,715.89,3056.94
2026-09-03 14:25:00,715.9,717.75,715.7,717.44,8343.77
2026-09-03 14:30:00,717.44,720.0,716.65,719.56,13212.86
2026-09-03 14:35:00,719.56,720.12,718.34,719.0,8006.3
2026-09-03 14:40:00,719.0,720.2,718.48,719.28,4231.47
2026-09-03 14:45:00,719.27,722.52,719.27,721.9,11018.68
2026-09-03 14:50:00,721.9,722.5,719.91,722.38,8445.01
2026-09-03 14:55:00,722.38,723.2,721.0,722.86,8445.23
2026-09-03 15:00:00,722.86,724.53,722.1,722.58,14168.8
2026-09-03 15:05:00,722.59,722.72,720.95,721.05,6925.79
2026-09-03 15:10:00,721.05,721.42,719.27,720.13,6519.98
2026-09-03 15:15:00,720.13,720.5,718.85,719.18,3533.92
2026-09-03 15:20:00,719.19,720.55,718.76,720.41,3002.47
2026-09-03 15:25:00,720.4,720.46,719.3,719.42,1648.66
2026-09-03 15:30:00,719.42,720.63,719.14,720.31,2979.37
2026-09-03 15:35:00,720.31,721.0,719.88,720.75,2785.39
2026-09-03 15:40:00,720.75,721.85,720.66,720.83,2119.3
2026-09-03 15:45:00,720.83,721.5,720.49,721.49,2014.18
2026-09-03 15:50:00,721.49,724.99,721.49,724.89,6706.14
2026-09-03 15:55:00,724.9,728.86,724.69,728.33,15545.72
2026-09-03 16:00:00,728.34,728.92,723.87,724.06,8699.19
2026-09-03 16:05:00,724.07,724.93,722.39,724.4,9134.6
2026-09-03 16:10:00,724.4,724.55,722.23,722.23,5151.79
2026-09-03 16:15:00,722.22,722.39,720.54,720.79,5504.08
2026-09-03 16:20:00,720.79,721.38,720.18,720.3,2899.94
2026-09-03 16:25:00,720.31,720.54,719.28,720.18,3483.84
2026-09-03 16:30:00,720.17,722.14,720.13,722.14,3486.07
2026-09-03 16:35:00,722.14,722.15,721.01,721.4,1707.05
2026-09-03 16:40:00,721.4,721.89,720.98,721.7,2310.98
2026-09-03 16:45:00,721.7,723.17,721.54,722.97,2495.28
2026-09-03 16:50:00,722.97,723.2,722.42,723.12,1093.88
2026-09-03 16:55:00,723.13,723.35,722.5,722.5,941.01
2026-09-03 17:00:00,722.51,723.05,722.24,723.04,1173.75
2026-09-03 17:05:00,723.05,723.12,722.19,722.64,2559.62
2026-09-03 17:10:00,722.65,723.2,722.46,722.95,1467.09
2026-09-03 17:15:00,722.96,722.96,721.1,721.12,3834.63
2026-09-03 17:20:00,721.12,721.24,720.19,720.69,4284.15
2026-09-03 17:25:00,720.69,721.12,720.1,720.58,3210.64
2026-09-03 17:30:00,720.57,721.94,720.57,721.93,1171.2
2026-09-03 17:35:00,721.94,722.54,721.51,722.22,1695.26
2026-09-03 17:40:00,722.23,722.45,721.94,722.18,722.22
2026-09-03 17:45:00,722.17,723.14,721.97,723.13,840.85
2026-09-03 17:50:00,723.13,723.19,722.41,722.46,818.36
2026-09-03 17:55:00,722.45,722.65,721.93,722.28,1006.76
2026-09-03 18:00:00,722.29,723.2,721.85,722.91,1724.5
2026-09-03 18:05:00,722.91,723.53,722.4,723.4,1357.48
2026-09-03 18:10:00,723.41,723.41,721.95,722.54,1617.55
2026-09-03 18:15:00,722.54,722.75,722.08,722.08,883.25
2026-09-03 18:20:00,722.08,722.27,721.65,722.17,661.33
2026-09-03 18:25:00,722.18,722.18,720.72,720.75,1028.72
2026-09-03 18:30:00,720.75,721.24,720.41,720.71,1492.52
2026-09-03 18:35:00,720.71,721.1,720.56,720.71,495.76
2026-09-03 18:40:00,720.71,721.05,720.43,720.95,1202.39
2026-09-03 18:45:00,720.94,721.92,720.94,721.89,778.54
2026-09-03 18:50:00,721.89,722.56,721.79,722.33,793.15
2026-09-03 18:55:00,722.34,722.91,722.34,722.75,526.68
2026-09-03 19:00:00,722.74,723.7,722.5,723.7,1619.0
2026-09-03 19:05:00,723.7,724.8,721.89,722.26,3517.79
2026-09-03 19:10:00,722.27,722.39,721.84,721.94,463.06
2026-09-03 19:15:00,721.94,722.82,721.66,722.82,732.28
2026-09-03 19:20:00,722.83,724.94,722.82,724.16,3293.76
2026-09-03 19:25:00,724.17,724.86,723.59,724.86,1209.83
2026-09-03 19:30:00,724.85,725.28,724.09,724.24,1485.01
2026-09-03 19:35:00,724.25,725.17,724.09,725.13,752.33
2026-09-03 19:40:00,725.12,725.47,724.57,724.98,1004.22
2026-09-03 19:45:00,724.97,725.24,723.13,723.26,1463.09
2026-09-03 19:50:00,723.26,724.74,723.26,724.17,1041.02
2026-09-03 19:55:00,724.17,725.05,723.91,725.05,1225.88
2026-09-03 20:00:00,725.05,725.44,722.89,724.64,2157.13
2026-09-03 20:05:00,724.64,725.06,724.14,724.64,998.89
2026-09-03 20:10:00,724.64,724.64,723.35,723.43,675.17
2026-09-03 20:15:00,723.43,724.28,723.3,723.58,459.29
2026-09-03 20:20:00,723.58,723.68,723.01,723.14,998.66
2026-09-03 20:25:00,723.13,724.6,723.02,724.36,690.21
2026-09-03 20:30:00,724.36,724.73,723.28,723.31,953.23
2026-09-03 20:35:00,723.31,725.4,722.81,725.36,1498.52
2026-09-03 20:40:00,725.36,725.36,724.75,724.94,1446.65
2026-09-03 20:45:00,724.93,725.31,724.57,724.8,1056.79
2026-09-03 20:50:00,724.8,725.24,724.51,724.87,817.4
2026-09-03 20:55:00,724.87,725.03,724.5,724.56,565.42
2026-09-03 21:00:00,724.55,725.23,723.72,724.16,1884.59
2026-09-03 21:05:00,724.16,724.71,723.98,724.6,1140.57
2026-09-03 21:10:00,724.6,725.98,724.6,725.93,1606.32
2026-09-03 21:15:00,725.94,726.35,725.74,725.96,799.17
2026-09-03 21:20:00,725.96,726.26,724.83,724.83,890.53
2026-09-03 21:25:00,724.84,725.85,724.75,725.74,1001.12
2026-09-03 21:30:00,725.74,728.13,725.73,727.39,3399.26
2026-09-03 21:35:00,727.39,727.4,724.89,725.0,2208.92
2026-09-03 21:40:00,725.02,725.44,724.48,725.01,1031.56
2026-09-03 21:45:00,725.01,725.18,724.07,725.17,839.9
2026-09-03 21:50:00,725.18,726.44,725.17,726.34,543.96
2026-09-03 21:55:00,726.33,726.34,725.36,725.47,590.79
2026-09-03 22:00:00,725.46,725.84,724.21,725.43,1232.99
2026-09-03 22:05:00,725.42,725.67,724.72,725.08,856.83
2026-09-03 22:10:00,725.08,725.22,724.46,725.16,1320.41
2026-09-03 22:15:00,725.15,726.05,725.15,725.52,1601.84
2026-09-03 22:20:00,725.52,725.92,724.73,724.73,1857.45
2026-09-03 22:25:00,724.73,724.75,722.73,722.85,3618.07
2026-09-03 22:30:00,722.84,723.13,721.01,722.04,4841.24
2026-09-03 22:35:00,722.04,722.94,721.74,722.88,2120.58
2026-09-03 22:40:00,722.88,723.65,722.88,723.65,1462.65
2026-09-03 22:45:00,723.64,724.22,723.19,723.45,817.18
2026-09-03 22:50:00,723.45,723.98,723.08,723.78,680.34
2026-09-03 22:55:00,723.77,724.44,723.56,724.1,584.17
2026-09-03 23:00:00,724.09,724.6,723.72,724.47,1535.74
2026-09-03 23:05:00,724.47,724.88,724.47,724.76,717.63
2026-09-03 23:10:00,724.76,724.93,723.92,724.21,1025.57
2026-09-03 23:15:00,724.2,724.97,723.98,724.82,1055.58
2026-09-03 23:20:00,724.83,725.2,724.43,724.68,1618.41
2026-09-03 23:25:00,724.68,725.3,724.43,725.26,637.7
2026-09-03 23:30:00,725.25,725.36,724.19,724.53,926.62
2026-09-03 23:35:00,724.53,725.81,724.39,725.76,1152.55
2026-09-03 23:40:00,725.76,725.87,724.7,724.98,1563.51
2026-09-03 23:45:00,724.98,725.17,724.49,725.08,1205.12
2026-09-03 23:50:00,725.08,725.69,725.08,725.58,1040.82
2026-09-03 23:55:00,725.57,725.9,725.33,725.6,930.29
2026-09-04 00:00:00,725.61,725.84,725.03,725.46,2405.22
2026-09-04 00:05:00,725.47,725.72,724.75,725.55,1305.81
2026-09-04 00:10:00,725.56,726.14,725.0,726.13,1732.35
2026-09-04 00:15:00,726.14,728.5,726.13,727.37,3781.75
2026-09-04 00:20:00,727.37,727.8,726.96,727.54,1479.12
2026-09-04 00:25:00,727.55,727.55,726.07,726.66,1247.25
2026-09-04 00:30:00,726.65,727.99,726.16,727.71,1971.67
2026-09-04 00:35:00,727.7,728.56,727.5,728.56,1542.53
2026-09-04 00:40:00,728.56,730.65,728.01,728.65,8123.55
2026-09-04 00:45:00,728.66,728.77,724.22,725.04,5174.46
2026-09-04 00:50:00,725.03,725.98,724.31,724.71,2227.3
2026-09-04 00:55:00,724.71,724.77,722.11,722.25,3976.34
2026-09-04 01:00:00,722.24,723.95,722.24,722.49,5006.65
2026-09-04 01:05:00,722.5,724.29,722.31,723.66,3192.32
2026-09-04 01:10:00,723.67,724.17,722.5,722.87,1594.52
2026-09-04 01:15:00,722.86,723.47,722.66,722.66,979.7
2026-09-04 01:20:00,722.67,723.61,721.42,721.51,3069.22
2026-09-04 01:25:00,721.51,721.75,720.37,720.77,5947.23
2026-09-04 01:30:00,720.77,721.52,720.02,720.17,1780.9
2026-09-04 01:35:00,720.17,721.13,720.07,720.62,1474.35
2026-09-04 01:40:00,720.61,720.77,719.33,719.96,3505.03
2026-09-04 01:45:00,719.97,721.4,719.56,721.21,1313.06
2026-09-04 01:50:00,721.22,722.72,721.21,722.71,1230.45
2026-09-04 01:55:00,722.72,723.15,722.2,722.84,1218.04
2026-09-04 02:00:00,722.84,722.84,721.95,721.95,1203.79
2026-09-04 02:05:00,721.94,722.58,721.89,722.07,671.7
2026-09-04 02:10:00,722.08,722.42,721.87,722.41,730.38
2026-09-04 02:15:00,722.42,723.11,722.0,722.48,895.83
2026-09-04 02:20:00,722.49,722.49,721.42,721.63,1067.72
2026-09-04 02:25:00,721.62,722.98,720.78,721.95,4189.42
2026-09-04 02:30:00,721.96,723.03,721.96,722.39,1757.41
2026-09-04 02:35:00,722.39,723.91,722.14,723.91,1636.55
2026-09-04 02:40:00,723.91,724.08,723.59,723.64,998.05
2026-09-04 02:45:00,723.64,723.64,722.88,723.07,734.26
2026-09-04 02:50:00,723.07,724.11,722.92,724.11,886.29
2026-09-04 02:55:00,724.11,724.8,724.11,724.74,1666.74
2026-09-04 03:00:00,724.74,725.1,724.39,724.57,2401.97
2026-09-04 03:05:00,724.57,725.73,724.53,725.11,1330.48
2026-09-04 03:10:00,725.1,725.43,724.47,725.4,1151.44
2026-09-04 03:15:00,725.41,725.53,725.0,725.24,933.2
2026-09-04 03:20:00,725.25,725.5,725.0,725.41,937.57
2026-09-04 03:25:00,725.41,725.48,724.71,725.39,1294.58
2026-09-04 03:30:00,725.39,725.69,724.3,724.46,1093.93
2026-09-04 03:35:00,724.47,725.03,724.35,724.9,926.5
2026-09-04 03:40:00,724.9,725.2,724.72,724.9,655.49
2026-09-04 03:45:00,724.9,724.9,724.2,724.46,1651.42
2026-09-04 03:50:00,724.46,724.92,724.32,724.83,335.3
2026-09-04 03:55:00,724.83,724.97,723.96,724.01,1808.23
2026-09-04 04:00:00,724.02,724.75,723.98,724.72,1268.87
2026-09-04 04:05:00,724.73,724.73,724.24,724.3,570.4
2026-09-04 04:10:00,724.3,725.0,723.9,725.0,898.16
2026-09-04 04:15:00,724.99,726.46,724.78,726.31,2044.3
2026-09-04 04:20:00,726.32,727.67,726.29,727.67,1774.2
2026-09-04 04:25:00,727.67,730.0,727.04,729.19,4967.52
2026-09-04 04:30:00,729.19,729.46,727.85,727.86,3108.09
2026-09-04 04:35:00,727.85,728.0,726.56,726.78,3604.92
2026-09-04 04:40:00,726.78,726.78,725.87,726.54,1419.02
2026-09-04 04:45:00,726.54,727.2,726.45,726.9,868.73
2026-09-04 04:50:00,726.89,727.01,726.33,726.45,961.94
2026-09-04 04:55:00,726.45,727.0,726.44,726.44,553.61
2026-09-04 05:00:00,726.44,726.69,725.94,726.31,1141.03
2026-09-04 05:05:00,726.32,727.11,726.04,726.4,1367.39
2026-09-04 05:10:00,726.4,726.58,725.36,725.47,1332.89
2026-09-04 05:15:00,725.47,726.15,725.19,726.01,1593.43
2026-09-04 05:20:00,726.01,726.01,725.0,725.55,997.74
2026-09-04 05:25:00,725.55,725.71,724.87,724.87,842.55
2026-09-04 05:30:00,724.86,724.86,723.87,724.34,1523.28
2026-09-04 05:35:00,724.34,725.6,724.1,724.11,1780.72
2026-09-04 05:40:00,724.11,725.0,723.96,724.88,778.03
2026-09-04 05:45:00,724.88,725.51,723.64,723.66,1854.23
2026-09-04 05:50:00,723.66,723.86,723.47,723.69,1163.83
2026-09-04 05:55:00,723.68,725.55,723.68,725.18,1945.0
2026-09-04 06:00:00,725.18,725.39,724.19,724.57,1496.09
2026-09-04 06:05:00,724.57,725.58,724.22,725.13,1825.99
2026-09-04 06:10:00,725.14,725.74,724.64,724.66,1119.31
2026-09-04 06:15:00,724.66,724.66,723.85,724.02,858.78
2026-09-04 06:20:00,724.02,724.02,722.66,722.66,1145.47
2026-09-04 06:25:00,722.67,722.72,721.61,721.7,4151.19
2026-09-04 06:30:00,721.71,721.83,721.0,721.2,2320.5
2026-09-04 06:35:00,721.2,721.76,720.36,721.58,3534.6
2026-09-04 06:40:00,721.58,722.37,721.52,721.86,1404.77
2026-09-04 06:45:00,721.86,721.95,720.84,720.87,975.04
2026-09-04 06:50:00,720.88,721.13,720.1,721.13,1388.85
2026-09-04 06:55:00,721.12,721.31,720.45,720.75,1213.61
2026-09-04 07:00:00,720.76,721.59,720.59,721.58,1803.64
2026-09-04 07:05:00,721.58,721.95,721.52,721.86,1790.99
2026-09-04 07:10:00,721.86,722.78,721.81,722.36,1726.61
2026-09-04 07:15:00,722.37,722.37,721.82,722.2,916.57
2026-09-04 07:20:00,722.21,722.29,721.49,721.66,1312.18
2026-09-04 07:25:00,721.66,721.74,720.97,720.97,1098.48
2026-09-04 07:30:00,720.98,721.22,717.65,718.18,10374.75
2026-09-04 07:35:00,718.17,718.18,715.79,717.0,10741.28
2026-09-04 07:40:00,717.0,717.31,716.27,716.48,2294.26
2026-09-04 07:45:00,716.48,716.72,715.01,715.91,4825.22
2026-09-04 07:50:00,715.92,716.22,714.62,714.66,4693.67
2026-09-04 07:55:00,714.67,715.59,714.5,714.95,5677.91
2026-09-04 08:00:00,714.96,715.6,714.35,714.87,3797.73
2026-09-04 08:05:00,714.87,716.71,714.13,716.57,4071.9
2026-09-04 08:10:00,716.57,717.14,716.36,716.89,1583.51
2026-09-04 08:15:00,716.89,717.7,716.5,717.35,2263.8
2026-09-04 08:20:00,717.36,718.39,716.99,718.36,1204.85
2026-09-04 08:25:00,718.36,718.6,717.94,718.45,2554.02
2026-09-04 08:30:00,718.45,718.85,718.18,718.46,3641.41
2026-09-04 08:35:00,718.45,718.63,717.67,717.88,2184.72
2026-09-04 08:40:00,717.88,718.1,717.34,717.58,1382.03
2026-09-04 08:45:00,717.57,718.79,716.62,718.02,3697.59
2026-09-04 08:50:00,718.01,719.96,718.01,719.63,4619.22
2026-09-04 08:55:00,719.63,719.84,719.16,719.53,2659.07
2026-09-04 09:00:00,719.54,720.11,718.95,719.84,3773.71
2026-09-04 09:05:00,719.85,720.41,719.72,719.85,2220.04
2026-09-04 09:10:00,719.84,720.45,719.6,720.07,1880.62
2026-09-04 09:15:00,720.06,721.45,719.55,720.47,4561.22
2026-09-04 09:20:00,720.48,720.71,718.18,718.18,2352.07
2026-09-04 09:25:00,718.19,719.0,717.75,718.61,1091.31
2026-09-04 09:30:00,718.6,720.06,718.26,719.25,1490.54
2026-09-04 09:35:00,719.24,720.25,718.86,719.95,1255.71
2026-09-04 09:40:00,719.95,720.28,719.35,719.4,694.15
2026-09-04 09:45:00,719.4,720.09,719.11,719.32,970.22
2026-09-04 09:50:00,719.32,719.92,718.95,719.69,1432.34
2026-09-04 09:55:00,719.68,719.84,719.04,719.04,851.72
2026-09-04 10:00:00,719.04,719.36,718.41,719.07,1229.85
2026-09-04 10:05:00,719.07,719.09,717.7,717.79,924.6
2026-09-04 10:10:00,717.78,717.97,717.14,717.39,1170.2
2026-09-04 10:15:00,717.4,717.46,716.34,717.28,2410.38
2026-09-04 10:20:00,717.28,718.49,717.28,718.49,1763.43
2026-09-04 10:25:00,718.48,719.97,718.38,719.81,1638.31
2026-09-04 10:30:00,719.82,720.89,719.35,719.81,1592.05
2026-09-04 10:35:00,719.8,721.86,719.75,721.73,1706.65
2026-09-04 10:40:00,721.72,722.77,721.31,721.74,2642.25
2026-09-04 10:45:00,721.74,722.25,721.38,721.81,902.92
2026-09-04 10:50:00,721.8,722.13,720.99,722.13,1373.82
2026-09-04 10:55:00,722.13,722.96,721.87,722.79,2200.7
2026-09-04 11:00:00,722.8,723.1,722.22,722.96,1824.76
2026-09-04 11:05:00,722.96,724.37,722.93,723.7,4988.13
2026-09-04 11:10:00,723.7,723.98,723.14,723.89,1154.01
2026-09-04 11:15:00,723.89,724.4,723.7,724.02,1357.98
2026-09-04 11:20:00,724.02,724.77,723.54,724.48,2580.99
2026-09-04 11:25:00,724.48,725.1,724.31,724.84,2084.56
2026-09-04 11:30:00,724.83,725.13,724.29,724.65,1188.07
2026-09-04 11:35:00,724.64,725.14,724.59,724.94,852.65
2026-09-04 11:40:00,724.93,725.18,724.47,725.1,1115.51
2026-09-04 11:45:00,725.1,725.14,724.8,725.03,947.49
2026-09-04 11:50:00,725.03,725.59,724.24,724.75,2234.33
2026-09-04 11:55:00,724.76,725.17,724.51,724.74,1097.08
2026-09-04 12:00:00,724.74,725.36,724.13,725.16,1907.83
2026-09-04 12:05:00,725.18,726.44,724.55,726.03,2940.02
2026-09-04 12:10:00,726.02,726.85,725.6,726.39,3266.71
2026-09-04 12:15:00,726.4,726.4,725.28,725.66,2233.79
2026-09-04 12:20:00,725.66,725.99,724.81,725.94,1214.89
2026-09-04 12:25:00,725.94,727.93,725.7,727.35,2613.86
2026-09-04 12:30:00,727.34,727.34,712.45,716.69,42952.11
2026-09-04 12:35:00,716.69,720.17,714.56,719.22,18607.98
2026-09-04 12:40:00,719.21,720.82,716.0,716.41,8996.67
2026-09-04 12:45:00,716.4,716.5,710.81,715.12,19902.16
2026-09-04 12:50:00,715.11,717.48,714.55,717.22,4316.88
2026-09-04 12:55:00,717.21,717.29,714.49,715.81,5911.01
2026-09-04 13:00:00,715.8,717.4,715.24,715.8,4310.88
2026-09-04 13:05:00,715.81,716.22,714.1,714.95,5446.64
2026-09-04 13:10:00,714.94,715.76,714.41,714.8,2720.35
2026-09-04 13:15:00,714.8,717.16,714.38,716.31,3737.67
2026-09-04 13:20:00,716.31,717.1,715.91,716.33,2929.84
2026-09-04 13:25:00,716.32,717.02,715.04,715.1,2282.1
2026-09-04 13:30:00,715.11,716.93,714.33,714.98,2899.87
2026-09-04 13:35:00,714.97,716.27,712.37,716.19,6764.06
2026-09-04 13:40:00,716.18,716.63,715.2,716.28,3572.19
2026-09-04 13:45:00,716.29,719.13,715.74,717.6,4888.37
2026-09-04 13:50:00,717.6,717.68,715.0,715.32,2475.73
2026-09-04 13:55:00,715.32,716.57,715.25,715.53,1584.89
2026-09-04 14:00:00,715.54,716.64,715.37,716.41,1302.63
2026-09-04 14:05:00,716.41,716.98,715.14,715.15,1784.0
2026-09-04 14:10:00,715.14,716.62,714.86,716.19,1347.84
2026-09-04 14:15:00,716.2,716.74,714.41,714.41,1047.56
2026-09-04 14:20:00,714.42,714.85,713.55,713.93,3357.85
2026-09-04 14:25:00,713.94,715.57,713.94,715.24,2225.92
2026-09-04 14:30:00,715.25,715.71,714.71,715.57,1702.31
2026-09-04 14:35:00,715.58,716.4,713.93,714.67,1939.3
2026-09-04 14:40:00,714.66,714.76,711.0,712.46,3812.72
2026-09-04 14:45:00,712.46,713.42,709.17,709.48,5359.22
2026-09-04 14:50:00,709.47,712.03,709.34,710.69,6761.45
2026-09-04 14:55:00,710.69,712.64,710.69,712.14,1585.33
2026-09-04 15:00:00,712.14,714.12,711.0,713.86,3035.92
2026-09-04 15:05:00,713.86,714.81,713.16,714.81,1786.71
2026-09-04 15:10:00,714.8,715.49,714.2,715.32,1261.48
2026-09-04 15:15:00,715.32,716.18,715.0,715.83,1563.24
2026-09-04 15:20:00,715.84,716.45,715.62,716.44,1283.1
2026-09-04 15:25:00,716.44,717.05,716.28,716.81,1424.79
2026-09-04 15:30:00,716.8,717.25,716.47,716.6,1213.34
2026-09-04 15:35:00,716.6,717.5,716.6,717.42,1473.45
2026-09-04 15:40:00,717.43,718.17,717.42,717.9,1547.58
2026-09-04 15:45:00,717.9,717.96,716.45,716.52,1174.24
2026-09-04 15:50:00,716.52,717.64,716.49,717.09,880.86
2026-09-04 15:55:00,717.09,717.69,716.93,717.1,1054.22
2026-09-04 16:00:00,717.09,717.24,716.74,716.78,1395.86
2026-09-04 16:05:00,716.79,717.59,716.49,717.46,1421.42
2026-09-04 16:10:00,717.46,718.58,717.21,717.22,2789.59
2026-09-04 16:15:00,717.22,718.25,717.22,717.72,1173.38
2026-09-04 16:20:00,717.73,718.98,717.72,718.71,1183.22
2026-09-04 16:25:00,718.71,718.76,718.07,718.51,1034.22
2026-09-04 16:30:00,718.51,720.85,718.5,720.56,4260.58
2026-09-04 16:35:00,720.57,720.98,719.87,720.13,2024.12
2026-09-04 16:40:00,720.14,721.47,720.03,721.47,1683.23
2026-09-04 16:45:00,721.47,721.88,720.65,721.3,2668.35
2026-09-04 16:50:00,721.3,721.44,720.39,720.48,2166.81
2026-09-04 16:55:00,720.49,720.74,719.81,719.88,1118.03
2026-09-04 17:00:00,719.87,720.0,718.84,719.09,1701.2
2026-09-04 17:05:00,719.09,719.47,718.97,719.24,844.51
2026-09-04 17:10:00,719.23,719.53,718.74,718.74,1043.38
2026-09-04 17:15:00,718.74,718.74,718.04,718.5,1165.9
2026-09-04 17:20:00,718.5,718.68,717.96,718.31,1399.63
2026-09-04 17:25:00,718.31,718.57,717.76,717.94,867.55
2026-09-04 17:30:00,717.93,718.45,717.93,718.27,968.02
2026-09-04 17:35:00,718.26,718.32,717.66,718.24,828.24
2026-09-04 17:40:00,718.23,718.23,717.53,718.11,1620.8
2026-09-04 17:45:00,718.11,718.11,716.9,717.68,1574.95
2026-09-04 17:50:00,717.69,717.99,717.18,717.73,2026.24
2026-09-04 17:55:00,717.72,717.75,717.0,717.33,640.52
2026-09-04 18:00:00,717.33,718.35,717.33,718.16,816.33
2026-09-04 18:05:00,718.16,718.44,717.8,718.36,855.23
2026-09-04 18:10:00,718.36,718.36,716.86,717.22,944.52
2026-09-04 18:15:00,717.22,718.43,717.22,718.43,599.21
2026-09-04 18:20:00,718.44,718.74,718.43,718.6,386.64
2026-09-04 18:25:00,718.59,718.75,718.36,718.52,462.07
2026-09-04 18:30:00,718.52,719.09,718.52,719.08,423.64
2026-09-04 18:35:00,719.09,719.09,718.6,718.91,357.05
2026-09-04 18:40:00,718.92,719.23,718.84,719.1,403.0
2026-09-04 18:45:00,719.1,719.1,718.69,718.69,344.57
2026-09-04 18:50:00,718.7,718.86,718.56,718.86,231.25
2026-09-04 18:55:00,718.85,719.62,718.53,719.31,1810.17
2026-09-04 19:00:00,719.31,720.38,719.3,719.79,1837.61
2026-09-04 19:05:00,719.8,719.94,719.5,719.71,1421.6
2026-09-04 19:10:00,719.7,720.18,719.46,720.1,685.22
2026-09-04 19:15:00,720.1,721.22,720.05,721.22,1196.82
2026-09-04 19:20:00,721.22,721.95,721.05,721.77,1126.95
2026-09-04 19:25:00,721.77,721.97,721.55,721.56,1052.5
2026-09-04 19:30:00,721.56,721.56,720.98,721.27,940.66
2026-09-04 19:35:00,721.27,721.27,720.68,720.68,542.38
2026-09-04 19:40:00,720.69,721.06,720.66,720.85,434.64
2026-09-04 19:45:00,720.85,721.46,720.74,721.45,498.55
2026-09-04 19:50:00,721.46,721.64,719.64,720.49,3218.89
2026-09-04 19:55:00,720.5,721.21,720.06,720.54,1445.76
2026-09-04 20:00:00,720.54,721.6,720.33,721.0,1239.34
2026-09-04 20:05:00,721.0,721.01,720.52,720.6,349.42
2026-09-04 20:10:00,720.6,720.88,720.05,720.41,1076.71
2026-09-04 20:15:00,720.41,720.82,720.23,720.54,359.17
2026-09-04 20:20:00,720.55,720.63,719.58,719.61,819.06
2026-09-04 20:25:00,719.6,719.84,719.44,719.57,382.06
2026-09-04 20:30:00,719.58,719.7,719.42,719.42,325.85
2026-09-04 20:35:00,719.43,720.07,719.43,719.75,746.65
2026-09-04 20:40:00,719.74,719.82,719.28,719.57,697.89
2026-09-04 20:45:00,719.58,719.58,719.21,719.3,364.01
2026-09-04 20:50:00,719.3,719.3,718.54,718.86,697.68
2026-09-04 20:55:00,718.86,718.88,718.6,718.61,323.24
2026-09-04 21:00:00,718.6,718.76,718.27,718.67,709.6
2026-09-04 21:05:00,718.67,719.56,718.62,719.23,571.08
2026-09-04 21:10:00,719.24,719.52,719.21,719.27,213.56
2026-09-04 21:15:00,719.27,719.69,719.27,719.46,380.81
2026-09-04 21:20:00,719.46,719.64,719.34,719.35,208.88
2026-09-04 21:25:00,719.34,719.34,718.16,718.59,917.55
2026-09-04 21:30:00,718.59,718.93,718.46,718.57,797.11
2026-09-04 21:35:00,718.57,719.17,718.57,718.76,426.36
2026-09-04 21:40:00,718.76,719.28,718.48,718.6,751.52
2026-09-04 21:45:00,718.6,718.92,718.54,718.7,200.43
2026-09-04 21:50:00,718.7,719.0,717.21,717.62,1001.2
2026-09-04 21:55:00,717.62,718.0,716.91,717.82,1109.41
2026-09-04 22:00:00,717.82,718.77,717.82,718.21,993.42
2026-09-04 22:05:00,718.21,718.59,717.92,718.35,732.56
2026-09-04 22:10:00,718.35,718.72,718.16,718.71,460.64
2026-09-04 22:15:00,718.71,718.71,718.24,718.4,300.11
2026-09-04 22:20:00,718.4,718.92,718.18,718.67,326.44
2026-09-04 22:25:00,718.67,718.86,718.66,718.85,348.83
2026-09-04 22:30:00,718.85,718.9,718.42,718.43,270.62
2026-09-04 22:35:00,718.42,719.07,718.42,718.98,422.35
2026-09-04 22:40:00,718.99,719.34,718.98,719.0,538.07
2026-09-04 22:45:00,719.0,719.0,718.65,718.98,334.31
2026-09-04 22:50:00,718.97,719.56,718.97,719.17,437.33
2026-09-04 22:55:00,719.18,719.48,719.1,719.1,292.43
2026-09-04 23:00:00,719.1,719.33,718.78,719.27,450.45
2026-09-04 23:05:00,719.26,719.5,719.14,719.41,216.84
2026-09-04 23:10:00,719.41,719.85,719.41,719.69,521.03
2026-09-04 23:15:00,719.68,719.89,719.08,719.88,1088.56
2026-09-04 23:20:00,719.89,721.11,719.89,720.93,1202.61
2026-09-04 23:25:00,720.93,721.38,720.63,721.08,1198.38
2026-09-04 23:30:00,721.09,721.18,720.67,720.68,1099.84
2026-09-04 23:35:00,720.68,721.52,720.67,721.4,794.67
2026-09-04 23:40:00,721.41,721.63,721.39,721.55,587.73
2026-09-04 23:45:00,721.56,721.65,721.43,721.47,417.7
2026-09-04 23:50:00,721.47,721.56,721.08,721.14,762.83
2026-09-04 23:55:00,721.15,721.88,721.14,721.81,587.87
2026-09-05 00:00:00,721.8,721.99,721.55,721.99,1068.73
2026-09-05 00:05:00,722.0,722.36,721.68,722.35,2332.89
2026-09-05 00:10:00,722.36,722.36,721.44,721.56,1970.57
2026-09-05 00:15:00,721.56,721.56,720.44,720.54,4449.76
2026-09-05 00:20:00,720.55,720.67,720.44,720.48,492.63
2026-09-05 00:25:00,720.49,720.66,720.25,720.42,692.86
2026-09-05 00:30:00,720.42,721.0,720.36,720.64,1411.11
2026-09-05 00:35:00,720.65,720.79,720.6,720.66,265.66
2026-09-05 00:40:00,720.66,721.14,720.63,721.0,904.97
2026-09-05 00:45:00,721.0,721.08,719.94,720.15,1339.69
2026-09-05 00:50:00,720.15,720.72,720.11,720.44,668.45
2026-09-05 00:55:00,720.44,720.5,719.85,720.0,718.7
2026-09-05 01:00:00,719.99,720.28,719.74,720.24,898.26
2026-09-05 01:05:00,720.23,720.52,720.01,720.52,290.52
2026-09-05 01:10:00,720.52,720.81,719.73,719.82,1002.73
2026-09-05 01:15:00,719.81,721.21,719.81,721.2,792.76
2026-09-05 01:20:00,721.21,721.35,720.32,720.89,771.58
2026-09-05 01:25:00,720.89,722.99,720.88,722.98,1743.93
2026-09-05 01:30:00,722.99,724.1,722.74,723.78,4870.64
2026-09-05 01:35:00,723.79,723.79,722.78,722.8,1673.61
2026-09-05 01:40:00,722.8,723.42,722.78,723.05,1302.84
2026-09-05 01:45:00,723.06,723.15,722.08,722.19,1273.28
2026-09-05 01:50:00,722.19,723.02,721.81,722.37,1032.57
2026-09-05 01:55:00,722.37,722.37,720.73,720.73,1042.73
2026-09-05 02:00:00,720.73,721.14,720.15,720.63,2815.53
2026-09-05 02:05:00,720.63,721.22,720.63,721.17,952.64
2026-09-05 02:10:00,721.17,721.98,721.17,721.7,2460.07
2026-09-05 02:15:00,721.7,721.78,721.08,721.08,594.77
2026-09-05 02:20:00,721.09,721.57,720.82,721.28,571.55
2026-09-05 02:25:00,721.29,721.39,720.57,720.8,620.26
2026-09-05 02:30:00,720.79,721.38,720.5,720.84,801.28
2026-09-05 02:35:00,720.84,721.74,720.76,721.73,415.08
2026-09-05 02:40:00,721.74,722.22,721.63,721.77,545.06
2026-09-05 02:45:00,721.77,721.77,720.96,720.98,799.34
2026-09-05 02:50:00,720.97,721.31,720.56,721.15,731.66
2026-09-05 02:55:00,721.15,721.38,721.05,721.24,571.92
2026-09-05 03:00:00,721.24,721.78,721.15,721.76,772.31
2026-09-05 03:05:00,721.75,722.31,721.67,722.15,1029.92
2026-09-05 03:10:00,722.14,722.8,721.74,721.8,1484.4
2026-09-05 03:15:00,721.81,723.09,721.8,722.94,1154.44
2026-09-05 03:20:00,722.93,723.7,722.79,723.7,2886.26
2026-09-05 03:25:00,723.7,723.79,723.45,723.62,2064.58
2026-09-05 03:30:00,723.63,723.85,723.5,723.85,1264.13
2026-09-05 03:35:00,723.85,724.99,723.8,724.73,2737.75
2026-09-05 03:40:00,724.73,725.54,724.47,725.13,2596.41
2026-09-05 03:45:00,725.12,725.12,724.07,724.37,1420.7
2026-09-05 03:50:00,724.36,724.63,724.36,724.61,672.21
2026-09-05 03:55:00,724.61,724.61,723.83,723.93,816.97
2026-09-05 04:00:00,723.92,723.95,723.15,723.44,1735.72
2026-09-05 04:05:00,723.45,723.58,722.52,722.71,1487.7
2026-09-05 04:10:00,722.71,722.96,722.35,722.5,754.1
2026-09-05 04:15:00,722.49,722.79,722.33,722.67,1105.16
2026-09-05 04:20:00,722.67,722.79,722.28,722.28,539.75
2026-09-05 04:25:00,722.28,722.44,721.8,722.06,1487.47
2026-09-05 04:30:00,722.05,722.83,721.95,722.54,938.45
2026-09-05 04:35:00,722.54,722.59,722.18,722.29,361.45
2026-09-05 04:40:00,722.29,722.85,722.29,722.58,574.97
2026-09-05 04:45:00,722.57,722.69,721.81,722.18,987.19
2026-09-05 04:50:00,722.19,722.45,722.0,722.41,543.05
2026-09-05 04:55:00,722.41,722.46,721.8,721.81,958.84
2026-09-05 05:00:00,721.81,721.93,721.12,721.29,1182.8
2026-09-05 05:05:00,721.29,722.18,720.95,722.1,1323.77
2026-09-05 05:10:00,722.09,722.78,722.09,722.72,548.18
2026-09-05 05:15:00,722.71,723.27,722.51,722.7,1250.42
2026-09-05 05:20:00,722.7,723.04,722.22,722.5,633.59
2026-09-05 05:25:00,722.5,722.92,722.22,722.91,474.2
2026-09-05 05:30:00,722.92,723.27,722.91,723.19,335.61
2026-09-05 05:35:00,723.19,723.2,722.9,722.9,313.14
2026-09-05 05:40:00,722.9,723.13,722.42,722.46,660.73
2026-09-05 05:45:00,722.46,722.48,722.16,722.16,216.24
2026-09-05 05:50:00,722.17,722.93,721.87,722.92,1029.35
2026-09-05 05:55:00,722.92,723.23,722.8,722.92,507.73
2026-09-05 06:00:00,722.92,722.92,722.63,722.68,434.63
2026-09-05 06:05:00,722.68,723.2,722.62,723.17,460.77
2026-09-05 06:10:00,723.16,723.5,722.65,722.8,2141.45
2026-09-05 06:15:00,722.81,723.76,721.99,723.2,2754.61
2026-09-05 06:20:00,723.21,723.43,722.8,722.95,1236.9
2026-09-05 06:25:00,722.94,723.2,722.92,723.08,501.48
2026-09-05 06:30:00,723.08,724.38,723.08,724.32,1609.67
2026-09-05 06:35:00,724.31,728.19,724.31,727.73,7670.78
2026-09-05 06:40:00,727.74,728.14,726.74,726.74,5052.75
2026-09-05 06:45:00,726.75,727.09,726.37,726.53,2270.18
2026-09-05 06:50:00,726.54,727.05,726.37,726.94,1242.51
2026-09-05 06:55:00,726.94,728.08,726.65,727.69,3573.07
2026-09-05 07:00:00,727.69,727.74,726.85,727.74,1326.76
2026-09-05 07:05:00,727.74,728.07,727.22,727.42,1884.86
2026-09-05 07:10:00,727.41,736.42,727.41,735.0,35743.42
2026-09-05 07:15:00,735.0,735.59,731.47,731.67,10186.98
2026-09-05 07:20:00,731.67,733.28,731.54,732.25,3595.41
2026-09-05 07:25:00,732.24,733.31,731.71,732.94,2529.49
2026-09-05 07:30:00,732.94,735.45,732.82,735.2,5434.37
2026-09-05 07:35:00,735.2,739.99,734.12,739.63,14563.46
2026-09-05 07:40:00,739.63,739.91,736.69,737.85,7948.87
2026-09-05 07:45:00,737.86,739.8,737.34,738.3,6540.23
2026-09-05 07:50:00,738.31,740.0,738.0,739.31,4824.51
2026-09-05 07:55:00,739.31,739.99,738.56,738.76,4271.98
2026-09-05 08:00:00,738.75,742.76,738.62,739.68,16288.3
2026-09-05 08:05:00,739.67,740.69,739.29,739.87,4692.16
2026-09-05 08:10:00,739.88,742.98,739.37,741.53,12935.29
2026-09-05 08:15:00,741.53,748.16,740.88,746.95,29365.05
2026-09-05 08:20:00,746.96,749.47,744.24,749.22,18153.72
2026-09-05 08:25:00,749.25,749.77,746.22,747.22,15650.54
2026-09-05 08:30:00,747.23,749.16,746.51,747.14,11342.63
2026-09-05 08:35:00,747.14,752.49,746.45,751.19,19162.6
2026-09-05 08:40:00,751.19,751.19,748.5,750.35,9362.27
2026-09-05 08:45:00,750.35,752.57,750.35,750.78,11956.81
2026-09-05 08:50:00,750.78,752.83,750.16,751.51,7441.29
2026-09-05 08:55:00,751.51,751.69,749.38,750.13,7242.08
2026-09-05 09:00:00,750.12,750.95,749.51,749.8,4654.49
2026-09-05 09:05:00,749.79,752.0,748.32,750.79,7848.11
2026-09-05 09:10:00,750.79,751.95,749.19,749.61,7410.02
2026-09-05 09:15:00,749.62,751.41,749.42,750.81,4532.6
2026-09-05 09:20:00,750.82,752.41,749.51,751.3,7179.37
2026-09-05 09:25:00,751.3,751.6,749.56,749.81,4899.42
2026-09-05 09:30:00,749.8,751.38,748.2,750.91,7568.6
2026-09-05 09:35:00,750.91,751.3,748.87,748.93,4081.36
2026-09-05 09:40:00,748.93,749.39,743.0,748.58,25217.33
2026-09-05 09:45:00,748.57,748.57,747.24,747.88,3007.14
2026-09-05 09:50:00,747.87,748.28,747.14,748.17,3683.11
2026-09-05 09:55:00,748.17,749.11,747.47,747.98,2945.63
2026-09-05 10:00:00,747.97,749.49,746.92,748.6,6048.35
2026-09-05 10:05:00,748.6,749.28,747.38,749.18,2791.31
2026-09-05 10:10:00,749.18,749.5,747.96,748.01,2154.93
2026-09-05 10:15:00,748.01,748.86,747.62,748.52,2513.89
2026-09-05 10:20:00,748.51,751.31,747.92,750.93,8298.55
2026-09-05 10:25:00,750.93,751.37,748.43,748.91,3918.25
2026-09-05 10:30:00,748.9,748.9,747.13,748.72,3778.83
2026-09-05 10:35:00,748.72,749.13,748.0,748.45,1705.93
2026-09-05 10:40:00,748.44,748.62,747.47,747.98,2236.18
2026-09-05 10:45:00,747.97,749.15,747.89,749.09,1896.74
2026-09-05 10:50:00,749.08,749.79,748.4,749.07,3797.59
2026-09-05 10:55:00,749.08,749.64,748.46,748.64,1312.65
2026-09-05 11:00:00,748.64,749.34,748.55,749.29,1970.57
2026-09-05 11:05:00,749.29,749.7,748.92,749.57,2012.93
2026-09-05 11:10:00,749.56,757.78,749.26,754.3,37339.47
2026-09-05 11:15:00,754.31,754.41,751.99,752.0,4481.05
2026-09-05 11:20:00,751.99,752.62,751.63,752.3,2607.15
2026-09-05 11:25:00,752.31,753.27,752.04,752.84,2156.56
2026-09-05 11:30:00,752.85,753.0,751.5,751.77,2834.15
2026-09-05 11:35:00,751.78,751.78,749.01,749.86,4642.18
2026-09-05 11:40:00,749.87,750.04,747.39,747.74,6390.98
2026-09-05 11:45:00,747.73,748.36,746.33,748.35,4670.93
2026-09-05 11:50:00,748.35,748.68,747.7,747.8,2558.96
2026-09-05 11:55:00,747.81,748.67,747.18,748.4,3438.36
2026-09-05 12:00:00,748.39,751.83,748.39,751.33,4570.5
2026-09-05 12:05:00,751.34,751.97,750.71,751.53,1809.48
2026-09-05 12:10:00,751.52,752.72,751.49,752.6,2587.79
2026-09-05 12:15:00,752.6,754.18,752.48,754.17,3886.62
2026-09-05 12:20:00,754.17,756.32,753.96,756.01,6421.09
2026-09-05 12:25:00,756.01,757.73,754.69,756.81,8509.54
2026-09-05 12:30:00,756.81,758.98,755.0,757.75,7954.78
2026-09-05 12:35:00,757.76,758.35,756.59,757.57,6061.36
2026-09-05 12:40:00,757.56,760.73,757.45,757.55,13283.89
2026-09-05 12:45:00,757.55,760.08,757.44,759.48,6724.24
2026-09-05 12:50:00,759.49,766.0,759.38,765.59,25991.05
2026-09-05 12:55:00,765.6,766.49,763.0,763.55,12915.92
2026-09-05 13:00:00,763.55,765.47,762.42,765.11,9421.57
2026-09-05 13:05:00,765.1,765.7,763.55,764.3,7156.8
2026-09-05 13:10:00,764.3,768.29,764.2,767.64,14823.06
2026-09-05 13:15:00,767.64,767.77,765.69,766.98,8858.66
2026-09-05 13:20:00,766.97,767.58,765.19,765.33,5352.82
2026-09-05 13:25:00,765.33,765.84,763.88,764.59,6145.14
2026-09-05 13:30:00,764.6,766.56,763.51,766.3,9008.81
2026-09-05 13:35:00,766.31,767.21,765.02,765.09,5612.58
2026-09-05 13:40:00,765.09,767.21,763.07,765.38,7584.25
2026-09-05 13:45:00,765.38,766.09,763.99,764.29,5109.09
2026-09-05 13:50:00,764.29,764.29,759.36,761.24,12015.38
2026-09-05 13:55:00,761.24,761.81,759.98,761.48,5633.53
2026-09-05 14:00:00,761.47,762.94,760.7,762.44,6095.83
2026-09-05 14:05:00,762.45,764.5,762.1,764.33,3691.89
2026-09-05 14:10:00,764.33,764.76,763.38,764.41,3324.06
2026-09-05 14:15:00,764.41,764.9,762.39,762.48,2877.94
2026-09-05 14:20:00,762.48,764.66,762.42,764.06,3250.15
2026-09-05 14:25:00,764.05,766.3,763.4,766.26,7247.17
2026-09-05 14:30:00,766.26,770.99,766.14,770.52,14403.74
2026-09-05 14:35:00,770.52,770.6,767.77,768.26,6539.12
2026-09-05 14:40:00,768.26,769.85,762.89,765.4,18260.67
2026-09-05 14:45:00,765.41,768.67,765.41,768.35,8453.74
2026-09-05 14:50:00,768.35,770.0,768.17,769.65,5251.15
2026-09-05 14:55:00,769.65,770.54,769.63,770.35,5608.16
2026-09-05 15:00:00,770.35,773.0,769.57,771.09,12678.73
2026-09-05 15:05:00,771.1,771.25,769.16,769.67,4220.69
2026-09-05 15:10:00,769.68,770.46,769.07,769.38,3061.02
2026-09-05 15:15:00,769.37,769.75,768.45,769.24,4983.57
2026-09-05 15:20:00,769.25,771.0,767.44,767.63,6238.81
2026-09-05 15:25:00,767.64,768.19,766.7,766.85,4003.38
2026-09-05 15:30:00,766.85,768.19,766.5,767.13,3426.51
2026-09-05 15:35:00,767.13,767.29,766.37,766.84,2564.64
2026-09-05 15:40:00,766.84,767.51,766.13,767.1,3141.66
2026-09-05 15:45:00,767.1,768.04,766.4,767.37,2818.91
2026-09-05 15:50:00,767.37,772.0,767.2,771.18,8098.36
2026-09-05 15:55:00,771.18,772.31,770.13,770.44,2655.39
2026-09-05 16:00:00,770.45,770.71,768.51,769.67,5413.79
2026-09-05 16:05:00,769.68,771.12,769.38,769.39,2313.69
2026-09-05 16:10:00,769.41,771.55,768.19,771.54,6723.85
2026-09-05 16:15:00,771.55,775.0,771.21,772.17,15633.83
2026-09-05 16:20:00,772.18,773.68,772.0,773.1,4546.91
2026-09-05 16:25:00,773.09,773.39,770.77,771.9,2866.81
2026-09-05 16:30:00,771.9,772.5,771.26,772.35,3293.99
2026-09-05 16:35:00,772.35,773.08,771.73,772.3,2717.27
2026-09-05 16:40:00,772.31,774.31,771.71,773.85,4344.85
2026-09-05 16:45:00,773.85,776.98,773.33,775.61,11539.25
2026-09-05 16:50:00,775.61,777.28,774.82,777.24,12327.7
2026-09-05 16:55:00,777.25,777.88,772.83,774.01,18003.07
2026-09-05 17:00:00,774.01,776.15,773.99,775.19,6041.91
2026-09-05 17:05:00,775.18,781.0,775.01,780.11,15768.44
2026-09-05 17:10:00,780.11,781.44,776.87,778.02,11625.75
2026-09-05 17:15:00,778.02,778.27,775.78,776.84,6566.75
2026-09-05 17:20:00,776.83,777.32,776.52,776.85,2285.36
2026-09-05 17:25:00,776.85,778.29,776.62,778.2,3504.71
2026-09-05 17:30:00,778.2,781.1,777.96,779.15,8526.88
2026-09-05 17:35:00,779.15,779.15,774.36,775.61,8196.54
2026-09-05 17:40:00,775.62,777.26,775.4,776.94,3398.01
2026-09-05 17:45:00,776.94,778.2,776.8,778.08,1815.99
2026-09-05 17:50:00,778.08,778.64,777.35,777.4,2314.48
2026-09-05 17:55:00,777.4,777.4,775.45,776.55,5517.21
2026-09-05 18:00:00,776.54,777.5,775.79,776.95,2835.35
2026-09-05 18:05:00,776.95,777.39,775.44,775.74,2940.34
2026-09-05 18:10:00,775.74,776.77,775.62,776.17,2396.21
2026-09-05 18:15:00,776.16,777.82,776.16,777.69,2603.66
2026-09-05 18:20:00,777.68,778.68,777.4,778.26,2820.23
2026-09-05 18:25:00,778.25,778.62,777.76,778.27,1347.8
2026-09-05 18:30:00,778.26,779.58,777.5,777.77,2564.2
2026-09-05 18:35:00,777.76,779.13,777.2,779.03,1437.19
2026-09-05 18:40:00,779.03,779.16,778.16,778.79,1630.51
2026-09-05 18:45:00,778.79,779.63,777.5,777.81,2785.76
2026-09-05 18:50:00,777.82,778.28,776.57,776.89,1809.36
2026-09-05 18:55:00,776.89,778.17,776.79,777.27,1600.65
2026-09-05 19:00:00,777.26,777.29,774.52,775.95,6397.24
2026-09-05 19:05:00,775.96,776.37,775.33,775.33,1916.02
2026-09-05 19:10:00,775.33,777.75,775.18,777.0,2655.39
2026-09-05 19:15:00,776.99,778.26,776.99,777.78,2245.54
2026-09-05 19:20:00,777.77,777.93,776.16,777.4,1405.92
2026-09-05 19:25:00,777.41,778.36,777.32,778.09,1818.24
2026-09-05 19:30:00,778.09,780.32,778.03,778.62,3937.01
2026-09-05 19:35:00,778.63,779.56,777.11,777.24,3174.95
2026-09-05 19:40:00,777.23,779.12,777.23,778.39,1907.73
2026-09-05 19:45:00,778.39,778.43,775.25,775.49,3941.73
2026-09-05 19:50:00,775.5,776.6,774.52,774.89,3002.08
2026-09-05 19:55:00,774.9,775.18,773.47,773.88,4070.94
2026-09-05 20:00:00,773.88,774.32,772.3,772.42,5018.9
2026-09-05 20:05:00,772.43,774.54,772.43,773.49,2978.91
2026-09-05 20:10:00,773.48,774.15,772.14,772.95,2659.9
2026-09-05 20:15:00,772.95,773.2,770.56,771.67,4527.05
2026-09-05 20:20:00,771.67,772.3,771.29,772.04,2126.72
2026-09-05 20:25:00,772.04,772.94,771.08,771.15,3558.5
2026-09-05 20:30:00,771.15,771.47,770.02,770.52,3259.0
2026-09-05 20:35:00,770.52,772.08,770.34,772.06,2114.13
2026-09-05 20:40:00,772.06,772.44,771.75,772.05,1231.21
2026-09-05 20:45:00,772.05,772.85,771.66,772.26,1062.08
2026-09-05 20:50:00,772.26,773.04,770.94,771.25,1737.3
2026-09-05 20:55:00,771.25,771.25,770.65,770.74,917.31
2026-09-05 21:00:00,770.75,771.2,770.3,771.08,1627.72
2026-09-05 21:05:00,771.07,772.34,770.94,771.59,1544.78
2026-09-05 21:10:00,771.59,772.39,771.35,771.36,495.83
2026-09-05 21:15:00,771.35,771.45,770.79,771.11,996.99
2026-09-05 21:20:00,771.11,772.19,770.83,770.83,1656.24
2026-09-05 21:25:00,770.83,771.09,770.2,770.31,1215.02
2026-09-05 21:30:00,770.31,771.62,770.01,771.5,1373.01
2026-09-05 21:35:00,771.49,771.56,770.73,771.56,832.9
2026-09-05 21:40:00,771.56,772.66,771.36,772.21,935.74
2026-09-05 21:45:00,772.21,772.6,771.81,772.04,726.05
2026-09-05 21:50:00,772.05,772.51,771.66,772.21,1278.3
2026-09-05 21:55:00,772.22,772.43,771.68,771.71,959.87
2026-09-05 22:00:00,771.71,772.04,770.94,770.94,1393.18
2026-09-05 22:05:00,770.94,771.47,770.61,770.9,631.73
2026-09-05 22:10:00,770.9,771.97,770.9,771.71,833.1
2026-09-05 22:15:00,771.72,771.72,770.7,770.71,1132.36
2026-09-05 22:20:00,770.71,771.46,770.49,771.3,829.67
2026-09-05 22:25:00,771.29,771.6,770.5,770.86,963.51
2026-09-05 22:30:00,770.85,771.38,770.64,770.79,1144.28
2026-09-05 22:35:00,770.78,770.79,769.65,770.17,1907.68
2026-09-05 22:40:00,770.16,770.7,770.16,770.37,1446.82
2026-09-05 22:45:00,770.37,770.37,769.55,770.14,1653.02
2026-09-05 22:50:00,770.14,772.5,769.9,772.33,4819.89
2026-09-05 22:55:00,772.33,772.33,770.87,770.93,1665.91
2026-09-05 23:00:00,770.93,771.39,770.01,770.66,1744.1
2026-09-05 23:05:00,770.65,770.74,763.8,766.31,21267.59
2026-09-05 23:10:00,766.31,766.49,764.46,765.48,6738.1
2026-09-05 23:15:00,765.47,766.0,765.18,765.79,2337.24
2026-09-05 23:20:00,765.78,766.0,765.28,765.43,2004.66
2026-09-05 23:25:00,765.42,767.0,765.42,766.16,3989.6
2026-09-05 23:30:00,766.15,767.76,766.11,767.49,1909.06
2026-09-05 23:35:00,767.49,767.98,765.37,766.94,2397.39
2026-09-05 23:40:00,766.94,767.59,766.39,767.39,1190.55
2026-09-05 23:45:00,767.38,768.2,767.14,767.15,1755.15
2026-09-05 23:50:00,767.14,767.74,766.33,767.65,925.66
2026-09-05 23:55:00,767.64,767.91,766.7,766.95,1762.56
2026-09-06 00:00:00,766.96,768.44,766.61,768.1,2633.79
2026-09-06 00:05:00,768.1,768.37,767.12,768.37,1846.86
2026-09-06 00:10:00,768.37,769.42,768.22,768.77,2027.38
2026-09-06 00:15:00,768.78,769.16,768.4,769.15,1298.97
2026-09-06 00:20:00,769.16,769.16,767.2,767.49,1905.13
2026-09-06 00:25:00,767.49,768.61,767.2,768.47,1682.09
2026-09-06 00:30:00,768.46,769.26,768.09,768.27,1745.14
2026-09-06 00:35:00,768.27,769.11,767.35,767.86,1900.18
2026-09-06 00:40:00,767.87,768.8,767.62,768.28,1634.53
2026-09-06 00:45:00,768.29,768.93,768.0,768.14,990.1
2026-09-06 00:50:00,768.15,768.95,768.13,768.42,839.07
2026-09-06 00:55:00,768.42,768.76,767.21,767.21,1532.21
2026-09-06 01:00:00,767.22,768.88,766.84,767.77,2984.62
2026-09-06 01:05:00,767.77,768.36,767.04,767.57,1553.27
2026-09-06 01:10:00,767.56,768.43,767.22,768.2,1966.87
2026-09-06 01:15:00,768.2,768.77,765.48,766.07,4901.8
2026-09-06 01:20:00,766.06,766.88,765.14,765.36,4011.46
2026-09-06 01:25:00,765.36,766.12,765.19,766.11,1208.7
2026-09-06 01:30:00,766.12,766.52,765.55,766.47,1047.83
2026-09-06 01:35:00,766.47,767.54,765.41,767.41,2973.67
2026-09-06 01:40:00,767.41,767.53,766.73,767.08,1634.02
2026-09-06 01:45:00,767.08,767.08,763.75,765.13,7545.04
2026-09-06 01:50:00,765.12,766.75,764.88,766.0,2482.04
2026-09-06 01:55:00,765.99,766.48,765.54,765.68,887.63
2026-09-06 02:00:00,765.69,766.45,762.1,763.1,6984.02
2026-09-06 02:05:00,763.11,764.16,763.1,763.92,2372.95
2026-09-06 02:10:00,763.92,764.28,762.89,763.23,2542.71
2026-09-06 02:15:00,763.23,763.23,762.0,762.44,5445.79
2026-09-06 02:20:00,762.45,762.59,761.73,761.78,2439.17
2026-09-06 02:25:00,761.79,762.81,761.62,762.59,2246.22
2026-09-06 02:30:00,762.59,764.48,762.55,764.42,2145.49
2026-09-06 02:35:00,764.42,764.61,763.45,764.05,1525.99
2026-09-06 02:40:00,764.04,764.3,763.46,763.93,1417.05
2026-09-06 02:45:00,763.93,764.09,763.51,763.76,1018.78
2026-09-06 02:50:00,763.76,765.49,763.23,764.65,4067.2
2026-09-06 02:55:00,764.65,764.94,764.0,764.53,1172.35
2026-09-06 03:00:00,764.52,765.24,764.24,764.92,1344.69
2026-09-06 03:05:00,764.91,765.17,764.5,764.92,1272.67
2026-09-06 03:10:00,764.91,765.67,764.39,764.95,1877.21
2026-09-06 03:15:00,764.94,765.17,764.52,764.87,1252.37
2026-09-06 03:20:00,764.87,764.88,764.49,764.52,546.31
2026-09-06 03:25:00,764.53,764.62,764.08,764.21,794.45
2026-09-06 03:30:00,764.2,764.95,764.14,764.51,688.18
2026-09-06 03:35:00,764.5,765.95,764.5,765.71,1681.26
2026-09-06 03:40:00,765.71,766.27,765.41,765.85,1809.21
2026-09-06 03:45:00,765.84,766.45,764.83,765.17,3409.71
2026-09-06 03:50:00,765.16,766.06,765.07,765.62,1061.74
2026-09-06 03:55:00,765.63,765.94,765.22,765.24,615.05
2026-09-06 04:00:00,765.24,765.33,764.83,765.32,910.35
2026-09-06 04:05:00,765.33,765.61,765.0,765.24,1101.48
2026-09-06 04:10:00,765.24,765.69,764.22,764.46,1146.33
2026-09-06 04:15:00,764.46,764.83,763.38,763.92,3558.21
2026-09-06 04:20:00,763.92,763.92,762.92,763.26,2207.0
2026-09-06 04:25:00,763.25,763.26,762.62,762.76,1121.86
2026-09-06 04:30:00,762.77,763.04,762.28,762.83,1389.3
2026-09-06 04:35:00,762.83,763.34,762.76,762.77,1465.87
2026-09-06 04:40:00,762.76,763.49,762.76,763.29,891.9
2026-09-06 04:45:00,763.29,763.95,763.21,763.32,1407.71
2026-09-06 04:50:00,763.31,763.64,762.96,763.53,1222.81
2026-09-06 04:55:00,763.53,763.53,762.86,763.35,724.37
2026-09-06 05:00:00,763.35,764.0,763.02,763.44,1296.93
2026-09-06 05:05:00,763.44,763.87,763.18,763.18,1176.28
2026-09-06 05:10:00,763.18,763.19,762.51,762.52,1038.39
2026-09-06 05:15:00,762.51,762.68,761.83,762.11,1711.44
2026-09-06 05:20:00,762.12,762.61,761.93,762.38,955.34
2026-09-06 05:25:00,762.39,763.39,762.13,762.3,2764.07
2026-09-06 05:30:00,762.3,763.95,762.16,763.94,2149.59
2026-09-06 05:35:00,763.94,765.0,763.65,764.97,2866.68
2026-09-06 05:40:00,764.97,764.97,763.06,763.5,3392.03
2026-09-06 05:45:00,763.51,763.6,762.54,762.55,1276.64
2026-09-06 05:50:00,762.55,762.57,761.26,761.32,2186.57
2026-09-06 05:55:00,761.32,762.23,761.31,762.22,1572.52
2026-09-06 06:00:00,762.23,762.77,761.91,762.76,1312.65
2026-09-06 06:05:00,762.75,762.85,762.24,762.74,1416.75
2026-09-06 06:10:00,762.74,764.01,762.73,763.69,1575.29
2026-09-06 06:15:00,763.7,763.87,759.16,762.08,15586.93
2026-09-06 06:20:00,762.08,762.72,761.58,762.33,2377.73
2026-09-06 06:25:00,762.33,762.33,761.04,761.32,1893.2
2026-09-06 06:30:00,761.32,761.53,760.97,761.02,1586.25
2026-09-06 06:35:00,761.02,761.5,760.58,761.44,2595.98
2026-09-06 06:40:00,761.45,762.11,761.27,762.1,2711.71
2026-09-06 06:45:00,762.11,762.18,761.18,761.65,1516.6
2026-09-06 06:50:00,761.65,761.96,761.42,761.95,851.69
2026-09-06 06:55:00,761.95,761.95,760.59,760.59,1673.94
2026-09-06 07:00:00,760.6,761.37,760.59,761.26,1092.18
2026-09-06 07:05:00,761.25,761.26,759.7,759.72,2685.3
2026-09-06 07:10:00,759.73,760.13,756.85,757.89,10498.17
2026-09-06 07:15:00,757.88,759.27,757.83,758.03,4553.14
2026-09-06 07:20:00,758.04,758.84,757.11,757.13,4936.34
2026-09-06 07:25:00,757.14,758.0,756.79,756.83,3939.92
2026-09-06 07:30:00,756.83,757.07,756.39,756.64,3043.9
2026-09-06 07:35:00,756.64,757.0,755.22,756.42,4257.32
2026-09-06 07:40:00,756.42,757.25,756.42,756.86,1955.08
2026-09-06 07:45:00,756.85,757.68,756.52,757.55,2281.12
2026-09-06 07:50:00,757.56,757.56,756.34,757.25,3761.8
2026-09-06 07:55:00,757.26,757.44,756.95,756.95,1465.93
2026-09-06 08:00:00,756.96,757.76,756.95,757.7,1706.63
2026-09-06 08:05:00,757.7,757.88,755.9,757.05,5235.13
2026-09-06 08:10:00,757.06,757.22,754.22,755.88,5585.68
2026-09-06 08:15:00,755.89,756.41,755.78,756.33,1337.53
2026-09-06 08:20:00,756.33,756.33,755.47,755.82,1407.62
2026-09-06 08:25:00,755.82,756.1,755.65,755.96,1108.6
2026-09-06 08:30:00,755.97,756.1,755.65,756.03,1357.18
2026-09-06 08:35:00,756.02,756.42,756.01,756.12,1164.43
2026-09-06 08:40:00,756.12,756.98,756.11,756.95,962.1
2026-09-06 08:45:00,756.94,757.06,756.85,757.06,951.22
2026-09-06 08:50:00,757.06,757.86,757.06,757.41,1469.14
2026-09-06 08:55:00,757.41,757.83,757.01,757.53,1567.8
2026-09-06 09:00:00,757.53,758.16,757.18,758.08,3132.01
2026-09-06 09:05:00,758.07,758.47,757.85,757.88,1651.77
2026-09-06 09:10:00,757.87,758.8,757.6,758.79,3303.37
2026-09-06 09:15:00,758.8,759.19,758.0,758.63,2253.13
2026-09-06 09:20:00,758.64,758.88,758.04,758.75,2292.41
2026-09-06 09:25:00,758.74,759.31,758.34,759.17,1679.5
2026-09-06 09:30:00,759.16,759.41,758.77,758.91,2634.22
2026-09-06 09:35:00,758.9,759.11,758.49,758.7,2219.01
2026-09-06 09:40:00,758.7,758.7,757.3,757.67,1794.98
2026-09-06 09:45:00,757.68,757.87,757.53,757.53,824.56
2026-09-06 09:50:00,757.53,757.67,757.24,757.66,1087.65
2026-09-06 09:55:00,757.67,758.05,757.45,757.99,2515.58
2026-09-06 10:00:00,758.0,758.53,757.78,758.34,1391.03
2026-09-06 10:05:00,758.34,758.81,757.88,758.38,1162.74
2026-09-06 10:10:00,758.38,758.57,758.32,758.41,530.59
2026-09-06 10:15:00,758.42,759.0,758.41,758.57,1961.0
2026-09-06 10:20:00,758.56,758.85,757.85,757.86,1334.33
2026-09-06 10:25:00,757.85,757.86,756.69,757.02,3423.0
2026-09-06 10:30:00,757.02,757.72,756.7,757.72,1630.83
2026-09-06 10:35:00,757.71,757.87,757.14,757.35,489.63
2026-09-06 10:40:00,757.35,757.71,757.31,757.33,676.12
2026-09-06 10:45:00,757.33,758.07,757.32,758.07,1004.69
2026-09-06 10:50:00,758.07,758.12,757.29,757.53,685.63
2026-09-06 10:55:00,757.53,758.2,757.21,757.91,4189.1
2026-09-06 11:00:00,757.91,758.6,757.41,757.41,1991.21
2026-09-06 11:05:00,757.42,757.62,757.0,757.13,950.88
2026-09-06 11:10:00,757.13,758.04,757.12,758.03,1238.63
2026-09-06 11:15:00,758.03,758.04,757.3,757.61,1085.62
2026-09-06 11:20:00,757.61,758.13,757.26,758.13,1128.96
2026-09-06 11:25:00,758.12,759.27,757.57,758.48,3335.32
2026-09-06 11:30:00,758.49,758.56,757.6,758.18,2233.43
2026-09-06 11:35:00,758.17,758.18,757.32,757.38,1380.51
2026-09-06 11:40:00,757.37,758.44,757.36,758.13,1086.0
2026-09-06 11:45:00,758.13,758.86,757.93,758.72,1247.49
2026-09-06 11:50:00,758.72,759.04,758.72,758.92,927.52
2026-09-06 11:55:00,758.91,758.96,758.25,758.59,1263.01
2026-09-06 12:00:00,758.59,758.6,758.03,758.24,1385.12
2026-09-06 12:05:00,758.23,758.29,758.02,758.23,1115.7
2026-09-06 12:10:00,758.22,758.87,757.52,758.56,4190.94
2026-09-06 12:15:00,758.56,758.73,758.13,758.13,1214.16
2026-09-06 12:20:00,758.13,758.52,757.92,758.41,953.77
2026-09-06 12:25:00,758.41,758.91,757.66,757.87,1507.92
2026-09-06 12:30:00,757.87,758.36,757.48,757.81,1531.53
2026-09-06 12:35:00,757.8,758.0,756.93,757.22,1947.7
2026-09-06 12:40:00,757.22,757.23,755.61,755.94,4614.82
2026-09-06 12:45:00,755.93,756.02,754.8,755.44,4324.37
2026-09-06 12:50:00,755.44,756.99,755.36,756.85,2383.39
2026-09-06 12:55:00,756.85,756.96,755.9,756.12,1795.77
2026-09-06 13:00:00,756.13,756.2,753.66,754.92,5788.89
2026-09-06 13:05:00,754.92,755.64,754.67,754.9,2443.68
2026-09-06 13:10:00,754.91,755.0,753.85,753.96,2557.43
2026-09-06 13:15:00,753.96,753.97,752.51,752.52,4997.48
2026-09-06 13:20:00,752.51,752.76,751.03,751.53,6183.28
2026-09-06 13:25:00,751.54,752.5,751.46,751.83,3544.67
2026-09-06 13:30:00,751.84,752.5,751.18,751.7,3496.55
2026-09-06 13:35:00,751.7,752.36,751.7,751.86,2227.56
2026-09-06 13:40:00,751.85,752.5,751.49,752.17,2426.98
2026-09-06 13:45:00,752.17,752.93,751.78,752.16,1560.97
2026-09-06 13:50:00,752.16,752.3,751.66,751.67,1928.38
2026-09-06 13:55:00,751.67,752.21,750.77,751.65,5082.56
2026-09-06 14:00:00,751.65,751.66,750.05,750.51,4987.08
2026-09-06 14:05:00,750.5,750.82,748.88,749.06,7070.33
2026-09-06 14:10:00,749.06,749.43,747.4,748.47,9072.69
2026-09-06 14:15:00,748.47,748.98,747.29,748.4,4738.94
2026-09-06 14:20:00,748.41,748.41,744.25,744.84,15509.56
2026-09-06 14:25:00,744.84,745.76,744.36,745.16,5014.4
2026-09-06 14:30:00,745.15,745.39,741.71,745.06,13465.33
2026-09-06 14:35:00,745.07,746.61,743.33,744.47,10943.68
2026-09-06 14:40:00,744.46,745.25,743.78,744.92,7083.84
2026-09-06 14:45:00,744.92,744.94,742.39,743.08,5477.8
2026-09-06 14:50:00,743.08,744.35,743.08,743.43,4290.29
2026-09-06 14:55:00,743.44,743.78,741.71,742.12,3996.53
2026-09-06 15:00:00,742.12,743.09,740.59,743.09,7863.91
2026-09-06 15:05:00,743.09,743.99,742.39,743.5,4544.71
2026-09-06 15:10:00,743.5,744.03,742.86,743.44,2522.48
2026-09-06 15:15:00,743.44,744.79,743.42,744.73,2705.62
2026-09-06 15:20:00,744.73,745.45,744.28,744.63,3856.52
2026-09-06 15:25:00,744.63,744.87,744.46,744.73,1453.42
2026-09-06 15:30:00,744.72,744.98,744.23,744.87,1280.45
2026-09-06 15:35:00,744.87,745.97,744.59,745.46,2928.26
2026-09-06 15:40:00,745.46,745.9,745.14,745.16,3268.32
2026-09-06 15:45:00,745.16,746.73,745.16,746.65,3552.28
2026-09-06 15:50:00,746.66,746.66,745.71,745.97,2166.66
2026-09-06 15:55:00,745.97,746.61,745.97,746.32,1364.48
2026-09-06 16:00:00,746.33,746.89,745.41,745.42,3483.89
2026-09-06 16:05:00,745.42,746.3,745.42,745.67,1978.47
2026-09-06 16:10:00,745.68,747.54,745.67,747.53,2990.9
2026-09-06 16:15:00,747.54,747.54,746.78,747.42,2456.45
2026-09-06 16:20:00,747.41,747.49,746.67,746.67,1155.93
2026-09-06 16:25:00,746.68,748.78,746.22,748.43,3337.46
2026-09-06 16:30:00,748.42,749.26,747.4,748.9,4006.86
2026-09-06 16:35:00,748.91,749.01,747.55,747.79,2489.83
2026-09-06 16:40:00,747.79,748.17,747.59,747.95,1936.77
2026-09-06 16:45:00,747.96,748.21,747.7,747.9,980.07
2026-09-06 16:50:00,747.9,748.04,747.67,747.79,895.77
2026-09-06 16:55:00,747.79,748.46,747.49,748.18,2142.57
2026-09-06 17:00:00,748.18,748.18,747.15,747.78,2671.97
2026-09-06 17:05:00,747.77,748.18,747.61,747.75,1902.63
2026-09-06 17:10:00,747.74,748.41,747.74,748.05,1793.44
2026-09-06 17:15:00,748.06,748.32,747.64,748.31,1221.56
2026-09-06 17:20:00,748.32,748.92,747.95,748.18,1465.16
2026-09-06 17:25:00,748.18,748.61,747.04,747.37,2248.4
2026-09-06 17:30:00,747.38,748.25,747.18,748.04,1220.62
2026-09-06 17:35:00,748.04,748.57,747.35,748.42,1326.24
2026-09-06 17:40:00,748.43,748.43,748.0,748.08,672.18
2026-09-06 17:45:00,748.08,748.17,747.83,747.92,489.34
2026-09-06 17:50:00,747.92,748.04,747.47,747.56,499.69
2026-09-06 17:55:00,747.57,748.83,747.56,748.54,1941.65
2026-09-06 18:00:00,748.54,748.65,748.16,748.16,862.68
2026-09-06 18:05:00,748.16,748.72,748.16,748.52,1057.87
2026-09-06 18:10:00,748.52,748.95,748.0,748.49,3074.72
2026-09-06 18:15:00,748.48,748.64,748.27,748.48,1330.54
2026-09-06 18:20:00,748.48,749.23,748.44,749.2,912.92
2026-09-06 18:25:00,749.2,749.84,749.06,749.55,2255.88
2026-09-06 18:30:00,749.56,750.51,749.37,749.93,2818.54
2026-09-06 18:35:00,749.92,750.0,749.34,749.38,1464.71
2026-09-06 18:40:00,749.38,749.92,749.27,749.9,2179.74
2026-09-06 18:45:00,749.9,750.18,749.5,749.83,1267.17
2026-09-06 18:50:00,749.83,750.2,749.5,749.5,756.77
2026-09-06 18:55:00,749.5,750.16,749.32,750.01,2543.75
2026-09-06 19:00:00,750.01,750.47,749.95,750.45,1592.68
2026-09-06 19:05:00,750.45,750.68,750.16,750.42,871.42
2026-09-06 19:10:00,750.42,750.9,750.42,750.86,1310.53
2026-09-06 19:15:00,750.86,750.9,750.38,750.43,1199.83
2026-09-06 19:20:00,750.43,750.44,749.8,750.01,955.66
2026-09-06 19:25:00,750.01,750.2,749.84,749.95,911.42
2026-09-06 19:30:00,749.95,749.95,749.23,749.47,705.13
2026-09-06 19:35:00,749.48,749.49,749.31,749.31,413.44
2026-09-06 19:40:00,749.32,749.63,749.24,749.56,740.95
2026-09-06 19:45:00,749.56,749.56,749.01,749.28,536.39
2026-09-06 19:50:00,749.27,749.62,749.21,749.41,517.51
2026-09-06 19:55:00,749.41,749.98,749.2,749.64,3405.32
2026-09-06 20:00:00,749.64,750.59,749.45,750.14,2190.22
2026-09-06 20:05:00,750.14,750.36,749.96,749.96,298.25
2026-09-06 20:10:00,749.96,750.09,749.9,749.96,508.11
2026-09-06 20:15:00,749.96,750.4,749.39,750.12,1678.51
2026-09-06 20:20:00,750.12,751.09,750.12,750.59,1862.06
2026-09-06 20:25:00,750.59,751.46,750.45,751.1,2027.94
2026-09-06 20:30:00,751.11,752.09,751.1,751.6,2051.7
2026-09-06 20:35:00,751.59,751.63,751.24,751.3,780.75
2026-09-06 20:40:00,751.3,751.55,751.05,751.55,1023.06
2026-09-06 20:45:00,751.55,752.11,751.54,752.11,988.84
2026-09-06 20:50:00,752.12,752.17,751.75,751.77,786.96
2026-09-06 20:55:00,751.77,752.06,751.76,751.92,575.38
2026-09-06 21:00:00,751.92,752.59,751.77,752.27,1523.36
2026-09-06 21:05:00,752.27,753.68,752.19,753.41,4753.12
2026-09-06 21:10:00,753.4,753.55,752.36,752.84,1243.29
2026-09-06 21:15:00,752.85,754.28,752.84,754.15,3570.46
2026-09-06 21:20:00,754.15,754.16,753.43,753.43,1393.49
2026-09-06 21:25:00,753.43,753.98,753.05,753.18,1399.35
2026-09-06 21:30:00,753.19,753.39,752.81,753.16,633.05
2026-09-06 21:35:00,753.16,754.11,753.16,753.46,1206.59
2026-09-06 21:40:00,753.46,753.59,752.33,752.57,2500.81
2026-09-06 21:45:00,752.57,753.46,752.37,752.61,3279.99
2026-09-06 21:50:00,752.6,752.61,751.79,752.07,1014.93
2026-09-06 21:55:00,752.06,752.16,751.55,751.83,719.99
2026-09-06 22:00:00,751.83,751.84,750.19,751.17,3510.24
2026-09-06 22:05:00,751.17,751.74,750.27,750.3,2034.82
2026-09-06 22:10:00,750.31,750.66,749.82,750.14,2938.24
2026-09-06 22:15:00,750.13,750.22,748.74,749.02,2161.35
2026-09-06 22:20:00,749.02,749.8,748.85,749.38,1689.51
2026-09-06 22:25:00,749.38,750.17,749.37,749.78,702.37
2026-09-06 22:30:00,749.79,750.94,749.78,750.94,929.46
2026-09-06 22:35:00,750.95,751.75,750.85,751.0,1888.89
2026-09-06 22:40:00,751.01,751.65,751.0,751.35,965.01
2026-09-06 22:45:00,751.36,751.36,750.8,751.11,911.78
2026-09-06 22:50:00,751.11,752.36,750.98,751.93,2049.02
2026-09-06 22:55:00,751.93,752.26,751.35,751.91,1608.16
2026-09-06 23:00:00,751.91,753.96,751.52,753.51,2598.08
2026-09-06 23:05:00,753.48,753.84,752.6,752.98,1387.74
2026-09-06 23:10:00,752.98,753.2,752.61,752.76,954.44
2026-09-06 23:15:00,752.75,753.89,752.32,753.77,1416.5
2026-09-06 23:20:00,753.77,753.77,752.54,752.54,1838.76
2026-09-06 23:25:00,752.54,752.9,752.09,752.53,909.56
2026-09-06 23:30:00,752.54,752.84,752.43,752.82,759.57
2026-09-06 23:35:00,752.81,755.0,752.81,754.49,3580.95
2026-09-06 23:40:00,754.5,755.0,753.83,754.2,2877.01
2026-09-06 23:45:00,754.21,755.35,754.11,754.38,3518.31
2026-09-06 23:50:00,754.38,754.6,753.09,753.28,2055.73
2026-09-06 23:55:00,753.27,753.54,752.63,753.48,1341.68
2026-09-07 00:00:00,753.48,754.51,752.54,754.43,7374.52
2026-09-07 00:05:00,754.44,756.38,754.44,755.5,10940.64
2026-09-07 00:10:00,755.5,757.01,755.06,755.06,2931.07
2026-09-07 00:15:00,755.06,755.43,752.46,752.62,3564.48
2026-09-07 00:20:00,752.63,753.48,751.95,752.44,2427.77
2026-09-07 00:25:00,752.44,753.09,752.22,752.99,909.84
2026-09-07 00:30:00,752.99,753.41,751.76,752.35,1748.93
2026-09-07 00:35:00,752.35,753.45,752.24,753.34,1470.83
2026-09-07 00:40:00,753.34,753.65,752.8,753.02,1458.17
2026-09-07 00:45:00,753.03,753.81,752.7,752.99,1464.89
2026-09-07 00:50:00,752.99,752.99,751.48,751.86,1363.91
2026-09-07 00:55:00,751.86,751.87,750.44,750.94,2697.55
2026-09-07 01:00:00,750.94,751.33,750.02,751.33,1963.2
2026-09-07 01:05:00,751.34,751.53,747.64,748.62,3950.14
2026-09-07 01:10:00,748.62,749.94,748.13,748.49,2973.55
2026-09-07 01:15:00,748.48,748.78,746.59,747.14,9221.08
2026-09-07 01:20:00,747.15,748.0,746.57,747.75,1835.09
2026-09-07 01:25:00,747.76,747.76,746.74,747.53,1835.65
2026-09-07 01:30:00,747.52,748.27,746.75,748.07,2367.48
2026-09-07 01:35:00,748.07,748.08,747.22,747.37,987.64
2026-09-07 01:40:00,747.38,747.48,746.09,746.64,2280.13
2026-09-07 01:45:00,746.63,747.44,746.07,747.0,1677.58
2026-09-07 01:50:00,747.01,748.28,746.79,748.2,955.47
2026-09-07 01:55:00,748.21,749.35,748.2,749.17,2333.87
2026-09-07 02:00:00,749.16,749.69,748.64,748.64,1183.9
2026-09-07 02:05:00,748.65,748.75,747.78,748.08,1467.76
2026-09-07 02:10:00,748.09,748.93,747.98,748.93,1018.13
2026-09-07 02:15:00,748.92,750.74,748.92,750.54,1716.89
2026-09-07 02:20:00,750.54,751.78,750.54,751.64,1928.25
2026-09-07 02:25:00,751.63,753.15,751.48,752.76,2394.02
2026-09-07 02:30:00,752.76,753.67,752.5,752.66,2070.13
2026-09-07 02:35:00,752.67,756.52,752.66,756.01,7050.2
2026-09-07 02:40:00,756.01,756.06,754.16,754.43,2670.49
2026-09-07 02:45:00,754.44,754.59,753.91,754.19,1738.92
2026-09-07 02:50:00,754.19,754.19,751.44,751.54,2801.6
2026-09-07 02:55:00,751.54,751.54,747.64,749.0,9342.98
2026-09-07 03:00:00,748.99,750.64,748.26,750.57,3085.73
2026-09-07 03:05:00,750.56,750.81,749.17,749.52,1563.36
2026-09-07 03:10:00,749.53,749.79,749.05,749.35,585.85
2026-09-07 03:15:00,749.35,749.56,748.36,749.28,1565.16
2026-09-07 03:20:00,749.27,749.84,749.0,749.15,894.39
2026-09-07 03:25:00,749.15,749.24,748.17,748.39,1287.1
2026-09-07 03:30:00,748.38,748.89,747.91,748.42,1227.51
2026-09-07 03:35:00,748.42,748.59,745.32,746.35,6693.67
2026-09-07 03:40:00,746.36,746.52,745.83,746.0,1833.89
2026-09-07 03:45:00,746.0,746.79,745.75,745.88,2231.66
2026-09-07 03:50:00,745.88,746.31,745.47,746.31,1224.88
2026-09-07 03:55:00,746.31,747.11,746.31,746.7,1862.76
2026-09-07 04:00:00,746.7,747.23,746.55,747.19,1019.79
2026-09-07 04:05:00,747.2,747.2,746.46,746.81,983.36
2026-09-07 04:10:00,746.82,747.24,746.11,747.23,1378.27
2026-09-07 04:15:00,747.24,747.69,746.6,747.19,1229.04
2026-09-07 04:20:00,747.19,748.05,747.18,747.42,1009.81
2026-09-07 04:25:00,747.43,747.97,746.62,746.62,2154.57
2026-09-07 04:30:00,746.63,747.04,746.45,746.8,616.48
2026-09-07 04:35:00,746.8,746.85,745.92,746.5,1045.84
2026-09-07 04:40:00,746.5,747.12,746.38,747.11,807.91
2026-09-07 04:45:00,747.12,747.36,746.78,747.01,1052.6
2026-09-07 04:50:00,747.01,747.27,746.28,746.47,637.61
2026-09-07 04:55:00,746.47,747.9,746.43,747.58,1371.76
2026-09-07 05:00:00,747.59,747.99,747.23,747.99,679.9
2026-09-07 05:05:00,747.99,748.37,747.44,748.14,1148.37
2026-09-07 05:10:00,748.13,748.4,747.29,747.85,1685.88
2026-09-07 05:15:00,747.85,748.81,747.81,748.8,1271.5
2026-09-07 05:20:00,748.8,749.2,748.32,749.13,846.48
2026-09-07 05:25:00,749.13,749.64,748.47,748.88,994.23
2026-09-07 05:30:00,748.88,749.36,748.52,748.96,1074.3
2026-09-07 05:35:00,748.95,750.86,748.71,749.75,4327.34
2026-09-07 05:40:00,749.75,750.45,749.6,750.33,471.98
2026-09-07 05:45:00,750.34,750.76,749.84,750.32,895.26
2026-09-07 05:50:00,750.31,750.32,748.96,749.1,1630.1
2026-09-07 05:55:00,749.1,749.23,748.97,749.04,600.17
2026-09-07 06:00:00,749.04,749.67,748.9,749.67,677.11
2026-09-07 06:05:00,749.67,749.68,748.74,749.19,659.76
2026-09-07 06:10:00,749.19,749.65,748.83,749.55,1281.3
2026-09-07 06:15:00,749.54,749.8,748.52,748.59,1339.11
2026-09-07 06:20:00,748.59,748.59,746.99,747.77,3186.92
2026-09-07 06:25:00,747.77,747.78,746.91,746.95,861.01
2026-09-07 06:30:00,746.96,747.27,746.74,747.03,846.92
2026-09-07 06:35:00,747.03,747.03,745.51,745.78,2583.09
2026-09-07 06:40:00,745.77,746.33,745.61,745.61,1017.95
2026-09-07 06:45:00,745.62,746.37,745.62,746.05,1072.65
2026-09-07 06:50:00,746.05,746.48,746.05,746.13,874.87
2026-09-07 06:55:00,746.13,746.14,745.75,745.97,698.26
2026-09-07 07:00:00,745.96,746.02,745.1,745.31,995.32
2026-09-07 07:05:00,745.31,745.76,744.82,745.44,1970.08
2026-09-07 07:10:00,745.45,745.96,745.04,745.05,1001.85
2026-09-07 07:15:00,745.05,745.54,744.87,744.98,889.82
2026-09-07 07:20:00,744.97,745.0,743.88,744.14,2040.13
2026-09-07 07:25:00,744.15,744.99,743.12,743.12,2378.03
2026-09-07 07:30:00,743.13,744.21,741.72,743.26,4400.67
2026-09-07 07:35:00,743.25,743.56,741.75,741.84,2511.77
2026-09-07 07:40:00,741.83,743.56,740.8,743.43,3864.15
2026-09-07 07:45:00,743.44,744.26,743.42,743.8,1744.47
2026-09-07 07:50:00,743.79,744.4,743.54,743.69,1515.09
2026-09-07 07:55:00,743.69,744.76,743.68,744.39,1608.92
2026-09-07 08:00:00,744.4,745.57,744.3,744.88,2135.8
2026-09-07 08:05:00,744.88,745.97,744.87,745.89,1788.81
2026-09-07 08:10:00,745.9,746.03,745.3,745.31,819.88
2026-09-07 08:15:00,745.31,745.77,745.2,745.41,718.12
2026-09-07 08:20:00,745.41,745.54,744.81,744.99,1119.41
2026-09-07 08:25:00,744.99,745.61,744.73,744.96,1126.36
2026-09-07 08:30:00,744.95,745.48,744.82,745.05,1181.05
2026-09-07 08:35:00,745.04,745.2,744.38,744.97,1023.77
2026-09-07 08:40:00,744.96,745.41,744.88,745.16,1239.04
2026-09-07 08:45:00,745.16,745.64,744.76,744.77,735.38
2026-09-07 08:50:00,744.78,745.37,744.57,745.17,573.69
2026-09-07 08:55:00,745.17,745.67,745.16,745.67,511.29
2026-09-07 09:00:00,745.66,745.82,745.3,745.31,886.05
2026-09-07 09:05:00,745.3,745.5,744.58,745.5,1017.94
2026-09-07 09:10:00,745.5,746.67,745.08,746.24,2607.38
2026-09-07 09:15:00,746.24,747.43,745.8,745.8,1930.32
2026-09-07 09:20:00,745.8,745.88,745.31,745.48,1900.07
2026-09-07 09:25:00,745.49,745.92,745.31,745.81,719.18
2026-09-07 09:30:00,745.82,746.04,745.0,745.0,1011.55
2026-09-07 09:35:00,745.01,745.15,744.75,745.02,607.13
2026-09-07 09:40:00,745.01,745.21,744.83,745.2,362.04
2026-09-07 09:45:00,745.21,745.59,744.43,744.43,870.97
2026-09-07 09:50:00,744.43,744.44,743.03,743.62,2647.08
2026-09-07 09:55:00,743.63,743.77,743.28,743.29,761.82
2026-09-07 10:00:00,743.29,743.85,743.08,743.79,1759.74
2026-09-07 10:05:00,743.79,744.38,743.22,743.85,1205.5
2026-09-07 10:10:00,743.84,744.14,743.28,743.95,2295.4
2026-09-07 10:15:00,743.95,744.53,743.58,744.25,1911.06
2026-09-07 10:20:00,744.25,744.41,744.0,744.41,593.06
2026-09-07 10:25:00,744.41,744.41,743.46,744.07,2979.77
2026-09-07 10:30:00,744.07,744.6,744.01,744.11,1177.16
2026-09-07 10:35:00,744.12,744.57,744.11,744.49,537.45
2026-09-07 10:40:00,744.49,745.47,744.49,745.36,739.78
2026-09-07 10:45:00,745.35,745.35,744.67,744.82,625.6
2026-09-07 10:50:00,744.82,745.08,744.61,744.83,620.05
2026-09-07 10:55:00,744.82,744.83,743.84,744.19,984.51
2026-09-07 11:00:00,744.2,744.56,743.68,743.83,1057.4
2026-09-07 11:05:00,743.82,744.2,743.82,744.0,475.15
2026-09-07 11:10:00,744.0,744.74,743.99,744.6,741.25
2026-09-07 11:15:00,744.59,745.2,744.31,745.18,1042.59
2026-09-07 11:20:00,745.19,745.33,744.11,744.27,2351.15
2026-09-07 11:25:00,744.28,744.92,744.0,744.0,1738.66
2026-09-07 11:30:00,744.0,745.07,743.97,744.66,1581.22
2026-09-07 11:35:00,744.67,744.83,744.21,744.26,1099.54
2026-09-07 11:40:00,744.25,744.52,743.66,744.13,1501.0
2026-09-07 11:45:00,744.13,745.18,744.13,744.89,1645.43
2026-09-07 11:50:00,744.89,745.22,744.64,744.72,844.29
2026-09-07 11:55:00,744.73,745.41,744.73,745.4,767.83
2026-09-07 12:00:00,745.4,745.56,745.01,745.25,694.73
2026-09-07 12:05:00,745.25,746.51,745.25,745.9,1753.09
2026-09-07 12:10:00,745.89,746.0,745.33,745.5,878.33
2026-09-07 12:15:00,745.5,746.0,745.36,745.99,797.91
2026-09-07 12:20:00,746.0,746.42,745.74,746.06,1658.86
2026-09-07 12:25:00,746.06,746.51,746.06,746.13,663.28
2026-09-07 12:30:00,746.13,746.14,745.65,745.7,842.92
2026-09-07 12:35:00,745.69,746.04,745.53,745.57,889.72
2026-09-07 12:40:00,745.56,746.36,745.56,746.17,615.19
2026-09-07 12:45:00,746.17,746.72,746.03,746.59,1242.2
2026-09-07 12:50:00,746.59,747.71,746.59,747.63,1786.42
2026-09-07 12:55:00,747.64,747.85,747.44,747.57,2432.81
2026-09-07 13:00:00,747.58,747.82,746.94,747.5,2501.8
2026-09-07 13:05:00,747.49,747.58,746.92,747.3,1561.17
2026-09-07 13:10:00,747.3,748.08,747.21,748.07,2055.87
2026-09-07 13:15:00,748.08,748.08,746.63,747.23,2503.45
2026-09-07 13:20:00,747.24,748.05,747.05,747.39,1764.86
2026-09-07 13:25:00,747.39,747.92,747.11,747.27,1855.87
2026-09-07 13:30:00,747.27,747.76,746.53,746.55,3449.0
2026-09-07 13:35:00,746.55,746.95,745.63,746.95,2730.24
2026-09-07 13:40:00,746.95,746.96,745.95,745.97,1178.96
2026-09-07 13:45:00,745.96,746.23,744.5,745.34,3117.9
2026-09-07 13:50:00,745.34,746.26,744.63,746.26,1756.35
2026-09-07 13:55:00,746.26,746.6,745.8,745.99,1285.3
2026-09-07 14:00:00,745.99,746.06,744.59,745.19,1585.96
2026-09-07 14:05:00,745.19,745.51,744.35,744.45,2627.68
2026-09-07 14:10:00,744.45,745.34,744.16,745.05,1846.94
2026-09-07 14:15:00,745.06,745.59,744.44,744.89,855.09
2026-09-07 14:20:00,744.88,744.89,744.1,744.13,1229.54
2026-09-07 14:25:00,744.13,744.61,743.67,743.67,878.12
2026-09-07 14:30:00,743.67,744.33,743.4,743.86,1809.38
2026-09-07 14:35:00,743.86,744.36,743.03,743.17,1598.15
2026-09-07 14:40:00,743.17,743.17,741.37,742.61,4311.33
2026-09-07 14:45:00,742.62,743.71,742.6,743.42,2066.91
2026-09-07 14:50:00,743.41,744.71,743.35,744.57,1568.18
2026-09-07 14:55:00,744.56,744.57,743.97,743.97,553.29
2026-09-07 15:00:00,743.97,743.98,742.71,742.71,1230.47
2026-09-07 15:05:00,742.71,742.95,741.72,742.38,2428.42
2026-09-07 15:10:00,742.38,742.56,741.23,741.23,2056.63
2026-09-07 15:15:00,741.24,741.69,738.25,741.58,12194.26
2026-09-07 15:20:00,741.59,742.26,741.42,742.26,2463.16
2026-09-07 15:25:00,742.25,742.48,741.46,741.69,2058.14
2026-09-07 15:30:00,741.69,741.78,738.5,739.32,5618.39
2026-09-07 15:35:00,739.33,739.91,737.26,737.57,7955.05
2026-09-07 15:40:00,737.57,738.0,735.6,737.25,6722.41
2026-09-07 15:45:00,737.25,737.45,736.21,737.24,3470.44
2026-09-07 15:50:00,737.24,737.62,736.1,736.14,2305.61
2026-09-07 15:55:00,736.14,736.61,733.24,735.12,9169.77
2026-09-07 16:00:00,735.13,736.98,734.79,736.17,4616.79
2026-09-07 16:05:00,736.17,737.14,736.16,736.82,1607.18
2026-09-07 16:10:00,736.81,738.72,736.81,738.35,3843.38
2026-09-07 16:15:00,738.35,738.47,737.41,738.08,2306.11
2026-09-07 16:20:00,738.07,738.48,737.69,738.0,1643.04
2026-09-07 16:25:00,738.0,738.36,737.7,738.12,1029.9
2026-09-07 16:30:00,738.12,739.16,737.67,739.03,1160.49
2026-09-07 16:35:00,739.02,740.0,738.87,739.87,1691.12
2026-09-07 16:40:00,739.88,740.65,739.51,740.14,2313.66
2026-09-07 16:45:00,740.13,740.44,740.05,740.21,1585.4
2026-09-07 16:50:00,740.2,740.53,740.05,740.36,593.48
2026-09-07 16:55:00,740.36,740.63,740.0,740.4,1407.9
2026-09-07 17:00:00,740.41,740.41,739.71,739.81,2402.54
2026-09-07 17:05:00,739.81,740.77,739.8,740.11,1364.03
2026-09-07 17:10:00,740.12,740.87,740.11,740.86,1094.13
2026-09-07 17:15:00,740.85,741.08,740.56,740.74,1104.91
2026-09-07 17:20:00,740.75,740.97,740.17,740.58,480.22
2026-09-07 17:25:00,740.57,740.92,740.04,740.62,914.48
2026-09-07 17:30:00,740.63,740.78,740.42,740.48,342.44
2026-09-07 17:35:00,740.48,741.4,740.12,741.07,821.13
2026-09-07 17:40:00,741.06,741.47,741.01,741.34,366.32
2026-09-07 17:45:00,741.35,741.69,741.06,741.25,346.4
2026-09-07 17:50:00,741.26,742.02,741.26,741.61,900.1
2026-09-07 17:55:00,741.61,741.66,741.0,741.16,635.82
2026-09-07 18:00:00,741.16,741.36,740.93,741.36,671.8
2026-09-07 18:05:00,741.35,742.0,740.47,740.6,1497.29
2026-09-07 18:10:00,740.6,741.11,740.31,740.32,1202.37
2026-09-07 18:15:00,740.32,740.6,740.17,740.54,949.14
2026-09-07 18:20:00,740.55,741.0,739.68,739.75,1626.04
2026-09-07 18:25:00,739.75,740.29,739.36,739.99,794.85
2026-09-07 18:30:00,739.99,740.11,738.88,739.37,1026.66
2026-09-07 18:35:00,739.38,739.66,738.95,739.45,1924.65
2026-09-07 18:40:00,739.46,739.85,739.19,739.82,712.71
2026-09-07 18:45:00,739.82,740.0,739.68,739.99,328.16
2026-09-07 18:50:00,740.0,740.55,739.96,740.53,531.68
2026-09-07 18:55:00,740.53,740.59,739.86,740.2,347.15
2026-09-07 19:00:00,740.21,740.25,739.39,739.83,367.44
2026-09-07 19:05:00,739.82,739.94,739.53,739.53,307.55
2026-09-07 19:10:00,739.53,740.11,739.46,740.11,371.21
2026-09-07 19:15:00,740.1,740.2,740.1,740.12,211.91
2026-09-07 19:20:00,740.12,740.8,740.12,740.79,260.88
2026-09-07 19:25:00,740.79,740.81,740.46,740.56,252.05
2026-09-07 19:30:00,740.56,741.93,740.55,741.66,793.86
2026-09-07 19:35:00,741.66,742.39,741.36,742.19,805.53
2026-09-07 19:40:00,742.19,742.35,742.17,742.27,235.04
2026-09-07 19:45:00,742.27,742.48,742.18,742.2,731.6
2026-09-07 19:50:00,742.2,742.23,741.7,742.01,1099.65
2026-09-07 19:55:00,742.01,742.28,741.96,742.27,479.12
2026-09-07 20:00:00,742.27,742.41,741.45,741.54,970.94
2026-09-07 20:05:00,741.54,741.54,740.16,740.7,2289.9
2026-09-07 20:10:00,740.7,740.78,739.82,740.07,1933.29
2026-09-07 20:15:00,740.06,740.45,739.96,740.44,436.45
2026-09-07 20:20:00,740.44,740.45,739.39,739.59,705.57
2026-09-07 20:25:00,739.58,739.78,739.53,739.78,231.44
2026-09-07 20:30:00,739.78,740.43,739.53,740.3,757.88
2026-09-07 20:35:00,740.3,740.42,740.0,740.11,314.55
2026-09-07 20:40:00,740.12,740.4,739.96,740.16,372.64
2026-09-07 20:45:00,740.16,740.4,739.88,740.28,787.15
2026-09-07 20:50:00,740.29,740.56,739.96,740.12,675.6
2026-09-07 20:55:00,740.13,740.61,740.12,740.6,194.63
2026-09-07 21:00:00,740.61,740.61,740.33,740.33,884.96
2026-09-07 21:05:00,740.33,740.34,740.09,740.09,111.68
2026-09-07 21:10:00,740.09,740.62,740.04,740.61,1452.17
2026-09-07 21:15:00,740.61,740.71,739.91,740.45,868.52
2026-09-07 21:20:00,740.45,740.63,740.26,740.26,210.01
2026-09-07 21:25:00,740.26,740.4,740.0,740.0,501.43
2026-09-07 21:30:00,740.0,740.06,739.79,739.84,211.8
2026-09-07 21:35:00,739.85,739.98,739.35,739.86,587.76
2026-09-07 21:40:00,739.85,740.31,739.6,740.11,1927.84
2026-09-07 21:45:00,740.11,740.26,739.42,739.42,833.77
2026-09-07 21:50:00,739.43,740.15,739.05,740.09,964.14
2026-09-07 21:55:00,740.09,740.52,739.68,739.68,2121.3
2026-09-07 22:00:00,739.69,739.74,738.34,739.34,1553.34
2026-09-07 22:05:00,739.35,739.91,738.96,739.86,691.07
2026-09-07 22:10:00,739.86,740.25,739.09,739.24,1969.18
2026-09-07 22:15:00,739.24,739.39,738.18,738.48,1392.81
2026-09-07 22:20:00,738.48,739.73,738.14,739.59,535.78
2026-09-07 22:25:00,739.59,740.31,738.93,738.93,3073.22
2026-09-07 22:30:00,738.93,739.27,738.25,738.57,2448.25
2026-09-07 22:35:00,738.57,738.58,737.15,737.29,1076.42
2026-09-07 22:40:00,737.29,737.35,736.36,737.1,1916.52
2026-09-07 22:45:00,737.1,738.24,737.09,738.24,538.51
2026-09-07 22:50:00,738.23,738.46,738.12,738.12,315.77
2026-09-07 22:55:00,738.13,738.96,737.78,738.86,1346.03
2026-09-07 23:00:00,738.86,740.07,738.78,739.61,1265.42
2026-09-07 23:05:00,739.6,740.4,739.19,740.11,1129.11
2026-09-07 23:10:00,740.11,740.53,740.11,740.24,789.78
2026-09-07 23:15:00,740.24,740.24,739.46,740.03,1162.46
2026-09-07 23:20:00,740.02,740.03,738.57,738.81,770.11
2026-09-07 23:25:00,738.82,739.62,738.82,739.44,357.33
2026-09-07 23:30:00,739.43,739.49,738.71,738.9,873.42
2026-09-07 23:35:00,738.9,739.87,738.9,739.81,719.3
2026-09-07 23:40:00,739.81,740.28,739.81,740.27,737.53
2026-09-07 23:45:00,740.28,741.11,740.02,741.1,2062.09
2026-09-07 23:50:00,741.11,741.33,740.8,740.83,478.18
2026-09-07 23:55:00,740.83,740.83,740.32,740.39,642.89
2026-09-08 00:00:00,740.4,740.46,739.36,739.53,1303.15
2026-09-08 00:05:00,739.53,740.36,739.25,739.74,1213.62
2026-09-08 00:10:00,739.75,740.15,739.34,740.03,740.83
2026-09-08 00:15:00,740.02,740.52,739.47,739.47,863.97
2026-09-08 00:20:00,739.46,739.69,738.76,739.45,726.99
2026-09-08 00:25:00,739.45,739.48,738.83,738.83,669.06
2026-09-08 00:30:00,738.83,740.35,738.8,740.34,968.64
2026-09-08 00:35:00,740.35,741.14,740.34,741.09,728.96
2026-09-08 00:40:00,741.09,741.77,740.68,741.01,1143.19
2026-09-08 00:45:00,741.01,741.27,741.01,741.12,556.82
2026-09-08 00:50:00,741.12,741.44,740.72,741.2,756.87
2026-09-08 00:55:00,741.2,741.49,740.42,741.04,2065.81
2026-09-08 01:00:00,741.04,741.17,740.61,740.95,666.35
2026-09-08 01:05:00,740.95,742.01,740.6,741.66,1126.4
2026-09-08 01:10:00,741.65,741.66,740.89,740.89,805.34
2026-09-08 01:15:00,740.9,741.55,740.9,741.26,1103.17
2026-09-08 01:20:00,741.27,742.92,741.22,742.4,1287.51
2026-09-08 01:25:00,742.39,743.37,742.39,742.7,2314.4
2026-09-08 01:30:00,742.7,742.72,742.16,742.32,1088.34
2026-09-08 01:35:00,742.31,742.5,742.01,742.01,532.35
2026-09-08 01:40:00,742.0,742.58,741.89,742.52,509.26
2026-09-08 01:45:00,742.52,742.72,742.31,742.66,385.6
2026-09-08 01:50:00,742.66,742.7,741.98,742.5,594.86
2026-09-08 01:55:00,742.49,743.22,742.49,742.93,480.24
2026-09-08 02:00:00,742.93,742.96,742.4,742.57,524.4
2026-09-08 02:05:00,742.58,742.58,742.06,742.07,642.13
2026-09-08 02:10:00,742.07,742.31,741.69,742.23,657.48
2026-09-08 02:15:00,742.23,742.81,742.14,742.75,651.45
2026-09-08 02:20:00,742.75,743.87,742.55,743.64,1552.63
2026-09-08 02:25:00,743.63,743.7,741.13,741.2,1748.89
2026-09-08 02:30:00,741.2,741.64,740.13,740.45,1190.07
2026-09-08 02:35:00,740.45,740.57,739.94,740.43,1782.18
2026-09-08 02:40:00,740.4,740.7,739.61,740.6,3747.85
2026-09-08 02:45:00,740.6,742.05,740.6,741.48,2194.16
2026-09-08 02:50:00,741.47,741.69,739.8,740.05,1230.82
2026-09-08 02:55:00,740.04,740.48,738.79,738.8,2503.85
2026-09-08 03:00:00,738.8,739.66,738.11,738.44,2905.07
2026-09-08 03:05:00,738.44,739.69,738.44,739.69,1154.99
2026-09-08 03:10:00,739.69,739.73,738.45,738.45,993.93
2026-09-08 03:15:00,738.46,738.96,738.12,738.12,1614.79
2026-09-08 03:20:00,738.12,738.86,737.28,737.6,2939.3
2026-09-08 03:25:00,737.6,738.9,737.59,738.89,1717.76
2026-09-08 03:30:00,738.89,743.0,738.84,742.1,5339.31
2026-09-08 03:35:00,742.1,743.8,742.1,743.53,4354.3
2026-09-08 03:40:00,743.53,744.58,743.42,743.89,4341.81
2026-09-08 03:45:00,743.9,744.52,742.87,743.7,2325.52
2026-09-08 03:50:00,743.69,745.75,743.41,743.78,4073.39
2026-09-08 03:55:00,743.78,744.0,743.18,743.28,1408.69
2026-09-08 04:00:00,743.28,744.09,742.99,743.5,1071.5
2026-09-08 04:05:00,743.49,743.72,743.06,743.49,1121.16
2026-09-08 04:10:00,743.48,743.6,742.44,742.71,2063.99
2026-09-08 04:15:00,742.72,743.96,742.14,743.96,1494.1
2026-09-08 04:20:00,743.96,744.43,743.49,744.29,1535.92
2026-09-08 04:25:00,744.29,745.76,744.12,745.07,2484.27
2026-09-08 04:30:00,745.07,746.76,744.98,745.31,4429.03
2026-09-08 04:35:00,745.31,746.38,745.01,745.98,2246.95
2026-09-08 04:40:00,745.97,746.38,745.23,746.06,1669.85
2026-09-08 04:45:00,746.06,746.62,745.83,746.31,2146.36
2026-09-08 04:50:00,746.3,747.32,745.95,747.05,2574.26
2026-09-08 04:55:00,747.04,747.05,745.8,745.89,2631.66
2026-09-08 05:00:00,745.89,747.68,744.11,745.8,5536.45
2026-09-08 05:05:00,745.79,747.16,745.26,747.01,4319.75
2026-09-08 05:10:00,747.0,749.73,746.96,747.69,7106.96
2026-09-08 05:15:00,747.68,750.93,746.89,750.7,8157.28
2026-09-08 05:20:00,750.7,751.59,750.09,751.18,5875.44
2026-09-08 05:25:00,751.17,754.73,751.02,753.42,9628.31
2026-09-08 05:30:00,753.42,754.99,751.11,751.43,9629.59
2026-09-08 05:35:00,751.43,753.12,751.08,752.32,3838.1
2026-09-08 05:40:00,752.31,754.46,752.31,752.87,4598.77
2026-09-08 05:45:00,752.87,755.0,752.77,754.72,4093.31
2026-09-08 05:50:00,754.73,754.8,750.51,750.94,5438.15
2026-09-08 05:55:00,750.93,751.74,749.73,751.31,4094.64
2026-09-08 06:00:00,751.32,751.69,749.15,749.44,4685.88
2026-09-08 06:05:00,749.43,750.74,749.02,749.56,4739.58
2026-09-08 06:10:00,749.57,750.12,748.34,749.87,5524.67
2026-09-08 06:15:00,749.88,749.88,747.74,747.83,2976.02
2026-09-08 06:20:00,747.82,748.09,744.9,747.43,8477.97
2026-09-08 06:25:00,747.42,748.68,747.12,747.47,4804.25
2026-09-08 06:30:00,747.48,749.33,747.29,748.49,2115.11
2026-09-08 06:35:00,748.49,748.87,747.48,747.8,2849.0
2026-09-08 06:40:00,747.79,749.11,746.81,747.75,2711.27
2026-09-08 06:45:00,747.75,749.45,747.4,747.88,1963.38
2026-09-08 06:50:00,747.96,748.89,745.5,746.19,3453.15
2026-09-08 06:55:00,746.18,748.4,746.17,748.0,2140.81
2026-09-08 07:00:00,748.01,750.0,747.77,748.28,2796.58
2026-09-08 07:05:00,748.28,750.89,748.05,749.67,2639.13
2026-09-08 07:10:00,749.67,750.82,749.66,749.76,1607.98
2026-09-08 07:15:00,749.76,750.92,749.32,750.64,2309.74
2026-09-08 07:20:00,750.65,751.55,750.46,751.36,2580.71
2026-09-08 07:25:00,751.36,752.72,751.29,752.21,2728.98
2026-09-08 07:30:00,752.21,755.9,751.73,755.03,8048.14
2026-09-08 07:35:00,755.02,756.35,754.51,756.06,8857.05
2026-09-08 07:40:00,756.06,757.27,755.2,756.7,7173.72
2026-09-08 07:45:00,756.7,756.9,755.05,755.3,4273.14
2026-09-08 07:50:00,755.29,757.32,754.37,756.8,6209.53
2026-09-08 07:55:00,756.8,758.41,755.0,755.1,6464.19
2026-09-08 08:00:00,755.11,756.53,753.81,755.93,7305.11
2026-09-08 08:05:00,755.94,759.68,755.8,756.89,9316.64
2026-09-08 08:10:00,756.9,758.44,755.8,758.41,4850.72
2026-09-08 08:15:00,758.42,759.88,758.09,759.25,5968.34
2026-09-08 08:20:00,759.25,761.24,758.4,761.06,7615.91
2026-09-08 08:25:00,761.06,761.91,758.75,758.82,9636.19
2026-09-08 08:30:00,758.82,759.91,757.4,758.65,5796.13
2026-09-08 08:35:00,758.65,759.0,757.64,758.75,3768.34
2026-09-08 08:40:00,758.75,758.85,757.34,757.59,3846.49
2026-09-08 08:45:00,757.58,758.63,757.09,758.12,3580.8
2026-09-08 08:50:00,758.12,758.21,754.5,755.29,9416.23
2026-09-08 08:55:00,755.3,755.94,754.66,755.36,2441.26
2026-09-08 09:00:00,755.36,755.9,752.51,752.84,10983.47
2026-09-08 09:05:00,752.84,753.28,749.97,753.27,8878.83
2026-09-08 09:10:00,753.27,755.75,752.86,755.65,3498.45
2026-09-08 09:15:00,755.66,755.85,754.2,754.4,2257.85
2026-09-08 09:20:00,754.4,754.9,753.77,754.2,1693.13
2026-09-08 09:25:00,754.2,756.22,753.76,756.05,2078.73
2026-09-08 09:30:00,756.04,757.6,755.81,757.33,2848.88
2026-09-08 09:35:00,757.32,757.32,755.7,756.44,3657.47
2026-09-08 09:40:00,756.44,756.66,755.84,756.33,3306.26
2026-09-08 09:45:00,756.33,756.84,755.36,755.68,2281.46
2026-09-08 09:50:00,755.67,756.43,755.48,756.17,1243.4
2026-09-08 09:55:00,756.17,756.17,754.38,755.06,1948.03
2026-09-08 10:00:00,755.06,755.79,753.9,755.5,2163.71
2026-09-08 10:05:00,755.49,755.9,754.85,754.85,2217.95
2026-09-08 10:10:00,754.85,756.24,754.53,756.0,1264.62
2026-09-08 10:15:00,756.01,757.0,755.83,756.92,2366.97
2026-09-08 10:20:00,756.93,758.43,756.92,757.65,3289.59
2026-09-08 10:25:00,757.65,757.81,757.17,757.55,3254.63
2026-09-08 10:30:00,757.55,758.37,756.53,756.54,1986.48
2026-09-08 10:35:00,756.53,757.51,756.25,757.49,1732.19
2026-09-08 10:40:00,757.48,757.81,756.1,757.5,4549.7
2026-09-08 10:45:00,757.51,758.5,757.41,758.3,2940.74
2026-09-08 10:50:00,758.31,758.48,757.72,758.0,2480.27
2026-09-08 10:55:00,757.99,758.24,756.3,756.67,4194.03
2026-09-08 11:00:00,756.68,757.19,755.79,756.0,1872.95
2026-09-08 11:05:00,755.99,755.99,754.6,754.86,2707.35
2026-09-08 11:10:00,754.87,754.92,752.57,753.16,5362.92
2026-09-08 11:15:00,753.17,754.71,753.16,754.67,2515.27
2026-09-08 11:20:00,754.66,756.63,754.16,756.44,2994.27
2026-09-08 11:25:00,756.44,756.53,754.0,754.0,1435.97
2026-09-08 11:30:00,754.01,754.56,752.82,753.29,2151.84
2026-09-08 11:35:00,753.28,753.35,751.95,752.05,2455.43
2026-09-08 11:40:00,752.05,752.46,750.24,752.45,5385.16
2026-09-08 11:45:00,752.46,752.92,752.11,752.69,1753.45
2026-09-08 11:50:00,752.68,753.28,752.35,752.35,1643.32
2026-09-08 11:55:00,752.36,753.44,752.25,752.75,2057.96
2026-09-08 12:00:00,752.75,753.15,750.59,751.02,2922.77
2026-09-08 12:05:00,751.03,752.17,750.99,751.99,1938.58
2026-09-08 12:10:00,751.99,752.03,750.64,750.78,1427.54
2026-09-08 12:15:00,750.78,751.15,750.44,751.07,2274.45
2026-09-08 12:20:00,751.07,752.0,750.82,751.12,1238.31
2026-09-08 12:25:00,751.12,751.31,749.69,751.29,2653.01
2026-09-08 12:30:00,751.3,752.96,750.45,752.13,2701.26
2026-09-08 12:35:00,752.14,752.59,751.88,752.09,2596.49
2026-09-08 12:40:00,752.08,752.15,750.5,751.03,4340.12
2026-09-08 12:45:00,751.03,752.39,750.76,752.38,1783.8
2026-09-08 12:50:00,752.38,752.42,751.21,752.09,973.05
2026-09-08 12:55:00,752.08,752.61,751.81,752.14,1154.22
2026-09-08 13:00:00,752.15,753.27,751.58,753.27,2041.75
2026-09-08 13:05:00,753.28,753.33,752.2,752.2,1455.21
2026-09-08 13:10:00,752.21,752.72,752.13,752.4,720.84
2026-09-08 13:15:00,752.41,753.01,752.28,752.34,1089.36
2026-09-08 13:20:00,752.35,752.53,750.7,750.85,1300.77
2026-09-08 13:25:00,750.85,751.84,750.56,751.38,1547.26
2026-09-08 13:30:00,751.39,751.69,747.0,748.25,8880.98
2026-09-08 13:35:00,748.24,748.77,744.2,744.98,14977.58
2026-09-08 13:40:00,744.98,745.24,742.67,744.29,13327.02
2026-09-08 13:45:00,744.3,745.43,742.88,745.36,6643.81
2026-09-08 13:50:00,745.36,745.38,743.87,745.38,6314.77
2026-09-08 13:55:00,745.38,748.81,745.38,747.4,7524.86
2026-09-08 14:00:00,747.4,748.0,746.36,747.54,2447.17
2026-09-08 14:05:00,747.55,749.25,747.55,748.79,3643.55
2026-09-08 14:10:00,748.76,750.73,748.22,750.52,3844.21
2026-09-08 14:15:00,750.52,751.74,750.51,751.69,2460.21
2026-09-08 14:20:00,751.68,751.99,750.71,750.72,3437.67
2026-09-08 14:25:00,750.71,750.79,749.54,750.43,2764.47
2026-09-08 14:30:00,750.42,750.42,748.95,749.94,1867.01
2026-09-08 14:35:00,749.93,749.99,748.44,749.08,3761.75
2026-09-08 14:40:00,749.08,750.68,748.51,750.03,2096.57
2026-09-08 14:45:00,750.03,751.52,749.65,751.12,1607.05
2026-09-08 14:50:00,751.12,751.69,750.73,750.83,2054.43
2026-09-08 14:55:00,750.84,751.34,750.59,751.12,1212.79
2026-09-08 15:00:00,751.12,752.68,751.0,751.73,1342.09
2026-09-08 15:05:00,751.73,751.81,750.68,751.55,1110.1
2026-09-08 15:10:00,751.55,752.27,751.17,751.75,1191.89
2026-09-08 15:15:00,751.75,752.51,751.44,751.82,1526.92
2026-09-08 15:20:00,751.82,752.57,750.4,751.38,1988.13
2026-09-08 15:25:00,751.38,751.44,749.75,749.84,1776.55
2026-09-08 15:30:00,749.84,751.38,749.6,751.37,1173.73
2026-09-08 15:35:00,751.37,754.82,751.37,753.92,3687.8
2026-09-08 15:40:00,753.92,755.16,753.47,754.64,2152.45
2026-09-08 15:45:00,754.65,755.94,754.65,755.87,2746.23
2026-09-08 15:50:00,755.87,756.93,755.47,756.44,2652.84
2026-09-08 15:55:00,756.44,757.41,756.41,756.66,2188.08
2026-09-08 16:00:00,756.67,756.95,754.8,755.2,2856.64
2026-09-08 16:05:00,755.2,756.32,754.27,754.75,2551.78
2026-09-08 16:10:00,754.75,754.96,753.92,754.33,2055.32
2026-09-08 16:15:00,754.34,755.06,753.82,754.15,1684.01
2026-09-08 16:20:00,754.15,754.84,753.78,754.54,875.98
2026-09-08 16:25:00,754.55,755.27,754.11,755.26,1057.14
2026-09-08 16:30:00,755.26,755.96,754.96,755.35,870.07
2026-09-08 16:35:00,755.35,758.0,755.06,757.99,2857.83
2026-09-08 16:40:00,757.99,758.4,756.68,756.77,1834.68
2026-09-08 16:45:00,756.76,757.21,756.63,756.85,940.95
2026-09-08 16:50:00,756.85,757.26,755.36,756.55,1848.02
2026-09-08 16:55:00,756.54,756.64,755.38,756.16,1331.2
2026-09-08 17:00:00,756.16,757.0,755.79,756.5,1052.33
2026-09-08 17:05:00,756.5,756.96,755.14,755.32,1148.15
2026-09-08 17:10:00,755.31,755.6,754.59,755.08,1288.87
2026-09-08 17:15:00,755.08,755.12,754.03,754.13,647.28
2026-09-08 17:20:00,754.12,754.13,752.54,752.66,2318.78
2026-09-08 17:25:00,752.66,752.93,752.24,752.82,558.51
2026-09-08 17:30:00,752.82,753.98,752.81,753.78,1015.26
2026-09-08 17:35:00,753.78,754.21,753.63,753.75,981.18
2026-09-08 17:40:00,753.74,753.74,752.69,752.7,666.39
2026-09-08 17:45:00,752.69,753.09,752.66,753.0,558.41
2026-09-08 17:50:00,753.0,753.65,752.9,753.23,560.16
2026-09-08 17:55:00,753.23,753.45,752.11,752.38,769.16
2026-09-08 18:00:00,752.37,753.01,751.75,751.98,1298.25
2026-09-08 18:05:00,751.98,754.68,751.86,754.37,2724.56
2026-09-08 18:10:00,754.37,754.69,753.46,753.51,584.88
2026-09-08 18:15:00,753.51,754.16,753.41,753.95,420.08
2026-09-08 18:20:00,753.94,754.33,753.72,753.92,352.74
2026-09-08 18:25:00,753.92,753.94,753.05,753.18,448.14
2026-09-08 18:30:00,753.18,753.63,752.8,752.81,480.75
2026-09-08 18:35:00,752.82,752.82,751.3,751.3,481.54
2026-09-08 18:40:00,751.31,751.45,750.9,751.27,637.79
2026-09-08 18:45:00,751.27,751.5,748.32,748.76,2618.27
2026-09-08 18:50:00,748.76,749.98,747.71,749.07,2529.97
2026-09-08 18:55:00,749.07,749.96,748.71,749.59,1046.78
2026-09-08 19:00:00,749.59,750.59,749.17,750.45,957.75
2026-09-08 19:05:00,750.46,750.63,750.09,750.24,439.53
2026-09-08 19:10:00,750.23,750.65,749.19,749.54,1514.07
2026-09-08 19:15:00,749.55,750.0,748.71,749.54,1342.1
2026-09-08 19:20:00,749.54,750.31,749.23,749.62,1306.67
2026-09-08 19:25:00,749.62,750.53,749.09,750.38,1269.48
2026-09-08 19:30:00,750.39,750.48,748.93,749.82,822.12
2026-09-08 19:35:00,749.83,750.0,749.33,749.76,451.04
2026-09-08 19:40:00,749.78,750.23,749.11,749.19,619.89
2026-09-08 19:45:00,749.2,749.2,748.13,749.07,1335.41
2026-09-08 19:50:00,749.06,749.06,748.09,748.5,1218.66
2026-09-08 19:55:00,748.5,749.27,747.72,749.27,1500.51
2026-09-08 20:00:00,749.26,750.12,749.26,750.11,1573.32
2026-09-08 20:05:00,750.11,751.26,749.88,751.13,1291.73
2026-09-08 20:10:00,751.13,751.74,750.93,751.28,1374.61
2026-09-08 20:15:00,751.28,751.34,749.99,749.99,1118.31
2026-09-08 20:20:00,749.99,750.41,749.53,750.04,3789.8
2026-09-08 20:25:00,750.04,750.95,750.0,750.85,802.26
2026-09-08 20:30:00,750.86,750.86,749.65,749.91,451.85
2026-09-08 20:35:00,749.91,751.11,749.74,750.91,941.62
2026-09-08 20:40:00,750.9,751.31,750.38,750.92,591.68
2026-09-08 20:45:00,750.91,751.36,750.39,750.86,475.43
2026-09-08 20:50:00,750.87,752.0,750.87,751.04,1047.72
2026-09-08 20:55:00,751.05,751.82,750.93,751.35,1669.55
2026-09-08 21:00:00,751.35,752.37,751.32,751.68,922.39
2026-09-08 21:05:00,751.68,752.55,751.68,752.42,603.29
2026-09-08 21:10:00,752.41,752.57,752.18,752.5,415.08
2026-09-08 21:15:00,752.51,753.0,751.81,752.17,770.32
2026-09-08 21:20:00,752.16,752.39,751.59,751.9,691.78
2026-09-08 21:25:00,751.88,752.74,751.7,752.72,2198.56
2026-09-08 21:30:00,752.73,753.43,752.28,752.48,1830.29
2026-09-08 21:35:00,752.48,752.86,752.31,752.77,390.04
2026-09-08 21:40:00,752.76,753.15,751.84,752.51,2853.23
2026-09-08 21:45:00,752.51,752.66,751.57,752.13,1139.25
2026-09-08 21:50:00,752.12,752.55,751.52,752.5,1525.7
2026-09-08 21:55:00,752.5,752.85,751.97,752.25,2712.24
2026-09-08 22:00:00,752.25,753.74,752.25,753.37,2315.54
2026-09-08 22:05:00,753.36,753.37,751.41,751.45,1080.11
2026-09-08 22:10:00,751.45,752.22,751.45,752.11,654.98
2026-09-08 22:15:00,752.11,752.95,752.11,752.72,695.49
2026-09-08 22:20:00,752.71,754.0,752.71,753.58,987.23
2026-09-08 22:25:00,753.58,753.84,753.18,753.63,422.42
2026-09-08 22:30:00,753.63,753.64,752.52,752.72,678.45
2026-09-08 22:35:00,752.71,753.66,752.71,753.4,985.77
2026-09-08 22:40:00,753.39,754.44,753.39,753.99,841.57
2026-09-08 22:45:00,753.99,754.52,753.99,754.52,490.23
2026-09-08 22:50:00,754.51,755.12,754.33,754.62,785.35
2026-09-08 22:55:00,754.61,755.34,754.61,755.21,971.22
2026-09-08 23:00:00,755.21,755.38,754.01,754.02,1629.03
2026-09-08 23:05:00,754.01,754.33,753.97,754.2,527.46
2026-09-08 23:10:00,754.2,754.3,753.16,753.25,1576.2
2026-09-08 23:15:00,753.26,753.3,752.48,753.01,888.0
2026-09-08 23:20:00,753.0,753.43,752.63,752.8,994.16
2026-09-08 23:25:00,752.8,753.08,752.44,753.06,607.02
2026-09-08 23:30:00,753.06,753.1,752.72,752.8,320.57
2026-09-08 23:35:00,752.81,752.91,752.65,752.87,236.8
2026-09-08 23:40:00,752.87,753.03,752.7,752.82,293.61
2026-09-08 23:45:00,752.83,753.13,752.78,752.91,264.64
2026-09-08 23:50:00,752.91,753.08,752.68,752.8,377.31
2026-09-08 23:55:00,752.8,753.44,752.46,752.46,3296.33
2026-09-09 00:00:00,752.46,754.22,752.42,754.15,2276.51
2026-09-09 00:05:00,754.16,755.2,754.14,754.73,2182.92
2026-09-09 00:10:00,754.74,755.54,754.55,755.5,1060.87
2026-09-09 00:15:00,755.5,756.61,754.98,755.69,2473.08
2026-09-09 00:20:00,755.7,756.14,755.29,755.39,923.36
2026-09-09 00:25:00,755.4,755.73,755.35,755.7,809.29
2026-09-09 00:30:00,755.71,755.89,755.2,755.32,875.26
2026-09-09 00:35:00,755.32,755.6,754.69,755.43,646.63
2026-09-09 00:40:00,755.43,756.19,754.84,755.99,4779.8
2026-09-09 00:45:00,755.98,756.89,755.6,756.19,3764.82
2026-09-09 00:50:00,756.18,757.28,755.13,755.79,4475.44
2026-09-09 00:55:00,755.79,755.92,754.46,755.04,2022.39
2026-09-09 01:00:00,755.04,755.04,752.37,752.55,3820.35
2026-09-09 01:05:00,752.56,753.79,752.53,753.49,1827.87
2026-09-09 01:10:00,753.49,753.91,752.34,752.61,1929.59
2026-09-09 01:15:00,752.61,752.79,750.31,750.98,2584.49
2026-09-09 01:20:00,750.96,751.54,750.71,751.37,735.46
2026-09-09 01:25:00,751.37,751.78,751.1,751.7,630.82
2026-09-09 01:30:00,751.7,752.02,751.22,752.02,538.33
2026-09-09 01:35:00,752.02,755.07,752.01,754.95,3133.5
2026-09-09 01:40:00,754.94,755.54,754.47,754.84,1843.15
2026-09-09 01:45:00,754.85,756.18,754.84,756.13,1565.43
2026-09-09 01:50:00,756.14,756.53,754.68,755.25,3882.97
2026-09-09 01:55:00,755.26,755.28,754.47,755.0,1417.86
2026-09-09 02:00:00,755.0,755.47,754.64,755.03,1735.86
2026-09-09 02:05:00,755.02,755.02,754.34,754.69,949.46
2026-09-09 02:10:00,754.68,754.93,753.5,753.5,1056.98
2026-09-09 02:15:00,753.5,753.52,752.1,752.58,1919.13
2026-09-09 02:20:00,752.57,753.0,751.73,752.83,983.64
2026-09-09 02:25:00,752.83,752.84,752.22,752.45,634.0
2026-09-09 02:30:00,752.46,752.96,751.98,752.25,3698.26
2026-09-09 02:35:00,752.24,752.48,752.06,752.25,333.17
2026-09-09 02:40:00,752.26,753.0,752.15,752.42,1876.72
2026-09-09 02:45:00,752.42,752.52,752.12,752.14,574.54
2026-09-09 02:50:00,752.13,752.57,752.04,752.14,263.39
2026-09-09 02:55:00,752.13,752.34,751.69,752.06,541.39
2026-09-09 03:00:00,752.07,752.07,750.72,750.89,1288.43
2026-09-09 03:05:00,750.88,751.4,750.26,750.52,974.2
2026-09-09 03:10:00,750.52,750.63,749.16,749.39,2756.38
2026-09-09 03:15:00,749.39,749.8,749.0,749.15,2493.75
2026-09-09 03:20:00,749.14,749.36,748.57,748.85,1313.43
2026-09-09 03:25:00,748.85,748.86,747.14,748.23,2415.85
2026-09-09 03:30:00,748.23,750.01,748.23,749.66,2731.55
2026-09-09 03:35:00,749.65,749.92,749.27,749.65,722.17
2026-09-09 03:40:00,749.65,750.19,749.55,749.98,633.96
2026-09-09 03:45:00,749.99,750.4,749.58,749.67,1020.26
2026-09-09 03:50:00,749.67,749.86,749.16,749.65,546.32
2026-09-09 03:55:00,749.65,750.29,748.99,749.8,1543.52
2026-09-09 04:00:00,749.8,752.42,749.8,752.35,2568.12
2026-09-09 04:05:00,752.32,752.77,751.47,751.47,1451.4
2026-09-09 04:10:00,751.46,751.81,751.07,751.46,872.08
2026-09-09 04:15:00,751.45,751.64,750.51,750.61,902.73
2026-09-09 04:20:00,750.61,751.69,750.54,751.68,807.89
2026-09-09 04:25:00,751.69,752.21,751.68,751.91,546.28
2026-09-09 04:30:00,751.9,752.65,751.69,752.64,1160.38
2026-09-09 04:35:00,752.65,754.0,752.63,753.75,2398.29
2026-09-09 04:40:00,753.74,755.5,753.6,755.49,7673.05
2026-09-09 04:45:00,755.49,755.79,754.29,755.09,3405.32
2026-09-09 04:50:00,755.08,755.64,754.86,755.4,1335.0
2026-09-09 04:55:00,755.4,755.74,754.91,755.05,1325.02
2026-09-09 05:00:00,755.04,755.19,753.45,753.75,1508.83
2026-09-09 05:05:00,753.75,753.76,752.95,753.4,1603.7
2026-09-09 05:10:00,753.4,754.51,753.09,754.37,850.39
2026-09-09 05:15:00,754.36,755.5,754.0,754.38,1764.59
2026-09-09 05:20:00,754.37,754.39,753.65,753.98,656.18
2026-09-09 05:25:00,753.98,754.18,753.18,753.36,620.79
2026-09-09 05:30:00,753.36,753.44,751.58,752.8,1644.6
2026-09-09 05:35:00,752.79,753.19,751.95,751.96,1816.22
2026-09-09 05:40:00,751.96,752.41,751.53,751.98,1194.47
2026-09-09 05:45:00,751.98,751.98,750.6,751.31,1585.6
2026-09-09 05:50:00,751.31,751.86,751.31,751.61,601.91
2026-09-09 05:55:00,751.61,751.99,751.51,751.99,379.91
2026-09-09 06:00:00,752.0,752.21,751.48,751.64,742.65
2026-09-09 06:05:00,751.64,752.32,751.58,752.18,515.42
2026-09-09 06:10:00,752.17,753.73,752.17,753.64,790.56
2026-09-09 06:15:00,753.64,754.76,753.58,754.6,989.34
2026-09-09 06:20:00,754.61,756.15,754.61,755.86,1897.73
2026-09-09 06:25:00,755.85,756.69,755.37,755.96,3123.06
2026-09-09 06:30:00,755.97,756.64,754.83,755.39,2073.06
2026-09-09 06:35:00,755.39,755.6,754.58,755.01,1435.39
2026-09-09 06:40:00,755.0,755.06,754.63,754.9,1015.69
2026-09-09 06:45:00,754.89,754.96,754.07,754.15,1099.44
2026-09-09 06:50:00,754.14,754.6,754.04,754.33,769.9
2026-09-09 06:55:00,754.32,755.36,754.19,755.21,733.58
2026-09-09 07:00:00,755.21,755.78,754.99,755.78,469.48
2026-09-09 07:05:00,755.79,757.95,755.79,756.89,3318.06
2026-09-09 07:10:00,756.88,757.27,756.26,756.34,1708.53
2026-09-09 07:15:00,756.34,756.53,755.15,755.23,1455.67
2026-09-09 07:20:00,755.24,755.68,754.52,755.33,2047.96
2026-09-09 07:25:00,755.33,755.33,754.4,754.78,909.99
2026-09-09 07:30:00,754.78,755.0,754.53,754.53,1606.0
2026-09-09 07:35:00,754.54,754.68,754.22,754.23,932.8
2026-09-09 07:40:00,754.23,754.23,753.04,753.62,1259.57
2026-09-09 07:45:00,753.62,754.2,753.55,753.56,1097.74
2026-09-09 07:50:00,753.55,754.63,753.43,754.63,731.87
2026-09-09 07:55:00,754.63,754.98,754.33,754.94,1082.93
2026-09-09 08:00:00,754.94,755.6,754.19,755.17,2077.79
2026-09-09 08:05:00,755.16,755.88,754.91,755.55,1169.08
2026-09-09 08:10:00,755.55,755.88,754.62,754.62,1051.94
2026-09-09 08:15:00,754.62,755.2,754.5,755.14,721.66
2026-09-09 08:20:00,755.14,755.96,755.05,755.29,1005.69
2026-09-09 08:25:00,755.29,755.74,754.8,755.7,1172.91
2026-09-09 08:30:00,755.69,756.27,755.19,756.17,1019.49
2026-09-09 08:35:00,756.17,756.45,755.3,755.32,1624.44
2026-09-09 08:40:00,755.32,756.3,755.32,755.92,905.16
2026-09-09 08:45:00,755.92,755.96,755.19,755.76,1222.14
2026-09-09 08:50:00,755.76,757.26,755.64,757.17,1702.76
2026-09-09 08:55:00,757.18,758.0,756.91,757.82,1610.37
2026-09-09 09:00:00,757.83,758.0,757.08,757.29,2419.91
2026-09-09 09:05:00,757.29,757.85,756.75,757.21,2223.74
2026-09-09 09:10:00,757.21,757.65,756.8,757.28,1017.59
2026-09-09 09:15:00,757.28,757.5,756.97,757.02,982.7
2026-09-09 09:20:00,757.02,757.2,756.63,756.63,1300.05
2026-09-09 09:25:00,756.63,757.54,756.29,757.35,1707.06
2026-09-09 09:30:00,757.35,757.51,756.85,756.85,1387.84
2026-09-09 09:35:00,756.84,756.84,755.74,755.96,1489.11
2026-09-09 09:40:00,755.95,756.15,753.5,753.79,3381.39
2026-09-09 09:45:00,753.79,754.01,752.62,752.8,2623.5
2026-09-09 09:50:00,752.79,752.94,751.3,751.34,3478.7
2026-09-09 09:55:00,751.34,751.82,751.13,751.41,1592.75
2026-09-09 10:00:00,751.41,752.53,751.26,752.5,1967.57
2026-09-09 10:05:00,752.49,752.62,751.43,751.49,1028.39
2026-09-09 10:10:00,751.49,751.93,750.76,751.08,2265.57
2026-09-09 10:15:00,751.08,751.18,750.11,750.99,2092.97
2026-09-09 10:20:00,751.0,751.52,750.42,750.54,1745.59
2026-09-09 10:25:00,750.54,751.41,750.34,750.97,1895.25
2026-09-09 10:30:00,750.97,751.06,750.19,750.94,1395.36
2026-09-09 10:35:00,750.94,751.21,750.07,750.66,1865.12
2026-09-09 10:40:00,750.67,750.82,749.82,750.57,1865.61
2026-09-09 10:45:00,750.56,750.81,749.97,750.45,1387.22
2026-09-09 10:50:00,750.45,750.45,749.55,749.86,1112.97
2026-09-09 10:55:00,749.87,751.1,749.77,750.9,1283.64
2026-09-09 11:00:00,750.91,750.91,748.71,749.07,1681.72
2026-09-09 11:05:00,749.07,749.73,748.0,749.71,1781.0
2026-09-09 11:10:00,749.71,750.24,749.13,749.22,1913.38
2026-09-09 11:15:00,749.23,749.44,748.2,749.03,1725.7
2026-09-09 11:20:00,749.03,750.07,749.0,749.83,1714.03
2026-09-09 11:25:00,749.84,750.37,749.52,750.29,940.16
2026-09-09 11:30:00,750.28,750.37,749.26,749.88,2044.1
2026-09-09 11:35:00,749.88,750.32,749.61,750.32,974.7
2026-09-09 11:40:00,750.31,750.6,749.95,750.1,1194.38
2026-09-09 11:45:00,750.09,750.87,749.86,750.59,1818.55
2026-09-09 11:50:00,750.59,751.93,750.38,751.64,2196.51
2026-09-09 11:55:00,751.63,751.65,750.54,750.54,1069.24
2026-09-09 12:00:00,750.53,751.08,750.2,750.37,1105.35
2026-09-09 12:05:00,750.37,751.25,749.98,751.05,1038.81
2026-09-09 12:10:00,751.06,751.4,750.45,750.6,769.9
2026-09-09 12:15:00,750.61,751.07,750.17,750.93,1179.45
2026-09-09 12:20:00,750.92,751.05,750.07,750.13,866.34
2026-09-09 12:25:00,750.13,750.53,749.93,750.27,928.07
2026-09-09 12:30:00,750.28,752.01,750.17,751.91,3107.68
2026-09-09 12:35:00,751.91,752.05,750.4,750.99,1652.73
2026-09-09 12:40:00,750.98,751.4,750.47,750.64,1018.14
2026-09-09 12:45:00,750.65,751.26,750.4,750.58,1508.85
2026-09-09 12:50:00,750.57,751.57,750.19,751.35,1949.74
2026-09-09 12:55:00,751.35,751.35,750.44,750.69,1220.08
2026-09-09 13:00:00,750.7,750.7,749.69,750.61,1591.15
2026-09-09 13:05:00,750.62,750.67,750.09,750.39,887.71
2026-09-09 13:10:00,750.39,750.53,749.79,750.47,843.83
2026-09-09 13:15:00,750.48,750.62,749.99,750.52,663.68
2026-09-09 13:20:00,750.52,751.47,750.38,750.94,974.14
2026-09-09 13:25:00,750.93,751.42,750.56,750.76,1635.54
2026-09-09 13:30:00,750.76,751.19,749.44,750.96,2037.53
2026-09-09 13:35:00,750.96,750.96,748.0,748.5,3758.7
2026-09-09 13:40:00,748.51,749.2,746.13,747.51,5458.77
2026-09-09 13:45:00,747.51,748.97,747.21,747.88,6606.66
2026-09-09 13:50:00,747.88,748.05,746.34,746.46,2664.43
2026-09-09 13:55:00,746.46,746.86,745.3,745.6,5179.13
2026-09-09 14:00:00,745.61,746.16,743.77,744.97,8596.58
2026-09-09 14:05:00,744.98,746.08,743.3,743.39,4342.07
2026-09-09 14:10:00,743.37,744.5,741.72,744.37,6490.74
2026-09-09 14:15:00,744.37,744.38,742.92,743.11,1873.32
2026-09-09 14:20:00,743.12,743.87,742.65,743.6,1522.75
2026-09-09 14:25:00,743.61,746.02,743.51,745.95,2882.38
2026-09-09 14:30:00,745.95,747.07,745.68,746.34,5355.39
2026-09-09 14:35:00,746.34,747.07,745.86,746.18,1912.56
2026-09-09 14:40:00,746.17,746.4,744.21,744.45,1685.88
2026-09-09 14:45:00,744.46,745.0,743.48,744.89,6340.6
2026-09-09 14:50:00,744.89,745.09,743.09,743.09,2274.66
2026-09-09 14:55:00,743.13,743.85,742.84,743.84,1547.83
2026-09-09 15:00:00,743.85,746.53,741.26,742.54,7174.36
2026-09-09 15:05:00,742.54,743.36,740.65,741.63,4937.78
2026-09-09 15:10:00,741.64,742.15,738.95,739.85,10379.42
2026-09-09 15:15:00,739.86,740.91,739.32,739.75,5106.82
2026-09-09 15:20:00,739.74,739.74,735.27,735.39,8472.99
2026-09-09 15:25:00,735.41,738.76,735.11,738.51,7432.27
2026-09-09 15:30:00,738.51,740.32,738.25,740.32,5470.73
2026-09-09 15:35:00,740.33,740.95,739.02,740.88,4518.35
2026-09-09 15:40:00,740.89,741.1,739.75,740.03,1516.4
2026-09-09 15:45:00,740.04,740.5,739.18,739.81,1601.76
2026-09-09 15:50:00,739.8,740.49,739.12,740.11,2972.49
2026-09-09 15:55:00,740.1,740.36,739.25,739.39,1211.3
2026-09-09 16:00:00,739.39,741.83,738.98,741.32,4041.62
2026-09-09 16:05:00,741.32,741.71,739.34,739.37,2612.64
2026-09-09 16:10:00,739.37,740.38,739.1,740.25,1695.54
2026-09-09 16:15:00,740.24,740.24,738.41,738.83,1376.82
2026-09-09 16:20:00,738.84,739.82,738.12,738.58,1128.01
2026-09-09 16:25:00,738.59,739.95,738.59,739.95,1421.35
2026-09-09 16:30:00,739.95,742.2,739.8,741.65,1645.04
2026-09-09 16:35:00,741.65,742.12,741.19,741.72,1583.93
2026-09-09 16:40:00,741.71,741.92,741.35,741.55,1064.26
2026-09-09 16:45:00,741.56,741.59,740.5,740.57,1067.03
2026-09-09 16:50:00,740.57,740.97,740.33,740.46,861.8
2026-09-09 16:55:00,740.46,741.22,740.31,741.04,774.29
2026-09-09 17:00:00,741.04,741.65,740.46,740.54,1462.21
2026-09-09 17:05:00,740.54,741.65,740.36,741.45,818.49
2026-09-09 17:10:00,741.45,742.58,741.29,741.87,1569.68
2026-09-09 17:15:00,741.87,742.08,740.82,741.3,2779.39
2026-09-09 17:20:00,741.3,741.63,741.03,741.63,710.51
2026-09-09 17:25:00,741.63,742.51,741.59,742.28,984.44
2026-09-09 17:30:00,742.28,742.28,741.23,741.28,533.28
2026-09-09 17:35:00,741.27,741.78,740.9,740.91,702.95
2026-09-09 17:40:00,740.91,741.4,740.55,741.31,592.12
2026-09-09 17:45:00,741.31,741.69,740.75,741.69,759.96
2026-09-09 17:50:00,741.68,742.08,741.26,741.92,575.24
2026-09-09 17:55:00,741.91,742.24,741.65,741.66,794.91
2026-09-09 18:00:00,741.65,741.83,741.52,741.63,993.65
2026-09-09 18:05:00,741.63,741.85,740.44,740.6,935.32
2026-09-09 18:10:00,740.6,740.95,740.46,740.67,705.79
2026-09-09 18:15:00,740.66,740.81,740.17,740.17,702.76
2026-09-09 18:20:00,740.17,740.99,740.12,740.63,905.46
2026-09-09 18:25:00,740.64,741.35,740.36,741.24,621.76
2026-09-09 18:30:00,741.24,741.67,740.84,741.21,704.57
2026-09-09 18:35:00,741.21,741.35,740.83,740.98,402.1
2026-09-09 18:40:00,740.97,741.5,740.89,741.5,1610.73
2026-09-09 18:45:00,741.51,741.54,740.68,741.25,1104.24
2026-09-09 18:50:00,741.25,741.25,740.0,740.01,1158.64
2026-09-09 18:55:00,740.01,740.58,739.96,740.26,531.07
2026-09-09 19:00:00,740.27,740.89,740.11,740.25,845.46
2026-09-09 19:05:00,740.24,740.76,739.67,740.4,1148.05
2026-09-09 19:10:00,740.41,741.4,740.41,741.32,328.87
2026-09-09 19:15:00,741.32,742.01,741.31,741.58,758.2
2026-09-09 19:20:00,741.57,741.78,741.21,741.24,2832.45
2026-09-09 19:25:00,741.24,741.34,740.56,740.63,655.02
2026-09-09 19:30:00,740.62,740.69,739.59,740.56,2437.52
2026-09-09 19:35:00,740.55,740.56,738.6,738.68,1873.66
2026-09-09 19:40:00,738.67,739.17,738.47,738.48,877.02
2026-09-09 19:45:00,738.48,738.81,738.4,738.42,880.09
2026-09-09 19:50:00,738.42,738.42,736.81,737.17,4203.3
2026-09-09 19:55:00,737.17,737.73,736.66,737.59,1431.46
2026-09-09 20:00:00,737.59,737.7,736.44,736.77,3132.09
2026-09-09 20:05:00,736.81,737.89,736.67,737.8,1034.25
2026-09-09 20:10:00,737.81,738.05,736.85,737.74,2277.65
2026-09-09 20:15:00,737.73,738.46,737.38,737.43,1569.28
2026-09-09 20:20:00,737.42,737.6,736.41,737.21,1466.65
2026-09-09 20:25:00,737.21,737.49,730.62,734.17,12068.55
2026-09-09 20:30:00,734.17,735.9,734.09,735.4,3535.22
2026-09-09 20:35:00,735.4,736.13,735.25,735.48,1868.66
2026-09-09 20:40:00,735.48,735.8,734.46,734.63,1821.41
2026-09-09 20:45:00,734.63,735.01,732.82,733.07,1492.1
2026-09-09 20:50:00,733.08,734.1,732.63,733.22,2366.94
2026-09-09 20:55:00,733.23,734.16,733.23,734.16,1030.67
2026-09-09 21:00:00,734.16,734.17,733.13,733.51,2091.59
2026-09-09 21:05:00,733.5,733.95,732.29,732.29,1345.15
2026-09-09 21:10:00,732.3,732.44,731.39,732.27,3476.92
2026-09-09 21:15:00,732.27,732.27,728.81,729.82,9416.47
2026-09-09 21:20:00,729.82,731.64,729.01,731.64,3295.99
2026-09-09 21:25:00,731.64,732.44,731.49,732.06,1048.02
2026-09-09 21:30:00,732.06,732.06,730.55,730.68,1518.87
2026-09-09 21:35:00,730.69,731.07,729.88,730.67,1009.18
2026-09-09 21:40:00,730.67,730.89,730.13,730.3,852.16
2026-09-09 21:45:00,730.31,730.31,728.2,728.21,2440.08
2026-09-09 21:50:00,728.21,728.98,728.0,728.97,2570.0
2026-09-09 21:55:00,728.98,728.98,720.53,725.75,18690.26
2026-09-09 22:00:00,725.75,726.39,724.1,725.03,4347.89
2026-09-09 22:05:00,725.04,725.04,717.61,721.17,16194.57
2026-09-09 22:10:00,721.17,722.95,720.54,720.57,6123.01
2026-09-09 22:15:00,720.57,721.06,719.12,720.45,7860.71
2026-09-09 22:20:00,720.46,722.42,720.45,722.28,3691.51
2026-09-09 22:25:00,722.28,722.9,721.17,722.19,3962.8
2026-09-09 22:30:00,722.2,722.28,719.96,720.31,3790.92
2026-09-09 22:35:00,720.32,721.78,719.64,721.43,1977.99
2026-09-09 22:40:00,721.43,722.01,721.02,721.94,2601.25
2026-09-09 22:45:00,721.93,721.94,719.43,719.62,2355.9
2026-09-09 22:50:00,719.63,720.36,719.04,719.59,2567.27
2026-09-09 22:55:00,719.59,719.63,718.39,719.26,2644.86
2026-09-09 23:00:00,719.25,721.54,718.98,721.47,2859.1
2026-09-09 23:05:00,721.47,721.81,720.67,721.39,1771.45
2026-09-09 23:10:00,721.4,722.0,721.12,721.72,2433.6
2026-09-09 23:15:00,721.73,721.8,721.01,721.67,1424.77
2026-09-09 23:20:00,721.69,721.69,720.57,721.26,1283.49
2026-09-09 23:25:00,721.27,721.91,721.0,721.71,1913.8
2026-09-09 23:30:00,721.71,722.43,721.4,722.43,1350.94
2026-09-09 23:35:00,722.43,722.72,721.93,722.59,1776.62
2026-09-09 23:40:00,722.59,723.18,722.01,722.91,3069.45
2026-09-09 23:45:00,722.9,723.93,722.61,723.93,2959.7
2026-09-09 23:50:00,723.92,723.93,722.43,723.23,1560.89
2026-09-09 23:55:00,723.22,723.33,722.77,722.77,1582.37
2026-09-10 00:00:00,722.78,724.29,722.5,724.28,3941.95
2026-09-10 00:05:00,724.28,724.57,722.83,723.13,2293.38
2026-09-10 00:10:00,723.14,723.78,722.92,722.96,2066.06
2026-09-10 00:15:00,722.96,723.2,722.23,722.31,1415.35
2026-09-10 00:20:00,722.31,723.06,721.95,722.23,1781.94
2026-09-10 00:25:00,722.24,722.42,721.5,722.13,1651.03
2026-09-10 00:30:00,722.13,722.13,720.7,721.44,2164.64
2026-09-10 00:35:00,721.45,723.17,721.44,722.56,2520.02
2026-09-10 00:40:00,722.56,722.56,721.35,722.04,824.85
2026-09-10 00:45:00,722.04,723.43,721.38,722.5,2135.01
2026-09-10 00:50:00,722.5,723.09,721.77,722.43,2208.75
2026-09-10 00:55:00,722.44,722.52,721.1,721.1,1593.3
2026-09-10 01:00:00,721.11,723.13,720.78,723.11,1857.57
2026-09-10 01:05:00,723.1,724.96,723.06,724.41,2764.64
2026-09-10 01:10:00,724.41,724.69,723.09,723.37,2336.58
2026-09-10 01:15:00,723.38,723.49,722.03,722.95,2751.81
2026-09-10 01:20:00,722.96,723.0,720.84,721.99,1709.77
2026-09-10 01:25:00,721.99,722.06,720.4,720.41,1277.55
2026-09-10 01:30:00,720.41,720.94,718.98,719.22,4315.84
2026-09-10 01:35:00,719.23,719.24,716.3,717.86,6793.72
2026-09-10 01:40:00,717.87,720.49,717.87,719.49,3728.14
2026-09-10 01:45:00,719.49,720.54,718.68,720.03,3382.24
2026-09-10 01:50:00,720.04,720.24,718.94,719.51,2175.04
2026-09-10 01:55:00,719.52,721.47,719.43,721.11,2055.84
2026-09-10 02:00:00,721.11,721.94,720.82,721.29,1441.55
2026-09-10 02:05:00,721.29,722.19,721.1,721.57,1018.09
2026-09-10 02:10:00,721.56,721.78,721.12,721.78,788.54
2026-09-10 02:15:00,721.77,722.0,720.71,721.5,1566.16
2026-09-10 02:20:00,721.5,721.88,720.89,721.11,1669.35
2026-09-10 02:25:00,721.11,721.87,720.88,721.3,852.42
2026-09-10 02:30:00,721.29,723.24,721.29,723.24,1509.65
2026-09-10 02:35:00,723.23,724.11,722.91,723.66,1636.13
2026-09-10 02:40:00,723.66,723.99,723.39,723.52,1645.44
2026-09-10 02:45:00,723.53,724.56,723.4,724.55,1544.15
2026-09-10 02:50:00,724.55,725.34,724.34,725.31,2600.95
2026-09-10 02:55:00,725.31,725.5,724.69,725.35,1718.05
2026-09-10 03:00:00,725.35,726.47,725.29,726.31,2774.0
2026-09-10 03:05:00,726.31,726.31,725.03,725.05,2439.96
2026-09-10 03:10:00,725.05,725.05,724.47,724.61,836.96
2026-09-10 03:15:00,724.61,724.66,724.33,724.38,737.96
2026-09-10 03:20:00,724.38,724.69,723.98,724.0,1054.22
2026-09-10 03:25:00,724.0,724.38,723.58,724.32,1353.65
2026-09-10 03:30:00,724.33,724.93,723.92,724.09,1551.32
2026-09-10 03:35:00,724.08,724.08,723.39,724.0,886.7
2026-09-10 03:40:00,724.01,724.8,723.94,724.47,1056.55
2026-09-10 03:45:00,724.47,724.83,724.46,724.75,485.96
2026-09-10 03:50:00,724.74,724.74,723.45,723.59,985.94
2026-09-10 03:55:00,723.59,723.89,723.27,723.79,884.9
2026-09-10 04:00:00,723.79,723.79,723.2,723.44,1591.64
2026-09-10 04:05:00,723.44,723.73,723.43,723.46,1332.23
2026-09-10 04:10:00,723.46,723.58,723.11,723.21,879.79
2026-09-10 04:15:00,723.22,723.95,723.0,723.91,1487.68
2026-09-10 04:20:00,723.91,723.99,722.91,722.95,884.43
2026-09-10 04:25:00,722.95,723.34,722.72,722.81,1492.59
2026-09-10 04:30:00,722.82,723.34,722.8,723.21,905.32
2026-09-10 04:35:00,723.21,723.26,722.5,722.66,670.77
2026-09-10 04:40:00,722.66,723.01,722.26,722.34,1161.48
2026-09-10 04:45:00,722.35,722.67,722.18,722.55,873.74
2026-09-10 04:50:00,722.56,722.92,722.08,722.53,835.81
2026-09-10 04:55:00,722.52,723.21,722.24,722.83,967.75
2026-09-10 05:00:00,722.84,723.06,721.06,721.18,1217.75
2026-09-10 05:05:00,721.18,721.64,721.06,721.28,1214.39
2026-09-10 05:10:00,721.27,723.28,721.27,723.18,1256.89
2026-09-10 05:15:00,723.18,723.38,722.04,722.09,970.19
2026-09-10 05:20:00,722.1,722.1,721.59,721.85,567.16
2026-09-10 05:25:00,721.84,722.97,721.54,722.45,1544.17
2026-09-10 05:30:00,722.46,723.34,722.22,722.84,1651.36
2026-09-10 05:35:00,722.83,723.34,722.41,722.43,1204.16
2026-09-10 05:40:00,722.43,722.91,722.15,722.84,983.86
2026-09-10 05:45:00,722.84,723.22,722.47,722.58,732.04
2026-09-10 05:50:00,722.58,723.31,722.42,723.3,899.61
2026-09-10 05:55:00,723.3,723.9,722.87,723.62,2811.93
2026-09-10 06:00:00,723.63,723.66,722.39,722.39,2767.1
2026-09-10 06:05:00,722.4,722.4,721.23,721.28,2361.38
2026-09-10 06:10:00,721.29,721.46,720.43,720.44,2923.3
2026-09-10 06:15:00,720.44,720.45,718.72,719.31,3253.62
2026-09-10 06:20:00,719.3,719.54,718.72,718.95,4509.64
2026-09-10 06:25:00,718.95,718.96,718.47,718.49,1717.81
2026-09-10 06:30:00,718.5,719.24,718.49,718.61,2671.3
2026-09-10 06:35:00,718.6,719.5,718.5,719.33,1191.75
2026-09-10 06:40:00,719.33,720.12,719.3,719.68,2103.97
2026-09-10 06:45:00,719.68,721.43,719.62,721.3,1337.77
2026-09-10 06:50:00,721.31,721.88,721.01,721.06,1154.26
2026-09-10 06:55:00,721.06,721.68,721.06,721.24,1133.95
2026-09-10 07:00:00,721.25,721.3,718.97,719.05,1523.74
2026-09-10 07:05:00,719.05,719.06,718.25,718.72,3545.05
2026-09-10 07:10:00,718.73,719.42,718.7,719.23,1228.45
2026-09-10 07:15:00,719.23,719.24,718.79,718.89,1008.42
2026-09-10 07:20:00,718.88,718.91,715.58,717.34,7588.52
2026-09-10 07:25:00,717.35,717.95,717.15,717.27,3039.14
2026-09-10 07:30:00,717.27,717.36,715.87,716.28,2760.14
2026-09-10 07:35:00,716.29,717.18,715.98,716.1,2796.57
2026-09-10 07:40:00,716.1,717.76,715.55,717.73,2222.45
2026-09-10 07:45:00,717.74,718.2,717.63,718.16,1061.35
2026-09-10 07:50:00,718.17,719.76,718.17,719.58,2084.54
2026-09-10 07:55:00,719.57,719.58,718.83,719.22,1149.53
2026-09-10 08:00:00,719.22,719.73,718.38,718.77,2112.89
2026-09-10 08:05:00,718.77,719.73,718.6,719.54,1130.67
2026-09-10 08:10:00,719.54,719.79,718.6,718.74,1982.64
2026-09-10 08:15:00,718.75,719.0,718.35,718.95,1142.91
2026-09-10 08:20:00,718.95,719.85,718.86,719.81,1019.52
2026-09-10 08:25:00,719.82,719.82,719.09,719.67,1000.77
2026-09-10 08:30:00,719.68,719.81,718.46,719.13,1387.34
2026-09-10 08:35:00,719.12,719.57,718.89,719.18,868.4
2026-09-10 08:40:00,719.18,719.33,718.66,719.05,604.43
2026-09-10 08:45:00,719.05,719.27,718.72,718.99,734.48
2026-09-10 08:50:00,719.0,719.51,718.84,719.27,467.78
2026-09-10 08:55:00,719.27,719.28,718.5,718.66,389.92
2026-09-10 09:00:00,718.67,719.36,718.58,719.18,754.6
2026-09-10 09:05:00,719.19,719.22,718.03,718.03,799.54
2026-09-10 09:10:00,718.03,718.86,718.03,718.86,441.35
2026-09-10 09:15:00,718.86,719.0,718.27,718.35,588.57
2026-09-10 09:20:00,718.35,718.91,718.35,718.67,591.88
2026-09-10 09:25:00,718.66,719.04,718.38,718.65,891.8
2026-09-10 09:30:00,718.65,718.65,717.23,717.92,3019.08
2026-09-10 09:35:00,717.91,717.91,716.35,716.36,2186.68
2026-09-10 09:40:00,716.37,716.85,715.68,716.77,2404.59
2026-09-10 09:45:00,716.77,717.37,716.5,717.11,1158.73
2026-09-10 09:50:00,717.11,717.99,717.05,717.85,1202.32
2026-09-10 09:55:00,717.86,717.88,717.16,717.62,984.15
2026-09-10 10:00:00,717.62,718.5,717.5,718.03,1158.86
2026-09-10 10:05:00,718.02,718.58,717.66,717.73,936.55
2026-09-10 10:10:00,717.74,718.43,717.67,718.05,676.97
2026-09-10 10:15:00,718.05,718.44,717.69,718.07,717.14
2026-09-10 10:20:00,718.06,718.29,717.5,717.5,443.17
2026-09-10 10:25:00,717.5,718.03,717.06,717.82,1253.28
2026-09-10 10:30:00,717.82,717.96,716.57,717.15,842.33
2026-09-10 10:35:00,717.14,718.4,717.14,718.24,685.71
2026-09-10 10:40:00,718.25,718.41,717.96,718.12,784.46
2026-09-10 10:45:00,718.12,718.31,717.75,718.01,469.55
2026-09-10 10:50:00,718.01,718.03,717.53,717.56,312.96
2026-09-10 10:55:00,717.56,718.88,717.22,717.23,920.41
2026-09-10 11:00:00,717.24,717.24,715.8,716.07,1689.53
2026-09-10 11:05:00,716.07,717.05,715.97,716.64,1199.12
2026-09-10 11:10:00,716.63,718.0,716.63,717.98,2558.81
2026-09-10 11:15:00,718.0,719.26,718.0,718.7,2252.69
2026-09-10 11:20:00,718.69,718.9,717.9,718.47,2091.58
2026-09-10 11:25:00,718.48,718.87,717.92,718.72,1587.73
2026-09-10 11:30:00,718.73,718.83,718.25,718.72,1035.28
2026-09-10 11:35:00,718.72,718.85,718.31,718.72,776.75
2026-09-10 11:40:00,718.72,718.78,718.07,718.43,843.14
2026-09-10 11:45:00,718.44,718.7,717.39,718.0,1295.24
2026-09-10 11:50:00,718.0,718.0,717.0,717.27,1127.99
2026-09-10 11:55:00,717.27,717.3,716.61,716.66,710.87
2026-09-10 12:00:00,716.65,717.33,716.0,716.21,2037.71
2026-09-10 12:05:00,716.21,716.39,715.29,715.61,2189.19
2026-09-10 12:10:00,715.6,716.31,715.47,716.06,1581.05
2026-09-10 12:15:00,716.06,716.15,715.49,715.66,1529.12
2026-09-10 12:20:00,715.66,715.91,715.38,715.54,1406.1
2026-09-10 12:25:00,715.54,717.0,715.54,716.83,1269.27
2026-09-10 12:30:00,716.83,718.39,713.34,714.67,16028.27
2026-09-10 12:35:00,714.68,716.2,710.68,711.47,16373.28
2026-09-10 12:40:00,711.47,713.28,710.82,712.44,13275.3
2026-09-10 12:45:00,712.44,712.74,703.5,708.86,29807.52
2026-09-10 12:50:00,708.86,709.17,705.87,705.9,6705.77
2026-09-10 12:55:00,705.9,707.84,703.0,705.78,14286.3
2026-09-10 13:00:00,705.76,708.87,705.51,707.83,6787.68
2026-09-10 13:05:00,707.83,708.2,706.57,707.0,3012.75
2026-09-10 13:10:00,707.01,707.85,705.25,705.6,4173.58
2026-09-10 13:15:00,705.59,706.75,705.26,705.34,5501.23
2026-09-10 13:20:00,705.35,707.52,705.24,706.5,3638.69
2026-09-10 13:25:00,706.5,707.63,706.42,706.87,3473.11
2026-09-10 13:30:00,706.88,707.94,706.22,707.52,3469.92
2026-09-10 13:35:00,707.51,709.85,707.27,709.33,4896.44
2026-09-10 13:40:00,709.34,709.79,708.69,708.86,3201.4
2026-09-10 13:45:00,708.83,710.2,708.66,709.88,3363.81
2026-09-10 13:50:00,709.88,710.83,708.6,710.0,3650.36
2026-09-10 13:55:00,710.0,711.22,710.0,710.64,2478.88
2026-09-10 14:00:00,710.64,712.15,710.63,711.08,3882.86
2026-09-10 14:05:00,711.08,711.09,708.19,708.81,3033.07
2026-09-10 14:10:00,708.82,709.79,708.5,708.5,1190.41
2026-09-10 14:15:00,708.5,708.53,707.0,708.53,2792.02
2026-09-10 14:20:00,708.52,710.88,708.39,710.23,2703.39
2026-09-10 14:25:00,710.24,711.21,709.05,709.88,3838.18
2026-09-10 14:30:00,709.88,710.35,709.71,709.99,1233.87
2026-09-10 14:35:00,709.99,710.84,709.99,710.14,1027.7
2026-09-10 14:40:00,710.14,710.81,710.05,710.62,2535.17
2026-09-10 14:45:00,710.63,711.6,710.06,710.06,3606.45
2026-09-10 14:50:00,710.06,710.72,709.57,710.71,1152.13
2026-09-10 14:55:00,710.71,710.83,709.84,710.2,3611.92
2026-09-10 15:00:00,710.2,710.2,708.09,708.73,4096.48
2026-09-10 15:05:00,708.73,710.66,708.6,710.23,2288.47
2026-09-10 15:10:00,710.23,710.81,709.47,709.59,1926.27
2026-09-10 15:15:00,709.6,709.7,707.53,708.21,2815.6
2026-09-10 15:20:00,708.21,708.3,707.17,707.6,2151.2
2026-09-10 15:25:00,707.61,707.67,706.72,706.72,1411.39
2026-09-10 15:30:00,706.72,708.43,706.72,708.07,1147.46
2026-09-10 15:35:00,708.07,709.75,708.01,708.86,1468.15
2026-09-10 15:40:00,708.86,708.87,707.8,708.13,776.74
2026-09-10 15:45:00,708.14,708.81,707.21,707.96,1130.22
2026-09-10 15:50:00,707.96,708.37,707.56,707.56,922.16
2026-09-10 15:55:00,707.55,708.54,707.31,708.16,3202.53
2026-09-10 16:00:00,708.17,709.05,706.89,707.0,2566.89
2026-09-10 16:05:00,707.0,708.19,706.02,706.02,4368.75
2026-09-10 16:10:00,706.03,707.12,706.02,706.82,1969.24
2026-09-10 16:15:00,706.82,707.1,705.02,705.09,2395.0
2026-09-10 16:20:00,705.08,707.0,705.02,706.4,1787.87
2026-09-10 16:25:00,706.41,706.41,705.6,705.93,861.0
2026-09-10 16:30:00,705.93,706.4,705.4,705.4,1583.9
2026-09-10 16:35:00,705.4,706.72,704.56,706.5,2202.31
2026-09-10 16:40:00,706.5,707.46,706.22,707.29,1490.7
2026-09-10 16:45:00,707.29,709.5,707.29,708.55,2189.38
2026-09-10 16:50:00,708.54,708.71,708.24,708.71,697.91
2026-09-10 16:55:00,708.71,709.44,708.47,708.67,1641.84
2026-09-10 17:00:00,708.68,709.33,708.21,708.86,1007.89
2026-09-10 17:05:00,708.86,709.35,708.86,708.95,844.0
2026-09-10 17:10:00,708.95,709.9,708.94,709.41,1070.06
2026-09-10 17:15:00,709.42,710.36,709.19,710.36,778.06
2026-09-10 17:20:00,710.36,711.7,710.07,711.57,2250.61
2026-09-10 17:25:00,711.56,712.06,710.88,711.61,2499.65
2026-09-10 17:30:00,711.6,713.85,711.52,713.53,3426.9
2026-09-10 17:35:00,713.52,713.92,712.3,712.3,3018.39
2026-09-10 17:40:00,712.3,712.72,711.8,712.66,1866.86
2026-09-10 17:45:00,712.66,713.46,712.25,713.37,1343.99
2026-09-10 17:50:00,713.36,713.78,713.12,713.39,796.28
2026-09-10 17:55:00,713.38,713.38,713.0,713.05,821.85
2026-09-10 18:00:00,713.05,713.15,711.55,711.62,2363.26
2026-09-10 18:05:00,711.61,712.0,710.84,710.94,1319.88
2026-09-10 18:10:00,710.94,711.23,710.69,710.75,827.22
2026-09-10 18:15:00,710.75,711.52,710.48,710.9,1474.34
2026-09-10 18:20:00,710.89,712.09,710.89,711.86,1379.55
2026-09-10 18:25:00,711.85,712.2,711.65,711.78,383.22
2026-09-10 18:30:00,711.79,711.86,711.22,711.66,986.33
2026-09-10 18:35:00,711.66,712.71,711.52,712.69,478.16
2026-09-10 18:40:00,712.68,712.88,712.44,712.7,1503.21
2026-09-10 18:45:00,712.71,713.49,712.41,713.04,586.19
2026-09-10 18:50:00,713.03,714.08,712.65,713.84,1289.81
2026-09-10 18:55:00,713.84,714.35,713.77,714.34,957.81
2026-09-10 19:00:00,714.34,714.55,714.04,714.2,1433.57
2026-09-10 19:05:00,714.19,714.48,713.81,714.23,996.69
2026-09-10 19:10:00,714.23,714.39,713.47,713.61,2831.78
2026-09-10 19:15:00,713.62,714.16,713.62,713.78,803.35
2026-09-10 19:20:00,713.77,714.26,713.48,714.26,629.86
2026-09-10 19:25:00,714.26,715.2,714.17,714.82,2141.87
2026-09-10 19:30:00,714.82,714.89,714.33,714.56,894.18
2026-09-10 19:35:00,714.55,715.42,714.31,715.42,1139.28
2026-09-10 19:40:00,715.41,716.33,715.41,716.02,1811.99
2026-09-10 19:45:00,716.02,716.03,714.83,715.01,622.66
2026-09-10 19:50:00,715.01,715.28,714.02,714.42,2230.49
2026-09-10 19:55:00,714.41,715.06,714.37,714.69,707.47
2026-09-10 20:00:00,714.68,715.11,714.18,714.33,734.77
2026-09-10 20:05:00,714.32,715.32,714.23,715.32,481.92
2026-09-10 20:10:00,715.32,715.84,715.14,715.66,884.64
2026-09-10 20:15:00,715.66,716.03,715.52,715.68,516.68
2026-09-10 20:20:00,715.68,716.17,715.53,715.68,1109.06
2026-09-10 20:25:00,715.68,716.08,715.63,715.91,409.06
2026-09-10 20:30:00,715.92,715.92,715.22,715.72,771.83
2026-09-10 20:35:00,715.72,715.84,715.51,715.75,492.67
2026-09-10 20:40:00,715.75,716.5,715.51,716.16,3967.38
2026-09-10 20:45:00,716.15,716.68,715.45,715.79,2134.12
2026-09-10 20:50:00,715.79,715.94,715.51,715.75,1191.31
2026-09-10 20:55:00,715.76,715.9,715.22,715.37,288.38
2026-09-10 21:00:00,715.38,715.76,714.86,714.86,1124.13
2026-09-10 21:05:00,714.87,715.75,714.77,715.71,2108.24
2026-09-10 21:10:00,715.71,715.87,715.11,715.22,1521.85
2026-09-10 21:15:00,715.23,715.23,714.47,714.47,652.71
2026-09-10 21:20:00,714.47,714.71,714.2,714.71,514.78
2026-09-10 21:25:00,714.7,714.7,714.37,714.6,438.04
2026-09-10 21:30:00,714.6,714.61,714.1,714.48,658.21
2026-09-10 21:35:00,714.49,714.83,714.14,714.71,742.38
2026-09-10 21:40:00,714.72,714.97,714.3,714.34,3295.83
2026-09-10 21:45:00,714.35,715.37,714.28,714.87,1045.89
2026-09-10 21:50:00,714.87,715.09,714.69,714.72,262.19
2026-09-10 21:55:00,714.72,715.03,714.31,714.78,639.99
2026-09-10 22:00:00,714.79,715.5,714.41,715.42,1136.72
2026-09-10 22:05:00,715.42,715.9,714.99,715.88,618.48
2026-09-10 22:10:00,715.87,716.19,715.01,715.44,671.1
2026-09-10 22:15:00,715.45,716.14,715.33,715.69,886.33
2026-09-10 22:20:00,715.69,716.0,715.44,715.83,924.73
2026-09-10 22:25:00,715.82,715.82,714.5,714.5,453.3
2026-09-10 22:30:00,714.51,714.78,713.13,713.13,1759.36
2026-09-10 22:35:00,713.14,713.44,712.61,713.19,988.72
2026-09-10 22:40:00,713.19,713.19,712.3,712.51,974.28
2026-09-10 22:45:00,712.52,713.4,712.49,713.06,583.31
2026-09-10 22:50:00,713.05,713.22,712.6,713.1,918.39
2026-09-10 22:55:00,713.09,713.1,711.78,712.32,3407.21
2026-09-10 23:00:00,712.32,713.5,711.38,711.86,3247.34
2026-09-10 23:05:00,711.87,712.61,709.99,710.88,3334.83
2026-09-10 23:10:00,710.88,711.58,709.25,709.44,2983.58
2026-09-10 23:15:00,709.44,710.66,708.97,709.99,6551.59
2026-09-10 23:20:00,709.99,711.09,709.98,710.58,1493.76
2026-09-10 23:25:00,710.59,711.59,710.48,710.99,1070.94
2026-09-10 23:30:00,711.0,711.5,710.85,711.3,551.57
2026-09-10 23:35:00,711.3,711.76,710.28,710.49,2450.92
2026-09-10 23:40:00,710.49,711.23,710.3,711.22,686.35
2026-09-10 23:45:00,711.22,711.23,710.49,710.57,438.65
2026-09-10 23:50:00,710.56,710.8,709.55,709.6,970.34
2026-09-10 23:55:00,709.6,709.74,708.67,709.13,2061.62
2026-09-11 00:00:00,709.14,710.49,709.13,710.36,2126.04
2026-09-11 00:05:00,710.37,712.71,709.88,712.7,2018.89
2026-09-11 00:10:00,712.7,713.06,712.51,712.9,1324.04
2026-09-11 00:15:00,712.9,713.23,712.35,712.95,987.2
2026-09-11 00:20:00,712.95,713.15,712.12,712.17,1151.57
2026-09-11 00:25:00,712.17,712.61,711.68,712.52,1610.89
2026-09-11 00:30:00,712.53,712.57,710.75,712.1,1415.46
2026-09-11 00:35:00,712.09,712.61,711.78,712.35,420.86
2026-09-11 00:40:00,712.34,712.54,711.76,712.17,772.57
2026-09-11 00:45:00,712.17,712.74,712.1,712.58,583.29
2026-09-11 00:50:00,712.58,713.3,712.47,713.29,837.2
2026-09-11 00:55:00,713.3,713.92,713.3,713.91,616.75
2026-09-11 01:00:00,713.91,715.37,713.77,715.28,1636.92
2026-09-11 01:05:00,715.27,715.28,714.5,714.89,726.06
2026-09-11 01:10:00,714.89,714.97,714.18,714.18,657.72
2026-09-11 01:15:00,714.18,714.26,713.41,714.06,939.11
2026-09-11 01:20:00,714.05,714.3,713.04,713.81,1280.99
2026-09-11 01:25:00,713.81,713.91,712.57,712.61,443.25
2026-09-11 01:30:00,712.62,712.62,711.54,712.26,1427.19
2026-09-11 01:35:00,712.28,713.86,711.78,712.0,1100.32
2026-09-11 01:40:00,712.01,712.78,711.13,712.78,736.5
2026-09-11 01:45:00,712.78,713.31,712.07,713.3,745.49
2026-09-11 01:50:00,713.3,713.69,713.11,713.69,397.42
2026-09-11 01:55:00,713.68,714.14,713.62,713.91,958.49
2026-09-11 02:00:00,713.91,714.06,712.78,713.58,1528.48
2026-09-11 02:05:00,713.57,713.77,712.89,712.94,474.16
2026-09-11 02:10:00,712.94,713.86,712.75,713.85,481.0
2026-09-11 02:15:00,713.85,713.86,712.56,712.71,469.73
2026-09-11 02:20:00,712.7,713.18,712.28,712.28,416.21
2026-09-11 02:25:00,712.28,712.3,709.89,711.34,5034.39
2026-09-11 02:30:00,711.34,711.35,710.86,711.1,764.2
2026-09-11 02:35:00,711.09,712.79,710.78,712.74,692.63
2026-09-11 02:40:00,712.73,712.77,711.97,712.32,428.52
2026-09-11 02:45:00,712.32,712.72,711.98,712.62,605.92
2026-09-11 02:50:00,712.61,712.78,711.4,711.78,648.36
2026-09-11 02:55:00,711.78,711.99,711.48,711.64,696.11
2026-09-11 03:00:00,711.65,712.0,711.5,711.57,611.67
2026-09-11 03:05:00,711.56,711.56,710.47,710.76,1231.96
2026-09-11 03:10:00,710.76,712.32,710.59,712.23,1078.49
2026-09-11 03:15:00,712.24,712.64,711.19,712.06,1292.42
2026-09-11 03:20:00,712.06,712.2,711.13,711.36,1022.26
2026-09-11 03:25:00,711.36,712.2,711.11,711.83,661.06
2026-09-11 03:30:00,711.82,711.82,710.64,711.28,735.69
2026-09-11 03:35:00,711.28,712.56,710.95,712.34,764.4
2026-09-11 03:40:00,712.33,712.89,712.25,712.89,1026.62
2026-09-11 03:45:00,712.88,712.91,712.06,712.07,698.16
2026-09-11 03:50:00,712.06,712.36,711.92,712.33,662.8
2026-09-11 03:55:00,712.32,712.84,712.15,712.62,1256.19
2026-09-11 04:00:00,712.63,713.16,712.47,713.11,748.91
2026-09-11 04:05:00,713.12,713.4,712.9,713.08,891.15
2026-09-11 04:10:00,713.08,713.72,712.92,713.66,1089.56
2026-09-11 04:15:00,713.67,713.92,713.2,713.87,1139.24
2026-09-11 04:20:00,713.86,715.32,713.86,715.31,2241.88
2026-09-11 04:25:00,715.31,716.24,715.0,716.19,2025.06
2026-09-11 04:30:00,716.19,716.92,716.08,716.74,3389.45
2026-09-11 04:35:00,716.73,716.73,716.0,716.45,1992.5
2026-09-11 04:40:00,716.44,717.16,716.24,716.82,1688.56
2026-09-11 04:45:00,716.81,717.33,716.54,717.32,1181.75
2026-09-11 04:50:00,717.32,717.79,717.15,717.42,1680.0
2026-09-11 04:55:00,717.41,717.42,717.04,717.04,646.89
2026-09-11 05:00:00,717.04,717.19,716.35,716.45,1353.56
2026-09-11 05:05:00,716.44,716.91,716.37,716.62,597.14
2026-09-11 05:10:00,716.63,717.28,716.4,716.78,1590.32
2026-09-11 05:15:00,716.78,716.79,716.25,716.26,803.55
2026-09-11 05:20:00,716.26,716.26,715.68,716.16,1039.92
2026-09-11 05:25:00,716.17,716.58,715.8,716.51,963.92
2026-09-11 05:30:00,716.51,717.41,716.07,716.57,1591.69
2026-09-11 05:35:00,716.58,717.71,716.58,717.21,2168.59
2026-09-11 05:40:00,717.2,717.71,717.13,717.3,1143.65
2026-09-11 05:45:00,717.3,717.31,716.81,717.11,1015.13
2026-09-11 05:50:00,717.11,717.12,716.56,716.83,367.92
2026-09-11 05:55:00,716.83,717.11,716.83,717.03,523.85
2026-09-11 06:00:00,717.04,717.12,716.73,716.94,1163.31
2026-09-11 06:05:00,716.94,717.15,716.69,716.83,664.72
2026-09-11 06:10:00,716.83,717.49,716.74,717.11,1051.44
2026-09-11 06:15:00,717.1,717.29,716.51,716.74,933.77
2026-09-11 06:20:00,716.73,716.76,715.6,715.82,1568.76
2026-09-11 06:25:00,715.83,715.83,715.3,715.4,1182.68
2026-09-11 06:30:00,715.41,715.54,714.55,714.87,1762.89
2026-09-11 06:35:00,714.87,715.29,714.77,715.29,405.06
2026-09-11 06:40:00,715.29,715.34,714.97,715.2,521.7
2026-09-11 06:45:00,715.2,715.57,715.11,715.56,562.87
2026-09-11 06:50:00,715.55,715.61,715.29,715.56,884.63
2026-09-11 06:55:00,715.56,715.65,715.41,715.6,790.35
2026-09-11 07:00:00,715.6,715.75,715.38,715.71,920.65
2026-09-11 07:05:00,715.71,716.21,715.71,716.04,768.96
2026-09-11 07:10:00,716.04,716.37,715.47,715.52,909.13
2026-09-11 07:15:00,715.53,716.15,715.51,715.87,732.17
2026-09-11 07:20:00,715.87,716.36,715.73,715.94,1019.94
2026-09-11 07:25:00,715.93,715.94,715.28,715.38,581.74
2026-09-11 07:30:00,715.38,715.43,714.52,714.57,1188.3
2026-09-11 07:35:00,714.57,714.79,714.41,714.44,629.38
2026-09-11 07:40:00,714.44,714.51,714.12,714.19,803.73
2026-09-11 07:45:00,714.19,714.19,713.45,713.46,1042.11
2026-09-11 07:50:00,713.46,713.83,713.31,713.82,1283.41
2026-09-11 07:55:00,713.83,714.24,713.77,714.09,1623.48
2026-09-11 08:00:00,714.09,715.11,714.04,714.04,1523.51
2026-09-11 08:05:00,714.04,714.04,713.02,713.02,949.65
2026-09-11 08:10:00,713.03,713.54,712.89,713.54,1212.47
2026-09-11 08:15:00,713.55,714.44,713.54,714.36,716.17
2026-09-11 08:20:00,714.36,715.8,714.36,715.62,1325.97
2026-09-11 08:25:00,715.62,715.9,714.66,715.05,1247.29
2026-09-11 08:30:00,715.05,716.4,714.96,715.36,1804.02
2026-09-11 08:35:00,715.35,715.49,714.99,714.99,1113.26
2026-09-11 08:40:00,714.98,715.2,714.77,715.07,661.4
2026-09-11 08:45:00,715.07,715.12,714.69,714.7,545.11
2026-09-11 08:50:00,714.69,714.69,714.29,714.29,596.75
2026-09-11 08:55:00,714.29,714.43,714.25,714.4,362.58
2026-09-11 09:00:00,714.4,714.77,713.91,714.63,1560.82
2026-09-11 09:05:00,714.62,714.62,713.25,713.37,1784.32
2026-09-11 09:10:00,713.36,714.04,713.31,713.96,1011.58
2026-09-11 09:15:00,713.96,714.24,713.9,714.17,594.85
2026-09-11 09:20:00,714.17,714.2,713.64,713.65,418.49
2026-09-11 09:25:00,713.65,713.67,713.34,713.55,655.31
2026-09-11 09:30:00,713.55,713.76,713.21,713.21,414.87
2026-09-11 09:35:00,713.22,713.22,711.81,711.85,2412.7
2026-09-11 09:40:00,711.84,712.2,711.38,712.19,1457.41
2026-09-11 09:45:00,712.19,712.91,712.19,712.9,1495.53
2026-09-11 09:50:00,712.9,713.86,712.6,713.26,1723.56
2026-09-11 09:55:00,713.26,713.36,713.08,713.26,437.91
2026-09-11 10:00:00,713.26,714.76,712.68,714.71,1954.51
2026-09-11 10:05:00,714.71,715.29,714.52,714.69,1054.74
2026-09-11 10:10:00,714.69,714.83,714.2,714.69,882.38
2026-09-11 10:15:00,714.7,714.81,714.41,714.52,337.74
2026-09-11 10:20:00,714.52,714.52,714.03,714.23,704.61
2026-09-11 10:25:00,714.22,714.45,714.09,714.16,542.9
2026-09-11 10:30:00,714.16,714.17,712.84,713.78,1003.92
2026-09-11 10:35:00,713.78,714.1,713.5,713.62,330.94
2026-09-11 10:40:00,713.62,713.79,713.02,713.28,542.01
2026-09-11 10:45:00,713.29,713.48,712.98,713.19,561.61
2026-09-11 10:50:00,713.19,713.64,713.18,713.33,460.04
2026-09-11 10:55:00,713.33,713.68,712.81,712.94,2800.54
2026-09-11 11:00:00,712.94,713.07,711.77,711.92,2105.57
2026-09-11 11:05:00,711.92,712.22,710.95,711.29,2321.56
2026-09-11 11:10:00,711.29,711.54,710.65,710.93,1615.02
2026-09-11 11:15:00,710.92,711.76,710.83,711.61,1332.49
2026-09-11 11:20:00,711.61,711.74,711.14,711.48,641.72
2026-09-11 11:25:00,711.49,712.23,711.49,711.77,805.49
2026-09-11 11:30:00,711.78,712.21,711.57,711.86,503.58
2026-09-11 11:35:00,711.85,712.54,711.65,712.32,784.47
2026-09-11 11:40:00,712.33,713.09,712.33,713.03,456.97
2026-09-11 11:45:00,713.03,713.57,712.83,713.05,838.83
2026-09-11 11:50:00,713.05,713.43,712.92,713.17,505.37
2026-09-11 11:55:00,713.17,713.68,712.96,713.64,574.57
2026-09-11 12:00:00,713.64,714.38,713.34,713.5,1381.42
2026-09-11 12:05:00,713.49,713.51,712.34,712.35,589.89
2026-09-11 12:10:00,712.35,713.1,712.0,712.23,1113.19
2026-09-11 12:15:00,712.22,713.27,711.78,712.17,1368.72
2026-09-11 12:20:00,712.17,712.92,711.68,712.26,1451.32
2026-09-11 12:25:00,712.26,715.38,711.51,712.64,7992.18
2026-09-11 12:30:00,712.63,718.0,706.77,717.04,27323.81
2026-09-11 12:35:00,717.05,722.58,717.05,722.14,17055.16
2026-09-11 12:40:00,722.13,722.98,720.42,721.96,9805.25
2026-09-11 12:45:00,721.96,723.95,721.52,721.67,9503.12
2026-09-11 12:50:00,721.67,725.33,721.27,723.07,12323.21
2026-09-11 12:55:00,723.07,724.25,722.53,723.99,4311.03
2026-09-11 13:00:00,724.0,724.0,720.32,720.53,6052.59
2026-09-11 13:05:00,720.53,721.91,719.2,719.3,4808.05
2026-09-11 13:10:00,719.31,720.89,719.3,720.89,2512.83
2026-09-11 13:15:00,720.88,721.64,720.04,721.47,1885.42
2026-09-11 13:20:00,721.47,722.47,721.1,721.56,2568.4
2026-09-11 13:25:00,721.57,721.57,718.67,719.27,3545.82
2026-09-11 13:30:00,719.28,720.67,717.7,719.4,4652.89
2026-09-11 13:35:00,719.41,720.37,717.3,720.37,2514.02
2026-09-11 13:40:00,720.37,722.55,719.56,722.34,4990.65
2026-09-11 13:45:00,722.34,730.0,721.57,729.14,17589.59
2026-09-11 13:50:00,729.14,733.64,728.08,731.7,20341.31
2026-09-11 13:55:00,731.71,737.77,731.71,737.1,14408.17
2026-09-11 14:00:00,737.1,741.71,736.52,740.24,22859.06
2026-09-11 14:05:00,740.24,740.6,732.83,734.18,18926.97
2026-09-11 14:10:00,734.18,734.61,731.04,734.02,9170.47
2026-09-11 14:15:00,734.02,734.97,732.88,734.2,4120.54
2026-09-11 14:20:00,734.19,734.72,733.25,734.49,3719.18
2026-09-11 14:25:00,734.5,735.7,733.61,735.3,3194.85
2026-09-11 14:30:00,735.3,735.48,733.02,733.24,5440.81
2026-09-11 14:35:00,733.23,733.99,730.93,733.64,6265.08
2026-09-11 14:40:00,733.64,733.84,732.03,733.04,2888.17
2026-09-11 14:45:00,733.05,734.26,730.27,731.99,5376.86
2026-09-11 14:50:00,732.0,733.88,731.43,733.49,2964.31
2026-09-11 14:55:00,733.48,734.06,733.04,733.3,1183.68
2026-09-11 15:00:00,733.31,733.78,731.06,733.05,2166.82
2026-09-11 15:05:00,733.06,733.57,732.2,732.2,2017.46
2026-09-11 15:10:00,732.2,732.2,730.52,730.52,2248.74
2026-09-11 15:15:00,730.52,733.77,730.3,733.53,2043.44
2026-09-11 15:20:00,733.54,735.12,733.53,734.94,3076.06
2026-09-11 15:25:00,734.95,735.38,734.51,734.97,2123.21
2026-09-11 15:30:00,734.96,736.8,734.82,736.8,2359.88
2026-09-11 15:35:00,736.8,740.32,736.65,739.8,11569.63
2026-09-11 15:40:00,739.79,740.92,738.43,739.25,11747.86
2026-09-11 15:45:00,739.24,739.25,736.62,736.91,3802.57
2026-09-11 15:50:00,736.9,737.04,728.67,729.52,10171.57
2026-09-11 15:55:00,729.51,730.55,726.66,728.94,10869.24
2026-09-11 16:00:00,728.93,732.51,728.51,731.24,6025.16
2026-09-11 16:05:00,731.24,734.04,731.24,733.31,4000.19
2026-09-11 16:10:00,733.3,733.74,730.7,730.93,2956.7
2026-09-11 16:15:00,730.92,732.04,728.48,729.03,3156.73
2026-09-11 16:20:00,729.04,729.77,727.58,728.46,4969.15
2026-09-11 16:25:00,728.47,730.91,728.29,730.1,3097.31
2026-09-11 16:30:00,730.1,731.52,728.42,731.1,2195.0
2026-09-11 16:35:00,731.1,731.13,729.13,729.29,1493.09
2026-09-11 16:40:00,729.28,730.51,729.07,730.31,2008.02
2026-09-11 16:45:00,730.3,732.6,730.05,731.3,2855.02
2026-09-11 16:50:00,731.3,731.77,730.76,731.11,1434.15
2026-09-11 16:55:00,731.11,731.38,730.26,730.74,1124.59
2026-09-11 17:00:00,730.75,731.46,730.16,730.73,1992.22
2026-09-11 17:05:00,730.74,731.12,729.31,729.55,1116.87
2026-09-11 17:10:00,729.55,730.41,729.24,729.37,1836.16
2026-09-11 17:15:00,729.38,730.68,729.13,730.34,1068.69
2026-09-11 17:20:00,730.34,730.61,728.82,730.37,784.45
2026-09-11 17:25:00,730.38,731.12,730.37,730.67,540.91
2026-09-11 17:30:00,730.68,731.11,730.19,730.4,752.21
2026-09-11 17:35:00,730.39,730.4,727.87,727.95,2253.16
2026-09-11 17:40:00,727.95,728.64,727.51,728.08,1529.02
2026-09-11 17:45:00,728.09,728.89,728.0,728.75,766.32
2026-09-11 17:50:00,728.76,728.77,727.1,727.23,782.11
2026-09-11 17:55:00,727.23,728.56,726.83,727.79,1533.5
2026-09-11 18:00:00,727.79,728.34,723.8,724.78,5900.42
2026-09-11 18:05:00,724.78,724.92,720.43,723.23,8616.13
2026-09-11 18:10:00,723.23,723.89,722.3,723.53,2406.46
2026-09-11 18:15:00,723.53,725.66,723.21,725.55,2667.32
2026-09-11 18:20:00,725.56,725.69,724.5,725.02,1492.97
2026-09-11 18:25:00,725.02,725.03,723.79,724.92,1297.04
2026-09-11 18:30:00,724.92,725.48,724.12,725.24,1255.74
2026-09-11 18:35:00,725.23,725.71,724.47,724.88,861.47
2026-09-11 18:40:00,724.89,725.26,724.05,724.38,1303.33
2026-09-11 18:45:00,724.39,725.46,723.35,723.88,1791.48
2026-09-11 18:50:00,723.87,723.88,721.82,721.94,2138.06
2026-09-11 18:55:00,721.95,722.79,721.75,722.64,975.17
2026-09-11 19:00:00,722.64,723.34,721.59,723.34,2115.46
2026-09-11 19:05:00,723.34,724.44,723.34,723.78,1380.77
2026-09-11 19:10:00,723.79,724.57,723.14,724.57,876.58
2026-09-11 19:15:00,724.56,724.57,723.1,723.82,2183.31
2026-09-11 19:20:00,723.82,725.58,723.54,725.48,1215.01
2026-09-11 19:25:00,725.48,726.16,725.19,725.19,1618.41
2026-09-11 19:30:00,725.18,725.19,724.56,724.75,1494.0
2026-09-11 19:35:00,724.76,725.02,724.06,724.94,1047.41
2026-09-11 19:40:00,724.94,725.6,724.93,725.42,472.91
2026-09-11 19:45:00,725.41,725.57,724.81,725.16,708.58
2026-09-11 19:50:00,725.14,725.88,724.85,725.61,947.2
2026-09-11 19:55:00,725.6,726.96,725.11,725.38,4797.08
2026-09-11 20:00:00,725.37,728.02,725.15,727.66,4176.77
2026-09-11 20:05:00,727.66,727.75,727.22,727.22,674.28
2026-09-11 20:10:00,727.22,727.64,726.95,727.17,838.01
2026-09-11 20:15:00,727.16,727.26,726.07,726.34,568.87
2026-09-11 20:20:00,726.33,726.88,726.03,726.88,425.13
2026-09-11 20:25:00,726.87,727.21,726.31,726.51,920.66
2026-09-11 20:30:00,726.5,726.62,725.0,726.62,1486.36
2026-09-11 20:35:00,726.62,727.74,726.62,727.69,664.74
2026-09-11 20:40:00,727.69,727.98,727.16,727.46,997.65
2026-09-11 20:45:00,727.45,727.69,725.6,725.84,582.75
2026-09-11 20:50:00,725.85,726.15,724.75,725.6,2304.69
2026-09-11 20:55:00,725.6,726.84,725.45,726.54,1545.43
2026-09-11 21:00:00,726.55,726.55,726.06,726.29,379.95
2026-09-11 21:05:00,726.28,727.39,726.12,727.26,509.64
2026-09-11 21:10:00,727.26,727.64,726.59,727.0,587.75
2026-09-11 21:15:00,727.01,727.69,727.01,727.49,449.48
2026-09-11 21:20:00,727.49,727.9,727.21,727.47,719.09
2026-09-11 21:25:00,727.45,727.62,727.05,727.07,242.5
2026-09-11 21:30:00,727.07,727.29,726.72,727.29,985.09
2026-09-11 21:35:00,727.28,727.31,726.65,727.22,354.93
2026-09-11 21:40:00,727.22,727.32,726.5,726.66,439.12
2026-09-11 21:45:00,726.67,726.72,724.88,724.96,2145.92
2026-09-11 21:50:00,724.96,724.97,724.03,724.2,679.25
2026-09-11 21:55:00,724.19,725.11,723.21,723.58,3898.58
2026-09-11 22:00:00,723.57,725.58,722.11,725.38,5088.75
2026-09-11 22:05:00,725.37,725.48,723.22,723.22,1571.05
2026-09-11 22:10:00,723.22,724.61,723.22,724.6,1915.14
2026-09-11 22:15:00,724.6,724.81,723.8,724.78,928.62
2026-09-11 22:20:00,724.78,725.74,724.46,725.45,918.35
2026-09-11 22:25:00,725.45,725.92,724.62,724.62,1403.76
2026-09-11 22:30:00,724.61,724.96,723.16,723.36,1044.99
2026-09-11 22:35:00,723.36,725.42,723.26,725.42,1231.88
2026-09-11 22:40:00,725.41,725.49,724.39,724.74,957.33
2026-09-11 22:45:00,724.74,724.74,723.75,723.86,613.81
2026-09-11 22:50:00,723.85,724.38,723.26,723.8,1819.54
2026-09-11 22:55:00,723.81,724.77,723.35,724.65,1220.81
2026-09-11 23:00:00,724.65,725.61,724.14,725.61,1049.28
2026-09-11 23:05:00,725.6,725.66,725.0,725.04,254.34
