t,oi,oiv
2026-08-11 23:10:00,509185701.0,94939736.15353905
2026-08-11 23:15:00,508037652.0,94453715.05202197
2026-08-11 23:20:00,507934207.0,94475762.502
2026-08-11 23:25:00,508026277.0,94582691.32698528
2026-08-11 23:30:00,508073796.0,94654148.1948
2026-08-11 23:35:00,507841313.0,94479402.20168246
2026-08-11 23:40:00,507451643.0,94690476.5838
2026-08-11 23:45:00,507542162.0,94961138.5102
2026-08-11 23:50:00,508568877.0,95204093.7744
2026-08-11 23:55:00,508327207.0,95057187.709
2026-08-12 00:00:00,508194341.0,95012598.41685215
2026-08-12 00:05:00,507971864.0,94990738.568
2026-08-12 00:10:00,507555986.0,94912969.382
2026-08-12 00:15:00,507532796.0,94807126.2928
2026-08-12 00:20:00,507492093.0,94366348.02149892
2026-08-12 00:25:00,507959541.0,94438060.0043265
2026-08-12 00:30:00,507663657.0,94454737.47164547
2026-08-12 00:35:00,507843043.0,94515278.1443816
2026-08-12 00:40:00,508166141.0,94499571.58599636
2026-08-12 00:45:00,508156133.0,94416441.06834999
2026-08-12 00:50:00,508218956.0,94477903.9204
2026-08-12 00:55:00,508422391.0,94464880.2478
2026-08-12 01:00:00,508647491.0,94608433.326
2026-08-12 01:05:00,508540694.0,94530468.3097105
2026-08-12 01:10:00,508092073.0,94606743.9926
2026-08-12 01:15:00,508347710.0,94806847.915
2026-08-12 01:20:00,508433214.0,94873637.7324
2026-08-12 01:25:00,508254089.0,94941863.8252
2026-08-12 01:30:00,507954851.0,94835170.6817
2026-08-12 01:35:00,507791677.0,94804706.0959
2026-08-12 01:40:00,507884741.0,94822081.1447
2026-08-12 01:45:00,507890854.0,94975589.698
2026-08-12 01:50:00,508061170.0,94877136.3417301
2026-08-12 01:55:00,508049065.0,94799527.0544693
2026-08-12 02:00:00,507362230.0,94799638.2455292
2026-08-12 02:05:00,507334685.0,94822268.09027115
2026-08-12 02:10:00,507459894.0,95006225.23756692
2026-08-12 02:15:00,507153792.0,94981871.92553473
2026-08-12 02:20:00,507127732.0,94970910.83881845
2026-08-12 02:25:00,507032912.0,94916561.1264
2026-08-12 02:30:00,505686152.0,95196636.81762633
2026-08-12 02:35:00,505548553.0,94891463.3981
2026-08-12 02:40:00,505467180.0,94805899.4199492
2026-08-12 02:45:00,505662556.0,95043241.79463904
2026-08-12 02:50:00,505629913.0,95058423.644
2026-08-12 02:55:00,505499708.0,95033945.104
2026-08-12 03:00:00,505463833.0,94926107.8374
2026-08-12 03:05:00,505013239.0,94891987.6081
2026-08-12 03:10:00,504859500.0,94863100.05
2026-08-12 03:15:00,504706290.0,94633706.2819137
2026-08-12 03:20:00,504547246.0,94706848.0860236
2026-08-12 03:25:00,504425371.0,94731084.6738
2026-08-12 03:30:00,504333442.0,94612953.7192
2026-08-12 03:35:00,504277684.0,94703349.0552
2026-08-12 03:40:00,504483418.0,94792434.2422
2026-08-12 03:45:00,504525744.0,94699482.1488
2026-08-12 03:50:00,504630420.0,94668666.792
2026-08-12 03:55:00,504568533.0,94534643.41900887
2026-08-12 04:00:00,504332438.0,94592657.63449694
2026-08-12 04:05:00,504194713.0,94687767.1014
2026-08-12 04:10:00,504276300.0,94652661.51
2026-08-12 04:15:00,504176070.0,94654897.6899225
2026-08-12 04:20:00,504099824.0,94619536.9648
2026-08-12 04:25:00,504046442.0,94534948.53277051
2026-08-12 04:30:00,503888077.0,94323383.56603777
2026-08-12 04:35:00,503779624.0,94330245.92265745
2026-08-12 04:40:00,503741908.0,94273383.8629496
2026-08-12 04:45:00,503720909.0,94272007.84490442
2026-08-12 04:50:00,504007102.0,94450930.9148
2026-08-12 04:55:00,504060310.0,94335310.4271604
2026-08-12 05:00:00,503929202.0,94234760.774
2026-08-12 05:05:00,504024355.0,94140096.4709124
2026-08-12 05:10:00,504033010.0,94203769.569
2026-08-12 05:15:00,504130467.0,94318575.6797772
2026-08-12 05:20:00,504323552.0,94487861.85203329
2026-08-12 05:25:00,504442551.0,94496668.1920239
2026-08-12 05:30:00,504442340.0,94532494.516
2026-08-12 05:35:00,504328003.0,94441425.10826573
2026-08-12 05:40:00,504293538.0,94443715.5764865
2026-08-12 05:45:00,504306238.0,94329442.94704972
2026-08-12 05:50:00,504593912.0,94237439.27339064
2026-08-12 05:55:00,504428078.0,94176722.1626
2026-08-12 06:00:00,504317303.0,94075228.66546728
2026-08-12 06:05:00,504014956.0,93871016.46250445
2026-08-12 06:10:00,503938298.0,93908811.12340637
2026-08-12 06:15:00,503940077.0,93910019.49547012
2026-08-12 06:20:00,503911963.0,93929189.9032
2026-08-12 06:25:00,503780419.0,93732427.5763439
2026-08-12 06:30:00,503832706.0,93763266.5866
2026-08-12 06:35:00,503746100.0,93747149.21
2026-08-12 06:40:00,502955498.0,93420508.33100882
2026-08-12 06:45:00,502831086.0,93375732.6702
2026-08-12 06:50:00,502636156.0,93303711.29036188
2026-08-12 06:55:00,500770214.0,92772674.82253358
2026-08-12 07:00:00,500863011.0,92843729.2001726
2026-08-12 07:05:00,501049215.0,93089783.3400855
2026-08-12 07:10:00,501353282.0,93051169.1392
2026-08-12 07:15:00,501581233.0,93143634.9681
2026-08-12 07:20:00,501613756.0,92999190.3624
2026-08-12 07:25:00,501568291.0,93014269.65719917
2026-08-12 07:30:00,501722629.0,92943906.29874583
2026-08-12 07:35:00,501794538.0,93063668.0681946
2026-08-12 07:40:00,501547553.0,92809925.21022183
2026-08-12 07:45:00,501671567.0,92802662.98075663
2026-08-12 07:50:00,501683067.0,92911704.0084
2026-08-12 07:55:00,501749668.0,93024388.4472
2026-08-12 08:00:00,502101806.0,92989254.4712
2026-08-12 08:05:00,504135074.0,93437700.32500166
2026-08-12 08:10:00,504210290.0,93397539.2891341
2026-08-12 08:15:00,504186458.0,93375332.0216
2026-08-12 08:20:00,504219406.0,93482277.8724
2026-08-12 08:25:00,504149043.0,93519647.4765
2026-08-12 08:30:00,504361749.0,93610090.3687064
2026-08-12 08:35:00,504292480.0,93504423.978784
2026-08-12 08:40:00,504303976.0,93497957.1504
2026-08-12 08:45:00,504352207.0,93456463.9571
2026-08-12 08:50:00,504143523.0,93492886.98965085
2026-08-12 08:55:00,503921299.0,93477400.9645
2026-08-12 09:00:00,504121082.0,93489708.3658738
2026-08-12 09:05:00,504307537.0,93599478.8672
2026-08-12 09:10:00,504372482.0,93598055.82648095
2026-08-12 09:15:00,504483366.0,93534414.48094045
2026-08-12 09:20:00,504438984.0,93775207.1256
2026-08-12 09:25:00,504331383.0,93856070.3763
2026-08-12 09:30:00,505095617.0,94250842.1322
2026-08-12 09:35:00,505053242.0,94293440.2814
2026-08-12 09:40:00,504931628.0,94119255.4592
2026-08-12 09:45:00,504964103.0,94074812.3889
2026-08-12 09:50:00,503027016.0,94015749.2904
2026-08-12 09:55:00,503136664.0,94187183.5008
2026-08-12 10:00:00,503146649.0,94138738.0279
2026-08-12 10:05:00,503279568.0,94177789.59102625
2026-08-12 10:10:00,503205056.0,94014152.8560192
2026-08-12 10:15:00,503017138.0,94013903.0922
2026-08-12 10:20:00,502988000.0,93940936.09088
2026-08-12 10:25:00,503044384.0,93935766.6762672
2026-08-12 10:30:00,502672142.0,93798621.6972
2026-08-12 10:35:00,502780075.0,93933853.38196824
2026-08-12 10:40:00,502845161.0,93931476.0748
2026-08-12 10:45:00,502924381.0,93922923.59179017
2026-08-12 10:50:00,503663028.0,94134619.9332
2026-08-12 10:55:00,503415420.0,94094906.5350768
2026-08-12 11:00:00,503181931.0,93915012.79300407
2026-08-12 11:05:00,503035559.0,93911633.05437616
2026-08-12 11:10:00,502714870.0,93773857.9496656
2026-08-12 11:15:00,502244652.0,93467729.7372
2026-08-12 11:20:00,502107156.0,93422911.0275252
2026-08-12 11:25:00,502150590.0,93414225.6232029
2026-08-12 11:30:00,502206694.0,93470021.86410922
2026-08-12 11:35:00,502577222.0,93448791.51958574
2026-08-12 11:40:00,502585399.0,93430625.6741
2026-08-12 11:45:00,502504700.0,93301359.186267
2026-08-12 11:50:00,502632221.0,93311324.53617793
2026-08-12 11:55:00,502533371.0,93320446.9947
2026-08-12 12:00:00,502534369.0,93297068.4867376
2026-08-12 12:05:00,503025001.0,93375167.7378773
2026-08-12 12:10:00,503228711.0,93399248.7616
2026-08-12 12:15:00,503853739.0,93393527.93359499
2026-08-12 12:20:00,503800634.0,93253497.3534
2026-08-12 12:25:00,504030848.0,93289320.66927744
2026-08-12 12:30:00,504045960.0,93702143.964
2026-08-12 12:35:00,504218060.0,93633293.742
2026-08-12 12:40:00,504587735.0,93355083.73458365
2026-08-12 12:45:00,500973656.0,92280294.27540983
2026-08-12 12:50:00,498947887.0,91625836.97821583
2026-08-12 12:55:00,498213085.0,91849109.5683918
2026-08-12 13:00:00,497750823.0,91763863.40833569
2026-08-12 13:05:00,497783896.0,91791350.4224
2026-08-12 13:10:00,497336625.0,91712479.34053124
2026-08-12 13:15:00,497726706.0,91482168.5628
2026-08-12 13:20:00,497822014.0,91400121.7704
2026-08-12 13:25:00,498081841.0,91534158.53310053
2026-08-12 13:30:00,497712891.0,91280544.2094
2026-08-12 13:35:00,497713963.0,91131426.6253
2026-08-12 13:40:00,497035169.0,91007139.4439
2026-08-12 13:45:00,496341543.0,91029852.98633052
2026-08-12 13:50:00,496941557.0,91166940.09748542
2026-08-12 13:55:00,496723205.0,91080721.61243165
2026-08-12 14:00:00,496692722.0,91013512.45504855
2026-08-12 14:05:00,495363455.0,90604596.39217696
2026-08-12 14:10:00,495520087.0,90729727.9297
2026-08-12 14:15:00,495572618.0,90824193.34372778
2026-08-12 14:20:00,495599734.0,90704584.02072255
2026-08-12 14:25:00,495868422.0,90650826.88845372
2026-08-12 14:30:00,495795779.0,90581888.8233
2026-08-12 14:35:00,495970245.0,90625344.66672075
2026-08-12 14:40:00,496077036.0,90630665.11199065
2026-08-12 14:45:00,495839851.0,90468633.55815285
2026-08-12 14:50:00,495969721.0,90564071.0546
2026-08-12 14:55:00,495578772.0,90324241.49838492
2026-08-12 15:00:00,496142510.0,90351277.1012501
2026-08-12 15:05:00,495928494.0,90676770.94920042
2026-08-12 15:10:00,495755288.0,90541335.00393856
2026-08-12 15:15:00,495593608.0,90693630.264
2026-08-12 15:20:00,494732216.0,90713535.13103376
2026-08-12 15:25:00,494835544.0,90558313.96889816
2026-08-12 15:30:00,495129176.0,90292489.32654049
2026-08-12 15:35:00,495445256.0,90322405.02661312
2026-08-12 15:40:00,495478329.0,90315561.89008866
2026-08-12 15:45:00,495314003.0,90246211.3466
2026-08-12 15:50:00,495369338.0,90203833.7707058
2026-08-12 15:55:00,494858183.0,90037417.4782997
2026-08-12 16:00:00,495148269.0,90017955.3042
2026-08-12 16:05:00,494918474.0,90124654.1154
2026-08-12 16:10:00,495068519.0,90072068.3002482
2026-08-12 16:15:00,495362171.0,90262967.8407748
2026-08-12 16:20:00,495522964.0,90215391.48311508
2026-08-12 16:25:00,495934293.0,90260041.326
2026-08-12 16:30:00,496129359.0,90351372.77476826
2026-08-12 16:35:00,496215707.0,90271834.33607885
2026-08-12 16:40:00,496203605.0,90283804.30854155
2026-08-12 16:45:00,496262014.0,90301930.29313909
2026-08-12 16:50:00,496072153.0,90163103.05708353
2026-08-12 16:55:00,496020026.0,90100683.58822902
2026-08-12 17:00:00,496299808.0,90376195.0368
2026-08-12 17:05:00,496746956.0,90434104.68670297
2026-08-12 17:10:00,496764729.0,90556062.11121285
2026-08-12 17:15:00,496715696.0,90562079.91434497
2026-08-12 17:20:00,496797427.0,90579137.3549447
2026-08-12 17:25:00,497143197.0,90618148.34839872
2026-08-12 17:30:00,497099914.0,90703564.47397044
2026-08-12 17:35:00,497220543.0,90767451.01407623
2026-08-12 17:40:00,498539727.0,91007794.0183967
2026-08-12 17:45:00,498467062.0,91020085.5212
2026-08-12 17:50:00,504298151.0,92245990.84675205
2026-08-12 17:55:00,502940507.0,92043464.06799448
2026-08-12 18:00:00,503189773.0,92184366.4136
2026-08-12 18:05:00,502985997.0,92245675.23427168
2026-08-12 18:10:00,502695430.0,92144072.319
2026-08-12 18:15:00,502580540.0,92102382.050833
2026-08-12 18:20:00,502515185.0,92097937.8647789
2026-08-12 18:25:00,502194329.0,92102439.9386
2026-08-12 18:30:00,501863650.0,92127050.006862
2026-08-12 18:35:00,501412358.0,92059308.9288
2026-08-12 18:40:00,501324519.0,91842651.8808
2026-08-12 18:45:00,501015927.0,91860373.39694066
2026-08-12 18:50:00,501090345.0,91849860.2385
2026-08-12 18:55:00,503183784.0,92132950.8504
2026-08-12 19:00:00,503112692.0,92220556.4436
2026-08-12 19:05:00,503042952.0,92292213.89152272
2026-08-12 19:10:00,502960401.0,92223905.52182616
2026-08-12 19:15:00,503072637.0,92070281.36447556
2026-08-12 19:20:00,502933062.0,92227724.08830264
2026-08-12 19:25:00,502941131.0,92189109.3123
2026-08-12 19:30:00,502948199.0,92194156.87026455
2026-08-12 19:35:00,502868627.0,92326679.9172
2026-08-12 19:40:00,502256256.0,91995646.58873856
2026-08-12 19:45:00,502370545.0,91892359.14133205
2026-08-12 19:50:00,502159502.0,91904915.69555373
2026-08-12 19:55:00,502174720.0,91883792.3459072
2026-08-12 20:00:00,502114772.0,91914740.09600528
2026-08-12 20:05:00,502069582.0,91897084.1492221
2026-08-12 20:10:00,502046290.0,91912922.7953511
2026-08-12 20:15:00,502243054.0,91931382.23790748
2026-08-12 20:20:00,502042349.0,91873749.867
2026-08-12 20:25:00,501960366.0,91908943.0146
2026-08-12 20:30:00,502016995.0,91969513.484
2026-08-12 20:35:00,501896167.0,92001341.67027584
2026-08-12 20:40:00,501669694.0,92006221.8796
2026-08-12 20:45:00,501651100.0,91973876.504552
2026-08-12 20:50:00,501561526.0,91856685.07339166
2026-08-12 20:55:00,501258417.0,91529786.9442
2026-08-12 21:00:00,501183148.0,91616279.4544
2026-08-12 21:05:00,500914958.0,91392399.93801095
2026-08-12 21:10:00,500874767.0,91409644.9775
2026-08-12 21:15:00,500830519.0,91193609.86109564
2026-08-12 21:20:00,500791273.0,91244169.9406
2026-08-12 21:25:00,499619789.0,90431181.809
2026-08-12 21:30:00,498631368.0,90302140.7448
2026-08-12 21:35:00,499103988.0,90508225.91158296
2026-08-12 21:40:00,498748983.0,90272603.33746281
2026-08-12 21:45:00,498822337.0,90526656.82373612
2026-08-12 21:50:00,499008890.0,90470311.757
2026-08-12 21:55:00,498809472.0,90478496.44756608
2026-08-12 22:00:00,498993206.0,90267870.9654
2026-08-12 22:05:00,500479838.0,90936260.6768997
2026-08-12 22:10:00,500050828.0,90917446.36448748
2026-08-12 22:15:00,500247557.0,90995030.6183
2026-08-12 22:20:00,500036394.0,90984667.10993946
2026-08-12 22:25:00,499873608.0,90957356.62194169
2026-08-12 22:30:00,499989751.0,90998134.682
2026-08-12 22:35:00,500186918.0,91022884.91520531
2026-08-12 22:40:00,500228868.0,90961512.30905771
2026-08-12 22:45:00,500506402.0,90968174.71303254
2026-08-12 22:50:00,500484736.0,91038173.4784
2026-08-12 22:55:00,500440105.0,91008015.7172758
2026-08-12 23:00:00,500444192.0,91055860.76993535
2026-08-12 23:05:00,500696261.0,91117802.10159159
2026-08-12 23:10:00,500818954.0,91024591.10974146
2026-08-12 23:15:00,500841880.0,91214425.037736
2026-08-12 23:20:00,501156435.0,91132155.45390254
2026-08-12 23:25:00,501296781.0,91185884.4639
2026-08-12 23:30:00,501122871.0,91314133.48689255
2026-08-12 23:35:00,500725700.0,91382440.25
2026-08-12 23:40:00,500850829.0,91455361.3754
2026-08-12 23:45:00,500960085.0,91357140.04654935
2026-08-12 23:50:00,501006662.0,91391741.47685765
2026-08-12 23:55:00,501032633.0,91415708.6409618
2026-08-13 00:00:00,500948890.0,91423172.425
2026-08-13 00:05:00,500890985.0,91499419.1880202
2026-08-13 00:10:00,501116021.0,91582185.03608546
2026-08-13 00:15:00,501310832.0,91649922.0271976
2026-08-13 00:20:00,502006422.0,92041682.69841564
2026-08-13 00:25:00,501753184.0,91788128.39946689
2026-08-13 00:30:00,501671879.0,91783238.15431888
2026-08-13 00:35:00,501959368.0,91587004.325912
2026-08-13 00:40:00,502543059.0,91613599.6557
2026-08-13 00:45:00,502374007.0,91384152.84121235
2026-08-13 00:50:00,502071007.0,91477337.4754
2026-08-13 00:55:00,501945933.0,91285764.65316942
2026-08-13 01:00:00,501537412.0,91129347.7604
2026-08-13 01:05:00,501264814.0,91171858.94894668
2026-08-13 01:10:00,501436913.0,91235237.85738967
2026-08-13 01:15:00,501688506.0,91357476.9426
2026-08-13 01:20:00,501699216.0,91259087.3904
2026-08-13 01:25:00,501288331.0,91060323.66292728
2026-08-13 01:30:00,500325795.0,90780267.99738646
2026-08-13 01:35:00,500451222.0,91012484.6164587
2026-08-13 01:40:00,500359424.0,91015379.2256
2026-08-13 01:45:00,500243290.0,90784027.2083775
2026-08-13 01:50:00,500270363.0,90849097.9208
2026-08-13 01:55:00,500234275.0,90916288.8768205
2026-08-13 02:00:00,501510798.0,90974058.7572
2026-08-13 02:05:00,501251313.0,90884968.28063121
2026-08-13 02:10:00,501349844.0,90944861.7016
2026-08-13 02:15:00,501301375.0,90885939.2875
2026-08-13 02:20:00,501242905.0,90975587.2575
2026-08-13 02:25:00,501378383.0,91072284.75354306
2026-08-13 02:30:00,501357894.0,91146865.1292
2026-08-13 02:35:00,501184235.0,91205827.8432104
2026-08-13 02:40:00,501392716.0,91129775.71503565
2026-08-13 02:45:00,501386976.0,91232083.34851392
2026-08-13 02:50:00,501264896.0,91435408.86982656
2026-08-13 02:55:00,501570204.0,91737190.3116
2026-08-13 03:00:00,501850413.0,91838625.579
2026-08-13 03:05:00,501700651.0,91779627.04300652
2026-08-13 03:10:00,501792139.0,91954965.0273809
2026-08-13 03:15:00,502017086.0,91943862.02159283
2026-08-13 03:20:00,501905639.0,91999303.6287
2026-08-13 03:25:00,501615990.0,91946210.967
2026-08-13 03:30:00,501620990.0,91746479.071
2026-08-13 03:35:00,501502714.0,91925447.4762
2026-08-13 03:40:00,501076407.0,92097843.6066
2026-08-13 03:45:00,500441503.0,91995751.13445754
2026-08-13 03:50:00,500194896.0,92035860.864
2026-08-13 03:55:00,500040234.0,91830658.83489037
2026-08-13 04:00:00,499812393.0,91890388.49807568
2026-08-13 04:05:00,499354085.0,91734391.4744185
2026-08-13 04:10:00,499640686.0,91833958.0868
2026-08-13 04:15:00,499563012.0,91919594.208
2026-08-13 04:20:00,499608838.0,91802604.38930848
2026-08-13 04:25:00,499583198.0,91817087.05244124
2026-08-13 04:30:00,499887749.0,91845545.86110266
2026-08-13 04:35:00,499732491.0,91850831.8458
2026-08-13 04:40:00,499604052.0,91844021.44582824
2026-08-13 04:45:00,499637789.0,91860026.33408636
2026-08-13 04:50:00,499384830.0,91687054.788
2026-08-13 04:55:00,499473873.0,91572825.6281816
2026-08-13 05:00:00,499733184.0,91601092.6272
2026-08-13 05:05:00,499498476.0,91458170.9556
2026-08-13 05:10:00,499394495.0,91489071.484
2026-08-13 05:15:00,499664193.0,91673824.19755791
2026-08-13 05:20:00,499759704.0,91837967.185782
2026-08-13 05:25:00,499782774.0,91921502.16195235
2026-08-13 05:30:00,499849700.0,91991329.091606
2026-08-13 05:35:00,499826572.0,91918106.5908
2026-08-13 05:40:00,499768237.0,92007332.4317
2026-08-13 05:45:00,499716255.0,91997762.5455
2026-08-13 05:50:00,499861132.0,92074420.5144
2026-08-13 05:55:00,496836463.0,91860217.85318574
2026-08-13 06:00:00,496646685.0,91516955.5168119
2026-08-13 06:05:00,496004458.0,91314420.7178
2026-08-13 06:10:00,495492043.0,91433577.77286741
2026-08-13 06:15:00,495313464.0,91307302.42488144
2026-08-13 06:20:00,495413595.0,91403808.2775
2026-08-13 06:25:00,495385663.0,91299364.6750649
2026-08-13 06:30:00,495470904.0,91256445.48264097
2026-08-13 06:35:00,495544891.0,91229814.4331
2026-08-13 06:40:00,495528738.0,91227266.82051468
2026-08-13 06:45:00,495433459.0,91357929.8396
2026-08-13 06:50:00,495403986.0,91232062.3094034
2026-08-13 06:55:00,495268760.0,91344730.3119092
2026-08-13 07:00:00,495251852.0,91249499.99855536
2026-08-13 07:05:00,495586806.0,91244137.15672398
2026-08-13 07:10:00,495723058.0,91262614.9778
2026-08-13 07:15:00,496173065.0,91315155.0156898
2026-08-13 07:20:00,495956907.0,91233093.2044987
2026-08-13 07:25:00,495846598.0,91384528.0114
2026-08-13 07:30:00,495899590.0,91394294.437
2026-08-13 07:35:00,495773735.0,91322141.70416875
2026-08-13 07:40:00,495731922.0,91611259.1856
2026-08-13 07:45:00,495967422.0,91853166.5544
2026-08-13 07:50:00,496027803.0,91765143.555
2026-08-13 07:55:00,495627188.0,91938843.374
2026-08-13 08:00:00,495259526.0,91920168.0256
2026-08-13 08:05:00,495003379.0,91872627.1424
2026-08-13 08:10:00,495091164.0,91705909.5896274
2026-08-13 08:15:00,495086887.0,91650682.5561948
2026-08-13 08:20:00,495830014.0,92021528.62867232
2026-08-13 08:25:00,496020929.0,91962280.2366
2026-08-13 08:30:00,496305398.0,91842053.39494301
2026-08-13 08:35:00,496110145.0,92028431.8975
2026-08-13 08:40:00,496971880.0,92337375.304
2026-08-13 08:45:00,497349264.0,92357758.3248
2026-08-13 08:50:00,497258433.0,92440342.6947
2026-08-13 08:55:00,497372877.0,92312405.9712
2026-08-13 09:00:00,496793968.0,92602395.6352
2026-08-13 09:05:00,495862712.0,92081705.6184
2026-08-13 09:10:00,495804993.0,91999903.63825358
2026-08-13 09:15:00,495395879.0,91795053.13770044
2026-08-13 09:20:00,495072220.0,91786389.588
2026-08-13 09:25:00,494743586.0,91596970.98767994
2026-08-13 09:30:00,494510128.0,91682177.7312
2026-08-13 09:35:00,494587016.0,91628738.64152008
2026-08-13 09:40:00,494963321.0,91682442.02022038
2026-08-13 09:45:00,494798204.0,91785066.842
2026-08-13 09:50:00,494780492.0,91732303.2168
2026-08-13 09:55:00,494385436.0,91757936.9216
2026-08-13 10:00:00,494577778.0,91694720.0412
2026-08-13 10:05:00,494373153.0,91557907.9356
2026-08-13 10:10:00,494459285.0,91589865.22905545
2026-08-13 10:15:00,494163487.0,91420245.095
2026-08-13 10:20:00,494044903.0,91447711.5453
2026-08-13 10:25:00,493459718.0,91290047.83
2026-08-13 10:30:00,493279266.0,91355320.0632
2026-08-13 10:35:00,493466806.0,91143319.0682
2026-08-13 10:40:00,493411859.0,91231852.7291
2026-08-13 10:45:00,493278558.0,91160827.32417683
2026-08-13 10:50:00,493443472.0,91159546.39570464
2026-08-13 10:55:00,493674434.0,91082933.073
2026-08-13 11:00:00,493553639.0,91208712.4872
2026-08-13 11:05:00,493490589.0,91115343.74056749
2026-08-13 11:10:00,493492170.0,91049305.365
2026-08-13 11:15:00,493384431.0,91009810.55452344
2026-08-13 11:20:00,493307218.0,90965850.9992
2026-08-13 11:25:00,492847354.0,91028906.2838
2026-08-13 11:30:00,492804500.0,90971710.7
2026-08-13 11:35:00,489044831.0,89739726.4885
2026-08-13 11:40:00,489134653.0,89805122.2908
2026-08-13 11:45:00,488805003.0,89597957.0499
2026-08-13 11:50:00,489013965.0,89654182.14631724
2026-08-13 11:55:00,489097156.0,89623199.75141072
2026-08-13 12:00:00,488830521.0,89530492.89101082
2026-08-13 12:05:00,488478507.0,89440414.6317
2026-08-13 12:10:00,488310755.0,89507361.3915
2026-08-13 12:15:00,486866944.0,89312079.63738112
2026-08-13 12:20:00,487081641.0,89302176.3962569
2026-08-13 12:25:00,486959967.0,89259761.9511
2026-08-13 12:30:00,487291156.0,89354978.85446791
2026-08-13 12:35:00,487043520.0,89383536.9374688
2026-08-13 12:40:00,487288091.0,89319907.0803
2026-08-13 12:45:00,487197702.0,89258540.9479011
2026-08-13 12:50:00,486957817.0,89280492.08620146
2026-08-13 12:55:00,487411988.0,89268638.00886136
2026-08-13 13:00:00,487148265.0,89342991.801
2026-08-13 13:05:00,487140890.0,89292925.137
2026-08-13 13:10:00,487003750.0,89284530.563925
2026-08-13 13:15:00,486612101.0,89067065.37101904
2026-08-13 13:20:00,487209570.0,89293080.5927736
2026-08-13 13:25:00,487354299.0,89202431.13088095
2026-08-13 13:30:00,487655826.0,89192250.5754
2026-08-13 13:35:00,487876934.0,89658383.36859237
2026-08-13 13:40:00,487837944.0,89713397.9016
2026-08-13 13:45:00,488133932.0,89914270.2744
2026-08-13 13:50:00,488286091.0,90039955.1804
2026-08-13 13:55:00,488500061.0,90030561.2423
2026-08-13 14:00:00,488333180.0,89990385.1269578
2026-08-13 14:05:00,488240678.0,90053014.7889642
2026-08-13 14:10:00,488453822.0,90032702.34153426
2026-08-13 14:15:00,488313516.0,90178536.79821505
2026-08-13 14:20:00,488575875.0,90142248.9375
2026-08-13 14:25:00,488377024.0,89918156.01258048
2026-08-13 14:30:00,487912257.0,89799118.94441377
2026-08-13 14:35:00,487812321.0,90098935.6887
2026-08-13 14:40:00,487464776.0,90229730.0376
2026-08-13 14:45:00,487470663.0,90196316.54777285
2026-08-13 14:50:00,487405981.0,90038019.464149
2026-08-13 14:55:00,487511728.0,90047243.1286648
2026-08-13 15:00:00,487423130.0,90075794.424
2026-08-13 15:05:00,487471746.0,90052225.29760212
2026-08-13 15:10:00,487636970.0,89871493.571
2026-08-13 15:15:00,487726161.0,89887931.4723
2026-08-13 15:20:00,487543774.0,90008556.89654264
2026-08-13 15:25:00,487684331.0,89928990.6364
2026-08-13 15:30:00,487347012.0,89357584.4873118
2026-08-13 15:35:00,485524899.0,88909368.0573699
2026-08-13 15:40:00,485488425.0,89038577.145
2026-08-13 15:45:00,485247612.0,88897362.5184
2026-08-13 15:50:00,485201115.0,88791804.045
2026-08-13 15:55:00,484301428.0,88481870.8956
2026-08-13 16:00:00,484150053.0,88375671.02000181
2026-08-13 16:05:00,483648895.0,88179698.4124994
2026-08-13 16:10:00,483513131.0,87999389.842
2026-08-13 16:15:00,484035176.0,88066139.21807335
2026-08-13 16:20:00,484319606.0,88049304.3708
2026-08-13 16:25:00,484546132.0,88117931.49051648
2026-08-13 16:30:00,484325704.0,87823574.20047456
2026-08-13 16:35:00,484350950.0,87828147.2555485
2026-08-13 16:40:00,484372108.0,87745184.38842244
2026-08-13 16:45:00,483128247.0,87397899.8823
2026-08-13 16:50:00,483593145.0,87609479.91945346
2026-08-13 16:55:00,484823362.0,87849993.1944
2026-08-13 17:00:00,485303780.0,88062835.675776
2026-08-13 17:05:00,485187823.0,88110108.6568
2026-08-13 17:10:00,484986413.0,87904902.8249999
2026-08-13 17:15:00,484756238.0,87863624.20502397
2026-08-13 17:20:00,484942306.0,87871545.8472
2026-08-13 17:25:00,485256022.0,88268070.4018
2026-08-13 17:30:00,485299927.0,88110161.79425432
2026-08-13 17:35:00,485301058.0,88227732.3444
2026-08-13 17:40:00,485180282.0,88145651.72705457
2026-08-13 17:45:00,485082875.0,88188066.675
2026-08-13 17:50:00,484998665.0,88124257.4305
2026-08-13 17:55:00,484948520.0,88094206.0069064
2026-08-13 18:00:00,484935514.0,88104878.4449218
2026-08-13 18:05:00,484770236.0,88228182.952
2026-08-13 18:10:00,484753224.0,88053925.25213784
2026-08-13 18:15:00,484636850.0,88036663.3694335
2026-08-13 18:20:00,485118109.0,88144272.19428068
2026-08-13 18:25:00,485361622.0,88016403.57417803
2026-08-13 18:30:00,484580728.0,87709111.768
2026-08-13 18:35:00,483917686.0,87566540.92347868
2026-08-13 18:40:00,484027254.0,87598768.401666
2026-08-13 18:45:00,483931648.0,87961860.1953024
2026-08-13 18:50:00,484285708.0,87849427.4312
2026-08-13 18:55:00,484506404.0,87993523.97105113
2026-08-13 19:00:00,484584142.0,87952021.773
2026-08-13 19:05:00,484592151.0,87953475.4065
2026-08-13 19:10:00,484353966.0,88103986.4154
2026-08-13 19:15:00,484312643.0,87902744.7045
2026-08-13 19:20:00,484258128.0,87941276.0448
2026-08-13 19:25:00,484357057.0,87879007.80470794
2026-08-13 19:30:00,484395237.0,87879928.46725215
2026-08-13 19:35:00,483997563.0,87748758.1719
2026-08-13 19:40:00,484397302.0,87869670.5828
2026-08-13 19:45:00,484643174.0,87843489.6280373
2026-08-13 19:50:00,484728984.0,87993778.29787944
2026-08-13 19:55:00,484690966.0,88009410.1007344
2026-08-13 20:00:00,484683462.0,87902313.8391855
2026-08-13 20:05:00,484361691.0,87890887.17442374
2026-08-13 20:10:00,484116690.0,87915590.904
2026-08-13 20:15:00,484142604.0,88017125.4072
2026-08-13 20:20:00,484118729.0,88184361.45094489
2026-08-13 20:25:00,483914866.0,87994924.38068289
2026-08-13 20:30:00,483739132.0,87916418.7496854
2026-08-13 20:35:00,483594978.0,87917267.17151365
2026-08-13 20:40:00,483544344.0,87860157.20354664
2026-08-13 20:45:00,483400778.0,87930601.5182
2026-08-13 20:50:00,483015668.0,87731990.55900513
2026-08-13 20:55:00,483122526.0,87865788.50836086
2026-08-13 21:00:00,483072610.0,87919215.02
2026-08-13 21:05:00,483018488.0,87957666.6648
2026-08-13 21:10:00,483240172.0,87949711.304
2026-08-13 21:15:00,483116509.0,87931446.40094902
2026-08-13 21:20:00,483218955.0,88048562.8310748
2026-08-13 21:25:00,483082953.0,87969405.7413
2026-08-13 21:30:00,482832890.0,87827302.691
2026-08-13 21:35:00,482773701.0,87671704.1016
2026-08-13 21:40:00,482876270.0,87759377.1098473
2026-08-13 21:45:00,482765258.0,87699049.87053356
2026-08-13 21:50:00,482450802.0,87654155.97800633
2026-08-13 21:55:00,482309521.0,87635639.9657
2026-08-13 22:00:00,482114295.0,87603768.79528365
2026-08-13 22:05:00,482014698.0,87678473.5662
2026-08-13 22:10:00,481812617.0,87682818.46665627
2026-08-13 22:15:00,481664445.0,87662928.99
2026-08-13 22:20:00,483088761.0,88002608.10425694
2026-08-13 22:25:00,482819769.0,88162889.8194
2026-08-13 22:30:00,482448787.0,88095148.5062
2026-08-13 22:35:00,482349000.0,88093110.20895
2026-08-13 22:40:00,482270050.0,87918635.5059835
2026-08-13 22:45:00,482131903.0,87868177.72282276
2026-08-13 22:50:00,481999093.0,87798192.92607711
2026-08-13 22:55:00,481890925.0,87808333.167985
2026-08-13 23:00:00,481943899.0,87786760.74374759
2026-08-13 23:05:00,481928078.0,87759103.0038
2026-08-13 23:10:00,481793483.0,87782772.6026
2026-08-13 23:15:00,482179755.0,87773263.8191916
2026-08-13 23:20:00,482075965.0,87826570.99439685
2026-08-13 23:25:00,482384651.0,87938721.8773
2026-08-13 23:30:00,482182586.0,87901885.4278
2026-08-13 23:35:00,482168239.0,87851053.1458
2026-08-13 23:40:00,482151689.0,87848037.7358
2026-08-13 23:45:00,482089566.0,87933136.8384
2026-08-13 23:50:00,482114829.0,87889533.3267
2026-08-13 23:55:00,482141451.0,87894386.5173
2026-08-14 00:00:00,481934070.0,87851294.1442521
2026-08-14 00:05:00,481848591.0,87937367.8575
2026-08-14 00:10:00,482277282.0,88136255.27263793
2026-08-14 00:15:00,482153739.0,87993057.3675
2026-08-14 00:20:00,482125843.0,88084391.5161
2026-08-14 00:25:00,482284702.0,88258100.466
2026-08-14 00:30:00,482174098.0,87926370.64495102
2026-08-14 00:35:00,482090564.0,87885109.8172
2026-08-14 00:40:00,482302463.0,88050690.65921086
2026-08-14 00:45:00,482661539.0,88306558.17482328
2026-08-14 00:50:00,482699866.0,88189265.5182
2026-08-14 00:55:00,482557563.0,88284721.67313147
2026-08-14 01:00:00,482540116.0,88326290.1361562
2026-08-14 01:05:00,482156566.0,88311946.09709546
2026-08-14 01:10:00,482487029.0,88362833.71177956
2026-08-14 01:15:00,482679719.0,88350458.39971602
2026-08-14 01:20:00,482472675.0,88292499.525
2026-08-14 01:25:00,482489763.0,88359653.0205501
2026-08-14 01:30:00,482153410.0,88089428.007
2026-08-14 01:35:00,482166097.0,88071740.85053547
2026-08-14 01:40:00,481771937.0,88164264.471
2026-08-14 01:45:00,481752074.0,88160629.542
2026-08-14 01:50:00,481737379.0,88061592.8812
2026-08-14 01:55:00,481677758.0,87976024.47635484
2026-08-14 02:00:00,481605337.0,87967945.50531079
2026-08-14 02:05:00,481639197.0,87970474.58479176
2026-08-14 02:10:00,481642168.0,88024176.0783196
2026-08-14 02:15:00,481542605.0,88074142.4545
2026-08-14 02:20:00,481704671.0,87959272.9246
2026-08-14 02:25:00,481634450.0,87946450.57
2026-08-14 02:30:00,481628390.0,87945344.014
2026-08-14 02:35:00,481839455.0,88032068.4285
2026-08-14 02:40:00,482933861.0,88135429.6325
2026-08-14 02:45:00,482976164.0,88062980.71653764
2026-08-14 02:50:00,482527978.0,88004219.84712502
2026-08-14 02:55:00,482547203.0,88016609.8272
2026-08-14 03:00:00,482108222.0,87722343.83084762
2026-08-14 03:05:00,481886102.0,87600277.04741953
2026-08-14 03:10:00,481771400.0,87634217.66
2026-08-14 03:15:00,482248267.0,87769184.594
2026-08-14 03:20:00,482606766.0,88012112.74503823
2026-08-14 03:25:00,483164926.0,88225915.4876
2026-08-14 03:30:00,483517637.0,88387024.0436
2026-08-14 03:35:00,483588893.0,88303331.8618
2026-08-14 03:40:00,483663673.0,88171887.5879
2026-08-14 03:45:00,483671772.0,88270098.39
2026-08-14 03:50:00,484090177.0,88201230.2494
2026-08-14 03:55:00,484168806.0,88263973.3338
2026-08-14 04:00:00,483783884.0,88193802.0532
2026-08-14 04:05:00,483679134.0,88390102.95694423
2026-08-14 04:10:00,483621399.0,88454353.8771
2026-08-14 04:15:00,483575242.0,88373839.70773232
2026-08-14 04:20:00,483474173.0,88355644.8312347
2026-08-14 04:25:00,483504764.0,88318469.38691312
2026-08-14 04:30:00,483327066.0,88268842.74553896
2026-08-14 04:35:00,483316465.0,88301918.1555
2026-08-14 04:40:00,483415487.0,88271667.9262
2026-08-14 04:45:00,483847249.0,88447277.1172
2026-08-14 04:50:00,483876141.0,88292260.08680952
2026-08-14 04:55:00,483957613.0,88322264.3725
2026-08-14 05:00:00,483977030.0,88184617.3560381
2026-08-14 05:05:00,483964360.0,88226702.828
2026-08-14 05:10:00,484085952.0,88128689.87115648
2026-08-14 05:15:00,483981928.0,88036312.7032
2026-08-14 05:20:00,484378176.0,88011369.2657472
2026-08-14 05:25:00,483737227.0,87713376.9555556
2026-08-14 05:30:00,483785499.0,87918730.59952419
2026-08-14 05:35:00,483833325.0,87960898.485
2026-08-14 05:40:00,483683202.0,87957533.93160294
2026-08-14 05:45:00,483637642.0,87995344.37340876
2026-08-14 05:50:00,483481393.0,87993681.21339501
2026-08-14 05:55:00,483540630.0,88197810.912
2026-08-14 06:00:00,483343629.0,88333735.59032723
2026-08-14 06:05:00,483447111.0,88325787.1797
2026-08-14 06:10:00,483583581.0,88350720.2487
2026-08-14 06:15:00,483278366.0,88170416.6332818
2026-08-14 06:20:00,482798646.0,87965913.3012
2026-08-14 06:25:00,482611048.0,87883471.8408
2026-08-14 06:30:00,482375482.0,87753115.77355859
2026-08-14 06:35:00,482383086.0,87938436.5778
2026-08-14 06:40:00,482431991.0,88043838.3575
2026-08-14 06:45:00,482418233.0,87993085.6992
2026-08-14 06:50:00,482272918.0,87851461.6976734
2026-08-14 06:55:00,482836609.0,87731411.8553
2026-08-14 07:00:00,482334259.0,87554409.59244794
2026-08-14 07:05:00,482630464.0,87669326.67622209
2026-08-14 07:10:00,482437114.0,87601968.3999151
2026-08-14 07:15:00,482496889.0,87573185.3535
2026-08-14 07:20:00,482293093.0,87824033.72033332
2026-08-14 07:25:00,482431298.0,87850739.3658
2026-08-14 07:30:00,482932054.0,87893633.828
2026-08-14 07:35:00,483002584.0,87737873.40602896
2026-08-14 07:40:00,483073324.0,87647253.918257
2026-08-14 07:45:00,482837850.0,87731637.345
2026-08-14 07:50:00,482754523.0,87764772.2814
2026-08-14 07:55:00,482828831.0,87692038.59000678
2026-08-14 08:00:00,482884662.0,87740143.0854
2026-08-14 08:05:00,483342651.0,87871693.9518
2026-08-14 08:10:00,483290888.0,87835828.09519088
2026-08-14 08:15:00,483200523.0,87838321.98524643
2026-08-14 08:20:00,483250294.0,87762757.28314008
2026-08-14 08:25:00,483234157.0,87706999.4955
2026-08-14 08:30:00,483007066.0,87810684.5988
2026-08-14 08:35:00,483003142.0,87911802.76802786
2026-08-14 08:40:00,483081119.0,88093209.12504943
2026-08-14 08:45:00,482987130.0,87962867.0522667
2026-08-14 08:50:00,482887558.0,88078690.5792
2026-08-14 08:55:00,482942446.0,88040407.9058
2026-08-14 09:00:00,482948034.0,88116756.83254331
2026-08-14 09:05:00,483062806.0,88110655.8144
2026-08-14 09:10:00,483166128.0,88129501.7472
2026-08-14 09:15:00,482299604.0,88357287.4528
2026-08-14 09:20:00,482055823.0,88312626.7736
2026-08-14 09:25:00,482114294.0,88130492.9432
2026-08-14 09:30:00,482214452.0,88100580.3804
2026-08-14 09:35:00,482163433.0,87946610.1792
2026-08-14 09:40:00,482289001.0,87702412.48786618
2026-08-14 09:45:00,482162293.0,87568767.91369946
2026-08-14 09:50:00,482186659.0,87757971.938
2026-08-14 09:55:00,482141961.0,87773418.46531251
2026-08-14 10:00:00,482150922.0,87703252.7118
2026-08-14 10:05:00,482108632.0,87888403.6136
2026-08-14 10:10:00,485000331.0,88645639.64832309
2026-08-14 10:15:00,485287351.0,88803863.07901783
2026-08-14 10:20:00,485201690.0,88523092.9776893
2026-08-14 10:25:00,485182218.0,88400200.1196
2026-08-14 10:30:00,485487085.0,88074377.3622491
2026-08-14 10:35:00,484878139.0,87669182.27326158
2026-08-14 10:40:00,486820452.0,87578999.3148
2026-08-14 10:45:00,487251302.0,87491676.98684642
2026-08-14 10:50:00,488113198.0,87811564.3202
2026-08-14 10:55:00,488277893.0,87597054.0042
2026-08-14 11:00:00,488092673.0,87515016.2689
2026-08-14 11:05:00,488580820.0,87797973.354
2026-08-14 11:10:00,487946475.0,87586392.2625
2026-08-14 11:15:00,487975893.0,87494077.6149
2026-08-14 11:20:00,489054118.0,88022542.36338304
2026-08-14 11:25:00,490065670.0,88211820.6
2026-08-14 11:30:00,490133470.0,88322051.294
2026-08-14 11:35:00,489390312.0,88188134.2224
2026-08-14 11:40:00,489347511.0,88082551.98
2026-08-14 11:45:00,489324376.0,88176252.5552
2026-08-14 11:50:00,489304366.0,88123716.3166
2026-08-14 11:55:00,489266134.0,88159343.06778327
2026-08-14 12:00:00,489166879.0,88070412.02051035
2026-08-14 12:05:00,489024502.0,88180409.176138
2026-08-14 12:10:00,488927433.0,88028103.60857457
2026-08-14 12:15:00,488476611.0,87893828.95534226
2026-08-14 12:20:00,489021780.0,87896896.992645
2026-08-14 12:25:00,488751347.0,87975242.46
2026-08-14 12:30:00,488760208.0,87855204.57463712
2026-08-14 12:35:00,489005530.0,88020995.4
2026-08-14 12:40:00,489107694.0,87892652.6118
2026-08-14 12:45:00,489117399.0,87699336.5815788
2026-08-14 12:50:00,489033633.0,87781537.1235
2026-08-14 12:55:00,489233305.0,87705930.900621
2026-08-14 13:00:00,489196282.0,87712893.3626
2026-08-14 13:05:00,489138016.0,87898101.4752
2026-08-14 13:10:00,488941289.0,87817326.9875519
2026-08-14 13:15:00,488852104.0,87790920.6211284
2026-08-14 13:20:00,488672445.0,87618969.3885
2026-08-14 13:25:00,489320075.0,87548193.64485376
2026-08-14 13:30:00,488990399.0,87565779.66438136
2026-08-14 13:35:00,489067311.0,87690106.31874458
2026-08-14 13:40:00,489666054.0,87753572.58335724
2026-08-14 13:45:00,489473625.0,87860515.6875
2026-08-14 13:50:00,489270623.0,87775149.7662
2026-08-14 13:55:00,489702527.0,87830841.5813485
2026-08-14 14:00:00,489631124.0,87937749.8704
2026-08-14 14:05:00,490108600.0,87935196.792452
2026-08-14 14:10:00,489383467.0,87648578.9397
2026-08-14 14:15:00,488990615.0,87552126.6072836
2026-08-14 14:20:00,489664974.0,87534709.34797326
2026-08-14 14:25:00,489860296.0,87345230.78129736
2026-08-14 14:30:00,490894818.0,87781816.26370817
2026-08-14 14:35:00,491217988.0,87928019.852
2026-08-14 14:40:00,490969037.0,87932554.5267
2026-08-14 14:45:00,491316312.0,87773767.22838864
2026-08-14 14:50:00,490916026.0,87653753.54305692
2026-08-14 14:55:00,491282320.0,87672960.5803448
2026-08-14 15:00:00,491531334.0,87649135.09719235
2026-08-14 15:05:00,491398555.0,87567222.501
2026-08-14 15:10:00,491348025.0,87607352.8575
2026-08-14 15:15:00,491249144.0,87603010.6645452
2026-08-14 15:20:00,491367157.0,87610764.0931
2026-08-14 15:25:00,491493706.0,87731626.521
2026-08-14 15:30:00,492001876.0,87956174.13632828
2026-08-14 15:35:00,492088134.0,87985358.3592
2026-08-14 15:40:00,490839485.0,88247545.07705985
2026-08-14 15:45:00,491202606.0,88170867.777
2026-08-14 15:50:00,491277134.0,88248819.01949295
2026-08-14 15:55:00,491403086.0,88386451.93687128
2026-08-14 16:00:00,492235998.0,88540704.022251
2026-08-14 16:05:00,492193610.0,88640294.0360113
2026-08-14 16:10:00,492204762.0,88574304.33780517
2026-08-14 16:15:00,492164778.0,88581283.39547844
2026-08-14 16:20:00,492295791.0,88607649.89981423
2026-08-14 16:25:00,492123284.0,88651605.1092082
2026-08-14 16:30:00,492383026.0,88580986.5732676
2026-08-14 16:35:00,492408094.0,88682697.7294
2026-08-14 16:40:00,492544103.0,88805701.7709
2026-08-14 16:45:00,492552876.0,88710344.21127445
2026-08-14 16:50:00,492641425.0,88569459.770997
2026-08-14 16:55:00,492437192.0,88490963.4024
2026-08-14 17:00:00,492537935.0,88607574.5065
2026-08-14 17:05:00,492847806.0,88761889.8606
2026-08-14 17:10:00,492688156.0,88654947.2852428
2026-08-14 17:15:00,492948791.0,88927961.8964
2026-08-14 17:20:00,492618010.0,89085868.5266568
2026-08-14 17:25:00,492307777.0,88960015.3039
2026-08-14 17:30:00,492293324.0,88763169.3158158
2026-08-14 17:35:00,492141153.0,88806890.74449612
2026-08-14 17:40:00,492141391.0,88666378.11033604
2026-08-14 17:45:00,492091096.0,88502253.91456568
2026-08-14 17:50:00,491487418.0,88497239.22970255
2026-08-14 17:55:00,491503972.0,88335099.18404576
2026-08-14 18:00:00,491636382.0,88368660.34802508
2026-08-14 18:05:00,491144410.0,88258650.477
2026-08-14 18:10:00,491247480.0,88047990.4691556
2026-08-14 18:15:00,491264143.0,87781680.7711979
2026-08-14 18:20:00,491803925.0,87934541.79
2026-08-14 18:25:00,491615708.0,87851727.0196
2026-08-14 18:30:00,491533510.0,87797902.3389338
2026-08-14 18:35:00,491446613.0,88164564.05130465
2026-08-14 18:40:00,491115417.0,88038105.96916218
2026-08-14 18:45:00,490943172.0,88170315.47751155
2026-08-14 18:50:00,491741359.0,88120051.5328
2026-08-14 18:55:00,491645826.0,88130990.24648982
2026-08-14 19:00:00,491408464.0,87964316.56591871
2026-08-14 19:05:00,491830470.0,88136020.224
2026-08-14 19:10:00,491694626.0,88007245.95758386
2026-08-14 19:15:00,491273914.0,87763382.729573
2026-08-14 19:20:00,491404990.0,87912352.711
2026-08-14 19:25:00,491583558.0,87945930.58361256
2026-08-14 19:30:00,491404322.0,88010514.0702
2026-08-14 19:35:00,491197078.0,87973396.6698
2026-08-14 19:40:00,491193564.0,88021886.6688
2026-08-14 19:45:00,491050414.0,88116634.83980866
2026-08-14 19:50:00,491192049.0,88267211.2053
2026-08-14 19:55:00,491320359.0,88255753.25708026
2026-08-14 20:00:00,491079779.0,88197928.3084
2026-08-14 20:05:00,491065211.0,88381622.0366534
2026-08-14 20:10:00,491089420.0,88494313.484
2026-08-14 20:15:00,491092454.0,88200204.7384
2026-08-14 20:20:00,491043269.0,88170423.20654446
2026-08-14 20:25:00,490994314.0,88133479.363
2026-08-14 20:30:00,491073752.0,88147738.484
2026-08-14 20:35:00,491232453.0,88105094.8543056
2026-08-14 20:40:00,491168018.0,88115542.4292
2026-08-14 20:45:00,491123110.0,88132921.1998669
2026-08-14 20:50:00,491144531.0,88062214.4083
2026-08-14 20:55:00,491109571.0,88034347.08136742
2026-08-14 21:00:00,491046688.0,88054948.76557983
2026-08-14 21:05:00,491079277.0,88148730.2215
2026-08-14 21:10:00,491142844.0,87987258.216912
2026-08-14 21:15:00,491072646.0,87945252.40193322
2026-08-14 21:20:00,491152375.0,87947532.062145
2026-08-14 21:25:00,491095194.0,87966321.6610635
2026-08-14 21:30:00,491005203.0,87973642.81405947
2026-08-14 21:35:00,491036607.0,87863532.15585753
2026-08-14 21:40:00,490826883.0,87743335.26405588
2026-08-14 21:45:00,490619260.0,87575032.5721622
2026-08-14 21:50:00,490827701.0,87581758.67573588
2026-08-14 21:55:00,490962266.0,87563566.91676205
2026-08-14 22:00:00,490743119.0,87722118.82620317
2026-08-14 22:05:00,490971550.0,87812299.2494325
2026-08-14 22:10:00,491316029.0,87918954.60170907
2026-08-14 22:15:00,491164042.0,87820130.7096
2026-08-14 22:20:00,490845879.0,87704803.05484626
2026-08-14 22:25:00,490834977.0,87634923.51442158
2026-08-14 22:30:00,490976713.0,87645338.09616573
2026-08-14 22:35:00,490956833.0,87783081.7404
2026-08-14 22:40:00,490989802.0,87822280.43586966
2026-08-14 22:45:00,491007242.0,87890296.318
2026-08-14 22:50:00,491187082.0,87892201.08252388
2026-08-14 22:55:00,491197878.0,87900970.37530428
2026-08-14 23:00:00,491247600.0,87857162.284572
2026-08-14 23:05:00,491220266.0,87945762.77718714
2026-08-14 23:10:00,491239204.0,87931817.516
2026-08-14 23:15:00,491245350.0,88146624.1146105
2026-08-14 23:20:00,491233964.0,88078249.7452
2026-08-14 23:25:00,491176034.0,88142266.24183032
2026-08-14 23:30:00,491169615.0,88214062.854
2026-08-14 23:35:00,491050796.0,88116619.90923592
2026-08-14 23:40:00,490825617.0,88167859.61828358
2026-08-14 23:45:00,490729318.0,88233131.3764
2026-08-14 23:50:00,490809666.0,88296658.9134
2026-08-14 23:55:00,490710564.0,88278830.4636
2026-08-15 00:00:00,490541012.0,88336036.7917456
2026-08-15 00:05:00,490326251.0,88285168.47471642
2026-08-15 00:10:00,489624549.0,88210773.43657647
2026-08-15 00:15:00,489566019.0,88146112.04228032
2026-08-15 00:20:00,489643870.0,88135896.6
2026-08-15 00:25:00,489607760.0,88080436.024
2026-08-15 00:30:00,489574383.0,88025474.0634
2026-08-15 00:35:00,489596178.0,88100487.06540738
2026-08-15 00:40:00,489564835.0,88072713.8165
2026-08-15 00:45:00,489547740.0,88002991.3966764
2026-08-15 00:50:00,489534956.0,88091707.63450968
2026-08-15 00:55:00,489515317.0,88001754.56671707
2026-08-15 01:00:00,489569196.0,88122455.28
2026-08-15 01:05:00,489574222.0,88009597.59803386
2026-08-15 01:10:00,489686327.0,87954108.60126331
2026-08-15 01:15:00,489932829.0,88168356.0007946
2026-08-15 01:20:00,489861883.0,88083309.43141282
2026-08-15 01:25:00,489847727.0,88172590.86
2026-08-15 01:30:00,490051732.0,88160306.5868
2026-08-15 01:35:00,490093200.0,88228175.567832
2026-08-15 01:40:00,489550471.0,87893563.56452443
2026-08-15 01:45:00,489573340.0,87953377.9998208
2026-08-15 01:50:00,489548948.0,87950719.11321472
2026-08-15 01:55:00,489596295.0,87931494.582
2026-08-15 02:00:00,489588088.0,87958823.07201704
2026-08-15 02:05:00,489597383.0,88127528.94
2026-08-15 02:10:00,489748396.0,88030692.29368092
2026-08-15 02:15:00,489620430.0,88227099.5256027
2026-08-15 02:20:00,489904130.0,88435793.5802689
2026-08-15 02:25:00,489845002.0,88514991.8614
2026-08-15 02:30:00,490024527.0,88525258.41905326
2026-08-15 02:35:00,489913277.0,88495122.25507002
2026-08-15 02:40:00,489673037.0,88581852.3933
2026-08-15 02:45:00,489328314.0,88645528.29643698
2026-08-15 02:50:00,489052855.0,88497014.19568016
2026-08-15 02:55:00,489036587.0,88615977.44501828
2026-08-15 03:00:00,489033744.0,88665001.39687344
2026-08-15 03:05:00,488886060.0,88561523.9922972
2026-08-15 03:10:00,488894000.0,88636482.2
2026-08-15 03:15:00,488032784.0,88480343.7392
2026-08-15 03:20:00,487861307.0,88334129.44787414
2026-08-15 03:25:00,487539106.0,87970444.69747832
2026-08-15 03:30:00,487668173.0,88007792.72611316
2026-08-15 03:35:00,487525004.0,87900758.2212
2026-08-15 03:40:00,487712328.0,87885761.5056
2026-08-15 03:45:00,487805860.0,87902615.972
2026-08-15 03:50:00,487813651.0,87882458.5468258
2026-08-15 03:55:00,487876666.0,88036802.83660074
2026-08-15 04:00:00,487967470.0,88029331.588
2026-08-15 04:05:00,487846734.0,88195805.98978326
2026-08-15 04:10:00,487860465.0,88253958.1185
2026-08-15 04:15:00,487596895.0,88303797.6845
2026-08-15 04:20:00,487695160.0,88348572.7722512
2026-08-15 04:25:00,488293094.0,88576367.2516
2026-08-15 04:30:00,488266393.0,88473870.4116
2026-08-15 04:35:00,488196913.0,88320367.47863168
2026-08-15 04:40:00,488207819.0,88270614.87950079
2026-08-15 04:45:00,488180378.0,88308637.68052788
2026-08-15 04:50:00,488145074.0,88184300.92358541
2026-08-15 04:55:00,488205216.0,88080085.95242976
2026-08-15 05:00:00,488231377.0,88100160.69509012
2026-08-15 05:05:00,488457064.0,88044605.5916788
2026-08-15 05:10:00,488390357.0,88080268.05936813
2026-08-15 05:15:00,488285175.0,88064277.22613326
2026-08-15 05:20:00,488139532.0,87930477.6433348
2026-08-15 05:25:00,488296127.0,87894684.7380394
2026-08-15 05:30:00,488155434.0,87780778.91482458
2026-08-15 05:35:00,488022009.0,87767161.59644367
2026-08-15 05:40:00,487897087.0,87558011.23302
2026-08-15 05:45:00,487784250.0,87623709.08985
2026-08-15 05:50:00,487400975.0,87447080.04769325
2026-08-15 05:55:00,487324182.0,87572155.5054
2026-08-15 06:00:00,487374616.0,87561738.13179848
2026-08-15 06:05:00,487345788.0,87527303.5248
2026-08-15 06:10:00,487437856.0,87570857.61795808
2026-08-15 06:15:00,486954119.0,87456959.7724
2026-08-15 06:20:00,487001412.0,87611554.0188
2026-08-15 06:25:00,486993000.0,87636878.88423
2026-08-15 06:30:00,487036958.0,87489487.87615792
2026-08-15 06:35:00,487080615.0,87528386.5155
2026-08-15 06:40:00,486748499.0,87338105.78053331
2026-08-15 06:45:00,486544708.0,87326323.80442204
2026-08-15 06:50:00,486528925.0,87380594.93
2026-08-15 06:55:00,486467179.0,87372609.00900201
2026-08-15 07:00:00,486364725.0,87404060.001258
2026-08-15 07:05:00,486256823.0,87256856.44776268
2026-08-15 07:10:00,486257655.0,87210412.53835756
2026-08-15 07:15:00,486385033.0,87273637.4948466
2026-08-15 07:20:00,486190647.0,87150859.77992868
2026-08-15 07:25:00,486231685.0,87211083.91267145
2026-08-15 07:30:00,486112965.0,87208665.921
2026-08-15 07:35:00,485983118.0,87185371.3692
2026-08-15 07:40:00,485861013.0,87114879.6309
2026-08-15 07:45:00,485961600.0,86971896.363456
2026-08-15 07:50:00,485977590.0,86989988.61
2026-08-15 07:55:00,486002122.0,86994379.838
2026-08-15 08:00:00,486051932.0,87003295.828
2026-08-15 08:05:00,486027700.0,86927589.992532
2026-08-15 08:10:00,486135189.0,86936892.72063975
2026-08-15 08:15:00,486317834.0,86959386.72235456
2026-08-15 08:20:00,486716360.0,87122228.44
2026-08-15 08:25:00,486722339.0,87105737.73900887
2026-08-15 08:30:00,486615532.0,87081518.54267476
2026-08-15 08:35:00,486665554.0,86978147.74128702
2026-08-15 08:40:00,486622593.0,87056781.8877
2026-08-15 08:45:00,486620536.0,86964671.32074793
2026-08-15 08:50:00,486581262.0,87021146.59535351
2026-08-15 08:55:00,485914181.0,86671482.32690628
2026-08-15 09:00:00,486233232.0,86819369.87742768
2026-08-15 09:05:00,485988511.0,86748949.2135
2026-08-15 09:10:00,486028879.0,86829311.96836708
2026-08-15 09:15:00,486011794.0,86898908.7672
2026-08-15 09:20:00,485976083.0,86941121.2487
2026-08-15 09:25:00,486157305.0,86924926.134
2026-08-15 09:30:00,486106004.0,86940092.84282029
2026-08-15 09:35:00,486385976.0,87043274.33933777
2026-08-15 09:40:00,486494284.0,87131126.2644
2026-08-15 09:45:00,486602478.0,87150503.8098
2026-08-15 09:50:00,486554217.0,87190515.6864
2026-08-15 09:55:00,486530154.0,87283509.6276
2026-08-15 10:00:00,486638369.0,87278917.52785723
2026-08-15 10:05:00,486948332.0,87136789.09885716
2026-08-15 10:10:00,487256401.0,87170170.1389
2026-08-15 10:15:00,487294664.0,87196273.27472128
2026-08-15 10:20:00,487458193.0,87325030.16726059
2026-08-15 10:25:00,487521278.0,87168804.5064
2026-08-15 10:30:00,487446694.0,87129020.02958356
2026-08-15 10:35:00,487461005.0,87158027.694
2026-08-15 10:40:00,487508910.0,87180097.104807
2026-08-15 10:45:00,487562754.0,87224976.6906
2026-08-15 10:50:00,487756774.0,87357238.2234
2026-08-15 10:55:00,487686917.0,87224536.39400534
2026-08-15 11:00:00,487692517.0,87296960.543
2026-08-15 11:05:00,487874568.0,87216497.37710305
2026-08-15 11:10:00,487478905.0,86972929.73736565
2026-08-15 11:15:00,487629934.0,87116735.89827693
2026-08-15 11:20:00,487642056.0,87114951.63389568
2026-08-15 11:25:00,487712959.0,87154305.7733
2026-08-15 11:30:00,487982870.0,87104942.295
2026-08-15 11:35:00,488069685.0,87131566.761318
2026-08-15 11:40:00,488047659.0,87116507.1315
2026-08-15 11:45:00,488070574.0,87136630.5773559
2026-08-15 11:50:00,488158062.0,87094623.0001176
2026-08-15 11:55:00,488169625.0,87163125.8964125
2026-08-15 12:00:00,488281067.0,87206998.5662
2026-08-15 12:05:00,488411693.0,87181487.2005
2026-08-15 12:10:00,488445011.0,87207138.33524375
2026-08-15 12:15:00,488124752.0,87227893.1824
2026-08-15 12:20:00,488240456.0,87263773.29499984
2026-08-15 12:25:00,488906671.0,87367622.1077
2026-08-15 12:30:00,489127808.0,87147026.01258367
2026-08-15 12:35:00,489167674.0,87267513.0416
2026-08-15 12:40:00,489329014.0,87234351.93771774
2026-08-15 12:45:00,489403685.0,87260677.0355
2026-08-15 12:50:00,489063691.0,87265815.60919186
2026-08-15 12:55:00,489031787.0,87389980.3369
2026-08-15 13:00:00,490026635.0,87734657.84611465
2026-08-15 13:05:00,490055045.0,87718608.3151857
2026-08-15 13:10:00,489946027.0,87602349.6276
2026-08-15 13:15:00,489880698.0,87704384.80882674
2026-08-15 13:20:00,489921181.0,87609376.21764721
2026-08-15 13:25:00,489871317.0,87686965.743
2026-08-15 13:30:00,489860164.0,87551492.25851329
2026-08-15 13:35:00,489933572.0,87649116.0308
2026-08-15 13:40:00,489484397.0,87421913.3042
2026-08-15 13:45:00,489516376.0,87525528.0288
2026-08-15 13:50:00,489673232.0,87481704.54133935
2026-08-15 13:55:00,489754040.0,87616184.7642936
2026-08-15 14:00:00,489738090.0,87663118.11
2026-08-15 14:05:00,489490273.0,87520860.8124
2026-08-15 14:10:00,489530043.0,87627845.60777286
2026-08-15 14:15:00,489485660.0,87542557.2432166
2026-08-15 14:20:00,489278526.0,87402846.84067068
2026-08-15 14:25:00,489160930.0,87315226.005
2026-08-15 14:30:00,489062326.0,87248718.9584
2026-08-15 14:35:00,489100109.0,87333925.77608687
2026-08-15 14:40:00,489058969.0,87248120.0696
2026-08-15 14:45:00,489780440.0,87327852.452
2026-08-15 14:50:00,489825861.0,87384933.6024
2026-08-15 14:55:00,489997895.0,87515339.0396325
2026-08-15 15:00:00,489790741.0,87468255.81883632
2026-08-15 15:05:00,489885945.0,87425540.52950445
2026-08-15 15:10:00,490236002.0,87458102.7568
2026-08-15 15:15:00,490386544.0,87488671.67573808
2026-08-15 15:20:00,490473743.0,87525887.9579254
2026-08-15 15:25:00,490960857.0,87587416.8888
2026-08-15 15:30:00,490969778.0,87612039.78748599
2026-08-15 15:35:00,491097938.0,87669301.13206972
2026-08-15 15:40:00,491484604.0,87944952.6055594
2026-08-15 15:45:00,491403603.0,87896379.661404
2026-08-15 15:50:00,491419043.0,87958332.80705336
2026-08-15 15:55:00,491130806.0,87912414.274
2026-08-15 16:00:00,491121148.0,87786107.70159832
2026-08-15 16:05:00,491498262.0,87850015.98123564
2026-08-15 16:10:00,491661459.0,87960909.65343696
2026-08-15 16:15:00,491550256.0,87810758.9294552
2026-08-15 16:20:00,491620778.0,87786136.40216772
2026-08-15 16:25:00,491663577.0,87896467.6491672
2026-08-15 16:30:00,491581152.0,87840926.08375968
2026-08-15 16:35:00,491744463.0,87825561.0918
2026-08-15 16:40:00,491921701.0,88004792.3089
2026-08-15 16:45:00,491820356.0,87866455.87519003
2026-08-15 16:50:00,491990946.0,87861455.26517208
2026-08-15 16:55:00,491922029.0,87766662.3416582
2026-08-15 17:00:00,492411004.0,87762595.43499148
2026-08-15 17:05:00,493072535.0,87756438.3693566
2026-08-15 17:10:00,493253677.0,87651178.4029
2026-08-15 17:15:00,493323987.0,87694406.5742901
2026-08-15 17:20:00,493412662.0,87657650.80249932
2026-08-15 17:25:00,491839825.0,87141809.5255435
2026-08-15 17:30:00,490932680.0,87042364.164
2026-08-15 17:35:00,490598391.0,86949650.63198553
2026-08-15 17:40:00,490429465.0,86925248.5165308
2026-08-15 17:45:00,490335500.0,86936484.15
2026-08-15 17:50:00,490204910.0,86921350.2953276
2026-08-15 17:55:00,490464903.0,87008473.7922
2026-08-15 18:00:00,490455547.0,86983747.9134246
2026-08-15 18:05:00,490544326.0,86973508.9998
2026-08-15 18:10:00,490577389.0,86936229.69411135
2026-08-15 18:15:00,490747308.0,87058572.4392
2026-08-15 18:20:00,490446173.0,86858017.2383
2026-08-15 18:25:00,490641297.0,86970610.19698785
2026-08-15 18:30:00,490628646.0,86937786.80924112
2026-08-15 18:35:00,490697812.0,87025217.70237504
2026-08-15 18:40:00,490858251.0,87078253.7274
2026-08-15 18:45:00,490805877.0,87045271.38011721
2026-08-15 18:50:00,490797536.0,87039850.9851232
2026-08-15 18:55:00,490789221.0,87066007.8054
2026-08-15 19:00:00,490777180.0,86988311.6773672
2026-08-15 19:05:00,490827252.0,87023671.7796
2026-08-15 19:10:00,491101400.0,87219608.64
2026-08-15 19:15:00,491209580.0,87287942.366
2026-08-15 19:20:00,491070253.0,87241964.81246787
2026-08-15 19:25:00,491006199.0,87226563.8436714
2026-08-15 19:30:00,491007480.0,87177587.5519572
2026-08-15 19:35:00,491002622.0,87202065.6672
2026-08-15 19:40:00,491101750.0,87239914.014135
2026-08-15 19:45:00,491051541.0,87259858.8357
2026-08-15 19:50:00,490844526.0,87228466.65154074
2026-08-15 19:55:00,490868369.0,87325482.8451
2026-08-15 20:00:00,490832466.0,87319095.7014
2026-08-15 20:05:00,490742160.0,87332332.4783736
2026-08-15 20:10:00,490294971.0,87200161.81502895
2026-08-15 20:15:00,490274807.0,87098697.13575767
2026-08-15 20:20:00,490279428.0,87059908.39440456
2026-08-15 20:25:00,490636623.0,87162228.99719366
2026-08-15 20:30:00,490642119.0,87236168.7582
2026-08-15 20:35:00,490607384.0,87204873.7771392
2026-08-15 20:40:00,490917688.0,87295493.83455552
2026-08-15 20:45:00,490885048.0,87377538.544
2026-08-15 20:50:00,490877013.0,87376108.314
2026-08-15 20:55:00,490921356.0,87359082.19996944
2026-08-15 21:00:00,490803921.0,87314017.5459
2026-08-15 21:05:00,490763592.0,87250626.0473364
2026-08-15 21:10:00,490485455.0,87110216.808
2026-08-15 21:15:00,490633368.0,87136486.1568
2026-08-15 21:20:00,490576609.0,87175463.4193
2026-08-15 21:25:00,490401071.0,87173199.07587829
2026-08-15 21:30:00,490426722.0,87197871.1716
2026-08-15 21:35:00,490597780.0,87153135.5160596
2026-08-15 21:40:00,490451815.0,87202332.707
2026-08-15 21:45:00,490124827.0,87194392.82538134
2026-08-15 21:50:00,490038625.0,87107325.427045
2026-08-15 21:55:00,489896485.0,87079379.44974644
2026-08-15 22:00:00,489895382.0,87045836.212215
2026-08-15 22:05:00,490138626.0,87028803.67295082
2026-08-15 22:10:00,490211418.0,87076058.0947728
2026-08-15 22:15:00,490307789.0,86962058.32802002
2026-08-15 22:20:00,490247868.0,86962299.4040658
2026-08-15 22:25:00,490295520.0,87051435.1538832
2026-08-15 22:30:00,490298796.0,87077066.1696
2026-08-15 22:35:00,490342760.0,87093871.965646
2026-08-15 22:40:00,490527789.0,87094793.34170847
2026-08-15 22:45:00,490510207.0,87090798.49265015
2026-08-15 22:50:00,490706203.0,87149421.6528
2026-08-15 22:55:00,490644332.0,87022126.1242994
2026-08-15 23:00:00,490641286.0,87013249.88130456
2026-08-15 23:05:00,491172753.0,87010909.3730229
2026-08-15 23:10:00,491083263.0,86976920.57726331
2026-08-15 23:15:00,490786661.0,86696786.38005783
2026-08-15 23:20:00,490974877.0,86734148.846189
2026-08-15 23:25:00,490903168.0,86651252.34216192
2026-08-15 23:30:00,490946278.0,86652018.067
2026-08-15 23:35:00,490799022.0,86355950.49717385
2026-08-15 23:40:00,490583663.0,86343509.6218608
2026-08-15 23:45:00,490463318.0,86342898.74086572
2026-08-15 23:50:00,490611864.0,86396749.2504
2026-08-15 23:55:00,490738042.0,86468043.0004
2026-08-16 00:00:00,490584941.0,86539183.5924
2026-08-16 00:05:00,490836665.0,86534504.0395
2026-08-16 00:10:00,490738075.0,86518432.89316025
2026-08-16 00:15:00,491117216.0,86633076.9024
2026-08-16 00:20:00,491091759.0,86727177.86913684
2026-08-16 00:25:00,491182952.0,86761534.98073985
2026-08-16 00:30:00,491556195.0,86907135.276
2026-08-16 00:35:00,491671590.0,86970474.7919547
2026-08-16 00:40:00,491519724.0,86998991.148
2026-08-16 00:45:00,491372419.0,86923780.9211
2026-08-16 00:50:00,491443684.0,86804616.90460908
2026-08-16 00:55:00,491520110.0,86792822.5470451
2026-08-16 01:00:00,491527609.0,86927399.8583396
2026-08-16 01:05:00,491618150.0,86971650.7174425
2026-08-16 01:10:00,492199466.0,87065148.77475601
2026-08-16 01:15:00,492028962.0,87037227.05908825
2026-08-16 01:20:00,491917066.0,87069320.682
2026-08-16 01:25:00,491892461.0,87004600.55418608
2026-08-16 01:30:00,491803682.0,86854349.9148234
2026-08-16 01:35:00,491893272.0,86852006.22177143
2026-08-16 01:40:00,491809268.0,86734287.40795876
2026-08-16 01:45:00,491702833.0,86852269.18190977
2026-08-16 01:50:00,491684926.0,86782389.439
2026-08-16 01:55:00,491620443.0,86627396.02569084
2026-08-16 02:00:00,491718137.0,86739079.3668
2026-08-16 02:05:00,491487914.0,86649319.2382
2026-08-16 02:10:00,491275699.0,86528295.5224872
2026-08-16 02:15:00,491250186.0,86558282.7732
2026-08-16 02:20:00,491293428.0,86565902.0136
2026-08-16 02:25:00,491290885.0,86850633.55701596
2026-08-16 02:30:00,491415035.0,86907997.1339389
2026-08-16 02:35:00,491500362.0,86897264.0016
2026-08-16 02:40:00,491666436.0,86928110.71743672
2026-08-16 02:45:00,491740949.0,87038147.973
2026-08-16 02:50:00,491919732.0,86895928.45392191
2026-08-16 02:55:00,491832567.0,86833024.94887298
2026-08-16 03:00:00,491867487.0,86837822.68221153
2026-08-16 03:05:00,491964681.0,86857382.79743966
2026-08-16 03:10:00,492417060.0,87022404.9285
2026-08-16 03:15:00,492251067.0,87068482.6790394
2026-08-16 03:20:00,492006831.0,87090557.20125297
2026-08-16 03:25:00,491993880.0,87082916.76
2026-08-16 03:30:00,491965440.0,87028686.336
2026-08-16 03:35:00,492048395.0,87118546.070256
2026-08-16 03:40:00,491803601.0,87147598.0972
2026-08-16 03:45:00,491806806.0,87076406.49213654
2026-08-16 03:50:00,492133551.0,87109041.10762034
2026-08-16 03:55:00,492148059.0,87111973.25453182
2026-08-16 04:00:00,492146440.0,87109919.88
2026-08-16 04:05:00,491730618.0,87085492.4478
2026-08-16 04:10:00,491909358.0,87067956.366
2026-08-16 04:15:00,491753778.0,86942067.9504
2026-08-16 04:20:00,491760369.0,86993073.15259814
2026-08-16 04:25:00,491813987.0,87051075.699
2026-08-16 04:30:00,491739752.0,86988762.1288
2026-08-16 04:35:00,491720293.0,86886975.7731
2026-08-16 04:40:00,491709935.0,86860087.9762124
2026-08-16 04:45:00,491699112.0,86958276.20887344
2026-08-16 04:50:00,491705586.0,86982718.1634
2026-08-16 04:55:00,491907985.0,87005796.88692805
2026-08-16 05:00:00,492073301.0,87018468.90255846
2026-08-16 05:05:00,492258658.0,87104898.7908381
2026-08-16 05:10:00,492490193.0,87194536.6626161
2026-08-16 05:15:00,492431228.0,87160327.356
2026-08-16 05:20:00,492416321.0,86947820.9809898
2026-08-16 05:25:00,492360462.0,86950857.5892
2026-08-16 05:30:00,492479112.0,86971811.1792
2026-08-16 05:35:00,492615059.0,87083874.36119625
2026-08-16 05:40:00,492583205.0,87119511.87180865
2026-08-16 05:45:00,492685009.0,87205246.593
2026-08-16 05:50:00,492689804.0,87156826.3276
2026-08-16 05:55:00,492797251.0,87175833.7019
2026-08-16 06:00:00,492774183.0,87149361.31382447
2026-08-16 06:05:00,492636505.0,87245925.0355
2026-08-16 06:10:00,492681859.0,87155420.8571
2026-08-16 06:15:00,492676223.0,87080616.02373236
2026-08-16 06:20:00,492559532.0,86935525.99917
2026-08-16 06:25:00,492474416.0,86914367.00673664
2026-08-16 06:30:00,492450065.0,87015926.4855
2026-08-16 06:35:00,492423442.0,86986980.19535033
2026-08-16 06:40:00,492310088.0,87010875.10691825
2026-08-16 06:45:00,492394086.0,87044815.95441335
2026-08-16 06:50:00,492502848.0,87173004.096
2026-08-16 06:55:00,492513419.0,87125623.8211
2026-08-16 07:00:00,492535178.0,87001482.79684491
2026-08-16 07:05:00,492738819.0,87017675.4354
2026-08-16 07:10:00,492622771.0,87021206.57114168
2026-08-16 07:15:00,492031079.0,86941891.6593
2026-08-16 07:20:00,491554286.0,86878528.47781214
2026-08-16 07:25:00,491587010.0,86888844.6312871
2026-08-16 07:30:00,491662032.0,86953734.32805504
2026-08-16 07:35:00,491779921.0,87045046.017
2026-08-16 07:40:00,491842343.0,87056094.711
2026-08-16 07:45:00,491905460.0,87018075.874
2026-08-16 07:50:00,491915007.0,86986344.03272443
2026-08-16 07:55:00,492509267.0,87272642.1124
2026-08-16 08:00:00,492578118.0,87481873.7568
2026-08-16 08:05:00,493789759.0,87795819.1502
2026-08-16 08:10:00,493904671.0,87866253.41269204
2026-08-16 08:15:00,493390170.0,87698800.1674512
2026-08-16 08:20:00,493443140.0,87665917.4991496
2026-08-16 08:25:00,493379158.0,87726243.2775481
2026-08-16 08:30:00,493312281.0,87639210.75551103
2026-08-16 08:35:00,493306924.0,87704031.67183504
2026-08-16 08:40:00,493144543.0,87681099.7454
2026-08-16 08:45:00,493066795.0,87560349.6858363
2026-08-16 08:50:00,493361930.0,87599425.1128923
2026-08-16 08:55:00,493376042.0,87602103.46633132
2026-08-16 09:00:00,493278110.0,87680203.7836244
2026-08-16 09:05:00,493622807.0,87669241.86381397
2026-08-16 09:10:00,493817609.0,87652625.5975
2026-08-16 09:15:00,493870883.0,87664412.80306776
2026-08-16 09:20:00,494031509.0,87567944.58507566
2026-08-16 09:25:00,493700943.0,87582547.2882
2026-08-16 09:30:00,493224881.0,87371655.69115566
2026-08-16 09:35:00,493106234.0,87378424.6648
2026-08-16 09:40:00,493089865.0,87375524.078
2026-08-16 09:45:00,492752356.0,87193238.95759264
2026-08-16 09:50:00,492520079.0,87131983.28633109
2026-08-16 09:55:00,492541584.0,87107067.64730065
2026-08-16 10:00:00,492642250.0,87197678.25
2026-08-16 10:05:00,492695404.0,87071748.00747524
2026-08-16 10:10:00,492796151.0,87150974.66454245
2026-08-16 10:15:00,492039499.0,86794522.76366752
2026-08-16 10:20:00,491978140.0,86677240.0415912
2026-08-16 10:25:00,491540089.0,86370411.29833443
2026-08-16 10:30:00,491905100.0,86505442.156749
2026-08-16 10:35:00,491629355.0,86428440.609
2026-08-16 10:40:00,491866731.0,86568544.656
2026-08-16 10:45:00,491746457.0,86558322.70813282
2026-08-16 10:50:00,491648957.0,86593412.98893277
2026-08-16 10:55:00,491676880.0,86731801.632
2026-08-16 11:00:00,491239357.0,86752870.4462
2026-08-16 11:05:00,490952841.0,86826826.4563617
2026-08-16 11:10:00,490801365.0,86742780.4780596
2026-08-16 11:15:00,490854908.0,86832233.2252
2026-08-16 11:20:00,490809548.0,86852033.03447612
2026-08-16 11:25:00,491491528.0,86820749.69238
2026-08-16 11:30:00,491410186.0,86807461.9338442
2026-08-16 11:35:00,491421120.0,86856329.0528352
2026-08-16 11:40:00,491735445.0,86992450.42627725
2026-08-16 11:45:00,491650277.0,87022099.029
2026-08-16 11:50:00,491696646.0,86959285.67845176
2026-08-16 11:55:00,491871982.0,87035989.73204772
2026-08-16 12:00:00,491785598.0,87004652.33436036
2026-08-16 12:05:00,491914874.0,87068932.698
2026-08-16 12:10:00,491787292.0,86997171.9548
2026-08-16 12:15:00,492161466.0,86997787.74167016
2026-08-16 12:20:00,492196041.0,87100182.84193759
2026-08-16 12:25:00,491756717.0,86959774.46285915
2026-08-16 12:30:00,491735556.0,86855806.91745828
2026-08-16 12:35:00,491434261.0,86714676.16619463
2026-08-16 12:40:00,491238898.0,86703665.497
2026-08-16 12:45:00,491811334.0,86657157.0508
2026-08-16 12:50:00,491840302.0,86684836.6822618
2026-08-16 12:55:00,491910050.0,86652085.2780165
2026-08-16 13:00:00,492117414.0,86685385.05426678
2026-08-16 13:05:00,492020184.0,86679200.73548184
2026-08-16 13:10:00,492634841.0,86802258.9842
2026-08-16 13:15:00,492703768.0,86666592.7912
2026-08-16 13:20:00,492852612.0,86840630.2344
2026-08-16 13:25:00,492604829.0,86796970.8698
2026-08-16 13:30:00,492951665.0,86717123.84439325
2026-08-16 13:35:00,493122775.0,86740296.1225
2026-08-16 13:40:00,493856562.0,86869369.2558
2026-08-16 13:45:00,494077152.0,86957578.752
2026-08-16 13:50:00,494130931.0,87078144.25452603
2026-08-16 13:55:00,494399277.0,87096585.28762773
2026-08-16 14:00:00,495091117.0,87098726.52542289
2026-08-16 14:05:00,495229933.0,87165073.8463769
2026-08-16 14:10:00,495331666.0,87154780.56874841
2026-08-16 14:15:00,495294779.0,87137136.17525315
2026-08-16 14:20:00,495113053.0,87168113.82089047
2026-08-16 14:25:00,495287388.0,87418223.982
2026-08-16 14:30:00,495434134.0,87345037.8242
2026-08-16 14:35:00,495377068.0,87405107.61991677
2026-08-16 14:40:00,495400865.0,87388712.586
2026-08-16 14:45:00,496033185.0,87373358.6246133
2026-08-16 14:50:00,496161734.0,87377777.7623183
2026-08-16 14:55:00,496104281.0,87386496.94054303
2026-08-16 15:00:00,496110696.0,87390926.04954071
2026-08-16 15:05:00,496594952.0,87439187.72888096
2026-08-16 15:10:00,496867114.0,87697045.621
2026-08-16 15:15:00,497038032.0,87699845.73395808
2026-08-16 15:20:00,497239006.0,87702270.019771
2026-08-16 15:25:00,497327644.0,87728596.4016
2026-08-16 15:30:00,498201646.0,88048536.98807359
2026-08-16 15:35:00,497938358.0,88059970.38531213
2026-08-16 15:40:00,498039278.0,88053344.3504
2026-08-16 15:45:00,497952549.0,87872521.11306535
2026-08-16 15:50:00,497941427.0,88055379.35921042
2026-08-16 15:55:00,498010897.0,88032858.37113918
2026-08-16 16:00:00,498173936.0,88039435.13610543
2026-08-16 16:05:00,498321992.0,88103328.1856
2026-08-16 16:10:00,498410789.0,88168868.5741
2026-08-16 16:15:00,498523992.0,88109404.5342756
2026-08-16 16:20:00,498618134.0,88236482.17363337
2026-08-16 16:25:00,499065753.0,88312918.93942945
2026-08-16 16:30:00,499088389.0,88289255.06602456
2026-08-16 16:35:00,499510483.0,88491379.0284446
2026-08-16 16:40:00,499386810.0,88441404.051
2026-08-16 16:45:00,499400296.0,88263523.89675288
2026-08-16 16:50:00,499308584.0,88253641.0465928
2026-08-16 16:55:00,498859369.0,87876093.24120076
2026-08-16 17:00:00,498950940.0,87915155.628
2026-08-16 17:05:00,499125526.0,88045742.7864
2026-08-16 17:10:00,499325932.0,88120391.3556484
2026-08-16 17:15:00,499380989.0,88095031.22276694
2026-08-16 17:20:00,499445737.0,88080272.37220149
2026-08-16 17:25:00,499423690.0,88117731.5378827
2026-08-16 17:30:00,499319160.0,88109100.0084768
2026-08-16 17:35:00,499374264.0,88011073.59161544
2026-08-16 17:40:00,499589341.0,88151370.18039206
2026-08-16 17:45:00,499740598.0,88062913.8929155
2026-08-16 17:50:00,499862274.0,88154311.0282728
2026-08-16 17:55:00,499597050.0,88042044.6889755
2026-08-16 18:00:00,499504050.0,87990365.699613
2026-08-16 18:05:00,499448802.0,87972432.51343007
2026-08-16 18:10:00,499642530.0,87974743.3374861
2026-08-16 18:15:00,499432814.0,88000061.8268
2026-08-16 18:20:00,499716746.0,87979530.6406648
2026-08-16 18:25:00,500944491.0,88012921.36397436
2026-08-16 18:30:00,498276635.0,87447549.4425
2026-08-16 18:35:00,498609994.0,87429871.32601674
2026-08-16 18:40:00,498731559.0,87427642.2927
2026-08-16 18:45:00,498599494.0,87404491.2982
2026-08-16 18:50:00,498592690.0,87478516.2502134
2026-08-16 18:55:00,498444740.0,87349001.416294
2026-08-16 19:00:00,497493715.0,87380064.7492061
2026-08-16 19:05:00,495504360.0,87753822.156
2026-08-16 19:10:00,496297960.0,87676101.8361716
2026-08-16 19:15:00,495858876.0,87667849.2768
2026-08-16 19:20:00,495972321.0,87864854.39776316
2026-08-16 19:25:00,495803718.0,88533166.1144841
2026-08-16 19:30:00,495790604.0,88548201.8744
2026-08-16 19:35:00,495771457.0,88743090.803
2026-08-16 19:40:00,496244142.0,88827701.418
2026-08-16 19:45:00,495872153.0,88562766.5258
2026-08-16 19:50:00,495317986.0,88364728.7024
2026-08-16 19:55:00,495383337.0,88326848.9871
2026-08-16 20:00:00,495426726.0,88285042.5732
2026-08-16 20:05:00,495313510.0,88188995.3585382
2026-08-16 20:10:00,495752783.0,88491871.7655
2026-08-16 20:15:00,496001498.0,88486667.2432
2026-08-16 20:20:00,496063397.0,88448103.6851
2026-08-16 20:25:00,496141542.0,88628556.92434146
2026-08-16 20:30:00,496123131.0,88359529.6311
2026-08-16 20:35:00,495749630.0,88217709.6916993
2026-08-16 20:40:00,495554570.0,87961803.3954975
2026-08-16 20:45:00,495561196.0,88061224.5292
2026-08-16 20:50:00,495404422.0,87798702.62278704
2026-08-16 20:55:00,495352535.0,87759419.1677453
2026-08-16 21:00:00,495207898.0,87630444.58143824
2026-08-16 21:05:00,495346298.0,87626760.1162
2026-08-16 21:10:00,495402595.0,87339477.4985
2026-08-16 21:15:00,496371618.0,87371654.8419117
2026-08-16 21:20:00,496139733.0,87419820.9546
2026-08-16 21:25:00,496129518.0,87262032.98984562
2026-08-16 21:30:00,496214675.0,87359094.71057175
2026-08-16 21:35:00,496350980.0,87556312.872
2026-08-16 21:40:00,496242172.0,87204755.98368128
2026-08-16 21:45:00,495349498.0,87006509.62385158
2026-08-16 21:50:00,495218678.0,87208009.1958
2026-08-16 21:55:00,495302392.0,87222751.2312
2026-08-16 22:00:00,495425898.0,87095872.8684
2026-08-16 22:05:00,496374909.0,87369350.18764956
2026-08-16 22:10:00,496394508.0,87547098.90609276
2026-08-16 22:15:00,496359674.0,87508210.5262
2026-08-16 22:20:00,496256993.0,87440482.1666
2026-08-16 22:25:00,496212575.0,87337769.9464085
2026-08-16 22:30:00,496301218.0,87249754.1244
2026-08-16 22:35:00,496215354.0,87297068.23827258
2026-08-16 22:40:00,495316468.0,86878508.4872
2026-08-16 22:45:00,491294427.0,85927395.2823
2026-08-16 22:50:00,491521461.0,86016255.675
2026-08-16 22:55:00,491444482.0,85931805.02346474
2026-08-16 23:00:00,491499830.0,86159920.199
2026-08-16 23:05:00,491378424.0,86187775.5696
2026-08-16 23:10:00,491243369.0,86183034.17934233
2026-08-16 23:15:00,490904840.0,85980745.6458032
2026-08-16 23:20:00,490934296.0,86001791.42379265
2026-08-16 23:25:00,491287746.0,86053730.68411937
2026-08-16 23:30:00,491251922.0,86050653.81912889
2026-08-16 23:35:00,491240398.0,86028302.7656107
2026-08-16 23:40:00,491311119.0,85906589.29916349
2026-08-16 23:45:00,491468366.0,86006964.05
2026-08-16 23:50:00,491529725.0,86066854.8475
2026-08-16 23:55:00,491330625.0,85914780.6036
2026-08-17 00:00:00,491220338.0,85865315.0824
2026-08-17 00:05:00,491004610.0,86024007.672
2026-08-17 00:10:00,491123909.0,85873428.03273356
2026-08-17 00:15:00,490815476.0,85745463.6572
2026-08-17 00:20:00,490417212.0,85332594.888
2026-08-17 00:25:00,490254876.0,85206297.4488
2026-08-17 00:30:00,491021513.0,85732356.1698
2026-08-17 00:35:00,490997953.0,85562108.52642292
2026-08-17 00:40:00,490892195.0,85857044.9055
2026-08-17 00:45:00,490819962.0,86089821.3348
2026-08-17 00:50:00,491072670.0,86111429.2962858
2026-08-17 00:55:00,490866219.0,86147021.4345
2026-08-17 01:00:00,491174275.0,86348437.545
2026-08-17 01:05:00,490980022.0,86657973.883
2026-08-17 01:10:00,490652795.0,86557472.6459996
2026-08-17 01:15:00,490359831.0,86433662.99548149
2026-08-17 01:20:00,490060542.0,86353440.69007908
2026-08-17 01:25:00,489815878.0,86452502.467
2026-08-17 01:30:00,489529507.0,86353005.0348
2026-08-17 01:35:00,489283555.0,86328603.303934
2026-08-17 01:40:00,489166994.0,86329546.09369338
2026-08-17 01:45:00,489012429.0,86212891.2327
2026-08-17 01:50:00,489196268.0,86330896.71941195
2026-08-17 01:55:00,489094559.0,86044948.26308417
2026-08-17 02:00:00,488917595.0,85931809.36570755
2026-08-17 02:05:00,488559295.0,85937501.8210128
2026-08-17 02:10:00,488505231.0,85897978.2106704
2026-08-17 02:15:00,488677225.0,85836579.72043575
2026-08-17 02:20:00,488654312.0,85729009.18333864
2026-08-17 02:25:00,488545181.0,85755298.05493657
2026-08-17 02:30:00,488649072.0,85700960.0866584
2026-08-17 02:35:00,489342515.0,86154812.71951085
2026-08-17 02:40:00,489599602.0,86267449.8724
2026-08-17 02:45:00,489375692.0,86276934.4996
2026-08-17 02:50:00,489389079.0,86328233.5356
2026-08-17 02:55:00,489547432.0,86600940.7208
2026-08-17 03:00:00,489569301.0,86604809.3469
2026-08-17 03:05:00,489702647.0,86554448.25757653
2026-08-17 03:10:00,489848788.0,86654250.5972
2026-08-17 03:15:00,490268567.0,86728509.5023
2026-08-17 03:20:00,490302892.0,86840070.2620138
2026-08-17 03:25:00,490107298.0,86798002.4758
2026-08-17 03:30:00,490381433.0,86723269.8920438
2026-08-17 03:35:00,490264331.0,86754582.51544902
2026-08-17 03:40:00,490139227.0,86725396.57132491
2026-08-17 03:45:00,490086423.0,86694793.46510985
2026-08-17 03:50:00,490166978.0,86710538.4082
2026-08-17 03:55:00,490702162.0,86878425.2203704
2026-08-17 04:00:00,490664977.0,86847700.929
2026-08-17 04:05:00,490224780.0,86842765.8229986
2026-08-17 04:10:00,490110415.0,86883157.3563373
2026-08-17 04:15:00,490071646.0,86889702.8358
2026-08-17 04:20:00,490199199.0,86859812.74649511
2026-08-17 04:25:00,490337664.0,86838800.2944
2026-08-17 04:30:00,490521900.0,86822376.3
2026-08-17 04:35:00,491787503.0,87046388.031
2026-08-17 04:40:00,491778275.0,87051295.3260575
2026-08-17 04:45:00,491753185.0,87016276.8493172
2026-08-17 04:50:00,491857779.0,87032684.64204615
2026-08-17 04:55:00,491759701.0,87014931.72353403
2026-08-17 05:00:00,491684349.0,87028129.773
2026-08-17 05:05:00,491362218.0,86986801.78162074
2026-08-17 05:10:00,491397733.0,86989673.85637034
2026-08-17 05:15:00,491174881.0,87094211.40189253
2026-08-17 05:20:00,491224348.0,87143199.3352
2026-08-17 05:25:00,491083253.0,87167277.4075
2026-08-17 05:30:00,490912813.0,86948125.96618573
2026-08-17 05:35:00,490635625.0,86926090.310075
2026-08-17 05:40:00,490609607.0,86860517.5418827
2026-08-17 05:45:00,490538404.0,86825297.508
2026-08-17 05:50:00,489866447.0,86657374.4743
2026-08-17 05:55:00,489807381.0,86646925.6989
2026-08-17 06:00:00,485636116.0,85714774.474
2026-08-17 06:05:00,484734917.0,85701133.3256
2026-08-17 06:10:00,484116724.0,85615045.35894856
2026-08-17 06:15:00,484042271.0,85657891.87087186
2026-08-17 06:20:00,484001635.0,85716689.5585
2026-08-17 06:25:00,485023705.0,85849195.785
2026-08-17 06:30:00,484856052.0,85654776.81465144
2026-08-17 06:35:00,484807216.0,85713915.7888
2026-08-17 06:40:00,484981356.0,85720420.72430508
2026-08-17 06:45:00,484911097.0,85865748.87993827
2026-08-17 06:50:00,484784052.0,86014924.08456673
2026-08-17 06:55:00,484579391.0,85867468.0852
2026-08-17 07:00:00,484444901.0,85892080.9473
2026-08-17 07:05:00,484544976.0,85695776.501652
2026-08-17 07:10:00,484509076.0,85612753.7292
2026-08-17 07:15:00,484685735.0,85595500.801
2026-08-17 07:20:00,484317170.0,85298216.0411869
2026-08-17 07:25:00,484154279.0,85275003.37031452
2026-08-17 07:30:00,484267280.0,85327894.736
2026-08-17 07:35:00,484226174.0,85320651.8588
2026-08-17 07:40:00,484594914.0,85238055.00358872
2026-08-17 07:45:00,484541382.0,85159751.71847442
2026-08-17 07:50:00,484382090.0,85202809.631
2026-08-17 07:55:00,484343758.0,85164817.17293385
2026-08-17 08:00:00,484361477.0,85281709.31275126
2026-08-17 08:05:00,484726882.0,85184394.74207698
2026-08-17 08:10:00,484731052.0,85118772.7312
2026-08-17 08:15:00,484576412.0,84969979.57625976
2026-08-17 08:20:00,484646600.0,85055478.3
2026-08-17 08:25:00,484884519.0,85000256.1807
2026-08-17 08:30:00,485125603.0,85006322.98466016
2026-08-17 08:35:00,485469262.0,85151308.5548
2026-08-17 08:40:00,485573771.0,85169639.4334
2026-08-17 08:45:00,485741813.0,85136025.85352756
2026-08-17 08:50:00,485751593.0,85125503.91267349
2026-08-17 08:55:00,485872586.0,85076289.8086
2026-08-17 09:00:00,486151506.0,85098375.78322482
2026-08-17 09:05:00,486496482.0,85185533.9982
2026-08-17 09:10:00,486245710.0,85141623.821
2026-08-17 09:15:00,484498533.0,84832611.71763012
2026-08-17 09:20:00,484600478.0,84805083.65
2026-08-17 09:25:00,486223099.0,84974332.57148392
2026-08-17 09:30:00,486137069.0,84999724.77633956
2026-08-17 09:35:00,486732423.0,85032154.2981
2026-08-17 09:40:00,486783923.0,85014582.68158266
2026-08-17 09:45:00,486956496.0,85049133.59150209
2026-08-17 09:50:00,487032922.0,84994779.28830335
2026-08-17 09:55:00,487192159.0,85063750.9614
2026-08-17 10:00:00,487412540.0,85004746.976
2026-08-17 10:05:00,487525397.0,84975676.6971
2026-08-17 10:10:00,488027029.0,85001956.487696
2026-08-17 10:15:00,488331687.0,84990897.36658207
2026-08-17 10:20:00,488855282.0,84816391.427
2026-08-17 10:25:00,486728619.0,84023246.00690007
2026-08-17 10:30:00,487990760.0,84685379.700564
2026-08-17 10:35:00,488683874.0,84766645.42119844
2026-08-17 10:40:00,488311499.0,84893906.30857305
2026-08-17 10:45:00,488012343.0,84947239.79897884
2026-08-17 10:50:00,488065460.0,84996756.0399472
2026-08-17 10:55:00,487943101.0,84990578.29650433
2026-08-17 11:00:00,487603641.0,85155894.65817483
2026-08-17 11:05:00,487270788.0,85264006.8424464
2026-08-17 11:10:00,487897281.0,85300169.64816663
2026-08-17 11:15:00,488820717.0,85364560.66994856
2026-08-17 11:20:00,488270937.0,85239347.08061619
2026-08-17 11:25:00,488478981.0,85313430.43684758
2026-08-17 11:30:00,488752473.0,85336181.7858
2026-08-17 11:35:00,488511268.0,85677226.32074311
2026-08-17 11:40:00,488641472.0,85756578.336
2026-08-17 11:45:00,489095321.0,85774050.14734127
2026-08-17 11:50:00,489206310.0,85855707.405
2026-08-17 11:55:00,489143865.0,85735820.86020315
2026-08-17 12:00:00,489506368.0,85565713.1264
2026-08-17 12:05:00,489490696.0,85428872.78972384
2026-08-17 12:10:00,488893318.0,85184664.17179003
2026-08-17 12:15:00,487793523.0,85197519.17778654
2026-08-17 12:20:00,487866139.0,85222237.87192735
2026-08-17 12:25:00,487776375.0,85116977.4375
2026-08-17 12:30:00,487265389.0,84813803.4216512
2026-08-17 12:35:00,487215837.0,84810430.54761246
2026-08-17 12:40:00,487724986.0,84766602.5668
2026-08-17 12:45:00,487948445.0,84817897.06480084
2026-08-17 12:50:00,487874034.0,84706792.52016655
2026-08-17 12:55:00,487726388.0,84597107.69684824
2026-08-17 13:00:00,487908380.0,84603313.092
2026-08-17 13:05:00,487461217.0,84351566.13806854
2026-08-17 13:10:00,487550692.0,84638800.1312
2026-08-17 13:15:00,487885844.0,84599405.3496
2026-08-17 13:20:00,488525509.0,84542426.81366688
2026-08-17 13:25:00,488657136.0,84586550.2416
2026-08-17 13:30:00,489045146.0,84800428.3164
2026-08-17 13:35:00,488965339.0,85391728.396493
2026-08-17 13:40:00,488418263.0,85082461.4146
2026-08-17 13:45:00,488657130.0,85124072.046
2026-08-17 13:50:00,489132297.0,85402499.0562
2026-08-17 13:55:00,489086106.0,85169395.80850728
2026-08-17 14:00:00,489406497.0,85205671.1277
2026-08-17 14:05:00,489406355.0,85126900.9229805
2026-08-17 14:10:00,489739456.0,85214665.344
2026-08-17 14:15:00,489657535.0,85169117.07693815
2026-08-17 14:20:00,489706921.0,85075368.13232832
2026-08-17 14:25:00,489041844.0,84897664.1184
2026-08-17 14:30:00,489212830.0,84756890.8616431
2026-08-17 14:35:00,489619076.0,84948909.686
2026-08-17 14:40:00,490188383.0,84949646.7739
2026-08-17 14:45:00,490275751.0,85156877.6875418
2026-08-17 14:50:00,490260858.0,85305389.292
2026-08-17 14:55:00,490449348.0,85358471.53703327
2026-08-17 15:00:00,490401733.0,85647255.21547629
2026-08-17 15:05:00,490383470.0,85517958.6217959
2026-08-17 15:10:00,490408820.0,85674420.854
2026-08-17 15:15:00,490402970.0,85428197.374
2026-08-17 15:20:00,490405230.0,85183447.2996276
2026-08-17 15:25:00,490586349.0,85312966.0911
2026-08-17 15:30:00,491258731.0,85881679.41286415
2026-08-17 15:35:00,491189430.0,85663436.592
2026-08-17 15:40:00,491049026.0,85589845.2318
2026-08-17 15:45:00,490837112.0,85798327.1776
2026-08-17 15:50:00,490592609.0,85860952.62783493
2026-08-17 15:55:00,490051730.0,85842317.4394443
2026-08-17 16:00:00,490037255.0,85787053.84635904
2026-08-17 16:05:00,489315106.0,85630143.55
2026-08-17 16:10:00,488926397.0,85611012.1147
2026-08-17 16:15:00,489160408.0,85647692.61241776
2026-08-17 16:20:00,489191732.0,85510714.7536
2026-08-17 16:25:00,489373344.0,85542460.5312
2026-08-17 16:30:00,489726957.0,85457353.9965
2026-08-17 16:35:00,489781016.0,85546009.371338
2026-08-17 16:40:00,490081615.0,85666266.302
2026-08-17 16:45:00,490250915.0,85464652.70797685
2026-08-17 16:50:00,490532354.0,85646949.0084
2026-08-17 16:55:00,490601646.0,85473663.74762598
2026-08-17 17:00:00,490788459.0,85463050.76931322
2026-08-17 17:05:00,490770160.0,85416583.26736
2026-08-17 17:10:00,490911815.0,85369564.6285
2026-08-17 17:15:00,491166235.0,85305044.4154216
2026-08-17 17:20:00,491357284.0,85741846.058
2026-08-17 17:25:00,491178021.0,85947170.02899592
2026-08-17 17:30:00,490161141.0,85386070.7622
2026-08-17 17:35:00,490072225.0,85214518.09494875
2026-08-17 17:40:00,490333246.0,85274923.73833628
2026-08-17 17:45:00,490544942.0,85256710.9196
2026-08-17 17:50:00,490524772.0,85359050.80890216
2026-08-17 17:55:00,490551082.0,85404943.3762
2026-08-17 18:00:00,490752827.0,85496066.98578897
2026-08-17 18:05:00,490778502.0,85395459.348
2026-08-17 18:10:00,490671265.0,85407094.1539011
2026-08-17 18:15:00,490842551.0,85632150.93461001
2026-08-17 18:20:00,490916211.0,85763062.0617
2026-08-17 18:25:00,490678039.0,85819589.0211
2026-08-17 18:30:00,491099806.0,85844246.0888
2026-08-17 18:35:00,491102532.0,85697725.78372176
2026-08-17 18:40:00,490453157.0,85485985.2651
2026-08-17 18:45:00,490507895.0,85544576.888
2026-08-17 18:50:00,490542760.0,85455658.8330984
2026-08-17 18:55:00,490794622.0,85398264.228
2026-08-17 19:00:00,490928297.0,85442869.24035355
2026-08-17 19:05:00,490992547.0,85420821.1583626
2026-08-17 19:10:00,490994567.0,85491473.19158167
2026-08-17 19:15:00,490720886.0,85238217.8982
2026-08-17 19:20:00,491030177.0,85350472.5419984
2026-08-17 19:25:00,491102518.0,85451838.132
2026-08-17 19:30:00,491180854.0,85465468.596
2026-08-17 19:35:00,491032977.0,85243324.8072
2026-08-17 19:40:00,490951311.0,85376432.9829
2026-08-17 19:45:00,490836868.0,85380837.58690336
2026-08-17 19:50:00,490948726.0,85326888.5788
2026-08-17 19:55:00,490982998.0,85234648.4528
2026-08-17 20:00:00,491174658.0,85299734.01139866
2026-08-17 20:05:00,491558944.0,85285476.784
2026-08-17 20:10:00,491533859.0,85231971.1506
2026-08-17 20:15:00,491740730.0,85266809.926467
2026-08-17 20:20:00,491763684.0,85254852.04086515
2026-08-17 20:25:00,491731882.0,85266308.3388
2026-08-17 20:30:00,491922800.0,85397798.08
2026-08-17 20:35:00,491946444.0,85451097.3228
2026-08-17 20:40:00,492241319.0,85690722.47514725
2026-08-17 20:45:00,492145566.0,85879401.267
2026-08-17 20:50:00,492136246.0,85680920.4286
2026-08-17 20:55:00,491833240.0,85628167.084
2026-08-17 21:00:00,491883322.0,85636886.3602
2026-08-17 21:05:00,491916197.0,85754938.96128495
2026-08-17 21:10:00,491936079.0,85744458.5697
2026-08-17 21:15:00,492063245.0,85668210.9545
2026-08-17 21:20:00,492114201.0,85551657.24769112
2026-08-17 21:25:00,492199734.0,85570552.93701954
2026-08-17 21:30:00,492320632.0,85565325.8416
2026-08-17 21:35:00,492247263.0,85552574.3094
2026-08-17 21:40:00,492216510.0,85625531.2404108
2026-08-17 21:45:00,492144195.0,85682304.3495
2026-08-17 21:50:00,492007639.0,85562967.30617703
2026-08-17 21:55:00,492118514.0,85498185.4238643
2026-08-17 22:00:00,492064001.0,85520723.3738
2026-08-17 22:05:00,491846518.0,85464057.59596951
2026-08-17 22:10:00,491856054.0,85410400.45513572
2026-08-17 22:15:00,492028516.0,85393964.81181356
2026-08-17 22:20:00,491859126.0,85270768.81028046
2026-08-17 22:25:00,491874362.0,85389389.2432
2026-08-17 22:30:00,491699551.0,85228181.13509686
2026-08-17 22:35:00,492066279.0,85275086.1507
2026-08-17 22:40:00,492024437.0,85366239.8195
2026-08-17 22:45:00,491946773.0,85278269.61566462
2026-08-17 22:50:00,491864736.0,85289345.2224
2026-08-17 22:55:00,491828506.0,85283062.9404
2026-08-17 23:00:00,492028568.0,85268550.8344
2026-08-17 23:05:00,492026556.0,85287976.70208564
2026-08-17 23:10:00,492320231.0,85516024.1247
2026-08-17 23:15:00,492232185.0,85549953.753
2026-08-17 23:20:00,492328981.0,85616009.7959
2026-08-17 23:25:00,492090815.0,85603557.1938709
2026-08-17 23:30:00,491915595.0,85642505.0895
2026-08-17 23:35:00,491678583.0,85754522.09855025
2026-08-17 23:40:00,491597032.0,85596595.00153176
2026-08-17 23:45:00,491528897.0,85412568.4627055
2026-08-17 23:50:00,491496283.0,85667802.1269
2026-08-17 23:55:00,491235252.0,85573180.8984
2026-08-18 00:00:00,491163473.0,85500381.76865453
2026-08-18 00:05:00,491132517.0,85555284.4614
2026-08-18 00:10:00,491066817.0,85356094.85592456
2026-08-18 00:15:00,491103179.0,85353732.5102
2026-08-18 00:20:00,491235555.0,85442614.1469255
2026-08-18 00:25:00,491312471.0,85415125.09082332
2026-08-18 00:30:00,491746740.0,85662282.108
2026-08-18 00:35:00,491675501.0,85629069.48375268
2026-08-18 00:40:00,491606807.0,85539800.72499508
2026-08-18 00:45:00,491382738.0,85648011.2334
2026-08-18 00:50:00,491387585.0,85697994.824
2026-08-18 00:55:00,491184572.0,85711707.814
2026-08-18 01:00:00,490996563.0,85629800.5872
2026-08-18 01:05:00,491095057.0,85622113.79806408
2026-08-18 01:10:00,491089641.0,85552991.54701614
2026-08-18 01:15:00,491291413.0,85681222.4272
2026-08-18 01:20:00,491002676.0,85387722.1692448
2026-08-18 01:25:00,490921479.0,85371245.1981
2026-08-18 01:30:00,491083427.0,85277079.0736343
2026-08-18 01:35:00,491163131.0,85315035.8547
2026-08-18 01:40:00,491145884.0,85312040.0508
2026-08-18 01:45:00,491192410.0,85354063.012531
2026-08-18 01:50:00,491053730.0,85197822.155
2026-08-18 01:55:00,491204010.0,85027414.131
2026-08-18 02:00:00,491023941.0,85045346.5812
2026-08-18 02:05:00,491758726.0,85061764.00877234
2026-08-18 02:10:00,491648753.0,85006069.3937
2026-08-18 02:15:00,491894115.0,84869792.27046165
2026-08-18 02:20:00,492497374.0,85030479.31679337
2026-08-18 02:25:00,492578543.0,85093854.57355455
2026-08-18 02:30:00,492084248.0,84881447.41176504
2026-08-18 02:35:00,492276350.0,84523849.295
2026-08-18 02:40:00,491572991.0,84614621.15991703
2026-08-18 02:45:00,491533754.0,84325564.701224
2026-08-18 02:50:00,490920165.0,84382313.2995933
2026-08-18 02:55:00,491136582.0,84475492.104
2026-08-18 03:00:00,491747235.0,84493868.7222483
2026-08-18 03:05:00,491884818.0,84536072.48640336
2026-08-18 03:10:00,491669320.0,84616289.972
2026-08-18 03:15:00,491777707.0,84714134.33885822
2026-08-18 03:20:00,492253821.0,84864558.7404
2026-08-18 03:25:00,492587635.0,84872849.5105
2026-08-18 03:30:00,492686723.0,84813674.17564853
2026-08-18 03:35:00,493286596.0,84746637.1928
2026-08-18 03:40:00,493286421.0,84992234.16827273
2026-08-18 03:45:00,493180002.0,85024232.3448
2026-08-18 03:50:00,492408944.0,84767249.36033808
2026-08-18 03:55:00,492497969.0,84808150.2618
2026-08-18 04:00:00,492544936.0,84887962.37278032
2026-08-18 04:05:00,492756986.0,84893228.04803003
2026-08-18 04:10:00,492645918.0,85079950.0386
2026-08-18 04:15:00,494467519.0,85542880.787
2026-08-18 04:20:00,497080977.0,85973848.28380911
2026-08-18 04:25:00,499827190.0,86822432.056231
2026-08-18 04:30:00,499484523.0,86979006.10329342
2026-08-18 04:35:00,498735847.0,86972115.51475511
2026-08-18 04:40:00,501289808.0,87084797.32887968
2026-08-18 04:45:00,500799260.0,86988831.462
2026-08-18 04:50:00,500755484.0,86981227.5708
2026-08-18 04:55:00,500021117.0,86903670.1346
2026-08-18 05:00:00,500007716.0,86901341.0408
2026-08-18 05:05:00,499502099.0,86863415.0161
2026-08-18 05:10:00,499315702.0,86870116.96989468
2026-08-18 05:15:00,499384675.0,86892933.45
2026-08-18 05:20:00,499310887.0,86807968.88037285
2026-08-18 05:25:00,498969213.0,86515967.47085007
2026-08-18 05:30:00,498259049.0,86339259.75514163
2026-08-18 05:35:00,497850464.0,86028560.1792
2026-08-18 05:40:00,497524392.0,85982130.59873256
2026-08-18 05:45:00,497749819.0,86260043.6327
2026-08-18 05:50:00,497705185.0,86152767.5235
2026-08-18 05:55:00,497624336.0,86238297.4288
2026-08-18 06:00:00,497555785.0,86035341.19238645
2026-08-18 06:05:00,497571520.0,85941742.1303328
2026-08-18 06:10:00,497585145.0,86131988.5995
2026-08-18 06:15:00,497384931.0,86296285.5285
2026-08-18 06:20:00,497397755.0,86252093.3340034
2026-08-18 06:25:00,497258841.0,86432358.21175525
2026-08-18 06:30:00,496992534.0,86372839.41624469
2026-08-18 06:35:00,496996158.0,86297508.34211244
2026-08-18 06:40:00,497171428.0,86265218.75856456
2026-08-18 06:45:00,497384486.0,86221526.0404271
2026-08-18 06:50:00,497425014.0,86176326.91092804
2026-08-18 06:55:00,497408846.0,86200953.0118
2026-08-18 07:00:00,497513108.0,86219021.6164
2026-08-18 07:05:00,497626264.0,86338156.804
2026-08-18 07:10:00,497733665.0,86300074.12637325
2026-08-18 07:15:00,497661814.0,86395305.20522615
2026-08-18 07:20:00,497609145.0,86350209.47758755
2026-08-18 07:25:00,497585406.0,86281309.4004
2026-08-18 07:30:00,497718131.0,86204780.2892
2026-08-18 07:35:00,497967460.0,86222268.951064
2026-08-18 07:40:00,498108952.0,86222659.5912
2026-08-18 07:45:00,498075363.0,86201185.84588727
2026-08-18 07:50:00,498301433.0,86224869.09383781
2026-08-18 07:55:00,498410227.0,86255850.76866493
2026-08-18 08:00:00,497903754.0,86317052.86489367
2026-08-18 08:05:00,498170386.0,86060842.17407838
2026-08-18 08:10:00,498101910.0,85972389.666
2026-08-18 08:15:00,497994812.0,85910190.56660265
2026-08-18 08:20:00,498225314.0,85966879.69225366
2026-08-18 08:25:00,498160679.0,85882901.0596
2026-08-18 08:30:00,498184739.0,85986685.9514
2026-08-18 08:35:00,498175222.0,86034860.8394
2026-08-18 08:40:00,498715444.0,86327643.3564
2026-08-18 08:45:00,498944310.0,86367260.061
2026-08-18 08:50:00,498900833.0,86289119.76839718
2026-08-18 08:55:00,499142055.0,86281775.4900288
2026-08-18 09:00:00,499062214.0,86287856.8006
2026-08-18 09:05:00,499098819.0,86344095.687
2026-08-18 09:10:00,498846416.0,86400199.2512
2026-08-18 09:15:00,498789514.0,86362276.93884721
2026-08-18 09:20:00,499016619.0,86298990.94845009
2026-08-18 09:25:00,498930673.0,86258951.56788845
2026-08-18 09:30:00,499251553.0,86175131.58121791
2026-08-18 09:35:00,499417093.0,86349215.3797
2026-08-18 09:40:00,499399427.0,86331004.15569055
2026-08-18 09:45:00,499392827.0,86394959.071
2026-08-18 09:50:00,499414936.0,86448725.4216
2026-08-18 09:55:00,499364768.0,86468525.10716672
2026-08-18 10:00:00,499931518.0,86520343.20444402
2026-08-18 10:05:00,499785745.0,86586151.0625723
2026-08-18 10:10:00,500030849.0,86608163.22078836
2026-08-18 10:15:00,500035824.0,86580502.8754464
2026-08-18 10:20:00,499817263.0,86718295.1305
2026-08-18 10:25:00,499695371.0,86597207.7943
2026-08-18 10:30:00,499731035.0,86535005.1706706
2026-08-18 10:35:00,500313316.0,86804360.326
2026-08-18 10:40:00,500284924.0,86709653.18153895
2026-08-18 10:45:00,500405522.0,86697768.72222044
2026-08-18 10:50:00,500142391.0,86649709.25214128
2026-08-18 10:55:00,500196680.0,86684084.644
2026-08-18 11:00:00,500281764.0,86698829.7012
2026-08-18 11:05:00,500116967.0,86820305.4712
2026-08-18 11:10:00,500421367.0,86823107.1745
2026-08-18 11:15:00,500569951.0,86848886.4985
2026-08-18 11:20:00,499231356.0,86407701.95888688
2026-08-18 11:25:00,498557942.0,86499802.937
2026-08-18 11:30:00,498489953.0,86368065.17790867
2026-08-18 11:35:00,498142500.0,86377909.5
2026-08-18 11:40:00,498277110.0,86451078.585
2026-08-18 11:45:00,498178298.0,86583388.1924
2026-08-18 11:50:00,497741436.0,86507461.5768
2026-08-18 11:55:00,497946261.0,86543060.1618
2026-08-18 12:00:00,498070804.0,86465091.5744
2026-08-18 12:05:00,498127020.0,86471832.0222588
2026-08-18 12:10:00,497928459.0,86407776.12690468
2026-08-18 12:15:00,497769516.0,86255089.61723603
2026-08-18 12:20:00,497850077.0,86227633.3364
2026-08-18 12:25:00,498092977.0,86292685.62635878
2026-08-18 12:30:00,498191408.0,86535847.5696
2026-08-18 12:35:00,497906380.0,86635710.12
2026-08-18 12:40:00,497895712.0,86683643.4592
2026-08-18 12:45:00,498036686.0,86658383.364
2026-08-18 12:50:00,498533997.0,86646415.13087274
2026-08-18 12:55:00,498456450.0,86631731.01
2026-08-18 13:00:00,498255820.0,86601769.335827
2026-08-18 13:05:00,497606268.0,86633251.2588
2026-08-18 13:10:00,497419208.0,86799651.796
2026-08-18 13:15:00,497563773.0,86754985.60530668
2026-08-18 13:20:00,497797476.0,86766100.0668
2026-08-18 13:25:00,498084731.0,86913549.15905781
2026-08-18 13:30:00,497703245.0,86749675.6035
2026-08-18 13:35:00,497225689.0,86666437.5927
2026-08-18 13:40:00,497203450.0,86959714.9768925
2026-08-18 13:45:00,497003038.0,86975531.65
2026-08-18 13:50:00,497254475.0,86969807.6775
2026-08-18 13:55:00,496935808.0,86466830.592
2026-08-18 14:00:00,497218524.0,86686608.90721393
2026-08-18 14:05:00,497228561.0,87064721.0311
2026-08-18 14:10:00,496661960.0,86822609.6168688
2026-08-18 14:15:00,495653959.0,86243788.866
2026-08-18 14:20:00,493338975.0,86001070.1473875
2026-08-18 14:25:00,489077091.0,85577931.75060531
2026-08-18 14:30:00,486853742.0,85823974.90999953
2026-08-18 14:35:00,486479583.0,85995711.01189701
2026-08-18 14:40:00,486701362.0,85793642.74555787
2026-08-18 14:45:00,486374123.0,85521457.73295055
2026-08-18 14:50:00,486283763.0,85731827.4169
2026-08-18 14:55:00,485833815.0,85458168.0585
2026-08-18 15:00:00,486334655.0,85310427.55025084
2026-08-18 15:05:00,486323397.0,85398388.5132
2026-08-18 15:10:00,486034228.0,85119563.1770224
2026-08-18 15:15:00,485400421.0,85090693.8013
2026-08-18 15:20:00,485653496.0,85025892.65596911
2026-08-18 15:25:00,485140701.0,84948136.7451
2026-08-18 15:30:00,484949420.0,85157118.152
2026-08-18 15:35:00,484702337.0,85109135.39904524
2026-08-18 15:40:00,484658706.0,85057602.903
2026-08-18 15:45:00,484571517.0,85004625.79805325
2026-08-18 15:50:00,484421229.0,85029121.32377796
2026-08-18 15:55:00,484106968.0,85009183.5808
2026-08-18 16:00:00,483774055.0,84902346.6525
2026-08-18 16:05:00,483338279.0,84777534.1366
2026-08-18 16:10:00,483361139.0,84636535.4389
2026-08-18 16:15:00,483113631.0,84738130.8774
2026-08-18 16:20:00,482944625.0,84660192.7625
2026-08-18 16:25:00,482150283.0,84585485.24678238
2026-08-18 16:30:00,481983227.0,84564130.69111171
2026-08-18 16:35:00,481525347.0,84363240.7944
2026-08-18 16:40:00,481422193.0,84345495.58069123
2026-08-18 16:45:00,481436902.0,84213169.17318393
2026-08-18 16:50:00,481376918.0,84144685.2664
2026-08-18 16:55:00,481101849.0,83952272.6505
2026-08-18 17:00:00,481302642.0,84083571.5574
2026-08-18 17:05:00,481333778.0,83984802.253663
2026-08-18 17:10:00,481250161.0,83812689.66414498
2026-08-18 17:15:00,481171196.0,83853911.23053429
2026-08-18 17:20:00,481237453.0,83880356.97795966
2026-08-18 17:25:00,481297234.0,83841978.1628
2026-08-18 17:30:00,481422706.0,83951333.9620155
2026-08-18 17:35:00,481199197.0,83873020.0371
2026-08-18 17:40:00,481194056.0,83920243.3664
2026-08-18 17:45:00,481218030.0,83876302.629
2026-08-18 17:50:00,480929101.0,83786371.45786972
2026-08-18 17:55:00,480934267.0,83795481.01454893
2026-08-18 18:00:00,480775343.0,83751064.7506
2026-08-18 18:05:00,480716330.0,83726747.769164
2026-08-18 18:10:00,480637662.0,83679016.9542
2026-08-18 18:15:00,480485702.0,83620954.36872244
2026-08-18 18:20:00,480409311.0,83735342.9073
2026-08-18 18:25:00,480197787.0,83650454.4954
2026-08-18 18:30:00,480412387.0,83702466.37258415
2026-08-18 18:35:00,480545866.0,83807199.0304
2026-08-18 18:40:00,480732919.0,83887894.3655
2026-08-18 18:45:00,480320856.0,83633352.16971456
2026-08-18 18:50:00,480354187.0,83648974.1950174
2026-08-18 18:55:00,480535030.0,83709202.226
2026-08-18 19:00:00,480475063.0,83746803.4809
2026-08-18 19:05:00,480714988.0,83815080.96133952
2026-08-18 19:10:00,480382247.0,83634549.2027
2026-08-18 19:15:00,480447304.0,83623606.8938596
2026-08-18 19:20:00,480385054.0,83731114.9122
2026-08-18 19:25:00,480502077.0,83799562.2288
2026-08-18 19:30:00,480492426.0,83845928.337
2026-08-18 19:35:00,480574647.0,83812218.4368
2026-08-18 19:40:00,480610588.0,83749095.99050456
2026-08-18 19:45:00,480635311.0,83693853.39716493
2026-08-18 19:50:00,480263793.0,83373794.4648
2026-08-18 19:55:00,479587612.0,83100097.45282084
2026-08-18 20:00:00,479679946.0,83128534.6418
2026-08-18 20:05:00,479671258.0,83105309.49683776
2026-08-18 20:10:00,479856218.0,83255053.823
2026-08-18 20:15:00,479653134.0,83264177.07083233
2026-08-18 20:20:00,479562339.0,83101895.06017604
2026-08-18 20:25:00,479406192.0,83033152.4544
2026-08-18 20:30:00,479030889.0,82787014.02474242
2026-08-18 20:35:00,479160878.0,82823149.4266512
2026-08-18 20:40:00,479127954.0,82913906.9572218
2026-08-18 20:45:00,478937626.0,82791854.44919439
2026-08-18 20:50:00,478816716.0,82698963.17262048
2026-08-18 20:55:00,479078616.0,82880600.568
2026-08-18 21:00:00,479061063.0,82781751.6864
2026-08-18 21:05:00,479287238.0,82918829.79508148
2026-08-18 21:10:00,479107577.0,82963738.89358139
2026-08-18 21:15:00,478864231.0,82987171.2323
2026-08-18 21:20:00,478837250.0,82867574.485
2026-08-18 21:25:00,478910306.0,82899373.9686
2026-08-18 21:30:00,478611321.0,82774057.1050623
2026-08-18 21:35:00,478649291.0,82806327.343
2026-08-18 21:40:00,478934525.0,82747965.23967275
2026-08-18 21:45:00,478914063.0,82783365.62869383
2026-08-18 21:50:00,478807530.0,82751448.3444213
2026-08-18 21:55:00,478819543.0,82765365.73700643
2026-08-18 22:00:00,478897965.0,82801458.1485
2026-08-18 22:05:00,479143336.0,82772274.8228348
2026-08-18 22:10:00,479133572.0,82866223.1474358
2026-08-18 22:15:00,478884690.0,82847051.37
2026-08-18 22:20:00,478846858.0,82814227.31843296
2026-08-18 22:25:00,478812995.0,82784923.40546925
2026-08-18 22:30:00,478697899.0,82748082.63154323
2026-08-18 22:35:00,478551972.0,82765994.2541748
2026-08-18 22:40:00,477985457.0,82739282.6067
2026-08-18 22:45:00,477979782.0,82690502.286
2026-08-18 22:50:00,478165694.0,82662913.47687776
2026-08-18 22:55:00,477792338.0,82504134.56061979
2026-08-18 23:00:00,477921078.0,82559485.03258458
2026-08-18 23:05:00,477920242.0,82680201.866
2026-08-18 23:10:00,477771318.0,82606660.8822
2026-08-18 23:15:00,477666086.0,82970599.1382
2026-08-18 23:20:00,477973335.0,83182382.99191906
2026-08-18 23:25:00,477974041.0,83263077.9422
2026-08-18 23:30:00,477549598.0,83045875.0922
2026-08-18 23:35:00,477904129.0,83346480.0976
2026-08-18 23:40:00,477897211.0,83369388.29166706
2026-08-18 23:45:00,478015034.0,83413623.433
2026-08-18 23:50:00,477917213.0,83444345.3898
2026-08-18 23:55:00,477910387.0,83299780.4541
2026-08-19 00:00:00,478026247.0,83424409.24628209
2026-08-19 00:05:00,478009497.0,83259197.05758312
2026-08-19 00:10:00,477959230.0,83342214.5555531
2026-08-19 00:15:00,477708480.0,82882421.28
2026-08-19 00:20:00,477494094.0,82940724.1278
2026-08-19 00:25:00,477298508.0,82834564.21325009
2026-08-19 00:30:00,477417745.0,82784236.983
2026-08-19 00:35:00,477536986.0,82969706.61089873
2026-08-19 00:40:00,477673562.0,83140817.42113006
2026-08-19 00:45:00,477836504.0,83143551.696
2026-08-19 00:50:00,477882406.0,83199326.8846
2026-08-19 00:55:00,477709232.0,83169177.2912
2026-08-19 01:00:00,478001861.0,83076723.4418
2026-08-19 01:05:00,477921499.0,82967172.2264
2026-08-19 01:10:00,478132207.0,83288689.24263959
2026-08-19 01:15:00,478609668.0,83325943.1988
2026-08-19 01:20:00,478533795.0,83217026.9505
2026-08-19 01:25:00,478610143.0,83119122.7314811
2026-08-19 01:30:00,478568594.0,83204160.68007918
2026-08-19 01:35:00,478672179.0,83384693.5818
2026-08-19 01:40:00,478779076.0,83312212.95661873
2026-08-19 01:45:00,478726915.0,83394228.593
2026-08-19 01:50:00,478695718.0,83388794.0756
2026-08-19 01:55:00,478911501.0,83450515.82473539
2026-08-19 02:00:00,478356505.0,83048702.20926785
2026-08-19 02:05:00,478322445.0,82988145.40901685
2026-08-19 02:10:00,478150230.0,82911249.882
2026-08-19 02:15:00,478491840.0,83073423.0055392
2026-08-19 02:20:00,478483997.0,83064821.8792
2026-08-19 02:25:00,478881275.0,83252829.6473395
2026-08-19 02:30:00,479085829.0,83276485.78692217
2026-08-19 02:35:00,479197384.0,83284505.3392
2026-08-19 02:40:00,479287784.0,83378196.9816568
2026-08-19 02:45:00,479297995.0,83301991.531
2026-08-19 02:50:00,479388403.0,83365643.2817
2026-08-19 02:55:00,479168583.0,83205564.0130431
2026-08-19 03:00:00,479212641.0,83335078.2699
2026-08-19 03:05:00,479072643.0,83281494.8142977
2026-08-19 03:10:00,478894787.0,83188296.24340004
2026-08-19 03:15:00,479799671.0,83677062.6224
2026-08-19 03:20:00,479462175.0,83809988.19
2026-08-19 03:25:00,479577232.0,83734184.7072
2026-08-19 03:30:00,479482946.0,83813618.9608
2026-08-19 03:35:00,479002052.0,83825359.1
2026-08-19 03:40:00,479009513.0,83908134.71297105
2026-08-19 03:45:00,479012951.0,83875167.7201
2026-08-19 03:50:00,478752804.0,83742956.93534796
2026-08-19 03:55:00,478538819.0,83695597.21477856
2026-08-19 04:00:00,478546898.0,83793561.8398
2026-08-19 04:05:00,478462022.0,83778700.0522
2026-08-19 04:10:00,478258001.0,83644263.5236936
2026-08-19 04:15:00,478168494.0,83668722.87720007
2026-08-19 04:20:00,478321985.0,83778387.44916084
2026-08-19 04:25:00,478402595.0,83720454.125
2026-08-19 04:30:00,478302934.0,83522640.63055927
2026-08-19 04:35:00,478319382.0,83537456.46282253
2026-08-19 04:40:00,479084348.0,83579675.58915776
2026-08-19 04:45:00,478946510.0,83576165.995
2026-08-19 04:50:00,479018753.0,83543941.03340673
2026-08-19 04:55:00,478533449.0,83340404.48426954
2026-08-19 05:00:00,478406177.0,83247234.00886682
2026-08-19 05:05:00,478796701.0,83502144.6544
2026-08-19 05:10:00,479138282.0,83801285.5218
2026-08-19 05:15:00,479000789.0,83910553.49569447
2026-08-19 05:20:00,478734996.0,83653506.9087954
2026-08-19 05:25:00,479039347.0,83831885.725
2026-08-19 05:30:00,479076813.0,83814143.49904464
2026-08-19 05:35:00,479046974.0,83929029.8448
2026-08-19 05:40:00,479594136.0,84147486.48024432
2026-08-19 05:45:00,479656596.0,84083801.2788
2026-08-19 05:50:00,480205825.0,84197190.85604475
2026-08-19 05:55:00,479982493.0,84111052.11271074
2026-08-19 06:00:00,480175258.0,84171692.82152203
2026-08-19 06:05:00,479622653.0,84029888.8056
2026-08-19 06:10:00,479482962.0,83800901.07461815
2026-08-19 06:15:00,479770180.0,84007758.518
2026-08-19 06:20:00,479854600.0,84262467.76
2026-08-19 06:25:00,480087768.0,84351420.8376
2026-08-19 06:30:00,480463068.0,84273222.1272
2026-08-19 06:35:00,480581390.0,84342033.945
2026-08-19 06:40:00,478984370.0,84218892.5474222
2026-08-19 06:45:00,479413079.0,84089054.0566
2026-08-19 06:50:00,479627940.0,84270629.058
2026-08-19 06:55:00,479568941.0,84404133.616
2026-08-19 07:00:00,479515850.0,84303350.7225635
2026-08-19 07:05:00,479676971.0,84279243.8047
2026-08-19 07:10:00,479795049.0,84347969.6142
2026-08-19 07:15:00,479750422.0,84340124.1876
2026-08-19 07:20:00,479531589.0,84105951.70941322
2026-08-19 07:25:00,479506538.0,84201348.0728
2026-08-19 07:30:00,479613893.0,84110022.70730004
2026-08-19 07:35:00,479630520.0,84230040.3804036
2026-08-19 07:40:00,479428859.0,84187707.6404
2026-08-19 07:45:00,479278944.0,83882030.04110016
2026-08-19 07:50:00,479479527.0,84130110.72039564
2026-08-19 07:55:00,479192936.0,83887893.93857944
2026-08-19 08:00:00,479743057.0,84079840.13127854
2026-08-19 08:05:00,479780219.0,84083570.42370266
2026-08-19 08:10:00,479798516.0,84085284.87915984
2026-08-19 08:15:00,479801120.0,84013176.112
2026-08-19 08:20:00,479726741.0,84048125.0232
2026-08-19 08:25:00,479658247.0,83988159.0497
2026-08-19 08:30:00,479887109.0,84268176.3404
2026-08-19 08:35:00,480155052.0,84171180.6156
2026-08-19 08:40:00,480247693.0,84139395.8136
2026-08-19 08:45:00,480388321.0,84039469.1475647
2026-08-19 08:50:00,480436522.0,84059220.54870372
2026-08-19 08:55:00,480273712.0,83871384.60262863
2026-08-19 09:00:00,480441428.0,83981161.6144
2026-08-19 09:05:00,480505548.0,83978353.44356485
2026-08-19 09:10:00,480379896.0,83634139.8936
2026-08-19 09:15:00,480151134.0,83642327.5428
2026-08-19 09:20:00,480145735.0,83641387.037
2026-08-19 09:25:00,480558123.0,83687250.86005186
2026-08-19 09:30:00,480619874.0,83675920.0634
2026-08-19 09:35:00,480495737.0,83592559.30453813
2026-08-19 09:40:00,480430340.0,83527714.998468
2026-08-19 09:45:00,480310503.0,83396797.74949802
2026-08-19 09:50:00,480635848.0,83582573.9672
2026-08-19 09:55:00,480158671.0,83595624.6211
2026-08-19 10:00:00,480296821.0,83588087.41418283
2026-08-19 10:05:00,480200121.0,83530863.8699633
2026-08-19 10:10:00,480440190.0,83596593.06
2026-08-19 10:15:00,480229755.0,83559977.37
2026-08-19 10:20:00,480441106.0,83422491.65044273
2026-08-19 10:25:00,480449883.0,83440879.45583037
2026-08-19 10:30:00,480496511.0,83414194.3096
2026-08-19 10:35:00,480821556.0,83566786.4328
2026-08-19 10:40:00,480731096.0,83599137.5944
2026-08-19 10:45:00,480809144.0,83612710.1416
2026-08-19 10:50:00,480735264.0,83551788.8832
2026-08-19 10:55:00,480976436.0,83722409.06130923
2026-08-19 11:00:00,480996227.0,83789542.7434
2026-08-19 11:05:00,480854712.0,83897279.74970783
2026-08-19 11:10:00,481141947.0,84055498.1409
2026-08-19 11:15:00,481091708.0,84020131.44889884
2026-08-19 11:20:00,481280396.0,84127813.2208
2026-08-19 11:25:00,481357362.0,84141266.8776
2026-08-19 11:30:00,481221859.0,84213825.325
2026-08-19 11:35:00,481184126.0,84191405.52777839
2026-08-19 11:40:00,481442831.0,84108062.5757
2026-08-19 11:45:00,481344902.0,84042819.8892
2026-08-19 11:50:00,481535524.0,84168952.17013767
2026-08-19 11:55:00,481723121.0,84253373.8629
2026-08-19 12:00:00,481654390.0,84171185.3994648
2026-08-19 12:05:00,481734623.0,84132326.45325466
2026-08-19 12:10:00,481644206.0,84095078.3676
2026-08-19 12:15:00,481760140.0,84115320.444
2026-08-19 12:20:00,481922060.0,84086392.3466986
2026-08-19 12:25:00,481866370.0,84133868.202
2026-08-19 12:30:00,482008989.0,84255171.2772
2026-08-19 12:35:00,482630794.0,84412125.8706
2026-08-19 12:40:00,482555702.0,84543758.9904
2026-08-19 12:45:00,482536409.0,84763884.89608471
2026-08-19 12:50:00,481390180.0,84536838.0456658
2026-08-19 12:55:00,481085160.0,84334228.548
2026-08-19 13:00:00,481134019.0,84390906.9326
2026-08-19 13:05:00,481320812.0,84241967.00506188
2026-08-19 13:10:00,481233913.0,84264058.1663
2026-08-19 13:15:00,481271166.0,84133048.30549218
2026-08-19 13:20:00,481453067.0,84254286.725
2026-08-19 13:25:00,481549502.0,84209139.2741424
2026-08-19 13:30:00,481635156.0,84334315.8156
2026-08-19 13:35:00,482954997.0,84503852.87168244
2026-08-19 13:40:00,483036910.0,84049171.0472105
2026-08-19 13:45:00,482991858.0,84185480.8494
2026-08-19 13:50:00,483324991.0,84098548.434
2026-08-19 13:55:00,482611614.0,83829637.3518
2026-08-19 14:00:00,482805886.0,84008224.164
2026-08-19 14:05:00,482871159.0,84116155.8978
2026-08-19 14:10:00,482797661.0,84296471.6106
2026-08-19 14:15:00,483097786.0,84397183.2142
2026-08-19 14:20:00,484700501.0,84405633.76302478
2026-08-19 14:25:00,484877250.0,84514104.675
2026-08-19 14:30:00,485200167.0,84376309.0413
2026-08-19 14:35:00,485439535.0,84515023.0435
2026-08-19 14:40:00,485663692.0,84845446.9924
2026-08-19 14:45:00,485182494.0,84955454.6994
2026-08-19 14:50:00,485204713.0,84959345.2463
2026-08-19 14:55:00,484745557.0,85332155.04176158
2026-08-19 15:00:00,484727766.0,85483030.90995756
2026-08-19 15:05:00,484056574.0,85532796.6258
2026-08-19 15:10:00,485406402.0,86441317.6900806
2026-08-19 15:15:00,480476943.0,85077840.88715509
2026-08-19 15:20:00,480603994.0,85232162.6213369
2026-08-19 15:25:00,481353719.0,85921638.8415
2026-08-19 15:30:00,477802478.0,87103391.7394
2026-08-19 15:35:00,475757793.0,86397615.2088
2026-08-19 15:40:00,474688825.0,86535772.7975
2026-08-19 15:45:00,474613585.0,86189827.036
2026-08-19 15:50:00,474924573.0,85395047.6521548
2026-08-19 15:55:00,471649906.0,84436728.23572896
2026-08-19 16:00:00,470767791.0,84455741.7054
2026-08-19 16:05:00,471310337.0,84791095.60419174
2026-08-19 16:10:00,470146560.0,84905638.4537088
2026-08-19 16:15:00,469813526.0,84621957.24250267
2026-08-19 16:20:00,469087737.0,84938528.060375
2026-08-19 16:25:00,469217731.0,84663479.59572278
2026-08-19 16:30:00,469211557.0,84795992.3470047
2026-08-19 16:35:00,469318149.0,84571130.4498
2026-08-19 16:40:00,469025014.0,84290792.86900888
2026-08-19 16:45:00,469216227.0,84187075.74672528
2026-08-19 16:50:00,469538278.0,84122059.99741258
2026-08-19 16:55:00,469311821.0,84100678.3232
2026-08-19 17:00:00,468933648.0,84079803.0864
2026-08-19 17:05:00,468404217.0,83993457.27335544
2026-08-19 17:10:00,468597841.0,84033758.60403343
2026-08-19 17:15:00,468337382.0,83879225.1162
2026-08-19 17:20:00,468305206.0,83490913.23792271
2026-08-19 17:25:00,468733373.0,83575160.4059
2026-08-19 17:30:00,468500768.0,83814787.3952
2026-08-19 17:35:00,468701904.0,83565551.45595887
2026-08-19 17:40:00,468833180.0,83827372.584
2026-08-19 17:45:00,469630420.0,84131988.553942
2026-08-19 17:50:00,469267770.0,84375551.0641689
2026-08-19 17:55:00,470038134.0,84453993.61767918
2026-08-19 18:00:00,469919650.0,84462507.3364335
2026-08-19 18:05:00,469921834.0,84550540.30668145
2026-08-19 18:10:00,468776205.0,83854753.1790687
2026-08-19 18:15:00,470985974.0,84613638.13908435
2026-08-19 18:20:00,471054750.0,84761831.9529225
2026-08-19 18:25:00,471453710.0,84673086.316
2026-08-19 18:30:00,471661693.0,84993437.0786
2026-08-19 18:35:00,471544347.0,84924514.45616196
2026-08-19 18:40:00,471798219.0,84876499.5981
2026-08-19 18:45:00,472201780.0,85185201.112
2026-08-19 18:50:00,472114236.0,85122196.7508
2026-08-19 18:55:00,471984152.0,85051544.1904
2026-08-19 19:00:00,472025624.0,85011814.8824
2026-08-19 19:05:00,471980153.0,84928406.07831639
2026-08-19 19:10:00,473910225.0,85448558.46540825
2026-08-19 19:15:00,473641054.0,85006131.37892196
2026-08-19 19:20:00,473702271.0,85455889.6884
2026-08-19 19:25:00,473422586.0,85581703.94584538
2026-08-19 19:30:00,473552885.0,85381585.1655
2026-08-19 19:35:00,473607162.0,85533240.3339771
2026-08-19 19:40:00,473589790.0,85464401.8470278
2026-08-19 19:45:00,473254571.0,85467929.8297731
2026-08-19 19:50:00,473545583.0,85648773.69591683
2026-08-19 19:55:00,473659567.0,85658992.81368902
2026-08-19 20:00:00,473593468.0,85815136.4016
2026-08-19 20:05:00,473090050.0,85697778.8347375
2026-08-19 20:10:00,472921281.0,86009379.95086668
2026-08-19 20:15:00,472599834.0,85824129.8544
2026-08-19 20:20:00,472456940.0,85710988.375723
2026-08-19 20:25:00,470745924.0,85597402.5089502
2026-08-19 20:30:00,469442027.0,85391504.7113
2026-08-19 20:35:00,469634356.0,85473452.792
2026-08-19 20:40:00,469672192.0,85574273.3824
2026-08-19 20:45:00,468750737.0,85173874.54083326
2026-08-19 20:50:00,468189807.0,85352809.02875502
2026-08-19 20:55:00,465830350.0,86130336.092526
2026-08-19 21:00:00,465749207.0,86177137.96695542
2026-08-19 21:05:00,463812266.0,86585689.00501692
2026-08-19 21:10:00,461618977.0,87107500.9599
2026-08-19 21:15:00,459654779.0,87058615.1426
2026-08-19 21:20:00,459689858.0,86835414.1762
2026-08-19 21:25:00,457712335.0,87338333.4317915
2026-08-19 21:30:00,458278981.0,87668769.0653
2026-08-19 21:35:00,459508885.0,88081383.3693992
2026-08-19 21:40:00,457985132.0,86610607.93876964
2026-08-19 21:45:00,458067569.0,86937037.85861935
2026-08-19 21:50:00,457904902.0,87276674.3212
2026-08-19 21:55:00,458099002.0,86916250.57300492
2026-08-19 22:00:00,456928595.0,86816433.05
2026-08-19 22:05:00,456384821.0,86871472.39519058
2026-08-19 22:10:00,455628824.0,86387225.0304
2026-08-19 22:15:00,455894961.0,86444714.50589862
2026-08-19 22:20:00,455752748.0,86684172.6696
2026-08-19 22:25:00,455891935.0,86573878.4565
2026-08-19 22:30:00,456759098.0,86510173.1612
2026-08-19 22:35:00,461410003.0,86883503.5649
2026-08-19 22:40:00,460772227.0,87178105.3484
2026-08-19 22:45:00,460872208.0,87197021.7536
2026-08-19 22:50:00,461108840.0,87079763.4927124
2026-08-19 22:55:00,460654324.0,86787587.88654032
2026-08-19 23:00:00,460149556.0,86646161.3948
2026-08-19 23:05:00,459236287.0,86014956.5551
2026-08-19 23:10:00,459498096.0,85742344.7136
2026-08-19 23:15:00,459698974.0,85825798.4458
2026-08-19 23:20:00,459612766.0,85901625.9654
2026-08-19 23:25:00,459495248.0,85428290.47918464
2026-08-19 23:30:00,459456699.0,85780565.7033
2026-08-19 23:35:00,459487071.0,85389253.11096813
2026-08-19 23:40:00,459748812.0,85799909.4288414
2026-08-19 23:45:00,459903914.0,86242428.29288694
2026-08-19 23:50:00,460433406.0,85870830.219
2026-08-19 23:55:00,460286533.0,85960341.97815134
2026-08-20 00:00:00,460227576.0,86108579.4696
2026-08-20 00:05:00,460009400.0,86439533.736986
2026-08-20 00:10:00,459726024.0,86478915.26231232
2026-08-20 00:15:00,460108689.0,86501579.20263562
2026-08-20 00:20:00,460670386.0,86698166.6452
2026-08-20 00:25:00,460878729.0,86506937.4333
2026-08-20 00:30:00,460759046.0,86318788.58884886
2026-08-20 00:35:00,460836065.0,86350683.04675014
2026-08-20 00:40:00,461058738.0,86494619.2488
2026-08-20 00:45:00,460760553.0,86070071.3004
2026-08-20 00:50:00,461208081.0,86226360.5364464
2026-08-20 00:55:00,460685399.0,85648372.0236249
2026-08-20 01:00:00,460658645.0,85590376.241
2026-08-20 01:05:00,460776223.0,85704377.478
2026-08-20 01:10:00,460752413.0,85595851.02533092
2026-08-20 01:15:00,460836687.0,85498012.09003173
2026-08-20 01:20:00,460226385.0,85476120.63710625
2026-08-20 01:25:00,460370511.0,85444766.8416
2026-08-20 01:30:00,460890680.0,85597395.9948492
2026-08-20 01:35:00,460806332.0,85986461.5512
2026-08-20 01:40:00,461017509.0,86051997.65181012
2026-08-20 01:45:00,461186290.0,86159385.3450738
2026-08-20 01:50:00,460463519.0,86475048.8682
2026-08-20 01:55:00,460594003.0,86234601.66911428
2026-08-20 02:00:00,460566712.0,86177434.26273176
2026-08-20 02:05:00,461122547.0,86362558.18964455
2026-08-20 02:10:00,461278307.0,86061528.65072566
2026-08-20 02:15:00,461578091.0,86012718.59380499
2026-08-20 02:20:00,461445806.0,86219381.51366302
2026-08-20 02:25:00,461480256.0,85845170.98986048
2026-08-20 02:30:00,461629982.0,85955502.6484
2026-08-20 02:35:00,461883744.0,86082922.29424608
2026-08-20 02:40:00,462328162.0,86131736.5806
2026-08-20 02:45:00,462271503.0,86011442.37680283
2026-08-20 02:50:00,462067304.0,85844490.21403009
2026-08-20 02:55:00,461762124.0,85703050.2144
2026-08-20 03:00:00,461937345.0,85689377.4975
2026-08-20 03:05:00,461867721.0,85026623.59940742
2026-08-20 03:10:00,458690563.0,84061293.03521806
2026-08-20 03:15:00,456082842.0,83326335.2334
2026-08-20 03:20:00,455875714.0,83467424.165545
2026-08-20 03:25:00,456758997.0,83329763.97363885
2026-08-20 03:30:00,456873310.0,83242317.082
2026-08-20 03:35:00,456627221.0,83334467.8325
2026-08-20 03:40:00,456319017.0,83381038.40341043
2026-08-20 03:45:00,455856536.0,83484198.433432
2026-08-20 03:50:00,455973961.0,83625624.4474
2026-08-20 03:55:00,456256346.0,83501125.52943252
2026-08-20 04:00:00,456402950.0,83164399.1602975
2026-08-20 04:05:00,457150468.0,83178852.22943228
2026-08-20 04:10:00,457147151.0,83429355.0575
2026-08-20 04:15:00,457485022.0,83491016.515
2026-08-20 04:20:00,457407660.0,83522638.716
2026-08-20 04:25:00,457759012.0,83588397.747742
2026-08-20 04:30:00,457912838.0,83786477.89658374
2026-08-20 04:35:00,458222054.0,83579702.6496
2026-08-20 04:40:00,458637313.0,83655445.8912
2026-08-20 04:45:00,458904647.0,83933659.9363
2026-08-20 04:50:00,459037073.0,84095591.7736
2026-08-20 04:55:00,459562569.0,84237998.12710191
2026-08-20 05:00:00,459981599.0,84406623.4165
2026-08-20 05:05:00,460184886.0,84535963.5582
2026-08-20 05:10:00,460012081.0,84550220.4878
2026-08-20 05:15:00,460005223.0,84464995.2340458
2026-08-20 05:20:00,459926678.0,84580516.0842
2026-08-20 05:25:00,459960213.0,84724671.2346
2026-08-20 05:30:00,460358029.0,84623652.78844032
2026-08-20 05:35:00,460206428.0,84631962.1092
2026-08-20 05:40:00,459889729.0,84527732.1902
2026-08-20 05:45:00,459960381.0,84678706.1421
2026-08-20 05:50:00,459844233.0,84443523.31760898
2026-08-20 05:55:00,459670797.0,84257657.0901
2026-08-20 06:00:00,459654148.0,84300570.7432
2026-08-20 06:05:00,460465703.0,84297575.96929277
2026-08-20 06:10:00,460260748.0,84273742.9588
2026-08-20 06:15:00,460342579.0,84247663.6568532
2026-08-20 06:20:00,460251586.0,84318090.5552
2026-08-20 06:25:00,460506418.0,84684054.08732776
2026-08-20 06:30:00,462172424.0,84960209.2504508
2026-08-20 06:35:00,462746540.0,84987645.4567718
2026-08-20 06:40:00,462817912.0,85172449.7680468
2026-08-20 06:45:00,462538639.0,85245871.1677
2026-08-20 06:50:00,462747645.0,85284390.9735
2026-08-20 06:55:00,462941929.0,85366491.7076
2026-08-20 07:00:00,462827045.0,85414379.4061958
2026-08-20 07:05:00,462781960.0,85200505.1405372
2026-08-20 07:10:00,462635896.0,85248190.92402792
2026-08-20 07:15:00,462850208.0,85131830.4748464
2026-08-20 07:20:00,462632543.0,84869523.6440613
2026-08-20 07:25:00,462870586.0,85075613.7068
2026-08-20 07:30:00,462797026.0,85223743.75201154
2026-08-20 07:35:00,462834252.0,85115218.9428
2026-08-20 07:40:00,462871470.0,84891312.6477756
2026-08-20 07:45:00,462740787.0,84919482.19663605
2026-08-20 07:50:00,462717971.0,85232650.2582
2026-08-20 07:55:00,462674367.0,85155545.74515057
2026-08-20 08:00:00,462798544.0,85171865.89472497
2026-08-20 08:05:00,462447533.0,85079977.99831013
2026-08-20 08:10:00,461870164.0,85723102.4384
2026-08-20 08:15:00,462760988.0,86701154.10275523
2026-08-20 08:20:00,462694748.0,86686069.2504366
2026-08-20 08:25:00,463180558.0,86429492.1228
2026-08-20 08:30:00,462946741.0,87033987.308
2026-08-20 08:35:00,462579436.0,86779902.1936
2026-08-20 08:40:00,463270732.0,87394522.59462832
2026-08-20 08:45:00,464644824.0,88189587.5952
2026-08-20 08:50:00,464347944.0,88016005.84577832
2026-08-20 08:55:00,464858705.0,88284342.89671955
2026-08-20 09:00:00,464493754.0,88114465.1338
2026-08-20 09:05:00,466461379.0,88534369.7342
2026-08-20 09:10:00,466176331.0,88723639.63916185
2026-08-20 09:15:00,466635839.0,88847463.7456
2026-08-20 09:20:00,466606436.0,88841865.4144
2026-08-20 09:25:00,466493533.0,88668832.92394029
2026-08-20 09:30:00,466482524.0,88355353.97208336
2026-08-20 09:35:00,466057339.0,88271260.0066
2026-08-20 09:40:00,465966166.0,88404429.0170931
2026-08-20 09:45:00,465931063.0,88697786.84666587
2026-08-20 09:50:00,466698990.0,88654130.8064202
2026-08-20 09:55:00,464773490.0,87702757.563
2026-08-20 10:00:00,463404254.0,87676084.8568
2026-08-20 10:05:00,465173829.0,88289992.7442
2026-08-20 10:10:00,468488676.0,89798803.78240465
2026-08-20 10:15:00,468005324.0,89389016.884
2026-08-20 10:20:00,468577435.0,89966867.52
2026-08-20 10:25:00,467302453.0,89447568.16905874
2026-08-20 10:30:00,467361176.0,89312720.7336
2026-08-20 10:35:00,465823396.0,88567109.42086108
2026-08-20 10:40:00,466017121.0,88496651.2779
2026-08-20 10:45:00,465717328.0,88311513.26397488
2026-08-20 10:50:00,466016035.0,88320104.578856
2026-08-20 10:55:00,465796933.0,88594576.6566
2026-08-20 11:00:00,465596282.0,88509853.2082
2026-08-20 11:05:00,465483336.0,88814220.5088
2026-08-20 11:10:00,465517074.0,88828818.23350722
2026-08-20 11:15:00,466379030.0,89131356.7326468
2026-08-20 11:20:00,466256942.0,88822754.07550967
2026-08-20 11:25:00,466562303.0,89020087.4124
2026-08-20 11:30:00,467964994.0,89094324.96212962
2026-08-20 11:35:00,467246562.0,89579922.13597187
2026-08-20 11:40:00,467482121.0,90317545.7772
2026-08-20 11:45:00,467419954.0,90214257.34418288
2026-08-20 11:50:00,469179383.0,91446102.02910183
2026-08-20 11:55:00,467034864.0,90511356.6432
2026-08-20 12:00:00,466902206.0,90211435.8572162
2026-08-20 12:05:00,466278499.0,89585304.66499168
2026-08-20 12:10:00,465333909.0,89013779.29267909
2026-08-20 12:15:00,465598022.0,89301700.6196
2026-08-20 12:20:00,465196818.0,89003636.99283642
2026-08-20 12:25:00,464894499.0,89352722.7078
2026-08-20 12:30:00,464942702.0,89176010.2436
2026-08-20 12:35:00,465288705.0,88963200.396
2026-08-20 12:40:00,463650632.0,88603635.7752
2026-08-20 12:45:00,463347855.0,88369457.33123685
2026-08-20 12:50:00,462963827.0,88055719.8954
2026-08-20 12:55:00,463466194.0,88661082.9122
2026-08-20 13:00:00,463617748.0,88763020.80887032
2026-08-20 13:05:00,463839163.0,89103503.2123
2026-08-20 13:10:00,464619028.0,89228188.68176576
2026-08-20 13:15:00,464761441.0,89598016.5756292
2026-08-20 13:20:00,465163922.0,89683604.1616
2026-08-20 13:25:00,467370983.0,90691161.30236922
2026-08-20 13:30:00,467399898.0,90519510.71205883
2026-08-20 13:35:00,464109359.0,89062585.9921
2026-08-20 13:40:00,463876173.0,89249775.6852
2026-08-20 13:45:00,463657941.0,89625079.9953
2026-08-20 13:50:00,463839469.0,89845705.1453
2026-08-20 13:55:00,463253720.0,90102848.54
2026-08-20 14:00:00,463304452.0,90437029.0304
2026-08-20 14:05:00,464890139.0,90526545.87451825
2026-08-20 14:10:00,466493222.0,91563065.69741344
2026-08-20 14:15:00,467265426.0,91769317.6006803
2026-08-20 14:20:00,467469665.0,91343572.541
2026-08-20 14:25:00,466885300.0,91114893.337881
2026-08-20 14:30:00,465118128.0,90000208.93019904
2026-08-20 14:35:00,465913584.0,90504249.4926216
2026-08-20 14:40:00,465786688.0,90269460.1344
2026-08-20 14:45:00,465652726.0,90246492.44582818
2026-08-20 14:50:00,465101718.0,89926952.073582
2026-08-20 14:55:00,465587208.0,90277359.6312
2026-08-20 15:00:00,465468580.0,90393998.236
2026-08-20 15:05:00,464618981.0,91338753.19250831
2026-08-20 15:10:00,465168732.0,90987055.14776053
2026-08-20 15:15:00,465099921.0,91671194.4291
2026-08-20 15:20:00,465579193.0,91909602.05939981
2026-08-20 15:25:00,465810209.0,90832990.755
2026-08-20 15:30:00,465601413.0,91375166.59994882
2026-08-20 15:35:00,465513852.0,91380369.1476
2026-08-20 15:40:00,465610194.0,91073353.9464
2026-08-20 15:45:00,466221584.0,91217204.00163136
2026-08-20 15:50:00,466507336.0,91482088.5896
2026-08-20 15:55:00,466966683.0,91945739.8827
2026-08-20 16:00:00,467233074.0,91960696.8164115
2026-08-20 16:05:00,468049732.0,92486627.0432
2026-08-20 16:10:00,467406473.0,92172556.4756
2026-08-20 16:15:00,467588303.0,91676339.94573326
2026-08-20 16:20:00,468088616.0,92358344.82131048
2026-08-20 16:25:00,468036135.0,92199407.06844945
2026-08-20 16:30:00,468025001.0,92302917.20521791
2026-08-20 16:35:00,467537971.0,92151734.0841
2026-08-20 16:40:00,468116442.0,92593432.2276
2026-08-20 16:45:00,469080111.0,93018586.0113
2026-08-20 16:50:00,472443204.0,94093503.47747052
2026-08-20 16:55:00,472291913.0,94127778.2609
2026-08-20 17:00:00,472154263.0,94150237.15687121
2026-08-20 17:05:00,473955714.0,94743747.2286
2026-08-20 17:10:00,474544198.0,95475839.24409634
2026-08-20 17:15:00,474352708.0,94823106.3292
2026-08-20 17:20:00,474206075.0,95010003.9103355
2026-08-20 17:25:00,473249775.0,94839254.91
2026-08-20 17:30:00,473389860.0,95340717.804
2026-08-20 17:35:00,474090427.0,95244766.7843
2026-08-20 17:40:00,473719740.0,95702534.1054822
2026-08-20 17:45:00,473828318.0,95904187.75905676
2026-08-20 17:50:00,476107825.0,96607386.32946225
2026-08-20 17:55:00,475694087.0,96408073.87681514
2026-08-20 18:00:00,473396940.0,95058105.552
2026-08-20 18:05:00,469994320.0,93575869.112
2026-08-20 18:10:00,469106454.0,92976899.1828
2026-08-20 18:15:00,469041221.0,92924734.70406336
2026-08-20 18:20:00,468842896.0,93205967.7248
2026-08-20 18:25:00,468830450.0,93301155.5310395
2026-08-20 18:30:00,468738621.0,92821093.56968994
2026-08-20 18:35:00,467745038.0,91678027.448
2026-08-20 18:40:00,467498740.0,91731597.640509
2026-08-20 18:45:00,467065162.0,91753844.13046606
2026-08-20 18:50:00,466693826.0,91570854.31609984
2026-08-20 18:55:00,467878567.0,91902439.2808379
2026-08-20 19:00:00,465990913.0,90997680.3106314
2026-08-20 19:05:00,466120405.0,91005287.27654736
2026-08-20 19:10:00,466710426.0,91086455.04272497
2026-08-20 19:15:00,467187587.0,90890835.81638017
2026-08-20 19:20:00,467273944.0,90931509.5024
2026-08-20 19:25:00,467341571.0,91097396.9420028
2026-08-20 19:30:00,467413194.0,90865124.9136
2026-08-20 19:35:00,466757683.0,90317611.6605
2026-08-20 19:40:00,466359735.0,91126692.219
2026-08-20 19:45:00,466017982.0,91106515.481
2026-08-20 19:50:00,463341112.0,90266109.17282504
2026-08-20 19:55:00,463233759.0,90191612.8773
2026-08-20 20:00:00,463151078.0,90129199.7788
2026-08-20 20:05:00,463381064.0,90670773.69597824
2026-08-20 20:10:00,463877498.0,90885843.58537222
2026-08-20 20:15:00,464089604.0,90957947.12598483
2026-08-20 20:20:00,464284119.0,91231829.3835
2026-08-20 20:25:00,465137312.0,91399481.808
2026-08-20 20:30:00,465392073.0,91542620.7591
2026-08-20 20:35:00,466109893.0,91963481.8889
2026-08-20 20:40:00,466412712.0,91743380.4504
2026-08-20 20:45:00,466587049.0,91964307.3579
2026-08-20 20:50:00,466916128.0,92169243.6672
2026-08-20 20:55:00,469333395.0,92458678.815
2026-08-20 21:00:00,469430886.0,92947315.428
2026-08-20 21:05:00,468784030.0,92765065.2574932
2026-08-20 21:10:00,468629797.0,92788699.806
2026-08-20 21:15:00,468957040.0,92900389.624
2026-08-20 21:20:00,469158957.0,92752725.7989
2026-08-20 21:25:00,468600116.0,92368622.63946643
2026-08-20 21:30:00,469993765.0,92625003.52434385
2026-08-20 21:35:00,470083014.0,93143230.86745927
2026-08-20 21:40:00,469841586.0,92934665.7108
2026-08-20 21:45:00,470193868.0,93454233.28524108
2026-08-20 21:50:00,471039606.0,93361561.94633526
2026-08-20 21:55:00,471032430.0,93098189.0851287
2026-08-20 22:00:00,471208269.0,93128014.31329347
2026-08-20 22:05:00,471492224.0,92836818.9056
2026-08-20 22:10:00,468066123.0,91787766.7203
2026-08-20 22:15:00,466580362.0,91509729.8575351
2026-08-20 22:20:00,467086461.0,91502237.7099
2026-08-20 22:25:00,467043245.0,91820701.967
2026-08-20 22:30:00,466748782.0,91762810.5412
2026-08-20 22:35:00,466343752.0,91636547.268
2026-08-20 22:40:00,466399844.0,91717748.53052668
2026-08-20 22:45:00,465960191.0,91188409.3787
2026-08-20 22:50:00,465232216.0,91138991.1144
2026-08-20 22:55:00,465372414.0,91445679.351
2026-08-20 23:00:00,464869290.0,91114380.84
2026-08-20 23:05:00,465387020.0,91189980.401688
2026-08-20 23:10:00,465915017.0,91503174.76110752
2026-08-20 23:15:00,465927655.0,91741155.2695
2026-08-20 23:20:00,465724893.0,91887521.3889
2026-08-20 23:25:00,466798868.0,92379495.9772
2026-08-20 23:30:00,467394960.0,92890724.0293944
2026-08-20 23:35:00,467592962.0,92957480.8456
2026-08-20 23:40:00,468572634.0,93011667.849
2026-08-20 23:45:00,468020235.0,92936944.99763805
2026-08-20 23:50:00,468949296.0,93227120.0448
2026-08-20 23:55:00,470715079.0,94017716.153121
2026-08-21 00:00:00,470998817.0,93704051.27507201
2026-08-21 00:05:00,470527209.0,93423078.5362361
2026-08-21 00:10:00,470249457.0,93720716.7801
2026-08-21 00:15:00,470755632.0,94064333.18412817
2026-08-21 00:20:00,470396915.0,94032343.3085
2026-08-21 00:25:00,470106747.0,94021922.93023133
2026-08-21 00:30:00,470172683.0,93799450.2585
2026-08-21 00:35:00,470399374.0,94315074.487
2026-08-21 00:40:00,470449855.0,94423708.127137
2026-08-21 00:45:00,471177908.0,95341586.92700656
2026-08-21 00:50:00,471110774.0,95687257.48495486
2026-08-21 00:55:00,474464226.0,97376489.87134638
2026-08-21 01:00:00,475020560.0,97176172.0118336
2026-08-21 01:05:00,473202647.0,96249418.3998
2026-08-21 01:10:00,474269516.0,96693661.05029625
2026-08-21 01:15:00,474465100.0,96823656.449108
2026-08-21 01:20:00,474275933.0,97131711.0784
2026-08-21 01:25:00,474301733.0,96806985.25861326
2026-08-21 01:30:00,474919664.0,97511051.5700936
2026-08-21 01:35:00,476082634.0,97834981.287
2026-08-21 01:40:00,475763741.0,97613169.90185632
2026-08-21 01:45:00,475329719.0,98177010.08393534
2026-08-21 01:50:00,474282923.0,98461134.8148
2026-08-21 01:55:00,474657556.0,98443977.1144
2026-08-21 02:00:00,474745962.0,98889954.18645036
2026-08-21 02:05:00,474387156.0,98884811.95643844
2026-08-21 02:10:00,476111688.0,99745398.636
2026-08-21 02:15:00,476546491.0,98990119.46915945
2026-08-21 02:20:00,475910190.0,98789289.7080411
2026-08-21 02:25:00,476354601.0,98749671.16145886
2026-08-21 02:30:00,474901686.0,99017001.531
2026-08-21 02:35:00,475343184.0,98491107.7248
2026-08-21 02:40:00,475385852.0,98457130.53071035
2026-08-21 02:45:00,475197096.0,97866913.2007644
2026-08-21 02:50:00,476118013.0,97924715.3113516
2026-08-21 02:55:00,475914048.0,97751389.1041632
2026-08-21 03:00:00,475602900.0,97422317.306898
2026-08-21 03:05:00,475743484.0,97592533.98808992
2026-08-21 03:10:00,475824812.0,97569728.65911868
2026-08-21 03:15:00,476273713.0,97683738.5363
2026-08-21 03:20:00,476390287.0,97802925.9211
2026-08-21 03:25:00,476423255.0,97940319.9795559
2026-08-21 03:30:00,476383202.0,97992024.6514
2026-08-21 03:35:00,476327980.0,98463119.0438228
2026-08-21 03:40:00,476038039.0,98159043.6418
2026-08-21 03:45:00,481801762.0,100274803.81356283
2026-08-21 03:50:00,481713531.0,100163638.65935075
2026-08-21 03:55:00,482237659.0,101077013.3264
2026-08-21 04:00:00,481284702.0,100183338.00446832
2026-08-21 04:05:00,479634021.0,100387400.5953
2026-08-21 04:10:00,479650711.0,99747183.37210956
2026-08-21 04:15:00,479193448.0,99342830.02397583
2026-08-21 04:20:00,479207394.0,99579296.4732
2026-08-21 04:25:00,478976340.0,99392303.6771856
2026-08-21 04:30:00,478556396.0,99204740.8908
2026-08-21 04:35:00,478619819.0,99313612.4425
2026-08-21 04:40:00,478651601.0,99415937.5277
2026-08-21 04:45:00,478653759.0,99607847.2479
2026-08-21 04:50:00,478416278.0,99271377.685
2026-08-21 04:55:00,478771596.0,99589006.78415027
2026-08-21 05:00:00,479052013.0,99642818.704
2026-08-21 05:05:00,478455813.0,98840057.3340038
2026-08-21 05:10:00,478123107.0,99115417.32913128
2026-08-21 05:15:00,478370732.0,99323335.34086683
2026-08-21 05:20:00,478823567.0,99618725.98489764
2026-08-21 05:25:00,479201681.0,99338508.4713
2026-08-21 05:30:00,479195612.0,99233394.30261125
2026-08-21 05:35:00,478870647.0,99313476.7180964
2026-08-21 05:40:00,478754907.0,99609769.88816535
2026-08-21 05:45:00,478736889.0,99690144.70831953
2026-08-21 05:50:00,479050883.0,99690488.7523
2026-08-21 05:55:00,479483279.0,100116108.6552
2026-08-21 06:00:00,479577801.0,100115486.77114755
2026-08-21 06:05:00,479950800.0,100453702.44
2026-08-21 06:10:00,479982560.0,100959042.0881888
2026-08-21 06:15:00,481740276.0,100890018.13979425
2026-08-21 06:20:00,482093740.0,101224996.0037422
2026-08-21 06:25:00,481523877.0,100376888.00110345
2026-08-21 06:30:00,481658081.0,100492366.5503296
2026-08-21 06:35:00,481970514.0,101053615.40026182
2026-08-21 06:40:00,482140256.0,101201239.7344
2026-08-21 06:45:00,482012064.0,100403112.9312
2026-08-21 06:50:00,479296932.0,99597902.4696
2026-08-21 06:55:00,479230593.0,99248655.8103
2026-08-21 07:00:00,479120208.0,99321619.1184
2026-08-21 07:05:00,479425550.0,99875320.910095
2026-08-21 07:10:00,479254631.0,100351189.48819204
2026-08-21 07:15:00,479230204.0,100254958.6768
2026-08-21 07:20:00,479067129.0,100677993.19464825
2026-08-21 07:25:00,478190669.0,100500763.85683389
2026-08-21 07:30:00,477884215.0,100785780.9435
2026-08-21 07:35:00,477905333.0,100135408.8424234
2026-08-21 07:40:00,477974278.0,100661382.9468
2026-08-21 07:45:00,478303639.0,100922627.44425763
2026-08-21 07:50:00,477310534.0,100282943.1934
2026-08-21 07:55:00,476014851.0,99723373.83029385
2026-08-21 08:00:00,475895576.0,99782248.47155032
2026-08-21 08:05:00,476516545.0,100259081.068
2026-08-21 08:10:00,477735927.0,101581434.45242211
2026-08-21 08:15:00,477190912.0,101571402.66611712
2026-08-21 08:20:00,476980112.0,101630762.99838336
2026-08-21 08:25:00,477350459.0,101293767.3998
2026-08-21 08:30:00,478753546.0,102022380.6526
2026-08-21 08:35:00,478724970.0,102112036.101
2026-08-21 08:40:00,478896768.0,102327261.2191872
2026-08-21 08:45:00,479644928.0,102554085.96444929
2026-08-21 08:50:00,479536561.0,102860592.3345
2026-08-21 08:55:00,480291063.0,103962146.49281265
2026-08-21 09:00:00,478885481.0,104308287.80066109
2026-08-21 09:05:00,475474766.0,100500906.34476595
2026-08-21 09:10:00,470311495.0,99054693.1443446
2026-08-21 09:15:00,470836551.0,99301683.91297929
2026-08-21 09:20:00,469373676.0,98427659.8572
2026-08-21 09:25:00,468847387.0,98323054.49981236
2026-08-21 09:30:00,468580605.0,98917885.83997156
2026-08-21 09:35:00,468929207.0,99774090.81985036
2026-08-21 09:40:00,469744675.0,100488729.7602435
2026-08-21 09:45:00,468646245.0,100315050.3246609
2026-08-21 09:50:00,470398352.0,101088605.8448
2026-08-21 09:55:00,473162993.0,102638511.70993008
2026-08-21 10:00:00,471805863.0,101792846.24133766
2026-08-21 10:05:00,471080539.0,101246725.75027855
2026-08-21 10:10:00,470540465.0,100496851.45813285
2026-08-21 10:15:00,471114339.0,100765920.45262794
2026-08-21 10:20:00,471055992.0,101431723.64665297
2026-08-21 10:25:00,470922420.0,100580735.9681838
2026-08-21 10:30:00,469882919.0,100320003.2065
2026-08-21 10:35:00,470161959.0,100182956.5152462
2026-08-21 10:40:00,469833580.0,100124899.9064328
2026-08-21 10:45:00,469960695.0,100210767.00719985
2026-08-21 10:50:00,469691364.0,100329969.09180756
2026-08-21 10:55:00,469570351.0,100815073.29784343
2026-08-21 11:00:00,469582543.0,100630632.67059201
2026-08-21 11:05:00,469025395.0,100426202.62537415
2026-08-21 11:10:00,469266900.0,100657750.05
2026-08-21 11:15:00,469073995.0,100355937.35473605
2026-08-21 11:20:00,469810726.0,100243805.88927013
2026-08-21 11:25:00,469271542.0,100669801.79652952
2026-08-21 11:30:00,471959514.0,101258068.92116994
2026-08-21 11:35:00,476924088.0,100964490.81349751
2026-08-21 11:40:00,475160563.0,101502397.74439915
2026-08-21 11:45:00,475069910.0,101025763.6774932
2026-08-21 11:50:00,474948210.0,100519606.493493
2026-08-21 11:55:00,475350046.0,101202024.7934
2026-08-21 12:00:00,475180209.0,100500614.2035
2026-08-21 12:05:00,475183658.0,100511593.37850305
2026-08-21 12:10:00,476443572.0,101958924.408
2026-08-21 12:15:00,476113724.0,102287010.7627914
2026-08-21 12:20:00,476380431.0,102222656.11723338
2026-08-21 12:25:00,476538673.0,102393035.49021898
2026-08-21 12:30:00,476251228.0,102305350.32888325
2026-08-21 12:35:00,476129906.0,102320316.7994
2026-08-21 12:40:00,475185365.0,102807784.02569865
2026-08-21 12:45:00,475500223.0,103358080.74785215
2026-08-21 12:50:00,475587418.0,102870928.20516384
2026-08-21 12:55:00,475076264.0,102283919.6392
2026-08-21 13:00:00,475235097.0,102565333.6815594
2026-08-21 13:05:00,475778189.0,102494273.71844861
2026-08-21 13:10:00,476081100.0,102267261.978849
2026-08-21 13:15:00,476145294.0,102098873.57892612
2026-08-21 13:20:00,476559723.0,102252460.32823017
2026-08-21 13:25:00,476658978.0,102386348.4744
2026-08-21 13:30:00,476100574.0,102657077.14320718
2026-08-21 13:35:00,476150572.0,101705762.1792
2026-08-21 13:40:00,476675265.0,102539875.6949061
2026-08-21 13:45:00,476604651.0,103074124.95642155
2026-08-21 13:50:00,477168925.0,103446324.46988276
2026-08-21 13:55:00,476973694.0,103081947.34593122
2026-08-21 14:00:00,477168932.0,103879676.4964
2026-08-21 14:05:00,476934203.0,102874473.88934053
2026-08-21 14:10:00,476671455.0,103089468.6368352
2026-08-21 14:15:00,476755543.0,102639065.58095752
2026-08-21 14:20:00,475698002.0,101933443.15288368
2026-08-21 14:25:00,473585413.0,101773505.2537
2026-08-21 14:30:00,474171930.0,102459559.0314879
2026-08-21 14:35:00,473999881.0,102810574.1889
2026-08-21 14:40:00,474193662.0,102372616.97925036
2026-08-21 14:45:00,473847882.0,102749861.8123089
2026-08-21 14:50:00,473940101.0,103129365.9776
2026-08-21 14:55:00,474410362.0,103207319.56680045
2026-08-21 15:00:00,474499556.0,103244218.39704244
2026-08-21 15:05:00,474781044.0,103502267.592
2026-08-21 15:10:00,475546952.0,104294175.5629708
2026-08-21 15:15:00,474996497.0,104341183.75555319
2026-08-21 15:20:00,475286259.0,103663569.02778135
2026-08-21 15:25:00,475533586.0,103550462.74510697
2026-08-21 15:30:00,474913748.0,103474501.86076376
2026-08-21 15:35:00,475020967.0,103191217.76792236
2026-08-21 15:40:00,473943342.0,103382896.2949899
2026-08-21 15:45:00,475113528.0,103578640.28379431
2026-08-21 15:50:00,475469922.0,103341338.27133618
2026-08-21 15:55:00,474348777.0,103340751.75547032
2026-08-21 16:00:00,474123624.0,104081419.6102512
2026-08-21 16:05:00,472518737.0,103798436.66653325
2026-08-21 16:10:00,471136987.0,103273227.5504
2026-08-21 16:15:00,470824133.0,102409701.07096013
2026-08-21 16:20:00,470734644.0,102989213.06024244
2026-08-21 16:25:00,470678504.0,102749117.4232
2026-08-21 16:30:00,470099050.0,103092721.665
2026-08-21 16:35:00,470464827.0,103427519.19293451
2026-08-21 16:40:00,470426097.0,103272725.75110745
2026-08-21 16:45:00,469863714.0,102783754.02813078
2026-08-21 16:50:00,470378542.0,103213691.18622354
2026-08-21 16:55:00,470794129.0,103173163.3594346
2026-08-21 17:00:00,470888693.0,103006449.54060473
2026-08-21 17:05:00,470894876.0,103184849.12139753
2026-08-21 17:10:00,470598485.0,103872620.00836734
2026-08-21 17:15:00,471477929.0,103614559.23175305
2026-08-21 17:20:00,470573903.0,102607025.4806627
2026-08-21 17:25:00,470803205.0,101969773.72479016
2026-08-21 17:30:00,471519853.0,102871448.60742176
2026-08-21 17:35:00,472191543.0,103457167.0713
2026-08-21 17:40:00,472402959.0,103692449.5005
2026-08-21 17:45:00,471826650.0,103587479.1250395
2026-08-21 17:50:00,471488827.0,103791056.19988517
2026-08-21 17:55:00,471852847.0,103765909.82979673
2026-08-21 18:00:00,471609396.0,103398388.74572472
2026-08-21 18:05:00,471356062.0,103565628.05430453
2026-08-21 18:10:00,472281418.0,103556815.9278674
2026-08-21 18:15:00,473262968.0,104252751.83639872
2026-08-21 18:20:00,473251031.0,104565193.9002748
2026-08-21 18:25:00,473345191.0,104078832.92270584
2026-08-21 18:30:00,473203414.0,103998001.12183574
2026-08-21 18:35:00,473105278.0,103858705.82295845
2026-08-21 18:40:00,473757496.0,103381010.93993984
2026-08-21 18:45:00,474070387.0,102818556.77493246
2026-08-21 18:50:00,471815761.0,101346025.4628
2026-08-21 18:55:00,471884124.0,101879782.3716
2026-08-21 19:00:00,472120112.0,102175710.58571568
2026-08-21 19:05:00,471358890.0,101059346.016
2026-08-21 19:10:00,471356358.0,101862437.46420851
2026-08-21 19:15:00,472189723.0,102421468.73213635
2026-08-21 19:20:00,471756762.0,102229690.3254
2026-08-21 19:25:00,471535101.0,102731150.38594833
2026-08-21 19:30:00,471501387.0,102968500.3490241
2026-08-21 19:35:00,470799242.0,102479525.41708638
2026-08-21 19:40:00,470808913.0,102517317.83270447
2026-08-21 19:45:00,470626067.0,102084455.56388602
2026-08-21 19:50:00,470211229.0,102151612.10180438
2026-08-21 19:55:00,470114781.0,101900528.5507827
2026-08-21 20:00:00,470019277.0,101853177.3259
2026-08-21 20:05:00,470032955.0,102744315.620268
2026-08-21 20:10:00,470411429.0,102749258.86663896
2026-08-21 20:15:00,468755811.0,102843412.41341016
2026-08-21 20:20:00,469776876.0,103403687.45424984
2026-08-21 20:25:00,469622086.0,103149584.22918767
2026-08-21 20:30:00,468786583.0,102530235.5929203
2026-08-21 20:35:00,468771566.0,102757816.47181994
2026-08-21 20:40:00,468873739.0,102559744.34592482
2026-08-21 20:45:00,468842940.0,102394983.9712302
2026-08-21 20:50:00,468837679.0,102394149.0936
2026-08-21 20:55:00,469044353.0,102753954.4802971
2026-08-21 21:00:00,469196707.0,102800998.5037
2026-08-21 21:05:00,469198866.0,102801471.5406
2026-08-21 21:10:00,469003428.0,102488800.57243164
2026-08-21 21:15:00,469417735.0,103314379.31084014
2026-08-21 21:20:00,468972291.0,103544073.22873212
2026-08-21 21:25:00,468007730.0,103746423.2011229
2026-08-21 21:30:00,468189345.0,103734067.90185075
2026-08-21 21:35:00,467105877.0,104234171.97820283
2026-08-21 21:40:00,467327045.0,103699871.2855
2026-08-21 21:45:00,467433705.0,104611663.179
2026-08-21 21:50:00,468015788.0,105293578.88355772
2026-08-21 21:55:00,468027963.0,105211623.65892398
2026-08-21 22:00:00,469820543.0,106414352.9895
2026-08-21 22:05:00,469046743.0,106473610.661
2026-08-21 22:10:00,468814973.0,106877146.46342954
2026-08-21 22:15:00,469474286.0,107269705.43911114
2026-08-21 22:20:00,470412685.0,107724504.865
2026-08-21 22:25:00,470674780.0,107231542.9412214
2026-08-21 22:30:00,470128087.0,107236216.6447
2026-08-21 22:35:00,468931656.0,107618759.955774
2026-08-21 22:40:00,468628469.0,107737685.0231
2026-08-21 22:45:00,469193671.0,108636989.97685896
2026-08-21 22:50:00,470621151.0,108431113.1904
2026-08-21 22:55:00,471287959.0,109592675.17287453
2026-08-21 23:00:00,470815331.0,109028956.69695218
2026-08-21 23:05:00,471357244.0,109354880.608
2026-08-21 23:10:00,469641322.0,109093752.89914808
2026-08-21 23:15:00,467396965.0,107688260.736
2026-08-21 23:20:00,467921911.0,108277130.2054
2026-08-21 23:25:00,467480526.0,108632446.7851173
2026-08-21 23:30:00,467406393.0,108624895.17840526
2026-08-21 23:35:00,467547488.0,108658036.2112
2026-08-21 23:40:00,467211549.0,108094610.61415233
2026-08-21 23:45:00,467444078.0,108353537.2804
2026-08-21 23:50:00,466691482.0,107059170.64515942
2026-08-21 23:55:00,466402290.0,106946045.097
2026-08-22 00:00:00,466704484.0,106968667.7328
2026-08-22 00:05:00,467310955.0,106874015.4085
2026-08-22 00:10:00,467317461.0,106267990.6314
2026-08-22 00:15:00,467122315.0,106270326.6625
2026-08-22 00:20:00,467109618.0,106698370.0730859
2026-08-22 00:25:00,467248298.0,107150384.2812007
2026-08-22 00:30:00,467611282.0,106996134.13459414
2026-08-22 00:35:00,467668648.0,107704089.6344
2026-08-22 00:40:00,467536191.0,107516039.11701873
2026-08-22 00:45:00,466929377.0,106646669.7068
2026-08-22 00:50:00,466555889.0,106499369.10106967
2026-08-22 00:55:00,466233922.0,106441204.3926
2026-08-22 01:00:00,466589081.0,106988876.2733
2026-08-22 01:05:00,466671939.0,107505324.56607705
2026-08-22 01:10:00,466862055.0,107284900.239
2026-08-22 01:15:00,466676103.0,107222862.07901889
2026-08-22 01:20:00,467029888.0,107375784.95045376
2026-08-22 01:25:00,466900129.0,107619116.38612331
2026-08-22 01:30:00,466786920.0,108294565.44
2026-08-22 01:35:00,466199387.0,108190094.54013823
2026-08-22 01:40:00,466188221.0,107973196.54041839
2026-08-22 01:45:00,465765106.0,108037322.98995702
2026-08-22 01:50:00,465731379.0,107723667.9627
2026-08-22 01:55:00,463715623.0,106979194.2261
2026-08-22 02:00:00,463748382.0,106689711.61376137
2026-08-22 02:05:00,463676491.0,107619313.5611
2026-08-22 02:10:00,463787938.0,107820390.21701764
2026-08-22 02:15:00,463808521.0,107531691.1893302
2026-08-22 02:20:00,463763768.0,107880352.06350791
2026-08-22 02:25:00,463589350.0,108245623.7501905
2026-08-22 02:30:00,464055630.0,108656560.7169465
2026-08-22 02:35:00,463427527.0,109229868.1139
2026-08-22 02:40:00,463354794.0,108955878.11638992
2026-08-22 02:45:00,463829125.0,110163197.39486875
2026-08-22 02:50:00,464350688.0,110794074.1568
2026-08-22 02:55:00,464382994.0,111405480.2606
2026-08-22 03:00:00,465702907.0,112932954.9475
2026-08-22 03:05:00,464462618.0,112028383.4616
2026-08-22 03:10:00,464504732.0,112101068.34037451
2026-08-22 03:15:00,464138821.0,111475780.58432707
2026-08-22 03:20:00,465358379.0,113454372.8002
2026-08-22 03:25:00,465819879.0,114358780.2945
2026-08-22 03:30:00,463756668.0,115154671.58284453
2026-08-22 03:35:00,460280200.0,113524963.013432
2026-08-22 03:40:00,459361600.0,113232634.4
2026-08-22 03:45:00,460032241.0,112293870.0281
2026-08-22 03:50:00,459901817.0,113128502.34998251
2026-08-22 03:55:00,459388658.0,112296349.25592946
2026-08-22 04:00:00,459226443.0,112041351.16988891
2026-08-22 04:05:00,457739325.0,112133331.65607975
2026-08-22 04:10:00,457764385.0,113571343.9185
2026-08-22 04:15:00,458357463.0,113393286.53387614
2026-08-22 04:20:00,457955142.0,112433299.6406472
2026-08-22 04:25:00,458869825.0,113616168.67
2026-08-22 04:30:00,459498361.0,114295741.78471386
2026-08-22 04:35:00,459948981.0,116367092.193
2026-08-22 04:40:00,458257153.0,115378638.70631018
2026-08-22 04:45:00,463071050.0,118824031.43
2026-08-22 04:50:00,462001456.0,117991129.34966
2026-08-22 04:55:00,460493015.0,116919176.5085
2026-08-22 05:00:00,461054396.0,117339099.91120943
2026-08-22 05:05:00,462700884.0,118365146.47016051
2026-08-22 05:10:00,457217621.0,109644763.3091027
2026-08-22 05:15:00,444165197.0,102513327.4676
2026-08-22 05:20:00,439912052.0,99978046.61106952
2026-08-22 05:25:00,442260057.0,100525710.9561
2026-08-22 05:30:00,442866527.0,101852268.48955125
2026-08-22 05:35:00,446858572.0,103671769.6201436
2026-08-22 05:40:00,447931862.0,103382673.7496
2026-08-22 05:45:00,446066535.0,102762296.97870795
2026-08-22 05:50:00,444029369.0,103858469.4091
2026-08-22 05:55:00,441982012.0,102621094.01654644
2026-08-22 06:00:00,440266343.0,102361924.7475
2026-08-22 06:05:00,439732444.0,102321949.22513272
2026-08-22 06:10:00,439276913.0,102246753.1852495
2026-08-22 06:15:00,439776268.0,101197875.74174424
2026-08-22 06:20:00,439547928.0,101887209.7104
2026-08-22 06:25:00,439613189.0,102254027.7614
2026-08-22 06:30:00,438897693.0,101912044.3146
2026-08-22 06:35:00,440799298.0,101503176.13394754
2026-08-22 06:40:00,438792612.0,102677471.208
2026-08-22 06:45:00,439689282.0,102755385.2034
2026-08-22 06:50:00,439381207.0,103169044.91162124
2026-08-22 06:55:00,439075408.0,102436292.6864
2026-08-22 07:00:00,438937869.0,102701062.90788339
2026-08-22 07:05:00,438859875.0,103175956.6125
2026-08-22 07:10:00,440036325.0,102711444.03002475
2026-08-22 07:15:00,440565677.0,102669368.094542
2026-08-22 07:20:00,440573733.0,102361724.79335289
2026-08-22 07:25:00,440976650.0,103497219.755
2026-08-22 07:30:00,439791893.0,103439053.2336
2026-08-22 07:35:00,440390890.0,103788396.3557815
2026-08-22 07:40:00,440056927.0,103218837.47871184
2026-08-22 07:45:00,440196831.0,103134767.60541609
2026-08-22 07:50:00,440470457.0,102779314.77051602
2026-08-22 07:55:00,441112353.0,102999734.4255
2026-08-22 08:00:00,441466223.0,102190976.54632954
2026-08-22 08:05:00,443269309.0,102168713.06018028
2026-08-22 08:10:00,444202058.0,103139431.3177403
2026-08-22 08:15:00,445130675.0,103759960.3425
2026-08-22 08:20:00,446169285.0,103473126.6461325
2026-08-22 08:25:00,445940435.0,102967646.4415
2026-08-22 08:30:00,446041295.0,101832815.5555102
2026-08-22 08:35:00,447731174.0,101284546.26273368
2026-08-22 08:40:00,447265331.0,101126691.3391
2026-08-22 08:45:00,447743366.0,101711850.08650666
2026-08-22 08:50:00,448230992.0,101615476.42484304
2026-08-22 08:55:00,448369975.0,101735147.3275
2026-08-22 09:00:00,448876851.0,101960837.05705106
2026-08-22 09:05:00,449563388.0,100741477.26520956
2026-08-22 09:10:00,449221973.0,101299554.9115
2026-08-22 09:15:00,450378319.0,101971853.13105263
2026-08-22 09:20:00,450938267.0,102448177.86640164
2026-08-22 09:25:00,451023204.0,102143802.31958112
2026-08-22 09:30:00,451031669.0,102314779.59945759
2026-08-22 09:35:00,450909041.0,102119034.36963129
2026-08-22 09:40:00,451261098.0,101985008.148
2026-08-22 09:45:00,451437713.0,102476360.851
2026-08-22 09:50:00,451749295.0,101638825.41993774
2026-08-22 09:55:00,452060096.0,101803933.6192
2026-08-22 10:00:00,452159710.0,102188094.46
2026-08-22 10:05:00,449291242.0,100057159.5934
2026-08-22 10:10:00,451275576.0,99957540.084
2026-08-22 10:15:00,453793627.0,100181341.6503907
2026-08-22 10:20:00,455275296.0,100115037.5904
2026-08-22 10:25:00,456532128.0,99569657.1168
2026-08-22 10:30:00,457429656.0,101320668.804
2026-08-22 10:35:00,457683421.0,101879423.30142643
2026-08-22 10:40:00,457330529.0,102213373.2315
2026-08-22 10:45:00,457839283.0,102372121.97916155
2026-08-22 10:50:00,458135408.0,101980941.8208
2026-08-22 10:55:00,458425653.0,101816337.5313
2026-08-22 11:00:00,458575510.0,102124766.077
2026-08-22 11:05:00,458815153.0,101981527.69188797
2026-08-22 11:10:00,459447546.0,102181134.2304
2026-08-22 11:15:00,459758940.0,102526243.62
2026-08-22 11:20:00,459735677.0,102015346.7263
2026-08-22 11:25:00,460113156.0,102132186.85118484
2026-08-22 11:30:00,459569813.0,102333963.60667793
2026-08-22 11:35:00,458916935.0,102647093.55461815
2026-08-22 11:40:00,457565340.0,102395989.6483494
2026-08-22 11:45:00,457140578.0,102536631.6454
2026-08-22 11:50:00,457329925.0,102246948.02627175
2026-08-22 11:55:00,458049306.0,102491825.59201014
2026-08-22 12:00:00,458323574.0,102698006.9454381
2026-08-22 12:05:00,458781629.0,102842398.48821664
2026-08-22 12:10:00,458161018.0,103223677.3554
2026-08-22 12:15:00,457382454.0,103650374.29629467
2026-08-22 12:20:00,456098617.0,103534386.059
2026-08-22 12:25:00,456506692.0,103718320.4224
2026-08-22 12:30:00,455906664.0,103354040.7288
2026-08-22 12:35:00,455696650.0,103124151.895
2026-08-22 12:40:00,455442091.0,103159291.42071123
2026-08-22 12:45:00,455455665.0,103570618.221
2026-08-22 12:50:00,455378067.0,103370821.209
2026-08-22 12:55:00,455554586.0,103274224.6462
2026-08-22 13:00:00,455715840.0,102900636.672
2026-08-22 13:05:00,453975635.0,102480219.23781344
2026-08-22 13:10:00,454295222.0,102899407.84380259
2026-08-22 13:15:00,454656465.0,102964872.06830566
2026-08-22 13:20:00,454924529.0,102676466.1953
2026-08-22 13:25:00,454668769.0,103159687.87790544
2026-08-22 13:30:00,455139699.0,103043627.8536
2026-08-22 13:35:00,455484530.0,102843820.1447829
2026-08-22 13:40:00,455584042.0,102627972.93992686
2026-08-22 13:45:00,455662742.0,102888647.1436
2026-08-22 13:50:00,455818684.0,103226144.12386829
2026-08-22 13:55:00,456150689.0,103683051.6097
2026-08-22 14:00:00,455981768.0,103371066.8056
2026-08-22 14:05:00,455795878.0,102827550.0768
2026-08-22 14:10:00,455177114.0,102481238.2320769
2026-08-22 14:15:00,456051717.0,102794057.0118
2026-08-22 14:20:00,455896615.0,102439969.3905
2026-08-22 14:25:00,456223674.0,102604704.2826
2026-08-22 14:30:00,456671030.0,102568313.338
2026-08-22 14:35:00,457308708.0,103306037.1372
2026-08-22 14:40:00,457718461.0,102864401.7012515
2026-08-22 14:45:00,457736101.0,102624433.8442
2026-08-22 14:50:00,458052305.0,102435872.21387886
2026-08-22 14:55:00,458176123.0,102241351.23735534
2026-08-22 15:00:00,458534768.0,102955196.62824512
2026-08-22 15:05:00,458689564.0,102849621.6189436
2026-08-22 15:10:00,458183482.0,102350318.28657924
2026-08-22 15:15:00,457920990.0,101924122.6423485
2026-08-22 15:20:00,457619871.0,101683135.3362
2026-08-22 15:25:00,458634699.0,102000357.0576
2026-08-22 15:30:00,458571039.0,102375021.4575681
2026-08-22 15:35:00,459486476.0,103292559.8048
2026-08-22 15:40:00,459677362.0,102870976.19684625
2026-08-22 15:45:00,459702093.0,102801524.1300552
2026-08-22 15:50:00,459838124.0,102632153.78475808
2026-08-22 15:55:00,459942800.0,102504880.755748
2026-08-22 16:00:00,460071343.0,102368933.29193094
2026-08-22 16:05:00,461003163.0,103126407.5631
2026-08-22 16:10:00,461652932.0,103225595.5952
2026-08-22 16:15:00,461692410.0,103347976.1242395
2026-08-22 16:20:00,461743874.0,104307941.1366
2026-08-22 16:25:00,461683559.0,104565522.75116336
2026-08-22 16:30:00,462233959.0,104511098.1299
2026-08-22 16:35:00,462409992.0,104414465.1230604
2026-08-22 16:40:00,462299802.0,104757135.1332
2026-08-22 16:45:00,461464102.0,104975187.55421478
2026-08-22 16:50:00,461410245.0,104970830.7375
2026-08-22 16:55:00,460450923.0,104473063.64518362
2026-08-22 17:00:00,460435674.0,104328332.88124488
2026-08-22 17:05:00,460677784.0,104323699.71773233
2026-08-22 17:10:00,460943373.0,104338409.01231693
2026-08-22 17:15:00,460946944.0,104542766.8992
2026-08-22 17:20:00,461169018.0,105100419.2022
2026-08-22 17:25:00,461275322.0,105124645.8838
2026-08-22 17:30:00,461056455.0,104074988.22465526
2026-08-22 17:35:00,461106809.0,104702794.57087179
2026-08-22 17:40:00,460943140.0,104634092.78
2026-08-22 17:45:00,460972824.0,105147444.79130425
2026-08-22 17:50:00,460872963.0,105309472.0455
2026-08-22 17:55:00,460304323.0,105087476.9409
2026-08-22 18:00:00,460096484.0,105027328.6342416
2026-08-22 18:05:00,460304922.0,105271735.6614
2026-08-22 18:10:00,460317959.0,104998526.4479
2026-08-22 18:15:00,459934073.0,105002948.8659
2026-08-22 18:20:00,460280678.0,105358247.1942
2026-08-22 18:25:00,457432174.0,105072170.3678
2026-08-22 18:30:00,457226621.0,104750618.8711
2026-08-22 18:35:00,457402833.0,105111171.0234
2026-08-22 18:40:00,457173468.0,104689779.97486608
2026-08-22 18:45:00,457423685.0,104475569.654
2026-08-22 18:50:00,456871459.0,104250994.57361469
2026-08-22 18:55:00,457402782.0,104379314.8524
2026-08-22 19:00:00,457418067.0,104933323.82975718
2026-08-22 19:05:00,457617046.0,105107679.6871008
2026-08-22 19:10:00,457154039.0,104716673.33990268
2026-08-22 19:15:00,457513193.0,105074977.92641377
2026-08-22 19:20:00,457959355.0,105128961.77046445
2026-08-22 19:25:00,458200585.0,104927933.965
2026-08-22 19:30:00,458184274.0,105015835.6008
2026-08-22 19:35:00,458080601.0,105541770.4704
2026-08-22 19:40:00,457958566.0,105376266.0366
2026-08-22 19:45:00,457630774.0,105804234.9488
2026-08-22 19:50:00,457381195.0,105970635.34811415
2026-08-22 19:55:00,457358898.0,105776621.29427987
2026-08-22 20:00:00,457377081.0,105780067.3591074
2026-08-22 20:05:00,457058434.0,105946145.0012
2026-08-22 20:10:00,456443166.0,106077391.7784
2026-08-22 20:15:00,456439466.0,106852478.9906
2026-08-22 20:20:00,455797894.0,105833923.6276459
2026-08-22 20:25:00,455737045.0,105524354.1490561
2026-08-22 20:30:00,455491683.0,105246290.88699372
2026-08-22 20:35:00,455562315.0,105189338.5335
2026-08-22 20:40:00,455925733.0,105832380.83162189
2026-08-22 20:45:00,455363792.0,105553326.9856
2026-08-22 20:50:00,455303524.0,105342674.84690247
2026-08-22 20:55:00,455266399.0,105257591.4488
2026-08-22 21:00:00,455266039.0,105075401.8012
2026-08-22 21:05:00,453091510.0,103122540.256376
2026-08-22 21:10:00,452973517.0,103459151.2828
2026-08-22 21:15:00,452217082.0,102566126.33795696
2026-08-22 21:20:00,452275870.0,103164125.947
2026-08-22 21:25:00,452107117.0,103038928.28480174
2026-08-22 21:30:00,451966650.0,103146802.8987045
2026-08-22 21:35:00,452201428.0,102694944.2988
2026-08-22 21:40:00,451159505.0,101863014.10705745
2026-08-22 21:45:00,450946647.0,102004131.5514
2026-08-22 21:50:00,451608480.0,101566747.152
2026-08-22 21:55:00,451607389.0,101212947.39339969
2026-08-22 22:00:00,452241812.0,101124977.5460584
2026-08-22 22:05:00,451930807.0,101322886.9294
2026-08-22 22:10:00,451310031.0,102131460.0153
2026-08-22 22:15:00,451177681.0,102236862.5146
2026-08-22 22:20:00,451109715.0,101921473.458525
2026-08-22 22:25:00,451522178.0,102179468.8814
2026-08-22 22:30:00,451486792.0,102487501.784
2026-08-22 22:35:00,451044227.0,102253850.67920917
2026-08-22 22:40:00,451270381.0,102326028.21294624
2026-08-22 22:45:00,451276406.0,102261801.36235014
2026-08-22 22:50:00,451807103.0,102650573.8016
2026-08-22 22:55:00,452023279.0,102773621.91631325
2026-08-22 23:00:00,452092443.0,102604473.1268611
2026-08-22 23:05:00,452314003.0,102675278.681
2026-08-22 23:10:00,452184195.0,102419720.1675
2026-08-22 23:15:00,452155752.0,102314395.88659512
2026-08-22 23:20:00,452847240.0,102458689.6348008
2026-08-22 23:25:00,452845441.0,102228205.41989034
2026-08-22 23:30:00,453725498.0,102315099.799
2026-08-22 23:35:00,453683779.0,101942745.1413
2026-08-22 23:40:00,453704378.0,102446448.5524
2026-08-22 23:45:00,453711957.0,102553212.35712378
2026-08-22 23:50:00,453931814.0,102906342.2338
2026-08-22 23:55:00,454063321.0,102971140.44958305
2026-08-23 00:00:00,454187085.0,102734402.5882317
2026-08-23 00:05:00,454187445.0,102873456.2925
2026-08-23 00:10:00,453942899.0,102454912.3043
2026-08-23 00:15:00,454520571.0,102585292.8747
2026-08-23 00:20:00,454655222.0,102712734.30908813
2026-08-23 00:25:00,454492270.0,102851600.701
2026-08-23 00:30:00,454498613.0,103216635.0123
2026-08-23 00:35:00,453580643.0,102974780.4899752
2026-08-23 00:40:00,453165213.0,103366985.0853
2026-08-23 00:45:00,452978799.0,103070216.11159728
2026-08-23 00:50:00,453478544.0,103529151.5952
2026-08-23 00:55:00,454126825.0,103949630.2425
2026-08-23 01:00:00,453514636.0,103799844.85379957
2026-08-23 01:05:00,453764303.0,103203935.26745456
2026-08-23 01:10:00,453676595.0,103337025.72782575
2026-08-23 01:15:00,454372704.0,103705617.0255264
2026-08-23 01:20:00,454079410.0,103148883.1113345
2026-08-23 01:25:00,453723398.0,103267445.3848
2026-08-23 01:30:00,453751934.0,103033497.0285734
2026-08-23 01:35:00,454071189.0,103119567.0219
2026-08-23 01:40:00,454019320.0,102913907.7017804
2026-08-23 01:45:00,452897438.0,102943587.6574
2026-08-23 01:50:00,453289958.0,102941510.32295921
2026-08-23 01:55:00,452798081.0,102617289.49846925
2026-08-23 02:00:00,453945461.0,102727857.8243
2026-08-23 02:05:00,453734410.0,102283932.3949408
2026-08-23 02:10:00,454718981.0,102311770.725
2026-08-23 02:15:00,456222043.0,101737515.589
2026-08-23 02:20:00,457025176.0,102150181.53444657
2026-08-23 02:25:00,455980939.0,101361379.99274579
2026-08-23 02:30:00,456281871.0,101516328.351306
2026-08-23 02:35:00,456163663.0,102180660.512
2026-08-23 02:40:00,457695289.0,102303611.60980256
2026-08-23 02:45:00,458085549.0,102427750.1030359
2026-08-23 02:50:00,457982447.0,102725462.8621
2026-08-23 02:55:00,458171951.0,102384387.0519228
2026-08-23 03:00:00,458581684.0,102447148.2056
2026-08-23 03:05:00,458422647.0,102268582.30548306
2026-08-23 03:10:00,458696128.0,101834173.28933376
2026-08-23 03:15:00,459589700.0,102256405.705603
2026-08-23 03:20:00,459698630.0,102320773.7752627
2026-08-23 03:25:00,459425404.0,101670841.9052
2026-08-23 03:30:00,459087569.0,101550170.2628
2026-08-23 03:35:00,459942220.0,101233282.622
2026-08-23 03:40:00,455801920.0,99791813.798656
2026-08-23 03:45:00,455619743.0,99475039.31902644
2026-08-23 03:50:00,456925476.0,100728229.65591708
2026-08-23 03:55:00,457216901.0,100490829.38650909
2026-08-23 04:00:00,457580124.0,100479630.4860546
2026-08-23 04:05:00,457671755.0,99915588.58481134
2026-08-23 04:10:00,457940859.0,100105871.7774
2026-08-23 04:15:00,457709835.0,100965525.9378975
2026-08-23 04:20:00,457695112.0,100280999.0392
2026-08-23 04:25:00,457696463.0,100413042.97017455
2026-08-23 04:30:00,457793105.0,100577145.1685
2026-08-23 04:35:00,457979288.0,100251666.1432
2026-08-23 04:40:00,456964601.0,100029551.1589
2026-08-23 04:45:00,457233995.0,99951099.82830276
2026-08-23 04:50:00,454518554.0,97905664.57326634
2026-08-23 04:55:00,455196913.0,98868769.5036
2026-08-23 05:00:00,455637813.0,98375288.49469401
2026-08-23 05:05:00,456646434.0,98863952.961
2026-08-23 05:10:00,456911319.0,98594339.3927368
2026-08-23 05:15:00,457235386.0,98407292.56749254
2026-08-23 05:20:00,455360428.0,98820211.76577836
2026-08-23 05:25:00,455739450.0,99593703.6187395
2026-08-23 05:30:00,455624276.0,99272009.5664388
2026-08-23 05:35:00,455679452.0,99292552.5908
2026-08-23 05:40:00,455490725.0,98704840.1075
2026-08-23 05:45:00,455442007.0,98603194.5155
2026-08-23 05:50:00,455793038.0,98621512.1180411
2026-08-23 05:55:00,455751080.0,98382343.0305772
2026-08-23 06:00:00,456497679.0,98100826.24476916
2026-08-23 06:05:00,455578108.0,98040408.8416
2026-08-23 06:10:00,455714309.0,97425990.93533587
2026-08-23 06:15:00,456093194.0,98167989.40808786
2026-08-23 06:20:00,455887473.0,98823087.67331368
2026-08-23 06:25:00,455635526.0,98269816.29072063
2026-08-23 06:30:00,455628292.0,98311586.33842924
2026-08-23 06:35:00,455845742.0,98834276.60396355
2026-08-23 06:40:00,455959997.0,98578551.3514
2026-08-23 06:45:00,456033426.0,98584699.50822341
2026-08-23 06:50:00,456112714.0,98387471.46815751
2026-08-23 06:55:00,456453924.0,98457111.4068
2026-08-23 07:00:00,456291073.0,98376355.3388
2026-08-23 07:05:00,456227197.0,98453829.1126
2026-08-23 07:10:00,456286695.0,98831698.137
2026-08-23 07:15:00,457344708.0,99357918.28754015
2026-08-23 07:20:00,458317872.0,99695017.62628128
2026-08-23 07:25:00,458222141.0,99450508.14077678
2026-08-23 07:30:00,458321941.0,99639189.9734
2026-08-23 07:35:00,458227708.0,99443427.03861292
2026-08-23 07:40:00,456962766.0,99298009.0518
2026-08-23 07:45:00,456939758.0,99157307.44406916
2026-08-23 07:50:00,456899277.0,99421282.6752
2026-08-23 07:55:00,456853635.0,99450663.23129176
2026-08-23 08:00:00,457090051.0,99554213.1078
2026-08-23 08:05:00,457780423.0,99750354.1717
2026-08-23 08:10:00,456763021.0,100168130.5053
2026-08-23 08:15:00,456705566.0,100222652.64083502
2026-08-23 08:20:00,456700123.0,100245676.9985
2026-08-23 08:25:00,456099450.0,100016611.6772325
2026-08-23 08:30:00,455993022.0,99999269.7246
2026-08-23 08:35:00,455904371.0,100169206.67696969
2026-08-23 08:40:00,455837015.0,100358854.9867585
2026-08-23 08:45:00,455345190.0,100302072.41763
2026-08-23 08:50:00,455056936.0,100067020.2264
2026-08-23 08:55:00,455356580.0,100087376.284
2026-08-23 09:00:00,455457528.0,100154035.52743392
2026-08-23 09:05:00,455127647.0,100446671.6929
2026-08-23 09:10:00,454745902.0,100133437.81990692
2026-08-23 09:15:00,454753222.0,100095299.6788591
2026-08-23 09:20:00,455993878.0,100361297.70747057
2026-08-23 09:25:00,455965991.0,100394901.95525388
2026-08-23 09:30:00,456004480.0,100594588.288
2026-08-23 09:35:00,455946450.0,100075558.645494
2026-08-23 09:40:00,455242788.0,99880267.6872
2026-08-23 09:45:00,456131605.0,100312398.7131753
2026-08-23 09:50:00,456117580.0,100300255.842
2026-08-23 09:55:00,455997714.0,100638695.4798
2026-08-23 10:00:00,456142490.0,100579419.045
2026-08-23 10:05:00,456067663.0,100702877.73592144
2026-08-23 10:10:00,456270320.0,100881367.752
2026-08-23 10:15:00,456277994.0,100845024.57704023
2026-08-23 10:20:00,456134298.0,101033747.007
2026-08-23 10:25:00,455632341.0,101406417.73970154
2026-08-23 10:30:00,456077421.0,101386010.6883
2026-08-23 10:35:00,455185277.0,101306790.85667983
2026-08-23 10:40:00,454781062.0,101123211.41367023
2026-08-23 10:45:00,454604181.0,101063960.1404302
2026-08-23 10:50:00,454530549.0,100905709.15311216
2026-08-23 10:55:00,454478498.0,100894226.556
2026-08-23 11:00:00,454662168.0,100707670.212
2026-08-23 11:05:00,454663409.0,100753411.4344
2026-08-23 11:10:00,454449535.0,100823514.88327426
2026-08-23 11:15:00,454431316.0,100882052.57887816
2026-08-23 11:20:00,454338046.0,100999347.6258
2026-08-23 11:25:00,452119395.0,101799098.99073915
2026-08-23 11:30:00,450575684.0,100872081.55316553
2026-08-23 11:35:00,450523875.0,100988837.128485
2026-08-23 11:40:00,450779360.0,101466791.6387712
2026-08-23 11:45:00,450560213.0,101289067.27588035
2026-08-23 11:50:00,450127296.0,101058722.90699328
2026-08-23 11:55:00,449854199.0,101329388.4122306
2026-08-23 12:00:00,449551216.0,101149023.6
2026-08-23 12:05:00,449268725.0,100778976.49349225
2026-08-23 12:10:00,448852445.0,100587832.9245
2026-08-23 12:15:00,448693999.0,100731802.7755
2026-08-23 12:20:00,448684064.0,100752930.86037184
2026-08-23 12:25:00,448837072.0,100973507.1347704
2026-08-23 12:30:00,448738254.0,100543090.57271928
2026-08-23 12:35:00,449178748.0,100917312.72185856
2026-08-23 12:40:00,449056810.0,100984744.1501709
2026-08-23 12:45:00,449649662.0,101391210.0120997
2026-08-23 12:50:00,449896298.0,101089021.2776269
2026-08-23 12:55:00,449857495.0,100908519.89136405
2026-08-23 13:00:00,449832247.0,101127606.14275955
2026-08-23 13:05:00,450355326.0,101365292.23598447
2026-08-23 13:10:00,450022264.0,101342970.75172144
2026-08-23 13:15:00,449895791.0,101410609.842056
2026-08-23 13:20:00,447337834.0,102163117.41662182
2026-08-23 13:25:00,446609155.0,101716101.4730107
2026-08-23 13:30:00,449702295.0,102037450.7355
2026-08-23 13:35:00,449567574.0,102096796.0554
2026-08-23 13:40:00,449777563.0,102746651.25642003
2026-08-23 13:45:00,450085029.0,102662801.81389734
2026-08-23 13:50:00,450706168.0,103112714.8621988
2026-08-23 13:55:00,450756479.0,103673990.17
2026-08-23 14:00:00,449075572.0,103070805.88389155
2026-08-23 14:05:00,448549975.0,102991339.97026224
2026-08-23 14:10:00,446798266.0,102228627.2762049
2026-08-23 14:15:00,448961075.0,103411368.3971315
2026-08-23 14:20:00,449192578.0,103205619.77960446
2026-08-23 14:25:00,448453115.0,102472648.9412252
2026-08-23 14:30:00,447239117.0,101951864.33242993
2026-08-23 14:35:00,445657122.0,101297863.8306
2026-08-23 14:40:00,444893552.0,100934779.716448
2026-08-23 14:45:00,442532367.0,99171503.4447
2026-08-23 14:50:00,442789120.0,100019074.9956864
2026-08-23 14:55:00,439232645.0,99151560.3095803
2026-08-23 15:00:00,439617514.0,99086560.86304724
2026-08-23 15:05:00,439645598.0,99127394.17704172
2026-08-23 15:10:00,440025688.0,99273957.85580848
2026-08-23 15:15:00,440275740.0,98776500.668823
2026-08-23 15:20:00,440110592.0,98274441.82736896
2026-08-23 15:25:00,440855771.0,99091182.50757398
2026-08-23 15:30:00,440849706.0,99137876.30355048
2026-08-23 15:35:00,440837997.0,99012214.1262
2026-08-23 15:40:00,440818331.0,99410308.3606361
2026-08-23 15:45:00,441465811.0,99754232.7056954
2026-08-23 15:50:00,440984730.0,99551936.7801741
2026-08-23 15:55:00,440827552.0,99327912.03314143
2026-08-23 16:00:00,440577857.0,98953786.6822
2026-08-23 16:05:00,440977594.0,99424078.35871072
2026-08-23 16:10:00,440617075.0,98918533.3375
2026-08-23 16:15:00,440533835.0,99162611.17406245
2026-08-23 16:20:00,440479293.0,98711409.5613
2026-08-23 16:25:00,440687917.0,98869299.28548823
2026-08-23 16:30:00,440705589.0,98973603.88589343
2026-08-23 16:35:00,440758357.0,99617960.38910288
2026-08-23 16:40:00,441039813.0,99410373.8502
2026-08-23 16:45:00,441014461.0,99362789.59647267
2026-08-23 16:50:00,441153194.0,99347699.2888
2026-08-23 16:55:00,441080661.0,99199040.6589
2026-08-23 17:00:00,441051112.0,99236500.2
2026-08-23 17:05:00,440911754.0,98948785.32887179
2026-08-23 17:10:00,440805786.0,99710268.7932
2026-08-23 17:15:00,440540379.0,99559667.43868518
2026-08-23 17:20:00,440162789.0,99669057.82186309
2026-08-23 17:25:00,440192122.0,99395381.1476
2026-08-23 17:30:00,440075244.0,99241777.54441692
2026-08-23 17:35:00,439997054.0,99162320.85874268
2026-08-23 17:40:00,439659564.0,99028520.10515676
2026-08-23 17:45:00,439667192.0,99039800.99036127
2026-08-23 17:50:00,439515824.0,98803157.2352
2026-08-23 17:55:00,439433125.0,98627205.4979375
2026-08-23 18:00:00,439288575.0,98672762.5006695
2026-08-23 18:05:00,439206306.0,98784644.10599862
2026-08-23 18:10:00,439347462.0,98721374.7114
2026-08-23 18:15:00,439236842.0,98964769.12154624
2026-08-23 18:20:00,439313475.0,98845531.875
2026-08-23 18:25:00,439154072.0,98985327.8288
2026-08-23 18:30:00,439184193.0,99036035.5215
2026-08-23 18:35:00,439030608.0,98745763.36157376
2026-08-23 18:40:00,438982687.0,98794515.52169771
2026-08-23 18:45:00,439020337.0,98871778.87617674
2026-08-23 18:50:00,439011924.0,98770250.42812668
2026-08-23 18:55:00,438832361.0,98524658.16944829
2026-08-23 19:00:00,439075494.0,98830875.06650358
2026-08-23 19:05:00,438832898.0,98651079.23063442
2026-08-23 19:10:00,437863108.0,98312527.913024
2026-08-23 19:15:00,437038460.0,97858771.8797486
2026-08-23 19:20:00,437231898.0,97803493.82127216
2026-08-23 19:25:00,437382001.0,97707727.4437922
2026-08-23 19:30:00,437440654.0,97754884.8214127
2026-08-23 19:35:00,437161439.0,97857757.5134159
2026-08-23 19:40:00,437106971.0,97824540.1098
2026-08-23 19:45:00,437116665.0,98001556.293
2026-08-23 19:50:00,437207266.0,97960712.48483191
2026-08-23 19:55:00,437184827.0,97885682.7653
2026-08-23 20:00:00,437146489.0,97771720.35446166
2026-08-23 20:05:00,437219898.0,97400687.77657746
2026-08-23 20:10:00,436391487.0,97664414.7906
2026-08-23 20:15:00,435950444.0,97609304.4116
2026-08-23 20:20:00,435861230.0,97844282.0648762
2026-08-23 20:25:00,435497313.0,98073994.8876
2026-08-23 20:30:00,435159623.0,97871642.01902425
2026-08-23 20:35:00,435117091.0,97944857.1841
2026-08-23 20:40:00,435322405.0,98153117.7775372
2026-08-23 20:45:00,435278271.0,98153765.81159589
2026-08-23 20:50:00,435248446.0,98038363.1913174
2026-08-23 20:55:00,435191821.0,98127752.4579118
2026-08-23 21:00:00,435212543.0,98200574.8199426
2026-08-23 21:05:00,434406212.0,98886601.076385
2026-08-23 21:10:00,433976862.0,98831560.09613106
2026-08-23 21:15:00,434430252.0,98977525.8824034
2026-08-23 21:20:00,434571476.0,99421110.1792634
2026-08-23 21:25:00,434295639.0,99193123.9476
2026-08-23 21:30:00,434489205.0,99584925.786
2026-08-23 21:35:00,434263638.0,99438695.32088016
2026-08-23 21:40:00,434025069.0,98827434.42703827
2026-08-23 21:45:00,433889336.0,98662833.7249112
2026-08-23 21:50:00,434015129.0,98729158.26389068
2026-08-23 21:55:00,434050816.0,98792739.30631424
2026-08-23 22:00:00,434001352.0,98722899.48134632
2026-08-23 22:05:00,434251770.0,98180833.8127692
2026-08-23 22:10:00,434109233.0,97907364.16010392
2026-08-23 22:15:00,434061798.0,98090179.27934387
2026-08-23 22:20:00,434176061.0,98098373.11938906
2026-08-23 22:25:00,434066334.0,98082696.63382164
2026-08-23 22:30:00,434171353.0,98152106.15345751
2026-08-23 22:35:00,434321835.0,98069870.343
2026-08-23 22:40:00,433987252.0,98284546.13650247
2026-08-23 22:45:00,433921545.0,98230122.28460746
2026-08-23 22:50:00,433824181.0,98634257.11567637
2026-08-23 22:55:00,432877881.0,98210662.68056445
2026-08-23 23:00:00,432823984.0,98115414.64437376
2026-08-23 23:05:00,432725315.0,97925275.76841295
2026-08-23 23:10:00,432733196.0,97927522.2548
2026-08-23 23:15:00,432489216.0,97625116.04450303
2026-08-23 23:20:00,432551233.0,97974061.09244007
2026-08-23 23:25:00,432424350.0,97468448.49
2026-08-23 23:30:00,432149406.0,97938184.09855428
2026-08-23 23:35:00,431652277.0,97673034.08100224
2026-08-23 23:40:00,431751366.0,97606855.95672905
2026-08-23 23:45:00,431575299.0,97472260.95507874
2026-08-23 23:50:00,431415899.0,97752897.80231178
2026-08-23 23:55:00,431505265.0,97777444.6988877
2026-08-24 00:00:00,431444543.0,97919070.07780719
2026-08-24 00:05:00,431310771.0,97260578.8605
2026-08-24 00:10:00,431326614.0,97609212.7482
2026-08-24 00:15:00,431384130.0,97141597.6767192
2026-08-24 00:20:00,430182022.0,96317754.7258
2026-08-24 00:25:00,430577017.0,96277021.0012
2026-08-24 00:30:00,430708999.0,96137603.79990222
2026-08-24 00:35:00,431290472.0,96438175.50427943
2026-08-24 00:40:00,431377162.0,96240244.8422
2026-08-24 00:45:00,431531325.0,95793217.94601674
2026-08-24 00:50:00,431264282.0,96071221.73822454
2026-08-24 00:55:00,431214013.0,96290089.1029
2026-08-24 01:00:00,431108996.0,96739155.8218658
2026-08-24 01:05:00,431611304.0,96562795.76598217
2026-08-24 01:10:00,431741248.0,96208580.72727296
2026-08-24 01:15:00,432178274.0,96352097.66328125
2026-08-24 01:20:00,432290900.0,96184725.25
2026-08-24 01:25:00,432348952.0,95712952.70387088
2026-08-24 01:30:00,432367127.0,95837269.44817932
2026-08-24 01:35:00,432275441.0,95849319.69758405
2026-08-24 01:40:00,430535454.0,94792394.45276004
2026-08-24 01:45:00,430872515.0,94640505.91970265
2026-08-24 01:50:00,430967428.0,94778516.22370836
2026-08-24 01:55:00,430977153.0,94732191.56845176
2026-08-24 02:00:00,429907965.0,93848908.7595
2026-08-24 02:05:00,429184307.0,93941097.16696416
2026-08-24 02:10:00,429109487.0,93882290.003808
2026-08-24 02:15:00,429321160.0,94579451.548
2026-08-24 02:20:00,429890576.0,95067910.69079743
2026-08-24 02:25:00,430216868.0,94961498.23701316
2026-08-24 02:30:00,429998888.0,95139055.66534072
2026-08-24 02:35:00,429727351.0,95151888.80599485
2026-08-24 02:40:00,429726749.0,95106737.3346059
2026-08-24 02:45:00,429638793.0,94993137.1323
2026-08-24 02:50:00,430402125.0,94680879.51053625
2026-08-24 02:55:00,430781181.0,94911519.0788802
2026-08-24 03:00:00,430945565.0,95023497.0825
2026-08-24 03:05:00,431012127.0,94710997.00801557
2026-08-24 03:10:00,430986161.0,94472166.4912
2026-08-24 03:15:00,430972690.0,94419806.9388184
2026-08-24 03:20:00,429679496.0,93923017.9953708
2026-08-24 03:25:00,429852133.0,94226901.71354543
2026-08-24 03:30:00,429825924.0,93808287.20737584
2026-08-24 03:35:00,430409056.0,93973206.29449984
2026-08-24 03:40:00,430237589.0,93751528.46604548
2026-08-24 03:45:00,430920509.0,93768302.7584
2026-08-24 03:50:00,430870536.0,94084308.5657364
2026-08-24 03:55:00,430705853.0,93988071.3240511
2026-08-24 04:00:00,430606106.0,93919002.5826381
2026-08-24 04:05:00,430838655.0,94267497.714
2026-08-24 04:10:00,430754978.0,94128500.25666396
2026-08-24 04:15:00,430869788.0,94489744.5084
2026-08-24 04:20:00,430786661.0,94729986.7539
2026-08-24 04:25:00,431094565.0,94881133.19655575
2026-08-24 04:30:00,431230680.0,95135934.906666
2026-08-24 04:35:00,431396670.0,95079368.7875298
2026-08-24 04:40:00,432078381.0,95220370.69196273
2026-08-24 04:45:00,432272126.0,95357618.62057002
2026-08-24 04:50:00,431753074.0,94856150.3578
2026-08-24 04:55:00,432565769.0,94991442.8724
2026-08-24 05:00:00,432619347.0,95176256.34
2026-08-24 05:05:00,432571033.0,95156365.91418347
2026-08-24 05:10:00,432673260.0,95239315.4268558
2026-08-24 05:15:00,431420748.0,95527248.52754292
2026-08-24 05:20:00,430833556.0,95171132.5204
2026-08-24 05:25:00,430879953.0,94806662.55777402
2026-08-24 05:30:00,430858239.0,94778773.5830313
2026-08-24 05:35:00,430906333.0,94493238.61946683
2026-08-24 05:40:00,430535351.0,94632346.09030107
2026-08-24 05:45:00,431008715.0,94778816.4285
2026-08-24 05:50:00,431125559.0,94694819.14812364
2026-08-24 05:55:00,432141629.0,95157586.7058
2026-08-24 06:00:00,432142313.0,95039459.9715319
2026-08-24 06:05:00,432836086.0,94799144.92847788
2026-08-24 06:10:00,432916136.0,94975042.41751704
2026-08-24 06:15:00,432749049.0,95359524.52996044
2026-08-24 06:20:00,431449237.0,95019338.23975915
2026-08-24 06:25:00,431326156.0,95075835.69685768
2026-08-24 06:30:00,430314747.0,94540149.9159
2026-08-24 06:35:00,430357543.0,94314155.22822987
2026-08-24 06:40:00,433194494.0,94566358.0402
2026-08-24 06:45:00,433077822.0,94570796.89698732
2026-08-24 06:50:00,432848194.0,95182936.95418929
2026-08-24 06:55:00,432963156.0,95091117.78165096
2026-08-24 07:00:00,432758440.0,95064120.0837348
2026-08-24 07:05:00,432741816.0,95140257.2228628
2026-08-24 07:10:00,432969575.0,95464257.9363315
2026-08-24 07:15:00,430933905.0,95599075.5981261
2026-08-24 07:20:00,430511498.0,95060133.15371516
2026-08-24 07:25:00,429993577.0,94757293.26933493
2026-08-24 07:30:00,429967228.0,94754999.59643528
2026-08-24 07:35:00,429398149.0,94457411.74988721
2026-08-24 07:40:00,429095651.0,94082139.3321768
2026-08-24 07:45:00,428764221.0,93813611.5548
2026-08-24 07:50:00,428432594.0,94039446.30026913
2026-08-24 07:55:00,428245606.0,94013588.68165565
2026-08-24 08:00:00,428338321.0,93806092.299
2026-08-24 08:05:00,429777025.0,93822168.30093725
2026-08-24 08:10:00,430253247.0,94268959.6962717
2026-08-24 08:15:00,429991815.0,93996210.759
2026-08-24 08:20:00,429729784.0,93599005.92866032
2026-08-24 08:25:00,429529901.0,93361755.926259
2026-08-24 08:30:00,430391252.0,93480979.9344
2026-08-24 08:35:00,430154914.0,93644724.7778
2026-08-24 08:40:00,429435950.0,93760258.2836845
2026-08-24 08:45:00,429405878.0,93923827.46129416
2026-08-24 08:50:00,429241838.0,93963845.57982051
2026-08-24 08:55:00,429317270.0,93948627.2985201
2026-08-24 09:00:00,429352346.0,93959797.99994642
2026-08-24 09:05:00,429249369.0,94297003.45265196
2026-08-24 09:10:00,428222860.0,94334275.8220928
2026-08-24 09:15:00,428104127.0,94231412.1375891
2026-08-24 09:20:00,427386571.0,93940547.02104759
2026-08-24 09:25:00,427445334.0,94022098.16029523
2026-08-24 09:30:00,426264786.0,93778252.92
2026-08-24 09:35:00,426305159.0,93872396.0118
2026-08-24 09:40:00,426277093.0,93753192.77016199
2026-08-24 09:45:00,425836239.0,93471054.4605
2026-08-24 09:50:00,425516700.0,93648230.211207
2026-08-24 09:55:00,425858952.0,93859313.0208
2026-08-24 10:00:00,425771483.0,93692075.00514267
2026-08-24 10:05:00,425874556.0,94033101.9648
2026-08-24 10:10:00,426232788.0,94025162.8550904
2026-08-24 10:15:00,426181357.0,94193065.00944123
2026-08-24 10:20:00,426253188.0,94249238.81414483
2026-08-24 10:25:00,425673059.0,93917834.76768006
2026-08-24 10:30:00,425938828.0,93769747.22268692
2026-08-24 10:35:00,425004605.0,93841016.784
2026-08-24 10:40:00,425400196.0,93531507.4339516
2026-08-24 10:45:00,424960121.0,93090289.49464013
2026-08-24 10:50:00,424733641.0,93027447.11880858
2026-08-24 10:55:00,424847613.0,92862044.1609849
2026-08-24 11:00:00,424884261.0,92976972.45731334
2026-08-24 11:05:00,424666393.0,92697454.263219
2026-08-24 11:10:00,424840793.0,92754262.54579823
2026-08-24 11:15:00,425153735.0,93066152.5915
2026-08-24 11:20:00,424988300.0,93219181.910107
2026-08-24 11:25:00,424733965.0,93163335.26301976
2026-08-24 11:30:00,424555082.0,93358766.72057699
2026-08-24 11:35:00,425026270.0,93922581.4116755
2026-08-24 11:40:00,425394577.0,94565214.4671
2026-08-24 11:45:00,425725593.0,95447677.9506
2026-08-24 11:50:00,423909608.0,94271481.54186247
2026-08-24 11:55:00,423812106.0,94467718.4274
2026-08-24 12:00:00,425008544.0,94929168.87297344
2026-08-24 12:05:00,424171761.0,94386526.347298
2026-08-24 12:10:00,423822775.0,94131038.3275
2026-08-24 12:15:00,424638497.0,94354674.0334
2026-08-24 12:20:00,423878697.0,94310716.89874923
2026-08-24 12:25:00,423588804.0,94629738.8136
2026-08-24 12:30:00,425430673.0,95199706.54542615
2026-08-24 12:35:00,424444352.0,94932089.63479808
2026-08-24 12:40:00,424194741.0,95160883.07470042
2026-08-24 12:45:00,424599082.0,95237574.0926
2026-08-24 12:50:00,425695092.0,95978990.59085365
2026-08-24 12:55:00,425704345.0,96166611.5355
2026-08-24 13:00:00,425780513.0,96354130.0919
2026-08-24 13:05:00,425069322.0,95899872.73364712
2026-08-24 13:10:00,424949371.0,95880106.97403523
2026-08-24 13:15:00,427454259.0,96732898.8117
2026-08-24 13:20:00,428356614.0,96696121.16786201
2026-08-24 13:25:00,428675494.0,96647920.85804258
2026-08-24 13:30:00,428771589.0,96427617.48436385
2026-08-24 13:35:00,426608902.0,95164535.11565617
2026-08-24 13:40:00,426744133.0,94919784.27074538
2026-08-24 13:45:00,421937018.0,93203904.1722154
2026-08-24 13:50:00,421496532.0,93032891.57158343
2026-08-24 13:55:00,421521130.0,92972496.1128138
2026-08-24 14:00:00,422784522.0,93621100.14682417
2026-08-24 14:05:00,422570081.0,93881021.54300675
2026-08-24 14:10:00,423039857.0,94250741.900458
2026-08-24 14:15:00,422643057.0,94389926.30102193
2026-08-24 14:20:00,424163415.0,94681502.998251
2026-08-24 14:25:00,423693181.0,94199738.82718448
2026-08-24 14:30:00,423906446.0,94789881.47450948
2026-08-24 14:35:00,423828633.0,95343048.2623278
2026-08-24 14:40:00,424316076.0,95529685.44797029
2026-08-24 14:45:00,424301715.0,95589461.04539895
2026-08-24 14:50:00,424655357.0,95059764.12680691
2026-08-24 14:55:00,424641190.0,94785123.9554013
2026-08-24 15:00:00,424494587.0,94986772.31835693
2026-08-24 15:05:00,424511012.0,95071639.6246178
2026-08-24 15:10:00,423443109.0,94809737.81916255
2026-08-24 15:15:00,424436560.0,94988902.128
2026-08-24 15:20:00,424544587.0,95461728.79924986
2026-08-24 15:25:00,424470446.0,96078083.20295706
2026-08-24 15:30:00,424824646.0,95970891.04164723
2026-08-24 15:35:00,425616600.0,95555084.974182
2026-08-24 15:40:00,424584105.0,94765618.2581757
2026-08-24 15:45:00,423923809.0,94142095.62462835
2026-08-24 15:50:00,424834414.0,94444819.62270407
2026-08-24 15:55:00,424082473.0,94019084.2641
2026-08-24 16:00:00,424245508.0,93885530.9204
2026-08-24 16:05:00,424009134.0,94312003.98813012
2026-08-24 16:10:00,424251264.0,94650456.9984
2026-08-24 16:15:00,424099360.0,94748356.09212
2026-08-24 16:20:00,425490317.0,95692772.2933
2026-08-24 16:25:00,424499005.0,95138823.12535125
2026-08-24 16:30:00,424414392.0,95063760.54430345
2026-08-24 16:35:00,424205833.0,95068803.17009664
2026-08-24 16:40:00,424344846.0,94882663.11935645
2026-08-24 16:45:00,424215404.0,94684878.1728
2026-08-24 16:50:00,424318254.0,94594520.1030693
2026-08-24 16:55:00,425177578.0,94162050.10261294
2026-08-24 17:00:00,424875801.0,94279940.2419
2026-08-24 17:05:00,425188157.0,93924063.8813
2026-08-24 17:10:00,425216432.0,94568134.4768
2026-08-24 17:15:00,425384547.0,94265215.6152
2026-08-24 17:20:00,425255590.0,94066536.508
2026-08-24 17:25:00,425033833.0,93209919.5769
2026-08-24 17:30:00,425419450.0,92826523.99
2026-08-24 17:35:00,424477444.0,92238948.5812
2026-08-24 17:40:00,425174740.0,93028233.112
2026-08-24 17:45:00,424396148.0,92302024.327557
2026-08-24 17:50:00,425502804.0,92802161.5524
2026-08-24 17:55:00,425470700.0,92922800.88
2026-08-24 18:00:00,425334623.0,93020682.0501
2026-08-24 18:05:00,425180622.0,93624772.9644
2026-08-24 18:10:00,424476408.0,93429986.78410344
2026-08-24 18:15:00,422194704.0,92925054.3504
2026-08-24 18:20:00,422069253.0,92897442.5853
2026-08-24 18:25:00,422066536.0,92886828.93470071
2026-08-24 18:30:00,421807519.0,93027885.16002057
2026-08-24 18:35:00,422006136.0,92887019.42403792
2026-08-24 18:40:00,421744131.0,92581672.29404445
2026-08-24 18:45:00,421703615.0,92859136.023
2026-08-24 18:50:00,421834236.0,92972265.6144
2026-08-24 18:55:00,421886670.0,92698166.8226097
2026-08-24 19:00:00,421852660.0,92669061.4420358
2026-08-24 19:05:00,420998784.0,92214293.81105664
2026-08-24 19:10:00,420916508.0,92022332.78836976
2026-08-24 19:15:00,421325340.0,92649888.8708604
2026-08-24 19:20:00,421536968.0,92190134.9016
2026-08-24 19:25:00,421788315.0,92344688.7116715
2026-08-24 19:30:00,421744668.0,92672220.66850716
2026-08-24 19:35:00,421699493.0,92576073.44482863
2026-08-24 19:40:00,421665438.0,92766396.36
2026-08-24 19:45:00,421699812.0,92668078.25120305
2026-08-24 19:50:00,421793349.0,92541460.7706
2026-08-24 19:55:00,422415715.0,92305585.05587025
2026-08-24 20:00:00,422359518.0,92381856.87669918
2026-08-24 20:05:00,422848314.0,92147954.51199114
2026-08-24 20:10:00,422985264.0,92681642.05832689
2026-08-24 20:15:00,422908277.0,92502342.58167793
2026-08-24 20:20:00,422916984.0,92411509.81961304
2026-08-24 20:25:00,423043811.0,92392768.3224
2026-08-24 20:30:00,422839822.0,92263649.1604
2026-08-24 20:35:00,422687233.0,92568504.027
2026-08-24 20:40:00,422674246.0,92876101.42745963
2026-08-24 20:45:00,422613266.0,92890395.8668
2026-08-24 20:50:00,422559112.0,92831580.30498576
2026-08-24 20:55:00,422463346.0,92913960.59722789
2026-08-24 21:00:00,422473198.0,92931927.88243364
2026-08-24 21:05:00,422552216.0,93326589.53671265
2026-08-24 21:10:00,422505407.0,93204692.7842
2026-08-24 21:15:00,422487277.0,93425431.18832739
2026-08-24 21:20:00,422399220.0,93223507.854
2026-08-24 21:25:00,421489478.0,93280262.08055279
2026-08-24 21:30:00,421736142.0,93299041.9237062
2026-08-24 21:35:00,421616258.0,93219354.6438
2026-08-24 21:40:00,421501654.0,93130748.3011346
2026-08-24 21:45:00,421498725.0,93156765.148221
2026-08-24 21:50:00,421313528.0,93245565.03557023
2026-08-24 21:55:00,421243869.0,93164758.34467365
2026-08-24 22:00:00,421191208.0,93278592.81453416
2026-08-24 22:05:00,421290659.0,93147364.7049
2026-08-24 22:10:00,421332154.0,93147383.70169358
2026-08-24 22:15:00,421362500.0,93078976.25
2026-08-24 22:20:00,421762975.0,93144547.883217
2026-08-24 22:25:00,421790906.0,93171202.70932674
2026-08-24 22:30:00,421815907.0,92899609.10920832
2026-08-24 22:35:00,421740549.0,93165494.28421438
2026-08-24 22:40:00,421678944.0,93293497.74023424
2026-08-24 22:45:00,421693599.0,93004573.86268188
2026-08-24 22:50:00,421708698.0,93019690.70705286
2026-08-24 22:55:00,422045700.0,93050496.164301
2026-08-24 23:00:00,422179260.0,92838063.63252
2026-08-24 23:05:00,422047388.0,92681606.4048
2026-08-24 23:10:00,422069407.0,92914338.15350965
2026-08-24 23:15:00,421944847.0,92616218.8047448
2026-08-24 23:20:00,422525320.0,92913317.868
2026-08-24 23:25:00,422584729.0,93314859.8226224
2026-08-24 23:30:00,422739231.0,93144045.54755412
2026-08-24 23:35:00,422847886.0,93379452.22261332
2026-08-24 23:40:00,422911900.0,93673311.118876
2026-08-24 23:45:00,422888847.0,93662411.39346199
2026-08-24 23:50:00,422820127.0,93462042.42164515
2026-08-24 23:55:00,422808766.0,93398456.4094
2026-08-25 00:00:00,422822282.0,93612853.2348
2026-08-25 00:05:00,422875150.0,93517350.901972
2026-08-25 00:10:00,423567163.0,93989553.4697
2026-08-25 00:15:00,423540460.0,94088390.806781
2026-08-25 00:20:00,423534803.0,93704991.37251924
2026-08-25 00:25:00,423536198.0,93849763.97118166
2026-08-25 00:30:00,423527534.0,93949948.1665015
2026-08-25 00:35:00,423526498.0,94122457.87094478
2026-08-25 00:40:00,422693303.0,94290676.97057542
2026-08-25 00:45:00,422499123.0,94770875.4549283
2026-08-25 00:50:00,422742602.0,94878650.16761996
2026-08-25 00:55:00,422618344.0,95243497.20251288
2026-08-25 01:00:00,422484271.0,95126114.84987545
2026-08-25 01:05:00,422840822.0,95477457.6076
2026-08-25 01:10:00,422463393.0,95081225.03874126
2026-08-25 01:15:00,422450892.0,94698788.6953584
2026-08-25 01:20:00,422619260.0,95025530.6703178
2026-08-25 01:25:00,422957677.0,94889514.35906458
2026-08-25 01:30:00,423491350.0,95243204.615
2026-08-25 01:35:00,423644840.0,94793676.3947128
2026-08-25 01:40:00,422213464.0,94568849.413844
2026-08-25 01:45:00,425190248.0,95157577.5024
2026-08-25 01:50:00,425279742.0,95305190.1822
2026-08-25 01:55:00,425380628.0,95285260.672
2026-08-25 02:00:00,425171903.0,95313804.2160213
2026-08-25 02:05:00,425208538.0,95289233.3658
2026-08-25 02:10:00,425127225.0,94997960.408427
2026-08-25 02:15:00,425060232.0,94972899.37548336
2026-08-25 02:20:00,425784324.0,96497025.65599991
2026-08-25 02:25:00,425465594.0,96603260.7877617
2026-08-25 02:30:00,424768186.0,97206279.41389927
2026-08-25 02:35:00,423064553.0,96208496.55412816
2026-08-25 02:40:00,422683968.0,96154139.88212928
2026-08-25 02:45:00,421435492.0,95631855.26850544
2026-08-25 02:50:00,422726719.0,95958965.213
2026-08-25 02:55:00,423008804.0,95724789.99144413
2026-08-25 03:00:00,423563392.0,95985991.73907071
2026-08-25 03:05:00,425540349.0,96852983.4324
2026-08-25 03:10:00,425284337.0,96879771.9686
2026-08-25 03:15:00,425834608.0,97059404.83988176
2026-08-25 03:20:00,426721208.0,97249763.3032
2026-08-25 03:25:00,426283177.0,97086854.65376754
2026-08-25 03:30:00,426534264.0,97164484.0124868
2026-08-25 03:35:00,426468035.0,97106771.5695
2026-08-25 03:40:00,427251573.0,97287943.21726158
2026-08-25 03:45:00,426848445.0,96746480.604585
2026-08-25 03:50:00,426153504.0,96077999.30621088
2026-08-25 03:55:00,426078295.0,96186757.5395209
2026-08-25 04:00:00,426189540.0,96243865.0380186
2026-08-25 04:05:00,426112581.0,96216220.7898
2026-08-25 04:10:00,425737076.0,96386874.0064
2026-08-25 04:15:00,426160864.0,96801604.98230655
2026-08-25 04:20:00,425781745.0,96250232.87395085
2026-08-25 04:25:00,426500525.0,96890175.73177525
2026-08-25 04:30:00,425792893.0,96220299.00446524
2026-08-25 04:35:00,425193725.0,95796146.2425
2026-08-25 04:40:00,425394848.0,95869539.56831647
2026-08-25 04:45:00,425242106.0,95671883.2784079
2026-08-25 04:50:00,425379780.0,95863608.489789
2026-08-25 04:55:00,425385074.0,95796718.6648
2026-08-25 05:00:00,425298494.0,95900468.09937626
2026-08-25 05:05:00,425305323.0,96246594.5949
2026-08-25 05:10:00,425106889.0,96299106.47538324
2026-08-25 05:15:00,424921753.0,96217862.51066498
2026-08-25 05:20:00,424710286.0,96291135.73277198
2026-08-25 05:25:00,424559532.0,96162733.998
2026-08-25 05:30:00,424578319.0,96516285.59075812
2026-08-25 05:35:00,425899916.0,97232950.8228
2026-08-25 05:40:00,426242293.0,97221647.2345993
2026-08-25 05:45:00,426050189.0,96841207.9597
2026-08-25 05:50:00,426153022.0,97031199.20914157
2026-08-25 05:55:00,426297119.0,97009374.55751558
2026-08-25 06:00:00,425915049.0,96662928.10982347
2026-08-25 06:05:00,425704757.0,96602758.24594267
2026-08-25 06:10:00,425364777.0,96534949.52953179
2026-08-25 06:15:00,425334023.0,96658641.14249027
2026-08-25 06:20:00,425237618.0,96528939.286
2026-08-25 06:25:00,424868311.0,96484585.36045812
2026-08-25 06:30:00,423841072.0,95949951.41580752
2026-08-25 06:35:00,423396624.0,95568556.7235
2026-08-25 06:40:00,423173807.0,95298741.3364
2026-08-25 06:45:00,423213257.0,95197843.9575342
2026-08-25 06:50:00,423030533.0,94878117.08108468
2026-08-25 06:55:00,422067323.0,94302822.74905547
2026-08-25 07:00:00,421802774.0,94285101.65311313
2026-08-25 07:05:00,422324823.0,94827983.77651869
2026-08-25 07:10:00,422505586.0,95165648.29711977
2026-08-25 07:15:00,422338892.0,95133985.12796028
2026-08-25 07:20:00,421981445.0,94819230.6915
2026-08-25 07:25:00,422340548.0,94942155.1904
2026-08-25 07:30:00,422194520.0,94958315.3261556
2026-08-25 07:35:00,421941299.0,94683627.4956
2026-08-25 07:40:00,421389125.0,94231988.4719225
2026-08-25 07:45:00,421454617.0,94311382.01378413
2026-08-25 07:50:00,421254683.0,92928783.0698
2026-08-25 07:55:00,417810463.0,92346670.39340001
2026-08-25 08:00:00,418484560.0,92401390.848
2026-08-25 08:05:00,417967940.0,92370914.74
2026-08-25 08:10:00,417941759.0,92473250.2720533
2026-08-25 08:15:00,417846637.0,92511245.4318
2026-08-25 08:20:00,417651650.0,92667499.7963585
2026-08-25 08:25:00,417562692.0,92824186.4316
2026-08-25 08:30:00,417607245.0,92708808.39
2026-08-25 08:35:00,417584322.0,92718827.68476996
2026-08-25 08:40:00,417564561.0,92499260.65824246
2026-08-25 08:45:00,416839405.0,92538347.91
2026-08-25 08:50:00,416746268.0,92122675.21572693
2026-08-25 08:55:00,416609283.0,92050820.9411292
2026-08-25 09:00:00,416279276.0,92029744.36070268
2026-08-25 09:05:00,416463983.0,92038540.243
2026-08-25 09:10:00,416462152.0,92198848.3364568
2026-08-25 09:15:00,416440343.0,92227147.96064936
2026-08-25 09:20:00,416680045.0,92257882.95433144
2026-08-25 09:25:00,416538497.0,92273923.80948332
2026-08-25 09:30:00,416410864.0,92034325.48831248
2026-08-25 09:35:00,416533397.0,92428760.7943
2026-08-25 09:40:00,416517722.0,92198701.03620923
2026-08-25 09:45:00,416653554.0,92143537.6147533
2026-08-25 09:50:00,416371747.0,91851607.3882
2026-08-25 09:55:00,414769590.0,90678628.321119
2026-08-25 10:00:00,414107056.0,90401541.47438656
2026-08-25 10:05:00,413039645.0,90129298.327521
2026-08-25 10:10:00,412717904.0,90137590.2336
2026-08-25 10:15:00,412667615.0,90456741.208
2026-08-25 10:20:00,413048429.0,90567233.13454089
2026-08-25 10:25:00,412969687.0,90522955.3904
2026-08-25 10:30:00,412946723.0,90517921.6816
2026-08-25 10:35:00,412822710.0,90366965.5270878
2026-08-25 10:40:00,412632447.0,90366505.893
2026-08-25 10:45:00,412649551.0,90452781.5792
2026-08-25 10:50:00,412683451.0,90557180.68968147
2026-08-25 10:55:00,413036662.0,90785458.3076
2026-08-25 11:00:00,412970836.0,90605801.4184
2026-08-25 11:05:00,412896848.0,90490109.85845377
2026-08-25 11:10:00,412611815.0,90489327.7433453
2026-08-25 11:15:00,412278595.0,90124100.867
2026-08-25 11:20:00,412231711.0,90113852.0246
2026-08-25 11:25:00,412156413.0,90335581.19443683
2026-08-25 11:30:00,412096911.0,90275807.88072862
2026-08-25 11:35:00,412049792.0,90540780.36661504
2026-08-25 11:40:00,412116949.0,90423643.04181843
2026-08-25 11:45:00,412159543.0,90221723.9627
2026-08-25 11:50:00,412095257.0,90125232.7059
2026-08-25 11:55:00,412131171.0,89888722.16247897
2026-08-25 12:00:00,411939136.0,89967507.3024
2026-08-25 12:05:00,411491154.0,89458176.8796
2026-08-25 12:10:00,409701142.0,88856934.18360944
2026-08-25 12:15:00,409851677.0,89343452.31076044
2026-08-25 12:20:00,409998523.0,89043335.72565696
2026-08-25 12:25:00,409575880.0,88881033.6833412
2026-08-25 12:30:00,409364572.0,88882611.33760192
2026-08-25 12:35:00,409537661.0,88869672.437
2026-08-25 12:40:00,409560232.0,88791687.63985015
2026-08-25 12:45:00,409427822.0,88845837.374
2026-08-25 12:50:00,409642764.0,89247234.51805164
2026-08-25 12:55:00,409699657.0,89519375.0545
2026-08-25 13:00:00,409804027.0,89296297.4833
2026-08-25 13:05:00,409639569.0,89301426.042
2026-08-25 13:10:00,409821454.0,88972237.6634
2026-08-25 13:15:00,410047268.0,88775233.522
2026-08-25 13:20:00,408090233.0,87902636.1882
2026-08-25 13:25:00,407692872.0,87626134.28762856
2026-08-25 13:30:00,407976160.0,87600522.7621136
2026-08-25 13:35:00,407895976.0,88305277.4754472
2026-08-25 13:40:00,406866462.0,87981080.41207416
2026-08-25 13:45:00,406908720.0,87607447.416
2026-08-25 13:50:00,406788383.0,87296786.9918
2026-08-25 13:55:00,405628254.0,86479943.7528
2026-08-25 14:00:00,405460933.0,86971370.1285
2026-08-25 14:05:00,405098590.0,87017611.7745259
2026-08-25 14:10:00,405362422.0,87193456.9722
2026-08-25 14:15:00,405361367.0,87233766.1784
2026-08-25 14:20:00,405241955.0,87017057.92051075
2026-08-25 14:25:00,405223004.0,87325557.362
2026-08-25 14:30:00,405644647.0,87700372.6814
2026-08-25 14:35:00,405697602.0,87914670.3534
2026-08-25 14:40:00,405144719.0,87474257.43681373
2026-08-25 14:45:00,405112596.0,87398792.95586796
2026-08-25 14:50:00,405250837.0,87354229.15783015
2026-08-25 14:55:00,405305935.0,87483737.8010783
2026-08-25 15:00:00,406208233.0,87659736.6814
2026-08-25 15:05:00,405586820.0,87185786.4477856
2026-08-25 15:10:00,405782183.0,87302092.97579344
2026-08-25 15:15:00,404895097.0,86769019.2871
2026-08-25 15:20:00,404906883.0,87115104.46805666
2026-08-25 15:25:00,404861390.0,86860161.0003144
2026-08-25 15:30:00,404965808.0,86947681.64903808
2026-08-25 15:35:00,405089678.0,87094280.77
2026-08-25 15:40:00,405716656.0,87322034.78305615
2026-08-25 15:45:00,405723229.0,87361433.29269516
2026-08-25 15:50:00,405791861.0,87123512.5567
2026-08-25 15:55:00,405851296.0,87261494.61006784
2026-08-25 16:00:00,406706723.0,87726640.1511
2026-08-25 16:05:00,406371897.0,87613780.9932
2026-08-25 16:10:00,406381061.0,87493842.4333
2026-08-25 16:15:00,406285650.0,87419455.4078055
2026-08-25 16:20:00,406323331.0,87536807.22401524
2026-08-25 16:25:00,406469371.0,87213413.65537801
2026-08-25 16:30:00,406445760.0,87343429.8494016
2026-08-25 16:35:00,406638579.0,87540462.0015357
2026-08-25 16:40:00,406766078.0,87550585.60224538
2026-08-25 16:45:00,406593890.0,87580323.906
2026-08-25 16:50:00,406637418.0,87802993.36206354
2026-08-25 16:55:00,406768898.0,87623784.54448466
2026-08-25 17:00:00,406806588.0,87626139.0552
2026-08-25 17:05:00,406698438.0,87318154.6386
2026-08-25 17:10:00,406738463.0,87070043.15994681
2026-08-25 17:15:00,406766823.0,87170130.1689
2026-08-25 17:20:00,407624417.0,87353912.5631
2026-08-25 17:25:00,407448918.0,87006389.33139084
2026-08-25 17:30:00,407298169.0,86715148.70194784
2026-08-25 17:35:00,407348011.0,87091004.7518
2026-08-25 17:40:00,407515767.0,87081640.80962066
2026-08-25 17:45:00,407707879.0,87459981.60684891
2026-08-25 17:50:00,407538714.0,87645634.46690832
2026-08-25 17:55:00,407591407.0,87632152.505
2026-08-25 18:00:00,407415756.0,87635129.1156
2026-08-25 18:05:00,407671660.0,87608639.734
2026-08-25 18:10:00,407973172.0,87721404.14836375
2026-08-25 18:15:00,408390183.0,87885567.3816
2026-08-25 18:20:00,408375884.0,87945273.94520617
2026-08-25 18:25:00,408676238.0,88069729.289
2026-08-25 18:30:00,408970365.0,88133113.6575
2026-08-25 18:35:00,409317071.0,88020513.02929828
2026-08-25 18:40:00,409416899.0,88188400.0446
2026-08-25 18:45:00,409377594.0,88255152.78672156
2026-08-25 18:50:00,409469240.0,88281568.144
2026-08-25 18:55:00,408847731.0,87779607.8457
2026-08-25 19:00:00,408751686.0,87922728.82209474
2026-08-25 19:05:00,408703478.0,87666896.031
2026-08-25 19:10:00,408740422.0,87819972.41766064
2026-08-25 19:15:00,408825696.0,87839810.71649568
2026-08-25 19:20:00,408929984.0,87960839.5584
2026-08-25 19:25:00,408810787.0,87874254.77157404
2026-08-25 19:30:00,408870162.0,87457327.6518
2026-08-25 19:35:00,408608672.0,87319673.2064
2026-08-25 19:40:00,409013289.0,87342853.23309302
2026-08-25 19:45:00,409004363.0,87240630.6279
2026-08-25 19:50:00,408886462.0,87174593.6984
2026-08-25 19:55:00,408942528.0,87431912.4864
2026-08-25 20:00:00,408928284.0,87592438.4328
2026-08-25 20:05:00,408391883.0,87170683.84555146
2026-08-25 20:10:00,408596690.0,87295763.4759475
2026-08-25 20:15:00,408732897.0,87309197.06308974
2026-08-25 20:20:00,408672611.0,87459890.61814837
2026-08-25 20:25:00,409062066.0,87539282.124
2026-08-25 20:30:00,408977372.0,87296980.75131191
2026-08-25 20:35:00,409090568.0,87259018.1544
2026-08-25 20:40:00,408014512.0,86621480.8976
2026-08-25 20:45:00,405096839.0,85480598.01369725
2026-08-25 20:50:00,404672537.0,85103010.8765594
2026-08-25 20:55:00,404775286.0,85133374.37625216
2026-08-25 21:00:00,402411856.0,84224801.4608
2026-08-25 21:05:00,403138989.0,84618873.7911
2026-08-25 21:10:00,401372538.0,83244664.3812
2026-08-25 21:15:00,400386752.0,83767915.28656
2026-08-25 21:20:00,400182395.0,83758175.2735
2026-08-25 21:25:00,399743802.0,83103762.34191312
2026-08-25 21:30:00,400111882.0,83583372.1498
2026-08-25 21:35:00,400948634.0,83956150.05909652
2026-08-25 21:40:00,401221218.0,84216333.6582
2026-08-25 21:45:00,400597870.0,83896687.1308903
2026-08-25 21:50:00,400688763.0,84024433.6011
2026-08-25 21:55:00,400728726.0,83952668.097
2026-08-25 22:00:00,402685970.0,84424478.7159383
2026-08-25 22:05:00,402921234.0,85016380.374
2026-08-25 22:10:00,402594375.0,84894717.54725625
2026-08-25 22:15:00,402568210.0,85157684.9732884
2026-08-25 22:20:00,402384142.0,85184722.8614
2026-08-25 22:25:00,402406394.0,84988230.4128
2026-08-25 22:30:00,402450481.0,84876806.4429
2026-08-25 22:35:00,402224573.0,85070497.1895
2026-08-25 22:40:00,402123963.0,84989072.4933541
2026-08-25 22:45:00,403448339.0,85302268.45288666
2026-08-25 22:50:00,403379680.0,85400500.333016
2026-08-25 22:55:00,403528466.0,85467329.0988
2026-08-25 23:00:00,404458665.0,85615037.69114985
2026-08-25 23:05:00,404090030.0,85748902.4683741
2026-08-25 23:10:00,404015272.0,85651237.664
2026-08-25 23:15:00,403819027.0,85550974.97213797
2026-08-25 23:20:00,404228130.0,85421031.6538131
2026-08-25 23:25:00,404795351.0,85371339.5259
2026-08-25 23:30:00,404692886.0,85581262.55133832
2026-08-25 23:35:00,404550514.0,85085763.97686923
2026-08-25 23:40:00,405018181.0,84956188.37746996
2026-08-25 23:45:00,403987781.0,84473845.0071
2026-08-25 23:50:00,404022704.0,84333283.17719008
2026-08-25 23:55:00,404165211.0,84349279.5357
2026-08-26 00:00:00,404065134.0,84449613.006
2026-08-26 00:05:00,404322376.0,84543687.5248872
2026-08-26 00:10:00,404554825.0,84149830.92895
2026-08-26 00:15:00,405165583.0,84204059.95057707
2026-08-26 00:20:00,404883325.0,84580126.5925
2026-08-26 00:25:00,405054035.0,84818314.929
2026-08-26 00:30:00,405589344.0,85173762.24
2026-08-26 00:35:00,405271328.0,85116721.60272512
2026-08-26 00:40:00,405197910.0,84820025.8245717
2026-08-26 00:45:00,405280599.0,84758001.42493787
2026-08-26 00:50:00,405348793.0,85042176.7714
2026-08-26 00:55:00,405560737.0,85376346.82386121
2026-08-26 01:00:00,405716001.0,85322075.0103
2026-08-26 01:05:00,405590157.0,85599810.74665314
2026-08-26 01:10:00,405599627.0,85540961.3343
2026-08-26 01:15:00,406501408.0,85632472.79542208
2026-08-26 01:20:00,406508462.0,85732634.6358
2026-08-26 01:25:00,406650031.0,85518501.5193
2026-08-26 01:30:00,406565279.0,85389364.66596259
2026-08-26 01:35:00,406601927.0,85793006.597
2026-08-26 01:40:00,406615550.0,85736917.7290945
2026-08-26 01:45:00,406593455.0,85669240.9685
2026-08-26 01:50:00,406550474.0,85592677.1655923
2026-08-26 01:55:00,406965293.0,85706890.7058
2026-08-26 02:00:00,406986582.0,85752072.8274
2026-08-26 02:05:00,406871170.0,85693423.7296754
2026-08-26 02:10:00,407101112.0,85572653.7424
2026-08-26 02:15:00,407081292.0,85663691.68016005
2026-08-26 02:20:00,406795749.0,86037300.9135
2026-08-26 02:25:00,406232770.0,85922049.443038
2026-08-26 02:30:00,405512813.0,86285693.5565377
2026-08-26 02:35:00,405113356.0,86005565.4788
2026-08-26 02:40:00,405307577.0,85970154.9342893
2026-08-26 02:45:00,405477841.0,86053994.5264526
2026-08-26 02:50:00,405502272.0,86050919.40209857
2026-08-26 02:55:00,405555242.0,86001829.67424174
2026-08-26 03:00:00,405567769.0,85980367.028
2026-08-26 03:05:00,405777306.0,86024788.872
2026-08-26 03:10:00,405893397.0,86008810.8243
2026-08-26 03:15:00,405903673.0,85948458.84787434
2026-08-26 03:20:00,406086824.0,85846754.5936
2026-08-26 03:25:00,406225551.0,86160439.3671
2026-08-26 03:30:00,406360663.0,86067188.4234
2026-08-26 03:35:00,406471706.0,85913050.74225858
2026-08-26 03:40:00,406404329.0,85873234.7177
2026-08-26 03:45:00,406641106.0,85842128.59791982
2026-08-26 03:50:00,406531256.0,85696788.7648
2026-08-26 03:55:00,406814931.0,85878631.9341
2026-08-26 04:00:00,407117713.0,85999928.38477021
2026-08-26 04:05:00,407016104.0,85780898.78721616
2026-08-26 04:10:00,406828160.0,86003473.024
2026-08-26 04:15:00,406891908.0,85691435.8248
2026-08-26 04:20:00,406940487.0,85986524.9031
2026-08-26 04:25:00,407066610.0,86137830.7009803
2026-08-26 04:30:00,407118878.0,85942795.1458
2026-08-26 04:35:00,407369082.0,85873402.4856
2026-08-26 04:40:00,407510348.0,85961630.56761365
2026-08-26 04:45:00,407506538.0,85943128.8642
2026-08-26 04:50:00,407592952.0,85699515.8644352
2026-08-26 04:55:00,407614945.0,85721422.9335
2026-08-26 05:00:00,407224725.0,85420048.79185125
2026-08-26 05:05:00,407703335.0,85376755.8330817
2026-08-26 05:10:00,407044282.0,85194368.2226
2026-08-26 05:15:00,406894914.0,85169534.4398412
2026-08-26 05:20:00,406863526.0,84941756.80505987
2026-08-26 05:25:00,406895697.0,85529475.5094
2026-08-26 05:30:00,406919192.0,85602369.663464
2026-08-26 05:35:00,407058409.0,85844910.15599401
2026-08-26 05:40:00,407068237.0,85761453.68438485
2026-08-26 05:45:00,407044705.0,85805023.814
2026-08-26 05:50:00,407475860.0,85902960.620378
2026-08-26 05:55:00,407740125.0,85815045.79513125
2026-08-26 06:00:00,407941412.0,85953255.5084
2026-08-26 06:05:00,407930504.0,85991750.2432
2026-08-26 06:10:00,407917636.0,86274580.014
2026-08-26 06:15:00,408240956.0,86098017.6204
2026-08-26 06:20:00,407984373.0,85792353.34083939
2026-08-26 06:25:00,408077977.0,85698631.84121281
2026-08-26 06:30:00,407927450.0,85640900.744175
2026-08-26 06:35:00,407928763.0,85672313.59984429
2026-08-26 06:40:00,407806402.0,85680125.0602
2026-08-26 06:45:00,407401625.0,85858348.41659126
2026-08-26 06:50:00,407405864.0,85758934.372
2026-08-26 06:55:00,407308980.0,85835923.7940282
2026-08-26 07:00:00,407268540.0,85772693.1222504
2026-08-26 07:05:00,407581169.0,86040384.7759
2026-08-26 07:10:00,407733779.0,85787187.1016
2026-08-26 07:15:00,407927899.0,85868822.7395
2026-08-26 07:20:00,407890086.0,85860863.103
2026-08-26 07:25:00,407913561.0,85722533.11046997
2026-08-26 07:30:00,407938440.0,85748660.088
2026-08-26 07:35:00,408057093.0,85787580.98460618
2026-08-26 07:40:00,407947136.0,85750487.9872
2026-08-26 07:45:00,407879513.0,85777061.5839
2026-08-26 07:50:00,408088255.0,86025004.154
2026-08-26 07:55:00,408018924.0,85815254.128797
2026-08-26 08:00:00,408051992.0,85707154.70876168
2026-08-26 08:05:00,408090906.0,85729737.8870406
2026-08-26 08:10:00,407893795.0,86024801.3655
2026-08-26 08:15:00,408002094.0,86088441.834
2026-08-26 08:20:00,408142757.0,86077307.4513
2026-08-26 08:25:00,407704855.0,85903412.9485
2026-08-26 08:30:00,407869234.0,86060408.374
2026-08-26 08:35:00,407903296.0,85909271.87069055
2026-08-26 08:40:00,407940041.0,85929701.81816177
2026-08-26 08:45:00,407995989.0,86209552.4757
2026-08-26 08:50:00,408186459.0,86052889.6388784
2026-08-26 08:55:00,407862680.0,85528803.996
2026-08-26 09:00:00,408144050.0,85832693.715
2026-08-26 09:05:00,408208031.0,85899726.22336875
2026-08-26 09:10:00,408322432.0,85796627.7473536
2026-08-26 09:15:00,408628122.0,85821639.14186604
2026-08-26 09:20:00,407803948.0,85067903.5528
2026-08-26 09:25:00,407412357.0,84701029.0203
2026-08-26 09:30:00,407626353.0,84949331.9652
2026-08-26 09:35:00,407853201.0,85122939.61740975
2026-08-26 09:40:00,407747837.0,84949315.85768719
2026-08-26 09:45:00,407336693.0,84674186.32971495
2026-08-26 09:50:00,406453222.0,84643070.575056
2026-08-26 09:55:00,407441610.0,84917436.1524981
2026-08-26 10:00:00,407363427.0,85030190.207991
2026-08-26 10:05:00,407327525.0,84968521.715
2026-08-26 10:10:00,407132470.0,85009259.736
2026-08-26 10:15:00,406490810.0,85101684.3144457
2026-08-26 10:20:00,406108994.0,85388213.1075939
2026-08-26 10:25:00,405683678.0,85355845.8512
2026-08-26 10:30:00,405494659.0,85497336.42111959
2026-08-26 10:35:00,405373610.0,85371682.266
2026-08-26 10:40:00,405401690.0,85618347.7616234
2026-08-26 10:45:00,406396088.0,85871493.3944
2026-08-26 10:50:00,406495937.0,86177138.644
2026-08-26 10:55:00,406686242.0,86176814.6798
2026-08-26 11:00:00,406969960.0,86196237.528
2026-08-26 11:05:00,406815940.0,86326342.468
2026-08-26 11:10:00,406502706.0,86044362.73858704
2026-08-26 11:15:00,406415517.0,86042021.83215633
2026-08-26 11:20:00,406513570.0,85896049.0420438
2026-08-26 11:25:00,406620367.0,85830838.03903349
2026-08-26 11:30:00,406444315.0,85556528.3075
2026-08-26 11:35:00,406594487.0,85518567.13082942
2026-08-26 11:40:00,406049893.0,85229872.5407
2026-08-26 11:45:00,405892963.0,85377490.35936092
2026-08-26 11:50:00,405598313.0,85199133.92830583
2026-08-26 11:55:00,405766980.0,85413949.29
2026-08-26 12:00:00,405879087.0,85356371.9961
2026-08-26 12:05:00,405936669.0,85310314.825399
2026-08-26 12:10:00,406755529.0,85377985.5371
2026-08-26 12:15:00,406926094.0,85291709.3024
2026-08-26 12:20:00,407092671.0,85489460.91
2026-08-26 12:25:00,407046860.0,86131115.576
2026-08-26 12:30:00,406951952.0,86218391.03765713
2026-08-26 12:35:00,405070426.0,85394472.22901714
2026-08-26 12:40:00,405387132.0,85090759.0068
2026-08-26 12:45:00,405416909.0,85097009.1991
2026-08-26 12:50:00,405741856.0,85205789.76
2026-08-26 12:55:00,405493050.0,85057657.613397
2026-08-26 13:00:00,405295554.0,84975141.29003663
2026-08-26 13:05:00,405117471.0,84828616.76281343
2026-08-26 13:10:00,404882944.0,84296628.9408
2026-08-26 13:15:00,404402482.0,84237037.0006
2026-08-26 13:20:00,404472184.0,84170661.4904
2026-08-26 13:25:00,404741902.0,83822047.9042
2026-08-26 13:30:00,404467064.0,83755595.66570152
2026-08-26 13:35:00,405964867.0,84684271.2562
2026-08-26 13:40:00,405984789.0,84815406.84785552
2026-08-26 13:45:00,406143897.0,84965303.2524
2026-08-26 13:50:00,406060195.0,84785368.716
2026-08-26 13:55:00,405808688.0,84327045.3664
2026-08-26 14:00:00,405693006.0,84664974.06061332
2026-08-26 14:05:00,405912350.0,84813404.680232
2026-08-26 14:10:00,406696325.0,85080871.19
2026-08-26 14:15:00,407004472.0,84826642.90073456
2026-08-26 14:20:00,406942902.0,84978874.8471852
2026-08-26 14:25:00,406123137.0,84359272.58800901
2026-08-26 14:30:00,405261306.0,83848564.2114
2026-08-26 14:35:00,405126265.0,83647679.87723415
2026-08-26 14:40:00,405572715.0,83560308.700536
2026-08-26 14:45:00,407711107.0,83969133.99575071
2026-08-26 14:50:00,406422680.0,83560503.008
2026-08-26 14:55:00,405990396.0,83327657.16327444
2026-08-26 15:00:00,405260991.0,82925395.5526002
2026-08-26 15:05:00,400240419.0,81088708.8894
2026-08-26 15:10:00,401853280.0,82141064.8289008
2026-08-26 15:15:00,403469406.0,82146371.0616
2026-08-26 15:20:00,403811898.0,82016409.37300104
2026-08-26 15:25:00,404498973.0,82606877.34581351
2026-08-26 15:30:00,405455888.0,83199548.2176
2026-08-26 15:35:00,404932738.0,82613769.807653
2026-08-26 15:40:00,405572024.0,82980036.1104
2026-08-26 15:45:00,405814894.0,83119351.5317399
2026-08-26 15:50:00,405833671.0,83373828.15303981
2026-08-26 15:55:00,406015460.0,83141937.626138
2026-08-26 16:00:00,405985307.0,83064894.24132718
2026-08-26 16:05:00,406203893.0,83239720.1435698
2026-08-26 16:10:00,406031271.0,83155204.3008
2026-08-26 16:15:00,406060270.0,82994512.4036028
2026-08-26 16:20:00,407064263.0,83063905.250728
2026-08-26 16:25:00,406871122.0,82879647.5514
2026-08-26 16:30:00,406636226.0,82817697.09188232
2026-08-26 16:35:00,406811452.0,82883687.93630412
2026-08-26 16:40:00,406294124.0,82486202.78213283
2026-08-26 16:45:00,402830877.0,81590445.41433036
2026-08-26 16:50:00,402823086.0,82095344.9268
2026-08-26 16:55:00,402699720.0,81949393.02
2026-08-26 17:00:00,402606500.0,81942041.97359
2026-08-26 17:05:00,403001968.0,82091500.8816
2026-08-26 17:10:00,403180541.0,82335852.85196944
2026-08-26 17:15:00,403129603.0,82356938.95880185
2026-08-26 17:20:00,403919656.0,82971329.82269208
2026-08-26 17:25:00,404282733.0,83039673.3582
2026-08-26 17:30:00,404478385.0,83443890.8255
2026-08-26 17:35:00,404091551.0,83530964.65911648
2026-08-26 17:40:00,404160129.0,83381338.56249072
2026-08-26 17:45:00,404163401.0,83059091.08545469
2026-08-26 17:50:00,404141992.0,82889522.5592
2026-08-26 17:55:00,404301892.0,83084038.806
2026-08-26 18:00:00,404412945.0,83025977.6085
2026-08-26 18:05:00,404269476.0,82834815.6324
2026-08-26 18:10:00,404282904.0,82918423.6104
2026-08-26 18:15:00,404244778.0,82910603.9678
2026-08-26 18:20:00,404129642.0,83042692.64266977
2026-08-26 18:25:00,404055744.0,83033455.392
2026-08-26 18:30:00,404113631.0,82924117.0812
2026-08-26 18:35:00,404101052.0,82961945.9756
2026-08-26 18:40:00,404150322.0,82850816.01
2026-08-26 18:45:00,404338790.0,82889451.95
2026-08-26 18:50:00,404366668.0,83220536.53573953
2026-08-26 18:55:00,404460516.0,83286954.3612876
2026-08-26 19:00:00,404318179.0,83329976.6919
2026-08-26 19:05:00,404166019.0,83227289.29686688
2026-08-26 19:10:00,404146448.0,83137701.36461537
2026-08-26 19:15:00,404315730.0,83086882.515
2026-08-26 19:20:00,404285666.0,83080704.363
2026-08-26 19:25:00,404292755.0,83162809.4712674
2026-08-26 19:30:00,403874586.0,83313038.76449598
2026-08-26 19:35:00,403889159.0,83120388.9222
2026-08-26 19:40:00,403909280.0,82922575.184
2026-08-26 19:45:00,403887357.0,82837296.9207
2026-08-26 19:50:00,403946882.0,83054670.1195678
2026-08-26 19:55:00,404169991.0,83016516.1514
2026-08-26 20:00:00,404056994.0,83160909.4087112
2026-08-26 20:05:00,403882022.0,83199696.532
2026-08-26 20:10:00,403863693.0,83276713.68978465
2026-08-26 20:15:00,403838578.0,83046439.39053749
2026-08-26 20:20:00,403849252.0,82829481.5852
2026-08-26 20:25:00,403199437.0,82459199.86763702
2026-08-26 20:30:00,403122045.0,82673305.01225565
2026-08-26 20:35:00,403211031.0,82554390.16130409
2026-08-26 20:40:00,403215065.0,82578445.312
2026-08-26 20:45:00,403196901.0,82662352.10729434
2026-08-26 20:50:00,403227312.0,82782567.1536
2026-08-26 20:55:00,403235922.0,82721421.91804956
2026-08-26 21:00:00,402867438.0,82950405.4842
2026-08-26 21:05:00,403088760.0,83036284.56
2026-08-26 21:10:00,402662853.0,83472009.4269
2026-08-26 21:15:00,401994869.0,83481542.81456842
2026-08-26 21:20:00,401982506.0,83572162.9974
2026-08-26 21:25:00,401714052.0,83636865.6264
2026-08-26 21:30:00,401204498.0,83617131.73974952
2026-08-26 21:35:00,401172441.0,83486656.78055707
2026-08-26 21:40:00,401091171.0,83575872.67614546
2026-08-26 21:45:00,400856362.0,83297984.09210896
2026-08-26 21:50:00,400563421.0,83277135.2259
2026-08-26 21:55:00,399378658.0,83310388.0588
2026-08-26 22:00:00,399290400.0,83331906.48
2026-08-26 22:05:00,399086917.0,83568800.4198
2026-08-26 22:10:00,398633253.0,83324909.67187198
2026-08-26 22:15:00,398266111.0,83424539.41553675
2026-08-26 22:20:00,398060510.0,83950961.559
2026-08-26 22:25:00,398251454.0,83871756.2124
2026-08-26 22:30:00,398200803.0,83989126.59799662
2026-08-26 22:35:00,399048307.0,84106046.92118005
2026-08-26 22:40:00,400200442.0,84070507.051382
2026-08-26 22:45:00,399825155.0,84184405.85197274
2026-08-26 22:50:00,400350875.0,84153753.925
2026-08-26 22:55:00,400594740.0,84164954.874
2026-08-26 23:00:00,400507859.0,84226802.7477
2026-08-26 23:05:00,400666819.0,84349893.25645582
2026-08-26 23:10:00,400717338.0,84190712.7138
2026-08-26 23:15:00,400737687.0,84322386.55677417
2026-08-26 23:20:00,400799388.0,84568670.868
2026-08-26 23:25:00,400860897.0,84782079.7155
2026-08-26 23:30:00,400647228.0,84736888.722
2026-08-26 23:35:00,400550628.0,84663981.68422572
2026-08-26 23:40:00,400726731.0,84954066.972
2026-08-26 23:45:00,400794228.0,85153795.76969963
2026-08-26 23:50:00,400482670.0,85142615.642
2026-08-26 23:55:00,400205649.0,85043700.4125
2026-08-27 00:00:00,400051294.0,84895197.13974932
2026-08-27 00:05:00,399569690.0,84389118.528
2026-08-27 00:10:00,397607558.0,84113974.32071392
2026-08-27 00:15:00,397265374.0,83822993.914
2026-08-27 00:20:00,397199696.0,83928295.7648
2026-08-27 00:25:00,397099943.0,83874727.23856375
2026-08-27 00:30:00,397060602.0,83859199.1424
2026-08-27 00:35:00,397039904.0,83775419.744
2026-08-27 00:40:00,397066675.0,83781068.425
2026-08-27 00:45:00,397115361.0,83831052.7071
2026-08-27 00:50:00,397053624.0,83675001.3110352
2026-08-27 00:55:00,397843813.0,83825691.3991
2026-08-27 01:00:00,397624669.0,83723178.31894939
2026-08-27 01:05:00,397554304.0,83702736.99006464
2026-08-27 01:10:00,397269892.0,83386950.3308
2026-08-27 01:15:00,397167443.0,83325729.5414
2026-08-27 01:20:00,396944868.0,83429876.32568868
2026-08-27 01:25:00,397268269.0,83704424.2783
2026-08-27 01:30:00,398163069.0,84171672.7866
2026-08-27 01:35:00,398065528.0,84230406.9822068
2026-08-27 01:40:00,398208335.0,84172377.9014629
2026-08-27 01:45:00,398039567.0,83716135.49654637
2026-08-27 01:50:00,398171216.0,84173395.0624
2026-08-27 01:55:00,398158774.0,84095349.57021666
2026-08-27 02:00:00,398288388.0,83941010.3254878
2026-08-27 02:05:00,398481211.0,84199079.8843
2026-08-27 02:10:00,398453848.0,84228047.24248408
2026-08-27 02:15:00,398479172.0,84003318.53827731
2026-08-27 02:20:00,398232053.0,83709755.42350338
2026-08-27 02:25:00,398032092.0,83467329.6924
2026-08-27 02:30:00,397946724.0,83369838.678
2026-08-27 02:35:00,398167625.0,83535567.725
2026-08-27 02:40:00,399279725.0,83489390.4975
2026-08-27 02:45:00,399194952.0,83272066.9872
2026-08-27 02:50:00,400525634.0,83749910.0694
2026-08-27 02:55:00,400538848.0,83749665.07005152
2026-08-27 03:00:00,400715953.0,83730039.1668983
2026-08-27 03:05:00,400808379.0,83768951.211
2026-08-27 03:10:00,400861952.0,83747405.56376064
2026-08-27 03:15:00,399366601.0,83108189.6681
2026-08-27 03:20:00,399646712.0,83486198.1368
2026-08-27 03:25:00,399437149.0,83735523.41166471
2026-08-27 03:30:00,399523943.0,83770418.46765137
2026-08-27 03:35:00,399566873.0,83629346.5189
2026-08-27 03:40:00,399537318.0,83543253.1938
2026-08-27 03:45:00,399599249.0,83456786.66874129
2026-08-27 03:50:00,399846346.0,83509036.92879573
2026-08-27 03:55:00,399931996.0,83465807.5652
2026-08-27 04:00:00,399700013.0,83577272.7183
2026-08-27 04:05:00,399666660.0,83610265.272
2026-08-27 04:10:00,399467329.0,83728352.1584
2026-08-27 04:15:00,399539247.0,83783380.0959
2026-08-27 04:20:00,399381151.0,83830103.5949
2026-08-27 04:25:00,399321636.0,83657882.742
2026-08-27 04:30:00,399199853.0,83501096.32383949
2026-08-27 04:35:00,399249296.0,83323328.0752
2026-08-27 04:40:00,399154171.0,83385094.53258608
2026-08-27 04:45:00,399043613.0,83479923.8396
2026-08-27 04:50:00,398726781.0,83174406.5166
2026-08-27 04:55:00,398665221.0,83201431.6227
2026-08-27 05:00:00,398625625.0,83233030.5
2026-08-27 05:05:00,398461329.0,83059523.02991384
2026-08-27 05:10:00,397932162.0,83065278.71917422
2026-08-27 05:15:00,397806811.0,82863158.7313
2026-08-27 05:20:00,397946469.0,82812660.1989
2026-08-27 05:25:00,398299427.0,83129368.15074597
2026-08-27 05:30:00,398433900.0,82914094.59
2026-08-27 05:35:00,398293830.0,82663339.3189263
2026-08-27 05:40:00,398591203.0,83026651.21861278
2026-08-27 05:45:00,398644554.0,83049819.257097
2026-08-27 05:50:00,398731691.0,83392564.07225096
2026-08-27 05:55:00,397889610.0,83293355.4947385
2026-08-27 06:00:00,398236263.0,83430497.0985
2026-08-27 06:05:00,398247312.0,83244671.86886495
2026-08-27 06:10:00,398108780.0,83204735.02
2026-08-27 06:15:00,398200180.0,83104377.566
2026-08-27 06:20:00,397929890.0,83127554.021
2026-08-27 06:25:00,397831274.0,83146736.266
2026-08-27 06:30:00,397979840.0,83217584.544
2026-08-27 06:35:00,398675529.0,83482655.7726
2026-08-27 06:40:00,398756234.0,83547864.7173491
2026-08-27 06:45:00,398796962.0,83627722.9314
2026-08-27 06:50:00,399069530.0,83804601.3
2026-08-27 06:55:00,399497012.0,83974271.9224
2026-08-27 07:00:00,399513106.0,84097508.813
2026-08-27 07:05:00,399633869.0,84135362.0341646
2026-08-27 07:10:00,399569354.0,84077818.99927586
2026-08-27 07:15:00,399576198.0,84184583.41124664
2026-08-27 07:20:00,399650414.0,84246307.2712
2026-08-27 07:25:00,399744269.0,84074806.27759811
2026-08-27 07:30:00,399290517.0,83930866.6734
2026-08-27 07:35:00,399256542.0,84062770.21171692
2026-08-27 07:40:00,399380237.0,84069539.8885
2026-08-27 07:45:00,399366592.0,83990664.15987648
2026-08-27 07:50:00,399223580.0,83956718.874
2026-08-27 07:55:00,399263463.0,84254544.33113259
2026-08-27 08:00:00,398476166.0,84099677.92755452
2026-08-27 08:05:00,399244119.0,84879299.6994
2026-08-27 08:10:00,400010901.0,85315705.00288846
2026-08-27 08:15:00,405615248.0,86558293.9232
2026-08-27 08:20:00,405535160.0,86333236.6032488
2026-08-27 08:25:00,405598344.0,86514126.7752
2026-08-27 08:30:00,405179511.0,86844843.3471488
2026-08-27 08:35:00,405537964.0,87208651.92408304
2026-08-27 08:40:00,405516696.0,87100760.81682768
2026-08-27 08:45:00,406249440.0,87424879.488
2026-08-27 08:50:00,405930766.0,87509673.66451778
2026-08-27 08:55:00,405541130.0,87254745.2502642
2026-08-27 09:00:00,403492116.0,86557729.92757285
2026-08-27 09:05:00,402543896.0,86158676.00143008
2026-08-27 09:10:00,402806713.0,86321478.5959
2026-08-27 09:15:00,402726396.0,86384811.942
2026-08-27 09:20:00,402695238.0,86619745.6938
2026-08-27 09:25:00,403707242.0,87079652.0994
2026-08-27 09:30:00,403008233.0,87254450.08921137
2026-08-27 09:35:00,402357787.0,86793153.48751606
2026-08-27 09:40:00,402375802.0,86832698.0716
2026-08-27 09:45:00,402404298.0,86864263.36386168
2026-08-27 09:50:00,402429923.0,86812605.54097915
2026-08-27 09:55:00,402059751.0,86483052.4401
2026-08-27 10:00:00,402081762.0,86334975.8325519
2026-08-27 10:05:00,401185792.0,86214826.7008
2026-08-27 10:10:00,401134178.0,86644982.448
2026-08-27 10:15:00,400965472.0,86141084.37577824
2026-08-27 10:20:00,400853660.0,86143451.534
2026-08-27 10:25:00,400343212.0,85753516.0104
2026-08-27 10:30:00,396904565.0,84388705.5251528
2026-08-27 10:35:00,399729450.0,84862562.235
2026-08-27 10:40:00,400787965.0,84620318.8957192
2026-08-27 10:45:00,401919694.0,85247167.0974
2026-08-27 10:50:00,401406594.0,85069601.72224344
2026-08-27 10:55:00,401117166.0,85379990.91634133
2026-08-27 11:00:00,401062778.0,85386265.4362
2026-08-27 11:05:00,401023937.0,85567933.15458131
2026-08-27 11:10:00,400669967.0,85518064.19545689
2026-08-27 11:15:00,400843676.0,85459871.7232
2026-08-27 11:20:00,400798241.0,85426217.2463882
2026-08-27 11:25:00,401080509.0,85670796.7224
2026-08-27 11:30:00,401951811.0,85213783.932
2026-08-27 11:35:00,402204824.0,85432809.3116288
2026-08-27 11:40:00,402108190.0,85126303.823
2026-08-27 11:45:00,402007641.0,85212470.22206289
2026-08-27 11:50:00,401666715.0,84765064.41661096
2026-08-27 11:55:00,401963354.0,85055445.7064
2026-08-27 12:00:00,402008009.0,84963697.22829443
2026-08-27 12:05:00,401955214.0,84953700.74694824
2026-08-27 12:10:00,402149664.0,84853579.104
2026-08-27 12:15:00,402163346.0,85128823.08881158
2026-08-27 12:20:00,402108947.0,85005831.3958
2026-08-27 12:25:00,401981001.0,85099377.9117
2026-08-27 12:30:00,401467631.0,84929076.21601781
2026-08-27 12:35:00,401747170.0,84849002.304
2026-08-27 12:40:00,401693470.0,84837660.864
2026-08-27 12:45:00,401478263.0,84832356.9719
2026-08-27 12:50:00,401426904.0,84901790.196
2026-08-27 12:55:00,401411679.0,84917757.5867562
2026-08-27 13:00:00,403075651.0,85290807.7516
2026-08-27 13:05:00,403291644.0,85420852.25190972
2026-08-27 13:10:00,403411687.0,85482936.4753
2026-08-27 13:15:00,403161246.0,85349235.7782
2026-08-27 13:20:00,404288951.0,85628399.8218
2026-08-27 13:25:00,404334748.0,85880700.4752
2026-08-27 13:30:00,404056559.0,85838947.1579811
2026-08-27 13:35:00,404381752.0,85227534.44587769
2026-08-27 13:40:00,404384448.0,85446433.8624
2026-08-27 13:45:00,404232593.0,85333500.3823
2026-08-27 13:50:00,404292589.0,84997002.28633603
2026-08-27 13:55:00,403048265.0,85218058.4962182
2026-08-27 14:00:00,403675030.0,86063516.396
2026-08-27 14:05:00,404801538.0,86587048.9782
2026-08-27 14:10:00,404706614.0,86208712.93439262
2026-08-27 14:15:00,404685856.0,86198087.328
2026-08-27 14:20:00,404575955.0,86741084.752
2026-08-27 14:25:00,406032377.0,87134876.99042536
2026-08-27 14:30:00,408174708.0,87757562.22
2026-08-27 14:35:00,408533938.0,87753089.8824
2026-08-27 14:40:00,408767570.0,88049127.2909765
2026-08-27 14:45:00,411770693.0,89305042.01860036
2026-08-27 14:50:00,411075326.0,88627840.2856
2026-08-27 14:55:00,410386255.0,88068890.323
2026-08-27 15:00:00,410360933.0,88095464.374574
2026-08-27 15:05:00,410628448.0,88206066.23747551
2026-08-27 15:10:00,410239634.0,87998473.2031517
2026-08-27 15:15:00,411340407.0,88602723.6678
2026-08-27 15:20:00,411302423.0,88694698.16722474
2026-08-27 15:25:00,411810832.0,88471742.48625216
2026-08-27 15:30:00,411722858.0,88479242.1842
2026-08-27 15:35:00,407133884.0,86882370.8456
2026-08-27 15:40:00,408669984.0,87700578.5664
2026-08-27 15:45:00,409611942.0,87944613.76650834
2026-08-27 15:50:00,409366127.0,87727161.0161
2026-08-27 15:55:00,408526478.0,87613005.16888756
2026-08-27 16:00:00,408627876.0,87609816.6144
2026-08-27 16:05:00,409046999.0,87904200.0851
2026-08-27 16:10:00,409571654.0,87718088.10439274
2026-08-27 16:15:00,409089285.0,87819446.35541385
2026-08-27 16:20:00,409059620.0,88283619.4326542
2026-08-27 16:25:00,409717913.0,88430035.83683863
2026-08-27 16:30:00,409600514.0,88268910.767
2026-08-27 16:35:00,409369111.0,88308597.00722235
2026-08-27 16:40:00,409122674.0,88429877.64890435
2026-08-27 16:45:00,408697450.0,88756371.5623305
2026-08-27 16:50:00,408307874.0,88480316.2958
2026-08-27 16:55:00,407914738.0,88231957.8294
2026-08-27 17:00:00,407922575.0,87907314.9125
2026-08-27 17:05:00,407929184.0,87786360.3968
2026-08-27 17:10:00,408158652.0,88236631.25680788
2026-08-27 17:15:00,407427759.0,88176134.89297368
2026-08-27 17:20:00,408817936.0,88754373.9056
2026-08-27 17:25:00,408518541.0,88689375.2511
2026-08-27 17:30:00,408729006.0,88448956.8984
2026-08-27 17:35:00,408210729.0,88143244.55633736
2026-08-27 17:40:00,408433704.0,88221680.064
2026-08-27 17:45:00,408669725.0,87823123.9025
2026-08-27 17:50:00,408439883.0,88094315.3208667
2026-08-27 17:55:00,408403217.0,88051733.5852
2026-08-27 18:00:00,408328660.0,88035659.096
2026-08-27 18:05:00,408377726.0,88092572.26239195
2026-08-27 18:10:00,408219086.0,87948381.33952002
2026-08-27 18:15:00,408780810.0,87501882.8701575
2026-08-27 18:20:00,408662655.0,87113727.2817621
2026-08-27 18:25:00,407979325.0,87002190.78585775
2026-08-27 18:30:00,407840288.0,86747629.2576
2026-08-27 18:35:00,408047669.0,86811847.78542832
2026-08-27 18:40:00,407764393.0,86846639.0556832
2026-08-27 18:45:00,407759701.0,86821969.29161935
2026-08-27 18:50:00,407784579.0,86827099.23192126
2026-08-27 18:55:00,407812261.0,86875707.64864548
2026-08-27 19:00:00,407477126.0,87200104.964
2026-08-27 19:05:00,406975187.0,87255480.0928
2026-08-27 19:10:00,406966536.0,87251423.62944023
2026-08-27 19:15:00,406154113.0,87263527.11737612
2026-08-27 19:20:00,406382767.0,87210899.98908596
2026-08-27 19:25:00,406334010.0,86996111.541
2026-08-27 19:30:00,406283467.0,87130439.11612041
2026-08-27 19:35:00,406222360.0,87053451.748
2026-08-27 19:40:00,406278072.0,86862068.9684676
2026-08-27 19:45:00,406274413.0,86820842.0581
2026-08-27 19:50:00,407503994.0,87205854.716
2026-08-27 19:55:00,407030149.0,87255561.82881625
2026-08-27 20:00:00,407296757.0,87039316.9709
2026-08-27 20:05:00,406232642.0,86730669.067
2026-08-27 20:10:00,406056688.0,86693102.888
2026-08-27 20:15:00,406000733.0,86559356.2756
2026-08-27 20:20:00,405714364.0,86750466.05345692
2026-08-27 20:25:00,405766026.0,87036812.577
2026-08-27 20:30:00,406610596.0,87136650.7228
2026-08-27 20:35:00,406483443.0,87028105.1463
2026-08-27 20:40:00,406550074.0,86928362.00614817
2026-08-27 20:45:00,406525587.0,86921979.80418225
2026-08-27 20:50:00,406383676.0,86855822.26200712
2026-08-27 20:55:00,406586351.0,86705502.96040186
2026-08-27 21:00:00,406422739.0,86933823.8721
2026-08-27 21:05:00,406403045.0,86914948.3036364
2026-08-27 21:10:00,406501881.0,87072702.9102
2026-08-27 21:15:00,406318941.0,86992885.2681
2026-08-27 21:20:00,406565222.0,86761018.3748
2026-08-27 21:25:00,406616579.0,86837154.53004791
2026-08-27 21:30:00,406557114.0,86566706.08826934
2026-08-27 21:35:00,406662686.0,86780064.47622333
2026-08-27 21:40:00,406653733.0,86576579.7557
2026-08-27 21:45:00,406658712.0,86601185.3242248
2026-08-27 21:50:00,406463003.0,86820497.4408
2026-08-27 21:55:00,406627685.0,86855673.516
2026-08-27 22:00:00,406363387.0,86944027.05615745
2026-08-27 22:05:00,405962436.0,87224147.16610847
2026-08-27 22:10:00,406046428.0,87218772.7344
2026-08-27 22:15:00,406226600.0,87166669.848102
2026-08-27 22:20:00,406159691.0,87330486.88431865
2026-08-27 22:25:00,406026162.0,87133214.3652
2026-08-27 22:30:00,406040207.0,87002823.91219015
2026-08-27 22:35:00,405897539.0,87055166.92325307
2026-08-27 22:40:00,405732733.0,86948524.6819
2026-08-27 22:45:00,405596298.0,86882896.56154343
2026-08-27 22:50:00,405609409.0,86781552.6884815
2026-08-27 22:55:00,405675548.0,86855134.8268
2026-08-27 23:00:00,405712663.0,86883955.06481135
2026-08-27 23:05:00,405821145.0,86829788.43363585
2026-08-27 23:10:00,405728710.0,86825943.94
2026-08-27 23:15:00,406094507.0,86660567.7938
2026-08-27 23:20:00,405944943.0,86831623.3077
2026-08-27 23:25:00,406824477.0,87101120.5257
2026-08-27 23:30:00,406862902.0,87273422.92068954
2026-08-27 23:35:00,406737402.0,87204498.9888
2026-08-27 23:40:00,406744739.0,87094131.8219798
2026-08-27 23:45:00,406890454.0,87000348.47499949
2026-08-27 23:50:00,406782355.0,86826554.684156
2026-08-27 23:55:00,406874190.0,86939847.5274993
2026-08-28 00:00:00,407014828.0,86938367.2608
2026-08-28 00:05:00,407176425.0,86810013.81
2026-08-28 00:10:00,407046281.0,86792158.3338283
2026-08-28 00:15:00,406819046.0,86686198.36967523
2026-08-28 00:20:00,406485815.0,86947315.8285
2026-08-28 00:25:00,406363913.0,86921240.9907
2026-08-28 00:30:00,406441832.0,87138141.4333348
2026-08-28 00:35:00,406626192.0,87148694.7461088
2026-08-28 00:40:00,406593760.0,87329325.90564
2026-08-28 00:45:00,406969435.0,87177142.4348449
2026-08-28 00:50:00,407102530.0,87120800.4063383
2026-08-28 00:55:00,407379053.0,87172122.64366
2026-08-28 01:00:00,407267996.0,87237778.11371043
2026-08-28 01:05:00,407282978.0,87533966.30414172
2026-08-28 01:10:00,407441151.0,87518359.2348
2026-08-28 01:15:00,407479402.0,87613698.72054163
2026-08-28 01:20:00,408013040.0,88212419.248
2026-08-28 01:25:00,408345450.0,88447624.47
2026-08-28 01:30:00,408608088.0,88651279.79992872
2026-08-28 01:35:00,409777644.0,88974216.67753775
2026-08-28 01:40:00,409674955.0,88384327.65633436
2026-08-28 01:45:00,409841610.0,88410101.7687453
2026-08-28 01:50:00,408561699.0,87858987.1367754
2026-08-28 01:55:00,407562264.0,87585130.5336
2026-08-28 02:00:00,407459936.0,87359410.2784
2026-08-28 02:05:00,406919232.0,87132374.0445024
2026-08-28 02:10:00,406733223.0,86918889.7551
2026-08-28 02:15:00,406053936.0,86489488.368
2026-08-28 02:20:00,408554293.0,86992227.6889822
2026-08-28 02:25:00,408229560.0,86503843.764
2026-08-28 02:30:00,409082973.0,86602865.3841
2026-08-28 02:35:00,407871346.0,86512351.27116816
2026-08-28 02:40:00,407843447.0,86350115.46272495
2026-08-28 02:45:00,408683542.0,86319101.22252294
2026-08-28 02:50:00,407959207.0,85983726.2429585
2026-08-28 02:55:00,397287108.0,83333330.78842153
2026-08-28 03:00:00,397047375.0,83301627.1848075
2026-08-28 03:05:00,397300124.0,83196703.98024233
2026-08-28 03:10:00,397493773.0,82920472.4215518
2026-08-28 03:15:00,397402288.0,83096818.4208
2026-08-28 03:20:00,397838198.0,83466453.9404
2026-08-28 03:25:00,398627143.0,83831288.1729
2026-08-28 03:30:00,398560626.0,83697731.46
2026-08-28 03:35:00,398412443.0,83706454.2743
2026-08-28 03:40:00,398416136.0,83547863.7192
2026-08-28 03:45:00,398394339.0,83583132.3222
2026-08-28 03:50:00,398500762.0,83646632.96632984
2026-08-28 03:55:00,398676968.0,83722163.28
2026-08-28 04:00:00,398924207.0,83774083.47
2026-08-28 04:05:00,399208812.0,83634246.114
2026-08-28 04:10:00,399376581.0,83349892.4547
2026-08-28 04:15:00,398937636.0,83856691.0872
2026-08-28 04:20:00,398819585.0,83931549.7576832
2026-08-28 04:25:00,398899206.0,83928392.9424
2026-08-28 04:30:00,398788615.0,83865245.7345
2026-08-28 04:35:00,399480366.0,83796495.62872884
2026-08-28 04:40:00,399337247.0,83701086.9712
2026-08-28 04:45:00,399014774.0,83753201.0626
2026-08-28 04:50:00,399156144.0,83742959.0112
2026-08-28 04:55:00,398871972.0,83763114.12
2026-08-28 05:00:00,399083703.0,83821042.71413922
2026-08-28 05:05:00,399147585.0,83900822.367
2026-08-28 05:10:00,399010224.0,83592641.928
2026-08-28 05:15:00,399084783.0,83807804.43
2026-08-28 05:20:00,398633052.0,83455830.57412104
2026-08-28 05:25:00,398664156.0,83369198.45925528
2026-08-28 05:30:00,398647241.0,83516596.9895
2026-08-28 05:35:00,398723312.0,83771767.8512
2026-08-28 05:40:00,399136803.0,83698987.5891
2026-08-28 05:45:00,399363291.0,83872752.80804838
2026-08-28 05:50:00,399500445.0,84054893.628
2026-08-28 05:55:00,399624019.0,83904815.2585884
2026-08-28 06:00:00,399879051.0,83814649.0896
2026-08-28 06:05:00,399751382.0,83973038.51728712
2026-08-28 06:10:00,399862424.0,84039121.63969816
2026-08-28 06:15:00,399821102.0,84162341.971
2026-08-28 06:20:00,399872822.0,84097533.1057954
2026-08-28 06:25:00,399802520.0,84017396.1230448
2026-08-28 06:30:00,400013537.0,84047844.2929125
2026-08-28 06:35:00,400267984.0,84237874.22166096
2026-08-28 06:40:00,399963295.0,84174535.22536676
2026-08-28 06:45:00,399669979.0,84170497.5774
2026-08-28 06:50:00,399436706.0,84363888.2796479
2026-08-28 06:55:00,399291982.0,84286464.6219836
2026-08-28 07:00:00,399497337.0,84274726.28006367
2026-08-28 07:05:00,399236736.0,84039332.928
2026-08-28 07:10:00,399644958.0,83725538.7720084
2026-08-28 07:15:00,399673309.0,83691590.9046
2026-08-28 07:20:00,399611713.0,83838537.3874
2026-08-28 07:25:00,399577460.0,83819463.678565
2026-08-28 07:30:00,399127862.0,83593291.52193657
2026-08-28 07:35:00,399030231.0,83452129.07153016
2026-08-28 07:40:00,399003160.0,83338565.0894988
2026-08-28 07:45:00,398626159.0,83153416.7674
2026-08-28 07:50:00,398204213.0,83304321.3596
2026-08-28 07:55:00,399414189.0,83585634.99811773
2026-08-28 08:00:00,399504367.0,83616264.0131
2026-08-28 08:05:00,399657630.0,83791087.6747071
2026-08-28 08:10:00,399875436.0,83873948.67733283
2026-08-28 08:15:00,399820652.0,83842390.7244
2026-08-28 08:20:00,399812409.0,84000587.1309
2026-08-28 08:25:00,399822534.0,83963863.63777122
2026-08-28 08:30:00,399596331.0,83835310.2438
2026-08-28 08:35:00,399763481.0,83830401.9657
2026-08-28 08:40:00,399752868.0,83748225.846
2026-08-28 08:45:00,400009713.0,83772914.1663936
2026-08-28 08:50:00,399939406.0,83496229.6573132
2026-08-28 08:55:00,399805629.0,83607864.88768512
2026-08-28 09:00:00,400028957.0,83606052.013
2026-08-28 09:05:00,399990863.0,83405822.75897317
2026-08-28 09:10:00,399993472.0,83598635.648
2026-08-28 09:15:00,400126667.0,83586460.7363
2026-08-28 09:20:00,400111421.0,83743320.4153
2026-08-28 09:25:00,400186309.0,83737788.6011861
2026-08-28 09:30:00,399553643.0,83386845.2941
2026-08-28 09:35:00,399844854.0,83251305.20338307
2026-08-28 09:40:00,399707858.0,83299117.6072
2026-08-28 09:45:00,399408678.0,82957182.4206
2026-08-28 09:50:00,399480290.0,83040043.7835551
2026-08-28 09:55:00,399282026.0,83050661.408
2026-08-28 10:00:00,399062551.0,82885291.8427
2026-08-28 10:05:00,398476451.0,82154352.13535316
2026-08-28 10:10:00,398865336.0,82206145.7496
2026-08-28 10:15:00,398999001.0,82446344.61367296
2026-08-28 10:20:00,399777563.0,82594044.5158
2026-08-28 10:25:00,399972401.0,82594300.8065
2026-08-28 10:30:00,400133577.0,82907677.1544
2026-08-28 10:35:00,399926987.0,83104827.8986
2026-08-28 10:40:00,399800316.0,83175944.99781552
2026-08-28 10:45:00,399849394.0,83150104.94614264
2026-08-28 10:50:00,399941864.0,83307890.2712
2026-08-28 10:55:00,399781822.0,83434466.2514
2026-08-28 11:00:00,399812658.0,83560845.522
2026-08-28 11:05:00,399457692.0,83806223.7816
2026-08-28 11:10:00,399507971.0,83696919.9245
2026-08-28 11:15:00,399472236.0,83766531.583548
2026-08-28 11:20:00,401118567.0,84165894.64291899
2026-08-28 11:25:00,401149462.0,84201272.0738
2026-08-28 11:30:00,400668154.0,83859844.6322
2026-08-28 11:35:00,400628855.0,83905652.16517384
2026-08-28 11:40:00,400640285.0,83695798.8019535
2026-08-28 11:45:00,400706750.0,83867922.775
2026-08-28 11:50:00,399935785.0,83725756.71818
2026-08-28 11:55:00,399893022.0,83649402.4007979
2026-08-28 12:00:00,400021955.0,83654107.31280945
2026-08-28 12:05:00,399914461.0,83605561.3355592
2026-08-28 12:10:00,399898572.0,83570603.627274
2026-08-28 12:15:00,399890478.0,83417153.7108
2026-08-28 12:20:00,399769915.0,83463531.1021918
2026-08-28 12:25:00,400084085.0,83436119.6290891
2026-08-28 12:30:00,400022036.0,83284587.8952
2026-08-28 12:35:00,400982651.0,83307918.99199592
2026-08-28 12:40:00,400920136.0,83271112.2472
2026-08-28 12:45:00,400614993.0,83305680.40573858
2026-08-28 12:50:00,400603891.0,83266003.47505811
2026-08-28 12:55:00,400766688.0,83439624.4416
2026-08-28 13:00:00,400592984.0,83406519.79919776
2026-08-28 13:05:00,400451944.0,83455662.79727335
2026-08-28 13:10:00,400447512.0,83253037.7448
2026-08-28 13:15:00,400481614.0,83143651.47798423
2026-08-28 13:20:00,400475909.0,83131890.49896975
2026-08-28 13:25:00,400355891.0,82993776.2043
2026-08-28 13:30:00,400657516.0,83024526.91920604
2026-08-28 13:35:00,400131395.0,83107290.7415
2026-08-28 13:40:00,400042976.0,82973801.74756671
2026-08-28 13:45:00,400180116.0,82860334.3866816
2026-08-28 13:50:00,399570850.0,82838844.819409
2026-08-28 13:55:00,399111242.0,83142239.30212732
2026-08-28 14:00:00,398674914.0,82966262.9117157
2026-08-28 14:05:00,397045652.0,81473767.7904
2026-08-28 14:10:00,396236388.0,81268083.1788
2026-08-28 14:15:00,396076246.0,81037199.9316
2026-08-28 14:20:00,394737285.0,81291288.5771445
2026-08-28 14:25:00,393239250.0,81164581.2
2026-08-28 14:30:00,392702275.0,81281002.43951975
2026-08-28 14:35:00,390335279.0,81502006.2552
2026-08-28 14:40:00,389801914.0,81878242.8574226
2026-08-28 14:45:00,389430241.0,81883000.5272252
2026-08-28 14:50:00,387431275.0,81046721.29706074
2026-08-28 14:55:00,386037610.0,81145105.622
2026-08-28 15:00:00,385584916.0,81165624.818
2026-08-28 15:05:00,385034321.0,80818703.9779
2026-08-28 15:10:00,383947877.0,79988867.15884773
2026-08-28 15:15:00,384353226.0,80008512.62412852
2026-08-28 15:20:00,384937604.0,80451959.236
2026-08-28 15:25:00,385179592.0,80695124.524
2026-08-28 15:30:00,386584120.0,80834739.492
2026-08-28 15:35:00,386527733.0,80625912.59312592
2026-08-28 15:40:00,386988986.0,80609805.7838
2026-08-28 15:45:00,386982963.0,79855486.21673162
2026-08-28 15:50:00,386753963.0,79735788.2636321
2026-08-28 15:55:00,387257499.0,79780249.53478657
2026-08-28 16:00:00,385307348.0,78756821.9312
2026-08-28 16:05:00,382804957.0,77671125.7753
2026-08-28 16:10:00,383594705.0,78170003.050074
2026-08-28 16:15:00,383263574.0,77510646.47776327
2026-08-28 16:20:00,383251140.0,77435540.2459512
2026-08-28 16:25:00,381023828.0,76412583.61626776
2026-08-28 16:30:00,378227611.0,76439800.1831
2026-08-28 16:35:00,378760704.0,76509662.208
2026-08-28 16:40:00,378917253.0,77071769.2602
2026-08-28 16:45:00,379306986.0,77037248.8566
2026-08-28 16:50:00,379632412.0,77407048.8068
2026-08-28 16:55:00,379845690.0,77203803.6246036
2026-08-28 17:00:00,379564847.0,77092011.6842361
2026-08-28 17:05:00,378744097.0,76811378.38925156
2026-08-28 17:10:00,378718322.0,76854623.23603734
2026-08-28 17:15:00,378837639.0,77018802.00298227
2026-08-28 17:20:00,378803968.0,77065644.47641088
2026-08-28 17:25:00,378687479.0,76892750.11843573
2026-08-28 17:30:00,379107065.0,76929535.3688537
2026-08-28 17:35:00,379311114.0,76938628.08619806
2026-08-28 17:40:00,379308567.0,76772053.9608
2026-08-28 17:45:00,379285492.0,76739035.78312792
2026-08-28 17:50:00,379087949.0,77146171.75310132
2026-08-28 17:55:00,379118734.0,76926819.29488438
2026-08-28 18:00:00,379146003.0,76966638.609
2026-08-28 18:05:00,379137652.0,76856528.9444106
2026-08-28 18:10:00,378952267.0,76778397.11815968
2026-08-28 18:15:00,378715351.0,76538372.4371
2026-08-28 18:20:00,379035103.0,76375573.2545
2026-08-28 18:25:00,378982024.0,76077745.89533664
2026-08-28 18:30:00,379314812.0,76282583.20392312
2026-08-28 18:35:00,379411233.0,76214386.98748054
2026-08-28 18:40:00,379402407.0,75905954.47760598
2026-08-28 18:45:00,379676314.0,75979290.06537144
2026-08-28 18:50:00,379443978.0,75774962.4066
2026-08-28 18:55:00,380064201.0,76278885.1407
2026-08-28 19:00:00,380020370.0,76422096.407
2026-08-28 19:05:00,379805880.0,76501259.96136
2026-08-28 19:10:00,379554110.0,76669930.22
2026-08-28 19:15:00,379441619.0,76593880.31286573
2026-08-28 19:20:00,379405668.0,76526123.2356
2026-08-28 19:25:00,379898758.0,76739549.116
2026-08-28 19:30:00,380734016.0,77060564.8384
2026-08-28 19:35:00,380883352.0,76938437.104
2026-08-28 19:40:00,380847618.0,77007388.3596
2026-08-28 19:45:00,380789602.0,76884767.78440158
2026-08-28 19:50:00,381062214.0,76852722.5850735
2026-08-28 19:55:00,381001297.0,76837095.44790956
2026-08-28 20:00:00,381153463.0,76921182.59050155
2026-08-28 20:05:00,381179968.0,76845881.5488
2026-08-28 20:10:00,381155799.0,76993471.398
2026-08-28 20:15:00,381013360.0,77079002.728
2026-08-28 20:20:00,381189571.0,76890384.95299357
2026-08-28 20:25:00,381190942.0,77113105.47389723
2026-08-28 20:30:00,381402484.0,77163443.55046
2026-08-28 20:35:00,381430559.0,76924344.29715234
2026-08-28 20:40:00,380629602.0,76772990.7234
2026-08-28 20:45:00,380377604.0,76691055.44634488
2026-08-28 20:50:00,381349571.0,76994478.3849
2026-08-28 20:55:00,381774391.0,76965717.2256
2026-08-28 21:00:00,381531437.0,76916737.6992
2026-08-28 21:05:00,381811198.0,76934956.397
2026-08-28 21:10:00,381836379.0,76978214.0064
2026-08-28 21:15:00,381834437.0,77175719.65120836
2026-08-28 21:20:00,381906991.0,77031961.48288886
2026-08-28 21:25:00,381834593.0,76949728.01267962
2026-08-28 21:30:00,381597306.0,76879001.14576086
2026-08-28 21:35:00,381899636.0,77067346.5448
2026-08-28 21:40:00,381913654.0,76993792.6464
2026-08-28 21:45:00,382062186.0,76761638.21738213
2026-08-28 21:50:00,382006962.0,76433507.72529534
2026-08-28 21:55:00,381793992.0,76415315.36463577
2026-08-28 22:00:00,381787004.0,76432513.57516696
2026-08-28 22:05:00,381624274.0,76370779.46513316
2026-08-28 22:10:00,381733324.0,76647863.84463573
2026-08-28 22:15:00,381644623.0,76767029.72852662
2026-08-28 22:20:00,381518885.0,76608992.108
2026-08-28 22:25:00,381698256.0,76759519.2816
2026-08-28 22:30:00,381611527.0,76833500.75322339
2026-08-28 22:35:00,381588270.0,76890036.405
2026-08-28 22:40:00,381435965.0,76965588.30683145
2026-08-28 22:45:00,381334537.0,76935867.32487762
2026-08-28 22:50:00,381171879.0,77072953.9338
2026-08-28 22:55:00,381191187.0,77101029.34456767
2026-08-28 23:00:00,381296640.0,77105444.308992
2026-08-28 23:05:00,381025459.0,76985325.25290348
2026-08-28 23:10:00,381166946.0,77148189.8704
2026-08-28 23:15:00,381337173.0,77220777.5325
2026-08-28 23:20:00,381318078.0,77140647.1794
2026-08-28 23:25:00,381820238.0,77318598.195
2026-08-28 23:30:00,382266631.0,77420789.52573267
2026-08-28 23:35:00,382271541.0,77486441.3607
2026-08-28 23:40:00,382298488.0,77453673.6688
2026-08-28 23:45:00,382141865.0,77405005.3215432
2026-08-28 23:50:00,382795001.0,77552077.61519428
2026-08-28 23:55:00,382646558.0,77638986.6182
2026-08-29 00:00:00,382643037.0,77676536.511
2026-08-29 00:05:00,382525938.0,77683960.4042439
2026-08-29 00:10:00,383134793.0,77852989.9376
2026-08-29 00:15:00,383254668.0,77877348.5376
2026-08-29 00:20:00,383444526.0,77862375.82069884
2026-08-29 00:25:00,383482380.0,77923619.616
2026-08-29 00:30:00,383442919.0,77877256.8489
2026-08-29 00:35:00,383696039.0,77781299.38320127
2026-08-29 00:40:00,383763613.0,77815816.88546035
2026-08-29 00:45:00,383815307.0,77827204.69126979
2026-08-29 00:50:00,383787355.0,77756419.59270886
2026-08-29 00:55:00,383996165.0,77874886.89735965
2026-08-29 01:00:00,384185071.0,77816052.22568285
2026-08-29 01:05:00,384189351.0,77815382.37521686
2026-08-29 01:10:00,383989626.0,77755810.36143456
2026-08-29 01:15:00,384181712.0,77702238.03522544
2026-08-29 01:20:00,384129555.0,77728938.1230762
2026-08-29 01:25:00,384258006.0,77863606.14008196
2026-08-29 01:30:00,383438303.0,77731521.53293811
2026-08-29 01:35:00,383450615.0,77763784.722
2026-08-29 01:40:00,383473716.0,77671086.4546218
2026-08-29 01:45:00,383002818.0,77529931.42796154
2026-08-29 01:50:00,383131540.0,77545823.696
2026-08-29 01:55:00,383128894.0,77621913.9244
2026-08-29 02:00:00,383218564.0,77545142.49935465
2026-08-29 02:05:00,383226163.0,77425262.6289551
2026-08-29 02:10:00,383618519.0,77549576.92862915
2026-08-29 02:15:00,383725121.0,77512474.442
2026-08-29 02:20:00,384040106.0,77422485.3696
2026-08-29 02:25:00,384122312.0,77381320.67448328
2026-08-29 02:30:00,384195114.0,77415315.471
2026-08-29 02:35:00,384517143.0,77441752.6002
2026-08-29 02:40:00,384458074.0,77562424.93667668
2026-08-29 02:45:00,384484094.0,77511993.3504
2026-08-29 02:50:00,384498295.0,77507373.9351793
2026-08-29 02:55:00,384337141.0,77597668.7679
2026-08-29 03:00:00,384284494.0,77488954.56435144
2026-08-29 03:05:00,384301226.0,77494822.5994325
2026-08-29 03:10:00,384536075.0,77464507.7520545
2026-08-29 03:15:00,384690011.0,77495641.14614537
2026-08-29 03:20:00,384761825.0,77491031.555
2026-08-29 03:25:00,384647987.0,77545034.1792
2026-08-29 03:30:00,384647337.0,77526374.67697671
2026-08-29 03:35:00,384741680.0,77486974.352
2026-08-29 03:40:00,384690533.0,77399735.2396
2026-08-29 03:45:00,384565149.0,77336051.4639
2026-08-29 03:50:00,384454211.0,77236850.9899
2026-08-29 03:55:00,384337136.0,77213330.6224
2026-08-29 04:00:00,384285703.0,77067752.22238618
2026-08-29 04:05:00,384000688.0,77222538.3568
2026-08-29 04:10:00,383900433.0,77090109.23367348
2026-08-29 04:15:00,384308398.0,77169126.3184
2026-08-29 04:20:00,384564455.0,77143629.673
2026-08-29 04:25:00,384595628.0,77246681.85041133
2026-08-29 04:30:00,384716078.0,77212516.8546
2026-08-29 04:35:00,384730761.0,77184712.20297328
2026-08-29 04:40:00,384802705.0,77246668.74735685
2026-08-29 04:45:00,384873473.0,77205618.6838
2026-08-29 04:50:00,385527622.0,77427397.55633157
2026-08-29 04:55:00,385518733.0,77506181.89500403
2026-08-29 05:00:00,385858423.0,77596128.8653
2026-08-29 05:05:00,386473367.0,77719794.1037
2026-08-29 05:10:00,386479317.0,77735599.5668826
2026-08-29 05:15:00,386470607.0,77794009.53603628
2026-08-29 05:20:00,386454650.0,77862403.678234
2026-08-29 05:25:00,386514099.0,77735514.60354853
2026-08-29 05:30:00,387318284.0,78005902.3976
2026-08-29 05:35:00,387393340.0,78021018.676
2026-08-29 05:40:00,387031894.0,78064333.0198
2026-08-29 05:45:00,386920505.0,78041865.8585
2026-08-29 05:50:00,386922812.0,77964946.618
2026-08-29 05:55:00,386901439.0,77805879.3829
2026-08-29 06:00:00,386954188.0,77893878.0444
2026-08-29 06:05:00,386992679.0,77637546.34847718
2026-08-29 06:10:00,386473898.0,77423626.13285422
2026-08-29 06:15:00,386619916.0,77297043.52425312
2026-08-29 06:20:00,386439847.0,77248150.63816512
2026-08-29 06:25:00,386727962.0,77345592.4
2026-08-29 06:30:00,386780418.0,77356083.6
2026-08-29 06:35:00,387006424.0,77439985.4424
2026-08-29 06:40:00,386983939.0,77396787.8
2026-08-29 06:45:00,386911290.0,77423019.1044015
2026-08-29 06:50:00,387137771.0,77504981.7542
2026-08-29 06:55:00,387074068.0,77427618.01016945
2026-08-29 07:00:00,387186142.0,77494555.18018451
2026-08-29 07:05:00,387352166.0,77702844.4996
2026-08-29 07:10:00,387673695.0,77590106.5571199
2026-08-29 07:15:00,387583570.0,77516714.0
2026-08-29 07:20:00,387466504.0,77570794.1008
2026-08-29 07:25:00,387561535.0,77528340.42070295
2026-08-29 07:30:00,387598644.0,77535899.41542768
2026-08-29 07:35:00,387558890.0,77589289.778
2026-08-29 07:40:00,387627073.0,77722654.75982532
2026-08-29 07:45:00,387796979.0,77709333.62396055
2026-08-29 07:50:00,387773762.0,77632307.1524
2026-08-29 07:55:00,387648094.0,77575101.55086902
2026-08-29 08:00:00,387632410.0,77604008.482
2026-08-29 08:05:00,387904653.0,77326841.41514541
2026-08-29 08:10:00,387995459.0,77290068.93672486
2026-08-29 08:15:00,388036823.0,77355012.61289841
2026-08-29 08:20:00,387671306.0,77298673.3473438
2026-08-29 08:25:00,387411669.0,77427782.36288811
2026-08-29 08:30:00,386679043.0,77253140.48739703
2026-08-29 08:35:00,386702587.0,77138144.3351453
2026-08-29 08:40:00,386486080.0,77026675.744
2026-08-29 08:45:00,386708683.0,77056256.64894891
2026-08-29 08:50:00,386676896.0,77026037.6832
2026-08-29 08:55:00,386697127.0,76952728.273
2026-08-29 09:00:00,386802990.0,77095487.0986839
2026-08-29 09:05:00,386678926.0,77110177.3806253
2026-08-29 09:10:00,386895971.0,77255515.16495043
2026-08-29 09:15:00,386923166.0,77337192.55061674
2026-08-29 09:20:00,387490157.0,77397094.08900307
2026-08-29 09:25:00,387500849.0,77348656.968041
2026-08-29 09:30:00,387499445.0,77383639.1665
2026-08-29 09:35:00,387314607.0,77484475.45787954
2026-08-29 09:40:00,387056901.0,77425484.55347244
2026-08-29 09:45:00,387050053.0,77355939.7075959
2026-08-29 09:50:00,387009038.0,77324405.7924
2026-08-29 09:55:00,387078964.0,77419187.48251428
2026-08-29 10:00:00,387068549.0,77377588.56300732
2026-08-29 10:05:00,387248917.0,77382909.38452327
2026-08-29 10:10:00,387337088.0,77351216.4736
2026-08-29 10:15:00,387365192.0,77461812.55673584
2026-08-29 10:20:00,387215212.0,77597928.4848
2026-08-29 10:25:00,387118880.0,77578623.552
2026-08-29 10:30:00,387119580.0,77517602.8095558
2026-08-29 10:35:00,387140238.0,77522993.7433695
2026-08-29 10:40:00,386834874.0,77458809.3990876
2026-08-29 10:45:00,387147599.0,77545664.0797
2026-08-29 10:50:00,387108679.0,77505057.07206796
2026-08-29 10:55:00,386996684.0,77497668.78743756
2026-08-29 11:00:00,387249813.0,77428408.27540842
2026-08-29 11:05:00,387417624.0,77492404.41194208
2026-08-29 11:10:00,387465358.0,77493071.6
2026-08-29 11:15:00,387379721.0,77553420.1442
2026-08-29 11:20:00,387476242.0,77538343.50763524
2026-08-29 11:25:00,387892173.0,77539645.3827
2026-08-29 11:30:00,387788499.0,77557699.8
2026-08-29 11:35:00,387734751.0,77585723.6751
2026-08-29 11:40:00,387536787.0,77429850.0426
2026-08-29 11:45:00,387655280.0,77337228.36
2026-08-29 11:50:00,387341167.0,77335572.92371418
2026-08-29 11:55:00,387340988.0,77335211.81858996
2026-08-29 12:00:00,387415205.0,77366816.4385
2026-08-29 12:05:00,387282386.0,77460690.83235969
2026-08-29 12:10:00,387045712.0,77370437.8288
2026-08-29 12:15:00,386694038.0,77459688.1562788
2026-08-29 12:20:00,386394790.0,77510794.874
2026-08-29 12:25:00,386762435.0,77323367.65626885
2026-08-29 12:30:00,386696672.0,77361488.25233889
2026-08-29 12:35:00,386654344.0,77270589.3877704
2026-08-29 12:40:00,386683061.0,77359314.3625113
2026-08-29 12:45:00,386421632.0,77331574.17294464
2026-08-29 12:50:00,386503943.0,77378089.3886
2026-08-29 12:55:00,386646159.0,77303608.75904307
2026-08-29 13:00:00,386608229.0,77304901.79760201
2026-08-29 13:05:00,386710432.0,77191207.45785087
2026-08-29 13:10:00,386749645.0,77230299.5998086
2026-08-29 13:15:00,386882772.0,77337866.1228
2026-08-29 13:20:00,386950019.0,77348371.84745578
2026-08-29 13:25:00,386978556.0,77485950.72947364
2026-08-29 13:30:00,386931604.0,77393804.05722135
2026-08-29 13:35:00,386903493.0,77306691.69985896
2026-08-29 13:40:00,386894325.0,77309974.5964905
2026-08-29 13:45:00,386845884.0,77326534.77820668
2026-08-29 13:50:00,386816425.0,77439909.46562825
2026-08-29 13:55:00,386874106.0,77468796.78908846
2026-08-29 14:00:00,386956054.0,77449339.33843188
2026-08-29 14:05:00,386978288.0,77473053.2576
2026-08-29 14:10:00,387071069.0,77569042.2276
2026-08-29 14:15:00,387200813.0,77595042.9252
2026-08-29 14:20:00,387248869.0,77540451.99516504
2026-08-29 14:25:00,387022857.0,77730711.69136533
2026-08-29 14:30:00,386923178.0,77616789.5068
2026-08-29 14:35:00,386925773.0,77635487.83661553
2026-08-29 14:40:00,386864992.0,77682490.3936
2026-08-29 14:45:00,387506879.0,78154681.39744368
2026-08-29 14:50:00,386253831.0,78100524.6282
2026-08-29 14:55:00,386227065.0,78057942.0502644
2026-08-29 15:00:00,387013507.0,78334285.48283477
2026-08-29 15:05:00,386623428.0,77981945.4276
2026-08-29 15:10:00,386476891.0,78032466.9265152
2026-08-29 15:15:00,386645528.0,78035023.672746
2026-08-29 15:20:00,386901970.0,77946791.4009421
2026-08-29 15:25:00,386902667.0,77960887.4005
2026-08-29 15:30:00,386977672.0,77782512.072
2026-08-29 15:35:00,386992444.0,77708082.7552
2026-08-29 15:40:00,387231323.0,77717326.5261
2026-08-29 15:45:00,387264453.0,77607796.3812
2026-08-29 15:50:00,387418705.0,77832417.8345
2026-08-29 15:55:00,388304468.0,77946806.06283309
2026-08-29 16:00:00,388282788.0,77864778.12789288
2026-08-29 16:05:00,388249296.0,77980973.72960064
2026-08-29 16:10:00,388241241.0,77999804.5261379
2026-08-29 16:15:00,388149872.0,78047154.00092688
2026-08-29 16:20:00,388311202.0,77921733.24384852
2026-08-29 16:25:00,388197330.0,77794744.932
2026-08-29 16:30:00,387910262.0,77659634.4524
2026-08-29 16:35:00,388931391.0,78036423.31343555
2026-08-29 16:40:00,388887945.0,78049810.5615
2026-08-29 16:45:00,388989703.0,78146265.31944838
2026-08-29 16:50:00,388882392.0,78156183.1675488
2026-08-29 16:55:00,388824131.0,77941227.93175209
2026-08-29 17:00:00,388665376.0,77872979.18874496
2026-08-29 17:05:00,388856297.0,78115743.30494933
2026-08-29 17:10:00,388754569.0,78003697.57094656
2026-08-29 17:15:00,388872067.0,78007736.6402
2026-08-29 17:20:00,388996833.0,78008950.31368373
2026-08-29 17:25:00,388944790.0,77905641.437
2026-08-29 17:30:00,389039879.0,77802202.44819564
2026-08-29 17:35:00,389016932.0,77749032.95426096
2026-08-29 17:40:00,388776513.0,77794180.2513
2026-08-29 17:45:00,388629396.0,77764742.1396
2026-08-29 17:50:00,388974583.0,77904070.64748146
2026-08-29 17:55:00,388745102.0,77826769.4204
2026-08-29 18:00:00,388744168.0,77954090.520704
2026-08-29 18:05:00,388888399.0,77949980.69406094
2026-08-29 18:10:00,388835768.0,77965821.45894425
2026-08-29 18:15:00,389078120.0,78074030.233398
2026-08-29 18:20:00,389128962.0,78071484.53531718
2026-08-29 18:25:00,389074082.0,78203890.482
2026-08-29 18:30:00,389196209.0,78201054.16373476
2026-08-29 18:35:00,388994308.0,78110057.0464
2026-08-29 18:40:00,389382182.0,78382633.2366
2026-08-29 18:45:00,389278558.0,78301283.73027238
2026-08-29 18:50:00,389150747.0,78452790.5952
2026-08-29 18:55:00,389001914.0,78273510.26792164
2026-08-29 19:00:00,389044367.0,78168292.03845295
2026-08-29 19:05:00,388976113.0,78300891.5469
2026-08-29 19:10:00,389591969.0,78541740.9504
2026-08-29 19:15:00,389954803.0,78656878.61798704
2026-08-29 19:20:00,390626232.0,78867436.2408
2026-08-29 19:25:00,391495970.0,79008232.351267
2026-08-29 19:30:00,391533237.0,79011407.2266
2026-08-29 19:35:00,391667084.0,78938123.36100012
2026-08-29 19:40:00,391698860.0,78888150.404
2026-08-29 19:45:00,391768941.0,79015227.37384795
2026-08-29 19:50:00,391693776.0,79004634.6192
2026-08-29 19:55:00,391639773.0,78915414.2595
2026-08-29 20:00:00,391716955.0,78941217.66521235
2026-08-29 20:05:00,391820804.0,79008706.02258
2026-08-29 20:10:00,391856054.0,78998180.4864
2026-08-29 20:15:00,391901300.0,78968111.95
2026-08-29 20:20:00,391893766.0,79084161.9788
2026-08-29 20:25:00,391941174.0,78997417.20851298
2026-08-29 20:30:00,392032798.0,78993958.02255532
2026-08-29 20:35:00,392089648.0,78944572.65250416
2026-08-29 20:40:00,392181892.0,78962109.99168275
2026-08-29 20:45:00,392204563.0,79040299.22340475
2026-08-29 20:50:00,392277287.0,79043873.3305
2026-08-29 20:55:00,392261593.0,79001484.8302
2026-08-29 21:00:00,392253451.0,78960619.6863
2026-08-29 21:05:00,392290472.0,78867065.06286944
2026-08-29 21:10:00,392231242.0,79000408.38794728
2026-08-29 21:15:00,392191957.0,79026679.3355
2026-08-29 21:20:00,392213736.0,79031067.804
2026-08-29 21:25:00,392199907.0,78949841.2791
2026-08-29 21:30:00,392166888.0,78843341.02137744
2026-08-29 21:35:00,392224968.0,78954886.0584
2026-08-29 21:40:00,392154566.0,78940714.1358
2026-08-29 21:45:00,392110562.0,78892645.0744
2026-08-29 21:50:00,392315847.0,79051643.1705
2026-08-29 21:55:00,392357617.0,79042023.14584652
2026-08-29 22:00:00,392359269.0,78942684.9228
2026-08-29 22:05:00,392061236.0,78843514.5596
2026-08-29 22:10:00,392052113.0,78872440.33308598
2026-08-29 22:15:00,392307057.0,78853718.457
2026-08-29 22:20:00,392325864.0,78848961.65319936
2026-08-29 22:25:00,392322445.0,78877380.91079135
2026-08-29 22:30:00,392135619.0,78884730.38194823
2026-08-29 22:35:00,392147607.0,78900098.5284
2026-08-29 22:40:00,392085404.0,78907524.74844743
2026-08-29 22:45:00,392108954.0,78914063.9862993
2026-08-29 22:50:00,392277459.0,78965452.4967
2026-08-29 22:55:00,391704598.0,78850135.5774
2026-08-29 23:00:00,391627115.0,78733784.34162395
2026-08-29 23:05:00,391635018.0,78796965.6216
2026-08-29 23:10:00,391753786.0,78820861.7432
2026-08-29 23:15:00,391946332.0,78859601.9984
2026-08-29 23:20:00,392311157.0,78972235.9041
2026-08-29 23:25:00,392693914.0,78970746.1054
2026-08-29 23:30:00,392627591.0,78995882.1277421
2026-08-29 23:35:00,392602912.0,78869618.16685537
2026-08-29 23:40:00,392625709.0,78990630.98807622
2026-08-29 23:45:00,392623047.0,78917232.447
2026-08-29 23:50:00,392573849.0,79025115.8037
2026-08-29 23:55:00,392331849.0,79015634.3886
2026-08-30 00:00:00,392323928.0,79104783.6237464
2026-08-30 00:05:00,392062040.0,79000501.06
2026-08-30 00:10:00,392134668.0,79015135.602
2026-08-30 00:15:00,392118622.0,79023665.89166
2026-08-30 00:20:00,391898686.0,79124344.7034
2026-08-30 00:25:00,391769787.0,78919915.86969595
2026-08-30 00:30:00,391678979.0,78848276.40970318
2026-08-30 00:35:00,391546664.0,78800300.99292289
2026-08-30 00:40:00,391628311.0,78952267.4976
2026-08-30 00:45:00,391669596.0,78863049.15741216
2026-08-30 00:50:00,391381386.0,78849322.17012575
2026-08-30 00:55:00,391492849.0,78710745.21621267
2026-08-30 01:00:00,391528722.0,78662012.04529668
2026-08-30 01:05:00,391303254.0,78678860.06574504
2026-08-30 01:10:00,391398115.0,78543370.5337739
2026-08-30 01:15:00,389853073.0,78066315.73236004
2026-08-30 01:20:00,389441916.0,78046909.42632696
2026-08-30 01:25:00,390113617.0,78238643.48473716
2026-08-30 01:30:00,389980036.0,78157646.12532128
2026-08-30 01:35:00,392484080.0,78693058.04
2026-08-30 01:40:00,392357437.0,78824609.0933
2026-08-30 01:45:00,392334132.0,78728681.96972077
2026-08-30 01:50:00,392245961.0,78723764.3727
2026-08-30 01:55:00,392210464.0,78638198.032
2026-08-30 02:00:00,392627404.0,78682531.7616
2026-08-30 02:05:00,392959769.0,78861469.18716633
2026-08-30 02:10:00,392825384.0,78762750.46148264
2026-08-30 02:15:00,393004583.0,78980441.1258031
2026-08-30 02:20:00,392924545.0,78881897.0880928
2026-08-30 02:25:00,392868074.0,78809335.6444
2026-08-30 02:30:00,393077791.0,78871129.51815239
2026-08-30 02:35:00,393039338.0,78882995.1366
2026-08-30 02:40:00,393058764.0,78956583.2536572
2026-08-30 02:45:00,393161531.0,78997454.97191624
2026-08-30 02:50:00,393099568.0,78973703.2112
2026-08-30 02:55:00,393160143.0,79044142.99349403
2026-08-30 03:00:00,393125328.0,78900253.3296
2026-08-30 03:05:00,393104299.0,78876959.38871253
2026-08-30 03:10:00,393106079.0,78835089.09334074
2026-08-30 03:15:00,393096604.0,78874680.28492443
2026-08-30 03:20:00,391510741.0,78498717.91284128
2026-08-30 03:25:00,391462031.0,78460730.95870969
2026-08-30 03:30:00,391475314.0,78556157.2606723
2026-08-30 03:35:00,391771553.0,78714709.08703576
2026-08-30 03:40:00,393327313.0,79040889.58698536
2026-08-30 03:45:00,394333725.0,79261078.725
2026-08-30 03:50:00,394353755.0,79186234.004
2026-08-30 03:55:00,394426697.0,79182319.03723918
2026-08-30 04:00:00,394442870.0,79167232.1099402
2026-08-30 04:05:00,394520725.0,79219761.58
2026-08-30 04:10:00,394504694.0,79126461.35337204
2026-08-30 04:15:00,394468120.0,79130304.872
2026-08-30 04:20:00,394497369.0,79182647.9564419
2026-08-30 04:25:00,394485573.0,79133249.71914206
2026-08-30 04:30:00,394483392.0,79211511.65032127
2026-08-30 04:35:00,394459526.0,79117295.42856114
2026-08-30 04:40:00,394635818.0,79087433.09840617
2026-08-30 04:45:00,394455576.0,78982770.89763936
2026-08-30 04:50:00,394423081.0,78904384.68481971
2026-08-30 04:55:00,396610052.0,79401332.4104
2026-08-30 05:00:00,396821362.0,79483318.8086
2026-08-30 05:05:00,397117150.0,79774366.3966265
2026-08-30 05:10:00,396957192.0,79730316.78523847
2026-08-30 05:15:00,397037704.0,79764874.7336
2026-08-30 05:20:00,397059400.0,79729527.52
2026-08-30 05:25:00,397123777.0,79742454.4216
2026-08-30 05:30:00,396770637.0,79671543.9096
2026-08-30 05:35:00,396699188.0,79577857.1128
2026-08-30 05:40:00,396737170.0,79625150.019
2026-08-30 05:45:00,396757263.0,79668858.4104
2026-08-30 05:50:00,396730738.0,79682361.03122547
2026-08-30 05:55:00,396556209.0,79654405.68102024
2026-08-30 06:00:00,396582749.0,79713132.549
2026-08-30 06:05:00,396671945.0,79653071.27389355
2026-08-30 06:10:00,396624423.0,79602521.6961
2026-08-30 06:15:00,396628385.0,79523991.1925
2026-08-30 06:20:00,396541233.0,79625479.5864
2026-08-30 06:25:00,396547517.0,79691715.72426045
2026-08-30 06:30:00,396621891.0,79721000.091
2026-08-30 06:35:00,396436834.0,79624710.75952396
2026-08-30 06:40:00,397222077.0,80137579.8410273
2026-08-30 06:45:00,397609899.0,80158155.6384
2026-08-30 06:50:00,397763267.0,80308403.6073
2026-08-30 06:55:00,397660475.0,80388492.62235525
2026-08-30 07:00:00,397860810.0,80537666.7420594
2026-08-30 07:05:00,397754225.0,80366861.657841
2026-08-30 07:10:00,397508848.0,80144191.59942976
2026-08-30 07:15:00,397215323.0,80179692.47219704
2026-08-30 07:20:00,396312788.0,79896658.0608
2026-08-30 07:25:00,396395075.0,79768293.368974
2026-08-30 07:30:00,395820164.0,79678599.0132
2026-08-30 07:35:00,395767793.0,79588903.1723
2026-08-30 07:40:00,395741801.0,79504527.8209
2026-08-30 07:45:00,395774435.0,79431929.1045
2026-08-30 07:50:00,395611816.0,79339008.14267792
2026-08-30 07:55:00,395648976.0,79446314.3808
2026-08-30 08:00:00,395600825.0,79337781.05782425
2026-08-30 08:05:00,395472212.0,79410820.1696
2026-08-30 08:10:00,395634740.0,79444781.168379
2026-08-30 08:15:00,396034035.0,79523634.228
2026-08-30 08:20:00,395962499.0,79499069.80522576
2026-08-30 08:25:00,396025635.0,79473810.59206575
2026-08-30 08:30:00,396018105.0,79520435.484
2026-08-30 08:35:00,396208520.0,79519049.964
2026-08-30 08:40:00,396299880.0,79416205.3386936
2026-08-30 08:45:00,396113280.0,79321446.652032
2026-08-30 08:50:00,396101044.0,79302387.88359869
2026-08-30 08:55:00,396157093.0,79389881.4372
2026-08-30 09:00:00,396146673.0,79387793.2692
2026-08-30 09:05:00,396138416.0,79425752.408
2026-08-30 09:10:00,396163918.0,79430865.559
2026-08-30 09:15:00,396089788.0,79495220.4516
2026-08-30 09:20:00,396573533.0,79588191.63982746
2026-08-30 09:25:00,396375023.0,79393917.1069
2026-08-30 09:30:00,395958221.0,79152048.3779
2026-08-30 09:35:00,395993985.0,79217159.24108446
2026-08-30 09:40:00,395922130.0,79184426.0
2026-08-30 09:45:00,395730713.0,79227845.16300598
2026-08-30 09:50:00,396090321.0,79326743.46227598
2026-08-30 09:55:00,395987624.0,79316321.0872
2026-08-30 10:00:00,395996893.0,79476576.4251
2026-08-30 10:05:00,395971607.0,79313647.44376945
2026-08-30 10:10:00,395870721.0,79479027.99448536
2026-08-30 10:15:00,396004311.0,79391138.3113924
2026-08-30 10:20:00,395922775.0,79380532.81439725
2026-08-30 10:25:00,395996218.0,79555640.1962
2026-08-30 10:30:00,395700776.0,79535855.976
2026-08-30 10:35:00,395308654.0,79615162.9156
2026-08-30 10:40:00,395305523.0,79614532.3322
2026-08-30 10:45:00,395329159.0,79642284.96648744
2026-08-30 10:50:00,395360732.0,79704723.5712
2026-08-30 10:55:00,395165988.0,79562953.17185292
2026-08-30 11:00:00,395270770.0,79635067.6398382
2026-08-30 11:05:00,394646664.0,79402908.7968
2026-08-30 11:10:00,394646960.0,79523154.1371984
2026-08-30 11:15:00,394703500.0,79572225.6
2026-08-30 11:20:00,394715062.0,79574556.4992
2026-08-30 11:25:00,394618982.0,79594648.6694
2026-08-30 11:30:00,394642760.0,79599444.692
2026-08-30 11:35:00,394403211.0,79432806.6954
2026-08-30 11:40:00,394139382.0,79215942.09412338
2026-08-30 11:45:00,393841876.0,79026983.59103788
2026-08-30 11:50:00,393915966.0,79094733.45919009
2026-08-30 11:55:00,394168258.0,79188403.0322
2026-08-30 12:00:00,394158982.0,79237858.9832564
2026-08-30 12:05:00,394542234.0,79539714.3744
2026-08-30 12:10:00,394707733.0,79967786.7058
2026-08-30 12:15:00,394251558.0,80033066.274
2026-08-30 12:20:00,394353174.0,79825919.87222934
2026-08-30 12:25:00,394164012.0,79720412.45534256
2026-08-30 12:30:00,394579681.0,80020759.3068
2026-08-30 12:35:00,395006152.0,79835017.28576463
2026-08-30 12:40:00,393608493.0,79548276.4353
2026-08-30 12:45:00,395299855.0,80029783.8522628
2026-08-30 12:50:00,395610434.0,80031990.7982
2026-08-30 12:55:00,395669532.0,80083513.2768
2026-08-30 13:00:00,395753860.0,80417184.352
2026-08-30 13:05:00,395898646.0,80418353.53982145
2026-08-30 13:10:00,395969730.0,80342258.217
2026-08-30 13:15:00,395872697.0,80245153.35667469
2026-08-30 13:20:00,395914882.0,80291538.0696
2026-08-30 13:25:00,396538706.0,80497357.318
2026-08-30 13:30:00,396718788.0,80613257.7216
2026-08-30 13:35:00,396976508.0,80665626.4256
2026-08-30 13:40:00,397464122.0,80844202.4148
2026-08-30 13:45:00,397806088.0,81072880.7344
2026-08-30 13:50:00,398277258.0,81527354.7126
2026-08-30 13:55:00,399048311.0,81525569.9373
2026-08-30 14:00:00,398611174.0,81536087.04450482
2026-08-30 14:05:00,399031007.0,81528594.79985508
2026-08-30 14:10:00,398744873.0,81822447.9396
2026-08-30 14:15:00,398225380.0,81715847.976
2026-08-30 14:20:00,398386265.0,81543640.86131056
2026-08-30 14:25:00,398546184.0,81476789.12604
2026-08-30 14:30:00,399236394.0,81739898.8493964
2026-08-30 14:35:00,399340602.0,81705087.1692
2026-08-30 14:40:00,399175999.0,81452321.64834885
2026-08-30 14:45:00,399136495.0,81463758.6295
2026-08-30 14:50:00,399526518.0,81543362.3238
2026-08-30 14:55:00,399610661.0,81760341.2406
2026-08-30 15:00:00,399772892.0,81793533.7032
2026-08-30 15:05:00,398899655.0,81215969.758
2026-08-30 15:10:00,398943083.0,81344494.6237
2026-08-30 15:15:00,398143341.0,80669259.61747101
2026-08-30 15:20:00,398039257.0,80803843.93590046
2026-08-30 15:25:00,395923586.0,80530857.3924
2026-08-30 15:30:00,395812124.0,80429023.5968
2026-08-30 15:35:00,396357726.0,80738068.7862
2026-08-30 15:40:00,396437470.0,80714668.892
2026-08-30 15:45:00,396575017.0,80703015.9595
2026-08-30 15:50:00,396599443.0,80549346.8733
2026-08-30 15:55:00,396785804.0,80587196.7924
2026-08-30 16:00:00,396777964.0,80599325.07039513
2026-08-30 16:05:00,397093275.0,81047297.32901774
2026-08-30 16:10:00,398170414.0,81083725.71647464
2026-08-30 16:15:00,397919612.0,81533728.4988
2026-08-30 16:20:00,399754610.0,82003354.1113003
2026-08-30 16:25:00,399732241.0,81868176.93789715
2026-08-30 16:30:00,399272475.0,81495756.41390926
2026-08-30 16:35:00,399641135.0,81726612.1075
2026-08-30 16:40:00,399738944.0,81554691.38620672
2026-08-30 16:45:00,399953258.0,81728420.50928193
2026-08-30 16:50:00,399963885.0,81844813.76913135
2026-08-30 16:55:00,402395986.0,82571656.3272
2026-08-30 17:00:00,402006218.0,82851519.73945616
2026-08-30 17:05:00,402818229.0,82899991.5282
2026-08-30 17:10:00,402621525.0,82859509.845
2026-08-30 17:15:00,402417033.0,82707307.99448988
2026-08-30 17:20:00,402845933.0,82543131.6717
2026-08-30 17:25:00,401097161.0,81749260.89274171
2026-08-30 17:30:00,402253853.0,82124947.11364748
2026-08-30 17:35:00,401942441.0,82192791.73995136
2026-08-30 17:40:00,402878247.0,82590250.13168845
2026-08-30 17:45:00,403003365.0,82494788.8155
2026-08-30 17:50:00,402887021.0,82352544.55887705
2026-08-30 17:55:00,402794142.0,82371402.039
2026-08-30 18:00:00,403089883.0,82552808.0384
2026-08-30 18:05:00,402967621.0,82527768.7808
2026-08-30 18:10:00,403031930.0,82240769.1431746
2026-08-30 18:15:00,402935144.0,82239062.8904
2026-08-30 18:20:00,402981340.0,82409684.03
2026-08-30 18:25:00,403072277.0,82347666.1911
2026-08-30 18:30:00,403099017.0,82730079.1568672
2026-08-30 18:35:00,403072515.0,82919964.9254958
2026-08-30 18:40:00,403252509.0,82877302.4799489
2026-08-30 18:45:00,403089540.0,82794591.516
2026-08-30 18:50:00,403185767.0,82778985.05446109
2026-08-30 18:55:00,403357695.0,82728663.2445
2026-08-30 19:00:00,403451204.0,82747841.9404
2026-08-30 19:05:00,403454956.0,82448517.64477764
2026-08-30 19:10:00,403450307.0,82545932.8122
2026-08-30 19:15:00,403525323.0,82763043.7473
2026-08-30 19:20:00,403561041.0,82568588.9886
2026-08-30 19:25:00,403499705.0,82394639.761
2026-08-30 19:30:00,403435700.0,82412065.644563
2026-08-30 19:35:00,403591073.0,82292219.7847
2026-08-30 19:40:00,402917689.0,81966508.4465467
2026-08-30 19:45:00,402419973.0,81731496.5163
2026-08-30 19:50:00,402265265.0,81619622.2685
2026-08-30 19:55:00,402293178.0,81665515.134
2026-08-30 20:00:00,402180899.0,81682940.5869
2026-08-30 20:05:00,402197353.0,81766721.8649
2026-08-30 20:10:00,402171540.0,81841908.39
2026-08-30 20:15:00,402191683.0,81805788.3222
2026-08-30 20:20:00,402110918.0,81691362.26937422
2026-08-30 20:25:00,401999623.0,81766723.3182
2026-08-30 20:30:00,402067844.0,81499151.9788
2026-08-30 20:35:00,401081114.0,81098601.2508
2026-08-30 20:40:00,401315775.0,80945391.8175
2026-08-30 20:45:00,400952395.0,80322793.29035
2026-08-30 20:50:00,400645013.0,80729970.1195
2026-08-30 20:55:00,400752177.0,80762973.0799792
2026-08-30 21:00:00,400656420.0,80612071.704
2026-08-30 21:05:00,395579624.0,78943677.56432168
2026-08-30 21:10:00,395918383.0,79104492.9234
2026-08-30 21:15:00,395316473.0,78961425.49807262
2026-08-30 21:20:00,395207770.0,78856422.8722212
2026-08-30 21:25:00,394895746.0,78743076.57408375
2026-08-30 21:30:00,394492072.0,78937863.6072
2026-08-30 21:35:00,394247509.0,79007721.21031187
2026-08-30 21:40:00,393990346.0,78916266.3038
2026-08-30 21:45:00,394296169.0,78885123.28645654
2026-08-30 21:50:00,393311627.0,78451683.42504388
2026-08-30 21:55:00,393254112.0,78532846.1664
2026-08-30 22:00:00,393319759.0,78742615.7518
2026-08-30 22:05:00,392692111.0,78891845.0999
2026-08-30 22:10:00,392943890.0,78942427.501
2026-08-30 22:15:00,392880803.0,78733312.9212
2026-08-30 22:20:00,392769167.0,78541241.22050598
2026-08-30 22:25:00,392928476.0,78271352.4192
2026-08-30 22:30:00,392358423.0,78079326.177
2026-08-30 22:35:00,390521537.0,77277573.306171
2026-08-30 22:40:00,390395188.0,77415365.7804
2026-08-30 22:45:00,390062396.0,77286463.86357312
2026-08-30 22:50:00,389911103.0,77163407.2837
2026-08-30 22:55:00,389905225.0,77146893.45879175
2026-08-30 23:00:00,389846362.0,77280616.59845424
2026-08-30 23:05:00,389395796.0,76866730.1304
2026-08-30 23:10:00,389199173.0,76866836.6675
2026-08-30 23:15:00,388975839.0,76786615.68560724
2026-08-30 23:20:00,386826554.0,76204831.138
2026-08-30 23:25:00,383723166.0,74767100.51509236
2026-08-30 23:30:00,381858984.0,73553116.16537352
2026-08-30 23:35:00,381478669.0,73854270.3184
2026-08-30 23:40:00,380794352.0,73150595.0192
2026-08-30 23:45:00,380561264.0,73067762.688
2026-08-30 23:50:00,377074232.0,71871298.84626465
2026-08-30 23:55:00,376081634.0,72155236.66577138
2026-08-31 00:00:00,376041947.0,72422922.60472849
2026-08-31 00:05:00,377090794.0,72816941.25209272
2026-08-31 00:10:00,379397715.0,72692602.194
2026-08-31 00:15:00,378752683.0,72985642.0141
2026-08-31 00:20:00,379241259.0,73345259.4906
2026-08-31 00:25:00,379566258.0,73521984.1746
2026-08-31 00:30:00,379590693.0,73432316.82465783
2026-08-31 00:35:00,379567291.0,73636054.454
2026-08-31 00:40:00,381259649.0,74170473.24705642
2026-08-31 00:45:00,381765766.0,74291618.0636
2026-08-31 00:50:00,381772502.0,74176954.03854243
2026-08-31 00:55:00,381811082.0,74262255.449
2026-08-31 01:00:00,382166278.0,74125578.92526202
2026-08-31 01:05:00,380841708.0,73654786.3272
2026-08-31 01:10:00,381134679.0,73428641.17543522
2026-08-31 01:15:00,381143117.0,73587579.83366542
2026-08-31 01:20:00,380738823.0,73628522.41507944
2026-08-31 01:25:00,380604134.0,73679159.93539783
2026-08-31 01:30:00,380477403.0,73574410.6943038
2026-08-31 01:35:00,380654056.0,73399153.95025168
2026-08-31 01:40:00,380830526.0,73658941.70682634
2026-08-31 01:45:00,380688685.0,73375284.7848449
2026-08-31 01:50:00,380272109.0,73354489.8261
2026-08-31 01:55:00,380260545.0,73203790.2033102
2026-08-31 02:00:00,380287733.0,73205388.6025
2026-08-31 02:05:00,380196823.0,73225908.1098
2026-08-31 02:10:00,380186306.0,73400821.2424124
2026-08-31 02:15:00,380021397.0,73686148.8783
2026-08-31 02:20:00,380199652.0,73530612.6968
2026-08-31 02:25:00,380337133.0,73517376.42100357
2026-08-31 02:30:00,380432360.0,73524256.2510764
2026-08-31 02:35:00,380520736.0,73516606.1952
2026-08-31 02:40:00,380873053.0,73549073.63533609
2026-08-31 02:45:00,381043240.0,73485537.7270696
2026-08-31 02:50:00,381145231.0,73370456.9675
2026-08-31 02:55:00,381210625.0,73197952.3056375
2026-08-31 03:00:00,381695719.0,73438256.3356
2026-08-31 03:05:00,381780565.0,73616627.46681425
2026-08-31 03:10:00,381683333.0,73741219.9356
2026-08-31 03:15:00,381587670.0,73678740.785649
2026-08-31 03:20:00,381734344.0,73587318.86191088
2026-08-31 03:25:00,381906565.0,73843658.4475445
2026-08-31 03:30:00,381831007.0,73846116.7538
2026-08-31 03:35:00,382083624.0,73805718.1470336
2026-08-31 03:40:00,382111846.0,73986203.66247162
2026-08-31 03:45:00,382310478.0,74213460.0615474
2026-08-31 03:50:00,382482190.0,74231650.0331749
2026-08-31 03:55:00,383580178.0,74491270.5676
2026-08-31 04:00:00,383473642.0,74393886.548
2026-08-31 04:05:00,383700560.0,74211122.424012
2026-08-31 04:10:00,384275214.0,74375614.57872492
2026-08-31 04:15:00,384282150.0,74204883.165
2026-08-31 04:20:00,384709521.0,74248937.553
2026-08-31 04:25:00,384690609.0,74129880.3543
2026-08-31 04:30:00,384675309.0,74203867.1061
2026-08-31 04:35:00,384659212.0,74239227.916
2026-08-31 04:40:00,384685669.0,74398208.3846
2026-08-31 04:45:00,384764397.0,74336481.5004
2026-08-31 04:50:00,384954993.0,74219322.6504
2026-08-31 04:55:00,384994172.0,74496372.282
2026-08-31 05:00:00,385539322.0,74601858.807
2026-08-31 05:05:00,385252007.0,74661838.9566
2026-08-31 05:10:00,385401487.0,74661417.46320137
2026-08-31 05:15:00,385365435.0,74683821.303
2026-08-31 05:20:00,385019581.0,75023394.72631505
2026-08-31 05:25:00,387034394.0,75789113.7365194
2026-08-31 05:30:00,387429903.0,75760573.1498866
2026-08-31 05:35:00,387673510.0,75906473.258
2026-08-31 05:40:00,387830816.0,75570734.8685984
2026-08-31 05:45:00,387953502.0,75790437.08978418
2026-08-31 05:50:00,388242740.0,75940279.944
2026-08-31 05:55:00,388671596.0,76003001.0091978
2026-08-31 06:00:00,388748634.0,76004847.9937227
2026-08-31 06:05:00,388653793.0,76059547.2901
2026-08-31 06:10:00,388668430.0,76005293.0385272
2026-08-31 06:15:00,388751551.0,76096390.05136356
2026-08-31 06:20:00,388666442.0,76256355.9204
2026-08-31 06:25:00,388468646.0,75892240.81635314
2026-08-31 06:30:00,387658919.0,75751781.97139527
2026-08-31 06:35:00,387339742.0,75608717.6384
2026-08-31 06:40:00,387583268.0,75733770.5672
2026-08-31 06:45:00,389022040.0,76109345.6064304
2026-08-31 06:50:00,388998820.0,76127069.074
2026-08-31 06:55:00,389499242.0,76225001.6594
2026-08-31 07:00:00,389548013.0,76169456.56660783
2026-08-31 07:05:00,389352255.0,76060675.52887665
2026-08-31 07:10:00,389221866.0,76059207.111591
2026-08-31 07:15:00,389263274.0,76128782.9279273
2026-08-31 07:20:00,389286899.0,76261303.5141
2026-08-31 07:25:00,389517588.0,76399901.8068024
2026-08-31 07:30:00,388390467.0,76008014.3919
2026-08-31 07:35:00,388286270.0,75909965.785
2026-08-31 07:40:00,388397033.0,76048139.0614
2026-08-31 07:45:00,389188332.0,76203075.4056
2026-08-31 07:50:00,389093134.0,76067707.697
2026-08-31 07:55:00,389067703.0,76179456.2474
2026-08-31 08:00:00,389079220.0,76259527.12
2026-08-31 08:05:00,389097881.0,76113685.48816217
2026-08-31 08:10:00,389492804.0,76329083.96656984
2026-08-31 08:15:00,389542142.0,76428168.2604
2026-08-31 08:20:00,389505250.0,76243350.7114725
2026-08-31 08:25:00,389568560.0,76102942.7935216
2026-08-31 08:30:00,389342899.0,76138324.38312805
2026-08-31 08:35:00,388988380.0,76125025.966
2026-08-31 08:40:00,389236858.0,76227449.53674418
2026-08-31 08:45:00,388164337.0,76119026.4857
2026-08-31 08:50:00,388318416.0,76188073.2192
2026-08-31 08:55:00,388466208.0,76372456.4928
2026-08-31 09:00:00,388787146.0,76338169.49926992
2026-08-31 09:05:00,389690297.0,76340329.1823
2026-08-31 09:10:00,388659619.0,76525089.04385072
2026-08-31 09:15:00,389354823.0,76313545.308
2026-08-31 09:20:00,388943966.0,76281219.16170637
2026-08-31 09:25:00,389117191.0,76638148.3244949
2026-08-31 09:30:00,389050508.0,76390954.28095824
2026-08-31 09:35:00,389081345.0,76473381.97342665
2026-08-31 09:40:00,389123888.0,76462843.992
2026-08-31 09:45:00,388824699.0,76399033.62663591
2026-08-31 09:50:00,389022707.0,76559668.7376
2026-08-31 09:55:00,389135391.0,76387277.2533
2026-08-31 10:00:00,388804107.0,76301266.33448628
2026-08-31 10:05:00,388517256.0,76110530.4504
2026-08-31 10:10:00,388134008.0,75998703.63932256
2026-08-31 10:15:00,387859939.0,76253264.0074
2026-08-31 10:20:00,387983588.0,75983505.12011129
2026-08-31 10:25:00,387858892.0,75981556.9428
2026-08-31 10:30:00,387815551.0,76106118.20013708
2026-08-31 10:35:00,387379660.0,75926413.36
2026-08-31 10:40:00,387258181.0,76151068.3249296
2026-08-31 10:45:00,387303791.0,76221386.0688
2026-08-31 10:50:00,388341087.0,76590279.62775975
2026-08-31 10:55:00,388421115.0,76842561.0543288
2026-08-31 11:00:00,387895556.0,76630062.65895703
2026-08-31 11:05:00,387517402.0,76495935.1548
2026-08-31 11:10:00,387395048.0,76471782.4752
2026-08-31 11:15:00,387032669.0,76400248.8606
2026-08-31 11:20:00,386767903.0,76464014.4231
2026-08-31 11:25:00,387331236.0,76518331.4661372
2026-08-31 11:30:00,387165537.0,76426477.0038
2026-08-31 11:35:00,387366431.0,76342149.10582983
2026-08-31 11:40:00,387322737.0,76281381.01560399
2026-08-31 11:45:00,387095626.0,76141709.6342
2026-08-31 11:50:00,386975714.0,76002030.2296
2026-08-31 11:55:00,386611837.0,75853242.4194
2026-08-31 12:00:00,386677975.0,75944687.25646675
2026-08-31 12:05:00,386764167.0,76269893.7324
2026-08-31 12:10:00,387127286.0,76293442.81791596
2026-08-31 12:15:00,387223898.0,76419979.93722606
2026-08-31 12:20:00,387070687.0,76562581.8886
2026-08-31 12:25:00,387277053.0,76232540.70467667
2026-08-31 12:30:00,386655200.0,76055441.295888
2026-08-31 12:35:00,386661932.0,76056402.0244
2026-08-31 12:40:00,386466642.0,75631521.8394
2026-08-31 12:45:00,385556924.0,75283914.38048632
2026-08-31 12:50:00,385844025.0,75117283.89439575
2026-08-31 12:55:00,385533342.0,75063341.6874
2026-08-31 13:00:00,385639722.0,75212009.1331596
2026-08-31 13:05:00,385636678.0,75353406.8812
2026-08-31 13:10:00,385610382.0,75467449.24356474
2026-08-31 13:15:00,385397971.0,75463647.48545498
2026-08-31 13:20:00,385304371.0,75288474.0934
2026-08-31 13:25:00,385139963.0,75445529.5200256
2026-08-31 13:30:00,385254910.0,75532357.2279183
2026-08-31 13:35:00,385420988.0,75542513.648
2026-08-31 13:40:00,385580698.0,75554533.91729303
2026-08-31 13:45:00,384829715.0,75026162.6419767
2026-08-31 13:50:00,383680160.0,74510687.072
2026-08-31 13:55:00,383140487.0,74405882.5754
2026-08-31 14:00:00,382539643.0,74212690.742
2026-08-31 14:05:00,382551417.0,74329740.3231
2026-08-31 14:10:00,382006000.0,74300167.0
2026-08-31 14:15:00,381714732.0,74185437.4775262
2026-08-31 14:20:00,381237887.0,74188892.8102
2026-08-31 14:25:00,381435843.0,73964682.0391416
2026-08-31 14:30:00,381300598.0,74162966.311
2026-08-31 14:35:00,381396427.0,74067186.1234
2026-08-31 14:40:00,381101420.0,74390997.184
2026-08-31 14:45:00,381871400.0,75037730.1
2026-08-31 14:50:00,382041090.0,74913165.1412703
2026-08-31 14:55:00,382709419.0,75129234.44677559
2026-08-31 15:00:00,382731477.0,75321554.6736
2026-08-31 15:05:00,383628534.0,75322926.86629026
2026-08-31 15:10:00,383364053.0,75331036.4145
2026-08-31 15:15:00,382337171.0,74954147.50055371
2026-08-31 15:20:00,381833130.0,74616390.7536999
2026-08-31 15:25:00,381009251.0,74525409.4956
2026-08-31 15:30:00,380901832.0,74618668.8888
2026-08-31 15:35:00,380986733.0,74587913.86484946
2026-08-31 15:40:00,380878145.0,74614028.6055
2026-08-31 15:45:00,382816022.0,75414756.334
2026-08-31 15:50:00,382733412.0,75242407.30592053
2026-08-31 15:55:00,382339234.0,75014957.7108
2026-08-31 16:00:00,381679924.0,74698318.38369168
2026-08-31 16:05:00,381216969.0,74680404.2271
2026-08-31 16:10:00,381382209.0,74573448.19450812
2026-08-31 16:15:00,381084010.0,74565168.6572996
2026-08-31 16:20:00,379780340.0,74317236.0790286
2026-08-31 16:25:00,379468974.0,73969295.13022056
2026-08-31 16:30:00,379632085.0,74180109.409
2026-08-31 16:35:00,379662698.0,74262023.7288
2026-08-31 16:40:00,379120158.0,74221122.94558074
2026-08-31 16:45:00,378879512.0,74449824.108
2026-08-31 16:50:00,378778909.0,74398234.40235491
2026-08-31 16:55:00,378666405.0,74445815.223
2026-08-31 17:00:00,378718891.0,74237173.85657944
2026-08-31 17:05:00,378630473.0,74135846.6134
2026-08-31 17:10:00,378568097.0,74200607.643763
2026-08-31 17:15:00,378557647.0,74378362.9345601
2026-08-31 17:20:00,378611716.0,74245757.5076
2026-08-31 17:25:00,378687059.0,74240382.3314906
2026-08-31 17:30:00,378487802.0,74099354.02239677
2026-08-31 17:35:00,378517587.0,74310390.99139825
2026-08-31 17:40:00,377923765.0,74602151.211
2026-08-31 17:45:00,378035450.0,74562305.866126
2026-08-31 17:50:00,378245828.0,74665726.4472
2026-08-31 17:55:00,378629350.0,74892885.43
2026-08-31 18:00:00,379067099.0,74903658.7624
2026-08-31 18:05:00,378757367.0,74684362.3942142
2026-08-31 18:10:00,378727137.0,74798609.5575
2026-08-31 18:15:00,378210473.0,74734389.4648
2026-08-31 18:20:00,377634129.0,74998138.0194
2026-08-31 18:25:00,377297482.0,74596684.97221276
2026-08-31 18:30:00,376969359.0,74564539.2102
2026-08-31 18:35:00,378813553.0,75080846.2046
2026-08-31 18:40:00,378946406.0,75372440.1534
2026-08-31 18:45:00,378031296.0,75827286.53814527
2026-08-31 18:50:00,378475673.0,75716147.56936496
2026-08-31 18:55:00,378992491.0,75646901.2036
2026-08-31 19:00:00,377972506.0,75518906.6988
2026-08-31 19:05:00,377414620.0,75407441.076
2026-08-31 19:10:00,377214178.0,75480557.0178
2026-08-31 19:15:00,377331048.0,75389675.54353416
2026-08-31 19:20:00,377364757.0,75096216.84214419
2026-08-31 19:25:00,376875547.0,75073608.9624
2026-08-31 19:30:00,376994785.0,75033392.6968812
2026-08-31 19:35:00,376945252.0,74919847.797573
2026-08-31 19:40:00,376895839.0,74964582.3771
2026-08-31 19:45:00,376877852.0,74859967.57945731
2026-08-31 19:50:00,376800382.0,75096316.1326
2026-08-31 19:55:00,377193471.0,74986062.0348
2026-08-31 20:00:00,377334089.0,75073292.305241
2026-08-31 20:05:00,377282029.0,75046168.18576685
2026-08-31 20:10:00,377392070.0,74987804.309
2026-08-31 20:15:00,377474053.0,75155083.9523
2026-08-31 20:20:00,378473116.0,75808165.1348
2026-08-31 20:25:00,377442779.0,75262090.1326
2026-08-31 20:30:00,378030769.0,75173701.72149476
2026-08-31 20:35:00,377974811.0,75065797.4646
2026-08-31 20:40:00,377780907.0,75065066.2209
2026-08-31 20:45:00,377730283.0,75111383.47683775
2026-08-31 20:50:00,377726334.0,75061761.98342665
2026-08-31 20:55:00,377674240.0,74961402.5409536
2026-08-31 21:00:00,377784908.0,75011516.8605842
2026-08-31 21:05:00,377738292.0,74841586.20721067
2026-08-31 21:10:00,377268379.0,74850046.3936
2026-08-31 21:15:00,377119798.0,74707431.9838
2026-08-31 21:20:00,377235909.0,74579539.2093
2026-08-31 21:25:00,376835807.0,74619296.82578588
2026-08-31 21:30:00,376660187.0,74767047.1195
2026-08-31 21:35:00,376848838.0,74955233.8782
2026-08-31 21:40:00,376889799.0,74963381.0211
2026-08-31 21:45:00,376766758.0,75051938.1936
2026-08-31 21:50:00,377464087.0,75343360.49475235
2026-08-31 21:55:00,377416319.0,75156938.32810304
2026-08-31 22:00:00,377434790.0,75185010.168
2026-08-31 22:05:00,377320626.0,75011340.4488
2026-08-31 22:10:00,377217398.0,75254870.901
2026-08-31 22:15:00,377164899.0,74989456.50866994
2026-08-31 22:20:00,377146994.0,74945873.72487237
2026-08-31 22:25:00,377159726.0,74979353.5288
2026-08-31 22:30:00,377204100.0,74956772.838675
2026-08-31 22:35:00,377439103.0,75072637.5867
2026-08-31 22:40:00,377424701.0,75053845.7065178
2026-08-31 22:45:00,377399436.0,75027007.8768
2026-08-31 22:50:00,377458141.0,74967263.3505228
2026-08-31 22:55:00,377682908.0,75049510.39135596
2026-08-31 23:00:00,377664908.0,74949104.09893385
2026-08-31 23:05:00,376954398.0,74561579.9244
2026-08-31 23:10:00,376980010.0,74868229.986
2026-08-31 23:15:00,376794635.0,74643017.1935
2026-08-31 23:20:00,376695672.0,74663579.68270536
2026-08-31 23:25:00,376717369.0,74603815.61618432
2026-08-31 23:30:00,375629334.0,74337045.1986
2026-08-31 23:35:00,375558572.0,74283010.61061051
2026-08-31 23:40:00,375447560.0,74301072.124
2026-08-31 23:45:00,375720932.0,74269391.59681508
2026-08-31 23:50:00,375501323.0,74311711.8217
2026-08-31 23:55:00,375360063.0,74171148.4488
2026-09-01 00:00:00,375409516.0,74256002.2648
2026-09-01 00:05:00,375126827.0,74162573.6979
2026-09-01 00:10:00,374887530.0,74377685.952
2026-09-01 00:15:00,374572343.0,74347141.3292922
2026-09-01 00:20:00,375612378.0,74859546.9354
2026-09-01 00:25:00,376310490.0,75064990.3284429
2026-09-01 00:30:00,376311566.0,75036526.2604
2026-09-01 00:35:00,377899326.0,75353125.6044
2026-09-01 00:40:00,377929198.0,75367800.90779786
2026-09-01 00:45:00,377831847.0,75308801.4299001
2026-09-01 00:50:00,377964478.0,75555099.1522
2026-09-01 00:55:00,378099183.0,75383146.511442
2026-09-01 01:00:00,378060837.0,75347524.8141
2026-09-01 01:05:00,377913546.0,75434740.93019916
2026-09-01 01:10:00,378101923.0,75431333.6385
2026-09-01 01:15:00,378084742.0,75238863.658
2026-09-01 01:20:00,377896029.0,75352468.1826
2026-09-01 01:25:00,378415325.0,75370671.79675275
2026-09-01 01:30:00,378191240.0,75079924.272388
2026-09-01 01:35:00,378156307.0,75177473.8316
2026-09-01 01:40:00,378089410.0,75425011.0301708
2026-09-01 01:45:00,378038043.0,75532000.9914
2026-09-01 01:50:00,378582966.0,75565160.0136
2026-09-01 01:55:00,378262358.0,75408307.03053458
2026-09-01 02:00:00,377711552.0,75240431.99629503
2026-09-01 02:05:00,377344751.0,75048467.39706568
2026-09-01 02:10:00,377242546.0,74995818.1448
2026-09-01 02:15:00,376884831.0,74924704.4028
2026-09-01 02:20:00,377029316.0,74878022.1576
2026-09-01 02:25:00,377257545.0,75074251.455
2026-09-01 02:30:00,377125296.0,75072100.09296767
2026-09-01 02:35:00,377229041.0,75258687.50650236
2026-09-01 02:40:00,377211068.0,75110098.1151794
2026-09-01 02:45:00,376960923.0,75128311.9539
2026-09-01 02:50:00,376963365.0,75354976.6635
2026-09-01 02:55:00,377058162.0,75411632.4
2026-09-01 03:00:00,378753425.0,75911390.0782275
2026-09-01 03:05:00,378545631.0,75671271.6369
2026-09-01 03:10:00,378680372.0,75660338.3256
2026-09-01 03:15:00,378886928.0,75853162.9856
2026-09-01 03:20:00,378994000.0,76072850.5614
2026-09-01 03:25:00,378852256.0,75827930.66428033
2026-09-01 03:30:00,379075746.0,75890964.3492
2026-09-01 03:35:00,379032241.0,76299190.1133
2026-09-01 03:40:00,379117897.0,76347251.15994713
2026-09-01 03:45:00,378875618.0,76305549.4652
2026-09-01 03:50:00,378858422.0,76074771.1376
2026-09-01 03:55:00,378968069.0,76134685.0621
2026-09-01 04:00:00,378975435.0,76123905.03617775
2026-09-01 04:05:00,378875507.0,75964539.1535
2026-09-01 04:10:00,379109153.0,76049823.05352268
2026-09-01 04:15:00,378965269.0,76000457.70207101
2026-09-01 04:20:00,379066312.0,76154422.0808
2026-09-01 04:25:00,378831276.0,76220852.7312
2026-09-01 04:30:00,379027239.0,76287487.06201541
2026-09-01 04:35:00,378796806.0,76213917.3672
2026-09-01 04:40:00,378813832.0,76151099.82359816
2026-09-01 04:45:00,378546928.0,76163641.9136
2026-09-01 04:50:00,378946899.0,76206221.3889
2026-09-01 04:55:00,378533477.0,76031639.89266111
2026-09-01 05:00:00,378569546.0,76016764.8368
2026-09-01 05:05:00,377420923.0,75862360.364846
2026-09-01 05:10:00,377794879.0,76125668.1185
2026-09-01 05:15:00,377720011.0,76035038.2143
2026-09-01 05:20:00,377422645.0,75912575.34437385
2026-09-01 05:25:00,377493980.0,75804781.2953686
2026-09-01 05:30:00,377092414.0,76021830.6624
2026-09-01 05:35:00,376456073.0,76157063.5679
2026-09-01 05:40:00,374704548.0,75690318.696
2026-09-01 05:45:00,374282379.0,75831698.48107482
2026-09-01 05:50:00,374214552.0,75868598.80772232
2026-09-01 05:55:00,374472566.0,75905589.1282
2026-09-01 06:00:00,374251062.0,75814234.48307393
2026-09-01 06:05:00,373598925.0,75466982.85
2026-09-01 06:10:00,373718261.0,75378973.2437
2026-09-01 06:15:00,373503992.0,75447806.384
2026-09-01 06:20:00,373464292.0,75237836.168101
2026-09-01 06:25:00,373025117.0,74943252.73408625
2026-09-01 06:30:00,373077769.0,75137862.6766
2026-09-01 06:35:00,372834055.0,75144334.67953555
2026-09-01 06:40:00,373322835.0,75261883.536
2026-09-01 06:45:00,372784931.0,75106184.14389713
2026-09-01 06:50:00,372725330.0,74992336.396
2026-09-01 06:55:00,371543470.0,74531620.082
2026-09-01 07:00:00,371150960.0,74312457.610284
2026-09-01 07:05:00,372682385.0,74946427.6235
2026-09-01 07:10:00,372559163.0,74876594.0997184
2026-09-01 07:15:00,372552053.0,74889579.17746128
2026-09-01 07:20:00,372638883.0,74974943.2596
2026-09-01 07:25:00,372643324.0,75013101.1212
2026-09-01 07:30:00,372731930.0,74999583.2990484
2026-09-01 07:35:00,372089955.0,74771260.6450761
2026-09-01 07:40:00,371679108.0,74410157.4216
2026-09-01 07:45:00,371126851.0,74225370.2
2026-09-01 07:50:00,370897319.0,74290732.9957
2026-09-01 07:55:00,370696208.0,74255899.6966576
2026-09-01 08:00:00,370524070.0,74253023.628
2026-09-01 08:05:00,370669380.0,74133876.0
2026-09-01 08:10:00,367824239.0,73049893.8654
2026-09-01 08:15:00,368076838.0,73100060.0268
2026-09-01 08:20:00,368114579.0,73075632.49310912
2026-09-01 08:25:00,369929139.0,73340131.28504106
2026-09-01 08:30:00,367720575.0,72401107.073493
2026-09-01 08:35:00,368082555.0,72703327.6276494
2026-09-01 08:40:00,367938696.0,72667892.46
2026-09-01 08:45:00,368148941.0,72635786.0593
2026-09-01 08:50:00,368947188.0,72645701.3172
2026-09-01 08:55:00,368762064.0,72660010.4997096
2026-09-01 09:00:00,368948598.0,72572189.2266
2026-09-01 09:05:00,368286739.0,72403044.19004858
2026-09-01 09:10:00,368620054.0,72447133.05014724
2026-09-01 09:15:00,368462929.0,72329272.9627
2026-09-01 09:20:00,368601062.0,72369871.89744796
2026-09-01 09:25:00,369144751.0,72758430.4221
2026-09-01 09:30:00,369286216.0,72681587.29560456
2026-09-01 09:35:00,369203475.0,72770004.9225
2026-09-01 09:40:00,370376149.0,72920859.93760425
2026-09-01 09:45:00,370394513.0,73096975.63420162
2026-09-01 09:50:00,371027790.0,73086063.2697888
2026-09-01 09:55:00,370979562.0,73090167.00770718
2026-09-01 10:00:00,370799350.0,73116681.6486775
2026-09-01 10:05:00,370703348.0,73139770.5604
2026-09-01 10:10:00,370749941.0,73160052.49003531
2026-09-01 10:15:00,370429794.0,73196927.2944
2026-09-01 10:20:00,370379132.0,73223954.3964
2026-09-01 10:25:00,369715606.0,73462490.9122
2026-09-01 10:30:00,369724754.0,73538253.5706
2026-09-01 10:35:00,369967123.0,73771444.3262
2026-09-01 10:40:00,370628163.0,74060187.07897747
2026-09-01 10:45:00,370504074.0,73841461.9482
2026-09-01 10:50:00,370414008.0,73749428.9928
2026-09-01 10:55:00,370176633.0,73628132.3037
2026-09-01 11:00:00,369883536.0,73643812.0176
2026-09-01 11:05:00,369902330.0,73510168.4786147
2026-09-01 11:10:00,370235058.0,73581403.9910592
2026-09-01 11:15:00,370177911.0,73517333.1246
2026-09-01 11:20:00,370225225.0,73563752.2075
2026-09-01 11:25:00,370270072.0,73639856.21636584
2026-09-01 11:30:00,370623658.0,73791170.3078
2026-09-01 11:35:00,370354130.0,73793901.1063751
2026-09-01 11:40:00,370533178.0,73998992.00645922
2026-09-01 11:45:00,370371087.0,74007795.04925741
2026-09-01 11:50:00,370357595.0,73962259.80589905
2026-09-01 11:55:00,370346997.0,74088331.53848664
2026-09-01 12:00:00,370089623.0,73869888.7508
2026-09-01 12:05:00,370008612.0,73798428.56830885
2026-09-01 12:10:00,370392824.0,73833642.54513
2026-09-01 12:15:00,369937612.0,73633961.92608324
2026-09-01 12:20:00,370096005.0,73649104.995
2026-09-01 12:25:00,369325197.0,73424500.91851446
2026-09-01 12:30:00,369366586.0,73447271.3113783
2026-09-01 12:35:00,370814578.0,73700780.51587594
2026-09-01 12:40:00,370012020.0,73336382.364
2026-09-01 12:45:00,370273685.0,73573381.2095
2026-09-01 12:50:00,370182739.0,73535020.5233754
2026-09-01 12:55:00,370338799.0,73549285.4814
2026-09-01 13:00:00,370551005.0,73443209.191
2026-09-01 13:05:00,370492019.0,73209919.47939572
2026-09-01 13:10:00,369351875.0,72955353.74543124
2026-09-01 13:15:00,369273759.0,73005422.1543
2026-09-01 13:20:00,369445754.0,72938500.37472229
2026-09-01 13:25:00,369661454.0,73045103.3104
2026-09-01 13:30:00,369044473.0,72955069.61682247
2026-09-01 13:35:00,368782599.0,73107823.83270702
2026-09-01 13:40:00,369055984.0,72778194.33854464
2026-09-01 13:45:00,369189159.0,73122302.5990505
2026-09-01 13:50:00,369644347.0,73485296.1836
2026-09-01 13:55:00,369396013.0,73472866.9857
2026-09-01 14:00:00,369398304.0,73440298.4572224
2026-09-01 14:05:00,369542945.0,73539046.055
2026-09-01 14:10:00,369775049.0,73933059.95309135
2026-09-01 14:15:00,369841279.0,73820319.2884
2026-09-01 14:20:00,369728954.0,73704121.16650744
2026-09-01 14:25:00,369999544.0,73796138.95113288
2026-09-01 14:30:00,370006248.0,73750840.47154105
2026-09-01 14:35:00,369927252.0,73885962.16484712
2026-09-01 14:40:00,369572776.0,73877597.9224
2026-09-01 14:45:00,369465833.0,73967059.7666
2026-09-01 14:50:00,369601208.0,73959411.93602385
2026-09-01 14:55:00,369388110.0,73803744.378
2026-09-01 15:00:00,369707406.0,73752586.59505242
2026-09-01 15:05:00,368913358.0,73118627.5556
2026-09-01 15:10:00,368960635.0,73054205.73
2026-09-01 15:15:00,368758089.0,73115270.40371715
2026-09-01 15:20:00,368746933.0,73105654.01665391
2026-09-01 15:25:00,368868349.0,73183480.4416
2026-09-01 15:30:00,368935371.0,73344351.7548
2026-09-01 15:35:00,368578217.0,73457638.6481
2026-09-01 15:40:00,368592874.0,73568336.3445576
2026-09-01 15:45:00,368716993.0,73706526.9007
2026-09-01 15:50:00,368786337.0,73757267.4
2026-09-01 15:55:00,368767484.0,73605989.8064
2026-09-01 16:00:00,368752548.0,73482485.49801168
2026-09-01 16:05:00,368656478.0,73252042.1786
2026-09-01 16:10:00,368596954.0,73055916.2828
2026-09-01 16:15:00,368781503.0,72944981.2934
2026-09-01 16:20:00,369105945.0,72836480.7778101
2026-09-01 16:25:00,369094925.0,72647488.78089775
2026-09-01 16:30:00,369252695.0,72853556.7235
2026-09-01 16:35:00,369234428.0,72665335.4304
2026-09-01 16:40:00,368059533.0,72507728.001
2026-09-01 16:45:00,368157169.0,72416515.1423
2026-09-01 16:50:00,368321963.0,72669923.2999
2026-09-01 16:55:00,368589942.0,72796513.545
2026-09-01 17:00:00,368434950.0,72633833.432823
2026-09-01 17:05:00,368290094.0,72691979.15183423
2026-09-01 17:10:00,368078618.0,72658719.1932
2026-09-01 17:15:00,368258402.0,72709204.03692944
2026-09-01 17:20:00,368339643.0,72783913.4568
2026-09-01 17:25:00,368894209.0,73225500.4865
2026-09-01 17:30:00,369090328.0,73153703.0096
2026-09-01 17:35:00,369927063.0,73615485.537
2026-09-01 17:40:00,369432162.0,73385138.81641734
2026-09-01 17:45:00,369443421.0,73270797.46724592
2026-09-01 17:50:00,369408563.0,73107240.15949924
2026-09-01 17:55:00,369393417.0,72844381.8324
2026-09-01 18:00:00,369382721.0,72842272.5812
2026-09-01 18:05:00,369919124.0,72901911.24046348
2026-09-01 18:10:00,369639606.0,72479373.81561114
2026-09-01 18:15:00,369844446.0,72538316.08909416
2026-09-01 18:20:00,369522383.0,72238614.26907855
2026-09-01 18:25:00,369502225.0,72239484.46333575
2026-09-01 18:30:00,369110778.0,72147529.52907623
2026-09-01 18:35:00,368973300.0,71986690.83
2026-09-01 18:40:00,368022158.0,71424923.41544925
2026-09-01 18:45:00,367496569.0,71184728.53429575
2026-09-01 18:50:00,367855877.0,71695110.4273
2026-09-01 18:55:00,368531240.0,72158416.792
2026-09-01 19:00:00,368567844.0,72423581.346
2026-09-01 19:05:00,368169913.0,72603106.8436
2026-09-01 19:10:00,368194582.0,72111722.59472622
2026-09-01 19:15:00,368394521.0,72131647.2118
2026-09-01 19:20:00,368654774.0,72182604.7492
2026-09-01 19:25:00,368630104.0,72410309.91910423
2026-09-01 19:30:00,368784441.0,72737969.9801167
2026-09-01 19:35:00,368820096.0,72546912.8832
2026-09-01 19:40:00,368885899.0,72453672.52727285
2026-09-01 19:45:00,368907108.0,72490246.722
2026-09-01 19:50:00,369642199.0,72523799.4438
2026-09-01 19:55:00,369553520.0,72444389.543344
2026-09-01 20:00:00,369656862.0,72600607.6968
2026-09-01 20:05:00,369707613.0,72499662.9093
2026-09-01 20:10:00,369779608.0,72531319.77560744
2026-09-01 20:15:00,369661207.0,72601475.84124827
2026-09-01 20:20:00,369530084.0,72667488.68456309
2026-09-01 20:25:00,369825394.0,72468927.97904935
2026-09-01 20:30:00,370243130.0,72569541.719963
2026-09-01 20:35:00,370067452.0,72603463.09506412
2026-09-01 20:40:00,370321879.0,72633389.10482457
2026-09-01 20:45:00,370505334.0,72445530.40598112
2026-09-01 20:50:00,370528376.0,72364191.8328
2026-09-01 20:55:00,370771638.0,72672690.76510458
2026-09-01 21:00:00,370505987.0,72804426.4455
2026-09-01 21:05:00,371268456.0,72879997.9128
2026-09-01 21:10:00,370946739.0,72499154.95001823
2026-09-01 21:15:00,370728273.0,72254940.4077
2026-09-01 21:20:00,371100917.0,72327568.7233
2026-09-01 21:25:00,371161617.0,72570874.09574205
2026-09-01 21:30:00,370867621.0,72510297.88877751
2026-09-01 21:35:00,370697156.0,72230578.09277984
2026-09-01 21:40:00,370286984.0,72349973.89381728
2026-09-01 21:45:00,370495009.0,72394724.7586
2026-09-01 21:50:00,370421178.0,72549921.44702975
2026-09-01 21:55:00,370279016.0,72505789.31949288
2026-09-01 22:00:00,370317367.0,72408728.76142885
2026-09-01 22:05:00,370450530.0,72567809.9325657
2026-09-01 22:10:00,370263154.0,72520789.18716583
2026-09-01 22:15:00,370350479.0,72518938.37128036
2026-09-01 22:20:00,370332070.0,72399919.685
2026-09-01 22:25:00,370343996.0,72365216.8184
2026-09-01 22:30:00,370500329.0,72154965.00777303
2026-09-01 22:35:00,370728404.0,72241779.13026972
2026-09-01 22:40:00,370888338.0,72249048.2424
2026-09-01 22:45:00,370551197.0,72109262.9362
2026-09-01 22:50:00,370587186.0,72486853.5816
2026-09-01 22:55:00,370792846.0,72434260.10446082
2026-09-01 23:00:00,370862446.0,72373365.01058926
2026-09-01 23:05:00,370732990.0,72368106.5783823
2026-09-01 23:10:00,370499619.0,72456365.26013885
2026-09-01 23:15:00,370518160.0,72362318.9189928
2026-09-01 23:20:00,370533372.0,72476327.5632
2026-09-01 23:25:00,370337161.0,72367214.293849
2026-09-01 23:30:00,370783454.0,72603438.12501407
2026-09-01 23:35:00,370546844.0,72664236.1084
2026-09-01 23:40:00,370611910.0,72836644.0434707
2026-09-01 23:45:00,370463068.0,72795992.862
2026-09-01 23:50:00,370405901.0,72912353.26721747
2026-09-01 23:55:00,369952179.0,72711100.47027831
2026-09-02 00:00:00,370014541.0,72717821.79808913
2026-09-02 00:05:00,370132053.0,72828185.80614363
2026-09-02 00:10:00,370020820.0,72887785.2846026
2026-09-02 00:15:00,370164194.0,72959362.6374
2026-09-02 00:20:00,369986281.0,72906248.05431283
2026-09-02 00:25:00,369725109.0,72798873.9621
2026-09-02 00:30:00,369786902.0,72641482.61562593
2026-09-02 00:35:00,369713183.0,72819418.37299135
2026-09-02 00:40:00,369610725.0,72689855.4506355
2026-09-02 00:45:00,369634044.0,72559162.8372
2026-09-02 00:50:00,369375777.0,72582340.1805
2026-09-02 00:55:00,369205903.0,72401277.5783
2026-09-02 01:00:00,369289705.0,72430628.9043809
2026-09-02 01:05:00,368832372.0,72291144.912
2026-09-02 01:10:00,368821195.0,72281463.46152955
2026-09-02 01:15:00,369305236.0,72605409.3976
2026-09-02 01:20:00,369341847.0,72575672.9355
2026-09-02 01:25:00,369155469.0,72561915.14824986
2026-09-02 01:30:00,369197950.0,72215119.02
2026-09-02 01:35:00,368897844.0,72119528.502
2026-09-02 01:40:00,368833414.0,71738099.023
2026-09-02 01:45:00,368766046.0,71614366.1332
2026-09-02 01:50:00,369069006.0,71488666.4622
2026-09-02 01:55:00,368416168.0,71387905.08515632
2026-09-02 02:00:00,368347802.0,71643647.489
2026-09-02 02:05:00,368815879.0,71660925.2897
2026-09-02 02:10:00,368835671.0,71922955.845
2026-09-02 02:15:00,368901572.0,72057728.509546
2026-09-02 02:20:00,368999530.0,72323907.88
2026-09-02 02:25:00,368902563.0,72636914.6547
2026-09-02 02:30:00,368801250.0,72690726.375
2026-09-02 02:35:00,368572671.0,72645673.4541
2026-09-02 02:40:00,368531168.0,72695916.45886303
2026-09-02 02:45:00,368478899.0,72661076.31245203
2026-09-02 02:50:00,368371343.0,72679665.9739
2026-09-02 02:55:00,368451698.0,72604770.3621826
2026-09-02 03:00:00,368605616.0,72725888.0368
2026-09-02 03:05:00,367871135.0,72764910.503
2026-09-02 03:10:00,367890636.0,72629580.05757576
2026-09-02 03:15:00,368215915.0,72906751.17
2026-09-02 03:20:00,368264655.0,72935547.76941346
2026-09-02 03:25:00,368321592.0,73111836.012
2026-09-02 03:30:00,368399919.0,73132618.88434899
2026-09-02 03:35:00,368933838.0,73085793.3078
2026-09-02 03:40:00,368965173.0,73092000.7713
2026-09-02 03:45:00,369057826.0,72961920.2729828
2026-09-02 03:50:00,369695052.0,73199620.296
2026-09-02 03:55:00,368921973.0,72812687.32609557
2026-09-02 04:00:00,368834892.0,72870119.4766128
2026-09-02 04:05:00,369485815.0,72899551.2995
2026-09-02 04:10:00,369722452.0,72620680.6744914
2026-09-02 04:15:00,369669755.0,72550362.13107865
2026-09-02 04:20:00,369583692.0,72660153.8472
2026-09-02 04:25:00,369676097.0,72771146.3381567
2026-09-02 04:30:00,369654808.0,72674135.2528
2026-09-02 04:35:00,369709173.0,72938687.91253218
2026-09-02 04:40:00,369513501.0,72978916.4475
2026-09-02 04:45:00,369457318.0,72919801.93737954
2026-09-02 04:50:00,369572938.0,72990655.255
2026-09-02 04:55:00,369673854.0,72928614.68461405
2026-09-02 05:00:00,369395985.0,72895957.23692624
2026-09-02 05:05:00,369716076.0,72696880.12483944
2026-09-02 05:10:00,369611376.0,72702557.6592
2026-09-02 05:15:00,369191247.0,72899857.54793775
2026-09-02 05:20:00,369513848.0,73145336.41923112
2026-09-02 05:25:00,369253261.0,73333501.93037167
2026-09-02 05:30:00,369085502.0,73448014.898
2026-09-02 05:35:00,369402954.0,73363426.6644
2026-09-02 05:40:00,369779497.0,73438208.1042
2026-09-02 05:45:00,369948261.0,73397734.9824
2026-09-02 05:50:00,369811571.0,73518540.3148
2026-09-02 05:55:00,369883907.0,73532920.7116
2026-09-02 06:00:00,370009339.0,73483854.7254
2026-09-02 06:05:00,370115740.0,73536838.1245844
2026-09-02 06:10:00,370064142.0,73457732.187
2026-09-02 06:15:00,369797930.0,73202480.2080145
2026-09-02 06:20:00,369506142.0,72940512.4308
2026-09-02 06:25:00,369298819.0,72920947.11429095
2026-09-02 06:30:00,369388853.0,72806542.9263
2026-09-02 06:35:00,369255256.0,72805316.62245543
2026-09-02 06:40:00,369273189.0,73079164.1031
2026-09-02 06:45:00,369352350.0,73111971.7075635
2026-09-02 06:50:00,369346976.0,73012329.23566176
2026-09-02 06:55:00,369341345.0,72881004.8111612
2026-09-02 07:00:00,369352759.0,72984105.1784
2026-09-02 07:05:00,369104446.0,72985340.08350088
2026-09-02 07:10:00,369540507.0,73095112.2846
2026-09-02 07:15:00,368997334.0,73026671.99343047
2026-09-02 07:20:00,368781361.0,72878509.86798863
2026-09-02 07:25:00,369218859.0,72933772.84697706
2026-09-02 07:30:00,369109428.0,72735445.21853052
2026-09-02 07:35:00,369065655.0,72853560.297
2026-09-02 07:40:00,368863123.0,72757007.94302548
2026-09-02 07:45:00,369041565.0,72679617.82552575
2026-09-02 07:50:00,368939404.0,72688404.4821396
2026-09-02 07:55:00,369131147.0,72645009.7296
2026-09-02 08:00:00,369140549.0,72646860.0432
2026-09-02 08:05:00,369254622.0,72706235.0718
2026-09-02 08:10:00,369384202.0,72768687.794
2026-09-02 08:15:00,369427838.0,72629512.9508
2026-09-02 08:20:00,369452939.0,72745283.6891
2026-09-02 08:25:00,369624601.0,72615292.18745887
2026-09-02 08:30:00,369825218.0,72416618.69650362
2026-09-02 08:35:00,369970353.0,72268033.11333498
2026-09-02 08:40:00,370159542.0,72292158.5526
2026-09-02 08:45:00,369486107.0,71975893.6436
2026-09-02 08:50:00,369760025.0,72078198.00450926
2026-09-02 08:55:00,369765144.0,71882343.9936
2026-09-02 09:00:00,369999950.0,72038990.265
2026-09-02 09:05:00,370264484.0,72349680.1736
2026-09-02 09:10:00,370299299.0,72356483.0246
2026-09-02 09:15:00,370263248.0,72196253.34823744
2026-09-02 09:20:00,370264674.0,72230847.52865905
2026-09-02 09:25:00,370000977.0,72002190.1242
2026-09-02 09:30:00,369947003.0,72258085.6206603
2026-09-02 09:35:00,370061195.0,71959324.5207375
2026-09-02 09:40:00,369495307.0,71571240.9659
2026-09-02 09:45:00,369483674.0,71517407.7329096
2026-09-02 09:50:00,369759296.0,71696327.4944
2026-09-02 09:55:00,369816463.0,71712707.94745016
2026-09-02 10:00:00,370567376.0,71961397.75253248
2026-09-02 10:05:00,370359553.0,71664573.5055
2026-09-02 10:10:00,369873531.0,71498454.69224934
2026-09-02 10:15:00,370118160.0,71616705.4901592
2026-09-02 10:20:00,370199346.0,71707613.3202
2026-09-02 10:25:00,369434596.0,71508957.36985104
2026-09-02 10:30:00,369484740.0,71426776.244967
2026-09-02 10:35:00,369514668.0,71311179.88952808
2026-09-02 10:40:00,369941072.0,71361632.7888
2026-09-02 10:45:00,369589853.0,71293882.6437
2026-09-02 10:50:00,369355937.0,70994876.0568843
2026-09-02 10:55:00,370321016.0,71419788.96647608
2026-09-02 11:00:00,370494757.0,71766071.88338839
2026-09-02 11:05:00,371762424.0,71787324.0744
2026-09-02 11:10:00,371405899.0,71926280.6973905
2026-09-02 11:15:00,371172703.0,71909934.21356238
2026-09-02 11:20:00,371379036.0,71750429.7552
2026-09-02 11:25:00,371484019.0,71746079.3655001
2026-09-02 11:30:00,371681714.0,71957579.8304
2026-09-02 11:35:00,371501376.0,72108417.0816
2026-09-02 11:40:00,371361651.0,72269212.88173902
2026-09-02 11:45:00,371454237.0,72254015.2368342
2026-09-02 11:50:00,371540844.0,72293882.40670463
2026-09-02 11:55:00,371516920.0,72297192.632
2026-09-02 12:00:00,371703645.0,72445040.4105
2026-09-02 12:05:00,372092193.0,72450096.9454835
2026-09-02 12:10:00,371852362.0,72417466.6095398
2026-09-02 12:15:00,371603217.0,72388306.6716
2026-09-02 12:20:00,371737499.0,72377291.0553
2026-09-02 12:25:00,372387738.0,72631982.79883987
2026-09-02 12:30:00,372293831.0,72634630.67037268
2026-09-02 12:35:00,372407842.0,72598052.42975186
2026-09-02 12:40:00,372369724.0,72431515.4823462
2026-09-02 12:45:00,372298057.0,72449201.8922
2026-09-02 12:50:00,372254103.0,72354255.71157576
2026-09-02 12:55:00,371987120.0,72199054.518224
2026-09-02 13:00:00,372069686.0,72181519.084
2026-09-02 13:05:00,371965189.0,72421622.2983
2026-09-02 13:10:00,371751012.0,72342746.9352
2026-09-02 13:15:00,371896001.0,72152186.53409173
2026-09-02 13:20:00,372105599.0,72391153.52049536
2026-09-02 13:25:00,372096028.0,72223839.0348
2026-09-02 13:30:00,372328174.0,72268898.5734
2026-09-02 13:35:00,372079189.0,72183362.666
2026-09-02 13:40:00,372009369.0,72132616.6491
2026-09-02 13:45:00,372276496.0,73219840.08378464
2026-09-02 13:50:00,371832911.0,72851147.42458662
2026-09-02 13:55:00,371896909.0,72966173.5458
2026-09-02 14:00:00,371033126.0,72870905.9464
2026-09-02 14:05:00,370881915.0,72729943.5315
2026-09-02 14:10:00,371063602.0,72908669.31967528
2026-09-02 14:15:00,371103753.0,72958997.8398
2026-09-02 14:20:00,371404424.0,72992727.98006384
2026-09-02 14:25:00,370811764.0,72790349.2732
2026-09-02 14:30:00,371027522.0,72813969.38901421
2026-09-02 14:35:00,371014131.0,72625237.0135749
2026-09-02 14:40:00,371058436.0,72653241.7688
2026-09-02 14:45:00,371396892.0,73016628.9672
2026-09-02 14:50:00,371752437.0,72842574.01246749
2026-09-02 14:55:00,371449562.0,72613404.51787797
2026-09-02 15:00:00,371438919.0,72504876.9888
2026-09-02 15:05:00,371711429.0,72706755.5124
2026-09-02 15:10:00,372520437.0,72676151.96686722
2026-09-02 15:15:00,372191552.0,72354037.7088
2026-09-02 15:20:00,372198981.0,72771179.78230947
2026-09-02 15:25:00,372344262.0,72655040.62619154
2026-09-02 15:30:00,372384008.0,72614881.56
2026-09-02 15:35:00,372129004.0,73011710.5848
2026-09-02 15:40:00,371977006.0,72879271.28055479
2026-09-02 15:45:00,372475580.0,73155265.467403
2026-09-02 15:50:00,373447290.0,73158324.111
2026-09-02 15:55:00,373319788.0,73170678.448
2026-09-02 16:00:00,373228948.0,73265596.41487496
2026-09-02 16:05:00,373303776.0,73246826.08498465
2026-09-02 16:10:00,373184013.0,73263978.03505716
2026-09-02 16:15:00,373112097.0,73391149.4799
2026-09-02 16:20:00,373503020.0,73505394.336
2026-09-02 16:25:00,373570279.0,73580098.16090666
2026-09-02 16:30:00,373424896.0,73415334.5536
2026-09-02 16:35:00,373374119.0,73517364.0311
2026-09-02 16:40:00,373628551.0,73418010.2715
2026-09-02 16:45:00,373405415.0,73176382.40133695
2026-09-02 16:50:00,373345480.0,73263722.8100004
2026-09-02 16:55:00,373293442.0,73165514.632
2026-09-02 17:00:00,373881723.0,73175412.97265184
2026-09-02 17:05:00,373261706.0,72972663.523
2026-09-02 17:10:00,372058229.0,72473136.85351732
2026-09-02 17:15:00,372088738.0,72583655.23442516
2026-09-02 17:20:00,372130757.0,72379432.2365
2026-09-02 17:25:00,372134623.0,72611536.54727288
2026-09-02 17:30:00,372080584.0,72704546.1136
2026-09-02 17:35:00,373953647.0,73196826.7703919
2026-09-02 17:40:00,374241766.0,73201689.4296
2026-09-02 17:45:00,374183960.0,73354346.2454324
2026-09-02 17:50:00,374100151.0,73622909.7168
2026-09-02 17:55:00,373175558.0,73351204.82445659
2026-09-02 18:00:00,373178336.0,73366860.8576
2026-09-02 18:05:00,372935414.0,73281808.851
2026-09-02 18:10:00,372888702.0,73347207.6834
2026-09-02 18:15:00,373187746.0,73410306.36976916
2026-09-02 18:20:00,372951795.0,73396913.256
2026-09-02 18:25:00,373374791.0,73554833.827
2026-09-02 18:30:00,373111359.0,73540248.8589
2026-09-02 18:35:00,372765779.0,73397868.91474983
2026-09-02 18:40:00,372745362.0,73281738.1692
2026-09-02 18:45:00,373044311.0,73377815.9737
2026-09-02 18:50:00,373353832.0,73588040.2872
2026-09-02 18:55:00,373503950.0,73649230.7142095
2026-09-02 19:00:00,373535900.0,73586572.3
2026-09-02 19:05:00,373602840.0,73470205.2231732
2026-09-02 19:10:00,373497266.0,73553040.6917396
2026-09-02 19:15:00,373494994.0,73578513.818
2026-09-02 19:20:00,373278110.0,73535787.67
2026-09-02 19:25:00,373182761.0,73479685.6409
2026-09-02 19:30:00,373190992.0,73331220.10354736
2026-09-02 19:35:00,373151293.0,73302022.84105358
2026-09-02 19:40:00,372989573.0,73367049.0091
2026-09-02 19:45:00,372973162.0,73367222.48063745
2026-09-02 19:50:00,372997460.0,73368600.382
2026-09-02 19:55:00,373619881.0,73512237.25714555
2026-09-02 20:00:00,373287796.0,73612353.3712
2026-09-02 20:05:00,374163477.0,74234033.8368
2026-09-02 20:10:00,374672361.0,74409930.8946
2026-09-02 20:15:00,374597941.0,74314796.07827608
2026-09-02 20:20:00,374146023.0,73931254.1448
2026-09-02 20:25:00,374076052.0,74318766.58986977
2026-09-02 20:30:00,374014844.0,73956434.82253572
2026-09-02 20:35:00,374510994.0,74205046.584669
2026-09-02 20:40:00,374596520.0,74319949.568
2026-09-02 20:45:00,374291260.0,74147098.606
2026-09-02 20:50:00,373985990.0,74198820.416
2026-09-02 20:55:00,374104746.0,74223477.73330578
2026-09-02 21:00:00,373976569.0,74159553.6327
2026-09-02 21:05:00,373851921.0,74022680.358
2026-09-02 21:10:00,373918626.0,74073279.8106
2026-09-02 21:15:00,374054091.0,74105355.92491491
2026-09-02 21:20:00,374554377.0,74236677.5214
2026-09-02 21:25:00,374204959.0,74279684.3615
2026-09-02 21:30:00,374269298.0,74153309.81338955
2026-09-02 21:35:00,374024402.0,74056831.596
2026-09-02 21:40:00,373885436.0,74365813.2204
2026-09-02 21:45:00,373127634.0,74401650.2196
2026-09-02 21:50:00,372960892.0,74181921.4188
2026-09-02 21:55:00,372946544.0,74216362.256
2026-09-02 22:00:00,372734928.0,74073649.5149328
2026-09-02 22:05:00,372858900.0,74070545.78073
2026-09-02 22:10:00,372625492.0,73859134.66818777
2026-09-02 22:15:00,372242260.0,73709644.174465
2026-09-02 22:20:00,372658407.0,73749098.7453
2026-09-02 22:25:00,373136208.0,73694401.08
2026-09-02 22:30:00,372933142.0,73609256.40944067
2026-09-02 22:35:00,372908327.0,73798557.9133
2026-09-02 22:40:00,372877641.0,73941636.2103
2026-09-02 22:45:00,373302473.0,74175201.3851
2026-09-02 22:50:00,373237904.0,74125047.7344
2026-09-02 22:55:00,373351334.0,74072904.6656
2026-09-02 23:00:00,375714687.0,74692079.7756
2026-09-02 23:05:00,376150713.0,74891606.9583
2026-09-02 23:10:00,376493468.0,75223394.9064
2026-09-02 23:15:00,376552498.0,75122223.351
2026-09-02 23:20:00,376533253.0,75193690.6241
2026-09-02 23:25:00,378099208.0,75713061.9597324
2026-09-02 23:30:00,378611862.0,75911678.331
2026-09-02 23:35:00,376208122.0,75157556.93305787
2026-09-02 23:40:00,376208116.0,75091139.9536
2026-09-02 23:45:00,376187444.0,75157913.86997068
2026-09-02 23:50:00,376167978.0,75424587.36746994
2026-09-02 23:55:00,376380458.0,75464281.829
2026-09-03 00:00:00,376303699.0,75637043.499
2026-09-03 00:05:00,376742686.0,76252719.6464
2026-09-03 00:10:00,375783449.0,75757943.3184
2026-09-03 00:15:00,375401536.0,75831110.272
2026-09-03 00:20:00,375468606.0,75825351.81627949
2026-09-03 00:25:00,375621111.0,75741018.35773978
2026-09-03 00:30:00,375210428.0,75383677.1736512
2026-09-03 00:35:00,375472505.0,75357331.7535
2026-09-03 00:40:00,375555173.0,75524145.2903
2026-09-03 00:45:00,375897379.0,75480193.7032
2026-09-03 00:50:00,375770358.0,75341956.779
2026-09-03 00:55:00,375727515.0,75412085.42916764
2026-09-03 01:00:00,375944739.0,75363457.58839642
2026-09-03 01:05:00,374567933.0,74801216.2201
2026-09-03 01:10:00,375471055.0,75886229.643417
2026-09-03 01:15:00,380242596.0,77675486.01006097
2026-09-03 01:20:00,380372503.0,77748139.6132
2026-09-03 01:25:00,380858699.0,78931811.36589202
2026-09-03 01:30:00,379623430.0,78468162.981
2026-09-03 01:35:00,379178580.0,78203644.5224562
2026-09-03 01:40:00,379258533.0,77938607.01851514
2026-09-03 01:45:00,380294153.0,77998330.7803
2026-09-03 01:50:00,379983950.0,77837861.6356635
2026-09-03 01:55:00,380041067.0,78098439.2685
2026-09-03 02:00:00,380891454.0,78006569.7792
2026-09-03 02:05:00,380230241.0,77518451.7852484
2026-09-03 02:10:00,380875494.0,77889038.523
2026-09-03 02:15:00,380567869.0,78244753.8664
2026-09-03 02:20:00,380606526.0,78138519.7878
2026-09-03 02:25:00,380605941.0,78259314.38869628
2026-09-03 02:30:00,380572627.0,78277144.57583258
2026-09-03 02:35:00,379950259.0,78601419.53408629
2026-09-03 02:40:00,380385481.0,78455551.51632275
2026-09-03 02:45:00,380261753.0,78638130.5204
2026-09-03 02:50:00,379472185.0,78550742.295
2026-09-03 02:55:00,379826298.0,78751274.10104106
2026-09-03 03:00:00,379651754.0,78474017.5518
2026-09-03 03:05:00,379377788.0,78227699.8856
2026-09-03 03:10:00,378713100.0,77939155.98
2026-09-03 03:15:00,378742920.0,77945292.936
2026-09-03 03:20:00,378645842.0,78001043.452
2026-09-03 03:25:00,378677745.0,77628937.725
2026-09-03 03:30:00,378562867.0,77491818.8749
2026-09-03 03:35:00,378495516.0,77527770.22095756
2026-09-03 03:40:00,378534348.0,77448127.6008
2026-09-03 03:45:00,378654021.0,77400429.88057677
2026-09-03 03:50:00,378735533.0,77505518.86938906
2026-09-03 03:55:00,378803897.0,77560313.8289713
2026-09-03 04:00:00,378577945.0,77497055.6642276
2026-09-03 04:05:00,378802664.0,77654546.12
2026-09-03 04:10:00,379768116.0,77966394.2148
2026-09-03 04:15:00,379751166.0,77811013.9134
2026-09-03 04:20:00,380037380.0,77685466.4450354
2026-09-03 04:25:00,379694429.0,77685480.1734
2026-09-03 04:30:00,379603494.0,77628914.523
2026-09-03 04:35:00,379552449.0,77580520.5756
2026-09-03 04:40:00,379211977.0,77548849.2965
2026-09-03 04:45:00,379235453.0,77497333.6737295
2026-09-03 04:50:00,379559858.0,78075462.7906
2026-09-03 04:55:00,379266503.0,78394386.1701
2026-09-03 05:00:00,378944377.0,78484822.11795372
2026-09-03 05:05:00,379150419.0,78633703.99028713
2026-09-03 05:10:00,379127782.0,78302011.48946837
2026-09-03 05:15:00,379384281.0,78385322.30291514
2026-09-03 05:20:00,379367995.0,77998059.772
2026-09-03 05:25:00,379161107.0,77519742.3640917
2026-09-03 05:30:00,379347087.0,77380561.69494797
2026-09-03 05:35:00,380083670.0,77879143.983
2026-09-03 05:40:00,380198928.0,78168899.5968
2026-09-03 05:45:00,380674067.0,78350260.3351266
2026-09-03 05:50:00,380789357.0,78493587.62111516
2026-09-03 05:55:00,380585913.0,78606107.90696436
2026-09-03 06:00:00,380100857.0,78452816.8848
2026-09-03 06:05:00,379512703.0,77869756.08138159
2026-09-03 06:10:00,379193600.0,77810526.72
2026-09-03 06:15:00,379165293.0,77880551.1822
2026-09-03 06:20:00,378980123.0,77918313.2888
2026-09-03 06:25:00,378916740.0,77829498.396
2026-09-03 06:30:00,378745600.0,77832220.8
2026-09-03 06:35:00,378552896.0,77868330.7072
2026-09-03 06:40:00,379068445.0,77847497.3465896
2026-09-03 06:45:00,379028422.0,77852437.8788
2026-09-03 06:50:00,378887715.0,77671981.575
2026-09-03 06:55:00,378743928.0,77664370.12696344
2026-09-03 07:00:00,378709586.0,77592898.1725336
2026-09-03 07:05:00,378694018.0,78017863.72606778
2026-09-03 07:10:00,378869112.0,78047370.47681856
2026-09-03 07:15:00,379025187.0,78125471.28758457
2026-09-03 07:20:00,379021828.0,78116398.7508
2026-09-03 07:25:00,379445964.0,78149434.77929915
2026-09-03 07:30:00,379158885.0,78106730.31
2026-09-03 07:35:00,379061644.0,78082343.24571045
2026-09-03 07:40:00,379263891.0,78141783.69510248
2026-09-03 07:45:00,379557108.0,78134347.14542603
2026-09-03 07:50:00,379412872.0,77799785.5835032
2026-09-03 07:55:00,379294551.0,77745942.3136256
2026-09-03 08:00:00,379368373.0,77770516.465
2026-09-03 08:05:00,379273465.0,78244115.8295
2026-09-03 08:10:00,380637830.0,78639775.678
2026-09-03 08:15:00,381113166.0,78914561.25880279
2026-09-03 08:20:00,381280321.0,79034225.1309344
2026-09-03 08:25:00,381169536.0,79003412.62636416
2026-09-03 08:30:00,381989566.0,79231572.91891856
2026-09-03 08:35:00,381783262.0,79258205.1912
2026-09-03 08:40:00,382027678.0,79423554.2562
2026-09-03 08:45:00,383304947.0,79880750.9548
2026-09-03 08:50:00,384959495.0,80126635.71656986
2026-09-03 08:55:00,384831433.0,80083421.2073
2026-09-03 09:00:00,386893030.0,80490595.5625262
2026-09-03 09:05:00,385795928.0,80014075.4672
2026-09-03 09:10:00,385661849.0,80067854.24675594
2026-09-03 09:15:00,386118912.0,80195152.76491776
2026-09-03 09:20:00,385878352.0,80031170.2048
2026-09-03 09:25:00,385449504.0,80019317.0304
2026-09-03 09:30:00,385543637.0,79884641.5864
2026-09-03 09:35:00,385420095.0,80013211.722
2026-09-03 09:40:00,384367281.0,79501352.23816013
2026-09-03 09:45:00,384166241.0,79596579.02148746
2026-09-03 09:50:00,383887620.0,79296076.314153
2026-09-03 09:55:00,383686248.0,79307947.4616
2026-09-03 10:00:00,383577061.0,79079286.38959531
2026-09-03 10:05:00,383579534.0,79350292.6815586
2026-09-03 10:10:00,384900923.0,79620947.49360147
2026-09-03 10:15:00,384563214.0,79325311.64636105
2026-09-03 10:20:00,384560196.0,79533512.98969476
2026-09-03 10:25:00,384692323.0,79572437.54788809
2026-09-03 10:30:00,384649997.0,79507154.3799
2026-09-03 10:35:00,384746973.0,79395223.41242154
2026-09-03 10:40:00,383205534.0,78872481.96803927
2026-09-03 10:45:00,380470599.0,78224755.1544
2026-09-03 10:50:00,380520847.0,78311190.3126
2026-09-03 10:55:00,380582966.0,78532126.64439438
2026-09-03 11:00:00,382927770.0,79561404.4082787
2026-09-03 11:05:00,383207471.0,79451573.74521655
2026-09-03 11:10:00,382851796.0,79411820.14510667
2026-09-03 11:15:00,382719992.0,79299582.3424
2026-09-03 11:20:00,382773002.0,79387120.6148
2026-09-03 11:25:00,382547915.0,79187418.405
2026-09-03 11:30:00,382925750.0,79364819.5070225
2026-09-03 11:35:00,382930689.0,79448437.47968207
2026-09-03 11:40:00,382893841.0,79335603.8552
2026-09-03 11:45:00,383079760.0,79220894.368
2026-09-03 11:50:00,382580054.0,79079297.1618
2026-09-03 11:55:00,382399807.0,79022029.12499969
2026-09-03 12:00:00,382233622.0,79017562.76185626
2026-09-03 12:05:00,381550285.0,79019064.0235
2026-09-03 12:10:00,381947199.0,79254043.7925
2026-09-03 12:15:00,381996371.0,79302446.6196
2026-09-03 12:20:00,382497552.0,79291742.5296
2026-09-03 12:25:00,382209450.0,79346681.82
2026-09-03 12:30:00,382038139.0,79234710.0286
2026-09-03 12:35:00,382200327.0,79555819.79575305
2026-09-03 12:40:00,382350924.0,79643697.4692
2026-09-03 12:45:00,381763137.0,79368556.1823
2026-09-03 12:50:00,381969407.0,79564227.4781
2026-09-03 12:55:00,381951110.0,79766012.8564908
2026-09-03 13:00:00,381750247.0,79685160.80538338
2026-09-03 13:05:00,381147094.0,79470891.88386488
2026-09-03 13:10:00,380845784.0,79406345.964
2026-09-03 13:15:00,381001947.0,79591306.7283
2026-09-03 13:20:00,381051379.0,79601633.0731
2026-09-03 13:25:00,381760367.0,79787916.703
2026-09-03 13:30:00,383102322.0,80218212.78511098
2026-09-03 13:35:00,383105219.0,80323119.78697146
2026-09-03 13:40:00,382649398.0,80523954.8838541
2026-09-03 13:45:00,382988380.0,80465858.638
2026-09-03 13:50:00,383018319.0,80433846.99
2026-09-03 13:55:00,382597218.0,80307156.0582
2026-09-03 14:00:00,382478541.0,80282245.7559
2026-09-03 14:05:00,382681346.0,80214755.3702904
2026-09-03 14:10:00,382433716.0,80391322.60229112
2026-09-03 14:15:00,382337262.0,80787863.4606
2026-09-03 14:20:00,382773929.0,81033240.7693
2026-09-03 14:25:00,381983266.0,81515228.9644
2026-09-03 14:30:00,381805673.0,81400969.4836
2026-09-03 14:35:00,381662083.0,81484854.7205
2026-09-03 14:40:00,381495473.0,81334834.8436
2026-09-03 14:45:00,380866626.0,81379394.91946027
2026-09-03 14:50:00,381898871.0,82276773.96081746
2026-09-03 14:55:00,381588782.0,82194223.6428
2026-09-03 15:00:00,381881505.0,82903083.6277356
2026-09-03 15:05:00,381755870.0,83108252.899
2026-09-03 15:10:00,381619287.0,82696899.4929
2026-09-03 15:15:00,382055078.0,82867746.4182
2026-09-03 15:20:00,381920664.0,82685823.756
2026-09-03 15:25:00,382362236.0,83133690.59840444
2026-09-03 15:30:00,382526973.0,83237869.3248
2026-09-03 15:35:00,382509254.0,83348766.4466
2026-09-03 15:40:00,381756844.0,83261167.6764
2026-09-03 15:45:00,382308167.0,83290119.85550207
2026-09-03 15:50:00,383023188.0,83384148.0276
2026-09-03 15:55:00,383445189.0,84248280.0903979
2026-09-03 16:00:00,383601828.0,84622563.2568
2026-09-03 16:05:00,386996184.0,85216559.7168
2026-09-03 16:10:00,388508998.0,86734575.5271503
2026-09-03 16:15:00,389219394.0,86134812.36812736
2026-09-03 16:20:00,387903567.0,85532736.5235
2026-09-03 16:25:00,388056069.0,85815440.88294834
2026-09-03 16:30:00,388050049.0,85720255.8241
2026-09-03 16:35:00,388798305.0,86468743.032
2026-09-03 16:40:00,390439554.0,86740840.00453909
2026-09-03 16:45:00,390284937.0,86699570.22755973
2026-09-03 16:50:00,389743038.0,86794566.3591822
2026-09-03 16:55:00,389979805.0,86902226.1914368
2026-09-03 17:00:00,390121977.0,86661305.848803
2026-09-03 17:05:00,389183334.0,86239675.94589426
2026-09-03 17:10:00,389216481.0,86297066.49082556
2026-09-03 17:15:00,389157083.0,86385027.01920672
2026-09-03 17:20:00,388965377.0,86000244.8547
2026-09-03 17:25:00,389305650.0,86245858.8327225
2026-09-03 17:30:00,389809312.0,86576648.1952
2026-09-03 17:35:00,390225220.0,86885955.3663024
2026-09-03 17:40:00,390333672.0,86694853.34271383
2026-09-03 17:45:00,391183093.0,86999119.8832
2026-09-03 17:50:00,391040013.0,87386259.1611282
2026-09-03 17:55:00,391263423.0,87174762.25052474
2026-09-03 18:00:00,391299579.0,87176529.74059722
2026-09-03 18:05:00,391264896.0,87529752.5046912
2026-09-03 18:10:00,391335826.0,87719776.41635698
2026-09-03 18:15:00,391468020.0,88038530.9475858
2026-09-03 18:20:00,392625591.0,87578004.2393643
2026-09-03 18:25:00,392510806.0,87711375.33382992
2026-09-03 18:30:00,392640956.0,87346899.21894088
2026-09-03 18:35:00,393370782.0,87328313.604
2026-09-03 18:40:00,393699037.0,87389914.61057068
2026-09-03 18:45:00,393754642.0,87300046.49862918
2026-09-03 18:50:00,393744693.0,87411121.03620657
2026-09-03 18:55:00,393517950.0,87593636.6472195
2026-09-03 19:00:00,393524040.0,87628178.1099816
2026-09-03 19:05:00,393575544.0,87710600.59006608
2026-09-03 19:10:00,393035139.0,87332407.8858
2026-09-03 19:15:00,392825245.0,86948422.90335135
2026-09-03 19:20:00,392776879.0,87196467.138
2026-09-03 19:25:00,392678133.0,87321096.93201692
2026-09-03 19:30:00,392961078.0,87416376.66469368
2026-09-03 19:35:00,393233072.0,87301764.75832656
2026-09-03 19:40:00,393443616.0,87398270.42874336
2026-09-03 19:45:00,393178782.0,87340117.34279226
2026-09-03 19:50:00,393655594.0,87076617.3928
2026-09-03 19:55:00,393672115.0,87355842.3185
2026-09-03 20:00:00,393494691.0,87591918.2166
2026-09-03 20:05:00,393918622.0,87727205.52365336
2026-09-03 20:10:00,394485305.0,87953161.52555875
2026-09-03 20:15:00,394734731.0,87828477.6475
2026-09-03 20:20:00,394927271.0,87989795.9788
2026-09-03 20:25:00,394865193.0,87896991.9618
2026-09-03 20:30:00,395271941.0,88303751.6194
2026-09-03 20:35:00,396214774.0,88341282.20113488
2026-09-03 20:40:00,396386158.0,88552667.6972
2026-09-03 20:45:00,396637837.0,88437906.18064767
2026-09-03 20:50:00,396797173.0,88655340.85088155
2026-09-03 20:55:00,396828506.0,88508546.64425375
2026-09-03 21:00:00,398113483.0,89231981.64484514
2026-09-03 21:05:00,398213132.0,89089747.13667896
2026-09-03 21:10:00,398460629.0,89174831.31016216
2026-09-03 21:15:00,398743079.0,89390777.70309982
2026-09-03 21:20:00,398829566.0,89321829.7184034
2026-09-03 21:25:00,399048351.0,89242478.87350926
2026-09-03 21:30:00,398648496.0,89257398.2544
2026-09-03 21:35:00,399112435.0,89672075.02300756
2026-09-03 21:40:00,399305864.0,89284791.1904
2026-09-03 21:45:00,398518780.0,89055616.876809
2026-09-03 21:50:00,398624272.0,89132387.2192
2026-09-03 21:55:00,398962740.0,89300951.1794994
2026-09-03 22:00:00,399080025.0,89133298.40807325
2026-09-03 22:05:00,400640189.0,89468430.95508362
2026-09-03 22:10:00,400828940.0,89099371.2240638
2026-09-03 22:15:00,399243675.0,88478099.579679
2026-09-03 22:20:00,400814892.0,88820580.0672
2026-09-03 22:25:00,400937008.0,88727359.8704
2026-09-03 22:30:00,397596989.0,87464960.12429644
2026-09-03 22:35:00,396797806.0,86991304.34607399
2026-09-03 22:40:00,396442157.0,87192195.60914817
2026-09-03 22:45:00,397065131.0,87223543.50715122
2026-09-03 22:50:00,401049949.0,88608268.49852277
2026-09-03 22:55:00,401524261.0,88656556.8288
2026-09-03 23:00:00,401285673.0,88684133.733
2026-09-03 23:05:00,401995124.0,88957496.97000876
2026-09-03 23:10:00,402198500.0,88895645.945535
2026-09-03 23:15:00,402130587.0,88700665.99866399
2026-09-03 23:20:00,402105413.0,88678912.37196624
2026-09-03 23:25:00,402314647.0,88751733.58606513
2026-09-03 23:30:00,402918608.0,89240665.61485872
2026-09-03 23:35:00,403109694.0,89182493.16359526
2026-09-03 23:40:00,402933610.0,89268160.3289438
2026-09-03 23:45:00,403093869.0,89107656.57730909
2026-09-03 23:50:00,403098302.0,89165344.4024
2026-09-03 23:55:00,402999750.0,89122197.8032425
2026-09-04 00:00:00,402894343.0,89106900.92673355
2026-09-04 00:05:00,403180758.0,89069733.48715596
2026-09-04 00:10:00,403041490.0,88979405.2606616
2026-09-04 00:15:00,402998404.0,89060366.31303336
2026-09-04 00:20:00,402796460.0,88793784.8986826
2026-09-04 00:25:00,401471175.0,88381321.80486526
2026-09-04 00:30:00,401505137.0,88331130.14
2026-09-04 00:35:00,401775192.0,88687060.36719984
2026-09-04 00:40:00,401718435.0,88973530.9705692
2026-09-04 00:45:00,402354457.0,88896889.80279061
2026-09-04 00:50:00,402210906.0,88669690.85197327
2026-09-04 00:55:00,402397120.0,88653256.338992
2026-09-04 01:00:00,405038627.0,88956819.07496104
2026-09-04 01:05:00,403157073.0,88073343.4209265
2026-09-04 01:10:00,403679129.0,88814724.83412893
2026-09-04 01:15:00,403464510.0,88681499.298
2026-09-04 01:20:00,403523639.0,88896257.6717
2026-09-04 01:25:00,403874321.0,89054287.7805
2026-09-04 01:30:00,403916034.0,89207368.46663149
2026-09-04 01:35:00,404417341.0,89659324.4997
2026-09-04 01:40:00,405275259.0,89890052.4462
2026-09-04 01:45:00,405861541.0,89932821.44525418
2026-09-04 01:50:00,406610887.0,90308278.0027
2026-09-04 01:55:00,408058083.0,91178334.3268935
2026-09-04 02:00:00,408216667.0,90787386.7408
2026-09-04 02:05:00,408238200.0,90499860.799272
2026-09-04 02:10:00,407985574.0,90366989.1051957
2026-09-04 02:15:00,408284014.0,90651124.06629398
2026-09-04 02:20:00,408714293.0,91070233.74626918
2026-09-04 02:25:00,408285898.0,90714859.3470657
2026-09-04 02:30:00,408908138.0,91073427.13935472
2026-09-04 02:35:00,409566462.0,91402545.94940723
2026-09-04 02:40:00,409674306.0,91612691.55572838
2026-09-04 02:45:00,409280483.0,91675255.17338341
2026-09-04 02:50:00,409310608.0,91644645.1312
2026-09-04 02:55:00,408632585.0,91983194.8835
2026-09-04 03:00:00,408732535.0,92254002.73083785
2026-09-04 03:05:00,408863606.0,91759779.00832628
2026-09-04 03:10:00,408632473.0,91816304.60195045
2026-09-04 03:15:00,411066362.0,92179025.51776493
2026-09-04 03:20:00,410601360.0,91933644.504
2026-09-04 03:25:00,409799876.0,91959092.1744
2026-09-04 03:30:00,409832205.0,92089296.4635
2026-09-04 03:35:00,409990075.0,91941832.281035
2026-09-04 03:40:00,409865468.0,91892067.45026208
2026-09-04 03:45:00,410126547.0,92196447.7656
2026-09-04 03:50:00,409993417.0,92043522.1165
2026-09-04 03:55:00,409599627.0,91914156.2988
2026-09-04 04:00:00,409206352.0,91662222.848
2026-09-04 04:05:00,408809934.0,91573425.216
2026-09-04 04:10:00,408275018.0,90929419.7363898
2026-09-04 04:15:00,407601917.0,91262069.2163
2026-09-04 04:20:00,408647695.0,91897155.42349535
2026-09-04 04:25:00,408913498.0,91760188.9512
2026-09-04 04:30:00,408870773.0,92200359.3115
2026-09-04 04:35:00,409709594.0,92594368.244
2026-09-04 04:40:00,411616171.0,92819446.5605
2026-09-04 04:45:00,410640890.0,92106751.627
2026-09-04 04:50:00,410056069.0,91895619.4438057
2026-09-04 04:55:00,409638332.0,91628053.66794284
2026-09-04 05:00:00,409128378.0,91268063.99180783
2026-09-04 05:05:00,408357575.0,90921602.20386975
2026-09-04 05:10:00,408450456.0,91002761.5968
2026-09-04 05:15:00,408310658.0,90743356.69525826
2026-09-04 05:20:00,408032227.0,90909580.1756
2026-09-04 05:25:00,407676117.0,90748703.6442
2026-09-04 05:30:00,407727176.0,90440798.6124332
2026-09-04 05:35:00,407362929.0,90408918.59436087
2026-09-04 05:40:00,406744304.0,90053188.9056
2026-09-04 05:45:00,406731877.0,90131560.24066766
2026-09-04 05:50:00,406770098.0,89779753.7174475
2026-09-04 05:55:00,406805313.0,89672383.97636223
2026-09-04 06:00:00,406156857.0,89817726.37383993
2026-09-04 06:05:00,406215378.0,89732977.0002
2026-09-04 06:10:00,408037023.0,90584219.106
2026-09-04 06:15:00,407858851.0,90422307.2667
2026-09-04 06:20:00,407699649.0,90387012.1833
2026-09-04 06:25:00,407872795.0,90139887.695
2026-09-04 06:30:00,407718042.0,89942600.0652
2026-09-04 06:35:00,407918520.0,90049636.8057096
2026-09-04 06:40:00,407696770.0,90067049.4908652
2026-09-04 06:45:00,407838154.0,90295367.2956
2026-09-04 06:50:00,407988606.0,90287878.5078
2026-09-04 06:55:00,407416261.0,90120476.9332
2026-09-04 07:00:00,407452185.0,90128423.322
2026-09-04 07:05:00,407574749.0,90400079.3282
2026-09-04 07:10:00,407600257.0,90547826.4521902
2026-09-04 07:15:00,406973481.0,90324903.08437857
2026-09-04 07:20:00,406734285.0,90335684.6985
2026-09-04 07:25:00,406619613.0,90228892.1247
2026-09-04 07:30:00,406855498.0,90228933.7319321
2026-09-04 07:35:00,406869145.0,90406324.019
2026-09-04 07:40:00,406740668.0,90058188.08453237
2026-09-04 07:45:00,406730091.0,90150248.23991968
2026-09-04 07:50:00,406816367.0,90043314.88265917
2026-09-04 07:55:00,406891542.0,89923030.782
2026-09-04 08:00:00,407650758.0,89701617.03330708
2026-09-04 08:05:00,407588676.0,89866369.97462124
2026-09-04 08:10:00,407996023.0,90207920.6853
2026-09-04 08:15:00,408763679.0,90418525.7948
2026-09-04 08:20:00,409093561.0,90696042.4737
2026-09-04 08:25:00,409913500.0,90665963.25666
2026-09-04 08:30:00,409604706.0,90627908.435442
2026-09-04 08:35:00,408180070.0,90203664.6876916
2026-09-04 08:40:00,408057469.0,90079832.92323789
2026-09-04 08:45:00,407783691.0,90043528.29925509
2026-09-04 08:50:00,407699753.0,90309156.43328194
2026-09-04 08:55:00,407547988.0,90641994.0473022
2026-09-04 09:00:00,407558437.0,90844775.6073
2026-09-04 09:05:00,406634669.0,90842185.0546
2026-09-04 09:10:00,406554488.0,90946238.9656
2026-09-04 09:15:00,406172059.0,90721311.65625416
2026-09-04 09:20:00,406222962.0,90922269.50858472
2026-09-04 09:25:00,406125442.0,90444550.18135084
2026-09-04 09:30:00,404860791.0,90069424.70845701
2026-09-04 09:35:00,404581936.0,90282693.67592289
2026-09-04 09:40:00,405319203.0,90548309.9502
2026-09-04 09:45:00,407224749.0,90892563.9768
2026-09-04 09:50:00,407701441.0,90596393.15134218
2026-09-04 09:55:00,407969694.0,90358013.12135598
2026-09-04 10:00:00,409236048.0,90459557.67599712
2026-09-04 10:05:00,409319687.0,90541514.7644
2026-09-04 10:10:00,407698728.0,89291525.364828
2026-09-04 10:15:00,407343934.0,89586638.15126316
2026-09-04 10:20:00,407627140.0,89392631.802
2026-09-04 10:25:00,406845693.0,89305603.65551583
2026-09-04 10:30:00,406727678.0,89509703.00223517
2026-09-04 10:35:00,406537590.0,89600884.836
2026-09-04 10:40:00,407457021.0,90065628.23172846
2026-09-04 10:45:00,407413530.0,89956907.424
2026-09-04 10:50:00,407504374.0,89902172.42639604
2026-09-04 10:55:00,407446028.0,90028459.454824
2026-09-04 11:00:00,407418313.0,90039447.173
2026-09-04 11:05:00,407886461.0,90102119.2349
2026-09-04 11:10:00,407971018.0,90161594.978
2026-09-04 11:15:00,407643186.0,89984571.39949542
2026-09-04 11:20:00,407369624.0,90028686.904
2026-09-04 11:25:00,407303867.0,90117418.3564005
2026-09-04 11:30:00,407288531.0,90255138.4696
2026-09-04 11:35:00,407196400.0,90249022.977568
2026-09-04 11:40:00,406771364.0,90262565.6716
2026-09-04 11:45:00,406659953.0,90237843.5707
2026-09-04 11:50:00,406583310.0,90108493.4546139
2026-09-04 11:55:00,406450815.0,90110145.6855
2026-09-04 12:00:00,405431419.0,89702196.08008118
2026-09-04 12:05:00,405219859.0,89451052.00587864
2026-09-04 12:10:00,405350667.0,89669043.82791117
2026-09-04 12:15:00,405308907.0,89694861.1191
2026-09-04 12:20:00,406455763.0,89867369.1993
2026-09-04 12:25:00,406365272.0,89967934.27905512
2026-09-04 12:30:00,406476847.0,90245961.11756071
2026-09-04 12:35:00,397527063.0,85733715.56280006
2026-09-04 12:40:00,392223427.0,84654241.18476737
2026-09-04 12:45:00,393070313.0,84292552.8767545
2026-09-04 12:50:00,391968320.0,84116401.472
2026-09-04 12:55:00,392555511.0,84328425.4986152
2026-09-04 13:00:00,393702947.0,84409911.8368
2026-09-04 13:05:00,392530953.0,84205041.33246367
2026-09-04 13:10:00,393088812.0,84130333.76550876
2026-09-04 13:15:00,393011891.0,83986641.1067
2026-09-04 13:20:00,392935301.0,84121475.3275248
2026-09-04 13:25:00,392929718.0,84297499.25349876
2026-09-04 13:30:00,392776587.0,83975634.3006
2026-09-04 13:35:00,392952987.0,84155302.88715374
2026-09-04 13:40:00,392951156.0,84180590.1159496
2026-09-04 13:45:00,395287449.0,84678611.72251266
2026-09-04 13:50:00,395021750.0,85601213.225
2026-09-04 13:55:00,394054002.0,84717859.03590097
2026-09-04 14:00:00,394121287.0,84736076.705
2026-09-04 14:05:00,394188187.0,84651984.11212365
2026-09-04 14:10:00,394252939.0,84257002.00768334
2026-09-04 14:15:00,394035071.0,84344984.0457202
2026-09-04 14:20:00,393217231.0,83762131.84368095
2026-09-04 14:25:00,392821025.0,83710160.4275
2026-09-04 14:30:00,392915955.0,83848264.797
2026-09-04 14:35:00,392258488.0,83551057.944
2026-09-04 14:40:00,391933908.0,83403535.6224
2026-09-04 14:45:00,391724112.0,82810477.2768
2026-09-04 14:50:00,392762696.0,82362337.3512
2026-09-04 14:55:00,392527328.0,82587749.8112
2026-09-04 15:00:00,393601079.0,83049827.669
2026-09-04 15:05:00,393574796.0,83359141.7928
2026-09-04 15:10:00,393906352.0,83744490.4352
2026-09-04 15:15:00,393779984.0,83806717.31978
2026-09-04 15:20:00,391795022.0,83334801.1794
2026-09-04 15:25:00,390926703.0,83412878.93005551
2026-09-04 15:30:00,390888405.0,83532852.1485
2026-09-04 15:35:00,389371455.0,83169742.788
2026-09-04 15:40:00,388906344.0,83114878.18602672
2026-09-04 15:45:00,387872496.0,82901912.41766016
2026-09-04 15:50:00,387975510.0,82547636.5434357
2026-09-04 15:55:00,387607917.0,82547997.59391426
2026-09-04 16:00:00,387800270.0,82540417.747502
2026-09-04 16:05:00,388972362.0,82773318.6336
2026-09-04 16:10:00,389166652.0,83087080.202
2026-09-04 16:15:00,389388947.0,82978784.6057
2026-09-04 16:20:00,389345118.0,83164117.2048
2026-09-04 16:25:00,389327826.0,83043625.2858
2026-09-04 16:30:00,389412995.0,83237206.8112277
2026-09-04 16:35:00,388537258.0,83380095.5668
2026-09-04 16:40:00,388025661.0,83115096.5862
2026-09-04 16:45:00,387916694.0,82980652.63447146
2026-09-04 16:50:00,387884839.0,83068206.91954231
2026-09-04 16:55:00,388094149.0,83052147.886
2026-09-04 17:00:00,387993034.0,82909824.0427743
2026-09-04 17:05:00,388008114.0,82878533.1504
2026-09-04 17:10:00,387562519.0,82710957.3798508
2026-09-04 17:15:00,387926966.0,82610098.69177786
2026-09-04 17:20:00,386772971.0,82305288.2288
2026-09-04 17:25:00,386489482.0,82090365.9768
2026-09-04 17:30:00,386246992.0,81863323.43034576
2026-09-04 17:35:00,386407978.0,81941586.94084506
2026-09-04 17:40:00,386544443.0,81964201.81027064
2026-09-04 17:45:00,386276203.0,81736044.5548
2026-09-04 17:50:00,386320751.0,81672707.39814915
2026-09-04 17:55:00,386774908.0,81745371.87768224
2026-09-04 18:00:00,386899434.0,81829230.291
2026-09-04 18:05:00,386070823.0,81962835.7229
2026-09-04 18:10:00,385862771.0,81829223.2929822
2026-09-04 18:15:00,385905374.0,81548840.58116803
2026-09-04 18:20:00,385865935.0,81657454.64907485
2026-09-04 18:25:00,386841367.0,81971685.6673
2026-09-04 18:30:00,386763706.0,81854202.75375573
2026-09-04 18:35:00,386504183.0,82132138.8875
2026-09-04 18:40:00,386222454.0,81885467.26067382
2026-09-04 18:45:00,385981187.0,82021002.2375
2026-09-04 18:50:00,385677073.0,81988844.30850513
2026-09-04 18:55:00,385565072.0,82018165.53468256
2026-09-04 19:00:00,385215314.0,81979258.05943368
2026-09-04 19:05:00,385193244.0,82046160.972
2026-09-04 19:10:00,385112933.0,81990543.4357
2026-09-04 19:15:00,384985308.0,81886375.0116
2026-09-04 19:20:00,384430021.0,82004436.20580114
2026-09-04 19:25:00,384301390.0,82086776.904
2026-09-04 19:30:00,384533900.0,82405614.77
2026-09-04 19:35:00,384235393.0,82187950.5627
2026-09-04 19:40:00,383949010.0,81819534.031
2026-09-04 19:45:00,384641527.0,82159430.1672
2026-09-04 19:50:00,384287014.0,82131580.66660412
2026-09-04 19:55:00,384048758.0,82032814.7088
2026-09-04 20:00:00,384017561.0,81987749.2735
2026-09-04 20:05:00,384170165.0,82020330.2275
2026-09-04 20:10:00,384314000.0,81952197.28234
2026-09-04 20:15:00,384265808.0,81733337.3616
2026-09-04 20:20:00,384292156.0,81777370.7968
2026-09-04 20:25:00,384075000.0,81615937.5
2026-09-04 20:30:00,384184163.0,81600716.2212
2026-09-04 20:35:00,384242331.0,81544748.97552489
2026-09-04 20:40:00,384594534.0,81726699.99386196
2026-09-04 20:45:00,384666381.0,81777445.32921778
2026-09-04 20:50:00,384424257.0,81728597.0382
2026-09-04 20:55:00,384351985.0,81751667.2095
2026-09-04 21:00:00,384561463.0,81832764.21031426
2026-09-04 21:05:00,384512042.0,81862613.7418
2026-09-04 21:10:00,384423421.0,81829568.79513352
2026-09-04 21:15:00,385889834.0,82233123.6254
2026-09-04 21:20:00,385381371.0,82124770.1601
2026-09-04 21:25:00,385312823.0,81966806.94550285
2026-09-04 21:30:00,385325186.0,81823995.909693
2026-09-04 21:35:00,385148180.0,81843988.25
2026-09-04 21:40:00,385027822.0,81895417.7394
2026-09-04 21:45:00,385019350.0,81932117.68
2026-09-04 21:50:00,384587390.0,81597433.4938103
2026-09-04 21:55:00,383614319.0,81096067.0366
2026-09-04 22:00:00,383692019.0,81074123.6147
2026-09-04 22:05:00,383877920.0,81153389.2201472
2026-09-04 22:10:00,383931082.0,81163030.7348
2026-09-04 22:15:00,386507914.0,81628252.88137364
2026-09-04 22:20:00,386450746.0,81600412.13748115
2026-09-04 22:25:00,386401492.0,81498148.89425424
2026-09-04 22:30:00,386250292.0,81406258.31703097
2026-09-04 22:35:00,386251041.0,81383094.3387
2026-09-04 22:40:00,386079684.0,81244292.222856
2026-09-04 22:45:00,385958434.0,81168857.23650244
2026-09-04 22:50:00,385447040.0,80956867.965248
2026-09-04 22:55:00,385608156.0,80939151.9444
2026-09-04 23:00:00,385620412.0,80941724.4788
2026-09-04 23:05:00,385346094.0,80999748.9588
2026-09-04 23:10:00,385385608.0,81200747.6056
2026-09-04 23:15:00,385628700.0,81290529.96
2026-09-04 23:20:00,385632213.0,81214144.0578
2026-09-04 23:25:00,385599363.0,81284345.7204
2026-09-04 23:30:00,385973584.0,81440426.224
2026-09-04 23:35:00,386078815.0,81424022.0835
2026-09-04 23:40:00,386518689.0,81684440.12626687
2026-09-04 23:45:00,386407653.0,81570655.5483
2026-09-04 23:50:00,385884263.0,81382991.0667
2026-09-04 23:55:00,385925164.0,81468802.1204
2026-09-05 00:00:00,385938180.0,81510143.616
2026-09-05 00:05:00,386002604.0,81225470.31258504
2026-09-05 00:10:00,386383588.0,81431380.54285172
2026-09-05 00:15:00,386490241.0,81472142.8028
2026-09-05 00:20:00,387527330.0,81768266.63
2026-09-05 00:25:00,387617074.0,81694941.99804652
2026-09-05 00:30:00,387484055.0,81615561.13810085
2026-09-05 00:35:00,387278863.0,81470444.71424869
2026-09-05 00:40:00,387445541.0,81557286.3805
2026-09-05 00:45:00,387907197.0,81809627.8473
2026-09-05 00:50:00,387708688.0,81651449.6928
2026-09-05 00:55:00,387665854.0,81772269.77688022
2026-09-05 01:00:00,387766439.0,81553889.66182056
2026-09-05 01:05:00,387736313.0,81618493.8865
2026-09-05 01:10:00,387380281.0,81698501.2629
2026-09-05 01:15:00,387390518.0,81623182.1426
2026-09-05 01:20:00,386797925.0,81575682.3825
2026-09-05 01:25:00,387002266.0,81784232.97818299
2026-09-05 01:30:00,386745279.0,81680602.9248
2026-09-05 01:35:00,386779612.0,81610498.132
2026-09-05 01:40:00,386646999.0,81481795.2457605
2026-09-05 01:45:00,386523015.0,81401746.959
2026-09-05 01:50:00,386797227.0,81377197.1602112
2026-09-05 01:55:00,386612765.0,81304664.4795
2026-09-05 02:00:00,387178556.0,81268778.9044
2026-09-05 02:05:00,387164183.0,81151211.74487579
2026-09-05 02:10:00,387049717.0,81319145.5417
2026-09-05 02:15:00,387014234.0,81235286.21332373
2026-09-05 02:20:00,387017391.0,81312353.8491
2026-09-05 02:25:00,387479644.0,81606940.58057529
2026-09-05 02:30:00,387030854.0,81443181.26943488
2026-09-05 02:35:00,386775377.0,81239166.56192449
2026-09-05 02:40:00,386564559.0,81371839.6695
2026-09-05 02:45:00,386540933.0,81482828.6764
2026-09-05 02:50:00,386462954.0,81389098.1124
2026-09-05 02:55:00,386240370.0,81303597.885
2026-09-05 03:00:00,385799694.0,81095095.6788
2026-09-05 03:05:00,385725761.0,81156700.1144
2026-09-05 03:10:00,385798916.0,81094932.1432
2026-09-05 03:15:00,385445331.0,81136242.1755
2026-09-05 03:20:00,385369283.0,81158770.9998
2026-09-05 03:25:00,385335387.0,81139744.90551105
2026-09-05 03:30:00,385354634.0,81176895.83945537
2026-09-05 03:35:00,385393075.0,81188947.7627975
2026-09-05 03:40:00,385277145.0,81195636.46402726
2026-09-05 03:45:00,385224510.0,81128281.806
2026-09-05 03:50:00,384884087.0,81028834.73068643
2026-09-05 03:55:00,384743664.0,80911592.5392
2026-09-05 04:00:00,384745723.0,80886724.66815552
2026-09-05 04:05:00,385094432.0,80902640.7656064
2026-09-05 04:10:00,384875809.0,80823919.89
2026-09-05 04:15:00,384689481.0,80746322.0619
2026-09-05 04:20:00,383748925.0,80640649.88797826
2026-09-05 04:25:00,383725387.0,80711593.00386482
2026-09-05 04:30:00,383494588.0,80679388.17130835
2026-09-05 04:35:00,383592990.0,80784683.694
2026-09-05 04:40:00,383511265.0,80767472.409
2026-09-05 04:45:00,383468941.0,80758558.9746
2026-09-05 04:50:00,383256114.0,80692083.637959
2026-09-05 04:55:00,383020879.0,80742226.13086988
2026-09-05 05:00:00,383350798.0,80710205.48943846
2026-09-05 05:05:00,383450762.0,80618222.005928
2026-09-05 05:10:00,383240524.0,80672130.302
2026-09-05 05:15:00,384391818.0,80919613.16368848
2026-09-05 05:20:00,384081732.0,80933702.56704
2026-09-05 05:25:00,383808066.0,80829978.6996
2026-09-05 05:30:00,384113121.0,80971045.9068
2026-09-05 05:35:00,384159139.0,80942330.5873
2026-09-05 05:40:00,383488136.0,80647555.0008
2026-09-05 05:45:00,384245031.0,80768305.5162
2026-09-05 05:50:00,384232218.0,80682963.8735082
2026-09-05 05:55:00,383734864.0,80841208.90735616
2026-09-05 06:00:00,383446702.0,80945598.7922
2026-09-05 06:05:00,383272595.0,81023826.583
2026-09-05 06:10:00,382965017.0,81114089.24889316
2026-09-05 06:15:00,382950966.0,81262194.9852
2026-09-05 06:20:00,382624059.0,81116300.508
2026-09-05 06:25:00,382811524.0,81294927.1089072
2026-09-05 06:30:00,383028581.0,81355270.6044
2026-09-05 06:35:00,382860162.0,81419160.73757023
2026-09-05 06:40:00,382974805.0,81573633.465
2026-09-05 06:45:00,382881935.0,81477275.768
2026-09-05 06:50:00,382638040.0,81540166.324
2026-09-05 06:55:00,382440681.0,81421620.9849
2026-09-05 07:00:00,382088868.0,81409458.9893256
2026-09-05 07:05:00,381998281.0,81388133.5517509
2026-09-05 07:10:00,381677879.0,81297388.227
2026-09-05 07:15:00,381632144.0,81325809.8864
2026-09-05 07:20:00,381899268.0,81293625.45459756
2026-09-05 07:25:00,381844535.0,81371070.4085
2026-09-05 07:30:00,380965178.0,81336065.503
2026-09-05 07:35:00,381036617.0,81503732.3763
2026-09-05 07:40:00,380412832.0,81203041.04669791
2026-09-05 07:45:00,380314486.0,81335356.65150212
2026-09-05 07:50:00,379531364.0,80938372.88649409
2026-09-05 07:55:00,379805074.0,81092800.43201062
2026-09-05 08:00:00,379603248.0,81083253.7728
2026-09-05 08:05:00,379321998.0,80871449.9736
2026-09-05 08:10:00,379151373.0,80738908.56086601
2026-09-05 08:15:00,377561962.0,80399773.42206596
2026-09-05 08:20:00,377865818.0,80596931.21554998
2026-09-05 08:25:00,377702168.0,80526102.2176
2026-09-05 08:30:00,377470312.0,80556803.69093448
2026-09-05 08:35:00,377121822.0,80275667.06064443
2026-09-05 08:40:00,379089365.0,80662430.3764429
2026-09-05 08:45:00,379178454.0,80732389.97960238
2026-09-05 08:50:00,379207083.0,80711683.13702308
2026-09-05 08:55:00,379020567.0,80845086.9411
2026-09-05 09:00:00,378975336.0,80878532.45425656
2026-09-05 09:05:00,377667553.0,80896389.8526
2026-09-05 09:10:00,377451192.0,80812300.2072
2026-09-05 09:15:00,377361502.0,80735448.06153946
2026-09-05 09:20:00,377449638.0,80660987.6406
2026-09-05 09:25:00,377294274.0,80590056.9264
2026-09-05 09:30:00,377192812.0,80492946.0808
2026-09-05 09:35:00,377053451.0,80425501.0983
2026-09-05 09:40:00,377112721.0,80456738.8175725
2026-09-05 09:45:00,376893319.0,80466723.6065
2026-09-05 09:50:00,376864404.0,80309804.4924
2026-09-05 09:55:00,377168868.0,80428545.4851504
2026-09-05 10:00:00,377490145.0,80564826.29793786
2026-09-05 10:05:00,377484671.0,80517480.3243
2026-09-05 10:10:00,377544503.0,80477231.46623378
2026-09-05 10:15:00,377456109.0,80360405.6061
2026-09-05 10:20:00,377426192.0,80467264.1344
2026-09-05 10:25:00,377369596.0,80383644.81810243
2026-09-05 10:30:00,377612034.0,80371745.85407208
2026-09-05 10:35:00,377580330.0,80500126.356
2026-09-05 10:40:00,377422175.0,80429273.14220175
2026-09-05 10:45:00,377311346.0,80405047.8326
2026-09-05 10:50:00,377315985.0,80406036.4035
2026-09-05 10:55:00,377336369.0,80372646.597
2026-09-05 11:00:00,377247943.0,80278362.2704
2026-09-05 11:05:00,377561774.0,80378378.49454749
2026-09-05 11:10:00,377339120.0,80374353.2571864
2026-09-05 11:15:00,377814194.0,80450639.9184877
2026-09-05 11:20:00,377916184.0,80382772.3368
2026-09-05 11:25:00,377614464.0,80280835.0464
2026-09-05 11:30:00,377587568.0,80237358.2
2026-09-05 11:35:00,377896438.0,80302993.075
2026-09-05 11:40:00,377935695.0,80424715.896
2026-09-05 11:45:00,378006859.0,80364258.2234
2026-09-05 11:50:00,378396602.0,80599100.5803933
2026-09-05 11:55:00,378393021.0,80597713.473
2026-09-05 12:00:00,378419747.0,80754774.0098
2026-09-05 12:05:00,378716116.0,80865392.75335044
2026-09-05 12:10:00,379176107.0,80840346.0124
2026-09-05 12:15:00,378256065.0,80719844.271
2026-09-05 12:20:00,378292724.0,80727667.3016
2026-09-05 12:25:00,378140078.0,80730702.09634526
2026-09-05 12:30:00,377967071.0,80847156.4869
2026-09-05 12:35:00,377806101.0,80963847.4443
2026-09-05 12:40:00,374977963.0,80906111.49597453
2026-09-05 12:45:00,376007816.0,81217688.256
2026-09-05 12:50:00,379462041.0,82111567.1693858
2026-09-05 12:55:00,379433605.0,82071488.7615
2026-09-05 13:00:00,379449990.0,82053089.2440783
2026-09-05 13:05:00,379958639.0,82261045.3435
2026-09-05 13:10:00,380646567.0,82502513.12947203
2026-09-05 13:15:00,380486695.0,82299272.1285
2026-09-05 13:20:00,380300026.0,82220865.6212
2026-09-05 13:25:00,380188830.0,82339049.8854147
2026-09-05 13:30:00,380674803.0,82328299.8196841
2026-09-05 13:35:00,381394590.0,82419370.899
2026-09-05 13:40:00,380799222.0,82100312.2632
2026-09-05 13:45:00,381577419.0,82344407.0202
2026-09-05 13:50:00,381628563.0,82469932.4643
2026-09-05 13:55:00,381477866.0,82279503.67209189
2026-09-05 14:00:00,381612977.0,82199435.2458
2026-09-05 14:05:00,381631383.0,82203399.8982
2026-09-05 14:10:00,381771919.0,82348202.9283
2026-09-05 14:15:00,381633690.0,82111629.2487687
2026-09-05 14:20:00,381675769.0,82365630.9502
2026-09-05 14:25:00,380866437.0,82152890.4609
2026-09-05 14:30:00,381229221.0,82445630.15401901
2026-09-05 14:35:00,381553260.0,82716919.7888022
2026-09-05 14:40:00,382481091.0,83524575.9838887
2026-09-05 14:45:00,380085850.0,82755867.8698485
2026-09-05 14:50:00,379860280.0,82581624.872
2026-09-05 14:55:00,380041192.0,82660699.84865937
2026-09-05 15:00:00,380224821.0,82698898.5675
2026-09-05 15:05:00,379905814.0,82515542.8008
2026-09-05 15:10:00,379792436.0,82442607.5013408
2026-09-05 15:15:00,379960512.0,82575966.96141312
2026-09-05 15:20:00,379851365.0,82414223.496406
2026-09-05 15:25:00,380118000.0,82713676.8
2026-09-05 15:30:00,381838908.0,83147178.6759768
2026-09-05 15:35:00,381989430.0,82945857.1315968
2026-09-05 15:40:00,382064726.0,82935852.21275827
2026-09-05 15:45:00,382459673.0,82993749.041
2026-09-05 15:50:00,382659241.0,82966527.3722913
2026-09-05 15:55:00,383757648.0,83321188.06582992
2026-09-05 16:00:00,384227808.0,83466813.40869696
2026-09-05 16:05:00,384963203.0,83901378.87300748
2026-09-05 16:10:00,384669794.0,83781081.1332
2026-09-05 16:15:00,384609618.0,83691052.8768
2026-09-05 16:20:00,384496825.0,83628059.4375
2026-09-05 16:25:00,384431397.0,83660864.02892295
2026-09-05 16:30:00,384307099.0,83663655.4523
2026-09-05 16:35:00,383746691.0,83656778.638
2026-09-05 16:40:00,383764949.0,83452869.5714772
2026-09-05 16:45:00,383670994.0,83389064.27196856
2026-09-05 16:50:00,385082464.0,83949163.20598912
2026-09-05 16:55:00,384900239.0,84023722.1737
2026-09-05 17:00:00,384186692.0,83714280.1868
2026-09-05 17:05:00,383488926.0,83631610.1221134
2026-09-05 17:10:00,383198600.0,83729698.81706
2026-09-05 17:15:00,382986027.0,83773880.98358598
2026-09-05 17:20:00,383193037.0,83583099.8516399
2026-09-05 17:25:00,383399655.0,83696144.6865
2026-09-05 17:30:00,383504524.0,83697204.67664868
2026-09-05 17:35:00,383851305.0,83781481.6574253
2026-09-05 17:40:00,384143808.0,83735659.58496384
2026-09-05 17:45:00,384206515.0,84064385.482
2026-09-05 17:50:00,383795440.0,84127960.448
2026-09-05 17:55:00,383895797.0,84383586.16758029
2026-09-05 18:00:00,384284125.0,84926791.625
2026-09-05 18:05:00,383595139.0,84371359.55600822
2026-09-05 18:10:00,384015963.0,84406708.6674
2026-09-05 18:15:00,387001500.0,85720832.25
2026-09-05 18:20:00,386509089.0,85471023.65892243
2026-09-05 18:25:00,386229207.0,85240785.9849
2026-09-05 18:30:00,386148034.0,85035361.47996993
2026-09-05 18:35:00,386698528.0,85344365.1296
2026-09-05 18:40:00,386997595.0,85449068.976
2026-09-05 18:45:00,387181051.0,85412139.8506
2026-09-05 18:50:00,387328573.0,85367217.4892
2026-09-05 18:55:00,387423280.0,85271863.928
2026-09-05 19:00:00,387645835.0,85253134.3090422
2026-09-05 19:05:00,387723447.0,85564973.78079426
2026-09-05 19:10:00,387803453.0,85669769.38719684
2026-09-05 19:15:00,387875177.0,85706822.97079793
2026-09-05 19:20:00,387852348.0,85676583.6732
2026-09-05 19:25:00,388293013.0,85795406.94117916
2026-09-05 19:30:00,388281860.0,85732634.688
2026-09-05 19:35:00,388299377.0,85600314.20110479
2026-09-05 19:40:00,388036055.0,85262130.1892437
2026-09-05 19:45:00,388358904.0,85594302.4416
2026-09-05 19:50:00,388813291.0,85266754.7163
2026-09-05 19:55:00,389174166.0,85393245.42457722
2026-09-05 20:00:00,389449238.0,85445162.8172
2026-09-05 20:05:00,389647006.0,85410623.7152
2026-09-05 20:10:00,389587174.0,85670219.5626
2026-09-05 20:15:00,389859125.0,85807993.4125
2026-09-05 20:20:00,389653053.0,85414252.06714323
2026-09-05 20:25:00,389515700.0,85662775.743468
2026-09-05 20:30:00,390106321.0,85667348.0916
2026-09-05 20:35:00,389842439.0,85457450.71695097
2026-09-05 20:40:00,389584817.0,85458035.93137573
2026-09-05 20:45:00,389347371.0,85578552.1458
2026-09-05 20:50:00,389476149.0,85540806.2900911
2026-09-05 20:55:00,389491163.0,85415412.0459
2026-09-05 21:00:00,389328613.0,85224033.3857
2026-09-05 21:05:00,387974732.0,84625719.74012636
2026-09-05 21:10:00,387093002.0,84678789.00482135
2026-09-05 21:15:00,387176292.0,84756328.44427297
2026-09-05 21:20:00,387164373.0,84892068.58638006
2026-09-05 21:25:00,387425842.0,85194942.6558
2026-09-05 21:30:00,387167828.0,85370506.074
2026-09-05 21:35:00,387047329.0,85144567.9653321
2026-09-05 21:40:00,387028634.0,85236477.151722
2026-09-05 21:45:00,386822535.0,85217004.4605
2026-09-05 21:50:00,386911412.0,85241610.04284188
2026-09-05 21:55:00,386802157.0,85205951.15449572
2026-09-05 22:00:00,386830734.0,85237459.80988614
2026-09-05 22:05:00,387661164.0,85479286.662
2026-09-05 22:10:00,387565951.0,85315330.74315463
2026-09-05 22:15:00,387730596.0,85418581.8346542
2026-09-05 22:20:00,387797446.0,85276658.3754
2026-09-05 22:25:00,387860284.0,85212904.3948
2026-09-05 22:30:00,387845448.0,85170860.3808
2026-09-05 22:35:00,387652770.0,85361139.954
2026-09-05 22:40:00,387705399.0,85411499.3997
2026-09-05 22:45:00,387819396.0,85104015.14659645
2026-09-05 22:50:00,387357029.0,84952889.18237121
2026-09-05 22:55:00,387273327.0,85006495.2765
2026-09-05 23:00:00,387503080.0,85001156.6167264
2026-09-05 23:05:00,387404386.0,84919041.4112
2026-09-05 23:10:00,387387877.0,85090994.57201394
2026-09-05 23:15:00,387399379.0,84956683.8147
2026-09-05 23:20:00,387008582.0,84909682.8908
2026-09-05 23:25:00,387068274.0,84767952.006
2026-09-05 23:30:00,386952633.0,84784839.28973398
2026-09-05 23:35:00,387502940.0,84985637.4143634
2026-09-05 23:40:00,388332101.0,84889397.2786
2026-09-05 23:45:00,386922125.0,84542484.3125
2026-09-05 23:50:00,386090546.0,84505799.9100776
2026-09-05 23:55:00,386108666.0,84507194.45223404
2026-09-06 00:00:00,385222246.0,84041398.79521886
2026-09-06 00:05:00,384928958.0,84124711.00009505
2026-09-06 00:10:00,384476210.0,84084947.127
2026-09-06 00:15:00,384257816.0,84075610.1408
2026-09-06 00:20:00,384248118.0,84035063.4066
2026-09-06 00:25:00,383900929.0,84151083.6368
2026-09-06 00:30:00,384186612.0,84304346.49776916
2026-09-06 00:35:00,384248066.0,84380875.2936
2026-09-06 00:40:00,384477621.0,84380719.07488608
2026-09-06 00:45:00,384373771.0,84331605.3574
2026-09-06 00:50:00,384358295.0,84232227.9695726
2026-09-06 00:55:00,384406821.0,84300415.8453
2026-09-06 01:00:00,384744175.0,84412871.995
2026-09-06 01:05:00,384979290.0,84557640.4631445
2026-09-06 01:10:00,384976685.0,84973301.2376594
2026-09-06 01:15:00,384872774.0,85058691.9560378
2026-09-06 01:20:00,384902428.0,85563809.7444
2026-09-06 01:25:00,385065893.0,85523134.8353
2026-09-06 01:30:00,384916940.0,85285823.1439748
2026-09-06 01:35:00,385142245.0,85506084.5542665
2026-09-06 01:40:00,384823110.0,85557995.2707081
2026-09-06 01:45:00,384432165.0,85190167.764
2026-09-06 01:50:00,384380962.0,85185820.75651802
2026-09-06 01:55:00,384632889.0,85320948.28370494
2026-09-06 02:00:00,384608001.0,85113750.6213
2026-09-06 02:05:00,384135575.0,84893962.075
2026-09-06 02:10:00,384012837.0,85089737.22823665
2026-09-06 02:15:00,384439184.0,85153279.256
2026-09-06 02:20:00,384531524.0,84866107.3468
2026-09-06 02:25:00,384514315.0,84823857.889
2026-09-06 02:30:00,384583956.0,84847093.12717932
2026-09-06 02:35:00,386401760.0,85709412.7290624
2026-09-06 02:40:00,386495616.0,85570129.3824
2026-09-06 02:45:00,386715326.0,85464087.046
2026-09-06 02:50:00,386734645.0,85410965.123682
2026-09-06 02:55:00,386736947.0,85552234.17066479
2026-09-06 03:00:00,386710821.0,85473002.83934224
2026-09-06 03:05:00,387239974.0,85793051.09129766
2026-09-06 03:10:00,387118079.0,85514383.6511
2026-09-06 03:15:00,387129505.0,85594333.5555
2026-09-06 03:20:00,387338670.0,85718047.671
2026-09-06 03:25:00,387412049.0,85618062.829
2026-09-06 03:30:00,387174221.0,85550437.89206089
2026-09-06 03:35:00,387195327.0,85855394.70463455
2026-09-06 03:40:00,388002263.0,86361225.53668433
2026-09-06 03:45:00,387838061.0,86628986.96797241
2026-09-06 03:50:00,387767073.0,86383774.34949009
2026-09-06 03:55:00,387755225.0,86391864.13
2026-09-06 04:00:00,388171331.0,86469290.24149853
2026-09-06 04:05:00,388240777.0,86204178.46667162
2026-09-06 04:10:00,388270977.0,85976379.99017891
2026-09-06 04:15:00,388410837.0,86012612.71066587
2026-09-06 04:20:00,388204750.0,85761902.2164375
2026-09-06 04:25:00,388337523.0,85633161.5392806
2026-09-06 04:30:00,387850723.0,85627770.51987562
2026-09-06 04:35:00,387687773.0,85422472.58736137
2026-09-06 04:40:00,387513587.0,85468617.20035028
2026-09-06 04:45:00,387520705.0,85774270.74309665
2026-09-06 04:50:00,387774380.0,86008357.484
2026-09-06 04:55:00,388087533.0,85809883.06749213
2026-09-06 05:00:00,387933175.0,85694438.3575
2026-09-06 05:05:00,388090774.0,85884488.2862
2026-09-06 05:10:00,388230406.0,85796652.46042895
2026-09-06 05:15:00,388152288.0,85665209.9616
2026-09-06 05:20:00,387833676.0,85532734.18994749
2026-09-06 05:25:00,387740135.0,85871190.82208705
2026-09-06 05:30:00,388149911.0,85900238.01268946
2026-09-06 05:35:00,388145949.0,86019864.98623668
2026-09-06 05:40:00,388172667.0,86399336.36042655
2026-09-06 05:45:00,388746857.0,86374408.5044819
2026-09-06 05:50:00,388733470.0,86143336.952
2026-09-06 05:55:00,388515385.0,86170901.9113059
2026-09-06 06:00:00,388335328.0,85967791.4862992
2026-09-06 06:05:00,388725541.0,86141579.8856
2026-09-06 06:10:00,388685041.0,85977131.0692
2026-09-06 06:15:00,388831088.0,86100147.07011952
2026-09-06 06:20:00,388883358.0,86014422.77201623
2026-09-06 06:25:00,388615542.0,85689727.011
2026-09-06 06:30:00,388813249.0,85655558.7547
2026-09-06 06:35:00,388991069.0,85655833.3938
2026-09-06 06:40:00,388660946.0,85683908.43266942
2026-09-06 06:45:00,388736098.0,85794056.8286
2026-09-06 06:50:00,388937382.0,85721798.9928
2026-09-06 06:55:00,389002127.0,85733108.48461352
2026-09-06 07:00:00,389528688.0,85713793.40751743
2026-09-06 07:05:00,389186678.0,85677929.3336558
2026-09-06 07:10:00,389083461.0,85424017.0119605
2026-09-06 07:15:00,385158847.0,84077187.46744728
2026-09-06 07:20:00,384506834.0,84174936.46618108
2026-09-06 07:25:00,384216001.0,84004206.50015797
2026-09-06 07:30:00,384733655.0,84124764.51138325
2026-09-06 07:35:00,384714140.0,84045054.974247
2026-09-06 07:40:00,384494502.0,84088947.5874
2026-09-06 07:45:00,384437892.0,84115010.7696
2026-09-06 07:50:00,384087785.0,84058272.3782402
2026-09-06 07:55:00,384100050.0,84066030.5562465
2026-09-06 08:00:00,383882995.0,84035599.94448295
2026-09-06 08:05:00,384424104.0,83935743.19199808
2026-09-06 08:10:00,384199922.0,83974327.2215907
2026-09-06 08:15:00,384405800.0,84062852.110964
2026-09-06 08:20:00,384835950.0,84048171.48
2026-09-06 08:25:00,384672837.0,83935613.0334
2026-09-06 08:30:00,384612849.0,83819543.56148025
2026-09-06 08:35:00,385699189.0,84043853.2831
2026-09-06 08:40:00,386349472.0,84076634.16914847
2026-09-06 08:45:00,387021288.0,84215832.2688
2026-09-06 08:50:00,387628765.0,84283762.04362595
2026-09-06 08:55:00,387192457.0,84291821.12044743
2026-09-06 09:00:00,387564296.0,84333990.8096
2026-09-06 09:05:00,387080968.0,84411385.3753572
2026-09-06 09:10:00,387271328.0,84491926.69908704
2026-09-06 09:15:00,387000633.0,84574096.65414888
2026-09-06 09:20:00,386461544.0,84519139.6728
2026-09-06 09:25:00,386860548.0,84877204.2312
2026-09-06 09:30:00,386875845.0,85035310.731
2026-09-06 09:35:00,387350010.0,85178267.199
2026-09-06 09:40:00,387543855.0,84971606.12977125
2026-09-06 09:45:00,387807959.0,84875289.24533813
2026-09-06 09:50:00,387805259.0,85200815.4023
2026-09-06 09:55:00,387953270.0,85116947.438
2026-09-06 10:00:00,387993279.0,85170224.36176851
2026-09-06 10:05:00,388001213.0,85205066.3748
2026-09-06 10:10:00,387881290.0,85062366.897
2026-09-06 10:15:00,387806639.0,84949858.6668919
2026-09-06 10:20:00,387851857.0,84954589.82097732
2026-09-06 10:25:00,387839105.0,84880403.2162614
2026-09-06 10:30:00,387473568.0,84773392.95067295
2026-09-06 10:35:00,387264644.0,84675666.1326186
2026-09-06 10:40:00,386045247.0,84398358.45352359
2026-09-06 10:45:00,386045217.0,84543902.523
2026-09-06 10:50:00,385937844.0,84597575.4048
2026-09-06 10:55:00,385460091.0,84569943.9654
2026-09-06 11:00:00,385639664.0,84628928.92013456
2026-09-06 11:05:00,385400332.0,84633912.9072
2026-09-06 11:10:00,385475055.0,84549319.9040889
2026-09-06 11:15:00,386009441.0,84844875.1318
2026-09-06 11:20:00,386543963.0,85107320.91896462
2026-09-06 11:25:00,387061921.0,85269741.1963
2026-09-06 11:30:00,388266569.0,85700705.31171574
2026-09-06 11:35:00,388800179.0,86080359.6306
2026-09-06 11:40:00,388704445.0,85878653.66578645
2026-09-06 11:45:00,388773602.0,85996720.7624
2026-09-06 11:50:00,388620452.0,85962843.9824
2026-09-06 11:55:00,387575187.0,85454228.30005662
2026-09-06 12:00:00,387533833.0,85535723.55480064
2026-09-06 12:05:00,387291781.0,85397837.7105
2026-09-06 12:10:00,387422204.0,85620307.084
2026-09-06 12:15:00,387307758.0,85556283.7422
2026-09-06 12:20:00,387645107.0,85708333.1577
2026-09-06 12:25:00,387620862.0,85741734.6744
2026-09-06 12:30:00,387455070.0,85588824.963
2026-09-06 12:35:00,387381134.0,85586484.70716009
2026-09-06 12:40:00,389061670.0,86100989.4112474
2026-09-06 12:45:00,389789794.0,85987628.5564
2026-09-06 12:50:00,389291251.0,85685686.56181939
2026-09-06 12:55:00,388943306.0,85943339.89998944
2026-09-06 13:00:00,388695087.0,85668397.1748
2026-09-06 13:05:00,389122317.0,85455338.81508216
2026-09-06 13:10:00,389121221.0,85645580.7421
2026-09-06 13:15:00,389078459.0,85402721.7505
2026-09-06 13:20:00,387799425.0,84757221.28232776
2026-09-06 13:25:00,388292729.0,84803132.0136
2026-09-06 13:30:00,388403324.0,84633084.2996
2026-09-06 13:35:00,388701953.0,84775895.9493
2026-09-06 13:40:00,388668914.0,85040758.3832
2026-09-06 13:45:00,388440510.0,85029627.639
2026-09-06 13:50:00,388518939.0,85016242.61773704
2026-09-06 13:55:00,388608830.0,85134199.6338924
2026-09-06 14:00:00,388616940.0,85197622.6314954
2026-09-06 14:05:00,388464221.0,85183261.80967073
2026-09-06 14:10:00,388195224.0,84788859.37320216
2026-09-06 14:15:00,389953220.0,85009801.96
2026-09-06 14:20:00,390729563.0,85257190.6466
2026-09-06 14:25:00,390776430.0,84720330.024
2026-09-06 14:30:00,391508816.0,84957413.072
2026-09-06 14:35:00,391139135.0,84798964.468
2026-09-06 14:40:00,390735420.0,84812959.9328244
2026-09-06 14:45:00,390256907.0,84919902.9632
2026-09-06 14:50:00,390391839.0,84871185.7986
2026-09-06 14:55:00,390382086.0,85004719.36746414
2026-09-06 15:00:00,389583247.0,84680956.04683371
2026-09-06 15:05:00,389395232.0,84265128.2048
2026-09-06 15:10:00,389696608.0,84521979.278184
2026-09-06 15:15:00,389824417.0,84669863.3724
2026-09-06 15:20:00,389929903.0,84901730.56801964
2026-09-06 15:25:00,390173304.0,84979745.6112
2026-09-06 15:30:00,390576110.0,85067476.758
2026-09-06 15:35:00,390599218.0,85032414.6706723
2026-09-06 15:40:00,390648153.0,85044102.9081
2026-09-06 15:45:00,391078939.0,85216100.8081
2026-09-06 15:50:00,390453682.0,84829443.74338612
2026-09-06 15:55:00,390287400.0,84692365.8
2026-09-06 16:00:00,390460100.0,84857338.636453
2026-09-06 16:05:00,390279929.0,84653738.25013222
2026-09-06 16:10:00,390293512.0,84810780.1576
2026-09-06 16:15:00,390569423.0,85222248.0986
2026-09-06 16:20:00,390658384.0,85280725.2272
2026-09-06 16:25:00,390906256.0,85176456.10611904
2026-09-06 16:30:00,391007702.0,85591585.9678
2026-09-06 16:35:00,390789691.0,85504784.3908
2026-09-06 16:40:00,390624918.0,85468732.0584
2026-09-06 16:45:00,390774037.0,85508807.44874522
2026-09-06 16:50:00,390873747.0,85445001.0942
2026-09-06 16:55:00,390663955.0,85399140.563
2026-09-06 17:00:00,390306792.0,85282034.052
2026-09-06 17:05:00,390173349.0,85135824.7518
2026-09-06 17:10:00,389461615.0,84673091.1833513
2026-09-06 17:15:00,389791782.0,84974608.476
2026-09-06 17:20:00,390024391.0,85143904.15408355
2026-09-06 17:25:00,391161983.0,85510274.31168157
2026-09-06 17:30:00,390433985.0,85005704.97856395
2026-09-06 17:35:00,389907308.0,84923421.99958204
2026-09-06 17:40:00,389819656.0,85019666.9736
2026-09-06 17:45:00,389736353.0,85040472.2246
2026-09-06 17:50:00,389817930.0,84983571.5160741
2026-09-06 17:55:00,389870128.0,84991687.904
2026-09-06 18:00:00,389994922.0,84944719.86178482
2026-09-06 18:05:00,389951365.0,85165378.116
2026-09-06 18:10:00,389686749.0,85224492.0063
2026-09-06 18:15:00,389781835.0,85284265.498
2026-09-06 18:20:00,390041658.0,85380118.9362
2026-09-06 18:25:00,390095036.0,85430812.884
2026-09-06 18:30:00,390278590.0,85627544.1468772
2026-09-06 18:35:00,390716517.0,85645060.5264
2026-09-06 18:40:00,391330793.0,85857975.9842
2026-09-06 18:45:00,391626338.0,85860452.0628735
2026-09-06 18:50:00,391479411.0,85683713.30824527
2026-09-06 18:55:00,391407244.0,85566864.48139717
2026-09-06 19:00:00,391977936.0,86135716.79675424
2026-09-06 19:05:00,391877451.0,86095475.9847
2026-09-06 19:10:00,391550553.0,85806584.78302233
2026-09-06 19:15:00,391585960.0,85843967.5495096
2026-09-06 19:20:00,391604851.0,85722074.75308642
2026-09-06 19:25:00,391193459.0,85671367.521
2026-09-06 19:30:00,391115282.0,85654246.758
2026-09-06 19:35:00,391155319.0,85623899.3291
2026-09-06 19:40:00,391360956.0,85680818.46868151
2026-09-06 19:45:00,390273207.0,85313723.0502
2026-09-06 19:50:00,390061327.0,85290248.07350913
2026-09-06 19:55:00,390036592.0,85307629.39209808
2026-09-06 20:00:00,390020676.0,85392008.25016776
2026-09-06 20:05:00,389834633.0,85373784.627
2026-09-06 20:10:00,389668590.0,85298454.351
2026-09-06 20:15:00,389670215.0,85415711.128
2026-09-06 20:20:00,389606066.0,85557492.0936
2026-09-06 20:25:00,389463562.0,85837769.0648
2026-09-06 20:30:00,389205673.0,85800635.81242399
2026-09-06 20:35:00,388997196.0,85851681.1572
2026-09-06 20:40:00,389137036.0,85863048.0796964
2026-09-06 20:45:00,389261910.0,85910103.537
2026-09-06 20:50:00,388915969.0,85989320.7459
2026-09-06 20:55:00,389159072.0,85982268.60579072
2026-09-06 21:00:00,389605384.0,85946947.7104
2026-09-06 21:05:00,389673372.0,86390586.5724
2026-09-06 21:10:00,387791520.0,85933038.0321744
2026-09-06 21:15:00,388186776.0,86138645.5944
2026-09-06 21:20:00,387930825.0,86120643.15
2026-09-06 21:25:00,387776762.0,85941059.77815858
2026-09-06 21:30:00,387459389.0,85744762.7857
2026-09-06 21:35:00,387429684.0,85960271.51266249
2026-09-06 21:40:00,387369777.0,85879879.5609
2026-09-06 21:45:00,387293427.0,85862952.7659
2026-09-06 21:50:00,387145915.0,85837961.3021268
2026-09-06 21:55:00,386896940.0,85658982.516
2026-09-06 22:00:00,386792703.0,85713262.9848
2026-09-06 22:05:00,386769133.0,85265270.43703292
2026-09-06 22:10:00,387043726.0,84933103.58923835
2026-09-06 22:15:00,388010869.0,85284789.0062
2026-09-06 22:20:00,388329676.0,85098145.80258992
2026-09-06 22:25:00,387413057.0,85114648.6229
2026-09-06 22:30:00,386226338.0,85223336.50184348
2026-09-06 22:35:00,385958948.0,85451311.0872
2026-09-06 22:40:00,386014170.0,85424935.821
2026-09-06 22:45:00,385989746.0,85496728.739
2026-09-06 22:50:00,386732586.0,85506574.7646
2026-09-06 22:55:00,386319313.0,85337936.2417
2026-09-06 23:00:00,386126140.0,85422539.2242668
2026-09-06 23:05:00,385880105.0,85654123.3285361
2026-09-06 23:10:00,386513070.0,85712605.0151634
2026-09-06 23:15:00,386583761.0,85630587.77152751
2026-09-06 23:20:00,386165727.0,86076340.5483
2026-09-06 23:25:00,385139848.0,85578074.2256
2026-09-06 23:30:00,385278555.0,85493311.3545
2026-09-06 23:35:00,384720970.0,85677360.019
2026-09-06 23:40:00,385312931.0,86027685.28435285
2026-09-06 23:45:00,385062675.0,86004895.9480215
2026-09-06 23:50:00,385107197.0,86016180.24244262
2026-09-06 23:55:00,385000462.0,86009103.2108
2026-09-07 00:00:00,384608656.0,85921573.7504
2026-09-07 00:05:00,386072985.0,86441741.3415
2026-09-07 00:10:00,387668152.0,86967996.20402087
2026-09-07 00:15:00,387098387.0,86942297.7202
2026-09-07 00:20:00,386652957.0,86455601.1852
2026-09-07 00:25:00,386423502.0,86558864.448
2026-09-07 00:30:00,386844719.0,87272168.6064
2026-09-07 00:35:00,386684945.0,86888107.1415
2026-09-07 00:40:00,386471224.0,87049485.73609991
2026-09-07 00:45:00,385717091.0,87290284.8543915
2026-09-07 00:50:00,385146621.0,86735019.0492
2026-09-07 00:55:00,385039867.0,86402946.1548
2026-09-07 01:00:00,385383754.0,86248884.1452
2026-09-07 01:05:00,384843657.0,86303549.1738674
2026-09-07 01:10:00,384478841.0,85508094.2384
2026-09-07 01:15:00,384597101.0,85541102.63584144
2026-09-07 01:20:00,385592567.0,85370194.3338
2026-09-07 01:25:00,383863711.0,84855407.20791288
2026-09-07 01:30:00,384776537.0,85228002.9455
2026-09-07 01:35:00,384874221.0,85575297.42485695
2026-09-07 01:40:00,384462011.0,85273674.0398
2026-09-07 01:45:00,384824849.0,85123256.5988
2026-09-07 01:50:00,384898432.0,85061387.22975104
2026-09-07 01:55:00,384994000.0,85291101.06732
2026-09-07 02:00:00,384436260.0,85152631.59
2026-09-07 02:05:00,384418575.0,84994946.9325
2026-09-07 02:10:00,382827768.0,84336957.2904
2026-09-07 02:15:00,382694682.0,84422446.8492
2026-09-07 02:20:00,382819108.0,84521126.37622556
2026-09-07 02:25:00,382661805.0,84382507.2116169
2026-09-07 02:30:00,383226579.0,84809793.27816603
2026-09-07 02:35:00,383110022.0,84726118.41927677
2026-09-07 02:40:00,381817207.0,85771845.01575184
2026-09-07 02:45:00,381398487.0,85585820.4828
2026-09-07 02:50:00,381262301.0,85566484.70654143
2026-09-07 02:55:00,380839812.0,85079614.0008
2026-09-07 03:00:00,379449957.0,84275835.4497
2026-09-07 03:05:00,379809044.0,84365197.8412132
2026-09-07 03:10:00,379389830.0,83902557.9051773
2026-09-07 03:15:00,379770627.0,83816425.54583052
2026-09-07 03:20:00,378864748.0,83615449.8836
2026-09-07 03:25:00,379032449.0,83521718.04134195
2026-09-07 03:30:00,378064317.0,83105066.0473546
2026-09-07 03:35:00,378234995.0,83185150.58570094
2026-09-07 03:40:00,380465899.0,83360078.4709
2026-09-07 03:45:00,380421755.0,83350406.5205
2026-09-07 03:50:00,380236171.0,83445158.57367823
2026-09-07 03:55:00,380237984.0,83538285.0848
2026-09-07 04:00:00,380349384.0,83414765.7194856
2026-09-07 04:05:00,380102222.0,83358222.7701545
2026-09-07 04:10:00,380202138.0,83340308.6496
2026-09-07 04:15:00,380130895.0,83404466.4536247
2026-09-07 04:20:00,380264560.0,83468070.92
2026-09-07 04:25:00,380489709.0,83327246.271
2026-09-07 04:30:00,380499474.0,83235839.0103171
2026-09-07 04:35:00,379290944.0,82913000.3584
2026-09-07 04:40:00,378872829.0,82850822.88070077
2026-09-07 04:45:00,378982471.0,82959262.9019
2026-09-07 04:50:00,379086323.0,82981996.1047
2026-09-07 04:55:00,379040876.0,82858335.4936
2026-09-07 05:00:00,378793434.0,82919943.33888096
2026-09-07 05:05:00,379138619.0,83171881.49874616
2026-09-07 05:10:00,379229315.0,83244042.9225049
2026-09-07 05:15:00,379123153.0,83170160.64553265
2026-09-07 05:20:00,378862894.0,83577154.4164
2026-09-07 05:25:00,379138277.0,83789559.217
2026-09-07 05:30:00,379062698.0,83659880.41148809
2026-09-07 05:35:00,378734257.0,83549273.23607667
2026-09-07 05:40:00,378775281.0,83633582.0448
2026-09-07 05:45:00,378877698.0,83569061.42541397
2026-09-07 05:50:00,378809077.0,83451639.6631
2026-09-07 05:55:00,378635168.0,83186146.4096
2026-09-07 06:00:00,378341834.0,83059645.30218732
2026-09-07 06:05:00,378626414.0,83373536.3628
2026-09-07 06:10:00,379095316.0,83552607.6464
2026-09-07 06:15:00,376963046.0,83497314.689
2026-09-07 06:20:00,376046458.0,83005543.1742247
2026-09-07 06:25:00,375504384.0,82821115.5085056
2026-09-07 06:30:00,375390737.0,82623625.09264322
2026-09-07 06:35:00,375153171.0,82533697.62
2026-09-07 06:40:00,375172246.0,82438439.70930786
2026-09-07 06:45:00,379282512.0,82768270.02245425
2026-09-07 06:50:00,378504683.0,82792342.95750356
2026-09-07 06:55:00,378126439.0,82607487.02774476
2026-09-07 07:00:00,377607826.0,82469549.1984
2026-09-07 07:05:00,377510005.0,82259430.0895
2026-09-07 07:10:00,377829985.0,82669200.718
2026-09-07 07:15:00,375729146.0,82447069.35360974
2026-09-07 07:20:00,375841831.0,82494286.44510692
2026-09-07 07:25:00,378204061.0,82486869.22815089
2026-09-07 07:30:00,378124206.0,82279827.2256
2026-09-07 07:35:00,377559939.0,82081530.7386
2026-09-07 07:40:00,376785400.0,81461003.48
2026-09-07 07:45:00,370515826.0,80216676.329
2026-09-07 07:50:00,370396303.0,80338958.1207
2026-09-07 07:55:00,370285581.0,80129799.7284
2026-09-07 08:00:00,369947220.0,80114734.110984
2026-09-07 08:05:00,369785581.0,80136562.3676771
2026-09-07 08:10:00,369914876.0,80419494.0424
2026-09-07 08:15:00,369823302.0,80452481.68168506
2026-09-07 08:20:00,369657628.0,80559102.42610689
2026-09-07 08:25:00,369590569.0,80448420.65137807
2026-09-07 08:30:00,370997341.0,80914520.0721
2026-09-07 08:35:00,370438213.0,80916800.71002956
2026-09-07 08:40:00,370056761.0,80724500.09335446
2026-09-07 08:45:00,370206924.0,81038295.6636
2026-09-07 08:50:00,370288012.0,80893370.89736816
2026-09-07 08:55:00,370491343.0,80915309.3112
2026-09-07 09:00:00,370723050.0,80986166.7202215
2026-09-07 09:05:00,370706425.0,80940982.4288195
2026-09-07 09:10:00,371161091.0,81210046.7108
2026-09-07 09:15:00,371008381.0,81325037.1152
2026-09-07 09:20:00,371582726.0,81488091.8118
2026-09-07 09:25:00,371768106.0,81422598.41617487
2026-09-07 09:30:00,372467861.0,81484011.7684619
2026-09-07 09:35:00,373329169.0,81602573.49018843
2026-09-07 09:40:00,373039319.0,81329293.71052837
2026-09-07 09:45:00,373147944.0,81495510.9696
2026-09-07 09:50:00,373417982.0,81442461.8742
2026-09-07 09:55:00,376385354.0,81713260.3534
2026-09-07 10:00:00,375062500.0,81407263.11625
2026-09-07 10:05:00,371068957.0,81004353.3131
2026-09-07 10:10:00,371053134.0,80921334.22867638
2026-09-07 10:15:00,371021608.0,80959593.64160976
2026-09-07 10:20:00,371200911.0,81181639.2357
2026-09-07 10:25:00,371608395.0,81382238.505
2026-09-07 10:30:00,371463787.0,81371846.79871936
2026-09-07 10:35:00,370784675.0,81146722.9752145
2026-09-07 10:40:00,371470352.0,81426301.1584
2026-09-07 10:45:00,371423475.0,81534402.09571725
2026-09-07 10:50:00,371692634.0,81493071.0501807
2026-09-07 10:55:00,371658239.0,81528928.52887148
2026-09-07 11:00:00,371285647.0,81171504.03409512
2026-09-07 11:05:00,371393000.0,81318257.75282
2026-09-07 11:10:00,371307677.0,81171448.7374366
2026-09-07 11:15:00,371638593.0,81351688.0077
2026-09-07 11:20:00,371963817.0,81737382.38784984
2026-09-07 11:25:00,371993156.0,81838494.32
2026-09-07 11:30:00,372081960.0,81817295.6670192
2026-09-07 11:35:00,373590374.0,82227241.3174
2026-09-07 11:40:00,373788357.0,82083923.1972
2026-09-07 11:45:00,373737705.0,82072800.018
2026-09-07 11:50:00,374670071.0,82216562.54414333
2026-09-07 11:55:00,374342373.0,82210889.5422254
2026-09-07 12:00:00,374290157.0,82119260.4458
2026-09-07 12:05:00,374067528.0,82107822.396
2026-09-07 12:10:00,374160322.0,82486741.03236616
2026-09-07 12:15:00,374350829.0,82479011.11378977
2026-09-07 12:20:00,374428665.0,82593268.43900535
2026-09-07 12:25:00,373307647.0,82407838.52984409
2026-09-07 12:30:00,373375923.0,82478741.3907
2026-09-07 12:35:00,374264335.0,82674991.6015
2026-09-07 12:40:00,375721076.0,83127427.66373596
2026-09-07 12:45:00,375806830.0,83221152.2764146
2026-09-07 12:50:00,379142549.0,84591654.28358994
2026-09-07 12:55:00,380117593.0,85081268.50125434
2026-09-07 13:00:00,380101194.0,85123373.51939256
2026-09-07 13:05:00,380843844.0,85378605.03473724
2026-09-07 13:10:00,381544970.0,85663896.7160456
2026-09-07 13:15:00,381882305.0,85694389.242
2026-09-07 13:20:00,382160386.0,85769998.08134016
2026-09-07 13:25:00,383130227.0,86108790.54071116
2026-09-07 13:30:00,383174604.0,86037263.06469804
2026-09-07 13:35:00,382128204.0,85061738.2104
2026-09-07 13:40:00,382584150.0,85201987.564395
2026-09-07 13:45:00,382386665.0,84908052.70685396
2026-09-07 13:50:00,383339736.0,85063482.25832808
2026-09-07 13:55:00,383690285.0,85383128.6136433
2026-09-07 14:00:00,383949985.0,85502513.269623
2026-09-07 14:05:00,384077675.0,85279393.271547
2026-09-07 14:10:00,383494062.0,84445392.4524
2026-09-07 14:15:00,384116961.0,84928260.0771
2026-09-07 14:20:00,383003689.0,84528914.1623
2026-09-07 14:25:00,383544931.0,84533302.7924
2026-09-07 14:30:00,383870742.0,84538794.02741209
2026-09-07 14:35:00,383941050.0,84470832.016395
2026-09-07 14:40:00,383879827.0,84258259.23921548
2026-09-07 14:45:00,383276185.0,84167450.226
2026-09-07 14:50:00,383212201.0,84383422.46325025
2026-09-07 14:55:00,383093072.0,84981275.65847103
2026-09-07 15:00:00,383091692.0,84854809.778
2026-09-07 15:05:00,382940630.0,84514997.041
2026-09-07 15:10:00,383146808.0,84534913.98176175
2026-09-07 15:15:00,383109654.0,84136749.25829928
2026-09-07 15:20:00,382391806.0,84153278.30770092
2026-09-07 15:25:00,382636619.0,83986304.30160315
2026-09-07 15:30:00,382516941.0,83662253.95352556
2026-09-07 15:35:00,380826295.0,82851772.81324345
2026-09-07 15:40:00,382894545.0,83241274.083
2026-09-07 15:45:00,381878441.0,82982185.2293
2026-09-07 15:50:00,380675990.0,82758960.226
2026-09-07 15:55:00,380563239.0,82734448.1586
2026-09-07 16:00:00,380026151.0,82473210.68557432
2026-09-07 16:05:00,380843896.0,83041827.09828344
2026-09-07 16:10:00,381391254.0,83196260.98935552
2026-09-07 16:15:00,381791873.0,83536061.8124
2026-09-07 16:20:00,382059122.0,83605378.73148236
2026-09-07 16:25:00,382448655.0,83625591.86201926
2026-09-07 16:30:00,382253563.0,83598854.2281
2026-09-07 16:35:00,383117911.0,84260807.8850384
2026-09-07 16:40:00,383321938.0,84403124.71072619
2026-09-07 16:45:00,383735047.0,84616026.09309986
2026-09-07 16:50:00,384488152.0,84856535.1464
2026-09-07 16:55:00,384222519.0,84744629.80659027
2026-09-07 17:00:00,383667284.0,84653005.61281563
2026-09-07 17:05:00,383687713.0,84543807.24856168
2026-09-07 17:10:00,382102761.0,84506308.96710081
2026-09-07 17:15:00,382242046.0,84551940.5752
2026-09-07 17:20:00,381767628.0,84561529.602
2026-09-07 17:25:00,381777725.0,84497290.950023
2026-09-07 17:30:00,382045764.0,84661341.3024
2026-09-07 17:35:00,382270162.0,84367024.7534
2026-09-07 17:40:00,382058833.0,84396796.2097
2026-09-07 17:45:00,381546157.0,84398009.9284
2026-09-07 17:50:00,381709397.0,84472289.5561
2026-09-07 17:55:00,381753512.0,84443876.8544
2026-09-07 18:00:00,381803522.0,84302217.6576
2026-09-07 18:05:00,381693891.0,84278011.1328
2026-09-07 18:10:00,381702427.0,84128352.38403246
2026-09-07 18:15:00,381438622.0,84145360.0132
2026-09-07 18:20:00,381296267.0,84075826.8735
2026-09-07 18:25:00,381166141.0,83970900.8623
2026-09-07 18:30:00,381018534.0,83747873.7732
2026-09-07 18:35:00,380850341.0,83406224.679
2026-09-07 18:40:00,381018352.0,83595426.4288
2026-09-07 18:45:00,381035201.0,83637226.6195
2026-09-07 18:50:00,381251041.0,83798978.8118
2026-09-07 18:55:00,380795854.0,83927406.2216
2026-09-07 19:00:00,380815983.0,83677952.6373339
2026-09-07 19:05:00,380454780.0,83472014.6139636
2026-09-07 19:10:00,380141127.0,83212892.7003
2026-09-07 19:15:00,380153998.0,83405787.1612
2026-09-07 19:20:00,380127794.0,83305675.08001743
2026-09-07 19:25:00,380126166.0,83563967.54808354
2026-09-07 19:30:00,380194045.0,83604670.4955
2026-09-07 19:35:00,380381576.0,84113618.14061809
2026-09-07 19:40:00,380167805.0,83941051.344
2026-09-07 19:45:00,380361175.0,83983747.44
2026-09-07 19:50:00,380336429.0,84054350.809
2026-09-07 19:55:00,380510897.0,84054857.1473
2026-09-07 20:00:00,380543710.0,84062105.539
2026-09-07 20:05:00,380081612.0,83709109.61300597
2026-09-07 20:10:00,380391385.0,83533948.146
2026-09-07 20:15:00,380529821.0,83526295.7095
2026-09-07 20:20:00,380525469.0,83758423.71102656
2026-09-07 20:25:00,380644820.0,83710894.943893
2026-09-07 20:30:00,380513223.0,83667285.5245623
2026-09-07 20:35:00,380334559.0,83977870.6272
2026-09-07 20:40:00,380127732.0,83894190.4524
2026-09-07 20:45:00,380456797.0,83928769.4182
2026-09-07 20:50:00,380684420.0,84000727.7460704
2026-09-07 20:55:00,380683620.0,84054943.296
2026-09-07 21:00:00,381082153.0,84142939.3824
2026-09-07 21:05:00,380999615.0,84180600.0155282
2026-09-07 21:10:00,380866431.0,83981048.0355
2026-09-07 21:15:00,380921574.0,84297944.3262
2026-09-07 21:20:00,381207240.0,84475524.384
2026-09-07 21:25:00,381151958.0,84425158.697
2026-09-07 21:30:00,381330408.0,84389212.45764863
2026-09-07 21:35:00,381260939.0,84144289.2373
2026-09-07 21:40:00,381098075.0,84146454.96
2026-09-07 21:45:00,381144775.0,84080537.365
2026-09-07 21:50:00,381250536.0,83836992.8664
2026-09-07 21:55:00,381107760.0,83881817.976
2026-09-07 22:00:00,381132948.0,83925475.1496
2026-09-07 22:05:00,381119526.0,83693847.9096
2026-09-07 22:10:00,381307461.0,83816607.65309031
2026-09-07 22:15:00,381617664.0,83841400.7808
2026-09-07 22:20:00,382342559.0,83745480.96499781
2026-09-07 22:25:00,382006603.0,83944571.96541317
2026-09-07 22:30:00,382107954.0,83796274.3122
2026-09-07 22:35:00,381669423.0,83394768.9255
2026-09-07 22:40:00,380859455.0,82697582.6051046
2026-09-07 22:45:00,381154388.0,82679457.1710974
2026-09-07 22:50:00,383174696.0,83493766.2584
2026-09-07 22:55:00,383757262.0,83735834.5684
2026-09-07 23:00:00,383626496.0,83707301.4272
2026-09-07 23:05:00,382858311.0,83771710.91099843
2026-09-07 23:10:00,382086046.0,83773752.55784698
2026-09-07 23:15:00,380578259.0,83727216.98
2026-09-07 23:20:00,380964934.0,83650367.76375131
2026-09-07 23:25:00,381009161.0,83402905.3429
2026-09-07 23:30:00,380922988.0,83531817.33716471
2026-09-07 23:35:00,380846438.0,83650219.90545458
2026-09-07 23:40:00,380649597.0,83787100.95171572
2026-09-07 23:45:00,379748487.0,83658591.6861
2026-09-07 23:50:00,379929823.0,83926497.9007
2026-09-07 23:55:00,379863484.0,83835870.9188
2026-09-08 00:00:00,379753650.0,83697704.46
2026-09-08 00:05:00,380117341.0,83625815.02
2026-09-08 00:10:00,380063094.0,83917931.1552
2026-09-08 00:15:00,380005358.0,83852050.69724444
2026-09-08 00:20:00,379900325.0,83768021.6625
2026-09-08 00:25:00,379789253.0,83629593.5106
2026-09-08 00:30:00,379619008.0,83386378.63259456
2026-09-08 00:35:00,379885287.0,83916659.8983
2026-09-08 00:40:00,379864874.0,83917628.31808308
2026-09-08 00:45:00,381857091.0,84504974.2383
2026-09-08 00:50:00,381923788.0,84690534.42163149
2026-09-08 00:55:00,382007618.0,84654041.81180637
2026-09-08 01:00:00,382511885.0,84992782.92980824
2026-09-08 01:05:00,382322720.0,84763542.9952688
2026-09-08 01:10:00,381793631.0,84663165.28311671
2026-09-08 01:15:00,381978607.0,84726239.36305802
2026-09-08 01:20:00,381661132.0,84614272.9644
2026-09-08 01:25:00,382065210.0,84819275.1362889
2026-09-08 01:30:00,382081578.0,85013151.105
2026-09-08 01:35:00,382050949.0,84756287.62688899
2026-09-08 01:40:00,381388671.0,84787423.15504698
2026-09-08 01:45:00,381843731.0,85036598.8937
2026-09-08 01:50:00,381527007.0,84913154.29356924
2026-09-08 01:55:00,381774557.0,84821640.2829561
2026-09-08 02:00:00,381907578.0,84935038.51925352
2026-09-08 02:05:00,380170031.0,84269036.51630464
2026-09-08 02:10:00,380173837.0,84208504.8955
2026-09-08 02:15:00,379813861.0,84263539.56379864
2026-09-08 02:20:00,379974649.0,84468364.4727
2026-09-08 02:25:00,380139108.0,84733007.1732
2026-09-08 02:30:00,380263648.0,84266424.3968
2026-09-08 02:35:00,380059611.0,83935218.7409186
2026-09-08 02:40:00,379881554.0,83603720.79501806
2026-09-08 02:45:00,378695305.0,83179465.64412835
2026-09-08 02:50:00,380209860.0,83330142.5664666
2026-09-08 02:55:00,379145863.0,82644865.45746772
2026-09-08 03:00:00,378245969.0,82268498.2575
2026-09-08 03:05:00,377216884.0,82095743.66392475
2026-09-08 03:10:00,377207462.0,82382109.7008
2026-09-08 03:15:00,376938014.0,82172487.052
2026-09-08 03:20:00,376858402.0,82059473.66782033
2026-09-08 03:25:00,376973210.0,82067067.817
2026-09-08 03:30:00,377695092.0,82224221.5284
2026-09-08 03:35:00,377716673.0,82515455.5802378
2026-09-08 03:40:00,377719681.0,82608359.40420042
2026-09-08 03:45:00,377299108.0,82503554.50640364
2026-09-08 03:50:00,377206271.0,82344128.9593
2026-09-08 03:55:00,377195282.0,82341730.0606
2026-09-08 04:00:00,377084636.0,82355284.5024
2026-09-08 04:05:00,377258191.0,82166833.9998
2026-09-08 04:10:00,376944012.0,82064816.33269069
2026-09-08 04:15:00,377251576.0,82127668.0952
2026-09-08 04:20:00,376811446.0,82158076.09238108
2026-09-08 04:25:00,376831477.0,81998529.3952
2026-09-08 04:30:00,376657136.0,82073589.9344
2026-09-08 04:35:00,376643879.0,82203227.14936493
2026-09-08 04:40:00,376656432.0,82261764.7488
2026-09-08 04:45:00,376610508.0,82101090.744
2026-09-08 04:50:00,376803347.0,82105449.3113
2026-09-08 04:55:00,376823104.0,81959025.12
2026-09-08 05:00:00,376229473.0,81754664.4829
2026-09-08 05:05:00,375460900.0,81667720.606925
2026-09-08 05:10:00,375457871.0,81706496.09948188
2026-09-08 05:15:00,375673075.0,81784028.4275
2026-09-08 05:20:00,375784658.0,82146526.2388
2026-09-08 05:25:00,375464989.0,82130003.9249868
2026-09-08 05:30:00,375581058.0,82064461.173
2026-09-08 05:35:00,375207475.0,81647469.09427024
2026-09-08 05:40:00,375407837.0,81951530.8171
2026-09-08 05:45:00,376058187.0,81905473.1286
2026-09-08 05:50:00,376099021.0,82140026.1864
2026-09-08 05:55:00,376263582.0,81887590.37428357
2026-09-08 06:00:00,376107349.0,81728126.9377
2026-09-08 06:05:00,377082607.0,81959854.87961964
2026-09-08 06:10:00,376665485.0,81962541.36891975
2026-09-08 06:15:00,376482668.0,81946505.08760457
2026-09-08 06:20:00,376160098.0,81438661.217
2026-09-08 06:25:00,376946321.0,81651952.15260068
2026-09-08 06:30:00,376852409.0,81402411.60664672
2026-09-08 06:35:00,376422869.0,81201937.53645131
2026-09-08 06:40:00,376337422.0,81288883.152
2026-09-08 06:45:00,376347304.0,81291017.664
2026-09-08 06:50:00,378845482.0,81842940.37861982
2026-09-08 06:55:00,378855195.0,81793127.96357055
2026-09-08 07:00:00,379513727.0,82126770.5228
2026-09-08 07:05:00,379381924.0,82102808.52432647
2026-09-08 07:10:00,379559528.0,82153002.918904
2026-09-08 07:15:00,379609915.0,82185546.5975
2026-09-08 07:20:00,379724419.0,82111304.5850248
2026-09-08 07:25:00,379876980.0,82433304.66
2026-09-08 07:30:00,379707528.0,82559557.20607153
2026-09-08 07:35:00,379553391.0,82552862.5425
2026-09-08 07:40:00,379786400.0,82717477.92
2026-09-08 07:45:00,380070371.0,82574552.48931262
2026-09-08 07:50:00,379882392.0,82282526.1072
2026-09-08 07:55:00,380091230.0,82327760.418
2026-09-08 08:00:00,380076097.0,82454461.03385206
2026-09-08 08:05:00,380455269.0,82232910.60778536
2026-09-08 08:10:00,380398729.0,82237872.4682767
2026-09-08 08:15:00,380307522.0,82260517.0086
2026-09-08 08:20:00,380400830.0,82301648.2027081
2026-09-08 08:25:00,380925474.0,82501334.3620362
2026-09-08 08:30:00,380685457.0,82611595.50307293
2026-09-08 08:35:00,380987325.0,82962169.266249
2026-09-08 08:40:00,381300465.0,83161631.4165
2026-09-08 08:45:00,381050265.0,82929611.49859215
2026-09-08 08:50:00,381680261.0,83168128.8719
2026-09-08 08:55:00,381816488.0,83006904.4912
2026-09-08 09:00:00,382333602.0,83081091.7146
2026-09-08 09:05:00,381367992.0,82885604.0980992
2026-09-08 09:10:00,383400347.0,83427915.5072
2026-09-08 09:15:00,382022644.0,83343687.43150344
2026-09-08 09:20:00,380545747.0,82930043.75831306
2026-09-08 09:25:00,380431098.0,82961819.31175163
2026-09-08 09:30:00,380371079.0,82996969.4378
2026-09-08 09:35:00,379994393.0,83360050.18237346
2026-09-08 09:40:00,379883769.0,83574429.18
2026-09-08 09:45:00,380016433.0,83717620.1899
2026-09-08 09:50:00,380558597.0,83961924.00036167
2026-09-08 09:55:00,379534512.0,83725992.71397647
2026-09-08 10:00:00,380323998.0,83800441.39296079
2026-09-08 10:05:00,379558293.0,83806471.0944
2026-09-08 10:10:00,379338293.0,83606159.7772
2026-09-08 10:15:00,379552552.0,83767248.2264
2026-09-08 10:20:00,379600385.0,83739844.931
2026-09-08 10:25:00,379700980.0,83704435.549334
2026-09-08 10:30:00,379444567.0,83603841.04737473
2026-09-08 10:35:00,379710336.0,83530164.38069376
2026-09-08 10:40:00,379530285.0,83496662.7
2026-09-08 10:45:00,379914112.0,83467130.4064
2026-09-08 10:50:00,379614995.0,83275537.86530796
2026-09-08 10:55:00,379312284.0,83176523.15749297
2026-09-08 11:00:00,379352118.0,83078113.842
2026-09-08 11:05:00,379448601.0,83024966.55535425
2026-09-08 11:10:00,379410602.0,82787393.3564
2026-09-08 11:15:00,379358429.0,82434051.72631511
2026-09-08 11:20:00,379698191.0,82660296.1807
2026-09-08 11:25:00,380073554.0,82818027.4166
2026-09-08 11:30:00,380220534.0,82713931.60522266
2026-09-08 11:35:00,380320869.0,82719789.0075
2026-09-08 11:40:00,380823479.0,82829106.6825
2026-09-08 11:45:00,381104533.0,82994441.33995819
2026-09-08 11:50:00,381752512.0,82962291.75425984
2026-09-08 11:55:00,381265061.0,82734518.237
2026-09-08 12:00:00,381661969.0,83087810.6513
2026-09-08 12:05:00,380976629.0,82481440.1785
2026-09-08 12:10:00,381583216.0,82914732.1419816
2026-09-08 12:15:00,381507183.0,82596305.1195
2026-09-08 12:20:00,382101797.0,82916089.949
2026-09-08 12:25:00,383088635.0,83321778.1125
2026-09-08 12:30:00,383439146.0,83436358.1696
2026-09-08 12:35:00,383400639.0,83581339.302
2026-09-08 12:40:00,383730166.0,83729922.2212
2026-09-08 12:45:00,383565042.0,83593961.96400774
2026-09-08 12:50:00,382178441.0,83429553.6703
2026-09-08 12:55:00,381700929.0,83554333.3581
2026-09-08 13:00:00,381841726.0,83508785.4762
2026-09-08 13:05:00,381717978.0,83558218.0713912
2026-09-08 13:10:00,381636204.0,83421907.44506653
2026-09-08 13:15:00,380928921.0,83646520.91229445
2026-09-08 13:20:00,380370474.0,83567393.1378
2026-09-08 13:25:00,379968413.0,83177061.4414476
2026-09-08 13:30:00,379842298.0,83107390.47606908
2026-09-08 13:35:00,378567394.0,82224837.9768
2026-09-08 13:40:00,377407912.0,81444627.4096
2026-09-08 13:45:00,376145751.0,81338825.45017284
2026-09-08 13:50:00,377489332.0,81885114.24381287
2026-09-08 13:55:00,377640586.0,82075978.22737782
2026-09-08 14:00:00,377543673.0,82493292.5505
2026-09-08 14:05:00,377700163.0,82552731.09439492
2026-09-08 14:10:00,377056191.0,82624300.51045854
2026-09-08 14:15:00,378562511.0,83227021.04210155
2026-09-08 14:20:00,377123865.0,82997672.88218956
2026-09-08 14:25:00,376986440.0,82882874.0074872
2026-09-08 14:30:00,376083588.0,82663172.6424
2026-09-08 14:35:00,376175087.0,82796136.6487
2026-09-08 14:40:00,376114090.0,82745099.8
2026-09-08 14:45:00,376236357.0,82795829.35085239
2026-09-08 14:50:00,376888300.0,83153008.846554
2026-09-08 14:55:00,377977241.0,83488062.7849968
2026-09-08 15:00:00,380788758.0,84267345.04503714
2026-09-08 15:05:00,381503438.0,84570716.93214186
2026-09-08 15:10:00,382803661.0,85286940.71039872
2026-09-08 15:15:00,383839429.0,85997727.0936769
2026-09-08 15:20:00,385401548.0,86966055.86098948
2026-09-08 15:25:00,385694783.0,87373915.35349686
2026-09-08 15:30:00,386429257.0,88626931.8061388
2026-09-08 15:35:00,387899468.0,88393529.98721255
2026-09-08 15:40:00,388132866.0,88494095.50023834
2026-09-08 15:45:00,388737091.0,89238276.69193086
2026-09-08 15:50:00,389688178.0,89199623.9442
2026-09-08 15:55:00,389732337.0,89311779.45442007
2026-09-08 16:00:00,390404362.0,89493242.98276916
2026-09-08 16:05:00,392143099.0,90428198.6294
2026-09-08 16:10:00,393237141.0,90610169.98141779
2026-09-08 16:15:00,392835942.0,90155848.689
2026-09-08 16:20:00,392506293.0,89419142.99495526
2026-09-08 16:25:00,392214813.0,89051047.60558206
2026-09-08 16:30:00,392012324.0,88829992.6184
2026-09-08 16:35:00,391977873.0,89018174.9583
2026-09-08 16:40:00,391866240.0,89396457.0871872
2026-09-08 16:45:00,391004819.0,89188199.2139
2026-09-08 16:50:00,390373545.0,88907606.1036336
2026-09-08 16:55:00,390347212.0,88734680.67903727
2026-09-08 17:00:00,390290632.0,88352627.254948
2026-09-08 17:05:00,390391000.0,88442995.16398
2026-09-08 17:10:00,389724088.0,88111912.32705784
2026-09-08 17:15:00,389550476.0,88101526.43962628
2026-09-08 17:20:00,389383117.0,87937597.82899408
2026-09-08 17:25:00,388907431.0,87556071.67166695
2026-09-08 17:30:00,388702690.0,87413427.7628114
2026-09-08 17:35:00,388390995.0,87349134.7755
2026-09-08 17:40:00,388475754.0,87173959.1976
2026-09-08 17:45:00,386978899.0,86605877.5962
2026-09-08 17:50:00,386516736.0,86541097.1904
2026-09-08 17:55:00,386432979.0,86754203.7855
2026-09-08 18:00:00,386318664.0,86431028.33848032
2026-09-08 18:05:00,386456214.0,86577804.9452307
2026-09-08 18:10:00,386442871.0,86795068.8266
2026-09-08 18:15:00,386345840.0,86966448.584
2026-09-08 18:20:00,385781457.0,86955140.4078
2026-09-08 18:25:00,385276794.0,86998089.14525568
2026-09-08 18:30:00,385098676.0,86724221.8352
2026-09-08 18:35:00,384939843.0,86633671.85454267
2026-09-08 18:40:00,383597826.0,85560950.38038708
2026-09-08 18:45:00,382995252.0,85572043.17162444
2026-09-08 18:50:00,381727920.0,84595594.6908576
2026-09-08 18:55:00,381014164.0,84394637.326
2026-09-08 19:00:00,380413209.0,84261525.7935
2026-09-08 19:05:00,380513276.0,84398872.0026452
2026-09-08 19:10:00,380535869.0,84196879.28902768
2026-09-08 19:15:00,380108006.0,84079890.9272
2026-09-08 19:20:00,380459410.0,84272683.8313663
2026-09-08 19:25:00,380690439.0,84263514.07478088
2026-09-08 19:30:00,380544118.0,84328576.5488
2026-09-08 19:35:00,380459955.0,84333057.993264
2026-09-08 19:40:00,380274838.0,84136952.53476238
2026-09-08 19:45:00,380169811.0,83876416.80055302
2026-09-08 19:50:00,379176610.0,83640884.8557516
2026-09-08 19:55:00,378961201.0,83409360.3401
2026-09-08 20:00:00,378790390.0,83561160.034
2026-09-08 20:05:00,378713262.0,83582016.9234
2026-09-08 20:10:00,378616958.0,83939921.01084994
2026-09-08 20:15:00,378430399.0,84200763.7775
2026-09-08 20:20:00,378086019.0,83607231.36490376
2026-09-08 20:25:00,377949972.0,83640328.8036
2026-09-08 20:30:00,379291806.0,84013135.029
2026-09-08 20:35:00,379184026.0,83605034.5854542
2026-09-08 20:40:00,379196928.0,83840440.7808
2026-09-08 20:45:00,379300551.0,83769778.3801683
2026-09-08 20:50:00,378698024.0,83540784.0944
2026-09-08 20:55:00,377927907.0,83370896.2842
2026-09-08 21:00:00,377923237.0,83483243.0533
2026-09-08 21:05:00,378354382.0,83625981.59291628
2026-09-08 21:10:00,378141850.0,83720605.59
2026-09-08 21:15:00,377955126.0,83679264.8964
2026-09-08 21:20:00,377510358.0,83553589.86480252
2026-09-08 21:25:00,377459738.0,83347409.41681582
2026-09-08 21:30:00,377322430.0,83358803.2411142
2026-09-08 21:35:00,376860929.0,82796346.1013
2026-09-08 21:40:00,376809564.0,82898104.08
2026-09-08 21:45:00,376993156.0,82837237.72822995
2026-09-08 21:50:00,376779792.0,82511971.20634753
2026-09-08 21:55:00,376276595.0,82216436.0075
2026-09-08 22:00:00,377001444.0,82564967.50232472
2026-09-08 22:05:00,377121737.0,83155343.0085
2026-09-08 22:10:00,377175119.0,82724200.76900949
2026-09-08 22:15:00,377238338.0,82841539.0248
2026-09-08 22:20:00,377276283.0,82887599.3751
2026-09-08 22:25:00,377568694.0,83065112.68
2026-09-08 22:30:00,377533500.0,83012216.9934
2026-09-08 22:35:00,377639363.0,82967368.0511
2026-09-08 22:40:00,377542168.0,82927643.10770512
2026-09-08 22:45:00,377863546.0,83016621.0562
2026-09-08 22:50:00,377894827.0,83181808.75072338
2026-09-08 22:55:00,378830103.0,83456271.6909
2026-09-08 23:00:00,378721066.0,83451546.6781127
2026-09-08 23:05:00,378466263.0,83274980.19943851
2026-09-08 23:10:00,378325297.0,83210606.1185462
2026-09-08 23:15:00,378147857.0,83041269.3972
2026-09-08 23:20:00,378566740.0,83095399.43
2026-09-08 23:25:00,378619442.0,83161613.66306385
2026-09-08 23:30:00,378644458.0,83301780.76
2026-09-08 23:35:00,378917750.0,83288216.8651575
2026-09-08 23:40:00,378918207.0,83287567.05823486
2026-09-08 23:45:00,379021188.0,83196568.30524312
2026-09-08 23:50:00,379276387.0,83251166.9465
2026-09-08 23:55:00,379166358.0,83122642.45763335
2026-09-09 00:00:00,379061745.0,83128240.6785
2026-09-09 00:05:00,378786504.0,83370909.5304
2026-09-09 00:10:00,378482583.0,83359536.12840027
2026-09-09 00:15:00,379220595.0,83731907.376
2026-09-09 00:20:00,379181601.0,83521307.4619473
2026-09-09 00:25:00,379093213.0,83443950.9422098
2026-09-09 00:30:00,378988423.0,83453250.7446
2026-09-09 00:35:00,378574572.0,83399978.2116
2026-09-09 00:40:00,378177822.0,83312574.1866
2026-09-09 00:45:00,378262214.0,83331165.7442
2026-09-09 00:50:00,378443893.0,83441375.83229578
2026-09-09 00:55:00,378765410.0,83479896.364
2026-09-09 01:00:00,378447350.0,83433240.7533325
2026-09-09 01:05:00,378890596.0,83172127.50297444
2026-09-09 01:10:00,378958285.0,83352496.2773374
2026-09-09 01:15:00,379391302.0,83323518.77653444
2026-09-09 01:20:00,377944908.0,82442585.42883396
2026-09-09 01:25:00,377278042.0,82397524.3728
2026-09-09 01:30:00,377167555.0,82477390.42194015
2026-09-09 01:35:00,377515864.0,82524967.8704
2026-09-09 01:40:00,378158652.0,82968008.2488
2026-09-09 01:45:00,378616552.0,83068471.5088
2026-09-09 01:50:00,381645019.0,83771081.6705
2026-09-09 01:55:00,383353255.0,84085948.84977876
2026-09-09 02:00:00,383287026.0,84083484.00838272
2026-09-09 02:05:00,383266149.0,83820306.7863
2026-09-09 02:10:00,383763791.0,83969808.54063226
2026-09-09 02:15:00,383888062.0,83767473.10506034
2026-09-09 02:20:00,383842873.0,83600977.7394
2026-09-09 02:25:00,383852590.0,83833405.656
2026-09-09 02:30:00,384122069.0,83664559.98953818
2026-09-09 02:35:00,384110462.0,83569818.5025233
2026-09-09 02:40:00,383766253.0,83392406.7769
2026-09-09 02:45:00,384959204.0,83805618.7108
2026-09-09 02:50:00,385235399.0,83942793.4421
2026-09-09 02:55:00,385080924.0,83909133.3396
2026-09-09 03:00:00,384833384.0,83715707.66523536
2026-09-09 03:05:00,384142095.0,83474077.2435
2026-09-09 03:10:00,384315710.0,83397350.7214049
2026-09-09 03:15:00,384037855.0,83259971.49964686
2026-09-09 03:20:00,384433684.0,83272026.5177664
2026-09-09 03:25:00,384618087.0,83207269.24219206
2026-09-09 03:30:00,384284183.0,83043811.9463
2026-09-09 03:35:00,384159940.0,83001408.3980294
2026-09-09 03:40:00,384361745.0,83175881.618
2026-09-09 03:45:00,384043902.0,83223696.1214472
2026-09-09 03:50:00,383329720.0,82952551.408
2026-09-09 03:55:00,383501201.0,82989659.8964
2026-09-09 04:00:00,383435516.0,82951653.4886322
2026-09-09 04:05:00,382184188.0,83430808.2404
2026-09-09 04:10:00,382635650.0,83415566.55269
2026-09-09 04:15:00,382179071.0,83283855.48759711
2026-09-09 04:20:00,382643651.0,83531109.0133
2026-09-09 04:25:00,382640318.0,83798229.642
2026-09-09 04:30:00,382342178.0,83771171.1998
2026-09-09 04:35:00,383053750.0,84041992.75
2026-09-09 04:40:00,382952859.0,83981561.9787
2026-09-09 04:45:00,385646585.0,84803684.0415
2026-09-09 04:50:00,384720547.0,84801980.40600936
2026-09-09 04:55:00,384367824.0,84888529.50742991
2026-09-09 05:00:00,384168379.0,84785961.2453
2026-09-09 05:05:00,384648509.0,84753629.41137414
2026-09-09 05:10:00,384542283.0,84714664.9449
2026-09-09 05:15:00,384382907.0,84833307.5749
2026-09-09 05:20:00,383755693.0,84738226.65062435
2026-09-09 05:25:00,383910725.0,84652314.8625
2026-09-09 05:30:00,383684231.0,84488698.80838163
2026-09-09 05:35:00,382712424.0,83950526.72339232
2026-09-09 05:40:00,382046518.0,83668187.442
2026-09-09 05:45:00,382267634.0,83563704.7924
2026-09-09 05:50:00,381935265.0,83438494.636536
2026-09-09 05:55:00,382111298.0,83567740.8726
2026-09-09 06:00:00,382591582.0,83749297.2998
2026-09-09 06:05:00,382801782.0,83642189.367
2026-09-09 06:10:00,382774723.0,83789386.8647
2026-09-09 06:15:00,382871903.0,84193531.4697
2026-09-09 06:20:00,382628326.0,84293020.2178
2026-09-09 06:25:00,382644017.0,84487798.9536
2026-09-09 06:30:00,382520856.0,84384100.8336
2026-09-09 06:35:00,382454970.0,84316470.1585149
2026-09-09 06:40:00,382428714.0,84478502.9226
2026-09-09 06:45:00,382355434.0,84362413.54280448
2026-09-09 06:50:00,382094215.0,84289544.42065275
2026-09-09 06:55:00,381835767.0,84174625.6950024
2026-09-09 07:00:00,381501343.0,84044745.8629
2026-09-09 07:05:00,381561529.0,84213491.1617675
2026-09-09 07:10:00,381218286.0,84401728.5204
2026-09-09 07:15:00,380434920.0,84002510.7716784
2026-09-09 07:20:00,380816391.0,84008095.8546
2026-09-09 07:25:00,380655427.0,84124849.367
2026-09-09 07:30:00,381111612.0,84225666.252
2026-09-09 07:35:00,381311873.0,84308055.1203
2026-09-09 07:40:00,380895102.0,84179002.12576722
2026-09-09 07:45:00,380809253.0,84158844.913
2026-09-09 07:50:00,380689782.0,84057461.16253728
2026-09-09 07:55:00,380712527.0,84175539.7197
2026-09-09 08:00:00,380630748.0,84309710.682
2026-09-09 08:05:00,379935647.0,84317974.53241253
2026-09-09 08:10:00,380549219.0,84444347.38262375
2026-09-09 08:15:00,379246574.0,84116890.1132
2026-09-09 08:20:00,379515485.0,84328340.767
2026-09-09 08:25:00,379041572.0,84185133.1412
2026-09-09 08:30:00,378970841.0,84358909.2066
2026-09-09 08:35:00,379019413.0,84369721.3338
2026-09-09 08:40:00,378598944.0,84055454.75390016
2026-09-09 08:45:00,378552478.0,84024613.39011575
2026-09-09 08:50:00,378199386.0,83734542.95245361
2026-09-09 08:55:00,378180683.0,83956111.626
2026-09-09 09:00:00,378598983.0,84048974.226
2026-09-09 09:05:00,378432552.0,83898496.7784
2026-09-09 09:10:00,378548019.0,83631103.43107419
2026-09-09 09:15:00,378866190.0,83767314.609
2026-09-09 09:20:00,378741917.0,83516664.17410775
2026-09-09 09:25:00,379091598.0,83513879.0394
2026-09-09 09:30:00,378735903.0,83435519.4309
2026-09-09 09:35:00,379186039.0,83437495.21804391
2026-09-09 09:40:00,378704924.0,83090908.9002382
2026-09-09 09:45:00,379473219.0,82801056.3858
2026-09-09 09:50:00,379988092.0,82761406.4376
2026-09-09 09:55:00,379876760.0,82637197.5573736
2026-09-09 10:00:00,380353370.0,82878999.323
2026-09-09 10:05:00,381526147.0,83449596.46244672
2026-09-09 10:10:00,381143304.0,83111925.92145409
2026-09-09 10:15:00,381573307.0,83286043.8762207
2026-09-09 10:20:00,381800883.0,83270772.5823
2026-09-09 10:25:00,381851251.0,83338080.9026225
2026-09-09 10:30:00,382844852.0,83689884.6472
2026-09-09 10:35:00,382801959.0,83798407.4127524
2026-09-09 10:40:00,383329088.0,83795738.6368
2026-09-09 10:45:00,383318264.0,83749114.58363856
2026-09-09 10:50:00,383615971.0,83820089.6635
2026-09-09 10:55:00,382700222.0,83505188.4404
2026-09-09 11:00:00,382707420.0,83655513.5910798
2026-09-09 11:05:00,381836808.0,83096353.29797351
2026-09-09 11:10:00,381636301.0,83193118.60404459
2026-09-09 11:15:00,381646588.0,83008132.89
2026-09-09 11:20:00,382033050.0,82942102.870977
2026-09-09 11:25:00,381915857.0,83486806.3402
2026-09-09 11:30:00,381707049.0,83438088.16965555
2026-09-09 11:35:00,381980012.0,83588101.59654164
2026-09-09 11:40:00,381838949.0,83584545.9361
2026-09-09 11:45:00,381956705.0,83610322.7245
2026-09-09 11:50:00,381778161.0,83838484.1556
2026-09-09 11:55:00,381653257.0,83963716.54
2026-09-09 12:00:00,381568639.0,84021414.3078
2026-09-09 12:05:00,381218269.0,83791775.5262
2026-09-09 12:10:00,380167777.0,83672452.82547173
2026-09-09 12:15:00,383368783.0,84494479.7732
2026-09-09 12:20:00,382055812.0,84281512.1272
2026-09-09 12:25:00,381617596.0,84111571.099168
2026-09-09 12:30:00,381700856.0,84209270.24319328
2026-09-09 12:35:00,381174752.0,84315855.1424
2026-09-09 12:40:00,380269652.0,84077620.0572
2026-09-09 12:45:00,379763414.0,83965690.8354
2026-09-09 12:50:00,379686465.0,84048447.62390804
2026-09-09 12:55:00,377371542.0,83436847.9362
2026-09-09 13:00:00,375800109.0,82821902.06631161
2026-09-09 13:05:00,375757389.0,83004807.2301
2026-09-09 13:10:00,376184160.0,83099080.944
2026-09-09 13:15:00,375970549.0,83014297.2192
2026-09-09 13:20:00,376096403.0,83117305.063
2026-09-09 13:25:00,376004961.0,83004881.16431475
2026-09-09 13:30:00,375958852.0,83059280.83555505
2026-09-09 13:35:00,375671724.0,82985883.8316
2026-09-09 13:40:00,374971986.0,82193859.3312
2026-09-09 13:45:00,373913844.0,81643010.96552928
2026-09-09 13:50:00,374983346.0,82083854.4394
2026-09-09 13:55:00,376343391.0,82231030.9335
2026-09-09 14:00:00,377129763.0,82252001.3103
2026-09-09 14:05:00,376942117.0,82311836.11499527
2026-09-09 14:10:00,376857318.0,82004152.3968
2026-09-09 14:15:00,377099739.0,82170033.1281
2026-09-09 14:20:00,377840692.0,82109082.19867496
2026-09-09 14:25:00,378211100.0,82384173.24749
2026-09-09 14:30:00,379288567.0,83215911.5998
2026-09-09 14:35:00,379600916.0,83208520.7872
2026-09-09 14:40:00,379767876.0,83349307.7359806
2026-09-09 14:45:00,379805708.0,82785520.94580065
2026-09-09 14:50:00,380271593.0,83143197.13350067
2026-09-09 14:55:00,380419554.0,82799232.73922513
2026-09-09 15:00:00,380704006.0,82960043.68923314
2026-09-09 15:05:00,379471986.0,82269526.5648
2026-09-09 15:10:00,378743099.0,81922132.3137
2026-09-09 15:15:00,378067208.0,81586903.4864
2026-09-09 15:20:00,377983774.0,81606696.8066
2026-09-09 15:25:00,380170889.0,81139093.48894756
2026-09-09 15:30:00,380212311.0,81745646.865
2026-09-09 15:35:00,379728995.0,81982779.92727935
2026-09-09 15:40:00,379883738.0,82228334.72509605
2026-09-09 15:45:00,379722995.0,82020166.92
2026-09-09 15:50:00,379911186.0,82098807.2946
2026-09-09 15:55:00,379365835.0,81947003.7012675
2026-09-09 16:00:00,379933654.0,81875702.437
2026-09-09 16:05:00,379718725.0,82323019.58
2026-09-09 16:10:00,379891846.0,81878648.00939362
2026-09-09 16:15:00,379694766.0,82090008.4092
2026-09-09 16:20:00,379892561.0,81946787.68711123
2026-09-09 16:25:00,380169935.0,81926620.9925
2026-09-09 16:30:00,380114188.0,81990630.3516
2026-09-09 16:35:00,380083346.0,82592111.0858
2026-09-09 16:40:00,380204677.0,82694517.2475
2026-09-09 16:45:00,380221705.0,82888331.69
2026-09-09 16:50:00,380592720.0,82855035.144
2026-09-09 16:55:00,380183524.0,82690638.8186956
2026-09-09 17:00:00,380123957.0,82779115.15970418
2026-09-09 17:05:00,379992011.0,82534264.7892
2026-09-09 17:10:00,379208040.0,82505036.5105584
2026-09-09 17:15:00,379010484.0,82476471.42324
2026-09-09 17:20:00,378866455.0,82517113.899
2026-09-09 17:25:00,378619187.0,82528900.1370502
2026-09-09 17:30:00,378053483.0,82377853.9457
2026-09-09 17:35:00,377678894.0,82096480.41235234
2026-09-09 17:40:00,377667867.0,82029460.7124
2026-09-09 17:45:00,377767121.0,82013241.9691
2026-09-09 17:50:00,377949034.0,82128325.0882
2026-09-09 17:55:00,377909384.0,82195291.02
2026-09-09 18:00:00,377883186.0,82124721.74845938
2026-09-09 18:05:00,378057150.0,82265235.84
2026-09-09 18:10:00,378141657.0,82134251.04585186
2026-09-09 18:15:00,378182976.0,82175015.79938304
2026-09-09 18:20:00,377997852.0,81987734.0988
2026-09-09 18:25:00,377833299.0,82109436.57046443
2026-09-09 18:30:00,377775920.0,82241817.784
2026-09-09 18:35:00,377698256.0,82149370.68
2026-09-09 18:40:00,377574198.0,82161146.0564247
2026-09-09 18:45:00,377475297.0,82158272.21640885
2026-09-09 18:50:00,377893819.0,82165672.24358502
2026-09-09 18:55:00,377615598.0,81963172.36840296
2026-09-09 19:00:00,376805178.0,81616001.5548
2026-09-09 19:05:00,376480730.0,81409153.9683852
2026-09-09 19:10:00,376534428.0,81632663.9904
2026-09-09 19:15:00,376414590.0,81719607.489
2026-09-09 19:20:00,376265951.0,81732072.2210144
2026-09-09 19:25:00,376341683.0,81639097.5342428
2026-09-09 19:30:00,376419204.0,81494757.666
2026-09-09 19:35:00,376505800.0,81400553.96
2026-09-09 19:40:00,375867755.0,80971344.94897296
2026-09-09 19:45:00,376130376.0,81086810.83450416
2026-09-09 19:50:00,375884171.0,81003038.8505
2026-09-09 19:55:00,375734728.0,80482378.7376
2026-09-09 20:00:00,376275329.0,80711058.0705
2026-09-09 20:05:00,377096642.0,80663140.0294915
2026-09-09 20:10:00,376737379.0,80837722.36740007
2026-09-09 20:15:00,376688515.0,80737796.5444855
2026-09-09 20:20:00,376875820.0,80749285.0554212
2026-09-09 20:25:00,373911332.0,79792678.2488
2026-09-09 20:30:00,372120123.0,79187162.1744
2026-09-09 20:35:00,371737300.0,79358397.021794
2026-09-09 20:40:00,371602580.0,79478712.832851
2026-09-09 20:45:00,371450699.0,79341869.3064
2026-09-09 20:50:00,371410418.0,79018305.53623182
2026-09-09 20:55:00,371949567.0,79262452.7277
2026-09-09 21:00:00,371649844.0,79607396.5848
2026-09-09 21:05:00,373219918.0,79719774.4848
2026-09-09 21:10:00,373967853.0,79804739.8302
2026-09-09 21:15:00,373758869.0,79872270.3053
2026-09-09 21:20:00,373865030.0,79708024.396
2026-09-09 21:25:00,373552340.0,79865490.292
2026-09-09 21:30:00,372796188.0,79741104.6132
2026-09-09 21:35:00,373050296.0,79497018.0776
2026-09-09 21:40:00,372940369.0,79361710.5232
2026-09-09 21:45:00,372706000.0,79318254.79732
2026-09-09 21:50:00,370885227.0,78330959.9424
2026-09-09 21:55:00,369369220.0,78306274.64
2026-09-09 22:00:00,369428710.0,78449383.5175204
2026-09-09 22:05:00,369360397.0,78305091.17433842
2026-09-09 22:10:00,366957578.0,77059355.67065606
2026-09-09 22:15:00,366367124.0,77015553.5596046
2026-09-09 22:20:00,367135104.0,77379861.66693889
2026-09-09 22:25:00,367294531.0,77572604.9472
2026-09-09 22:30:00,367545040.0,77552003.44
2026-09-09 22:35:00,367440698.0,77383010.9988
2026-09-09 22:40:00,367481830.0,77575414.313
2026-09-09 22:45:00,367650748.0,77537542.7532
2026-09-09 22:50:00,367538675.0,77394688.03749025
2026-09-09 22:55:00,367802447.0,77348854.6041
2026-09-09 23:00:00,368291749.0,77230779.7653
2026-09-09 23:05:00,367927611.0,77581705.39918263
2026-09-09 23:10:00,367262149.0,77602492.0837
2026-09-09 23:15:00,367554807.0,77627575.2384
2026-09-09 23:20:00,368392852.0,77804570.3424
2026-09-09 23:25:00,368483854.0,77735519.6575743
2026-09-09 23:30:00,368465955.0,77820009.696
2026-09-09 23:35:00,368519198.0,77942879.0826742
2026-09-09 23:40:00,368737106.0,78024771.6296
2026-09-09 23:45:00,370250871.0,78456159.5649
2026-09-09 23:50:00,370338447.0,78511750.764
2026-09-09 23:55:00,370344472.0,78513028.064
2026-09-10 00:00:00,370603091.0,78530794.9829
2026-09-10 00:05:00,370346819.0,78547841.96424854
2026-09-10 00:10:00,369974447.0,78508577.6534
2026-09-10 00:15:00,370194972.0,78489656.04697056
2026-09-10 00:20:00,370353525.0,78386882.75459024
2026-09-10 00:25:00,370590019.0,78506464.09879458
2026-09-10 00:30:00,371080507.0,78557743.3319
2026-09-10 00:35:00,371200631.0,78546053.5196
2026-09-10 00:40:00,371518076.0,78576073.074
2026-09-10 00:45:00,371624077.0,78281121.60750122
2026-09-10 00:50:00,372009839.0,78463154.57118233
2026-09-10 00:55:00,373104106.0,78695617.99702203
2026-09-10 01:00:00,373697922.0,78786871.16349114
2026-09-10 01:05:00,373926399.0,79233511.981768
2026-09-10 01:10:00,374640185.0,79513389.34827974
2026-09-10 01:15:00,374381873.0,79219204.3268
2026-09-10 01:20:00,374354971.0,79162240.20677184
2026-09-10 01:25:00,374338574.0,79135174.5436
2026-09-10 01:30:00,374286060.0,78894384.9575598
2026-09-10 01:35:00,374461665.0,78680810.34482145
2026-09-10 01:40:00,374502567.0,78458287.7865
2026-09-10 01:45:00,374538075.0,78802810.98
2026-09-10 01:50:00,375044193.0,78986444.7977001
2026-09-10 01:55:00,375437678.0,78879456.1478
2026-09-10 02:00:00,375544996.0,79131420.34220643
2026-09-10 02:05:00,375622657.0,79031007.0328
2026-09-10 02:10:00,375797794.0,79115352.94078366
2026-09-10 02:15:00,375611355.0,79141312.4985
2026-09-10 02:20:00,376040914.0,79250442.12586129
2026-09-10 02:25:00,376112586.0,79209310.6116
2026-09-10 02:30:00,376156063.0,79331313.6867
2026-09-10 02:35:00,376630032.0,79807903.7808
2026-09-10 02:40:00,376456096.0,79771046.7424
2026-09-10 02:45:00,376469210.0,79869813.9534737
2026-09-10 02:50:00,376366667.0,79953339.9941449
2026-09-10 02:55:00,376045232.0,80050504.66707344
2026-09-10 03:00:00,376047915.0,80135810.6865
2026-09-10 03:05:00,378273144.0,80723488.9296
2026-09-10 03:10:00,377982739.0,80510323.407
2026-09-10 03:15:00,378053211.0,80495834.45094568
2026-09-10 03:20:00,378192138.0,80633392.69879223
2026-09-10 03:25:00,378849964.0,80808697.3212
2026-09-10 03:30:00,378497451.0,80811772.00121778
2026-09-10 03:35:00,378615213.0,80849182.11954534
2026-09-10 03:40:00,378761216.0,80758519.57248
2026-09-10 03:45:00,378365993.0,80747279.53278643
2026-09-10 03:50:00,378110176.0,80772054.60339393
2026-09-10 03:55:00,378640588.0,80877629.5968
2026-09-10 04:00:00,378743545.0,80909718.5149097
2026-09-10 04:05:00,378455745.0,80919772.4670816
2026-09-10 04:10:00,379281377.0,81071417.09063262
2026-09-10 04:15:00,379041711.0,80979767.46069162
2026-09-10 04:20:00,379058642.0,81080643.5238
2026-09-10 04:25:00,378930976.0,80934669.74195585
2026-09-10 04:30:00,378830183.0,80804478.0339
2026-09-10 04:35:00,378856680.0,80870030.8736748
2026-09-10 04:40:00,378908276.0,80964536.89693496
2026-09-10 04:45:00,378987697.0,80804971.19476704
2026-09-10 04:50:00,379274019.0,80861220.8508
2026-09-10 04:55:00,378909546.0,80783515.2072
2026-09-10 05:00:00,378608206.0,80794991.1604
2026-09-10 05:05:00,378713467.0,80440399.15578546
2026-09-10 05:10:00,378759922.0,80637987.3938
2026-09-10 05:15:00,378818913.0,81004280.10228114
2026-09-10 05:20:00,379060041.0,80817715.89622878
2026-09-10 05:25:00,379314241.0,80831864.7571
2026-09-10 05:30:00,379379373.0,81073372.0101
2026-09-10 05:35:00,379261256.0,81124741.180912
2026-09-10 05:40:00,379215511.0,81057808.4564143
2026-09-10 05:45:00,379405418.0,81092000.75514174
2026-09-10 05:50:00,379573058.0,81190677.1062
2026-09-10 05:55:00,379830206.0,81359630.1252
2026-09-10 06:00:00,379695783.0,81368806.2969
2026-09-10 06:05:00,380130300.0,81385897.23
2026-09-10 06:10:00,380448135.0,81301766.4495
2026-09-10 06:15:00,380635243.0,81130552.15816902
2026-09-10 06:20:00,380446060.0,80904540.6081836
2026-09-10 06:25:00,380793609.0,80956721.2734
2026-09-10 06:30:00,380688518.0,81124723.1858
2026-09-10 06:35:00,380777576.0,81122042.81707712
2026-09-10 06:40:00,380988039.0,81286628.86177976
2026-09-10 06:45:00,380993966.0,81227913.5512
2026-09-10 06:50:00,380715056.0,81549164.9952
2026-09-10 06:55:00,380603288.0,81715525.9336
2026-09-10 07:00:00,380895017.0,81816249.6516
2026-09-10 07:05:00,381160704.0,81568390.656
2026-09-10 07:10:00,380791273.0,81327732.22156426
2026-09-10 07:15:00,380916693.0,81401897.2941
2026-09-10 07:20:00,381157114.0,81377043.839
2026-09-10 07:25:00,382704689.0,81555391.04741964
2026-09-10 07:30:00,382729991.0,81483215.0839
2026-09-10 07:35:00,383472081.0,81420076.86939135
2026-09-10 07:40:00,381527113.0,80829658.85718998
2026-09-10 07:45:00,381183459.0,80810893.308
2026-09-10 07:50:00,383014352.0,81428851.2352
2026-09-10 07:55:00,383204676.0,81545955.0528
2026-09-10 08:00:00,383408299.0,81819331.0066
2026-09-10 08:05:00,383997218.0,81829807.1558
2026-09-10 08:10:00,383732734.0,82042058.5292
2026-09-10 08:15:00,383908802.0,81912440.48074464
2026-09-10 08:20:00,383454976.0,81831086.44768769
2026-09-10 08:25:00,383701132.0,82078238.1782708
2026-09-10 08:30:00,383601652.0,81993794.37444048
2026-09-10 08:35:00,383611326.0,81940902.17056422
2026-09-10 08:40:00,383622995.0,81796440.2545955
2026-09-10 08:45:00,383584915.0,81631603.3498511
2026-09-10 08:50:00,383638203.0,81676573.4187
2026-09-10 08:55:00,383513894.0,81688459.422
2026-09-10 09:00:00,383552937.0,81581709.6999
2026-09-10 09:05:00,383678826.0,81765867.50783694
2026-09-10 09:10:00,383891386.0,81807254.3566
2026-09-10 09:15:00,384099898.0,82101038.23558363
2026-09-10 09:20:00,383925773.0,82121722.8447
2026-09-10 09:25:00,384382043.0,82248947.16557445
2026-09-10 09:30:00,383335107.0,82349937.5278175
2026-09-10 09:35:00,383846430.0,82104751.377
2026-09-10 09:40:00,383797952.0,81564057.59868544
2026-09-10 09:45:00,383618124.0,81633936.7872
2026-09-10 09:50:00,383589022.0,81762218.68504255
2026-09-10 09:55:00,383703876.0,81822234.69656567
2026-09-10 10:00:00,382791341.0,81611113.9012
2026-09-10 10:05:00,382468657.0,81695305.1352
2026-09-10 10:10:00,382534963.0,81488607.71056232
2026-09-10 10:15:00,382521122.0,81706511.6592
2026-09-10 10:20:00,382761562.0,81655113.47426549
2026-09-10 10:25:00,383396757.0,81701848.9167
2026-09-10 10:30:00,383485922.0,81529107.0172
2026-09-10 10:35:00,383080687.0,81136489.5066
2026-09-10 10:40:00,382930478.0,81449312.6706
2026-09-10 10:45:00,383181400.0,81581891.207194
2026-09-10 10:50:00,383285370.0,81644252.9174142
2026-09-10 10:55:00,383558152.0,81474410.05431873
2026-09-10 11:00:00,383868698.0,81389096.60060246
2026-09-10 11:05:00,386300715.0,81483421.9228233
2026-09-10 11:10:00,386071149.0,81654048.0135
2026-09-10 11:15:00,385909671.0,81945402.50579508
2026-09-10 11:20:00,385910512.0,82121756.9536
2026-09-10 11:25:00,385987032.0,82230380.08726536
2026-09-10 11:30:00,386368088.0,82412313.1704
2026-09-10 11:35:00,385904518.0,82364272.75060132
2026-09-10 11:40:00,385949545.0,82400227.8575
2026-09-10 11:45:00,386515830.0,82405174.956
2026-09-10 11:50:00,386442740.0,82312303.62
2026-09-10 11:55:00,386431725.0,82194027.9075
2026-09-10 12:00:00,386246655.0,81984124.03291786
2026-09-10 12:05:00,386264872.0,82123422.93488649
2026-09-10 12:10:00,386005442.0,81910354.7924
2026-09-10 12:15:00,385889397.0,82040085.8022
2026-09-10 12:20:00,386034409.0,81993708.4716
2026-09-10 12:25:00,386230938.0,81934903.73111045
2026-09-10 12:30:00,386591978.0,82205424.63741118
2026-09-10 12:35:00,386562244.0,81543453.73865125
2026-09-10 12:40:00,385670865.0,81299418.342
2026-09-10 12:45:00,386299194.0,81744003.70694394
2026-09-10 12:50:00,379233003.0,79432233.47404487
2026-09-10 12:55:00,380334423.0,79230993.15857545
2026-09-10 13:00:00,380038796.0,79086073.4476
2026-09-10 13:05:00,382950697.0,80304761.1609
2026-09-10 13:10:00,382842833.0,80127534.83042128
2026-09-10 13:15:00,383883450.0,80178185.2795875
2026-09-10 13:20:00,381070454.0,79584434.13406214
2026-09-10 13:25:00,381700439.0,80063697.72658548
2026-09-10 13:30:00,382168819.0,80064367.5805
2026-09-10 13:35:00,382611576.0,80168699.172174
2026-09-10 13:40:00,382587820.0,80419466.2257122
2026-09-10 13:45:00,380660172.0,80014768.1544
2026-09-10 13:50:00,380832999.0,80179783.6684921
2026-09-10 13:55:00,380275287.0,80113294.41881809
2026-09-10 14:00:00,380312190.0,80245872.09
2026-09-10 14:05:00,380706930.0,80481445.002
2026-09-10 14:10:00,382892200.0,80377079.055902
2026-09-10 14:15:00,382177827.0,80028036.9738
2026-09-10 14:20:00,382949996.0,80304614.1612
2026-09-10 14:25:00,382790376.0,80615653.1856
2026-09-10 14:30:00,382663044.0,80703635.9796
2026-09-10 14:35:00,381499873.0,80658099.43919519
2026-09-10 14:40:00,381023628.0,80592681.33548243
2026-09-10 14:45:00,381446990.0,80657160.5734649
2026-09-10 14:50:00,381544983.0,80696763.9045
2026-09-10 14:55:00,381557760.0,80701064.9670144
2026-09-10 15:00:00,381308073.0,80658413.16739058
2026-09-10 15:05:00,381373836.0,80271889.1690406
2026-09-10 15:10:00,380794929.0,80352767.93591067
2026-09-10 15:15:00,380762951.0,80226753.7757
2026-09-10 15:20:00,381483031.0,79897119.3431842
2026-09-10 15:25:00,381329915.0,79850484.201
2026-09-10 15:30:00,381446547.0,79760472.9777
2026-09-10 15:35:00,381505595.0,79925422.1525
2026-09-10 15:40:00,381227932.0,80025263.10725535
2026-09-10 15:45:00,381634588.0,79990609.6448
2026-09-10 15:50:00,381576945.0,79940369.9775
2026-09-10 15:55:00,381805359.0,79692991.71665324
2026-09-10 16:00:00,382045635.0,80053066.80526096
2026-09-10 16:05:00,381449784.0,79513028.19340152
2026-09-10 16:10:00,381003072.0,78829535.5968
2026-09-10 16:15:00,380701972.0,78830583.00792108
2026-09-10 16:20:00,381192142.0,78771514.98625414
2026-09-10 16:25:00,381503099.0,78935242.0513841
2026-09-10 16:30:00,381217765.0,78759590.249
2026-09-10 16:35:00,379491755.0,78154084.14597794
2026-09-10 16:40:00,379095825.0,78241162.734426
2026-09-10 16:45:00,378758643.0,78365163.2367
2026-09-10 16:50:00,377701837.0,78410901.3612
2026-09-10 16:55:00,377139355.0,78256416.1625
2026-09-10 17:00:00,377390413.0,78554527.73383057
2026-09-10 17:05:00,376998349.0,78377956.7571
2026-09-10 17:10:00,376297299.0,78502382.39683601
2026-09-10 17:15:00,375809788.0,78431502.7556
2026-09-10 17:20:00,375602642.0,78388271.3854
2026-09-10 17:25:00,375539991.0,78562966.1172
2026-09-10 17:30:00,375109870.0,78510495.791
2026-09-10 17:35:00,376102176.0,79144689.06540576
2026-09-10 17:40:00,378075423.0,79471453.9146
2026-09-10 17:45:00,377385979.0,79251055.59
2026-09-10 17:50:00,377136283.0,79257441.37605952
2026-09-10 17:55:00,377181034.0,79358889.5536
2026-09-10 18:00:00,376529139.0,78995813.3622
2026-09-10 18:05:00,376704170.0,78695313.0600577
2026-09-10 18:10:00,376964120.0,78475033.430768
2026-09-10 18:15:00,377287498.0,78521583.4218823
2026-09-10 18:20:00,377274202.0,78473034.016
2026-09-10 18:25:00,377502687.0,78844965.83007345
2026-09-10 18:30:00,377548607.0,78802326.57713307
2026-09-10 18:35:00,377698095.0,78712282.998
2026-09-10 18:40:00,377876996.0,78927969.25375152
2026-09-10 18:45:00,377380370.0,78872497.33
2026-09-10 18:50:00,377526036.0,78827436.3168
2026-09-10 18:55:00,373597036.0,78530096.9672
2026-09-10 19:00:00,372989517.0,78514293.3285
2026-09-10 19:05:00,372428416.0,78172724.5184
2026-09-10 19:10:00,372329172.0,78114660.2856
2026-09-10 19:15:00,372139385.0,78001464.5290657
2026-09-10 19:20:00,372376668.0,77938436.6124
2026-09-10 19:25:00,373104861.0,78314710.3239
2026-09-10 19:30:00,374060782.0,78462095.62705103
2026-09-10 19:35:00,374196753.0,78258457.42954408
2026-09-10 19:40:00,373984388.0,78269326.38242388
2026-09-10 19:45:00,374086848.0,78420850.94420353
2026-09-10 19:50:00,374428835.0,78255626.515
2026-09-10 19:55:00,374260631.0,78148411.73710726
2026-09-10 20:00:00,374392180.0,78247965.62
2026-09-10 20:05:00,374629527.0,78222645.2376
2026-09-10 20:10:00,374754466.0,78586011.5202
2026-09-10 20:15:00,374504094.0,78720760.5588
2026-09-10 20:20:00,375574625.0,79070075.08565125
2026-09-10 20:25:00,375273981.0,78856768.20356739
2026-09-10 20:30:00,375245447.0,78876592.9594
2026-09-10 20:35:00,374495019.0,78529051.42827041
2026-09-10 20:40:00,374666412.0,78491178.34164204
2026-09-10 20:45:00,374621915.0,78498504.58846815
2026-09-10 20:50:00,374688070.0,78384744.244
2026-09-10 20:55:00,374762842.0,78338127.19545855
2026-09-10 21:00:00,374895734.0,78390697.9794
2026-09-10 21:05:00,374988119.0,78337995.46476486
2026-09-10 21:10:00,374468770.0,78301419.807
2026-09-10 21:15:00,374590240.0,78253635.4888112
2026-09-10 21:20:00,374303559.0,78079722.4074
2026-09-10 21:25:00,374296070.0,77981531.9285688
2026-09-10 21:30:00,374551609.0,78168920.7983
2026-09-10 21:35:00,375022841.0,78223182.98174044
2026-09-10 21:40:00,375102383.0,78246357.0938
2026-09-10 21:45:00,375235904.0,78276588.57003136
2026-09-10 21:50:00,374802608.0,78343032.68062624
2026-09-10 21:55:00,374825107.0,78127923.09340239
2026-09-10 22:00:00,375081029.0,78136433.61485548
2026-09-10 22:05:00,374944494.0,78250915.8978
2026-09-10 22:10:00,374933430.0,78323593.527
2026-09-10 22:15:00,375110382.0,78223527.22615159
2026-09-10 22:20:00,374929969.0,78414484.66202515
2026-09-10 22:25:00,374850587.0,78268802.5656
2026-09-10 22:30:00,374788253.0,78084808.8253814
2026-09-10 22:35:00,375892223.0,77978864.21488339
2026-09-10 22:40:00,376152181.0,77924110.86792453
2026-09-10 22:45:00,376803399.0,77998303.593
2026-09-10 22:50:00,376860244.0,78236186.6544
2026-09-10 22:55:00,376883328.0,77939472.2304
2026-09-10 23:00:00,377284368.0,77871493.5552
2026-09-10 23:05:00,376623321.0,77359646.62672684
2026-09-10 23:10:00,374200035.0,76781412.91158526
2026-09-10 23:15:00,373895886.0,76543281.55244862
2026-09-10 23:20:00,373560047.0,76579809.635
2026-09-10 23:25:00,373377441.0,76579713.1491
2026-09-10 23:30:00,373092237.0,76601320.7119839
2026-09-10 23:35:00,373074646.0,76666839.753
2026-09-10 23:40:00,372968164.0,76607660.8856
2026-09-10 23:45:00,373023900.0,76697843.214573
2026-09-10 23:50:00,373168884.0,76574254.9968
2026-09-10 23:55:00,373185002.0,76262941.33076386
2026-09-11 00:00:00,373327672.0,76382841.6912
2026-09-11 00:05:00,373956027.0,76586194.3296
2026-09-11 00:10:00,373844255.0,76912776.77201656
2026-09-11 00:15:00,374142527.0,76975286.58139749
2026-09-11 00:20:00,374067040.0,76957223.612944
2026-09-11 00:25:00,373766588.0,77070670.4456
2026-09-11 00:30:00,373756218.0,77031156.5298
2026-09-11 00:35:00,373665600.0,76966889.220144
2026-09-11 00:40:00,373936171.0,76956063.9918
2026-09-11 00:45:00,374100208.0,76835083.73736496
2026-09-11 00:50:00,374074322.0,76797458.3066
2026-09-11 00:55:00,373935539.0,77142901.6957
2026-09-11 01:00:00,373682455.0,77165426.9575
2026-09-11 01:05:00,373632077.0,77241564.56217474
2026-09-11 01:10:00,373763547.0,77294301.5196
2026-09-11 01:15:00,373670612.0,77125614.3168
2026-09-11 01:20:00,373581115.0,77181858.359
2026-09-11 01:25:00,374067920.0,77282432.272
2026-09-11 01:30:00,374113226.0,77104735.8786
2026-09-11 01:35:00,374302994.0,77181277.3628
2026-09-11 01:40:00,373533372.0,76910521.2948
2026-09-11 01:45:00,373675333.0,76902383.5314
2026-09-11 01:50:00,373688664.0,77129340.2496
2026-09-11 01:55:00,373453751.0,77170225.42355181
2026-09-11 02:00:00,373181442.0,77121131.95881468
2026-09-11 02:05:00,373162430.0,77132674.281
2026-09-11 02:10:00,373200216.0,77028524.5824
2026-09-11 02:15:00,373104066.0,77195231.2554
2026-09-11 02:20:00,373110532.0,76870466.73472668
2026-09-11 02:25:00,373281217.0,76858602.5803
2026-09-11 02:30:00,373521715.0,76848850.6927638
2026-09-11 02:35:00,373523264.0,76908440.0576
2026-09-11 02:40:00,373389991.0,77208872.8979971
2026-09-11 02:45:00,373222418.0,77049196.69363998
2026-09-11 02:50:00,373325042.0,77303251.67280896
2026-09-11 02:55:00,373134332.0,77164179.8576
2026-09-11 03:00:00,373169102.0,77111931.91903344
2026-09-11 03:05:00,373126824.0,77066472.4206552
2026-09-11 03:10:00,373031914.0,76807271.0926
2026-09-11 03:15:00,373156834.0,77171788.67332529
2026-09-11 03:20:00,373119526.0,77081005.48337254
2026-09-11 03:25:00,373010981.0,76888563.2779297
2026-09-11 03:30:00,372971784.0,76988966.1934044
2026-09-11 03:35:00,372958558.0,76978646.3712
2026-09-11 03:40:00,372214114.0,77108992.498582
2026-09-11 03:45:00,372454575.0,77262375.56439525
2026-09-11 03:50:00,372437397.0,77120887.40046377
2026-09-11 03:55:00,372534285.0,77263610.709
2026-09-11 04:00:00,372389677.0,77345335.9129
2026-09-11 04:05:00,371878777.0,77258448.1156709
2026-09-11 04:10:00,371840791.0,77342884.528
2026-09-11 04:15:00,371164611.0,77181090.12846522
2026-09-11 04:20:00,371234168.0,77290964.91462503
2026-09-11 04:25:00,370413441.0,77457273.17981112
2026-09-11 04:30:00,369752698.0,77722017.1196
2026-09-11 04:35:00,369043708.0,77442906.89540416
2026-09-11 04:40:00,370431247.0,77753518.7453
2026-09-11 04:45:00,370242203.0,77793077.64598607
2026-09-11 04:50:00,370616631.0,77829492.51
2026-09-11 04:55:00,370117175.0,77681103.1772505
2026-09-11 05:00:00,369727854.0,77642849.34
2026-09-11 05:05:00,369614961.0,77551775.78720814
2026-09-11 05:10:00,369427307.0,77560934.31434678
2026-09-11 05:15:00,369294768.0,77566695.22840609
2026-09-11 05:20:00,369011416.0,77434886.9308164
2026-09-11 05:25:00,368730162.0,77312102.91733764
2026-09-11 05:30:00,367647715.0,76985431.521
2026-09-11 05:35:00,367740194.0,76931248.5848
2026-09-11 05:40:00,367348499.0,76980673.48752739
2026-09-11 05:45:00,367174967.0,77014413.25279818
2026-09-11 05:50:00,367170319.0,77071374.14621927
2026-09-11 05:55:00,367159292.0,76993303.5324
2026-09-11 06:00:00,366959325.0,76951370.4525
2026-09-11 06:05:00,366997909.0,76863018.1367939
2026-09-11 06:10:00,367230263.0,76906929.75068301
2026-09-11 06:15:00,367239094.0,76987327.94622704
2026-09-11 06:20:00,366626206.0,76698202.2952
2026-09-11 06:25:00,367600426.0,76730229.4401302
2026-09-11 06:30:00,367172426.0,76607670.08342572
2026-09-11 06:35:00,366590931.0,76287572.7411
2026-09-11 06:40:00,366347876.0,76310262.5708
2026-09-11 06:45:00,366179943.0,76202046.1383
2026-09-11 06:50:00,366001294.0,76256311.04469296
2026-09-11 06:55:00,365895181.0,76215966.2023
2026-09-11 07:00:00,365950496.0,76282933.47644895
2026-09-11 07:05:00,365712930.0,76397431.077
2026-09-11 07:10:00,365599551.0,76428823.77625816
2026-09-11 07:15:00,365488403.0,76298076.14598547
2026-09-11 07:20:00,365601170.0,76438521.6192125
2026-09-11 07:25:00,365519308.0,76503191.1644
2026-09-11 07:30:00,365531725.0,76376706.1691335
2026-09-11 07:35:00,365118165.0,76166909.72421345
2026-09-11 07:40:00,364942442.0,76126993.4012
2026-09-11 07:45:00,364539165.0,75956149.59703815
2026-09-11 07:50:00,363942971.0,75627349.3738
2026-09-11 07:55:00,364064705.0,75586192.96839635
2026-09-11 08:00:00,363759080.0,75552760.916
2026-09-11 08:05:00,363657726.0,75417306.60617766
2026-09-11 08:10:00,363642479.0,75319793.92323005
2026-09-11 08:15:00,363678634.0,75371327.68131603
2026-09-11 08:20:00,363460042.0,75454304.7192
2026-09-11 08:25:00,363363094.0,75652196.1708
2026-09-11 08:30:00,363141919.0,75397689.54861724
2026-09-11 08:35:00,363320637.0,75607024.5597
2026-09-11 08:40:00,363547689.0,75654274.0809
2026-09-11 08:45:00,363661258.0,75605808.30878893
2026-09-11 08:50:00,363429679.0,75448001.3604
2026-09-11 08:55:00,363427038.0,75402417.21025103
2026-09-11 09:00:00,363509357.0,75437061.2058108
2026-09-11 09:05:00,363482371.0,75346293.39800338
2026-09-11 09:10:00,363268549.0,75170917.45464218
2026-09-11 09:15:00,363029489.0,75007933.23809697
2026-09-11 09:20:00,363119465.0,75049302.26093705
2026-09-11 09:25:00,363076046.0,74944806.77242889
2026-09-11 09:30:00,363442279.0,74905453.7019
2026-09-11 09:35:00,363529733.0,74741713.1048
2026-09-11 09:40:00,362479772.0,74075079.4027294
2026-09-11 09:45:00,362163890.0,74028312.7472284
2026-09-11 09:50:00,362757521.0,74113168.07275458
2026-09-11 09:55:00,363978556.0,74360818.9908
2026-09-11 10:00:00,364708562.0,74291134.0794
2026-09-11 10:05:00,364642000.0,74569923.47708
2026-09-11 10:10:00,364793871.0,74473434.8317791
2026-09-11 10:15:00,364941701.0,74481623.24981984
2026-09-11 10:20:00,365275205.0,74589196.861
2026-09-11 10:25:00,365834915.0,74484427.695898
2026-09-11 10:30:00,366722143.0,74687115.71660876
2026-09-11 10:35:00,366887008.0,74691693.59101824
2026-09-11 10:40:00,367064086.0,74624128.6838
2026-09-11 10:45:00,367117103.0,74390821.89162838
2026-09-11 10:50:00,367465933.0,74517828.6075772
2026-09-11 10:55:00,368034301.0,74660185.41049103
2026-09-11 11:00:00,366975197.0,74256932.02668208
2026-09-11 11:05:00,367630727.0,74261406.854
2026-09-11 11:10:00,365106334.0,73532415.6676
2026-09-11 11:15:00,365748989.0,73490218.67151175
2026-09-11 11:20:00,367144216.0,73820718.25038975
2026-09-11 11:25:00,367564870.0,73917295.357
2026-09-11 11:30:00,367659879.0,73979723.03044257
2026-09-11 11:35:00,368296124.0,74068803.23653916
2026-09-11 11:40:00,368921905.0,74485332.6195
2026-09-11 11:45:00,368550686.0,74578671.11764131
2026-09-11 11:50:00,368598135.0,74569359.96659686
2026-09-11 11:55:00,368447238.0,74516659.54745094
2026-09-11 12:00:00,368532147.0,74590906.5528
2026-09-11 12:05:00,367827288.0,74385491.7558672
2026-09-11 12:10:00,368496976.0,74313580.16480848
2026-09-11 12:15:00,368128536.0,74262613.74270432
2026-09-11 12:20:00,367457803.0,74174444.1810952
2026-09-11 12:25:00,367383082.0,74064429.3312
2026-09-11 12:30:00,367632944.0,74645148.7954144
2026-09-11 12:35:00,367427856.0,75947337.8352
2026-09-11 12:40:00,368215628.0,76441564.3728
2026-09-11 12:45:00,368753565.0,76405738.668
2026-09-11 12:50:00,372205359.0,77625493.35919245
2026-09-11 12:55:00,370758854.0,77289614.2090582
2026-09-11 13:00:00,369652400.0,77212605.17698
2026-09-11 13:05:00,367498300.0,76338286.693877
2026-09-11 13:10:00,367825069.0,76135011.2353537
2026-09-11 13:15:00,367533369.0,76099801.80964582
2026-09-11 13:20:00,367407498.0,76025050.68642905
2026-09-11 13:25:00,369706614.0,76898975.712
2026-09-11 13:30:00,369856754.0,76513291.20318858
2026-09-11 13:35:00,370250904.0,76493836.7664
2026-09-11 13:40:00,371127777.0,76674998.7282
2026-09-11 13:45:00,371853872.0,77345605.376
2026-09-11 13:50:00,371261064.0,78255780.7358568
2026-09-11 13:55:00,368351820.0,78133705.1040492
2026-09-11 14:00:00,369431349.0,79169138.0907
2026-09-11 14:05:00,369594157.0,79552710.36469693
2026-09-11 14:10:00,370600681.0,78955352.16698657
2026-09-11 14:15:00,371652919.0,79199237.0389
2026-09-11 14:20:00,371638917.0,79382072.6712
2026-09-11 14:25:00,372610360.0,79420135.7869972
2026-09-11 14:30:00,372861717.0,79568690.4078
2026-09-11 14:35:00,372628111.0,78836851.19236669
2026-09-11 14:40:00,372795515.0,78954772.1969165
2026-09-11 14:45:00,375001570.0,79162831.427
2026-09-11 14:50:00,374936261.0,79186538.3232
2026-09-11 14:55:00,375289855.0,79411333.318
2026-09-11 15:00:00,375799214.0,79443953.8396
2026-09-11 15:05:00,375704310.0,79198468.548
2026-09-11 15:10:00,376481208.0,79364606.71319832
2026-09-11 15:15:00,377359907.0,79322810.94856662
2026-09-11 15:20:00,378204497.0,79796160.34968457
2026-09-11 15:25:00,378796952.0,80520534.74532224
2026-09-11 15:30:00,378444973.0,80634562.70501049
2026-09-11 15:35:00,378472294.0,80917376.4572
2026-09-11 15:40:00,379406571.0,81175769.75347947
2026-09-11 15:45:00,379656781.0,80828928.6749
2026-09-11 15:50:00,379981106.0,80747375.75584796
2026-09-11 15:55:00,375425191.0,78050897.2089
2026-09-11 16:00:00,375135543.0,78060184.50310704
2026-09-11 16:05:00,376071921.0,78359398.4609388
2026-09-11 16:10:00,376500365.0,78772057.71093145
2026-09-11 16:15:00,376573355.0,78455420.8156407
2026-09-11 16:20:00,376585765.0,78179204.814
2026-09-11 16:25:00,376481856.0,78082336.9344
2026-09-11 16:30:00,376238105.0,78229183.82355034
2026-09-11 16:35:00,376207109.0,78747815.01458143
2026-09-11 16:40:00,376033243.0,78383539.13115849
2026-09-11 16:45:00,376200171.0,78663455.7561
2026-09-11 16:50:00,375892837.0,78801264.68801446
2026-09-11 16:55:00,375904312.0,78762670.39593512
2026-09-11 17:00:00,375854443.0,78854262.1414
2026-09-11 17:05:00,376321007.0,78952147.2686
2026-09-11 17:10:00,376147460.0,78579788.5270502
2026-09-11 17:15:00,376395972.0,78262821.28272876
2026-09-11 17:20:00,376700995.0,78595185.65656614
2026-09-11 17:25:00,377003115.0,78642849.789
2026-09-11 17:30:00,376852033.0,78586424.1644187
2026-09-11 17:35:00,376760610.0,78624351.9471537
2026-09-11 17:40:00,376720630.0,78169530.725
2026-09-11 17:45:00,376673792.0,78186939.88649984
2026-09-11 17:50:00,377236613.0,78452536.58143707
2026-09-11 17:55:00,377525161.0,78185460.8431
2026-09-11 18:00:00,377006496.0,77967386.37489408
2026-09-11 18:05:00,374907561.0,76968522.2733
2026-09-11 18:10:00,373775473.0,76298835.89430149
2026-09-11 18:15:00,373422419.0,76252857.9598
2026-09-11 18:20:00,374651996.0,76953519.9784
2026-09-11 18:25:00,374667114.0,76844225.0814
2026-09-11 18:30:00,374674845.0,76958842.6167396
2026-09-11 18:35:00,375027187.0,77030584.2098
2026-09-11 18:40:00,374868910.0,76829746.7273427
2026-09-11 18:45:00,374400906.0,76597266.12311532
2026-09-11 18:50:00,374792209.0,76607527.5196
2026-09-11 18:55:00,374602717.0,76088779.4332362
2026-09-11 19:00:00,374447246.0,76237459.2856
2026-09-11 19:05:00,374587499.0,76490767.2958
2026-09-11 19:10:00,374141155.0,76437037.9665
2026-09-11 19:15:00,374264544.0,76611952.1568
2026-09-11 19:20:00,373906512.0,76398874.31782368
2026-09-11 19:25:00,374011465.0,76712855.7666595
2026-09-11 19:30:00,374252277.0,76723801.37018289
2026-09-11 19:35:00,374088650.0,76688173.25
2026-09-11 19:40:00,374506159.0,76920153.30749151
2026-09-11 19:45:00,374612338.0,77095219.1604
2026-09-11 19:50:00,374185513.0,76965626.95585947
2026-09-11 19:55:00,375141204.0,77372273.0990736
2026-09-11 20:00:00,374885226.0,77240272.29558912
2026-09-11 20:05:00,374867333.0,77560051.1977
2026-09-11 20:10:00,374727890.0,77531200.441
2026-09-11 20:15:00,373861841.0,77352014.9029
2026-09-11 20:20:00,373836486.0,77047699.7646
2026-09-11 20:25:00,374163190.0,77227282.416
2026-09-11 20:30:00,374512029.0,77149477.974
2026-09-11 20:35:00,374356963.0,77155138.53493334
2026-09-11 20:40:00,374453628.0,77474455.6332
2026-09-11 20:45:00,375241556.0,77437519.21603872
2026-09-11 20:50:00,375768675.0,77273874.4719645
2026-09-11 20:55:00,376082084.0,77096827.22
2026-09-11 21:00:00,376139291.0,77370693.64968371
2026-09-11 21:05:00,376141527.0,77330650.66836949
2026-09-11 21:10:00,376304209.0,77669188.7376
2026-09-11 21:15:00,376335303.0,77719118.42693286
2026-09-11 21:20:00,376317962.0,77862639.93091224
2026-09-11 21:25:00,375380260.0,77628637.768
2026-09-11 21:30:00,375239055.0,77416432.4868765
2026-09-11 21:35:00,375211317.0,77502295.12666564
2026-09-11 21:40:00,375292007.0,77497799.4455
2026-09-11 21:45:00,374954910.0,77367701.1889188
2026-09-11 21:50:00,374942438.0,77013176.7652
2026-09-11 21:55:00,375151666.0,76831061.1968
2026-09-11 22:00:00,375221607.0,76732818.6315
2026-09-11 22:05:00,375276468.0,77190845.62156548
2026-09-11 22:10:00,374952140.0,76790198.272
2026-09-11 22:15:00,374750231.0,77086122.5167
2026-09-11 22:20:00,375148469.0,77017980.6857
2026-09-11 22:25:00,375016101.0,77088099.71254344
2026-09-11 22:30:00,375334373.0,76915674.13446102
2026-09-11 22:35:00,375319855.0,76652557.3246701
2026-09-11 22:40:00,375139055.0,76903712.60148025
2026-09-11 22:45:00,375182363.0,76762311.4698
2026-09-11 22:50:00,375159259.0,76607520.6878
2026-09-11 22:55:00,375434323.0,76715288.44995312
2026-09-11 23:00:00,375619096.0,76875098.16080847
2026-09-11 23:05:00,375288818.0,77086533.66833802
