t,oi,oiv
2026-08-11 23:10:00,219036388.2,17371762.80595871
2026-08-11 23:15:00,219049543.4,17351247.28801997
2026-08-11 23:20:00,219041757.3,17364905.49052734
2026-08-11 23:25:00,219128639.9,17395542.41746629
2026-08-11 23:30:00,219297626.7,17499950.61066
2026-08-11 23:35:00,219252165.8,17530644.56487433
2026-08-11 23:40:00,219507735.5,17566988.95448421
2026-08-11 23:45:00,219624548.8,17613787.78646755
2026-08-11 23:50:00,219844900.3,17649843.30596895
2026-08-11 23:55:00,219930205.4,17673549.51920497
2026-08-12 00:00:00,219922632.5,17650854.13241785
2026-08-12 00:05:00,219985681.6,17656719.56168807
2026-08-12 00:10:00,219511405.3,17579246.01657066
2026-08-12 00:15:00,219446388.5,17588761.90057198
2026-08-12 00:20:00,219823206.8,17552883.06298
2026-08-12 00:25:00,219617481.7,17622106.731608
2026-08-12 00:30:00,219619737.5,17545420.828875
2026-08-12 00:35:00,220293078.1,17630055.040343
2026-08-12 00:40:00,220090402.4,17621161.7135679
2026-08-12 00:45:00,220115363.4,17605403.46698411
2026-08-12 00:50:00,220041056.6,17606054.84490259
2026-08-12 00:55:00,220125946.0,17645295.83136
2026-08-12 01:00:00,220130966.1,17663126.01116214
2026-08-12 01:05:00,219584808.4,17697121.4308739
2026-08-12 01:10:00,220924726.0,17836156.71210934
2026-08-12 01:15:00,220894282.3,17823453.79088054
2026-08-12 01:20:00,220880298.4,17768724.43999993
2026-08-12 01:25:00,220793438.3,17778287.651916
2026-08-12 01:30:00,220820593.8,17782991.56754532
2026-08-12 01:35:00,220793705.0,17774385.62246215
2026-08-12 01:40:00,220763173.2,17778058.337796
2026-08-12 01:45:00,220805293.7,17796913.29637881
2026-08-12 01:50:00,220695557.0,17818153.73339695
2026-08-12 01:55:00,220561472.9,17742644.20941253
2026-08-12 02:00:00,220590022.4,17755584.28770579
2026-08-12 02:05:00,220400551.6,17694397.64805315
2026-08-12 02:10:00,220272563.8,17709914.12952
2026-08-12 02:15:00,220232242.8,17726955.71068188
2026-08-12 02:20:00,220158495.6,17725312.73434896
2026-08-12 02:25:00,220144852.7,17701847.605607
2026-08-12 02:30:00,219963023.8,17685027.11352
2026-08-12 02:35:00,219692187.8,17628101.149072
2026-08-12 02:40:00,219599174.3,17621542.49443012
2026-08-12 02:45:00,219585109.3,17584375.552744
2026-08-12 02:50:00,219608819.6,17623741.73427996
2026-08-12 02:55:00,219574312.3,17634370.92694205
2026-08-12 03:00:00,219482556.7,17578823.2691232
2026-08-12 03:05:00,219361481.3,17597178.029886
2026-08-12 03:10:00,219307888.2,17580444.03414306
2026-08-12 03:15:00,219182952.4,17555009.24742558
2026-08-12 03:20:00,219271956.8,17570871.4744239
2026-08-12 03:25:00,219736593.4,17633861.62035
2026-08-12 03:30:00,219674782.1,17640247.46602047
2026-08-12 03:35:00,219608233.8,17623887.97871836
2026-08-12 03:40:00,219665291.2,17669452.07011598
2026-08-12 03:45:00,219649558.2,17654425.49313945
2026-08-12 03:50:00,219140361.5,17568482.781455
2026-08-12 03:55:00,219362629.6,17584108.388736
2026-08-12 04:00:00,219209675.0,17576231.7415
2026-08-12 04:05:00,219129625.9,17580226.44448477
2026-08-12 04:10:00,219066823.8,17534673.76935741
2026-08-12 04:15:00,218996845.6,17517557.679544
2026-08-12 04:20:00,219154420.5,17566548.30423062
2026-08-12 04:25:00,219174843.5,17572038.42458003
2026-08-12 04:30:00,219012860.8,17504784.68011446
2026-08-12 04:35:00,218240294.3,17365622.46417767
2026-08-12 04:40:00,218196465.9,17368438.68564
2026-08-12 04:45:00,217839153.7,17327697.4359021
2026-08-12 04:50:00,217816070.9,17353406.368603
2026-08-12 04:55:00,217856447.6,17345730.357912
2026-08-12 05:00:00,217872936.5,17336149.557305
2026-08-12 05:05:00,217836470.0,17338765.7156851
2026-08-12 05:10:00,218034394.4,17364592.76263943
2026-08-12 05:15:00,218459074.0,17411456.90246102
2026-08-12 05:20:00,218542488.4,17429338.21664449
2026-08-12 05:25:00,218524882.3,17385839.635788
2026-08-12 05:30:00,218548000.0,17400328.43824
2026-08-12 05:35:00,218669588.1,17421406.083927
2026-08-12 05:40:00,218665977.9,17401878.03989758
2026-08-12 05:45:00,218523836.4,17381385.947256
2026-08-12 05:50:00,218648727.9,17401288.01267096
2026-08-12 05:55:00,218557244.7,17402456.69130398
2026-08-12 06:00:00,218512545.3,17378302.727709
2026-08-12 06:05:00,218570910.0,17382944.4723
2026-08-12 06:10:00,219179678.1,17440126.986417
2026-08-12 06:15:00,219427194.7,17374245.276346
2026-08-12 06:20:00,219372094.9,17376463.637029
2026-08-12 06:25:00,219381723.6,17368451.057412
2026-08-12 06:30:00,219518011.2,17289238.562112
2026-08-12 06:35:00,219384033.3,17273774.45420241
2026-08-12 06:40:00,219477138.9,17262329.09739113
2026-08-12 06:45:00,219413837.4,17237151.066144
2026-08-12 06:50:00,219522798.2,17276266.40487346
2026-08-12 06:55:00,219568268.3,17266708.09542029
2026-08-12 07:00:00,219558835.0,17274889.1378
2026-08-12 07:05:00,219629072.4,17299151.97259845
2026-08-12 07:10:00,219726048.0,17296874.04924864
2026-08-12 07:15:00,219762110.3,17294344.09164123
2026-08-12 07:20:00,219750670.4,17294377.76048
2026-08-12 07:25:00,219796898.5,17313401.694845
2026-08-12 07:30:00,219769303.9,17295863.99616735
2026-08-12 07:35:00,219913074.5,17302760.70166
2026-08-12 07:40:00,219875588.4,17274433.25489887
2026-08-12 07:45:00,219259380.2,17207476.158096
2026-08-12 07:50:00,219239087.0,17230771.56891624
2026-08-12 07:55:00,219249128.8,17250591.61370522
2026-08-12 08:00:00,219419373.5,17255887.75210363
2026-08-12 08:05:00,219583424.6,17241033.94515245
2026-08-12 08:10:00,219600129.5,17204323.99753116
2026-08-12 08:15:00,219587908.7,17211300.283906
2026-08-12 08:20:00,219719264.8,17212807.204432
2026-08-12 08:25:00,219825363.5,17207929.45478
2026-08-12 08:30:00,219833764.7,17208587.100716
2026-08-12 08:35:00,219643030.9,17191460.028543
2026-08-12 08:40:00,219669066.2,17183612.703495
2026-08-12 08:45:00,220174074.4,17213409.4949997
2026-08-12 08:50:00,220389788.7,17225665.884792
2026-08-12 08:55:00,220491884.2,17233645.669072
2026-08-12 09:00:00,220455183.0,17205382.87075023
2026-08-12 09:05:00,220396363.4,17232791.654246
2026-08-12 09:10:00,220420129.9,17238965.78302444
2026-08-12 09:15:00,220373714.7,17268484.283892
2026-08-12 09:20:00,220410532.8,17297818.614144
2026-08-12 09:25:00,220145768.2,17299054.465156
2026-08-12 09:30:00,219640028.1,17283473.811189
2026-08-12 09:35:00,220014581.8,17332392.33058148
2026-08-12 09:40:00,219992331.1,17335298.89405432
2026-08-12 09:45:00,219975041.0,17340632.48203
2026-08-12 09:50:00,219916488.8,17325020.987664
2026-08-12 09:55:00,219893191.8,17324111.40034148
2026-08-12 10:00:00,219978959.1,17307944.501988
2026-08-12 10:05:00,219800732.2,17322924.31610979
2026-08-12 10:10:00,219790376.5,17306252.48543847
2026-08-12 10:15:00,219762238.5,17338730.76925668
2026-08-12 10:20:00,219661462.8,17309683.51343899
2026-08-12 10:25:00,219672397.8,17312179.57201202
2026-08-12 10:30:00,219546478.2,17267330.51043
2026-08-12 10:35:00,219520249.2,17281729.42306751
2026-08-12 10:40:00,219533332.3,17286054.585302
2026-08-12 10:45:00,219577857.7,17302735.18676
2026-08-12 10:50:00,219532298.8,17316707.729344
2026-08-12 10:55:00,219518703.5,17335392.015395
2026-08-12 11:00:00,219536099.4,17315497.11230813
2026-08-12 11:05:00,219491781.2,17275142.34278443
2026-08-12 11:10:00,219499797.6,17279024.067072
2026-08-12 11:15:00,219477179.5,17275048.798445
2026-08-12 11:20:00,219466725.4,17297537.71180599
2026-08-12 11:25:00,219417664.0,17327566.5184448
2026-08-12 11:30:00,219408523.1,17328885.154438
2026-08-12 11:35:00,219305750.9,17307609.861028
2026-08-12 11:40:00,219289178.0,17317266.38666
2026-08-12 11:45:00,219432710.0,17311046.4919
2026-08-12 11:50:00,219748342.5,17351329.1238
2026-08-12 11:55:00,219774176.1,17342380.236051
2026-08-12 12:00:00,219654513.5,17330741.11515
2026-08-12 12:05:00,219515434.9,17337329.048402
2026-08-12 12:10:00,218425506.1,17277523.06016183
2026-08-12 12:15:00,218493362.9,17236392.98084012
2026-08-12 12:20:00,218626310.8,17229218.08732236
2026-08-12 12:25:00,218456025.1,17226048.38994586
2026-08-12 12:30:00,218319913.6,17301062.83471277
2026-08-12 12:35:00,218348762.5,17287708.68374687
2026-08-12 12:40:00,218411793.9,17237126.48224411
2026-08-12 12:45:00,218344201.0,17229691.55840869
2026-08-12 12:50:00,218120365.4,17213531.38608373
2026-08-12 12:55:00,218201996.9,17246685.834976
2026-08-12 13:00:00,218545336.7,17266696.64933821
2026-08-12 13:05:00,218550391.9,17254553.440505
2026-08-12 13:10:00,218472126.6,17248005.17717605
2026-08-12 13:15:00,218343313.5,17200018.53872699
2026-08-12 13:20:00,218364706.3,17218140.07034339
2026-08-12 13:25:00,218481503.6,17222280.81094785
2026-08-12 13:30:00,218501293.2,17228826.96882
2026-08-12 13:35:00,218732352.7,17251785.94047801
2026-08-12 13:40:00,218821762.6,17219084.498994
2026-08-12 13:45:00,218737939.6,17201551.570144
2026-08-12 13:50:00,218746959.2,17224135.567408
2026-08-12 13:55:00,219927450.2,17300144.21798459
2026-08-12 14:00:00,219969451.1,17321760.58990533
2026-08-12 14:05:00,219653703.0,17219927.7696474
2026-08-12 14:10:00,219764203.6,17172374.869304
2026-08-12 14:15:00,219558695.1,17226575.217546
2026-08-12 14:20:00,219520494.4,17164505.02558096
2026-08-12 14:25:00,219415292.1,17176531.19452272
2026-08-12 14:30:00,219497000.0,17162470.43
2026-08-12 14:35:00,219262843.8,17162167.62145486
2026-08-12 14:40:00,219313051.4,17126156.183826
2026-08-12 14:45:00,219999797.6,17194796.98077222
2026-08-12 14:50:00,220161535.6,17245253.083548
2026-08-12 14:55:00,220271018.6,17252187.86784943
2026-08-12 15:00:00,220308855.3,17245777.192884
2026-08-12 15:05:00,220286094.2,17285647.14866734
2026-08-12 15:10:00,220326145.7,17275773.084337
2026-08-12 15:15:00,220417904.4,17309418.032532
2026-08-12 15:20:00,220557530.8,17362546.87688704
2026-08-12 15:25:00,220452233.4,17336363.634576
2026-08-12 15:30:00,220483463.1,17347638.876708
2026-08-12 15:35:00,220478014.5,17331776.719845
2026-08-12 15:40:00,220521870.1,17342669.02689558
2026-08-12 15:45:00,220502659.6,17333714.071156
2026-08-12 15:50:00,220573762.0,17324112.51583106
2026-08-12 15:55:00,220550441.7,17315415.177867
2026-08-12 16:00:00,220465872.7,17342557.65135082
2026-08-12 16:05:00,220690837.5,17362083.636198
2026-08-12 16:10:00,220712686.9,17330360.175388
2026-08-12 16:15:00,220706219.3,17366577.85432752
2026-08-12 16:20:00,220907724.8,17424452.45503693
2026-08-12 16:25:00,220927539.2,17410369.25941197
2026-08-12 16:30:00,220881637.4,17352313.44344694
2026-08-12 16:35:00,220899428.6,17338396.150814
2026-08-12 16:40:00,220960205.6,17331559.49794383
2026-08-12 16:45:00,221008797.0,17326050.9434541
2026-08-12 16:50:00,220798842.5,17244389.59925
2026-08-12 16:55:00,220727725.6,17272213.81602523
2026-08-12 17:00:00,220677183.5,17325365.676585
2026-08-12 17:05:00,220589541.4,17317381.947607
2026-08-12 17:10:00,220589972.9,17334630.66399962
2026-08-12 17:15:00,220581331.4,17341541.79227293
2026-08-12 17:20:00,220689666.1,17355035.342104
2026-08-12 17:25:00,220744273.5,17351603.6184675
2026-08-12 17:30:00,220704890.8,17349776.9944561
2026-08-12 17:35:00,220716848.7,17350551.476307
2026-08-12 17:40:00,220764950.9,17333938.52408486
2026-08-12 17:45:00,220807412.4,17306884.983912
2026-08-12 17:50:00,220809956.7,17360129.58204404
2026-08-12 17:55:00,220653820.3,17321324.89355
2026-08-12 18:00:00,220713337.4,17301826.66832133
2026-08-12 18:05:00,220639616.9,17300352.361129
2026-08-12 18:10:00,220692271.3,17285316.07579331
2026-08-12 18:15:00,220678837.8,17287472.59192506
2026-08-12 18:20:00,220664680.4,17276969.83832645
2026-08-12 18:25:00,220571794.4,17270771.50152
2026-08-12 18:30:00,220521402.2,17273712.67565071
2026-08-12 18:35:00,220488621.5,17291716.51148539
2026-08-12 18:40:00,220493984.1,17269232.15580167
2026-08-12 18:45:00,220574095.6,17280041.54395968
2026-08-12 18:50:00,221274631.2,17336867.35452
2026-08-12 18:55:00,220511482.7,17224151.913697
2026-08-12 19:00:00,220423292.1,17234284.43254696
2026-08-12 19:05:00,220560547.2,17246820.21252288
2026-08-12 19:10:00,220636190.3,17258162.805266
2026-08-12 19:15:00,220647023.5,17256808.12087547
2026-08-12 19:20:00,220793240.3,17266980.80239329
2026-08-12 19:25:00,220884966.8,17255672.76394508
2026-08-12 19:30:00,220849069.5,17290273.651155
2026-08-12 19:35:00,220866817.5,17304988.03717478
2026-08-12 19:40:00,220919602.2,17263411.0517515
2026-08-12 19:45:00,222732385.4,17156146.85331488
2026-08-12 19:50:00,222665598.5,17184507.02951555
2026-08-12 19:55:00,222268533.0,17137403.99849925
2026-08-12 20:00:00,222402309.1,17164874.55092945
2026-08-12 20:05:00,223520149.2,17229498.60631347
2026-08-12 20:10:00,223501946.9,17223060.028114
2026-08-12 20:15:00,223808438.2,17118843.34396092
2026-08-12 20:20:00,222683784.4,16954274.87745684
2026-08-12 20:25:00,222683677.3,16957362.026395
2026-08-12 20:30:00,222782271.3,16987148.186625
2026-08-12 20:35:00,222635472.6,16992160.42180055
2026-08-12 20:40:00,222250442.4,16994468.97829296
2026-08-12 20:45:00,222232043.8,16997635.65744592
2026-08-12 20:50:00,221989216.5,16991281.05991083
2026-08-12 20:55:00,222232517.0,16978002.05053199
2026-08-12 21:00:00,222401415.6,17006019.87646271
2026-08-12 21:05:00,222473000.4,16991313.11310989
2026-08-12 21:10:00,222450416.9,17018344.47001343
2026-08-12 21:15:00,224686956.4,17176194.381998
2026-08-12 21:20:00,224808104.9,17170858.78882934
2026-08-12 21:25:00,224974554.1,17091316.874977
2026-08-12 21:30:00,224824095.2,17057404.102824
2026-08-12 21:35:00,225082907.0,17110455.96246322
2026-08-12 21:40:00,225118112.1,17079688.65321579
2026-08-12 21:45:00,225218712.8,17094080.03183585
2026-08-12 21:50:00,225293165.5,17081727.80821
2026-08-12 21:55:00,225312118.8,17056127.39316
2026-08-12 22:00:00,223090506.6,16725086.35618174
2026-08-12 22:05:00,224237425.8,16766232.327066
2026-08-12 22:10:00,223982603.7,16749419.104686
2026-08-12 22:15:00,224156999.0,16785461.13488739
2026-08-12 22:20:00,224259955.1,16815011.433398
2026-08-12 22:25:00,224247380.1,16802856.190893
2026-08-12 22:30:00,224449189.1,16774751.06993423
2026-08-12 22:35:00,224892971.0,16745011.11789699
2026-08-12 22:40:00,225102524.9,16753106.84801607
2026-08-12 22:45:00,225094522.3,16747032.45912
2026-08-12 22:50:00,225503020.6,16759050.74652151
2026-08-12 22:55:00,225829927.8,16779163.63554
2026-08-12 23:00:00,225748032.3,16774083.37863374
2026-08-12 23:05:00,225836374.2,16736733.691962
2026-08-12 23:10:00,224388960.8,16575612.534296
2026-08-12 23:15:00,224515308.0,16623174.02345316
2026-08-12 23:20:00,225039213.8,16620156.36519996
2026-08-12 23:25:00,225231996.1,16623623.60959399
2026-08-12 23:30:00,225311152.8,16697809.534008
2026-08-12 23:35:00,226033699.4,16776221.169468
2026-08-12 23:40:00,226303851.7,16800797.950208
2026-08-12 23:45:00,226900885.2,16765706.407428
2026-08-12 23:50:00,227175949.0,16783759.11212
2026-08-12 23:55:00,227297882.6,16817770.333574
2026-08-13 00:00:00,227291705.4,16824132.033708
2026-08-13 00:05:00,227548334.6,16893188.360704
2026-08-13 00:10:00,227566918.1,16931326.8840247
2026-08-13 00:15:00,227743323.9,16930438.698726
2026-08-13 00:20:00,227829545.2,16932232.56358225
2026-08-13 00:25:00,228177796.3,16996964.046387
2026-08-13 00:30:00,228138676.2,17005456.923948
2026-08-13 00:35:00,228105619.0,16998430.72788
2026-08-13 00:40:00,228328836.2,16969399.106384
2026-08-13 00:45:00,228527253.2,16948636.89322178
2026-08-13 00:50:00,228890376.3,16968550.00100915
2026-08-13 00:55:00,229070060.0,16975830.0877554
2026-08-13 01:00:00,229254262.1,16959143.64495565
2026-08-13 01:05:00,229662420.0,17013026.9103522
2026-08-13 01:10:00,229897646.1,16949472.93896844
2026-08-13 01:15:00,230166193.3,16990868.389406
2026-08-13 01:20:00,230476381.4,17003270.58053904
2026-08-13 01:25:00,230695216.3,17044311.6348588
2026-08-13 01:30:00,230774112.0,17074833.46693056
2026-08-13 01:35:00,230793724.3,17100167.1034385
2026-08-13 01:40:00,230637799.4,17157145.897366
2026-08-13 01:45:00,230684128.1,17139830.71783
2026-08-13 01:50:00,230776972.4,17161727.24475628
2026-08-13 01:55:00,230731083.5,17177403.09970462
2026-08-13 02:00:00,230699419.8,17177761.1416039
2026-08-13 02:05:00,230521333.3,17168346.00747746
2026-08-13 02:10:00,230185908.0,17116624.11888
2026-08-13 02:15:00,230042391.3,17148958.64212154
2026-08-13 02:20:00,230175960.2,17207848.90361031
2026-08-13 02:25:00,230211532.3,17153061.271673
2026-08-13 02:30:00,230200363.4,17145369.10610468
2026-08-13 02:35:00,230302861.0,17139138.91562
2026-08-13 02:40:00,230510497.6,17064634.5097036
2026-08-13 02:45:00,230693756.1,17101328.139693
2026-08-13 02:50:00,230748347.9,17121527.41418
2026-08-13 02:55:00,230905306.4,17156767.63908795
2026-08-13 03:00:00,230701960.0,17231129.3924
2026-08-13 03:05:00,230537926.4,17261665.56195584
2026-08-13 03:10:00,230532469.5,17293432.39006231
2026-08-13 03:15:00,229874842.7,17267487.87036006
2026-08-13 03:20:00,230099474.7,17347199.397633
2026-08-13 03:25:00,229758581.5,17358260.832325
2026-08-13 03:30:00,229896989.0,17430789.70598
2026-08-13 03:35:00,229726778.8,17432102.15895593
2026-08-13 03:40:00,229235543.2,17404383.10298866
2026-08-13 03:45:00,229386209.8,17432205.013751
2026-08-13 03:50:00,229307545.9,17444149.62845805
2026-08-13 03:55:00,229370123.7,17374786.870275
2026-08-13 04:00:00,229041690.7,17290545.04512937
2026-08-13 04:05:00,229540197.1,17409655.29040324
2026-08-13 04:10:00,229563532.1,17419280.815748
2026-08-13 04:15:00,229846316.3,17461603.92943772
2026-08-13 04:20:00,229956661.3,17453710.59267
2026-08-13 04:25:00,230012258.4,17465967.0408685
2026-08-13 04:30:00,229965909.8,17463611.190212
2026-08-13 04:35:00,230032103.0,17466420.39234708
2026-08-13 04:40:00,229993030.4,17456894.19453594
2026-08-13 04:45:00,230069400.3,17470359.02357855
2026-08-13 04:50:00,230162779.8,17473958.242416
2026-08-13 04:55:00,230217231.0,17488205.62047783
2026-08-13 05:00:00,230396876.0,17530306.17486868
2026-08-13 05:05:00,230392731.4,17535190.786854
2026-08-13 05:10:00,230636920.7,17535325.080821
2026-08-13 05:15:00,230903903.9,17576405.164868
2026-08-13 05:20:00,230826217.1,17572799.907823
2026-08-13 05:25:00,231145217.4,17632598.55186334
2026-08-13 05:30:00,231659040.4,17671308.35663422
2026-08-13 05:35:00,231606241.6,17631398.02784898
2026-08-13 05:40:00,231631050.2,17659444.71696491
2026-08-13 05:45:00,231386824.5,17627249.59694732
2026-08-13 05:50:00,231384998.4,17603770.678272
2026-08-13 05:55:00,231493198.1,17618164.86038142
2026-08-13 06:00:00,231457395.5,17605496.63579753
2026-08-13 06:05:00,231664906.5,17631800.58535196
2026-08-13 06:10:00,231633747.8,17618062.857668
2026-08-13 06:15:00,232117910.7,17688285.41283352
2026-08-13 06:20:00,232585206.2,17762532.197494
2026-08-13 06:25:00,232702464.3,17752898.92574272
2026-08-13 06:30:00,232756811.9,17755618.31141148
2026-08-13 06:35:00,232808178.8,17744639.388136
2026-08-13 06:40:00,232851938.0,17746319.13708082
2026-08-13 06:45:00,232965356.0,17796223.54484
2026-08-13 06:50:00,233041684.3,17797393.429991
2026-08-13 06:55:00,233195675.4,17817513.79526109
2026-08-13 07:00:00,233304087.6,17819766.210888
2026-08-13 07:05:00,233237776.2,17866585.08947169
2026-08-13 07:10:00,233170421.9,17765650.83427823
2026-08-13 07:15:00,233132902.0,17764727.1324
2026-08-13 07:20:00,233144310.3,17730624.798315
2026-08-13 07:25:00,233148884.8,17762916.41774645
2026-08-13 07:30:00,233198986.2,17780044.49174156
2026-08-13 07:35:00,233243961.8,17768525.009924
2026-08-13 07:40:00,233234796.8,17724510.4537623
2026-08-13 07:45:00,233602620.3,17739782.985582
2026-08-13 07:50:00,233348651.5,17655158.97249
2026-08-13 07:55:00,233206201.8,17603353.26110533
2026-08-13 08:00:00,233393147.0,17595509.35233
2026-08-13 08:05:00,233020790.7,17586796.77816436
2026-08-13 08:10:00,233089745.6,17581190.31444752
2026-08-13 08:15:00,233447323.2,17548751.20352827
2026-08-13 08:20:00,234198573.2,17628126.604764
2026-08-13 08:25:00,234525990.9,17603520.876954
2026-08-13 08:30:00,234350092.4,17550478.419836
2026-08-13 08:35:00,234270779.3,17518768.876054
2026-08-13 08:40:00,234308148.0,17558335.62818712
2026-08-13 08:45:00,234431965.1,17555414.26331699
2026-08-13 08:50:00,234461338.8,17556122.73578935
2026-08-13 08:55:00,234599897.3,17543380.320094
2026-08-13 09:00:00,234623053.5,17566228.015545
2026-08-13 09:05:00,235189556.6,17575715.564718
2026-08-13 09:10:00,235138660.1,17571912.069273
2026-08-13 09:15:00,235176136.2,17560602.090054
2026-08-13 09:20:00,235188109.1,17585475.88610084
2026-08-13 09:25:00,235205588.0,17583903.90131536
2026-08-13 09:30:00,235337128.2,17580683.65933485
2026-08-13 09:35:00,235646609.7,17612906.27121394
2026-08-13 09:40:00,235610141.0,17585940.92424
2026-08-13 09:45:00,235606069.6,17603107.22500484
2026-08-13 09:50:00,235639886.3,17630576.292966
2026-08-13 09:55:00,237564048.9,17763093.92718151
2026-08-13 10:00:00,237649441.6,17792778.04517576
2026-08-13 10:05:00,237763830.1,17762420.35602512
2026-08-13 10:10:00,237818720.0,17753493.2596464
2026-08-13 10:15:00,237756936.1,17738025.02516513
2026-08-13 10:20:00,237797812.8,17754579.19818
2026-08-13 10:25:00,238832292.1,17805124.11195115
2026-08-13 10:30:00,239107037.6,17819796.29127415
2026-08-13 10:35:00,239074374.5,17826480.32335521
2026-08-13 10:40:00,238893129.4,17859650.353944
2026-08-13 10:45:00,239098494.0,17876110.43746722
2026-08-13 10:50:00,239132348.5,17872283.02748694
2026-08-13 10:55:00,239173475.5,17854299.946075
2026-08-13 11:00:00,239220762.3,17881751.981925
2026-08-13 11:05:00,239164871.1,17882809.43375338
2026-08-13 11:10:00,239365676.1,17871041.377626
2026-08-13 11:15:00,239622512.6,17890945.2431543
2026-08-13 11:20:00,239692337.3,17881031.58411639
2026-08-13 11:25:00,239646005.4,17923124.743866
2026-08-13 11:30:00,239564934.8,17919457.12304
2026-08-13 11:35:00,239618304.7,17887506.445855
2026-08-13 11:40:00,239701673.6,17893729.93424
2026-08-13 11:45:00,239579867.5,17860679.122125
2026-08-13 11:50:00,239563884.8,17858289.792416
2026-08-13 11:55:00,239601404.9,17852700.679099
2026-08-13 12:00:00,239808824.9,17880095.62469077
2026-08-13 12:05:00,239879574.8,17892617.484332
2026-08-13 12:10:00,239921865.2,17926961.767744
2026-08-13 12:15:00,239776040.7,17914336.97585055
2026-08-13 12:20:00,239804328.6,17910985.303134
2026-08-13 12:25:00,239725648.4,17883653.2334642
2026-08-13 12:30:00,239897637.3,17927550.435429
2026-08-13 12:35:00,239893419.2,17971440.37717199
2026-08-13 12:40:00,239884402.6,17957264.21098677
2026-08-13 12:45:00,239942859.0,17957011.6418433
2026-08-13 12:50:00,239948983.8,17950583.478078
2026-08-13 12:55:00,240054846.4,17963304.156112
2026-08-13 13:00:00,240098485.0,17971542.07217435
2026-08-13 13:05:00,240533505.8,17996495.61313066
2026-08-13 13:10:00,240625551.2,17993978.718736
2026-08-13 13:15:00,240567948.4,17982855.89137383
2026-08-13 13:20:00,240661758.6,17972494.98813353
2026-08-13 13:25:00,240596350.0,17961321.119309
2026-08-13 13:30:00,240575483.6,17970988.62492
2026-08-13 13:35:00,240651690.7,18005078.1947926
2026-08-13 13:40:00,239732244.8,17975238.78658151
2026-08-13 13:45:00,239495794.7,17994839.85410735
2026-08-13 13:50:00,238606021.2,17908228.94243526
2026-08-13 13:55:00,238832009.2,18007933.49368
2026-08-13 14:00:00,238976438.8,18042721.1294
2026-08-13 14:05:00,239171578.0,18065045.44488572
2026-08-13 14:10:00,239098224.0,18064009.50016992
2026-08-13 14:15:00,238921188.3,18036160.504767
2026-08-13 14:20:00,238701263.3,17998640.97481402
2026-08-13 14:25:00,238907205.9,18001657.964565
2026-08-13 14:30:00,238907133.9,17970594.611958
2026-08-13 14:35:00,239211400.2,18050892.259092
2026-08-13 14:40:00,238966328.4,18068244.090324
2026-08-13 14:45:00,238931150.9,18075141.565585
2026-08-13 14:50:00,238477612.6,18012834.12147076
2026-08-13 14:55:00,238139434.0,17979527.267
2026-08-13 15:00:00,238149726.1,17999356.298638
2026-08-13 15:05:00,237860840.4,17985864.09710483
2026-08-13 15:10:00,237804253.8,17925684.651444
2026-08-13 15:15:00,237890226.3,17936011.94345327
2026-08-13 15:20:00,237891307.6,17970309.376104
2026-08-13 15:25:00,237737216.6,17975310.947126
2026-08-13 15:30:00,237737742.1,17928597.17581961
2026-08-13 15:35:00,237947760.3,17946020.081826
2026-08-13 15:40:00,238013798.9,17965281.540972
2026-08-13 15:45:00,237981908.9,17943835.93106
2026-08-13 15:50:00,237928932.2,17908986.86395231
2026-08-13 15:55:00,237794895.3,17853640.739124
2026-08-13 16:00:00,237661239.8,17750918.000662
2026-08-13 16:05:00,238995943.6,17836267.270868
2026-08-13 16:10:00,239070780.2,17821191.82950112
2026-08-13 16:15:00,239538904.6,17922300.842172
2026-08-13 16:20:00,239663014.2,17960346.284148
2026-08-13 16:25:00,239885519.7,18047496.81315066
2026-08-13 16:30:00,240027322.5,17961244.542675
2026-08-13 16:35:00,240141666.6,17957793.828348
2026-08-13 16:40:00,239332761.1,17791401.52159886
2026-08-13 16:45:00,239306703.5,17798136.93943312
2026-08-13 16:50:00,239242121.8,17849854.707498
2026-08-13 16:55:00,239294830.9,17825945.37987379
2026-08-13 17:00:00,239367855.4,17824460.32936149
2026-08-13 17:05:00,239490216.7,17881841.18248071
2026-08-13 17:10:00,239454836.3,17880420.67964673
2026-08-13 17:15:00,239330969.2,17883808.02876556
2026-08-13 17:20:00,239239110.9,17856481.87238518
2026-08-13 17:25:00,239133547.2,17876578.97507074
2026-08-13 17:30:00,239143916.7,17878399.212492
2026-08-13 17:35:00,239329306.9,17880292.518499
2026-08-13 17:40:00,239342757.6,17892041.51668466
2026-08-13 17:45:00,239267119.7,17899573.224757
2026-08-13 17:50:00,239177003.5,17860590.5717632
2026-08-13 17:55:00,239219324.9,17869683.57003
2026-08-13 18:00:00,239409203.3,17875495.3466706
2026-08-13 18:05:00,239454430.1,17926363.20417114
2026-08-13 18:10:00,239505467.6,17906348.45877158
2026-08-13 18:15:00,239504318.3,17915933.71706323
2026-08-13 18:20:00,239386012.2,17938546.42511493
2026-08-13 18:25:00,239378646.8,17902686.14367542
2026-08-13 18:30:00,239367439.7,17899897.140766
2026-08-13 18:35:00,239418560.2,17913296.674164
2026-08-13 18:40:00,239367612.9,17905832.04740515
2026-08-13 18:45:00,239294475.5,17948452.03395511
2026-08-13 18:50:00,239329990.3,17941533.073933
2026-08-13 18:55:00,239373307.1,17972147.897068
2026-08-13 19:00:00,239389832.4,17965165.57584906
2026-08-13 19:05:00,239436309.7,17974953.06434601
2026-08-13 19:10:00,239406544.7,17986278.53414842
2026-08-13 19:15:00,239414334.2,17941710.204948
2026-08-13 19:20:00,239249906.5,17958097.98189
2026-08-13 19:25:00,239486117.0,17939905.02447
2026-08-13 19:30:00,239502213.6,17961468.508932
2026-08-13 19:35:00,239616064.6,17980789.487584
2026-08-13 19:40:00,239644533.0,18026061.77226
2026-08-13 19:45:00,239648996.8,18013073.05507392
2026-08-13 19:50:00,239648648.8,18011992.443808
2026-08-13 19:55:00,239706407.4,17999568.51405044
2026-08-13 20:00:00,239633757.5,18001287.8634
2026-08-13 20:05:00,239680204.3,18029557.48333858
2026-08-13 20:10:00,239638107.7,17996821.88827
2026-08-13 20:15:00,239686988.5,17962142.91819
2026-08-13 20:20:00,239846629.4,17993728.25998721
2026-08-13 20:25:00,239903092.0,17994166.52049016
2026-08-13 20:30:00,239957523.8,18002719.63966072
2026-08-13 20:35:00,239968624.6,17990447.786262
2026-08-13 20:40:00,240040631.1,17995846.113567
2026-08-13 20:45:00,240046768.5,17996306.234445
2026-08-13 20:50:00,240101859.0,17988431.27628
2026-08-13 20:55:00,240160881.4,17988720.06571911
2026-08-13 21:00:00,240152932.3,18008016.52333353
2026-08-13 21:05:00,240203797.8,18047738.77012076
2026-08-13 21:10:00,240254754.3,18040179.31699965
2026-08-13 21:15:00,240317944.0,18047877.5944
2026-08-13 21:20:00,240481636.0,18088023.44668152
2026-08-13 21:25:00,240463015.5,18107810.08680091
2026-08-13 21:30:00,240461244.7,18115672.07498794
2026-08-13 21:35:00,240516471.7,18113295.483727
2026-08-13 21:40:00,240515761.2,18116260.44877506
2026-08-13 21:45:00,240532035.0,18104105.4357822
2026-08-13 21:50:00,240526388.7,18094833.89559542
2026-08-13 21:55:00,240569754.9,18114325.17655824
2026-08-13 22:00:00,240630635.9,18105049.045116
2026-08-13 22:05:00,240528515.3,18147876.479385
2026-08-13 22:10:00,240776584.7,18171408.847309
2026-08-13 22:15:00,240550696.9,18161577.61595
2026-08-13 22:20:00,240668182.1,18184887.839476
2026-08-13 22:25:00,240745497.7,18215586.77884952
2026-08-13 22:30:00,240462731.6,18241548.50709501
2026-08-13 22:35:00,240372418.4,18164943.658488
2026-08-13 22:40:00,240349758.5,18163231.249845
2026-08-13 22:45:00,240279122.3,18150684.898542
2026-08-13 22:50:00,240269738.4,18164392.22304
2026-08-13 22:55:00,240272445.5,18175425.95891868
2026-08-13 23:00:00,240251356.3,18184625.158347
2026-08-13 23:05:00,240139803.9,18156970.572879
2026-08-13 23:10:00,240012118.4,18145621.7866681
2026-08-13 23:15:00,239956660.9,18075935.265597
2026-08-13 23:20:00,239929675.3,18073902.440349
2026-08-13 23:25:00,239934759.4,18074367.0034202
2026-08-13 23:30:00,239938131.3,18072375.18888468
2026-08-13 23:35:00,239906961.9,18050527.84126743
2026-08-13 23:40:00,239898490.7,18055988.69035438
2026-08-13 23:45:00,239952881.3,18051655.260199
2026-08-13 23:50:00,239861551.5,18016845.44582628
2026-08-13 23:55:00,239854949.4,18008993.18755779
2026-08-14 00:00:00,239714626.6,18036128.505384
2026-08-14 00:05:00,239791410.8,18032314.09216
2026-08-14 00:10:00,239625349.5,18015033.77541
2026-08-14 00:15:00,239488178.0,17979728.23578392
2026-08-14 00:20:00,239500231.7,18031972.444693
2026-08-14 00:25:00,239532727.4,18077534.936878
2026-08-14 00:30:00,239549250.1,18034465.2937785
2026-08-14 00:35:00,239542675.5,18023190.90462
2026-08-14 00:40:00,239870314.7,18074228.212645
2026-08-14 00:45:00,239904607.9,18112797.89645
2026-08-14 00:50:00,239877490.3,18081965.218814
2026-08-14 00:55:00,239907090.0,18091393.6569
2026-08-14 01:00:00,239904879.1,18091226.932931
2026-08-14 01:05:00,239792060.4,18080721.80690087
2026-08-14 01:10:00,239658296.6,18041476.568048
2026-08-14 01:15:00,239578007.9,18033036.654633
2026-08-14 01:20:00,239507335.9,18013516.78324749
2026-08-14 01:25:00,239492204.2,18051243.51224456
2026-08-14 01:30:00,239623010.5,18024442.84981
2026-08-14 01:35:00,239596293.2,18024893.82843516
2026-08-14 01:40:00,239484001.9,18016381.462937
2026-08-14 01:45:00,239476938.0,18018723.768996
2026-08-14 01:50:00,239464583.4,18010131.317514
2026-08-14 01:55:00,239412597.7,17977664.33836335
2026-08-14 02:00:00,239478985.3,17988392.13711391
2026-08-14 02:05:00,239481206.8,17974144.63058267
2026-08-14 02:10:00,239516435.3,18000716.38027467
2026-08-14 02:15:00,239582637.3,17990260.234857
2026-08-14 02:20:00,239719605.5,17993353.58883
2026-08-14 02:25:00,239523470.5,17981026.930435
2026-08-14 02:30:00,239167632.8,17954314.194296
2026-08-14 02:35:00,238983004.5,17945233.807905
2026-08-14 02:40:00,238941458.4,17970787.086264
2026-08-14 02:45:00,238897367.4,17959479.88521447
2026-08-14 02:50:00,238765551.1,17945072.04756398
2026-08-14 02:55:00,238877362.1,17949244.988194
2026-08-14 03:00:00,238709407.8,17917528.149468
2026-08-14 03:05:00,238609203.6,17872542.79115877
2026-08-14 03:10:00,238667522.5,17878584.110475
2026-08-14 03:15:00,238877096.3,17913393.451537
2026-08-14 03:20:00,238720122.0,17942731.94098962
2026-08-14 03:25:00,238950865.0,17971494.55665
2026-08-14 03:30:00,238979100.8,17968838.589152
2026-08-14 03:35:00,238883543.9,17907833.20340033
2026-08-14 03:40:00,238807404.7,17870856.00954267
2026-08-14 03:45:00,238870042.9,17880741.27370181
2026-08-14 03:50:00,238871426.6,17864228.95485054
2026-08-14 03:55:00,238775631.1,17868578.557351
2026-08-14 04:00:00,238677121.2,17869756.064244
2026-08-14 04:05:00,238667132.3,17931689.34425695
2026-08-14 04:10:00,238572008.8,17952724.97692669
2026-08-14 04:15:00,238629319.2,17935379.631072
2026-08-14 04:20:00,238621101.1,17949079.224742
2026-08-14 04:25:00,238486312.5,17950478.39404875
2026-08-14 04:30:00,238518026.1,17953251.824547
2026-08-14 04:35:00,238399903.7,17932702.99620807
2026-08-14 04:40:00,238429830.3,17910848.852136
2026-08-14 04:45:00,238396289.2,17887805.70816677
2026-08-14 04:50:00,238380547.0,17880924.83047
2026-08-14 04:55:00,238397542.6,17884583.645852
2026-08-14 05:00:00,238460545.6,17869102.98427786
2026-08-14 05:05:00,238511752.3,17890766.540023
2026-08-14 05:10:00,238478148.8,17882348.37686818
2026-08-14 05:15:00,238351930.8,17871627.771384
2026-08-14 05:20:00,238279296.9,17835205.372965
2026-08-14 05:25:00,238541607.0,17864380.94823
2026-08-14 05:30:00,238560852.7,17914424.26122357
2026-08-14 05:35:00,239111970.9,17990784.690516
2026-08-14 05:40:00,239144779.5,17999731.64165666
2026-08-14 05:45:00,239117654.5,17981647.6184
2026-08-14 05:50:00,239102583.3,17973341.186661
2026-08-14 05:55:00,239126573.9,18017388.66060817
2026-08-14 06:00:00,238933950.1,18049070.590554
2026-08-14 06:05:00,238891437.5,18009745.97014312
2026-08-14 06:10:00,238797450.9,17999477.26031295
2026-08-14 06:15:00,238793689.9,18014268.81870084
2026-08-14 06:20:00,238778833.4,18015862.98003
2026-08-14 06:25:00,238780551.9,18026095.44600589
2026-08-14 06:30:00,238706800.4,17998492.75016
2026-08-14 06:35:00,238772000.9,18029673.787959
2026-08-14 06:40:00,238680496.0,18044245.4976
2026-08-14 06:45:00,238592619.1,18013742.74205
2026-08-14 06:50:00,238573892.7,18012328.89885
2026-08-14 06:55:00,238433555.2,17970737.055424
2026-08-14 07:00:00,238456930.9,17996618.80049354
2026-08-14 07:05:00,238439076.0,17959231.20432
2026-08-14 07:10:00,238439475.6,17935417.354632
2026-08-14 07:15:00,238532633.2,17937654.01664
2026-08-14 07:20:00,238598713.2,17954553.1683
2026-08-14 07:25:00,238619540.0,17939646.0919584
2026-08-14 07:30:00,238607688.9,17945684.282169
2026-08-14 07:35:00,238581518.9,17924629.514957
2026-08-14 07:40:00,238075064.3,17861400.76205863
2026-08-14 07:45:00,238090629.7,17871082.665282
2026-08-14 07:50:00,238147616.4,17908700.75328
2026-08-14 07:55:00,238129604.8,17904322.03497904
2026-08-14 08:00:00,238120991.6,17898904.86826493
2026-08-14 08:05:00,237962702.8,17911452.639756
2026-08-14 08:10:00,237249619.1,17814530.59659126
2026-08-14 08:15:00,236956955.4,17825259.94854244
2026-08-14 08:20:00,237064028.6,17826162.38643302
2026-08-14 08:25:00,237129927.4,17827427.941932
2026-08-14 08:30:00,237189521.7,17860944.98265252
2026-08-14 08:35:00,237921009.8,17974144.77184756
2026-08-14 08:40:00,238012434.7,18014461.42588498
2026-08-14 08:45:00,237466487.1,17978587.738341
2026-08-14 08:50:00,237754184.5,17964706.18082
2026-08-14 08:55:00,237750328.0,17990567.31976
2026-08-14 09:00:00,237577577.7,18001253.062329
2026-08-14 09:05:00,237625668.1,17991150.22703742
2026-08-14 09:10:00,237716919.9,17993490.17780631
2026-08-14 09:15:00,237763784.6,17981264.25479252
2026-08-14 09:20:00,237845605.2,17981127.75312
2026-08-14 09:25:00,237813049.2,17976288.389028
2026-08-14 09:30:00,237503387.2,17867379.819056
2026-08-14 09:35:00,237230889.6,17785199.793312
2026-08-14 09:40:00,237301528.8,17674217.865024
2026-08-14 09:45:00,237404485.8,17634405.205224
2026-08-14 09:50:00,237656134.7,17686369.544374
2026-08-14 09:55:00,237680829.0,17664439.21128
2026-08-14 10:00:00,237943206.3,17648247.611271
2026-08-14 10:05:00,238330197.7,17700440.58769431
2026-08-14 10:10:00,238446098.0,17714160.62042
2026-08-14 10:15:00,238384007.3,17780958.21554379
2026-08-14 10:20:00,238395717.5,17765248.8681
2026-08-14 10:25:00,238336378.6,17748559.75986546
2026-08-14 10:30:00,238172118.8,17762876.620104
2026-08-14 10:35:00,238454931.0,17772973.59711159
2026-08-14 10:40:00,238534541.6,17772877.13160318
2026-08-14 10:45:00,238480573.8,17751506.60409647
2026-08-14 10:50:00,238565678.0,17757419.14716302
2026-08-14 10:55:00,238531033.9,17730011.749787
2026-08-14 11:00:00,238565690.6,17723045.154674
2026-08-14 11:05:00,238600802.1,17770987.740408
2026-08-14 11:10:00,238657040.1,17741764.361034
2026-08-14 11:15:00,238693096.6,17710178.0202961
2026-08-14 11:20:00,238716965.6,17755593.63794311
2026-08-14 11:25:00,238723357.3,17727508.1854558
2026-08-14 11:30:00,238749301.8,17743848.109776
2026-08-14 11:35:00,238726940.4,17761284.36576
2026-08-14 11:40:00,238619181.3,17743722.321468
2026-08-14 11:45:00,238653253.8,17727163.692264
2026-08-14 11:50:00,238692938.0,17725337.57588
2026-08-14 11:55:00,238745285.0,17743549.5812
2026-08-14 12:00:00,238763113.7,17732936.454499
2026-08-14 12:05:00,238678253.7,17760048.857817
2026-08-14 12:10:00,238672211.3,17721411.689025
2026-08-14 12:15:00,238820820.3,17756327.989305
2026-08-14 12:20:00,238701703.9,17754632.736082
2026-08-14 12:25:00,238849615.0,17808947.3528841
2026-08-14 12:30:00,238955346.4,17808651.3862409
2026-08-14 12:35:00,238998758.7,17779856.16585738
2026-08-14 12:40:00,239000746.6,17774485.524642
2026-08-14 12:45:00,239052561.7,17770400.07805494
2026-08-14 12:50:00,239096029.2,17788744.57248
2026-08-14 12:55:00,239132352.2,17793838.327202
2026-08-14 13:00:00,239049044.4,17786788.37920594
2026-08-14 13:05:00,239035179.5,17765094.54044
2026-08-14 13:10:00,239044769.1,17761026.34413
2026-08-14 13:15:00,239188210.7,17795004.90555325
2026-08-14 13:20:00,239237488.0,17790367.08027152
2026-08-14 13:25:00,239299368.0,17811994.79974992
2026-08-14 13:30:00,239712520.9,17837008.680169
2026-08-14 13:35:00,239742953.6,17868042.331808
2026-08-14 13:40:00,239897549.9,17883985.70589166
2026-08-14 13:45:00,239843187.4,17916010.27911449
2026-08-14 13:50:00,239920575.6,17940274.56980228
2026-08-14 13:55:00,240003365.9,17957051.836638
2026-08-14 14:00:00,239992156.0,17936137.7680706
2026-08-14 14:05:00,239885077.2,17924212.968384
2026-08-14 14:10:00,239736907.1,17883649.26420056
2026-08-14 14:15:00,239661640.6,17866775.30673
2026-08-14 14:20:00,239588598.8,17886393.40386047
2026-08-14 14:25:00,239601506.7,17878961.40130612
2026-08-14 14:30:00,239500742.3,17885690.30426624
2026-08-14 14:35:00,239530430.3,17908720.17528829
2026-08-14 14:40:00,239499980.5,17903864.15227399
2026-08-14 14:45:00,239401030.5,17874150.16314978
2026-08-14 14:50:00,239355571.1,17871964.82087941
2026-08-14 14:55:00,239387348.8,17813614.57182648
2026-08-14 15:00:00,239181312.3,17768071.71408259
2026-08-14 15:05:00,239255295.0,17756817.40667385
2026-08-14 15:10:00,239023757.5,17766635.894975
2026-08-14 15:15:00,238985583.6,17770967.996496
2026-08-14 15:20:00,239012211.2,17743475.42906893
2026-08-14 15:25:00,238927720.2,17809564.74623391
2026-08-14 15:30:00,238960725.8,17833863.58953625
2026-08-14 15:35:00,238899105.5,17800372.350805
2026-08-14 15:40:00,238861873.6,17851576.20813213
2026-08-14 15:45:00,238977405.0,17875904.20671825
2026-08-14 15:50:00,238909708.4,17856596.59252405
2026-08-14 15:55:00,238917339.4,17873625.96446625
2026-08-14 16:00:00,238801095.4,17852588.4032715
2026-08-14 16:05:00,238711558.6,17857801.63269443
2026-08-14 16:10:00,238556916.6,17853599.638344
2026-08-14 16:15:00,238308172.5,17842132.875075
2026-08-14 16:20:00,238635770.4,17836296.1144223
2026-08-14 16:25:00,238623824.5,17829826.60610706
2026-08-14 16:30:00,238577830.9,17842474.90973043
2026-08-14 16:35:00,238177080.7,17837081.573623
2026-08-14 16:40:00,237928963.0,17830396.48722
2026-08-14 16:45:00,237365746.0,17775660.84116612
2026-08-14 16:50:00,237493208.0,17767493.87254912
2026-08-14 16:55:00,237535122.3,17754194.53687394
2026-08-14 17:00:00,237529199.1,17761789.80456844
2026-08-14 17:05:00,237556487.0,17775482.46546758
2026-08-14 17:10:00,237552054.3,17761767.100011
2026-08-14 17:15:00,237427017.7,17764289.464314
2026-08-14 17:20:00,237399392.8,17782349.28981758
2026-08-14 17:25:00,237417678.6,17810466.45931478
2026-08-14 17:30:00,237414088.8,17791403.46243927
2026-08-14 17:35:00,237466250.2,17802844.777494
2026-08-14 17:40:00,237361931.2,17802391.69640845
2026-08-14 17:45:00,237244802.3,17783870.380408
2026-08-14 17:50:00,237237244.9,17833123.699133
2026-08-14 17:55:00,237155607.1,17803271.424997
2026-08-14 18:00:00,237168363.6,17808827.7500222
2026-08-14 18:05:00,237275765.4,17782257.34219367
2026-08-14 18:10:00,237261362.7,17751230.82539844
2026-08-14 18:15:00,237241445.8,17722087.83578531
2026-08-14 18:20:00,237220007.3,17745394.46688117
2026-08-14 18:25:00,237163621.8,17737467.274422
2026-08-14 18:30:00,237184483.0,17740538.34872671
2026-08-14 18:35:00,237168887.7,17726002.666698
2026-08-14 18:40:00,237221289.0,17740579.86458766
2026-08-14 18:45:00,237219532.1,17721881.30214911
2026-08-14 18:50:00,237180049.8,17686516.313586
2026-08-14 18:55:00,237215196.1,17686765.021216
2026-08-14 19:00:00,237244429.7,17672705.29721903
2026-08-14 19:05:00,237322331.5,17635422.453765
2026-08-14 19:10:00,237348272.9,17670578.917405
2026-08-14 19:15:00,237401442.7,17648449.3644767
2026-08-14 19:20:00,237366683.9,17633970.946931
2026-08-14 19:25:00,237395835.1,17652087.21573937
2026-08-14 19:30:00,237374117.7,17665381.839234
2026-08-14 19:35:00,237409525.1,17682261.429448
2026-08-14 19:40:00,237320857.1,17689896.688234
2026-08-14 19:45:00,237300272.1,17706658.13331291
2026-08-14 19:50:00,237262524.8,17744309.03548397
2026-08-14 19:55:00,237211268.2,17736919.87740009
2026-08-14 20:00:00,237160711.7,17711192.78064852
2026-08-14 20:05:00,237253146.0,17699084.6916
2026-08-14 20:10:00,237185118.0,17700755.34755592
2026-08-14 20:15:00,237144188.5,17660127.717595
2026-08-14 20:20:00,237126664.6,17642223.84624
2026-08-14 20:25:00,237119831.2,17644086.639592
2026-08-14 20:30:00,237101458.4,17656220.0765853
2026-08-14 20:35:00,237160713.1,17654544.67726964
2026-08-14 20:40:00,237108798.6,17636548.41156166
2026-08-14 20:45:00,237063107.3,17639913.22681446
2026-08-14 20:50:00,237059822.5,17641991.99045
2026-08-14 20:55:00,236967617.7,17635694.09216413
2026-08-14 21:00:00,236985367.7,17615122.381141
2026-08-14 21:05:00,237207070.6,17629229.486992
2026-08-14 21:10:00,237205565.3,17604619.02231182
2026-08-14 21:15:00,237176446.7,17603235.874074
2026-08-14 21:20:00,237041224.1,17527823.68309522
2026-08-14 21:25:00,236214043.3,17425786.34467166
2026-08-14 21:30:00,236224684.1,17472252.45834865
2026-08-14 21:35:00,236227806.7,17462148.45350936
2026-08-14 21:40:00,236180551.9,17430124.73022
2026-08-14 21:45:00,236192610.6,17431333.52230431
2026-08-14 21:50:00,237194107.6,17461921.84917212
2026-08-14 21:55:00,237343554.4,17423195.70678939
2026-08-14 22:00:00,237819951.9,17484522.863688
2026-08-14 22:05:00,238315519.4,17513807.520706
2026-08-14 22:10:00,238580174.1,17551107.56323516
2026-08-14 22:15:00,238871455.2,17583528.46929437
2026-08-14 22:20:00,239091986.2,17583408.04959433
2026-08-14 22:25:00,239214774.9,17557945.85180393
2026-08-14 22:30:00,239232346.5,17454392.00064
2026-08-14 22:35:00,239076150.4,17523280.09524982
2026-08-14 22:40:00,239248187.4,17529714.690798
2026-08-14 22:45:00,239375614.5,17570170.1043
2026-08-14 22:50:00,240099868.2,17596919.340378
2026-08-14 22:55:00,240193126.1,17600658.12247357
2026-08-14 23:00:00,240181462.0,17620218.83520482
2026-08-14 23:05:00,240258019.0,17624730.03137269
2026-08-14 23:10:00,240363403.5,17659508.86968114
2026-08-14 23:15:00,240490340.6,17663190.63520174
2026-08-14 23:20:00,240575033.6,17665039.79719424
2026-08-14 23:25:00,240393725.2,17704997.86098
2026-08-14 23:30:00,240357153.3,17752779.342738
2026-08-14 23:35:00,240157449.7,17745233.958333
2026-08-14 23:40:00,240005956.9,17789241.525428
2026-08-14 23:45:00,239804477.2,17778734.64071311
2026-08-14 23:50:00,239308131.3,17778385.3415381
2026-08-14 23:55:00,239687806.2,17853141.45105088
2026-08-15 00:00:00,239757871.9,17860805.82360744
2026-08-15 00:05:00,239693427.4,17883346.84824345
2026-08-15 00:10:00,239197586.9,17836964.055133
2026-08-15 00:15:00,238900320.8,17840012.85091644
2026-08-15 00:20:00,238942904.1,17837140.3585039
2026-08-15 00:25:00,238932884.7,17841118.500549
2026-08-15 00:30:00,238947567.3,17823099.044907
2026-08-15 00:35:00,238891365.8,17818247.63485239
2026-08-15 00:40:00,238818545.9,17824850.26602222
2026-08-15 00:45:00,238875181.4,17820088.53244
2026-08-15 00:50:00,239015021.7,17850562.02838954
2026-08-15 00:55:00,238893836.2,17847290.27058305
2026-08-15 01:00:00,238878568.7,17853784.224638
2026-08-15 01:05:00,238685765.9,17829826.71273
2026-08-15 01:10:00,238567789.5,17779896.71712967
2026-08-15 01:15:00,238455302.6,17788765.57396
2026-08-15 01:20:00,238437273.8,17771922.202683
2026-08-15 01:25:00,238547577.7,17821889.529967
2026-08-15 01:30:00,238504971.4,17825861.562436
2026-08-15 01:35:00,238523567.3,17858724.60470723
2026-08-15 01:40:00,238491759.8,17828508.74187135
2026-08-15 01:45:00,238457089.8,17795709.23356469
2026-08-15 01:50:00,238397430.0,17772528.4065
2026-08-15 01:55:00,238450981.0,17769367.10412
2026-08-15 02:00:00,238353948.1,17761649.97035788
2026-08-15 02:05:00,238549815.2,17829213.188048
2026-08-15 02:10:00,238585821.1,17819352.26896593
2026-08-15 02:15:00,238577415.8,17847976.475998
2026-08-15 02:20:00,238595946.3,17885142.59081015
2026-08-15 02:25:00,238572536.2,17934688.02310964
2026-08-15 02:30:00,238781683.4,17959348.26018783
2026-08-15 02:35:00,238809977.8,17945201.45049721
2026-08-15 02:40:00,238892922.5,17972621.6827256
2026-08-15 02:45:00,238865489.6,17969850.782608
2026-08-15 02:50:00,238775849.2,17955943.85984
2026-08-15 02:55:00,238789559.6,17973690.151092
2026-08-15 03:00:00,238752496.6,17961266.75584419
2026-08-15 03:05:00,238754650.1,17968674.966526
2026-08-15 03:10:00,238668654.3,17988456.474591
2026-08-15 03:15:00,238607676.0,17956368.16369128
2026-08-15 03:20:00,238663489.7,17971589.89136011
2026-08-15 03:25:00,238673670.7,17939281.13314826
2026-08-15 03:30:00,238630067.5,17935311.7856649
2026-08-15 03:35:00,238642758.5,17926844.01852
2026-08-15 03:40:00,238541259.7,17914448.60347
2026-08-15 03:45:00,238570055.7,17933311.086969
2026-08-15 03:50:00,238605736.8,17928835.063152
2026-08-15 03:55:00,238525439.5,17977662.375115
2026-08-15 04:00:00,238398890.7,17941900.514082
2026-08-15 04:05:00,238534255.8,17936545.19940007
2026-08-15 04:10:00,238490375.2,17925649.68625385
2026-08-15 04:15:00,238434066.2,17935010.459564
2026-08-15 04:20:00,238316799.2,17952142.33525688
2026-08-15 04:25:00,238264344.7,17967368.89257673
2026-08-15 04:30:00,238201770.9,17931829.313352
2026-08-15 04:35:00,238153704.7,17907558.20054442
2026-08-15 04:40:00,238054846.3,17922444.73558195
2026-08-15 04:45:00,238018458.4,17922789.91752
2026-08-15 04:50:00,237999805.3,17890445.364401
2026-08-15 04:55:00,237955807.0,17898083.979312
2026-08-15 05:00:00,237932222.3,17920267.42798019
2026-08-15 05:05:00,237890199.7,17897778.60392136
2026-08-15 05:10:00,237824101.8,17886750.696378
2026-08-15 05:15:00,237844542.8,17886616.01685211
2026-08-15 05:20:00,237808979.3,17891558.5576355
2026-08-15 05:25:00,237838551.6,17874606.50721049
2026-08-15 05:30:00,237785319.8,17864811.076574
2026-08-15 05:35:00,237849984.2,17882934.20656483
2026-08-15 05:40:00,237902832.1,17876018.803994
2026-08-15 05:45:00,237846449.2,17865046.38144666
2026-08-15 05:50:00,237924904.6,17860746.59543267
2026-08-15 05:55:00,238135761.9,17894495.12443217
2026-08-15 06:00:00,238070930.8,17887868.86765898
2026-08-15 06:05:00,238186134.3,17906833.576674
2026-08-15 06:10:00,238312129.1,17928221.472193
2026-08-15 06:15:00,238526394.6,17944340.665758
2026-08-15 06:20:00,238561633.8,17953547.38447082
2026-08-15 06:25:00,238573250.4,17944981.27699466
2026-08-15 06:30:00,238776254.4,17929102.45120983
2026-08-15 06:35:00,238559554.5,17917368.40886316
2026-08-15 06:40:00,238570989.4,17944703.85235493
2026-08-15 06:45:00,238530066.0,17918378.55792
2026-08-15 06:50:00,238576228.1,17919460.492591
2026-08-15 06:55:00,238574359.8,17950334.831352
2026-08-15 07:00:00,238583120.1,17946083.91571234
2026-08-15 07:05:00,238548210.8,17922919.05746386
2026-08-15 07:10:00,238632511.9,17923687.968809
2026-08-15 07:15:00,238775190.0,17953470.7198215
2026-08-15 07:20:00,238938077.4,17951417.755062
2026-08-15 07:25:00,239447088.9,17935676.4428645
2026-08-15 07:30:00,239574715.5,17926556.61533799
2026-08-15 07:35:00,239669112.1,17902856.06285046
2026-08-15 07:40:00,239758903.1,17914780.44445394
2026-08-15 07:45:00,239744103.6,17891215.39848468
2026-08-15 07:50:00,239851471.4,17834592.68562495
2026-08-15 07:55:00,240033269.3,17853888.20014368
2026-08-15 08:00:00,240139258.2,17849258.092111
2026-08-15 08:05:00,240425339.5,17868411.23164
2026-08-15 08:10:00,240570240.5,17856253.93004035
2026-08-15 08:15:00,240565933.4,17854940.69953004
2026-08-15 08:20:00,240553706.4,17876753.50219013
2026-08-15 08:25:00,240503556.0,17888000.32560768
2026-08-15 08:30:00,240381735.6,17883064.60619006
2026-08-15 08:35:00,240388609.3,17846450.354432
2026-08-15 08:40:00,240330676.6,17826624.06907564
2026-08-15 08:45:00,240294667.8,17826305.58672988
2026-08-15 08:50:00,240329184.8,17847525.39484099
2026-08-15 08:55:00,240292923.1,17810511.460172
2026-08-15 09:00:00,240351831.8,17819684.809652
2026-08-15 09:05:00,240222196.9,17789075.85593497
2026-08-15 09:10:00,240221685.7,17811580.40323705
2026-08-15 09:15:00,240278335.7,17821444.158869
2026-08-15 09:20:00,240320263.6,17836569.964392
2026-08-15 09:25:00,240401638.7,17833411.85761734
2026-08-15 09:30:00,240505406.1,17843377.46988414
2026-08-15 09:35:00,240567987.9,17849752.57635972
2026-08-15 09:40:00,240571783.4,17856327.5541268
2026-08-15 09:45:00,240511286.7,17870977.10319834
2026-08-15 09:50:00,240577271.7,17856934.59975031
2026-08-15 09:55:00,240635102.2,17867156.33835
2026-08-15 10:00:00,240786206.1,17878127.79313272
2026-08-15 10:05:00,241021799.1,17886227.711211
2026-08-15 10:10:00,241034159.4,17898936.36015185
2026-08-15 10:15:00,241134311.9,17912961.36603826
2026-08-15 10:20:00,241161849.4,17913502.173432
2026-08-15 10:25:00,241151485.6,17927201.439504
2026-08-15 10:30:00,241167724.8,17945290.402368
2026-08-15 10:35:00,241210411.4,17946054.60816
2026-08-15 10:40:00,241132479.4,17957135.740918
2026-08-15 10:45:00,241121122.3,17951636.34002061
2026-08-15 10:50:00,241168704.4,17969480.164844
2026-08-15 10:55:00,241181590.3,17947918.75635079
2026-08-15 11:00:00,241174751.3,17955460.234285
2026-08-15 11:05:00,241122627.6,17943596.05462017
2026-08-15 11:10:00,241054948.0,17922620.99610996
2026-08-15 11:15:00,241366891.7,17904644.29968434
2026-08-15 11:20:00,241424169.8,17913755.48337773
2026-08-15 11:25:00,241487082.2,17924620.1633772
2026-08-15 11:30:00,241824695.7,17950710.03623188
2026-08-15 11:35:00,241874695.5,17955935.66997966
2026-08-15 11:40:00,241877662.7,17956775.15139832
2026-08-15 11:45:00,242651736.2,18002332.308678
2026-08-15 11:50:00,242709946.5,18000855.01731258
2026-08-15 11:55:00,242738035.1,18023299.106175
2026-08-15 12:00:00,242707654.5,18013412.61796752
2026-08-15 12:05:00,242716597.1,18014282.63396971
2026-08-15 12:10:00,242768933.5,18032876.38038
2026-08-15 12:15:00,242837487.9,18042244.96937392
2026-08-15 12:20:00,242851620.1,18057591.63293325
2026-08-15 12:25:00,242857201.0,18044715.03440175
2026-08-15 12:30:00,242829583.0,18032524.83358
2026-08-15 12:35:00,243082267.2,18012395.99952
2026-08-15 12:40:00,243082607.7,18004504.03003721
2026-08-15 12:45:00,243129786.0,17994035.46186
2026-08-15 12:50:00,243257729.6,18009303.83196966
2026-08-15 12:55:00,243292274.8,18013360.026192
2026-08-15 13:00:00,243262979.9,18034867.81762967
2026-08-15 13:05:00,243391634.5,18045055.78183
2026-08-15 13:10:00,243777463.7,18087042.10370049
2026-08-15 13:15:00,244302431.7,18180361.55288885
2026-08-15 13:20:00,244375472.4,18149612.37860039
2026-08-15 13:25:00,244480757.6,18174966.00400978
2026-08-15 13:30:00,244689928.7,18187149.07816137
2026-08-15 13:35:00,244765863.4,18184358.47001396
2026-08-15 13:40:00,244865250.8,18166792.92479779
2026-08-15 13:45:00,244174384.2,18064020.943116
2026-08-15 13:50:00,244228868.9,18077820.875978
2026-08-15 13:55:00,244283240.0,18090734.8919036
2026-08-15 14:00:00,244292416.8,18087410.539872
2026-08-15 14:05:00,244375351.9,18086860.05754098
2026-08-15 14:10:00,244179003.6,18077782.76436586
2026-08-15 14:15:00,244226106.0,18099596.71566
2026-08-15 14:20:00,244266875.0,18084251.67991875
2026-08-15 14:25:00,244241508.0,18079342.6017792
2026-08-15 14:30:00,244222238.0,18078519.41905906
2026-08-15 14:35:00,244212317.1,18079721.62940088
2026-08-15 14:40:00,244322256.1,18085891.48401592
2026-08-15 14:45:00,244346042.4,18092373.02422814
2026-08-15 14:50:00,244382477.8,18100684.31468694
2026-08-15 14:55:00,244720111.2,18128014.21170902
2026-08-15 15:00:00,244666640.3,18096070.74986465
2026-08-15 15:05:00,244842426.8,18120486.85128304
2026-08-15 15:10:00,244304143.0,18041860.96055
2026-08-15 15:15:00,244411314.5,18085215.2164275
2026-08-15 15:20:00,244403561.0,18103538.77953152
2026-08-15 15:25:00,244516946.5,18099144.37993
2026-08-15 15:30:00,244540501.8,18116416.2651003
2026-08-15 15:35:00,244471950.4,18105592.646624
2026-08-15 15:40:00,244529617.1,18129425.811794
2026-08-15 15:45:00,244573928.3,18130881.63117832
2026-08-15 15:50:00,244722436.2,18139345.78270875
2026-08-15 15:55:00,244727516.0,18134328.51380128
2026-08-15 16:00:00,244815330.1,18145712.267012
2026-08-15 16:05:00,244813655.2,18128451.16756
2026-08-15 16:10:00,244759754.7,18142628.35212638
2026-08-15 16:15:00,244754079.0,18141172.33548
2026-08-15 16:20:00,244782800.4,18169057.21190609
2026-08-15 16:25:00,244799517.8,18166572.215938
2026-08-15 16:30:00,244726380.7,18166039.239361
2026-08-15 16:35:00,244603360.1,18112878.815405
2026-08-15 16:40:00,244589122.2,18105457.84405914
2026-08-15 16:45:00,244621553.3,18109935.35982012
2026-08-15 16:50:00,244610849.3,18130556.150116
2026-08-15 16:55:00,244628149.3,18130615.2853695
2026-08-15 17:00:00,244616907.3,18131005.169076
2026-08-15 17:05:00,244623083.8,18140259.61734945
2026-08-15 17:10:00,244708029.0,18134088.489045
2026-08-15 17:15:00,244903350.8,18157134.428312
2026-08-15 17:20:00,244911107.5,18141812.33006217
2026-08-15 17:25:00,244799272.3,18114247.73687066
2026-08-15 17:30:00,244649402.6,18077144.358114
2026-08-15 17:35:00,244509198.7,18064339.599956
2026-08-15 17:40:00,244492477.3,18067994.07247
2026-08-15 17:45:00,244548600.3,18089832.2079157
2026-08-15 17:50:00,244535011.0,18080918.71334
2026-08-15 17:55:00,244597623.3,18105116.076666
2026-08-15 18:00:00,244614033.8,18094567.29299056
2026-08-15 18:05:00,244550815.0,18093251.00580475
2026-08-15 18:10:00,244549002.2,18102583.37649359
2026-08-15 18:15:00,244564613.7,18078216.244704
2026-08-15 18:20:00,244655681.5,18092972.6828332
2026-08-15 18:25:00,244707610.6,18119837.52426104
2026-08-15 18:30:00,244933234.1,18120160.658718
2026-08-15 18:35:00,244899418.4,18133484.37364901
2026-08-15 18:40:00,244887609.6,18111351.30215098
2026-08-15 18:45:00,244932800.8,18122577.931192
2026-08-15 18:50:00,244955373.0,18126697.602
2026-08-15 18:55:00,245008770.6,18122514.73321608
2026-08-15 19:00:00,245039182.7,18113583.08102776
2026-08-15 19:05:00,244930435.0,18090637.85753485
2026-08-15 19:10:00,244921716.0,18086435.15695848
2026-08-15 19:15:00,244981556.1,18104528.96627976
2026-08-15 19:20:00,245037578.5,18099850.20882538
2026-08-15 19:25:00,245039627.2,18107244.90868063
2026-08-15 19:30:00,245039343.2,18095337.06391371
2026-08-15 19:35:00,244909422.5,18082600.66626317
2026-08-15 19:40:00,244922378.4,18088578.15873847
2026-08-15 19:45:00,244968878.7,18096372.85328063
2026-08-15 19:50:00,245062439.9,18105749.74655538
2026-08-15 19:55:00,245084913.2,18113100.99486041
2026-08-15 20:00:00,245110957.1,18111248.620119
2026-08-15 20:05:00,245152962.5,18098706.73705825
2026-08-15 20:10:00,245154144.3,18091150.0786185
2026-08-15 20:15:00,245176423.9,18042533.034801
2026-08-15 20:20:00,245099116.1,18044196.927282
2026-08-15 20:25:00,245239304.8,18037397.46350791
2026-08-15 20:30:00,245321980.8,18036967.45364592
2026-08-15 20:35:00,245505989.6,18037789.06223235
2026-08-15 20:40:00,245493184.7,18052341.3369145
2026-08-15 20:45:00,245514756.5,18059513.07993788
2026-08-15 20:50:00,245555521.9,18067975.301402
2026-08-15 20:55:00,245586090.1,18070224.509558
2026-08-15 21:00:00,245685981.8,18080031.400662
2026-08-15 21:05:00,245740105.3,18064355.140603
2026-08-15 21:10:00,245785252.0,18073818.50582
2026-08-15 21:15:00,245855342.9,18079486.47781816
2026-08-15 21:20:00,245903887.6,18080083.33579
2026-08-15 21:25:00,245918059.9,18094650.847442
2026-08-15 21:30:00,245905873.8,18107783.12430429
2026-08-15 21:35:00,245955411.3,18088596.41928357
2026-08-15 21:40:00,245987440.8,18085136.86045726
2026-08-15 21:45:00,246080705.8,18121538.20595665
2026-08-15 21:50:00,246088927.8,18138646.40271478
2026-08-15 21:55:00,246182307.1,18127996.07129994
2026-08-15 22:00:00,246162879.1,18098079.49359132
2026-08-15 22:05:00,246269560.4,18114357.515222
2026-08-15 22:10:00,246392377.9,18106143.8899815
2026-08-15 22:15:00,246509613.5,18138894.70430528
2026-08-15 22:20:00,246521715.2,18127996.51418637
2026-08-15 22:25:00,246555636.4,18132717.31007797
2026-08-15 22:30:00,246575602.1,18150274.72795168
2026-08-15 22:35:00,246617874.0,18148609.34766
2026-08-15 22:40:00,246604184.4,18148844.81508538
2026-08-15 22:45:00,246556774.6,18153975.313798
2026-08-15 22:50:00,246534123.1,18127794.59599317
2026-08-15 22:55:00,246310783.4,18080031.71646872
2026-08-15 23:00:00,246354870.3,18070701.2798041
2026-08-15 23:05:00,246498912.5,18090284.03957125
2026-08-15 23:10:00,246515483.8,18056026.610931
2026-08-15 23:15:00,246974041.9,18040122.57070916
2026-08-15 23:20:00,247191661.9,18057447.30654314
2026-08-15 23:25:00,246846398.9,17977823.231887
2026-08-15 23:30:00,246981273.9,17985176.365398
2026-08-15 23:35:00,246842705.4,17977689.99776997
2026-08-15 23:40:00,246932690.1,17972701.99902728
2026-08-15 23:45:00,246972575.3,17971539.82725646
2026-08-15 23:50:00,247131811.3,17986287.82486758
2026-08-15 23:55:00,247150435.7,17984163.43317234
2026-08-16 00:00:00,247165500.5,17978724.58347981
2026-08-16 00:05:00,246745443.1,17911251.714629
2026-08-16 00:10:00,247258301.2,17992986.578324
2026-08-16 00:15:00,247225859.8,17960958.71447
2026-08-16 00:20:00,247266493.2,17996055.375096
2026-08-16 00:25:00,247188252.1,17997776.635401
2026-08-16 00:30:00,247185910.1,18000987.61763117
2026-08-16 00:35:00,247295169.3,18002002.69924677
2026-08-16 00:40:00,247345952.5,18001524.29359033
2026-08-16 00:45:00,247437932.6,18039930.13389561
2026-08-16 00:50:00,247509484.6,18022405.59624385
2026-08-16 00:55:00,247455063.4,18015320.03312153
2026-08-16 01:00:00,247530787.9,18012307.99736781
2026-08-16 01:05:00,247548403.7,18009492.93694018
2026-08-16 01:10:00,248072670.0,18029921.6556
2026-08-16 01:15:00,248123101.4,18030353.96574076
2026-08-16 01:20:00,248208610.4,18046697.03906891
2026-08-16 01:25:00,248514665.2,18048824.88654736
2026-08-16 01:30:00,248455477.4,18014219.66690107
2026-08-16 01:35:00,248400962.3,18006585.757127
2026-08-16 01:40:00,248536567.4,17935283.49376394
2026-08-16 01:45:00,248562047.9,18016020.82259894
2026-08-16 01:50:00,248651454.3,18013947.4760613
2026-08-16 01:55:00,248808324.0,17999839.1531208
2026-08-16 02:00:00,248901974.0,18015524.87812
2026-08-16 02:05:00,249110019.5,18027833.03679472
2026-08-16 02:10:00,249243725.7,18047738.177937
2026-08-16 02:15:00,249369326.7,18031646.6443503
2026-08-16 02:20:00,249453482.7,18080388.426096
2026-08-16 02:25:00,249472816.5,18124200.118725
2026-08-16 02:30:00,249549914.9,18167191.38123447
2026-08-16 02:35:00,249604545.1,18199056.76633136
2026-08-16 02:40:00,249870813.1,18205629.92050423
2026-08-16 02:45:00,249905940.8,18220809.58070834
2026-08-16 02:50:00,249812409.5,18174459.83528009
2026-08-16 02:55:00,249849738.8,18207657.30069888
2026-08-16 03:00:00,249705039.1,18188515.048044
2026-08-16 03:05:00,249863553.6,18223425.98512114
2026-08-16 03:10:00,249898821.9,18238670.59529042
2026-08-16 03:15:00,249844319.7,18223644.678918
2026-08-16 03:20:00,249856520.7,18225269.19802886
2026-08-16 03:25:00,249857798.0,18227126.3641
2026-08-16 03:30:00,249918721.9,18216575.639291
2026-08-16 03:35:00,250001796.2,18247631.104638
2026-08-16 03:40:00,249962754.3,18276604.19460693
2026-08-16 03:45:00,249902259.4,18258396.36162171
2026-08-16 03:50:00,250335498.8,18287008.18734
2026-08-16 03:55:00,250336264.5,18243402.97383355
2026-08-16 04:00:00,250361230.7,18235385.70763441
2026-08-16 04:05:00,250538003.4,18252427.62403996
2026-08-16 04:10:00,250646813.4,18244581.547386
2026-08-16 04:15:00,250671285.3,18263909.846958
2026-08-16 04:20:00,250746341.5,18259348.58803
2026-08-16 04:25:00,250761075.1,18296686.55546296
2026-08-16 04:30:00,250806417.7,18319500.1761463
2026-08-16 04:35:00,250988098.4,18261894.039584
2026-08-16 04:40:00,250967047.6,18267891.394804
2026-08-16 04:45:00,251055414.9,18289386.975465
2026-08-16 04:50:00,250977205.7,18276288.11744891
2026-08-16 04:55:00,251005756.7,18284368.76347261
2026-08-16 05:00:00,250967923.0,18281080.7375429
2026-08-16 05:05:00,250878637.7,18313024.14216223
2026-08-16 05:10:00,251046956.4,18318469.62868212
2026-08-16 05:15:00,251063397.9,18306614.04029577
2026-08-16 05:20:00,251022495.2,18281968.325416
2026-08-16 05:25:00,250999498.5,18297052.71226985
2026-08-16 05:30:00,251024992.5,18274082.26051605
2026-08-16 05:35:00,251073300.7,18280647.023967
2026-08-16 05:40:00,251084686.9,18285330.20313292
2026-08-16 05:45:00,251154347.9,18279013.440162
2026-08-16 05:50:00,251163655.5,18288474.04032284
2026-08-16 05:55:00,251223115.7,18268681.18943252
2026-08-16 06:00:00,251235520.5,18265912.70250897
2026-08-16 06:05:00,251218686.7,18263641.23026674
2026-08-16 06:10:00,251238061.7,18253465.2090355
2026-08-16 06:15:00,251112577.3,18245839.866618
2026-08-16 06:20:00,251267917.7,18245463.04334237
2026-08-16 06:25:00,251421376.4,18265762.99546
2026-08-16 06:30:00,251408014.1,18292447.105916
2026-08-16 06:35:00,251498521.6,18323928.27026919
2026-08-16 06:40:00,251581959.3,18322714.095819
2026-08-16 06:45:00,251488713.4,18329754.876159
2026-08-16 06:50:00,251753598.8,18375495.176412
2026-08-16 06:55:00,251831658.6,18415958.12168373
2026-08-16 07:00:00,251890156.8,18404507.95958765
2026-08-16 07:05:00,251976134.0,18409376.35004
2026-08-16 07:10:00,252379538.5,18505984.56384638
2026-08-16 07:15:00,252422722.9,18534509.49033516
2026-08-16 07:20:00,252730072.0,18534232.77859776
2026-08-16 07:25:00,252929139.6,18532118.058492
2026-08-16 07:30:00,252982842.6,18556291.50471
2026-08-16 07:35:00,253036120.1,18553873.5063325
2026-08-16 07:40:00,252836743.1,18552968.05275324
2026-08-16 07:45:00,252773832.7,18538432.890218
2026-08-16 07:50:00,252904636.1,18568258.382462
2026-08-16 07:55:00,252879283.1,18585810.50776559
2026-08-16 08:00:00,252862312.0,18587966.71345176
2026-08-16 08:05:00,252542923.3,18553540.6409303
2026-08-16 08:10:00,252562056.5,18578464.87614
2026-08-16 08:15:00,252377672.7,18595186.924536
2026-08-16 08:20:00,252431436.7,18612433.72256952
2026-08-16 08:25:00,252429669.9,18650725.77181432
2026-08-16 08:30:00,252495092.6,18644237.637584
2026-08-16 08:35:00,252363124.7,18665776.06078581
2026-08-16 08:40:00,252392643.9,18650150.59276026
2026-08-16 08:45:00,252208705.5,18617451.42746502
2026-08-16 08:50:00,252183119.2,18631288.846496
2026-08-16 08:55:00,252297898.7,18643351.38611754
2026-08-16 09:00:00,252362561.4,18644546.036232
2026-08-16 09:05:00,252503467.8,18658743.753081
2026-08-16 09:10:00,252398676.1,18646078.39622555
2026-08-16 09:15:00,252420135.4,18638702.797936
2026-08-16 09:20:00,252406334.8,18639824.1673511
2026-08-16 09:25:00,252307660.9,18645997.86352945
2026-08-16 09:30:00,252299857.0,18644959.4323
2026-08-16 09:35:00,252270293.2,18632015.33947502
2026-08-16 09:40:00,252039054.4,18624541.86285302
2026-08-16 09:45:00,252000258.8,18627859.130496
2026-08-16 09:50:00,251990057.1,18637184.623116
2026-08-16 09:55:00,251992899.6,18632354.996424
2026-08-16 10:00:00,252083959.2,18618921.226512
2026-08-16 10:05:00,252473227.0,18647672.54622
2026-08-16 10:10:00,252509539.7,18662980.079227
2026-08-16 10:15:00,252551081.1,18638269.78518
2026-08-16 10:20:00,252695134.9,18621104.490781
2026-08-16 10:25:00,253046179.2,18672277.563168
2026-08-16 10:30:00,253114060.0,18703071.2166922
2026-08-16 10:35:00,253194801.9,18716159.756448
2026-08-16 10:40:00,253024419.9,18623819.41258812
2026-08-16 10:45:00,253045679.1,18611509.697805
2026-08-16 10:50:00,253119598.2,18614415.251628
2026-08-16 10:55:00,253133237.1,18613823.51694027
2026-08-16 11:00:00,252608804.0,18527365.3814564
2026-08-16 11:05:00,252659555.8,18557273.36291389
2026-08-16 11:10:00,252846894.7,18571604.415715
2026-08-16 11:15:00,253058945.6,18644219.04065824
2026-08-16 11:20:00,253168250.0,18684713.065605
2026-08-16 11:25:00,253130879.2,18691184.120128
2026-08-16 11:30:00,253084398.3,18673022.45849094
2026-08-16 11:35:00,253103579.7,18687761.06914487
2026-08-16 11:40:00,253100494.8,18694002.545928
2026-08-16 11:45:00,253072883.4,18686901.710256
2026-08-16 11:50:00,253176458.6,18688481.06331136
2026-08-16 11:55:00,253184859.2,18685042.60896
2026-08-16 12:00:00,253203153.0,18676264.56528
2026-08-16 12:05:00,252954737.2,18632645.942152
2026-08-16 12:10:00,252923551.3,18590948.35793649
2026-08-16 12:15:00,253023930.6,18599609.49141527
2026-08-16 12:20:00,253071989.6,18622892.01245177
2026-08-16 12:25:00,253115754.8,18655863.80248588
2026-08-16 12:30:00,253025741.0,18668239.17098
2026-08-16 12:35:00,252823044.0,18681107.3623122
2026-08-16 12:40:00,252913010.9,18686052.91648819
2026-08-16 12:45:00,252782448.2,18667086.42187889
2026-08-16 12:50:00,252752282.7,18683448.737184
2026-08-16 12:55:00,252743993.3,18682436.64922659
2026-08-16 13:00:00,252691420.5,18725697.7161525
2026-08-16 13:05:00,252116743.1,18727231.677468
2026-08-16 13:10:00,252222295.6,18719938.779432
2026-08-16 13:15:00,252118503.3,18657044.0533686
2026-08-16 13:20:00,252074895.0,18654369.0356556
2026-08-16 13:25:00,251930232.2,18650395.089766
2026-08-16 13:30:00,251824649.6,18637542.316896
2026-08-16 13:35:00,251749419.8,18637938.50315306
2026-08-16 13:40:00,251780734.1,18634292.130741
2026-08-16 13:45:00,251733153.0,18638337.75210918
2026-08-16 13:50:00,251669644.5,18663820.83612
2026-08-16 13:55:00,251607481.0,18659724.07022124
2026-08-16 14:00:00,251599185.4,18651095.41754723
2026-08-16 14:05:00,250944068.3,18596365.76669385
2026-08-16 14:10:00,250997539.4,18604389.41589892
2026-08-16 14:15:00,251100993.1,18618930.22454073
2026-08-16 14:20:00,251112885.7,18645131.763225
2026-08-16 14:25:00,250773515.2,18619933.5036
2026-08-16 14:30:00,250550008.3,18561691.69389537
2026-08-16 14:35:00,250516861.7,18575825.295055
2026-08-16 14:40:00,250475088.2,18585251.54444
2026-08-16 14:45:00,250455138.4,18571248.51236
2026-08-16 14:50:00,250336172.3,18594970.878444
2026-08-16 14:55:00,250241124.9,18607930.047564
2026-08-16 15:00:00,250159973.2,18584854.70977762
2026-08-16 15:05:00,249940565.6,18575412.87580739
2026-08-16 15:10:00,249844096.5,18599976.05659084
2026-08-16 15:15:00,249961617.1,18602143.544582
2026-08-16 15:20:00,249844084.0,18601793.99094324
2026-08-16 15:25:00,249897705.1,18577395.397134
2026-08-16 15:30:00,249922770.0,18606750.2265
2026-08-16 15:35:00,249908275.4,18614652.80694788
2026-08-16 15:40:00,250013692.0,18743526.48924
2026-08-16 15:45:00,250004880.5,18701752.58848678
2026-08-16 15:50:00,249938725.4,18712587.45035498
2026-08-16 15:55:00,249852634.4,18706466.737528
2026-08-16 16:00:00,249808130.8,18718123.240844
2026-08-16 16:05:00,249702939.1,18702750.13859
2026-08-16 16:10:00,249677318.7,18718146.29268185
2026-08-16 16:15:00,249647947.7,18696134.803253
2026-08-16 16:20:00,249300479.8,18675098.941818
2026-08-16 16:25:00,249593979.7,18704572.838718
2026-08-16 16:30:00,249405533.5,18679232.41959317
2026-08-16 16:35:00,249525996.4,18679615.90090256
2026-08-16 16:40:00,249147322.1,18588881.701881
2026-08-16 16:45:00,249070285.7,18583134.016077
2026-08-16 16:50:00,248906463.3,18616314.25478355
2026-08-16 16:55:00,248847926.0,18629987.5375937
2026-08-16 17:00:00,248908898.9,18647002.69382653
2026-08-16 17:05:00,248532259.6,18597668.985868
2026-08-16 17:10:00,248794004.4,18595127.61050066
2026-08-16 17:15:00,248720357.8,18573727.46748427
2026-08-16 17:20:00,248681050.6,18546632.753748
2026-08-16 17:25:00,248604257.6,18546180.91415427
2026-08-16 17:30:00,248539614.6,18542936.69404252
2026-08-16 17:35:00,248545997.1,18526618.623834
2026-08-16 17:40:00,248635617.5,18539465.091764
2026-08-16 17:45:00,248538270.3,18486443.0655551
2026-08-16 17:50:00,248483155.3,18482177.091214
2026-08-16 17:55:00,248359749.1,18480448.930531
2026-08-16 18:00:00,248427701.8,18483021.01392
2026-08-16 18:05:00,248341165.2,18455016.74409403
2026-08-16 18:10:00,248369685.2,18480073.09584545
2026-08-16 18:15:00,248224436.7,18472733.50250692
2026-08-16 18:20:00,248243497.0,18469532.14864239
2026-08-16 18:25:00,248188654.9,18430583.82456286
2026-08-16 18:30:00,248214267.4,18427367.64035182
2026-08-16 18:35:00,248180962.9,18442327.353099
2026-08-16 18:40:00,248200773.9,18470021.92027153
2026-08-16 18:45:00,248169189.4,18482077.76061878
2026-08-16 18:50:00,248167855.5,18467634.31810245
2026-08-16 18:55:00,248173066.7,18459112.701146
2026-08-16 19:00:00,248150729.6,18421303.15086717
2026-08-16 19:05:00,248101387.7,18465548.66594461
2026-08-16 19:10:00,248080353.8,18475422.15193845
2026-08-16 19:15:00,248069024.2,18457657.60837899
2026-08-16 19:20:00,248196146.2,18468275.238742
2026-08-16 19:25:00,248278531.6,18453547.65691628
2026-08-16 19:30:00,248259304.1,18476698.7076425
2026-08-16 19:35:00,248252183.4,18479892.532296
2026-08-16 19:40:00,248410916.7,18488181.20413086
2026-08-16 19:45:00,248516598.6,18464783.27598
2026-08-16 19:50:00,248499089.7,18468526.89623091
2026-08-16 19:55:00,248545526.7,18479359.910145
2026-08-16 20:00:00,248575325.2,18484319.70021021
2026-08-16 20:05:00,248567427.6,18458617.173576
2026-08-16 20:10:00,248564940.6,18470860.735986
2026-08-16 20:15:00,248639468.2,18468939.697896
2026-08-16 20:20:00,248556020.5,18454041.7420225
2026-08-16 20:25:00,248528208.2,18425881.355948
2026-08-16 20:30:00,248637483.0,18436469.36445
2026-08-16 20:35:00,248562245.1,18434618.9078415
2026-08-16 20:40:00,248417886.7,18407765.40447
2026-08-16 20:45:00,248423162.2,18387159.59335086
2026-08-16 20:50:00,248423155.1,18378265.51888837
2026-08-16 20:55:00,248228317.6,18368895.5024
2026-08-16 21:00:00,248195068.0,18334946.52372284
2026-08-16 21:05:00,248175150.9,18328906.28067725
2026-08-16 21:10:00,248124108.5,18302296.7343297
2026-08-16 21:15:00,248112488.6,18292641.55063481
2026-08-16 21:20:00,248118675.9,18304831.25518455
2026-08-16 21:25:00,248097434.3,18255726.21737913
2026-08-16 21:30:00,248087316.5,18250533.51482984
2026-08-16 21:35:00,248076293.0,18258415.1648
2026-08-16 21:40:00,247595682.0,18107556.14124474
2026-08-16 21:45:00,247574140.0,18074610.5786004
2026-08-16 21:50:00,247646726.3,18078211.0199
2026-08-16 21:55:00,247774496.0,18123629.04108736
2026-08-16 22:00:00,247864645.9,18091640.504241
2026-08-16 22:05:00,247822017.7,18090486.86586283
2026-08-16 22:10:00,247878734.6,18124893.073952
2026-08-16 22:15:00,248087093.2,18157494.351308
2026-08-16 22:20:00,248076875.8,18173394.97893694
2026-08-16 22:25:00,248064312.9,18165749.633667
2026-08-16 22:30:00,248106625.7,18130801.0489599
2026-08-16 22:35:00,247991311.1,18152966.45243311
2026-08-16 22:40:00,247936166.4,18136530.57216
2026-08-16 22:45:00,247929676.7,18165807.411809
2026-08-16 22:50:00,247837487.3,18159052.694471
2026-08-16 22:55:00,247848756.1,18157399.871886
2026-08-16 23:00:00,247692278.0,18181395.91279848
2026-08-16 23:05:00,247444953.4,18206999.671172
2026-08-16 23:10:00,247579159.0,18244427.60382511
2026-08-16 23:15:00,247406594.1,18183315.86986349
2026-08-16 23:20:00,247580180.8,18172385.27072
2026-08-16 23:25:00,247535379.7,18174047.577574
2026-08-16 23:30:00,247504743.3,18171798.253086
2026-08-16 23:35:00,247353894.5,18165670.01208
2026-08-16 23:40:00,247445297.2,18159597.12786168
2026-08-16 23:45:00,247413922.2,18164474.52103017
2026-08-16 23:50:00,247461217.1,18195823.293363
2026-08-16 23:55:00,247673722.6,18196588.399422
2026-08-17 00:00:00,247679289.4,18206904.563794
2026-08-17 00:05:00,247518754.7,18222704.4743336
2026-08-17 00:10:00,247531231.4,18200971.444842
2026-08-17 00:15:00,247369706.5,18181673.42775
2026-08-17 00:20:00,247302806.8,18191594.468208
2026-08-17 00:25:00,247412112.2,18167471.398846
2026-08-17 00:30:00,247236918.2,18226884.14409259
2026-08-17 00:35:00,247234469.4,18194501.32318705
2026-08-17 00:40:00,247263159.9,18187238.97065338
2026-08-17 00:45:00,247227174.6,18220642.76802
2026-08-17 00:50:00,247152645.5,18208140.72432362
2026-08-17 00:55:00,247151522.8,18220010.260816
2026-08-17 01:00:00,246745366.7,18217210.423461
2026-08-17 01:05:00,246788068.9,18436712.35536888
2026-08-17 01:10:00,246561015.1,18373726.845252
2026-08-17 01:15:00,246596906.7,18365686.85168789
2026-08-17 01:20:00,246581560.7,18377723.718971
2026-08-17 01:25:00,246665146.0,18423908.15172908
2026-08-17 01:30:00,246524357.8,18428031.01867661
2026-08-17 01:35:00,246495904.8,18427760.23239367
2026-08-17 01:40:00,246399774.6,18398671.169382
2026-08-17 01:45:00,246403586.1,18406347.88167
2026-08-17 01:50:00,246704522.3,18413625.88314587
2026-08-17 01:55:00,246666564.7,18384059.067091
2026-08-17 02:00:00,246624900.8,18334095.125472
2026-08-17 02:05:00,246026962.8,18290532.57188771
2026-08-17 02:10:00,245940889.2,18275867.476452
2026-08-17 02:15:00,245908968.7,18234150.029105
2026-08-17 02:20:00,245923709.0,18252469.97816545
2026-08-17 02:25:00,246499697.2,18260697.568576
2026-08-17 02:30:00,246439874.8,18287038.87235028
2026-08-17 02:35:00,246421316.3,18331281.719557
2026-08-17 02:40:00,246483553.7,18329463.54997821
2026-08-17 02:45:00,246407834.2,18305638.002718
2026-08-17 02:50:00,246434633.3,18315290.5606063
2026-08-17 02:55:00,246352058.5,18382790.60527
2026-08-17 03:00:00,246339904.3,18401590.85121
2026-08-17 03:05:00,246303039.4,18393910.982392
2026-08-17 03:10:00,246522387.8,18461615.41682008
2026-08-17 03:15:00,246411507.5,18416796.07055
2026-08-17 03:20:00,246223396.6,18369444.79642971
2026-08-17 03:25:00,246134917.9,18351819.478624
2026-08-17 03:30:00,246048464.7,18345373.528032
2026-08-17 03:35:00,245935855.5,18323200.05945489
2026-08-17 03:40:00,245850017.5,18299882.93011513
2026-08-17 03:45:00,246122085.7,18326250.501222
2026-08-17 03:50:00,246087596.2,18328604.164976
2026-08-17 03:55:00,246062746.6,18332186.43221293
2026-08-17 04:00:00,246216136.9,18345564.360419
2026-08-17 04:05:00,246170607.4,18401252.90315
2026-08-17 04:10:00,246172870.3,18424377.67508047
2026-08-17 04:15:00,246128598.5,18410419.1678
2026-08-17 04:20:00,246316132.9,18446797.46681935
2026-08-17 04:25:00,246209959.3,18450095.3803873
2026-08-17 04:30:00,245619004.2,18424345.72495994
2026-08-17 04:35:00,245542498.6,18405865.695056
2026-08-17 04:40:00,245574455.5,18415628.417945
2026-08-17 04:45:00,245545320.1,18406077.194696
2026-08-17 04:50:00,245473240.1,18430130.866708
2026-08-17 04:55:00,245524812.7,18421726.696881
2026-08-17 05:00:00,245186338.1,18396330.947643
2026-08-17 05:05:00,245295496.6,18436063.65780579
2026-08-17 05:10:00,245378911.0,18437636.41413895
2026-08-17 05:15:00,245405725.6,18464628.64318649
2026-08-17 05:20:00,245414859.9,18452743.315881
2026-08-17 05:25:00,245371255.5,18447921.3158479
2026-08-17 05:30:00,245208178.2,18442107.082422
2026-08-17 05:35:00,245243498.4,18437406.209712
2026-08-17 05:40:00,245243034.6,18444728.632266
2026-08-17 05:45:00,245270436.5,18466411.164085
2026-08-17 05:50:00,245185378.7,18433036.770666
2026-08-17 05:55:00,245221888.1,18448736.61970632
2026-08-17 06:00:00,245406587.5,18481570.104625
2026-08-17 06:05:00,245777708.8,18509519.249728
2026-08-17 06:10:00,245806189.9,18521471.82834601
2026-08-17 06:15:00,245789571.8,18513573.50615135
2026-08-17 06:20:00,245749765.9,18507414.869929
2026-08-17 06:25:00,245731099.7,18478978.69744
2026-08-17 06:30:00,245839734.9,18499093.41719879
2026-08-17 06:35:00,245663441.5,18478804.06963
2026-08-17 06:40:00,245722368.4,18529923.801044
2026-08-17 06:45:00,245476183.4,18538361.370368
2026-08-17 06:50:00,245528773.6,18562760.97623552
2026-08-17 06:55:00,245452014.4,18504161.00678864
2026-08-17 07:00:00,245282806.5,18491870.782035
2026-08-17 07:05:00,245313250.0,18459822.0625
2026-08-17 07:10:00,245375304.6,18459584.165058
2026-08-17 07:15:00,244774421.5,18367872.58936
2026-08-17 07:20:00,244789119.1,18388871.95686445
2026-08-17 07:25:00,244772754.6,18397120.235736
2026-08-17 07:30:00,244737836.6,18401837.933954
2026-08-17 07:35:00,245080644.3,18518293.483308
2026-08-17 07:40:00,244984524.4,18493881.746956
2026-08-17 07:45:00,245020008.9,18457357.270437
2026-08-17 07:50:00,244998920.1,18460668.629535
2026-08-17 07:55:00,245045904.1,18476461.16914
2026-08-17 08:00:00,244777935.8,18444017.46253
2026-08-17 08:05:00,244855917.6,18373988.056704
2026-08-17 08:10:00,244500194.9,18337514.6175
2026-08-17 08:15:00,244442918.5,18272108.157875
2026-08-17 08:20:00,244350200.6,18232283.07084523
2026-08-17 08:25:00,244135755.6,18197879.222424
2026-08-17 08:30:00,244156488.7,18223417.92584255
2026-08-17 08:35:00,244258981.5,18210017.57209634
2026-08-17 08:40:00,244128959.1,18197604.53382514
2026-08-17 08:45:00,243966529.0,18187704.73695
2026-08-17 08:50:00,243964646.5,18159603.60843964
2026-08-17 08:55:00,243880364.6,18156746.81625124
2026-08-17 09:00:00,243811887.7,18181503.51778125
2026-08-17 09:05:00,243801267.1,18174626.24036432
2026-08-17 09:10:00,243819687.8,18196214.53657644
2026-08-17 09:15:00,243936321.5,18210766.03990706
2026-08-17 09:20:00,243956294.4,18227862.97634266
2026-08-17 09:25:00,244008979.9,18225030.708731
2026-08-17 09:30:00,244010042.7,18236319.91062464
2026-08-17 09:35:00,244016820.2,18229117.94210787
2026-08-17 09:40:00,244029041.0,18231050.93041973
2026-08-17 09:45:00,244044985.7,18200875.033506
2026-08-17 09:50:00,244049436.4,18194644.4773672
2026-08-17 09:55:00,244077041.8,18210588.088698
2026-08-17 10:00:00,244014665.7,18207215.28487193
2026-08-17 10:05:00,243997814.0,18204676.90254
2026-08-17 10:10:00,244009596.0,18200675.76564
2026-08-17 10:15:00,243986130.1,18201365.30546
2026-08-17 10:20:00,243897931.7,18172834.890967
2026-08-17 10:25:00,243720464.3,18135900.23102125
2026-08-17 10:30:00,243734141.9,18186729.96488365
2026-08-17 10:35:00,244209553.2,18242028.69941743
2026-08-17 10:40:00,244243424.1,18269395.9105088
2026-08-17 10:45:00,244372059.4,18294772.49118655
2026-08-17 10:50:00,244474888.1,18289166.378761
2026-08-17 10:55:00,244414392.5,18292241.99053175
2026-08-17 11:00:00,244474804.4,18301383.857384
2026-08-17 11:05:00,244849048.1,18354704.88988714
2026-08-17 11:10:00,244973895.1,18373042.1325
2026-08-17 11:15:00,244936423.4,18380029.211936
2026-08-17 11:20:00,244931027.2,18348554.78028768
2026-08-17 11:25:00,245140985.7,18358608.419073
2026-08-17 11:30:00,244817930.1,18322173.888684
2026-08-17 11:35:00,244906595.6,18327795.70139822
2026-08-17 11:40:00,245361731.6,18375140.079524
2026-08-17 11:45:00,245335666.5,18360921.28086
2026-08-17 11:50:00,245329903.9,18369871.42340114
2026-08-17 11:55:00,245200663.1,18346222.56597751
2026-08-17 12:00:00,245143609.8,18326936.268648
2026-08-17 12:05:00,245095815.2,18334564.02310664
2026-08-17 12:10:00,244775659.8,18299428.326648
2026-08-17 12:15:00,244856825.7,18342224.813187
2026-08-17 12:20:00,244755197.4,18337644.35412979
2026-08-17 12:25:00,244823776.2,18358340.99270663
2026-08-17 12:30:00,244879718.4,18361081.285632
2026-08-17 12:35:00,244857900.4,18334959.581952
2026-08-17 12:40:00,244813625.3,18287577.80991
2026-08-17 12:45:00,244463152.9,18271176.047746
2026-08-17 12:50:00,244474981.6,18296717.87142818
2026-08-17 12:55:00,244495138.6,18312910.81666751
2026-08-17 13:00:00,244505370.3,18323232.450282
2026-08-17 13:05:00,244487324.7,18297431.380548
2026-08-17 13:10:00,244418507.6,18309390.404316
2026-08-17 13:15:00,244276596.7,18280974.07979127
2026-08-17 13:20:00,244169390.8,18239453.49276
2026-08-17 13:25:00,244185990.8,18238251.652852
2026-08-17 13:30:00,244241709.3,18257067.770175
2026-08-17 13:35:00,244186748.9,18302873.69361765
2026-08-17 13:40:00,244745548.4,18370600.862904
2026-08-17 13:45:00,244646019.4,18350897.915194
2026-08-17 13:50:00,244734498.2,18377113.469838
2026-08-17 13:55:00,244523806.3,18326081.1869598
2026-08-17 14:00:00,244477499.7,18330922.927506
2026-08-17 14:05:00,244482281.6,18319575.66272499
2026-08-17 14:10:00,244569043.0,18347569.60586
2026-08-17 14:15:00,244535001.3,18352351.847565
2026-08-17 14:20:00,244457969.8,18314791.097416
2026-08-17 14:25:00,244158070.9,18272790.026156
2026-08-17 14:30:00,244156483.2,18248255.554368
2026-08-17 14:35:00,244275767.7,18265830.45386297
2026-08-17 14:40:00,244389985.8,18309697.736136
2026-08-17 14:45:00,244471629.2,18306035.594496
2026-08-17 14:50:00,244436502.3,18328169.15427201
2026-08-17 14:55:00,244445292.5,18338784.5117467
2026-08-17 15:00:00,244504995.9,18352007.08126302
2026-08-17 15:05:00,244488598.4,18358648.853856
2026-08-17 15:10:00,244469668.5,18369387.32897619
2026-08-17 15:15:00,244515110.7,18320015.9219713
2026-08-17 15:20:00,244493015.3,18297673.89529052
2026-08-17 15:25:00,244522163.8,18317155.290258
2026-08-17 15:30:00,244549382.3,18351643.48563039
2026-08-17 15:35:00,244693041.5,18377059.14925375
2026-08-17 15:40:00,244705139.5,18373183.75382153
2026-08-17 15:45:00,244729173.2,18391397.36598
2026-08-17 15:50:00,244642201.9,18404019.40361579
2026-08-17 15:55:00,243981247.1,18377060.34137983
2026-08-17 16:00:00,243896083.9,18366860.44482095
2026-08-17 16:05:00,243699725.7,18312988.91453175
2026-08-17 16:10:00,243707740.0,18326122.6067862
2026-08-17 16:15:00,243748760.2,18288469.477806
2026-08-17 16:20:00,244005828.6,18261396.212424
2026-08-17 16:25:00,244079970.1,18275277.85246322
2026-08-17 16:30:00,244206215.7,18261740.810046
2026-08-17 16:35:00,244411178.6,18291732.606424
2026-08-17 16:40:00,244575527.9,18294249.48692
2026-08-17 16:45:00,244756830.1,18293377.581209
2026-08-17 16:50:00,244809375.0,18309293.15625
2026-08-17 16:55:00,244924455.5,18314235.95699072
2026-08-17 17:00:00,245029873.7,18315657.16934298
2026-08-17 17:05:00,245072594.1,18333750.87614613
2026-08-17 17:10:00,244909887.6,18396712.3444335
2026-08-17 17:15:00,244906814.6,18376411.39874078
2026-08-17 17:20:00,243280523.8,18326061.54769354
2026-08-17 17:25:00,243781553.3,18368891.28484434
2026-08-17 17:30:00,243830885.4,18334670.80125354
2026-08-17 17:35:00,243812647.3,18328971.72724256
2026-08-17 17:40:00,243990258.5,18362365.2683481
2026-08-17 17:45:00,244008075.5,18344527.11609
2026-08-17 17:50:00,243522091.2,18378612.222864
2026-08-17 17:55:00,243240958.6,18390643.75217303
2026-08-17 18:00:00,242903836.2,18351234.22453156
2026-08-17 18:05:00,242937939.3,18369572.50609442
2026-08-17 18:10:00,242976142.0,18361238.10698594
2026-08-17 18:15:00,242915805.7,18364434.91092
2026-08-17 18:20:00,242934911.8,18385314.125024
2026-08-17 18:25:00,243221058.8,18423569.5672471
2026-08-17 18:30:00,243171493.3,18405460.65411223
2026-08-17 18:35:00,242937932.5,18375825.2143
2026-08-17 18:40:00,242828938.4,18370567.69651832
2026-08-17 18:45:00,243176287.8,18432903.65748692
2026-08-17 18:50:00,243177599.0,18424080.86110011
2026-08-17 18:55:00,243397260.1,18410568.753964
2026-08-17 19:00:00,243365866.6,18425229.760286
2026-08-17 19:05:00,243272998.0,18401595.2964665
2026-08-17 19:10:00,243482926.9,18419483.419985
2026-08-17 19:15:00,243193407.3,18400013.196318
2026-08-17 19:20:00,243225153.3,18396200.69601119
2026-08-17 19:25:00,243144240.7,18401156.136176
2026-08-17 19:30:00,243171799.5,18417068.53467957
2026-08-17 19:35:00,243167522.3,18384653.77506405
2026-08-17 19:40:00,243163756.4,18407700.61703538
2026-08-17 19:45:00,243281730.6,18413994.189114
2026-08-17 19:50:00,243178263.5,18377190.50600161
2026-08-17 19:55:00,243119050.7,18328745.232273
2026-08-17 20:00:00,243133259.5,18350820.7159932
2026-08-17 20:05:00,243234612.3,18336379.89196451
2026-08-17 20:10:00,243351528.9,18326803.641459
2026-08-17 20:15:00,243260045.6,18335828.10631915
2026-08-17 20:20:00,243234824.1,18308285.210007
2026-08-17 20:25:00,243169109.7,18337382.562477
2026-08-17 20:30:00,243184283.5,18365277.08992
2026-08-17 20:35:00,243168705.9,18370240.67939198
2026-08-17 20:40:00,243164674.3,18374585.41973469
2026-08-17 20:45:00,243148068.0,18388160.17580448
2026-08-17 20:50:00,243091083.7,18352649.97700974
2026-08-17 20:55:00,242117619.2,18214508.492416
2026-08-17 21:00:00,242287564.3,18228330.4530642
2026-08-17 21:05:00,242348336.7,18245722.84783351
2026-08-17 21:10:00,242339286.7,18258454.97837335
2026-08-17 21:15:00,242036592.0,18211970.7540624
2026-08-17 21:20:00,242013695.7,18192169.505769
2026-08-17 21:25:00,241829258.3,18182822.71695605
2026-08-17 21:30:00,241822925.6,18172992.85884
2026-08-17 21:35:00,241740024.3,18171597.626631
2026-08-17 21:40:00,241746928.8,18175585.70632428
2026-08-17 21:45:00,241797360.7,18175907.603819
2026-08-17 21:50:00,241744525.9,18167101.121385
2026-08-17 21:55:00,241482032.6,18142897.6730056
2026-08-17 22:00:00,241448518.7,18140027.209931
2026-08-17 22:05:00,241273514.3,18134117.334788
2026-08-17 22:10:00,241238775.7,18124269.218341
2026-08-17 22:15:00,241239798.8,18112284.093904
2026-08-17 22:20:00,240977308.5,18053075.32177068
2026-08-17 22:25:00,240924655.7,18054893.698158
2026-08-17 22:30:00,240933798.3,18044223.63468812
2026-08-17 22:35:00,240922939.0,18040309.67232
2026-08-17 22:40:00,240903505.3,18041781.45445339
2026-08-17 22:45:00,240927406.8,18045462.76932
2026-08-17 22:50:00,240912190.5,18044323.06845
2026-08-17 22:55:00,240900983.7,18041074.669293
2026-08-17 23:00:00,240963134.1,18037059.25918408
2026-08-17 23:05:00,241221496.3,18031306.848425
2026-08-17 23:10:00,241424734.2,18070641.35487
2026-08-17 23:15:00,241439551.8,18077117.65346652
2026-08-17 23:20:00,241532762.5,18087101.21400087
2026-08-17 23:25:00,241558765.5,18088145.01029192
2026-08-17 23:30:00,241508437.9,18142435.06127041
2026-08-17 23:35:00,241358387.1,18177993.81345586
2026-08-17 23:40:00,241551036.8,18145313.884416
2026-08-17 23:45:00,241601978.3,18139476.530764
2026-08-17 23:50:00,241511149.7,18144732.676961
2026-08-17 23:55:00,241494846.2,18143507.795006
2026-08-18 00:00:00,241444465.8,18139722.715554
2026-08-18 00:05:00,241262560.9,18133294.077244
2026-08-18 00:10:00,241497473.7,18124175.29838288
2026-08-18 00:15:00,241456447.4,18111648.119474
2026-08-18 00:20:00,241405378.6,18127137.12123536
2026-08-18 00:25:00,241397693.4,18114482.912736
2026-08-18 00:30:00,241357369.9,18125938.47949
2026-08-18 00:35:00,241361685.7,18155225.998354
2026-08-18 00:40:00,241320850.2,18138372.51828908
2026-08-18 00:45:00,241341117.0,18158505.64308
2026-08-18 00:50:00,241325210.8,18176238.41012715
2026-08-18 00:55:00,241306828.1,18157759.67813756
2026-08-18 01:00:00,241268823.8,18145828.237998
2026-08-18 01:05:00,241228321.5,18147606.626445
2026-08-18 01:10:00,240929395.6,18091388.315604
2026-08-18 01:15:00,240903352.2,18096035.8775818
2026-08-18 01:20:00,240875664.0,18104214.90624
2026-08-18 01:25:00,240875184.0,18107808.81846288
2026-08-18 01:30:00,240855290.0,18093049.3848
2026-08-18 01:35:00,240804019.7,18081973.839273
2026-08-18 01:40:00,240719862.2,18058804.062244
2026-08-18 01:45:00,240662889.8,18058900.43087477
2026-08-18 01:50:00,240628615.1,18026846.70253016
2026-08-18 01:55:00,240308082.4,17966400.68179607
2026-08-18 02:00:00,240298554.0,17948937.08801328
2026-08-18 02:05:00,240066368.8,17929534.40294091
2026-08-18 02:10:00,240023534.6,17924957.563928
2026-08-18 02:15:00,239951168.0,17895558.10944
2026-08-18 02:20:00,239899589.1,17925297.297552
2026-08-18 02:25:00,239936903.7,17966847.25125673
2026-08-18 02:30:00,240052488.5,17913499.26298251
2026-08-18 02:35:00,239936422.5,17834474.284425
2026-08-18 02:40:00,239703457.7,17810856.20693807
2026-08-18 02:45:00,239538545.5,17778550.84701
2026-08-18 02:50:00,238746889.8,17694740.06234039
2026-08-18 02:55:00,238805531.8,17671609.3532
2026-08-18 03:00:00,238793101.0,17629141.86235701
2026-08-18 03:05:00,238914830.0,17652637.9263542
2026-08-18 03:10:00,239013077.4,17654619.69770468
2026-08-18 03:15:00,238828776.8,17614546.55636622
2026-08-18 03:20:00,238873258.0,17643178.83588
2026-08-18 03:25:00,238836453.8,17633295.384054
2026-08-18 03:30:00,238845397.9,17622013.457062
2026-08-18 03:35:00,238807071.6,17612021.5305
2026-08-18 03:40:00,238854827.8,17688358.44450483
2026-08-18 03:45:00,238848778.4,17698694.47944
2026-08-18 03:50:00,238811338.5,17672039.049
2026-08-18 03:55:00,238638678.2,17668807.733928
2026-08-18 04:00:00,238657824.4,17672611.89682
2026-08-18 04:05:00,238611076.6,17651216.21371274
2026-08-18 04:10:00,238623998.6,17689526.31733607
2026-08-18 04:15:00,238516114.5,17696786.59596758
2026-08-18 04:20:00,238436604.5,17677689.85763
2026-08-18 04:25:00,238509551.2,17680713.030456
2026-08-18 04:30:00,238541999.4,17684105.97939952
2026-08-18 04:35:00,238039822.3,17685330.46485766
2026-08-18 04:40:00,238045302.1,17682005.039988
2026-08-18 04:45:00,238045565.7,17693912.61574706
2026-08-18 04:50:00,238070347.4,17683632.09593155
2026-08-18 04:55:00,238226419.8,17716898.840526
2026-08-18 05:00:00,238285764.2,17719120.05452336
2026-08-18 05:05:00,238297411.3,17731738.97052236
2026-08-18 05:10:00,238467060.1,17784873.342258
2026-08-18 05:15:00,238361394.7,17775996.46609616
2026-08-18 05:20:00,238294519.0,17774388.17221
2026-08-18 05:25:00,238298357.8,17769908.541146
2026-08-18 05:30:00,238321219.0,17780037.95592165
2026-08-18 05:35:00,237744482.9,17679219.42842018
2026-08-18 05:40:00,237641687.5,17654400.964375
2026-08-18 05:45:00,237547537.6,17686528.27227134
2026-08-18 05:50:00,237549275.2,17671290.582128
2026-08-18 05:55:00,237497782.7,17681709.922015
2026-08-18 06:00:00,237445542.9,17662244.24129076
2026-08-18 06:05:00,237627651.5,17653358.229935
2026-08-18 06:10:00,237545185.9,17666228.34902742
2026-08-18 06:15:00,237322743.1,17735128.591863
2026-08-18 06:20:00,237447488.5,17782653.74202976
2026-08-18 06:25:00,237342749.9,17828214.26721341
2026-08-18 06:30:00,237259464.6,17801568.13855942
2026-08-18 06:35:00,237225602.3,17807745.49242943
2026-08-18 06:40:00,237248981.2,17808508.76879444
2026-08-18 06:45:00,237325033.3,17819640.30884315
2026-08-18 06:50:00,237317693.1,17796109.69491401
2026-08-18 06:55:00,237411595.5,17765509.691265
2026-08-18 07:00:00,237514503.1,17751833.961694
2026-08-18 07:05:00,238298078.5,17829462.23337
2026-08-18 07:10:00,238400289.7,17818893.50921802
2026-08-18 07:15:00,238594656.5,17865967.87872
2026-08-18 07:20:00,238676905.4,17895994.366892
2026-08-18 07:25:00,238687824.3,17867695.53832764
2026-08-18 07:30:00,238797909.9,17851588.4923799
2026-08-18 07:35:00,238756395.5,17830327.61594
2026-08-18 07:40:00,238743292.4,17838898.808128
2026-08-18 07:45:00,238688126.0,17818068.6059
2026-08-18 07:50:00,238790805.0,17823734.91421215
2026-08-18 07:55:00,238822931.8,17835972.415721
2026-08-18 08:00:00,238852392.1,17891792.56780017
2026-08-18 08:05:00,238883763.0,17838210.23357634
2026-08-18 08:10:00,238874444.7,17822422.319067
2026-08-18 08:15:00,238884496.9,17890719.29405244
2026-08-18 08:20:00,239022488.6,17905174.621026
2026-08-18 08:25:00,239238302.7,17930910.787365
2026-08-18 08:30:00,239442924.7,17953384.99985031
2026-08-18 08:35:00,239516630.3,17972206.9998822
2026-08-18 08:40:00,239606990.1,18015865.08823662
2026-08-18 08:45:00,239576106.8,18030497.797768
2026-08-18 08:50:00,239767865.1,18068906.313936
2026-08-18 08:55:00,240000051.0,18141440.65505532
2026-08-18 09:00:00,240807290.6,18284131.54817629
2026-08-18 09:05:00,240607434.7,18206764.583749
2026-08-18 09:10:00,240626335.9,18219901.30879454
2026-08-18 09:15:00,244125406.4,18524235.837632
2026-08-18 09:20:00,244433196.0,18435151.64232
2026-08-18 09:25:00,243564733.6,18318503.614056
2026-08-18 09:30:00,242392709.5,18237627.46278
2026-08-18 09:35:00,242306049.6,18291683.684304
2026-08-18 09:40:00,243723382.4,18337747.291776
2026-08-18 09:45:00,243670145.5,18311811.434325
2026-08-18 09:50:00,242815264.0,18299670.38894912
2026-08-18 09:55:00,242964010.7,18327098.46923523
2026-08-18 10:00:00,242809878.6,18331147.88569896
2026-08-18 10:05:00,242594159.2,18313433.078008
2026-08-18 10:10:00,243214233.3,18341636.58296955
2026-08-18 10:15:00,243165825.1,18327408.237787
2026-08-18 10:20:00,242111548.2,18274579.658136
2026-08-18 10:25:00,242084662.2,18233816.756904
2026-08-18 10:30:00,242114689.7,18253171.72529682
2026-08-18 10:35:00,242043347.3,18217549.86271025
2026-08-18 10:40:00,242086823.9,18217094.02018097
2026-08-18 10:45:00,241776026.3,18183974.938023
2026-08-18 10:50:00,241608348.4,18185860.384068
2026-08-18 10:55:00,241387685.1,18148996.21682026
2026-08-18 11:00:00,241097251.8,18146240.10909491
2026-08-18 11:05:00,241005298.2,18152027.40961567
2026-08-18 11:10:00,241005501.7,18176524.07568322
2026-08-18 11:15:00,241021374.5,18167730.85898471
2026-08-18 11:20:00,241008132.6,18178563.79908407
2026-08-18 11:25:00,240937688.0,18159473.54456
2026-08-18 11:30:00,241050911.7,18174792.79799335
2026-08-18 11:35:00,241003478.0,18171949.03533882
2026-08-18 11:40:00,241012697.1,18175714.6682106
2026-08-18 11:45:00,241125473.7,18151925.660136
2026-08-18 11:50:00,241080762.1,18141327.348025
2026-08-18 11:55:00,241072026.9,18159003.55187075
2026-08-18 12:00:00,241173303.8,18174820.174368
2026-08-18 12:05:00,240689642.0,18131150.73186
2026-08-18 12:10:00,240629192.2,18108306.82352688
2026-08-18 12:15:00,240534621.7,18093610.77013582
2026-08-18 12:20:00,240370622.4,18075870.80448
2026-08-18 12:25:00,240442119.0,18132524.03509794
2026-08-18 12:30:00,240362625.8,18104112.975256
2026-08-18 12:35:00,240388369.4,18089224.79735
2026-08-18 12:40:00,240367976.7,18084334.70972027
2026-08-18 12:45:00,240347495.8,18077441.26917717
2026-08-18 12:50:00,240445383.2,18103630.62307122
2026-08-18 12:55:00,240439014.8,18117736.1636904
2026-08-18 13:00:00,240469563.0,18097671.97990236
2026-08-18 13:05:00,241479763.6,18157877.64009112
2026-08-18 13:10:00,241475684.3,18154141.945674
2026-08-18 13:15:00,241161904.0,18123317.0856
2026-08-18 13:20:00,240722202.4,18107124.064528
2026-08-18 13:25:00,240549306.1,18100861.40189198
2026-08-18 13:30:00,241894785.5,18233924.91623224
2026-08-18 13:35:00,241886841.5,18204788.29136799
2026-08-18 13:40:00,241366331.7,18174884.77701
2026-08-18 13:45:00,241255671.5,18140013.940085
2026-08-18 13:50:00,241253401.5,18137430.72477
2026-08-18 13:55:00,241160714.5,18099111.623225
2026-08-18 14:00:00,241214693.7,18138462.12046106
2026-08-18 14:05:00,241252434.0,18139770.51246
2026-08-18 14:10:00,241236158.8,18098672.85548395
2026-08-18 14:15:00,241148017.9,18063033.12310769
2026-08-18 14:20:00,241141503.0,18104904.04524
2026-08-18 14:25:00,239794548.3,18055695.00196192
2026-08-18 14:30:00,240480636.1,18216975.71887619
2026-08-18 14:35:00,239931899.9,18133222.83006835
2026-08-18 14:40:00,239958800.4,18069514.36423703
2026-08-18 14:45:00,239969947.3,18064668.86640303
2026-08-18 14:50:00,239929690.1,18054709.180025
2026-08-18 14:55:00,240071074.8,18054696.42511112
2026-08-18 15:00:00,240055541.1,18030571.692021
2026-08-18 15:05:00,239995940.3,18076427.02453272
2026-08-18 15:10:00,240088918.5,18051666.35260527
2026-08-18 15:15:00,239986281.2,18085366.151232
2026-08-18 15:20:00,239895618.9,18104922.358383
2026-08-18 15:25:00,240118466.8,18138548.982072
2026-08-18 15:30:00,239886835.4,18142641.361302
2026-08-18 15:35:00,239855457.5,18154659.578175
2026-08-18 15:40:00,239871127.7,18151048.233059
2026-08-18 15:45:00,239434321.8,18082352.93746285
2026-08-18 15:50:00,239443772.0,18092222.95718136
2026-08-18 15:55:00,238870099.9,18062575.84921133
2026-08-18 16:00:00,239004494.5,18068739.7842
2026-08-18 16:05:00,239040782.3,18042798.248004
2026-08-18 16:10:00,238920173.1,18045764.91273301
2026-08-18 16:15:00,238722141.6,17968615.598232
2026-08-18 16:20:00,238764296.2,17959549.51715079
2026-08-18 16:25:00,238556541.7,17924534.9952875
2026-08-18 16:30:00,238695033.1,17873484.078528
2026-08-18 16:35:00,238512254.5,17860756.43622309
2026-08-18 16:40:00,238446507.8,17870523.74837092
2026-08-18 16:45:00,238394717.2,17851346.86417028
2026-08-18 16:50:00,237869948.0,17814080.40572
2026-08-18 16:55:00,237852067.0,17809104.53952557
2026-08-18 17:00:00,237715586.8,17809651.763056
2026-08-18 17:05:00,237693142.0,17844467.9805941
2026-08-18 17:10:00,237720467.8,17851007.58783875
2026-08-18 17:15:00,237667360.3,17845631.63922838
2026-08-18 17:20:00,237583485.7,17846824.78883088
2026-08-18 17:25:00,237533560.8,17860148.436552
2026-08-18 17:30:00,237541182.7,17882406.66178168
2026-08-18 17:35:00,237489456.0,17880581.14224
2026-08-18 17:40:00,237437954.2,17883826.710344
2026-08-18 17:45:00,237444435.5,17862944.882665
2026-08-18 17:50:00,237382292.0,17863017.473
2026-08-18 17:55:00,237470091.0,17886247.25412
2026-08-18 18:00:00,237294726.6,17844563.44032
2026-08-18 18:05:00,237402587.6,17856855.24708764
2026-08-18 18:10:00,237344862.2,17860200.88055
2026-08-18 18:15:00,237258858.9,17875082.429526
2026-08-18 18:20:00,237169313.9,17870707.802365
2026-08-18 18:25:00,237247518.7,17874228.058858
2026-08-18 18:30:00,237368542.7,17892249.70105468
2026-08-18 18:35:00,237399141.8,17942161.83492607
2026-08-18 18:40:00,237313976.0,17921951.46752
2026-08-18 18:45:00,237175791.3,17903214.6062805
2026-08-18 18:50:00,237162566.4,17907142.19120813
2026-08-18 18:55:00,237115646.4,17895670.31326411
2026-08-18 19:00:00,237103042.5,17893367.58022178
2026-08-18 19:05:00,237122818.9,17899047.62746508
2026-08-18 19:10:00,237462732.9,17914188.569976
2026-08-18 19:15:00,237466098.4,17914594.44159897
2026-08-18 19:20:00,237529691.0,17874346.777441
2026-08-18 19:25:00,237529486.9,17894293.39679098
2026-08-18 19:30:00,237554875.7,17924966.83185553
2026-08-18 19:35:00,237595979.9,17894210.96775644
2026-08-18 19:40:00,237367913.3,17847693.401027
2026-08-18 19:45:00,237298221.2,17847398.54695781
2026-08-18 19:50:00,237370146.9,17821750.629252
2026-08-18 19:55:00,237364899.8,17824765.23694513
2026-08-18 20:00:00,236957266.1,17790751.538788
2026-08-18 20:05:00,236290066.7,17712303.399832
2026-08-18 20:10:00,236258421.1,17728831.919344
2026-08-18 20:15:00,236273138.7,17752053.85656171
2026-08-18 20:20:00,236248746.4,17727078.24780916
2026-08-18 20:25:00,236187819.4,17721840.5011109
2026-08-18 20:30:00,236121687.5,17716210.213125
2026-08-18 20:35:00,236081130.2,17736114.28476144
2026-08-18 20:40:00,236065131.4,17724544.35914299
2026-08-18 20:45:00,235991709.3,17713537.700058
2026-08-18 20:50:00,235961443.3,17706546.705232
2026-08-18 20:55:00,235929081.7,17702938.6453595
2026-08-18 21:00:00,235991277.8,17699987.73127561
2026-08-18 21:05:00,235896727.5,17707936.9769442
2026-08-18 21:10:00,235807293.9,17712818.15603954
2026-08-18 21:15:00,235892986.6,17722640.083258
2026-08-18 21:20:00,235832688.3,17701601.583798
2026-08-18 21:25:00,235839058.5,17712558.06037916
2026-08-18 21:30:00,235438506.7,17662596.772634
2026-08-18 21:35:00,235416058.3,17645349.33805179
2026-08-18 21:40:00,235304923.9,17638457.095544
2026-08-18 21:45:00,235131641.8,17620765.236492
2026-08-18 21:50:00,235124542.4,17616861.52151799
2026-08-18 21:55:00,235081060.6,17646195.25719658
2026-08-18 22:00:00,235057903.5,17638745.07864
2026-08-18 22:05:00,234949383.8,17637650.241866
2026-08-18 22:10:00,234899094.7,17636588.12367278
2026-08-18 22:15:00,234821551.4,17665310.65094312
2026-08-18 22:20:00,234874458.2,17686046.70246
2026-08-18 22:25:00,234882864.2,17682378.9690165
2026-08-18 22:30:00,234849573.2,17667376.42048474
2026-08-18 22:35:00,234830657.8,17661613.773138
2026-08-18 22:40:00,234873757.5,17671901.5143
2026-08-18 22:45:00,234854179.1,17662168.61400505
2026-08-18 22:50:00,234743941.2,17634579.89206994
2026-08-18 22:55:00,234599866.6,17593483.86385643
2026-08-18 23:00:00,234611770.1,17607613.346005
2026-08-18 23:05:00,234766304.9,17655602.30766755
2026-08-18 23:10:00,234828494.7,17663799.371334
2026-08-18 23:15:00,234803138.8,17675980.288864
2026-08-18 23:20:00,234812619.6,17703335.84330782
2026-08-18 23:25:00,234795654.5,17729419.871295
2026-08-18 23:30:00,235049176.8,17722707.93072
2026-08-18 23:35:00,234896382.0,17720583.05808
2026-08-18 23:40:00,234879095.7,17724500.34190541
2026-08-18 23:45:00,235100472.6,17712469.605684
2026-08-18 23:50:00,235147424.7,17716256.23316818
2026-08-18 23:55:00,235379331.0,17725904.29066842
2026-08-19 00:00:00,235330237.7,17703893.782171
2026-08-19 00:05:00,235320804.9,17661122.91195918
2026-08-19 00:10:00,235010475.7,17657291.18187234
2026-08-19 00:15:00,235017397.4,17646135.57299261
2026-08-19 00:20:00,234975617.4,17649018.622914
2026-08-19 00:25:00,235056054.8,17679851.63812776
2026-08-19 00:30:00,235025316.0,17662152.4974
2026-08-19 00:35:00,235009905.0,17663685.22416225
2026-08-19 00:40:00,234933562.0,17695195.88984
2026-08-19 00:45:00,234893043.8,17682748.337264
2026-08-19 00:50:00,234963265.4,17691681.24919101
2026-08-19 00:55:00,235013639.5,17678235.94278771
2026-08-19 01:00:00,234946696.6,17647837.85668565
2026-08-19 01:05:00,234791399.6,17651230.01611866
2026-08-19 01:10:00,235688122.8,17759955.60086576
2026-08-19 01:15:00,235749046.9,17767757.35497402
2026-08-19 01:20:00,235704822.4,17762715.416064
2026-08-19 01:25:00,234662354.6,17669413.55354003
2026-08-19 01:30:00,234572238.2,17658781.0580418
2026-08-19 01:35:00,234833988.1,17725206.01661122
2026-08-19 01:40:00,236003720.2,17841970.92853368
2026-08-19 01:45:00,235935879.1,17827315.024796
2026-08-19 01:50:00,235914428.3,17832771.635197
2026-08-19 01:55:00,235653232.8,17829226.67057467
2026-08-19 02:00:00,235841971.2,17811129.99430195
2026-08-19 02:05:00,235670609.4,17786060.891418
2026-08-19 02:10:00,235887343.4,17823843.45379902
2026-08-19 02:15:00,235834249.7,17829069.27732
2026-08-19 02:20:00,235854964.2,17793443.3242153
2026-08-19 02:25:00,236372073.7,17857910.168035
2026-08-19 02:30:00,236553454.5,17876304.34247774
2026-08-19 02:35:00,236553366.0,17876337.86862
2026-08-19 02:40:00,236577675.8,17908930.05806
2026-08-19 02:45:00,236628929.4,17871863.68563663
2026-08-19 02:50:00,236617711.5,17857538.686905
2026-08-19 02:55:00,236464993.6,17832392.68336064
2026-08-19 03:00:00,236979941.3,17890788.81944643
2026-08-19 03:05:00,236910743.6,17871264.81006112
2026-08-19 03:10:00,236917423.8,17858835.406044
2026-08-19 03:15:00,236949999.6,17906311.469772
2026-08-19 03:20:00,236895660.9,17947215.269784
2026-08-19 03:25:00,236960406.0,17921315.50578
2026-08-19 03:30:00,236944006.5,17937992.91736653
2026-08-19 03:35:00,236892869.6,17925683.442632
2026-08-19 03:40:00,236995444.5,17964254.6931
2026-08-19 03:45:00,236967699.0,17952672.87624
2026-08-19 03:50:00,236946052.6,17955771.866028
2026-08-19 03:55:00,237009249.1,17943970.249361
2026-08-19 04:00:00,236993197.0,17943868.8128959
2026-08-19 04:05:00,236475764.4,17888064.94782172
2026-08-19 04:10:00,236384483.7,17861211.588372
2026-08-19 04:15:00,235924054.2,17815182.11340991
2026-08-19 04:20:00,235516820.1,17776809.581148
2026-08-19 04:25:00,235458315.1,17781811.956352
2026-08-19 04:30:00,235655963.8,17773172.789796
2026-08-19 04:35:00,235191960.1,17748704.82287608
2026-08-19 04:40:00,235119298.4,17758699.32853806
2026-08-19 04:45:00,235123740.5,17775354.7818
2026-08-19 04:50:00,235150013.5,17774989.520465
2026-08-19 04:55:00,235120027.0,17786830.04255
2026-08-19 05:00:00,236825115.6,17929404.28377082
2026-08-19 05:05:00,236488295.6,17956423.85146247
2026-08-19 05:10:00,236189170.1,17949051.90635574
2026-08-19 05:15:00,237608266.0,18089117.29058
2026-08-19 05:20:00,237542333.5,18089098.11547517
2026-08-19 05:25:00,237100289.6,18008039.66045304
2026-08-19 05:30:00,237177142.8,18046830.14159485
2026-08-19 05:35:00,237085338.2,18039823.383638
2026-08-19 05:40:00,236806143.8,17997266.9288
2026-08-19 05:45:00,236704538.7,17980076.759652
2026-08-19 05:50:00,236687416.9,17983188.04117502
2026-08-19 05:55:00,236285610.5,17891546.42706
2026-08-19 06:00:00,235756371.3,17817884.22461689
2026-08-19 06:05:00,235549048.3,17781597.656167
2026-08-19 06:10:00,235604378.0,17778185.67820462
2026-08-19 06:15:00,235324967.0,17755268.76015
2026-08-19 06:20:00,235401895.2,17790531.18600533
2026-08-19 06:25:00,235396019.2,17795939.05152
2026-08-19 06:30:00,235399808.1,17788259.5628539
2026-08-19 06:35:00,235472404.0,17775437.37683764
2026-08-19 06:40:00,235582680.5,17811982.4237801
2026-08-19 06:45:00,235639508.6,17817165.09868285
2026-08-19 06:50:00,235443481.8,17790109.484808
2026-08-19 06:55:00,235388334.8,17821681.58836069
2026-08-19 07:00:00,237296290.3,18115198.801502
2026-08-19 07:05:00,237056736.2,18106393.510956
2026-08-19 07:10:00,237057450.3,18087483.45789
2026-08-19 07:15:00,237000245.6,18064158.719632
2026-08-19 07:20:00,236877723.9,18034685.5091265
2026-08-19 07:25:00,236762791.9,18069158.57659577
2026-08-19 07:30:00,236770173.3,18030399.11665148
2026-08-19 07:35:00,236656560.8,18031518.90602542
2026-08-19 07:40:00,236624870.3,18011885.127236
2026-08-19 07:45:00,237657172.4,18206915.977564
2026-08-19 07:50:00,237406309.5,18243516.34228464
2026-08-19 07:55:00,237611818.3,18245356.12471112
2026-08-19 08:00:00,237341369.5,18202132.09459271
2026-08-19 08:05:00,236922612.2,18134056.737788
2026-08-19 08:10:00,236910611.6,18141844.6768403
2026-08-19 08:15:00,236862797.9,18155533.459035
2026-08-19 08:20:00,236202237.6,18183023.04010382
2026-08-19 08:25:00,236328777.5,18189543.01400803
2026-08-19 08:30:00,236291696.0,18182253.76298464
2026-08-19 08:35:00,236550670.8,18251504.62431498
2026-08-19 08:40:00,236460387.6,18224675.98443666
2026-08-19 08:45:00,236549696.1,18261636.53892
2026-08-19 08:50:00,236755606.1,18345081.53289639
2026-08-19 08:55:00,236704626.2,18263440.14712976
2026-08-19 09:00:00,236635001.9,18278967.74211628
2026-08-19 09:05:00,236630234.2,18322279.034106
2026-08-19 09:10:00,236437728.9,18272163.04213921
2026-08-19 09:15:00,236384640.4,18260009.04467161
2026-08-19 09:20:00,237263054.1,18352297.234635
2026-08-19 09:25:00,237189810.6,18343074.002751
2026-08-19 09:30:00,237097057.8,18303892.86216
2026-08-19 09:35:00,235710854.4,18128521.811904
2026-08-19 09:40:00,235532133.8,18117131.731896
2026-08-19 09:45:00,235659512.0,18129286.25816
2026-08-19 09:50:00,235733843.5,18123217.88828
2026-08-19 09:55:00,235829945.0,18161264.06445
2026-08-19 10:00:00,235738709.0,18126776.77787859
2026-08-19 10:05:00,235568480.5,18149955.43426934
2026-08-19 10:10:00,234642171.9,18074026.60280008
2026-08-19 10:15:00,234743121.0,18091652.33547
2026-08-19 10:20:00,234902569.6,18097135.91163069
2026-08-19 10:25:00,235147886.3,18118144.639415
2026-08-19 10:30:00,235539593.5,18122416.32389
2026-08-19 10:35:00,235716045.0,18171052.9068333
2026-08-19 10:40:00,235663690.8,18162600.649956
2026-08-19 10:45:00,235722783.3,18158706.60437753
2026-08-19 10:50:00,235587345.9,18174675.57189096
2026-08-19 10:55:00,235826195.1,18193990.951965
2026-08-19 11:00:00,235744659.8,18204202.629756
2026-08-19 11:05:00,235562838.5,18150321.64609449
2026-08-19 11:10:00,235662681.7,18183732.519972
2026-08-19 11:15:00,235764837.3,18177468.95583
2026-08-19 11:20:00,235673351.0,18163345.16157
2026-08-19 11:25:00,235630400.1,18185954.279718
2026-08-19 11:30:00,235633685.4,18177703.81946591
2026-08-19 11:35:00,235658494.6,18176339.688498
2026-08-19 11:40:00,235722382.9,18160205.59816489
2026-08-19 11:45:00,235715443.6,18136530.80488413
2026-08-19 11:50:00,235889511.5,18137544.539235
2026-08-19 11:55:00,235883349.2,18139429.55348
2026-08-19 12:00:00,235795557.5,18143977.6948654
2026-08-19 12:05:00,235701854.0,18139831.52954568
2026-08-19 12:10:00,235613064.8,18142875.13070403
2026-08-19 12:15:00,235721303.1,18194240.71108171
2026-08-19 12:20:00,235685958.9,18201951.18634015
2026-08-19 12:25:00,235693497.1,18214393.455888
2026-08-19 12:30:00,235775784.8,18230183.680736
2026-08-19 12:35:00,235817335.7,18247545.436466
2026-08-19 12:40:00,235804389.4,18266990.25037687
2026-08-19 12:45:00,236583915.8,18340297.44358486
2026-08-19 12:50:00,236670408.9,18343840.58620485
2026-08-19 12:55:00,236850739.5,18315667.685535
2026-08-19 13:00:00,236860600.2,18314182.4063701
2026-08-19 13:05:00,236887418.3,18311397.43459
2026-08-19 13:10:00,236887010.9,18304081.66698483
2026-08-19 13:15:00,237000522.0,18365210.73986874
2026-08-19 13:20:00,237085966.9,18400417.33472451
2026-08-19 13:25:00,237837538.0,18375347.21288304
2026-08-19 13:30:00,238092896.2,18379112.07915349
2026-08-19 13:35:00,238551082.2,18424197.03037507
2026-08-19 13:40:00,238680756.6,18392739.103596
2026-08-19 13:45:00,238755054.3,18400940.37427109
2026-08-19 13:50:00,238677000.2,18399609.945418
2026-08-19 13:55:00,238674174.5,18389845.145225
2026-08-19 14:00:00,239020424.3,18468238.15131655
2026-08-19 14:05:00,238929424.8,18498962.57889662
2026-08-19 14:10:00,239422280.9,18552832.546941
2026-08-19 14:15:00,239703843.3,18608209.355379
2026-08-19 14:20:00,240731527.4,18692420.33948144
2026-08-19 14:25:00,240654089.2,18675801.76066713
2026-08-19 14:30:00,240707897.0,18661563.32535248
2026-08-19 14:35:00,240642706.8,18657060.34175589
2026-08-19 14:40:00,240758359.4,18704516.941786
2026-08-19 14:45:00,240953362.9,18754990.52670214
2026-08-19 14:50:00,241134550.2,18793260.03471836
2026-08-19 14:55:00,241084224.8,18847983.98160198
2026-08-19 15:00:00,241010222.7,18825354.28703931
2026-08-19 15:05:00,240847395.0,18829449.3411
2026-08-19 15:10:00,241083156.9,18981214.65719711
2026-08-19 15:15:00,241044557.6,18919587.326024
2026-08-19 15:20:00,241311650.5,18909545.31377225
2026-08-19 15:25:00,241555869.2,19001217.05627787
2026-08-19 15:30:00,240069996.4,19282683.78714408
2026-08-19 15:35:00,239441933.1,19203243.03462
2026-08-19 15:40:00,238134554.8,19185996.23497982
2026-08-19 15:45:00,237599936.1,19031754.88161
2026-08-19 15:50:00,237685367.6,18974422.895508
2026-08-19 15:55:00,238160486.0,18904017.15550832
2026-08-19 16:00:00,237976913.7,18983123.31447601
2026-08-19 16:05:00,238800780.0,19193703.4367964
2026-08-19 16:10:00,238778735.6,19157814.904027
2026-08-19 16:15:00,238983980.0,19294519.7953676
2026-08-19 16:20:00,239260353.1,19300752.26061557
2026-08-19 16:25:00,239934286.8,19439514.30602189
2026-08-19 16:30:00,239774086.3,19382476.34752218
2026-08-19 16:35:00,239613448.7,19360766.65496
2026-08-19 16:40:00,239262795.3,19334826.488193
2026-08-19 16:45:00,239382031.5,19360079.24925006
2026-08-19 16:50:00,238585265.2,19321512.76967194
2026-08-19 16:55:00,238482401.9,19318922.79251473
2026-08-19 17:00:00,238012194.1,19265261.55886625
2026-08-19 17:05:00,237581790.5,19137165.7084169
2026-08-19 17:10:00,237680928.8,19128917.6712172
2026-08-19 17:15:00,237355949.1,19031199.998838
2026-08-19 17:20:00,236832563.9,18913448.553054
2026-08-19 17:25:00,236669167.0,18898032.98495
2026-08-19 17:30:00,236591030.1,18912675.27780163
2026-08-19 17:35:00,236332054.9,18878544.86357106
2026-08-19 17:40:00,236360533.8,18918748.57397156
2026-08-19 17:45:00,236491420.7,18950031.52663472
2026-08-19 17:50:00,235851549.0,18959377.24282359
2026-08-19 17:55:00,235845071.9,18934856.97425228
2026-08-19 18:00:00,236042020.2,18963615.902868
2026-08-19 18:05:00,236416298.0,19014634.22948578
2026-08-19 18:10:00,236373697.6,18959534.284496
2026-08-19 18:15:00,236361818.0,18983368.68563366
2026-08-19 18:20:00,236407868.0,19007046.01432184
2026-08-19 18:25:00,236404205.5,18962785.0974537
2026-08-19 18:30:00,236352784.6,18974401.547688
2026-08-19 18:35:00,236360185.2,18949374.22378032
2026-08-19 18:40:00,236294978.5,18939297.72535178
2026-08-19 18:45:00,236183641.5,18977355.594525
2026-08-19 18:50:00,236255596.4,18976926.01111065
2026-08-19 18:55:00,236603044.6,19023137.95109772
2026-08-19 19:00:00,236549406.3,19008029.25948121
2026-08-19 19:05:00,237218450.9,19081852.190396
2026-08-19 19:10:00,237222320.8,19096985.13575558
2026-08-19 19:15:00,237130775.5,19119852.05725725
2026-08-19 19:20:00,236806430.2,19210355.68260682
2026-08-19 19:25:00,236502460.3,19511382.02401191
2026-08-19 19:30:00,238660461.5,19751134.07095545
2026-08-19 19:35:00,242110922.1,20080902.62102233
2026-08-19 19:40:00,241788807.2,19985339.1699085
2026-08-19 19:45:00,242000876.9,20086205.8831823
2026-08-19 19:50:00,241887672.8,20099893.22123534
2026-08-19 19:55:00,242356721.1,20226175.83460024
2026-08-19 20:00:00,242301680.0,20198268.0448
2026-08-19 20:05:00,241007660.7,19999680.90238791
2026-08-19 20:10:00,240525182.8,20055203.80927669
2026-08-19 20:15:00,240285627.0,20047029.86061
2026-08-19 20:20:00,239449776.2,19929617.98342682
2026-08-19 20:25:00,239436021.2,19967544.31247428
2026-08-19 20:30:00,239448386.3,19972523.99237933
2026-08-19 20:35:00,239448385.5,19998729.15696
2026-08-19 20:40:00,239274934.9,19985996.44812082
2026-08-19 20:45:00,239089719.8,19858792.126588
2026-08-19 20:50:00,238983943.0,19883464.0576
2026-08-19 20:55:00,236435540.6,20095441.56158879
2026-08-19 21:00:00,235918342.8,19954589.18089871
2026-08-19 21:05:00,235504242.1,20154773.32468726
2026-08-19 21:10:00,231703164.8,20154461.13586826
2026-08-19 21:15:00,232062687.1,20281190.4785375
2026-08-19 21:20:00,231477598.3,20164344.60087857
2026-08-19 21:25:00,232080909.6,20411167.8779556
2026-08-19 21:30:00,231952439.4,20435009.91114
2026-08-19 21:35:00,231207463.6,20362540.73846135
2026-08-19 21:40:00,231158828.4,20209118.3625771
2026-08-19 21:45:00,230647509.2,20209846.79357442
2026-08-19 21:50:00,230267531.5,20328017.68082
2026-08-19 21:55:00,230068160.6,20263053.08554528
2026-08-19 22:00:00,230190213.5,20505749.35335576
2026-08-19 22:05:00,230536248.5,20443954.51698
2026-08-19 22:10:00,229942164.5,20351380.78116254
2026-08-19 22:15:00,230295646.4,20385915.70558523
2026-08-19 22:20:00,230570915.8,20601760.34331906
2026-08-19 22:25:00,231358740.6,20662649.122986
2026-08-19 22:30:00,231159490.7,20759772.7436236
2026-08-19 22:35:00,231226914.8,20634423.96579998
2026-08-19 22:40:00,231551146.6,20793751.43595027
2026-08-19 22:45:00,231691405.4,20782753.81809081
2026-08-19 22:50:00,233096385.1,20768887.91241
2026-08-19 22:55:00,232193114.2,20836011.63791694
2026-08-19 23:00:00,232913348.1,20819166.91279831
2026-08-19 23:05:00,232712414.7,20974369.936911
2026-08-19 23:10:00,232637461.6,20893186.71091831
2026-08-19 23:15:00,232615070.5,20995005.82752832
2026-08-19 23:20:00,232725399.5,20866152.33740801
2026-08-19 23:25:00,232170812.3,20817396.21798092
2026-08-19 23:30:00,232122201.3,20967598.443429
2026-08-19 23:35:00,232084262.5,20884441.20408575
2026-08-19 23:40:00,232637989.6,20989048.41303193
2026-08-19 23:45:00,232618958.6,20921411.83899403
2026-08-19 23:50:00,232215629.4,20920306.052646
2026-08-19 23:55:00,232008618.7,20799718.83188478
2026-08-20 00:00:00,231875667.7,20740981.67491034
2026-08-20 00:05:00,232861149.8,20926036.95482753
2026-08-20 00:10:00,231264603.0,20575609.41626397
2026-08-20 00:15:00,230619044.0,20280493.43936228
2026-08-20 00:20:00,230925579.4,20455861.22068977
2026-08-20 00:25:00,230691665.9,20499261.431874
2026-08-20 00:30:00,230623983.7,20555515.667181
2026-08-20 00:35:00,230524042.1,20597323.161635
2026-08-20 00:40:00,230344785.4,20586279.71940679
2026-08-20 00:45:00,229677400.0,20402537.429072
2026-08-20 00:50:00,230153740.6,20557332.110392
2026-08-20 00:55:00,230090641.8,20423146.78490876
2026-08-20 01:00:00,230143058.7,20392976.431407
2026-08-20 01:05:00,230367959.0,20417512.20617
2026-08-20 01:10:00,230681942.1,20366763.33838548
2026-08-20 01:15:00,232888824.0,20482676.8707708
2026-08-20 01:20:00,232958913.3,20420868.50452331
2026-08-20 01:25:00,232935193.8,20328254.362926
2026-08-20 01:30:00,232596541.6,20320554.95648074
2026-08-20 01:35:00,233134428.8,20364292.35568
2026-08-20 01:40:00,232764801.7,20400484.83315514
2026-08-20 01:45:00,232889327.5,20366171.689875
2026-08-20 01:50:00,232698707.7,20368117.884981
2026-08-20 01:55:00,232393102.1,20404449.01044703
2026-08-20 02:00:00,232368724.2,20462389.853052
2026-08-20 02:05:00,232173078.3,20380152.813174
2026-08-20 02:10:00,232077340.5,20377184.20040451
2026-08-20 02:15:00,230939120.2,20306370.60719071
2026-08-20 02:20:00,230919689.4,20318145.46654894
2026-08-20 02:25:00,230674601.2,20250990.13498235
2026-08-20 02:30:00,230166438.0,20132658.33186
2026-08-20 02:35:00,230148792.4,20166562.38823345
2026-08-20 02:40:00,230216516.7,20157318.4887051
2026-08-20 02:45:00,230021734.1,20170861.18735385
2026-08-20 02:50:00,230065428.0,20139927.56712
2026-08-20 02:55:00,229637734.7,20255228.53849636
2026-08-20 03:00:00,229654875.2,20217405.13167427
2026-08-20 03:05:00,229302763.9,20121317.532225
2026-08-20 03:10:00,229340704.0,20032699.50095232
2026-08-20 03:15:00,229372555.6,20035692.73166
2026-08-20 03:20:00,229483827.2,20089014.233088
2026-08-20 03:25:00,229678777.9,20027989.43288
2026-08-20 03:30:00,229542878.7,20034502.452936
2026-08-20 03:35:00,229633295.1,20053875.661083
2026-08-20 03:40:00,229474358.5,20079006.36875
2026-08-20 03:45:00,229479055.8,20109249.659754
2026-08-20 03:50:00,229466899.7,20140309.786669
2026-08-20 03:55:00,229492615.6,20087488.643468
2026-08-20 04:00:00,229457427.3,20049934.92769145
2026-08-20 04:05:00,229364117.0,20065321.13539963
2026-08-20 04:10:00,229401602.4,20146727.7515111
2026-08-20 04:15:00,229465807.4,20158571.18009
2026-08-20 04:20:00,229519030.6,20161536.92143203
2026-08-20 04:25:00,229452234.1,20137145.66768206
2026-08-20 04:30:00,229538652.1,20124893.13832834
2026-08-20 04:35:00,229473771.4,20030933.02135912
2026-08-20 04:40:00,229575634.5,20030474.110125
2026-08-20 04:45:00,229735975.5,20077996.12535898
2026-08-20 04:50:00,229850693.0,20114234.14443
2026-08-20 04:55:00,229870280.9,20185516.22337057
2026-08-20 05:00:00,229916507.9,20184025.35377915
2026-08-20 05:05:00,229765038.6,20133993.25676473
2026-08-20 05:10:00,229746587.3,20150236.89450523
2026-08-20 05:15:00,229733404.5,20097078.22566
2026-08-20 05:20:00,229838776.1,20127611.38132351
2026-08-20 05:25:00,229862503.8,20109111.98968624
2026-08-20 05:30:00,229867296.7,20076609.693778
2026-08-20 05:35:00,229846085.2,20080454.96582011
2026-08-20 05:40:00,229873542.1,20065661.489909
2026-08-20 05:45:00,229770586.9,20068213.60937512
2026-08-20 05:50:00,229585397.7,20001479.847624
2026-08-20 05:55:00,229660343.0,20029817.62833128
2026-08-20 06:00:00,229726387.6,20070043.55541012
2026-08-20 06:05:00,229412321.2,19950610.80671359
2026-08-20 06:10:00,229493611.7,19999076.21062113
2026-08-20 06:15:00,229545975.1,19985732.50460764
2026-08-20 06:20:00,229739994.3,20046477.82023373
2026-08-20 06:25:00,229695534.7,20118455.3485809
2026-08-20 06:30:00,230515337.9,20221863.50598896
2026-08-20 06:35:00,232335170.0,20464081.7736
2026-08-20 06:40:00,231514871.0,20374357.41036563
2026-08-20 06:45:00,231336226.4,20417735.342064
2026-08-20 06:50:00,230973965.0,20445815.3818
2026-08-20 06:55:00,232034384.6,20678904.355552
2026-08-20 07:00:00,232652834.7,20693525.07605612
2026-08-20 07:05:00,232506195.2,20632599.762048
2026-08-20 07:10:00,232724456.4,20777639.467392
2026-08-20 07:15:00,232733403.6,20744431.26847397
2026-08-20 07:20:00,232409274.3,20647239.928812
2026-08-20 07:25:00,232228291.2,20540592.35664
2026-08-20 07:30:00,231786871.4,20523679.78581127
2026-08-20 07:35:00,231526319.9,20483767.90366953
2026-08-20 07:40:00,231498275.5,20552416.89889
2026-08-20 07:45:00,231576123.1,20577854.298666
2026-08-20 07:50:00,231976158.2,20732922.49364139
2026-08-20 07:55:00,231967890.3,20701693.68867624
2026-08-20 08:00:00,231972620.9,20638604.081473
2026-08-20 08:05:00,231741109.9,20598980.60268021
2026-08-20 08:10:00,231692493.3,20726964.8565751
2026-08-20 08:15:00,232731339.9,21047193.70803364
2026-08-20 08:20:00,232122275.1,20895647.204502
2026-08-20 08:25:00,231842205.4,20768424.759732
2026-08-20 08:30:00,232017650.3,20833414.70226821
2026-08-20 08:35:00,231834880.7,20826997.78842724
2026-08-20 08:40:00,233239370.2,20976923.87427586
2026-08-20 08:45:00,233075136.1,20939696.31010602
2026-08-20 08:50:00,233115991.7,20965676.01724564
2026-08-20 08:55:00,233146504.0,20966865.10472
2026-08-20 09:00:00,233233756.1,20930397.272414
2026-08-20 09:05:00,233008641.6,20905535.324352
2026-08-20 09:10:00,232912179.8,20892168.95825865
2026-08-20 09:15:00,232660654.9,20837088.252844
2026-08-20 09:20:00,232501233.7,20780869.59262486
2026-08-20 09:25:00,232089120.2,20767485.33342413
2026-08-20 09:30:00,231986007.1,20702252.64437853
2026-08-20 09:35:00,231889320.8,20665976.269696
2026-08-20 09:40:00,231836477.2,20628809.741256
2026-08-20 09:45:00,232348639.5,20685999.374685
2026-08-20 09:50:00,232359010.1,20707509.67749786
2026-08-20 09:55:00,232620007.3,20748641.57772664
2026-08-20 10:00:00,232612811.0,20734515.13600006
2026-08-20 10:05:00,232153483.8,20415821.12652999
2026-08-20 10:10:00,231204906.3,20321785.29587632
2026-08-20 10:15:00,231038637.2,20466774.85268097
2026-08-20 10:20:00,230859341.0,20461063.39283
2026-08-20 10:25:00,230491345.4,20463295.92931303
2026-08-20 10:30:00,230313967.0,20433455.15224
2026-08-20 10:35:00,232031602.8,20640262.17222069
2026-08-20 10:40:00,231954624.2,20597570.62896
2026-08-20 10:45:00,231885843.1,20586825.150418
2026-08-20 10:50:00,232331751.8,20607085.24637176
2026-08-20 10:55:00,232331084.6,20609021.79187684
2026-08-20 11:00:00,232378915.7,20595743.298491
2026-08-20 11:05:00,232519330.5,20636090.581875
2026-08-20 11:10:00,232477985.4,20610896.06758181
2026-08-20 11:15:00,232585558.5,20644294.17246
2026-08-20 11:20:00,232537626.3,20670269.601807
2026-08-20 11:25:00,232745258.5,20709673.10133
2026-08-20 11:30:00,232754985.3,20755439.35620822
2026-08-20 11:35:00,231724257.0,20728849.38232617
2026-08-20 11:40:00,231616586.2,20724920.11172187
2026-08-20 11:45:00,231915819.3,20666410.59555762
2026-08-20 11:50:00,232028996.5,20701524.97497154
2026-08-20 11:55:00,232216277.3,20641704.889197
2026-08-20 12:00:00,232734105.2,20609803.59610178
2026-08-20 12:05:00,232677380.5,20510511.091075
2026-08-20 12:10:00,232143729.0,20375115.8080926
2026-08-20 12:15:00,232252443.0,20390586.97551399
2026-08-20 12:20:00,232520084.0,20385035.76428
2026-08-20 12:25:00,232611058.5,20460468.70566
2026-08-20 12:30:00,232618487.3,20396668.21244692
2026-08-20 12:35:00,232602075.5,20371289.77229
2026-08-20 12:40:00,233167729.0,20409171.31937
2026-08-20 12:45:00,233208660.1,20410421.931952
2026-08-20 12:50:00,233330507.4,20418857.70130233
2026-08-20 12:55:00,233676469.2,20596099.1158771
2026-08-20 13:00:00,234013323.3,20592313.62150349
2026-08-20 13:05:00,233723342.7,20567654.1576
2026-08-20 13:10:00,233616252.4,20546341.48011537
2026-08-20 13:15:00,233446979.8,20515320.584824
2026-08-20 13:20:00,233551965.7,20536773.19112039
2026-08-20 13:25:00,233694001.2,20563125.43457
2026-08-20 13:30:00,233585939.2,20583592.962304
2026-08-20 13:35:00,233443244.9,20496316.90222
2026-08-20 13:40:00,233143959.2,20437399.463472
2026-08-20 13:45:00,233242321.9,20537065.74568445
2026-08-20 13:50:00,233492361.1,20570735.38600028
2026-08-20 13:55:00,233794093.4,20555176.691728
2026-08-20 14:00:00,233701917.5,20558757.682475
2026-08-20 14:05:00,233098843.7,20492052.68101349
2026-08-20 14:10:00,233205874.2,20507576.54334363
2026-08-20 14:15:00,233222235.0,20521224.45765
2026-08-20 14:20:00,233006878.2,20412332.22776402
2026-08-20 14:25:00,233051513.0,20443316.00860208
2026-08-20 14:30:00,233023013.9,20393284.0286149
2026-08-20 14:35:00,233082304.4,20412579.04774748
2026-08-20 14:40:00,233107010.0,20413931.4702722
2026-08-20 14:45:00,233092309.5,20416555.389105
2026-08-20 14:50:00,233235911.3,20454789.42101
2026-08-20 14:55:00,233455601.4,20561202.88422661
2026-08-20 15:00:00,233446906.4,20578344.79916
2026-08-20 15:05:00,232829150.4,20717137.802592
2026-08-20 15:10:00,232470881.2,20629465.997688
2026-08-20 15:15:00,232363509.8,20645497.84573
2026-08-20 15:20:00,232222933.8,20658552.190848
2026-08-20 15:25:00,231918085.5,20608241.07753
2026-08-20 15:30:00,231758874.6,20686797.146796
2026-08-20 15:35:00,231676638.2,20615715.53226404
2026-08-20 15:40:00,231820567.5,20559164.6667234
2026-08-20 15:45:00,231784412.4,20641711.50615006
2026-08-20 15:50:00,231714392.3,20680509.512775
2026-08-20 15:55:00,231585770.0,20740821.5612
2026-08-20 16:00:00,231676076.7,20747503.15546643
2026-08-20 16:05:00,232135839.5,20747356.54164324
2026-08-20 16:10:00,231845739.2,20801199.721024
2026-08-20 16:15:00,231849497.8,20690249.183672
2026-08-20 16:20:00,231846994.5,20712621.59726397
2026-08-20 16:25:00,231657114.9,20703432.6488702
2026-08-20 16:30:00,231596107.6,20737370.23022236
2026-08-20 16:35:00,231583546.6,20784623.30735
2026-08-20 16:40:00,231667865.9,20891349.44448752
2026-08-20 16:45:00,231724893.5,20909243.90143018
2026-08-20 16:50:00,231663137.0,20859254.65082084
2026-08-20 16:55:00,231619358.4,20886138.98829854
2026-08-20 17:00:00,231968263.1,20964711.69832025
2026-08-20 17:05:00,232110899.4,20910870.926946
2026-08-20 17:10:00,232065653.4,20932321.93668
2026-08-20 17:15:00,231830046.4,20923259.80911971
2026-08-20 17:20:00,231577988.4,20833561.72786363
2026-08-20 17:25:00,231502447.0,20825703.16440383
2026-08-20 17:30:00,231507664.8,20843570.35290979
2026-08-20 17:35:00,231434485.0,20776396.7603861
2026-08-20 17:40:00,231433060.0,20849545.1703728
2026-08-20 17:45:00,231438300.3,20831761.410003
2026-08-20 17:50:00,231516618.4,20842093.72783291
2026-08-20 17:55:00,231671090.4,20894415.643176
2026-08-20 18:00:00,231819695.1,20852181.574245
2026-08-20 18:05:00,231393939.0,20725955.11623
2026-08-20 18:10:00,231207186.4,20702291.470256
2026-08-20 18:15:00,232061200.8,20729588.47179449
2026-08-20 18:20:00,231966417.6,20679806.12904
2026-08-20 18:25:00,232065824.3,20688930.47072646
2026-08-20 18:30:00,231227474.0,20516737.46295358
2026-08-20 18:35:00,231579819.5,20440916.13855957
2026-08-20 18:40:00,231386574.5,20464048.46602577
2026-08-20 18:45:00,231093060.3,20505427.9981801
2026-08-20 18:50:00,231068869.9,20554093.57187358
2026-08-20 18:55:00,231352875.0,20585147.22415125
2026-08-20 19:00:00,231108696.3,20513522.19141497
2026-08-20 19:05:00,231219123.0,20505566.18684088
2026-08-20 19:10:00,231258780.7,20543464.45544266
2026-08-20 19:15:00,231739279.6,20578448.02848
2026-08-20 19:20:00,231620630.3,20576875.68903261
2026-08-20 19:25:00,231632165.9,20591925.82438558
2026-08-20 19:30:00,231743679.4,20548712.052398
2026-08-20 19:35:00,231670880.4,20542256.965068
2026-08-20 19:40:00,231038907.5,20546290.043975
2026-08-20 19:45:00,231104468.5,20593719.188035
2026-08-20 19:50:00,230580639.7,20547040.803667
2026-08-20 19:55:00,231563604.8,20641579.731872
2026-08-20 20:00:00,231491006.8,20617461.78670364
2026-08-20 20:05:00,231045382.5,20597695.849875
2026-08-20 20:10:00,231032492.7,20649684.197526
2026-08-20 20:15:00,231157108.4,20695482.0456255
2026-08-20 20:20:00,231228514.1,20730956.60388051
2026-08-20 20:25:00,229638200.1,20616127.64956966
2026-08-20 20:30:00,229342792.1,20575119.35135622
2026-08-20 20:35:00,229759196.2,20613995.083064
2026-08-20 20:40:00,229706902.7,20548130.06498596
2026-08-20 20:45:00,229822696.4,20561737.93165681
2026-08-20 20:50:00,229856409.5,20587450.19143042
2026-08-20 20:55:00,231090378.1,20677906.9488897
2026-08-20 21:00:00,231033868.9,20709735.07753597
2026-08-20 21:05:00,230935440.3,20735295.97557968
2026-08-20 21:10:00,230907866.8,20742453.674644
2026-08-20 21:15:00,230913530.0,20756817.2117
2026-08-20 21:20:00,230105690.6,20667280.85660418
2026-08-20 21:25:00,229977449.2,20677619.72352029
2026-08-20 21:30:00,229659556.6,20644097.542774
2026-08-20 21:35:00,229706381.4,20683927.1926097
2026-08-20 21:40:00,230278988.3,20749564.57555746
2026-08-20 21:45:00,230185271.1,20762711.45322
2026-08-20 21:50:00,230185294.0,20726786.19811248
2026-08-20 21:55:00,230161537.5,20721606.63581663
2026-08-20 22:00:00,230182269.3,20724573.40573746
2026-08-20 22:05:00,230167861.0,20664880.25937258
2026-08-20 22:10:00,230174115.2,20711066.885696
2026-08-20 22:15:00,230104138.7,20762984.44627572
2026-08-20 22:20:00,230232976.9,20766738.23680772
2026-08-20 22:25:00,230090526.4,20838882.51219522
2026-08-20 22:30:00,229812909.6,20745365.32424143
2026-08-20 22:35:00,229860392.1,20750741.13958826
2026-08-20 22:40:00,229214952.2,20767083.2549265
2026-08-20 22:45:00,229799435.5,20776166.963555
2026-08-20 22:50:00,229827436.5,20812965.80474715
2026-08-20 22:55:00,229551456.6,20774406.8223
2026-08-20 23:00:00,229554491.1,20734250.01203256
2026-08-20 23:05:00,229644283.3,20780511.195817
2026-08-20 23:10:00,229556546.4,20786345.27652
2026-08-20 23:15:00,229276885.0,20757300.77290645
2026-08-20 23:20:00,229199142.6,20798628.06341706
2026-08-20 23:25:00,229489144.7,20857630.38196074
2026-08-20 23:30:00,229343770.6,20892180.86781689
2026-08-20 23:35:00,229510772.7,20883267.83185117
2026-08-20 23:40:00,229400122.5,20832091.2283671
2026-08-20 23:45:00,229654089.1,20893929.026318
2026-08-20 23:50:00,229795030.1,20899857.987595
2026-08-20 23:55:00,229801648.2,20934930.15102
2026-08-21 00:00:00,229835463.3,20888947.73027935
2026-08-21 00:05:00,229994342.7,20878886.430306
2026-08-21 00:10:00,230476722.8,20950334.10252
2026-08-21 00:15:00,230683076.2,21068285.349346
2026-08-21 00:20:00,230185138.4,21156316.070344
2026-08-21 00:25:00,229652957.1,21031617.811218
2026-08-21 00:30:00,229404212.6,20901017.809986
2026-08-21 00:35:00,229530369.0,20935464.95649
2026-08-21 00:40:00,229058806.6,20787086.69895
2026-08-21 00:45:00,229198972.1,20772616.84401478
2026-08-21 00:50:00,229333481.0,20800881.55358226
2026-08-21 00:55:00,229432373.6,20795750.343104
2026-08-21 01:00:00,229212979.7,20785901.71638906
2026-08-21 01:05:00,229238091.6,20881527.0019356
2026-08-21 01:10:00,229309892.4,20937219.98404434
2026-08-21 01:15:00,229368766.4,20896272.1791581
2026-08-21 01:20:00,230330959.1,21067617.34333115
2026-08-21 01:25:00,230413208.6,20974514.378858
2026-08-21 01:30:00,230588954.1,20985900.712641
2026-08-21 01:35:00,230692930.7,21057650.714296
2026-08-21 01:40:00,230631716.2,21049756.737574
2026-08-21 01:45:00,230569115.2,21146194.48510221
2026-08-21 01:50:00,230562582.4,21276315.103872
2026-08-21 01:55:00,230736614.9,21112400.26335
2026-08-21 02:00:00,230743727.4,21108436.182552
2026-08-21 02:05:00,230048634.9,21012642.311766
2026-08-21 02:10:00,229889352.6,21003105.05437068
2026-08-21 02:15:00,229770608.9,20953353.95440716
2026-08-21 02:20:00,229803679.2,20935115.17512
2026-08-21 02:25:00,229711415.3,20910198.27729823
2026-08-21 02:30:00,229636105.6,20967354.04132547
2026-08-21 02:35:00,229458077.9,20883154.0578182
2026-08-21 02:40:00,229154531.2,20985692.39876794
2026-08-21 02:45:00,229011873.4,20975023.43568222
2026-08-21 02:50:00,228734531.0,20969659.00096204
2026-08-21 02:55:00,228119758.0,20872706.9252662
2026-08-21 03:00:00,227943048.1,20856392.28024631
2026-08-21 03:05:00,227812032.4,20758232.392288
2026-08-21 03:10:00,227446339.3,20624834.047724
2026-08-21 03:15:00,227204492.5,20596153.13442783
2026-08-21 03:20:00,227117528.0,20620000.36712
2026-08-21 03:25:00,226754714.8,20670959.801168
2026-08-21 03:30:00,226765041.8,20658295.30798
2026-08-21 03:35:00,226794910.2,20682328.2369315
2026-08-21 03:40:00,227195896.5,20709639.8087207
2026-08-21 03:45:00,227216222.9,20667587.634984
2026-08-21 03:50:00,227021753.4,20649312.97314023
2026-08-21 03:55:00,226045742.9,20556599.859326
2026-08-21 04:00:00,225913307.6,20514591.05202394
2026-08-21 04:05:00,225988755.0,20628253.5564
2026-08-21 04:10:00,225939815.5,20558492.01155866
2026-08-21 04:15:00,225753826.1,20499797.41776008
2026-08-21 04:20:00,225967703.0,20560801.29597
2026-08-21 04:25:00,226087365.3,20539664.09335225
2026-08-21 04:30:00,226025036.8,20529854.092544
2026-08-21 04:35:00,225993266.6,20547307.799272
2026-08-21 04:40:00,226032638.8,20559124.14905387
2026-08-21 04:45:00,226016666.9,20576557.354576
2026-08-21 04:50:00,225978281.2,20571521.54857022
2026-08-21 04:55:00,226239820.1,20654093.79720369
2026-08-21 05:00:00,226263808.9,20634833.99571927
2026-08-21 05:05:00,226389814.6,20535820.082366
2026-08-21 05:10:00,226212564.1,20619275.217715
2026-08-21 05:15:00,226127976.1,20674880.854823
2026-08-21 05:20:00,226266817.5,20689837.7922
2026-08-21 05:25:00,226402628.6,20632438.31657633
2026-08-21 05:30:00,226138570.8,20536464.49736
2026-08-21 05:35:00,226339811.8,20617961.15930681
2026-08-21 05:40:00,226430716.1,20709518.58892875
2026-08-21 05:45:00,227154363.0,20757040.86020091
2026-08-21 05:50:00,227083485.7,20774716.7934205
2026-08-21 05:55:00,226910046.4,20881015.81108205
2026-08-21 06:00:00,226762992.7,20857660.068546
2026-08-21 06:05:00,226837169.0,20913595.32008019
2026-08-21 06:10:00,227068977.2,20967549.354648
2026-08-21 06:15:00,226876230.4,20965632.451264
2026-08-21 06:20:00,226327282.2,21001200.47753204
2026-08-21 06:25:00,225980440.2,20868694.80430347
2026-08-21 06:30:00,226009400.4,20835813.40315801
2026-08-21 06:35:00,226039072.9,20895689.32906158
2026-08-21 06:40:00,226008577.2,20866472.41873875
2026-08-21 06:45:00,225606244.1,20752645.29859433
2026-08-21 06:50:00,225520661.2,20716361.76593118
2026-08-21 06:55:00,225619264.5,20732244.4626108
2026-08-21 07:00:00,225659508.5,20746877.95965031
2026-08-21 07:05:00,226347274.3,20924202.97033296
2026-08-21 07:10:00,226290586.0,20923409.14836602
2026-08-21 07:15:00,226461360.0,20963528.0952
2026-08-21 07:20:00,226536856.4,21151746.282068
2026-08-21 07:25:00,226258297.7,21062491.27429292
2026-08-21 07:30:00,226127114.1,21079162.54759662
2026-08-21 07:35:00,226075061.5,21149898.49473183
2026-08-21 07:40:00,225946988.8,21167118.35589395
2026-08-21 07:45:00,225893176.8,21186521.052072
2026-08-21 07:50:00,225965564.7,21241687.28095963
2026-08-21 07:55:00,225782601.6,21180665.856096
2026-08-21 08:00:00,225857202.7,21191436.00057209
2026-08-21 08:05:00,225813787.6,21136170.51936
2026-08-21 08:10:00,226082043.5,21143192.70812
2026-08-21 08:15:00,226012399.3,21089216.978683
2026-08-21 08:20:00,226056224.0,21313738.20658688
2026-08-21 08:25:00,225898212.6,21238949.948652
2026-08-21 08:30:00,226164916.2,21365080.42898049
2026-08-21 08:35:00,226550815.7,21431906.52993782
2026-08-21 08:40:00,225891579.4,21443885.3735262
2026-08-21 08:45:00,225851184.2,21438106.0788982
2026-08-21 08:50:00,225669155.3,21574684.36121075
2026-08-21 08:55:00,225691705.2,21824387.89284
2026-08-21 09:00:00,225825619.8,21966058.037946
2026-08-21 09:05:00,223690386.6,21398222.382156
2026-08-21 09:10:00,222908130.7,21284396.23437734
2026-08-21 09:15:00,223200143.5,21329005.71286
2026-08-21 09:20:00,223027337.3,21151694.10274145
2026-08-21 09:25:00,223174931.2,21136953.5276848
2026-08-21 09:30:00,223629358.0,21302501.03841906
2026-08-21 09:35:00,223687941.1,21362198.37505
2026-08-21 09:40:00,224348681.1,21546447.332844
2026-08-21 09:45:00,224014101.0,21528059.76527736
2026-08-21 09:50:00,224066154.8,21604982.96061823
2026-08-21 09:55:00,223928938.4,21557455.27803851
2026-08-21 10:00:00,223579371.6,21460708.67018177
2026-08-21 10:05:00,223488804.5,21376022.50957128
2026-08-21 10:10:00,222621283.5,21347079.18357861
2026-08-21 10:15:00,222547686.5,21333421.22789
2026-08-21 10:20:00,222699619.0,21345758.48115
2026-08-21 10:25:00,223109554.6,21322580.133122
2026-08-21 10:30:00,222980164.8,21212103.077424
2026-08-21 10:35:00,222806025.4,21072993.882332
2026-08-21 10:40:00,222859803.3,21142455.47889524
2026-08-21 10:45:00,222974376.8,21243841.38448841
2026-08-21 10:50:00,222750475.7,21261532.905565
2026-08-21 10:55:00,222602305.4,21279778.6858657
2026-08-21 11:00:00,222405035.8,21321472.59486581
2026-08-21 11:05:00,222537453.0,21383606.05577376
2026-08-21 11:10:00,222522519.8,21331651.83811022
2026-08-21 11:15:00,222377890.7,21308249.486874
2026-08-21 11:20:00,222486442.0,21205556.56424256
2026-08-21 11:25:00,222514183.8,21311876.71546472
2026-08-21 11:30:00,222607619.6,21312598.19545674
2026-08-21 11:35:00,222710188.2,21031026.39675133
2026-08-21 11:40:00,222263949.7,21184214.86833318
2026-08-21 11:45:00,222902739.9,21163910.78084692
2026-08-21 11:50:00,223044045.4,21175877.50525144
2026-08-21 11:55:00,222777806.2,21368847.170704
2026-08-21 12:00:00,223217258.7,21361152.8084637
2026-08-21 12:05:00,223136394.7,21375299.60891572
2026-08-21 12:10:00,223130645.0,21445465.6130465
2026-08-21 12:15:00,222511183.0,21522187.24027481
2026-08-21 12:20:00,222681516.2,21522328.87142167
2026-08-21 12:25:00,223616002.0,21612598.401301
2026-08-21 12:30:00,223613335.0,21571978.42745
2026-08-21 12:35:00,223704372.9,21560627.460102
2026-08-21 12:40:00,223562560.2,21715031.64920876
2026-08-21 12:45:00,223864834.6,21811914.21416399
2026-08-21 12:50:00,223669107.3,21698697.03525018
2026-08-21 12:55:00,223483286.9,21608599.010361
2026-08-21 13:00:00,223339772.4,21599189.388804
2026-08-21 13:05:00,223145334.6,21477738.45525
2026-08-21 13:10:00,223556113.0,21533000.81323842
2026-08-21 13:15:00,223663758.8,21561186.34832
2026-08-21 13:20:00,222555279.9,21300465.38960113
2026-08-21 13:25:00,222900446.7,21362219.33160678
2026-08-21 13:30:00,223058118.9,21429610.60140534
2026-08-21 13:35:00,222965109.4,21316708.60395045
2026-08-21 13:40:00,222763638.8,21382647.29931634
2026-08-21 13:45:00,222966066.1,21581904.49274108
2026-08-21 13:50:00,223043245.2,21659214.31147559
2026-08-21 13:55:00,224148644.0,21612412.25448
2026-08-21 14:00:00,224026955.3,21717173.046782
2026-08-21 14:05:00,223925706.6,21577481.087976
2026-08-21 14:10:00,223985021.4,21723037.23051466
2026-08-21 14:15:00,223965057.6,21627819.60825701
2026-08-21 14:20:00,223691219.5,21497576.2205841
2026-08-21 14:25:00,223574654.6,21584538.8143427
2026-08-21 14:30:00,223243952.0,21643740.01742864
2026-08-21 14:35:00,223348846.4,21642639.45895631
2026-08-21 14:40:00,223629624.7,21616039.523502
2026-08-21 14:45:00,223642262.6,21674307.77126001
2026-08-21 14:50:00,223806682.5,21825849.24601568
2026-08-21 14:55:00,223452371.3,21828074.49281585
2026-08-21 15:00:00,223389547.8,21798635.77904971
2026-08-21 15:05:00,223429580.4,21878233.44995122
2026-08-21 15:10:00,223498336.3,21937640.11832864
2026-08-21 15:15:00,224791700.3,22123999.143526
2026-08-21 15:20:00,223914145.6,21764454.95232
2026-08-21 15:25:00,224060376.5,21830202.482395
2026-08-21 15:30:00,224103688.4,21870278.950956
2026-08-21 15:35:00,224201755.3,21877607.282174
2026-08-21 15:40:00,225235969.9,22173816.7905438
2026-08-21 15:45:00,225390905.8,22131879.0844002
2026-08-21 15:50:00,225496979.9,22151332.77033886
2026-08-21 15:55:00,225263984.7,21984271.40650144
2026-08-21 16:00:00,225162545.9,21986807.37957074
2026-08-21 16:05:00,225527099.5,22063304.86773003
2026-08-21 16:10:00,225234702.2,21880967.9608513
2026-08-21 16:15:00,225214097.0,21768530.23443385
2026-08-21 16:20:00,225486552.2,21972864.03462969
2026-08-21 16:25:00,225437857.9,22050825.33488723
2026-08-21 16:30:00,224970254.2,22152820.931074
2026-08-21 16:35:00,224968886.9,22181770.27074143
2026-08-21 16:40:00,225183883.0,22213561.38126056
2026-08-21 16:45:00,225330276.2,22255116.52384873
2026-08-21 16:50:00,225305325.4,22201708.42979172
2026-08-21 16:55:00,225309081.0,22165907.38878
2026-08-21 17:00:00,225056628.6,22071303.566802
2026-08-21 17:05:00,225122573.4,22064263.418934
2026-08-21 17:10:00,225401201.4,22111857.85734
2026-08-21 17:15:00,225314244.0,22037986.20564
2026-08-21 17:20:00,225270024.8,21903457.30405385
2026-08-21 17:25:00,225537930.8,21848021.74390618
2026-08-21 17:30:00,225630229.3,21970556.30499718
2026-08-21 17:35:00,225970003.5,22061496.6357057
2026-08-21 17:40:00,225994303.2,22083053.67667529
2026-08-21 17:45:00,226082918.9,22067953.713829
2026-08-21 17:50:00,226291083.5,22203681.11302
2026-08-21 17:55:00,227867122.1,22374272.718999
2026-08-21 18:00:00,227934071.5,22394522.524875
2026-08-21 18:05:00,227728070.0,22406725.0183522
2026-08-21 18:10:00,227738752.9,22432267.16065
2026-08-21 18:15:00,227621478.2,22422991.817482
2026-08-21 18:20:00,227635562.8,22478711.34755711
2026-08-21 18:25:00,227480945.9,22456918.979248
2026-08-21 18:30:00,227536351.4,22412330.6129
2026-08-21 18:35:00,227546786.0,22406532.01742
2026-08-21 18:40:00,227337230.5,22326130.12943655
2026-08-21 18:45:00,227353526.1,22159143.28638164
2026-08-21 18:50:00,225258136.3,21732904.990224
2026-08-21 18:55:00,225236017.5,21818613.015225
2026-08-21 19:00:00,225291974.8,21847148.55549048
2026-08-21 19:05:00,221511016.6,21042089.03451077
2026-08-21 19:10:00,220898338.6,21053820.651966
2026-08-21 19:15:00,220685722.6,21000453.362616
2026-08-21 19:20:00,220358445.7,20937948.27881998
2026-08-21 19:25:00,220198284.1,21003699.2062093
2026-08-21 19:30:00,220116146.9,21021657.72744753
2026-08-21 19:35:00,219885885.2,20893677.74894086
2026-08-21 19:40:00,219761789.6,20881765.247792
2026-08-21 19:45:00,219338647.4,20782189.88425624
2026-08-21 19:50:00,219204278.1,20858913.5569585
2026-08-21 19:55:00,219264764.2,20869683.84333762
2026-08-21 20:00:00,219338474.7,20881022.79144
2026-08-21 20:05:00,219332137.9,21027378.64043714
2026-08-21 20:10:00,219562063.4,21042571.26864182
2026-08-21 20:15:00,220275895.6,21199281.70425741
2026-08-21 20:20:00,220298937.0,21276471.33546
2026-08-21 20:25:00,220343071.3,21285140.68758
2026-08-21 20:30:00,220395778.3,21289394.67982246
2026-08-21 20:35:00,220323633.0,21285875.98608738
2026-08-21 20:40:00,220367518.6,21285298.621574
2026-08-21 20:45:00,220360553.5,21364751.16342314
2026-08-21 20:50:00,220372551.5,21314078.38127209
2026-08-21 20:55:00,220293129.8,21399596.25674151
2026-08-21 21:00:00,220267461.6,21438632.037528
2026-08-21 21:05:00,220128788.6,21400920.827692
2026-08-21 21:10:00,219990980.0,21336925.1502
2026-08-21 21:15:00,219716102.8,21475051.887672
2026-08-21 21:20:00,219855155.7,21551215.89398178
2026-08-21 21:25:00,220520499.9,21746902.54305838
2026-08-21 21:30:00,219962883.3,21605522.06818872
2026-08-21 21:35:00,219820546.0,21733914.57305882
2026-08-21 21:40:00,219576958.6,21698529.17576442
2026-08-21 21:45:00,219689957.9,21762487.229574
2026-08-21 21:50:00,219680386.8,21759006.2015482
2026-08-21 21:55:00,219632590.3,21875970.44963707
2026-08-21 22:00:00,219550152.5,21902856.72027057
2026-08-21 22:05:00,219348221.3,21832972.17040377
2026-08-21 22:10:00,219176215.3,21856852.73254592
2026-08-21 22:15:00,219350773.1,21831982.446643
2026-08-21 22:20:00,219350043.2,21851657.8840853
2026-08-21 22:25:00,219291402.1,21757441.62089776
2026-08-21 22:30:00,218825768.4,21716269.256016
2026-08-21 22:35:00,218833518.0,21715876.32033942
2026-08-21 22:40:00,218914583.2,21707979.44038259
2026-08-21 22:45:00,218973885.4,21755055.51449
2026-08-21 22:50:00,219779605.8,21751613.9595787
2026-08-21 22:55:00,219911870.6,21846452.06236461
2026-08-21 23:00:00,219965163.6,21826769.24324988
2026-08-21 23:05:00,219971917.0,21796682.89821616
2026-08-21 23:10:00,219872097.3,21837793.44755881
2026-08-21 23:15:00,219653950.0,21805047.6165
2026-08-21 23:20:00,219484281.8,21786244.65964953
2026-08-21 23:25:00,219594652.7,21827950.03249797
2026-08-21 23:30:00,219847620.2,21806685.447638
2026-08-21 23:35:00,219907876.3,21795069.620093
2026-08-21 23:40:00,220870209.8,21786337.11118667
2026-08-21 23:45:00,220470581.2,21738436.78631881
2026-08-21 23:50:00,220535841.9,21711769.07256393
2026-08-21 23:55:00,220844218.8,21682485.401784
2026-08-22 00:00:00,220787106.6,21677697.24615349
2026-08-22 00:05:00,220710802.8,21659436.97591377
2026-08-22 00:10:00,220611288.2,21504045.60726313
2026-08-22 00:15:00,220503445.9,21518931.285381
2026-08-22 00:20:00,220344547.8,21537606.46950221
2026-08-22 00:25:00,220088839.5,21584759.55095313
2026-08-22 00:30:00,220104032.0,21516172.80238592
2026-08-22 00:35:00,219815322.5,21548241.0789009
2026-08-22 00:40:00,219873696.2,21571808.334182
2026-08-22 00:45:00,219672401.5,21504590.30192487
2026-08-22 00:50:00,219576245.1,21471271.9101533
2026-08-22 00:55:00,219568254.6,21532788.65966884
2026-08-22 01:00:00,219757178.5,21676848.08724
2026-08-22 01:05:00,219873176.5,21805071.37019445
2026-08-22 01:10:00,219866996.3,21787722.19701846
2026-08-22 01:15:00,219735486.7,21756010.538167
2026-08-22 01:20:00,219662284.8,21811612.59097498
2026-08-22 01:25:00,219594009.5,21706867.839075
2026-08-22 01:30:00,219495566.7,21710076.03195196
2026-08-22 01:35:00,220124526.1,21889182.875384
2026-08-22 01:40:00,221174749.4,22050635.93073132
2026-08-22 01:45:00,222877494.6,22269919.260432
2026-08-22 01:50:00,223073338.6,22238665.19417876
2026-08-22 01:55:00,222821733.9,22253206.564593
2026-08-22 02:00:00,222798769.4,22265020.71805641
2026-08-22 02:05:00,222719476.6,22276402.049532
2026-08-22 02:10:00,222594810.9,22185931.31258242
2026-08-22 02:15:00,222583184.8,22209350.179344
2026-08-22 02:20:00,222868064.9,22358124.270768
2026-08-22 02:25:00,223359492.9,22475428.35893633
2026-08-22 02:30:00,223155972.1,22514206.025169
2026-08-22 02:35:00,223099077.8,22507299.15106511
2026-08-22 02:40:00,222876251.1,22520265.56966069
2026-08-22 02:45:00,222804015.4,22558227.00700303
2026-08-22 02:50:00,222951949.4,22602868.630172
2026-08-22 02:55:00,222844703.4,22676451.94483357
2026-08-22 03:00:00,223036881.9,22783217.486085
2026-08-22 03:05:00,223532162.8,22889693.47072
2026-08-22 03:10:00,224415064.1,23134419.33851773
2026-08-22 03:15:00,223520655.4,22852371.82298182
2026-08-22 03:20:00,222314256.6,22822748.23541751
2026-08-22 03:25:00,223374120.9,23083414.64156973
2026-08-22 03:30:00,222345184.5,23151009.73634609
2026-08-22 03:35:00,222192839.4,23105833.369206
2026-08-22 03:40:00,221958485.0,23172465.834
2026-08-22 03:45:00,220465695.0,22819458.29161845
2026-08-22 03:50:00,220570185.3,22994210.21883044
2026-08-22 03:55:00,220933889.9,23138267.10087637
2026-08-22 04:00:00,220933279.1,23083109.000368
2026-08-22 04:05:00,220903770.5,23327438.1648
2026-08-22 04:10:00,220685109.9,23427222.86778122
2026-08-22 04:15:00,220634217.3,23401352.03639155
2026-08-22 04:20:00,220712720.1,23243256.553731
2026-08-22 04:25:00,220448663.3,23273104.87552248
2026-08-22 04:30:00,220206500.3,23358433.14616754
2026-08-22 04:35:00,220887545.8,23539219.27612208
2026-08-22 04:40:00,220688789.8,23578390.302232
2026-08-22 04:45:00,220747183.1,23725907.239588
2026-08-22 04:50:00,219565601.8,23519013.154625
2026-08-22 04:55:00,218561519.5,23908444.618105
2026-08-22 05:00:00,218168375.6,23658178.650064
2026-08-22 05:05:00,217923166.6,23500834.286144
2026-08-22 05:10:00,215917078.1,22177512.43459311
2026-08-22 05:15:00,214056746.7,20983205.85301048
2026-08-22 05:20:00,208284661.3,20677922.14250559
2026-08-22 05:25:00,207581032.5,20662373.10524198
2026-08-22 05:30:00,207870715.3,20820330.844448
2026-08-22 05:35:00,207878221.4,20937494.459408
2026-08-22 05:40:00,207663553.7,20698019.52438394
2026-08-22 05:45:00,206864455.0,20565843.522735
2026-08-22 05:50:00,210710677.3,21267028.659889
2026-08-22 05:55:00,210003340.5,20979333.71595
2026-08-22 06:00:00,208872164.0,20953357.85945224
2026-08-22 06:05:00,206543023.7,20489784.65533224
2026-08-22 06:10:00,203963564.8,20122882.13231616
2026-08-22 06:15:00,203168114.7,19956186.03472635
2026-08-22 06:20:00,203443927.5,20057536.812225
2026-08-22 06:25:00,203516869.8,20223471.352026
2026-08-22 06:30:00,203850159.3,20142434.240433
2026-08-22 06:35:00,203376511.8,20019478.79611449
2026-08-22 06:40:00,203175682.9,20266774.369275
2026-08-22 06:45:00,203072777.2,20184177.03318913
2026-08-22 06:50:00,202956711.2,20219251.82953186
2026-08-22 06:55:00,202659688.9,20215303.967775
2026-08-22 07:00:00,202823686.3,20296521.66683001
2026-08-22 07:05:00,202445852.3,20382248.409564
2026-08-22 07:10:00,202282404.2,20245268.55278556
2026-08-22 07:15:00,203773821.5,20465004.893245
2026-08-22 07:20:00,203957127.3,20357489.12477271
2026-08-22 07:25:00,204031677.0,20486765.59901721
2026-08-22 07:30:00,204954964.7,20679955.93823
2026-08-22 07:35:00,204927930.8,20654686.145332
2026-08-22 07:40:00,204819440.6,20559775.447428
2026-08-22 07:45:00,204352498.0,20404596.9253
2026-08-22 07:50:00,203795469.9,20295990.847341
2026-08-22 07:55:00,204200975.6,20430307.60878
2026-08-22 08:00:00,204063950.0,20361500.931
2026-08-22 08:05:00,203937119.2,20191814.171992
2026-08-22 08:10:00,202949670.1,20208900.11390399
2026-08-22 08:15:00,202812691.2,20296766.03773459
2026-08-22 08:20:00,203317681.1,20302148.79021735
2026-08-22 08:25:00,202892905.1,20119028.87082723
2026-08-22 08:30:00,201720438.9,19848090.95114854
2026-08-22 08:35:00,200698751.5,19722347.19889012
2026-08-22 08:40:00,200510404.5,19732228.906845
2026-08-22 08:45:00,200683065.8,19957930.89381
2026-08-22 08:50:00,200689098.1,19901663.54320739
2026-08-22 08:55:00,200696716.4,19927024.44185154
2026-08-22 09:00:00,201028557.6,19997512.77524645
2026-08-22 09:05:00,200785461.4,19739218.710234
2026-08-22 09:10:00,201251604.7,19969582.91698667
2026-08-22 09:15:00,201481599.1,20083685.798288
2026-08-22 09:20:00,201461458.8,20111897.432004
2026-08-22 09:25:00,201585799.1,20095856.48861004
2026-08-22 09:30:00,201663170.6,20162283.796588
2026-08-22 09:35:00,201523283.3,20091871.34501
2026-08-22 09:40:00,201461477.2,20009153.915504
2026-08-22 09:45:00,201372626.7,20012963.40244316
2026-08-22 09:50:00,200893167.4,19863906.5704505
2026-08-22 09:55:00,200685226.0,19827927.10310538
2026-08-22 10:00:00,200666913.6,19881993.51938429
2026-08-22 10:05:00,199572862.9,19580093.579119
2026-08-22 10:10:00,199728611.8,19528906.41897708
2026-08-22 10:15:00,198525416.2,19296670.45464
2026-08-22 10:20:00,198630112.7,19257866.75494931
2026-08-22 10:25:00,198094456.8,19050468.55916105
2026-08-22 10:30:00,198268243.5,19272789.51841091
2026-08-22 10:35:00,197524888.2,19185592.390866
2026-08-22 10:40:00,197758058.1,19380892.85587721
2026-08-22 10:45:00,197735613.8,19437104.34633861
2026-08-22 10:50:00,197872733.1,19331267.68166173
2026-08-22 10:55:00,198103987.1,19344765.19352081
2026-08-22 11:00:00,198037902.8,19331032.21805681
2026-08-22 11:05:00,197886073.7,19308529.81862159
2026-08-22 11:10:00,197740575.4,19287615.724516
2026-08-22 11:15:00,197672284.4,19278430.34530421
2026-08-22 11:20:00,197546679.7,19185733.532464
2026-08-22 11:25:00,197523797.3,19200873.53555867
2026-08-22 11:30:00,197417472.5,19231835.68610502
2026-08-22 11:35:00,197336256.3,19333033.029711
2026-08-22 11:40:00,197636970.1,19405974.094119
2026-08-22 11:45:00,197478331.5,19385322.17686545
2026-08-22 11:50:00,197353238.3,19370220.339145
2026-08-22 11:55:00,197233124.8,19340680.217888
2026-08-22 12:00:00,197183682.5,19339929.38287235
2026-08-22 12:05:00,197138886.9,19332062.2082966
2026-08-22 12:10:00,197145821.5,19388778.9653891
2026-08-22 12:15:00,197436558.7,19496860.171625
2026-08-22 12:20:00,198198419.9,19659650.09910002
2026-08-22 12:25:00,198256646.0,19645364.05842822
2026-08-22 12:30:00,198481756.2,19695344.667726
2026-08-22 12:35:00,198445724.2,19639560.12678622
2026-08-22 12:40:00,198508418.3,19656861.38872142
2026-08-22 12:45:00,198413004.2,19682570.01664
2026-08-22 12:50:00,198499177.0,19687148.37486
2026-08-22 12:55:00,198374643.4,19573626.064278
2026-08-22 13:00:00,198200837.0,19556139.6453671
2026-08-22 13:05:00,197783735.1,19495000.84137283
2026-08-22 13:10:00,197928180.3,19547066.44277591
2026-08-22 13:15:00,198134466.6,19583660.21236065
2026-08-22 13:20:00,197729767.1,19441126.84187607
2026-08-22 13:25:00,197702082.0,19476804.47116626
2026-08-22 13:30:00,197609306.7,19450684.058481
2026-08-22 13:35:00,197573014.1,19399133.14711896
2026-08-22 13:40:00,197594667.9,19407748.281138
2026-08-22 13:45:00,197470121.6,19437390.8575385
2026-08-22 13:50:00,197496044.7,19480573.38294921
2026-08-22 13:55:00,197390507.1,19560076.73721243
2026-08-22 14:00:00,197356199.9,19538717.70935977
2026-08-22 14:05:00,197271364.5,19445038.398765
2026-08-22 14:10:00,196846759.1,19377276.07405426
2026-08-22 14:15:00,196826415.2,19351973.142464
2026-08-22 14:20:00,196760657.6,19325831.789472
2026-08-22 14:25:00,196716474.5,19325426.45488
2026-08-22 14:30:00,196630331.2,19324828.950336
2026-08-22 14:35:00,196667326.8,19385498.402676
2026-08-22 14:40:00,196766749.5,19291012.12098
2026-08-22 14:45:00,196739479.1,19237186.266398
2026-08-22 14:50:00,195632461.4,19057729.90341779
2026-08-22 14:55:00,195727062.5,19032164.86422313
2026-08-22 15:00:00,195725086.9,19106682.983178
2026-08-22 15:05:00,195620471.9,19061831.94991867
2026-08-22 15:10:00,195918872.9,19037025.45005991
2026-08-22 15:15:00,195815893.5,19008265.86989816
2026-08-22 15:20:00,195817537.9,19033517.55461523
2026-08-22 15:25:00,195720972.5,19033864.575625
2026-08-22 15:30:00,195924521.4,19098722.346072
2026-08-22 15:35:00,196299217.4,19227123.5978639
2026-08-22 15:40:00,196381080.8,19190649.85977558
2026-08-22 15:45:00,196262761.6,19170946.553088
2026-08-22 15:50:00,196278576.8,19207081.55541346
2026-08-22 15:55:00,196259114.2,19191191.59427358
2026-08-22 16:00:00,196321569.4,19233357.15678361
2026-08-22 16:05:00,196268653.9,19304984.797604
2026-08-22 16:10:00,196611280.1,19257722.95160362
2026-08-22 16:15:00,196495343.3,19258508.596833
2026-08-22 16:20:00,196604025.5,19417881.65434448
2026-08-22 16:25:00,197067972.5,19535348.113925
2026-08-22 16:30:00,197166368.8,19532791.07107613
2026-08-22 16:35:00,197282943.9,19536929.934417
2026-08-22 16:40:00,197400777.2,19615715.230364
2026-08-22 16:45:00,197773183.4,19706590.69415249
2026-08-22 16:50:00,197744199.9,19692377.89890349
2026-08-22 16:55:00,197748558.0,19636431.8094
2026-08-22 17:00:00,197586709.8,19621944.9285526
2026-08-22 17:05:00,197402164.4,19634691.16497669
2026-08-22 17:10:00,197361286.6,19634726.40455779
2026-08-22 17:15:00,197612628.8,19595920.39348304
2026-08-22 17:20:00,197670857.7,19691889.79902234
2026-08-22 17:25:00,197691176.4,19684146.01855975
2026-08-22 17:30:00,197444783.6,19564803.606924
2026-08-22 17:35:00,197472690.1,19694474.68630176
2026-08-22 17:40:00,197655542.6,19824722.44667731
2026-08-22 17:45:00,197867951.9,19935799.6511783
2026-08-22 17:50:00,197845277.9,19935082.11112356
2026-08-22 17:55:00,198232021.2,19965929.175264
2026-08-22 18:00:00,198185975.6,19969777.78590719
2026-08-22 18:05:00,198249769.1,19953839.259915
2026-08-22 18:10:00,198328456.6,19884411.058716
2026-08-22 18:15:00,198436831.9,19872750.21713671
2026-08-22 18:20:00,198492979.8,19885467.37077916
2026-08-22 18:25:00,198373963.4,19960388.197308
2026-08-22 18:30:00,198333236.6,19945282.7720607
2026-08-22 18:35:00,197684544.0,19838130.29437824
2026-08-22 18:40:00,197691609.4,19666195.2421601
2026-08-22 18:45:00,197611057.5,19718684.58428647
2026-08-22 18:50:00,197557292.2,19654836.71087346
2026-08-22 18:55:00,197350883.1,19602640.2118251
2026-08-22 19:00:00,197743750.4,19745702.196192
2026-08-22 19:05:00,197739189.8,19708026.34978295
2026-08-22 19:10:00,198022250.9,19694356.42926724
2026-08-22 19:15:00,197901237.8,19723864.46657218
2026-08-22 19:20:00,197900036.1,19665326.587257
2026-08-22 19:25:00,197874836.0,19639423.753963
2026-08-22 19:30:00,197820294.0,19663337.2236
2026-08-22 19:35:00,197797357.7,19720920.72568791
2026-08-22 19:40:00,197679989.2,19699032.32536791
2026-08-22 19:45:00,197647650.8,19752906.220952
2026-08-22 19:50:00,197582088.6,19770063.785316
2026-08-22 19:55:00,197619414.7,19778855.71570417
2026-08-22 20:00:00,197582891.9,19739694.66404329
2026-08-22 20:05:00,197375935.5,19804701.36807
2026-08-22 20:10:00,197366865.8,19791949.302424
2026-08-22 20:15:00,197360754.0,19791336.41112
2026-08-22 20:20:00,197296224.1,19713893.95501475
2026-08-22 20:25:00,197221393.2,19729075.59639885
2026-08-22 20:30:00,197188101.4,19691203.805804
2026-08-22 20:35:00,197026987.3,19586452.807493
2026-08-22 20:40:00,197112890.2,19636902.55749632
2026-08-22 20:45:00,196978153.8,19597356.521562
2026-08-22 20:50:00,196975649.5,19591198.09927
2026-08-22 20:55:00,196987003.9,19576970.30106996
2026-08-22 21:00:00,197019753.7,19534508.579355
2026-08-22 21:05:00,196385468.6,19253631.341544
2026-08-22 21:10:00,196451082.5,19307554.21298355
2026-08-22 21:15:00,196530938.8,19214894.7416858
2026-08-22 21:20:00,196501393.0,19306328.67272362
2026-08-22 21:25:00,196555320.8,19303698.055768
2026-08-22 21:30:00,196564318.4,19318341.212352
2026-08-22 21:35:00,196401540.4,19179818.28953346
2026-08-22 21:40:00,196190389.9,19097172.552866
2026-08-22 21:45:00,196051253.3,19116957.709283
2026-08-22 21:50:00,195962053.2,19050282.47447225
2026-08-22 21:55:00,195679979.1,18949649.176044
2026-08-22 22:00:00,195743609.1,18980106.80200549
2026-08-22 22:05:00,195853625.9,18981067.9785031
2026-08-22 22:10:00,195959901.6,19131565.193208
2026-08-22 22:15:00,196057757.8,19154842.93706
2026-08-22 22:20:00,196037271.2,19163762.63261855
2026-08-22 22:25:00,196005532.2,19249307.38618696
2026-08-22 22:30:00,195942852.7,19347217.00817351
2026-08-22 22:35:00,195980674.4,19343876.58568971
2026-08-22 22:40:00,195899710.7,19393906.80354301
2026-08-22 22:45:00,195821643.0,19407577.55596692
2026-08-22 22:50:00,195826675.2,19437462.0403392
2026-08-22 22:55:00,195775677.7,19492802.77482623
2026-08-22 23:00:00,195782745.4,19488463.12120266
2026-08-22 23:05:00,195721091.5,19516749.43926923
2026-08-22 23:10:00,195623355.4,19458655.161638
2026-08-22 23:15:00,195732091.1,19449250.01938546
2026-08-22 23:20:00,195911242.7,19502260.88942371
2026-08-22 23:25:00,195870278.8,19468116.99244331
2026-08-22 23:30:00,195825536.9,19398477.685314
2026-08-22 23:35:00,195302759.1,19254899.019669
2026-08-22 23:40:00,195340806.7,19336786.455233
2026-08-22 23:45:00,195366555.7,19329567.020958
2026-08-22 23:50:00,195473044.5,19408518.588405
2026-08-22 23:55:00,195473601.0,19409113.35042876
2026-08-23 00:00:00,195362631.8,19341959.41366436
2026-08-23 00:05:00,195323729.1,19378032.00573976
2026-08-23 00:10:00,195499377.9,19416998.213028
2026-08-23 00:15:00,195455779.5,19415808.99431657
2026-08-23 00:20:00,195500371.3,19464016.966628
2026-08-23 00:25:00,195492380.6,19410438.469774
2026-08-23 00:30:00,195632029.5,19539727.10646
2026-08-23 00:35:00,195576534.0,19514626.56252
2026-08-23 00:40:00,195226054.5,19530414.49218
2026-08-23 00:45:00,195199668.6,19482422.15574148
2026-08-23 00:50:00,195276909.2,19553076.918196
2026-08-23 00:55:00,195336303.6,19582360.90765909
2026-08-23 01:00:00,195267866.1,19549082.2949513
2026-08-23 01:05:00,195206743.0,19440639.53537
2026-08-23 01:10:00,195112221.3,19413543.09865058
2026-08-23 01:15:00,194951872.1,19461509.27409472
2026-08-23 01:20:00,195485471.9,19308962.15049408
2026-08-23 01:25:00,195804667.4,19412074.726036
2026-08-23 01:30:00,195752671.8,19414749.989124
2026-08-23 01:35:00,195195316.9,19354800.50620858
2026-08-23 01:40:00,195257779.1,19330520.1309
2026-08-23 01:45:00,194677829.9,19239122.19811266
2026-08-23 01:50:00,194618257.7,19228283.86076
2026-08-23 01:55:00,194546552.8,19238379.82271777
2026-08-23 02:00:00,194584257.8,19205082.91387213
2026-08-23 02:05:00,194355393.7,19101248.092836
2026-08-23 02:10:00,193908954.2,19012772.95931
2026-08-23 02:15:00,194077491.7,18941425.59526799
2026-08-23 02:20:00,193901740.2,18884796.28041233
2026-08-23 02:25:00,193714380.5,18768986.326645
2026-08-23 02:30:00,193857190.0,18781247.0801453
2026-08-23 02:35:00,194201275.2,18920336.94418354
2026-08-23 02:40:00,193819425.6,18860568.305136
2026-08-23 02:45:00,193481137.1,18804431.714749
2026-08-23 02:50:00,193486101.1,18860003.52861419
2026-08-23 02:55:00,193548538.7,18807111.505479
2026-08-23 03:00:00,193786475.8,18791474.558326
2026-08-23 03:05:00,194197573.2,18784216.63206702
2026-08-23 03:10:00,194111209.3,18687369.52167658
2026-08-23 03:15:00,193923541.9,18716049.71609459
2026-08-23 03:20:00,193731347.2,18679576.497024
2026-08-23 03:25:00,193628940.3,18580633.111188
2026-08-23 03:30:00,193544054.9,18558939.424361
2026-08-23 03:35:00,193301034.6,18470895.82528577
2026-08-23 03:40:00,193364667.3,18479861.253861
2026-08-23 03:45:00,193226736.0,18441113.33007984
2026-08-23 03:50:00,193313206.8,18581551.54116206
2026-08-23 03:55:00,194005476.3,18620645.615274
2026-08-23 04:00:00,193465168.3,18548751.60060485
2026-08-23 04:05:00,193461365.0,18425260.4026
2026-08-23 04:10:00,193420578.1,18461994.179645
2026-08-23 04:15:00,193326212.9,18621180.826528
2026-08-23 04:20:00,193115032.4,18510019.8521806
2026-08-23 04:25:00,192893642.7,18498274.64936804
2026-08-23 04:30:00,193003532.6,18570471.80076658
2026-08-23 04:35:00,192902374.7,18471033.16829027
2026-08-23 04:40:00,192960599.8,18489484.672836
2026-08-23 04:45:00,193006005.6,18453794.43067022
2026-08-23 04:50:00,192459920.5,18234672.90574865
2026-08-23 04:55:00,192282532.3,18341348.12694093
2026-08-23 05:00:00,192389236.0,18285858.10713376
2026-08-23 05:05:00,192220480.5,18303003.4886334
2026-08-23 05:10:00,192362290.0,18253257.6981
2026-08-23 05:15:00,192389119.4,18203858.477628
2026-08-23 05:20:00,192412978.2,18354797.3537987
2026-08-23 05:25:00,192716377.1,18598685.6113132
2026-08-23 05:30:00,192645087.3,18546169.87557402
2026-08-23 05:35:00,192605333.9,18557523.921265
2026-08-23 05:40:00,192561110.8,18523317.84723949
2026-08-23 05:45:00,192602784.1,18507201.524169
2026-08-23 05:50:00,192568488.2,18513149.3185716
2026-08-23 05:55:00,192527140.3,18470753.49804313
2026-08-23 06:00:00,192432987.5,18392196.51123563
2026-08-23 06:05:00,192532204.4,18374626.67972922
2026-08-23 06:10:00,192603927.8,18318328.44834464
2026-08-23 06:15:00,192525457.9,18405712.93715395
2026-08-23 06:20:00,192550793.8,18436738.50635
2026-08-23 06:25:00,192820043.9,18462519.203425
2026-08-23 06:30:00,192894971.5,18475480.37027
2026-08-23 06:35:00,192907915.2,18567818.95173005
2026-08-23 06:40:00,193082137.9,18566778.380464
2026-08-23 06:45:00,193116813.8,18587667.13338242
2026-08-23 06:50:00,193153870.6,18567798.52461364
2026-08-23 06:55:00,193156224.2,18560451.11961871
2026-08-23 07:00:00,193145925.1,18571336.08686718
2026-08-23 07:05:00,193710800.0,18610949.13526
2026-08-23 07:10:00,193806453.0,18719765.29527
2026-08-23 07:15:00,193922656.3,18744178.05187196
2026-08-23 07:20:00,193971801.3,18768711.493788
2026-08-23 07:25:00,193732865.6,18706845.502336
2026-08-23 07:30:00,193659464.1,18694436.09142253
2026-08-23 07:35:00,193814056.2,18675581.34269309
2026-08-23 07:40:00,193482091.1,18656899.53332061
2026-08-23 07:45:00,193392351.7,18631970.33098035
2026-08-23 07:50:00,193245945.8,18604276.11440887
2026-08-23 07:55:00,193163958.2,18665021.84163503
2026-08-23 08:00:00,193090053.5,18617320.09125283
2026-08-23 08:05:00,193015049.6,18670619.82917843
2026-08-23 08:10:00,193637136.9,18873893.0612405
2026-08-23 08:15:00,193327768.5,18803058.76431
2026-08-23 08:20:00,193292060.7,18778323.697005
2026-08-23 08:25:00,193303711.5,18773656.46088
2026-08-23 08:30:00,193342771.1,18793058.4911429
2026-08-23 08:35:00,193433229.6,18861925.68149448
2026-08-23 08:40:00,193404922.2,18893811.94788377
2026-08-23 08:45:00,193493614.8,19000024.23796779
2026-08-23 08:50:00,193449891.2,18971135.59826253
2026-08-23 08:55:00,193440963.8,18990099.416246
2026-08-23 09:00:00,193319206.7,18974369.06444008
2026-08-23 09:05:00,193654190.5,19092366.641395
2026-08-23 09:10:00,193702181.4,19049747.56598277
2026-08-23 09:15:00,193637185.8,19059408.06065601
2026-08-23 09:20:00,193850374.3,19041922.267489
2026-08-23 09:25:00,193786277.1,19029812.41122
2026-08-23 09:30:00,193767444.4,19058965.831184
2026-08-23 09:35:00,193681180.5,19009807.866075
2026-08-23 09:40:00,193652104.9,19054257.49559892
2026-08-23 09:45:00,193719820.0,19084757.4972824
2026-08-23 09:50:00,194027990.2,19140393.62577362
2026-08-23 09:55:00,194047959.0,19156414.51248
2026-08-23 10:00:00,194052869.3,19129508.69479431
2026-08-23 10:05:00,193927280.6,19140622.59522
2026-08-23 10:10:00,193989649.7,19142898.632396
2026-08-23 10:15:00,194114806.0,19175634.99300612
2026-08-23 10:20:00,194829958.4,19387667.48965446
2026-08-23 10:25:00,194808164.6,19395361.91051656
2026-08-23 10:30:00,194819246.9,19366981.334329
2026-08-23 10:35:00,194912721.2,19465933.466244
2026-08-23 10:40:00,194810611.5,19416773.648205
2026-08-23 10:45:00,195016610.8,19443156.09676
2026-08-23 10:50:00,194892849.2,19352859.92556
2026-08-23 10:55:00,194842602.8,19367354.71832
2026-08-23 11:00:00,194861520.6,19368909.7289006
2026-08-23 11:05:00,194629818.6,19325250.12256952
2026-08-23 11:10:00,194642463.9,19366925.15805
2026-08-23 11:15:00,194582782.8,19384336.822536
2026-08-23 11:20:00,194760260.8,19441107.51284117
2026-08-23 11:25:00,195558308.3,19647301.27312424
2026-08-23 11:30:00,195192625.5,19532926.033785
2026-08-23 11:35:00,194768852.3,19479740.54137472
2026-08-23 11:40:00,194708962.2,19509838.01244
2026-08-23 11:45:00,194553379.9,19445610.321005
2026-08-23 11:50:00,194494489.2,19408605.077268
2026-08-23 11:55:00,195057205.4,19560256.58405779
2026-08-23 12:00:00,194990053.3,19512362.14865105
2026-08-23 12:05:00,195221149.9,19504545.086509
2026-08-23 12:10:00,194270879.3,19399890.006898
2026-08-23 12:15:00,194590876.0,19396818.51968
2026-08-23 12:20:00,194650937.5,19437842.61875
2026-08-23 12:25:00,194658654.1,19416593.41147421
2026-08-23 12:30:00,194617405.5,19434494.11323
2026-08-23 12:35:00,194646811.8,19418250.12951323
2026-08-23 12:40:00,194786970.9,19488153.99743719
2026-08-23 12:45:00,194787569.9,19551204.33087291
2026-08-23 12:50:00,194998127.7,19622273.54417688
2026-08-23 12:55:00,194882745.1,19511660.439412
2026-08-23 13:00:00,194985933.4,19613594.09365999
2026-08-23 13:05:00,195456053.5,19714704.15468552
2026-08-23 13:10:00,197055913.8,19908558.971214
2026-08-23 13:15:00,197121307.2,19865284.11962904
2026-08-23 13:20:00,196554140.5,20044591.24819
2026-08-23 13:25:00,196624371.6,20037989.709756
2026-08-23 13:30:00,196662884.5,19996682.09596
2026-08-23 13:35:00,196053814.6,19947381.65526453
2026-08-23 13:40:00,195990324.2,20014594.62420774
2026-08-23 13:45:00,196242037.4,20029009.85232835
2026-08-23 13:50:00,196150528.5,20123614.28674724
2026-08-23 13:55:00,196358870.5,20220146.97840663
2026-08-23 14:00:00,196195637.9,20249485.20069277
2026-08-23 14:05:00,195710840.1,20225218.13640824
2026-08-23 14:10:00,195451268.5,20195979.574105
2026-08-23 14:15:00,194685271.6,20046742.416652
2026-08-23 14:20:00,195093527.7,20037217.32789789
2026-08-23 14:25:00,194969040.7,20004160.87226041
2026-08-23 14:30:00,195978267.9,20137535.26153517
2026-08-23 14:35:00,197473325.2,20317998.83409597
2026-08-23 14:40:00,197241212.2,20263416.16998512
2026-08-23 14:45:00,196066723.7,19800778.426463
2026-08-23 14:50:00,196082268.5,19926515.43151994
2026-08-23 14:55:00,196126739.2,19955842.75938042
2026-08-23 15:00:00,196231835.1,19946084.9569754
2026-08-23 15:05:00,196055796.7,19976125.125763
2026-08-23 15:10:00,195844969.1,19952685.451908
2026-08-23 15:15:00,195778418.5,19831923.0815293
2026-08-23 15:20:00,195637062.7,19773037.927089
2026-08-23 15:25:00,195749944.1,19928101.86166367
2026-08-23 15:30:00,195681680.9,19951704.184564
2026-08-23 15:35:00,195965195.7,20058797.54735239
2026-08-23 15:40:00,195781068.1,20140450.72971431
2026-08-23 15:45:00,196592700.1,20146698.01877394
2026-08-23 15:50:00,196519331.8,20196291.729086
2026-08-23 15:55:00,195978082.6,20046598.069154
2026-08-23 16:00:00,195737383.6,19978914.744052
2026-08-23 16:05:00,195543887.8,20049181.30105585
2026-08-23 16:10:00,195351558.3,19862598.25147571
2026-08-23 16:15:00,195442819.4,19890673.0665354
2026-08-23 16:20:00,195317922.6,19822815.964674
2026-08-23 16:25:00,195258666.8,19879284.866908
2026-08-23 16:30:00,195391644.4,19866044.89149898
2026-08-23 16:35:00,195414681.3,19988172.41242411
2026-08-23 16:40:00,195435980.4,19985283.355704
2026-08-23 16:45:00,195500286.6,20032914.367902
2026-08-23 16:50:00,195492992.4,19993469.09338242
2026-08-23 16:55:00,195838202.4,20101444.10952749
2026-08-23 17:00:00,195672142.6,20047211.72284778
2026-08-23 17:05:00,195280007.4,19863882.352728
2026-08-23 17:10:00,195207312.2,19998989.13489
2026-08-23 17:15:00,195645681.2,20038958.02903289
2026-08-23 17:20:00,195500843.9,20065055.11792543
2026-08-23 17:25:00,194883584.6,19908882.15652157
2026-08-23 17:30:00,194850364.7,19901840.88512977
2026-08-23 17:35:00,194670159.3,19829102.426298
2026-08-23 17:40:00,194686028.1,19830718.822266
2026-08-23 17:45:00,194791498.4,19812243.302264
2026-08-23 17:50:00,194739414.8,19781810.86303977
2026-08-23 17:55:00,194678100.9,19767614.365386
2026-08-23 18:00:00,194681623.2,19772358.1966987
2026-08-23 18:05:00,194581234.5,19784646.32798976
2026-08-23 18:10:00,194422075.9,19774669.339789
2026-08-23 18:15:00,194350801.0,19790742.06583
2026-08-23 18:20:00,194423854.7,19774850.261537
2026-08-23 18:25:00,194370299.0,19770223.35395178
2026-08-23 18:30:00,194314252.9,19752844.38200695
2026-08-23 18:35:00,194317496.7,19735240.56587096
2026-08-23 18:40:00,194249510.6,19759660.44921976
2026-08-23 18:45:00,194268217.1,19789166.90317058
2026-08-23 18:50:00,194006953.0,19762642.43179492
2026-08-23 18:55:00,193992141.3,19770693.5612182
2026-08-23 19:00:00,194012334.3,19824180.318774
2026-08-23 19:05:00,193926221.6,19806852.44786203
2026-08-23 19:10:00,193897350.6,19721299.529526
2026-08-23 19:15:00,193719693.7,19697805.8948034
2026-08-23 19:20:00,193694944.8,19671825.17154053
2026-08-23 19:25:00,193655531.4,19708863.72951061
2026-08-23 19:30:00,193619981.6,19691152.12872
2026-08-23 19:35:00,193445806.5,19654093.9404
2026-08-23 19:40:00,193439525.0,19666996.50675
2026-08-23 19:45:00,193376195.6,19694483.72640806
2026-08-23 19:50:00,193304415.2,19666244.15095298
2026-08-23 19:55:00,193311919.0,19636624.73202
2026-08-23 20:00:00,193287935.8,19614859.724984
2026-08-23 20:05:00,192949693.2,19484941.79943392
2026-08-23 20:10:00,192819526.2,19571181.9093
2026-08-23 20:15:00,192678570.7,19566530.04922778
2026-08-23 20:20:00,192596409.9,19588980.850929
2026-08-23 20:25:00,192601134.4,19657628.69932219
2026-08-23 20:30:00,192634231.8,19650617.985918
2026-08-23 20:35:00,192604601.5,19653608.51467383
2026-08-23 20:40:00,192605581.8,19639095.56019063
2026-08-23 20:45:00,192692510.8,19691247.678652
2026-08-23 20:50:00,192660340.9,19679712.44737707
2026-08-23 20:55:00,192682134.1,19687792.24475214
2026-08-23 21:00:00,192651729.5,19690601.91122026
2026-08-23 21:05:00,192700604.9,19837047.33380937
2026-08-23 21:10:00,192651785.6,19850622.29170627
2026-08-23 21:15:00,192646704.0,19854169.31424
2026-08-23 21:20:00,191954593.5,19839109.97564859
2026-08-23 21:25:00,192229692.4,19812132.10193984
2026-08-23 21:30:00,192273607.3,19871883.0117664
2026-08-23 21:35:00,192417660.6,19905606.98907
2026-08-23 21:40:00,192602092.5,19834163.48565
2026-08-23 21:45:00,191963722.2,19724272.45605
2026-08-23 21:50:00,191913980.9,19713642.09138432
2026-08-23 21:55:00,191928849.8,19743064.38225969
2026-08-23 22:00:00,191592108.1,19658541.99397238
2026-08-23 22:05:00,191359020.2,19532015.191814
2026-08-23 22:10:00,191481109.4,19557880.514116
2026-08-23 22:15:00,191485871.4,19539218.317656
2026-08-23 22:20:00,191533199.3,19567510.47348625
2026-08-23 22:25:00,191449731.8,19577911.86000057
2026-08-23 22:30:00,191498344.8,19586632.62957156
2026-08-23 22:35:00,191360183.1,19558924.314651
2026-08-23 22:40:00,191343927.4,19595531.605034
2026-08-23 22:45:00,191307924.2,19551669.85324
2026-08-23 22:50:00,191339023.9,19531114.55005544
2026-08-23 22:55:00,191393844.0,19509974.55832188
2026-08-23 23:00:00,191359287.5,19496470.69717163
2026-08-23 23:05:00,192435715.2,19582333.42868093
2026-08-23 23:10:00,192417130.2,19572670.483944
2026-08-23 23:15:00,192352627.9,19514501.09992243
2026-08-23 23:20:00,192381777.9,19563424.19517108
2026-08-23 23:25:00,192389487.8,19502522.378286
2026-08-23 23:30:00,192363930.4,19559564.443072
2026-08-23 23:35:00,192466980.3,19575816.566313
2026-08-23 23:40:00,192401692.3,19494139.463836
2026-08-23 23:45:00,192335793.1,19465734.38234549
2026-08-23 23:50:00,192355678.5,19498044.86754039
2026-08-23 23:55:00,192165318.1,19496691.54891117
2026-08-24 00:00:00,191814966.3,19436610.535179
2026-08-24 00:05:00,191770796.4,19261458.790416
2026-08-24 00:10:00,192009318.4,19377699.45870541
2026-08-24 00:15:00,191980493.5,19311317.841165
2026-08-24 00:20:00,191975222.5,19281630.4344817
2026-08-24 00:25:00,191965484.4,19248379.120788
2026-08-24 00:30:00,191529893.1,19241631.25982561
2026-08-24 00:35:00,191498934.7,19257132.873432
2026-08-24 00:40:00,191317531.0,19269633.73141639
2026-08-24 00:45:00,191544684.9,19204348.64139481
2026-08-24 00:50:00,191303205.4,19172407.245188
2026-08-24 00:55:00,191324661.1,19205169.481218
2026-08-24 01:00:00,191338215.1,19302199.139288
2026-08-24 01:05:00,191387231.6,19293746.817596
2026-08-24 01:10:00,191325538.8,19258828.735608
2026-08-24 01:15:00,191352898.3,19241569.1432448
2026-08-24 01:20:00,191423631.5,19232940.98395317
2026-08-24 01:25:00,191411424.2,19135400.077274
2026-08-24 01:30:00,191429373.9,19162061.18445261
2026-08-24 01:35:00,191348709.7,19162492.15624519
2026-08-24 01:40:00,191572605.0,19044479.79171045
2026-08-24 01:45:00,191621538.2,19014605.235586
2026-08-24 01:50:00,191598869.6,19023851.762584
2026-08-24 01:55:00,191500491.4,18971953.682998
2026-08-24 02:00:00,191197587.0,18842522.19885
2026-08-24 02:05:00,190942100.9,18851621.96964857
2026-08-24 02:10:00,190961199.6,18905158.7604
2026-08-24 02:15:00,190811955.8,19010261.23543135
2026-08-24 02:20:00,190874670.0,19105873.0444281
2026-08-24 02:25:00,191106071.0,19125895.58568
2026-08-24 02:30:00,191095174.6,19129569.07667078
2026-08-24 02:35:00,191545730.7,19240768.648815
2026-08-24 02:40:00,191531306.4,19224428.1688074
2026-08-24 02:45:00,191466766.8,19234751.392728
2026-08-24 02:50:00,191370635.3,19116062.51648218
2026-08-24 02:55:00,191363502.5,19115254.3374844
2026-08-24 03:00:00,191301155.7,19137513.18569092
2026-08-24 03:05:00,191245069.8,19065221.008362
2026-08-24 03:10:00,191283384.2,19009742.721796
2026-08-24 03:15:00,191222732.8,18987575.98701568
2026-08-24 03:20:00,191099915.4,18973865.33726312
2026-08-24 03:25:00,191069452.9,19001857.090905
2026-08-24 03:30:00,191030215.7,18944359.51404821
2026-08-24 03:35:00,191211586.3,19015749.4188204
2026-08-24 03:40:00,191259932.4,19011726.90598694
2026-08-24 03:45:00,191177555.2,18987754.782464
2026-08-24 03:50:00,191119948.8,19018346.105088
2026-08-24 03:55:00,191381553.9,19037276.25912377
2026-08-24 04:00:00,191318300.3,19016166.63837063
2026-08-24 04:05:00,191332196.2,19111258.51052016
2026-08-24 04:10:00,191302876.8,19071770.04301565
2026-08-24 04:15:00,191291607.7,19106205.777076
2026-08-24 04:20:00,191407970.2,19232672.845696
2026-08-24 04:25:00,191414683.9,19252488.906662
2026-08-24 04:30:00,191468561.3,19319177.83517
2026-08-24 04:35:00,191388143.5,19307718.21440162
2026-08-24 04:40:00,191202441.4,19235963.68158411
2026-08-24 04:45:00,191184552.1,19291534.58501613
2026-08-24 04:50:00,190123377.4,19025486.67278098
2026-08-24 04:55:00,189965364.1,18985318.95524989
2026-08-24 05:00:00,189957791.4,18967500.12359428
2026-08-24 05:05:00,189896666.0,18947889.33348
2026-08-24 05:10:00,190115789.6,19000822.20862443
2026-08-24 05:15:00,189823451.8,19126611.003368
2026-08-24 05:20:00,189791176.6,19042162.49304299
2026-08-24 05:25:00,189577386.7,18965003.27545834
2026-08-24 05:30:00,189592223.6,18941247.12128048
2026-08-24 05:35:00,189509592.0,18882460.9579716
2026-08-24 05:40:00,189854782.7,18969853.22138379
2026-08-24 05:45:00,189869218.7,19031770.87814913
2026-08-24 05:50:00,189979877.0,19013186.09016
2026-08-24 05:55:00,189956169.6,19011599.87211014
2026-08-24 06:00:00,189977026.2,18988203.76869
2026-08-24 06:05:00,189867004.5,18905317.75586116
2026-08-24 06:10:00,189618257.9,18926680.04589824
2026-08-24 06:15:00,189728286.3,19010774.28726
2026-08-24 06:20:00,189677329.9,18977414.1209181
2026-08-24 06:25:00,189646562.5,18993103.234375
2026-08-24 06:30:00,189635591.0,18954077.32045
2026-08-24 06:35:00,189285788.8,18829820.91255149
2026-08-24 06:40:00,189196751.6,18730478.4084
2026-08-24 06:45:00,189095160.6,18737439.463854
2026-08-24 06:50:00,188968796.3,18828850.863332
2026-08-24 06:55:00,188980158.5,18797856.365995
2026-08-24 07:00:00,189021206.1,18809515.34070749
2026-08-24 07:05:00,188763765.8,18759065.56246828
2026-08-24 07:10:00,188956737.4,18795494.54653264
2026-08-24 07:15:00,188778976.9,18866087.67720513
2026-08-24 07:20:00,188745111.4,18792758.0824482
2026-08-24 07:25:00,188767015.6,18794480.31101511
2026-08-24 07:30:00,188789027.4,18801370.86222737
2026-08-24 07:35:00,188661000.6,18781202.60973
2026-08-24 07:40:00,188729253.0,18752212.18248867
2026-08-24 07:45:00,188544249.7,18671537.047791
2026-08-24 07:50:00,188707047.6,18748045.17906
2026-08-24 07:55:00,188840446.5,18763126.33529712
2026-08-24 08:00:00,188769691.8,18731172.90853827
2026-08-24 08:05:00,188540976.5,18616536.01961
2026-08-24 08:10:00,188494837.6,18670632.31829162
2026-08-24 08:15:00,188507620.9,18651345.53307852
2026-08-24 08:20:00,188289308.7,18591223.1493386
2026-08-24 08:25:00,188376020.1,18549386.699247
2026-08-24 08:30:00,187990503.8,18447508.137894
2026-08-24 08:35:00,187576239.0,18434415.03410388
2026-08-24 08:40:00,187728406.9,18519906.69824735
2026-08-24 08:45:00,187865071.5,18562947.714915
2026-08-24 08:50:00,188011366.4,18568906.88033639
2026-08-24 08:55:00,187972026.0,18556598.40672
2026-08-24 09:00:00,187960228.0,18558790.67783208
2026-08-24 09:05:00,187943621.5,18655531.95567038
2026-08-24 09:10:00,188656670.2,18690408.7465176
2026-08-24 09:15:00,189041429.6,18701847.83577075
2026-08-24 09:20:00,189005443.4,18720303.07901046
2026-08-24 09:25:00,188978156.2,18705057.900676
2026-08-24 09:30:00,188857541.1,18732998.57645668
2026-08-24 09:35:00,188818290.5,18738327.14922
2026-08-24 09:40:00,188742684.1,18744904.17431786
2026-08-24 09:45:00,188645959.4,18691041.657352
2026-08-24 09:50:00,188765828.5,18699084.45380317
2026-08-24 09:55:00,188734086.9,18688449.284838
2026-08-24 10:00:00,188747344.2,18648237.60696
2026-08-24 10:05:00,188643760.2,18719120.324646
2026-08-24 10:10:00,188606228.5,18687105.11978
2026-08-24 10:15:00,188794097.2,18630201.511696
2026-08-24 10:20:00,188875616.8,18676544.17464254
2026-08-24 10:25:00,188972404.6,18679922.19471
2026-08-24 10:30:00,188674053.9,18598018.46258212
2026-08-24 10:35:00,188700644.1,18636075.611316
2026-08-24 10:40:00,188833951.8,18598395.64990633
2026-08-24 10:45:00,188498278.0,18502990.96848
2026-08-24 10:50:00,188478534.8,18535293.87138512
2026-08-24 10:55:00,188158164.9,18457166.33030246
2026-08-24 11:00:00,188052630.1,18462911.31637665
2026-08-24 11:05:00,187636692.6,18362126.737836
2026-08-24 11:10:00,187586280.8,18394710.695248
2026-08-24 11:15:00,187515773.1,18427868.83089747
2026-08-24 11:20:00,187441862.1,18425512.55140655
2026-08-24 11:25:00,187604309.5,18428467.00038284
2026-08-24 11:30:00,187735616.4,18450656.379792
2026-08-24 11:35:00,188344765.7,18658417.53336661
2026-08-24 11:40:00,188266856.1,18730565.96661815
2026-08-24 11:45:00,188061747.4,18783607.330312
2026-08-24 11:50:00,188237926.1,18695790.820252
2026-08-24 11:55:00,188116675.2,18691272.847872
2026-08-24 12:00:00,188160970.4,18693792.40924
2026-08-24 12:05:00,188225330.1,18656595.44123714
2026-08-24 12:10:00,188174676.0,18633056.41752
2026-08-24 12:15:00,188156887.9,18552269.14694
2026-08-24 12:20:00,187951900.5,18587916.6941286
2026-08-24 12:25:00,188045549.4,18639915.42013382
2026-08-24 12:30:00,188011373.3,18651585.56322225
2026-08-24 12:35:00,186653766.2,18426459.799264
2026-08-24 12:40:00,186019772.8,18402936.123104
2026-08-24 12:45:00,185907267.7,18384273.0310738
2026-08-24 12:50:00,185974885.0,18487688.927896
2026-08-24 12:55:00,185937378.6,18519671.56460848
2026-08-24 13:00:00,185651574.4,18472331.6528
2026-08-24 13:05:00,186636471.8,18529268.920304
2026-08-24 13:10:00,186290425.4,18532171.518792
2026-08-24 13:15:00,185568507.7,18529015.493845
2026-08-24 13:20:00,185460554.3,18473948.36648816
2026-08-24 13:25:00,185874445.5,18513429.3458019
2026-08-24 13:30:00,185617671.0,18440467.80817821
2026-08-24 13:35:00,184898326.2,18224945.42890262
2026-08-24 13:40:00,184968773.3,18227649.73139865
2026-08-24 13:45:00,183464738.4,17958627.54837501
2026-08-24 13:50:00,184073261.9,18057586.99239
2026-08-24 13:55:00,183668996.9,17968670.40761139
2026-08-24 14:00:00,183808996.2,18018795.897486
2026-08-24 14:05:00,184140556.5,18116013.11087136
2026-08-24 14:10:00,184601809.7,18205945.51166306
2026-08-24 14:15:00,185222047.9,18347649.67983856
2026-08-24 14:20:00,185835036.0,18388664.8565058
2026-08-24 14:25:00,185988716.7,18390564.307296
2026-08-24 14:30:00,185837730.0,18484091.5000053
2026-08-24 14:35:00,185353919.8,18511918.75959653
2026-08-24 14:40:00,185340630.3,18513581.03694555
2026-08-24 14:45:00,185365074.4,18525911.9723473
2026-08-24 14:50:00,185418493.1,18451563.48315482
2026-08-24 14:55:00,185388682.4,18403534.501848
2026-08-24 15:00:00,185422347.3,18453232.003296
2026-08-24 15:05:00,185367920.4,18505974.6232335
2026-08-24 15:10:00,185132897.2,18495037.46766505
2026-08-24 15:15:00,185003665.0,18471962.88731255
2026-08-24 15:20:00,185070253.0,18528193.63553814
2026-08-24 15:25:00,185228791.7,18648204.97046422
2026-08-24 15:30:00,185928743.0,18695135.10865
2026-08-24 15:35:00,185614569.2,18598579.83384
2026-08-24 15:40:00,185002631.5,18441641.3661566
2026-08-24 15:45:00,184876384.5,18361922.50854
2026-08-24 15:50:00,185317083.7,18463141.049031
2026-08-24 15:55:00,185571268.3,18442072.643654
2026-08-24 16:00:00,185712869.3,18410779.0113214
2026-08-24 16:05:00,185560753.1,18444738.85814
2026-08-24 16:10:00,185540861.9,18460735.01615225
2026-08-24 16:15:00,185606278.7,18496508.3249603
2026-08-24 16:20:00,185544444.5,18561203.83411314
2026-08-24 16:25:00,185440212.7,18549875.61751494
2026-08-24 16:30:00,185475413.2,18521239.05165411
2026-08-24 16:35:00,185365869.8,18497660.147342
2026-08-24 16:40:00,185237189.4,18458289.45996013
2026-08-24 16:45:00,185163499.0,18429323.05547
2026-08-24 16:50:00,185322962.0,18430225.87221926
2026-08-24 16:55:00,185605754.1,18367545.425736
2026-08-24 17:00:00,185463805.0,18355352.78085
2026-08-24 17:05:00,183521803.5,18059338.27859112
2026-08-24 17:10:00,183574708.1,18157060.46542015
2026-08-24 17:15:00,183610460.7,18108947.07135429
2026-08-24 17:20:00,183894075.5,18101302.54085491
2026-08-24 17:25:00,183743496.7,17946227.322689
2026-08-24 17:30:00,183726332.9,17885058.51048665
2026-08-24 17:35:00,183377968.6,17837044.80736429
2026-08-24 17:40:00,183238858.3,17900987.03654085
2026-08-24 17:45:00,183374442.0,17848098.49905648
2026-08-24 17:50:00,183323979.5,17879692.21530332
2026-08-24 17:55:00,183347083.2,17920343.911968
2026-08-24 18:00:00,183214273.8,17936677.40502
2026-08-24 18:05:00,183064737.0,17998924.94184
2026-08-24 18:10:00,183037414.7,17978295.45554096
2026-08-24 18:15:00,182911043.1,17960035.321989
2026-08-24 18:20:00,182750079.8,17940575.333966
2026-08-24 18:25:00,182730001.7,17908208.95840622
2026-08-24 18:30:00,182702304.0,17956028.112696
2026-08-24 18:35:00,182733008.5,17953569.25036738
2026-08-24 18:40:00,182783547.5,17887265.58826258
2026-08-24 18:45:00,182811434.5,17941635.19441833
2026-08-24 18:50:00,182958666.8,17964711.493092
2026-08-24 18:55:00,182380219.4,17871437.699006
2026-08-24 19:00:00,182204266.8,17826865.463712
2026-08-24 19:05:00,182039257.2,17783682.63357608
2026-08-24 19:10:00,182110282.6,17695656.160242
2026-08-24 19:15:00,182340930.4,17738125.709312
2026-08-24 19:20:00,183083214.4,17740510.82052413
2026-08-24 19:25:00,183134298.2,17777831.58879831
2026-08-24 19:30:00,183067340.3,17822722.28898083
2026-08-24 19:35:00,183094305.3,17827473.22110186
2026-08-24 19:40:00,183440936.0,17889209.60777272
2026-08-24 19:45:00,183302620.8,17831352.67275898
2026-08-24 19:50:00,183276897.3,17829176.569344
2026-08-24 19:55:00,183314331.5,17807154.16191
2026-08-24 20:00:00,183352598.1,17788869.067662
2026-08-24 20:05:00,183066223.3,17693350.481945
2026-08-24 20:10:00,182920536.7,17754267.292102
2026-08-24 20:15:00,183070234.8,17750105.51871492
2026-08-24 20:20:00,184039992.0,17826437.53550592
2026-08-24 20:25:00,183935298.1,17814133.620985
2026-08-24 20:30:00,183730173.7,17748334.77942
2026-08-24 20:35:00,183846403.8,17790303.5642594
2026-08-24 20:40:00,183864431.2,17859397.56660951
2026-08-24 20:45:00,183847220.1,17869697.92302846
2026-08-24 20:50:00,183853894.1,17857728.733933
2026-08-24 20:55:00,183877869.9,17883695.00356264
2026-08-24 21:00:00,183814436.2,17903388.22505285
2026-08-24 21:05:00,183764191.9,17943698.62148156
2026-08-24 21:10:00,183830884.2,17937438.23728699
2026-08-24 21:15:00,183686257.3,17931452.437626
2026-08-24 21:20:00,183701924.6,17866849.186596
2026-08-24 21:25:00,183364673.4,17876922.46281839
2026-08-24 21:30:00,183124744.9,17820962.18094605
2026-08-24 21:35:00,183227821.1,17832479.11896209
2026-08-24 21:40:00,183254498.9,17848993.69049497
2026-08-24 21:45:00,183218019.2,17833855.69126656
2026-08-24 21:50:00,183229473.5,17837101.5749516
2026-08-24 21:55:00,183183336.4,17810915.798172
2026-08-24 22:00:00,183208135.4,17828513.12728531
2026-08-24 22:05:00,183077436.6,17780480.642592
2026-08-24 22:10:00,182877483.7,17732053.19047951
2026-08-24 22:15:00,182945732.9,17685673.1777316
2026-08-24 22:20:00,182858662.9,17652946.74303738
2026-08-24 22:25:00,182861834.1,17647995.608991
2026-08-24 22:30:00,182675091.4,17609878.81096
2026-08-24 22:35:00,182572323.2,17652540.00549898
2026-08-24 22:40:00,182568327.0,17647607.66985081
2026-08-24 22:45:00,182448295.1,17591274.17419049
2026-08-24 22:50:00,182403588.7,17573029.86863339
2026-08-24 22:55:00,182433974.1,17581328.09893343
2026-08-24 23:00:00,182219577.7,17487612.871869
2026-08-24 23:05:00,181905406.6,17428091.42445236
2026-08-24 23:10:00,182039645.9,17496997.24157922
2026-08-24 23:15:00,181970311.3,17487346.91593
2026-08-24 23:20:00,181899796.1,17473294.413366
2026-08-24 23:25:00,181935004.1,17538860.05889734
2026-08-24 23:30:00,181919562.9,17517396.73157117
2026-08-24 23:35:00,181783494.8,17500297.044396
2026-08-24 23:40:00,181887293.7,17590822.18265761
2026-08-24 23:45:00,181956556.8,17602477.304832
2026-08-24 23:50:00,181961287.4,17588339.82821365
2026-08-24 23:55:00,181981701.9,17595257.53233722
2026-08-25 00:00:00,181911491.4,17626070.19780453
2026-08-25 00:05:00,181974784.3,17603301.64329501
2026-08-25 00:10:00,182145909.8,17631724.06864
2026-08-25 00:15:00,182083415.6,17596785.27536091
2026-08-25 00:20:00,181982200.2,17530423.59761209
2026-08-25 00:25:00,181884999.4,17558297.5186789
2026-08-25 00:30:00,181810869.8,17561111.913982
2026-08-25 00:35:00,181808052.5,17567901.2157341
2026-08-25 00:40:00,181745811.9,17591627.86341451
2026-08-25 00:45:00,181907728.9,17731459.51268208
2026-08-25 00:50:00,181833284.8,17804042.43123568
2026-08-25 00:55:00,181895791.1,17847615.022732
2026-08-25 01:00:00,181825384.8,17842463.18979317
2026-08-25 01:05:00,181513471.3,17876800.7441199
2026-08-25 01:10:00,181383956.2,17842739.771394
2026-08-25 01:15:00,181115033.5,17769195.936685
2026-08-25 01:20:00,181212088.5,17798693.01125035
2026-08-25 01:25:00,181215125.5,17786482.0259756
2026-08-25 01:30:00,181065960.9,17806026.594906
2026-08-25 01:35:00,181274966.0,17817284.37618352
2026-08-25 01:40:00,181379657.9,17855013.523676
2026-08-25 01:45:00,181352108.7,17810590.595427
2026-08-25 01:50:00,181333328.7,17837628.98422234
2026-08-25 01:55:00,181174225.7,17785873.736969
2026-08-25 02:00:00,181111738.4,17805095.002104
2026-08-25 02:05:00,181176554.3,17791148.10266826
2026-08-25 02:10:00,181089348.3,17741323.452951
2026-08-25 02:15:00,180954752.6,17699184.351806
2026-08-25 02:20:00,181034651.5,17968492.95522766
2026-08-25 02:25:00,180872672.3,17924483.63365672
2026-08-25 02:30:00,181082149.9,18062017.31191751
2026-08-25 02:35:00,181263726.8,18048996.63294089
2026-08-25 02:40:00,181254694.7,18066327.87566634
2026-08-25 02:45:00,181284627.8,18021785.84077109
2026-08-25 02:50:00,181424752.3,17922334.43555918
2026-08-25 02:55:00,181467698.1,17883641.647755
2026-08-25 03:00:00,181291446.4,17862646.213792
2026-08-25 03:05:00,181345558.2,17939671.00242479
2026-08-25 03:10:00,181269472.5,17954741.251125
2026-08-25 03:15:00,181381388.4,17945874.568296
2026-08-25 03:20:00,181384640.7,17938940.96523
2026-08-25 03:25:00,181551124.9,17888473.79939312
2026-08-25 03:30:00,181593601.7,17884436.53670628
2026-08-25 03:35:00,181755001.9,17926495.837397
2026-08-25 03:40:00,181786803.7,17946258.6699974
2026-08-25 03:45:00,181677706.5,17848017.88656
2026-08-25 03:50:00,181744971.2,17789784.81731297
2026-08-25 03:55:00,181809883.8,17791915.228668
2026-08-25 04:00:00,181917667.1,17807920.432419
2026-08-25 04:05:00,181959678.8,17789253.42554303
2026-08-25 04:10:00,181840645.6,17780378.326768
2026-08-25 04:15:00,181942381.3,17828652.20613485
2026-08-25 04:20:00,182013675.4,17790680.98351121
2026-08-25 04:25:00,181909723.5,17856258.45876
2026-08-25 04:30:00,181785245.0,17834950.38695
2026-08-25 04:35:00,181971535.0,17865534.03376205
2026-08-25 04:40:00,182507022.8,17921344.63144444
2026-08-25 04:45:00,182445462.8,17917773.6849428
2026-08-25 04:50:00,182522997.5,17973039.563825
2026-08-25 04:55:00,182546830.4,17966196.98204567
2026-08-25 05:00:00,182556522.0,17951544.06895674
2026-08-25 05:05:00,182914080.4,18088801.42970414
2026-08-25 05:10:00,183059481.4,18082615.572692
2026-08-25 05:15:00,183024413.5,18092693.54188487
2026-08-25 05:20:00,183107615.5,18081877.030625
2026-08-25 05:25:00,183204129.3,18079417.05811232
2026-08-25 05:30:00,182942600.3,18082847.90224132
2026-08-25 05:35:00,183173015.6,18138292.06704459
2026-08-25 05:40:00,183399673.1,18131476.72762319
2026-08-25 05:45:00,183305838.1,18080864.43369799
2026-08-25 05:50:00,183386761.7,18110977.66507043
2026-08-25 05:55:00,183525336.5,18115785.965915
2026-08-25 06:00:00,183654164.3,18108300.59998
2026-08-25 06:05:00,183826366.8,18127467.30024492
2026-08-25 06:10:00,183792114.3,18125578.312266
2026-08-25 06:15:00,183767599.4,18150725.792738
2026-08-25 06:20:00,183856471.9,18161342.294282
2026-08-25 06:25:00,183951744.1,18192827.49149
2026-08-25 06:30:00,184021491.7,18172122.305375
2026-08-25 06:35:00,183612012.7,18052733.088664
2026-08-25 06:40:00,183079950.4,17916203.946144
2026-08-25 06:45:00,182995246.8,17897367.00582245
2026-08-25 06:50:00,182978549.9,17876881.72960157
2026-08-25 06:55:00,182313415.9,17709923.39739184
2026-08-25 07:00:00,182396602.8,17715034.75533239
2026-08-25 07:05:00,182160201.5,17796838.55911424
2026-08-25 07:10:00,182158643.5,17761700.95526649
2026-08-25 07:15:00,182326975.9,17760470.722419
2026-08-25 07:20:00,182267605.9,17783277.98738048
2026-08-25 07:25:00,182265601.7,17778186.789818
2026-08-25 07:30:00,182625215.5,17857855.11873864
2026-08-25 07:35:00,182649205.8,17833868.454312
2026-08-25 07:40:00,182698453.2,17805791.248872
2026-08-25 07:45:00,182698562.3,17818590.781119
2026-08-25 07:50:00,182521788.6,17585974.33161
2026-08-25 07:55:00,182017501.3,17562528.32770957
2026-08-25 08:00:00,182323094.7,17549225.05632077
2026-08-25 08:05:00,182741732.4,17631130.66752693
2026-08-25 08:10:00,182993100.6,17639056.31358715
2026-08-25 08:15:00,183065009.4,17689571.858322
2026-08-25 08:20:00,183589423.3,17800735.01666788
2026-08-25 08:25:00,183838127.1,17851033.27223276
2026-08-25 08:30:00,183789372.7,17869351.82788962
2026-08-25 08:35:00,183754103.9,17864573.981158
2026-08-25 08:40:00,183808890.5,17830206.80450653
2026-08-25 08:45:00,183912926.9,17834036.521493
2026-08-25 08:50:00,183702089.3,17672140.99066
2026-08-25 08:55:00,183448884.9,17631272.327739
2026-08-25 09:00:00,183870146.2,17696999.60625088
2026-08-25 09:05:00,183737919.5,17625978.617635
2026-08-25 09:10:00,184006570.1,17680420.33338028
2026-08-25 09:15:00,183999921.5,17709269.32468351
2026-08-25 09:20:00,184082132.9,17719746.112954
2026-08-25 09:25:00,183820615.5,17713465.53089109
2026-08-25 09:30:00,183860755.7,17692920.521011
2026-08-25 09:35:00,183842674.2,17731625.92659
2026-08-25 09:40:00,183912719.5,17726692.30332358
2026-08-25 09:45:00,183968632.4,17732736.477036
2026-08-25 09:50:00,183922379.1,17715403.554912
2026-08-25 09:55:00,183448616.5,17522024.89452323
2026-08-25 10:00:00,184043734.2,17585991.66844489
2026-08-25 10:05:00,184122615.1,17607647.52323915
2026-08-25 10:10:00,184191564.4,17606643.24345614
2026-08-25 10:15:00,184320171.9,17609949.223326
2026-08-25 10:20:00,184321437.3,17645669.96204212
2026-08-25 10:25:00,184289973.3,17624400.20687033
2026-08-25 10:30:00,184322878.0,17641542.65338
2026-08-25 10:35:00,184478129.5,17602753.68960511
2026-08-25 10:40:00,184678130.2,17595740.72781998
2026-08-25 10:45:00,184805354.8,17634126.955016
2026-08-25 10:50:00,184998947.1,17683313.05747954
2026-08-25 10:55:00,185696686.9,17787885.638151
2026-08-25 11:00:00,185807809.8,17787381.632154
2026-08-25 11:05:00,185643390.9,17706666.624042
2026-08-25 11:10:00,185613418.2,17719672.20676956
2026-08-25 11:15:00,185544283.0,17661253.37505177
2026-08-25 11:20:00,185587784.6,17685114.68460627
2026-08-25 11:25:00,185599103.3,17703376.0362436
2026-08-25 11:30:00,185652696.2,17661140.989506
2026-08-25 11:35:00,186082663.3,17733677.81249
2026-08-25 11:40:00,186177973.8,17759099.88212069
2026-08-25 11:45:00,186143248.0,17718975.77712
2026-08-25 11:50:00,186204908.1,17719259.054796
2026-08-25 11:55:00,186253249.5,17684597.0374254
2026-08-25 12:00:00,186166113.9,17644824.275442
2026-08-25 12:05:00,186254386.4,17646539.59885366
2026-08-25 12:10:00,185076191.8,17529445.23728905
2026-08-25 12:15:00,185257277.4,17608704.21687
2026-08-25 12:20:00,185371377.2,17590155.0635774
2026-08-25 12:25:00,185420508.3,17583426.802089
2026-08-25 12:30:00,185441278.6,17587588.36555105
2026-08-25 12:35:00,185571893.2,17616709.10954347
2026-08-25 12:40:00,185508783.3,17586605.52949444
2026-08-25 12:45:00,185510105.4,17606764.103514
2026-08-25 12:50:00,185452364.1,17678215.0809306
2026-08-25 12:55:00,185518026.7,17715680.34438417
2026-08-25 13:00:00,185536014.9,17683437.580119
2026-08-25 13:05:00,185643521.6,17708929.08968979
2026-08-25 13:10:00,185886519.5,17680784.0476272
2026-08-25 13:15:00,185851808.6,17644770.708484
2026-08-25 13:20:00,185451177.5,17536263.3444
2026-08-25 13:25:00,185600624.9,17472442.828086
2026-08-25 13:30:00,185050940.5,17381092.7868936
2026-08-25 13:35:00,184793018.2,17519311.33010191
2026-08-25 13:40:00,184733140.1,17536061.18704565
2026-08-25 13:45:00,184849693.1,17459053.513295
2026-08-25 13:50:00,184703383.8,17362118.0772
2026-08-25 13:55:00,184446111.7,17291822.971875
2026-08-25 14:00:00,184731436.8,17455273.463232
2026-08-25 14:05:00,184756368.1,17506151.7867231
2026-08-25 14:10:00,184956244.8,17552347.63152
2026-08-25 14:15:00,184983711.8,17582701.80659
2026-08-25 14:20:00,185270120.9,17577226.66790736
2026-08-25 14:25:00,185396167.5,17618017.96324252
2026-08-25 14:30:00,185607962.7,17679021.0972826
2026-08-25 14:35:00,185469144.5,17684482.928075
2026-08-25 14:40:00,185339701.3,17648046.357786
2026-08-25 14:45:00,185236187.8,17613844.21015345
2026-08-25 14:50:00,185214446.1,17612856.62321184
2026-08-25 14:55:00,185211771.1,17617343.667032
2026-08-25 15:00:00,185314492.2,17616766.53681955
2026-08-25 15:05:00,185430059.2,17566449.63902675
2026-08-25 15:10:00,185419261.7,17588871.164862
2026-08-25 15:15:00,185088412.5,17488012.023234
2026-08-25 15:20:00,185021225.7,17545638.69183354
2026-08-25 15:25:00,184986154.0,17507215.40514472
2026-08-25 15:30:00,184991793.8,17506328.4226754
2026-08-25 15:35:00,184990674.0,17518616.8278
2026-08-25 15:40:00,184945592.3,17521745.414502
2026-08-25 15:45:00,185040340.9,17543130.70212675
2026-08-25 15:50:00,185110058.6,17509864.0234701
2026-08-25 15:55:00,185099564.4,17535479.42226412
2026-08-25 16:00:00,185055059.1,17608766.10461322
2026-08-25 16:05:00,185089538.9,17602946.14977067
2026-08-25 16:10:00,185020882.3,17548274.12819351
2026-08-25 16:15:00,185168262.6,17541022.84638527
2026-08-25 16:20:00,185137876.2,17567733.072618
2026-08-25 16:25:00,185183013.4,17505350.256702
2026-08-25 16:30:00,185234602.8,17545421.577216
2026-08-25 16:35:00,185209660.1,17584277.41452726
2026-08-25 16:40:00,185216671.8,17562244.820076
2026-08-25 16:45:00,185224275.9,17564818.083597
2026-08-25 16:50:00,185264012.2,17589004.22371056
2026-08-25 16:55:00,185288150.2,17559757.994454
2026-08-25 17:00:00,185286706.6,17557768.317416
2026-08-25 17:05:00,185289883.0,17508041.04467
2026-08-25 17:10:00,185273415.0,17495681.69052135
2026-08-25 17:15:00,185088546.6,17496749.76771095
2026-08-25 17:20:00,185105458.3,17533601.79534801
2026-08-25 17:25:00,185191434.9,17522813.570238
2026-08-25 17:30:00,185102347.3,17500481.0642203
2026-08-25 17:35:00,185069437.8,17557537.564086
2026-08-25 17:40:00,185075390.1,17508131.90346
2026-08-25 17:45:00,185112854.0,17546301.3477407
2026-08-25 17:50:00,185065095.4,17583923.02641192
2026-08-25 17:55:00,185119939.0,17553679.80937992
2026-08-25 18:00:00,185124917.8,17564652.200864
2026-08-25 18:05:00,185198573.5,17545712.85339
2026-08-25 18:10:00,185206421.4,17561272.877148
2026-08-25 18:15:00,185149244.1,17592881.174382
2026-08-25 18:20:00,185142317.9,17632954.356796
2026-08-25 18:25:00,185116481.3,17628642.514199
2026-08-25 18:30:00,185049022.4,17637022.324944
2026-08-25 18:35:00,184878027.8,17585882.71649881
2026-08-25 18:40:00,185065368.5,17619522.24008687
2026-08-25 18:45:00,185148131.5,17612569.64186867
2026-08-25 18:50:00,185090393.5,17590990.99824
2026-08-25 18:55:00,185149758.7,17570626.931741
2026-08-25 19:00:00,185205060.2,17606907.97853942
2026-08-25 19:05:00,185266913.0,17567008.69066
2026-08-25 19:10:00,185366084.9,17616894.26949931
2026-08-25 19:15:00,185509008.1,17632532.90013071
2026-08-25 19:20:00,185545981.1,17657921.1798969
2026-08-25 19:25:00,185919666.3,17685801.61324045
2026-08-25 19:30:00,186083160.4,17605861.86411435
2026-08-25 19:35:00,186142974.5,17555143.925095
2026-08-25 19:40:00,186149809.1,17520420.032492
2026-08-25 19:45:00,186168030.2,17468146.273666
2026-08-25 19:50:00,186202585.0,17494045.6810928
2026-08-25 19:55:00,186187835.7,17529359.4438738
2026-08-25 20:00:00,186188500.3,17518174.36785651
2026-08-25 20:05:00,186286232.6,17458300.49517608
2026-08-25 20:10:00,186266191.9,17484310.10292063
2026-08-25 20:15:00,186296456.5,17458984.79885791
2026-08-25 20:20:00,186358020.2,17487836.615568
2026-08-25 20:25:00,186401568.4,17477594.49009309
2026-08-25 20:30:00,186349805.3,17412525.807232
2026-08-25 20:35:00,186126980.2,17362836.73525898
2026-08-25 20:40:00,186162671.7,17298235.454364
2026-08-25 20:45:00,185174303.6,17152847.58539695
2026-08-25 20:50:00,184954762.4,17095368.688632
2026-08-25 20:55:00,184787429.2,17090320.3962143
2026-08-25 21:00:00,185035320.9,17065802.09554737
2026-08-25 21:05:00,185001703.0,17113245.83291554
2026-08-25 21:10:00,183536858.6,16818926.78859518
2026-08-25 21:15:00,183847310.0,16953753.6241419
2026-08-25 21:20:00,183965812.6,16968743.48311198
2026-08-25 21:25:00,183959892.9,16912028.98435
2026-08-25 21:30:00,184041596.0,16964556.78943264
2026-08-25 21:35:00,184340243.1,17012563.79163889
2026-08-25 21:40:00,184428977.3,17066668.4141999
2026-08-25 21:45:00,184510988.9,17070469.5840173
2026-08-25 21:50:00,184739058.9,17066194.261182
2026-08-25 21:55:00,184781685.2,17061857.55491274
2026-08-25 22:00:00,184844459.8,17094108.80050073
2026-08-25 22:05:00,184817592.9,17154768.972978
2026-08-25 22:10:00,184819960.9,17180863.565264
2026-08-25 22:15:00,184791397.2,17228101.960956
2026-08-25 22:20:00,184850816.0,17246292.76552704
2026-08-25 22:25:00,184801620.4,17217074.38084147
2026-08-25 22:30:00,184722124.3,17156990.904984
2026-08-25 22:35:00,184721409.3,17220428.02187315
2026-08-25 22:40:00,184695706.1,17209988.3744104
2026-08-25 22:45:00,184707030.0,17203271.0661945
2026-08-25 22:50:00,184843170.8,17223686.655144
2026-08-25 22:55:00,184699105.1,17220397.05311484
2026-08-25 23:00:00,184703224.9,17229116.818672
2026-08-25 23:05:00,184725564.3,17231200.637904
2026-08-25 23:10:00,184850891.9,17211466.544809
2026-08-25 23:15:00,185032686.4,17241454.88803698
2026-08-25 23:20:00,185179974.7,17208775.048871
2026-08-25 23:25:00,185217081.0,17182588.60437
2026-08-25 23:30:00,185230550.3,17217664.95442679
2026-08-25 23:35:00,185209654.0,17169751.70037414
2026-08-25 23:40:00,185285597.8,17146657.17592011
2026-08-25 23:45:00,184789024.0,17065266.3664
2026-08-25 23:50:00,184853408.1,17036866.47481002
2026-08-25 23:55:00,184772981.4,16993571.099358
2026-08-26 00:00:00,184840373.5,17033040.418025
2026-08-26 00:05:00,184879102.9,17080980.316931
2026-08-26 00:10:00,185013724.1,17018502.21243643
2026-08-26 00:15:00,185045541.6,16986305.45346823
2026-08-26 00:20:00,184950990.9,17032856.2113356
2026-08-26 00:25:00,185022663.9,17046138.025107
2026-08-26 00:30:00,185066873.8,17089075.126692
2026-08-26 00:35:00,185161845.8,17118553.34200627
2026-08-26 00:40:00,185127231.3,17079325.5573073
2026-08-26 00:45:00,185131370.1,17076517.578024
2026-08-26 00:50:00,185176427.4,17156103.42931312
2026-08-26 00:55:00,185269309.1,17191713.52624721
2026-08-26 01:00:00,185331436.6,17165397.657892
2026-08-26 01:05:00,185246402.7,17253849.947478
2026-08-26 01:10:00,185167156.6,17266837.35295
2026-08-26 01:15:00,185157680.8,17226267.03729733
2026-08-26 01:20:00,185064428.2,17242452.775394
2026-08-26 01:25:00,185222298.4,17238639.312088
2026-08-26 01:30:00,185202168.9,17190465.317298
2026-08-26 01:35:00,185462433.8,17296621.61117199
2026-08-26 01:40:00,185666263.7,17318949.077936
2026-08-26 01:45:00,185643148.1,17296372.108477
2026-08-26 01:50:00,185671014.1,17293398.253274
2026-08-26 01:55:00,185652553.1,17284794.79906505
2026-08-26 02:00:00,185628124.1,17297567.40357192
2026-08-26 02:05:00,185568708.5,17324267.81753045
2026-08-26 02:10:00,185704777.4,17294685.919262
2026-08-26 02:15:00,185741726.0,17322056.04894058
2026-08-26 02:20:00,185641813.9,17375988.38580561
2026-08-26 02:25:00,185876311.9,17401903.89123247
2026-08-26 02:30:00,185758888.7,17466919.44999432
2026-08-26 02:35:00,185919038.4,17465927.94530923
2026-08-26 02:40:00,185966311.0,17468702.65153347
2026-08-26 02:45:00,185912413.5,17470864.358656
2026-08-26 02:50:00,186009959.2,17466524.89903839
2026-08-26 02:55:00,185961701.7,17450646.087528
2026-08-26 03:00:00,185935743.0,17439941.56062879
2026-08-26 03:05:00,186766943.8,17498194.964622
2026-08-26 03:10:00,186459256.6,17411380.78664397
2026-08-26 03:15:00,186525505.0,17404693.00629495
2026-08-26 03:20:00,185966311.0,17356235.80563
2026-08-26 03:25:00,185846887.2,17408277.924024
2026-08-26 03:30:00,185903480.3,17372680.234035
2026-08-26 03:35:00,185825084.6,17340598.53809959
2026-08-26 03:40:00,185772204.8,17352981.650368
2026-08-26 03:45:00,185849198.0,17362387.04912818
2026-08-26 03:50:00,185840925.7,17330658.71206824
2026-08-26 03:55:00,185856092.4,17344090.542768
2026-08-26 04:00:00,185918378.9,17355529.00909352
2026-08-26 04:05:00,185864113.8,17326252.688436
2026-08-26 04:10:00,185961831.7,17394869.737218
2026-08-26 04:15:00,186151896.1,17370633.87824423
2026-08-26 04:20:00,186072166.0,17388181.55094594
2026-08-26 04:25:00,186221027.8,17426932.49915905
2026-08-26 04:30:00,186194070.0,17396111.9601
2026-08-26 04:35:00,186251228.5,17386552.180475
2026-08-26 04:40:00,186250375.4,17392060.054852
2026-08-26 04:45:00,186362844.4,17417471.437624
2026-08-26 04:50:00,186543780.1,17397520.63719824
2026-08-26 04:55:00,186646392.2,17398840.71737804
2026-08-26 05:00:00,186387038.4,17297218.5446533
2026-08-26 05:05:00,186335018.9,17263939.501085
2026-08-26 05:10:00,186088481.8,17216158.26043917
2026-08-26 05:15:00,186669369.3,17269658.83328502
2026-08-26 05:20:00,186868654.9,17262320.88522013
2026-08-26 05:25:00,186844902.8,17378126.77309324
2026-08-26 05:30:00,186784133.2,17376527.911596
2026-08-26 05:35:00,186801592.1,17408040.367799
2026-08-26 05:40:00,186804021.5,17412002.844015
2026-08-26 05:45:00,186821207.4,17441627.922864
2026-08-26 05:50:00,186838969.8,17441417.83083
2026-08-26 05:55:00,186816141.7,17396319.115104
2026-08-26 06:00:00,186863515.1,17434808.82536079
2026-08-26 06:05:00,186804066.4,17445885.8146263
2026-08-26 06:10:00,186748093.7,17487091.494068
2026-08-26 06:15:00,186806893.4,17450321.22993065
2026-08-26 06:20:00,186888518.8,17423397.94815701
2026-08-26 06:25:00,186964333.3,17415727.646895
2026-08-26 06:30:00,187164061.0,17462406.8913
2026-08-26 06:35:00,187228132.8,17464406.192418
2026-08-26 06:40:00,187415692.9,17455897.636706
2026-08-26 06:45:00,187437415.8,17499157.139088
2026-08-26 06:50:00,187411574.7,17483625.803763
2026-08-26 06:55:00,187411985.1,17511775.887744
2026-08-26 07:00:00,187397163.8,17529865.2987341
2026-08-26 07:05:00,187426108.6,17535586.720616
2026-08-26 07:10:00,187375733.7,17506514.799591
2026-08-26 07:15:00,187462498.1,17542740.572198
2026-08-26 07:20:00,187442615.3,17542754.365927
2026-08-26 07:25:00,187481582.0,17533738.75333172
2026-08-26 07:30:00,187509991.5,17544848.63007591
2026-08-26 07:35:00,187509094.1,17535850.480232
2026-08-26 07:40:00,187463056.9,17514673.406167
2026-08-26 07:45:00,187421263.4,17523888.1279
2026-08-26 07:50:00,187400594.0,17529451.56276
2026-08-26 07:55:00,187433145.1,17500632.757987
2026-08-26 08:00:00,187394415.9,17448981.80195535
2026-08-26 08:05:00,187425111.8,17434538.79778805
2026-08-26 08:10:00,187424322.8,17490437.803696
2026-08-26 08:15:00,187455848.7,17487756.125223
2026-08-26 08:20:00,187477377.8,17469142.063404
2026-08-26 08:25:00,187518669.7,17456112.962373
2026-08-26 08:30:00,187440219.4,17471842.67810587
2026-08-26 08:35:00,187448734.7,17474158.4974687
2026-08-26 08:40:00,187503646.7,17479403.07646399
2026-08-26 08:45:00,187538921.0,17490007.29892628
2026-08-26 08:50:00,187582225.0,17474708.00783775
2026-08-26 08:55:00,187374887.9,17360283.363935
2026-08-26 09:00:00,187379312.0,17373809.80864
2026-08-26 09:05:00,187291606.1,17389003.01421569
2026-08-26 09:10:00,187402940.6,17376000.652432
2026-08-26 09:15:00,187498447.0,17370302.37638386
2026-08-26 09:20:00,186824761.5,17197620.96931223
2026-08-26 09:25:00,186839205.4,17206556.78541344
2026-08-26 09:30:00,186724781.2,17190697.47731803
2026-08-26 09:35:00,186844193.1,17215823.952234
2026-08-26 09:40:00,186877920.9,17183807.92649284
2026-08-26 09:45:00,186914728.3,17149426.321525
2026-08-26 09:50:00,186861179.3,17158557.68701119
2026-08-26 09:55:00,186883119.8,17156552.52102727
2026-08-26 10:00:00,186785734.1,17181323.24759983
2026-08-26 10:05:00,186685281.8,17135842.016422
2026-08-26 10:10:00,186864397.7,17172481.23763039
2026-08-26 10:15:00,187100365.0,17193992.1784634
2026-08-26 10:20:00,187108197.5,17273828.7932
2026-08-26 10:25:00,187053012.3,17321157.5727632
2026-08-26 10:30:00,187055141.6,17332529.420656
2026-08-26 10:35:00,186920421.3,17305092.603954
2026-08-26 10:40:00,186868939.0,17370021.01210944
2026-08-26 10:45:00,187088130.7,17384225.36288139
2026-08-26 10:50:00,187204253.7,17441571.33557158
2026-08-26 10:55:00,187274024.6,17425847.98903
2026-08-26 11:00:00,187228540.4,17399148.259372
2026-08-26 11:05:00,187156353.0,17427357.64506921
2026-08-26 11:10:00,187152031.9,17402414.03311554
2026-08-26 11:15:00,186971479.8,17378999.04741
2026-08-26 11:20:00,186941793.4,17372500.860662
2026-08-26 11:25:00,186943749.3,17382029.809914
2026-08-26 11:30:00,187008061.4,17356283.63135549
2026-08-26 11:35:00,189040418.2,17510681.60957326
2026-08-26 11:40:00,188808513.7,17370717.45146925
2026-08-26 11:45:00,189049009.9,17422357.85897311
2026-08-26 11:50:00,189050887.8,17382289.55029763
2026-08-26 11:55:00,189487780.0,17454884.765647
2026-08-26 12:00:00,189334496.5,17411249.52510909
2026-08-26 12:05:00,189159415.5,17442389.703255
2026-08-26 12:10:00,189344812.0,17414042.35964
2026-08-26 12:15:00,189441716.1,17399804.85200958
2026-08-26 12:20:00,189714895.8,17431427.69032164
2026-08-26 12:25:00,189601212.3,17589071.25557987
2026-08-26 12:30:00,189669549.3,17643061.475886
2026-08-26 12:35:00,189214797.3,17524820.97809762
2026-08-26 12:40:00,189945528.3,17497782.066996
2026-08-26 12:45:00,190216027.9,17499823.20847247
2026-08-26 12:50:00,190248622.2,17510483.187288
2026-08-26 12:55:00,190264222.8,17502405.855372
2026-08-26 13:00:00,190353381.7,17515176.0637438
2026-08-26 13:05:00,190494728.8,17495068.2770959
2026-08-26 13:10:00,189809956.8,17367738.21987106
2026-08-26 13:15:00,189834824.5,17347106.26281
2026-08-26 13:20:00,189944004.9,17346281.05220334
2026-08-26 13:25:00,189857477.9,17280531.46079247
2026-08-26 13:30:00,190165385.6,17249234.64727255
2026-08-26 13:35:00,190544852.1,17343941.20731605
2026-08-26 13:40:00,190612271.3,17355081.46918897
2026-08-26 13:45:00,190664409.5,17365714.41726
2026-08-26 13:50:00,190746126.4,17346452.734816
2026-08-26 13:55:00,190675394.5,17299978.542985
2026-08-26 14:00:00,190656325.4,17370284.08296788
2026-08-26 14:05:00,190679925.4,17391752.01099816
2026-08-26 14:10:00,190937675.9,17423062.925875
2026-08-26 14:15:00,190890244.5,17390733.1206593
2026-08-26 14:20:00,190871286.9,17405552.652411
2026-08-26 14:25:00,190998789.4,17372350.27952592
2026-08-26 14:30:00,190945241.9,17309186.178235
2026-08-26 14:35:00,190629738.2,17253897.604482
2026-08-26 14:40:00,190750139.7,17245002.90975173
2026-08-26 14:45:00,190890773.4,17218347.76068
2026-08-26 14:50:00,193638770.0,17269352.2620918
2026-08-26 14:55:00,193702561.3,17241464.981313
2026-08-26 15:00:00,192563956.3,17071058.53861513
2026-08-26 15:05:00,193217562.0,17018602.86096
2026-08-26 15:10:00,193205415.3,17189682.86876461
2026-08-26 15:15:00,193391037.0,17133554.34551943
2026-08-26 15:20:00,193812463.7,17090383.049066
2026-08-26 15:25:00,194015454.2,17183948.778494
2026-08-26 15:30:00,194604422.4,17308117.328256
2026-08-26 15:35:00,194560657.1,17218618.15335
2026-08-26 15:40:00,194502604.1,17234875.749301
2026-08-26 15:45:00,194680428.0,17293359.23861316
2026-08-26 15:50:00,194812822.7,17348081.861435
2026-08-26 15:55:00,194978867.4,17315691.0552139
2026-08-26 16:00:00,194985538.9,17322515.275876
2026-08-26 16:05:00,194780493.0,17350621.69496526
2026-08-26 16:10:00,194684851.7,17346461.17028886
2026-08-26 16:15:00,194923726.7,17324329.62130472
2026-08-26 16:20:00,194890601.0,17308234.27481
2026-08-26 16:25:00,194700265.9,17275754.593307
2026-08-26 16:30:00,194698488.2,17295066.706806
2026-08-26 16:35:00,194615602.1,17300772.37222401
2026-08-26 16:40:00,194599136.2,17244466.67207795
2026-08-26 16:45:00,194616523.1,17247564.35014392
2026-08-26 16:50:00,194363248.9,17331730.47642347
2026-08-26 16:55:00,194421611.9,17324200.19752557
2026-08-26 17:00:00,194375991.7,17304721.13187549
2026-08-26 17:05:00,194427480.1,17338717.98142623
2026-08-26 17:10:00,194444639.6,17372819.65855926
2026-08-26 17:15:00,194769667.4,17412408.26556
2026-08-26 17:20:00,194693483.7,17487368.705934
2026-08-26 17:25:00,194699824.9,17493370.39763271
2026-08-26 17:30:00,194763051.3,17557889.074695
2026-08-26 17:35:00,194747243.2,17592852.49687192
2026-08-26 17:40:00,194756589.7,17551463.863764
2026-08-26 17:45:00,194522533.7,17442376.52369947
2026-08-26 17:50:00,194609408.2,17395224.22696763
2026-08-26 17:55:00,194567533.8,17409947.67495677
2026-08-26 18:00:00,194558092.5,17403221.374125
2026-08-26 18:05:00,194758024.5,17391990.9144425
2026-08-26 18:10:00,194755702.8,17395579.374096
2026-08-26 18:15:00,194689319.1,17374074.836484
2026-08-26 18:20:00,194338423.0,17349156.54602093
2026-08-26 18:25:00,194388505.3,17376388.488767
2026-08-26 18:30:00,194907603.2,17366267.44512
2026-08-26 18:35:00,194947227.2,17367848.471248
2026-08-26 18:40:00,195023019.3,17383429.48152071
2026-08-26 18:45:00,195072135.4,17386239.07838694
2026-08-26 18:50:00,195062473.7,17422201.85161394
2026-08-26 18:55:00,195084942.4,17415232.808048
2026-08-26 19:00:00,195144797.2,17465342.26252168
2026-08-26 19:05:00,195208586.5,17445049.5828763
2026-08-26 19:10:00,195269981.4,17456566.14881431
2026-08-26 19:15:00,195307645.9,17435801.03240657
2026-08-26 19:20:00,195471226.4,17428214.545824
2026-08-26 19:25:00,195504733.1,17433157.050527
2026-08-26 19:30:00,195380009.6,17519725.460832
2026-08-26 19:35:00,195399464.3,17503270.4576761
2026-08-26 19:40:00,195510092.4,17455141.049472
2026-08-26 19:45:00,195616505.9,17452904.656398
2026-08-26 19:50:00,195655850.5,17467121.26974936
2026-08-26 19:55:00,195614239.7,17447125.50406015
2026-08-26 20:00:00,195653491.2,17443870.48877875
2026-08-26 20:05:00,195611289.0,17447871.68098185
2026-08-26 20:10:00,195620214.3,17437585.902702
2026-08-26 20:15:00,195660038.3,17409937.82095506
2026-08-26 20:20:00,195384486.9,17355492.06397132
2026-08-26 20:25:00,195438668.5,17335050.28879996
2026-08-26 20:30:00,195415502.4,17382208.93848
2026-08-26 20:35:00,195650005.9,17372503.5808833
2026-08-26 20:40:00,195702950.1,17409734.440896
2026-08-26 20:45:00,195612707.9,17434933.2693479
2026-08-26 20:50:00,195602045.3,17442743.92891165
2026-08-26 20:55:00,195476926.1,17435355.26317857
2026-08-26 21:00:00,195429338.7,17477245.759941
2026-08-26 21:05:00,195755971.8,17522117.035818
2026-08-26 21:10:00,196153968.5,17594102.78157584
2026-08-26 21:15:00,196238549.6,17658255.07655755
2026-08-26 21:20:00,196234760.8,17655241.429176
2026-08-26 21:25:00,196265847.3,17663237.36387598
2026-08-26 21:30:00,196518104.6,17723627.87755304
2026-08-26 21:35:00,196482474.7,17653950.351795
2026-08-26 21:40:00,196492477.8,17697193.2592959
2026-08-26 21:45:00,196396884.7,17642332.152601
2026-08-26 21:50:00,196432441.6,17631775.958016
2026-08-26 21:55:00,196373204.5,17689912.90949009
2026-08-26 22:00:00,196386984.9,17714106.03798
2026-08-26 22:05:00,196854425.1,17853082.15028418
2026-08-26 22:10:00,196656692.3,17782311.68664598
2026-08-26 22:15:00,196609224.2,17787297.4622335
2026-08-26 22:20:00,196530274.1,17869851.23931121
2026-08-26 22:25:00,196527397.5,17851332.28430948
2026-08-26 22:30:00,196614898.8,17876031.95014619
2026-08-26 22:35:00,196515694.8,17829391.45606564
2026-08-26 22:40:00,196265595.9,17769184.42195268
2026-08-26 22:45:00,196314702.4,17802076.34903917
2026-08-26 22:50:00,196359446.1,17772493.466511
2026-08-26 22:55:00,196127866.0,17716230.13578
2026-08-26 23:00:00,196354660.1,17789696.86122118
2026-08-26 23:05:00,196221768.9,17795352.221541
2026-08-26 23:10:00,196392054.4,17783300.52592
2026-08-26 23:15:00,196475062.2,17800640.63532
2026-08-26 23:20:00,196467473.8,17859455.26539507
2026-08-26 23:25:00,196415156.1,17915026.387881
2026-08-26 23:30:00,197344053.1,18261614.80107151
2026-08-26 23:35:00,196808445.3,18110313.136506
2026-08-26 23:40:00,196662683.2,18198486.21707096
2026-08-26 23:45:00,196677801.0,18249910.1648109
2026-08-26 23:50:00,196775793.2,18248987.061368
2026-08-26 23:55:00,196932109.3,18277952.41855227
2026-08-27 00:00:00,196774040.1,18255512.828497
2026-08-27 00:05:00,196445401.7,18110219.07565429
2026-08-27 00:10:00,196154641.1,18108996.466352
2026-08-27 00:15:00,196084317.0,18057404.75253
2026-08-27 00:20:00,196302412.1,18092180.40281056
2026-08-27 00:25:00,196221336.1,18034703.000951
2026-08-27 00:30:00,196196960.3,18032605.84495402
2026-08-27 00:35:00,196172090.6,18013070.64074568
2026-08-27 00:40:00,196104129.4,18003470.9893337
2026-08-27 00:45:00,196050504.6,18022817.02060552
2026-08-27 00:50:00,196032137.6,18009472.481312
2026-08-27 00:55:00,195974808.5,17971062.39728148
2026-08-27 01:00:00,195756224.1,17899553.70413132
2026-08-27 01:05:00,195588523.0,17889682.24175093
2026-08-27 01:10:00,195642595.9,17850430.449916
2026-08-27 01:15:00,195554158.6,17809117.223702
2026-08-27 01:20:00,195571094.2,17819845.52308857
2026-08-27 01:25:00,195566892.0,17864306.11969284
2026-08-27 01:30:00,195555821.4,17973535.544874
2026-08-27 01:35:00,196242753.4,17983685.921576
2026-08-27 01:40:00,196315507.9,18037468.865852
2026-08-27 01:45:00,196345156.8,17973967.74884693
2026-08-27 01:50:00,196292353.5,17999936.18777921
2026-08-27 01:55:00,196303873.0,17997139.07664
2026-08-27 02:00:00,196305305.2,17946231.001384
2026-08-27 02:05:00,196378573.8,17971041.21265758
2026-08-27 02:10:00,196318830.3,17982804.85548
2026-08-27 02:15:00,196304301.8,17949894.57184944
2026-08-27 02:20:00,196302210.0,17931741.6472623
2026-08-27 02:25:00,196359595.9,17890322.782449
2026-08-27 02:30:00,196473708.4,17871248.516064
2026-08-27 02:35:00,196482924.1,17879942.16344152
2026-08-27 02:40:00,196437632.6,17836537.04008
2026-08-27 02:45:00,196492173.2,17798261.048456
2026-08-27 02:50:00,196478074.2,17800913.52252
2026-08-27 02:55:00,196479154.9,17801129.32143294
2026-08-27 03:00:00,196461304.5,17801358.800745
2026-08-27 03:05:00,196510972.6,17799820.445098
2026-08-27 03:10:00,196552503.6,17795051.91410413
2026-08-27 03:15:00,196566631.7,17767657.839363
2026-08-27 03:20:00,196596860.6,17814783.76672609
2026-08-27 03:25:00,196645761.1,17885807.04568189
2026-08-27 03:30:00,196389964.6,17891677.63086053
2026-08-27 03:35:00,198356157.9,18054377.492058
2026-08-27 03:40:00,198335625.0,18051741.02863125
2026-08-27 03:45:00,198276761.3,18046821.67410224
2026-08-27 03:50:00,198308309.9,18036140.785405
2026-08-27 03:55:00,198269435.8,18004847.464998
2026-08-27 04:00:00,198199530.0,18015958.7158977
2026-08-27 04:05:00,198196362.8,18035869.0148
2026-08-27 04:10:00,198276038.8,18043720.30719756
2026-08-27 04:15:00,198254976.1,18031290.076295
2026-08-27 04:20:00,198385435.1,18048049.49102892
2026-08-27 04:25:00,198567330.9,18008071.239321
2026-08-27 04:30:00,198641849.2,17990042.77400482
2026-08-27 04:35:00,198635246.2,17936762.73186
2026-08-27 04:40:00,198608016.8,17947982.05115702
2026-08-27 04:45:00,198647663.8,17955762.330882
2026-08-27 04:50:00,198446150.8,17876029.264064
2026-08-27 04:55:00,198419373.6,17861712.011472
2026-08-27 05:00:00,198447040.5,17875172.73820884
2026-08-27 05:05:00,198504505.2,17869375.558104
2026-08-27 05:10:00,198498267.6,17907588.70094498
2026-08-27 05:15:00,198435050.7,17890904.171112
2026-08-27 05:20:00,198461303.5,17864768.11115133
2026-08-27 05:25:00,198453310.7,17924303.022424
2026-08-27 05:30:00,198419819.7,17889530.944152
2026-08-27 05:35:00,198456996.5,17857160.54507
2026-08-27 05:40:00,198432400.1,17892649.517017
2026-08-27 05:45:00,198404558.2,17894162.65733429
2026-08-27 05:50:00,198380829.3,17996571.2220486
2026-08-27 05:55:00,198440490.1,18014427.691278
2026-08-27 06:00:00,198424896.7,18021480.89701716
2026-08-27 06:05:00,198460198.4,17953997.55395162
2026-08-27 06:10:00,198441147.3,17948787.45684592
2026-08-27 06:15:00,198413023.1,17906775.334775
2026-08-27 06:20:00,198319463.8,17912213.970416
2026-08-27 06:25:00,198299587.5,17928400.5495945
2026-08-27 06:30:00,198262796.6,17946242.77810067
2026-08-27 06:35:00,198170680.2,17978537.5527377
2026-08-27 06:40:00,198251697.0,18025807.56027345
2026-08-27 06:45:00,198357352.2,18029546.72735189
2026-08-27 06:50:00,198293449.1,18088943.13659421
2026-08-27 06:55:00,198163621.2,18088375.343136
2026-08-27 07:00:00,198136864.2,18093386.8730072
2026-08-27 07:05:00,196756040.2,17928410.383024
2026-08-27 07:10:00,196673758.3,17898389.77749549
2026-08-27 07:15:00,196701254.2,17937509.96055489
2026-08-27 07:20:00,196650467.4,17913638.34724212
2026-08-27 07:25:00,196632783.2,17892110.49165383
2026-08-27 07:30:00,196712577.6,17924450.070912
2026-08-27 07:35:00,196719798.1,17885764.043252
2026-08-27 07:40:00,196681872.5,17903950.853675
2026-08-27 07:45:00,196759126.8,17900694.77786363
2026-08-27 07:50:00,196745957.5,17900803.05826512
2026-08-27 07:55:00,196767475.7,17935807.97524911
2026-08-27 08:00:00,196862237.1,17944796.10959237
2026-08-27 08:05:00,196670958.5,18064227.538225
2026-08-27 08:10:00,196433394.8,18107230.332664
2026-08-27 08:15:00,197565254.6,18177979.075746
2026-08-27 08:20:00,197498142.8,18138505.93215192
2026-08-27 08:25:00,197515402.8,18184182.47808296
2026-08-27 08:30:00,197735160.2,18309943.63945086
2026-08-27 08:35:00,197600131.5,18338946.11630065
2026-08-27 08:40:00,197325425.4,18268387.883532
2026-08-27 08:45:00,197401791.2,18310990.151712
2026-08-27 08:50:00,197430365.8,18319563.642582
2026-08-27 08:55:00,197386440.7,18325651.26038464
2026-08-27 09:00:00,197394309.8,18304711.89202376
2026-08-27 09:05:00,197847332.6,18260822.0945418
2026-08-27 09:10:00,197609936.4,18218798.26994966
2026-08-27 09:15:00,197546041.7,18239426.030161
2026-08-27 09:20:00,197669441.0,18284423.2925
2026-08-27 09:25:00,197024328.8,18285827.955928
2026-08-27 09:30:00,196916627.0,18323092.14235
2026-08-27 09:35:00,197411232.4,18351348.163904
2026-08-27 09:40:00,197638993.9,18339732.56385599
2026-08-27 09:45:00,197569768.6,18316997.50434965
2026-08-27 09:50:00,197463387.4,18283753.09976856
2026-08-27 09:55:00,197694266.0,18262996.29308
2026-08-27 10:00:00,197662875.6,18208931.41257894
2026-08-27 10:05:00,197662432.3,18194826.893215
2026-08-27 10:10:00,197662504.7,18248202.433904
2026-08-27 10:15:00,197642246.9,18166615.20994335
2026-08-27 10:20:00,197735932.1,18188684.34815751
2026-08-27 10:25:00,197735198.3,18128362.980144
2026-08-27 10:30:00,197937494.6,18020298.78650711
2026-08-27 10:35:00,197851026.3,17954885.66823238
2026-08-27 10:40:00,197867951.0,17868439.59222137
2026-08-27 10:45:00,197967993.1,17959656.334032
2026-08-27 10:50:00,198163950.3,17960781.85447229
2026-08-27 10:55:00,198150972.2,18002089.14022971
2026-08-27 11:00:00,198279908.4,17992995.54811861
2026-08-27 11:05:00,198310260.0,18050884.035597
2026-08-27 11:10:00,198332068.0,18039806.92499612
2026-08-27 11:15:00,198390672.2,18033712.10298
2026-08-27 11:20:00,198468076.3,18035679.2610013
2026-08-27 11:25:00,198461906.7,18006448.794891
2026-08-27 11:30:00,198564361.4,17934756.06373778
2026-08-27 11:35:00,198441264.5,17901386.470545
2026-08-27 11:40:00,198457866.0,17870164.34349258
2026-08-27 11:45:00,198426140.8,17921849.037056
2026-08-27 11:50:00,198263081.2,17847642.569624
2026-08-27 11:55:00,198184610.9,17900034.056488
2026-08-27 12:00:00,198238894.9,17885113.097878
2026-08-27 12:05:00,198274185.5,17906141.692505
2026-08-27 12:10:00,198231167.5,17886711.44876965
2026-08-27 12:15:00,198239559.1,17924031.94037678
2026-08-27 12:20:00,198137126.8,17899708.035112
2026-08-27 12:25:00,198150567.1,17920737.288524
2026-08-27 12:30:00,198087546.5,17930017.08572633
2026-08-27 12:35:00,197864869.9,17872557.91129559
2026-08-27 12:40:00,197864382.1,17863758.35083316
2026-08-27 12:45:00,198037588.1,17852922.215641
2026-08-27 12:50:00,197982531.2,17889701.519232
2026-08-27 12:55:00,198075017.1,17928803.74931026
2026-08-27 13:00:00,198081400.0,17902596.932
2026-08-27 13:05:00,198299965.1,17938789.91284479
2026-08-27 13:10:00,197998822.5,17955972.67573958
2026-08-27 13:15:00,197973994.2,17936443.87452
2026-08-27 13:20:00,198112487.6,17941772.15751186
2026-08-27 13:25:00,198063851.0,17978410.24507378
2026-08-27 13:30:00,197989418.7,18006268.45721691
2026-08-27 13:35:00,198082285.8,17847213.95058
2026-08-27 13:40:00,198051455.9,17888007.496888
2026-08-27 13:45:00,197850558.6,17846120.38572
2026-08-27 13:50:00,198478259.3,17855189.5522795
2026-08-27 13:55:00,198200990.1,17934656.59539652
2026-08-27 14:00:00,198361663.0,18053753.85563079
2026-08-27 14:05:00,198413460.8,18103244.163392
2026-08-27 14:10:00,197983086.7,17963318.26956799
2026-08-27 14:15:00,197637728.5,17900049.070245
2026-08-27 14:20:00,197612946.7,17980802.020233
2026-08-27 14:25:00,197742523.4,18042027.835016
2026-08-27 14:30:00,197919745.0,18062458.74590985
2026-08-27 14:35:00,197858403.5,18111930.55621351
2026-08-27 14:40:00,198395851.5,18234562.711365
2026-08-27 14:45:00,198630728.9,18296714.66065496
2026-08-27 14:50:00,198372129.6,18182993.72242949
2026-08-27 14:55:00,198557225.3,18151619.04286852
2026-08-27 15:00:00,198750316.5,18185653.95975
2026-08-27 15:05:00,198747287.9,18194968.38696405
2026-08-27 15:10:00,199148107.8,18299719.625742
2026-08-27 15:15:00,199228360.0,18350826.6177036
2026-08-27 15:20:00,198955817.2,18329799.438636
2026-08-27 15:25:00,198780467.0,18259973.69862
2026-08-27 15:30:00,198949260.1,18305321.421801
2026-08-27 15:35:00,199131198.5,18216522.03878
2026-08-27 15:40:00,198845307.4,18252682.86338501
2026-08-27 15:45:00,198278646.7,18186117.475324
2026-08-27 15:50:00,198201890.5,18131536.69120467
2026-08-27 15:55:00,198222616.9,18162690.40343281
2026-08-27 16:00:00,198000398.2,18120996.443264
2026-08-27 16:05:00,198214018.4,18183432.54898902
2026-08-27 16:10:00,198000345.6,18106787.08451866
2026-08-27 16:15:00,198033603.1,18171563.420456
2026-08-27 16:20:00,198128222.9,18267422.15138
2026-08-27 16:25:00,198327616.9,18291756.106687
2026-08-27 16:30:00,198776265.2,18380841.243044
2026-08-27 16:35:00,198804422.7,18382355.51883261
2026-08-27 16:40:00,198876997.0,18413148.08221317
2026-08-27 16:45:00,199027680.8,18459934.82053167
2026-08-27 16:50:00,199176008.6,18424111.42767428
2026-08-27 16:55:00,199260282.6,18401687.09811
2026-08-27 17:00:00,199331536.2,18363989.85393389
2026-08-27 17:05:00,199313913.2,18324921.179608
2026-08-27 17:10:00,199262183.1,18353469.79549734
2026-08-27 17:15:00,199342059.7,18379250.19383373
2026-08-27 17:20:00,199314392.2,18420636.127124
2026-08-27 17:25:00,199451088.3,18438640.79849392
2026-08-27 17:30:00,199448622.6,18371212.627686
2026-08-27 17:35:00,199646347.8,18345502.899342
2026-08-27 17:40:00,200192404.5,18387634.31676814
2026-08-27 17:45:00,200104322.6,18305543.431448
2026-08-27 17:50:00,200279053.7,18349566.899994
2026-08-27 17:55:00,200271822.2,18348904.349964
2026-08-27 18:00:00,200219553.6,18350122.08744
2026-08-27 18:05:00,200253565.8,18348817.70683714
2026-08-27 18:10:00,200317781.1,18361127.815626
2026-08-27 18:15:00,199764874.6,18192587.129822
2026-08-27 18:20:00,199538925.8,18098180.57006
2026-08-27 18:25:00,199351370.1,18049273.048854
2026-08-27 18:30:00,199080547.1,17982945.819543
2026-08-27 18:35:00,198968650.2,17991041.8143728
2026-08-27 18:40:00,198810730.8,18037727.81752471
2026-08-27 18:45:00,198725162.6,18049065.83652468
2026-08-27 18:50:00,198719990.8,18053458.78979169
2026-08-27 18:55:00,198735208.1,18089466.89747798
2026-08-27 19:00:00,198691819.3,18144340.23357489
2026-08-27 19:05:00,198791081.0,18148083.07651144
2026-08-27 19:10:00,198773343.5,18132821.96584003
2026-08-27 19:15:00,198756117.5,18119832.0089838
2026-08-27 19:20:00,198990474.3,18098183.637585
2026-08-27 19:25:00,198896430.6,18059795.89848
2026-08-27 19:30:00,199060322.3,18104536.313185
2026-08-27 19:35:00,199121275.6,18110080.01582
2026-08-27 19:40:00,199120395.7,18114946.13954419
2026-08-27 19:45:00,199081859.3,18140339.019416
2026-08-27 19:50:00,199132756.0,18123072.12356
2026-08-27 19:55:00,199132087.2,18162837.673512
2026-08-27 20:00:00,198996843.9,18126622.510851
2026-08-27 20:05:00,199078093.5,18090511.0380187
2026-08-27 20:10:00,199080827.7,18100428.854484
2026-08-27 20:15:00,199056588.1,18079796.3311257
2026-08-27 20:20:00,199001463.7,18148933.48944
2026-08-27 20:25:00,201232863.0,18449028.87984
2026-08-27 20:30:00,201419739.0,18397678.96026
2026-08-27 20:35:00,201308304.0,18380255.40149904
2026-08-27 20:40:00,201119380.6,18363124.59793076
2026-08-27 20:45:00,201070176.8,18373853.07703704
2026-08-27 20:50:00,201411195.5,18394884.485015
2026-08-27 20:55:00,201006476.0,18304311.01586604
2026-08-27 21:00:00,200969343.6,18354086.00873864
2026-08-27 21:05:00,201022700.9,18379405.03193655
2026-08-27 21:10:00,201008113.1,18374151.618471
2026-08-27 21:15:00,200909378.2,18364352.76015593
2026-08-27 21:20:00,201069167.4,18362897.0706476
2026-08-27 21:25:00,201073870.5,18402196.17713439
2026-08-27 21:30:00,201086965.9,18349185.638375
2026-08-27 21:35:00,201117115.3,18367408.71080503
2026-08-27 21:40:00,201107469.8,18327754.29672428
2026-08-27 21:45:00,201090709.8,18325396.384074
2026-08-27 21:50:00,201060066.5,18360805.27278
2026-08-27 21:55:00,201071931.9,18327706.592685
2026-08-27 22:00:00,201054005.4,18363862.70306499
2026-08-27 22:05:00,200871006.9,18419564.00008944
2026-08-27 22:10:00,200863418.2,18401509.51130931
2026-08-27 22:15:00,200954807.2,18405689.92766857
2026-08-27 22:20:00,201426338.6,18502262.07223609
2026-08-27 22:25:00,201390929.3,18482712.95378629
2026-08-27 22:30:00,201368116.8,18483579.441072
2026-08-27 22:35:00,201359272.4,18490821.984492
2026-08-27 22:40:00,201329018.1,18502136.76339
2026-08-27 22:45:00,201409491.3,18467776.03473368
2026-08-27 22:50:00,201396968.4,18443934.366072
2026-08-27 22:55:00,201336763.5,18498068.83088451
2026-08-27 23:00:00,201425050.1,18657917.79224196
2026-08-27 23:05:00,201407558.6,18542274.70079317
2026-08-27 23:10:00,201354084.4,18532629.928176
2026-08-27 23:15:00,201527728.8,18569820.93693091
2026-08-27 23:20:00,201436622.9,18620801.420876
2026-08-27 23:25:00,201471521.6,18618221.04745149
2026-08-27 23:30:00,201468025.3,18659215.01287138
2026-08-27 23:35:00,203698759.6,18781025.63512
2026-08-27 23:40:00,203281530.5,18730360.22027
2026-08-27 23:45:00,202546958.3,18616783.64795039
2026-08-27 23:50:00,202297043.0,18590109.01915973
2026-08-27 23:55:00,202244756.2,18584270.647218
2026-08-28 00:00:00,202224553.3,18580391.957204
2026-08-28 00:05:00,202144444.0,18564355.47518352
2026-08-28 00:10:00,202168503.3,18561090.287973
2026-08-28 00:15:00,202146841.0,18605710.46933937
2026-08-28 00:20:00,202508065.4,18782623.06585
2026-08-28 00:25:00,202709582.8,18788772.16281216
2026-08-28 00:30:00,202597177.1,18792991.1347233
2026-08-28 00:35:00,202838618.4,18816401.51455099
2026-08-28 00:40:00,202931491.8,18810750.86692035
2026-08-28 00:45:00,202923228.7,18764605.19657062
2026-08-28 00:50:00,202884217.8,18727710.58846736
2026-08-28 00:55:00,202980950.0,18733111.8755
2026-08-28 01:00:00,202909422.2,18702161.444174
2026-08-28 01:05:00,202766984.3,18761165.26992588
2026-08-28 01:10:00,202809616.9,18755624.47700659
2026-08-28 01:15:00,202865625.8,18765244.85093819
2026-08-28 01:20:00,202825317.8,18875491.98535784
2026-08-28 01:25:00,203036885.4,18979159.14477341
2026-08-28 01:30:00,202928943.8,19005574.03921594
2026-08-28 01:35:00,202849008.8,19084034.747904
2026-08-28 01:40:00,202766773.0,18883669.56949
2026-08-28 01:45:00,202814505.2,18863519.5542304
2026-08-28 01:50:00,202458825.8,18728010.2958005
2026-08-28 01:55:00,202457117.7,18737549.98768857
2026-08-28 02:00:00,202690618.2,18660890.13232702
2026-08-28 02:05:00,202727813.6,18634740.626112
2026-08-28 02:10:00,202557226.2,18571884.65432202
2026-08-28 02:15:00,202419770.0,18479589.030518
2026-08-28 02:20:00,202119098.0,18433085.89398474
2026-08-28 02:25:00,202164699.3,18358192.23050433
2026-08-28 02:30:00,202198001.7,18323164.71623385
2026-08-28 02:35:00,201840231.0,18278651.31936
2026-08-28 02:40:00,201863880.3,18252532.056726
2026-08-28 02:45:00,201890408.2,18252088.09249654
2026-08-28 02:50:00,201960811.9,18216865.23338
2026-08-28 02:55:00,202116848.0,18253320.08817904
2026-08-28 03:00:00,202400328.2,18270878.00293892
2026-08-28 03:05:00,202711035.8,18233764.42313353
2026-08-28 03:10:00,201791501.6,18082477.93884054
2026-08-28 03:15:00,201621789.5,18123782.658155
2026-08-28 03:20:00,201635077.0,18209442.0052853
2026-08-28 03:25:00,201769112.8,18213364.89341988
2026-08-28 03:30:00,201917604.0,18225082.93704
2026-08-28 03:35:00,201874336.2,18222673.47424324
2026-08-28 03:40:00,201849925.8,18182641.316064
2026-08-28 03:45:00,201825557.6,18162970.15357542
2026-08-28 03:50:00,201761482.6,18175586.31450935
2026-08-28 03:55:00,201760050.2,18168492.52051
2026-08-28 04:00:00,201743089.8,18161213.5409998
2026-08-28 04:05:00,201824034.6,18115725.345696
2026-08-28 04:10:00,201472652.9,18009640.442731
2026-08-28 04:15:00,201256649.0,18147312.04033
2026-08-28 04:20:00,201264773.9,18144019.367085
2026-08-28 04:25:00,201331682.6,18144011.235912
2026-08-28 04:30:00,201355631.7,18126990.40488458
2026-08-28 04:35:00,201433273.9,18080282.04237276
2026-08-28 04:40:00,201339377.5,18048061.7991
2026-08-28 04:45:00,201249457.8,18074757.17855406
2026-08-28 04:50:00,201246908.0,18058915.43900896
2026-08-28 04:55:00,201290235.3,18106056.665235
2026-08-28 05:00:00,201309612.4,18100153.89630105
2026-08-28 05:05:00,201323963.5,18091929.66217626
2026-08-28 05:10:00,201425127.4,18049705.666314
2026-08-28 05:15:00,201400491.6,18082650.49407987
2026-08-28 05:20:00,201388489.7,18064841.55328496
2026-08-28 05:25:00,201356642.0,18060410.15915688
2026-08-28 05:30:00,201346592.8,18120816.83387147
2026-08-28 05:35:00,201255602.5,18165330.68165
2026-08-28 05:40:00,201172330.6,18106155.51718123
2026-08-28 05:45:00,201255149.4,18127051.306458
2026-08-28 05:50:00,201353501.7,18174308.01089319
2026-08-28 05:55:00,201320821.3,18142152.64356692
2026-08-28 06:00:00,201817671.5,18160331.07960527
2026-08-28 06:05:00,202052700.7,18256411.15593829
2026-08-28 06:10:00,202429818.1,18325866.16908759
2026-08-28 06:15:00,202395106.9,18328542.64152479
2026-08-28 06:20:00,202464269.7,18320991.765153
2026-08-28 06:25:00,202435655.2,18300183.23008
2026-08-28 06:30:00,202434550.8,18283888.628256
2026-08-28 06:35:00,202463665.6,18286085.00474761
2026-08-28 06:40:00,202420956.7,18274563.970876
2026-08-28 06:45:00,202372722.9,18268185.696183
2026-08-28 06:50:00,202269876.7,18337787.021622
2026-08-28 06:55:00,202436850.0,18336729.873
2026-08-28 07:00:00,202369632.9,18310718.05772299
2026-08-28 07:05:00,202408741.6,18294762.68761398
2026-08-28 07:10:00,202289565.2,18204037.972348
2026-08-28 07:15:00,202260629.8,18202510.10225254
2026-08-28 07:20:00,202304149.9,18259972.569974
2026-08-28 07:25:00,202288805.5,18232290.039715
2026-08-28 07:30:00,202091363.6,18220654.34603053
2026-08-28 07:35:00,202144646.7,18210341.99922219
2026-08-28 07:40:00,202259498.6,18197287.089042
2026-08-28 07:45:00,202369725.7,18211251.615743
2026-08-28 07:50:00,202341359.5,18224619.15957046
2026-08-28 07:55:00,202332408.5,18232173.329935
2026-08-28 08:00:00,202340860.7,18234958.366284
2026-08-28 08:05:00,202484026.9,18288357.309608
2026-08-28 08:10:00,202485793.1,18274342.827275
2026-08-28 08:15:00,202754973.6,18282397.72156438
2026-08-28 08:20:00,202747071.9,18316813.18366392
2026-08-28 08:25:00,202752833.2,18284250.497976
2026-08-28 08:30:00,202358857.0,18234556.60427
2026-08-28 08:35:00,202338364.4,18236398.64446701
2026-08-28 08:40:00,202590791.5,18244990.38177611
2026-08-28 08:45:00,202717964.6,18216307.25024361
2026-08-28 08:50:00,202548535.3,18141245.38574703
2026-08-28 08:55:00,202598049.4,18175071.011674
2026-08-28 09:00:00,202713046.0,18173459.72103336
2026-08-28 09:05:00,202709451.1,18159793.07091236
2026-08-28 09:10:00,202679770.1,18216042.9639122
2026-08-28 09:15:00,202650827.7,18206150.360568
2026-08-28 09:20:00,202658450.0,18251713.8617525
2026-08-28 09:25:00,202573759.6,18209355.250444
2026-08-28 09:30:00,202578516.3,18185473.408251
2026-08-28 09:35:00,202634203.6,18143866.590344
2026-08-28 09:40:00,202688186.1,18158834.592699
2026-08-28 09:45:00,202734900.8,18074996.32344266
2026-08-28 09:50:00,202784664.3,18100007.56113111
2026-08-28 09:55:00,202717223.3,18110756.729622
2026-08-28 10:00:00,202645657.5,18108160.62067155
2026-08-28 10:05:00,201684759.5,17921707.72917
2026-08-28 10:10:00,201550832.8,17917869.03592
2026-08-28 10:15:00,201542525.8,17985655.002392
2026-08-28 10:20:00,201531767.5,17996627.62765367
2026-08-28 10:25:00,201654765.7,18011803.672324
2026-08-28 10:30:00,201697089.8,18054305.8682358
2026-08-28 10:35:00,201892785.3,18107842.65174327
2026-08-28 10:40:00,202126744.9,18148746.17022141
2026-08-28 10:45:00,202289694.6,18144833.35475374
2026-08-28 10:50:00,202316464.9,18165995.383371
2026-08-28 10:55:00,202304712.0,18192115.68244296
2026-08-28 11:00:00,202271098.3,18231503.1741722
2026-08-28 11:05:00,202413782.6,18291192.30947291
2026-08-28 11:10:00,202439906.7,18265553.55941717
2026-08-28 11:15:00,202151235.2,18238274.46190509
2026-08-28 11:20:00,201935253.1,18230714.649868
2026-08-28 11:25:00,201886348.8,18227101.05846874
2026-08-28 11:30:00,202109452.8,18226230.453504
2026-08-28 11:35:00,202097757.0,18234304.48194369
2026-08-28 11:40:00,202197208.5,18181572.98832
2026-08-28 11:45:00,202157491.5,18181531.30548159
2026-08-28 11:50:00,202199050.6,18206002.516024
2026-08-28 11:55:00,202232464.0,18213990.02182368
2026-08-28 12:00:00,202239657.7,18210364.59571337
2026-08-28 12:05:00,202356006.3,18207993.446874
2026-08-28 12:10:00,202416034.2,18189268.7901997
2026-08-28 12:15:00,202411872.1,18173715.91423362
2026-08-28 12:20:00,202332979.6,18183361.3771826
2026-08-28 12:25:00,202261566.3,18152900.73864547
2026-08-28 12:30:00,201840344.5,18099023.691315
2026-08-28 12:35:00,202010285.1,18110222.059215
2026-08-28 12:40:00,202060462.9,18125259.97272987
2026-08-28 12:45:00,201612711.0,18076702.52299683
2026-08-28 12:50:00,201627907.3,18059811.656861
2026-08-28 12:55:00,201651847.1,18067063.78603404
2026-08-28 13:00:00,201669679.9,18087753.590231
2026-08-28 13:05:00,201513860.3,18113693.99575523
2026-08-28 13:10:00,201871353.5,18111897.83602
2026-08-28 13:15:00,201886800.6,18111264.881826
2026-08-28 13:20:00,201285400.1,18017056.162951
2026-08-28 13:25:00,201097854.8,17974126.262024
2026-08-28 13:30:00,200909023.4,17955239.421258
2026-08-28 13:35:00,200869889.0,17993924.65662
2026-08-28 13:40:00,200820611.8,17955868.93615526
2026-08-28 13:45:00,200800629.2,17949650.57244597
2026-08-28 13:50:00,200954898.4,17991492.053752
2026-08-28 13:55:00,200906892.3,18075564.97326608
2026-08-28 14:00:00,200797075.9,18074999.78348338
2026-08-28 14:05:00,200036263.3,17751218.005242
2026-08-28 14:10:00,198349035.3,17570338.70954743
2026-08-28 14:15:00,197942727.6,17491058.68790102
2026-08-28 14:20:00,197991134.6,17690915.73824728
2026-08-28 14:25:00,197729671.3,17668716.10424512
2026-08-28 14:30:00,197677784.4,17733674.038524
2026-08-28 14:35:00,197705594.1,17839015.29676182
2026-08-28 14:40:00,198420231.3,18048750.68456842
2026-08-28 14:45:00,198085881.0,17972514.22214052
2026-08-28 14:50:00,197776566.7,17835779.53879338
2026-08-28 14:55:00,198008043.3,17933588.481681
2026-08-28 15:00:00,199014464.7,18054592.237584
2026-08-28 15:05:00,198816119.5,17961652.63663328
2026-08-28 15:10:00,198597786.0,17871814.76214
2026-08-28 15:15:00,198553223.5,17856939.75037508
2026-08-28 15:20:00,198474622.5,17950620.43530525
2026-08-28 15:25:00,198330529.8,17962796.083986
2026-08-28 15:30:00,198350870.7,17917034.150331
2026-08-28 15:35:00,198507226.1,17856840.59830568
2026-08-28 15:40:00,198559818.2,17836628.468906
2026-08-28 15:45:00,198300334.5,17670542.807295
2026-08-28 15:50:00,198556126.1,17641348.44627424
2026-08-28 15:55:00,198875570.6,17636285.600808
2026-08-28 16:00:00,198870205.7,17551910.47909528
2026-08-28 16:05:00,196528543.2,17229417.6175213
2026-08-28 16:10:00,196618182.0,17310956.83928064
2026-08-28 16:15:00,196523427.1,17172928.4748041
2026-08-28 16:20:00,195657559.5,17123018.27745678
2026-08-28 16:25:00,194823683.2,16876028.77557139
2026-08-28 16:30:00,194844574.2,17060590.916952
2026-08-28 16:35:00,195116636.1,17086363.823277
2026-08-28 16:40:00,195202758.5,17229153.74509931
2026-08-28 16:45:00,195491929.7,17215019.329382
2026-08-28 16:50:00,195516517.3,17273884.303455
2026-08-28 16:55:00,195637791.8,17270456.24956078
2026-08-28 17:00:00,195613823.0,17256360.94826481
2026-08-28 17:05:00,195651884.8,17244661.25684845
2026-08-28 17:10:00,196265591.1,17337315.29275369
2026-08-28 17:15:00,196599593.9,17403935.79808684
2026-08-28 17:20:00,196412656.6,17424680.08583919
2026-08-28 17:25:00,196247128.7,17377683.246385
2026-08-28 17:30:00,196250681.2,17365104.15050516
2026-08-28 17:35:00,196308093.2,17364267.48520771
2026-08-28 17:40:00,196244234.3,17320488.6451252
2026-08-28 17:45:00,196427933.3,17292927.92821143
2026-08-28 17:50:00,196425945.7,17393517.491735
2026-08-28 17:55:00,196418523.6,17341791.448644
2026-08-28 18:00:00,196384231.3,17337544.23540063
2026-08-28 18:05:00,196571914.1,17328584.78981827
2026-08-28 18:10:00,196507847.4,17286325.68202271
2026-08-28 18:15:00,196390647.5,17241557.18391712
2026-08-28 18:20:00,196452569.2,17203351.484844
2026-08-28 18:25:00,196644498.6,17179905.61353858
2026-08-28 18:30:00,196552667.5,17215144.0040545
2026-08-28 18:35:00,196257251.1,17152528.52051551
2026-08-28 18:40:00,195708317.8,17040323.230846
2026-08-28 18:45:00,195744330.3,17029756.7361
2026-08-28 18:50:00,195778343.5,17009181.36982787
2026-08-28 18:55:00,196083825.7,17128457.48373916
2026-08-28 19:00:00,196215042.3,17142725.48707537
2026-08-28 19:05:00,196178347.0,17157758.22862
2026-08-28 19:10:00,196202976.2,17219652.18064538
2026-08-28 19:15:00,196206042.5,17208209.75419357
2026-08-28 19:20:00,196283012.5,17192429.064875
2026-08-28 19:25:00,196344968.1,17215526.803008
2026-08-28 19:30:00,196386167.4,17224129.33014564
2026-08-28 19:35:00,196417233.9,17198141.7590139
2026-08-28 19:40:00,196430103.0,17213169.92589
2026-08-28 19:45:00,196422962.5,17182350.0660795
2026-08-28 19:50:00,196515452.2,17153833.822538
2026-08-28 19:55:00,196462349.6,17159133.59760327
2026-08-28 20:00:00,196445994.3,17166535.36382254
2026-08-28 20:05:00,196436117.9,17156730.537386
2026-08-28 20:10:00,196616222.0,17207851.74944
2026-08-28 20:15:00,196643535.1,17239986.49307123
2026-08-28 20:20:00,196661030.4,17192421.93521664
2026-08-28 20:25:00,196727577.3,17241204.874572
2026-08-28 20:30:00,196587434.7,17224991.028414
2026-08-28 20:35:00,196518202.4,17175690.88976
2026-08-28 20:40:00,196550191.3,17206990.42836233
2026-08-28 20:45:00,196594297.3,17205335.25303221
2026-08-28 20:50:00,196625507.2,17215040.9553425
2026-08-28 20:55:00,196663139.5,17190193.25939154
2026-08-28 21:00:00,196646366.7,17188858.913247
2026-08-28 21:05:00,196687449.3,17167307.38666898
2026-08-28 21:10:00,196710306.5,17197835.24264293
2026-08-28 21:15:00,196652450.9,17222821.649822
2026-08-28 21:20:00,196616088.2,17184246.10868
2026-08-28 21:25:00,196229898.8,17138428.94094178
2026-08-28 21:30:00,196285937.4,17149502.350638
2026-08-28 21:35:00,196285231.2,17189531.9084166
2026-08-28 21:40:00,196503897.4,17176405.671734
2026-08-28 21:45:00,196549685.8,17121443.130038
2026-08-28 21:50:00,196402609.4,17057566.62639
2026-08-28 21:55:00,196293128.0,17062155.93925296
2026-08-28 22:00:00,196225254.6,17061593.58672049
2026-08-28 22:05:00,196139697.5,17066115.079475
2026-08-28 22:10:00,196111871.7,17106838.568391
2026-08-28 22:15:00,196071460.1,17139090.62384745
2026-08-28 22:20:00,196064470.0,17119124.1174625
2026-08-28 22:25:00,196145239.1,17146667.6635964
2026-08-28 22:30:00,196123185.1,17162806.60998393
2026-08-28 22:35:00,196103928.9,17153589.14146578
2026-08-28 22:40:00,196114757.7,17179652.77452
2026-08-28 22:45:00,196098736.9,17169775.92601855
2026-08-28 22:50:00,196069043.8,17191333.760384
2026-08-28 22:55:00,196063709.7,17216354.348757
2026-08-28 23:00:00,196072772.6,17192495.97157928
2026-08-28 23:05:00,196080060.1,17162887.660553
2026-08-28 23:10:00,196090695.0,17202968.04060675
2026-08-28 23:15:00,196111437.0,17211563.3791554
2026-08-28 23:20:00,196212013.1,17197982.948215
2026-08-28 23:25:00,196156249.1,17213978.02789419
2026-08-28 23:30:00,196177078.9,17210666.13793751
2026-08-28 23:35:00,196354886.0,17219210.16999638
2026-08-28 23:40:00,196334448.4,17212641.091228
2026-08-28 23:45:00,196303391.7,17210999.98202727
2026-08-28 23:50:00,196352188.1,17192597.590036
2026-08-28 23:55:00,196361374.4,17232674.217344
2026-08-29 00:00:00,196437937.4,17239436.60257023
2026-08-29 00:05:00,196220739.1,17261538.418627
2026-08-29 00:10:00,196214392.3,17305169.53392088
2026-08-29 00:15:00,196160524.8,17271934.20864
2026-08-29 00:20:00,196241581.4,17305748.32284552
2026-08-29 00:25:00,196187137.4,17316414.52144077
2026-08-29 00:30:00,196077580.6,17317993.48539029
2026-08-29 00:35:00,196029463.6,17313400.63693744
2026-08-29 00:40:00,196085906.2,17347720.121514
2026-08-29 00:45:00,196187964.8,17358383.49160278
2026-08-29 00:50:00,196255721.1,17380406.660616
2026-08-29 00:55:00,196501027.6,17444146.85397743
2026-08-29 01:00:00,196343617.7,17397570.11812953
2026-08-29 01:05:00,196335086.0,17361911.65498
2026-08-29 01:10:00,196351370.2,17363351.666786
2026-08-29 01:15:00,196387742.3,17352616.66637601
2026-08-29 01:20:00,196412539.4,17362868.48296
2026-08-29 01:25:00,196489338.8,17365727.763144
2026-08-29 01:30:00,196590786.6,17387397.41633809
2026-08-29 01:35:00,196727472.3,17381873.52053901
2026-08-29 01:40:00,196715811.1,17348119.51898702
2026-08-29 01:45:00,196696284.6,17338777.48749
2026-08-29 01:50:00,196702057.7,17331418.303947
2026-08-29 01:55:00,196719110.7,17333052.64558117
2026-08-29 02:00:00,196711696.3,17334234.677956
2026-08-29 02:05:00,196729870.3,17339770.768242
2026-08-29 02:10:00,196814399.2,17338594.77037107
2026-08-29 02:15:00,196772871.2,17317333.01156575
2026-08-29 02:20:00,196718818.1,17271986.98233088
2026-08-29 02:25:00,196721661.1,17256317.88199501
2026-08-29 02:30:00,196870490.1,17243886.227859
2026-08-29 02:35:00,197038573.7,17223141.727117
2026-08-29 02:40:00,197056806.7,17262176.26692
2026-08-29 02:45:00,197088499.4,17241301.927512
2026-08-29 02:50:00,197035695.5,17262553.42915915
2026-08-29 02:55:00,196994447.2,17280169.7035481
2026-08-29 03:00:00,196979162.7,17265402.86169306
2026-08-29 03:05:00,197000319.1,17257227.95316
2026-08-29 03:10:00,197003829.0,17255393.98877877
2026-08-29 03:15:00,196994527.7,17254516.25775504
2026-08-29 03:20:00,197037222.8,17236818.22091623
2026-08-29 03:25:00,197050557.5,17265569.84815
2026-08-29 03:30:00,197060399.4,17262490.98744
2026-08-29 03:35:00,197070978.5,17241201.90519369
2026-08-29 03:40:00,196985902.1,17211871.69963394
2026-08-29 03:45:00,197006989.9,17226978.75125075
2026-08-29 03:50:00,196984191.0,17196802.60766022
2026-08-29 03:55:00,196987641.3,17193081.332664
2026-08-29 04:00:00,196976760.7,17194101.441503
2026-08-29 04:05:00,196996779.3,17220424.21331468
2026-08-29 04:10:00,197021129.2,17205855.213036
2026-08-29 04:15:00,196997760.5,17237304.04375
2026-08-29 04:20:00,197015965.4,17216445.03308301
2026-08-29 04:25:00,197236572.2,17285813.187608
2026-08-29 04:30:00,197221045.0,17262758.06885
2026-08-29 04:35:00,197217530.6,17238145.36494686
2026-08-29 04:40:00,197066107.2,17239343.057856
2026-08-29 04:45:00,197052297.0,17228282.32671
2026-08-29 04:50:00,197156891.5,17272915.264315
2026-08-29 04:55:00,197191864.5,17277951.16749
2026-08-29 05:00:00,197311593.2,17250481.01876825
2026-08-29 05:05:00,197296657.9,17260567.17021177
2026-08-29 05:10:00,197400490.1,17290016.77513365
2026-08-29 05:15:00,197411066.9,17305054.124454
2026-08-29 05:20:00,197443878.4,17305955.94176
2026-08-29 05:25:00,197474891.9,17296128.69515259
2026-08-29 05:30:00,197329701.9,17361067.173162
2026-08-29 05:35:00,197378237.9,17339678.199515
2026-08-29 05:40:00,197408478.3,17378142.74253384
2026-08-29 05:45:00,197843157.6,17433143.71821845
2026-08-29 05:50:00,197859345.9,17449797.42139795
2026-08-29 05:55:00,197967622.5,17426155.4014968
2026-08-29 06:00:00,197955761.4,17459698.15548
2026-08-29 06:05:00,198168020.4,17444730.835812
2026-08-29 06:10:00,198149885.8,17431184.0273614
2026-08-29 06:15:00,198170749.5,17400428.23911988
2026-08-29 06:20:00,198182009.1,17384696.27477983
2026-08-29 06:25:00,198175067.1,17393417.39872877
2026-08-29 06:30:00,198178993.1,17408042.753904
2026-08-29 06:35:00,198291228.1,17423850.213147
2026-08-29 06:40:00,198286707.1,17418148.78346207
2026-08-29 06:45:00,198301417.0,17430301.91749434
2026-08-29 06:50:00,198316194.7,17430184.87043434
2026-08-29 06:55:00,198310742.7,17428773.62886589
2026-08-29 07:00:00,198367587.3,17426903.98141706
2026-08-29 07:05:00,198302245.3,17442665.496588
2026-08-29 07:10:00,198344019.5,17406593.7971524
2026-08-29 07:15:00,198393011.5,17385088.33695971
2026-08-29 07:20:00,198381580.2,17377008.36261757
2026-08-29 07:25:00,198371350.4,17373362.868032
2026-08-29 07:30:00,198379193.5,17368098.390925
2026-08-29 07:35:00,198338794.5,17372538.64478979
2026-08-29 07:40:00,198360755.4,17400205.463688
2026-08-29 07:45:00,198407058.0,17386410.49254
2026-08-29 07:50:00,198355707.6,17391949.43934964
2026-08-29 07:55:00,198434250.3,17372918.613765
2026-08-29 08:00:00,198452918.5,17388518.14654984
2026-08-29 08:05:00,198137207.0,17301340.91524
2026-08-29 08:10:00,198180826.9,17298029.16779748
2026-08-29 08:15:00,198132800.3,17310862.762211
2026-08-29 08:20:00,197952393.4,17261052.7996932
2026-08-29 08:25:00,198108727.7,17283005.404548
2026-08-29 08:30:00,198192958.6,17284407.919506
2026-08-29 08:35:00,198270581.0,17271350.31091
2026-08-29 08:40:00,198320867.4,17267797.924518
2026-08-29 08:45:00,198340062.6,17261535.648078
2026-08-29 08:50:00,198312110.2,17234351.61623194
2026-08-29 08:55:00,198356768.1,17249390.18772207
2026-08-29 09:00:00,198352963.4,17261662.67282573
2026-08-29 09:05:00,198246656.4,17246905.99862864
2026-08-29 09:10:00,198316552.9,17268413.8437675
2026-08-29 09:15:00,198481963.4,17289880.93613241
2026-08-29 09:20:00,198545261.8,17306249.36656507
2026-08-29 09:25:00,198590747.3,17298749.47815717
2026-08-29 09:30:00,198746936.3,17321954.19318363
2026-08-29 09:35:00,198795298.9,17342587.77946374
2026-08-29 09:40:00,198851661.5,17331910.81634
2026-08-29 09:45:00,198837461.1,17324403.76432752
2026-08-29 09:50:00,198789336.4,17328981.31836928
2026-08-29 09:55:00,198793962.3,17326261.51690562
2026-08-29 10:00:00,198815314.3,17326368.93953526
2026-08-29 10:05:00,198970355.7,17291878.89845232
2026-08-29 10:10:00,198928160.2,17325353.69894191
2026-08-29 10:15:00,199025579.6,17323295.91245278
2026-08-29 10:20:00,199054697.0,17376828.12033475
2026-08-29 10:25:00,199065418.6,17373641.43635035
2026-08-29 10:30:00,199065496.8,17364722.16446016
2026-08-29 10:35:00,199082087.1,17356257.05912081
2026-08-29 10:40:00,199112869.5,17344481.13557291
2026-08-29 10:45:00,199156678.1,17348538.229291
2026-08-29 10:50:00,199267327.0,17386074.28075
2026-08-29 10:55:00,199403766.6,17392847.97693538
2026-08-29 11:00:00,199424011.2,17357865.934848
2026-08-29 11:05:00,199441477.2,17364493.87171909
2026-08-29 11:10:00,199496888.9,17344259.520966
2026-08-29 11:15:00,199487536.7,17395510.69290133
2026-08-29 11:20:00,199490038.7,17397526.275027
2026-08-29 11:25:00,199737761.8,17431693.71179522
2026-08-29 11:30:00,199797214.1,17431206.04757531
2026-08-29 11:35:00,199833386.3,17426670.2856778
2026-08-29 11:40:00,199985180.0,17416709.3262
2026-08-29 11:45:00,199981699.2,17387288.84792448
2026-08-29 11:50:00,200003734.1,17402324.904041
2026-08-29 11:55:00,200029891.4,17406925.19805207
2026-08-29 12:00:00,200104951.8,17397124.509492
2026-08-29 12:05:00,200274897.4,17429924.320722
2026-08-29 12:10:00,200209180.3,17400179.859873
2026-08-29 12:15:00,200172262.6,17455021.29872
2026-08-29 12:20:00,200192015.8,17482056.05623775
2026-08-29 12:25:00,200163478.7,17420227.551261
2026-08-29 12:30:00,200210205.5,17429703.86441761
2026-08-29 12:35:00,200221598.3,17411210.12168851
2026-08-29 12:40:00,200278287.7,17424907.9983412
2026-08-29 12:45:00,200283030.8,17427732.07223802
2026-08-29 12:50:00,200267753.8,17419942.09840139
2026-08-29 12:55:00,200301701.3,17424244.996087
2026-08-29 13:00:00,200319344.4,17439802.123464
2026-08-29 13:05:00,200401758.3,17418920.831436
2026-08-29 13:10:00,200552646.3,17430030.489933
2026-08-29 13:15:00,200536298.0,17465584.54180524
2026-08-29 13:20:00,200509967.7,17455601.76339023
2026-08-29 13:25:00,200463455.9,17489107.45456239
2026-08-29 13:30:00,200386415.1,17491822.35182995
2026-08-29 13:35:00,200186155.5,17440217.86716
2026-08-29 13:40:00,200211195.8,17450407.825928
2026-08-29 13:45:00,200249701.3,17440849.86207116
2026-08-29 13:50:00,200226209.5,17461727.730495
2026-08-29 13:55:00,200223511.4,17477790.62302196
2026-08-29 14:00:00,200476067.0,17501462.41582717
2026-08-29 14:05:00,200483563.3,17498205.404824
2026-08-29 14:10:00,200530978.9,17527157.54172109
2026-08-29 14:15:00,200551958.6,17517275.00054375
2026-08-29 14:20:00,200549831.6,17524050.30170295
2026-08-29 14:25:00,200449900.9,17571438.312894
2026-08-29 14:30:00,200729661.4,17597969.414938
2026-08-29 14:35:00,200694328.6,17578816.242074
2026-08-29 14:40:00,200642756.9,17594876.99801866
2026-08-29 14:45:00,200793959.6,17690728.92926284
2026-08-29 14:50:00,200543519.0,17720025.33884
2026-08-29 14:55:00,200504223.5,17698098.77972906
2026-08-29 15:00:00,200422254.5,17657200.62145
2026-08-29 15:05:00,200763392.7,17659148.021892
2026-08-29 15:10:00,200929011.8,17675725.168046
2026-08-29 15:15:00,201013072.0,17699200.9896
2026-08-29 15:20:00,200812300.9,17651401.24911
2026-08-29 15:25:00,200862476.4,17680021.62984049
2026-08-29 15:30:00,200881291.9,17664518.50016861
2026-08-29 15:35:00,200762914.1,17605082.63168083
2026-08-29 15:40:00,200718049.3,17594944.201638
2026-08-29 15:45:00,200726450.1,17589157.00613775
2026-08-29 15:50:00,200710030.6,17618940.65876164
2026-08-29 15:55:00,200682335.6,17624045.12861672
2026-08-29 16:00:00,200667996.2,17604603.306626
2026-08-29 16:05:00,200660685.2,17626034.587968
2026-08-29 16:10:00,200690171.6,17646686.788788
2026-08-29 16:15:00,200806861.4,17664979.597358
2026-08-29 16:20:00,201208163.4,17680915.84857075
2026-08-29 16:25:00,201191970.1,17640511.938368
2026-08-29 16:30:00,201221429.4,17665229.287026
2026-08-29 16:35:00,201512569.5,17698961.82622392
2026-08-29 16:40:00,201575761.8,17696336.128422
2026-08-29 16:45:00,201672296.5,17720944.693455
2026-08-29 16:50:00,201148598.0,17748006.60339938
2026-08-29 16:55:00,201162454.4,17701778.99969219
2026-08-29 17:00:00,201159723.2,17684309.3308193
2026-08-29 17:05:00,201083599.1,17717475.916701
2026-08-29 17:10:00,201059814.5,17701306.06858
2026-08-29 17:15:00,200987276.4,17678840.832144
2026-08-29 17:20:00,201020065.3,17681395.27088091
2026-08-29 17:25:00,200989545.7,17659433.90958897
2026-08-29 17:30:00,200991077.5,17632947.229075
2026-08-29 17:35:00,200925893.3,17630039.57245627
2026-08-29 17:40:00,200930843.3,17618158.85382091
2026-08-29 17:45:00,201011322.5,17650573.06570413
2026-08-29 17:50:00,201010908.6,17670189.55815493
2026-08-29 17:55:00,200900936.6,17634766.79126817
2026-08-29 18:00:00,200897982.9,17653416.03829956
2026-08-29 18:05:00,200868636.0,17620986.16365948
2026-08-29 18:10:00,200848106.1,17616670.5818606
2026-08-29 18:15:00,200868754.3,17622215.814739
2026-08-29 18:20:00,200864525.1,17622979.67158981
2026-08-29 18:25:00,200873373.3,17660786.980536
2026-08-29 18:30:00,200881529.6,17667530.52832
2026-08-29 18:35:00,200893318.8,17649844.13114784
2026-08-29 18:40:00,200891436.5,17684929.17865586
2026-08-29 18:45:00,200880421.8,17680892.0855706
2026-08-29 18:50:00,200899832.8,17690242.81319731
2026-08-29 18:55:00,200981381.1,17666050.35842603
2026-08-29 19:00:00,201068775.6,17649817.122168
2026-08-29 19:05:00,201099321.8,17666575.42013
2026-08-29 19:10:00,201194478.0,17664875.1684
2026-08-29 19:15:00,201290416.6,17697453.427472
2026-08-29 19:20:00,201293524.4,17701939.73871369
2026-08-29 19:25:00,201370115.6,17694335.67413963
2026-08-29 19:30:00,201390077.0,17680798.12822183
2026-08-29 19:35:00,201407037.0,17690007.04262844
2026-08-29 19:40:00,201438034.3,17683245.89854687
2026-08-29 19:45:00,201430143.5,17686390.44858692
2026-08-29 19:50:00,201450268.3,17690321.06421889
2026-08-29 19:55:00,201597952.3,17696268.252894
2026-08-29 20:00:00,201557973.3,17692758.896274
2026-08-29 20:05:00,201470213.5,17718150.85300165
2026-08-29 20:10:00,201426305.8,17737032.46656564
2026-08-29 20:15:00,201448004.9,17745391.57875703
2026-08-29 20:20:00,201437033.0,17754660.08862
2026-08-29 20:25:00,201437041.4,17750632.088168
2026-08-29 20:30:00,201460356.2,17750808.97782422
2026-08-29 20:35:00,201548086.2,17768936.79354768
2026-08-29 20:40:00,201580830.3,17777413.424157
2026-08-29 20:45:00,201627664.0,17803722.7312
2026-08-29 20:50:00,201641488.4,17800910.595952
2026-08-29 20:55:00,201676251.1,17803896.75984505
2026-08-29 21:00:00,201700406.8,17807433.04996854
2026-08-29 21:05:00,201871092.1,17782824.503089
2026-08-29 21:10:00,201819464.0,17760112.832
2026-08-29 21:15:00,201779253.7,17760046.94655618
2026-08-29 21:20:00,201752030.0,17755389.15218
2026-08-29 21:25:00,201707177.1,17734095.010632
2026-08-29 21:30:00,201710343.7,17720253.694045
2026-08-29 21:35:00,201712365.0,17736568.25445
2026-08-29 21:40:00,201717161.0,17733925.88305441
2026-08-29 21:45:00,201727150.9,17731816.56411
2026-08-29 21:50:00,201702567.3,17752905.92060267
2026-08-29 21:55:00,201747216.8,17765254.6697576
2026-08-29 22:00:00,201770694.0,17729590.88178
2026-08-29 22:05:00,201695830.4,17706495.74569655
2026-08-29 22:10:00,201668145.5,17708524.22334701
2026-08-29 22:15:00,201563359.4,17674637.46822735
2026-08-29 22:20:00,201555437.4,17656036.62081324
2026-08-29 22:25:00,201559953.4,17665875.30130759
2026-08-29 22:30:00,201553461.7,17688368.07841511
2026-08-29 22:35:00,201547273.8,17684642.59574398
2026-08-29 22:40:00,201538527.6,17682990.411624
2026-08-29 22:45:00,201552169.1,17701823.13163025
2026-08-29 22:50:00,201573430.6,17706210.143904
2026-08-29 22:55:00,201576988.8,17712570.005856
2026-08-29 23:00:00,201614023.1,17699461.21568221
2026-08-29 23:05:00,201642718.6,17710959.51059968
2026-08-29 23:10:00,201660046.9,17704413.09510858
2026-08-29 23:15:00,201639759.9,17687839.738428
2026-08-29 23:20:00,201706256.5,17681570.44479
2026-08-29 23:25:00,201522324.6,17631188.179254
2026-08-29 23:30:00,201610685.6,17650110.29230166
2026-08-29 23:35:00,202118970.6,17673282.789264
2026-08-29 23:40:00,202602904.2,17729283.76942671
2026-08-29 23:45:00,202616855.3,17708634.13264643
2026-08-29 23:50:00,202593493.2,17744414.47346316
2026-08-29 23:55:00,202561139.8,17735042.085272
2026-08-30 00:00:00,202477893.9,17747187.400335
2026-08-30 00:05:00,202450410.0,17718182.5261383
2026-08-30 00:10:00,202275303.5,17685190.72014651
2026-08-30 00:15:00,202046439.1,17677042.956859
2026-08-30 00:20:00,202025394.7,17721667.623084
2026-08-30 00:25:00,202065898.8,17668642.191072
2026-08-30 00:30:00,202113452.3,17670779.134589
2026-08-30 00:35:00,201853814.6,17626884.359945
2026-08-30 00:40:00,201871757.6,17658663.35966242
2026-08-30 00:45:00,201993428.4,17656449.58980668
2026-08-30 00:50:00,202001461.4,17673107.857886
2026-08-30 00:55:00,202012939.8,17650525.07225095
2026-08-30 01:00:00,201745940.2,17596712.64055603
2026-08-30 01:05:00,201661600.8,17603478.73950573
2026-08-30 01:10:00,201479057.6,17580458.1290032
2026-08-30 01:15:00,201480038.4,17546896.544256
2026-08-30 01:20:00,201336968.1,17530826.57999097
2026-08-30 01:25:00,201388272.5,17526821.355675
2026-08-30 01:30:00,201371236.3,17516276.9895555
2026-08-30 01:35:00,201515912.9,17519996.99859803
2026-08-30 01:40:00,201488506.4,17543308.06414359
2026-08-30 01:45:00,201473750.3,17502024.688561
2026-08-30 01:50:00,201502257.2,17486365.879816
2026-08-30 01:55:00,201507998.8,17475478.9339318
2026-08-30 02:00:00,201451869.3,17450431.75349077
2026-08-30 02:05:00,201715763.2,17486739.511808
2026-08-30 02:10:00,201638513.5,17480488.35642983
2026-08-30 02:15:00,201636635.0,17522223.5815
2026-08-30 02:20:00,201623280.5,17512998.14423
2026-08-30 02:25:00,201652316.6,17504382.96243018
2026-08-30 02:30:00,201590525.9,17492009.932343
2026-08-30 02:35:00,201592869.8,17480333.44472869
2026-08-30 02:40:00,201744524.7,17507307.13821087
2026-08-30 02:45:00,201738821.3,17552173.17346657
2026-08-30 02:50:00,202053944.6,17583968.80869351
2026-08-30 02:55:00,202081704.3,17591998.45714473
2026-08-30 03:00:00,202115812.0,17555779.43032
2026-08-30 03:05:00,202312410.0,17568809.6844
2026-08-30 03:10:00,202340018.4,17571207.197856
2026-08-30 03:15:00,202386656.9,17567161.81892
2026-08-30 03:20:00,202446592.0,17595111.08467712
2026-08-30 03:25:00,202544670.0,17593585.0085958
2026-08-30 03:30:00,202598121.5,17593620.87106
2026-08-30 03:35:00,202624831.3,17621414.34388304
2026-08-30 03:40:00,202715850.6,17587627.198056
2026-08-30 03:45:00,203275801.0,17646372.28481
2026-08-30 03:50:00,202720253.5,17515029.9024
2026-08-30 03:55:00,202672724.4,17504843.206428
2026-08-30 04:00:00,202619752.8,17514607.44924166
2026-08-30 04:05:00,202769159.6,17547643.071784
2026-08-30 04:10:00,202837351.5,17527175.543115
2026-08-30 04:15:00,202862822.9,17544686.58403326
2026-08-30 04:20:00,203323497.1,17609848.083831
2026-08-30 04:25:00,203357628.9,17584334.170983
2026-08-30 04:30:00,203432736.9,17621343.670278
2026-08-30 04:35:00,203465932.1,17603003.64576193
2026-08-30 04:40:00,203050078.0,17477364.90178448
2026-08-30 04:45:00,203120661.0,17484971.8040037
2026-08-30 04:50:00,202196439.3,17340366.634368
2026-08-30 04:55:00,202172056.4,17398276.17976239
2026-08-30 05:00:00,202210021.0,17447912.07090789
2026-08-30 05:05:00,202232312.7,17494041.49577344
2026-08-30 05:10:00,202294102.9,17480708.82273081
2026-08-30 05:15:00,202243937.5,17458707.9046875
2026-08-30 05:20:00,202274516.0,17440108.76952
2026-08-30 05:25:00,202312095.9,17443102.087741
2026-08-30 05:30:00,202185214.0,17448583.9682
2026-08-30 05:35:00,202250947.5,17458688.08750973
2026-08-30 05:40:00,202248324.6,17492534.44901735
2026-08-30 05:45:00,202250995.2,17495192.44216858
2026-08-30 05:50:00,202194263.5,17516610.70820483
2026-08-30 05:55:00,202189955.3,17504935.0592224
2026-08-30 06:00:00,202210477.7,17503227.73394927
2026-08-30 06:05:00,202112653.0,17492850.11715
2026-08-30 06:10:00,201971348.2,17451352.51864234
2026-08-30 06:15:00,201881596.3,17434494.656468
2026-08-30 06:20:00,201980404.8,17469285.211152
2026-08-30 06:25:00,201979018.2,17531859.57136728
2026-08-30 06:30:00,202053076.6,17515997.37470013
2026-08-30 06:35:00,202088186.2,17543275.444022
2026-08-30 06:40:00,202122303.3,17556343.264638
2026-08-30 06:45:00,202142294.5,17534107.64556525
2026-08-30 06:50:00,202110048.5,17565750.13432279
2026-08-30 06:55:00,202073232.9,17554101.742023
2026-08-30 07:00:00,202081946.7,17567472.66494202
2026-08-30 07:05:00,202141508.5,17553368.23785976
2026-08-30 07:10:00,202095450.6,17526586.48646958
2026-08-30 07:15:00,202107182.4,17534819.145024
2026-08-30 07:20:00,201961039.0,17501943.63974
2026-08-30 07:25:00,202074872.0,17511808.40752
2026-08-30 07:30:00,202114950.2,17517302.733834
2026-08-30 07:35:00,202028980.6,17515668.16295347
2026-08-30 07:40:00,202005991.0,17480978.30274763
2026-08-30 07:45:00,202013420.4,17478201.133008
2026-08-30 07:50:00,201641922.6,17405730.758832
2026-08-30 07:55:00,201581350.4,17432795.49886208
2026-08-30 08:00:00,201501130.0,17403652.5981
2026-08-30 08:05:00,201397110.0,17414520.1038327
2026-08-30 08:10:00,201445661.2,17429390.84779886
2026-08-30 08:15:00,201550305.6,17429356.94020618
2026-08-30 08:20:00,201566054.0,17443526.31316
2026-08-30 08:25:00,201542999.1,17425407.702186
2026-08-30 08:30:00,201512097.9,17430796.46835
2026-08-30 08:35:00,201523792.5,17423479.07290598
2026-08-30 08:40:00,201551819.1,17395877.04097527
2026-08-30 08:45:00,201667972.3,17398210.57235779
2026-08-30 08:50:00,201608453.4,17369497.67538017
2026-08-30 08:55:00,201643775.0,17398919.83269825
2026-08-30 09:00:00,201663389.9,17409600.450067
2026-08-30 09:05:00,201726655.7,17430163.4440267
2026-08-30 09:10:00,201624780.3,17420304.40050349
2026-08-30 09:15:00,201696771.2,17457706.70773447
2026-08-30 09:20:00,201814262.3,17438629.13535939
2026-08-30 09:25:00,201859001.1,17414376.024897
2026-08-30 09:30:00,202214603.0,17426049.67242006
2026-08-30 09:35:00,202223409.8,17455255.37444956
2026-08-30 09:40:00,202321574.6,17456305.456488
2026-08-30 09:45:00,202271134.9,17474203.344011
2026-08-30 09:50:00,202294146.8,17470122.517648
2026-08-30 09:55:00,202416215.4,17494495.46194228
2026-08-30 10:00:00,202471055.9,17522446.51662202
2026-08-30 10:05:00,202458851.8,17510666.092182
2026-08-30 10:10:00,202613708.8,17562556.278784
2026-08-30 10:15:00,202588144.7,17560340.382596
2026-08-30 10:20:00,202655782.5,17674287.66213855
2026-08-30 10:25:00,202847386.4,17712633.780448
2026-08-30 10:30:00,203203978.4,17761092.50100682
2026-08-30 10:35:00,203005631.3,17744498.92573857
2026-08-30 10:40:00,202943113.3,17725051.515622
2026-08-30 10:45:00,202650969.9,17784809.21269022
2026-08-30 10:50:00,202687302.7,17781757.065871
2026-08-30 10:55:00,202584224.2,17763559.2079744
2026-08-30 11:00:00,202764861.8,17781687.59689898
2026-08-30 11:05:00,202789461.7,17769653.70565961
2026-08-30 11:10:00,202802458.5,17787803.635035
2026-08-30 11:15:00,202898804.0,17811471.50914
2026-08-30 11:20:00,202783832.6,17813199.01439326
2026-08-30 11:25:00,202976681.3,17807144.250449
2026-08-30 11:30:00,202955900.6,17823767.82144354
2026-08-30 11:35:00,203101349.5,17785946.69611711
2026-08-30 11:40:00,203290013.4,17787876.1725
2026-08-30 11:45:00,203083604.3,17777938.720422
2026-08-30 11:50:00,203112925.4,17796602.18885395
2026-08-30 11:55:00,203233668.2,17791146.44601187
2026-08-30 12:00:00,203252314.6,17849618.268172
2026-08-30 12:05:00,203472685.0,17933036.6062991
2026-08-30 12:10:00,203412562.6,17958326.90815602
2026-08-30 12:15:00,203638445.8,17993493.070888
2026-08-30 12:20:00,203587907.4,17970010.35143377
2026-08-30 12:25:00,203596336.2,17944981.072668
2026-08-30 12:30:00,203610570.1,17960488.388521
2026-08-30 12:35:00,203636626.6,17926657.62209463
2026-08-30 12:40:00,203607424.9,17950030.579184
2026-08-30 12:45:00,203711287.7,17962010.56207952
2026-08-30 12:50:00,203905552.7,17974849.48416362
2026-08-30 12:55:00,203952937.0,17985936.4693379
2026-08-30 13:00:00,204038222.2,18062246.93591725
2026-08-30 13:05:00,204026156.4,18086918.76486
2026-08-30 13:10:00,203972733.5,18069944.460765
2026-08-30 13:15:00,204117239.8,18099075.653066
2026-08-30 13:20:00,204233101.9,18203623.14531004
2026-08-30 13:25:00,204316834.1,18184821.401244
2026-08-30 13:30:00,204341140.0,18168242.5311162
2026-08-30 13:35:00,204426281.5,18161230.84846
2026-08-30 13:40:00,204792146.9,18231170.33504932
2026-08-30 13:45:00,204904612.5,18205774.820625
2026-08-30 13:50:00,205229325.3,18293140.53813454
2026-08-30 13:55:00,205091669.8,18302380.612952
2026-08-30 14:00:00,205021012.6,18293744.07551074
2026-08-30 14:05:00,205434134.4,18353914.9246369
2026-08-30 14:10:00,205686827.2,18386345.483408
2026-08-30 14:15:00,205745219.7,18453288.754893
2026-08-30 14:20:00,205857261.8,18420622.4290185
2026-08-30 14:25:00,205839793.5,18405521.23864526
2026-08-30 14:30:00,205894361.7,18460488.470022
2026-08-30 14:35:00,205926700.4,18434558.219808
2026-08-30 14:40:00,205652149.4,18409980.414288
2026-08-30 14:45:00,205758176.9,18442280.28999737
2026-08-30 14:50:00,205594037.3,18371747.48106338
2026-08-30 14:55:00,205702217.0,18369207.9781
2026-08-30 15:00:00,205753404.3,18364201.18301984
2026-08-30 15:05:00,205540354.0,18274592.87414
2026-08-30 15:10:00,205623415.5,18327227.36091993
2026-08-30 15:15:00,205349698.9,18208357.801463
2026-08-30 15:20:00,205231810.6,18220480.145068
2026-08-30 15:25:00,205291189.9,18278708.75466861
2026-08-30 15:30:00,205395783.4,18242185.42351432
2026-08-30 15:35:00,205372147.0,18267626.5662883
2026-08-30 15:40:00,205406350.3,18250898.5509833
2026-08-30 15:45:00,205479480.1,18229001.11815225
2026-08-30 15:50:00,205609821.1,18198525.265561
2026-08-30 15:55:00,205518304.9,18146742.25099251
2026-08-30 16:00:00,205449685.5,18174617.45750601
2026-08-30 16:05:00,205499567.5,18239521.00260615
2026-08-30 16:10:00,205940595.9,18238894.10360418
2026-08-30 16:15:00,206090351.8,18361607.52819989
2026-08-30 16:20:00,205985676.9,18321762.68637538
2026-08-30 16:25:00,205951513.2,18314458.67942913
2026-08-30 16:30:00,206143871.8,18297330.060968
2026-08-30 16:35:00,206308713.7,18349373.45015436
2026-08-30 16:40:00,206737058.9,18480773.54827708
2026-08-30 16:45:00,207166315.2,18508238.599968
2026-08-30 16:50:00,206955813.8,18534451.50306791
2026-08-30 16:55:00,207025853.9,18557797.543596
2026-08-30 17:00:00,207284707.5,18593363.6402553
2026-08-30 17:05:00,207525435.9,18577064.8217321
2026-08-30 17:10:00,207519663.8,18610693.40584944
2026-08-30 17:15:00,207746968.8,18618840.10573239
2026-08-30 17:20:00,207765648.3,18597103.179333
2026-08-30 17:25:00,207371579.6,18437407.142236
2026-08-30 17:30:00,207353654.5,18471063.54286
2026-08-30 17:35:00,207238455.6,18493304.9042243
2026-08-30 17:40:00,206705464.3,18450963.82489303
2026-08-30 17:45:00,206599247.4,18401794.965918
2026-08-30 17:50:00,206554115.2,18381250.711648
2026-08-30 17:55:00,207288933.4,18532254.58564954
2026-08-30 18:00:00,207182663.3,18525679.13804233
2026-08-30 18:05:00,207209654.3,18557696.639108
2026-08-30 18:10:00,207498028.4,18510899.113564
2026-08-30 18:15:00,209572522.3,18723209.142282
2026-08-30 18:20:00,210085136.7,18920706.4891377
2026-08-30 18:25:00,210784320.3,19082468.92852883
2026-08-30 18:30:00,210746312.9,19043190.67845242
2026-08-30 18:35:00,210968756.4,19040772.03043804
2026-08-30 18:40:00,211218080.5,19058758.6827051
2026-08-30 18:45:00,212351534.1,19118008.615023
2026-08-30 18:50:00,212769696.3,19200337.394112
2026-08-30 18:55:00,212869964.3,19164682.885929
2026-08-30 19:00:00,213029132.9,19202446.039606
2026-08-30 19:05:00,212954494.3,19163774.942057
2026-08-30 19:10:00,213041660.9,19171619.064391
2026-08-30 19:15:00,213091733.7,19211675.20959617
2026-08-30 19:20:00,213075138.0,19157114.76152502
2026-08-30 19:25:00,213009056.1,19123953.056658
2026-08-30 19:30:00,213000177.2,19125607.54105557
2026-08-30 19:35:00,213085389.6,19118021.154912
2026-08-30 19:40:00,212546539.2,19036445.97108547
2026-08-30 19:45:00,212295297.4,18964338.916742
2026-08-30 19:50:00,212206338.9,18926683.366491
2026-08-30 19:55:00,212069324.8,18913951.99183923
2026-08-30 20:00:00,212084782.6,18956137.868788
2026-08-30 20:05:00,212020948.1,18965273.807545
2026-08-30 20:10:00,211895375.7,18999435.70270121
2026-08-30 20:15:00,211802178.0,18992301.30126
2026-08-30 20:20:00,211867767.1,18993945.320515
2026-08-30 20:25:00,211876435.4,18992603.669256
2026-08-30 20:30:00,211899827.1,18931130.553114
2026-08-30 20:35:00,210895768.9,18756008.88024844
2026-08-30 20:40:00,210908184.1,18756064.812013
2026-08-30 20:45:00,210578276.3,18608802.276631
2026-08-30 20:50:00,210714850.0,18749407.353
2026-08-30 20:55:00,211270301.6,18812183.71942912
2026-08-30 21:00:00,212518546.5,18931152.12222
2026-08-30 21:05:00,214759008.3,19154162.66716953
2026-08-30 21:10:00,214932445.0,19108422.8686624
2026-08-30 21:15:00,214989391.2,19106399.58151603
2026-08-30 21:20:00,215026110.7,19087867.846839
2026-08-30 21:25:00,215089446.3,19063405.58719702
2026-08-30 21:30:00,215071630.6,19130058.05419783
2026-08-30 21:35:00,215000748.0,19198764.84360996
2026-08-30 21:40:00,215048185.6,19167175.96710861
2026-08-30 21:45:00,214073341.9,19041095.91264254
2026-08-30 21:50:00,214419179.2,19044711.496544
2026-08-30 21:55:00,214490515.6,19099940.70862302
2026-08-30 22:00:00,214639467.6,19196810.94429097
2026-08-30 22:05:00,214529108.8,19260423.388064
2026-08-30 22:10:00,214796163.3,19245897.32880247
2026-08-30 22:15:00,214817793.9,19170339.927636
2026-08-30 22:20:00,214855205.8,19160787.253244
2026-08-30 22:25:00,214389765.3,19016018.43899725
2026-08-30 22:30:00,214097127.3,18964723.536234
2026-08-30 22:35:00,213734384.7,18879124.00304945
2026-08-30 22:40:00,213681943.5,18930083.374665
2026-08-30 22:45:00,213721491.4,18906933.71593351
2026-08-30 22:50:00,213614639.0,18876078.9366989
2026-08-30 22:55:00,213717995.7,18873436.200267
2026-08-30 23:00:00,213374865.2,18881541.821548
2026-08-30 23:05:00,211886174.2,18642680.02414422
2026-08-30 23:10:00,211570058.5,18628788.08063728
2026-08-30 23:15:00,211471987.5,18641319.13972125
2026-08-30 23:20:00,210997307.2,18554712.85014968
2026-08-30 23:25:00,209811150.8,18241638.159454
2026-08-30 23:30:00,207977635.5,17762329.9598775
2026-08-30 23:35:00,208022763.6,17648491.08629603
2026-08-30 23:40:00,207802130.5,17400774.79616851
2026-08-30 23:45:00,207954074.8,17457744.57946
2026-08-30 23:50:00,206477362.2,17274872.75957521
2026-08-30 23:55:00,206823511.8,17400062.047734
2026-08-31 00:00:00,207042397.5,17447626.40081903
2026-08-31 00:05:00,207219126.2,17474788.912446
2026-08-31 00:10:00,208023696.8,17520319.48871433
2026-08-31 00:15:00,207782156.3,17575941.44957285
2026-08-31 00:20:00,207414012.8,17669740.79196071
2026-08-31 00:25:00,207579371.3,17712747.753029
2026-08-31 00:30:00,207474664.2,17704375.35252598
2026-08-31 00:35:00,207540783.8,17709455.081654
2026-08-31 00:40:00,207565276.6,17695983.8834913
2026-08-31 00:45:00,207801916.9,17729659.549908
2026-08-31 00:50:00,207806638.8,17706137.64409095
2026-08-31 00:55:00,207749555.5,17729037.5195323
2026-08-31 01:00:00,207832186.1,17685858.1307582
2026-08-31 01:05:00,207929371.7,17640249.65747309
2026-08-31 01:10:00,208065309.7,17602325.20062
2026-08-31 01:15:00,208213721.1,17656523.54928
2026-08-31 01:20:00,208376020.2,17709198.65097215
2026-08-31 01:25:00,208405247.8,17710757.29011394
2026-08-31 01:30:00,208482227.9,17699832.59501271
2026-08-31 01:35:00,208468506.0,17637896.97182706
2026-08-31 01:40:00,208843512.9,17730398.64661933
2026-08-31 01:45:00,209081808.5,17682577.5218205
2026-08-31 01:50:00,209057040.5,17623508.51415
2026-08-31 01:55:00,209061352.7,17570339.78263764
2026-08-31 02:00:00,209228594.0,17612863.04292
2026-08-31 02:05:00,209357799.5,17717353.90195642
2026-08-31 02:10:00,209408057.1,17761551.64630209
2026-08-31 02:15:00,209334388.5,17842493.09650828
2026-08-31 02:20:00,209598060.4,17807451.211584
2026-08-31 02:25:00,209691087.6,17826835.3895421
2026-08-31 02:30:00,209732758.4,17818895.153664
2026-08-31 02:35:00,209759026.5,17813881.81466469
2026-08-31 02:40:00,209775066.1,17788925.60528
2026-08-31 02:45:00,209955743.0,17784219.32807523
2026-08-31 02:50:00,210011624.6,17752282.627438
2026-08-31 02:55:00,209862303.7,17682489.84298705
2026-08-31 03:00:00,209542494.2,17650091.17275695
2026-08-31 03:05:00,209308827.7,17713806.088251
2026-08-31 03:10:00,209291121.7,17758680.26330607
2026-08-31 03:15:00,209300596.5,17765970.44044704
2026-08-31 03:20:00,209297774.0,17733005.0594788
2026-08-31 03:25:00,209388747.5,17844109.06195
2026-08-31 03:30:00,209414652.9,17840034.280551
2026-08-31 03:35:00,209465881.3,17830906.73053247
2026-08-31 03:40:00,209456300.8,17875882.52129837
2026-08-31 03:45:00,209469453.7,17905448.902276
2026-08-31 03:50:00,209281975.3,17903951.60336933
2026-08-31 03:55:00,209310739.4,17906096.29622465
2026-08-31 04:00:00,209319508.7,17882908.71249688
2026-08-31 04:05:00,209296068.3,17830361.11541702
2026-08-31 04:10:00,209306858.2,17831242.65388284
2026-08-31 04:15:00,209467917.4,17754976.1709965
2026-08-31 04:20:00,209505838.3,17753524.737542
2026-08-31 04:25:00,209594126.7,17754244.79003066
2026-08-31 04:30:00,209566703.1,17770893.87248364
2026-08-31 04:35:00,209500869.2,17764452.31809256
2026-08-31 04:40:00,209444976.3,17802822.9855
2026-08-31 04:45:00,209455372.6,17794429.89254755
2026-08-31 04:50:00,209829493.9,17810715.62679572
2026-08-31 04:55:00,209777594.1,17831523.44479197
2026-08-31 05:00:00,209889859.1,17838539.124909
2026-08-31 05:05:00,209782052.2,17853188.97722322
2026-08-31 05:10:00,209793384.9,17876391.5285704
2026-08-31 05:15:00,209798030.9,17897870.016079
2026-08-31 05:20:00,209863877.0,18027928.23137592
2026-08-31 05:25:00,209612218.2,18039822.79699169
2026-08-31 05:30:00,210083922.6,18113435.806572
2026-08-31 05:35:00,209875831.2,18105987.957624
2026-08-31 05:40:00,209973090.9,18045087.431946
2026-08-31 05:45:00,210237815.0,18111987.76225
2026-08-31 05:50:00,210292291.9,18119193.9400732
2026-08-31 05:55:00,210336424.7,18136039.46987581
2026-08-31 06:00:00,210235181.8,18100538.55806552
2026-08-31 06:05:00,210564853.9,18144529.27855489
2026-08-31 06:10:00,210702039.3,18141445.58373
2026-08-31 06:15:00,210748434.7,18147547.712017
2026-08-31 06:20:00,210816107.4,18199912.66392255
2026-08-31 06:25:00,210738135.9,18125587.068759
2026-08-31 06:30:00,210717151.5,18165584.26902957
2026-08-31 06:35:00,210796067.7,18141109.586262
2026-08-31 06:40:00,210762852.6,18175035.53542028
2026-08-31 06:45:00,210750294.0,18143524.4230041
2026-08-31 06:50:00,210721163.6,18155735.455776
2026-08-31 06:55:00,210735113.1,18148507.940172
2026-08-31 07:00:00,210757482.1,18166964.0677731
2026-08-31 07:05:00,210586758.6,18158896.194078
2026-08-31 07:10:00,210689395.2,18178281.017856
2026-08-31 07:15:00,210728198.8,18209023.658308
2026-08-31 07:20:00,210730851.6,18245559.70517816
2026-08-31 07:25:00,210711978.8,18263395.44177657
2026-08-31 07:30:00,210504140.3,18254919.046816
2026-08-31 07:35:00,210603355.8,18241253.81613371
2026-08-31 07:40:00,210423972.7,18196486.68762295
2026-08-31 07:45:00,210368558.3,18178201.66865854
2026-08-31 07:50:00,210319290.4,18150554.76152
2026-08-31 07:55:00,210337322.5,18161132.29951203
2026-08-31 08:00:00,210343375.2,18144219.544752
2026-08-31 08:05:00,209939756.0,18067218.05798936
2026-08-31 08:10:00,209485648.9,18040904.083268
2026-08-31 08:15:00,209592310.6,18041706.096448
2026-08-31 08:20:00,209585163.5,17990830.25602106
2026-08-31 08:25:00,209560715.2,17975160.45738754
2026-08-31 08:30:00,209768577.9,18037402.17317399
2026-08-31 08:35:00,209714056.5,18062671.686345
2026-08-31 08:40:00,209731100.1,18053653.096608
2026-08-31 08:45:00,209530725.3,18051071.984595
2026-08-31 08:50:00,209738661.3,18111667.48856955
2026-08-31 08:55:00,209720379.9,18137367.15550824
2026-08-31 09:00:00,209943541.5,18105531.01896
2026-08-31 09:05:00,209989141.7,18096028.47492204
2026-08-31 09:10:00,210031794.7,18206475.90385679
2026-08-31 09:15:00,209974772.0,18120056.4156822
2026-08-31 09:20:00,210044628.4,18137353.66234
2026-08-31 09:25:00,209888573.6,18155695.33923202
2026-08-31 09:30:00,209987690.7,18135935.48687206
2026-08-31 09:35:00,210067403.7,18199662.17120783
2026-08-31 09:40:00,210153191.3,18195063.302754
2026-08-31 09:45:00,210126196.0,18209536.14536
2026-08-31 09:50:00,210023206.8,18227914.118172
2026-08-31 09:55:00,209886902.2,18146821.564212
2026-08-31 10:00:00,209882359.5,18150819.54133074
2026-08-31 10:05:00,209572552.3,18052579.655122
2026-08-31 10:10:00,209453348.4,18029744.230272
2026-08-31 10:15:00,209437264.8,18070253.49006194
2026-08-31 10:20:00,209398107.0,18047926.51920078
2026-08-31 10:25:00,209439078.9,18026421.520923
2026-08-31 10:30:00,209412143.5,18067489.19893533
2026-08-31 10:35:00,209515124.0,18064075.52829152
2026-08-31 10:40:00,209447718.0,18052298.81442
2026-08-31 10:45:00,209445318.5,18047903.095145
2026-08-31 10:50:00,209446398.7,18050090.639966
2026-08-31 10:55:00,209540084.8,18089595.520784
2026-08-31 11:00:00,209553610.0,18075187.0314687
2026-08-31 11:05:00,209253066.1,18012503.929888
2026-08-31 11:10:00,209279139.4,18035676.233492
2026-08-31 11:15:00,209466723.0,18066504.85875
2026-08-31 11:20:00,209435286.9,18117788.00644069
2026-08-31 11:25:00,209448739.0,18080067.55975624
2026-08-31 11:30:00,209455086.1,18052933.870959
2026-08-31 11:35:00,209455105.7,18028079.52288958
2026-08-31 11:40:00,209452650.1,18037932.36596894
2026-08-31 11:45:00,208987519.1,17991929.87771176
2026-08-31 11:50:00,209084913.9,17966185.75612503
2026-08-31 11:55:00,209074450.2,17955313.783176
2026-08-31 12:00:00,209066993.8,17974971.74197204
2026-08-31 12:05:00,208883696.8,18101861.164688
2026-08-31 12:10:00,208652580.3,18063345.99018342
2026-08-31 12:15:00,208621503.5,18072880.848205
2026-08-31 12:20:00,208564540.1,18095601.76688026
2026-08-31 12:25:00,208541205.4,18033106.4943082
2026-08-31 12:30:00,208471026.6,17997455.91022742
2026-08-31 12:35:00,208472595.5,17997424.57643332
2026-08-31 12:40:00,208414864.9,17919201.63010195
2026-08-31 12:45:00,208589315.1,17857331.265711
2026-08-31 12:50:00,208673946.5,17819891.12096149
2026-08-31 12:55:00,208560883.3,17823613.086818
2026-08-31 13:00:00,208613231.3,17873981.657784
2026-08-31 13:05:00,208928113.1,17903246.40396531
2026-08-31 13:10:00,208953659.3,17921955.358161
2026-08-31 13:15:00,208979223.1,17930417.34198
2026-08-31 13:20:00,209047800.7,17886255.25657242
2026-08-31 13:25:00,209135167.0,17934059.99522448
2026-08-31 13:30:00,209174481.9,17867684.243898
2026-08-31 13:35:00,209170385.6,17911780.95318814
2026-08-31 13:40:00,209714213.1,17970897.45751339
2026-08-31 13:45:00,209749920.2,17925874.21004622
2026-08-31 13:50:00,209674639.2,17866376.006232
2026-08-31 13:55:00,208976506.3,17802708.571697
2026-08-31 14:00:00,209010069.5,17801387.619315
2026-08-31 14:05:00,209129070.4,17865869.29749285
2026-08-31 14:10:00,209064632.3,17852028.952097
2026-08-31 14:15:00,209068212.3,17849213.25988736
2026-08-31 14:20:00,209962170.9,18000506.23030273
2026-08-31 14:25:00,209859083.9,17921965.76506
2026-08-31 14:30:00,210123393.7,18011777.307964
2026-08-31 14:35:00,210025906.7,17965616.059118
2026-08-31 14:40:00,210131238.2,18091429.66569385
2026-08-31 14:45:00,210070855.3,18265660.868335
2026-08-31 14:50:00,210065111.4,18273564.040686
2026-08-31 14:55:00,210238265.4,18282319.559184
2026-08-31 15:00:00,210142309.0,18309699.38317
2026-08-31 15:05:00,210190562.3,18301292.259461
2026-08-31 15:10:00,210267138.0,18310062.37704
2026-08-31 15:15:00,210491548.1,18241197.558346
2026-08-31 15:20:00,210499965.2,18219447.69294829
2026-08-31 15:25:00,212047454.5,18539308.946935
2026-08-31 15:30:00,211986901.0,18464059.0771
2026-08-31 15:35:00,212111351.9,18486566.99595802
2026-08-31 15:40:00,212187500.5,18464556.29351
2026-08-31 15:45:00,212480999.3,18619072.5256611
2026-08-31 15:50:00,212478599.6,18582749.38436119
2026-08-31 15:55:00,212431360.6,18563730.81149778
2026-08-31 16:00:00,212249969.8,18552769.860218
2026-08-31 16:05:00,212700295.4,18602767.835684
2026-08-31 16:10:00,212481890.9,18527813.18827203
2026-08-31 16:15:00,212552134.1,18534546.09352
2026-08-31 16:20:00,212381872.7,18555453.78770905
2026-08-31 16:25:00,212138887.0,18458204.55787
2026-08-31 16:30:00,211881330.8,18444784.71777384
2026-08-31 16:35:00,211728531.2,18416463.11928749
2026-08-31 16:40:00,211744196.3,18438229.36378196
2026-08-31 16:45:00,211734637.4,18502856.87582018
2026-08-31 16:50:00,212045917.7,18631346.70401683
2026-08-31 16:55:00,211767919.3,18576161.173282
2026-08-31 17:00:00,211569775.5,18543853.86442644
2026-08-31 17:05:00,211421292.3,18613177.50053386
2026-08-31 17:10:00,212816671.8,18972842.5174757
2026-08-31 17:15:00,213593431.4,19111528.58663268
2026-08-31 17:20:00,215201682.5,19327263.105325
2026-08-31 17:25:00,216017358.9,19289004.36162406
2026-08-31 17:30:00,216976558.2,19443755.40779237
2026-08-31 17:35:00,217641767.1,19669759.92759027
2026-08-31 17:40:00,218381249.2,19786627.44307779
2026-08-31 17:45:00,219698730.9,19902523.41114216
2026-08-31 17:50:00,226067975.3,20809557.126365
2026-08-31 17:55:00,234432481.6,21898708.50957693
2026-08-31 18:00:00,238599023.2,22451671.79715174
2026-08-31 18:05:00,233711114.6,21833292.325932
2026-08-31 18:10:00,235829327.4,22203302.87519071
2026-08-31 18:15:00,235885207.5,22151979.836325
2026-08-31 18:20:00,236756322.7,22483675.46067717
2026-08-31 18:25:00,241990180.9,23200917.4893689
2026-08-31 18:30:00,244290016.6,23389674.67017563
2026-08-31 18:35:00,245350850.8,23535599.31909604
2026-08-31 18:40:00,246168326.3,23645477.03125283
2026-08-31 18:45:00,246981194.9,23629046.56900366
2026-08-31 18:50:00,246883003.0,23555107.31623
2026-08-31 18:55:00,246719975.5,23559290.460495
2026-08-31 19:00:00,246299458.3,23288066.97326827
2026-08-31 19:05:00,246123830.4,23216860.921632
2026-08-31 19:10:00,246645122.5,23386890.51545
2026-08-31 19:15:00,246598218.3,23486749.17358254
2026-08-31 19:20:00,247137500.1,23383730.12571183
2026-08-31 19:25:00,247132983.3,23454761.25589559
2026-08-31 19:30:00,247154436.9,23517570.16685425
2026-08-31 19:35:00,247265298.5,23465476.82765
2026-08-31 19:40:00,248731822.2,23673608.33716673
2026-08-31 19:45:00,248728928.7,23706294.49945411
2026-08-31 19:50:00,248176647.2,23876556.53791935
2026-08-31 19:55:00,248800172.3,23914918.87364658
2026-08-31 20:00:00,249518059.6,24045471.53139254
2026-08-31 20:05:00,251246480.0,24535615.7024288
2026-08-31 20:10:00,251713225.5,24680481.760275
2026-08-31 20:15:00,251117075.7,24790277.713104
2026-08-31 20:20:00,251600779.3,25021697.501385
2026-08-31 20:25:00,252095220.2,24972035.71781059
2026-08-31 20:30:00,251122716.5,24666345.50862946
2026-08-31 20:35:00,252801015.2,25070276.677384
2026-08-31 20:40:00,253533769.3,25069419.108384
2026-08-31 20:45:00,254134123.7,25472742.522519
2026-08-31 20:50:00,253798776.0,25496625.03696
2026-08-31 20:55:00,254431659.4,25365411.62488736
2026-08-31 21:00:00,255358656.8,25599705.3442
2026-08-31 21:05:00,255242356.1,25558894.96953482
2026-08-31 21:10:00,255448913.4,25506574.00299
2026-08-31 21:15:00,256125898.8,25725285.275472
2026-08-31 21:20:00,256931109.1,25723333.71636343
2026-08-31 21:25:00,257618237.3,25975628.83368239
2026-08-31 21:30:00,259825387.2,26242364.1072
2026-08-31 21:35:00,258709468.0,26406418.48267704
2026-08-31 21:40:00,259065484.8,26610753.2340576
2026-08-31 21:45:00,258909895.0,27141459.56537625
2026-08-31 21:50:00,263973915.7,28040547.36331863
2026-08-31 21:55:00,264493023.5,28163217.14228
2026-08-31 22:00:00,265214768.4,28216655.37947765
2026-08-31 22:05:00,270419633.7,29176482.88986223
2026-08-31 22:10:00,270618413.4,29007027.55223026
2026-08-31 22:15:00,272474571.1,29314375.6382304
2026-08-31 22:20:00,272700052.7,29041042.12725752
2026-08-31 22:25:00,272256998.0,28862514.31711596
2026-08-31 22:30:00,271720627.8,28809747.4586071
2026-08-31 22:35:00,274113533.5,29320471.87676745
2026-08-31 22:40:00,274105532.4,29178533.92398
2026-08-31 22:45:00,275121737.7,29407762.542753
2026-08-31 22:50:00,275266788.8,29221157.92049138
2026-08-31 22:55:00,273479410.1,28783707.913025
2026-08-31 23:00:00,275471271.3,29494709.018091
2026-08-31 23:05:00,277301268.4,29632413.541224
2026-08-31 23:10:00,281307140.4,30691512.01356068
2026-08-31 23:15:00,282621718.7,30443180.63051102
2026-08-31 23:20:00,281999790.3,30567051.42980336
2026-08-31 23:25:00,281289325.5,30146319.90223321
2026-08-31 23:30:00,282592318.5,30517144.474815
2026-08-31 23:35:00,286778167.6,31327647.028624
2026-08-31 23:40:00,289309489.7,31450846.19766659
2026-08-31 23:45:00,292383363.9,32003543.28258333
2026-08-31 23:50:00,294688204.4,32138695.571864
2026-08-31 23:55:00,296151100.4,32316008.075648
2026-09-01 00:00:00,296813862.8,32452511.73842787
2026-09-01 00:05:00,293019074.3,31514201.440965
2026-09-01 00:10:00,293144303.7,31961523.432411
2026-09-01 00:15:00,292856535.4,32348563.90104939
2026-09-01 00:20:00,294944747.5,32705912.79586183
2026-09-01 00:25:00,297332844.2,33161142.6076001
2026-09-01 00:30:00,298116313.1,33023602.05292828
2026-09-01 00:35:00,298703816.8,33338999.10255946
2026-09-01 00:40:00,298754918.5,34510943.28995415
2026-09-01 00:45:00,302360054.8,35000120.51825237
2026-09-01 00:50:00,303831200.6,35283437.27238105
2026-09-01 00:55:00,303422386.2,35524692.976296
2026-09-01 01:00:00,306036844.9,35806310.8533
2026-09-01 01:05:00,309332111.8,36124651.58599033
2026-09-01 01:10:00,314149061.2,36844265.8074543
2026-09-01 01:15:00,316412380.2,37308845.05125662
2026-09-01 01:20:00,317180413.4,37317433.34501891
2026-09-01 01:25:00,323050368.1,38275330.6628561
2026-09-01 01:30:00,325028612.9,38697906.651874
2026-09-01 01:35:00,325889514.9,38761298.902206
2026-09-01 01:40:00,328745431.6,39140431.086296
2026-09-01 01:45:00,327584182.3,39025103.637399
2026-09-01 01:50:00,327648230.5,38600238.035205
2026-09-01 01:55:00,328328603.2,38694816.21853057
2026-09-01 02:00:00,318475319.6,36363511.991928
2026-09-01 02:05:00,317371864.7,36013620.00833745
2026-09-01 02:10:00,313992645.6,35132298.00412675
2026-09-01 02:15:00,315915563.2,35600430.04233904
2026-09-01 02:20:00,316390173.2,35403547.82899942
2026-09-01 02:25:00,314413914.2,35350666.25462312
2026-09-01 02:30:00,315126387.8,35486382.530158
2026-09-01 02:35:00,312654889.3,34782856.434625
2026-09-01 02:40:00,309277444.3,34212790.47457243
2026-09-01 02:45:00,315355472.6,35067528.55312
2026-09-01 02:50:00,317382892.6,35604974.56203258
2026-09-01 02:55:00,318530670.3,35604606.59375209
2026-09-01 03:00:00,320204891.7,36004222.26861804
2026-09-01 03:05:00,320882328.1,36211570.726085
2026-09-01 03:10:00,321830587.3,36424785.870614
2026-09-01 03:15:00,323584084.9,36819018.33618735
2026-09-01 03:20:00,325310859.4,37371178.01806258
2026-09-01 03:25:00,325527226.8,37028471.39253537
2026-09-01 03:30:00,326549387.5,37314403.38486613
2026-09-01 03:35:00,326783479.0,36723927.37002
2026-09-01 03:40:00,325867651.4,37002271.81647
2026-09-01 03:45:00,326134879.7,36939282.31006245
2026-09-01 03:50:00,319670967.3,35662493.111988
2026-09-01 03:55:00,319752583.7,35721703.46743779
2026-09-01 04:00:00,320199972.3,35694352.75013724
2026-09-01 04:05:00,316809300.0,34600166.126757
2026-09-01 04:10:00,316982108.4,34650417.36694123
2026-09-01 04:15:00,317038104.2,34926347.40052194
2026-09-01 04:20:00,318123907.6,35583851.48424843
2026-09-01 04:25:00,319008585.1,35725771.445349
2026-09-01 04:30:00,320423372.2,35768861.038686
2026-09-01 04:35:00,321806751.1,35840663.74194808
2026-09-01 04:40:00,323061992.0,35998797.76856
2026-09-01 04:45:00,322995630.3,35965563.433905
2026-09-01 04:50:00,323303303.8,35749233.72038766
2026-09-01 04:55:00,324409842.0,35902437.21414
2026-09-01 05:00:00,324721473.8,36040644.79139246
2026-09-01 05:05:00,326019896.1,36568559.57888506
2026-09-01 05:10:00,326728020.1,36436035.7418306
2026-09-01 05:15:00,326423207.8,36253064.15000802
2026-09-01 05:20:00,327679293.2,36426111.45814841
2026-09-01 05:25:00,327403418.8,36312313.179108
2026-09-01 05:30:00,327770750.3,36626247.55844054
2026-09-01 05:35:00,327089988.0,36362191.64527476
2026-09-01 05:40:00,326712425.3,36219339.468758
2026-09-01 05:45:00,327340325.5,36413337.80862
2026-09-01 05:50:00,328177757.8,36601665.327434
2026-09-01 05:55:00,328832875.9,36751463.80071826
2026-09-01 06:00:00,329573412.9,36854075.60756205
2026-09-01 06:05:00,330376642.7,36981931.89420249
2026-09-01 06:10:00,330175511.6,36755137.951312
2026-09-01 06:15:00,331675241.2,36888920.326264
2026-09-01 06:20:00,329932770.1,36330385.31250415
2026-09-01 06:25:00,330437440.3,36559598.394792
2026-09-01 06:30:00,330951220.4,36798466.196276
2026-09-01 06:35:00,330621861.2,36669270.625692
2026-09-01 06:40:00,331813968.7,36921451.2907608
2026-09-01 06:45:00,334586956.4,37274934.23904625
2026-09-01 06:50:00,331777943.3,36924376.84803865
2026-09-01 06:55:00,332727684.7,37184444.89513023
2026-09-01 07:00:00,332520850.1,37032847.075637
2026-09-01 07:05:00,332700716.9,36788960.6704649
2026-09-01 07:10:00,333945167.9,37240349.56379684
2026-09-01 07:15:00,334744432.8,37286613.30405624
2026-09-01 07:20:00,336859956.1,37743288.50824864
2026-09-01 07:25:00,342204111.5,38959198.93339416
2026-09-01 07:30:00,344540932.1,39397986.84370796
2026-09-01 07:35:00,345595147.1,39287563.90200892
2026-09-01 07:40:00,348487476.3,39547805.03355064
2026-09-01 07:45:00,350854699.5,39752444.43198013
2026-09-01 07:50:00,348759808.4,39379659.23739065
2026-09-01 07:55:00,351114278.4,39679424.601984
2026-09-01 08:00:00,351661486.0,39702581.7694
2026-09-01 08:05:00,351804403.0,39601808.97753907
2026-09-01 08:10:00,351526792.0,39205783.11176
2026-09-01 08:15:00,350717406.2,39292045.91989677
2026-09-01 08:20:00,351187692.6,39377120.20975978
2026-09-01 08:25:00,350631869.1,39036827.75613648
2026-09-01 08:30:00,349841352.7,38717033.46206071
2026-09-01 08:35:00,346914559.1,38435330.07864247
2026-09-01 08:40:00,347717881.4,38401962.821816
2026-09-01 08:45:00,338195222.4,36469532.07196858
2026-09-01 08:50:00,337503464.5,36252124.6309527
2026-09-01 08:55:00,334185505.4,35765050.77544137
2026-09-01 09:00:00,334085061.7,35660239.485858
2026-09-01 09:05:00,333450959.0,35662560.05799246
2026-09-01 09:10:00,332663823.1,35768689.56727289
2026-09-01 09:15:00,333127640.8,35921503.29148684
2026-09-01 09:20:00,332153201.7,35599230.20004914
2026-09-01 09:25:00,329673573.4,35789363.128304
2026-09-01 09:30:00,331517981.6,36094043.45295871
2026-09-01 09:35:00,334103164.4,36390516.666448
2026-09-01 09:40:00,334222462.2,36440275.053666
2026-09-01 09:45:00,335345983.9,36831049.411737
2026-09-01 09:50:00,335229841.2,36821696.04188418
2026-09-01 09:55:00,340080545.8,37458879.08467627
2026-09-01 10:00:00,340252426.1,37379828.70668677
2026-09-01 10:05:00,340938342.3,37346386.015542
2026-09-01 10:10:00,340123283.2,37012787.08493978
2026-09-01 10:15:00,340909101.0,37367861.33336139
2026-09-01 10:20:00,341676482.7,37702014.72558051
2026-09-01 10:25:00,340173370.5,37837484.000715
2026-09-01 10:30:00,341301029.5,37998985.61709286
2026-09-01 10:35:00,340944360.7,38034583.4405348
2026-09-01 10:40:00,341374864.9,38292018.595833
2026-09-01 10:45:00,342277302.2,38356388.56787311
2026-09-01 10:50:00,341961752.0,38349252.80339472
2026-09-01 10:55:00,339621080.5,38265107.139935
2026-09-01 11:00:00,341262490.4,38371922.98406563
2026-09-01 11:05:00,342793143.6,38552426.28706585
2026-09-01 11:10:00,343657037.1,39073805.11827
2026-09-01 11:15:00,345101460.8,38986671.0909425
2026-09-01 11:20:00,347137733.1,39188326.61899903
2026-09-01 11:25:00,354096310.4,40836468.60163315
2026-09-01 11:30:00,358409781.3,41284849.96177445
2026-09-01 11:35:00,354392149.6,40538917.992744
2026-09-01 11:40:00,355456956.3,40820413.82334434
2026-09-01 11:45:00,355163301.5,40629736.95721801
2026-09-01 11:50:00,355012888.1,40393508.41317324
2026-09-01 11:55:00,346440798.3,39209518.2428932
2026-09-01 12:00:00,346915057.9,39321586.79535887
2026-09-01 12:05:00,347664932.2,39115068.80871099
2026-09-01 12:10:00,347546198.5,39164981.108965
2026-09-01 12:15:00,345476791.0,38683036.28827
2026-09-01 12:20:00,344742722.3,38456950.4510702
2026-09-01 12:25:00,345132172.0,38835745.70781444
2026-09-01 12:30:00,345282704.4,38661259.52491643
2026-09-01 12:35:00,343975153.1,38059794.68679498
2026-09-01 12:40:00,343381492.7,37579512.60560136
2026-09-01 12:45:00,341983477.9,37515587.52563
2026-09-01 12:50:00,341718966.6,37439454.42490519
2026-09-01 12:55:00,342020293.2,37420440.279012
2026-09-01 13:00:00,341994501.9,37403938.672803
2026-09-01 13:05:00,343130739.0,37340351.70744228
2026-09-01 13:10:00,342041500.6,37309886.885448
2026-09-01 13:15:00,341041640.6,37139888.246722
2026-09-01 13:20:00,342102376.6,37477315.35653
2026-09-01 13:25:00,341740159.3,37767960.48929438
2026-09-01 13:30:00,341881094.9,37801792.663093
2026-09-01 13:35:00,344500376.0,38258137.86629648
2026-09-01 13:40:00,344944927.7,38337179.264578
2026-09-01 13:45:00,343781982.8,38283527.22640972
2026-09-01 13:50:00,344786698.2,38272230.28921627
2026-09-01 13:55:00,343205423.6,37704547.836696
2026-09-01 14:00:00,342348409.7,37559044.028187
2026-09-01 14:05:00,342513866.6,38029376.26109399
2026-09-01 14:10:00,343366116.4,38149029.66601735
2026-09-01 14:15:00,343728413.6,38103521.75799655
2026-09-01 14:20:00,344995415.7,38173742.747205
2026-09-01 14:25:00,344762961.4,37899792.346702
2026-09-01 14:30:00,348536314.5,37961644.78338029
2026-09-01 14:35:00,349818050.9,38200131.15828
2026-09-01 14:40:00,348767819.8,38534916.96224906
2026-09-01 14:45:00,348751934.9,38366828.11183182
2026-09-01 14:50:00,347241542.4,38175568.49551565
2026-09-01 14:55:00,347715657.5,38254626.53686435
2026-09-01 15:00:00,346722065.3,38065516.44034
2026-09-01 15:05:00,346158295.3,37954280.51577884
2026-09-01 15:10:00,347262440.1,37806461.853687
2026-09-01 15:15:00,343992238.6,37438897.51669936
2026-09-01 15:20:00,344295089.4,37560772.93251707
2026-09-01 15:25:00,344000911.2,37451379.202344
2026-09-01 15:30:00,344690676.3,37767119.72443984
2026-09-01 15:35:00,343582710.8,37457387.131416
2026-09-01 15:40:00,343693788.4,37393884.17792
2026-09-01 15:45:00,343294020.4,37818793.51271458
2026-09-01 15:50:00,343327873.9,37594402.19205
2026-09-01 15:55:00,343150012.9,37595515.413324
2026-09-01 16:00:00,343073972.1,37622304.86579987
2026-09-01 16:05:00,342808604.0,37533733.53440956
2026-09-01 16:10:00,342379201.5,37315909.171485
2026-09-01 16:15:00,342075499.0,37231121.0281111
2026-09-01 16:20:00,341467510.8,36984346.094748
2026-09-01 16:25:00,338340016.6,36534699.34050452
2026-09-01 16:30:00,337941021.8,36676739.095954
2026-09-01 16:35:00,339044154.5,36837147.386425
2026-09-01 16:40:00,340542087.5,37435791.678875
2026-09-01 16:45:00,338450660.3,36729758.85138877
2026-09-01 16:50:00,338453494.3,36467064.34940689
2026-09-01 16:55:00,338213168.9,36682694.99858129
2026-09-01 17:00:00,338561160.8,36811088.04829723
2026-09-01 17:05:00,339009807.2,36619839.373744
2026-09-01 17:10:00,339521592.0,36700824.1523544
2026-09-01 17:15:00,339378301.7,36819151.951433
2026-09-01 17:20:00,339889262.2,36636663.572538
2026-09-01 17:25:00,339682199.7,36945123.43490886
2026-09-01 17:30:00,339387239.8,36654670.3664995
2026-09-01 17:35:00,339777892.8,36784354.674528
2026-09-01 17:40:00,340851998.1,36907454.354268
2026-09-01 17:45:00,340960194.2,36979942.57299021
2026-09-01 17:50:00,340736819.2,36894321.75354675
2026-09-01 17:55:00,339268545.1,36291281.46182547
2026-09-01 18:00:00,343543337.7,36844844.3257894
2026-09-01 18:05:00,342352021.8,36579139.26189522
2026-09-01 18:10:00,341438013.0,36544110.53139
2026-09-01 18:15:00,340703899.9,36494051.91567963
2026-09-01 18:20:00,340443996.8,36692979.07742471
2026-09-01 18:25:00,339462301.7,36247092.07243053
2026-09-01 18:30:00,337940676.3,36124469.36029041
2026-09-01 18:35:00,337661202.7,36040876.26034936
2026-09-01 18:40:00,337274735.8,35827298.86662779
2026-09-01 18:45:00,337781740.7,35768752.26830176
2026-09-01 18:50:00,339622181.7,36033668.95039918
2026-09-01 18:55:00,339839632.8,35897260.412664
2026-09-01 19:00:00,339491269.9,36111686.379263
2026-09-01 19:05:00,339239902.3,36084948.407651
2026-09-01 19:10:00,338829053.5,35887946.60382946
2026-09-01 19:15:00,338830734.7,35773748.969626
2026-09-01 19:20:00,338384160.8,35911391.28747688
2026-09-01 19:25:00,337532989.5,36166302.03995613
2026-09-01 19:30:00,332780754.5,35867109.72001
2026-09-01 19:35:00,332461326.1,35633524.09427106
2026-09-01 19:40:00,332448151.5,35793851.3781817
2026-09-01 19:45:00,332031306.5,35814394.18028232
2026-09-01 19:50:00,331209148.5,35787148.495425
2026-09-01 19:55:00,331073984.3,35726193.645813
2026-09-01 20:00:00,330690865.3,35769385.78041964
2026-09-01 20:05:00,327698248.4,35168576.018288
2026-09-01 20:10:00,327073064.8,35030166.30328701
2026-09-01 20:15:00,327241119.4,35127933.57559897
2026-09-01 20:20:00,327616170.5,35222106.22298274
2026-09-01 20:25:00,326709057.1,34949302.79822284
2026-09-01 20:30:00,326292926.1,34786088.851521
2026-09-01 20:35:00,326202397.3,34792747.696018
2026-09-01 20:40:00,326092005.2,34825223.95973764
2026-09-01 20:45:00,325961808.6,34768184.99657098
2026-09-01 20:50:00,325056076.1,34683483.31987
2026-09-01 20:55:00,324931488.4,34615026.19349434
2026-09-01 21:00:00,324745323.1,34783312.43203268
2026-09-01 21:05:00,324459442.6,34800179.79577806
2026-09-01 21:10:00,324428107.9,34520094.76635399
2026-09-01 21:15:00,323943911.7,34338054.6402
2026-09-01 21:20:00,323371142.9,34419433.66130169
2026-09-01 21:25:00,322972081.7,34536722.42227434
2026-09-01 21:30:00,326582748.5,34946215.61116645
2026-09-01 21:35:00,326121644.4,34787395.808148
2026-09-01 21:40:00,325873183.0,35125925.79401111
2026-09-01 21:45:00,325654281.9,35001322.218612
2026-09-01 21:50:00,325696813.2,35113373.431092
2026-09-01 21:55:00,325528595.7,35126840.21848755
2026-09-01 22:00:00,325730600.6,35322226.329064
2026-09-01 22:05:00,325547800.4,35250566.49911831
2026-09-01 22:10:00,325483483.6,35254349.69111884
2026-09-01 22:15:00,326430572.7,35402737.2389688
2026-09-01 22:20:00,326271167.2,35349520.07640513
2026-09-01 22:25:00,326099019.3,35316523.79019
2026-09-01 22:30:00,325987075.9,35205808.7887348
2026-09-01 22:35:00,325792080.1,35219697.43455689
2026-09-01 22:40:00,325507292.3,35090210.1766806
2026-09-01 22:45:00,324253505.1,34955581.67367157
2026-09-01 22:50:00,325392562.5,35415342.53927625
2026-09-01 22:55:00,326728036.1,35482664.72046
2026-09-01 23:00:00,326788890.1,35443523.020246
2026-09-01 23:05:00,326824827.7,35523044.8092235
2026-09-01 23:10:00,326978517.1,35616108.81683613
2026-09-01 23:15:00,327075347.7,35647042.68861683
2026-09-01 23:20:00,327040136.6,35710228.73325315
2026-09-01 23:25:00,326832644.1,35628000.38672947
2026-09-01 23:30:00,326639573.4,35616779.083536
2026-09-01 23:35:00,326685625.6,35883149.115904
2026-09-01 23:40:00,325964059.3,35946103.87330341
2026-09-01 23:45:00,325898993.0,35861622.10365651
2026-09-01 23:50:00,325937274.6,35931158.92389395
2026-09-01 23:55:00,325651559.0,35856294.76375288
2026-09-02 00:00:00,325759631.6,35950640.74519336
2026-09-02 00:05:00,325108425.2,35621522.19640888
2026-09-02 00:10:00,325674913.1,35843780.935786
2026-09-02 00:15:00,325859370.3,35691376.828959
2026-09-02 00:20:00,326594697.4,35605353.910548
2026-09-02 00:25:00,325519324.1,35393716.109393
2026-09-02 00:30:00,323051999.0,34922683.49461764
2026-09-02 00:35:00,322575736.8,34712281.49008433
2026-09-02 00:40:00,321787010.8,34798835.72608846
2026-09-02 00:45:00,321923826.9,34813801.97397016
2026-09-02 00:50:00,321888959.2,34825166.495848
2026-09-02 00:55:00,322428494.9,34866437.25586151
2026-09-02 01:00:00,322373140.9,34809851.754382
2026-09-02 01:05:00,321936749.3,34833556.27426
2026-09-02 01:10:00,321635519.0,34823477.64213
2026-09-02 01:15:00,321955678.0,35176877.37828
2026-09-02 01:20:00,322242245.0,35359641.54385
2026-09-02 01:25:00,322231124.3,35281085.799607
2026-09-02 01:30:00,322350838.1,35242617.129473
2026-09-02 01:35:00,321985809.3,35281095.97604308
2026-09-02 01:40:00,322314878.1,35144540.66992877
2026-09-02 01:45:00,324167843.5,35420510.62115726
2026-09-02 01:50:00,324713208.4,35540704.91372184
2026-09-02 01:55:00,324471959.5,35549147.88282
2026-09-02 02:00:00,326439734.4,36074855.048544
2026-09-02 02:05:00,325346524.3,35605923.619392
2026-09-02 02:10:00,325551774.7,35768373.486289
2026-09-02 02:15:00,325628589.2,35829838.45486933
2026-09-02 02:20:00,325442053.8,35679706.13712094
2026-09-02 02:25:00,325817378.7,36296951.98497143
2026-09-02 02:30:00,327692850.6,36570908.80452371
2026-09-02 02:35:00,328930435.4,37045796.86553371
2026-09-02 02:40:00,327934408.7,36645683.08965481
2026-09-02 02:45:00,326071063.5,36205215.75724599
2026-09-02 02:50:00,326206614.6,36433847.15723441
2026-09-02 02:55:00,325493635.7,36128755.23800211
2026-09-02 03:00:00,325371505.9,36278249.38883279
2026-09-02 03:05:00,325867022.0,36478453.83566072
2026-09-02 03:10:00,326240431.8,36313822.463658
2026-09-02 03:15:00,326498506.7,36404583.49705
2026-09-02 03:20:00,325239869.5,36655658.62259847
2026-09-02 03:25:00,325015956.4,36484744.18951154
2026-09-02 03:30:00,324708781.6,36602255.14219473
2026-09-02 03:35:00,325096972.0,36534449.72887552
2026-09-02 03:40:00,325507499.5,36776758.47973359
2026-09-02 03:45:00,325606474.8,36709144.22232609
2026-09-02 03:50:00,325489565.4,36637118.50100662
2026-09-02 03:55:00,325315019.3,36526370.367004
2026-09-02 04:00:00,325522048.6,36774225.830342
2026-09-02 04:05:00,327063354.2,37371589.99874359
2026-09-02 04:10:00,328024661.7,37541687.75632279
2026-09-02 04:15:00,327666017.6,37432565.850624
2026-09-02 04:20:00,328360214.8,37469781.72641894
2026-09-02 04:25:00,328301307.1,37272047.395063
2026-09-02 04:30:00,329008559.3,37230391.42473886
2026-09-02 04:35:00,328450395.6,37180584.78192
2026-09-02 04:40:00,326912625.4,36904587.64605904
2026-09-02 04:45:00,326753561.6,36833749.41881062
2026-09-02 04:50:00,326801960.2,36706575.91074211
2026-09-02 04:55:00,326877392.7,36714868.748064
2026-09-02 05:00:00,327594334.7,36752284.25905748
2026-09-02 05:05:00,327814155.0,36809192.62522935
2026-09-02 05:10:00,327512268.3,36622421.841306
2026-09-02 05:15:00,327072875.7,36687764.467269
2026-09-02 05:20:00,326865824.4,37074831.31170961
2026-09-02 05:25:00,327280948.6,36858151.33466798
2026-09-02 05:30:00,327011042.0,36878330.17006632
2026-09-02 05:35:00,326858036.2,36723873.17082204
2026-09-02 05:40:00,327105990.0,36777540.484269
2026-09-02 05:45:00,326727224.4,36773678.40432353
2026-09-02 05:50:00,326946297.4,36977927.02653361
2026-09-02 05:55:00,326894156.4,36850778.250972
2026-09-02 06:00:00,326930829.0,37071566.14424001
2026-09-02 06:05:00,327204115.9,36985160.58827017
2026-09-02 06:10:00,326958452.6,36956113.897378
2026-09-02 06:15:00,327178457.5,37338286.1010916
2026-09-02 06:20:00,327929405.4,37208247.64018668
2026-09-02 06:25:00,327996141.1,37335800.741413
2026-09-02 06:30:00,327931933.7,37141570.810862
2026-09-02 06:35:00,327768129.2,37277069.333916
2026-09-02 06:40:00,327696933.7,37213240.85218664
2026-09-02 06:45:00,328773871.2,37618102.50290386
2026-09-02 06:50:00,329204952.4,37439280.93042526
2026-09-02 06:55:00,328561437.7,37310924.30936919
2026-09-02 07:00:00,328929745.2,37534456.10435287
2026-09-02 07:05:00,329718001.7,37866183.64493506
2026-09-02 07:10:00,330088851.5,37788961.22456477
2026-09-02 07:15:00,329748910.4,37510913.7539733
2026-09-02 07:20:00,330382645.1,38077435.7158671
2026-09-02 07:25:00,331495019.0,38162097.75140242
2026-09-02 07:30:00,331016072.6,37921201.277056
2026-09-02 07:35:00,330978850.6,38113939.04640163
2026-09-02 07:40:00,330770270.9,37954238.04212321
2026-09-02 07:45:00,330701189.9,37869744.09558985
2026-09-02 07:50:00,330884233.6,37936797.24040941
2026-09-02 07:55:00,330357138.0,37621070.87544
2026-09-02 08:00:00,330026007.6,37832802.00255223
2026-09-02 08:05:00,329824597.8,38246740.71179613
2026-09-02 08:10:00,328983969.7,38369762.26847767
2026-09-02 08:15:00,330240788.8,38809897.499776
2026-09-02 08:20:00,330101684.3,39150059.75798
2026-09-02 08:25:00,331393371.1,39177324.331442
2026-09-02 08:30:00,331364545.0,38779592.70135
2026-09-02 08:35:00,331364892.6,38772035.18399068
2026-09-02 08:40:00,332440638.9,39333841.16521937
2026-09-02 08:45:00,333335586.8,38940263.249976
2026-09-02 08:50:00,332844312.2,38899514.766814
2026-09-02 08:55:00,332814939.6,38713033.774272
2026-09-02 09:00:00,332736074.2,38705453.95673942
2026-09-02 09:05:00,333466213.4,39389856.12301723
2026-09-02 09:10:00,333972141.1,39310130.7531901
2026-09-02 09:15:00,333955862.3,38916370.88849521
2026-09-02 09:20:00,334183018.1,39095640.19142565
2026-09-02 09:25:00,333166349.1,38663954.813055
2026-09-02 09:30:00,333479274.5,38766385.40668737
2026-09-02 09:35:00,333056201.2,38635062.22080796
2026-09-02 09:40:00,333262375.0,38462967.11919125
2026-09-02 09:45:00,332926923.0,38303442.2473038
2026-09-02 09:50:00,332960195.7,38230619.52475032
2026-09-02 09:55:00,331946607.2,38280082.742304
2026-09-02 10:00:00,332171539.9,38151339.66028277
2026-09-02 10:05:00,330742420.0,37186891.695732
2026-09-02 10:10:00,329527231.8,37099025.93630204
2026-09-02 10:15:00,329267530.6,37026423.57139693
2026-09-02 10:20:00,327052061.4,36548067.86145
2026-09-02 10:25:00,326811206.6,36327657.22645834
2026-09-02 10:30:00,326066974.6,36234841.42570446
2026-09-02 10:35:00,333804324.9,36929950.79295389
2026-09-02 10:40:00,333234540.8,37049016.246144
2026-09-02 10:45:00,333385161.5,37005752.9265
2026-09-02 10:50:00,332331207.4,36489966.57252
2026-09-02 10:55:00,331560391.4,36498167.885312
2026-09-02 11:00:00,331042659.6,36688345.66013175
2026-09-02 11:05:00,324569115.2,35243973.52945779
2026-09-02 11:10:00,318702107.1,34518924.79998168
2026-09-02 11:15:00,317617422.3,34230680.91493882
2026-09-02 11:20:00,316287203.9,34066896.21019208
2026-09-02 11:25:00,314555266.3,33972154.34800712
2026-09-02 11:30:00,314593224.4,33928879.25154
2026-09-02 11:35:00,313324368.2,33933311.06799138
2026-09-02 11:40:00,312727758.1,33865792.41633954
2026-09-02 11:45:00,312730970.7,33718653.260874
2026-09-02 11:50:00,310184060.7,33081130.073655
2026-09-02 11:55:00,310273445.1,33091025.93984577
2026-09-02 12:00:00,308559874.7,33176357.727744
2026-09-02 12:05:00,308719474.6,33199692.298484
2026-09-02 12:10:00,308553627.9,33260013.77831307
2026-09-02 12:15:00,309057871.6,33560594.277044
2026-09-02 12:20:00,307586456.4,33354675.332016
2026-09-02 12:25:00,307037921.8,33306085.94545746
2026-09-02 12:30:00,306985908.1,33219556.01745812
2026-09-02 12:35:00,307214553.5,33354744.89532525
2026-09-02 12:40:00,306910796.9,33371721.45603976
2026-09-02 12:45:00,306690744.3,33416149.43030674
2026-09-02 12:50:00,306192550.3,33218829.782047
2026-09-02 12:55:00,306146511.8,33164851.623294
2026-09-02 13:00:00,306356367.2,33261110.786904
2026-09-02 13:05:00,305470498.5,33471205.90805605
2026-09-02 13:10:00,305870120.7,33697925.30660349
2026-09-02 13:15:00,306489736.2,33615794.266416
2026-09-02 13:20:00,305152542.4,33549468.36026965
2026-09-02 13:25:00,306179390.3,33582796.53803102
2026-09-02 13:30:00,306225436.4,33586805.864352
2026-09-02 13:35:00,304782580.9,33279210.008471
2026-09-02 13:40:00,304217955.2,33208060.84372666
2026-09-02 13:45:00,304532992.1,33971553.6410817
2026-09-02 13:50:00,304600675.7,33978205.374335
2026-09-02 13:55:00,301835877.8,33536984.382358
2026-09-02 14:00:00,301204658.3,33388536.372555
2026-09-02 14:05:00,300722140.9,33298962.661857
2026-09-02 14:10:00,301584302.9,33614586.401234
2026-09-02 14:15:00,300182812.6,33575624.69716943
2026-09-02 14:20:00,301263007.8,34059659.90032859
2026-09-02 14:25:00,298196341.4,33734952.102582
2026-09-02 14:30:00,299187783.2,34008675.316344
2026-09-02 14:35:00,299005863.0,33939100.01843361
2026-09-02 14:40:00,299594071.3,34080359.53202006
2026-09-02 14:45:00,304725717.5,35682924.43067375
2026-09-02 14:50:00,304782900.7,35577307.998711
2026-09-02 14:55:00,305223262.1,35442122.30034602
2026-09-02 15:00:00,305510725.2,35415793.11993365
2026-09-02 15:05:00,306349960.1,35846008.831301
2026-09-02 15:10:00,305899848.7,35778046.303952
2026-09-02 15:15:00,303524087.9,35288863.85078802
2026-09-02 15:20:00,303913876.3,35435236.53437645
2026-09-02 15:25:00,303582829.0,35007128.72784083
2026-09-02 15:30:00,301864251.9,34750331.94497373
2026-09-02 15:35:00,302238467.8,34997546.21489774
2026-09-02 15:40:00,302007408.7,35217083.928507
2026-09-02 15:45:00,303105330.6,35372392.08102
2026-09-02 15:50:00,303209758.3,35260262.792707
2026-09-02 15:55:00,302973382.4,35246338.75762605
2026-09-02 16:00:00,303610959.1,35405513.05659714
2026-09-02 16:05:00,304546121.4,36161736.40942808
2026-09-02 16:10:00,304324370.6,35228589.140656
2026-09-02 16:15:00,305645276.9,35505592.29281817
2026-09-02 16:20:00,307785997.6,35588707.03123258
2026-09-02 16:25:00,308353817.0,36120566.12338
2026-09-02 16:30:00,308472397.7,36300479.59574412
2026-09-02 16:35:00,309384102.5,38266806.95512263
2026-09-02 16:40:00,309450337.8,38467771.491918
2026-09-02 16:45:00,310121474.7,38393131.60430241
2026-09-02 16:50:00,311828291.2,38956708.419616
2026-09-02 16:55:00,312567715.9,38684030.66063307
2026-09-02 17:00:00,311239725.0,37980969.579009
2026-09-02 17:05:00,312342257.9,38307197.47961003
2026-09-02 17:10:00,312494873.2,37800070.47594177
2026-09-02 17:15:00,311800024.9,37637178.33566281
2026-09-02 17:20:00,311723952.1,37562736.22805
2026-09-02 17:25:00,313010645.9,38496997.79306638
2026-09-02 17:30:00,312400485.2,38456499.72812
2026-09-02 17:35:00,313004468.0,38843084.48780872
2026-09-02 17:40:00,313745916.3,38995479.936927
2026-09-02 17:45:00,317573026.7,39011864.67440839
2026-09-02 17:50:00,318270550.7,38821193.64338031
2026-09-02 17:55:00,317950788.7,38761380.650417
2026-09-02 18:00:00,318404806.2,38930661.53159648
2026-09-02 18:05:00,319306211.7,39287276.63446215
2026-09-02 18:10:00,320358967.2,39740529.88116
2026-09-02 18:15:00,322872060.6,40239544.912578
2026-09-02 18:20:00,323786329.9,40167928.34977131
2026-09-02 18:25:00,325156037.4,40509662.46629022
2026-09-02 18:30:00,324829848.9,40340966.50282932
2026-09-02 18:35:00,323933679.2,40950212.10821326
2026-09-02 18:40:00,323751180.8,40677558.47353741
2026-09-02 18:45:00,321072115.6,39828995.94018
2026-09-02 18:50:00,320402306.4,39826006.68552
2026-09-02 18:55:00,321065027.1,39773535.557148
2026-09-02 19:00:00,321049068.7,39838978.934983
2026-09-02 19:05:00,321513491.6,39825876.204492
2026-09-02 19:10:00,321343541.9,39872306.678952
2026-09-02 19:15:00,321323775.1,40097868.57845671
2026-09-02 19:20:00,321335706.1,39953965.88971162
2026-09-02 19:25:00,321930423.8,40159043.31311063
2026-09-02 19:30:00,321494054.9,40085582.68342297
2026-09-02 19:35:00,321545589.7,39858791.299212
2026-09-02 19:40:00,320889158.4,39652273.303488
2026-09-02 19:45:00,320600731.0,39831915.7205365
2026-09-02 19:50:00,320771127.9,39830150.951343
2026-09-02 19:55:00,320538193.8,39907005.1281
2026-09-02 20:00:00,320940954.5,39780631.310275
2026-09-02 20:05:00,320535863.1,39994727.69323999
2026-09-02 20:10:00,321354204.4,40050374.494372
2026-09-02 20:15:00,321441872.0,39919940.01531056
2026-09-02 20:20:00,321165291.2,39580657.78476223
2026-09-02 20:25:00,320510488.0,39669583.09976
2026-09-02 20:30:00,320614119.4,39621428.75262812
2026-09-02 20:35:00,319291881.0,39226521.02436594
2026-09-02 20:40:00,319129752.8,39053544.98576786
2026-09-02 20:45:00,317732001.4,38845914.491164
2026-09-02 20:50:00,317434727.7,38895575.57372504
2026-09-02 20:55:00,317121306.3,38910784.28301
2026-09-02 21:00:00,317125907.4,38930376.392424
2026-09-02 21:05:00,317005641.6,38747599.572768
2026-09-02 21:10:00,316879140.5,38652917.55819
2026-09-02 21:15:00,317172044.3,38677446.61882976
2026-09-02 21:20:00,316941723.5,38681754.83383215
2026-09-02 21:25:00,317157887.2,38667426.55690869
2026-09-02 21:30:00,316903824.0,38532335.96016
2026-09-02 21:35:00,316875015.4,38453201.39381032
2026-09-02 21:40:00,316226775.8,38670221.34711809
2026-09-02 21:45:00,315531574.5,38731500.769875
2026-09-02 21:50:00,315018755.6,38394485.932528
2026-09-02 21:55:00,315214974.0,38595012.82890246
2026-09-02 22:00:00,314736052.8,38416714.07837328
2026-09-02 22:05:00,314182063.8,38973508.98469242
2026-09-02 22:10:00,314772785.0,38839813.94115
2026-09-02 22:15:00,314414073.4,38559741.961776
2026-09-02 22:20:00,314958879.1,38667501.587107
2026-09-02 22:25:00,314069043.5,38281875.712215
2026-09-02 22:30:00,314101416.9,38480564.584419
2026-09-02 22:35:00,314212238.7,38470858.23624933
2026-09-02 22:40:00,314151372.6,38573773.70073817
2026-09-02 22:45:00,315535045.1,38971405.26385409
2026-09-02 22:50:00,315580115.8,39207673.586992
2026-09-02 22:55:00,314495048.7,38889605.44066002
2026-09-02 23:00:00,315272225.1,38866800.89571726
2026-09-02 23:05:00,315430655.2,39043675.29846804
2026-09-02 23:10:00,315877682.7,39517946.98727369
2026-09-02 23:15:00,316286583.7,39434611.255716
2026-09-02 23:20:00,316109058.4,39435622.90656805
2026-09-02 23:25:00,316017440.7,39243045.786126
2026-09-02 23:30:00,316310599.7,39292102.694734
2026-09-02 23:35:00,316564093.5,39231788.107455
2026-09-02 23:40:00,314046391.0,38630846.55691
2026-09-02 23:45:00,312411837.7,38390356.90567764
2026-09-02 23:50:00,312613713.2,38532766.289032
2026-09-02 23:55:00,312719245.2,38687304.63934462
2026-09-03 00:00:00,314018116.5,38952213.97182192
2026-09-03 00:05:00,314198552.4,39080085.07119353
2026-09-03 00:10:00,314165930.7,38880163.96913514
2026-09-03 00:15:00,314496103.8,39169951.9399525
2026-09-03 00:20:00,314682178.2,39017443.275018
2026-09-03 00:25:00,315219181.4,39159678.905322
2026-09-03 00:30:00,315569185.7,39189088.70952064
2026-09-03 00:35:00,314097049.2,38615091.228648
2026-09-03 00:40:00,314982036.7,38909730.993551
2026-09-03 00:45:00,314918238.9,38813672.944425
2026-09-03 00:50:00,315170403.7,38835297.143914
2026-09-03 00:55:00,314905763.0,39107957.7635122
2026-09-03 01:00:00,314999091.3,38719688.302596
2026-09-03 01:05:00,314915280.9,38655340.56771994
2026-09-03 01:10:00,314823080.1,38742883.81249824
2026-09-03 01:15:00,314785368.6,38752735.66317099
2026-09-03 01:20:00,314530461.3,38803943.83165152
2026-09-03 01:25:00,314244715.0,38733357.3434047
2026-09-03 01:30:00,314037553.0,38691364.14130201
2026-09-03 01:35:00,314348509.3,39096856.93932043
2026-09-03 01:40:00,315795815.3,39525004.242948
2026-09-03 01:45:00,316381928.3,39528872.01929619
2026-09-03 01:50:00,314872680.2,38918263.27272
2026-09-03 01:55:00,315928727.1,39213206.29771739
2026-09-03 02:00:00,318474507.1,39675770.65718283
2026-09-03 02:05:00,317925820.1,39565604.43301432
2026-09-03 02:10:00,318583283.4,40076607.85106992
2026-09-03 02:15:00,321341628.3,40993551.522231
2026-09-03 02:20:00,321588472.6,40909269.599446
2026-09-03 02:25:00,321794550.7,40917995.26071645
2026-09-03 02:30:00,322845138.5,41117556.83936
2026-09-03 02:35:00,323648507.3,41821222.52574662
2026-09-03 02:40:00,324039781.7,42037172.13748373
2026-09-03 02:45:00,324741161.1,42027991.32732717
2026-09-03 02:50:00,326052868.2,42905296.926438
2026-09-03 02:55:00,329061056.9,43503332.75327264
2026-09-03 03:00:00,330178120.1,43580210.071999
2026-09-03 03:05:00,328952336.7,42938148.509451
2026-09-03 03:10:00,329749927.3,43306727.34466142
2026-09-03 03:15:00,330179667.9,43346904.70138876
2026-09-03 03:20:00,329401490.5,43016540.644395
2026-09-03 03:25:00,328822236.0,42864503.81737248
2026-09-03 03:30:00,330437401.0,43258442.43277067
2026-09-03 03:35:00,329874416.8,42841697.6644622
2026-09-03 03:40:00,327054161.1,41995540.00095961
2026-09-03 03:45:00,325786671.7,41615989.442958
2026-09-03 03:50:00,325621319.8,41650223.015618
2026-09-03 03:55:00,324645483.4,41499432.143022
2026-09-03 04:00:00,323507764.4,41169598.097544
2026-09-03 04:05:00,322107492.3,40843230.02364
2026-09-03 04:10:00,321242713.1,41041969.025656
2026-09-03 04:15:00,321557689.6,41236558.114304
2026-09-03 04:20:00,322350302.8,41570295.049088
2026-09-03 04:25:00,321325828.2,41087040.3661316
2026-09-03 04:30:00,319884651.6,40759702.306872
2026-09-03 04:35:00,319781058.1,40944766.679124
2026-09-03 04:40:00,319792755.9,41003827.161498
2026-09-03 04:45:00,320642192.9,41324365.820952
2026-09-03 04:50:00,321937623.0,41854386.00657825
2026-09-03 04:55:00,322502413.1,41886613.413428
2026-09-03 05:00:00,322904798.3,42192659.00037991
2026-09-03 05:05:00,321974435.7,41814819.964359
2026-09-03 05:10:00,322138726.0,41832934.95836
2026-09-03 05:15:00,322422792.8,41905290.380216
2026-09-03 05:20:00,322097731.1,41822593.07799546
2026-09-03 05:25:00,321187329.6,41444471.31240192
2026-09-03 05:30:00,319471390.1,41163888.614385
2026-09-03 05:35:00,320292331.8,41482216.1467358
2026-09-03 05:40:00,320891437.4,41567432.85631564
2026-09-03 05:45:00,321624347.6,41779256.83647461
2026-09-03 05:50:00,321596171.8,42081579.45545483
2026-09-03 05:55:00,322086096.3,42117662.46247165
2026-09-03 06:00:00,323098755.2,42484255.321248
2026-09-03 06:05:00,322681512.1,42245863.689207
2026-09-03 06:10:00,324034236.1,42785480.534644
2026-09-03 06:15:00,322207476.2,43494787.212238
2026-09-03 06:20:00,322679928.5,43355275.19326
2026-09-03 06:25:00,323120794.7,43226347.04351435
2026-09-03 06:30:00,323100246.0,42917405.67618
2026-09-03 06:35:00,322802201.5,42683579.88455842
2026-09-03 06:40:00,323051604.2,42715824.64746524
2026-09-03 06:45:00,324293287.1,42907244.816201
2026-09-03 06:50:00,324358582.9,43295727.46558987
2026-09-03 06:55:00,325189956.5,43848786.08513694
2026-09-03 07:00:00,325442038.8,43939426.69176648
2026-09-03 07:05:00,326359165.5,44127022.767255
2026-09-03 07:10:00,327693732.3,44324404.75636827
2026-09-03 07:15:00,327502928.0,43839541.94208
2026-09-03 07:20:00,328466947.7,44124656.68932165
2026-09-03 07:25:00,328737145.8,44054064.908658
2026-09-03 07:30:00,328743618.6,43969639.79674023
2026-09-03 07:35:00,329178429.1,44281553.00768562
2026-09-03 07:40:00,329485636.5,44124828.46519641
2026-09-03 07:45:00,329471395.2,44584289.94429878
2026-09-03 07:50:00,329395113.8,44467984.6162771
2026-09-03 07:55:00,329300214.0,44344488.8578392
2026-09-03 08:00:00,327086363.1,44894065.41151806
2026-09-03 08:05:00,331018208.9,45376260.75167166
2026-09-03 08:10:00,332482602.4,46015592.17216
2026-09-03 08:15:00,333240977.8,46125326.67073187
2026-09-03 08:20:00,331366395.6,45575885.5260273
2026-09-03 08:25:00,331744720.9,45333188.14165614
2026-09-03 08:30:00,332086045.4,45459258.754806
2026-09-03 08:35:00,332235653.1,45433192.33785969
2026-09-03 08:40:00,331736037.4,45338632.9376483
2026-09-03 08:45:00,331045288.2,44887761.42909657
2026-09-03 08:50:00,333024273.0,45301291.85619
2026-09-03 08:55:00,333110375.4,45281745.28803446
2026-09-03 09:00:00,333345054.2,45271738.48272585
2026-09-03 09:05:00,333964180.2,45487240.50175179
2026-09-03 09:10:00,334359428.5,45833990.45878
2026-09-03 09:15:00,334968189.6,45773553.84452532
2026-09-03 09:20:00,335493508.1,46087276.64237488
2026-09-03 09:25:00,336409932.2,46396207.92221622
2026-09-03 09:30:00,336095048.0,46289745.82425072
2026-09-03 09:35:00,335634381.8,46018830.088598
2026-09-03 09:40:00,336779033.8,46461530.3344973
2026-09-03 09:45:00,337578180.9,46874549.96436005
2026-09-03 09:50:00,335835195.0,46361316.5490249
2026-09-03 09:55:00,335925639.2,46293280.79795031
2026-09-03 10:00:00,336919746.5,46516407.02003684
2026-09-03 10:05:00,337367313.6,46828836.74133485
2026-09-03 10:10:00,338549961.4,47045132.85011775
2026-09-03 10:15:00,338896915.3,47158068.3328744
2026-09-03 10:20:00,339702905.7,47387509.06020045
2026-09-03 10:25:00,340412221.4,47299372.66702107
2026-09-03 10:30:00,341055610.9,47516921.57242568
2026-09-03 10:35:00,339053077.8,46878431.27577662
2026-09-03 10:40:00,329583039.7,44460956.39701461
2026-09-03 10:45:00,329572352.8,44848205.769024
2026-09-03 10:50:00,328016735.2,44216655.90496
2026-09-03 10:55:00,327115668.5,44288298.30638561
2026-09-03 11:00:00,327069276.1,44278638.598418
2026-09-03 11:05:00,326454992.9,44105199.07506543
2026-09-03 11:10:00,327009040.7,44198541.941012
2026-09-03 11:15:00,326133269.8,44335786.21903915
2026-09-03 11:20:00,327725654.3,44941018.974159
2026-09-03 11:25:00,327883921.9,44710251.590284
2026-09-03 11:30:00,327147780.4,44131038.21508373
2026-09-03 11:35:00,325948518.3,43963936.148304
2026-09-03 11:40:00,325702218.1,43950257.310414
2026-09-03 11:45:00,325050063.1,44249065.089803
2026-09-03 11:50:00,325000553.9,44021325.025755
2026-09-03 11:55:00,324866737.3,43880864.50001994
2026-09-03 12:00:00,324818128.9,44129790.992354
2026-09-03 12:05:00,324455052.4,43798187.523476
2026-09-03 12:10:00,324749139.2,43997013.378816
2026-09-03 12:15:00,326334333.3,44844459.42751271
2026-09-03 12:20:00,326345653.0,44533127.80838
2026-09-03 12:25:00,326872098.4,44592895.16107009
2026-09-03 12:30:00,326687803.8,44295599.317242
2026-09-03 12:35:00,325934264.9,44454630.69768186
2026-09-03 12:40:00,323872489.8,43774249.46162922
2026-09-03 12:45:00,323875473.5,43721154.98452642
2026-09-03 12:50:00,327387152.6,44349022.64171621
2026-09-03 12:55:00,327015766.6,44382579.842952
2026-09-03 13:00:00,327075183.3,44138795.986335
2026-09-03 13:05:00,327690615.9,44267725.301931
2026-09-03 13:10:00,327074184.5,44105953.779825
2026-09-03 13:15:00,327299328.0,44636889.24603648
2026-09-03 13:20:00,328307017.2,44580809.865588
2026-09-03 13:25:00,328056172.2,44462929.2710409
2026-09-03 13:30:00,327584616.2,44053818.32334583
2026-09-03 13:35:00,328011590.7,44118313.37580861
2026-09-03 13:40:00,328434985.3,43852639.237256
2026-09-03 13:45:00,328105498.6,43920202.042596
2026-09-03 13:50:00,327278912.8,43748458.8399665
2026-09-03 13:55:00,326934433.5,43406600.87283342
2026-09-03 14:00:00,326666291.4,43330356.22309074
2026-09-03 14:05:00,325936263.6,42951610.29010921
2026-09-03 14:10:00,325760417.5,43102246.9077606
2026-09-03 14:15:00,325186324.7,43271910.11449584
2026-09-03 14:20:00,327736994.2,44162196.18038644
2026-09-03 14:25:00,331314328.4,44820202.345952
2026-09-03 14:30:00,330370141.2,44378621.067396
2026-09-03 14:35:00,330552808.2,43989967.715256
2026-09-03 14:40:00,330637108.1,44078261.16221719
2026-09-03 14:45:00,331062709.8,44494311.73929271
2026-09-03 14:50:00,333096402.4,45374861.60085538
2026-09-03 14:55:00,328221802.3,43831300.73842394
2026-09-03 15:00:00,328480661.5,43935704.22727606
2026-09-03 15:05:00,327160254.9,43522128.709347
2026-09-03 15:10:00,327353119.7,43290934.43538079
2026-09-03 15:15:00,326629743.6,43147756.46658564
2026-09-03 15:20:00,327447332.5,43204861.46515295
2026-09-03 15:25:00,327227993.2,43096525.53166755
2026-09-03 15:30:00,332194878.2,43903077.7417877
2026-09-03 15:35:00,330185125.3,43608067.88901772
2026-09-03 15:40:00,331169477.8,43680956.06928998
2026-09-03 15:45:00,329644823.5,43292785.39842083
2026-09-03 15:50:00,329522973.1,43164214.246369
2026-09-03 15:55:00,329328275.6,43501324.30525889
2026-09-03 16:00:00,324543729.1,42873910.99606403
2026-09-03 16:05:00,324279920.0,42596713.089372
2026-09-03 16:10:00,324390251.0,42624878.9814
2026-09-03 16:15:00,325077858.7,42513682.360786
2026-09-03 16:20:00,322222802.4,42161568.02505843
2026-09-03 16:25:00,322316460.2,42310584.87172127
2026-09-03 16:30:00,321208136.2,42155172.70625037
2026-09-03 16:35:00,320168491.5,42121366.74174
2026-09-03 16:40:00,319694271.7,42011024.244097
2026-09-03 16:45:00,319318004.0,41716866.36009456
2026-09-03 16:50:00,319400485.2,41815911.522384
2026-09-03 16:55:00,319201167.9,41716965.61891818
2026-09-03 17:00:00,318608339.0,41750436.74256
2026-09-03 17:05:00,319575868.3,42127037.43404079
2026-09-03 17:10:00,319132294.6,42072107.15886582
2026-09-03 17:15:00,319142001.6,42088447.171008
2026-09-03 17:20:00,317604061.3,41676004.923786
2026-09-03 17:25:00,316493539.9,41454323.856102
2026-09-03 17:30:00,316370006.8,41404121.06013273
2026-09-03 17:35:00,316541195.3,41539539.6232094
2026-09-03 17:40:00,316398139.6,41581043.506232
2026-09-03 17:45:00,316489716.2,41897342.2214672
2026-09-03 17:50:00,315820118.4,41815082.67194707
2026-09-03 17:55:00,314094046.4,41560924.219648
2026-09-03 18:00:00,315684853.6,41922948.55808
2026-09-03 18:05:00,318470885.9,42399554.51541046
2026-09-03 18:10:00,326683498.2,43684120.64613898
2026-09-03 18:15:00,329973785.4,44385470.11884119
2026-09-03 18:20:00,329586058.4,44452388.99314597
2026-09-03 18:25:00,329580033.5,44556290.56270219
2026-09-03 18:30:00,338463042.5,46393115.6969533
2026-09-03 18:35:00,335961207.6,46598719.87015637
2026-09-03 18:40:00,335596229.2,46416176.86619803
2026-09-03 18:45:00,335853412.9,46408224.594522
2026-09-03 18:50:00,341406365.8,48773313.418188
2026-09-03 18:55:00,342968381.7,48965300.90250074
2026-09-03 19:00:00,345594950.8,49975891.41187263
2026-09-03 19:05:00,344538307.0,49406097.25641986
2026-09-03 19:10:00,343181485.1,49020043.331684
2026-09-03 19:15:00,341990600.6,49365378.78311631
2026-09-03 19:20:00,339437092.7,48185977.12968202
2026-09-03 19:25:00,338885512.5,47935677.68436188
2026-09-03 19:30:00,335935587.0,47595353.96616
2026-09-03 19:35:00,334767491.2,46833972.01888
2026-09-03 19:40:00,333618984.2,46761815.01465779
2026-09-03 19:45:00,329503568.6,46265596.067126
2026-09-03 19:50:00,326659777.7,45290434.13134745
2026-09-03 19:55:00,324873574.9,44575903.212029
2026-09-03 20:00:00,324715612.5,44940640.77
2026-09-03 20:05:00,323250507.5,44599289.51292968
2026-09-03 20:10:00,323756400.5,44707521.345045
2026-09-03 20:15:00,322601745.4,44219021.241978
2026-09-03 20:20:00,322152465.2,44399052.753864
2026-09-03 20:25:00,322091317.5,44384183.5515
2026-09-03 20:30:00,322339988.4,44643579.09621833
2026-09-03 20:35:00,322760051.4,44464367.14021409
2026-09-03 20:40:00,321563743.8,44816818.10338426
2026-09-03 20:45:00,323002551.7,45430308.896605
2026-09-03 20:50:00,324386075.4,45907344.46086078
2026-09-03 20:55:00,323093055.8,45042402.909078
2026-09-03 21:00:00,323207310.4,45417731.20788259
2026-09-03 21:05:00,322465086.5,45294984.2082526
2026-09-03 21:10:00,322988923.2,45781163.77988827
2026-09-03 21:15:00,323530233.2,45753645.579144
2026-09-03 21:20:00,323446287.1,45835573.344941
2026-09-03 21:25:00,322795791.4,45607817.366906
2026-09-03 21:30:00,322393489.1,45644589.47236897
2026-09-03 21:35:00,322183776.9,45811311.237411
2026-09-03 21:40:00,322288786.8,45987554.57866114
2026-09-03 21:45:00,322445209.8,45931156.10880262
2026-09-03 21:50:00,322361331.8,45843004.995278
2026-09-03 21:55:00,323211863.9,46120684.59802411
2026-09-03 22:00:00,317740986.7,44139951.9226202
2026-09-03 22:05:00,313598877.2,43399375.11018099
2026-09-03 22:10:00,312383313.7,43202612.28471
2026-09-03 22:15:00,311280676.9,43149727.431878
2026-09-03 22:20:00,310775180.1,43227581.3434378
2026-09-03 22:25:00,309287868.2,43337416.092184
2026-09-03 22:30:00,309243195.5,43216736.571125
2026-09-03 22:35:00,308080176.9,42867061.41831709
2026-09-03 22:40:00,307425628.7,43107221.656314
2026-09-03 22:45:00,307824993.6,43007473.46883015
2026-09-03 22:50:00,308024138.8,43095657.259508
2026-09-03 22:55:00,307335588.9,42698133.365877
2026-09-03 23:00:00,307103687.2,42546144.824688
2026-09-03 23:05:00,306629712.8,42606198.59356
2026-09-03 23:10:00,306214687.6,42416858.526352
2026-09-03 23:15:00,306135885.9,42619077.77999044
2026-09-03 23:20:00,305225005.8,42407962.305852
2026-09-03 23:25:00,304971687.8,42315672.55325896
2026-09-03 23:30:00,304552520.3,42485076.58185
2026-09-03 23:35:00,304374129.3,42600203.136828
2026-09-03 23:40:00,303275285.3,42807306.520095
2026-09-03 23:45:00,303440847.4,42503244.72971456
2026-09-03 23:50:00,303105791.1,42565146.244173
2026-09-03 23:55:00,303632721.5,42690283.93952724
2026-09-04 00:00:00,304125917.3,42875465.01533023
2026-09-04 00:05:00,305462554.3,43265716.191052
2026-09-04 00:10:00,305925092.8,43315933.889552
2026-09-04 00:15:00,304842675.5,43077318.474905
2026-09-04 00:20:00,307765659.5,43578460.18632028
2026-09-04 00:25:00,310021603.4,44448497.92828169
2026-09-04 00:30:00,317500989.7,45669247.10815109
2026-09-04 00:35:00,317493110.8,45601535.504204
2026-09-04 00:40:00,315355572.8,45007547.350016
2026-09-04 00:45:00,315574256.7,45307674.51907091
2026-09-04 00:50:00,316419901.4,45969483.275392
2026-09-04 00:55:00,318108062.6,46373777.46042487
2026-09-04 01:00:00,318407314.4,46255030.562888
2026-09-04 01:05:00,319095900.9,46094564.39408428
2026-09-04 01:10:00,321175304.7,46722148.81894638
2026-09-04 01:15:00,322359802.2,46600613.45905992
2026-09-04 01:20:00,320431620.3,45812772.04774502
2026-09-04 01:25:00,320522446.6,45562265.78419
2026-09-04 01:30:00,321324040.2,43706495.948004
2026-09-04 01:35:00,318610226.2,43591435.50650493
2026-09-04 01:40:00,318137470.4,43196705.730912
2026-09-04 01:45:00,318952361.8,43202078.26866829
2026-09-04 01:50:00,321260408.7,43481022.14154237
2026-09-04 01:55:00,321197903.2,43973017.56939121
2026-09-04 02:00:00,324330650.8,44348973.190392
2026-09-04 02:05:00,324953681.7,44507800.93993122
2026-09-04 02:10:00,325140516.5,44580016.217315
2026-09-04 02:15:00,324845300.7,44573667.42626854
2026-09-04 02:20:00,326807725.7,44702424.17256981
2026-09-04 02:25:00,322984272.5,43948469.959075
2026-09-04 02:30:00,324899508.1,44144096.165547
2026-09-04 02:35:00,329204518.9,45035560.06276193
2026-09-04 02:40:00,328975291.3,45063035.402274
2026-09-04 02:45:00,328813262.2,45053993.186644
2026-09-04 02:50:00,328154206.2,45142615.41445455
2026-09-04 02:55:00,328114601.6,45084655.73691434
2026-09-04 03:00:00,327868777.0,45081632.24741077
2026-09-04 03:05:00,327826940.5,44984412.77541
2026-09-04 03:10:00,327185969.0,45068623.9230678
2026-09-04 03:15:00,326892228.1,45068461.50418839
2026-09-04 03:20:00,326830745.3,44909296.31909543
2026-09-04 03:25:00,327043462.5,44997910.005375
2026-09-04 03:30:00,326053818.6,44666112.610014
2026-09-04 03:35:00,326037521.0,44636101.6050008
2026-09-04 03:40:00,325837369.5,44493092.805225
2026-09-04 03:45:00,325867858.5,44493997.39959
2026-09-04 03:50:00,325977195.0,44472237.47200275
2026-09-04 03:55:00,324936491.5,44451887.17478996
2026-09-04 04:00:00,324980067.9,44457273.28872
2026-09-04 04:05:00,324765191.8,44454119.26573744
2026-09-04 04:10:00,324851313.7,44228506.360255
2026-09-04 04:15:00,324428583.4,44086600.198226
2026-09-04 04:20:00,324594125.0,44020776.83077875
2026-09-04 04:25:00,324398569.0,44069344.47153722
2026-09-04 04:30:00,324349318.0,44137315.72323326
2026-09-04 04:35:00,324875515.0,44162768.56906765
2026-09-04 04:40:00,324793324.1,43926374.30804633
2026-09-04 04:45:00,323326954.5,43746010.84633774
2026-09-04 04:50:00,323973121.8,43600302.731844
2026-09-04 04:55:00,323919333.3,43694586.67295688
2026-09-04 05:00:00,323748953.7,43795165.61168379
2026-09-04 05:05:00,324040544.0,43755194.65632
2026-09-04 05:10:00,323788071.8,43827953.398848
2026-09-04 05:15:00,323652333.8,43848230.46487039
2026-09-04 05:20:00,323769640.1,43825361.35304397
2026-09-04 05:25:00,323894374.9,43806714.205225
2026-09-04 05:30:00,323969567.9,43781075.70213501
2026-09-04 05:35:00,323697803.3,43788048.78157175
2026-09-04 05:40:00,323972051.2,43684391.383808
2026-09-04 05:45:00,324380988.5,43833602.976005
2026-09-04 05:50:00,324750362.1,43748699.56525081
2026-09-04 05:55:00,324958410.5,43849887.91287
2026-09-04 06:00:00,324499208.2,44128647.323118
2026-09-04 06:05:00,324339369.2,43853926.109532
2026-09-04 06:10:00,324382824.8,44129039.485792
2026-09-04 06:15:00,324235446.3,43943630.037039
2026-09-04 06:20:00,324591897.0,43839381.60882
2026-09-04 06:25:00,323961733.1,43618207.744584
2026-09-04 06:30:00,323774884.8,43590628.65333369
2026-09-04 06:35:00,323766205.0,43787031.92126375
2026-09-04 06:40:00,323373664.4,43684548.323796
2026-09-04 06:45:00,323526778.3,43847584.262999
2026-09-04 06:50:00,323229538.2,44070253.00616247
2026-09-04 06:55:00,322963816.8,43891341.43052307
2026-09-04 07:00:00,323401192.6,44055253.0796607
2026-09-04 07:05:00,323207710.8,43907767.51218
2026-09-04 07:10:00,323785767.3,44533494.434442
2026-09-04 07:15:00,324487154.5,44379712.24663651
2026-09-04 07:20:00,324582602.0,44114021.43782
2026-09-04 07:25:00,324478248.3,44190235.1216469
2026-09-04 07:30:00,324584663.0,44322035.73265
2026-09-04 07:35:00,325975151.2,44708952.35575738
2026-09-04 07:40:00,326095187.0,44695627.00815531
2026-09-04 07:45:00,326242063.5,44669063.33442
2026-09-04 07:50:00,328389500.4,45196246.940052
2026-09-04 07:55:00,328456207.3,45181752.68727682
2026-09-04 08:00:00,328922453.2,45480962.80234232
2026-09-04 08:05:00,329089582.6,45147799.836894
2026-09-04 08:10:00,329341111.1,45146079.509588
2026-09-04 08:15:00,329937706.5,45283950.217125
2026-09-04 08:20:00,330482290.7,45421601.70260975
2026-09-04 08:25:00,330828341.4,45449197.541532
2026-09-04 08:30:00,330765007.6,45503616.63048831
2026-09-04 08:35:00,331591909.9,45686733.346022
2026-09-04 08:40:00,331933983.7,45644550.79719184
2026-09-04 08:45:00,331948153.3,45747613.99904228
2026-09-04 08:50:00,331063582.6,45508000.064196
2026-09-04 08:55:00,330663492.0,45452355.50987568
2026-09-04 09:00:00,330934296.1,45311523.822012
2026-09-04 09:05:00,331009779.6,45571400.67547685
2026-09-04 09:10:00,331081377.0,45629635.37814
2026-09-04 09:15:00,330358916.1,45381404.304657
2026-09-04 09:20:00,329637714.1,45816345.882759
2026-09-04 09:25:00,332520293.9,46662572.842987
2026-09-04 09:30:00,331088430.9,46673459.95363389
2026-09-04 09:35:00,329617689.6,46361947.62769152
2026-09-04 09:40:00,331084108.6,46618201.89703151
2026-09-04 09:45:00,332611043.3,46695118.02002795
2026-09-04 09:50:00,332484260.3,46742356.25659975
2026-09-04 09:55:00,332337961.8,46779243.44394249
2026-09-04 10:00:00,332396622.2,46651865.92577
2026-09-04 10:05:00,329992074.7,45251813.203611
2026-09-04 10:10:00,326580672.6,44454350.57110211
2026-09-04 10:15:00,326368577.6,44493048.16330753
2026-09-04 10:20:00,325539510.4,44189446.07322378
2026-09-04 10:25:00,326570010.3,44436685.01163058
2026-09-04 10:30:00,325145344.3,44363510.33006159
2026-09-04 10:35:00,324973238.7,44365346.547324
2026-09-04 10:40:00,325291946.3,44480420.737062
2026-09-04 10:45:00,324710457.3,44020996.696161
2026-09-04 10:50:00,324024360.8,43825684.86270783
2026-09-04 10:55:00,323871831.4,44030375.47883
2026-09-04 11:00:00,324376612.2,44244969.90408
2026-09-04 11:05:00,323648156.4,44084115.383244
2026-09-04 11:10:00,323439901.8,43981357.846764
2026-09-04 11:15:00,323522461.4,43885799.2423377
2026-09-04 11:20:00,323719179.0,44004132.10777416
2026-09-04 11:25:00,323148725.8,43858323.50179518
2026-09-04 11:30:00,323036667.1,43894222.325548
2026-09-04 11:35:00,322945783.7,43816324.78343841
2026-09-04 11:40:00,323004241.7,43779797.88743056
2026-09-04 11:45:00,322514156.8,43478133.478208
2026-09-04 11:50:00,322557132.3,43366887.14990795
2026-09-04 11:55:00,322194045.4,43309323.582668
2026-09-04 12:00:00,321490406.7,43139559.9370072
2026-09-04 12:05:00,320733056.4,42929231.16857377
2026-09-04 12:10:00,320410435.7,42944601.08455793
2026-09-04 12:15:00,320198977.6,42806581.60596135
2026-09-04 12:20:00,318551774.1,42402729.2746364
2026-09-04 12:25:00,317738867.1,42466425.53348319
2026-09-04 12:30:00,317090732.5,42400462.69949772
2026-09-04 12:35:00,313267031.9,41485953.034517
2026-09-04 12:40:00,313770044.9,41688200.42341592
2026-09-04 12:45:00,314984798.8,41688238.12118
2026-09-04 12:50:00,313846822.3,40983985.44452669
2026-09-04 12:55:00,313800544.1,40900489.91152063
2026-09-04 13:00:00,314850127.6,40533805.427224
2026-09-04 13:05:00,311680667.7,40464628.38162144
2026-09-04 13:10:00,312147422.3,40609408.86274665
2026-09-04 13:15:00,311524415.3,40793305.98956692
2026-09-04 13:20:00,309927616.9,40820566.421899
2026-09-04 13:25:00,309247845.1,41222314.08228222
2026-09-04 13:30:00,309216975.4,41033092.63558
2026-09-04 13:35:00,308449840.3,40989899.277467
2026-09-04 13:40:00,308195946.5,41042454.195405
2026-09-04 13:45:00,309126338.9,41401800.62733618
2026-09-04 13:50:00,311567944.1,42454382.03728196
2026-09-04 13:55:00,310989358.2,42033321.654312
2026-09-04 14:00:00,311302602.0,42086405.85214104
2026-09-04 14:05:00,311258757.2,41918215.97273462
2026-09-04 14:10:00,310564797.9,41833600.02599047
2026-09-04 14:15:00,310119375.7,41914919.20565391
2026-09-04 14:20:00,310494994.9,41950478.86399721
2026-09-04 14:25:00,309579079.2,41820124.55084436
2026-09-04 14:30:00,310086099.2,41960850.943744
2026-09-04 14:35:00,309306118.5,41858990.88435252
2026-09-04 14:40:00,309879756.7,41976311.842582
2026-09-04 14:45:00,309421852.2,41409691.31931832
2026-09-04 14:50:00,307216201.8,40309272.56036669
2026-09-04 14:55:00,305754886.0,40366264.5452819
2026-09-04 15:00:00,305911908.3,40353277.27788187
2026-09-04 15:05:00,305584234.8,40721568.40771718
2026-09-04 15:10:00,306900675.9,41167883.77172617
2026-09-04 15:15:00,307522969.4,41177777.66142502
2026-09-04 15:20:00,307816205.5,41059828.35747501
2026-09-04 15:25:00,308324309.2,41071881.228532
2026-09-04 15:30:00,308418218.0,41190239.9521976
2026-09-04 15:35:00,308494586.5,41223067.28767157
2026-09-04 15:40:00,308725026.4,41190855.5731032
2026-09-04 15:45:00,310429544.2,41760683.43968622
2026-09-04 15:50:00,311198260.9,41902459.94434148
2026-09-04 15:55:00,311341598.3,41838083.979554
2026-09-04 16:00:00,311455024.8,41912297.12701963
2026-09-04 16:05:00,311035625.2,41964926.551984
2026-09-04 16:10:00,311333659.3,42083475.08810907
2026-09-04 16:15:00,311358427.0,41927815.34315711
2026-09-04 16:20:00,311159463.9,42255455.19762
2026-09-04 16:25:00,310474867.5,42131125.94013383
2026-09-04 16:30:00,311978571.3,42173263.268334
2026-09-04 16:35:00,309690649.9,41743202.700021
2026-09-04 16:40:00,309446118.3,41663825.367912
2026-09-04 16:45:00,309399719.2,41661526.13350499
2026-09-04 16:50:00,309480839.6,41742775.645248
2026-09-04 16:55:00,309533648.5,41517708.0339307
2026-09-04 17:00:00,309146462.4,41385436.921488
2026-09-04 17:05:00,309096724.8,41413616.84082821
2026-09-04 17:10:00,309010289.0,41513721.52685646
2026-09-04 17:15:00,309003919.3,41372556.38535135
2026-09-04 17:20:00,309331389.7,41338783.98782676
2026-09-04 17:25:00,309191498.1,41280156.911331
2026-09-04 17:30:00,309862409.3,41337532.46269264
2026-09-04 17:35:00,309859214.7,41476260.95832714
2026-09-04 17:40:00,309900977.8,41384932.73379783
2026-09-04 17:45:00,310173424.6,41300540.61616927
2026-09-04 17:50:00,310204898.0,41095274.84446032
2026-09-04 17:55:00,310582898.1,40981413.404295
2026-09-04 18:00:00,310760916.7,40991984.62725778
2026-09-04 18:05:00,311027775.9,41010906.41157023
2026-09-04 18:10:00,311297773.2,41067161.80711061
2026-09-04 18:15:00,311402803.9,40803003.51806367
2026-09-04 18:20:00,311759890.8,40949661.65658
2026-09-04 18:25:00,311557203.1,41032083.64827
2026-09-04 18:30:00,311816995.4,40970448.86796399
2026-09-04 18:35:00,311648693.2,41041243.91105404
2026-09-04 18:40:00,311754209.4,40995220.25741218
2026-09-04 18:45:00,311758229.7,41014912.699332
2026-09-04 18:50:00,311766082.6,40867345.64124554
2026-09-04 18:55:00,311813558.7,40904385.50195956
2026-09-04 19:00:00,311700820.4,40938785.751336
2026-09-04 19:05:00,311639260.5,41094311.0858325
2026-09-04 19:10:00,310778910.3,40991738.26857
2026-09-04 19:15:00,311044819.9,41177061.9450627
2026-09-04 19:20:00,311988923.3,41288614.109522
2026-09-04 19:25:00,311987573.7,41338634.30406633
2026-09-04 19:30:00,311791808.8,41378698.48663279
2026-09-04 19:35:00,311543748.8,41305105.76515155
2026-09-04 19:40:00,311248656.4,41103497.564184
2026-09-04 19:45:00,310971418.9,41027099.89659993
2026-09-04 19:50:00,311112822.7,41119781.776259
2026-09-04 19:55:00,310949568.2,40987972.8070671
2026-09-04 20:00:00,310887368.0,40943866.3656
2026-09-04 20:05:00,309753251.5,40742080.58226614
2026-09-04 20:10:00,309790859.9,40709616.899459
2026-09-04 20:15:00,308435354.6,40329403.10365208
2026-09-04 20:20:00,308427014.1,40382348.956113
2026-09-04 20:25:00,308535213.6,40473528.99131469
2026-09-04 20:30:00,308730659.4,40477676.753934
2026-09-04 20:35:00,308902209.3,40444566.263649
2026-09-04 20:40:00,309042967.7,40480549.40152636
2026-09-04 20:45:00,308893566.8,40431078.958452
2026-09-04 20:50:00,308626553.4,40599082.39604184
2026-09-04 20:55:00,308459237.7,40608658.643205
2026-09-04 21:00:00,308302426.2,40560103.79058611
2026-09-04 21:05:00,308418322.9,40541588.545205
2026-09-04 21:10:00,308321164.6,40605897.37782
2026-09-04 21:15:00,308661342.1,40740195.1107119
2026-09-04 21:20:00,308614010.1,40709274.072291
2026-09-04 21:25:00,308578011.0,40735383.23211
2026-09-04 21:30:00,308621510.2,40625787.53071006
2026-09-04 21:35:00,308291271.0,40583462.91444
2026-09-04 21:40:00,308256883.8,40619009.578326
2026-09-04 21:45:00,308141411.1,40847650.69056332
2026-09-04 21:50:00,308307710.1,40668870.039291
2026-09-04 21:55:00,309106169.9,40777285.933208
2026-09-04 22:00:00,309482232.7,40505034.615776
2026-09-04 22:05:00,309520207.3,40438849.1309678
2026-09-04 22:10:00,308571418.6,40274229.32711712
2026-09-04 22:15:00,308531605.0,40241777.24015
2026-09-04 22:20:00,308488494.3,40183711.267518
2026-09-04 22:25:00,308528340.1,40259863.099649
2026-09-04 22:30:00,308772767.2,40346497.62809721
2026-09-04 22:35:00,308856506.3,40237825.640764
2026-09-04 22:40:00,308654880.0,40177723.0184544
2026-09-04 22:45:00,308691069.8,40230787.22764599
2026-09-04 22:50:00,308202208.5,39987190.09021056
2026-09-04 22:55:00,308136059.9,39959084.247832
2026-09-04 23:00:00,308319540.6,39940006.19288757
2026-09-04 23:05:00,308015785.7,40112895.771711
2026-09-04 23:10:00,307890521.0,40156313.310904
2026-09-04 23:15:00,307741976.6,40465564.90321048
2026-09-04 23:20:00,307821567.7,40509644.60018176
2026-09-04 23:25:00,307934584.5,40681237.958295
2026-09-04 23:30:00,308110441.8,40587955.42152691
2026-09-04 23:35:00,307847234.1,40514327.59790073
2026-09-04 23:40:00,307981902.0,40545817.3983
2026-09-04 23:45:00,308084102.9,40526094.5697437
2026-09-04 23:50:00,308036083.1,40414306.37947252
2026-09-04 23:55:00,308219874.6,40543806.34725452
2026-09-05 00:00:00,307996543.4,40599802.51437547
2026-09-05 00:05:00,307847579.0,40531212.25114
2026-09-05 00:10:00,308055252.1,40651103.5308744
2026-09-05 00:15:00,307038119.1,40498327.90929
2026-09-05 00:20:00,307122032.9,40380404.885692
2026-09-05 00:25:00,308091736.8,40544863.3201279
2026-09-05 00:30:00,308263364.2,40598285.06514
2026-09-05 00:35:00,308590884.0,40370276.0425734
2026-09-05 00:40:00,308554404.9,40334231.808528
2026-09-05 00:45:00,308487164.4,40562977.246956
2026-09-05 00:50:00,308582324.7,40473657.707652
2026-09-05 00:55:00,308568929.3,40505053.412752
2026-09-05 01:00:00,308553417.9,40463744.59195286
2026-09-05 01:05:00,308361748.3,40700667.158117
2026-09-05 01:10:00,308413426.4,40816425.94100901
2026-09-05 01:15:00,308582748.7,40609097.82882915
2026-09-05 01:20:00,308321449.0,40544270.5435
2026-09-05 01:25:00,308367162.1,40587819.35079243
2026-09-05 01:30:00,308148797.8,40465311.26617363
2026-09-05 01:35:00,307860954.0,40549640.79568956
2026-09-05 01:40:00,307568893.3,40603981.18531454
2026-09-05 01:45:00,307753695.3,40540394.281869
2026-09-05 01:50:00,307728318.0,40558592.3124
2026-09-05 01:55:00,308243577.3,40611923.56693371
2026-09-05 02:00:00,308090393.1,40633912.5479939
2026-09-05 02:05:00,308121925.9,40521114.475109
2026-09-05 02:10:00,308383681.0,40710997.18573891
2026-09-05 02:15:00,308391675.9,40198854.953565
2026-09-05 02:20:00,308249865.5,40220442.45044
2026-09-05 02:25:00,308431635.3,40471924.19934764
2026-09-05 02:30:00,308396818.3,40490497.66347105
2026-09-05 02:35:00,308390897.8,40525647.879898
2026-09-05 02:40:00,308157333.2,40621515.37255724
2026-09-05 02:45:00,308562798.3,40519189.22277104
2026-09-05 02:50:00,308633395.6,40656159.92169767
2026-09-05 02:55:00,308211518.2,40471254.454842
2026-09-05 03:00:00,308385114.6,40753771.34164212
2026-09-05 03:05:00,308336040.0,40595523.0264
2026-09-05 03:10:00,308398923.4,40507381.33144299
2026-09-05 03:15:00,308197336.1,40577261.270926
2026-09-05 03:20:00,308160948.5,40412226.78629
2026-09-05 03:25:00,308041500.4,40602950.167724
2026-09-05 03:30:00,308003619.0,40620897.12993312
2026-09-05 03:35:00,307901470.1,40538141.28657214
2026-09-05 03:40:00,307664196.8,40743969.582224
2026-09-05 03:45:00,307463199.4,40665082.752644
2026-09-05 03:50:00,307430819.1,40471687.14010482
2026-09-05 03:55:00,307424866.9,40467672.52821802
2026-09-05 04:00:00,307123287.9,40380569.893092
2026-09-05 04:05:00,307024581.6,40364521.742952
2026-09-05 04:10:00,307163837.3,40259964.154911
2026-09-05 04:15:00,307215871.0,40310829.75139527
2026-09-05 04:20:00,307330261.1,40128450.25511421
2026-09-05 04:25:00,307231035.8,40161240.999776
2026-09-05 04:30:00,307304474.2,40423365.24605311
2026-09-05 04:35:00,307098513.7,40296828.2028055
2026-09-05 04:40:00,306980287.1,40272743.864649
2026-09-05 04:45:00,306989884.6,40192223.9253154
2026-09-05 04:50:00,306765325.6,40078889.78964
2026-09-05 04:55:00,306815100.6,40095002.34234079
2026-09-05 05:00:00,306833729.6,39993371.07691994
2026-09-05 05:05:00,306997960.6,39928078.00614585
2026-09-05 05:10:00,306782632.0,39987563.76108208
2026-09-05 05:15:00,306756901.0,40142343.03789644
2026-09-05 05:20:00,306894554.3,40048477.99953183
2026-09-05 05:25:00,306836863.5,40030145.86127718
2026-09-05 05:30:00,306790540.2,40033097.590698
2026-09-05 05:35:00,306751702.8,40019658.44440259
2026-09-05 05:40:00,306755704.6,39994808.765748
2026-09-05 05:45:00,306863195.6,40014126.03834797
2026-09-05 05:50:00,307084384.6,39932347.47444943
2026-09-05 05:55:00,306992482.5,40059449.041425
2026-09-05 06:00:00,306875966.9,40090276.315816
2026-09-05 06:05:00,306676704.3,39932373.666903
2026-09-05 06:10:00,305928325.9,39732695.246773
2026-09-05 06:15:00,305843475.9,39743304.53321315
2026-09-05 06:20:00,305598825.4,39698078.92041779
2026-09-05 06:25:00,305365028.7,39831814.343628
2026-09-05 06:30:00,305688239.4,40155207.127584
2026-09-05 06:35:00,305277006.8,39963922.85991045
2026-09-05 06:40:00,305328897.6,40006796.61904853
2026-09-05 06:45:00,305252010.1,39932286.51613615
2026-09-05 06:50:00,305599763.4,40012320.6538508
2026-09-05 06:55:00,305141444.4,40419035.725224
2026-09-05 07:00:00,305606987.9,40838692.69892994
2026-09-05 07:05:00,305452375.1,40774825.33400399
2026-09-05 07:10:00,304901080.0,40518703.9416148
2026-09-05 07:15:00,305089960.6,40549506.663346
2026-09-05 07:20:00,305007424.5,40553787.16152
2026-09-05 07:25:00,305258968.8,40687967.951352
2026-09-05 07:30:00,305648958.8,40758389.5201364
2026-09-05 07:35:00,305682062.1,40795796.12107795
2026-09-05 07:40:00,311676440.1,42055013.21205477
2026-09-05 07:45:00,311565690.0,41652123.5005281
2026-09-05 07:50:00,312598061.5,41631809.83057
2026-09-05 07:55:00,312969395.3,41712561.005584
2026-09-05 08:00:00,312166439.5,41624273.04293
2026-09-05 08:05:00,311640955.5,41494993.224825
2026-09-05 08:10:00,310787155.9,41356825.9959432
2026-09-05 08:15:00,310265712.2,41277750.351088
2026-09-05 08:20:00,310125536.6,41197076.281944
2026-09-05 08:25:00,310237193.2,41252946.9206045
2026-09-05 08:30:00,308592940.7,40842275.701645
2026-09-05 08:35:00,308359768.5,40841819.6341491
2026-09-05 08:40:00,308441317.7,40856136.942542
2026-09-05 08:45:00,308415729.2,40786632.4099634
2026-09-05 08:50:00,308354667.7,40702816.1364
2026-09-05 08:55:00,308101517.0,40675990.53544863
2026-09-05 09:00:00,308082202.1,40648365.745074
2026-09-05 09:05:00,308021955.8,40631176.189578
2026-09-05 09:10:00,307926718.0,40666840.85395316
2026-09-05 09:15:00,307687897.9,40588209.05778451
2026-09-05 09:20:00,307726480.0,40564504.5936
2026-09-05 09:25:00,307414344.3,40445979.60102224
2026-09-05 09:30:00,307096603.7,40430993.7600178
2026-09-05 09:35:00,306552523.2,41078338.53027274
2026-09-05 09:40:00,305721487.9,41727320.55492496
2026-09-05 09:45:00,306725426.6,41692935.72288819
2026-09-05 09:50:00,306874392.5,41754925.590391
2026-09-05 09:55:00,306742755.2,41809700.09811124
2026-09-05 10:00:00,305841050.1,41526357.64723676
2026-09-05 10:05:00,305796001.8,41478169.684152
2026-09-05 10:10:00,307333759.9,41652883.01249502
2026-09-05 10:15:00,307823071.8,41671308.242929
2026-09-05 10:20:00,309335902.6,41958105.29353218
2026-09-05 10:25:00,309267233.5,41971902.605236
2026-09-05 10:30:00,309364046.7,41578527.87648
2026-09-05 10:35:00,309536423.8,41725509.92824
2026-09-05 10:40:00,310365121.8,41424432.806646
2026-09-05 10:45:00,310523240.7,41603903.788986
2026-09-05 10:50:00,310790951.9,41604270.08512646
2026-09-05 10:55:00,310425961.2,41450355.97023882
2026-09-05 11:00:00,310981056.3,41579174.80593241
2026-09-05 11:05:00,311442277.2,41639832.46164
2026-09-05 11:10:00,312208485.5,41800264.11544677
2026-09-05 11:15:00,312135713.9,41685724.591345
2026-09-05 11:20:00,311878303.6,41751148.502932
2026-09-05 11:25:00,311769194.2,41711600.492018
2026-09-05 11:30:00,311706516.0,41784258.4698
2026-09-05 11:35:00,311628758.8,41660124.89934147
2026-09-05 11:40:00,311819735.5,41674707.649575
2026-09-05 11:45:00,310218032.1,41364472.400214
2026-09-05 11:50:00,310088070.2,41273196.57836741
2026-09-05 11:55:00,309016762.9,40892188.234557
2026-09-05 12:00:00,309726432.0,40890083.55264
2026-09-05 12:05:00,309554213.2,40972595.659152
2026-09-05 12:10:00,309296634.9,41055401.25852446
2026-09-05 12:15:00,309222745.6,41036393.96763392
2026-09-05 12:20:00,309286364.8,41033022.018016
2026-09-05 12:25:00,309370005.7,41056493.456447
2026-09-05 12:30:00,309238119.2,40980235.556384
2026-09-05 12:35:00,309363388.5,41241558.15249293
2026-09-05 12:40:00,309580414.7,41408525.85839887
2026-09-05 12:45:00,309571803.9,41316477.63116491
2026-09-05 12:50:00,309737252.3,41380896.90728
2026-09-05 12:55:00,309944776.6,41424119.39259
2026-09-05 13:00:00,309830946.4,41678660.29984316
2026-09-05 13:05:00,315249029.5,42456207.18277663
2026-09-05 13:10:00,315368439.6,42428064.63842644
2026-09-05 13:15:00,311902930.0,41754445.2391
2026-09-05 13:20:00,312051204.4,41780535.757116
2026-09-05 13:25:00,311334868.2,41678208.8916644
2026-09-05 13:30:00,311414554.1,41627499.70002143
2026-09-05 13:35:00,311317874.5,41479993.59838
2026-09-05 13:40:00,311325812.4,41415672.823572
2026-09-05 13:45:00,311018682.4,41371705.132848
2026-09-05 13:50:00,311268897.1,41451679.026807
2026-09-05 13:55:00,311367828.7,41408807.538813
2026-09-05 14:00:00,311285516.3,41455937.35151309
2026-09-05 14:05:00,311193113.4,41525609.052096
2026-09-05 14:10:00,310911181.0,41612352.46504
2026-09-05 14:15:00,311015651.6,41608777.97661118
2026-09-05 14:20:00,310895250.8,41576021.889484
2026-09-05 14:25:00,310655771.7,41715071.37635847
2026-09-05 14:30:00,310754021.8,41787093.311446
2026-09-05 14:35:00,310701410.9,41963904.24675006
2026-09-05 14:40:00,311004913.1,42174026.50416815
2026-09-05 14:45:00,310787718.4,41919153.12561625
2026-09-05 14:50:00,310589856.9,41864406.811551
2026-09-05 14:55:00,310598860.6,41777674.35289511
2026-09-05 15:00:00,310659774.0,41752981.17877626
2026-09-05 15:05:00,310373070.5,41456531.026685
2026-09-05 15:10:00,310225316.1,41433693.218316
2026-09-05 15:15:00,310567619.1,41383200.46427501
2026-09-05 15:20:00,310833114.0,41393645.79138
2026-09-05 15:25:00,311482812.3,41318195.051595
2026-09-05 15:30:00,311467773.6,41316200.16804
2026-09-05 15:35:00,311530909.8,41207355.44953956
2026-09-05 15:40:00,311658330.0,41348100.2140125
2026-09-05 15:45:00,311934537.1,41378066.43678907
2026-09-05 15:50:00,311994048.7,41308012.04788
2026-09-05 15:55:00,312061524.2,41348151.9565
2026-09-05 16:00:00,312211667.4,41381555.3293484
2026-09-05 16:05:00,312225028.0,41532173.22456
2026-09-05 16:10:00,312383340.5,41722328.17935605
2026-09-05 16:15:00,312478706.7,41852369.92045296
2026-09-05 16:20:00,312209054.3,41628597.19097579
2026-09-05 16:25:00,312251467.8,41679325.921944
2026-09-05 16:30:00,312433519.9,41772361.61063
2026-09-05 16:35:00,314766585.9,42844497.90710053
2026-09-05 16:40:00,314802606.1,42756442.74011108
2026-09-05 16:45:00,315404143.5,42838190.77017
2026-09-05 16:50:00,315362883.2,42775821.477248
2026-09-05 16:55:00,314845266.2,42800065.487228
2026-09-05 17:00:00,314789218.9,42660234.945328
2026-09-05 17:05:00,324693275.8,43869308.493338
2026-09-05 17:10:00,323434258.8,43511610.836364
2026-09-05 17:15:00,322543413.1,43375047.93924203
2026-09-05 17:20:00,320937087.0,43313935.63930221
2026-09-05 17:25:00,319931176.8,43004000.23253129
2026-09-05 17:30:00,318635409.3,43368971.67493858
2026-09-05 17:35:00,318953086.3,43391688.75743669
2026-09-05 17:40:00,317582203.3,43027840.76999874
2026-09-05 17:45:00,316035347.9,42928332.80523469
2026-09-05 17:50:00,316291874.6,43446750.16397987
2026-09-05 17:55:00,317122060.3,44099082.49949488
2026-09-05 18:00:00,319317796.5,44433071.382975
2026-09-05 18:05:00,319942960.7,44940688.79240768
2026-09-05 18:10:00,320306635.9,45208078.590926
2026-09-05 18:15:00,319803258.0,45069873.14994
2026-09-05 18:20:00,319985017.6,45713059.614336
2026-09-05 18:25:00,318460975.1,45476227.24428
2026-09-05 18:30:00,317980615.0,45393179.60304825
2026-09-05 18:35:00,318754895.5,45464077.68369305
2026-09-05 18:40:00,318730139.0,45404615.89410747
2026-09-05 18:45:00,318773209.1,45255811.71529099
2026-09-05 18:50:00,318726792.0,45393069.71664
2026-09-05 18:55:00,317043190.7,44960497.25522933
2026-09-05 19:00:00,318182938.5,45582887.76951
2026-09-05 19:05:00,319488121.0,45747171.77834416
2026-09-05 19:10:00,320292226.5,46133937.83422503
2026-09-05 19:15:00,320866147.7,45846853.62828576
2026-09-05 19:20:00,321180753.5,46144038.855345
2026-09-05 19:25:00,322073019.9,46114414.989282
2026-09-05 19:30:00,324511738.8,47075551.75329565
2026-09-05 19:35:00,326718259.5,47619186.322125
2026-09-05 19:40:00,324074550.8,48257941.359628
2026-09-05 19:45:00,323695930.0,48347224.1048
2026-09-05 19:50:00,324599390.8,48423737.119544
2026-09-05 19:55:00,324635039.9,48169087.51233008
2026-09-05 20:00:00,325576196.5,48650912.90247233
2026-09-05 20:05:00,324350779.1,49714612.6729448
2026-09-05 20:10:00,317325289.4,50791206.40497397
2026-09-05 20:15:00,317412565.5,50978324.40518514
2026-09-05 20:20:00,319759236.6,51868145.768886
2026-09-05 20:25:00,319553755.9,52439138.83000928
2026-09-05 20:30:00,322295912.6,52996618.80777071
2026-09-05 20:35:00,324429195.7,53905231.2923815
2026-09-05 20:40:00,320051968.1,51817264.97362515
2026-09-05 20:45:00,321504730.0,52344185.0913
2026-09-05 20:50:00,321551994.8,51720403.60391997
2026-09-05 20:55:00,321605100.0,51669075.366
2026-09-05 21:00:00,323160748.7,52308165.754549
2026-09-05 21:05:00,323948112.5,52824997.42099088
2026-09-05 21:10:00,326091352.5,53569142.80805273
2026-09-05 21:15:00,327286681.1,54114470.07284659
2026-09-05 21:20:00,327581562.6,54578288.80102661
2026-09-05 21:25:00,328049936.1,55720770.9932949
2026-09-05 21:30:00,326611676.0,55803022.33927384
2026-09-05 21:35:00,326682905.5,56037218.97837889
2026-09-05 21:40:00,326650468.0,55151665.01712
2026-09-05 21:45:00,325151376.0,55067637.03936
2026-09-05 21:50:00,325580111.8,55833313.37423778
2026-09-05 21:55:00,324878795.9,56110196.9480802
2026-09-05 22:00:00,325707332.3,56090131.35099611
2026-09-05 22:05:00,326260936.3,56323489.04412134
2026-09-05 22:10:00,325746426.9,55634232.250251
2026-09-05 22:15:00,326558277.8,56295381.509942
2026-09-05 22:20:00,323758413.0,58040164.22334174
2026-09-05 22:25:00,325210116.3,58364214.01761557
2026-09-05 22:30:00,319886612.1,56276452.09195762
2026-09-05 22:35:00,321575542.4,57803142.64704695
2026-09-05 22:40:00,322291447.6,58199389.607608
2026-09-05 22:45:00,321518186.8,58316968.721784
2026-09-05 22:50:00,320571331.7,57935430.23571494
2026-09-05 22:55:00,321486803.3,58175933.65323273
2026-09-05 23:00:00,320608625.9,57382531.863582
2026-09-05 23:05:00,320822191.6,56837218.78471059
2026-09-05 23:10:00,320719790.2,56706825.31142703
2026-09-05 23:15:00,321636154.8,56797728.576132
2026-09-05 23:20:00,321182052.2,57514246.73758271
2026-09-05 23:25:00,321916616.0,57179756.45377408
2026-09-05 23:30:00,322439902.4,58077875.220288
2026-09-05 23:35:00,322939558.3,57444488.630404
2026-09-05 23:40:00,324326837.6,57833257.89159441
2026-09-05 23:45:00,324139645.5,57116646.933555
2026-09-05 23:50:00,324755329.3,57346906.83422733
2026-09-05 23:55:00,323976455.0,57446147.53925355
2026-09-06 00:00:00,323708288.2,57319026.591574
2026-09-06 00:05:00,325723598.8,59163942.64339782
2026-09-06 00:10:00,327020315.0,58732040.83382195
2026-09-06 00:15:00,327853265.6,59054192.43494456
2026-09-06 00:20:00,334842593.1,62430095.59738191
2026-09-06 00:25:00,340681121.8,63676708.475638
2026-09-06 00:30:00,339142855.0,63646939.59785
2026-09-06 00:35:00,338646770.9,63453898.059775
2026-09-06 00:40:00,343596773.1,64250985.10083416
2026-09-06 00:45:00,344099908.6,64577229.846962
2026-09-06 00:50:00,345028714.5,66367732.70553733
2026-09-06 00:55:00,344380551.4,66269149.505902
2026-09-06 01:00:00,346174911.1,66871071.45156787
2026-09-06 01:05:00,346979449.8,67341112.35622938
2026-09-06 01:10:00,344791880.3,65855290.51232564
2026-09-06 01:15:00,345795007.0,66660193.31476611
2026-09-06 01:20:00,347724033.3,67264244.67864062
2026-09-06 01:25:00,347826723.9,66914647.75210632
2026-09-06 01:30:00,344826965.4,65337282.37046529
2026-09-06 01:35:00,343888530.4,65638003.797448
2026-09-06 01:40:00,343761346.0,66345939.778
2026-09-06 01:45:00,344519072.3,67399599.4028588
2026-09-06 01:50:00,344235827.2,67514972.788736
2026-09-06 01:55:00,349897532.6,67355275.0255
2026-09-06 02:00:00,348803829.9,67338640.7928297
2026-09-06 02:05:00,348885037.3,67414068.41282344
2026-09-06 02:10:00,355131174.9,69566645.851161
2026-09-06 02:15:00,360289147.4,70005698.15713055
2026-09-06 02:20:00,360115144.5,70009985.242245
2026-09-06 02:25:00,353489610.6,67749818.767596
2026-09-06 02:30:00,353314275.5,68431537.65765005
2026-09-06 02:35:00,352880878.8,67549495.28967968
2026-09-06 02:40:00,352860062.2,67484412.79513694
2026-09-06 02:45:00,352689838.1,67190941.056431
2026-09-06 02:50:00,353190308.5,66594032.667675
2026-09-06 02:55:00,351971185.8,66286613.75151083
2026-09-06 03:00:00,351793834.6,66446583.77737882
2026-09-06 03:05:00,353311319.4,67005491.72421
2026-09-06 03:10:00,348939351.0,65317957.11369
2026-09-06 03:15:00,351252625.5,66636135.583605
2026-09-06 03:20:00,351468073.5,67207725.01467
2026-09-06 03:25:00,350580760.1,66676954.763419
2026-09-06 03:30:00,350672629.3,67018480.43657684
2026-09-06 03:35:00,351563955.5,67194228.97017904
2026-09-06 03:40:00,352602367.2,67953528.206784
2026-09-06 03:45:00,353773944.9,68906886.15620933
2026-09-06 03:50:00,356620377.1,69530274.923187
2026-09-06 03:55:00,357844470.4,69826191.509152
2026-09-06 04:00:00,358378159.4,70923571.7287175
2026-09-06 04:05:00,380065812.7,75985459.5429123
2026-09-06 04:10:00,385675177.9,76895916.969702
2026-09-06 04:15:00,375392684.9,72044988.6933231
2026-09-06 04:20:00,371829899.2,71897371.39281927
2026-09-06 04:25:00,371974308.1,71908935.00050922
2026-09-06 04:30:00,371462503.0,71757168.7221492
2026-09-06 04:35:00,363174194.2,68941357.284986
2026-09-06 04:40:00,364088576.2,69753039.69957988
2026-09-06 04:45:00,363610596.4,70830638.77416298
2026-09-06 04:50:00,363526205.6,70701415.60475373
2026-09-06 04:55:00,361057152.1,69442122.063393
2026-09-06 05:00:00,361029415.0,69981201.69329925
2026-09-06 05:05:00,361260920.2,69787300.7814754
2026-09-06 05:10:00,360226393.9,69232195.22249219
2026-09-06 05:15:00,360021108.8,68512146.61223917
2026-09-06 05:20:00,360893139.1,69013028.38786462
2026-09-06 05:25:00,360709372.8,69223735.734048
2026-09-06 05:30:00,360692063.0,69137454.63584
2026-09-06 05:35:00,358853712.0,69377188.14096
2026-09-06 05:40:00,357540150.8,69864410.93596938
2026-09-06 05:45:00,358123052.7,69776695.588068
2026-09-06 05:50:00,358522300.0,69051420.076561
2026-09-06 05:55:00,358873852.2,69416969.231046
2026-09-06 06:00:00,359184295.8,69619046.99083924
2026-09-06 06:05:00,359536415.5,69434470.73220241
2026-09-06 06:10:00,359792604.5,68306625.964325
2026-09-06 06:15:00,358861601.7,68180115.706983
2026-09-06 06:20:00,359212563.4,69128209.15568312
2026-09-06 06:25:00,359629273.4,69240481.3177658
2026-09-06 06:30:00,360352528.6,69341981.23689595
2026-09-06 06:35:00,360649875.3,69234457.86466767
2026-09-06 06:40:00,360902360.9,69087538.947087
2026-09-06 06:45:00,362443037.3,69697096.557728
2026-09-06 06:50:00,361955075.6,69285835.1023844
2026-09-06 06:55:00,362472370.9,69461106.0205048
2026-09-06 07:00:00,362771445.7,70503092.32086523
2026-09-06 07:05:00,364670244.1,70979416.311624
2026-09-06 07:10:00,364868978.0,70525524.75762
2026-09-06 07:15:00,364319112.3,70291729.527162
2026-09-06 07:20:00,365450586.2,71096946.08835934
2026-09-06 07:25:00,365158686.8,70821738.5620965
2026-09-06 07:30:00,363936435.9,70265207.679213
2026-09-06 07:35:00,365267857.5,70396711.72686653
2026-09-06 07:40:00,365526884.8,70828144.467696
2026-09-06 07:45:00,365711259.1,71071400.84400848
2026-09-06 07:50:00,366388697.3,71518839.22419372
2026-09-06 07:55:00,371130247.3,74276226.26943496
2026-09-06 08:00:00,373771964.9,75374293.78378665
2026-09-06 08:05:00,374341075.7,75104813.67348543
2026-09-06 08:10:00,373611734.8,75190908.38108207
2026-09-06 08:15:00,370596784.0,74111870.7449632
2026-09-06 08:20:00,373738673.7,74198338.889661
2026-09-06 08:25:00,374148585.6,73585897.56203136
2026-09-06 08:30:00,373884472.0,73804794.7728
2026-09-06 08:35:00,368946021.6,72013238.37150581
2026-09-06 08:40:00,367937141.9,71006809.25099887
2026-09-06 08:45:00,369023326.2,72098463.74991472
2026-09-06 08:50:00,369466179.2,71733488.03753027
2026-09-06 08:55:00,367605021.6,72689614.09894858
2026-09-06 09:00:00,367871023.2,71985001.819776
2026-09-06 09:05:00,368180455.0,71824643.1614
2026-09-06 09:10:00,368465461.7,72591922.2537457
2026-09-06 09:15:00,367784926.5,72437764.27877079
2026-09-06 09:20:00,368101464.1,72512307.413059
2026-09-06 09:25:00,367486334.8,72027332.64539005
2026-09-06 09:30:00,368024451.2,72171626.37529062
2026-09-06 09:35:00,366809208.9,70844012.01682116
2026-09-06 09:40:00,366706334.0,70859493.67513484
2026-09-06 09:45:00,367027397.4,71400317.05115445
2026-09-06 09:50:00,367956929.1,71409603.606748
2026-09-06 09:55:00,368060382.3,71588465.7556993
2026-09-06 10:00:00,368349725.3,71400910.752152
2026-09-06 10:05:00,368811127.6,71353944.17844114
2026-09-06 10:10:00,370254746.7,71499072.16969933
2026-09-06 10:15:00,370626403.9,72331474.92897227
2026-09-06 10:20:00,371069428.9,72268572.8524632
2026-09-06 10:25:00,371104509.8,72016541.171788
2026-09-06 10:30:00,372128964.6,72279308.39671145
2026-09-06 10:35:00,372386041.0,72222440.51262829
2026-09-06 10:40:00,371609090.1,71612787.753171
2026-09-06 10:45:00,371636186.4,72071405.628552
2026-09-06 10:50:00,373384348.0,72780077.11216
2026-09-06 10:55:00,372203319.6,73466916.76136206
2026-09-06 11:00:00,372805243.2,72820048.154256
2026-09-06 11:05:00,373462457.9,72992038.58206514
2026-09-06 11:10:00,374704183.1,73040771.6601692
2026-09-06 11:15:00,374034632.1,72962935.683747
2026-09-06 11:20:00,373410665.5,72445403.213655
2026-09-06 11:25:00,373358601.5,72760124.26032
2026-09-06 11:30:00,373458745.6,72525688.39552
2026-09-06 11:35:00,373576711.3,72115696.64140555
2026-09-06 11:40:00,375893452.3,72994749.502137
2026-09-06 11:45:00,374986820.6,72038718.105466
2026-09-06 11:50:00,376197314.1,72689183.60798469
2026-09-06 11:55:00,376863770.2,72652163.1770131
2026-09-06 12:00:00,374098869.1,72459209.955979
2026-09-06 12:05:00,375031398.0,72819876.55217184
2026-09-06 12:10:00,375296632.6,73017142.38777445
2026-09-06 12:15:00,375671527.1,73161515.23273288
2026-09-06 12:20:00,377290393.6,73662176.446464
2026-09-06 12:25:00,376327336.7,73357013.57048675
2026-09-06 12:30:00,375272171.3,72209871.201546
2026-09-06 12:35:00,373478225.9,71226032.461389
2026-09-06 12:40:00,372350332.9,70508259.037944
2026-09-06 12:45:00,373495106.7,71188693.96512045
2026-09-06 12:50:00,372322986.2,71311021.546886
2026-09-06 12:55:00,373096361.4,70567445.795196
2026-09-06 13:00:00,373917229.1,70902745.85778566
2026-09-06 13:05:00,373413026.3,71688609.4881687
2026-09-06 13:10:00,373674149.0,71096345.92747955
2026-09-06 13:15:00,373138573.9,70510492.56143019
2026-09-06 13:20:00,373391930.2,71019145.12404
2026-09-06 13:25:00,373831767.8,70965957.37863913
2026-09-06 13:30:00,374008348.4,70949383.69148
2026-09-06 13:35:00,373921955.9,71434708.55777839
2026-09-06 13:40:00,373726433.2,71615409.9817653
2026-09-06 13:45:00,373084993.1,71720407.77292085
2026-09-06 13:50:00,372400102.0,70931069.77194612
2026-09-06 13:55:00,373002911.3,71121576.64624667
2026-09-06 14:00:00,375865175.9,72640564.62568681
2026-09-06 14:05:00,374519583.1,71935380.77445363
2026-09-06 14:10:00,374398031.7,71825184.82982443
2026-09-06 14:15:00,374164793.3,71510375.295496
2026-09-06 14:20:00,374705520.2,71298966.383656
2026-09-06 14:25:00,373741286.8,70181138.835304
2026-09-06 14:30:00,375622115.7,71288532.53226003
2026-09-06 14:35:00,374509550.9,69714952.900035
2026-09-06 14:40:00,376220276.6,69718782.75837772
2026-09-06 14:45:00,376131655.7,70027112.16037413
2026-09-06 14:50:00,373103160.5,69019476.86846782
2026-09-06 14:55:00,370912464.5,69208564.1693043
2026-09-06 15:00:00,371373511.3,69171317.1775963
2026-09-06 15:05:00,372773721.2,68661191.707828
2026-09-06 15:10:00,371411901.5,67485542.50255
2026-09-06 15:15:00,371295573.4,68768444.00898534
2026-09-06 15:20:00,371792529.5,68569696.215685
2026-09-06 15:25:00,370019571.6,69511876.720776
2026-09-06 15:30:00,369956661.3,68541870.639051
2026-09-06 15:35:00,370008840.4,68842083.6027437
2026-09-06 15:40:00,370463218.8,69335103.23931977
2026-09-06 15:45:00,371014746.5,69417805.15775357
2026-09-06 15:50:00,371597686.1,69652474.66131136
2026-09-06 15:55:00,369928683.9,69256598.07931711
2026-09-06 16:00:00,371514692.8,69575781.89366587
2026-09-06 16:05:00,371048831.6,68989109.259388
2026-09-06 16:10:00,371262467.3,69420816.88331369
2026-09-06 16:15:00,371473587.4,69364051.97130707
2026-09-06 16:20:00,371227711.4,68981533.332348
2026-09-06 16:25:00,372066631.0,69337987.61052686
2026-09-06 16:30:00,369924701.5,70407768.436495
2026-09-06 16:35:00,371028237.8,70395187.557794
2026-09-06 16:40:00,370367404.1,70031842.8190847
2026-09-06 16:45:00,369829303.3,69882945.151568
2026-09-06 16:50:00,369014823.1,69461516.2966732
2026-09-06 16:55:00,369081301.0,69379902.96198
2026-09-06 17:00:00,369845119.9,69683791.30757146
2026-09-06 17:05:00,369710570.4,69457524.861048
2026-09-06 17:10:00,368506373.5,68260097.52714948
2026-09-06 17:15:00,368945695.5,68267892.59304118
2026-09-06 17:20:00,368844989.2,68601479.541308
2026-09-06 17:25:00,368876998.1,68487403.99020724
2026-09-06 17:30:00,368136408.9,68028799.4839201
2026-09-06 17:35:00,367332873.3,68000661.505296
2026-09-06 17:40:00,366542655.2,67656443.296816
2026-09-06 17:45:00,365445207.3,67318661.636733
2026-09-06 17:50:00,364339120.1,66892662.45036
2026-09-06 17:55:00,363904891.9,66540424.33549177
2026-09-06 18:00:00,364474328.7,66604038.826638
2026-09-06 18:05:00,365446584.1,66807290.039321
2026-09-06 18:10:00,365228221.3,67107033.381662
2026-09-06 18:15:00,365405340.1,67161574.59144802
2026-09-06 18:20:00,366095424.7,67625146.850584
2026-09-06 18:25:00,364915256.4,67315917.348108
2026-09-06 18:30:00,365196971.3,67627175.145334
2026-09-06 18:35:00,366020389.1,67322130.167163
2026-09-06 18:40:00,366406952.6,67688796.62410231
2026-09-06 18:45:00,366648476.6,67954628.653044
2026-09-06 18:50:00,366787976.7,68211978.16519244
2026-09-06 18:55:00,367024350.0,68052623.6385765
2026-09-06 19:00:00,366827658.6,67932814.096134
2026-09-06 19:05:00,366608692.0,67733247.151325
2026-09-06 19:10:00,365386283.0,66580626.37259189
2026-09-06 19:15:00,364847685.2,66726993.146228
2026-09-06 19:20:00,365141644.4,66843815.30630388
2026-09-06 19:25:00,364837706.0,66955015.80512
2026-09-06 19:30:00,364594870.5,66634120.53585935
2026-09-06 19:35:00,364593758.3,66261947.77783244
2026-09-06 19:40:00,364576231.8,66126836.923884
2026-09-06 19:45:00,364393768.3,66568113.14576463
2026-09-06 19:50:00,364134229.5,66596509.233255
2026-09-06 19:55:00,363588384.1,66585158.80131973
2026-09-06 20:00:00,363295715.8,66650232.020668
2026-09-06 20:05:00,363183409.6,66647787.495696
2026-09-06 20:10:00,362731615.1,66423413.357112
2026-09-06 20:15:00,362888320.6,66612861.53653139
2026-09-06 20:20:00,362814610.3,66502709.8953377
2026-09-06 20:25:00,363467254.2,66976110.931434
2026-09-06 20:30:00,362215300.3,66270911.342888
2026-09-06 20:35:00,362504505.4,66979957.462758
2026-09-06 20:40:00,361125367.5,66723714.93028072
2026-09-06 20:45:00,361779478.0,67410370.13574
2026-09-06 20:50:00,360136554.1,66562062.14462099
2026-09-06 20:55:00,360070333.2,66351910.24058335
2026-09-06 21:00:00,360232472.7,66543464.41031881
2026-09-06 21:05:00,359979111.1,66498941.193503
2026-09-06 21:10:00,360268145.7,66859682.91293912
2026-09-06 21:15:00,360200733.3,66795623.983152
2026-09-06 21:20:00,358750620.5,67138664.69895649
2026-09-06 21:25:00,358559054.6,67171374.02600965
2026-09-06 21:30:00,358171345.6,66881679.20837978
2026-09-06 21:35:00,358318833.3,67036397.83169214
2026-09-06 21:40:00,358635811.2,67423539.67831622
2026-09-06 21:45:00,358145430.8,68242502.3623526
2026-09-06 21:50:00,358567056.5,68424648.60046425
2026-09-06 21:55:00,358360585.3,68031173.513352
2026-09-06 22:00:00,357877647.5,67925177.4955
2026-09-06 22:05:00,357238714.2,67557413.242362
2026-09-06 22:10:00,356010978.6,66861870.07384917
2026-09-06 22:15:00,355793380.4,66901505.10343368
2026-09-06 22:20:00,356133212.2,67216582.470628
2026-09-06 22:25:00,356211099.4,67206348.123798
2026-09-06 22:30:00,357069809.4,67605940.90788038
2026-09-06 22:35:00,357558130.4,68155492.5029517
2026-09-06 22:40:00,357953122.5,68134318.63742062
2026-09-06 22:45:00,358078969.3,68019302.40419619
2026-09-06 22:50:00,358397852.2,68235367.080358
2026-09-06 22:55:00,358427217.8,67934205.23113222
2026-09-06 23:00:00,358225319.4,67836423.03089878
2026-09-06 23:05:00,358656150.7,67822882.33459195
2026-09-06 23:10:00,358789604.8,67952271.91295083
2026-09-06 23:15:00,358925389.0,67862023.29823
2026-09-06 23:20:00,358894550.7,68247387.761112
2026-09-06 23:25:00,358994136.1,68334533.806635
2026-09-06 23:30:00,358692077.4,68065408.607424
2026-09-06 23:35:00,358315712.8,68076402.274872
2026-09-06 23:40:00,358508269.2,68123741.313384
2026-09-06 23:45:00,358420251.5,67664177.2166942
2026-09-06 23:50:00,358421793.3,67939549.84251194
2026-09-06 23:55:00,358266543.6,67996249.23622146
2026-09-07 00:00:00,358463771.6,67810247.54835126
2026-09-07 00:05:00,358348470.9,67684859.183592
2026-09-07 00:10:00,358484683.4,67725062.6121077
2026-09-07 00:15:00,358250250.4,67987055.90974014
2026-09-07 00:20:00,358251651.9,67960191.48225272
2026-09-07 00:25:00,358083891.7,67775401.16423799
2026-09-07 00:30:00,357838602.8,67621157.9719651
2026-09-07 00:35:00,357844448.7,67934793.28433818
2026-09-07 00:40:00,359003773.4,68451249.474178
2026-09-07 00:45:00,359386739.9,68267962.26157112
2026-09-07 00:50:00,359224919.3,68162849.40769276
2026-09-07 00:55:00,359114547.1,68016068.97857533
2026-09-07 01:00:00,359033743.0,68065616.99794
2026-09-07 01:05:00,359026323.5,68125794.19439995
2026-09-07 01:10:00,358093111.0,67326922.81676944
2026-09-07 01:15:00,357979149.2,67748892.82811801
2026-09-07 01:20:00,358285342.7,68113626.500697
2026-09-07 01:25:00,358481686.6,68233031.40648994
2026-09-07 01:30:00,358262679.8,68212841.640733
2026-09-07 01:35:00,359244343.9,68288757.331951
2026-09-07 01:40:00,359314920.8,68363871.25992256
2026-09-07 01:45:00,358833450.0,67848228.726
2026-09-07 01:50:00,358760637.8,67560027.44533889
2026-09-07 01:55:00,359051594.7,68248527.120576
2026-09-07 02:00:00,358869993.5,68052516.867405
2026-09-07 02:05:00,358955104.3,67828289.3219166
2026-09-07 02:10:00,359225430.9,67009538.28563786
2026-09-07 02:15:00,358439104.7,66949255.975866
2026-09-07 02:20:00,359050337.7,67095736.605999
2026-09-07 02:25:00,358770460.1,66734893.283201
2026-09-07 02:30:00,358635809.7,67008049.05170445
2026-09-07 02:35:00,358970359.1,66732589.75669
2026-09-07 02:40:00,357417191.0,67336698.24670564
2026-09-07 02:45:00,357202046.9,66751025.18809211
2026-09-07 02:50:00,357151231.3,66212381.05910102
2026-09-07 02:55:00,356456821.4,65805493.798654
2026-09-07 03:00:00,356910439.3,66027121.40918777
2026-09-07 03:05:00,357585728.5,66328576.779465
2026-09-07 03:10:00,357638873.4,66427672.67865676
2026-09-07 03:15:00,357537441.4,66345920.45947538
2026-09-07 03:20:00,357646379.1,65946415.842249
2026-09-07 03:25:00,357826437.0,65868690.52296
2026-09-07 03:30:00,357692117.6,65042859.85662516
2026-09-07 03:35:00,356009330.7,63056372.653584
2026-09-07 03:40:00,355452042.7,63106955.660958
2026-09-07 03:45:00,356435055.1,62967816.833966
2026-09-07 03:50:00,357058431.6,62976148.73819116
2026-09-07 03:55:00,357920859.2,63008388.053568
2026-09-07 04:00:00,359293692.2,62948254.87344
2026-09-07 04:05:00,359927655.9,63988158.2217721
2026-09-07 04:10:00,359618267.6,63560824.20771158
2026-09-07 04:15:00,358758732.0,63424536.48256356
2026-09-07 04:20:00,358320010.9,63628041.70914821
2026-09-07 04:25:00,356493079.6,63420118.86084
2026-09-07 04:30:00,356256447.1,62754573.156665
2026-09-07 04:35:00,357008268.7,62624144.91334388
2026-09-07 04:40:00,365297193.9,63583629.570234
2026-09-07 04:45:00,366987852.3,64407102.0543546
2026-09-07 04:50:00,366795022.1,64214456.063776
2026-09-07 04:55:00,367091359.5,64246332.76269432
2026-09-07 05:00:00,367420343.9,64305853.47632641
2026-09-07 05:05:00,367313975.2,63971063.99197482
2026-09-07 05:10:00,366176273.5,63716733.1614198
2026-09-07 05:15:00,365796744.3,63409153.69564167
2026-09-07 05:20:00,367542515.6,63590717.50192382
2026-09-07 05:25:00,371947618.7,64179308.68230429
2026-09-07 05:30:00,378996257.5,65088817.26305
2026-09-07 05:35:00,380077735.5,65354366.619225
2026-09-07 05:40:00,380539047.1,65190144.158701
2026-09-07 05:45:00,380714616.2,65159306.56263
2026-09-07 05:50:00,380160847.4,65376146.87912378
2026-09-07 05:55:00,379019233.3,64971162.38632236
2026-09-07 06:00:00,377363649.7,64653883.91674337
2026-09-07 06:05:00,383243175.4,65637897.68862433
2026-09-07 06:10:00,380544959.1,65149296.99792
2026-09-07 06:15:00,371576986.9,64080398.45431636
2026-09-07 06:20:00,369526097.5,63567553.24517167
2026-09-07 06:25:00,369019529.4,63475049.252094
2026-09-07 06:30:00,369513771.5,63561139.12079006
2026-09-07 06:35:00,369620380.0,63559883.582762
2026-09-07 06:40:00,369600415.7,63552791.479615
2026-09-07 06:45:00,369909996.7,63620820.332433
2026-09-07 06:50:00,370115420.2,63563622.265148
2026-09-07 06:55:00,370970469.8,63651562.08255246
2026-09-07 07:00:00,370761867.9,63600490.819566
2026-09-07 07:05:00,369239506.0,63934529.40375152
2026-09-07 07:10:00,367360515.1,63039064.39116
2026-09-07 07:15:00,367901086.8,63027055.62338109
2026-09-07 07:20:00,367079973.5,62781118.89374608
2026-09-07 07:25:00,372639747.6,63361501.37136792
2026-09-07 07:30:00,371745010.2,63200369.184102
2026-09-07 07:35:00,374858414.6,63365680.29981696
2026-09-07 07:40:00,377599877.8,63625828.62521935
2026-09-07 07:45:00,376784562.6,63492659.92732118
2026-09-07 07:50:00,375270296.1,63061163.59183028
2026-09-07 07:55:00,375085128.4,63016060.7204522
2026-09-07 08:00:00,374159274.8,62712836.049228
2026-09-07 08:05:00,378345288.2,63195959.3512665
2026-09-07 08:10:00,378718813.9,63246041.9213
2026-09-07 08:15:00,380125411.2,63154035.816768
2026-09-07 08:20:00,385607131.0,64010783.746
2026-09-07 08:25:00,380666370.2,62831599.57947327
2026-09-07 08:30:00,380395359.4,62400054.755976
2026-09-07 08:35:00,381033961.3,62182662.0387313
2026-09-07 08:40:00,384300019.7,62645829.93735255
2026-09-07 08:45:00,387791513.5,63119990.90064097
2026-09-07 08:50:00,404598951.2,65449427.40822095
2026-09-07 08:55:00,401022297.5,65268227.63091648
2026-09-07 09:00:00,398511114.3,65728398.75618136
2026-09-07 09:05:00,396844296.2,65743337.32014778
2026-09-07 09:10:00,393847894.2,65713521.14727
2026-09-07 09:15:00,393586939.4,65110343.50562654
2026-09-07 09:20:00,393570555.7,64950614.27219866
2026-09-07 09:25:00,392434896.1,64998991.841043
2026-09-07 09:30:00,392879586.0,65322411.16838778
2026-09-07 09:35:00,392407337.8,64782527.397402
2026-09-07 09:40:00,392546269.0,65048119.95085504
2026-09-07 09:45:00,391691635.3,64965974.630858
2026-09-07 09:50:00,391275494.9,64685465.2663656
2026-09-07 09:55:00,390624573.3,64398367.154238
2026-09-07 10:00:00,390515650.1,64427978.78682468
2026-09-07 10:05:00,389962871.4,64331215.58619436
2026-09-07 10:10:00,389568129.0,64386386.75040528
2026-09-07 10:15:00,390042919.5,64403886.86784
2026-09-07 10:20:00,389814624.0,64424662.90848
2026-09-07 10:25:00,389801512.7,64664820.01231408
2026-09-07 10:30:00,390585596.3,64470058.525278
2026-09-07 10:35:00,390435417.2,64457361.74790268
2026-09-07 10:40:00,390426444.2,64450512.02302112
2026-09-07 10:45:00,390720844.0,65008134.02472
2026-09-07 10:50:00,392461090.7,65435037.652411
2026-09-07 10:55:00,392343761.7,65796048.83709
2026-09-07 11:00:00,392510896.6,65250473.71085566
2026-09-07 11:05:00,392808171.6,65312214.691932
2026-09-07 11:10:00,392470749.1,64761598.308991
2026-09-07 11:15:00,392335214.6,64907937.903424
2026-09-07 11:20:00,392730018.1,64875071.689939
2026-09-07 11:25:00,392893957.8,64847147.73489
2026-09-07 11:30:00,393002346.1,64902859.76959366
2026-09-07 11:35:00,393177870.7,65345387.54993472
2026-09-07 11:40:00,392688364.4,65001704.959132
2026-09-07 11:45:00,392835730.2,64809233.45514909
2026-09-07 11:50:00,393213795.1,64889477.39430534
2026-09-07 11:55:00,393390426.3,64909420.3395
2026-09-07 12:00:00,393663994.1,65061737.98553367
2026-09-07 12:05:00,394220973.5,65114830.37093411
2026-09-07 12:10:00,392799630.1,64734133.21576979
2026-09-07 12:15:00,390669442.6,64110961.23895562
2026-09-07 12:20:00,391594431.8,64175909.1392828
2026-09-07 12:25:00,391405161.4,63826439.669498
2026-09-07 12:30:00,391003063.5,63322946.133825
2026-09-07 12:35:00,397348777.4,63935949.39537204
2026-09-07 12:40:00,396732611.5,64465082.042635
2026-09-07 12:45:00,395665686.1,64691339.67735
2026-09-07 12:50:00,395990014.5,64950282.17829
2026-09-07 12:55:00,395752946.5,65184467.818015
2026-09-07 13:00:00,395361176.7,64887387.97012206
2026-09-07 13:05:00,394435735.9,65329002.52332664
2026-09-07 13:10:00,393306369.2,65516974.981336
2026-09-07 13:15:00,392789314.4,65248365.86096119
2026-09-07 13:20:00,391637312.9,65221218.07810015
2026-09-07 13:25:00,391522965.6,65384993.01378221
2026-09-07 13:30:00,391707057.9,65505171.292617
2026-09-07 13:35:00,387394981.0,64644600.47947
2026-09-07 13:40:00,386656148.4,64587043.028736
2026-09-07 13:45:00,385928754.3,64291871.178837
2026-09-07 13:50:00,385873693.6,64437048.094264
2026-09-07 13:55:00,385989690.1,65155059.68888
2026-09-07 14:00:00,384909366.2,64626282.58498
2026-09-07 14:05:00,385882973.3,64986551.533453
2026-09-07 14:10:00,384006366.1,63940362.41039846
2026-09-07 14:15:00,384416510.2,64149132.25561011
2026-09-07 14:20:00,384612737.1,64361645.42252805
2026-09-07 14:25:00,384586449.4,64218522.22305557
2026-09-07 14:30:00,384276904.2,64308739.91787
2026-09-07 14:35:00,384196840.3,64072395.63974731
2026-09-07 14:40:00,380593195.3,62847354.339889
2026-09-07 14:45:00,379523718.0,63338713.29702
2026-09-07 14:50:00,379801854.3,63525190.99393721
2026-09-07 14:55:00,379498244.1,63835426.20493808
2026-09-07 15:00:00,378477236.4,64807531.47118808
2026-09-07 15:05:00,378500607.7,63849267.512913
2026-09-07 15:10:00,379806637.1,63712563.373525
2026-09-07 15:15:00,380350435.3,63059899.94371961
2026-09-07 15:20:00,378195364.9,62448484.71967362
2026-09-07 15:25:00,377823895.7,61931385.46580016
2026-09-07 15:30:00,376232737.1,61792464.741304
2026-09-07 15:35:00,377176297.3,61826738.653416
2026-09-07 15:40:00,375673750.3,61178906.01790535
2026-09-07 15:45:00,378505429.3,61388724.40780208
2026-09-07 15:50:00,378559522.9,61438378.33857916
2026-09-07 15:55:00,376257140.6,60871339.23997954
2026-09-07 16:00:00,377232385.2,61209726.822552
2026-09-07 16:05:00,375828997.4,61139628.28305361
2026-09-07 16:10:00,376024838.9,61029357.78824446
2026-09-07 16:15:00,377551359.2,60948115.915656
2026-09-07 16:20:00,376860345.8,60802648.191372
2026-09-07 16:25:00,377812186.3,61253401.42526372
2026-09-07 16:30:00,378019095.8,61257937.77152563
2026-09-07 16:35:00,379112974.7,61708700.36539687
2026-09-07 16:40:00,378538511.1,62288512.001505
2026-09-07 16:45:00,377623981.8,62122706.00024837
2026-09-07 16:50:00,377813603.0,61970853.56325882
2026-09-07 16:55:00,377401150.4,62128230.26022848
2026-09-07 17:00:00,376728872.5,62211506.62373745
2026-09-07 17:05:00,376336607.3,62332632.267099
2026-09-07 17:10:00,375886418.1,62276861.750808
2026-09-07 17:15:00,375383472.5,62011142.4021817
2026-09-07 17:20:00,375375962.4,62018024.91364742
2026-09-07 17:25:00,375225436.9,61820139.27981096
2026-09-07 17:30:00,374662497.2,61761790.10480488
2026-09-07 17:35:00,374583544.4,61844878.16857953
2026-09-07 17:40:00,374462728.8,61760137.860984
2026-09-07 17:45:00,374104452.7,61880617.521107
2026-09-07 17:50:00,373824802.4,62052655.55834548
2026-09-07 17:55:00,373401664.3,62012905.43962108
2026-09-07 18:00:00,372999840.3,61926780.01602949
2026-09-07 18:05:00,372975692.9,61913965.0214
2026-09-07 18:10:00,372152552.5,61784212.25874677
2026-09-07 18:15:00,371608518.6,61678686.34069818
2026-09-07 18:20:00,371514127.9,62105641.53177382
2026-09-07 18:25:00,371337306.8,61727400.509364
2026-09-07 18:30:00,370715549.3,61649995.84859
2026-09-07 18:35:00,370293465.3,61153965.794295
2026-09-07 18:40:00,370186710.9,61522269.75871669
2026-09-07 18:45:00,370549616.3,61613845.20004963
2026-09-07 18:50:00,370399378.0,61658765.81037814
2026-09-07 18:55:00,370828436.3,61753099.05138899
2026-09-07 19:00:00,370740595.0,61620308.62477055
2026-09-07 19:05:00,370697704.2,61698925.887048
2026-09-07 19:10:00,370732679.3,61937000.04429307
2026-09-07 19:15:00,370014908.6,62273509.11738
2026-09-07 19:20:00,370548758.6,62441171.311686
2026-09-07 19:25:00,369638728.4,62938386.284668
2026-09-07 19:30:00,370200285.5,63115446.674895
2026-09-07 19:35:00,369025392.9,62480438.39344659
2026-09-07 19:40:00,367715958.5,62134447.40305775
2026-09-07 19:45:00,367141057.4,61873239.72301898
2026-09-07 19:50:00,367168128.8,62120933.38070699
2026-09-07 19:55:00,367604832.1,62479550.92256119
2026-09-07 20:00:00,369015028.7,62905991.942489
2026-09-07 20:05:00,368663001.0,62566822.78285278
2026-09-07 20:10:00,367138902.8,61624264.83498
2026-09-07 20:15:00,365396613.3,61046812.184031
2026-09-07 20:20:00,366105387.8,61294451.35847776
2026-09-07 20:25:00,366347230.1,61154343.120593
2026-09-07 20:30:00,366132499.8,61194756.26867235
2026-09-07 20:35:00,366257359.5,61307819.406705
2026-09-07 20:40:00,366259194.9,61229065.92449988
2026-09-07 20:45:00,365702408.0,61105215.35272
2026-09-07 20:50:00,365416330.3,61188964.508735
2026-09-07 20:55:00,364028644.5,61255100.010015
2026-09-07 21:00:00,364266925.8,61510113.090588
2026-09-07 21:05:00,366739825.8,62531527.77516596
2026-09-07 21:10:00,369282798.1,62924127.02364855
2026-09-07 21:15:00,369176836.0,62819130.41376
2026-09-07 21:20:00,368628506.9,62792375.23845466
2026-09-07 21:25:00,367252524.1,62451291.723205
2026-09-07 21:30:00,369284382.0,62929751.53662
2026-09-07 21:35:00,368560077.2,62787894.751792
2026-09-07 21:40:00,368056701.9,62709500.869722
2026-09-07 21:45:00,367010508.5,62620467.02274127
2026-09-07 21:50:00,366976394.1,62180480.216304
2026-09-07 21:55:00,366287413.1,62162501.35085815
2026-09-07 22:00:00,366236189.5,62261767.3165957
2026-09-07 22:05:00,367055055.3,62300254.536069
2026-09-07 22:10:00,366381448.8,62337931.30411663
2026-09-07 22:15:00,366494003.5,62120733.59325
2026-09-07 22:20:00,369651431.5,62411729.60011542
2026-09-07 22:25:00,369452275.6,62742110.78451905
2026-09-07 22:30:00,386048601.9,65430312.04188976
2026-09-07 22:35:00,385905787.0,65287541.04466
2026-09-07 22:40:00,385306317.6,64886080.9289897
2026-09-07 22:45:00,385157822.3,65177955.02405164
2026-09-07 22:50:00,384946918.9,65019116.73404668
2026-09-07 22:55:00,384547245.1,64938174.10582357
2026-09-07 23:00:00,383814024.8,64770201.83692242
2026-09-07 23:05:00,383816161.3,64778445.96407427
2026-09-07 23:10:00,383531009.9,64997092.29519538
2026-09-07 23:15:00,384095251.0,65115829.22203542
2026-09-07 23:20:00,384069516.0,64984562.1072
2026-09-07 23:25:00,383939098.1,64936767.63955632
2026-09-07 23:30:00,384055723.5,64980173.71807928
2026-09-07 23:35:00,383855147.6,65021223.451964
2026-09-07 23:40:00,383083845.2,64783887.51837825
2026-09-07 23:45:00,382721537.4,64676112.605226
2026-09-07 23:50:00,382350810.5,64835108.40773375
2026-09-07 23:55:00,382209561.2,64799809.005848
2026-09-08 00:00:00,382498897.8,64780013.331408
2026-09-08 00:05:00,383120869.2,64755246.39174037
2026-09-08 00:10:00,382591354.0,64784193.97282
2026-09-08 00:15:00,382159098.4,64937773.34106256
2026-09-08 00:20:00,382547858.1,64916229.25156464
2026-09-08 00:25:00,382422313.4,64936000.99970725
2026-09-08 00:30:00,382154095.8,64375607.70326877
2026-09-08 00:35:00,381974035.4,64495922.44403354
2026-09-08 00:40:00,380893634.3,64378139.28978872
2026-09-08 00:45:00,381003936.1,64130582.524352
2026-09-08 00:50:00,379904207.8,64048050.393002
2026-09-08 00:55:00,379548329.8,64074415.34794469
2026-09-08 01:00:00,379584586.1,64080900.44852285
2026-09-08 01:05:00,379275771.6,64389647.744532
2026-09-08 01:10:00,379163610.3,64821810.816888
2026-09-08 01:15:00,379413937.1,64943065.69466891
2026-09-08 01:20:00,378806578.0,64684401.38068942
2026-09-08 01:25:00,378632410.2,64802937.00573
2026-09-08 01:30:00,376714497.9,65083795.98723951
2026-09-08 01:35:00,376574548.9,64227210.68924443
2026-09-08 01:40:00,376610332.8,64023756.576
2026-09-08 01:45:00,377699331.5,63589459.45134
2026-09-08 01:50:00,376819571.6,63052062.07974319
2026-09-08 01:55:00,377337347.3,63099573.78851125
2026-09-08 02:00:00,377171835.1,63564769.369403
2026-09-08 02:05:00,377575547.1,63515758.533162
2026-09-08 02:10:00,377656310.0,63696162.8134532
2026-09-08 02:15:00,377368567.3,64173830.5913112
2026-09-08 02:20:00,377520601.8,64152075.863874
2026-09-08 02:25:00,377454645.6,64340918.888976
2026-09-08 02:30:00,377774805.7,64013940.825865
2026-09-08 02:35:00,377644136.4,63601431.94562469
2026-09-08 02:40:00,378336776.9,63845889.84939583
2026-09-08 02:45:00,378429930.4,64044766.18832754
2026-09-08 02:50:00,378603865.6,63753104.928384
2026-09-08 02:55:00,377747092.1,63509213.37559039
2026-09-08 03:00:00,377672101.4,63668944.80147564
2026-09-08 03:05:00,377790805.1,63626224.01666441
2026-09-08 03:10:00,376716808.4,63868567.696136
2026-09-08 03:15:00,376983695.4,63836794.17930882
2026-09-08 03:20:00,376538154.8,63519249.28237461
2026-09-08 03:25:00,376298770.7,63721876.90815736
2026-09-08 03:30:00,376202213.4,63618201.98010576
2026-09-08 03:35:00,376168589.7,63731998.42639049
2026-09-08 03:40:00,375854463.9,63885779.81342045
2026-09-08 03:45:00,375949089.7,63854952.885545
2026-09-08 03:50:00,375835025.2,63324387.02069422
2026-09-08 03:55:00,379180587.8,64484895.43930752
2026-09-08 04:00:00,378376937.8,64437592.50734
2026-09-08 04:05:00,377931699.3,64288789.77965517
2026-09-08 04:10:00,378213138.6,64786363.75044312
2026-09-08 04:15:00,378406437.3,64454672.30128238
2026-09-08 04:20:00,378354017.7,64679619.325815
2026-09-08 04:25:00,377510456.8,63920070.545376
2026-09-08 04:30:00,377559605.8,64145915.86974555
2026-09-08 04:35:00,377993014.3,64704844.187874
2026-09-08 04:40:00,378330393.4,64844414.47308868
2026-09-08 04:45:00,378918852.5,64638709.86437652
2026-09-08 04:50:00,379018825.0,64986700.39108875
2026-09-08 04:55:00,379207002.0,65233956.6951546
2026-09-08 05:00:00,379212700.3,64784697.719252
2026-09-08 05:05:00,378207263.0,65034433.24138824
2026-09-08 05:10:00,377517792.6,65131525.20594775
2026-09-08 05:15:00,374752029.6,65075689.94004
2026-09-08 05:20:00,376659499.0,65222358.84684
2026-09-08 05:25:00,377886126.0,65827763.1492
2026-09-08 05:30:00,377357828.4,65603658.46734
2026-09-08 05:35:00,376704061.9,65576643.095552
2026-09-08 05:40:00,378043150.8,66644535.23556604
2026-09-08 05:45:00,379768934.7,67028738.46569228
2026-09-08 05:50:00,382771369.4,67635700.97298
2026-09-08 05:55:00,382592011.3,66739350.451172
2026-09-08 06:00:00,383169070.6,66924643.22808743
2026-09-08 06:05:00,382525757.4,65641775.71879438
2026-09-08 06:10:00,382087971.3,65209628.21651059
2026-09-08 06:15:00,382599293.0,65657665.72009764
2026-09-08 06:20:00,383046571.6,65638860.509376
2026-09-08 06:25:00,383472750.4,66296253.12869605
2026-09-08 06:30:00,383762732.6,66141506.96361
2026-09-08 06:35:00,385145477.1,66619125.41747154
2026-09-08 06:40:00,385383293.4,66665667.74678463
2026-09-08 06:45:00,385471947.8,66563295.946104
2026-09-08 06:50:00,385238728.5,66076370.15078253
2026-09-08 06:55:00,383701848.3,65313728.617626
2026-09-08 07:00:00,382927355.4,65924773.505664
2026-09-08 07:05:00,383548447.5,65644316.789625
2026-09-08 07:10:00,383338976.7,65646799.759875
2026-09-08 07:15:00,383449412.1,65586433.65617333
2026-09-08 07:20:00,382926126.6,65311880.152896
2026-09-08 07:25:00,382470410.1,65242299.76639113
2026-09-08 07:30:00,382414942.6,65282054.851246
2026-09-08 07:35:00,382263682.5,65233297.418625
2026-09-08 07:40:00,382300829.9,65280405.18293554
2026-09-08 07:45:00,382319157.9,65273349.828267
2026-09-08 07:50:00,383468812.5,65630706.43281563
2026-09-08 07:55:00,383838087.7,65536515.093898
2026-09-08 08:00:00,383411718.8,65467550.9851
2026-09-08 08:05:00,383320297.3,65390609.516407
2026-09-08 08:10:00,382449028.3,65439009.82809659
2026-09-08 08:15:00,382049587.7,65208223.628636
2026-09-08 08:20:00,382098184.4,65312042.659492
2026-09-08 08:25:00,382138149.2,65337980.750216
2026-09-08 08:30:00,381984149.0,65315469.63751
2026-09-08 08:35:00,381676086.6,65741904.40572125
2026-09-08 08:40:00,381917040.0,66034220.05008
2026-09-08 08:45:00,382033832.3,65748847.73190777
2026-09-08 08:50:00,381940567.0,65711129.08395881
2026-09-08 08:55:00,381653435.4,65485707.02342939
2026-09-08 09:00:00,381018450.3,65344664.22645
2026-09-08 09:05:00,381518692.3,65068012.971765
2026-09-08 09:10:00,382442461.5,65355592.245735
2026-09-08 09:15:00,382421235.9,65678602.45317027
2026-09-08 09:20:00,382243944.9,65569839.62518732
2026-09-08 09:25:00,382471039.1,65606515.66654164
2026-09-08 09:30:00,382001349.1,66025113.178444
2026-09-08 09:35:00,381067888.9,66000958.35748
2026-09-08 09:40:00,381298599.4,65959632.18065991
2026-09-08 09:45:00,379557822.6,66548275.36774996
2026-09-08 09:50:00,378439482.6,66200418.691218
2026-09-08 09:55:00,378317801.7,66595282.633251
2026-09-08 10:00:00,378380827.4,66230981.64455019
2026-09-08 10:05:00,377935796.3,66435103.81037883
2026-09-08 10:10:00,379803563.3,67380448.82434945
2026-09-08 10:15:00,378539109.4,66884075.239886
2026-09-08 10:20:00,378119530.0,66121762.2111
2026-09-08 10:25:00,378518445.4,66384564.954252
2026-09-08 10:30:00,378337308.9,66258939.31529009
2026-09-08 10:35:00,377769434.4,65834672.64870024
2026-09-08 10:40:00,376897707.3,65312603.698017
2026-09-08 10:45:00,375309751.6,65495304.751716
2026-09-08 10:50:00,375191152.5,65515879.04955
2026-09-08 10:55:00,374935905.7,65359194.51881158
2026-09-08 11:00:00,373217499.3,64992095.328102
2026-09-08 11:05:00,373228510.2,64867947.37233774
2026-09-08 11:10:00,372635298.2,64786372.945052
2026-09-08 11:15:00,372353913.3,64831031.35182855
2026-09-08 11:20:00,372534945.1,65191447.23911952
2026-09-08 11:25:00,372441489.9,65307615.253965
2026-09-08 11:30:00,372163279.2,65076471.000912
2026-09-08 11:35:00,371783585.2,64436173.97677802
2026-09-08 11:40:00,371778479.1,64354854.73221
2026-09-08 11:45:00,371911279.3,64816697.756404
2026-09-08 11:50:00,372187534.7,64794127.915923
2026-09-08 11:55:00,371283352.2,64970873.801478
2026-09-08 12:00:00,371474319.5,65104797.26118892
2026-09-08 12:05:00,371098963.6,64938607.640364
2026-09-08 12:10:00,370788714.1,64862069.757513
2026-09-08 12:15:00,369441190.9,63697764.47963367
2026-09-08 12:20:00,367904366.9,63169411.57648115
2026-09-08 12:25:00,367838791.1,63549437.0059531
2026-09-08 12:30:00,368810001.8,63517963.25480335
2026-09-08 12:35:00,369004971.1,63653357.51475
2026-09-08 12:40:00,369271401.4,63529451.896856
2026-09-08 12:45:00,369770612.4,63478861.21967141
2026-09-08 12:50:00,369476062.2,63531408.89529
2026-09-08 12:55:00,369902661.2,63590384.47689915
2026-09-08 13:00:00,369824280.0,63640368.0244416
2026-09-08 13:05:00,369696443.9,63695000.319531
2026-09-08 13:10:00,369740045.4,63628564.412886
2026-09-08 13:15:00,369211447.9,63585595.557338
2026-09-08 13:20:00,369551824.0,63379952.31545584
2026-09-08 13:25:00,369811442.6,63370888.803936
2026-09-08 13:30:00,369250877.3,63130822.491981
2026-09-08 13:35:00,369761485.5,62568272.76039846
2026-09-08 13:40:00,367737856.3,60923130.653221
2026-09-08 13:45:00,365084568.7,61803556.61227503
2026-09-08 13:50:00,364884279.2,61913564.494656
2026-09-08 13:55:00,364841875.7,61880491.2345326
2026-09-08 14:00:00,364078293.3,62574008.84206834
2026-09-08 14:05:00,364076609.6,62812983.33143557
2026-09-08 14:10:00,363952810.8,62876487.593808
2026-09-08 14:15:00,363318248.6,62803737.4303689
2026-09-08 14:20:00,363150324.7,63115526.43286
2026-09-08 14:25:00,361901766.7,62855098.840456
2026-09-08 14:30:00,361840691.7,62995089.43034154
2026-09-08 14:35:00,362091573.7,62743959.31571487
2026-09-08 14:40:00,361383972.1,62164530.04349919
2026-09-08 14:45:00,361486156.4,61727376.066864
2026-09-08 14:50:00,362857349.3,62137604.75236281
2026-09-08 14:55:00,363057280.2,61789056.16050859
2026-09-08 15:00:00,362890115.2,61284882.654976
2026-09-08 15:05:00,362928811.9,61425160.65014527
2026-09-08 15:10:00,363014186.6,61379277.23309904
2026-09-08 15:15:00,363410151.4,61300380.48010037
2026-09-08 15:20:00,363296115.6,61261868.31770755
2026-09-08 15:25:00,363088909.9,60951735.304913
2026-09-08 15:30:00,363804977.4,60625891.18749718
2026-09-08 15:35:00,363889462.5,60973318.3365
2026-09-08 15:40:00,364707669.0,61110417.01764
2026-09-08 15:45:00,364684549.3,61397966.15089912
2026-09-08 15:50:00,365023606.5,61228044.98868393
2026-09-08 15:55:00,364571677.7,61711047.884279
2026-09-08 16:00:00,365556201.1,62263732.81968262
2026-09-08 16:05:00,365144658.0,61886903.85434142
2026-09-08 16:10:00,365515504.7,61874256.29177832
2026-09-08 16:15:00,365377246.9,61729334.92542727
2026-09-08 16:20:00,365538621.3,61797315.96900451
2026-09-08 16:25:00,366084160.0,61920719.508544
2026-09-08 16:30:00,366303503.1,61540080.10523924
2026-09-08 16:35:00,366273352.6,61781172.4007391
2026-09-08 16:40:00,366388889.2,61905066.719232
2026-09-08 16:45:00,366894054.5,61881877.51123672
2026-09-08 16:50:00,367153433.3,61927769.594711
2026-09-08 16:55:00,366897206.5,61458356.68734047
2026-09-08 17:00:00,367332980.2,61569988.51673152
2026-09-08 17:05:00,367620516.1,61847780.82588857
2026-09-08 17:10:00,367855211.3,62123388.084344
2026-09-08 17:15:00,367930787.5,62034414.85094838
2026-09-08 17:20:00,368051686.1,62075597.377626
2026-09-08 17:25:00,368074414.7,61930916.4377147
2026-09-08 17:30:00,368084005.2,62131939.61159095
2026-09-08 17:35:00,368083380.7,62047815.484599
2026-09-08 17:40:00,368175342.2,62276859.13313
2026-09-08 17:45:00,368403978.1,61947128.917515
2026-09-08 17:50:00,368207088.5,61796250.89401828
2026-09-08 17:55:00,368331286.4,62023305.316896
2026-09-08 18:00:00,368345800.3,61837892.954364
2026-09-08 18:05:00,368065835.6,61486016.18758381
2026-09-08 18:10:00,368403143.7,62125973.5964902
2026-09-08 18:15:00,368162551.9,62142157.135201
2026-09-08 18:20:00,368506283.5,62170695.089285
2026-09-08 18:25:00,368573029.9,62241321.93235499
2026-09-08 18:30:00,368548582.6,62126234.568882
2026-09-08 18:35:00,368387075.2,62519493.64183878
2026-09-08 18:40:00,367627705.5,62110314.83513422
2026-09-08 18:45:00,367624214.5,62113787.28192
2026-09-08 18:50:00,367679007.3,61772007.2179784
2026-09-08 18:55:00,367413434.6,61339672.90647
2026-09-08 19:00:00,367388654.1,61596381.746406
2026-09-08 19:05:00,367914629.1,61552117.44843
2026-09-08 19:10:00,368137095.1,61780509.60371543
2026-09-08 19:15:00,368011724.8,61774448.124928
2026-09-08 19:20:00,367512124.6,62135274.906122
2026-09-08 19:25:00,366343059.8,61519990.032214
2026-09-08 19:30:00,366097552.7,61592252.266248
2026-09-08 19:35:00,365941585.4,61726924.16162809
2026-09-08 19:40:00,365938302.1,61730633.51672288
2026-09-08 19:45:00,365930553.6,61786525.01647565
2026-09-08 19:50:00,365697951.5,61511733.89680249
2026-09-08 19:55:00,365406414.9,61198266.367452
2026-09-08 20:00:00,365381426.5,61351600.89699841
2026-09-08 20:05:00,365030362.1,61193689.902444
2026-09-08 20:10:00,364485439.8,61696231.70368212
2026-09-08 20:15:00,364478237.3,61491123.414883
2026-09-08 20:20:00,364560520.4,61623039.15637391
2026-09-08 20:25:00,364289600.4,61648729.075692
2026-09-08 20:30:00,364302103.6,61661774.055336
2026-09-08 20:35:00,364188003.6,61682522.169732
2026-09-08 20:40:00,364413260.4,61735250.444364
2026-09-08 20:45:00,364169063.4,61322428.585926
2026-09-08 20:50:00,364137997.7,61170664.66104855
2026-09-08 20:55:00,363875361.5,61051008.15247
2026-09-08 21:00:00,363843126.5,61429195.93400768
2026-09-08 21:05:00,363651879.1,61483666.88033002
2026-09-08 21:10:00,363677599.6,61243307.77264
2026-09-08 21:15:00,363571181.5,61217741.06265306
2026-09-08 21:20:00,363585021.1,61128291.59336999
2026-09-08 21:25:00,363756508.5,61198394.99004
2026-09-08 21:30:00,363798422.7,61121449.2172308
2026-09-08 21:35:00,364015752.8,60888914.970856
2026-09-08 21:40:00,364144885.6,60783064.304352
2026-09-08 21:45:00,363887471.3,60834707.451934
2026-09-08 21:50:00,364003798.6,60838127.96269564
2026-09-08 21:55:00,364081362.7,60714208.043852
2026-09-08 22:00:00,364275614.8,60928739.331448
2026-09-08 22:05:00,364372893.6,61003619.56347156
2026-09-08 22:10:00,364577453.3,60644695.85935899
2026-09-08 22:15:00,364866972.0,60840702.84627636
2026-09-08 22:20:00,364749175.1,60978767.093218
2026-09-08 22:25:00,364820098.9,60757139.270806
2026-09-08 22:30:00,364842063.7,60767430.11731607
2026-09-08 22:35:00,364436442.4,60565692.362456
2026-09-08 22:40:00,364581540.9,60512183.22629798
2026-09-08 22:45:00,364412358.2,60497454.84287809
2026-09-08 22:50:00,364377538.2,60519465.319638
2026-09-08 22:55:00,364331254.4,60419248.83461604
2026-09-08 23:00:00,364283475.0,60379985.98125
2026-09-08 23:05:00,364281648.8,60380043.92743231
2026-09-08 23:10:00,364284145.5,60391812.49474428
2026-09-08 23:15:00,363490885.1,59826964.778609
2026-09-08 23:20:00,363384112.3,59991083.099607
2026-09-08 23:25:00,362754737.9,60072514.70305149
2026-09-08 23:30:00,362610766.7,60120865.11886
2026-09-08 23:35:00,362313151.3,59754920.38453952
2026-09-08 23:40:00,361906700.0,59776129.639
2026-09-08 23:45:00,361443247.6,59504401.852388
2026-09-08 23:50:00,361426659.6,59607026.8412214
2026-09-08 23:55:00,361437292.0,59570157.16355488
2026-09-09 00:00:00,361502468.7,59610983.47334698
2026-09-09 00:05:00,361537917.9,59874294.583419
2026-09-09 00:10:00,361527284.5,59999068.13562
2026-09-09 00:15:00,361386433.2,59943167.674884
2026-09-09 00:20:00,361565180.3,59691034.248746
2026-09-09 00:25:00,361343083.5,59520432.71412
2026-09-09 00:30:00,361240474.9,59405996.097305
2026-09-09 00:35:00,359193347.2,58983319.1403856
2026-09-09 00:40:00,358774301.1,58853336.352444
2026-09-09 00:45:00,357047712.8,58517060.2290213
2026-09-09 00:50:00,356945023.7,58862761.5788978
2026-09-09 00:55:00,356925169.0,58703482.54543
2026-09-09 01:00:00,356728131.9,58760257.886568
2026-09-09 01:05:00,356864374.6,58429404.053258
2026-09-09 01:10:00,356867881.8,58508489.22111
2026-09-09 01:15:00,356554927.3,58588349.75749012
2026-09-09 01:20:00,356907932.5,58497845.43286985
2026-09-09 01:25:00,357127550.4,58786673.2181809
2026-09-09 01:30:00,357059184.0,58625547.42096
2026-09-09 01:35:00,356894572.9,58801203.92134664
2026-09-09 01:40:00,356559044.4,58743102.5649
2026-09-09 01:45:00,356642315.9,58747994.64720648
2026-09-09 01:50:00,356426666.4,58721293.2894
2026-09-09 01:55:00,356441789.4,58755044.74858038
2026-09-09 02:00:00,356359001.3,58938543.0752882
2026-09-09 02:05:00,355979235.6,58679574.47879573
2026-09-09 02:10:00,355936318.5,58858330.82170744
2026-09-09 02:15:00,355706466.5,58706086.91046253
2026-09-09 02:20:00,355648587.1,59030552.486858
2026-09-09 02:25:00,355780309.1,59342031.54943467
2026-09-09 02:30:00,356207197.5,59358534.80878282
2026-09-09 02:35:00,356050319.6,59145975.33596124
2026-09-09 02:40:00,356122037.5,59215972.3955
2026-09-09 02:45:00,355893474.6,59213556.303948
2026-09-09 02:50:00,355817729.4,59079015.08170662
2026-09-09 02:55:00,355699745.2,59085284.675172
2026-09-09 03:00:00,355346455.4,58982490.5509852
2026-09-09 03:05:00,354725750.3,58639025.61413742
2026-09-09 03:10:00,354543998.8,58673486.361412
2026-09-09 03:15:00,354450605.6,58661575.2268
2026-09-09 03:20:00,354366951.6,58492195.29107324
2026-09-09 03:25:00,354181752.3,58392355.22563317
2026-09-09 03:30:00,354324733.6,58729834.82181639
2026-09-09 03:35:00,353933698.2,58459228.931694
2026-09-09 03:40:00,353445472.2,58308288.33885342
2026-09-09 03:45:00,353368616.0,58362360.61856
2026-09-09 03:50:00,353291890.9,58403760.02494624
2026-09-09 03:55:00,353246251.1,58320956.05661
2026-09-09 04:00:00,353258813.7,58272256.2525769
2026-09-09 04:05:00,353206149.8,58512130.775868
2026-09-09 04:10:00,353063125.8,58336620.275934
2026-09-09 04:15:00,353059896.2,58593820.373352
2026-09-09 04:20:00,353056176.1,58684997.591342
2026-09-09 04:25:00,352946465.3,58705585.573349
2026-09-09 04:30:00,353040569.3,59152476.94706895
2026-09-09 04:35:00,352151189.4,58797360.00564586
2026-09-09 04:40:00,352269310.2,58976244.51122221
2026-09-09 04:45:00,352040882.9,59282209.62906065
2026-09-09 04:50:00,351899363.1,59232840.95092844
2026-09-09 04:55:00,351031857.4,59087177.63328052
2026-09-09 05:00:00,350701281.0,59086151.82288
2026-09-09 05:05:00,350575123.4,58847203.66180553
2026-09-09 05:10:00,350401659.3,58758854.248017
2026-09-09 05:15:00,350374987.6,58826958.34557547
2026-09-09 05:20:00,350402218.3,58815012.341655
2026-09-09 05:25:00,350050117.1,58822421.677484
2026-09-09 05:30:00,350092444.9,58707002.085281
2026-09-09 05:35:00,350404949.5,58461561.77458
2026-09-09 05:40:00,350315072.4,58334465.856048
2026-09-09 05:45:00,350356535.6,58292320.393128
2026-09-09 05:50:00,350256819.3,58190326.47488408
2026-09-09 05:55:00,350158930.9,58333589.07676008
2026-09-09 06:00:00,350213244.3,58247459.78771111
2026-09-09 06:05:00,350316017.2,58375907.92677102
2026-09-09 06:10:00,350162682.5,58834428.45757428
2026-09-09 06:15:00,350462975.2,60088156.28789948
2026-09-09 06:20:00,351125495.2,60047926.70316026
2026-09-09 06:25:00,351287507.8,60018580.77615465
2026-09-09 06:30:00,350865983.5,60015240.52509315
2026-09-09 06:35:00,354671966.9,61205858.36968207
2026-09-09 06:40:00,356963458.2,61997181.39392817
2026-09-09 06:45:00,357917347.5,62177401.6077
2026-09-09 06:50:00,359737540.8,62561955.720528
2026-09-09 06:55:00,364312929.7,63596785.68179419
2026-09-09 07:00:00,363943858.8,62682050.801124
2026-09-09 07:05:00,363261199.0,62259148.00078652
2026-09-09 07:10:00,363150775.7,62164149.784326
2026-09-09 07:15:00,363229823.1,61988086.04749449
2026-09-09 07:20:00,362858473.8,61777772.7685493
2026-09-09 07:25:00,362798363.5,61667656.78737939
2026-09-09 07:30:00,362961135.5,61750577.982615
2026-09-09 07:35:00,363304448.2,61779634.40589592
2026-09-09 07:40:00,363283136.9,61652846.55426364
2026-09-09 07:45:00,363162039.8,61472438.476946
2026-09-09 07:50:00,362946121.8,61581068.485806
2026-09-09 07:55:00,363661411.1,62075140.92834517
2026-09-09 08:00:00,364267138.8,62209203.19582491
2026-09-09 08:05:00,364856842.4,61857741.49485382
2026-09-09 08:10:00,365451691.0,61969643.24287
2026-09-09 08:15:00,365987829.9,62066690.27217212
2026-09-09 08:20:00,366083820.0,62230588.5618
2026-09-09 08:25:00,365929296.9,62658885.87122612
2026-09-09 08:30:00,366680759.7,62698743.101103
2026-09-09 08:35:00,367068141.8,62590583.8215314
2026-09-09 08:40:00,367055875.5,62569691.63279308
2026-09-09 08:45:00,367368680.6,62518254.68517391
2026-09-09 08:50:00,367528797.2,62446817.932252
2026-09-09 08:55:00,367145261.0,62337593.86519
2026-09-09 09:00:00,367141319.3,62303881.88521
2026-09-09 09:05:00,367406378.5,62499499.046635
2026-09-09 09:10:00,367299634.0,62328988.52455314
2026-09-09 09:15:00,367200813.4,62256059.44968242
2026-09-09 09:20:00,367327750.5,62100429.49953
2026-09-09 09:25:00,366710360.3,62524116.43115
2026-09-09 09:30:00,366909602.8,62783303.7297907
2026-09-09 09:35:00,366512196.6,62669920.496634
2026-09-09 09:40:00,366079894.3,62672877.90416
2026-09-09 09:45:00,366084904.7,62720506.69206447
2026-09-09 09:50:00,365394253.5,62683384.187925
2026-09-09 09:55:00,362223213.2,61891627.92439907
2026-09-09 10:00:00,358904806.8,59761239.380268
2026-09-09 10:05:00,355973218.2,59440069.80047871
2026-09-09 10:10:00,351439072.1,58545757.06400094
2026-09-09 10:15:00,349562039.4,58341806.49848897
2026-09-09 10:20:00,348601466.4,58557513.0775111
2026-09-09 10:25:00,346418379.9,57781404.48064454
2026-09-09 10:30:00,348912715.6,57979021.34237274
2026-09-09 10:35:00,348558340.6,57981365.89386594
2026-09-09 10:40:00,348608701.6,58043348.8164
2026-09-09 10:45:00,348478089.9,58011147.625653
2026-09-09 10:50:00,348629602.0,57792329.12354
2026-09-09 10:55:00,348773527.8,57701092.439232
2026-09-09 11:00:00,348567114.9,57719228.556291
2026-09-09 11:05:00,347930391.0,57712146.40861788
2026-09-09 11:10:00,347111580.4,57263917.26427606
2026-09-09 11:15:00,346436115.6,56988741.0162
2026-09-09 11:20:00,344928202.6,56595819.482608
2026-09-09 11:25:00,344716159.2,56940215.176656
2026-09-09 11:30:00,344284328.9,56861139.05030175
2026-09-09 11:35:00,343123490.2,56763076.82059149
2026-09-09 11:40:00,342924313.1,56815700.194408
2026-09-09 11:45:00,342039403.6,56778540.9976
2026-09-09 11:50:00,342425066.5,56917894.55363
2026-09-09 11:55:00,342270679.5,57080816.64548091
2026-09-09 12:00:00,341894072.2,56901430.436246
2026-09-09 12:05:00,341300496.1,56962472.58824663
2026-09-09 12:10:00,341218851.4,57039924.36242831
2026-09-09 12:15:00,340825499.5,57021523.90042792
2026-09-09 12:20:00,340826012.2,57040719.79177481
2026-09-09 12:25:00,340603518.5,56857851.34856421
2026-09-09 12:30:00,340429906.8,56991370.697388
2026-09-09 12:35:00,340218301.1,57119250.571679
2026-09-09 12:40:00,340224400.6,57042023.004596
2026-09-09 12:45:00,340112934.9,56924701.914213
2026-09-09 12:50:00,340251495.6,57015943.117692
2026-09-09 12:55:00,340015114.9,56945731.443452
2026-09-09 13:00:00,339836193.7,56869449.44603663
2026-09-09 13:05:00,339179066.9,57068811.32660633
2026-09-09 13:10:00,339178175.7,56842073.3968501
2026-09-09 13:15:00,336991470.5,56225887.82175471
2026-09-09 13:20:00,336819223.1,56169041.36109323
2026-09-09 13:25:00,337239810.7,56184371.66849695
2026-09-09 13:30:00,337415847.7,56240271.04512738
2026-09-09 13:35:00,337297724.1,56281940.10334458
2026-09-09 13:40:00,336555847.8,55624247.55179413
2026-09-09 13:45:00,334610011.1,55146001.83125537
2026-09-09 13:50:00,334717996.6,55251899.698762
2026-09-09 13:55:00,334851974.9,55250575.8585
2026-09-09 14:00:00,334967955.0,55243876.49663085
2026-09-09 14:05:00,335012963.1,55506388.28214933
2026-09-09 14:10:00,335554013.5,55175146.439805
2026-09-09 14:15:00,336374809.8,54923278.944144
2026-09-09 14:20:00,336236927.0,54682211.43801
2026-09-09 14:25:00,335935010.4,54624030.41802089
2026-09-09 14:30:00,334717288.9,54659333.27737
2026-09-09 14:35:00,334629049.7,54427414.933705
2026-09-09 14:40:00,334513248.0,54472137.30432
2026-09-09 14:45:00,334803949.4,54479298.646368
2026-09-09 14:50:00,335041458.9,54725427.316461
2026-09-09 14:55:00,335047662.4,54478445.01286721
2026-09-09 15:00:00,335106278.3,54803280.753182
2026-09-09 15:05:00,334364551.9,54324208.747193
2026-09-09 15:10:00,333803870.2,54236452.830096
2026-09-09 15:15:00,332776207.6,53813240.530996
2026-09-09 15:20:00,332513223.5,53616876.12933273
2026-09-09 15:25:00,325106721.5,50654878.276915
2026-09-09 15:30:00,323896685.9,50745768.30100493
2026-09-09 15:35:00,323227297.8,50471942.55147
2026-09-09 15:40:00,323657991.4,50403259.000722
2026-09-09 15:45:00,323517065.6,50384855.13775632
2026-09-09 15:50:00,323664661.1,50506944.68372425
2026-09-09 15:55:00,324510696.6,49819527.91831823
2026-09-09 16:00:00,321717802.1,49394469.82025442
2026-09-09 16:05:00,319210638.4,49497155.91411263
2026-09-09 16:10:00,316655047.1,48648079.03927717
2026-09-09 16:15:00,317514660.1,48738500.32535
2026-09-09 16:20:00,316199036.2,48458381.33097064
2026-09-09 16:25:00,316976993.6,48440512.91551021
2026-09-09 16:30:00,319301538.5,48562570.990465
2026-09-09 16:35:00,319646386.9,48691392.09484302
2026-09-09 16:40:00,319060539.1,48527030.91300046
2026-09-09 16:45:00,320090640.9,48742503.34155107
2026-09-09 16:50:00,321743692.1,48814824.26793516
2026-09-09 16:55:00,323280170.6,48896891.97725432
2026-09-09 17:00:00,322213142.8,48747626.374212
2026-09-09 17:05:00,321858767.1,48953295.86015942
2026-09-09 17:10:00,321451547.9,48635619.19727
2026-09-09 17:15:00,319076558.6,48295427.909696
2026-09-09 17:20:00,321605793.2,48635907.02396136
2026-09-09 17:25:00,320352230.3,49067197.84702192
2026-09-09 17:30:00,320375633.2,49177675.71498166
2026-09-09 17:35:00,319460144.1,49024353.713586
2026-09-09 17:40:00,319107426.6,48882519.00983499
2026-09-09 17:45:00,319390855.8,49117126.71454181
2026-09-09 17:50:00,319288264.7,49243829.064681
2026-09-09 17:55:00,319167960.3,49448692.089279
2026-09-09 18:00:00,318719234.5,49302882.36511508
2026-09-09 18:05:00,317498182.0,49138825.33024888
2026-09-09 18:10:00,316506017.3,48727057.21150725
2026-09-09 18:15:00,316475922.0,48946166.09652
2026-09-09 18:20:00,316741709.3,48668570.41985744
2026-09-09 18:25:00,316781900.9,48798661.58850248
2026-09-09 18:30:00,316835433.0,48872942.7807222
2026-09-09 18:35:00,316739690.5,48927543.3341891
2026-09-09 18:40:00,316751584.1,48931784.711768
2026-09-09 18:45:00,316636188.7,48994377.68958203
2026-09-09 18:50:00,316717426.7,48878867.44129179
2026-09-09 18:55:00,316423086.4,48615242.994496
2026-09-09 19:00:00,316268765.0,48556743.49045
2026-09-09 19:05:00,316371267.7,48445932.222901
2026-09-09 19:10:00,316512326.6,48568547.48129239
2026-09-09 19:15:00,316683593.8,48625122.24013818
2026-09-09 19:20:00,316727101.1,48668460.5549316
2026-09-09 19:25:00,316797683.3,48618940.456051
2026-09-09 19:30:00,316765875.2,48595458.37475225
2026-09-09 19:35:00,316854175.5,48439814.0127079
2026-09-09 19:40:00,316810350.5,48183686.207545
2026-09-09 19:45:00,317313338.8,48142097.53905758
2026-09-09 19:50:00,317603063.9,48145785.11584874
2026-09-09 19:55:00,323755752.3,48979408.41205064
2026-09-09 20:00:00,323241257.4,48870890.96008204
2026-09-09 20:05:00,323553907.2,48744615.91791014
2026-09-09 20:10:00,323973640.5,48774231.577275
2026-09-09 20:15:00,323730864.8,48814681.08183268
2026-09-09 20:20:00,323308854.7,48813170.882606
2026-09-09 20:25:00,323221084.7,48525921.62229496
2026-09-09 20:30:00,323558140.9,48644303.60081539
2026-09-09 20:35:00,322787243.5,48695809.44143497
2026-09-09 20:40:00,322520395.2,48629625.188256
2026-09-09 20:45:00,322367197.4,48532381.56857
2026-09-09 20:50:00,322207139.6,48381357.80827737
2026-09-09 20:55:00,322241666.8,48445812.186712
2026-09-09 21:00:00,322075373.3,48568988.83891613
2026-09-09 21:05:00,322322455.1,48471846.77432426
2026-09-09 21:10:00,322584226.7,48609226.78784704
2026-09-09 21:15:00,322527624.9,48592011.967434
2026-09-09 21:20:00,322347754.0,48500965.27020148
2026-09-09 21:25:00,322285778.9,48682037.16585657
2026-09-09 21:30:00,321381151.2,48952269.1685651
2026-09-09 21:35:00,321321600.4,48599892.0605
2026-09-09 21:40:00,321393478.4,48588266.064512
2026-09-09 21:45:00,321495596.6,48770882.00422
2026-09-09 21:50:00,321457360.4,48468887.54623383
2026-09-09 21:55:00,321612831.9,48974594.19347971
2026-09-09 22:00:00,321313802.4,48956264.18603467
2026-09-09 22:05:00,321508652.5,48930401.823975
2026-09-09 22:10:00,320684250.3,48507286.55255605
2026-09-09 22:15:00,319954440.4,48414472.4684855
2026-09-09 22:20:00,319926270.3,48638390.873709
2026-09-09 22:25:00,319624519.2,48729912.64604451
2026-09-09 22:30:00,319750777.5,48548707.0101264
2026-09-09 22:35:00,319470840.0,48434974.0524
2026-09-09 22:40:00,319486721.8,48474803.37182243
2026-09-09 22:45:00,319450681.3,48454279.339584
2026-09-09 22:50:00,319432948.6,48180071.637338
2026-09-09 22:55:00,319402866.6,48405504.43323
2026-09-09 23:00:00,319491101.0,48463061.9758183
2026-09-09 23:05:00,320106995.4,48912348.89712
2026-09-09 23:10:00,320024188.9,48814355.21346603
2026-09-09 23:15:00,320038428.7,49032396.37812101
2026-09-09 23:20:00,320409496.6,49131592.208644
2026-09-09 23:25:00,320381636.1,49062250.56928209
2026-09-09 23:30:00,320461362.6,49078657.68219
2026-09-09 23:35:00,320457458.4,49125484.25322862
2026-09-09 23:40:00,320357527.9,49239410.14949489
2026-09-09 23:45:00,320596225.8,48864391.89085279
2026-09-09 23:50:00,320341535.5,48936250.69878727
2026-09-09 23:55:00,320795041.9,48064721.127877
2026-09-10 00:00:00,321171143.5,48002361.15254453
2026-09-10 00:05:00,321633946.7,48280471.739137
2026-09-10 00:10:00,322800816.0,48048791.70932256
2026-09-10 00:15:00,326422855.3,48691802.04441921
2026-09-10 00:20:00,326792810.8,48437263.09605708
2026-09-10 00:25:00,326857269.0,48447274.6970835
2026-09-10 00:30:00,328287936.4,48914902.5236
2026-09-10 00:35:00,328347691.7,48808884.371205
2026-09-10 00:40:00,328109899.9,48714476.838153
2026-09-10 00:45:00,327050020.2,48413214.490206
2026-09-10 00:50:00,326912331.0,48458214.82413
2026-09-10 00:55:00,326399190.3,48301508.53022158
2026-09-10 01:00:00,326660047.4,48312109.62892775
2026-09-10 01:05:00,326887571.3,48685471.14966817
2026-09-10 01:10:00,326755670.0,48529752.1084
2026-09-10 01:15:00,326656137.6,48417704.42482022
2026-09-10 01:20:00,325230463.9,48033287.213391
2026-09-10 01:25:00,326668758.8,48181645.97688373
2026-09-10 01:30:00,325436018.6,47715429.047132
2026-09-10 01:35:00,324638666.2,47488527.16536212
2026-09-10 01:40:00,325422926.5,47445579.02535476
2026-09-10 01:45:00,326241361.2,47722586.316336
2026-09-10 01:50:00,326003945.5,47540976.07009497
2026-09-10 01:55:00,326825523.6,47683843.89324
2026-09-10 02:00:00,327209171.1,47876797.63878759
2026-09-10 02:05:00,327108640.0,47941042.2784
2026-09-10 02:10:00,326911251.8,47823847.025822
2026-09-10 02:15:00,326447845.0,47688859.2206352
2026-09-10 02:20:00,325926034.3,47668608.73923771
2026-09-10 02:25:00,325983738.7,47743578.370002
2026-09-10 02:30:00,325984633.9,47860943.33488346
2026-09-10 02:35:00,325644025.7,48260376.2234946
2026-09-10 02:40:00,325650209.0,48330418.35712054
2026-09-10 02:45:00,325723997.6,48389557.083456
2026-09-10 02:50:00,325618048.6,48440093.59762804
2026-09-10 02:55:00,325236998.6,48483079.381302
2026-09-10 03:00:00,325303423.3,48539154.8792342
2026-09-10 03:05:00,325479881.0,48646223.01426
2026-09-10 03:10:00,325609284.7,48935145.38634367
2026-09-10 03:15:00,325443182.9,48862010.19071954
2026-09-10 03:20:00,325760204.8,48987819.597824
2026-09-10 03:25:00,325551470.7,48813187.516758
2026-09-10 03:30:00,325794067.3,49041780.950669
2026-09-10 03:35:00,325793426.1,48992528.71870303
2026-09-10 03:40:00,325517844.7,48967649.378221
2026-09-10 03:45:00,325437156.3,48932548.57646047
2026-09-10 03:50:00,325830715.6,49109205.455232
2026-09-10 03:55:00,325724347.9,49063858.524177
2026-09-10 04:00:00,325552079.5,49009775.52437461
2026-09-10 04:05:00,325329489.3,48933543.73025882
2026-09-10 04:10:00,325127417.1,48814630.403394
2026-09-10 04:15:00,325062229.1,48781415.84222277
2026-09-10 04:20:00,324707767.4,49064330.7657529
2026-09-10 04:25:00,324459429.3,48918748.155561
2026-09-10 04:30:00,324458839.0,48931637.50959
2026-09-10 04:35:00,324429105.4,49040703.572264
2026-09-10 04:40:00,324295828.4,49081868.79026131
2026-09-10 04:45:00,324013777.4,48990883.14288
2026-09-10 04:50:00,323902565.5,49012936.21146
2026-09-10 04:55:00,323754035.5,48961322.788665
2026-09-10 05:00:00,324750755.3,49180254.382632
2026-09-10 05:05:00,324772797.7,48823094.678241
2026-09-10 05:10:00,324636123.8,48970680.78573126
2026-09-10 05:15:00,323929981.2,49300824.74361651
2026-09-10 05:20:00,324559368.6,49034562.47742913
2026-09-10 05:25:00,324553247.4,48926869.40222625
2026-09-10 05:30:00,324507406.5,49131398.11139356
2026-09-10 05:35:00,324640798.8,49416312.70728189
2026-09-10 05:40:00,322763096.1,49105177.440654
2026-09-10 05:45:00,322270382.8,48939986.77741566
2026-09-10 05:50:00,322943392.5,49039283.55338535
2026-09-10 05:55:00,322901561.6,49074601.93507731
2026-09-10 06:00:00,322478566.5,48982859.28501785
2026-09-10 06:05:00,322827493.8,48559711.617396
2026-09-10 06:10:00,322987268.4,48597032.60894997
2026-09-10 06:15:00,322811343.0,48509577.15379146
2026-09-10 06:20:00,322864478.9,48487787.441202
2026-09-10 06:25:00,322949129.2,48426948.5590807
2026-09-10 06:30:00,322823332.3,48684986.744163
2026-09-10 06:35:00,322938591.8,48664485.10315394
2026-09-10 06:40:00,322769056.4,48659368.63894784
2026-09-10 06:45:00,322774741.7,48448488.72917
2026-09-10 06:50:00,322774146.5,48603799.00248242
2026-09-10 06:55:00,323472246.2,48617878.60386
2026-09-10 07:00:00,323463982.3,48671625.416681
2026-09-10 07:05:00,323509162.2,48555490.154598
2026-09-10 07:10:00,323319309.4,48507595.989282
2026-09-10 07:15:00,323415331.0,48564046.10296
2026-09-10 07:20:00,323275032.4,48342548.345096
2026-09-10 07:25:00,323241271.3,48201738.376256
2026-09-10 07:30:00,323404155.6,48231185.97935382
2026-09-10 07:35:00,323899243.1,48216979.03174
2026-09-10 07:40:00,322539346.4,47855162.825368
2026-09-10 07:45:00,322508909.0,47840971.56106
2026-09-10 07:50:00,322481834.2,47978847.292276
2026-09-10 07:55:00,322122789.7,48273321.264442
2026-09-10 08:00:00,322197117.9,48171691.097229
2026-09-10 08:05:00,323050799.9,48176565.789087
2026-09-10 08:10:00,323789578.2,48650407.29961711
2026-09-10 08:15:00,323510260.2,48395096.81128074
2026-09-10 08:20:00,323538977.8,48495257.382442
2026-09-10 08:25:00,323514632.1,48462491.88858
2026-09-10 08:30:00,323968221.3,48545290.25400439
2026-09-10 08:35:00,324305798.8,48643852.63793147
2026-09-10 08:40:00,324232622.3,48595985.430324
2026-09-10 08:45:00,324477732.0,48470483.60616
2026-09-10 08:50:00,324403378.1,48521013.262417
2026-09-10 08:55:00,324109001.8,48430246.88116644
2026-09-10 09:00:00,324249024.9,48326074.671096
2026-09-10 09:05:00,324182864.3,48209233.750053
2026-09-10 09:10:00,323710308.0,47941496.6148
2026-09-10 09:15:00,323445104.4,48006184.92154729
2026-09-10 09:20:00,323484006.6,48241169.904258
2026-09-10 09:25:00,323415744.2,48213253.81313407
2026-09-10 09:30:00,323395944.0,48161123.27394696
2026-09-10 09:35:00,323669288.6,48026049.042468
2026-09-10 09:40:00,323467986.7,47980006.467211
2026-09-10 09:45:00,323178176.5,47937018.920245
2026-09-10 09:50:00,322945626.1,47955087.34951703
2026-09-10 09:55:00,323831882.1,48298958.50942133
2026-09-10 10:00:00,323566381.9,48348712.47557836
2026-09-10 10:05:00,323094369.0,48480132.36654705
2026-09-10 10:10:00,323069476.5,48337936.14437456
2026-09-10 10:15:00,323285714.0,48499232.29428008
2026-09-10 10:20:00,323460994.8,48483568.510572
2026-09-10 10:25:00,323373104.3,48405719.982667
2026-09-10 10:30:00,323331981.2,48370464.38752
2026-09-10 10:35:00,323622374.9,48167954.280116
2026-09-10 10:40:00,323774788.1,48391379.829426
2026-09-10 10:45:00,323831350.7,48354497.286524
2026-09-10 10:50:00,323712710.2,48139317.133842
2026-09-10 10:55:00,323859775.2,48035587.87197394
2026-09-10 11:00:00,325165748.4,48056245.956036
2026-09-10 11:05:00,325284757.2,48091256.51818363
2026-09-10 11:10:00,325454403.1,48048496.60165284
2026-09-10 11:15:00,325281208.7,48042704.12484641
2026-09-10 11:20:00,325364976.4,48183299.355076
2026-09-10 11:25:00,325051631.6,48282272.21536078
2026-09-10 11:30:00,324736999.6,48236729.43125363
2026-09-10 11:35:00,324896248.1,48195109.443154
2026-09-10 11:40:00,324522585.2,48295736.70933898
2026-09-10 11:45:00,324364609.7,48263371.50256573
2026-09-10 11:50:00,324579821.0,48159956.14044051
2026-09-10 11:55:00,325031067.2,48237860.683152
2026-09-10 12:00:00,324813936.9,48123448.70487519
2026-09-10 12:05:00,324949688.8,48190812.22929934
2026-09-10 12:10:00,325067887.3,48146194.86946776
2026-09-10 12:15:00,325180183.1,48045375.30482683
2026-09-10 12:20:00,325223199.4,48103516.25362246
2026-09-10 12:25:00,325199370.8,48054711.023116
2026-09-10 12:30:00,325171956.0,48028834.39643328
2026-09-10 12:35:00,326745589.8,48502112.0824561
2026-09-10 12:40:00,326796488.3,48483527.004188
2026-09-10 12:45:00,327164426.2,48636698.72757885
2026-09-10 12:50:00,323392985.0,47714785.1288758
2026-09-10 12:55:00,325749091.5,48034276.95949785
2026-09-10 13:00:00,326024603.9,48294024.575707
2026-09-10 13:05:00,325617568.9,48204424.899956
2026-09-10 13:10:00,325480735.5,48171148.854
2026-09-10 13:15:00,325882573.4,48127459.4757645
2026-09-10 13:20:00,326137201.4,48206310.38658588
2026-09-10 13:25:00,325777374.5,48456758.69123653
2026-09-10 13:30:00,325365519.7,48384120.57706231
2026-09-10 13:35:00,326002768.3,48440751.341697
2026-09-10 13:40:00,326822845.1,48681890.3554136
2026-09-10 13:45:00,326993781.9,48794012.135118
2026-09-10 13:50:00,326400662.1,48929479.6688884
2026-09-10 13:55:00,325730453.1,48532811.46097273
2026-09-10 14:00:00,325491693.0,48664263.02043
2026-09-10 14:05:00,328368248.6,50022867.02843471
2026-09-10 14:10:00,330841828.1,50271415.779795
2026-09-10 14:15:00,330850722.0,50203288.55628
2026-09-10 14:20:00,329727045.9,49890765.20892641
2026-09-10 14:25:00,330048279.6,49916501.806704
2026-09-10 14:30:00,330054905.9,49970312.75326
2026-09-10 14:35:00,329717916.1,50028099.409853
2026-09-10 14:40:00,330571104.1,50643559.26234082
2026-09-10 14:45:00,329797901.1,50383225.351047
2026-09-10 14:50:00,330125075.7,50189294.90250806
2026-09-10 14:55:00,329722282.3,50061734.121609
2026-09-10 15:00:00,329558562.6,50116909.85648541
2026-09-10 15:05:00,329532899.0,49780617.17045782
2026-09-10 15:10:00,329503496.6,50305460.28263533
2026-09-10 15:15:00,328904605.6,49881672.485296
2026-09-10 15:20:00,328625534.7,49533388.36103026
2026-09-10 15:25:00,328948364.9,49667913.616251
2026-09-10 15:30:00,328767840.2,49094063.21907349
2026-09-10 15:35:00,328603609.2,49397731.87732104
2026-09-10 15:40:00,328424722.3,49434489.200596
2026-09-10 15:45:00,328314540.9,49412398.86141711
2026-09-10 15:50:00,327772193.3,49237938.877526
2026-09-10 15:55:00,327645674.4,48999410.60652
2026-09-10 16:00:00,327472172.6,49088078.67274
2026-09-10 16:05:00,327552870.0,49104168.0824853
2026-09-10 16:10:00,325088985.7,48200943.909739
2026-09-10 16:15:00,326958126.8,48617561.79752888
2026-09-10 16:20:00,326382705.3,48381079.21398126
2026-09-10 16:25:00,326775416.4,48510513.13172526
2026-09-10 16:30:00,327371221.9,48618545.08567614
2026-09-10 16:35:00,326529919.1,48295508.90876042
2026-09-10 16:40:00,326388574.6,48161898.067976
2026-09-10 16:45:00,326421738.5,48160403.65963756
2026-09-10 16:50:00,326257553.0,48217603.75787
2026-09-10 16:55:00,326226435.4,48372875.41469812
2026-09-10 17:00:00,326249965.1,48393003.14824601
2026-09-10 17:05:00,326530532.0,48352641.17856
2026-09-10 17:10:00,326698408.7,48364432.423948
2026-09-10 17:15:00,326471203.8,48386297.115198
2026-09-10 17:20:00,326484839.5,48394207.84879958
2026-09-10 17:25:00,326288394.3,48460352.321436
2026-09-10 17:30:00,326238058.5,48511599.29895
2026-09-10 17:35:00,325794776.1,48569283.22822682
2026-09-10 17:40:00,326708701.2,48496564.46312673
2026-09-10 17:45:00,326752504.3,48503465.22327126
2026-09-10 17:50:00,327121851.6,48629934.458856
2026-09-10 17:55:00,328179275.5,49214988.26267762
2026-09-10 18:00:00,327311354.6,49165098.17065722
2026-09-10 18:05:00,327524158.2,48863329.161858
2026-09-10 18:10:00,327425965.6,48707886.642656
2026-09-10 18:15:00,327701964.5,48814825.44196308
2026-09-10 18:20:00,327669546.4,48762064.90682486
2026-09-10 18:25:00,327842035.8,48956651.206014
2026-09-10 18:30:00,327712891.8,48938631.10425635
2026-09-10 18:35:00,327243404.4,48949068.430152
2026-09-10 18:40:00,327217371.3,49150185.89869459
2026-09-10 18:45:00,327297099.3,49065108.156063
2026-09-10 18:50:00,325510517.0,48468515.9813
2026-09-10 18:55:00,325247475.7,48805302.68889163
2026-09-10 19:00:00,325297221.8,48768559.492256
2026-09-10 19:05:00,325342554.4,48476040.6056
2026-09-10 19:10:00,324931736.3,48182622.74198793
2026-09-10 19:15:00,323756817.0,47990307.86793333
2026-09-10 19:20:00,323503340.4,47962605.247704
2026-09-10 19:25:00,323368144.6,48035697.61140369
2026-09-10 19:30:00,323327474.0,48215608.17114836
2026-09-10 19:35:00,323041584.1,48097661.456649
2026-09-10 19:40:00,322706754.5,48003568.80853059
2026-09-10 19:45:00,322810996.8,48050849.44041571
2026-09-10 19:50:00,322629230.4,47865272.622144
2026-09-10 19:55:00,321978420.7,47562652.305804
2026-09-10 20:00:00,321656610.1,47463649.386356
2026-09-10 20:05:00,321328592.4,47508432.38634
2026-09-10 20:10:00,320602964.6,47547615.78048751
2026-09-10 20:15:00,320789712.5,47595633.8015675
2026-09-10 20:20:00,321336607.9,47718486.27315
2026-09-10 20:25:00,321247726.0,47515751.15266
2026-09-10 20:30:00,321267101.7,47528255.025498
2026-09-10 20:35:00,321773763.8,47506678.487432
2026-09-10 20:40:00,321496856.0,47269213.35227024
2026-09-10 20:45:00,321637699.2,47297650.27624694
2026-09-10 20:50:00,321429543.4,47703358.535994
2026-09-10 20:55:00,322129318.5,47946810.12005016
2026-09-10 21:00:00,322029657.3,47740896.694725
2026-09-10 21:05:00,322017630.1,47726886.65291011
2026-09-10 21:10:00,321965058.0,47796768.90549024
2026-09-10 21:15:00,321945966.6,47693075.492124
2026-09-10 21:20:00,322023409.7,47466250.58978
2026-09-10 21:25:00,321745664.5,47415658.577365
2026-09-10 21:30:00,321754976.9,47426683.59506
2026-09-10 21:35:00,322056598.1,47361643.316586
2026-09-10 21:40:00,321501689.4,47009977.024068
2026-09-10 21:45:00,321406672.7,47221068.353084
2026-09-10 21:50:00,321380769.4,47249317.15818796
2026-09-10 21:55:00,321391445.7,47187524.46151836
2026-09-10 22:00:00,321445028.2,47117412.233556
2026-09-10 22:05:00,321372689.0,47218726.79256425
2026-09-10 22:10:00,321354632.6,47277693.548112
2026-09-10 22:15:00,321350405.5,47122823.46252
2026-09-10 22:20:00,321455701.3,47221842.52097
2026-09-10 22:25:00,321462062.0,47196121.27361896
2026-09-10 22:30:00,321392402.1,47057308.12435168
2026-09-10 22:35:00,314873724.0,44749538.781156
2026-09-10 22:40:00,315083338.1,45182950.68354
2026-09-10 22:45:00,314182568.7,44824427.076429
2026-09-10 22:50:00,314083741.0,44881614.91516477
2026-09-10 22:55:00,313756573.0,44749179.81676324
2026-09-10 23:00:00,313469700.0,44625546.492
2026-09-10 23:05:00,313181505.6,44751592.07500843
2026-09-10 23:10:00,313586925.9,44789620.626297
2026-09-10 23:15:00,313330885.1,44513699.98901396
2026-09-10 23:20:00,313459890.3,44766761.69479889
2026-09-10 23:25:00,313439087.3,44652532.376758
2026-09-10 23:30:00,313423983.8,44720076.82342561
2026-09-10 23:35:00,313008528.7,44347226.76107736
2026-09-10 23:40:00,313329423.2,44115733.13299228
2026-09-10 23:45:00,313172046.3,44045885.15347433
2026-09-10 23:50:00,314771538.5,44102640.259235
2026-09-10 23:55:00,315233059.6,44160999.319364
2026-09-11 00:00:00,316113469.9,44193099.32860846
2026-09-11 00:05:00,315899787.9,44616356.10488894
2026-09-11 00:10:00,315542257.9,44535634.280006
2026-09-11 00:15:00,315880432.8,44551776.242112
2026-09-11 00:20:00,316137337.4,44651237.534376
2026-09-11 00:25:00,316242816.9,44632952.10017868
2026-09-11 00:30:00,316494954.0,44848977.59061126
2026-09-11 00:35:00,316693491.6,44938806.45804
2026-09-11 00:40:00,317180826.8,45058708.255208
2026-09-11 00:45:00,317189591.0,45016089.14892061
2026-09-11 00:50:00,316983145.1,45303773.13887012
2026-09-11 00:55:00,317108145.4,45479650.213268
2026-09-11 01:00:00,316967927.1,45439609.16142596
2026-09-11 01:05:00,316139986.5,45555772.05465
2026-09-11 01:10:00,315488511.4,45445463.85106629
2026-09-11 01:15:00,315562192.6,45292641.503878
2026-09-11 01:20:00,315837209.8,45322639.6063
2026-09-11 01:25:00,316150357.8,45428087.52278292
2026-09-11 01:30:00,315969002.7,45261349.47549466
2026-09-11 01:35:00,315629111.2,45037181.00295024
2026-09-11 01:40:00,315393278.6,44946724.51868107
2026-09-11 01:45:00,315294842.4,45029895.46097489
2026-09-11 01:50:00,314645260.4,45035176.121052
2026-09-11 01:55:00,314637151.0,45034015.42263
2026-09-11 02:00:00,314695670.4,45231208.706592
2026-09-11 02:05:00,314267303.1,45209651.9875937
2026-09-11 02:10:00,314174394.5,45171994.44121
2026-09-11 02:15:00,314335079.9,45289238.00110125
2026-09-11 02:20:00,314150500.5,45093162.84177
2026-09-11 02:25:00,313948133.3,45041338.11681108
2026-09-11 02:30:00,313868746.3,45005639.531957
2026-09-11 02:35:00,313806192.7,44993531.909326
2026-09-11 02:40:00,313972312.1,45057331.34312081
2026-09-11 02:45:00,314007828.4,45041282.905696
2026-09-11 02:50:00,313777488.0,45259133.08257504
2026-09-11 02:55:00,313944985.0,45120173.2442
2026-09-11 03:00:00,313795073.0,45348383.66606216
2026-09-11 03:05:00,313691276.6,45199776.045294
2026-09-11 03:10:00,313420383.4,45054180.11375
2026-09-11 03:15:00,313160110.4,45368003.11822353
2026-09-11 03:20:00,313370056.5,45432390.79137
2026-09-11 03:25:00,313594728.7,45700159.813451
2026-09-11 03:30:00,313400719.6,45458774.37798
2026-09-11 03:35:00,313526667.0,45417827.26675371
2026-09-11 03:40:00,314459453.6,46037640.72189039
2026-09-11 03:45:00,314853694.0,46020583.88643612
2026-09-11 03:50:00,315143591.9,45998358.673724
2026-09-11 03:55:00,315273140.3,46027482.40793372
2026-09-11 04:00:00,315179910.1,46057798.13135388
2026-09-11 04:05:00,315190180.9,46020918.313209
2026-09-11 04:10:00,315242821.0,46060128.57631
2026-09-11 04:15:00,315202606.2,46109375.42365426
2026-09-11 04:20:00,315478115.7,46182841.357323
2026-09-11 04:25:00,315430020.1,46468992.84612195
2026-09-11 04:30:00,315637667.2,46560390.90965648
2026-09-11 04:35:00,315587290.4,46608746.08490237
2026-09-11 04:40:00,315700317.4,46839029.12720335
2026-09-11 04:45:00,315205131.0,46850407.47644046
2026-09-11 04:50:00,314457051.7,46659137.331246
2026-09-11 04:55:00,314235602.8,46488015.078232
2026-09-11 05:00:00,314175649.5,46406885.187645
2026-09-11 05:05:00,314258947.1,46337481.749895
2026-09-11 05:10:00,314218987.2,46293883.384176
2026-09-11 05:15:00,313704798.4,46158524.036576
2026-09-11 05:20:00,313589817.0,46024034.57919036
2026-09-11 05:25:00,313572313.7,45997885.06797536
2026-09-11 05:30:00,312967935.5,45679231.89622314
2026-09-11 05:35:00,313990756.1,45903762.41145974
2026-09-11 05:40:00,314354426.9,46008913.921084
2026-09-11 05:45:00,314279198.6,46007014.46106342
2026-09-11 05:50:00,314232464.8,46101088.90335307
2026-09-11 05:55:00,314473711.9,46174175.118277
2026-09-11 06:00:00,314503278.3,46263432.23793
2026-09-11 06:05:00,314295861.3,45994056.342642
2026-09-11 06:10:00,314235995.1,45935017.763718
2026-09-11 06:15:00,314283097.7,45881670.86611179
2026-09-11 06:20:00,313915493.5,45809687.966455
2026-09-11 06:25:00,314650328.0,45677788.11576
2026-09-11 06:30:00,314958319.9,45697302.634291
2026-09-11 06:35:00,314203449.6,45430676.777664
2026-09-11 06:40:00,314342219.1,45528600.88391788
2026-09-11 06:45:00,314448100.9,45433184.79362493
2026-09-11 06:50:00,314521998.2,45624180.48727418
2026-09-11 06:55:00,314742784.8,45589526.11793067
2026-09-11 07:00:00,314847277.8,45574143.46155
2026-09-11 07:05:00,315064413.1,45671614.44785489
2026-09-11 07:10:00,315271765.4,45684385.80549862
2026-09-11 07:15:00,315682817.0,45834704.80022459
2026-09-11 07:20:00,315882364.6,45901719.28241042
2026-09-11 07:25:00,315998489.7,45968300.296659
2026-09-11 07:30:00,316018295.5,45872242.43842986
2026-09-11 07:35:00,315400160.6,45580268.68121821
2026-09-11 07:40:00,315342308.7,45577849.22364632
2026-09-11 07:45:00,315386795.6,45601776.775804
2026-09-11 07:50:00,315302341.9,45520388.28150814
2026-09-11 07:55:00,314257616.0,45217573.02308736
2026-09-11 08:00:00,314326643.0,45222457.0223887
2026-09-11 08:05:00,314165949.7,45177371.4494907
2026-09-11 08:10:00,315204578.8,45270037.78843004
2026-09-11 08:15:00,315480376.7,45391316.599596
2026-09-11 08:20:00,315701258.1,45491711.52686346
2026-09-11 08:25:00,316925808.4,45850366.61503882
2026-09-11 08:30:00,316876592.5,45718954.7659
2026-09-11 08:35:00,316966443.3,45873526.36753271
2026-09-11 08:40:00,316777896.0,45811462.65027408
2026-09-11 08:45:00,316736784.1,45795438.60698396
2026-09-11 08:50:00,316674142.6,45675925.63474494
2026-09-11 08:55:00,315513553.9,45271165.69860084
2026-09-11 09:00:00,315477576.9,45201627.218232
2026-09-11 09:05:00,315518853.3,45232782.809088
2026-09-11 09:10:00,316016179.7,45313970.82821661
2026-09-11 09:15:00,316024364.6,45130968.63222275
2026-09-11 09:20:00,316196659.8,45148582.74486672
2026-09-11 09:25:00,316221599.0,45036539.43129118
2026-09-11 09:30:00,316415487.4,45168367.78113774
2026-09-11 09:35:00,316418886.3,45163673.1975558
2026-09-11 09:40:00,316259684.5,44855111.052635
2026-09-11 09:45:00,317065824.0,44940909.89376
2026-09-11 09:50:00,317044941.1,45029892.984433
2026-09-11 09:55:00,316774443.5,44992266.14641375
2026-09-11 10:00:00,316905410.5,45006906.39921
2026-09-11 10:05:00,317070705.0,45198562.1674461
2026-09-11 10:10:00,317939725.6,45137902.843432
2026-09-11 10:15:00,317779406.9,45026564.5657137
2026-09-11 10:20:00,317757013.1,45156811.37463594
2026-09-11 10:25:00,317849047.6,44994711.178256
2026-09-11 10:30:00,317740668.2,44810709.06630476
2026-09-11 10:35:00,318519714.0,44925718.17263562
2026-09-11 10:40:00,318860674.5,44852473.0064076
2026-09-11 10:45:00,318994322.0,44840397.04483922
2026-09-11 10:50:00,319343209.3,44870821.72921231
2026-09-11 10:55:00,319614574.4,44921828.43192
2026-09-11 11:00:00,319822673.3,44859207.66940957
2026-09-11 11:05:00,318208805.1,44204097.07981244
2026-09-11 11:10:00,318257889.1,44071983.30341665
2026-09-11 11:15:00,317861663.4,44044911.43056679
2026-09-11 11:20:00,317783986.9,44076638.98303
2026-09-11 11:25:00,317674858.9,44182845.19528403
2026-09-11 11:30:00,317147003.8,44127834.108732
2026-09-11 11:35:00,317272948.9,44295463.11480008
2026-09-11 11:40:00,317333508.4,44324284.47950424
2026-09-11 11:45:00,317661269.1,44418759.50178908
2026-09-11 11:50:00,317787808.6,44333592.03557934
2026-09-11 11:55:00,318038121.9,44366318.00505
2026-09-11 12:00:00,318177917.7,44604671.83628159
2026-09-11 12:05:00,319438309.9,45013611.10696131
2026-09-11 12:10:00,319609653.8,44762473.02115407
2026-09-11 12:15:00,317515168.6,44305999.94825859
2026-09-11 12:20:00,317625539.6,44353894.18712176
2026-09-11 12:25:00,317612273.3,44439423.14189349
2026-09-11 12:30:00,315917871.3,44517440.46709098
2026-09-11 12:35:00,316115585.1,45118333.43271078
2026-09-11 12:40:00,317409430.2,45904957.95135876
2026-09-11 12:45:00,316491110.9,45331325.64567346
2026-09-11 12:50:00,316414684.6,45477915.57652386
2026-09-11 12:55:00,317035755.2,45602423.027968
2026-09-11 13:00:00,316938191.4,45563034.395664
2026-09-11 13:05:00,316554065.5,45482013.29994175
2026-09-11 13:10:00,316194815.0,45434383.94359465
2026-09-11 13:15:00,315670987.6,45380861.177376
2026-09-11 13:20:00,315126618.8,45244742.32021013
2026-09-11 13:25:00,315063683.1,45243144.89316
2026-09-11 13:30:00,314888009.0,44875483.68037268
2026-09-11 13:35:00,314808325.0,44661857.06775
2026-09-11 13:40:00,314478322.5,44543376.2929437
2026-09-11 13:45:00,314778365.9,44977531.76241547
2026-09-11 13:50:00,315945446.4,46060760.91049805
2026-09-11 13:55:00,315290794.2,46501583.43170606
2026-09-11 14:00:00,311753586.1,47171435.112791
2026-09-11 14:05:00,308149232.7,46505882.199084
2026-09-11 14:10:00,306564928.4,46015132.10700157
2026-09-11 14:15:00,306831999.9,45976320.5290158
2026-09-11 14:20:00,307238005.7,45962805.65272
2026-09-11 14:25:00,307032299.1,45885725.33400974
2026-09-11 14:30:00,306022210.8,45395334.750072
2026-09-11 14:35:00,304932246.0,44842430.44798938
2026-09-11 14:40:00,304805272.9,44785038.747197
2026-09-11 14:45:00,303998941.0,44514564.93063
2026-09-11 14:50:00,303508569.6,44445794.932224
2026-09-11 14:55:00,303225565.5,44555776.59471939
2026-09-11 15:00:00,303378326.2,44535938.28616
2026-09-11 15:05:00,303472106.3,44962651.83876666
2026-09-11 15:10:00,303031881.9,44846621.54057726
2026-09-11 15:15:00,302131750.6,44365026.258104
2026-09-11 15:20:00,302661470.0,44499535.0675074
2026-09-11 15:25:00,303008003.0,44987598.20541
2026-09-11 15:30:00,302951632.1,44936845.88455621
2026-09-11 15:35:00,302960741.6,44985098.45000926
2026-09-11 15:40:00,302892537.2,44873529.38618
2026-09-11 15:45:00,302705859.2,44715237.29988365
2026-09-11 15:50:00,306681223.0,45480825.3709
2026-09-11 15:55:00,302655321.4,43630791.133024
2026-09-11 16:00:00,302018111.5,43508496.58874415
2026-09-11 16:05:00,303360538.6,43811328.984612
2026-09-11 16:10:00,303883680.5,44064914.43086773
2026-09-11 16:15:00,305017512.9,44057461.60530696
2026-09-11 16:20:00,305040878.2,44024914.93149885
2026-09-11 16:25:00,305395042.6,43799757.009692
2026-09-11 16:30:00,305495010.6,43947834.02599247
2026-09-11 16:35:00,306002696.5,44327847.43760561
2026-09-11 16:40:00,306165735.9,44170028.60648613
2026-09-11 16:45:00,306048446.2,44364782.761152
2026-09-11 16:50:00,305949273.1,44492520.06593095
2026-09-11 16:55:00,308591213.0,44927794.70067
2026-09-11 17:00:00,308441321.3,44850452.530233
2026-09-11 17:05:00,308340938.8,44789604.770088
2026-09-11 17:10:00,307638200.5,44622920.982525
2026-09-11 17:15:00,307513299.4,44411070.699348
2026-09-11 17:20:00,307591966.6,44512765.42512309
2026-09-11 17:25:00,307467195.9,44496652.590648
2026-09-11 17:30:00,307480137.9,44567800.83195687
2026-09-11 17:35:00,307498717.2,44684554.31334016
2026-09-11 17:40:00,307655388.5,44311605.605655
2026-09-11 17:45:00,307506143.8,44293184.952952
2026-09-11 17:50:00,307659155.6,44331992.1966042
2026-09-11 17:55:00,307847033.3,44151421.515886
2026-09-11 18:00:00,307977897.6,44338848.00985469
2026-09-11 18:05:00,305490880.0,43587438.7584
2026-09-11 18:10:00,305063219.3,43186909.17170064
2026-09-11 18:15:00,305239557.8,43310440.856242
2026-09-11 18:20:00,305201423.1,43656011.560224
2026-09-11 18:25:00,305325645.7,43447537.11072075
2026-09-11 18:30:00,305568142.8,43549865.05727309
2026-09-11 18:35:00,305897738.6,43438179.38702139
2026-09-11 18:40:00,305432435.0,43285884.6882
2026-09-11 18:45:00,305755367.5,43138871.92289125
2026-09-11 18:50:00,305624086.7,43069044.46502532
2026-09-11 18:55:00,305198712.8,42571075.83708017
2026-09-11 19:00:00,305130673.3,42782371.703393
2026-09-11 19:05:00,305234404.8,42799968.241056
2026-09-11 19:10:00,305156551.6,42739552.22111697
2026-09-11 19:15:00,304133732.0,42809864.11632
2026-09-11 19:20:00,304744058.4,42749496.512352
2026-09-11 19:25:00,304859872.0,43052311.12384
2026-09-11 19:30:00,304672871.1,42989783.8878731
2026-09-11 19:35:00,304658775.5,42893222.80118377
2026-09-11 19:40:00,304731667.9,42984221.00535236
2026-09-11 19:45:00,304626180.1,43104089.66590563
2026-09-11 19:50:00,304576804.7,43036647.68028516
2026-09-11 19:55:00,304533234.8,43170631.365248
2026-09-11 20:00:00,304639983.9,43119200.28118185
2026-09-11 20:05:00,304667610.8,43290525.4861828
2026-09-11 20:10:00,304650301.7,43330412.410791
2026-09-11 20:15:00,304913206.4,43362277.26983997
2026-09-11 20:20:00,304810640.8,43042310.587368
2026-09-11 20:25:00,304920320.4,43036454.021256
2026-09-11 20:30:00,304746704.5,42922174.54145134
2026-09-11 20:35:00,304904803.7,42945841.601145
2026-09-11 20:40:00,305035733.3,43092687.82723764
2026-09-11 20:45:00,305012481.9,43104363.942108
2026-09-11 20:50:00,305023974.6,42895521.547998
2026-09-11 20:55:00,306171348.1,42631298.509444
2026-09-11 21:00:00,306004726.7,42747048.77200794
2026-09-11 21:05:00,306402093.4,42774191.8417801
2026-09-11 21:10:00,306250063.5,43038129.92382264
2026-09-11 21:15:00,306088325.4,43100297.099574
2026-09-11 21:20:00,306154244.3,43170592.61922955
2026-09-11 21:25:00,306272100.7,43141984.26540513
2026-09-11 21:30:00,306362339.0,42991104.01674996
2026-09-11 21:35:00,306405342.6,43148000.344932
2026-09-11 21:40:00,306162283.5,43028047.32309
2026-09-11 21:45:00,306102090.4,42969729.87633165
2026-09-11 21:50:00,305909387.5,42561173.082875
2026-09-11 21:55:00,306111993.1,42436005.61369976
2026-09-11 22:00:00,305233145.2,42244267.29568
2026-09-11 22:05:00,304260673.0,42423881.05499364
2026-09-11 22:10:00,304357836.6,42187146.25636881
2026-09-11 22:15:00,303788095.7,42256696.27079823
2026-09-11 22:20:00,303888247.2,42218543.86264699
2026-09-11 22:25:00,303643960.0,42219211.8668468
2026-09-11 22:30:00,303628881.8,42068400.97630888
2026-09-11 22:35:00,303351164.7,41868151.59644977
2026-09-11 22:40:00,303228898.4,42144747.54578348
2026-09-11 22:45:00,303331233.4,42035642.324572
2026-09-11 22:50:00,303052266.5,41837771.55284156
2026-09-11 22:55:00,302968367.3,41782367.534343
2026-09-11 23:00:00,303186895.4,41745803.627626
2026-09-11 23:05:00,303630082.4,41943459.582736
