t,oi,oiv
2026-08-11 23:10:00,622736.2,382459664.592
2026-08-11 23:15:00,622809.74,382461233.2366
2026-08-11 23:20:00,623013.82,382609839.3047357
2026-08-11 23:25:00,623072.99,382872121.6251
2026-08-11 23:30:00,622966.14,384004831.9159356
2026-08-11 23:35:00,623128.2,384239541.966
2026-08-11 23:40:00,623178.92,384023024.63155466
2026-08-11 23:45:00,622474.25,384089262.66249144
2026-08-11 23:50:00,622615.84,384172651.7552
2026-08-11 23:55:00,622716.07,384371494.2075
2026-08-12 00:00:00,623129.8,384439930.11
2026-08-12 00:05:00,623629.96,384828881.3859114
2026-08-12 00:10:00,623819.17,385058620.8742
2026-08-12 00:15:00,624242.81,384739571.0873
2026-08-12 00:20:00,624690.75,384590860.2375
2026-08-12 00:25:00,625035.34,384665499.2962
2026-08-12 00:30:00,625133.98,385051274.981
2026-08-12 00:35:00,625479.44,385783209.0032
2026-08-12 00:40:00,625729.74,386050220.3904
2026-08-12 00:45:00,625979.45,386135423.7325
2026-08-12 00:50:00,626082.03,386298873.3303
2026-08-12 00:55:00,626164.64,386575263.7968
2026-08-12 01:00:00,626599.18,387235339.92768085
2026-08-12 01:05:00,627769.13,388667919.2782812
2026-08-12 01:10:00,628391.83,389979969.698
2026-08-12 01:15:00,629002.02,389905772.1576
2026-08-12 01:20:00,629336.14,388577306.2816
2026-08-12 01:25:00,629170.44,388462413.0648
2026-08-12 01:30:00,629506.26,388172445.1038
2026-08-12 01:35:00,629366.03,388564293.2617
2026-08-12 01:40:00,629564.05,389146130.586
2026-08-12 01:45:00,629734.01,389765974.9223547
2026-08-12 01:50:00,630161.36,390174625.5913316
2026-08-12 01:55:00,630247.43,390425677.9364
2026-08-12 02:00:00,630082.4,389960623.4237276
2026-08-12 02:05:00,630158.41,390093678.16958547
2026-08-12 02:10:00,630699.62,390365222.8028
2026-08-12 02:15:00,631720.18,390516780.8724
2026-08-12 02:20:00,631824.16,390618968.6784
2026-08-12 02:25:00,632843.66,390475314.8703871
2026-08-12 02:30:00,632702.61,390655899.5184
2026-08-12 02:35:00,632750.44,390398436.3410126
2026-08-12 02:40:00,632717.86,390488974.9861208
2026-08-12 02:45:00,632917.65,390636773.58
2026-08-12 02:50:00,632852.82,390349378.108835
2026-08-12 02:55:00,632576.88,389914063.0632
2026-08-12 03:00:00,632605.98,390020704.4971701
2026-08-12 03:05:00,632355.1,389595082.9220105
2026-08-12 03:10:00,632060.54,389124131.09078455
2026-08-12 03:15:00,632070.26,389342638.7548
2026-08-12 03:20:00,632161.41,389152242.3819
2026-08-12 03:25:00,631720.2,388375261.758
2026-08-12 03:30:00,631172.11,387729027.173
2026-08-12 03:35:00,629206.1,386065587.1886851
2026-08-12 03:40:00,628898.68,386531113.07942075
2026-08-12 03:45:00,629085.3,386591789.409
2026-08-12 03:50:00,628602.24,385981620.2447125
2026-08-12 03:55:00,628571.4,385730722.2976417
2026-08-12 04:00:00,628493.08,385655923.7496
2026-08-12 04:05:00,628208.07,385462189.6713
2026-08-12 04:10:00,627971.96,385159646.1418158
2026-08-12 04:15:00,627872.26,385997029.2802
2026-08-12 04:20:00,627971.69,386393279.0387142
2026-08-12 04:25:00,627874.21,386864694.4915
2026-08-12 04:30:00,627854.05,386290269.7410635
2026-08-12 04:35:00,627981.14,386047449.99224424
2026-08-12 04:40:00,628179.32,386208406.40586334
2026-08-12 04:45:00,628253.2,386497606.00645506
2026-08-12 04:50:00,628130.38,386437891.1038215
2026-08-12 04:55:00,628458.92,386734765.6004
2026-08-12 05:00:00,628859.69,386789099.9451158
2026-08-12 05:05:00,628988.08,386588653.7296
2026-08-12 05:10:00,629140.21,386870871.4841456
2026-08-12 05:15:00,629258.37,386905801.3782
2026-08-12 05:20:00,629286.29,386952620.963064
2026-08-12 05:25:00,629281.97,386648791.5601221
2026-08-12 05:30:00,628981.48,386163179.646
2026-08-12 05:35:00,628983.73,386435024.0374
2026-08-12 05:40:00,628962.18,386289702.0906
2026-08-12 05:45:00,628361.82,385613081.6976
2026-08-12 05:50:00,628319.94,385392601.5978
2026-08-12 05:55:00,628141.06,385414993.5170252
2026-08-12 06:00:00,628150.1,385409919.5714924
2026-08-12 06:05:00,623025.16,380610040.04194474
2026-08-12 06:10:00,622164.52,380357845.5997121
2026-08-12 06:15:00,622002.98,380185181.1642739
2026-08-12 06:20:00,621390.16,379619676.5472
2026-08-12 06:25:00,621115.55,379471261.23239446
2026-08-12 06:30:00,620942.74,379473062.97541076
2026-08-12 06:35:00,620661.79,379404345.6091
2026-08-12 06:40:00,620528.26,379493411.6183082
2026-08-12 06:45:00,620608.49,379484386.4753653
2026-08-12 06:50:00,620533.65,379633049.05103964
2026-08-12 06:55:00,620014.43,379132623.8007
2026-08-12 07:00:00,619998.21,379399520.1381068
2026-08-12 07:05:00,619849.56,379732237.4472
2026-08-12 07:10:00,619717.21,379428058.9946
2026-08-12 07:15:00,619876.63,379467988.6846369
2026-08-12 07:20:00,619912.19,379609428.6684
2026-08-12 07:25:00,619631.27,379294889.3051
2026-08-12 07:30:00,619592.29,379401142.8586
2026-08-12 07:35:00,619758.3,379663934.58
2026-08-12 07:40:00,619598.43,379135387.19794095
2026-08-12 07:45:00,619550.42,379115293.0064
2026-08-12 07:50:00,619547.93,379157137.6807
2026-08-12 07:55:00,619589.01,379238041.2408
2026-08-12 08:00:00,619549.41,379572791.61528873
2026-08-12 08:05:00,619507.26,379874235.3309673
2026-08-12 08:10:00,619103.13,379039700.3112
2026-08-12 08:15:00,619024.14,378915063.75857633
2026-08-12 08:20:00,619183.47,379280834.5485
2026-08-12 08:25:00,619098.56,379303114.7552
2026-08-12 08:30:00,619086.05,379023052.3915
2026-08-12 08:35:00,618950.77,378393120.03261197
2026-08-12 08:40:00,620507.56,379126848.8865964
2026-08-12 08:45:00,620556.38,378880697.809
2026-08-12 08:50:00,620396.68,379124411.148
2026-08-12 08:55:00,620314.19,378948530.92377406
2026-08-12 09:00:00,620260.31,378892212.9666
2026-08-12 09:05:00,620171.9,378844408.553
2026-08-12 09:10:00,620095.0,379456248.1924774
2026-08-12 09:15:00,620050.15,379334456.8736436
2026-08-12 09:20:00,620073.78,379671175.494
2026-08-12 09:25:00,620054.31,379529042.6079
2026-08-12 09:30:00,619749.36,379639865.4552
2026-08-12 09:35:00,619319.12,379490790.2911348
2026-08-12 09:40:00,619196.06,379861110.6481234
2026-08-12 09:45:00,619068.44,379730390.4116
2026-08-12 09:50:00,619139.53,379807777.9525207
2026-08-12 09:55:00,619353.22,380014541.10827684
2026-08-12 10:00:00,619377.61,380274707.61269444
2026-08-12 10:05:00,619798.7,380460846.25060546
2026-08-12 10:10:00,619783.8,380361318.06
2026-08-12 10:15:00,619903.23,380564791.9293
2026-08-12 10:20:00,619923.25,380440699.2925
2026-08-12 10:25:00,619764.17,380814094.2565
2026-08-12 10:30:00,619549.14,380520473.05732363
2026-08-12 10:35:00,619684.27,380591488.1059
2026-08-12 10:40:00,620063.75,380839668.1726866
2026-08-12 10:45:00,620415.35,381083924.584
2026-08-12 10:50:00,620079.97,380814313.8065854
2026-08-12 10:55:00,620444.13,381188464.5894
2026-08-12 11:00:00,620456.25,381090351.1516834
2026-08-12 11:05:00,620427.98,380976492.37426597
2026-08-12 11:10:00,620060.93,380561912.7600355
2026-08-12 11:15:00,619854.24,380552590.35972005
2026-08-12 11:20:00,619875.94,380709121.152995
2026-08-12 11:25:00,619826.26,380926624.6082
2026-08-12 11:30:00,620003.25,381170598.9068141
2026-08-12 11:35:00,620030.15,380991342.17755085
2026-08-12 11:40:00,619982.23,381078277.4918
2026-08-12 11:45:00,620089.73,381050906.98604333
2026-08-12 11:50:00,619963.38,380936766.8697681
2026-08-12 11:55:00,619485.02,380991255.17827576
2026-08-12 12:00:00,619508.23,381053317.1907
2026-08-12 12:05:00,619263.15,380894969.77558005
2026-08-12 12:10:00,619306.6,380941682.726
2026-08-12 12:15:00,619260.81,380897587.8409887
2026-08-12 12:20:00,619445.23,381234188.9872442
2026-08-12 12:25:00,619559.98,380918023.91868573
2026-08-12 12:30:00,618035.41,380184124.8105886
2026-08-12 12:35:00,616267.81,378394598.0181
2026-08-12 12:40:00,616248.25,377601560.84794575
2026-08-12 12:45:00,616125.59,376945635.962
2026-08-12 12:50:00,613813.09,375086228.0827207
2026-08-12 12:55:00,613674.75,375799259.8025805
2026-08-12 13:00:00,613199.4,375958684.134
2026-08-12 13:05:00,613146.29,376275052.08459556
2026-08-12 13:10:00,612866.31,376158955.0887
2026-08-12 13:15:00,612954.05,375849059.19444484
2026-08-12 13:20:00,613017.08,376273195.6575083
2026-08-12 13:25:00,613031.03,376291681.09416443
2026-08-12 13:30:00,613158.42,376384517.58348817
2026-08-12 13:35:00,613112.69,375814443.94789726
2026-08-12 13:40:00,613160.73,375877669.2236587
2026-08-12 13:45:00,613047.74,375796384.6600615
2026-08-12 13:50:00,613094.76,375784171.2468
2026-08-12 13:55:00,613052.28,375648323.85369915
2026-08-12 14:00:00,612969.13,375465400.9536763
2026-08-12 14:05:00,612683.99,374778796.683
2026-08-12 14:10:00,612346.17,375097328.0404143
2026-08-12 14:15:00,612755.56,375976521.5199676
2026-08-12 14:20:00,612769.25,375946190.26
2026-08-12 14:25:00,612541.78,375439107.7976
2026-08-12 14:30:00,611033.59,374004677.70140713
2026-08-12 14:35:00,610568.9,373040917.9513916
2026-08-12 14:40:00,613710.74,374744052.0588
2026-08-12 14:45:00,613812.8,374965963.264
2026-08-12 14:50:00,613715.03,375127174.9372
2026-08-12 14:55:00,613626.4,374612780.936
2026-08-12 15:00:00,613073.18,373726796.8866805
2026-08-12 15:05:00,612391.65,373773243.5775
2026-08-12 15:10:00,612521.9,373777922.81319
2026-08-12 15:15:00,612503.69,374180855.54304045
2026-08-12 15:20:00,612313.32,374343871.3152
2026-08-12 15:25:00,612360.82,374082402.4658344
2026-08-12 15:30:00,612336.59,373931811.8543239
2026-08-12 15:35:00,612223.06,373676466.9016
2026-08-12 15:40:00,612023.34,373854457.239
2026-08-12 15:45:00,611992.61,373889949.4468099
2026-08-12 15:50:00,611807.95,373901868.2627492
2026-08-12 15:55:00,611731.2,374061394.176
2026-08-12 16:00:00,611841.19,373924683.3154631
2026-08-12 16:05:00,612149.65,374262174.5135
2026-08-12 16:10:00,612137.81,373973352.2633
2026-08-12 16:15:00,612175.58,374038810.08620036
2026-08-12 16:20:00,612767.7,374468469.147
2026-08-12 16:25:00,612751.44,374354364.7536
2026-08-12 16:30:00,612825.31,374579532.8926299
2026-08-12 16:35:00,612746.61,374284011.7863
2026-08-12 16:40:00,612736.4,374351303.58
2026-08-12 16:45:00,612754.13,374288605.2279
2026-08-12 16:50:00,612812.44,374121994.62
2026-08-12 16:55:00,612805.42,374178989.452
2026-08-12 17:00:00,612763.87,374129108.4672
2026-08-12 17:05:00,612548.2,374229517.6306428
2026-08-12 17:10:00,612534.07,374489660.4200317
2026-08-12 17:15:00,612518.63,374606751.83360136
2026-08-12 17:20:00,612494.4,374497450.992
2026-08-12 17:25:00,612499.64,374288891.1032903
2026-08-12 17:30:00,612538.35,374340561.8355
2026-08-12 17:35:00,612419.47,374433263.958
2026-08-12 17:40:00,612782.27,374704082.7463944
2026-08-12 17:45:00,612599.99,374508469.292728
2026-08-12 17:50:00,612709.34,374469877.879529
2026-08-12 17:55:00,612766.11,374339379.0202464
2026-08-12 18:00:00,612753.13,374318287.90773207
2026-08-12 18:05:00,612593.78,374141651.135
2026-08-12 18:10:00,612664.18,373878315.845
2026-08-12 18:15:00,612587.23,374133511.3480694
2026-08-12 18:20:00,612674.58,373933116.40845364
2026-08-12 18:25:00,612533.03,374024918.7786
2026-08-12 18:30:00,612353.7,374148110.7
2026-08-12 18:35:00,612312.56,374371757.5919962
2026-08-12 18:40:00,612296.54,374210219.0035111
2026-08-12 18:45:00,612350.66,374140129.7534
2026-08-12 18:50:00,612306.73,374131658.1646
2026-08-12 18:55:00,612344.17,373804482.2750045
2026-08-12 19:00:00,612378.35,373893725.376
2026-08-12 19:05:00,612421.81,373950881.4041
2026-08-12 19:10:00,612398.73,374138880.1062
2026-08-12 19:15:00,612374.6,373885312.03
2026-08-12 19:20:00,612360.8,373892212.2386859
2026-08-12 19:25:00,612335.71,373628880.1707
2026-08-12 19:30:00,612505.49,373637218.76350224
2026-08-12 19:35:00,612440.73,373497425.05960023
2026-08-12 19:40:00,612499.49,373373564.1091
2026-08-12 19:45:00,612367.12,373164399.008193
2026-08-12 19:50:00,612406.95,373206919.3995
2026-08-12 19:55:00,612410.2,373374250.736
2026-08-12 20:00:00,612419.16,373545899.9791236
2026-08-12 20:05:00,612364.34,374184639.4846852
2026-08-12 20:10:00,612794.56,374325556.976
2026-08-12 20:15:00,612837.13,374339082.4914803
2026-08-12 20:20:00,612870.42,374371522.73924106
2026-08-12 20:25:00,612926.58,374622458.12071985
2026-08-12 20:30:00,613133.81,375027495.55207103
2026-08-12 20:35:00,613540.26,375578931.52715075
2026-08-12 20:40:00,613653.24,375580329.0096
2026-08-12 20:45:00,613679.41,375626448.8940883
2026-08-12 20:50:00,613447.06,375182044.14053357
2026-08-12 20:55:00,613412.25,375162932.1
2026-08-12 21:00:00,613444.92,375458963.286
2026-08-12 21:05:00,613413.09,375525932.6482793
2026-08-12 21:10:00,613476.12,375471650.5186343
2026-08-12 21:15:00,613319.96,374996089.9432
2026-08-12 21:20:00,612960.73,374829710.64451885
2026-08-12 21:25:00,612938.15,374405610.36951524
2026-08-12 21:30:00,612069.56,373187866.8091579
2026-08-12 21:35:00,612013.59,373481293.2975
2026-08-12 21:40:00,611989.55,373466622.8875
2026-08-12 21:45:00,612107.73,373777464.2472
2026-08-12 21:50:00,612133.29,373893863.1165276
2026-08-12 21:55:00,611940.66,373771894.08907723
2026-08-12 22:00:00,611970.14,373291923.4889545
2026-08-12 22:05:00,612093.43,373462720.34909767
2026-08-12 22:10:00,612077.79,373595596.6553422
2026-08-12 22:15:00,612064.62,373601410.1031203
2026-08-12 22:20:00,612083.83,373866924.2023
2026-08-12 22:25:00,612139.95,373996472.8321203
2026-08-12 22:30:00,612152.55,373945628.2185
2026-08-12 22:35:00,612156.81,373801312.8903
2026-08-12 22:40:00,612198.98,373735233.3104
2026-08-12 22:45:00,612284.91,373604006.3838
2026-08-12 22:50:00,612313.02,373523188.4604
2026-08-12 22:55:00,612339.2,373632799.2375588
2026-08-12 23:00:00,612322.93,373632219.20715284
2026-08-12 23:05:00,612162.44,373608858.7564
2026-08-12 23:10:00,612090.56,373491538.8064
2026-08-12 23:15:00,612053.07,373505385.9675
2026-08-12 23:20:00,612045.52,373696633.1464
2026-08-12 23:25:00,611746.61,373202136.8966
2026-08-12 23:30:00,611779.65,373484032.8815298
2026-08-12 23:35:00,611411.16,373620359.2448534
2026-08-12 23:40:00,611440.75,373623544.99226004
2026-08-12 23:45:00,611461.31,373352161.2729
2026-08-12 23:50:00,611489.68,373406173.092
2026-08-12 23:55:00,611652.83,373414052.715
2026-08-13 00:00:00,611652.23,373518781.11281085
2026-08-13 00:05:00,611668.37,373616978.4472582
2026-08-13 00:10:00,611773.86,374118068.6058
2026-08-13 00:15:00,611734.73,374140094.6259708
2026-08-13 00:20:00,611670.94,374085713.4852
2026-08-13 00:25:00,611754.42,373726892.7222
2026-08-13 00:30:00,611692.15,373951878.981
2026-08-13 00:35:00,611717.29,373789850.0545
2026-08-13 00:40:00,611743.37,373720142.1667
2026-08-13 00:45:00,611628.46,373264616.5688
2026-08-13 00:50:00,611653.85,373702152.7345
2026-08-13 00:55:00,611640.92,373674143.2827189
2026-08-13 01:00:00,611625.29,373649410.69486606
2026-08-13 01:05:00,611927.86,374132693.604
2026-08-13 01:10:00,612006.47,374289807.4833912
2026-08-13 01:15:00,612146.46,374425503.7236
2026-08-13 01:20:00,612228.9,374201858.5172808
2026-08-13 01:25:00,612184.4,373837548.61515766
2026-08-13 01:30:00,612057.04,373464964.6672
2026-08-13 01:35:00,612057.65,373875415.5025
2026-08-13 01:40:00,612062.99,374325483.4242
2026-08-13 01:45:00,611967.79,373774482.7392796
2026-08-13 01:50:00,611921.92,373721036.86772776
2026-08-13 01:55:00,611980.41,374272425.1332361
2026-08-13 02:00:00,612206.23,374262950.25480276
2026-08-13 02:05:00,612008.03,373936539.6821093
2026-08-13 02:10:00,611900.22,374054604.486
2026-08-13 02:15:00,611823.23,373983067.5698
2026-08-13 02:20:00,611961.56,374165537.0152
2026-08-13 02:25:00,612081.12,374122721.4028733
2026-08-13 02:30:00,612055.3,374235569.980049
2026-08-13 02:35:00,611914.03,373708136.4016
2026-08-13 02:40:00,611724.36,373421018.3184
2026-08-13 02:45:00,611882.96,373683756.7036286
2026-08-13 02:50:00,611870.99,373736919.4019
2026-08-13 02:55:00,611870.55,373969161.4545
2026-08-13 03:00:00,611846.65,374070288.0195424
2026-08-13 03:05:00,611751.02,373738161.68633246
2026-08-13 03:10:00,611652.04,373584832.9912
2026-08-13 03:15:00,611641.72,374003255.7031051
2026-08-13 03:20:00,611648.77,374157785.5844
2026-08-13 03:25:00,611853.33,374383540.2901233
2026-08-13 03:30:00,611819.95,374331116.9570606
2026-08-13 03:35:00,611839.93,374593117.79517907
2026-08-13 03:40:00,611850.56,374729769.6695562
2026-08-13 03:45:00,611911.57,374587786.6912
2026-08-13 03:50:00,611953.2,374553105.0135535
2026-08-13 03:55:00,612123.12,374526069.7851427
2026-08-13 04:00:00,611969.46,374843533.6392
2026-08-13 04:05:00,612291.34,375039106.3300291
2026-08-13 04:10:00,612282.01,375067804.01413053
2026-08-13 04:15:00,612140.66,375214393.75180686
2026-08-13 04:20:00,612104.28,375137833.9187783
2026-08-13 04:25:00,611943.77,374510523.52008754
2026-08-13 04:30:00,612074.05,374613801.562
2026-08-13 04:35:00,612157.01,374933046.6905612
2026-08-13 04:40:00,612261.94,374875740.6232
2026-08-13 04:45:00,612328.58,375100241.5364
2026-08-13 04:50:00,612377.08,375050342.646
2026-08-13 04:55:00,612435.39,375291259.6141445
2026-08-13 05:00:00,612497.85,375314182.566
2026-08-13 05:05:00,612543.97,375670015.27256095
2026-08-13 05:10:00,613027.6,376683605.012036
2026-08-13 05:15:00,613115.2,376769701.15127635
2026-08-13 05:20:00,612885.5,376737068.86357117
2026-08-13 05:25:00,613407.63,377092340.5425
2026-08-13 05:30:00,613407.27,376937039.2258938
2026-08-13 05:35:00,612729.96,376370705.15211177
2026-08-13 05:40:00,612983.8,376574241.43164825
2026-08-13 05:45:00,612914.41,376302961.28120285
2026-08-13 05:50:00,612982.67,376144555.7921
2026-08-13 05:55:00,613573.99,377041216.855
2026-08-13 06:00:00,613593.1,376789446.7849641
2026-08-13 06:05:00,613453.45,376071502.988
2026-08-13 06:10:00,614315.89,377099656.41652864
2026-08-13 06:15:00,614562.32,377146737.2655103
2026-08-13 06:20:00,614576.6,377190242.484
2026-08-13 06:25:00,614755.29,377035566.9099
2026-08-13 06:30:00,614465.86,376505111.3330529
2026-08-13 06:35:00,614877.59,376188258.3379
2026-08-13 06:40:00,614595.55,375563273.559272
2026-08-13 06:45:00,614889.91,375767134.0493335
2026-08-13 06:50:00,614736.45,376249444.2225
2026-08-13 06:55:00,614507.89,376441388.3351
2026-08-13 07:00:00,614686.46,376708416.71812636
2026-08-13 07:05:00,614766.8,376796719.388
2026-08-13 07:10:00,614735.56,377380012.9284
2026-08-13 07:15:00,614356.5,377103207.77693933
2026-08-13 07:20:00,614527.64,377208508.07185286
2026-08-13 07:25:00,614599.38,377241099.444
2026-08-13 07:30:00,614705.52,377386159.8936
2026-08-13 07:35:00,614851.66,377525067.7566
2026-08-13 07:40:00,614884.55,377476492.93510115
2026-08-13 07:45:00,615036.25,377754776.09139866
2026-08-13 07:50:00,615009.91,377574132.07884324
2026-08-13 07:55:00,614932.01,377443225.67793053
2026-08-13 08:00:00,615012.91,377537975.0617
2026-08-13 08:05:00,614932.3,377494640.324
2026-08-13 08:10:00,614999.79,377411995.7016672
2026-08-13 08:15:00,615089.76,377315367.1404669
2026-08-13 08:20:00,615215.05,377428281.0245
2026-08-13 08:25:00,615014.43,377382247.14813435
2026-08-13 08:30:00,615169.25,377672392.0876154
2026-08-13 08:35:00,615146.66,377851406.21717674
2026-08-13 08:40:00,615185.32,377988316.1676
2026-08-13 08:45:00,615307.85,378100520.7465
2026-08-13 08:50:00,615743.94,378309508.7954248
2026-08-13 08:55:00,616588.73,378764290.9517
2026-08-13 09:00:00,616810.01,378946744.85078305
2026-08-13 09:05:00,616824.9,378763380.29433256
2026-08-13 09:10:00,616724.6,378243364.426
2026-08-13 09:15:00,617449.21,378368100.5358099
2026-08-13 09:20:00,617483.8,378737687.40071785
2026-08-13 09:25:00,617542.59,378166846.748397
2026-08-13 09:30:00,617748.11,378296587.6018
2026-08-13 09:35:00,617913.78,378225024.738
2026-08-13 09:40:00,617835.48,378109135.4052
2026-08-13 09:45:00,617755.71,377975851.44706374
2026-08-13 09:50:00,617720.49,378026408.2653
2026-08-13 09:55:00,617356.58,378018230.9017483
2026-08-13 10:00:00,617414.34,378061322.8122
2026-08-13 10:05:00,617468.84,377545147.5296
2026-08-13 10:10:00,617696.73,377591834.0817
2026-08-13 10:15:00,617492.25,377493471.98714185
2026-08-13 10:20:00,617401.7,377584357.669
2026-08-13 10:25:00,617389.13,377626061.3645
2026-08-13 10:30:00,617369.39,377144786.6571
2026-08-13 10:35:00,617265.93,376858236.25742894
2026-08-13 10:40:00,617180.29,376864905.55046684
2026-08-13 10:45:00,617170.99,376941936.5994537
2026-08-13 10:50:00,617026.24,376928989.4912
2026-08-13 10:55:00,616721.68,376751277.16610986
2026-08-13 11:00:00,616899.56,376783744.2612
2026-08-13 11:05:00,616545.64,376629235.1068
2026-08-13 11:10:00,616653.95,376652232.66
2026-08-13 11:15:00,616527.63,376951177.3336649
2026-08-13 11:20:00,616575.39,376863539.2133788
2026-08-13 11:25:00,616757.48,376650162.1230395
2026-08-13 11:30:00,616858.48,376620908.4859199
2026-08-13 11:35:00,614140.73,373965888.70119965
2026-08-13 11:40:00,614219.39,374019771.7574865
2026-08-13 11:45:00,614095.68,373995493.05113965
2026-08-13 11:50:00,614087.8,374162167.7684219
2026-08-13 11:55:00,614113.77,373972227.93538284
2026-08-13 12:00:00,614089.58,374082507.6749075
2026-08-13 12:05:00,613890.06,374036433.2957598
2026-08-13 12:10:00,613445.45,374201724.5
2026-08-13 12:15:00,612734.15,373289898.863
2026-08-13 12:20:00,612623.5,373063206.56
2026-08-13 12:25:00,612270.22,372952159.1086
2026-08-13 12:30:00,612161.48,373204246.282
2026-08-13 12:35:00,611954.97,373259677.36142856
2026-08-13 12:40:00,612122.16,373296578.0544
2026-08-13 12:45:00,612498.57,373477128.0432
2026-08-13 12:50:00,612359.25,373498917.5026648
2026-08-13 12:55:00,612430.87,373527711.9217
2026-08-13 13:00:00,611966.25,373318406.3657664
2026-08-13 13:05:00,612045.38,373502743.0808321
2026-08-13 13:10:00,612201.09,373681423.3251
2026-08-13 13:15:00,609092.56,371485552.344
2026-08-13 13:20:00,609417.37,372007869.5678206
2026-08-13 13:25:00,609498.02,371721745.6210587
2026-08-13 13:30:00,609417.09,371855696.1116199
2026-08-13 13:35:00,609693.95,372136065.12935233
2026-08-13 13:40:00,609744.7,372635804.3601274
2026-08-13 13:45:00,609767.95,372635291.9245
2026-08-13 13:50:00,609765.04,372804247.8056
2026-08-13 13:55:00,609618.81,372525874.796158
2026-08-13 14:00:00,609653.57,372420649.71202654
2026-08-13 14:05:00,609615.0,372407162.3176131
2026-08-13 14:10:00,609635.01,372484498.51972
2026-08-13 14:15:00,609591.3,372582202.56
2026-08-13 14:20:00,609736.55,372463668.933
2026-08-13 14:25:00,609893.81,372431655.0765
2026-08-13 14:30:00,609516.45,371937630.2140386
2026-08-13 14:35:00,609529.95,372538610.1405
2026-08-13 14:40:00,609427.07,372481825.184
2026-08-13 14:45:00,609647.42,372518959.5168
2026-08-13 14:50:00,609765.98,372170665.893
2026-08-13 14:55:00,609636.02,372018188.4846
2026-08-13 15:00:00,609456.87,371817447.2496
2026-08-13 15:05:00,609573.68,372004529.6936
2026-08-13 15:10:00,609560.62,371675935.7040595
2026-08-13 15:15:00,609356.66,371624897.63502485
2026-08-13 15:20:00,609360.63,371886698.8827
2026-08-13 15:25:00,609356.42,371688188.2262837
2026-08-13 15:30:00,609074.43,370581514.2257173
2026-08-13 15:35:00,607814.87,369739863.5697
2026-08-13 15:40:00,607935.88,370549077.5776
2026-08-13 15:45:00,608267.5,370544395.65
2026-08-13 15:50:00,608116.56,370239605.2248
2026-08-13 15:55:00,608071.9,370242818.472
2026-08-13 16:00:00,607401.09,369135864.4257
2026-08-13 16:05:00,606702.49,368989056.19076455
2026-08-13 16:10:00,606996.17,369029391.5132
2026-08-13 16:15:00,607126.57,369351520.1252
2026-08-13 16:20:00,607109.2,369700405.3431155
2026-08-13 16:25:00,607679.42,370137534.722
2026-08-13 16:30:00,606740.69,368898339.52
2026-08-13 16:35:00,606513.87,369240637.1323747
2026-08-13 16:40:00,606136.37,367906592.4989
2026-08-13 16:45:00,604789.16,367007877.4624015
2026-08-13 16:50:00,604100.72,367069720.4936
2026-08-13 16:55:00,603658.49,366465419.10667115
2026-08-13 17:00:00,603633.28,366707217.6
2026-08-13 17:05:00,603528.74,367013110.07623446
2026-08-13 17:10:00,603410.75,367155138.44366527
2026-08-13 17:15:00,603365.95,367045608.3635
2026-08-13 17:20:00,603001.12,366528200.7808
2026-08-13 17:25:00,603044.74,366808234.9632703
2026-08-13 17:30:00,603027.7,366555126.2899382
2026-08-13 17:35:00,602809.46,366491946.72702867
2026-08-13 17:40:00,602779.6,366426373.40719223
2026-08-13 17:45:00,602715.79,366897210.0046
2026-08-13 17:50:00,602632.51,366870619.4378
2026-08-13 17:55:00,602523.41,366690908.1110307
2026-08-13 18:00:00,602362.52,366439270.80385303
2026-08-13 18:05:00,602359.07,366607777.1834
2026-08-13 18:10:00,602312.52,366299096.5423803
2026-08-13 18:15:00,602678.94,366476840.21723914
2026-08-13 18:20:00,602669.71,366987982.55956167
2026-08-13 18:25:00,602156.76,366255171.65261
2026-08-13 18:30:00,602388.47,366292595.2437239
2026-08-13 18:35:00,602333.74,366297217.3062
2026-08-13 18:40:00,602232.77,366406922.22200406
2026-08-13 18:45:00,601769.77,366596533.4036707
2026-08-13 18:50:00,601645.08,366495883.02461797
2026-08-13 18:55:00,601472.07,366663388.5927
2026-08-13 19:00:00,601485.73,366620957.6093236
2026-08-13 19:05:00,601531.92,366651751.1976
2026-08-13 19:10:00,601666.46,367184725.8815966
2026-08-13 19:15:00,601870.9,366948650.312
2026-08-13 19:20:00,601739.18,366948535.6348489
2026-08-13 19:25:00,601599.05,366740796.8705
2026-08-13 19:30:00,601607.94,366792731.3117994
2026-08-13 19:35:00,601612.86,366923683.314
2026-08-13 19:40:00,601624.97,367087491.6952
2026-08-13 19:45:00,602230.85,367192193.862
2026-08-13 19:50:00,601886.43,367216929.8073
2026-08-13 19:55:00,601840.03,367082290.68220216
2026-08-13 20:00:00,602462.5,367447903.375
2026-08-13 20:05:00,602338.91,367371916.27796465
2026-08-13 20:10:00,602122.47,367348897.7223
2026-08-13 20:15:00,602118.21,367554321.05494493
2026-08-13 20:20:00,601555.55,367669696.63453865
2026-08-13 20:25:00,601452.35,367449444.91858137
2026-08-13 20:30:00,601452.29,367547494.419
2026-08-13 20:35:00,601575.6,367641810.1250843
2026-08-13 20:40:00,601152.34,367183849.272
2026-08-13 20:45:00,601116.8,367057908.3338963
2026-08-13 20:50:00,601130.55,367188573.8565
2026-08-13 20:55:00,601081.1,367098260.203
2026-08-13 21:00:00,601739.84,367411793.261469
2026-08-13 21:05:00,601722.55,367572449.5164692
2026-08-13 21:10:00,602105.69,367832387.0779
2026-08-13 21:15:00,602052.45,367896190.6215
2026-08-13 21:20:00,602001.87,367836561.9863248
2026-08-13 21:25:00,601805.87,367895964.4484
2026-08-13 21:30:00,601852.54,368072686.76714766
2026-08-13 21:35:00,601918.47,368121386.77391964
2026-08-13 21:40:00,601940.79,368014560.1902
2026-08-13 21:45:00,602039.45,368255490.776
2026-08-13 21:50:00,601991.68,368178111.488
2026-08-13 21:55:00,602019.12,367797561.1728
2026-08-13 22:00:00,601940.01,367881656.5116
2026-08-13 22:05:00,601913.29,368202397.7588
2026-08-13 22:10:00,601868.78,368090908.4724
2026-08-13 22:15:00,601870.15,368091746.337
2026-08-13 22:20:00,601912.44,367985189.3184
2026-08-13 22:25:00,602001.55,368075787.701
2026-08-13 22:30:00,602859.4,368671898.08100307
2026-08-13 22:35:00,602938.84,368696303.9969107
2026-08-13 22:40:00,602921.15,368589804.8316598
2026-08-13 22:45:00,602859.28,368480006.9848972
2026-08-13 22:50:00,602837.73,368544405.2536721
2026-08-13 22:55:00,602856.64,368604635.3952
2026-08-13 23:00:00,602155.29,367915677.87942
2026-08-13 23:05:00,602128.88,367720107.016
2026-08-13 23:10:00,602200.62,367830160.7022
2026-08-13 23:15:00,602249.99,367820112.85053504
2026-08-13 23:20:00,602310.94,368096307.8716
2026-08-13 23:25:00,602317.51,368154214.25211126
2026-08-13 23:30:00,602345.32,368138409.2031309
2026-08-13 23:35:00,602343.61,368234946.5053643
2026-08-13 23:40:00,602133.41,368011897.5238
2026-08-13 23:45:00,602560.61,368411582.5601
2026-08-13 23:50:00,602244.35,367893006.0845
2026-08-13 23:55:00,602022.2,367594755.32
2026-08-14 00:00:00,602032.25,367769460.88
2026-08-14 00:05:00,601490.64,367749183.85812783
2026-08-14 00:10:00,601590.74,367728355.7324
2026-08-14 00:15:00,601595.71,367725377.7375
2026-08-14 00:20:00,601833.89,367961240.346
2026-08-14 00:25:00,601886.77,368132356.3721435
2026-08-14 00:30:00,602299.47,368041114.1382
2026-08-14 00:35:00,602176.29,367929713.19
2026-08-14 00:40:00,602468.61,368135543.5855006
2026-08-14 00:45:00,603356.5,368723224.28
2026-08-14 00:50:00,602941.97,368283298.1230243
2026-08-14 00:55:00,602932.85,368439669.120561
2026-08-14 01:00:00,602944.12,368543563.9088
2026-08-14 01:05:00,602943.11,368567064.2808
2026-08-14 01:10:00,603150.16,368518716.2584
2026-08-14 01:15:00,603164.96,368256334.6784
2026-08-14 01:20:00,603219.85,368253326.2503979
2026-08-14 01:25:00,603253.4,368648014.26318204
2026-08-14 01:30:00,603649.0,368805615.75629854
2026-08-14 01:35:00,603779.39,369005811.9924
2026-08-14 01:40:00,603843.46,369038930.579
2026-08-14 01:45:00,603867.92,369198807.6088
2026-08-14 01:50:00,604391.37,369452356.6536
2026-08-14 01:55:00,604315.67,369333564.8772
2026-08-14 02:00:00,604266.73,369478892.0585
2026-08-14 02:05:00,604333.41,369613758.6129937
2026-08-14 02:10:00,604208.28,369648249.07711744
2026-08-14 02:15:00,604198.53,369361266.8018041
2026-08-14 02:20:00,604330.54,369012154.6612168
2026-08-14 02:25:00,604327.47,368881487.688
2026-08-14 02:30:00,604282.83,368696174.27764213
2026-08-14 02:35:00,604261.96,369068201.76651657
2026-08-14 02:40:00,604312.79,369277416.5853
2026-08-14 02:45:00,604237.01,369662773.3577641
2026-08-14 02:50:00,604200.32,370078738.0032
2026-08-14 02:55:00,604366.86,370214507.72656137
2026-08-14 03:00:00,604397.98,370242114.5884
2026-08-14 03:05:00,604712.77,370296789.962368
2026-08-14 03:10:00,604875.53,370425774.572
2026-08-14 03:15:00,604951.46,370546430.0884338
2026-08-14 03:20:00,604659.02,370680165.6208
2026-08-14 03:25:00,604720.88,370379444.5824
2026-08-14 03:30:00,604796.57,370359275.5709
2026-08-14 03:35:00,605444.15,370701344.162
2026-08-14 03:40:00,605546.95,370715842.79
2026-08-14 03:45:00,605701.54,370689342.48
2026-08-14 03:50:00,605803.94,370535791.3846749
2026-08-14 03:55:00,605902.65,370739713.482
2026-08-14 04:00:00,605915.75,370788731.2530869
2026-08-14 04:05:00,605958.95,371149856.875
2026-08-14 04:10:00,606038.84,371380601.152
2026-08-14 04:15:00,605949.42,371101603.2906
2026-08-14 04:20:00,605919.62,371153902.39439195
2026-08-14 04:25:00,605916.63,370849551.96417665
2026-08-14 04:30:00,605968.07,370816100.7558
2026-08-14 04:35:00,605962.63,370897606.5704
2026-08-14 04:40:00,605995.58,370917774.6064
2026-08-14 04:45:00,606070.95,370860875.0145
2026-08-14 04:50:00,606138.84,370702391.7672
2026-08-14 04:55:00,606190.48,370594549.948
2026-08-14 05:00:00,606150.59,370297395.431
2026-08-14 05:05:00,606201.95,370531451.4276934
2026-08-14 05:10:00,606348.32,370327236.44
2026-08-14 05:15:00,606275.18,370282566.185
2026-08-14 05:20:00,606186.3,370134894.7305099
2026-08-14 05:25:00,606110.82,370012472.2854
2026-08-14 05:30:00,606182.42,370129556.5852573
2026-08-14 05:35:00,606136.25,370015242.7640501
2026-08-14 05:40:00,606109.46,370060130.803
2026-08-14 05:45:00,606123.21,370092483.0975184
2026-08-14 05:50:00,606101.7,370067514.969
2026-08-14 05:55:00,605919.89,369948576.0488998
2026-08-14 06:00:00,605933.39,369946571.9306
2026-08-14 06:05:00,605931.26,369773973.8830722
2026-08-14 06:10:00,605844.53,369698449.0966
2026-08-14 06:15:00,605728.33,369310701.38572735
2026-08-14 06:20:00,605614.08,368933049.43567383
2026-08-14 06:25:00,605476.55,368583849.8125
2026-08-14 06:30:00,605508.9,368318953.692
2026-08-14 06:35:00,605731.67,368720982.1624
2026-08-14 06:40:00,606000.12,368611692.9924
2026-08-14 06:45:00,605468.91,368372992.1453129
2026-08-14 06:50:00,605447.34,368541850.3314
2026-08-14 06:55:00,606352.06,369129259.2027648
2026-08-14 07:00:00,606273.35,369008274.4775
2026-08-14 07:05:00,606337.99,369338659.8487
2026-08-14 07:10:00,606418.93,369381898.6416
2026-08-14 07:15:00,606401.68,369429547.43182206
2026-08-14 07:20:00,606430.72,369492173.3888
2026-08-14 07:25:00,606489.07,369558049.9138
2026-08-14 07:30:00,606463.68,369536514.1344
2026-08-14 07:35:00,606527.26,369195995.2472652
2026-08-14 07:40:00,606553.3,368954241.324
2026-08-14 07:45:00,606407.47,369033778.5163928
2026-08-14 07:50:00,606410.44,368936315.40291476
2026-08-14 07:55:00,606505.35,368755252.8
2026-08-14 08:00:00,606507.02,368616771.5454
2026-08-14 08:05:00,606569.58,368688390.4702051
2026-08-14 08:10:00,606846.68,368980986.8404
2026-08-14 08:15:00,607046.72,368811234.736
2026-08-14 08:20:00,606924.81,368706822.075
2026-08-14 08:25:00,606644.11,368237010.0513573
2026-08-14 08:30:00,606344.79,368111189.9628716
2026-08-14 08:35:00,606234.04,368129558.4496
2026-08-14 08:40:00,606104.57,368450968.103
2026-08-14 08:45:00,606080.37,368364370.3303339
2026-08-14 08:50:00,605869.73,368508145.8779
2026-08-14 08:55:00,605851.17,368484740.1057
2026-08-14 09:00:00,605825.49,368837920.72052133
2026-08-14 09:05:00,605864.66,368632293.7304
2026-08-14 09:10:00,605787.4,368722225.2668495
2026-08-14 09:15:00,606536.04,369414460.16564566
2026-08-14 09:20:00,606268.24,369063966.76005095
2026-08-14 09:25:00,606471.26,369431968.029
2026-08-14 09:30:00,606003.69,368626241.5235445
2026-08-14 09:35:00,605927.27,368664328.8861
2026-08-14 09:40:00,606045.21,368464525.606967
2026-08-14 09:45:00,605970.43,368461904.8953388
2026-08-14 09:50:00,605927.42,368470523.3762
2026-08-14 09:55:00,605856.64,368488067.0144
2026-08-14 10:00:00,606315.06,368449464.2489155
2026-08-14 10:05:00,606302.25,368727768.07329524
2026-08-14 10:10:00,606086.21,368368070.8042799
2026-08-14 10:15:00,605998.89,368235225.5085
2026-08-14 10:20:00,605772.16,367739164.2035021
2026-08-14 10:25:00,605763.76,367298798.2384
2026-08-14 10:30:00,605534.67,367293109.4352
2026-08-14 10:35:00,605793.56,367450141.7536
2026-08-14 10:40:00,605792.46,367413126.99
2026-08-14 10:45:00,606378.82,367507383.45936644
2026-08-14 10:50:00,606123.26,367383430.3512
2026-08-14 10:55:00,606187.01,367424798.2821263
2026-08-14 11:00:00,606852.43,367898217.1632
2026-08-14 11:05:00,606052.03,367155396.97282404
2026-08-14 11:10:00,606501.13,366931346.424647
2026-08-14 11:15:00,606463.75,366425397.75
2026-08-14 11:20:00,606849.68,367077900.51221687
2026-08-14 11:25:00,608205.73,368055697.5095
2026-08-14 11:30:00,608016.87,368105573.4354
2026-08-14 11:35:00,608050.64,368253709.1032
2026-08-14 11:40:00,607997.27,368233546.5755
2026-08-14 11:45:00,608050.82,368411911.3298
2026-08-14 11:50:00,608222.71,368309262.0405
2026-08-14 11:55:00,608225.57,368359480.85308266
2026-08-14 12:00:00,608747.25,368381887.94426066
2026-08-14 12:05:00,608659.97,368421879.841
2026-08-14 12:10:00,608600.45,368382523.69961274
2026-08-14 12:15:00,609179.81,368596427.6367
2026-08-14 12:20:00,609016.47,368624960.2926729
2026-08-14 12:25:00,608385.66,368785696.64846194
2026-08-14 12:30:00,608387.21,368678146.7383556
2026-08-14 12:35:00,608307.67,368590747.26390105
2026-08-14 12:40:00,608280.17,368342209.15866196
2026-08-14 12:45:00,608727.78,368692391.1483778
2026-08-14 12:50:00,607969.18,368039656.76725435
2026-08-14 12:55:00,608148.56,367856900.9728
2026-08-14 13:00:00,608223.49,367950013.4137729
2026-08-14 13:05:00,608479.82,367966001.5486
2026-08-14 13:10:00,608578.43,367794374.1705
2026-08-14 13:15:00,608212.1,367627721.724
2026-08-14 13:20:00,607924.87,367572945.9229048
2026-08-14 13:25:00,608047.3,367874609.7911781
2026-08-14 13:30:00,608127.85,367923430.5285
2026-08-14 13:35:00,608107.62,367506365.3227621
2026-08-14 13:40:00,608323.11,367501003.9198871
2026-08-14 13:45:00,608383.36,367887343.7705389
2026-08-14 13:50:00,608308.94,367722754.23
2026-08-14 13:55:00,608327.73,367467505.79656196
2026-08-14 14:00:00,608196.66,367556918.53935087
2026-08-14 14:05:00,608277.27,367661030.3061
2026-08-14 14:10:00,608185.07,367465419.294
2026-08-14 14:15:00,608694.53,367540589.9983768
2026-08-14 14:20:00,608357.62,367098620.2958214
2026-08-14 14:25:00,607871.74,367057271.4816
2026-08-14 14:30:00,608329.04,367722738.0992
2026-08-14 14:35:00,608070.99,367974159.5985
2026-08-14 14:40:00,607804.8,368086586.88
2026-08-14 14:45:00,607795.97,368050849.6335
2026-08-14 14:50:00,608029.35,367689900.93292284
2026-08-14 14:55:00,608195.12,367518026.51359314
2026-08-14 15:00:00,608214.55,367446738.237
2026-08-14 15:05:00,608232.64,367734731.00740045
2026-08-14 15:10:00,608219.71,367757452.3415043
2026-08-14 15:15:00,608202.43,367780009.421
2026-08-14 15:20:00,608154.38,367957726.0752
2026-08-14 15:25:00,608436.43,368450848.9151
2026-08-14 15:30:00,608749.11,368670252.22449857
2026-08-14 15:35:00,608890.34,368695278.6768
2026-08-14 15:40:00,608508.11,369130096.7936039
2026-08-14 15:45:00,608899.97,369328276.8035
2026-08-14 15:50:00,608678.17,369345913.556
2026-08-14 15:55:00,608720.84,369530073.1304
2026-08-14 16:00:00,608707.52,369430680.9632
2026-08-14 16:05:00,608642.07,369470082.1728
2026-08-14 16:10:00,608869.06,369388681.3208
2026-08-14 16:15:00,609404.92,369951444.7844
2026-08-14 16:20:00,609051.94,369553850.59614515
2026-08-14 16:25:00,608953.23,369658968.7392
2026-08-14 16:30:00,609517.06,369830571.3256
2026-08-14 16:35:00,609522.65,369943677.191
2026-08-14 16:40:00,609367.31,370007830.632
2026-08-14 16:45:00,609351.82,369974051.0312
2026-08-14 16:50:00,609428.81,369965947.6867
2026-08-14 16:55:00,609459.35,369975897.2871509
2026-08-14 17:00:00,609644.65,370249388.838
2026-08-14 17:05:00,609408.38,369862133.9896
2026-08-14 17:10:00,609365.83,369744904.6691
2026-08-14 17:15:00,609259.84,369912111.856
2026-08-14 17:20:00,609086.69,369892255.9701
2026-08-14 17:25:00,608887.2,369867025.4937721
2026-08-14 17:30:00,608849.35,369892230.2410896
2026-08-14 17:35:00,608829.36,369866570.09344643
2026-08-14 17:40:00,608893.6,369761836.2385491
2026-08-14 17:45:00,608670.53,369323145.1932639
2026-08-14 17:50:00,608609.66,369428700.3726632
2026-08-14 17:55:00,608410.26,369029009.2969642
2026-08-14 18:00:00,608133.65,368739757.4617096
2026-08-14 18:05:00,607995.38,368615438.9864
2026-08-14 18:10:00,607823.97,368280543.423
2026-08-14 18:15:00,608082.59,368523546.5585344
2026-08-14 18:20:00,608685.61,369642597.2408
2026-08-14 18:25:00,608168.86,368963863.9882079
2026-08-14 18:30:00,608084.83,368786746.1134727
2026-08-14 18:35:00,608051.6,368594799.404
2026-08-14 18:40:00,607980.93,368922828.324
2026-08-14 18:45:00,607956.24,368791790.63772434
2026-08-14 18:50:00,608065.84,368651605.565774
2026-08-14 18:55:00,607984.68,368769504.1652807
2026-08-14 19:00:00,607932.58,368705030.4442
2026-08-14 19:05:00,607851.86,368510190.125
2026-08-14 19:10:00,607793.68,368664810.73185617
2026-08-14 19:15:00,608402.35,368836136.0240437
2026-08-14 19:20:00,608395.56,368888479.8948
2026-08-14 19:25:00,608331.41,368832196.10152394
2026-08-14 19:30:00,608346.56,368755894.88434595
2026-08-14 19:35:00,608250.27,368255838.99349004
2026-08-14 19:40:00,607799.36,368206887.88707054
2026-08-14 19:45:00,607752.81,368621845.81131494
2026-08-14 19:50:00,607718.8,368620110.32930213
2026-08-14 19:55:00,607603.96,368732898.34595174
2026-08-14 20:00:00,607512.0,368604679.61312014
2026-08-14 20:05:00,607381.39,368716946.6134
2026-08-14 20:10:00,607360.44,368910731.256
2026-08-14 20:15:00,607370.99,368838181.0973
2026-08-14 20:20:00,607292.73,368720862.72038543
2026-08-14 20:25:00,607261.04,368566304.49252427
2026-08-14 20:30:00,607249.69,368740229.2587
2026-08-14 20:35:00,607160.55,368583254.98632574
2026-08-14 20:40:00,606975.79,368460586.30249816
2026-08-14 20:45:00,607318.65,368595047.4785869
2026-08-14 20:50:00,607164.9,368360873.181
2026-08-14 20:55:00,607109.92,368357872.8608
2026-08-14 21:00:00,606737.86,368350554.806
2026-08-14 21:05:00,606672.34,368296346.51098
2026-08-14 21:10:00,606550.73,368178362.030278
2026-08-14 21:15:00,607088.79,368678945.17785764
2026-08-14 21:20:00,606766.13,368427717.2216377
2026-08-14 21:25:00,606761.78,368532554.54517376
2026-08-14 21:30:00,606185.15,367998818.0393928
2026-08-14 21:35:00,605975.97,367913692.86675996
2026-08-14 21:40:00,605981.54,367933811.6418
2026-08-14 21:45:00,606496.68,368123309.4417309
2026-08-14 21:50:00,606331.41,368186631.63658476
2026-08-14 21:55:00,606314.5,367938625.61595297
2026-08-14 22:00:00,606337.09,368251660.48699003
2026-08-14 22:05:00,606327.94,368319970.4324
2026-08-14 22:10:00,606261.4,368140109.922
2026-08-14 22:15:00,606629.35,368412070.5485
2026-08-14 22:20:00,606569.89,368430551.186
2026-08-14 22:25:00,606608.72,368387409.5688
2026-08-14 22:30:00,606530.19,368169890.6319
2026-08-14 22:35:00,606354.52,368160273.9084
2026-08-14 22:40:00,606389.91,368212571.8105957
2026-08-14 22:45:00,606315.11,367936261.3524
2026-08-14 22:50:00,606236.8,368070610.752
2026-08-14 22:55:00,606014.86,367825935.4347646
2026-08-14 23:00:00,605976.29,367882145.8961
2026-08-14 23:05:00,605963.84,367904885.8176
2026-08-14 23:10:00,606004.07,367842236.05603325
2026-08-14 23:15:00,605684.12,367771397.664
2026-08-14 23:20:00,605587.08,367748810.2008
2026-08-14 23:25:00,605368.76,367651968.75114
2026-08-14 23:30:00,605857.32,368064380.4732
2026-08-14 23:35:00,605801.88,367872996.40428615
2026-08-14 23:40:00,605267.33,368141748.1259
2026-08-14 23:45:00,604847.44,367868213.008
2026-08-14 23:50:00,604666.31,367963636.2874
2026-08-14 23:55:00,604568.77,367865515.7851413
2026-08-15 00:00:00,604614.2,367811002.428
2026-08-15 00:05:00,604480.69,367272096.67656547
2026-08-15 00:10:00,604407.54,367443519.8676
2026-08-15 00:15:00,604496.0,367527523.04
2026-08-15 00:20:00,604566.67,367555176.7631659
2026-08-15 00:25:00,604583.7,367780356.384
2026-08-15 00:30:00,605049.94,367789790.1993376
2026-08-15 00:35:00,605060.08,367795748.5753188
2026-08-15 00:40:00,605043.15,367721024.844
2026-08-15 00:45:00,604495.7,367615453.94920266
2026-08-15 00:50:00,604443.96,367565936.4820321
2026-08-15 00:55:00,604557.15,367727932.059
2026-08-15 01:00:00,605029.67,367976667.1704294
2026-08-15 01:05:00,604511.66,367881388.3197721
2026-08-15 01:10:00,604610.6,367720452.4947789
2026-08-15 01:15:00,604822.47,368072485.1195235
2026-08-15 01:20:00,604884.47,368049066.611864
2026-08-15 01:25:00,604965.28,368227568.8300814
2026-08-15 01:30:00,605026.1,368297994.2483883
2026-08-15 01:35:00,605109.5,368398603.5200999
2026-08-15 01:40:00,605202.76,368285226.0492532
2026-08-15 01:45:00,605432.61,368478395.0982
2026-08-15 01:50:00,605057.94,368025969.2772939
2026-08-15 01:55:00,605083.75,367915123.35
2026-08-15 02:00:00,604981.89,367861422.94930047
2026-08-15 02:05:00,604930.4,368021507.448
2026-08-15 02:10:00,604934.03,367800990.8630235
2026-08-15 02:15:00,604906.59,367964678.697
2026-08-15 02:20:00,604845.89,367981780.3509345
2026-08-15 02:25:00,604848.63,368197383.3807842
2026-08-15 02:30:00,604895.58,368199939.546
2026-08-15 02:35:00,604939.3,368200335.1111105
2026-08-15 02:40:00,604843.77,368159966.61954916
2026-08-15 02:45:00,604869.43,368244508.984
2026-08-15 02:50:00,604791.17,368269439.2364
2026-08-15 02:55:00,604542.06,367999728.17595273
2026-08-15 03:00:00,604557.62,368126499.2558673
2026-08-15 03:05:00,604188.23,368089595.3629
2026-08-15 03:10:00,604088.33,368152960.3297804
2026-08-15 03:15:00,604212.29,368642002.3748
2026-08-15 03:20:00,604019.65,369158689.4905
2026-08-15 03:25:00,604241.99,369216025.5696
2026-08-15 03:30:00,604231.74,369058171.9772522
2026-08-15 03:35:00,604196.73,368930024.7606272
2026-08-15 03:40:00,603986.6,368619061.846
2026-08-15 03:45:00,603894.35,368592781.7437123
2026-08-15 03:50:00,603867.86,368534516.2794
2026-08-15 03:55:00,603807.09,368564339.50064635
2026-08-15 04:00:00,603646.93,368671326.0282
2026-08-15 04:05:00,603782.34,369001577.091
2026-08-15 04:10:00,604018.36,369115619.796
2026-08-15 04:15:00,604136.16,369219673.4915701
2026-08-15 04:20:00,604298.54,369123218.4168344
2026-08-15 04:25:00,604324.47,369144954.93033
2026-08-15 04:30:00,604203.01,368884063.6953
2026-08-15 04:35:00,604218.36,369147207.042
2026-08-15 04:40:00,604379.13,369820856.1355545
2026-08-15 04:45:00,604738.86,370496520.40399706
2026-08-15 04:50:00,602996.82,368762705.271
2026-08-15 04:55:00,603062.04,368965417.3128
2026-08-15 05:00:00,603158.03,369069869.7023592
2026-08-15 05:05:00,603562.42,369120669.1994
2026-08-15 05:10:00,603612.26,369140901.731322
2026-08-15 05:15:00,603681.25,369362372.8125
2026-08-15 05:20:00,603914.19,369184822.6308
2026-08-15 05:25:00,603768.71,368769852.6938
2026-08-15 05:30:00,603899.1,369114620.108889
2026-08-15 05:35:00,604135.14,369331976.4876
2026-08-15 05:40:00,604285.69,369091656.5951
2026-08-15 05:45:00,604478.46,369419875.1360785
2026-08-15 05:50:00,604657.1,369322824.7485753
2026-08-15 05:55:00,604691.01,369448066.3797
2026-08-15 06:00:00,604695.63,369491569.3367717
2026-08-15 06:05:00,604815.1,369697187.41002905
2026-08-15 06:10:00,604865.74,370119196.8382936
2026-08-15 06:15:00,605320.36,370140201.51695526
2026-08-15 06:20:00,605396.99,370315284.8131
2026-08-15 06:25:00,605532.19,370476933.94011277
2026-08-15 06:30:00,605608.59,370426550.1594
2026-08-15 06:35:00,605769.38,370755365.17324823
2026-08-15 06:40:00,606029.69,370823507.0141
2026-08-15 06:45:00,606195.95,370852496.3315
2026-08-15 06:50:00,606299.51,370921914.2278
2026-08-15 06:55:00,606391.64,371002533.1848
2026-08-15 07:00:00,606891.66,371570901.4227741
2026-08-15 07:05:00,607155.33,371744229.83663285
2026-08-15 07:10:00,607262.37,371721775.94986206
2026-08-15 07:15:00,607266.12,371509929.6687102
2026-08-15 07:20:00,607290.0,371400345.3
2026-08-15 07:25:00,607272.13,371331248.44265574
2026-08-15 07:30:00,607274.64,371409777.09864
2026-08-15 07:35:00,607302.78,371359576.9422
2026-08-15 07:40:00,607574.37,371692696.73268163
2026-08-15 07:45:00,608209.16,371798259.508
2026-08-15 07:50:00,608199.33,371944300.2615
2026-08-15 07:55:00,608366.08,372031771.35307616
2026-08-15 08:00:00,608579.88,372370189.63472265
2026-08-15 08:05:00,608209.33,372412654.8523
2026-08-15 08:10:00,608362.13,372055953.7273417
2026-08-15 08:15:00,607909.9,371866624.6614814
2026-08-15 08:20:00,608063.67,371739724.6545
2026-08-15 08:25:00,608239.09,371639461.218911
2026-08-15 08:30:00,608534.24,371867750.20751005
2026-08-15 08:35:00,608544.07,372015160.8724
2026-08-15 08:40:00,608624.68,372070525.6244
2026-08-15 08:45:00,608782.13,372191817.9931049
2026-08-15 08:50:00,608836.66,372407119.8222
2026-08-15 08:55:00,608866.21,372170363.8683042
2026-08-15 09:00:00,608991.62,372041787.9496177
2026-08-15 09:05:00,609285.41,371858110.4845299
2026-08-15 09:10:00,609348.19,372037537.4045
2026-08-15 09:15:00,609441.84,372326303.3112
2026-08-15 09:20:00,609489.72,372410408.7144
2026-08-15 09:25:00,609515.74,372682304.0656
2026-08-15 09:30:00,609634.58,372815931.0532
2026-08-15 09:35:00,609669.29,372855447.6853
2026-08-15 09:40:00,609823.68,373276985.55899286
2026-08-15 09:45:00,609886.43,373085825.8239
2026-08-15 09:50:00,609795.46,373280192.8844
2026-08-15 09:55:00,609967.37,373428123.5877
2026-08-15 10:00:00,610311.16,373675213.9332
2026-08-15 10:05:00,610583.08,373658527.4676
2026-08-15 10:10:00,610764.26,373842695.9034
2026-08-15 10:15:00,611262.64,373958257.8992
2026-08-15 10:20:00,611429.53,373889157.595
2026-08-15 10:25:00,611461.1,374060878.4032577
2026-08-15 10:30:00,611173.18,374080384.41083735
2026-08-15 10:35:00,611171.66,374049279.3532
2026-08-15 10:40:00,611478.45,374310862.89114445
2026-08-15 10:45:00,611571.63,374183986.0992
2026-08-15 10:50:00,611555.95,374237656.37602204
2026-08-15 10:55:00,611853.84,374521854.0024
2026-08-15 11:00:00,612095.42,374512499.5650173
2026-08-15 11:05:00,612240.89,374525912.2308537
2026-08-15 11:10:00,612725.08,374840272.5097481
2026-08-15 11:15:00,612453.82,374889420.4178751
2026-08-15 11:20:00,612566.59,374957628.00986785
2026-08-15 11:25:00,612667.6,374928064.496
2026-08-15 11:30:00,612367.16,374915670.0384
2026-08-15 11:35:00,612594.67,374895686.1466
2026-08-15 11:40:00,612714.29,375189468.3386
2026-08-15 11:45:00,612714.48,374953328.6950627
2026-08-15 11:50:00,612792.03,374857140.5916
2026-08-15 11:55:00,612823.43,374845707.4281
2026-08-15 12:00:00,613227.73,375362825.8103
2026-08-15 12:05:00,612884.61,375116025.5505
2026-08-15 12:10:00,612946.01,375729774.6699
2026-08-15 12:15:00,613034.12,375671799.8423541
2026-08-15 12:20:00,613087.54,375546772.627
2026-08-15 12:25:00,613065.32,375251151.7188
2026-08-15 12:30:00,613109.16,375148524.40995216
2026-08-15 12:35:00,613170.34,375137614.012
2026-08-15 12:40:00,613200.04,375118992.4696
2026-08-15 12:45:00,614169.8,375839660.0140802
2026-08-15 12:50:00,614630.82,375589585.90905285
2026-08-15 12:55:00,614763.02,375636968.0739237
2026-08-15 13:00:00,615142.26,376255080.1084003
2026-08-15 13:05:00,615468.02,376050960.22
2026-08-15 13:10:00,616261.63,376133511.27118504
2026-08-15 13:15:00,617119.73,376659027.2055
2026-08-15 13:20:00,617577.06,376596782.84016085
2026-08-15 13:25:00,617888.15,376914533.6577547
2026-08-15 13:30:00,618016.52,377336166.4512
2026-08-15 13:35:00,618147.42,377290367.74467856
2026-08-15 13:40:00,618175.67,377138972.5712209
2026-08-15 13:45:00,618231.06,377179800.5029589
2026-08-15 13:50:00,618167.31,376964607.3111
2026-08-15 13:55:00,618121.98,376962039.13133556
2026-08-15 14:00:00,618384.69,377257481.355993
2026-08-15 14:05:00,618455.01,377288478.8505
2026-08-15 14:10:00,618345.86,377339377.6064
2026-08-15 14:15:00,618455.64,377097141.9336
2026-08-15 14:20:00,618331.5,376774116.21
2026-08-15 14:25:00,618398.81,376721390.45653903
2026-08-15 14:30:00,618496.11,377010488.8116
2026-08-15 14:35:00,618288.68,377137996.14865
2026-08-15 14:40:00,618115.93,377081623.0965
2026-08-15 14:45:00,618169.86,377083614.6
2026-08-15 14:50:00,618302.83,377041065.734
2026-08-15 14:55:00,618121.08,377431586.73220015
2026-08-15 15:00:00,618030.16,377534863.2976173
2026-08-15 15:05:00,617826.99,377796881.5792946
2026-08-15 15:10:00,617780.17,377599595.5074
2026-08-15 15:15:00,617743.19,377582111.85432523
2026-08-15 15:20:00,617752.81,377900765.3937586
2026-08-15 15:25:00,617846.68,377374573.6772
2026-08-15 15:30:00,617912.2,377556712.444
2026-08-15 15:35:00,618071.63,377641765.93
2026-08-15 15:40:00,618184.88,377792787.33836657
2026-08-15 15:45:00,618521.49,377759109.72224414
2026-08-15 15:50:00,618029.56,378048681.852
2026-08-15 15:55:00,617958.56,378107554.0494775
2026-08-15 16:00:00,617943.97,378155578.22931814
2026-08-15 16:05:00,617891.91,377998846.04818225
2026-08-15 16:10:00,618029.57,378206583.41814363
2026-08-15 16:15:00,618082.4,378081004.08
2026-08-15 16:20:00,618228.72,378133414.3008
2026-08-15 16:25:00,618361.0,378397233.06302613
2026-08-15 16:30:00,618547.38,378607872.35653394
2026-08-15 16:35:00,618371.54,378350876.9235739
2026-08-15 16:40:00,618425.48,378286558.5970042
2026-08-15 16:45:00,618482.97,378410363.97193503
2026-08-15 16:50:00,618577.28,378465703.87451977
2026-08-15 16:55:00,618635.73,378625927.56511515
2026-08-15 17:00:00,618600.08,378620535.011776
2026-08-15 17:05:00,618557.42,378513842.0206
2026-08-15 17:10:00,618667.26,378581056.4118
2026-08-15 17:15:00,618613.72,378653458.012
2026-08-15 17:20:00,618544.7,378561727.294
2026-08-15 17:25:00,618515.08,378221971.42
2026-08-15 17:30:00,618470.75,378218933.15213907
2026-08-15 17:35:00,618486.0,378242323.3190996
2026-08-15 17:40:00,618539.82,378020201.4577852
2026-08-15 17:45:00,618470.08,378080168.5594483
2026-08-15 17:50:00,618527.23,378019101.8868
2026-08-15 17:55:00,618605.33,378035903.2163
2026-08-15 18:00:00,619031.6,378330428.02975005
2026-08-15 18:05:00,619062.14,378365444.3642747
2026-08-15 18:10:00,618896.72,378338502.3164366
2026-08-15 18:15:00,618563.27,378001701.5446042
2026-08-15 18:20:00,618603.89,377793118.0244366
2026-08-15 18:25:00,618679.12,377771657.4632
2026-08-15 18:30:00,618699.29,377745587.5563465
2026-08-15 18:35:00,618697.27,377795113.9801
2026-08-15 18:40:00,618687.14,377751807.0698
2026-08-15 18:45:00,618711.02,377828258.5834
2026-08-15 18:50:00,618719.77,377785666.69977844
2026-08-15 18:55:00,618771.12,377753581.0488
2026-08-15 19:00:00,619171.96,378028401.97603005
2026-08-15 19:05:00,618999.54,377802350.8487362
2026-08-15 19:10:00,618869.45,377850742.6975
2026-08-15 19:15:00,618822.73,377890288.3018
2026-08-15 19:20:00,618741.06,377951789.0904
2026-08-15 19:25:00,618630.48,377805567.35429466
2026-08-15 19:30:00,618160.03,377391322.6898236
2026-08-15 19:35:00,618069.12,377479534.3488
2026-08-15 19:40:00,617980.81,377470127.37575966
2026-08-15 19:45:00,618678.96,377709456.2642785
2026-08-15 19:50:00,618146.75,377916378.5475
2026-08-15 19:55:00,617724.23,377843379.7641
2026-08-15 20:00:00,617618.9,377791304.941
2026-08-15 20:05:00,617718.72,377975907.5808
2026-08-15 20:10:00,617531.5,377682265.4
2026-08-15 20:15:00,617491.66,377571450.4236
2026-08-15 20:20:00,617326.27,377353029.0629
2026-08-15 20:25:00,617208.65,377256443.1395
2026-08-15 20:30:00,617082.17,377296444.06428
2026-08-15 20:35:00,617051.22,377024465.9322
2026-08-15 20:40:00,617037.46,377000789.8920153
2026-08-15 20:45:00,617068.2,377195278.614
2026-08-15 20:50:00,616972.21,377247978.9693839
2026-08-15 20:55:00,616919.22,377064367.0795813
2026-08-15 21:00:00,617030.83,376913282.5055
2026-08-15 21:05:00,617157.91,377034110.3772
2026-08-15 21:10:00,617141.53,376908278.56422067
2026-08-15 21:15:00,617466.51,377362500.83772725
2026-08-15 21:20:00,617380.7,377094109.70611936
2026-08-15 21:25:00,617223.95,377123833.45
2026-08-15 21:30:00,617189.78,377170846.4558
2026-08-15 21:35:00,617160.02,377010713.0176
2026-08-15 21:40:00,617120.01,377096608.2554407
2026-08-15 21:45:00,617616.43,377277172.4298
2026-08-15 21:50:00,617541.61,377249994.1329
2026-08-15 21:55:00,617816.22,377448641.4468
2026-08-15 22:00:00,617829.44,377252834.3584
2026-08-15 22:05:00,617619.47,376876293.6039606
2026-08-15 22:10:00,617427.93,376641026.76526797
2026-08-15 22:15:00,617727.77,376690394.146
2026-08-15 22:20:00,617812.89,376760834.7087
2026-08-15 22:25:00,617998.09,376929395.0528
2026-08-15 22:30:00,618330.78,377033923.8890559
2026-08-15 22:35:00,618103.99,376907451.0222
2026-08-15 22:40:00,618094.07,376848186.64553964
2026-08-15 22:45:00,618595.01,377287282.5491
2026-08-15 22:50:00,618306.87,377117726.1504
2026-08-15 22:55:00,618404.05,377065420.57836133
2026-08-15 23:00:00,618536.94,377091045.471
2026-08-15 23:05:00,618367.86,376895210.67
2026-08-15 23:10:00,618124.05,376674748.920979
2026-08-15 23:15:00,617791.87,376301053.5364691
2026-08-15 23:20:00,617875.05,376131436.6875
2026-08-15 23:25:00,617449.19,375576165.58546305
2026-08-15 23:30:00,617500.77,375693643.4757
2026-08-15 23:35:00,617501.91,375719037.1395
2026-08-15 23:40:00,616719.07,374915857.0344
2026-08-15 23:45:00,616702.62,374955192.96
2026-08-15 23:50:00,616624.51,375160518.1291
2026-08-15 23:55:00,616617.57,374892021.15008676
2026-08-16 00:00:00,616595.39,374933158.7973
2026-08-16 00:05:00,616226.72,374487140.0112
2026-08-16 00:10:00,616317.76,374684219.0144
2026-08-16 00:15:00,616353.07,374565417.01998025
2026-08-16 00:20:00,616075.29,374514207.1869905
2026-08-16 00:25:00,615936.77,374437311.22057
2026-08-16 00:30:00,616071.89,374448494.742
2026-08-16 00:35:00,615226.0,373755947.26
2026-08-16 00:40:00,614422.32,373261559.4
2026-08-16 00:45:00,614412.56,373464530.4704
2026-08-16 00:50:00,614382.01,373114194.673
2026-08-16 00:55:00,614359.34,373478791.1819762
2026-08-16 01:00:00,614425.53,373494225.37059796
2026-08-16 01:05:00,614452.58,373415121.9176
2026-08-16 01:10:00,614451.02,373364016.07788014
2026-08-16 01:15:00,614434.12,373545223.254
2026-08-16 01:20:00,614396.16,373522145.472
2026-08-16 01:25:00,614451.1,373512534.668
2026-08-16 01:30:00,614515.52,373416500.8832
2026-08-16 01:35:00,614546.26,373441325.8142
2026-08-16 01:40:00,614660.2,373152953.4461837
2026-08-16 01:45:00,614426.66,373440844.5793999
2026-08-16 01:50:00,614401.04,373291639.8728
2026-08-16 01:55:00,614526.05,373170402.7538772
2026-08-16 02:00:00,614116.38,373008148.0482
2026-08-16 02:05:00,614100.77,372697757.313
2026-08-16 02:10:00,614153.1,372694592.3590149
2026-08-16 02:15:00,614154.49,372785633.8851
2026-08-16 02:20:00,614160.52,373028816.6376
2026-08-16 02:25:00,614025.42,373210790.5302
2026-08-16 02:30:00,614086.84,373168290.9312
2026-08-16 02:35:00,614047.18,373162281.4495409
2026-08-16 02:40:00,613977.14,373077069.3496
2026-08-16 02:45:00,614010.15,373250630.0835
2026-08-16 02:50:00,614204.34,373242353.3887761
2026-08-16 02:55:00,614402.72,373349906.65452
2026-08-16 03:00:00,614478.83,373326613.1665
2026-08-16 03:05:00,614444.44,373188975.0784
2026-08-16 03:10:00,614525.08,373065885.5664
2026-08-16 03:15:00,614410.88,372981911.6070266
2026-08-16 03:20:00,614485.18,372967924.8528
2026-08-16 03:25:00,614524.78,372899781.7518
2026-08-16 03:30:00,614496.21,372888446.3846667
2026-08-16 03:35:00,614515.49,372914035.59745723
2026-08-16 03:40:00,614443.02,372943842.0642072
2026-08-16 03:45:00,614470.62,373031415.8011354
2026-08-16 03:50:00,614552.83,373047466.8072065
2026-08-16 03:55:00,614616.42,372875489.6856
2026-08-16 04:00:00,614599.03,372944837.3943
2026-08-16 04:05:00,614738.86,372973106.02686954
2026-08-16 04:10:00,614709.46,372790552.017
2026-08-16 04:15:00,614764.73,372830218.1558
2026-08-16 04:20:00,614766.25,372978683.875
2026-08-16 04:25:00,614782.96,372832248.6802775
2026-08-16 04:30:00,614792.14,372809953.696
2026-08-16 04:35:00,614751.94,372631888.431
2026-08-16 04:40:00,614721.8,372626690.25617206
2026-08-16 04:45:00,614575.33,372580148.0592
2026-08-16 04:50:00,614516.63,372553913.04896855
2026-08-16 04:55:00,614431.9,372577915.3165121
2026-08-16 05:00:00,614472.5,372521385.8097372
2026-08-16 05:05:00,614425.16,372599705.5272
2026-08-16 05:10:00,614303.93,372612191.7808
2026-08-16 05:15:00,614301.79,372580178.6529
2026-08-16 05:20:00,614339.5,372510899.22
2026-08-16 05:25:00,614251.95,372445527.363
2026-08-16 05:30:00,614877.83,372997189.2346
2026-08-16 05:35:00,614684.36,372953588.5864
2026-08-16 05:40:00,614534.88,372789148.9056
2026-08-16 05:45:00,614159.31,372400005.38201237
2026-08-16 05:50:00,614100.39,372328945.8722474
2026-08-16 05:55:00,614102.14,372303677.3474846
2026-08-16 06:00:00,614582.4,372731933.952
2026-08-16 06:05:00,614380.62,372470673.6358245
2026-08-16 06:10:00,614444.41,372494634.6743
2026-08-16 06:15:00,614539.58,372252990.5434424
2026-08-16 06:20:00,613840.47,371563774.8957
2026-08-16 06:25:00,613291.42,370770044.8159758
2026-08-16 06:30:00,613240.93,371147120.62807095
2026-08-16 06:35:00,613537.17,371288153.7972
2026-08-16 06:40:00,613616.77,371502001.0611
2026-08-16 06:45:00,613656.79,371504376.91614306
2026-08-16 06:50:00,613733.74,371689427.6188
2026-08-16 06:55:00,613846.25,371686219.6127627
2026-08-16 07:00:00,613859.1,371714661.70403415
2026-08-16 07:05:00,613893.52,371786193.5824
2026-08-16 07:10:00,613985.33,371915473.7942
2026-08-16 07:15:00,614244.58,372121609.3859887
2026-08-16 07:20:00,614397.45,372269558.9295
2026-08-16 07:25:00,614468.08,372097290.5248
2026-08-16 07:30:00,614392.79,372129624.2376018
2026-08-16 07:35:00,614417.85,371965519.25840306
2026-08-16 07:40:00,614339.79,372019603.2324
2026-08-16 07:45:00,614591.0,372331519.62
2026-08-16 07:50:00,614728.74,372414172.2236944
2026-08-16 07:55:00,614751.57,372495600.8708411
2026-08-16 08:00:00,614852.05,372552932.4971783
2026-08-16 08:05:00,614993.76,372440221.056
2026-08-16 08:10:00,615125.02,372377437.39177537
2026-08-16 08:15:00,615122.28,372456540.54
2026-08-16 08:20:00,615051.11,372497092.37071997
2026-08-16 08:25:00,614974.3,372619078.113
2026-08-16 08:30:00,614841.43,372664114.7326439
2026-08-16 08:35:00,614709.13,372765763.5233
2026-08-16 08:40:00,614936.42,373124971.5634
2026-08-16 08:45:00,615170.81,373248737.2594
2026-08-16 08:50:00,615683.54,373996966.373
2026-08-16 08:55:00,615978.94,374067431.78632945
2026-08-16 09:00:00,616046.21,374315837.6581
2026-08-16 09:05:00,615931.32,374440655.2040609
2026-08-16 09:10:00,616244.2,374440570.4703981
2026-08-16 09:15:00,616246.35,374277131.6618772
2026-08-16 09:20:00,616745.46,374543350.4034
2026-08-16 09:25:00,616644.11,374807647.255057
2026-08-16 09:30:00,616594.31,374974296.83563143
2026-08-16 09:35:00,616508.69,374769805.9410596
2026-08-16 09:40:00,616632.06,374720334.0749361
2026-08-16 09:45:00,616576.2,374591680.36505425
2026-08-16 09:50:00,616505.05,374699439.289
2026-08-16 09:55:00,616648.02,374768145.01343334
2026-08-16 10:00:00,616583.62,374601739.71074665
2026-08-16 10:05:00,616447.42,374282215.5272
2026-08-16 10:10:00,615994.89,373926318.97204584
2026-08-16 10:15:00,615893.98,373958506.7764
2026-08-16 10:20:00,615886.94,374003503.1844
2026-08-16 10:25:00,615909.9,373695249.7382693
2026-08-16 10:30:00,615937.41,373957333.4781027
2026-08-16 10:35:00,615907.57,373800463.3087
2026-08-16 10:40:00,615968.43,373839209.69590074
2026-08-16 10:45:00,616007.47,373793332.796
2026-08-16 10:50:00,616016.22,373810962.6204
2026-08-16 10:55:00,616059.92,373921188.4182505
2026-08-16 11:00:00,616126.19,373992880.3928224
2026-08-16 11:05:00,616155.35,374098720.7525
2026-08-16 11:10:00,616130.15,373910904.1305
2026-08-16 11:15:00,616180.38,374021490.66
2026-08-16 11:20:00,616135.83,374075182.73288757
2026-08-16 11:25:00,616148.45,374082107.1660178
2026-08-16 11:30:00,616619.22,374176875.0804
2026-08-16 11:35:00,616602.72,374143727.2772141
2026-08-16 11:40:00,616015.72,374084916.8812147
2026-08-16 11:45:00,615904.34,374013657.83793914
2026-08-16 11:50:00,615936.43,374076672.0319
2026-08-16 11:55:00,615842.45,374029465.4563573
2026-08-16 12:00:00,616032.24,374030134.8384
2026-08-16 12:05:00,615827.39,374004290.4948
2026-08-16 12:10:00,615941.64,374350850.5428
2026-08-16 12:15:00,615866.52,374306637.5092471
2026-08-16 12:20:00,615694.4,374296798.949795
2026-08-16 12:25:00,615533.79,373819826.0049
2026-08-16 12:30:00,615550.56,373749989.0208
2026-08-16 12:35:00,615537.54,373852880.2944
2026-08-16 12:40:00,615481.32,373917211.5264
2026-08-16 12:45:00,615398.36,373546804.52
2026-08-16 12:50:00,615335.23,373792293.08757156
2026-08-16 12:55:00,615156.64,373781477.5968
2026-08-16 13:00:00,615138.61,373776673.5943
2026-08-16 13:05:00,614965.26,373801189.5877702
2026-08-16 13:10:00,614520.82,373942064.1782
2026-08-16 13:15:00,614490.13,373769766.4738
2026-08-16 13:20:00,614479.68,373874854.85226184
2026-08-16 13:25:00,614463.82,373735329.2386
2026-08-16 13:30:00,614258.88,373644605.86940795
2026-08-16 13:35:00,614192.56,373723888.9088
2026-08-16 13:40:00,614136.17,373519887.9991063
2026-08-16 13:45:00,614121.28,373517206.744313
2026-08-16 13:50:00,614072.59,373349993.9941
2026-08-16 13:55:00,614086.86,373195482.7350271
2026-08-16 14:00:00,614077.02,373193027.3646
2026-08-16 14:05:00,614206.63,373376210.377
2026-08-16 14:10:00,614380.43,373531013.8314
2026-08-16 14:15:00,614257.05,373370005.272
2026-08-16 14:20:00,614308.95,373630141.29533243
2026-08-16 14:25:00,614328.59,373923382.8753
2026-08-16 14:30:00,614232.3,373705073.643
2026-08-16 14:35:00,614450.86,373622211.00453377
2026-08-16 14:40:00,614438.81,373646384.7491
2026-08-16 14:45:00,614449.59,373501895.5622366
2026-08-16 14:50:00,614329.37,373512256.96
2026-08-16 14:55:00,614294.6,373558689.206
2026-08-16 15:00:00,614287.73,373499225.5946
2026-08-16 15:05:00,615107.5,374169892.25
2026-08-16 15:10:00,614963.89,373963309.91547334
2026-08-16 15:15:00,614994.15,374008692.3225
2026-08-16 15:20:00,614573.61,373709920.7688
2026-08-16 15:25:00,614564.47,373581450.0236
2026-08-16 15:30:00,614451.12,373586280.96
2026-08-16 15:35:00,614334.75,373486271.08159304
2026-08-16 15:40:00,614302.34,373401677.3787286
2026-08-16 15:45:00,613991.17,372913677.0112
2026-08-16 15:50:00,614312.8,373312080.71164
2026-08-16 15:55:00,614330.55,373199665.8195
2026-08-16 16:00:00,614366.17,373374896.1558
2026-08-16 16:05:00,614414.96,373195646.704
2026-08-16 16:10:00,614633.32,373244839.2859357
2026-08-16 16:15:00,614853.88,373600027.3258426
2026-08-16 16:20:00,614637.74,373964040.1482
2026-08-16 16:25:00,614305.95,373502011.4302741
2026-08-16 16:30:00,614428.32,373535552.8608
2026-08-16 16:35:00,614327.61,373448277.15256006
2026-08-16 16:40:00,614414.58,373373051.49697214
2026-08-16 16:45:00,614335.95,373301240.0175
2026-08-16 16:50:00,614317.09,373375784.1311
2026-08-16 16:55:00,614146.28,373292642.55304796
2026-08-16 17:00:00,614688.37,373490800.4957
2026-08-16 17:05:00,614569.24,373366943.37031275
2026-08-16 17:10:00,614614.37,373384375.9187
2026-08-16 17:15:00,614687.8,373643906.84271485
2026-08-16 17:20:00,614662.94,373547345.9310465
2026-08-16 17:25:00,614677.12,373815890.528
2026-08-16 17:30:00,614403.99,373193856.67739075
2026-08-16 17:35:00,613613.95,372318159.2141154
2026-08-16 17:40:00,613500.31,372497845.8667453
2026-08-16 17:45:00,613459.36,372185793.712
2026-08-16 17:50:00,613506.33,372257235.8541
2026-08-16 17:55:00,613188.49,372088907.6169
2026-08-16 18:00:00,613917.04,372323618.98975617
2026-08-16 18:05:00,613904.3,372240872.305
2026-08-16 18:10:00,613940.57,372354955.705
2026-08-16 18:15:00,614220.84,372594373.2010908
2026-08-16 18:20:00,613640.0,372018588.2444876
2026-08-16 18:25:00,613508.92,371894761.28135866
2026-08-16 18:30:00,613553.5,371810772.91536504
2026-08-16 18:35:00,613613.73,371770150.5951
2026-08-16 18:40:00,613938.34,372014969.9613755
2026-08-16 18:45:00,614349.6,372365851.3775959
2026-08-16 18:50:00,614215.69,372104149.3158
2026-08-16 18:55:00,614192.17,371973203.9171
2026-08-16 19:00:00,614220.77,371978240.5197
2026-08-16 19:05:00,614327.61,372199705.11813676
2026-08-16 19:10:00,614315.8,372091080.06
2026-08-16 19:15:00,614619.55,372287353.826
2026-08-16 19:20:00,614604.19,372318274.268379
2026-08-16 19:25:00,614585.75,372237714.32760483
2026-08-16 19:30:00,614396.35,372560945.59216136
2026-08-16 19:35:00,614382.33,372612832.2494297
2026-08-16 19:40:00,614555.7,372640476.1027632
2026-08-16 19:45:00,613899.2,372296490.5506095
2026-08-16 19:50:00,613904.01,372261755.77140766
2026-08-16 19:55:00,613923.13,372031277.5487
2026-08-16 20:00:00,614745.93,372788079.4113
2026-08-16 20:05:00,614411.09,372333120.54
2026-08-16 20:10:00,613710.2,371748816.548
2026-08-16 20:15:00,613622.66,371775561.0142
2026-08-16 20:20:00,613617.0,371710770.09
2026-08-16 20:25:00,613649.34,371791725.6258
2026-08-16 20:30:00,613790.3,371906187.96841323
2026-08-16 20:35:00,613742.69,371848605.87272394
2026-08-16 20:40:00,614453.9,372249422.75305593
2026-08-16 20:45:00,614272.19,371876026.0685151
2026-08-16 20:50:00,613888.63,371746398.7828
2026-08-16 20:55:00,613879.61,371747075.4277
2026-08-16 21:00:00,613816.86,371868668.2938
2026-08-16 21:05:00,613736.77,371659654.4181619
2026-08-16 21:10:00,613658.44,371594731.7576
2026-08-16 21:15:00,613160.97,371091150.6537
2026-08-16 21:20:00,613069.66,371119752.94057286
2026-08-16 21:25:00,612966.15,370807486.53663063
2026-08-16 21:30:00,613659.63,371461250.72069997
2026-08-16 21:35:00,613164.21,371004384.6739977
2026-08-16 21:40:00,613117.5,370452189.7062302
2026-08-16 21:45:00,614112.31,371224829.9038432
2026-08-16 21:50:00,614095.27,371337268.8163
2026-08-16 21:55:00,614353.58,371524183.9692
2026-08-16 22:00:00,615067.76,371640294.0935617
2026-08-16 22:05:00,614435.65,371110448.012914
2026-08-16 22:10:00,614393.83,371245456.33841187
2026-08-16 22:15:00,615398.16,371958955.8672
2026-08-16 22:20:00,615449.97,372205678.3569
2026-08-16 22:25:00,615461.59,372071149.6186
2026-08-16 22:30:00,615372.35,371703360.5705
2026-08-16 22:35:00,612936.92,369570315.914
2026-08-16 22:40:00,612335.33,368592320.91370285
2026-08-16 22:45:00,612089.18,368869423.4352
2026-08-16 22:50:00,612328.74,368745464.38638973
2026-08-16 22:55:00,612161.52,368564086.3464
2026-08-16 23:00:00,612500.15,369058519.162656
2026-08-16 23:05:00,612772.74,369023999.4828
2026-08-16 23:10:00,612567.23,369108166.32994485
2026-08-16 23:15:00,612596.04,368958615.8898386
2026-08-16 23:20:00,612616.15,369088978.052
2026-08-16 23:25:00,612595.42,369462423.7562
2026-08-16 23:30:00,612820.44,369530725.32
2026-08-16 23:35:00,613076.35,369740215.9215
2026-08-16 23:40:00,613224.15,369751569.10763276
2026-08-16 23:45:00,613086.04,370218136.1144
2026-08-16 23:50:00,613578.16,370904272.36793
2026-08-16 23:55:00,613758.96,370462436.88803405
2026-08-17 00:00:00,614412.17,370687150.4044
2026-08-17 00:05:00,613860.49,370297316.96802175
2026-08-17 00:10:00,613868.39,369749127.8400104
2026-08-17 00:15:00,613775.34,369880420.5430027
2026-08-17 00:20:00,613652.68,369490648.1432597
2026-08-17 00:25:00,613790.02,369495454.1398
2026-08-17 00:30:00,612680.22,369041660.40889657
2026-08-17 00:35:00,612834.41,368947011.83139515
2026-08-17 00:40:00,612792.95,369170147.5941438
2026-08-17 00:45:00,612612.94,369398854.12882584
2026-08-17 00:50:00,612550.66,368910934.14489824
2026-08-17 00:55:00,612673.45,369013218.935
2026-08-17 01:00:00,612609.78,369336310.2642
2026-08-17 01:05:00,611955.73,369902760.5558
2026-08-17 01:10:00,611915.76,369745517.88232374
2026-08-17 01:15:00,612024.92,369663051.68
2026-08-17 01:20:00,611869.79,369876391.65394676
2026-08-17 01:25:00,611755.33,370087144.2230266
2026-08-17 01:30:00,611567.25,369985954.905
2026-08-17 01:35:00,611373.32,369838062.4676
2026-08-17 01:40:00,611256.5,369561155.4833006
2026-08-17 01:45:00,611311.39,369650572.37678075
2026-08-17 01:50:00,611254.6,369621662.52962995
2026-08-17 01:55:00,611240.99,368967048.1835812
2026-08-17 02:00:00,610283.35,368391441.394
2026-08-17 02:05:00,610422.57,367755759.598478
2026-08-17 02:10:00,610463.34,368058288.3062035
2026-08-17 02:15:00,610391.69,367992942.0672
2026-08-17 02:20:00,610466.82,368001608.4324
2026-08-17 02:25:00,610550.71,367983509.5151808
2026-08-17 02:30:00,610467.97,368331954.3792
2026-08-17 02:35:00,610443.04,368739326.6534755
2026-08-17 02:40:00,610447.48,368646173.43830496
2026-08-17 02:45:00,610273.47,368573441.65956
2026-08-17 02:50:00,610465.76,369132179.2232418
2026-08-17 02:55:00,610016.71,369194313.2262
2026-08-17 03:00:00,610437.74,369345354.587
2026-08-17 03:05:00,610510.76,369485520.4135673
2026-08-17 03:10:00,610661.0,369580416.3604851
2026-08-17 03:15:00,610648.34,369546672.1413593
2026-08-17 03:20:00,610673.43,369310863.5268
2026-08-17 03:25:00,610837.06,369251002.77
2026-08-17 03:30:00,610915.87,369396389.9542
2026-08-17 03:35:00,610875.01,369366419.51446384
2026-08-17 03:40:00,610887.75,369479303.57488585
2026-08-17 03:45:00,610896.16,369659375.3776
2026-08-17 03:50:00,611236.78,369957173.4628
2026-08-17 03:55:00,611094.46,370170469.145
2026-08-17 04:00:00,610969.32,369941923.26
2026-08-17 04:05:00,610824.43,369896950.0751
2026-08-17 04:10:00,610814.3,369825876.07355547
2026-08-17 04:15:00,610919.47,370019732.3521658
2026-08-17 04:20:00,611056.11,369853870.71630025
2026-08-17 04:25:00,611162.85,370046882.418
2026-08-17 04:30:00,611095.64,369975633.3252
2026-08-17 04:35:00,611073.4,370006052.5660131
2026-08-17 04:40:00,612287.95,370905671.4715
2026-08-17 04:45:00,611624.53,370644465.18
2026-08-17 04:50:00,611482.29,370709581.9372014
2026-08-17 04:55:00,611567.96,370687866.36376214
2026-08-17 05:00:00,611390.32,370893823.7248
2026-08-17 05:05:00,610418.55,370254132.21170914
2026-08-17 05:10:00,610169.82,369772594.9618234
2026-08-17 05:15:00,610232.0,370276572.96
2026-08-17 05:20:00,609984.57,370289557.8418503
2026-08-17 05:25:00,609722.33,369853631.41904074
2026-08-17 05:30:00,609595.47,369539960.6840466
2026-08-17 05:35:00,609533.85,369426275.808
2026-08-17 05:40:00,609564.29,369279576.9101953
2026-08-17 05:45:00,609411.21,369262853.1691659
2026-08-17 05:50:00,609361.09,369236258.8746
2026-08-17 05:55:00,609395.85,369245133.432
2026-08-17 06:00:00,609413.12,369259304.23678434
2026-08-17 06:05:00,609423.77,369274550.26806915
2026-08-17 06:10:00,609630.25,369428118.2897306
2026-08-17 06:15:00,609498.61,369526817.2708
2026-08-17 06:20:00,609362.48,369298037.3792
2026-08-17 06:25:00,609424.12,369420713.0616
2026-08-17 06:30:00,609919.41,369786405.755216
2026-08-17 06:35:00,609908.57,369732674.2197
2026-08-17 06:40:00,609853.22,369599175.1342361
2026-08-17 06:45:00,608951.75,369390131.55
2026-08-17 06:50:00,608764.3,369732997.605
2026-08-17 06:55:00,608661.23,369134776.1581
2026-08-17 07:00:00,608564.6,369273983.72069407
2026-08-17 07:05:00,608556.92,369011681.0675325
2026-08-17 07:10:00,608573.34,368947529.0189024
2026-08-17 07:15:00,608523.45,368880830.1555
2026-08-17 07:20:00,608448.98,368848696.32432055
2026-08-17 07:25:00,608460.42,368927806.4586
2026-08-17 07:30:00,608561.25,369112302.03352314
2026-08-17 07:35:00,608346.59,368645866.6082
2026-08-17 07:40:00,608211.82,368472966.9106
2026-08-17 07:45:00,608102.99,368242846.6244
2026-08-17 07:50:00,607895.64,368028092.5623876
2026-08-17 07:55:00,607771.21,367853524.8525
2026-08-17 08:00:00,608037.7,368051300.187
2026-08-17 08:05:00,608374.98,368188537.896
2026-08-17 08:10:00,608650.74,368087621.5224
2026-08-17 08:15:00,608854.68,368111080.7536145
2026-08-17 08:20:00,608730.51,368476752.3132
2026-08-17 08:25:00,608585.17,368436578.8548325
2026-08-17 08:30:00,608541.94,368599938.4774
2026-08-17 08:35:00,608377.47,368506401.1284
2026-08-17 08:40:00,608254.21,368382794.0352325
2026-08-17 08:45:00,609414.52,369079715.7476
2026-08-17 08:50:00,608974.59,368764562.9745
2026-08-17 08:55:00,608858.49,368651638.5252
2026-08-17 09:00:00,608202.4,368108420.576
2026-08-17 09:05:00,608268.09,368193004.2143385
2026-08-17 09:10:00,608331.02,368265349.5774
2026-08-17 09:15:00,608166.12,368046597.915515
2026-08-17 09:20:00,608141.62,368041227.0078
2026-08-17 09:25:00,608141.09,367927296.5739768
2026-08-17 09:30:00,608378.81,367990090.8047
2026-08-17 09:35:00,608501.65,367662781.9465
2026-08-17 09:40:00,608533.47,367554215.88
2026-08-17 09:45:00,608572.3,367607073.5634762
2026-08-17 09:50:00,608019.47,367403080.41344225
2026-08-17 09:55:00,608040.99,367554668.0565184
2026-08-17 10:00:00,607995.64,367624563.726
2026-08-17 10:05:00,608007.75,367577165.34
2026-08-17 10:10:00,607787.23,367580394.52424496
2026-08-17 10:15:00,607779.73,367458019.1265389
2026-08-17 10:20:00,610039.13,368511814.702842
2026-08-17 10:25:00,610096.59,368773470.5187848
2026-08-17 10:30:00,609794.5,368992113.27563995
2026-08-17 10:35:00,609763.4,368978583.55410886
2026-08-17 10:40:00,609860.56,369170482.39356315
2026-08-17 10:45:00,609393.81,369124495.12698627
2026-08-17 10:50:00,609495.16,368849586.80430603
2026-08-17 10:55:00,609415.68,368964629.2992
2026-08-17 11:00:00,609477.74,369093624.5666
2026-08-17 11:05:00,609594.89,369182310.9811474
2026-08-17 11:10:00,609399.77,369089064.6982
2026-08-17 11:15:00,609470.06,369185928.3336699
2026-08-17 11:20:00,609441.84,368834201.568
2026-08-17 11:25:00,609441.01,368882454.5328
2026-08-17 11:30:00,609439.68,368778044.7648
2026-08-17 11:35:00,609430.53,368784696.6189
2026-08-17 11:40:00,609159.78,368584308.0846
2026-08-17 11:45:00,609115.3,368534933.1823929
2026-08-17 11:50:00,609184.67,368916144.3053
2026-08-17 11:55:00,609322.11,368921782.6292258
2026-08-17 12:00:00,609477.97,368895168.51535493
2026-08-17 12:05:00,609294.37,368586536.1878
2026-08-17 12:10:00,609405.21,368635305.5811
2026-08-17 12:15:00,609544.37,368866164.43747616
2026-08-17 12:20:00,609691.39,368814515.6388
2026-08-17 12:25:00,609682.94,368804750.6292763
2026-08-17 12:30:00,609644.55,368714567.72214776
2026-08-17 12:35:00,609539.6,368771458.0
2026-08-17 12:40:00,609525.21,368595024.0730006
2026-08-17 12:45:00,609315.91,368369610.12509114
2026-08-17 12:50:00,609263.7,368299910.2141926
2026-08-17 12:55:00,609244.38,368192659.80272764
2026-08-17 13:00:00,609243.77,368196472.3995
2026-08-17 13:05:00,609263.5,368159655.145
2026-08-17 13:10:00,609207.63,368284096.9254558
2026-08-17 13:15:00,609162.26,368287319.1508
2026-08-17 13:20:00,608956.53,367985913.53296113
2026-08-17 13:25:00,608843.91,367912197.9348
2026-08-17 13:30:00,608830.6,368032009.394
2026-08-17 13:35:00,608820.35,368717540.4049524
2026-08-17 13:40:00,608674.81,368849562.57244104
2026-08-17 13:45:00,608836.44,369088199.9388338
2026-08-17 13:50:00,608627.86,369437111.02
2026-08-17 13:55:00,607766.75,368619496.6598836
2026-08-17 14:00:00,607600.54,368367772.64747477
2026-08-17 14:05:00,607494.07,368129256.5386
2026-08-17 14:10:00,607511.58,367962147.71229804
2026-08-17 14:15:00,607500.36,367964261.6754166
2026-08-17 14:20:00,607537.65,367979479.2285
2026-08-17 14:25:00,607727.06,367994854.86927104
2026-08-17 14:30:00,608572.98,368557882.4178
2026-08-17 14:35:00,607846.77,368267066.9967607
2026-08-17 14:40:00,607868.47,367981000.00125086
2026-08-17 14:45:00,608916.73,368741704.1861
2026-08-17 14:50:00,608689.38,369287165.50119495
2026-08-17 14:55:00,608756.41,369431169.12038076
2026-08-17 15:00:00,607652.33,369282473.9876
2026-08-17 15:05:00,607640.47,368995384.3841606
2026-08-17 15:10:00,607648.16,368939475.74644834
2026-08-17 15:15:00,607255.12,368332991.8030299
2026-08-17 15:20:00,607083.3,368111029.788
2026-08-17 15:25:00,607349.67,368366846.0294921
2026-08-17 15:30:00,607290.52,368706655.7312854
2026-08-17 15:35:00,607214.19,368487931.2015
2026-08-17 15:40:00,607284.35,368485251.996083
2026-08-17 15:45:00,607145.27,368400192.5034593
2026-08-17 15:50:00,607037.08,368683970.538
2026-08-17 15:55:00,606878.67,368842649.2659
2026-08-17 16:00:00,606823.91,368627320.6077
2026-08-17 16:05:00,606756.86,368567749.80414295
2026-08-17 16:10:00,606027.4,368194224.1634021
2026-08-17 16:15:00,606035.48,368154433.3904
2026-08-17 16:20:00,605980.58,368169561.1848
2026-08-17 16:25:00,606011.15,368135057.1286132
2026-08-17 16:30:00,605934.69,368081086.7874
2026-08-17 16:35:00,606008.76,368247283.1016
2026-08-17 16:40:00,605975.14,368445627.8439925
2026-08-17 16:45:00,605881.45,368351686.342
2026-08-17 16:50:00,606005.72,368615099.3044
2026-08-17 16:55:00,606450.35,368497255.509307
2026-08-17 17:00:00,606249.07,368544872.1437
2026-08-17 17:05:00,605902.45,367958498.8605
2026-08-17 17:10:00,605681.64,367903141.7688
2026-08-17 17:15:00,605771.38,367630535.0944
2026-08-17 17:20:00,605818.07,368317852.7923618
2026-08-17 17:25:00,605424.41,367803152.59323305
2026-08-17 17:30:00,605616.75,367450506.5092205
2026-08-17 17:35:00,605278.87,366901892.6279
2026-08-17 17:40:00,605218.99,367071369.6249
2026-08-17 17:45:00,605125.04,367003185.18530446
2026-08-17 17:50:00,605035.72,366977174.86825126
2026-08-17 17:55:00,604819.92,366839920.9348435
2026-08-17 18:00:00,604778.25,366744575.867882
2026-08-17 18:05:00,604722.07,366830454.8827
2026-08-17 18:10:00,604728.22,366707192.608
2026-08-17 18:15:00,605624.94,367281244.863
2026-08-17 18:20:00,605414.58,367286863.2486
2026-08-17 18:25:00,605254.77,367514838.6108051
2026-08-17 18:30:00,605041.97,367305025.80470484
2026-08-17 18:35:00,604788.27,366919014.6738966
2026-08-17 18:40:00,604857.62,366930826.5968
2026-08-17 18:45:00,604829.9,366938203.732
2026-08-17 18:50:00,604982.59,367030837.7012
2026-08-17 18:55:00,605122.53,367073377.9233
2026-08-17 19:00:00,605088.53,367125363.8069
2026-08-17 19:05:00,604975.66,366784643.1448
2026-08-17 19:10:00,604837.82,366701073.5096
2026-08-17 19:15:00,604733.84,366256611.14109015
2026-08-17 19:20:00,604675.03,366281661.8033535
2026-08-17 19:25:00,604671.89,366328080.0417456
2026-08-17 19:30:00,604493.59,366266853.47182834
2026-08-17 19:35:00,604434.03,365833696.6575
2026-08-17 19:40:00,604307.26,366174607.8566
2026-08-17 19:45:00,604359.98,366063342.1236688
2026-08-17 19:50:00,604431.82,366031821.5556
2026-08-17 19:55:00,604389.05,365975701.4465
2026-08-17 20:00:00,604225.18,365924841.7852561
2026-08-17 20:05:00,604043.14,365742080.8386
2026-08-17 20:10:00,603986.45,365653396.83
2026-08-17 20:15:00,603923.6,365627425.912
2026-08-17 20:20:00,603870.46,365641630.4319609
2026-08-17 20:25:00,603743.45,365699131.86772937
2026-08-17 20:30:00,603710.41,365848508.46
2026-08-17 20:35:00,603678.22,365708869.35422
2026-08-17 20:40:00,603656.68,365652960.7764
2026-08-17 20:45:00,603810.02,365866605.4186
2026-08-17 20:50:00,604074.61,365954439.4841
2026-08-17 20:55:00,604172.57,365971492.5518
2026-08-17 21:00:00,603963.8,365947706.058
2026-08-17 21:05:00,603954.97,366220175.1589
2026-08-17 21:10:00,603916.49,366162315.65847266
2026-08-17 21:15:00,603895.61,366032679.87798184
2026-08-17 21:20:00,603914.63,366015361.61716765
2026-08-17 21:25:00,603949.34,365902707.639
2026-08-17 21:30:00,603902.44,365810293.58966243
2026-08-17 21:35:00,604113.06,365959609.4868
2026-08-17 21:40:00,604057.93,365690630.2427
2026-08-17 21:45:00,604148.51,365884420.6262
2026-08-17 21:50:00,604212.18,365865171.96790874
2026-08-17 21:55:00,604316.15,365913428.825
2026-08-17 22:00:00,604321.26,365872688.3907145
2026-08-17 22:05:00,604348.03,365926688.6847
2026-08-17 22:10:00,604358.06,365848151.621
2026-08-17 22:15:00,604440.83,365848068.5336811
2026-08-17 22:20:00,604557.03,365877914.556
2026-08-17 22:25:00,604440.21,365838769.0409024
2026-08-17 22:30:00,603610.55,365274924.3325
2026-08-17 22:35:00,603615.23,365259534.9747928
2026-08-17 22:40:00,603663.18,365324883.2724
2026-08-17 22:45:00,603826.89,365363574.6012
2026-08-17 22:50:00,603853.31,365358513.19367623
2026-08-17 22:55:00,603952.2,365423857.1295622
2026-08-17 23:00:00,604284.59,365682819.6385
2026-08-17 23:05:00,603941.93,365370491.68807214
2026-08-17 23:10:00,603929.49,365546441.7072
2026-08-17 23:15:00,603995.78,365682571.15566885
2026-08-17 23:20:00,604050.28,365767138.5040177
2026-08-17 23:25:00,604063.25,365931786.0011464
2026-08-17 23:30:00,605052.66,366474536.2693416
2026-08-17 23:35:00,604781.13,366981189.684
2026-08-17 23:40:00,604834.89,366759780.5982
2026-08-17 23:45:00,604913.18,366787561.6902961
2026-08-17 23:50:00,604659.23,366477912.7107
2026-08-17 23:55:00,604632.68,366492052.6552
2026-08-18 00:00:00,604846.74,366615754.5162
2026-08-18 00:05:00,605066.38,366633922.2972
2026-08-18 00:10:00,604821.92,366521426.2237302
2026-08-18 00:15:00,604668.66,366374787.7806
2026-08-18 00:20:00,604669.24,366537543.9757507
2026-08-18 00:25:00,604661.54,366461172.9324
2026-08-18 00:30:00,604546.3,366395981.4312769
2026-08-18 00:35:00,604600.86,366328941.38887316
2026-08-18 00:40:00,604709.71,366278718.4441
2026-08-18 00:45:00,604804.09,366267266.87645817
2026-08-18 00:50:00,604837.13,366203317.6305584
2026-08-18 00:55:00,604768.19,366197475.3316611
2026-08-18 01:00:00,604809.97,366261964.20330673
2026-08-18 01:05:00,604840.44,366176450.7804
2026-08-18 01:10:00,605307.58,366223392.5052582
2026-08-18 01:15:00,605179.39,366187997.0951
2026-08-18 01:20:00,605486.86,366301385.6942
2026-08-18 01:25:00,605437.06,366189135.24022394
2026-08-18 01:30:00,605312.39,366213995.95
2026-08-18 01:35:00,605308.92,366231424.0291926
2026-08-18 01:40:00,605305.44,366208975.83541316
2026-08-18 01:45:00,605435.59,366082683.8494
2026-08-18 01:50:00,605388.43,365963359.8193
2026-08-18 01:55:00,605523.44,365837911.8202012
2026-08-18 02:00:00,605626.58,365992254.8256
2026-08-18 02:05:00,605895.7,365967061.757
2026-08-18 02:10:00,605916.75,366031765.37579685
2026-08-18 02:15:00,605895.44,365651839.0856
2026-08-18 02:20:00,606047.23,365639197.1759288
2026-08-18 02:25:00,606348.48,366010132.9824
2026-08-18 02:30:00,606770.94,365995286.6097089
2026-08-18 02:35:00,606780.39,365918914.1895
2026-08-18 02:40:00,607145.52,366211963.2984
2026-08-18 02:45:00,607354.84,366241042.0684
2026-08-18 02:50:00,607690.71,366580871.28590083
2026-08-18 02:55:00,607661.07,366614076.7524
2026-08-18 03:00:00,607853.56,366760244.3620395
2026-08-18 03:05:00,607881.71,366826217.8995
2026-08-18 03:10:00,608103.46,366960528.5169958
2026-08-18 03:15:00,608164.66,366935422.4476227
2026-08-18 03:20:00,608124.49,367075860.16343004
2026-08-18 03:25:00,608298.52,367138571.746
2026-08-18 03:30:00,608127.33,367015116.8594486
2026-08-18 03:35:00,608201.32,367180580.41373163
2026-08-18 03:40:00,608335.02,367329390.6795679
2026-08-18 03:45:00,608406.58,367453238.0568
2026-08-18 03:50:00,608556.3,367382879.5437532
2026-08-18 03:55:00,608568.45,367494937.7341958
2026-08-18 04:00:00,608593.97,367560328.1815
2026-08-18 04:05:00,608704.93,367310815.9099
2026-08-18 04:10:00,608704.44,367340955.4512
2026-08-18 04:15:00,608766.43,367439241.8194
2026-08-18 04:20:00,608718.85,367388401.94605154
2026-08-18 04:25:00,608766.1,367388430.50626403
2026-08-18 04:30:00,608804.92,367401042.6949838
2026-08-18 04:35:00,608849.87,367605985.1704712
2026-08-18 04:40:00,608763.02,367679527.3119331
2026-08-18 04:45:00,608942.67,367667405.2926
2026-08-18 04:50:00,609093.79,367618556.9545
2026-08-18 04:55:00,609096.18,367697350.21963984
2026-08-18 05:00:00,609114.22,367777074.8938
2026-08-18 05:05:00,609053.9,367684959.66382253
2026-08-18 05:10:00,609011.79,367965880.65919954
2026-08-18 05:15:00,609042.04,367806578.3764
2026-08-18 05:20:00,609061.19,367884856.38054746
2026-08-18 05:25:00,609103.03,367739863.3322
2026-08-18 05:30:00,608943.68,367655836.2368
2026-08-18 05:35:00,608803.54,367473125.1188264
2026-08-18 05:40:00,608845.55,367480908.6135
2026-08-18 05:45:00,608820.56,367547548.75890326
2026-08-18 05:50:00,608763.44,367498313.4592
2026-08-18 05:55:00,608796.9,367475896.809
2026-08-18 06:00:00,608433.72,367493966.88
2026-08-18 06:05:00,608272.93,367357950.80602926
2026-08-18 06:10:00,608274.28,367206946.8326625
2026-08-18 06:15:00,608317.42,367375889.88809335
2026-08-18 06:20:00,608237.28,367568574.9359828
2026-08-18 06:25:00,608229.67,367857304.416
2026-08-18 06:30:00,608231.36,368041146.27118105
2026-08-18 06:35:00,608409.28,368226606.747255
2026-08-18 06:40:00,608312.99,368248351.6264
2026-08-18 06:45:00,608212.5,368213808.5291531
2026-08-18 06:50:00,607992.76,367832666.1468522
2026-08-18 06:55:00,607981.75,367543207.3275
2026-08-18 07:00:00,607951.15,367563104.01636606
2026-08-18 07:05:00,607905.6,367408857.45338184
2026-08-18 07:10:00,608025.11,367456679.67768157
2026-08-18 07:15:00,608075.84,367502795.4208
2026-08-18 07:20:00,608049.76,367405927.9434977
2026-08-18 07:25:00,608032.89,367336779.95546925
2026-08-18 07:30:00,608090.48,367365242.40990317
2026-08-18 07:35:00,608093.73,367216329.195333
2026-08-18 07:40:00,608120.12,367328751.4465036
2026-08-18 07:45:00,608093.36,367185013.5688
2026-08-18 07:50:00,607967.9,366995835.2829781
2026-08-18 07:55:00,607982.31,366979800.0067055
2026-08-18 08:00:00,608080.62,367084497.5780781
2026-08-18 08:05:00,608679.29,366984917.5268
2026-08-18 08:10:00,609015.51,367035226.23577994
2026-08-18 08:15:00,609008.72,367153826.2594546
2026-08-18 08:20:00,608848.72,367367140.6736
2026-08-18 08:25:00,609141.93,367355223.7251
2026-08-18 08:30:00,608971.06,367271386.1597546
2026-08-18 08:35:00,609016.65,367361574.7927573
2026-08-18 08:40:00,608953.23,367509363.8373
2026-08-18 08:45:00,609083.56,367466329.40697885
2026-08-18 08:50:00,609301.12,367523705.45099086
2026-08-18 08:55:00,609420.86,367602662.752
2026-08-18 09:00:00,609424.32,367525524.6624
2026-08-18 09:05:00,609425.06,367477216.9294
2026-08-18 09:10:00,609262.6,367458459.312
2026-08-18 09:15:00,609118.44,367310601.6888
2026-08-18 09:20:00,609429.68,367278890.9488
2026-08-18 09:25:00,609076.27,366944089.6242
2026-08-18 09:30:00,609431.11,366821973.8512324
2026-08-18 09:35:00,611476.88,368032827.88422143
2026-08-18 09:40:00,612657.57,368603602.66780066
2026-08-18 09:45:00,613021.66,368885783.905
2026-08-18 09:50:00,613286.2,369142371.8235717
2026-08-18 09:55:00,613929.64,369344392.4879603
2026-08-18 10:00:00,614251.48,369495783.47796327
2026-08-18 10:05:00,613871.78,369372788.7438
2026-08-18 10:10:00,614117.75,369354979.56
2026-08-18 10:15:00,614387.65,369615610.24
2026-08-18 10:20:00,614428.85,369633442.5949731
2026-08-18 10:25:00,614340.4,369506349.7854586
2026-08-18 10:30:00,614493.71,369728575.4328
2026-08-18 10:35:00,614473.14,369642462.0984
2026-08-18 10:40:00,614676.76,369685043.7668
2026-08-18 10:45:00,614308.87,369678791.7886
2026-08-18 10:50:00,614264.42,369542418.6742888
2026-08-18 10:55:00,614240.9,369617865.67272085
2026-08-18 11:00:00,614406.14,369565293.21
2026-08-18 11:05:00,614729.85,369913687.2375
2026-08-18 11:10:00,614751.13,369925981.66234356
2026-08-18 11:15:00,614943.61,370281867.3401411
2026-08-18 11:20:00,615555.67,370853824.5049
2026-08-18 11:25:00,615633.97,371016661.2461549
2026-08-18 11:30:00,615701.27,370971822.582924
2026-08-18 11:35:00,615573.45,370784511.873
2026-08-18 11:40:00,615800.36,371358407.098
2026-08-18 11:45:00,615805.12,371145745.824
2026-08-18 11:50:00,615792.91,371089123.4242
2026-08-18 11:55:00,615824.73,371095982.298
2026-08-18 12:00:00,615884.06,371061869.67828345
2026-08-18 12:05:00,615664.2,370777607.808
2026-08-18 12:10:00,615553.24,370541193.57559794
2026-08-18 12:15:00,615667.17,370506103.49096507
2026-08-18 12:20:00,615843.16,370485086.6244
2026-08-18 12:25:00,615929.31,370709794.66803825
2026-08-18 12:30:00,615904.16,370715624.6855373
2026-08-18 12:35:00,615936.18,370720827.4443465
2026-08-18 12:40:00,615869.04,370599194.82
2026-08-18 12:45:00,615869.28,370569628.4680355
2026-08-18 12:50:00,615811.27,370483940.41081554
2026-08-18 12:55:00,615783.95,370477514.17706543
2026-08-18 13:00:00,616128.25,370649559.8400436
2026-08-18 13:05:00,615526.75,370060837.3675
2026-08-18 13:10:00,615585.03,369911200.3773
2026-08-18 13:15:00,615526.13,369912738.3461
2026-08-18 13:20:00,615546.01,369758488.207
2026-08-18 13:25:00,615562.88,369657820.6976
2026-08-18 13:30:00,614915.13,369225789.8085
2026-08-18 13:35:00,614898.1,369168683.22548634
2026-08-18 13:40:00,615048.42,369822556.00560683
2026-08-18 13:45:00,615109.4,369697047.2710004
2026-08-18 13:50:00,615251.38,369723011.7834
2026-08-18 13:55:00,615252.48,369327681.41500944
2026-08-18 14:00:00,615272.49,369530243.41701096
2026-08-18 14:05:00,615320.25,370145896.3875
2026-08-18 14:10:00,616879.59,370979047.8342
2026-08-18 14:15:00,616849.02,370898616.3653062
2026-08-18 14:20:00,615590.39,370862430.4555
2026-08-18 14:25:00,615298.87,371251848.8739422
2026-08-18 14:30:00,614794.38,371305065.801
2026-08-18 14:35:00,612995.82,370188175.698
2026-08-18 14:40:00,612539.17,369340106.8805568
2026-08-18 14:45:00,612498.15,369397634.265
2026-08-18 14:50:00,612575.73,369511806.0933
2026-08-18 14:55:00,612817.79,369418820.1678
2026-08-18 15:00:00,612744.7,369454416.865
2026-08-18 15:05:00,612770.5,369965528.14410895
2026-08-18 15:10:00,612474.72,369432501.6096
2026-08-18 15:15:00,612210.7,369559675.23247147
2026-08-18 15:20:00,612345.67,369610397.36332995
2026-08-18 15:25:00,612449.48,369599306.2797429
2026-08-18 15:30:00,612155.63,369673777.31154716
2026-08-18 15:35:00,611999.88,369790024.7243778
2026-08-18 15:40:00,611800.86,369406400.724368
2026-08-18 15:45:00,611281.11,368889811.4517
2026-08-18 15:50:00,611114.25,368926786.2551741
2026-08-18 15:55:00,609938.93,368242257.5085925
2026-08-18 16:00:00,609919.27,368214362.4917
2026-08-18 16:05:00,609986.51,368347681.1421599
2026-08-18 16:10:00,609838.45,368141177.1115
2026-08-18 16:15:00,609685.42,368051926.6530433
2026-08-18 16:20:00,609593.86,367980320.0050971
2026-08-18 16:25:00,609583.12,367999233.7128
2026-08-18 16:30:00,609545.37,367863484.24754965
2026-08-18 16:35:00,609450.3,367955618.625
2026-08-18 16:40:00,609367.61,368179909.962
2026-08-18 16:45:00,609301.61,368146125.7781
2026-08-18 16:50:00,608977.92,368108883.3024
2026-08-18 16:55:00,608987.69,368009247.69888794
2026-08-18 17:00:00,608928.98,367923734.4764167
2026-08-18 17:05:00,608758.1,367527379.89604473
2026-08-18 17:10:00,608646.92,367217888.92364234
2026-08-18 17:15:00,608527.07,367233916.2036
2026-08-18 17:20:00,608448.34,367052545.5884
2026-08-18 17:25:00,608469.91,367004710.9156
2026-08-18 17:30:00,608445.35,366995981.7595
2026-08-18 17:35:00,608415.63,366925278.96525073
2026-08-18 17:40:00,608717.47,367256413.2618352
2026-08-18 17:45:00,608708.73,367179193.0233
2026-08-18 17:50:00,608696.83,367074623.3315
2026-08-18 17:55:00,608573.51,367046040.4971509
2026-08-18 18:00:00,609092.53,367311135.1670533
2026-08-18 18:05:00,608949.83,367381751.93499196
2026-08-18 18:10:00,607980.77,366794798.541
2026-08-18 18:15:00,607887.2,366829239.388482
2026-08-18 18:20:00,607724.4,367005706.99304336
2026-08-18 18:25:00,607727.31,366891285.7548142
2026-08-18 18:30:00,608368.61,367545895.7315
2026-08-18 18:35:00,608285.75,367374178.7125
2026-08-18 18:40:00,608267.98,367322884.25591123
2026-08-18 18:45:00,608339.74,367270399.463993
2026-08-18 18:50:00,608354.37,367324368.606
2026-08-18 18:55:00,608361.76,367243660.0416
2026-08-18 19:00:00,608351.29,367222760.26639247
2026-08-18 19:05:00,608321.5,367261939.195
2026-08-18 19:10:00,608621.24,367455073.65
2026-08-18 19:15:00,608663.03,367345516.123192
2026-08-18 19:20:00,608662.77,367205429.2539889
2026-08-18 19:25:00,608260.21,367291845.2064
2026-08-18 19:30:00,608151.88,367317654.0012
2026-08-18 19:35:00,608130.96,367268530.6728
2026-08-18 19:40:00,608097.42,367206174.5127309
2026-08-18 19:45:00,608147.16,366967950.2244508
2026-08-18 19:50:00,608304.24,367059036.35288143
2026-08-18 19:55:00,608438.63,367115633.1997492
2026-08-18 20:00:00,608350.2,367036180.61455464
2026-08-18 20:05:00,608252.91,366866325.95423466
2026-08-18 20:10:00,608248.75,366952556.4171795
2026-08-18 20:15:00,608218.24,366918643.97822666
2026-08-18 20:20:00,608195.04,366851084.2272
2026-08-18 20:25:00,608151.13,366763783.4804
2026-08-18 20:30:00,608208.09,366785970.7554
2026-08-18 20:35:00,608181.04,366854803.328
2026-08-18 20:40:00,608181.71,366840913.8151607
2026-08-18 20:45:00,608171.8,366745840.554
2026-08-18 20:50:00,607930.86,366681872.8760688
2026-08-18 20:55:00,607879.41,366757144.3975983
2026-08-18 21:00:00,607846.28,366653735.3353445
2026-08-18 21:05:00,607835.87,366709369.85427266
2026-08-18 21:10:00,607835.47,366687530.11462224
2026-08-18 21:15:00,607940.71,366795436.33017236
2026-08-18 21:20:00,607964.49,366821883.8728521
2026-08-18 21:25:00,608018.68,366914198.7747594
2026-08-18 21:30:00,608027.0,366781945.7397135
2026-08-18 21:35:00,608011.35,366746366.2065
2026-08-18 21:40:00,607978.94,366605221.0306
2026-08-18 21:45:00,607872.56,366504602.6008
2026-08-18 21:50:00,607850.26,366491157.2618
2026-08-18 21:55:00,607760.52,366351963.8508
2026-08-18 22:00:00,607856.94,366452123.6711063
2026-08-18 22:05:00,607754.93,366427602.3956
2026-08-18 22:10:00,607550.65,366517080.6255
2026-08-18 22:15:00,607499.51,366589504.3144
2026-08-18 22:20:00,607589.06,366683669.32208246
2026-08-18 22:25:00,607653.17,366524239.0806
2026-08-18 22:30:00,607588.73,366424942.19945
2026-08-18 22:35:00,607574.23,366474504.57122886
2026-08-18 22:40:00,607486.97,366800119.3113821
2026-08-18 22:45:00,607544.78,366742378.52327883
2026-08-18 22:50:00,607563.66,366701122.6296
2026-08-18 22:55:00,607565.47,366671086.3105288
2026-08-18 23:00:00,607488.23,366631296.5696
2026-08-18 23:05:00,607408.88,366634526.9590153
2026-08-18 23:10:00,608368.89,367241880.4485
2026-08-18 23:15:00,608451.47,367443842.733
2026-08-18 23:20:00,608766.57,367591517.9631
2026-08-18 23:25:00,608806.01,367820248.24487436
2026-08-18 23:30:00,609221.69,367972276.9073575
2026-08-18 23:35:00,609218.6,368226442.4499537
2026-08-18 23:40:00,609223.82,368116952.8395735
2026-08-18 23:45:00,609124.02,368208056.6425635
2026-08-18 23:50:00,609052.96,368168431.94763863
2026-08-18 23:55:00,608639.83,367837932.0697254
2026-08-19 00:00:00,608547.21,367726822.5867
2026-08-19 00:05:00,608365.28,367118028.216
2026-08-19 00:10:00,608297.7,367099037.6876987
2026-08-19 00:15:00,608211.96,366982932.4248
2026-08-19 00:20:00,607967.18,366966780.6654987
2026-08-19 00:25:00,607989.75,367383886.335
2026-08-19 00:30:00,607855.93,367521852.3966
2026-08-19 00:35:00,607152.85,367017836.78810126
2026-08-19 00:40:00,606814.16,366991620.3031773
2026-08-19 00:45:00,606833.63,366915384.10076296
2026-08-19 00:50:00,606825.49,366908417.439155
2026-08-19 00:55:00,606988.81,366913823.70397455
2026-08-19 01:00:00,606615.41,366611489.8102374
2026-08-19 01:05:00,606556.8,366469343.7246285
2026-08-19 01:10:00,605134.05,365983250.9698843
2026-08-19 01:15:00,605124.3,365751103.0886775
2026-08-19 01:20:00,604940.25,365465018.6120443
2026-08-19 01:25:00,604936.77,365469177.9683137
2026-08-19 01:30:00,604976.65,365526891.93
2026-08-19 01:35:00,604956.95,365557336.1765
2026-08-19 01:40:00,604950.53,365517159.7313
2026-08-19 01:45:00,605065.84,365356906.1672
2026-08-19 01:50:00,605019.1,365364984.299
2026-08-19 01:55:00,605137.08,365436231.2412
2026-08-19 02:00:00,605250.54,365416377.6639561
2026-08-19 02:05:00,605318.39,365321754.7328
2026-08-19 02:10:00,605364.17,365245642.70533806
2026-08-19 02:15:00,605092.04,365170635.7377059
2026-08-19 02:20:00,605119.5,365104901.52
2026-08-19 02:25:00,605024.47,365065714.9533
2026-08-19 02:30:00,605105.2,364984776.6244696
2026-08-19 02:35:00,605197.26,364903687.917
2026-08-19 02:40:00,605148.61,364825942.5107
2026-08-19 02:45:00,605029.43,364722813.7252314
2026-08-19 02:50:00,605127.08,364649578.408
2026-08-19 02:55:00,605149.05,364323934.062
2026-08-19 03:00:00,605333.58,364631095.4081084
2026-08-19 03:05:00,605452.21,364701462.17683244
2026-08-19 03:10:00,605799.59,364810617.1391392
2026-08-19 03:15:00,605805.48,365100788.6316
2026-08-19 03:20:00,605918.72,365247804.416
2026-08-19 03:25:00,606110.19,365260183.7997
2026-08-19 03:30:00,606078.99,365301989.6427
2026-08-19 03:35:00,606087.43,365100990.20544344
2026-08-19 03:40:00,606096.16,364954741.7824
2026-08-19 03:45:00,606569.42,365350316.6910258
2026-08-19 03:50:00,606769.02,365604329.2022627
2026-08-19 03:55:00,606854.98,365557302.8524
2026-08-19 04:00:00,607000.44,365638855.0428
2026-08-19 04:05:00,607088.64,365655558.7584
2026-08-19 04:10:00,606941.67,365573106.6744
2026-08-19 04:15:00,607024.97,365781106.4226
2026-08-19 04:20:00,607010.67,365697023.4126608
2026-08-19 04:25:00,606987.88,365916573.5792
2026-08-19 04:30:00,607082.2,365900583.584
2026-08-19 04:35:00,607572.91,365997462.6747437
2026-08-19 04:40:00,607482.22,365887016.04167444
2026-08-19 04:45:00,607557.16,365949904.1828
2026-08-19 04:50:00,607753.39,365914551.79923123
2026-08-19 04:55:00,607678.58,365865042.6606
2026-08-19 05:00:00,607696.87,365948978.1453
2026-08-19 05:05:00,607723.46,365995376.5504
2026-08-19 05:10:00,607744.43,366033508.10823786
2026-08-19 05:15:00,607763.05,366073917.9065
2026-08-19 05:20:00,608337.44,366133971.6384
2026-08-19 05:25:00,608429.21,366207457.2069
2026-08-19 05:30:00,608374.95,366454651.1325
2026-08-19 05:35:00,608384.6,366363122.274
2026-08-19 05:40:00,608405.73,366345426.2622
2026-08-19 05:45:00,608439.63,366335416.8267
2026-08-19 05:50:00,608520.39,366312922.52880186
2026-08-19 05:55:00,608436.72,366157218.096
2026-08-19 06:00:00,608445.86,366192255.12027717
2026-08-19 06:05:00,608317.42,366019710.9920917
2026-08-19 06:10:00,608431.78,366123823.615
2026-08-19 06:15:00,608437.9,366102449.2399176
2026-08-19 06:20:00,608440.81,366275283.2119
2026-08-19 06:25:00,608467.59,366315743.2077
2026-08-19 06:30:00,608367.47,366164212.8436
2026-08-19 06:35:00,608493.88,366358702.7343551
2026-08-19 06:40:00,608458.39,366413642.458
2026-08-19 06:45:00,608387.08,366303457.7156604
2026-08-19 06:50:00,608153.43,366313344.65208495
2026-08-19 06:55:00,608088.05,366300900.8913674
2026-08-19 07:00:00,607604.28,366251707.8984
2026-08-19 07:05:00,607418.37,365905239.25215423
2026-08-19 07:10:00,607403.59,365857404.3647
2026-08-19 07:15:00,607503.17,366215060.9394
2026-08-19 07:20:00,607521.11,365945983.3374722
2026-08-19 07:25:00,607428.52,365933163.3036
2026-08-19 07:30:00,607392.83,366007444.8182776
2026-08-19 07:35:00,607424.83,366066002.2197302
2026-08-19 07:40:00,607417.09,366126725.1684
2026-08-19 07:45:00,607436.61,366102044.847
2026-08-19 07:50:00,607766.56,366221038.3607975
2026-08-19 07:55:00,607859.57,366156369.1809
2026-08-19 08:00:00,607891.76,366050661.4563042
2026-08-19 08:05:00,607901.08,366114364.6235516
2026-08-19 08:10:00,607894.18,366144289.5545255
2026-08-19 08:15:00,607937.53,366172933.0696
2026-08-19 08:20:00,607827.88,366356367.3315246
2026-08-19 08:25:00,607864.57,366252869.7507556
2026-08-19 08:30:00,607868.14,366337813.2524
2026-08-19 08:35:00,607944.33,366478544.3805158
2026-08-19 08:40:00,607793.57,366718328.3952
2026-08-19 08:45:00,608359.94,367102638.5942
2026-08-19 08:50:00,608277.62,366949557.0412
2026-08-19 08:55:00,608230.46,366908942.6904
2026-08-19 09:00:00,608352.99,366909855.3288
2026-08-19 09:05:00,608353.63,367104914.4872
2026-08-19 09:10:00,608398.37,366890844.45558095
2026-08-19 09:15:00,608413.9,366990193.98289394
2026-08-19 09:20:00,608416.95,367030961.6698004
2026-08-19 09:25:00,608482.36,367018305.0812
2026-08-19 09:30:00,608592.89,367024114.1723
2026-08-19 09:35:00,608657.58,367062229.0676218
2026-08-19 09:40:00,608705.98,367086714.38096035
2026-08-19 09:45:00,608723.51,367040472.1671448
2026-08-19 09:50:00,608737.33,367073011.8000701
2026-08-19 09:55:00,608791.94,367065012.3036
2026-08-19 10:00:00,608669.7,366936528.645
2026-08-19 10:05:00,608531.97,366889828.8605619
2026-08-19 10:10:00,608413.18,366873147.54
2026-08-19 10:15:00,608287.0,366760563.78
2026-08-19 10:20:00,608228.63,366761863.89
2026-08-19 10:25:00,608189.05,366628523.121
2026-08-19 10:30:00,608190.91,366470553.28924567
2026-08-19 10:35:00,608146.71,366450963.0447
2026-08-19 10:40:00,608161.15,366431882.5818033
2026-08-19 10:45:00,608311.9,366514819.50947636
2026-08-19 10:50:00,608306.69,366723771.1334
2026-08-19 10:55:00,608354.16,366723570.60135496
2026-08-19 11:00:00,608424.09,366946652.9199
2026-08-19 11:05:00,608535.95,367001946.0855
2026-08-19 11:10:00,608619.91,367076926.3183
2026-08-19 11:15:00,608735.21,367067331.63
2026-08-19 11:20:00,608769.99,366996711.6089963
2026-08-19 11:25:00,608793.86,367139225.2116
2026-08-19 11:30:00,608697.17,367194519.3539138
2026-08-19 11:35:00,608697.88,367524942.5137577
2026-08-19 11:40:00,608191.11,366979992.5107228
2026-08-19 11:45:00,608210.94,366789369.7503534
2026-08-19 11:50:00,608224.03,366783419.0512
2026-08-19 11:55:00,608282.21,366806338.2742
2026-08-19 12:00:00,608317.58,366861526.2123485
2026-08-19 12:05:00,608185.08,366845073.7749942
2026-08-19 12:10:00,608637.23,367123890.7637
2026-08-19 12:15:00,608772.49,367321145.0162
2026-08-19 12:20:00,608784.09,367462076.724
2026-08-19 12:25:00,608801.77,367406983.8818956
2026-08-19 12:30:00,608650.72,367312472.4489515
2026-08-19 12:35:00,608484.96,367689206.7792
2026-08-19 12:40:00,608126.21,367463489.6270775
2026-08-19 12:45:00,607717.18,367662816.7282
2026-08-19 12:50:00,607483.84,367898288.3424
2026-08-19 12:55:00,606704.41,367000631.49318105
2026-08-19 13:00:00,606325.88,366608880.0832
2026-08-19 13:05:00,606186.91,366389912.83131963
2026-08-19 13:10:00,606129.08,366599834.8731472
2026-08-19 13:15:00,606160.4,366448208.216
2026-08-19 13:20:00,606223.0,366485071.13895434
2026-08-19 13:25:00,606082.8,366720330.35824996
2026-08-19 13:30:00,605739.37,366775188.535
2026-08-19 13:35:00,604619.99,366242512.7426
2026-08-19 13:40:00,605246.94,366198608.5776
2026-08-19 13:45:00,604334.29,366141972.9394
2026-08-19 13:50:00,603762.87,365247844.1678759
2026-08-19 13:55:00,603513.79,364879787.8309888
2026-08-19 14:00:00,603052.93,364638028.5481823
2026-08-19 14:05:00,603378.95,365115863.04777586
2026-08-19 14:10:00,603048.05,365383138.8880426
2026-08-19 14:15:00,602544.99,364949449.5432
2026-08-19 14:20:00,601774.25,364738073.41101784
2026-08-19 14:25:00,601340.83,364388489.3468
2026-08-19 14:30:00,601024.66,364311097.659
2026-08-19 14:35:00,600622.48,363925948.64582235
2026-08-19 14:40:00,599099.97,363605038.0955938
2026-08-19 14:45:00,597695.29,362910993.18704134
2026-08-19 14:50:00,597320.79,362516381.39923537
2026-08-19 14:55:00,596639.81,362900198.0344
2026-08-19 15:00:00,595656.02,362702739.66798896
2026-08-19 15:05:00,596175.39,363993345.8683268
2026-08-19 15:10:00,594499.01,363999853.8428
2026-08-19 15:15:00,593960.44,363967151.5278509
2026-08-19 15:20:00,593252.0,363140895.39959836
2026-08-19 15:25:00,593458.83,364585497.6222
2026-08-19 15:30:00,592309.92,366396993.4128
2026-08-19 15:35:00,594706.17,367986336.8109
2026-08-19 15:40:00,590625.1,366122593.239
2026-08-19 15:45:00,593704.41,368194631.752852
2026-08-19 15:50:00,593863.73,366756966.18195486
2026-08-19 15:55:00,593411.66,365500043.7438
2026-08-19 16:00:00,593041.6,365847363.04
2026-08-19 16:05:00,594383.88,367760343.39232916
2026-08-19 16:10:00,595697.87,368716263.49762917
2026-08-19 16:15:00,592537.61,365803093.5335
2026-08-19 16:20:00,592091.02,366012905.8334
2026-08-19 16:25:00,594839.79,368897332.54478055
2026-08-19 16:30:00,592694.97,367588021.7879715
2026-08-19 16:35:00,593269.7,367587863.0652687
2026-08-19 16:40:00,595074.32,369088896.2368
2026-08-19 16:45:00,595824.59,369041834.5542
2026-08-19 16:50:00,595780.28,368853529.1508
2026-08-19 16:55:00,596284.15,369737912.8905
2026-08-19 17:00:00,596204.09,369144639.7022231
2026-08-19 17:05:00,595623.79,368333751.736
2026-08-19 17:10:00,595011.16,367710946.7684
2026-08-19 17:15:00,594447.86,366939243.72311264
2026-08-19 17:20:00,595804.08,367158306.2592
2026-08-19 17:25:00,594953.65,366640186.8125
2026-08-19 17:30:00,594774.13,366470080.1995
2026-08-19 17:35:00,593706.47,365331339.2498
2026-08-19 17:40:00,593180.92,365348309.40554464
2026-08-19 17:45:00,592937.05,365373271.33811164
2026-08-19 17:50:00,592625.18,365898638.6356
2026-08-19 17:55:00,592470.05,366069469.7935
2026-08-19 18:00:00,592189.17,365706073.8210183
2026-08-19 18:05:00,592193.62,365709170.031
2026-08-19 18:10:00,591732.63,364821094.0060619
2026-08-19 18:15:00,591430.33,365143171.4387
2026-08-19 18:20:00,591327.51,365345788.7784
2026-08-19 18:25:00,591383.16,364846724.3774697
2026-08-19 18:30:00,591352.92,365012589.87
2026-08-19 18:35:00,591838.63,365413446.4162115
2026-08-19 18:40:00,591797.2,365382213.4255703
2026-08-19 18:45:00,592014.41,365853065.0918
2026-08-19 18:50:00,592087.23,365761886.3325
2026-08-19 18:55:00,592207.75,365688243.86843157
2026-08-19 19:00:00,591959.2,365546645.184
2026-08-19 19:05:00,591804.93,365398117.9299
2026-08-19 19:10:00,592201.37,365540448.2077266
2026-08-19 19:15:00,592161.77,365020358.2634
2026-08-19 19:20:00,592108.66,365473829.8740149
2026-08-19 19:25:00,592313.64,365835845.3663641
2026-08-19 19:30:00,593251.97,365489028.49496686
2026-08-19 19:35:00,593015.09,364858464.2734
2026-08-19 19:40:00,593829.47,365246692.1129
2026-08-19 19:45:00,594117.32,365946697.69680834
2026-08-19 19:50:00,593973.48,365833457.3097708
2026-08-19 19:55:00,593971.72,366201741.10470295
2026-08-19 20:00:00,593979.18,366491093.8518
2026-08-19 20:05:00,593658.5,366584123.75
2026-08-19 20:10:00,593424.15,366694585.0095
2026-08-19 20:15:00,593843.62,366897579.4183729
2026-08-19 20:20:00,593717.64,366893752.8144
2026-08-19 20:25:00,593422.78,366972647.152
2026-08-19 20:30:00,591719.03,366086959.1487113
2026-08-19 20:35:00,591613.28,366122085.3945862
2026-08-19 20:40:00,590717.52,365631453.08081543
2026-08-19 20:45:00,590527.51,365545339.0297538
2026-08-19 20:50:00,590507.66,365612817.689
2026-08-19 20:55:00,587054.39,366463661.61031425
2026-08-19 21:00:00,587919.73,367143923.3274951
2026-08-19 21:05:00,587263.92,367881696.4651834
2026-08-19 21:10:00,587866.67,370314851.4331
2026-08-19 21:15:00,588631.35,369878281.3995
2026-08-19 21:20:00,589295.78,370583947.0656002
2026-08-19 21:25:00,590872.39,371865538.6465
2026-08-19 21:30:00,590641.58,372179321.95535904
2026-08-19 21:35:00,591168.38,373529740.903
2026-08-19 21:40:00,592591.82,373798949.4115769
2026-08-19 21:45:00,596441.56,378836657.9915001
2026-08-19 21:50:00,598335.62,379955085.4124
2026-08-19 21:55:00,599399.04,381553452.9024
2026-08-19 22:00:00,600179.04,381209831.8860613
2026-08-19 22:05:00,601849.79,381296461.2264912
2026-08-19 22:10:00,603777.47,382741925.9031786
2026-08-19 22:15:00,605265.56,382473360.0196
2026-08-19 22:20:00,606027.07,383506050.4374
2026-08-19 22:25:00,607308.96,383764795.4628593
2026-08-19 22:30:00,609475.77,384451220.9583
2026-08-19 22:35:00,609536.51,383433553.12492007
2026-08-19 22:40:00,610506.91,385382486.9375
2026-08-19 22:45:00,610060.07,384679477.7392
2026-08-19 22:50:00,609430.42,383626143.945975
2026-08-19 22:55:00,608122.09,381703140.3506543
2026-08-19 23:00:00,608011.68,382189392.2184947
2026-08-19 23:05:00,607873.49,381939071.2368
2026-08-19 23:10:00,607786.35,382084888.9275
2026-08-19 23:15:00,607708.91,381726274.7274
2026-08-19 23:20:00,607644.09,381746323.1016
2026-08-19 23:25:00,607886.95,381169433.128
2026-08-19 23:30:00,607645.25,381239568.63510484
2026-08-19 23:35:00,607688.75,380625848.5625
2026-08-19 23:40:00,607695.07,381140270.9533
2026-08-19 23:45:00,608045.9,381845693.934317
2026-08-19 23:50:00,608113.36,381087433.6633763
2026-08-19 23:55:00,607824.6,380923676.82
2026-08-20 00:00:00,607599.03,381553962.8691
2026-08-20 00:05:00,607839.27,382428155.1132
2026-08-20 00:10:00,607532.3,382394126.4850398
2026-08-20 00:15:00,608123.5,382131963.23571897
2026-08-20 00:20:00,608055.57,382473034.0857
2026-08-20 00:25:00,607993.44,382123877.04
2026-08-20 00:30:00,608096.5,382469435.60420644
2026-08-20 00:35:00,608099.09,382712571.041018
2026-08-20 00:40:00,608061.09,383040706.04637563
2026-08-20 00:45:00,608036.56,382856300.3696
2026-08-20 00:50:00,607755.81,383211925.308908
2026-08-20 00:55:00,607442.32,382731182.5624
2026-08-20 01:00:00,607275.7,382068885.9177881
2026-08-20 01:05:00,607257.75,381904398.975
2026-08-20 01:10:00,607487.92,380816286.7353019
2026-08-20 01:15:00,607858.01,381157365.1705
2026-08-20 01:20:00,607001.2,380482033.64533734
2026-08-20 01:25:00,607148.19,379780764.40871423
2026-08-20 01:30:00,606895.03,379214978.1616335
2026-08-20 01:35:00,606787.74,379809323.1498916
2026-08-20 01:40:00,606899.55,379991946.246
2026-08-20 01:45:00,606815.3,379907320.7630356
2026-08-20 01:50:00,607510.64,381006372.9824
2026-08-20 01:55:00,607726.52,380643428.5368
2026-08-20 02:00:00,607726.34,380491384.2106
2026-08-20 02:05:00,607735.42,380898174.485
2026-08-20 02:10:00,607829.81,380872237.2441
2026-08-20 02:15:00,607833.04,380777007.908
2026-08-20 02:20:00,607067.95,379854557.674
2026-08-20 02:25:00,607030.74,379460985.8814
2026-08-20 02:30:00,607568.99,379791375.649
2026-08-20 02:35:00,608398.39,380991239.7858
2026-08-20 02:40:00,609860.43,381467698.965
2026-08-20 02:45:00,609972.88,381695521.1839719
2026-08-20 02:50:00,610612.46,381970287.2278062
2026-08-20 02:55:00,610604.08,381665701.83739907
2026-08-20 03:00:00,610692.71,381586832.5465638
2026-08-20 03:05:00,610493.58,381167771.6088
2026-08-20 03:10:00,610733.31,381005975.4435
2026-08-20 03:15:00,608729.83,379107519.03428495
2026-08-20 03:20:00,609130.71,380719604.25103325
2026-08-20 03:25:00,608855.9,380185129.49228287
2026-08-20 03:30:00,608775.23,379553092.6481
2026-08-20 03:35:00,608739.77,379890140.8662
2026-08-20 03:40:00,608698.32,380272114.83278906
2026-08-20 03:45:00,608766.89,380777602.0261
2026-08-20 03:50:00,608844.48,380935725.8016
2026-08-20 03:55:00,609939.07,382594775.1041548
2026-08-20 04:00:00,610072.15,382344417.848
2026-08-20 04:05:00,610523.71,383103628.025
2026-08-20 04:10:00,610653.48,383446041.2376377
2026-08-20 04:15:00,610861.69,383259330.2195271
2026-08-20 04:20:00,610306.37,382722907.83397126
2026-08-20 04:25:00,609885.98,381971589.274
2026-08-20 04:30:00,609818.66,381794247.18235695
2026-08-20 04:35:00,609810.78,381360602.98604786
2026-08-20 04:40:00,609874.44,381543548.4084
2026-08-20 04:45:00,610209.76,381973003.4672
2026-08-20 04:50:00,610293.93,382269808.9341
2026-08-20 04:55:00,610348.41,382700660.0382
2026-08-20 05:00:00,610354.59,382804558.2962589
2026-08-20 05:05:00,610454.48,383069164.5142055
2026-08-20 05:10:00,610836.66,383662205.312269
2026-08-20 05:15:00,610983.17,383275852.3727
2026-08-20 05:20:00,610836.84,383403959.3628
2026-08-20 05:25:00,610838.54,383528194.35180086
2026-08-20 05:30:00,611047.93,383343743.3201259
2026-08-20 05:35:00,611106.82,383218975.7538
2026-08-20 05:40:00,611071.22,382823897.9056
2026-08-20 05:45:00,610992.21,382939367.6175
2026-08-20 05:50:00,611014.34,382477080.553819
2026-08-20 05:55:00,612357.26,382942024.86898977
2026-08-20 06:00:00,612311.62,382947004.1555198
2026-08-20 06:05:00,612386.34,382851692.0412
2026-08-20 06:10:00,612343.17,382726728.1134
2026-08-20 06:15:00,612182.27,383222677.1519039
2026-08-20 06:20:00,612082.3,383352810.1624809
2026-08-20 06:25:00,612185.92,384140542.9408
2026-08-20 06:30:00,612117.57,383760989.3358
2026-08-20 06:35:00,612270.17,383983762.5423907
2026-08-20 06:40:00,612367.47,384040037.5734147
2026-08-20 06:45:00,612597.52,384833762.064
2026-08-20 06:50:00,612260.53,385007789.0799
2026-08-20 06:55:00,612372.64,385593645.5056687
2026-08-20 07:00:00,612981.83,386542564.0499959
2026-08-20 07:05:00,612607.2,385910461.0877181
2026-08-20 07:10:00,612851.07,387015450.705
2026-08-20 07:15:00,613275.81,387105824.0301
2026-08-20 07:20:00,612855.35,386415249.2053748
2026-08-20 07:25:00,612935.61,386339444.3391
2026-08-20 07:30:00,612764.46,386194800.915
2026-08-20 07:35:00,612885.47,385719470.5445
2026-08-20 07:40:00,613124.4,385324160.424
2026-08-20 07:45:00,613088.59,385516236.2779
2026-08-20 07:50:00,612970.37,385817681.19356334
2026-08-20 07:55:00,614086.98,387188622.63325405
2026-08-20 08:00:00,614235.29,387502158.8510866
2026-08-20 08:05:00,615175.11,388666360.90096974
2026-08-20 08:10:00,614543.92,390591824.6736
2026-08-20 08:15:00,613126.42,393424829.9214
2026-08-20 08:20:00,611675.51,393503089.0932
2026-08-20 08:25:00,610110.63,390474309.871857
2026-08-20 08:30:00,608147.09,389366174.3725
2026-08-20 08:35:00,608670.68,388764050.0228
2026-08-20 08:40:00,609840.69,390887377.2017885
2026-08-20 08:45:00,608377.94,389956476.0381347
2026-08-20 08:50:00,608674.76,390592680.2396
2026-08-20 08:55:00,608626.51,391098769.8862493
2026-08-20 09:00:00,608689.62,390090916.7694
2026-08-20 09:05:00,609170.42,391197060.3156
2026-08-20 09:10:00,609518.73,391560927.3393
2026-08-20 09:15:00,610062.47,391994158.6777035
2026-08-20 09:20:00,610491.29,392655787.9022
2026-08-20 09:25:00,610606.4,393345220.67832905
2026-08-20 09:30:00,611422.91,393579041.3961
2026-08-20 09:35:00,610950.71,393354505.1264
2026-08-20 09:40:00,610911.0,392857010.769304
2026-08-20 09:45:00,611372.58,393295980.714
2026-08-20 09:50:00,611148.15,393389952.6735
2026-08-20 09:55:00,610690.11,392892449.6768168
2026-08-20 10:00:00,610410.48,392587866.9748664
2026-08-20 10:05:00,610170.73,392120117.9272
2026-08-20 10:10:00,610256.76,392205917.0844
2026-08-20 10:15:00,609990.35,392863639.74290663
2026-08-20 10:20:00,609182.61,394016189.33173734
2026-08-20 10:25:00,609622.57,393456502.9037
2026-08-20 10:30:00,609401.82,391986291.7921651
2026-08-20 10:35:00,609177.31,391866641.1387687
2026-08-20 10:40:00,608886.68,392158251.78668374
2026-08-20 10:45:00,609195.32,392528912.4888
2026-08-20 10:50:00,609355.95,393278330.13
2026-08-20 10:55:00,609309.69,392035947.6429
2026-08-20 11:00:00,609519.24,392732701.6741446
2026-08-20 11:05:00,609640.75,393126837.6375
2026-08-20 11:10:00,609145.23,392569734.9258
2026-08-20 11:15:00,609002.27,391954150.181088
2026-08-20 11:20:00,608993.1,391759171.299
2026-08-20 11:25:00,609292.54,391940122.4030013
2026-08-20 11:30:00,609424.03,391932782.1736
2026-08-20 11:35:00,608933.79,393054582.7692
2026-08-20 11:40:00,609383.13,394313541.9291
2026-08-20 11:45:00,609813.83,395031300.9357
2026-08-20 11:50:00,610488.23,396310644.2691
2026-08-20 11:55:00,609687.84,394379691.71164817
2026-08-20 12:00:00,609831.05,394072347.780675
2026-08-20 12:05:00,609996.1,393100775.1972802
2026-08-20 12:10:00,608094.65,390765392.3315585
2026-08-20 12:15:00,608152.56,390976899.26725096
2026-08-20 12:20:00,607855.44,390542889.94555783
2026-08-20 12:25:00,607934.02,391137265.2440056
2026-08-20 12:30:00,607887.53,390513028.1473
2026-08-20 12:35:00,610177.91,391069124.2981
2026-08-20 12:40:00,611272.04,392262774.85195124
2026-08-20 12:45:00,611510.19,392240981.1717
2026-08-20 12:50:00,611779.37,392084218.84155786
2026-08-20 12:55:00,611837.02,393519851.6815167
2026-08-20 13:00:00,611862.14,393784703.6400244
2026-08-20 13:05:00,611629.36,393915432.266993
2026-08-20 13:10:00,611827.77,394408653.6528
2026-08-20 13:15:00,611875.14,394310696.4702
2026-08-20 13:20:00,611968.34,393604438.91449606
2026-08-20 13:25:00,612313.95,393852578.919
2026-08-20 13:30:00,611613.5,393169622.34
2026-08-20 13:35:00,609175.7,390187025.41162467
2026-08-20 13:40:00,608839.49,389677410.83827543
2026-08-20 13:45:00,609505.9,390522620.248
2026-08-20 13:50:00,609896.89,391132974.5259
2026-08-20 13:55:00,608592.4,390631143.13884234
2026-08-20 14:00:00,607600.55,389983976.14815575
2026-08-20 14:05:00,605798.08,388752743.8976
2026-08-20 14:10:00,605992.18,390562600.1074199
2026-08-20 14:15:00,606309.67,390511499.6516504
2026-08-20 14:20:00,605669.68,388981073.30522144
2026-08-20 14:25:00,605479.79,389233624.4256967
2026-08-20 14:30:00,605497.15,388725461.0002392
2026-08-20 14:35:00,606120.19,389062379.2937937
2026-08-20 14:40:00,605879.43,388905933.30676913
2026-08-20 14:45:00,605191.44,388570763.4711717
2026-08-20 14:50:00,605317.97,388478953.14189416
2026-08-20 14:55:00,605535.78,388952101.8431678
2026-08-20 15:00:00,605717.05,389196026.8986388
2026-08-20 15:05:00,606159.32,391528573.1147576
2026-08-20 15:10:00,606518.63,391568285.062839
2026-08-20 15:15:00,606507.87,392541915.75788355
2026-08-20 15:20:00,605915.7,392215291.767
2026-08-20 15:25:00,605754.06,391496767.22542477
2026-08-20 15:30:00,604979.66,392365608.2896
2026-08-20 15:35:00,603495.24,391535641.8072
2026-08-20 15:40:00,603189.22,391077730.787
2026-08-20 15:45:00,602746.46,390802722.2702
2026-08-20 15:50:00,602662.84,391328910.0652515
2026-08-20 15:55:00,604230.66,394205316.91336143
2026-08-20 16:00:00,604265.62,394630195.0463408
2026-08-20 16:05:00,604348.54,393464768.6765746
2026-08-20 16:10:00,605806.99,395419026.5781018
2026-08-20 16:15:00,605512.3,394104699.54147136
2026-08-20 16:20:00,607819.6,394286496.324
2026-08-20 16:25:00,607740.52,394235197.9188
2026-08-20 16:30:00,607610.29,394902028.4449332
2026-08-20 16:35:00,607345.58,394822430.67865187
2026-08-20 16:40:00,607797.21,395980551.2383754
2026-08-20 16:45:00,607970.73,397380334.2842992
2026-08-20 16:50:00,607737.69,396962104.3542
2026-08-20 16:55:00,607676.32,397238010.384
2026-08-20 17:00:00,607844.46,397718708.6226
2026-08-20 17:05:00,606880.97,396716150.3821125
2026-08-20 17:10:00,606953.83,396149904.65038043
2026-08-20 17:15:00,606894.21,396132596.064167
2026-08-20 17:20:00,606718.62,395795568.4418046
2026-08-20 17:25:00,606810.72,395851243.7146988
2026-08-20 17:30:00,606809.03,396441429.6746635
2026-08-20 17:35:00,606570.2,396079254.6864624
2026-08-20 17:40:00,607594.71,397458079.5465
2026-08-20 17:45:00,607660.51,397081836.8646
2026-08-20 17:50:00,607532.23,397137743.4287
2026-08-20 17:55:00,607441.43,397424629.9918
2026-08-20 18:00:00,607177.23,396823410.42971903
2026-08-20 18:05:00,607113.66,395783466.0906
2026-08-20 18:10:00,606939.83,395065354.90248054
2026-08-20 18:15:00,606807.22,394655279.7436
2026-08-20 18:20:00,606721.26,394660045.2048
2026-08-20 18:25:00,606639.38,394843373.2606
2026-08-20 18:30:00,606599.84,394253500.0096
2026-08-20 18:35:00,606384.91,392839022.3515014
2026-08-20 18:40:00,606410.7,392911684.851
2026-08-20 18:45:00,606533.17,393710835.5831867
2026-08-20 18:50:00,606456.22,393717442.5862
2026-08-20 18:55:00,606493.09,393668599.7881
2026-08-20 19:00:00,606576.92,393211469.9203779
2026-08-20 19:05:00,606505.15,393263650.42181003
2026-08-20 19:10:00,606571.56,393816585.33
2026-08-20 19:15:00,606800.46,393916654.6182
2026-08-20 19:20:00,606653.99,394110681.4810957
2026-08-20 19:25:00,606658.43,394461444.3546
2026-08-20 19:30:00,606869.29,394392214.1852
2026-08-20 19:35:00,606968.93,394268807.8601
2026-08-20 19:40:00,606993.39,394837060.3272
2026-08-20 19:45:00,606507.04,394793627.5472
2026-08-20 19:50:00,606755.56,394791572.6696
2026-08-20 19:55:00,607147.79,395192496.511
2026-08-20 20:00:00,607575.46,395335499.20479983
2026-08-20 20:05:00,607719.31,395844049.7616
2026-08-20 20:10:00,608103.27,396333912.83892375
2026-08-20 20:15:00,608613.16,396426267.8976
2026-08-20 20:20:00,608808.4,397241392.916
2026-08-20 20:25:00,609060.3,397460712.00389224
2026-08-20 20:30:00,609013.65,397370989.1846409
2026-08-20 20:35:00,608990.3,397754216.68351275
2026-08-20 20:40:00,608996.9,397521443.2698119
2026-08-20 20:45:00,609190.77,397917056.8605926
2026-08-20 20:50:00,608735.07,397352900.4239637
2026-08-20 20:55:00,608970.28,397651503.1372
2026-08-20 21:00:00,608896.0,398327079.65885055
2026-08-20 21:05:00,609067.77,398118398.2583598
2026-08-20 21:10:00,609131.13,398516463.5594725
2026-08-20 21:15:00,609235.9,398962314.5900024
2026-08-20 21:20:00,609317.52,398805996.3428974
2026-08-20 21:25:00,609518.15,398429824.292
2026-08-20 21:30:00,609568.4,398529724.236
2026-08-20 21:35:00,609654.75,399177544.11
2026-08-20 21:40:00,609432.21,398547066.2336498
2026-08-20 21:45:00,609922.24,398713969.92535627
2026-08-20 21:50:00,610010.81,399056125.2155718
2026-08-20 21:55:00,610075.33,399314980.3045024
2026-08-20 22:00:00,610033.56,399199861.3284
2026-08-20 22:05:00,609929.92,398168351.0752
2026-08-20 22:10:00,610033.94,398809688.275
2026-08-20 22:15:00,609999.64,399000764.524
2026-08-20 22:20:00,610197.55,398937135.6159156
2026-08-20 22:25:00,610363.58,399800352.1716
2026-08-20 22:30:00,610228.65,399968266.356
2026-08-20 22:35:00,610077.79,400152637.1018885
2026-08-20 22:40:00,610352.06,400187722.8191036
2026-08-20 22:45:00,610526.72,400041528.0128
2026-08-20 22:50:00,611060.47,399926224.4163089
2026-08-20 22:55:00,611277.94,400533893.0604004
2026-08-20 23:00:00,611558.21,400196364.97633684
2026-08-20 23:05:00,611667.47,400345793.76765764
2026-08-20 23:10:00,611776.73,400970704.3766
2026-08-20 23:15:00,611975.98,401656971.00144
2026-08-20 23:20:00,612090.1,402345185.433
2026-08-20 23:25:00,612286.75,402474449.3775
2026-08-20 23:30:00,611414.21,402136838.97153705
2026-08-20 23:35:00,611451.37,402298314.3778
2026-08-20 23:40:00,610462.15,400914912.391
2026-08-20 23:45:00,610168.87,400276904.6385058
2026-08-20 23:50:00,610424.16,400363284.9603331
2026-08-20 23:55:00,610273.14,400156097.898
2026-08-21 00:00:00,610081.84,399682915.8392
2026-08-21 00:05:00,610011.67,398776828.9124
2026-08-21 00:10:00,609687.05,398857268.11
2026-08-21 00:15:00,609039.66,399164593.164
2026-08-21 00:20:00,608454.32,399963872.0048384
2026-08-21 00:25:00,608883.03,400317263.0482816
2026-08-21 00:30:00,608579.17,399098865.95002824
2026-08-21 00:35:00,608889.39,399741973.4289
2026-08-21 00:40:00,609159.63,399755397.25981104
2026-08-21 00:45:00,609166.53,399814268.6349
2026-08-21 00:50:00,608910.69,400590164.7372
2026-08-21 00:55:00,608988.9,400582136.9893279
2026-08-21 01:00:00,608920.07,400230983.6096
2026-08-21 01:05:00,609133.27,400334567.7094
2026-08-21 01:10:00,609125.32,400633290.113728
2026-08-21 01:15:00,609351.6,400931496.71086854
2026-08-21 01:20:00,608172.01,401095522.3151
2026-08-21 01:25:00,608386.16,400701376.5608
2026-08-21 01:30:00,608413.8,401723463.864
2026-08-21 01:35:00,609635.42,404959339.4145493
2026-08-21 01:40:00,612010.27,405537408.1612815
2026-08-21 01:45:00,612212.59,406030683.9940126
2026-08-21 01:50:00,611426.12,407324588.6610686
2026-08-21 01:55:00,611721.88,407033621.7332
2026-08-21 02:00:00,606962.22,401716256.689547
2026-08-21 02:05:00,607778.71,402263877.5969949
2026-08-21 02:10:00,607648.66,402687146.7962249
2026-08-21 02:15:00,607268.57,401944993.7973
2026-08-21 02:20:00,607907.53,402252412.601
2026-08-21 02:25:00,607977.63,402073846.0479
2026-08-21 02:30:00,607541.08,402593172.0728
2026-08-21 02:35:00,607906.4,402159434.79820454
2026-08-21 02:40:00,607472.14,401611981.1968
2026-08-21 02:45:00,607526.95,401456290.0281283
2026-08-21 02:50:00,607149.91,400779655.591
2026-08-21 02:55:00,606931.53,400161501.19040304
2026-08-21 03:00:00,606996.56,400227391.70920163
2026-08-21 03:05:00,607000.93,400086452.9816
2026-08-21 03:10:00,606549.5,399054579.6271048
2026-08-21 03:15:00,606424.17,399833648.0061
2026-08-21 03:20:00,606103.94,399477439.9942974
2026-08-21 03:25:00,606125.81,399818768.0503
2026-08-21 03:30:00,606700.15,400867813.406849
2026-08-21 03:35:00,606993.29,401570751.36165464
2026-08-21 03:40:00,607245.55,401443960.6495
2026-08-21 03:45:00,607410.03,401595215.4348
2026-08-21 03:50:00,607380.9,402495624.08148
2026-08-21 03:55:00,607395.82,402337784.17532235
2026-08-21 04:00:00,607281.64,401584512.5506392
2026-08-21 04:05:00,607396.7,402327426.146
2026-08-21 04:10:00,607306.95,402012908.622
2026-08-21 04:15:00,606722.29,401067702.5816
2026-08-21 04:20:00,606944.1,401232666.10945404
2026-08-21 04:25:00,607073.61,400991268.1578996
2026-08-21 04:30:00,607184.57,400614307.4403
2026-08-21 04:35:00,607468.76,401269564.1056
2026-08-21 04:40:00,607627.0,401586760.57
2026-08-21 04:45:00,607725.84,401487998.9376
2026-08-21 04:50:00,607872.68,401740523.3888054
2026-08-21 04:55:00,608187.17,402220722.30102897
2026-08-21 05:00:00,608365.01,402025849.5583
2026-08-21 05:05:00,608623.62,402221091.7494
2026-08-21 05:10:00,608647.52,402801340.09902155
2026-08-21 05:15:00,609063.68,403876168.41205615
2026-08-21 05:20:00,609243.08,404208403.2986174
2026-08-21 05:25:00,609930.28,404402073.5484
2026-08-21 05:30:00,609832.94,403728364.2968674
2026-08-21 05:35:00,609984.93,404775600.09182405
2026-08-21 05:40:00,609911.47,404889729.3595
2026-08-21 05:45:00,609940.08,404791874.374223
2026-08-21 05:50:00,609961.27,405161854.74782646
2026-08-21 05:55:00,610627.28,405963334.5624
2026-08-21 06:00:00,610710.17,406144402.0265147
2026-08-21 06:05:00,610842.95,406642918.1125871
2026-08-21 06:10:00,611601.05,407526210.130424
2026-08-21 06:15:00,611340.93,406750951.09374756
2026-08-21 06:20:00,611693.24,407544865.9279527
2026-08-21 06:25:00,611272.4,406354220.4929827
2026-08-21 06:30:00,611058.31,407019829.7079
2026-08-21 06:35:00,610839.65,408639509.057
2026-08-21 06:40:00,611892.08,411913510.4144
2026-08-21 06:45:00,607834.29,406294674.4647
2026-08-21 06:50:00,607954.37,406362912.0738211
2026-08-21 06:55:00,607577.82,405096435.7068
2026-08-21 07:00:00,607784.64,405527431.8739934
2026-08-21 07:05:00,608142.01,406789030.04391736
2026-08-21 07:10:00,608410.95,407148607.74
2026-08-21 07:15:00,608945.13,408469532.72850096
2026-08-21 07:20:00,608972.03,409340667.312883
2026-08-21 07:25:00,608705.0,408660188.8
2026-08-21 07:30:00,608998.4,409307824.64
2026-08-21 07:35:00,611350.8,410534262.3043378
2026-08-21 07:40:00,611032.07,410033070.5735
2026-08-21 07:45:00,609974.89,409939724.5734
2026-08-21 07:50:00,609898.39,409422412.7318244
2026-08-21 07:55:00,609831.56,408794911.51940155
2026-08-21 08:00:00,611034.44,409669072.5001485
2026-08-21 08:05:00,610958.83,411942962.1766074
2026-08-21 08:10:00,610691.29,412897368.9447776
2026-08-21 08:15:00,612429.95,414767566.67556834
2026-08-21 08:20:00,613341.27,416152051.695
2026-08-21 08:25:00,615466.25,416618026.77457577
2026-08-21 08:30:00,614630.01,417013824.29746246
2026-08-21 08:35:00,613576.28,416790095.4784
2026-08-21 08:40:00,613096.62,416846257.6768482
2026-08-21 08:45:00,613971.75,417592885.7625
2026-08-21 08:50:00,611054.35,415840816.8055
2026-08-21 08:55:00,611709.14,418641923.5082535
2026-08-21 09:00:00,611710.34,419412593.9422249
2026-08-21 09:05:00,606468.61,409128704.7717778
2026-08-21 09:10:00,603995.42,406678346.43027216
2026-08-21 09:15:00,607228.53,409126780.47745514
2026-08-21 09:20:00,609067.15,409695109.119
2026-08-21 09:25:00,608977.27,409719907.256
2026-08-21 09:30:00,608771.81,410446129.7382
2026-08-21 09:35:00,609004.17,412074030.5616825
2026-08-21 09:40:00,608297.54,412255408.8088
2026-08-21 09:45:00,608325.29,413338784.7963
2026-08-21 09:50:00,611383.15,416682072.051
2026-08-21 09:55:00,611216.43,415816074.6564719
2026-08-21 10:00:00,610049.16,414162374.724
2026-08-21 10:05:00,609911.18,412682519.21631974
2026-08-21 10:10:00,610561.79,413356437.4479
2026-08-21 10:15:00,610618.62,414189363.9313878
2026-08-21 10:20:00,610145.45,415136242.36011374
2026-08-21 10:25:00,610150.57,413950552.7108
2026-08-21 10:30:00,610349.77,413957524.5071
2026-08-21 10:35:00,610368.61,413610184.8804
2026-08-21 10:40:00,610509.81,414664368.0501
2026-08-21 10:45:00,610803.32,415283038.0637484
2026-08-21 10:50:00,611330.78,415863295.2473073
2026-08-21 10:55:00,611572.28,416228429.1527808
2026-08-21 11:00:00,612895.55,416143820.539
2026-08-21 11:05:00,614231.7,417861558.73074573
2026-08-21 11:10:00,615120.91,417673249.0991
2026-08-21 11:15:00,614733.23,416380251.06816965
2026-08-21 11:20:00,615452.8,415615275.84
2026-08-21 11:25:00,615820.79,417228132.7504147
2026-08-21 11:30:00,615849.4,417730648.02
2026-08-21 11:35:00,615833.81,413943537.7800339
2026-08-21 11:40:00,616434.79,416677315.21696824
2026-08-21 11:45:00,616503.3,415837640.883
2026-08-21 11:50:00,616854.75,415078566.80913305
2026-08-21 11:55:00,617299.98,417282440.4804
2026-08-21 12:00:00,617706.66,416891630.60463977
2026-08-21 12:05:00,617830.82,416980198.7262
2026-08-21 12:10:00,618156.46,417484328.3902
2026-08-21 12:15:00,618411.72,418003033.8996
2026-08-21 12:20:00,618512.14,417532039.9804399
2026-08-21 12:25:00,618671.71,418308689.9994
2026-08-21 12:30:00,618308.64,417815880.3936
2026-08-21 12:35:00,618205.24,417739826.8252
2026-08-21 12:40:00,617643.23,419321494.44791555
2026-08-21 12:45:00,617509.74,420163171.52414453
2026-08-21 12:50:00,618039.08,420433444.9516
2026-08-21 12:55:00,618075.68,419446472.43490195
2026-08-21 13:00:00,617970.11,419832719.4983676
2026-08-21 13:05:00,617871.9,420111228.9286766
2026-08-21 13:10:00,617856.53,420174850.00249547
2026-08-21 13:15:00,617915.74,420269211.4036
2026-08-21 13:20:00,617804.4,419484482.16692394
2026-08-21 13:25:00,617335.45,418053393.3855
2026-08-21 13:30:00,617365.35,418641617.4885
2026-08-21 13:35:00,617681.03,417527669.0388
2026-08-21 13:40:00,617480.15,418754399.80209297
2026-08-21 13:45:00,617813.12,420193237.3056
2026-08-21 13:50:00,618198.61,420541968.4247
2026-08-21 13:55:00,618884.28,420694779.67550576
2026-08-21 14:00:00,619037.27,421143435.5264
2026-08-21 14:05:00,618946.84,419218884.2004
2026-08-21 14:10:00,619078.4,420106602.24
2026-08-21 14:15:00,619133.68,419463068.2
2026-08-21 14:20:00,619097.81,418429636.8447
2026-08-21 14:25:00,619292.21,419539507.6645
2026-08-21 14:30:00,618443.63,419836261.5768352
2026-08-21 14:35:00,618692.75,419993386.41
2026-08-21 14:40:00,618725.79,418763616.1887776
2026-08-21 14:45:00,618676.29,419602325.4288017
2026-08-21 14:50:00,618759.53,420360474.3008
2026-08-21 14:55:00,618098.23,419622934.0141257
2026-08-21 15:00:00,618233.65,419966118.445
2026-08-21 15:05:00,618371.5,420790779.21531177
2026-08-21 15:10:00,618389.2,421239022.6907165
2026-08-21 15:15:00,617978.87,421133004.2276175
2026-08-21 15:20:00,617526.69,420054005.0718
2026-08-21 15:25:00,617584.75,420060572.3302084
2026-08-21 15:30:00,617508.02,419957905.4784035
2026-08-21 15:35:00,617629.57,419498715.93263394
2026-08-21 15:40:00,617615.27,420793635.7564
2026-08-21 15:45:00,617752.88,420509621.79828733
2026-08-21 15:50:00,617891.06,420165920.8
2026-08-21 15:55:00,618239.4,420180225.816
2026-08-21 16:00:00,618219.01,420036578.0311971
2026-08-21 16:05:00,617994.97,419705103.9258
2026-08-21 16:10:00,617977.8,418513105.494
2026-08-21 16:15:00,617876.14,417047858.2158
2026-08-21 16:20:00,617995.04,418769855.89503956
2026-08-21 16:25:00,617494.15,418384999.2050384
2026-08-21 16:30:00,618479.31,420013944.3799771
2026-08-21 16:35:00,618343.04,420491230.17661375
2026-08-21 16:40:00,618288.43,420456446.2663677
2026-08-21 16:45:00,618044.8,420385448.5898083
2026-08-21 16:50:00,618152.04,420961539.24
2026-08-21 16:55:00,618065.87,420463325.6869234
2026-08-21 17:00:00,618075.7,420322379.785
2026-08-21 17:05:00,617778.11,420391826.0739
2026-08-21 17:10:00,617978.0,421105754.60962385
2026-08-21 17:15:00,617949.94,420465498.1748
2026-08-21 17:20:00,617731.33,419266608.2976
2026-08-21 17:25:00,617228.33,417962335.9428
2026-08-21 17:30:00,617305.58,419227674.808422
2026-08-21 17:35:00,617467.46,419982002.6791706
2026-08-21 17:40:00,617421.0,420024742.8604429
2026-08-21 17:45:00,617326.38,419403454.3679425
2026-08-21 17:50:00,617370.7,420021982.038
2026-08-21 17:55:00,617359.13,419554979.21659124
2026-08-21 18:00:00,617366.99,419506053.40841055
2026-08-21 18:05:00,617619.51,420815053.1385
2026-08-21 18:10:00,617725.04,420795709.3242007
2026-08-21 18:15:00,617578.63,421015207.326534
2026-08-21 18:20:00,617947.24,421555932.10586923
2026-08-21 18:25:00,617988.33,420050080.87750983
2026-08-21 18:30:00,618115.25,420141504.3072615
2026-08-21 18:35:00,618144.96,419912052.7776
2026-08-21 18:40:00,618332.9,419056192.4412
2026-08-21 18:45:00,618125.66,417935272.0295905
2026-08-21 18:50:00,617844.48,416773367.13630944
2026-08-21 18:55:00,617975.57,417634069.9617
2026-08-21 19:00:00,617935.5,418354692.21
2026-08-21 19:05:00,617514.94,416087741.7214
2026-08-21 19:10:00,617350.25,417038614.3825
2026-08-21 19:15:00,616692.69,417414614.1534
2026-08-21 19:20:00,616669.54,416560274.27
2026-08-21 19:25:00,616647.01,417229533.4361
2026-08-21 19:30:00,616506.83,417547745.8224
2026-08-21 19:35:00,615182.4,415488041.136
2026-08-21 19:40:00,614740.31,415535030.2526493
2026-08-21 19:45:00,614286.65,414552293.44322926
2026-08-21 19:50:00,614268.25,414259656.3606408
2026-08-21 19:55:00,614253.87,413773691.9094
2026-08-21 20:00:00,614511.48,413828515.5661234
2026-08-21 20:05:00,614849.87,414124820.6954729
2026-08-21 20:10:00,615166.11,414146491.68904847
2026-08-21 20:15:00,615117.29,414184056.926933
2026-08-21 20:20:00,614587.48,414115189.8988
2026-08-21 20:25:00,614951.11,415238352.8729069
2026-08-21 20:30:00,614748.85,415059098.5948208
2026-08-21 20:35:00,614652.32,414826134.6132514
2026-08-21 20:40:00,614630.72,414687701.5935889
2026-08-21 20:45:00,614330.08,415096691.7552
2026-08-21 20:50:00,614251.42,414533826.5323068
2026-08-21 20:55:00,614413.16,415576773.1608
2026-08-21 21:00:00,614422.2,415780505.5016073
2026-08-21 21:05:00,614354.91,415727824.0479
2026-08-21 21:10:00,614370.34,415711529.29829943
2026-08-21 21:15:00,614390.74,417023858.6824
2026-08-21 21:20:00,614350.53,417059585.8570284
2026-08-21 21:25:00,614508.76,417884726.0360209
2026-08-21 21:30:00,614411.06,418700964.37637
2026-08-21 21:35:00,615266.81,418861338.9118
2026-08-21 21:40:00,614883.62,417905652.333
2026-08-21 21:45:00,615069.27,418825268.7138
2026-08-21 21:50:00,615165.88,420256722.5808
2026-08-21 21:55:00,615077.74,421191628.8272378
2026-08-21 22:00:00,616125.16,422406890.93389404
2026-08-21 22:05:00,619011.42,425817955.818
2026-08-21 22:10:00,619915.61,427797563.3049
2026-08-21 22:15:00,619323.92,427315926.02752626
2026-08-21 22:20:00,619974.74,427924073.0828801
2026-08-21 22:25:00,619816.96,427165452.4928
2026-08-21 22:30:00,620322.9,427715220.50267714
2026-08-21 22:35:00,620882.12,427887121.8192
2026-08-21 22:40:00,621278.15,428949073.1045
2026-08-21 22:45:00,622375.55,429768988.5415
2026-08-21 22:50:00,623070.03,430105241.709
2026-08-21 22:55:00,623660.36,431717953.2026114
2026-08-21 23:00:00,624352.82,431838429.5570928
2026-08-21 23:05:00,623974.94,430741705.92661536
2026-08-21 23:10:00,623679.55,430731807.6165
2026-08-21 23:15:00,623532.2,430461689.592
2026-08-21 23:20:00,623065.62,430924644.1044
2026-08-21 23:25:00,622684.8,431189350.5974092
2026-08-21 23:30:00,623348.71,430952130.6585
2026-08-21 23:35:00,623299.67,430195199.2373
2026-08-21 23:40:00,622482.3,428606168.3528123
2026-08-21 23:45:00,622719.23,429085660.0805028
2026-08-21 23:50:00,622825.52,428591153.3328
2026-08-21 23:55:00,623232.79,428615886.6667
2026-08-22 00:00:00,623347.23,428557441.46205163
2026-08-22 00:05:00,622798.0,427332847.7
2026-08-22 00:10:00,622306.99,425787860.54934704
2026-08-22 00:15:00,622187.29,426266734.2519
2026-08-22 00:20:00,622110.14,427097208.1408068
2026-08-22 00:25:00,622178.74,427982117.6636438
2026-08-22 00:30:00,623113.21,428521185.6491
2026-08-22 00:35:00,623113.48,428315743.8824
2026-08-22 00:40:00,622998.07,428080663.8391
2026-08-22 00:45:00,622778.54,427637112.2764
2026-08-22 00:50:00,622813.75,427742255.3625
2026-08-22 00:55:00,622705.67,428172418.692
2026-08-22 01:00:00,622738.48,429104177.0288
2026-08-22 01:05:00,622906.92,430025520.83853555
2026-08-22 01:10:00,623812.06,430149605.973
2026-08-22 01:15:00,624148.52,430587126.166815
2026-08-22 01:20:00,624656.15,430964634.75707537
2026-08-22 01:25:00,623998.01,429485350.3228
2026-08-22 01:30:00,624156.34,430188260.9968904
2026-08-22 01:35:00,624109.69,431898139.624593
2026-08-22 01:40:00,623820.49,431109186.62914556
2026-08-22 01:45:00,623992.24,430124090.9544
2026-08-22 01:50:00,623897.21,429869543.00519377
2026-08-22 01:55:00,623119.93,428814319.15879714
2026-08-22 02:00:00,622543.42,428702075.3146
2026-08-22 02:05:00,622445.11,430334076.143081
2026-08-22 02:10:00,622930.14,431188509.91192585
2026-08-22 02:15:00,621704.31,431390417.75792545
2026-08-22 02:20:00,619946.01,431259242.3964
2026-08-22 02:25:00,620286.19,433073888.7756823
2026-08-22 02:30:00,620020.86,433394581.14
2026-08-22 02:35:00,620709.36,433954060.1692739
2026-08-22 02:40:00,620510.46,434318169.71976155
2026-08-22 02:45:00,626802.23,443625546.3048
2026-08-22 02:50:00,631610.29,447016903.3570978
2026-08-22 02:55:00,644459.88,461078821.146
2026-08-22 03:00:00,645603.19,460463563.2037
2026-08-22 03:05:00,645449.82,460050813.7032
2026-08-22 03:10:00,646356.41,460729312.6121
2026-08-22 03:15:00,646599.99,459933038.8869
2026-08-22 03:20:00,645412.56,460869746.7192
2026-08-22 03:25:00,644428.8,460057720.32
2026-08-22 03:30:00,642186.58,461732527.3927108
2026-08-22 03:35:00,644332.88,464553593.9897826
2026-08-22 03:40:00,642363.13,462340862.8175
2026-08-22 03:45:00,645165.2,465015721.204
2026-08-22 03:50:00,644958.21,464465743.7409905
2026-08-22 03:55:00,645832.57,465128616.914
2026-08-22 04:00:00,644387.69,463259974.79669195
2026-08-22 04:05:00,642223.25,461150518.08434886
2026-08-22 04:10:00,642709.47,461098762.6292912
2026-08-22 04:15:00,642457.33,461220117.207
2026-08-22 04:20:00,640980.69,458634503.3088
2026-08-22 04:25:00,639266.71,458303089.7332
2026-08-22 04:30:00,637721.09,457330436.8492452
2026-08-22 04:35:00,636373.14,457615924.974
2026-08-22 04:40:00,634753.43,457435059.3295
2026-08-22 04:45:00,630737.76,457318550.0230596
2026-08-22 04:50:00,628457.34,454512917.4348
2026-08-22 04:55:00,629487.27,456378270.75
2026-08-22 05:00:00,630182.77,457204279.09342307
2026-08-22 05:05:00,630823.02,457579807.6994477
2026-08-22 05:10:00,634484.16,449701441.2293553
2026-08-22 05:15:00,623238.4,434347305.728
2026-08-22 05:20:00,627485.8,436735316.1724382
2026-08-22 05:25:00,635036.67,442506252.3894
2026-08-22 05:30:00,639009.46,447753928.622
2026-08-22 05:35:00,638445.32,446030669.4584
2026-08-22 05:40:00,639428.88,445432552.0968
2026-08-22 05:45:00,639490.11,445157531.74219686
2026-08-22 05:50:00,640534.84,449021328.1884
2026-08-22 05:55:00,638328.01,446445856.69885045
2026-08-22 06:00:00,640935.93,448129583.5374
2026-08-22 06:05:00,640045.41,446582336.82347697
2026-08-22 06:10:00,639213.92,446263655.64135754
2026-08-22 06:15:00,639025.3,444199266.536
2026-08-22 06:20:00,638418.55,444269385.8185356
2026-08-22 06:25:00,638119.41,445986590.92194766
2026-08-22 06:30:00,639102.83,445230510.2153339
2026-08-22 06:35:00,638718.06,443048587.89830947
2026-08-22 06:40:00,638328.34,446280875.6276
2026-08-22 06:45:00,637017.43,445364366.0102
2026-08-22 06:50:00,637034.41,445650162.2037
2026-08-22 06:55:00,637298.88,446298974.22698563
2026-08-22 07:00:00,637427.99,447053746.5066
2026-08-22 07:05:00,637427.18,448296161.4222
2026-08-22 07:10:00,636715.34,446296789.5975839
2026-08-22 07:15:00,636810.48,446455091.3184
2026-08-22 07:20:00,636427.73,445797092.71996725
2026-08-22 07:25:00,636010.25,448192311.96022326
2026-08-22 07:30:00,635869.14,448516656.5904
2026-08-22 07:35:00,636969.19,448985028.83284366
2026-08-22 07:40:00,642700.59,455285148.84366274
2026-08-22 07:45:00,641738.97,453574507.9205012
2026-08-22 07:50:00,643237.72,454087236.0568
2026-08-22 07:55:00,642978.19,455238053.16674894
2026-08-22 08:00:00,642564.56,453926455.6442759
2026-08-22 08:05:00,642816.16,453661076.7584
2026-08-22 08:10:00,643199.28,454975778.6783771
2026-08-22 08:15:00,641414.79,455183720.34255916
2026-08-22 08:20:00,642029.96,453022760.0756
2026-08-22 08:25:00,642287.07,452221480.2456
2026-08-22 08:30:00,641610.63,449422581.8898
2026-08-22 08:35:00,640332.65,446573383.9840939
2026-08-22 08:40:00,640131.02,446830655.8906
2026-08-22 08:45:00,640460.0,448104243.6
2026-08-22 08:50:00,640540.92,447095160.45182043
2026-08-22 08:55:00,640801.23,447304890.5892
2026-08-22 09:00:00,640565.43,447563065.941
2026-08-22 09:05:00,640263.38,444566706.89505386
2026-08-22 09:10:00,640180.44,446096936.0052
2026-08-22 09:15:00,639238.62,446891719.242
2026-08-22 09:20:00,638084.19,447363255.80368435
2026-08-22 09:25:00,637405.71,448835604.7536
2026-08-22 09:30:00,636816.84,447325371.3618762
2026-08-22 09:35:00,636908.7,446738848.6268228
2026-08-22 09:40:00,636922.31,445746923.96456015
2026-08-22 09:45:00,636837.8,447236842.2959226
2026-08-22 09:50:00,635181.92,443287110.1488
2026-08-22 09:55:00,634612.96,442391981.29863435
2026-08-22 10:00:00,633900.63,442579522.7627858
2026-08-22 10:05:00,634100.53,440575464.6489357
2026-08-22 10:10:00,630737.36,436072812.4847375
2026-08-22 10:15:00,628034.13,432426619.8702
2026-08-22 10:20:00,629020.18,432111702.8528
2026-08-22 10:25:00,629054.44,431386728.9480497
2026-08-22 10:30:00,629424.63,434271523.4685
2026-08-22 10:35:00,629092.39,433991967.0893
2026-08-22 10:40:00,629102.55,435370419.7275
2026-08-22 10:45:00,628790.96,435600256.1368956
2026-08-22 10:50:00,628676.09,435320651.99474823
2026-08-22 10:55:00,628536.02,434806194.78351146
2026-08-22 11:00:00,628246.5,434388477.495
2026-08-22 11:05:00,628032.69,434768190.3063
2026-08-22 11:10:00,628096.88,433800154.27358097
2026-08-22 11:15:00,628075.78,434622159.0022
2026-08-22 11:20:00,628094.55,433945192.51193666
2026-08-22 11:25:00,628518.65,434325242.7095
2026-08-22 11:30:00,628612.11,435312783.7779427
2026-08-22 11:35:00,627489.63,435681523.09969074
2026-08-22 11:40:00,628917.83,437349458.982
2026-08-22 11:45:00,628886.37,437427215.1971141
2026-08-22 11:50:00,629084.79,437089490.01416063
2026-08-22 11:55:00,629264.26,437158951.30353355
2026-08-22 12:00:00,629775.11,437584823.4161805
2026-08-22 12:05:00,629687.14,436933609.5746
2026-08-22 12:10:00,629790.44,438541445.08861953
2026-08-22 12:15:00,630192.08,438951665.9629152
2026-08-22 12:20:00,630200.77,439612968.64568835
2026-08-22 12:25:00,630579.99,440288936.5266119
2026-08-22 12:30:00,630267.01,440039821.0418
2026-08-22 12:35:00,629139.24,437877131.1651547
2026-08-22 12:40:00,628840.11,437777353.56716925
2026-08-22 12:45:00,628904.42,438358958.8284
2026-08-22 12:50:00,628894.35,438213583.08
2026-08-22 12:55:00,628808.54,437393672.23874474
2026-08-22 13:00:00,629515.2,437676737.952
2026-08-22 13:05:00,629206.09,436719362.9472
2026-08-22 13:10:00,629000.85,437501541.2175
2026-08-22 13:15:00,629153.8,437671358.28542054
2026-08-22 13:20:00,629019.24,436872732.7572
2026-08-22 13:25:00,628939.94,436911997.5192
2026-08-22 13:30:00,628896.88,437133391.62184584
2026-08-22 13:35:00,628967.92,436417673.7365506
2026-08-22 13:40:00,628984.43,436200941.2065037
2026-08-22 13:45:00,628953.91,436336775.0625
2026-08-22 13:50:00,629138.4,437181767.6609983
2026-08-22 13:55:00,629223.94,437569803.7548458
2026-08-22 14:00:00,629391.4,437943123.948
2026-08-22 14:05:00,629496.53,436759385.0196649
2026-08-22 14:10:00,628950.77,435378591.5171
2026-08-22 14:15:00,629084.47,435962648.41532636
2026-08-22 14:20:00,628942.11,435882527.879136
2026-08-22 14:25:00,629010.76,436281863.136
2026-08-22 14:30:00,628699.28,436644223.9456
2026-08-22 14:35:00,628512.01,437236949.9967
2026-08-22 14:40:00,628700.68,435702145.2536
2026-08-22 14:45:00,628755.59,435570434.9725
2026-08-22 14:50:00,628290.39,434525633.724
2026-08-22 14:55:00,628162.09,433726208.81174314
2026-08-22 15:00:00,628045.03,434776732.9181
2026-08-22 15:05:00,628203.7,434888346.7009986
2026-08-22 15:10:00,628378.19,434348355.7400787
2026-08-22 15:15:00,628872.8,434519661.16
2026-08-22 15:20:00,629033.43,434382543.8412629
2026-08-22 15:25:00,629138.3,434596154.874
2026-08-22 15:30:00,629120.59,434702920.54658365
2026-08-22 15:35:00,629415.09,435196475.6787
2026-08-22 15:40:00,629551.71,434696011.27690625
2026-08-22 15:45:00,629553.19,435025370.59205514
2026-08-22 15:50:00,629472.98,434497264.3996082
2026-08-22 15:55:00,629709.04,434086327.4078808
2026-08-22 16:00:00,629682.71,433775825.2648
2026-08-22 16:05:00,629365.53,434734239.8475
2026-08-22 16:10:00,629337.8,434621524.5312941
2026-08-22 16:15:00,629780.47,435764000.6071
2026-08-22 16:20:00,629527.59,436902650.6934651
2026-08-22 16:25:00,629782.66,437799713.9256
2026-08-22 16:30:00,629603.58,437681520.7086
2026-08-22 16:35:00,629460.32,437360652.9242488
2026-08-22 16:40:00,629361.65,438275269.1848815
2026-08-22 16:45:00,629282.6,438685486.112
2026-08-22 16:50:00,628781.93,438670420.3034188
2026-08-22 16:55:00,628526.71,438321957.0198
2026-08-22 17:00:00,628298.97,437874118.1724
2026-08-22 17:05:00,627935.56,437001902.588267
2026-08-22 17:10:00,627909.29,437464999.42194384
2026-08-22 17:15:00,627903.01,437529096.3981
2026-08-22 17:20:00,627912.77,438007368.788247
2026-08-22 17:25:00,627838.39,437458955.0003
2026-08-22 17:30:00,627629.63,435934638.36092114
2026-08-22 17:35:00,627447.21,436966785.9882
2026-08-22 17:40:00,627492.71,436709826.4516
2026-08-22 17:45:00,627591.47,437438927.3350348
2026-08-22 17:50:00,628217.86,438339011.815
2026-08-22 17:55:00,628061.23,438151089.89113665
2026-08-22 18:00:00,628549.38,437910353.046
2026-08-22 18:05:00,629744.14,439328404.3882
2026-08-22 18:10:00,629871.44,438875523.2488
2026-08-22 18:15:00,629834.71,439202638.3243
2026-08-22 18:20:00,629719.94,439737774.9882456
2026-08-22 18:25:00,629245.24,439502630.3304
2026-08-22 18:30:00,629620.84,439894110.10619813
2026-08-22 18:35:00,629783.09,440363265.1562986
2026-08-22 18:40:00,630007.26,439937611.06741005
2026-08-22 18:45:00,630842.55,440232522.1690841
2026-08-22 18:50:00,630738.59,440432142.6252
2026-08-22 18:55:00,630715.28,440078639.8551403
2026-08-22 19:00:00,630676.11,440769579.69636154
2026-08-22 19:05:00,630906.64,440991123.2272
2026-08-22 19:10:00,630833.54,440835156.0974681
2026-08-22 19:15:00,630670.19,441020927.84898156
2026-08-22 19:20:00,630718.46,440381677.5463505
2026-08-22 19:25:00,630717.05,440021308.37756604
2026-08-22 19:30:00,630649.41,439903189.4514
2026-08-22 19:35:00,630716.91,440659144.7647563
2026-08-22 19:40:00,630702.68,440337690.0956
2026-08-22 19:45:00,630704.81,440843741.0457
2026-08-22 19:50:00,630664.92,440824007.65111214
2026-08-22 19:55:00,630791.42,441406324.15159947
2026-08-22 20:00:00,630646.27,440835393.6360958
2026-08-22 20:05:00,630470.47,440648420.8924
2026-08-22 20:10:00,630620.79,441478696.4553
2026-08-22 20:15:00,630657.15,441344597.0434486
2026-08-22 20:20:00,631073.42,441681975.9238
2026-08-22 20:25:00,631780.3,441936884.912856
2026-08-22 20:30:00,631859.32,441954001.374
2026-08-22 20:35:00,631959.32,441606853.2228
2026-08-22 20:40:00,631926.05,442505609.97091943
2026-08-22 20:45:00,632364.42,442281472.87764984
2026-08-22 20:50:00,632082.6,442413574.218
2026-08-22 20:55:00,631988.36,441987379.4496
2026-08-22 21:00:00,631837.61,441269068.4479
2026-08-22 21:05:00,631836.76,439050625.98094285
2026-08-22 21:10:00,631449.01,439468896.5372399
2026-08-22 21:15:00,631006.56,437831565.00350887
2026-08-22 21:20:00,630503.4,439432169.5815686
2026-08-22 21:25:00,630357.01,439791501.2970236
2026-08-22 21:30:00,630323.7,440121270.22492754
2026-08-22 21:35:00,630097.93,438884918.9622859
2026-08-22 21:40:00,633281.11,439712405.9174
2026-08-22 21:45:00,632750.53,439932460.9931
2026-08-22 21:50:00,632731.94,438962854.5000429
2026-08-22 21:55:00,632416.97,438597046.4337123
2026-08-22 22:00:00,632536.3,438423560.256
2026-08-22 22:05:00,632250.94,438979545.6746423
2026-08-22 22:10:00,632156.72,440448873.0928
2026-08-22 22:15:00,632003.74,440291725.5084
2026-08-22 22:20:00,631873.66,439790386.0966
2026-08-22 22:25:00,632336.59,440991537.866
2026-08-22 22:30:00,631806.38,440381682.9876
2026-08-22 22:35:00,631403.19,439863761.61340564
2026-08-22 22:40:00,631545.48,439095994.6849579
2026-08-22 22:45:00,631857.3,439117043.35463876
2026-08-22 22:50:00,632180.29,439211015.9651794
2026-08-22 22:55:00,631771.15,438964386.16505873
2026-08-22 23:00:00,631823.41,438557854.25465584
2026-08-22 23:05:00,631626.58,438336213.9884
2026-08-22 23:10:00,631473.16,438406495.3707146
2026-08-22 23:15:00,631354.22,437887449.64037424
2026-08-22 23:20:00,631251.92,438133020.1144
2026-08-22 23:25:00,631101.08,437852352.47833043
2026-08-22 23:30:00,630900.15,437529254.025
2026-08-22 23:35:00,630882.83,436821474.11312616
2026-08-22 23:40:00,631046.7,437656128.318
2026-08-22 23:45:00,631005.91,437659064.10468596
2026-08-22 23:50:00,630937.81,438916823.32144076
2026-08-22 23:55:00,630967.68,439522322.3193584
2026-08-23 00:00:00,630940.4,438945236.28
2026-08-23 00:05:00,631203.69,439462945.0887
2026-08-23 00:10:00,631291.47,438804679.1412455
2026-08-23 00:15:00,631271.7,438904274.859
2026-08-23 00:20:00,631257.99,439280951.42720884
2026-08-23 00:25:00,630390.79,439483243.1564
2026-08-23 00:30:00,630105.16,440298582.6532
2026-08-23 00:35:00,629479.96,440061909.2713829
2026-08-23 00:40:00,629645.94,440884383.6474
2026-08-23 00:45:00,630012.68,440807271.9424
2026-08-23 00:50:00,630425.89,441871810.5599
2026-08-23 00:55:00,631251.01,442429213.26817113
2026-08-23 01:00:00,631239.01,442601428.82828915
2026-08-23 01:05:00,631660.12,440997737.30824935
2026-08-23 01:10:00,631542.48,441505032.3432
2026-08-23 01:15:00,631529.71,442461759.0069725
2026-08-23 01:20:00,631768.7,442137007.008
2026-08-23 01:25:00,631729.08,442589393.448
2026-08-23 01:30:00,631792.23,442519913.7366
2026-08-23 01:35:00,631950.5,441967221.185
2026-08-23 01:40:00,631724.63,442119317.9513486
2026-08-23 01:45:00,632204.15,442308989.4645
2026-08-23 01:50:00,632142.31,441944917.7427201
2026-08-23 01:55:00,632125.05,441684736.1865
2026-08-23 02:00:00,632071.11,441634405.2681
2026-08-23 02:05:00,632016.33,440915419.23621786
2026-08-23 02:10:00,631733.78,439964673.7432
2026-08-23 02:15:00,631435.94,438772205.9872
2026-08-23 02:20:00,631054.16,438153524.3712
2026-08-23 02:25:00,630842.12,437394383.902
2026-08-23 02:30:00,630574.57,438017158.70143634
2026-08-23 02:35:00,630055.28,439022519.104
2026-08-23 02:40:00,630074.12,438214010.4106963
2026-08-23 02:45:00,629937.81,437873264.22590685
2026-08-23 02:50:00,629552.07,437834578.1229
2026-08-23 02:55:00,630203.02,437827246.1148
2026-08-23 03:00:00,630156.35,437542760.059
2026-08-23 03:05:00,630110.92,437423526.04418397
2026-08-23 03:10:00,630247.04,437184376.5130879
2026-08-23 03:15:00,629784.47,437536462.6878
2026-08-23 03:20:00,629634.11,437380361.23319525
2026-08-23 03:25:00,630845.01,436443811.7184
2026-08-23 03:30:00,631104.74,436591948.0846
2026-08-23 03:35:00,632621.91,436437241.73296064
2026-08-23 03:40:00,632750.79,436474679.9690316
2026-08-23 03:45:00,631688.21,435517436.3845
2026-08-23 03:50:00,631791.9,435941328.28058314
2026-08-23 03:55:00,632233.11,436202911.9134
2026-08-23 04:00:00,632081.62,435927730.8654
2026-08-23 04:05:00,631892.38,434865242.2467346
2026-08-23 04:10:00,632284.74,434967641.1882
2026-08-23 04:15:00,632273.77,436395392.0556685
2026-08-23 04:20:00,632959.91,435445999.4318964
2026-08-23 04:25:00,632835.56,435536417.4588
2026-08-23 04:30:00,632819.57,435341894.9858
2026-08-23 04:35:00,632548.55,434541877.3935
2026-08-23 04:40:00,632448.2,434858733.356
2026-08-23 04:45:00,631775.11,433547198.2578346
2026-08-23 04:50:00,631235.51,430453984.4947521
2026-08-23 04:55:00,631146.42,431274971.7144
2026-08-23 05:00:00,630933.27,430561482.1134
2026-08-23 05:05:00,631055.71,431130950.5149
2026-08-23 05:10:00,630891.07,430299254.2935
2026-08-23 05:15:00,631315.87,429818783.7721
2026-08-23 05:20:00,629721.65,429137734.5671628
2026-08-23 05:25:00,630163.39,431825593.28367263
2026-08-23 05:30:00,631278.31,431661795.5949
2026-08-23 05:35:00,632998.28,433236682.7976
2026-08-23 05:40:00,634814.75,434395045.1471908
2026-08-23 05:45:00,634916.58,434505161.523
2026-08-23 05:50:00,634942.85,434891847.9738913
2026-08-23 05:55:00,635313.13,434981595.7124435
2026-08-23 06:00:00,635016.79,434046676.3008
2026-08-23 06:05:00,634700.01,434204623.8411
2026-08-23 06:10:00,632997.45,431619595.71233964
2026-08-23 06:15:00,632341.06,432171074.30076444
2026-08-23 06:20:00,633813.01,434877166.9352595
2026-08-23 06:25:00,634143.99,435135439.8461389
2026-08-23 06:30:00,634278.11,434999218.0581286
2026-08-23 06:35:00,634076.8,435705873.12
2026-08-23 06:40:00,634009.0,435164757.33
2026-08-23 06:45:00,633945.99,435309667.9332847
2026-08-23 06:50:00,634021.57,434981068.6202389
2026-08-23 06:55:00,633985.7,434430245.2041248
2026-08-23 07:00:00,633959.6,434566626.608
2026-08-23 07:05:00,633940.24,434547016.3128
2026-08-23 07:10:00,635595.46,437133116.1804438
2026-08-23 07:15:00,635668.22,437835556.5716
2026-08-23 07:20:00,635562.12,438099324.9372
2026-08-23 07:25:00,634422.68,436273444.3556
2026-08-23 07:30:00,634262.9,436277735.765
2026-08-23 07:35:00,634269.82,435654689.1208647
2026-08-23 07:40:00,635013.79,436400526.9017
2026-08-23 07:45:00,635834.34,437090006.4875432
2026-08-23 07:50:00,635896.0,436886814.3013133
2026-08-23 07:55:00,635997.95,437267670.5635
2026-08-23 08:00:00,632458.42,432777735.79699755
2026-08-23 08:05:00,632587.02,433461277.8444
2026-08-23 08:10:00,632422.42,434784089.5258
2026-08-23 08:15:00,633870.93,436312299.6927917
2026-08-23 08:20:00,634517.88,437119367.532
2026-08-23 08:25:00,634520.03,436967863.6098401
2026-08-23 08:30:00,634586.53,436813207.40734005
2026-08-23 08:35:00,634974.24,437408354.9664
2026-08-23 08:40:00,635053.1,437882004.9424065
2026-08-23 08:45:00,634298.53,437494725.0969
2026-08-23 08:50:00,634383.07,437546691.0404
2026-08-23 08:55:00,634463.34,437589365.598
2026-08-23 09:00:00,634009.59,437145022.6968978
2026-08-23 09:05:00,632643.56,436612626.4984
2026-08-23 09:10:00,632564.01,436500795.1005
2026-08-23 09:15:00,632177.96,435875896.78662014
2026-08-23 09:20:00,632128.53,435764123.4408
2026-08-23 09:25:00,632055.32,435185805.7337744
2026-08-23 09:30:00,632126.08,435522226.5984
2026-08-23 09:35:00,632099.32,435002678.2573116
2026-08-23 09:40:00,632052.31,435079528.1116
2026-08-23 09:45:00,632100.53,435174620.5014753
2026-08-23 09:50:00,631984.73,435481717.9011
2026-08-23 09:55:00,631946.39,435809188.9357
2026-08-23 10:00:00,631747.27,435512212.66265666
2026-08-23 10:05:00,631929.08,435811158.2088742
2026-08-23 10:10:00,632140.3,436233699.627
2026-08-23 10:15:00,632294.11,436497915.8974
2026-08-23 10:20:00,632386.69,436454321.8373
2026-08-23 10:25:00,632638.26,437614863.5898
2026-08-23 10:30:00,632890.95,437630352.2042366
2026-08-23 10:35:00,633382.55,438509210.4216173
2026-08-23 10:40:00,633502.23,437946426.6213
2026-08-23 10:45:00,633332.16,437809855.5648
2026-08-23 10:50:00,633400.35,437308755.07947594
2026-08-23 10:55:00,633746.56,437500600.2304
2026-08-23 11:00:00,633769.34,437406518.051226
2026-08-23 11:05:00,633908.34,438017483.1298351
2026-08-23 11:10:00,634041.52,438230477.3784
2026-08-23 11:15:00,634098.94,439005719.1302
2026-08-23 11:20:00,634518.81,439956307.2897
2026-08-23 11:25:00,632456.27,439563432.2127
2026-08-23 11:30:00,632055.86,438974989.40926105
2026-08-23 11:35:00,631739.97,438718604.9058619
2026-08-23 11:40:00,631735.27,439597191.6761054
2026-08-23 11:45:00,631922.31,439362943.6968
2026-08-23 11:50:00,632046.14,438805137.1717139
2026-08-23 11:55:00,631971.5,439524591.70347816
2026-08-23 12:00:00,632076.7,439539816.413
2026-08-23 12:05:00,632305.83,438748707.399977
2026-08-23 12:10:00,632122.08,438547335.4416
2026-08-23 12:15:00,631987.14,438142572.0218811
2026-08-23 12:20:00,632111.83,438281058.4488
2026-08-23 12:25:00,632163.21,438398864.5029
2026-08-23 12:30:00,632134.35,438107032.611
2026-08-23 12:35:00,632103.42,438252149.6883765
2026-08-23 12:40:00,632073.55,438502976.3718512
2026-08-23 12:45:00,632201.44,439493797.0592
2026-08-23 12:50:00,632165.48,438900900.7519149
2026-08-23 12:55:00,632299.03,438771733.1062992
2026-08-23 13:00:00,632336.83,439221162.118
2026-08-23 13:05:00,632444.84,439302510.3124
2026-08-23 13:10:00,632423.98,440055238.0634039
2026-08-23 13:15:00,632724.47,440640685.28486013
2026-08-23 13:20:00,632047.48,442113085.6662464
2026-08-23 13:25:00,631786.76,441705851.1732012
2026-08-23 13:30:00,631608.87,440893661.3277391
2026-08-23 13:35:00,631564.18,440760303.2043297
2026-08-23 13:40:00,631554.29,441368031.1094
2026-08-23 13:45:00,631815.25,441686799.8693612
2026-08-23 13:50:00,631688.41,441028092.9775638
2026-08-23 13:55:00,631788.7,441500261.447
2026-08-23 14:00:00,631778.73,441357986.24174255
2026-08-23 14:05:00,632041.03,441613388.0713
2026-08-23 14:10:00,631754.3,441008724.201
2026-08-23 14:15:00,631940.41,441866864.2465854
2026-08-23 14:20:00,632421.41,441794882.98931485
2026-08-23 14:25:00,631843.44,440869209.27954066
2026-08-23 14:30:00,631653.3,440660014.66112876
2026-08-23 14:35:00,631817.23,440564437.67994994
2026-08-23 14:40:00,631778.18,440933631.09282565
2026-08-23 14:45:00,630382.51,437170270.685
2026-08-23 14:50:00,630645.59,438645540.1245
2026-08-23 14:55:00,631124.37,439559189.9739
2026-08-23 15:00:00,630974.95,439120397.2665748
2026-08-23 15:05:00,630640.56,439121328.3336
2026-08-23 15:10:00,630334.18,439008492.7838551
2026-08-23 15:15:00,630010.49,438090394.4313
2026-08-23 15:20:00,630028.22,437410890.1972558
2026-08-23 15:25:00,630278.99,438572786.4917556
2026-08-23 15:30:00,630260.62,438722301.46936315
2026-08-23 15:35:00,630363.83,438544116.531
2026-08-23 15:40:00,630310.52,439136182.70201445
2026-08-23 15:45:00,630453.09,439552052.0558405
2026-08-23 15:50:00,630440.0,439353569.8605396
2026-08-23 15:55:00,630313.1,438929156.16110843
2026-08-23 16:00:00,630459.5,438408927.11
2026-08-23 16:05:00,630649.19,439158869.9484
2026-08-23 16:10:00,630591.36,438765468.288
2026-08-23 16:15:00,630554.63,439080411.0542
2026-08-23 16:20:00,631247.38,439388798.1326493
2026-08-23 16:25:00,631108.26,439598458.503
2026-08-23 16:30:00,631594.61,439741431.2664
2026-08-23 16:35:00,631777.47,440260447.7442
2026-08-23 16:40:00,631377.65,440562696.617
2026-08-23 16:45:00,631212.96,440315224.5072
2026-08-23 16:50:00,630687.81,440025043.46775246
2026-08-23 16:55:00,630615.43,440579470.1695
2026-08-23 17:00:00,630369.14,440716280.5396
2026-08-23 17:05:00,630110.93,439986293.77164257
2026-08-23 17:10:00,630168.33,441017004.0672
2026-08-23 17:15:00,630176.09,441115043.80231094
2026-08-23 17:20:00,630094.0,441393448.88
2026-08-23 17:25:00,630541.97,440236242.31775516
2026-08-23 17:30:00,629984.9,439783335.8156646
2026-08-23 17:35:00,630078.04,439693659.4336
2026-08-23 17:40:00,630069.26,439933266.10743624
2026-08-23 17:45:00,629924.17,439661873.6932
2026-08-23 17:50:00,629927.76,439443904.6536
2026-08-23 17:55:00,630044.91,439317651.3929771
2026-08-23 18:00:00,630370.89,440175385.0692
2026-08-23 18:05:00,630267.98,439775785.7248
2026-08-23 18:10:00,630060.31,440065623.5195
2026-08-23 18:15:00,629723.92,440302964.864
2026-08-23 18:20:00,629138.17,440069567.1516
2026-08-23 18:25:00,629258.28,440441182.0580884
2026-08-23 18:30:00,629169.48,440632553.6232
2026-08-23 18:35:00,628897.18,439982756.0998
2026-08-23 18:40:00,628963.32,440198848.4016
2026-08-23 18:45:00,628958.96,440189507.3352
2026-08-23 18:50:00,628925.76,440222874.9696
2026-08-23 18:55:00,629065.43,440496776.7032
2026-08-23 19:00:00,628964.03,440321898.52994996
2026-08-23 19:05:00,628979.01,440355285.0787035
2026-08-23 19:10:00,628903.08,439724027.637287
2026-08-23 19:15:00,628630.2,439381078.29
2026-08-23 19:20:00,628599.45,439754061.71028274
2026-08-23 19:25:00,628556.34,439788299.9712
2026-08-23 19:30:00,628581.21,439962846.3153
2026-08-23 19:35:00,628621.33,440001232.9112528
2026-08-23 19:40:00,628855.94,439903595.7082
2026-08-23 19:45:00,629214.41,440525592.7292
2026-08-23 19:50:00,629089.07,440245080.73922426
2026-08-23 19:55:00,628965.16,440275204.5312107
2026-08-23 20:00:00,629241.06,440021980.8474
2026-08-23 20:05:00,629321.29,439574627.8521
2026-08-23 20:10:00,629381.42,440132179.004617
2026-08-23 20:15:00,629239.71,439973146.6174665
2026-08-23 20:20:00,629206.21,440397755.2868794
2026-08-23 20:25:00,629166.49,440520151.4950739
2026-08-23 20:30:00,629145.73,440361360.7745053
2026-08-23 20:35:00,629119.39,440515688.0719
2026-08-23 20:40:00,629151.47,440619940.4998
2026-08-23 20:45:00,629668.07,440925066.0175
2026-08-23 20:50:00,629642.8,440957742.124
2026-08-23 20:55:00,629360.38,440690725.2836
2026-08-23 21:00:00,629424.7,440912002.35
2026-08-23 21:05:00,630174.98,443278388.2047159
2026-08-23 21:10:00,630383.95,443792150.08805186
2026-08-23 21:15:00,630500.65,444066926.55977327
2026-08-23 21:20:00,631334.21,445611068.2295738
2026-08-23 21:25:00,631995.32,445462864.9747839
2026-08-23 21:30:00,632168.36,446778666.7464
2026-08-23 21:35:00,632441.95,446775966.7385
2026-08-23 21:40:00,632534.48,445165116.3344
2026-08-23 21:45:00,633448.75,446306451.41606164
2026-08-23 21:50:00,633699.64,447170008.06673115
2026-08-23 21:55:00,633620.18,446768639.6154168
2026-08-23 22:00:00,633295.49,445694366.9973
2026-08-23 22:05:00,632055.98,443479649.2431371
2026-08-23 22:10:00,632283.15,444455589.55509084
2026-08-23 22:15:00,632454.96,444489345.888
2026-08-23 22:20:00,632616.25,445064510.3625
2026-08-23 22:25:00,632462.49,444745352.37706393
2026-08-23 22:30:00,632493.1,444845047.092
2026-08-23 22:35:00,632835.84,445275953.7408
2026-08-23 22:40:00,632792.34,445466823.5898
2026-08-23 22:45:00,632653.45,445524850.43979335
2026-08-23 22:50:00,632831.44,446152493.5144
2026-08-23 22:55:00,632706.9,445461085.05482394
2026-08-23 23:00:00,632505.47,444999497.3945694
2026-08-23 23:05:00,632392.63,444078592.4661947
2026-08-23 23:10:00,632286.43,444149602.7535
2026-08-23 23:15:00,632017.44,443454751.7677354
2026-08-23 23:20:00,632048.58,444625824.3627868
2026-08-23 23:25:00,632012.68,443727170.55711687
2026-08-23 23:30:00,631888.1,444583829.398
2026-08-23 23:35:00,631737.88,444164758.0019292
2026-08-23 23:40:00,631732.03,443400053.4632757
2026-08-23 23:45:00,631706.08,442825962.08
2026-08-23 23:50:00,632323.86,443916642.6744
2026-08-23 23:55:00,632328.26,443992563.73789597
2026-08-24 00:00:00,632316.46,444400273.2482046
2026-08-24 00:05:00,632390.68,443771898.74525154
2026-08-24 00:10:00,632459.19,444498643.3239
2026-08-24 00:15:00,632448.9,443892592.75790036
2026-08-24 00:20:00,632875.33,444113934.0742
2026-08-24 00:25:00,632924.24,444002683.6024
2026-08-24 00:30:00,632546.95,443169945.995649
2026-08-24 00:35:00,632624.38,443767023.8386
2026-08-24 00:40:00,632210.65,443917657.8744675
2026-08-24 00:45:00,631826.47,442402788.2963285
2026-08-24 00:50:00,631863.16,443353877.9933626
2026-08-24 00:55:00,631286.21,444239982.47835255
2026-08-24 01:00:00,631790.8,445639958.688
2026-08-24 01:05:00,632033.58,445052765.6928
2026-08-24 01:10:00,631976.74,444006068.939847
2026-08-24 01:15:00,632160.48,443820908.1936
2026-08-24 01:20:00,631955.26,443166046.2535199
2026-08-24 01:25:00,632429.13,442227596.6585777
2026-08-24 01:30:00,632560.05,442340383.4617773
2026-08-24 01:35:00,632483.31,443086182.8205
2026-08-24 01:40:00,631716.65,440963490.366
2026-08-24 01:45:00,630043.65,438742016.4015539
2026-08-24 01:50:00,629883.94,438844132.66701037
2026-08-24 01:55:00,629742.51,439132047.0732
2026-08-24 02:00:00,629759.5,438039110.28936535
2026-08-24 02:05:00,630513.59,439121498.55583584
2026-08-24 02:10:00,630101.79,439237656.7911
2026-08-24 02:15:00,631613.66,441845335.853
2026-08-24 02:20:00,631498.35,442869792.855
2026-08-24 02:25:00,631540.77,442895709.5021527
2026-08-24 02:30:00,631443.89,442827176.4705142
2026-08-24 02:35:00,631288.46,443252879.3044
2026-08-24 02:40:00,631243.2,442455562.5991123
2026-08-24 02:45:00,631215.74,442914832.5365505
2026-08-24 02:50:00,631315.9,441818851.16129637
2026-08-24 02:55:00,631378.87,442205132.9706
2026-08-24 03:00:00,631376.05,442322546.26108694
2026-08-24 03:05:00,631464.23,441601879.9659
2026-08-24 03:10:00,631394.89,440724452.1209286
2026-08-24 03:15:00,631487.99,440424983.7456
2026-08-24 03:20:00,631703.71,440837688.8768658
2026-08-24 03:25:00,631577.24,441267845.08164805
2026-08-24 03:30:00,631623.1,440456052.554
2026-08-24 03:35:00,631409.49,440540715.2679
2026-08-24 03:40:00,631239.07,440294967.7818312
2026-08-24 03:45:00,631279.96,440100467.7672371
2026-08-24 03:50:00,631304.91,440410931.3142
2026-08-24 03:55:00,630950.9,439583492.03
2026-08-24 04:00:00,630887.44,439219566.35497165
2026-08-24 04:05:00,631631.14,440227955.6458
2026-08-24 04:10:00,631483.38,439922896.677
2026-08-24 04:15:00,631607.49,440224104.4551
2026-08-24 04:20:00,631573.9,440636374.7338823
2026-08-24 04:25:00,631654.33,440648169.03383136
2026-08-24 04:30:00,631757.58,441276352.0542
2026-08-24 04:35:00,631865.19,441257907.0937117
2026-08-24 04:40:00,631886.84,440993825.636
2026-08-24 04:45:00,631976.01,441110559.0596198
2026-08-24 04:50:00,631810.86,440346896.9856
2026-08-24 04:55:00,631782.79,439996206.1528921
2026-08-24 05:00:00,631808.37,440344166.8992831
2026-08-24 05:05:00,631883.79,440389422.8451677
2026-08-24 05:10:00,631824.7,441304279.962
2026-08-24 05:15:00,631713.04,442458130.3464
2026-08-24 05:20:00,631563.24,441490547.231751
2026-08-24 05:25:00,631366.34,440711918.1743411
2026-08-24 05:30:00,631280.95,440558349.386
2026-08-24 05:35:00,631269.64,440045440.6512
2026-08-24 05:40:00,632126.66,441003164.349
2026-08-24 05:45:00,632090.94,441920059.7916
2026-08-24 05:50:00,632137.13,441674212.731
2026-08-24 05:55:00,632210.41,442205893.3786
2026-08-24 06:00:00,632153.64,442261008.0804
2026-08-24 06:05:00,632788.8,441958681.584
2026-08-24 06:10:00,632904.86,442816823.19107246
2026-08-24 06:15:00,632933.39,443420474.3662
2026-08-24 06:20:00,632980.77,443067702.27718097
2026-08-24 06:25:00,633064.92,443263095.10175043
2026-08-24 06:30:00,633065.37,442816565.0076
2026-08-24 06:35:00,633037.85,441911062.328
2026-08-24 06:40:00,633084.15,441381265.4638859
2026-08-24 06:45:00,633174.93,441778812.1596
2026-08-24 06:50:00,633408.11,443795097.80129415
2026-08-24 06:55:00,633366.05,443533259.4619053
2026-08-24 07:00:00,633256.71,443281244.0841379
2026-08-24 07:05:00,633369.92,443560824.7209901
2026-08-24 07:10:00,633860.91,444216064.3371
2026-08-24 07:15:00,633121.18,445521043.1542
2026-08-24 07:20:00,632880.92,444010267.0444
2026-08-24 07:25:00,632906.99,443661957.59392995
2026-08-24 07:30:00,633142.42,443535259.4826
2026-08-24 07:35:00,632963.49,443182046.7933
2026-08-24 07:40:00,632779.4,442635518.094
2026-08-24 07:45:00,633107.02,442617779.8224
2026-08-24 07:50:00,633313.93,443389033.8846595
2026-08-24 07:55:00,633242.77,442738015.0732
2026-08-24 08:00:00,633198.08,442568028.340423
2026-08-24 08:05:00,633281.35,441675744.744
2026-08-24 08:10:00,633396.28,441850910.9652
2026-08-24 08:15:00,633285.17,441045123.7948
2026-08-24 08:20:00,633038.17,440518601.7396
2026-08-24 08:25:00,632527.02,439201461.6072
2026-08-24 08:30:00,632616.02,439045609.48462194
2026-08-24 08:35:00,632567.18,439507676.664
2026-08-24 08:40:00,632482.14,440131671.5832
2026-08-24 08:45:00,632385.14,440065368.73932034
2026-08-24 08:50:00,632255.39,440188847.6258
2026-08-24 08:55:00,632216.09,440117475.8538922
2026-08-24 09:00:00,632507.08,440433559.8557098
2026-08-24 09:05:00,632411.52,441056442.2784
2026-08-24 09:10:00,632494.06,441752826.3258
2026-08-24 09:15:00,632453.58,441901640.8818
2026-08-24 09:20:00,631761.05,440833886.46742624
2026-08-24 09:25:00,631776.59,440812614.3654097
2026-08-24 09:30:00,632286.0,441774628.91826785
2026-08-24 09:35:00,632138.5,441965953.66
2026-08-24 09:40:00,632361.86,442168632.3943732
2026-08-24 09:45:00,632286.4,441681162.1999803
2026-08-24 09:50:00,632374.75,442099511.4725
2026-08-24 09:55:00,633297.02,443467426.1935501
2026-08-24 10:00:00,633531.59,443548136.7908
2026-08-24 10:05:00,633248.51,443915364.91071886
2026-08-24 10:10:00,633466.99,443937837.2373074
2026-08-24 10:15:00,633446.89,444910820.09106207
2026-08-24 10:20:00,633727.76,444921248.4632
2026-08-24 10:25:00,633808.77,444585161.7165
2026-08-24 10:30:00,634111.46,444632319.8199589
2026-08-24 10:35:00,634278.65,445460238.6815
2026-08-24 10:40:00,634350.29,444939636.9089
2026-08-24 10:45:00,634085.75,443839607.92075515
2026-08-24 10:50:00,633909.84,444167946.6912
2026-08-24 10:55:00,633894.23,443656232.6347
2026-08-24 11:00:00,633946.49,443693450.3448559
2026-08-24 11:05:00,633747.8,443465023.05
2026-08-24 11:10:00,633746.98,443806672.6242
2026-08-24 11:15:00,633799.65,444173132.7165
2026-08-24 11:20:00,633718.48,444046538.936
2026-08-24 11:25:00,633615.93,444232497.4188882
2026-08-24 11:30:00,633621.23,444707060.2755
2026-08-24 11:35:00,633853.1,445985379.691
2026-08-24 11:40:00,634103.6,447372771.872
2026-08-24 11:45:00,635237.35,449388221.6197879
2026-08-24 11:50:00,634357.09,446171609.9601974
2026-08-24 11:55:00,634019.27,445687260.4967628
2026-08-24 12:00:00,634328.84,446732428.8584
2026-08-24 12:05:00,634194.73,445515047.2850613
2026-08-24 12:10:00,634026.37,445422545.7161
2026-08-24 12:15:00,634310.16,445583858.0952
2026-08-24 12:20:00,634330.52,445585473.774
2026-08-24 12:25:00,634661.9,446605232.411
2026-08-24 12:30:00,634887.67,446929175.2965
2026-08-24 12:35:00,635673.26,447545295.92015326
2026-08-24 12:40:00,635633.82,447925381.278144
2026-08-24 12:45:00,635581.48,447603041.9435403
2026-08-24 12:50:00,635789.88,448560080.64027965
2026-08-24 12:55:00,636022.85,449553833.97050077
2026-08-24 13:00:00,637332.93,449905974.5991219
2026-08-24 13:05:00,637407.01,449222726.5413692
2026-08-24 13:10:00,637609.48,450745269.6964
2026-08-24 13:15:00,638867.82,451875932.26134795
2026-08-24 13:20:00,638857.85,451148636.513
2026-08-24 13:25:00,638963.96,451201768.4358902
2026-08-24 13:30:00,638783.8,450426565.04200774
2026-08-24 13:35:00,637989.04,447370674.6288
2026-08-24 13:40:00,637618.27,446575083.9426
2026-08-24 13:45:00,638550.47,446644314.99111235
2026-08-24 13:50:00,638377.77,446363743.59174454
2026-08-24 13:55:00,637810.79,446001951.1233
2026-08-24 14:00:00,638050.91,446686681.0728
2026-08-24 14:05:00,638887.33,447764185.2305
2026-08-24 14:10:00,638862.86,448955676.2398607
2026-08-24 14:15:00,638739.88,450254128.8108
2026-08-24 14:20:00,638239.81,449844182.8842
2026-08-24 14:25:00,637009.0,447950665.2716036
2026-08-24 14:30:00,637241.93,450045740.6432
2026-08-24 14:35:00,636258.86,450087797.57178634
2026-08-24 14:40:00,637010.76,451316142.3430206
2026-08-24 14:45:00,636671.73,451043720.4012
2026-08-24 14:50:00,636224.0,450575141.9562758
2026-08-24 14:55:00,635897.14,449941739.3498
2026-08-24 15:00:00,635602.2,449588480.45690835
2026-08-24 15:05:00,635571.58,449965611.4926
2026-08-24 15:10:00,635714.76,450677264.8068
2026-08-24 15:15:00,636135.29,451595068.8845535
2026-08-24 15:20:00,636808.18,453502945.387
2026-08-24 15:25:00,638300.24,456218324.28296465
2026-08-24 15:30:00,639013.91,457152059.491312
2026-08-24 15:35:00,639188.79,455850599.1026211
2026-08-24 15:40:00,638404.61,453988770.5069035
2026-08-24 15:45:00,637850.55,452271010.78252536
2026-08-24 15:50:00,638146.85,452733282.7325
2026-08-24 15:55:00,637455.31,450659865.10410815
2026-08-24 16:00:00,636668.22,449635006.508775
2026-08-24 16:05:00,636373.3,450832300.652
2026-08-24 16:10:00,636570.33,451870240.7904017
2026-08-24 16:15:00,637030.1,452463369.127
2026-08-24 16:20:00,637092.35,453637100.7713792
2026-08-24 16:25:00,636895.63,453699434.95252854
2026-08-24 16:30:00,636633.44,452519049.152
2026-08-24 16:35:00,636827.28,451970056.05703
2026-08-24 16:40:00,636984.73,451724091.1268
2026-08-24 16:45:00,636856.78,450832602.14330703
2026-08-24 16:50:00,637443.73,451110030.6830062
2026-08-24 16:55:00,636769.92,449068346.2199733
2026-08-24 17:00:00,636548.17,448853188.8061321
2026-08-24 17:05:00,635746.65,447260483.208
2026-08-24 17:10:00,635850.44,449125490.21786517
2026-08-24 17:15:00,635793.93,448101203.9247
2026-08-24 17:20:00,635330.33,446878647.5154
2026-08-24 17:25:00,635516.8,444626618.784
2026-08-24 17:30:00,636030.6,444763477.968
2026-08-24 17:35:00,635985.23,445278698.9322
2026-08-24 17:40:00,635877.18,446512955.796
2026-08-24 17:45:00,635633.46,445254882.3954
2026-08-24 17:50:00,635973.33,446589838.5977786
2026-08-24 17:55:00,636172.06,446639348.83813894
2026-08-24 18:00:00,636165.65,447218090.2935
2026-08-24 18:05:00,636137.86,448259858.91594297
2026-08-24 18:10:00,636152.62,447902336.6896
2026-08-24 18:15:00,636249.57,448491550.9303085
2026-08-24 18:20:00,636094.39,448656456.0987
2026-08-24 18:25:00,636141.65,447888251.5155
2026-08-24 18:30:00,636321.72,448257132.08447325
2026-08-24 18:35:00,635497.66,447314092.9208
2026-08-24 18:40:00,635464.52,446509144.978
2026-08-24 18:45:00,635605.59,447695153.3724
2026-08-24 18:50:00,635241.36,447313617.81601524
2026-08-24 18:55:00,635308.96,446685729.776
2026-08-24 19:00:00,635313.83,446796484.46487284
2026-08-24 19:05:00,635422.5,446613058.35
2026-08-24 19:10:00,635161.11,446124460.4418
2026-08-24 19:15:00,635685.73,447529110.7773
2026-08-24 19:20:00,635071.62,445540845.7272
2026-08-24 19:25:00,635547.32,446116085.8008
2026-08-24 19:30:00,635673.61,447339982.2991347
2026-08-24 19:35:00,635731.77,447106404.91168034
2026-08-24 19:40:00,635721.56,447401762.2812
2026-08-24 19:45:00,635669.45,446958260.3785
2026-08-24 19:50:00,635550.34,446544024.3874
2026-08-24 19:55:00,635561.44,446426602.2660877
2026-08-24 20:00:00,635674.78,446775848.0258862
2026-08-24 20:05:00,635528.68,445785237.2992
2026-08-24 20:10:00,635469.54,446970210.3498
2026-08-24 20:15:00,636088.11,447093348.52947664
2026-08-24 20:20:00,635579.21,446411806.14003295
2026-08-24 20:25:00,635193.3,445765236.0705495
2026-08-24 20:30:00,635070.01,445673375.54572976
2026-08-24 20:35:00,635190.19,446449776.9434
2026-08-24 20:40:00,635261.6,447344675.63986707
2026-08-24 20:45:00,634441.61,446184313.96032965
2026-08-24 20:50:00,634435.09,446204543.1479
2026-08-24 20:55:00,634512.21,446182640.9499
2026-08-24 21:00:00,634892.92,446615094.98203844
2026-08-24 21:05:00,634382.07,447430095.0547866
2026-08-24 21:10:00,634009.05,446665715.8155
2026-08-24 21:15:00,634104.96,447479874.2718649
2026-08-24 21:20:00,634139.75,446706783.10517675
2026-08-24 21:25:00,633952.79,446907850.9684085
2026-08-24 21:30:00,633847.65,446780193.0555
2026-08-24 21:35:00,633820.02,446550996.2516395
2026-08-24 21:40:00,633816.64,446688615.2064
2026-08-24 21:45:00,633715.99,446839481.7089
2026-08-24 21:50:00,633638.64,446746923.132
2026-08-24 21:55:00,633464.5,445886503.2179873
2026-08-24 22:00:00,633546.68,446282952.3256
2026-08-24 22:05:00,633100.37,445306637.45879406
2026-08-24 22:10:00,633109.13,445328962.042
2026-08-24 22:15:00,633187.24,445117965.9752
2026-08-24 22:20:00,633164.63,444804484.2213
2026-08-24 22:25:00,633017.53,444688484.6497
2026-08-24 22:30:00,633011.32,444746973.7858111
2026-08-24 22:35:00,633094.65,445288676.7047225
2026-08-24 22:40:00,633097.86,445238732.0022
2026-08-24 22:45:00,632793.82,444190130.1077492
2026-08-24 22:50:00,632798.32,444661051.4808
2026-08-24 22:55:00,632721.68,444491591.1972063
2026-08-24 23:00:00,632706.95,444012817.7316947
2026-08-24 23:05:00,632782.73,443983687.20156246
2026-08-24 23:10:00,632680.7,444008988.453
2026-08-24 23:15:00,632695.73,443920350.32375157
2026-08-24 23:20:00,632664.86,444058356.5935177
2026-08-24 23:25:00,632646.94,444769573.029165
2026-08-24 23:30:00,632647.12,444662354.7632
2026-08-24 23:35:00,632569.31,444589469.0224847
2026-08-24 23:40:00,632528.25,445452984.8087153
2026-08-24 23:45:00,632456.18,445489484.0684
2026-08-24 23:50:00,632480.95,445297084.56473327
2026-08-24 23:55:00,632614.19,445153609.0638834
2026-08-25 00:00:00,632791.62,445884193.39045066
2026-08-25 00:05:00,632767.39,446132648.3195
2026-08-25 00:10:00,632949.59,446640028.20815456
2026-08-25 00:15:00,633120.64,447445349.9072
2026-08-25 00:20:00,633225.3,446720226.42249346
2026-08-25 00:25:00,633197.39,447852486.5744243
2026-08-25 00:30:00,633187.88,447594180.4932
2026-08-25 00:35:00,633113.74,447214778.53904754
2026-08-25 00:40:00,633284.78,447882351.806698
2026-08-25 00:45:00,633412.86,449499347.5404426
2026-08-25 00:50:00,632992.43,449684152.1963
2026-08-25 00:55:00,633024.26,450423285.0166759
2026-08-25 01:00:00,633101.38,449701145.87160736
2026-08-25 01:05:00,632891.12,450901011.9026765
2026-08-25 01:10:00,631950.33,449518908.7356
2026-08-25 01:15:00,631808.8,448514749.032
2026-08-25 01:20:00,631690.28,448620119.9532
2026-08-25 01:25:00,631910.92,448536690.1252
2026-08-25 01:30:00,631754.39,448772610.1565691
2026-08-25 01:35:00,631667.57,448130240.8608
2026-08-25 01:40:00,631753.9,449005817.4477966
2026-08-25 01:45:00,631514.08,448486863.6525062
2026-08-25 01:50:00,631439.49,448940848.6002
2026-08-25 01:55:00,631922.57,448643467.0849126
2026-08-25 02:00:00,632150.98,449395615.7456562
2026-08-25 02:05:00,632575.84,449299641.8768
2026-08-25 02:10:00,633796.51,449500957.40521014
2026-08-25 02:15:00,633987.01,449694911.8991872
2026-08-25 02:20:00,634795.55,454153439.31119037
2026-08-25 02:25:00,634458.82,454266170.5318
2026-08-25 02:30:00,635568.96,457164752.928
2026-08-25 02:35:00,635778.83,457010538.5806
2026-08-25 02:40:00,635218.13,455572090.6547
2026-08-25 02:45:00,634859.22,454521109.9668
2026-08-25 02:50:00,634452.4,453355373.8328113
2026-08-25 02:55:00,633920.56,452561208.9005022
2026-08-25 03:00:00,634459.35,453465197.13961744
2026-08-25 03:05:00,634661.76,454633605.1584
2026-08-25 03:10:00,634566.12,455109245.3824976
2026-08-25 03:15:00,634475.69,455124419.07505417
2026-08-25 03:20:00,634674.4,455260712.58275145
2026-08-25 03:25:00,634636.88,454539626.1936
2026-08-25 03:30:00,634564.28,454740890.19326377
2026-08-25 03:35:00,634862.74,455285465.3636
2026-08-25 03:40:00,634966.48,455550351.4112
2026-08-25 03:45:00,634960.79,454591450.55336124
2026-08-25 03:50:00,635230.52,454531569.3912271
2026-08-25 03:55:00,635168.37,455024649.5727749
2026-08-25 04:00:00,634946.88,454558471.392
2026-08-25 04:05:00,635088.1,455148184.53314376
2026-08-25 04:10:00,634738.89,454554624.81463647
2026-08-25 04:15:00,634711.56,454923163.5144
2026-08-25 04:20:00,635106.99,454418908.69997007
2026-08-25 04:25:00,634868.43,455123482.2756886
2026-08-25 04:30:00,634661.01,453951445.81835914
2026-08-25 04:35:00,634866.05,454097694.94143826
2026-08-25 04:40:00,634893.23,453823469.7045606
2026-08-25 04:45:00,634988.84,453662871.3158634
2026-08-25 04:50:00,634861.56,453786345.8568
2026-08-25 04:55:00,634878.82,453696134.2153386
2026-08-25 05:00:00,634894.41,453841571.1003
2026-08-25 05:05:00,634992.1,454800106.0111553
2026-08-25 05:10:00,635109.62,455226057.415306
2026-08-25 05:15:00,635053.29,455079187.614
2026-08-25 05:20:00,635260.6,455596197.108
2026-08-25 05:25:00,635278.75,455575055.0755515
2026-08-25 05:30:00,635342.0,456359805.18
2026-08-25 05:35:00,635429.09,456435069.6379
2026-08-25 05:40:00,634682.67,455460977.6454
2026-08-25 05:45:00,634571.93,455064222.4416
2026-08-25 05:50:00,634436.16,455252355.3312
2026-08-25 05:55:00,634394.16,455053519.30886066
2026-08-25 06:00:00,634409.93,454790615.6858482
2026-08-25 06:05:00,634420.68,454917692.8008
2026-08-25 06:10:00,634419.64,455272222.0568
2026-08-25 06:15:00,635078.75,455561039.7375
2026-08-25 06:20:00,634997.61,455489229.5256104
2026-08-25 06:25:00,635070.61,455147777.3832507
2026-08-25 06:30:00,634899.48,454791195.5136
2026-08-25 06:35:00,634517.3,454066925.053
2026-08-25 06:40:00,634263.06,453149103.59032995
2026-08-25 06:45:00,634026.37,452473876.6092903
2026-08-25 06:50:00,634021.33,452652637.1157155
2026-08-25 06:55:00,634560.78,452036357.4237885
2026-08-25 07:00:00,635521.2,453444376.2
2026-08-25 07:05:00,635856.11,454923253.8995
2026-08-25 07:10:00,635953.42,454687616.6974
2026-08-25 07:15:00,635969.24,454102177.4564816
2026-08-25 07:20:00,636400.33,453613649.05382705
2026-08-25 07:25:00,636408.27,453717661.45037156
2026-08-25 07:30:00,636360.77,453289048.1392376
2026-08-25 07:35:00,636680.08,452997876.92
2026-08-25 07:40:00,637637.88,452481033.2110428
2026-08-25 07:45:00,637981.08,453260038.0968
2026-08-25 07:50:00,637391.02,450076225.6116512
2026-08-25 07:55:00,636075.63,449521008.4773
2026-08-25 08:00:00,636454.91,449808143.0934
2026-08-25 08:05:00,636095.21,449736089.2280562
2026-08-25 08:10:00,635943.66,449332352.4096
2026-08-25 08:15:00,635901.4,449525058.674
2026-08-25 08:20:00,636809.25,450363756.1343238
2026-08-25 08:25:00,636981.3,451233498.788818
2026-08-25 08:30:00,636933.34,451083527.76455146
2026-08-25 08:35:00,637201.71,451228018.9194
2026-08-25 08:40:00,637020.46,450500869.312
2026-08-25 08:45:00,636598.07,450009598.65133315
2026-08-25 08:50:00,636579.06,449265671.595
2026-08-25 08:55:00,635353.28,447782022.68094546
2026-08-25 09:00:00,635448.97,447813598.1384
2026-08-25 09:05:00,635619.49,446984047.798845
2026-08-25 09:10:00,635596.02,447249851.3934
2026-08-25 09:15:00,636041.54,447399756.8977523
2026-08-25 09:20:00,636255.61,447567190.56759423
2026-08-25 09:25:00,636085.45,447748124.19809175
2026-08-25 09:30:00,635904.03,446964224.6064
2026-08-25 09:35:00,635765.43,447389837.9595771
2026-08-25 09:40:00,635383.46,447009781.87343794
2026-08-25 09:45:00,634955.36,446373618.08
2026-08-25 09:50:00,635017.32,445507638.9189667
2026-08-25 09:55:00,633915.57,443246444.8554
2026-08-25 10:00:00,633632.5,443147412.5595816
2026-08-25 10:05:00,632668.68,442367063.0973465
2026-08-25 10:10:00,633051.91,442766400.2654377
2026-08-25 10:15:00,632803.5,443180419.38705623
2026-08-25 10:20:00,632869.18,443166762.93258977
2026-08-25 10:25:00,632791.39,442697784.9125604
2026-08-25 10:30:00,633252.72,443017270.3848
2026-08-25 10:35:00,633277.69,443049327.0913213
2026-08-25 10:40:00,633467.29,443427103.0
2026-08-25 10:45:00,633653.62,443453163.27742344
2026-08-25 10:50:00,632692.86,443055829.0722
2026-08-25 10:55:00,632879.97,443315056.5748894
2026-08-25 11:00:00,632999.03,442999019.2526412
2026-08-25 11:05:00,633123.54,442812935.1114
2026-08-25 11:10:00,633227.41,443038165.8177278
2026-08-25 11:15:00,633203.8,442203749.1077515
2026-08-25 11:20:00,633579.97,442764690.4351
2026-08-25 11:25:00,633685.8,443196196.29090226
2026-08-25 11:30:00,633807.08,442832245.78848034
2026-08-25 11:35:00,633931.05,443238250.8495
2026-08-25 11:40:00,634212.29,443315511.4645904
2026-08-25 11:45:00,634349.25,442917332.1821737
2026-08-25 11:50:00,633197.59,442160242.9279958
2026-08-25 11:55:00,633308.96,441729865.8162725
2026-08-25 12:00:00,633058.85,441349189.24227065
2026-08-25 12:05:00,633003.47,440755244.9866308
2026-08-25 12:10:00,631990.53,438797344.8843
2026-08-25 12:15:00,631427.33,439928049.3576
2026-08-25 12:20:00,629625.45,437425985.133
2026-08-25 12:25:00,629308.32,437526609.48
2026-08-25 12:30:00,629251.29,437801585.0175
2026-08-25 12:35:00,629035.11,437946824.2842
2026-08-25 12:40:00,629141.45,437662249.6925
2026-08-25 12:45:00,629580.1,438379683.55927265
2026-08-25 12:50:00,629863.79,439246750.0147675
2026-08-25 12:55:00,630179.24,440104577.6312
2026-08-25 13:00:00,630331.6,439927333.588
2026-08-25 13:05:00,630485.54,440245629.79880494
2026-08-25 13:10:00,630375.85,439743889.2015
2026-08-25 13:15:00,630229.91,438833080.23859024
2026-08-25 13:20:00,631351.08,439048953.6745222
2026-08-25 13:25:00,631399.09,438827314.5050442
2026-08-25 13:30:00,631254.17,438494396.6488
2026-08-25 13:35:00,631478.27,440339464.71292937
2026-08-25 13:40:00,631719.48,440190623.19679624
2026-08-25 13:45:00,631723.8,438760348.25806236
2026-08-25 13:50:00,632317.81,438236040.74808985
2026-08-25 13:55:00,631960.06,437432158.2097064
2026-08-25 14:00:00,631967.29,438958159.9611
2026-08-25 14:05:00,632448.87,439779646.2432
2026-08-25 14:10:00,632725.63,440551866.55715346
2026-08-25 14:15:00,632628.9,440760767.2538963
2026-08-25 14:20:00,632471.91,439925994.625869
2026-08-25 14:25:00,631434.72,440384974.6766141
2026-08-25 14:30:00,631345.35,440735945.81438726
2026-08-25 14:35:00,631649.61,441342400.9798382
2026-08-25 14:40:00,631596.94,440861133.13165456
2026-08-25 14:45:00,631468.82,440787204.1120096
2026-08-25 14:50:00,631910.47,441275719.4104
2026-08-25 14:55:00,632396.52,441808425.2894831
2026-08-25 15:00:00,631497.04,441151202.2032
2026-08-25 15:05:00,631377.58,440553902.70675623
2026-08-25 15:10:00,631492.48,441184838.20291334
2026-08-25 15:15:00,631661.53,440274403.0253
2026-08-25 15:20:00,631870.39,441477788.2202592
2026-08-25 15:25:00,632227.55,441693133.2565
2026-08-25 15:30:00,632254.62,441876431.3718
2026-08-25 15:35:00,632341.68,441680620.21209276
2026-08-25 15:40:00,632297.04,442076849.33572793
2026-08-25 15:45:00,632688.59,442363208.3562
2026-08-25 15:50:00,632477.52,442025889.1776
2026-08-25 15:55:00,632376.64,442088185.2576
2026-08-25 16:00:00,631648.59,442395088.17140454
2026-08-25 16:05:00,631594.57,442102223.58694667
2026-08-25 16:10:00,631916.68,441791908.4884
2026-08-25 16:15:00,631813.27,441321569.095
2026-08-25 16:20:00,631732.29,441535932.9768406
2026-08-25 16:25:00,631700.3,441071770.24766815
2026-08-25 16:30:00,631510.63,441124320.1163539
2026-08-25 16:35:00,631629.89,441869322.1473
2026-08-25 16:40:00,631634.37,441746129.3469
2026-08-25 16:45:00,631523.59,441788348.6461688
2026-08-25 16:50:00,631492.37,442044659.0
2026-08-25 16:55:00,631450.06,441453232.5212192
2026-08-25 17:00:00,631610.09,441470188.5064
2026-08-25 17:05:00,631510.4,440934611.51491565
2026-08-25 17:10:00,631326.56,440798517.4576
2026-08-25 17:15:00,631234.55,441188764.0315
2026-08-25 17:20:00,631254.54,441448924.9128
2026-08-25 17:25:00,631295.15,440334623.714469
2026-08-25 17:30:00,631174.94,440086726.915
2026-08-25 17:35:00,631118.37,441177971.9669031
2026-08-25 17:40:00,631204.64,441205731.3136
2026-08-25 17:45:00,631179.97,441630457.59171814
2026-08-25 17:50:00,631030.46,442068388.753
2026-08-25 17:55:00,631379.28,442312754.604
2026-08-25 18:00:00,630931.83,441955128.2784
2026-08-25 18:05:00,630734.22,442043770.7448
2026-08-25 18:10:00,630744.19,441880457.1883
2026-08-25 18:15:00,630759.68,442236403.2585968
2026-08-25 18:20:00,630584.38,442378080.9683943
2026-08-25 18:25:00,630416.98,441976038.54449546
2026-08-25 18:30:00,630346.29,441902020.5861168
2026-08-25 18:35:00,630304.21,441426215.70509976
2026-08-25 18:40:00,630279.99,441536344.1946
2026-08-25 18:45:00,630274.75,441553319.5460039
2026-08-25 18:50:00,630320.11,441325829.08370763
2026-08-25 18:55:00,630356.34,441085545.3516
2026-08-25 19:00:00,630307.27,441215089.0
2026-08-25 19:05:00,630143.97,440576393.40318453
2026-08-25 19:10:00,630449.52,441122222.7451879
2026-08-25 19:15:00,630520.33,441402062.2198
2026-08-25 19:20:00,630382.63,441538905.5309
2026-08-25 19:25:00,630396.28,441226964.2976
2026-08-25 19:30:00,630345.24,440428522.6404
2026-08-25 19:35:00,630246.53,440054277.08014005
2026-08-25 19:40:00,630230.78,439985294.6289666
2026-08-25 19:45:00,630184.15,439430964.76230335
2026-08-25 19:50:00,629776.64,439174739.904
2026-08-25 19:55:00,629788.26,439749652.545
2026-08-25 20:00:00,629805.26,439879914.1734937
2026-08-25 20:05:00,629906.09,439233516.557
2026-08-25 20:10:00,630125.3,439560701.9160504
2026-08-25 20:15:00,630051.04,439492102.952
2026-08-25 20:20:00,630015.42,439906135.5279306
2026-08-25 20:25:00,629939.84,439534223.9616
2026-08-25 20:30:00,629898.83,438905325.4384036
2026-08-25 20:35:00,629734.12,438624346.19230896
2026-08-25 20:40:00,629707.26,437778987.8278484
2026-08-25 20:45:00,629281.19,437236883.2144929
2026-08-25 20:50:00,628723.03,435595297.0782206
2026-08-25 20:55:00,628634.25,435857270.895
2026-08-25 21:00:00,628421.31,435288588.7977
2026-08-25 21:05:00,628289.29,435540481.5221793
2026-08-25 21:10:00,627322.37,432689331.4838
2026-08-25 21:15:00,626916.76,434091806.46554315
2026-08-25 21:20:00,626591.13,433888438.3949302
2026-08-25 21:25:00,626301.96,432743339.262
2026-08-25 21:30:00,626010.03,433357429.2404995
2026-08-25 21:35:00,625459.2,433218060.288
2026-08-25 21:40:00,624512.23,433052500.33523524
2026-08-25 21:45:00,623785.32,432414414.7948972
2026-08-25 21:50:00,623750.62,432514712.9175592
2026-08-25 21:55:00,623786.15,432432996.8882026
2026-08-25 22:00:00,623788.13,432371713.72684216
2026-08-25 22:05:00,623856.01,433498825.6687
2026-08-25 22:10:00,623887.97,433969357.3319509
2026-08-25 22:15:00,623781.88,434245755.762
2026-08-25 22:20:00,623661.8,434735930.926
2026-08-25 22:25:00,623555.08,434555535.252
2026-08-25 22:30:00,623470.6,433706890.7180632
2026-08-25 22:35:00,623527.08,434536022.052
2026-08-25 22:40:00,623491.45,434162036.293
2026-08-25 22:45:00,623561.53,434341783.7215
2026-08-25 22:50:00,623639.35,434857482.3615
2026-08-25 22:55:00,623525.33,434815388.8755
2026-08-25 23:00:00,623448.74,434807193.0748123
2026-08-25 23:05:00,623476.86,434912374.30128044
2026-08-25 23:10:00,623392.71,434535888.5055
2026-08-25 23:15:00,623353.28,434539038.8824905
2026-08-25 23:20:00,623321.56,434166005.7354117
2026-08-25 23:25:00,623005.87,433400263.5242
2026-08-25 23:30:00,622991.47,433795190.4757
2026-08-25 23:35:00,622942.1,433449342.601
2026-08-25 23:40:00,622926.92,433195838.7064
2026-08-25 23:45:00,623035.09,432821751.70423925
2026-08-25 23:50:00,623081.91,432502606.142082
2026-08-25 23:55:00,622947.55,432133591.3363212
2026-08-26 00:00:00,622884.67,432680855.89910644
2026-08-26 00:05:00,622719.6,432701747.1849398
2026-08-26 00:10:00,622740.4,431714220.3328356
2026-08-26 00:15:00,624243.03,432049293.534588
2026-08-26 00:20:00,624123.17,432575409.9699253
2026-08-26 00:25:00,624046.68,432722402.51444596
2026-08-26 00:30:00,624145.72,433163371.1372
2026-08-26 00:35:00,624137.06,433076223.1928
2026-08-26 00:40:00,624103.49,432316487.523
2026-08-26 00:45:00,624332.48,432470761.09455585
2026-08-26 00:50:00,624455.4,433134754.548
2026-08-26 00:55:00,624371.68,433800955.8304
2026-08-26 01:00:00,624096.65,433089063.0121177
2026-08-26 01:05:00,624513.69,434536625.502
2026-08-26 01:10:00,624424.09,434459606.39473265
2026-08-26 01:15:00,624375.7,434053499.126
2026-08-26 01:20:00,624370.86,434628754.6336891
2026-08-26 01:25:00,624367.53,434516095.1529
2026-08-26 01:30:00,624365.34,433908936.6864
2026-08-26 01:35:00,624752.53,434933968.8101
2026-08-26 01:40:00,624896.12,435321384.0756
2026-08-26 01:45:00,624794.01,434936253.5527655
2026-08-26 01:50:00,624781.86,434694305.33905154
2026-08-26 01:55:00,624692.8,434233955.72957945
2026-08-26 02:00:00,624758.59,434269695.909
2026-08-26 02:05:00,624857.53,434201000.4464
2026-08-26 02:10:00,624748.86,433686598.0328993
2026-08-26 02:15:00,624847.31,434193071.88111234
2026-08-26 02:20:00,624914.24,435148540.4574211
2026-08-26 02:25:00,624970.87,435754689.3988
2026-08-26 02:30:00,624978.3,436502956.91612273
2026-08-26 02:35:00,625098.33,436311807.278581
2026-08-26 02:40:00,625000.6,436431026.279633
2026-08-26 02:45:00,625001.52,436352480.73165226
2026-08-26 02:50:00,624924.21,436187746.2829845
2026-08-26 02:55:00,624907.68,436006997.9759948
2026-08-26 03:00:00,624909.42,436199273.3484
2026-08-26 03:05:00,624969.63,435944001.0234589
2026-08-26 03:10:00,624962.68,435917439.5059858
2026-08-26 03:15:00,624981.61,435605932.3539
2026-08-26 03:20:00,624850.04,435462106.90740883
2026-08-26 03:25:00,624765.34,435557035.781503
2026-08-26 03:30:00,624783.51,435283250.60232604
2026-08-26 03:35:00,624791.8,434955059.488
2026-08-26 03:40:00,624867.54,435272195.9591689
2026-08-26 03:45:00,624665.51,435098267.6803
2026-08-26 03:50:00,624633.2,434457375.928
2026-08-26 03:55:00,624631.45,434699764.9985
2026-08-26 04:00:00,624695.92,435063226.5248
2026-08-26 04:05:00,624603.15,434747753.27613556
2026-08-26 04:10:00,624634.31,435637215.3214946
2026-08-26 04:15:00,624716.15,434839923.369
2026-08-26 04:20:00,624762.96,435541002.3048
2026-08-26 04:25:00,624774.39,435611447.9397
2026-08-26 04:30:00,624827.54,435239618.572024
2026-08-26 04:35:00,625467.62,435296967.32781696
2026-08-26 04:40:00,625462.67,435328272.9467
2026-08-26 04:45:00,625483.77,435342958.7577
2026-08-26 04:50:00,625477.0,434812846.09
2026-08-26 04:55:00,625651.19,434884890.6969151
2026-08-26 05:00:00,625704.13,434594627.8041241
2026-08-26 05:05:00,625660.43,434392638.0303669
2026-08-26 05:10:00,625603.68,434262794.472
2026-08-26 05:15:00,625733.0,434584083.16
2026-08-26 05:20:00,625948.07,433918658.5260322
2026-08-26 05:25:00,625835.54,435062092.3418
2026-08-26 05:30:00,625708.11,435627817.22022516
2026-08-26 05:35:00,625639.22,435893817.779151
2026-08-26 05:40:00,625640.41,435808596.7978
2026-08-26 05:45:00,625670.82,435921731.69536257
2026-08-26 05:50:00,625686.53,435785484.8514188
2026-08-26 05:55:00,625757.15,435433112.8275
2026-08-26 06:00:00,625758.21,435959487.3249
2026-08-26 06:05:00,625808.99,436069962.3219
2026-08-26 06:10:00,625791.05,436396430.29038155
2026-08-26 06:15:00,625742.33,435829532.845
2026-08-26 06:20:00,625703.04,435397698.5738303
2026-08-26 06:25:00,625644.3,435193023.8126302
2026-08-26 06:30:00,625581.47,435501270.31547695
2026-08-26 06:35:00,625533.48,435577728.1284
2026-08-26 06:40:00,625424.25,435559750.2082069
2026-08-26 06:45:00,625361.29,436376601.6131015
2026-08-26 06:50:00,625555.56,436174869.7656
2026-08-26 06:55:00,625606.2,436548006.36
2026-08-26 07:00:00,625655.11,436844910.9042
2026-08-26 07:05:00,625441.42,437333658.5208
2026-08-26 07:10:00,625225.12,437482520.9664
2026-08-26 07:15:00,625064.31,437467540.4225403
2026-08-26 07:20:00,624699.2,437081839.4995786
2026-08-26 07:25:00,624053.16,436728815.3639871
2026-08-26 07:30:00,623972.77,436874534.9155
2026-08-26 07:35:00,623895.27,436083662.0813687
2026-08-26 07:40:00,623881.92,436137133.8144
2026-08-26 07:45:00,623856.28,436219025.9968738
2026-08-26 07:50:00,623756.46,436261505.6886
2026-08-26 07:55:00,623758.69,436044629.90755427
2026-08-26 08:00:00,623797.56,435990828.6108
2026-08-26 08:05:00,624203.5,436068565.1
2026-08-26 08:10:00,624304.5,436532435.535
2026-08-26 08:15:00,624134.92,436189171.5404
2026-08-26 08:20:00,624237.3,436097014.9074445
2026-08-26 08:25:00,624476.11,436100778.9719389
2026-08-26 08:30:00,624578.56,436393039.872
2026-08-26 08:35:00,624700.21,436891097.6327221
2026-08-26 08:40:00,624631.05,436492177.74
2026-08-26 08:45:00,624604.18,436841917.4502
2026-08-26 08:50:00,624601.3,436365206.219
2026-08-26 08:55:00,624400.55,435224382.2071455
2026-08-26 09:00:00,624065.15,435198324.01548463
2026-08-26 09:05:00,623646.73,435617240.905
2026-08-26 09:10:00,623664.78,435417802.8048
2026-08-26 09:15:00,623766.07,435382479.1993
2026-08-26 09:20:00,623517.57,433922117.5006795
2026-08-26 09:25:00,623624.93,433955643.7898
2026-08-26 09:30:00,624036.55,434404323.186
2026-08-26 09:35:00,624136.05,434585931.615
2026-08-26 09:40:00,624094.85,434401220.3425
2026-08-26 09:45:00,623803.69,433684852.5550561
2026-08-26 09:50:00,623917.93,434000419.83697015
2026-08-26 09:55:00,623903.59,433937424.9168
2026-08-26 10:00:00,624035.68,434010575.0832
2026-08-26 10:05:00,623999.48,433706198.07082707
2026-08-26 10:10:00,624170.81,434191940.5603
2026-08-26 10:15:00,624643.11,434687327.69085556
2026-08-26 10:20:00,624597.44,435912349.0093998
2026-08-26 10:25:00,624862.61,436354057.8152
2026-08-26 10:30:00,625019.02,436557034.8994
2026-08-26 10:35:00,624750.02,436088008.9604
2026-08-26 10:40:00,622899.6,437636634.0558232
2026-08-26 10:45:00,623389.25,437563148.4675
2026-08-26 10:50:00,623159.92,438804289.2672
2026-08-26 10:55:00,622330.63,440025095.2478
2026-08-26 11:00:00,622545.81,440332876.8711
2026-08-26 11:05:00,624065.01,441750657.9786
2026-08-26 11:10:00,624001.03,440888814.3458834
2026-08-26 11:15:00,623815.45,440731853.5795
2026-08-26 11:20:00,623862.59,440690294.9501
2026-08-26 11:25:00,623950.18,440714730.6394
2026-08-26 11:30:00,623791.56,440452982.6004
2026-08-26 11:35:00,623872.3,440403934.016
2026-08-26 11:40:00,622407.83,437895028.7965
2026-08-26 11:45:00,622430.82,438135278.5062
2026-08-26 11:50:00,622646.55,437014021.94926506
2026-08-26 11:55:00,623228.04,438297121.1995038
2026-08-26 12:00:00,623179.17,437870612.0088
2026-08-26 12:05:00,623342.75,438347088.655
2026-08-26 12:10:00,622874.3,437516098.6870354
2026-08-26 12:15:00,623096.79,437931116.9157
2026-08-26 12:20:00,623127.01,437604829.1828429
2026-08-26 12:25:00,623259.37,438893015.7603
2026-08-26 12:30:00,623842.96,439341404.58
2026-08-26 12:35:00,622987.23,436938323.6328
2026-08-26 12:40:00,622732.43,436143066.07881063
2026-08-26 12:45:00,622674.93,436532486.4258
2026-08-26 12:50:00,622994.36,437255391.0012044
2026-08-26 12:55:00,623122.89,437183019.624
2026-08-26 13:00:00,623498.62,437745911.1296
2026-08-26 13:05:00,623742.86,437287406.8602
2026-08-26 13:10:00,623507.33,436514294.78127897
2026-08-26 13:15:00,623420.89,435684027.1158966
2026-08-26 13:20:00,623242.7,435484604.198
2026-08-26 13:25:00,623025.2,434653530.78
2026-08-26 13:30:00,623572.19,435253388.62
2026-08-26 13:35:00,624260.1,437319170.454
2026-08-26 13:40:00,624157.64,437723111.9104296
2026-08-26 13:45:00,624455.91,438452238.75260067
2026-08-26 13:50:00,624974.61,438325926.18042207
2026-08-26 13:55:00,625082.5,437909468.1581693
2026-08-26 14:00:00,625102.83,438628404.7827
2026-08-26 14:05:00,625323.53,439015121.4909719
2026-08-26 14:10:00,625295.23,438723168.63271964
2026-08-26 14:15:00,625252.89,438098471.2215934
2026-08-26 14:20:00,625316.98,438428494.1874
2026-08-26 14:25:00,625286.49,437970436.7520447
2026-08-26 14:30:00,625843.14,437638227.18944734
2026-08-26 14:35:00,625860.48,437376337.8432
2026-08-26 14:40:00,625801.98,437016296.6934
2026-08-26 14:45:00,624510.25,435420873.52656007
2026-08-26 14:50:00,624378.25,434595163.22871834
2026-08-26 14:55:00,623941.42,433658005.1426
2026-08-26 15:00:00,624240.76,433325416.00670445
2026-08-26 15:05:00,624733.19,432581188.44737834
2026-08-26 15:10:00,624285.73,434034653.7825
2026-08-26 15:15:00,624380.39,433697994.45048344
2026-08-26 15:20:00,623869.64,432735728.1399504
2026-08-26 15:25:00,623842.56,433700924.0347758
2026-08-26 15:30:00,623571.52,434841363.7568
2026-08-26 15:35:00,624027.0,434063019.7315401
2026-08-26 15:40:00,624075.21,434353994.82559055
2026-08-26 15:45:00,624001.29,435016259.3106
2026-08-26 15:50:00,623998.19,435624592.0161714
2026-08-26 15:55:00,623994.42,435173708.508
2026-08-26 16:00:00,624023.19,435178473.81650144
2026-08-26 16:05:00,624052.95,435466545.8905343
2026-08-26 16:10:00,624456.91,435908390.5946
2026-08-26 16:15:00,624452.16,435511669.9488
2026-08-26 16:20:00,624333.14,435253848.551
2026-08-26 16:25:00,624291.31,435042421.49742913
2026-08-26 16:30:00,624093.71,435005797.7442
2026-08-26 16:35:00,624048.74,435236553.2256
2026-08-26 16:40:00,624008.58,434210467.4527957
2026-08-26 16:45:00,624161.24,433841994.6992
2026-08-26 16:50:00,624278.01,435359459.80542266
2026-08-26 16:55:00,624267.65,435021481.577944
2026-08-26 17:00:00,624308.59,434634707.30743515
2026-08-26 17:05:00,624309.41,434862719.5355
2026-08-26 17:10:00,624258.63,435332998.2168
2026-08-26 17:15:00,624263.25,435710848.6802983
2026-08-26 17:20:00,624172.91,436260716.2144617
2026-08-26 17:25:00,624087.08,436779250.4758003
2026-08-26 17:30:00,623992.11,437757691.73785657
2026-08-26 17:35:00,624020.11,438053936.0293087
2026-08-26 17:40:00,623725.51,437967578.6118
2026-08-26 17:45:00,623754.2,437393301.1364742
2026-08-26 17:50:00,623399.61,436141970.305921
2026-08-26 17:55:00,623432.63,436409075.3263
2026-08-26 18:00:00,623376.12,436262053.2412244
2026-08-26 18:05:00,623239.34,435949685.9366
2026-08-26 18:10:00,623337.46,436130732.1864672
2026-08-26 18:15:00,623488.89,435684656.55266905
2026-08-26 18:20:00,623486.86,435980216.0146853
2026-08-26 18:25:00,623421.93,435783079.2081184
2026-08-26 18:30:00,623405.43,435368264.29695934
2026-08-26 18:35:00,623342.99,435202747.8133457
2026-08-26 18:40:00,623286.07,435209498.3775
2026-08-26 18:45:00,623229.13,435032629.6139
2026-08-26 18:50:00,623210.76,435406197.474
2026-08-26 18:55:00,623246.48,435528070.07402873
2026-08-26 19:00:00,623227.95,435411974.988
2026-08-26 19:05:00,623171.71,435353988.3231
2026-08-26 19:10:00,622912.56,435671273.5896
2026-08-26 19:15:00,622806.69,435497577.9825
2026-08-26 19:20:00,622842.36,435760528.3263663
2026-08-26 19:25:00,622849.27,435732892.3066
2026-08-26 19:30:00,622815.97,436375595.71236086
2026-08-26 19:35:00,622725.23,436252102.41803694
2026-08-26 19:40:00,622760.57,435832757.3088
2026-08-26 19:45:00,622723.15,435665316.91670424
2026-08-26 19:50:00,622786.15,435944077.1385
2026-08-26 19:55:00,622744.54,435777321.82542664
2026-08-26 20:00:00,622782.44,435810695.8632
2026-08-26 20:05:00,622664.69,435941061.9590242
2026-08-26 20:10:00,622898.53,436361971.5512714
2026-08-26 20:15:00,622903.87,436051396.1161
2026-08-26 20:20:00,622867.03,435813384.3668481
2026-08-26 20:25:00,622683.71,435374223.1949
2026-08-26 20:30:00,622696.53,435652043.42270833
2026-08-26 20:35:00,622663.66,435148498.791
2026-08-26 20:40:00,622734.22,435034098.0203927
2026-08-26 20:45:00,622725.06,435122908.4244
2026-08-26 20:50:00,622664.42,435384934.7633932
2026-08-26 20:55:00,622651.45,435473607.49754524
2026-08-26 21:00:00,622641.84,435504822.0616483
2026-08-26 21:05:00,622687.5,435491858.62988436
2026-08-26 21:10:00,622773.25,436526902.9581869
2026-08-26 21:15:00,622756.87,437157484.0251481
2026-08-26 21:20:00,622791.49,437435363.0779133
2026-08-26 21:25:00,622768.11,437779436.03859705
2026-08-26 21:30:00,622726.57,438194005.5119
2026-08-26 21:35:00,622588.62,437536604.4774
2026-08-26 21:40:00,622577.65,437933570.563
2026-08-26 21:45:00,622263.83,437212479.9879476
2026-08-26 21:50:00,622119.46,437007814.677
2026-08-26 21:55:00,621993.83,437616198.9731
2026-08-26 22:00:00,622036.18,437632546.3485056
2026-08-26 22:05:00,621930.41,438467333.19117683
2026-08-26 22:10:00,622705.34,438895177.7388
2026-08-26 22:15:00,622735.39,439009767.8883
2026-08-26 22:20:00,622542.75,439969637.7075
2026-08-26 22:25:00,622383.25,439604808.50175744
2026-08-26 22:30:00,622301.11,439537497.0041
2026-08-26 22:35:00,622694.17,439586635.69726837
2026-08-26 22:40:00,623052.36,439488673.6968
2026-08-26 22:45:00,623089.45,439583376.0805
2026-08-26 22:50:00,622996.13,439336870.876
2026-08-26 22:55:00,623077.92,439097695.5163426
2026-08-26 23:00:00,623135.83,439454081.3909
2026-08-26 23:05:00,623406.22,440081152.8846
2026-08-26 23:10:00,623492.5,439407784.3999228
2026-08-26 23:15:00,623655.92,439746025.7512
2026-08-26 23:20:00,623690.8,440151850.3658092
2026-08-26 23:25:00,623823.0,440598663.80919164
2026-08-26 23:30:00,623899.25,440859688.035
2026-08-26 23:35:00,624099.26,440682728.4786
2026-08-26 23:40:00,624080.57,441493317.6351
2026-08-26 23:45:00,623812.2,441696233.7061925
2026-08-26 23:50:00,623140.99,441308449.118
2026-08-26 23:55:00,623086.1,441267338.4804297
2026-08-27 00:00:00,623051.51,441058163.929
2026-08-27 00:05:00,623126.39,439867469.6994342
2026-08-27 00:10:00,623504.14,440528146.81599605
2026-08-27 00:15:00,623624.37,439987827.4646001
2026-08-27 00:20:00,623833.45,440257980.6685
2026-08-27 00:25:00,624005.41,440028100.32390076
2026-08-27 00:30:00,624042.21,440118249.4467
2026-08-27 00:35:00,624179.52,439772399.3969681
2026-08-27 00:40:00,623835.51,439516795.7152989
2026-08-27 00:45:00,623788.99,439521722.354
2026-08-27 00:50:00,623899.64,439258658.2400696
2026-08-27 00:55:00,623725.3,439065187.682
2026-08-27 01:00:00,623793.41,438957184.6829
2026-08-27 01:05:00,623768.0,439026631.44
2026-08-27 01:10:00,623539.57,438404436.2713
2026-08-27 01:15:00,623572.08,438352175.2163543
2026-08-27 01:20:00,623600.58,438471078.19048613
2026-08-27 01:25:00,623630.5,439204252.235
2026-08-27 01:30:00,623743.35,439957371.9225
2026-08-27 01:35:00,623850.38,440006955.5170007
2026-08-27 01:40:00,623837.77,439861773.2493
2026-08-27 01:45:00,623725.07,439021365.0209
2026-08-27 01:50:00,623103.28,439479883.1324085
2026-08-27 01:55:00,623161.46,439515777.738
2026-08-27 02:00:00,623060.12,439288537.606
2026-08-27 02:05:00,623145.86,439760264.8606
2026-08-27 02:10:00,623174.54,439796108.5835991
2026-08-27 02:15:00,622793.74,439243968.9472
2026-08-27 02:20:00,622573.96,438857591.6375044
2026-08-27 02:25:00,622674.19,438269914.2705041
2026-08-27 02:30:00,623008.23,438178347.32430923
2026-08-27 02:35:00,622925.55,438444577.3305751
2026-08-27 02:40:00,622908.96,438060698.9300239
2026-08-27 02:45:00,622924.84,438009601.246
2026-08-27 02:50:00,622792.13,438215226.4319
2026-08-27 02:55:00,622695.18,438131760.58266896
2026-08-27 03:00:00,622587.01,437851846.1478559
2026-08-27 03:05:00,622626.46,437994286.2659065
2026-08-27 03:10:00,622205.67,437571602.1043482
2026-08-27 03:15:00,622229.89,437350947.70036393
2026-08-27 03:20:00,622438.79,437768444.3707699
2026-08-27 03:25:00,622576.58,438430879.1676
2026-08-27 03:30:00,622568.01,438250524.9594
2026-08-27 03:35:00,622483.83,437814105.17173135
2026-08-27 03:40:00,622349.45,437785497.108
2026-08-27 03:45:00,622530.97,437807355.2719
2026-08-27 03:50:00,622584.31,437639414.8714
2026-08-27 03:55:00,622520.48,437598889.0759238
2026-08-27 04:00:00,622534.4,438065006.592
2026-08-27 04:05:00,622513.36,438397644.12933284
2026-08-27 04:10:00,623743.48,438903337.1368
2026-08-27 04:15:00,623752.34,438784805.72714233
2026-08-27 04:20:00,623610.79,438766315.7361
2026-08-27 04:25:00,624003.85,438343984.5095
2026-08-27 04:30:00,623870.78,438000958.5146
2026-08-27 04:35:00,623791.76,437741766.7480181
2026-08-27 04:40:00,623900.99,437984733.9899
2026-08-27 04:45:00,623886.87,438243092.9628
2026-08-27 04:50:00,623891.24,437850965.98171604
2026-08-27 04:55:00,623977.05,437875894.8375
2026-08-27 05:00:00,623989.16,438404828.2124697
2026-08-27 05:05:00,623967.83,438119011.8345
2026-08-27 05:10:00,623986.59,438575214.6474
2026-08-27 05:15:00,623926.0,438186552.31201744
2026-08-27 05:20:00,623708.13,437830633.0974
2026-08-27 05:25:00,623628.8,438747805.952
2026-08-27 05:30:00,623555.98,438400857.7278973
2026-08-27 05:35:00,623466.9,438166302.651
2026-08-27 05:40:00,623505.74,439080082.94659483
2026-08-27 05:45:00,623545.5,439206743.835
2026-08-27 05:50:00,623724.88,439981767.6008
2026-08-27 05:55:00,623745.63,439891703.88365394
2026-08-27 06:00:00,623851.66,440216142.14960384
2026-08-27 06:05:00,623959.92,439929181.1952
2026-08-27 06:10:00,623961.23,439873372.7899803
2026-08-27 06:15:00,623856.13,439481689.3398
2026-08-27 06:20:00,623671.06,439108525.2535372
2026-08-27 06:25:00,623584.71,439120439.54815274
2026-08-27 06:30:00,623518.57,439161733.3179517
2026-08-27 06:35:00,623572.47,439631062.7994
2026-08-27 06:40:00,624079.01,439763515.1866
2026-08-27 06:45:00,624163.63,439789258.9019297
2026-08-27 06:50:00,624339.47,440359114.9804
2026-08-27 06:55:00,624425.16,440800453.1988
2026-08-27 07:00:00,624438.93,440997482.17363966
2026-08-27 07:05:00,624334.09,440754285.23838866
2026-08-27 07:10:00,624333.56,440732518.44051224
2026-08-27 07:15:00,624673.58,441386797.0943331
2026-08-27 07:20:00,624697.57,441286363.448
2026-08-27 07:25:00,624567.77,440744983.9336
2026-08-27 07:30:00,624584.96,440730080.6182554
2026-08-27 07:35:00,624084.15,440917457.0263163
2026-08-27 07:40:00,624483.13,441125632.0388295
2026-08-27 07:45:00,624326.86,440961074.63796604
2026-08-27 07:50:00,624284.29,440919664.5683436
2026-08-27 07:55:00,624239.73,441912413.17721194
2026-08-27 08:00:00,624113.72,441735208.7416
2026-08-27 08:05:00,624156.33,442920056.4579
2026-08-27 08:10:00,624300.11,444164556.2606
2026-08-27 08:15:00,623050.36,442282158.5656074
2026-08-27 08:20:00,622820.11,441691565.6098
2026-08-27 08:25:00,621782.41,441712885.67114466
2026-08-27 08:30:00,622050.82,442989334.83855414
2026-08-27 08:35:00,622370.17,443581891.2641
2026-08-27 08:40:00,622943.21,443211635.0508
2026-08-27 08:45:00,622905.08,443270852.19969565
2026-08-27 08:50:00,622871.76,443079826.476
2026-08-27 08:55:00,622621.5,442511785.1944728
2026-08-27 09:00:00,622529.69,442388102.4775135
2026-08-27 09:05:00,622278.73,442032318.25723207
2026-08-27 09:10:00,622958.96,443017264.404
2026-08-27 09:15:00,623164.19,443422167.4352748
2026-08-27 09:20:00,623342.7,444312443.133
2026-08-27 09:25:00,623285.62,444895796.7943731
2026-08-27 09:30:00,623339.61,445918456.8057
2026-08-27 09:35:00,623660.26,445241146.04020196
2026-08-27 09:40:00,623610.64,445052205.4488
2026-08-27 09:45:00,623743.85,445128561.114
2026-08-27 09:50:00,623982.63,445805546.22459394
2026-08-27 09:55:00,624081.35,445458846.91932374
2026-08-27 10:00:00,623833.81,444812221.5443
2026-08-27 10:05:00,623883.2,444831295.4114251
2026-08-27 10:10:00,623901.44,445669853.6927831
2026-08-27 10:15:00,624322.33,444617390.5328
2026-08-27 10:20:00,624373.16,444079166.3184
2026-08-27 10:25:00,623890.15,442326791.38993585
2026-08-27 10:30:00,622351.06,440667474.7047473
2026-08-27 10:35:00,621047.03,438844252.3386
2026-08-27 10:40:00,620835.91,438409486.2056
2026-08-27 10:45:00,620728.59,439221342.9981
2026-08-27 10:50:00,620966.63,438837117.421
2026-08-27 10:55:00,620986.08,439161355.776
2026-08-27 11:00:00,620997.88,439367509.3269491
2026-08-27 11:05:00,621244.05,439994360.4015084
2026-08-27 11:10:00,621257.7,440024403.756
2026-08-27 11:15:00,621360.81,440247976.89666003
2026-08-27 11:20:00,620998.27,439697825.0735
2026-08-27 11:25:00,621050.32,440144572.2872
2026-08-27 11:30:00,621259.85,439228574.7286829
2026-08-27 11:35:00,621099.37,439647330.5430178
2026-08-27 11:40:00,620941.05,439138515.0124484
2026-08-27 11:45:00,621095.23,440019019.31316125
2026-08-27 11:50:00,621256.95,439018580.1266586
2026-08-27 11:55:00,621305.95,439412420.078
2026-08-27 12:00:00,621199.51,439275021.5014
2026-08-27 12:05:00,621187.01,439253758.5112
2026-08-27 12:10:00,621189.11,439225737.1854674
2026-08-27 12:15:00,621184.38,439561647.37615275
2026-08-27 12:20:00,621003.76,439231311.2783267
2026-08-27 12:25:00,620830.38,439256118.7614
2026-08-27 12:30:00,620622.5,439129583.02115047
2026-08-27 12:35:00,621190.57,438950032.9637644
2026-08-27 12:40:00,620805.16,438403033.5603246
2026-08-27 12:45:00,620681.84,438105957.2821707
2026-08-27 12:50:00,620950.0,438365862.0
2026-08-27 12:55:00,625636.37,442012095.405
2026-08-27 13:00:00,625488.43,441663129.95643276
2026-08-27 13:05:00,625351.64,441986032.1192
2026-08-27 13:10:00,625664.26,442250782.181
2026-08-27 13:15:00,625911.29,442757128.3202
2026-08-27 13:20:00,625835.99,442691345.8864
2026-08-27 13:25:00,625960.53,443406385.27235854
2026-08-27 13:30:00,626446.37,443536558.8874
2026-08-27 13:35:00,627060.56,442628696.0807278
2026-08-27 13:40:00,627227.39,443185361.1759908
2026-08-27 13:45:00,627275.01,443178584.08044064
2026-08-27 13:50:00,627003.39,442664393.34
2026-08-27 13:55:00,626961.83,443939132.5864
2026-08-27 14:00:00,627557.91,445064069.772
2026-08-27 14:05:00,627512.64,445622762.90164363
2026-08-27 14:10:00,627075.39,443800065.7647
2026-08-27 14:15:00,626638.51,442770238.3958
2026-08-27 14:20:00,626530.36,443719743.54281896
2026-08-27 14:25:00,626526.57,444088951.61783046
2026-08-27 14:30:00,626711.35,444332080.0365
2026-08-27 14:35:00,627383.75,445448736.3375
2026-08-27 14:40:00,627720.39,446210693.5169628
2026-08-27 14:45:00,627264.64,446850651.1501887
2026-08-27 14:50:00,627264.53,445583631.5308
2026-08-27 14:55:00,627218.38,445368955.0866
2026-08-27 15:00:00,627269.7,445612394.88
2026-08-27 15:05:00,626787.78,445345253.4456
2026-08-27 15:10:00,627056.12,445936769.8268088
2026-08-27 15:15:00,627268.93,447192565.5756
2026-08-27 15:20:00,628269.34,447736068.3639213
2026-08-27 15:25:00,628389.69,447444502.20826215
2026-08-27 15:30:00,628792.67,448652410.5115284
2026-08-27 15:35:00,628786.86,448022795.3250745
2026-08-27 15:40:00,629243.29,448927332.8176
2026-08-27 15:45:00,629689.28,449297493.29885226
2026-08-27 15:50:00,629792.47,448796412.0467
2026-08-27 15:55:00,629531.1,448465365.018
2026-08-27 16:00:00,629469.42,448057816.444036
2026-08-27 16:05:00,629457.62,448720491.5063736
2026-08-27 16:10:00,629554.77,448148498.3818162
2026-08-27 16:15:00,629393.45,448663120.8325
2026-08-27 16:20:00,629543.82,449022129.615
2026-08-27 16:25:00,629695.75,449183810.87044483
2026-08-27 16:30:00,629945.86,448868097.7435426
2026-08-27 16:35:00,629812.91,448475074.6750952
2026-08-27 16:40:00,629671.88,448647511.2188
2026-08-27 16:45:00,630051.94,449649168.0198
2026-08-27 16:50:00,630049.39,449137008.1554
2026-08-27 16:55:00,630082.13,449086970.5993016
2026-08-27 17:00:00,629891.0,448695531.20335335
2026-08-27 17:05:00,628616.97,447134154.2078437
2026-08-27 17:10:00,628608.12,447990148.8804
2026-08-27 17:15:00,628642.51,448549003.7352
2026-08-27 17:20:00,628773.76,448919313.6896
2026-08-27 17:25:00,629044.13,449067751.6631522
2026-08-27 17:30:00,629380.8,448785019.8361368
2026-08-27 17:35:00,629228.3,448260908.9254886
2026-08-27 17:40:00,629196.37,448157698.4599
2026-08-27 17:45:00,628947.78,447071319.80602413
2026-08-27 17:50:00,629060.55,447466317.1510411
2026-08-27 17:55:00,629025.7,447665010.176
2026-08-27 18:00:00,628982.25,447355448.05264384
2026-08-27 18:05:00,629163.17,447228056.1311
2026-08-27 18:10:00,628749.67,446846102.9723
2026-08-27 18:15:00,627570.99,444910177.6506
2026-08-27 18:20:00,626446.73,443429650.51438534
2026-08-27 18:25:00,626254.64,443532323.6872
2026-08-27 18:30:00,626226.53,443650539.7479613
2026-08-27 18:35:00,626222.26,443747355.6586
2026-08-27 18:40:00,626335.44,444560368.6032
2026-08-27 18:45:00,626337.88,444261458.284
2026-08-27 18:50:00,626440.28,444421792.2432
2026-08-27 18:55:00,626478.61,444931373.6081
2026-08-27 19:00:00,626479.77,445427116.47
2026-08-27 19:05:00,626750.61,445851581.4357
2026-08-27 19:10:00,626982.27,446248360.8498
2026-08-27 19:15:00,626968.42,446388975.6716
2026-08-27 19:20:00,626888.05,446187569.5875
2026-08-27 19:25:00,626934.23,446095051.3565
2026-08-27 19:30:00,626917.49,446347387.2110603
2026-08-27 19:35:00,626886.2,446172965.1193503
2026-08-27 19:40:00,626938.23,445978779.2928
2026-08-27 19:45:00,626667.56,445786235.4816
2026-08-27 19:50:00,626702.7,445576968.62072486
2026-08-27 19:55:00,626700.84,445947783.7272
2026-08-27 20:00:00,626668.96,445153080.68755347
2026-08-27 20:05:00,626763.93,445046263.7751
2026-08-27 20:10:00,626903.44,445288850.97686595
2026-08-27 20:15:00,626968.65,445059965.889
2026-08-27 20:20:00,626933.07,445153826.3535
2026-08-27 20:25:00,627026.93,445437380.17596227
2026-08-27 20:30:00,627062.14,445464944.256
2026-08-27 20:35:00,627007.67,445238291.00480807
2026-08-27 20:40:00,626974.59,445258284.05354863
2026-08-27 20:45:00,627171.7,445724482.61820775
2026-08-27 20:50:00,626600.38,444882337.9139455
2026-08-27 20:55:00,626448.8,444496746.04
2026-08-27 21:00:00,626432.64,444934095.4892307
2026-08-27 21:05:00,626447.66,444871805.749
2026-08-27 21:10:00,626484.1,444889942.20109504
2026-08-27 21:15:00,626446.09,445052360.1796
2026-08-27 21:20:00,626090.89,444490310.0599544
2026-08-27 21:25:00,626105.73,444763501.97382134
2026-08-27 21:30:00,625814.13,444490743.9738
2026-08-27 21:35:00,625777.93,444840499.3198
2026-08-27 21:40:00,625513.39,444189568.5068
2026-08-27 21:45:00,625524.23,444074062.84266484
2026-08-27 21:50:00,625524.18,444328590.7794
2026-08-27 21:55:00,625619.87,444352768.8662
2026-08-27 22:00:00,625641.77,444774990.7107
2026-08-27 22:05:00,625809.67,445597041.32939345
2026-08-27 22:10:00,625940.37,445510647.7635035
2026-08-27 22:15:00,626056.23,445839883.1688416
2026-08-27 22:20:00,626541.48,446617563.1884
2026-08-27 22:25:00,626515.49,446079028.88
2026-08-27 22:30:00,626533.42,446125233.0409107
2026-08-27 22:35:00,626503.58,446402595.8574
2026-08-27 22:40:00,626480.8,446248538.648
2026-08-27 22:45:00,626417.66,446228620.101
2026-08-27 22:50:00,626450.37,446157492.972746
2026-08-27 22:55:00,626521.05,446308535.178
2026-08-27 23:00:00,626513.53,446541253.3722
2026-08-27 23:05:00,626724.03,446553405.8556
2026-08-27 23:10:00,626839.57,446717219.5605
2026-08-27 23:15:00,626802.53,446373323.0338802
2026-08-27 23:20:00,626885.92,446925778.9456
2026-08-27 23:25:00,627101.59,447015662.54931706
2026-08-27 23:30:00,627112.56,447054710.3348207
2026-08-27 23:35:00,627448.28,447212602.3969496
2026-08-27 23:40:00,627538.26,447180284.2884929
2026-08-27 23:45:00,627564.72,446964144.8784
2026-08-27 23:50:00,627509.08,446805290.2324
2026-08-27 23:55:00,627454.33,447134040.0981099
2026-08-28 00:00:00,627474.3,446849548.002
2026-08-28 00:05:00,627362.32,446484746.0904691
2026-08-28 00:10:00,627216.92,446698783.8433633
2026-08-28 00:15:00,627320.02,446645581.0398
2026-08-28 00:20:00,627802.43,447767527.1489
2026-08-28 00:25:00,627847.91,447486040.8943
2026-08-28 00:30:00,627937.33,448020726.2084
2026-08-28 00:35:00,628427.62,448879564.6898
2026-08-28 00:40:00,628333.11,449221287.0406109
2026-08-28 00:45:00,628390.55,448815480.5931292
2026-08-28 00:50:00,628250.53,448299576.91628414
2026-08-28 00:55:00,628039.65,448194896.0620253
2026-08-28 01:00:00,628558.37,448280832.9253565
2026-08-28 01:05:00,629143.33,449441120.6521
2026-08-28 01:10:00,629104.19,449853533.1433
2026-08-28 01:15:00,628215.13,450091012.0398
2026-08-28 01:20:00,629957.52,452536284.0672
2026-08-28 01:25:00,630583.07,452921164.5166069
2026-08-28 01:30:00,630483.5,452951310.04508173
2026-08-28 01:35:00,630181.14,452211070.90990007
2026-08-28 01:40:00,628956.39,450318308.43167627
2026-08-28 01:45:00,629104.78,450533388.197
2026-08-28 01:50:00,629284.64,450076960.2208
2026-08-28 01:55:00,629396.12,450043401.6448
2026-08-28 02:00:00,628918.25,449167124.9675
2026-08-28 02:05:00,628742.18,449230000.1882
2026-08-28 02:10:00,628425.32,448438024.0988
2026-08-28 02:15:00,628841.62,447377895.0823901
2026-08-28 02:20:00,628586.58,446918772.5142
2026-08-28 02:25:00,628411.17,446058816.6894
2026-08-28 02:30:00,629872.23,446163695.3982
2026-08-28 02:35:00,630488.31,447098175.2703
2026-08-28 02:40:00,630391.54,447197148.4785148
2026-08-28 02:45:00,630365.37,446730660.3607926
2026-08-28 02:50:00,630563.65,446180533.1035
2026-08-28 02:55:00,630410.72,446482088.3328
2026-08-28 03:00:00,630259.04,446305333.9952
2026-08-28 03:05:00,630376.88,446224882.0456
2026-08-28 03:10:00,630416.5,445962936.265
2026-08-28 03:15:00,630397.91,446591138.22582084
2026-08-28 03:20:00,630401.17,447252795.7497721
2026-08-28 03:25:00,630250.8,447654538.224
2026-08-28 03:30:00,630283.85,447583470.4005
2026-08-28 03:35:00,630098.44,447817198.5075349
2026-08-28 03:40:00,630122.45,447425784.94853145
2026-08-28 03:45:00,630304.65,447484786.2675
2026-08-28 03:50:00,630221.16,447256091.4984172
2026-08-28 03:55:00,630059.06,447179117.7340831
2026-08-28 04:00:00,630070.52,447268160.0324
2026-08-28 04:05:00,629970.34,446664977.18260646
2026-08-28 04:10:00,629730.04,445611828.499588
2026-08-28 04:15:00,629646.04,447351076.5466525
2026-08-28 04:20:00,629527.43,447462585.4102914
2026-08-28 04:25:00,629339.67,447410158.1964
2026-08-28 04:30:00,629200.77,447179279.2467
2026-08-28 04:35:00,629112.1,446410882.50821453
2026-08-28 04:40:00,628939.66,445726876.31905776
2026-08-28 04:45:00,628915.99,446184449.1055
2026-08-28 04:50:00,628724.24,445960390.6744
2026-08-28 04:55:00,628578.21,446142558.9167636
2026-08-28 05:00:00,628587.36,446158736.3808
2026-08-28 05:05:00,628392.56,445843887.1273767
2026-08-28 05:10:00,628262.21,445481939.75272936
2026-08-28 05:15:00,628251.64,445896315.3744185
2026-08-28 05:20:00,628151.88,445774263.1608
2026-08-28 05:25:00,628132.54,445842195.5666
2026-08-28 05:30:00,628238.42,446350832.6416
2026-08-28 05:35:00,628434.71,447143383.6981643
2026-08-28 05:40:00,628734.2,447857602.92557716
2026-08-28 05:45:00,628772.55,448063319.13
2026-08-28 05:50:00,628848.64,448655875.2443056
2026-08-28 05:55:00,628843.91,448335048.387957
2026-08-28 06:00:00,628785.09,447915058.8615
2026-08-28 06:05:00,628765.9,448259785.428
2026-08-28 06:10:00,628840.46,448432420.4306
2026-08-28 06:15:00,629211.84,449571859.68
2026-08-28 06:20:00,629246.37,449094447.7515803
2026-08-28 06:25:00,629305.81,449126907.23544866
2026-08-28 06:30:00,629310.58,448521564.203297
2026-08-28 06:35:00,629427.88,448863904.0644
2026-08-28 06:40:00,629534.54,449034396.6912
2026-08-28 06:45:00,629603.81,448945292.7586
2026-08-28 06:50:00,629740.68,449492938.48939
2026-08-28 06:55:00,629680.05,449119295.6625
2026-08-28 07:00:00,629733.54,448951244.8979442
2026-08-28 07:05:00,629584.21,448013698.7975639
2026-08-28 07:10:00,629431.1,447240234.1235776
2026-08-28 07:15:00,629504.93,447112171.5818
2026-08-28 07:20:00,629708.47,447809622.5118947
2026-08-28 07:25:00,629782.43,447964242.459
2026-08-28 07:30:00,629826.72,448235080.0896
2026-08-28 07:35:00,630002.19,447340542.18232673
2026-08-28 07:40:00,629734.88,446589084.8496
2026-08-28 07:45:00,629357.84,445591975.7245321
2026-08-28 07:50:00,628476.16,444588622.4418366
2026-08-28 07:55:00,628710.74,444399670.797526
2026-08-28 08:00:00,628313.5,444415755.17085856
2026-08-28 08:05:00,627529.16,444629511.0264
2026-08-28 08:10:00,627557.06,445019537.9578
2026-08-28 08:15:00,627507.56,444695782.5452
2026-08-28 08:20:00,627453.16,445058630.7354794
2026-08-28 08:25:00,627441.05,445099286.23252374
2026-08-28 08:30:00,627551.19,444958895.7576
2026-08-28 08:35:00,627667.03,445367417.8068
2026-08-28 08:40:00,627332.85,444709984.0365
2026-08-28 08:45:00,627108.63,444068163.0756
2026-08-28 08:50:00,626088.27,442254166.42191845
2026-08-28 08:55:00,626267.5,443027892.175
2026-08-28 09:00:00,626466.66,442189615.5367366
2026-08-28 09:05:00,626257.5,442144057.575
2026-08-28 09:10:00,624809.03,440769087.07898283
2026-08-28 09:15:00,624408.95,440342474.9900168
2026-08-28 09:20:00,624224.72,441065441.6085813
2026-08-28 09:25:00,624007.51,440449460.8584
2026-08-28 09:30:00,623612.47,440008486.5826
2026-08-28 09:35:00,623400.99,439844691.09511894
2026-08-28 09:40:00,623044.65,439697135.0246698
2026-08-28 09:45:00,622886.67,439035440.4828
2026-08-28 09:50:00,623032.81,439205556.9570612
2026-08-28 09:55:00,623127.8,439629125.456
2026-08-28 10:00:00,622991.81,439059708.0156
2026-08-28 10:05:00,621982.82,437813706.998
2026-08-28 10:10:00,621857.07,437675443.0074
2026-08-28 10:15:00,621688.4,438103815.48
2026-08-28 10:20:00,621853.21,438524665.1599
2026-08-28 10:25:00,621800.0,438313038.0
2026-08-28 10:30:00,621750.43,438697283.28274846
2026-08-28 10:35:00,621827.62,439165756.625
2026-08-28 10:40:00,621924.22,439495188.5474
2026-08-28 10:45:00,622136.55,439620350.3265
2026-08-28 10:50:00,622127.34,439644948.6312
2026-08-28 10:55:00,622080.13,439692456.6853
2026-08-28 11:00:00,622889.28,440451238.7808
2026-08-28 11:05:00,623240.33,441291548.0598
2026-08-28 11:10:00,623252.01,440942893.34826285
2026-08-28 11:15:00,623276.98,441080653.2064
2026-08-28 11:20:00,623204.9,441179212.808
2026-08-28 11:25:00,623061.51,440937058.0109935
2026-08-28 11:30:00,622998.18,440279043.7878
2026-08-28 11:35:00,622965.84,440436848.88
2026-08-28 11:40:00,622819.86,439869100.4450119
2026-08-28 11:45:00,622830.75,440186428.87652713
2026-08-28 11:50:00,622817.75,440172892.7583082
2026-08-28 11:55:00,622718.65,439956953.4115
2026-08-28 12:00:00,622709.52,439925594.5944
2026-08-28 12:05:00,622516.24,439869975.184
2026-08-28 12:10:00,622493.96,439797595.4194407
2026-08-28 12:15:00,622469.99,439478458.55709285
2026-08-28 12:20:00,622371.29,439607847.51432896
2026-08-28 12:25:00,622372.64,439562858.6312217
2026-08-28 12:30:00,622301.16,439195851.2028566
2026-08-28 12:35:00,622558.73,439252537.5388
2026-08-28 12:40:00,622481.7,438918071.487
2026-08-28 12:45:00,622337.01,438996526.854
2026-08-28 12:50:00,622216.09,438718815.2285561
2026-08-28 12:55:00,622000.99,438727270.73932534
2026-08-28 13:00:00,622090.47,438859942.9662
2026-08-28 13:05:00,621950.78,439114238.1522638
2026-08-28 13:10:00,621821.98,438597528.70276356
2026-08-28 13:15:00,621838.81,438688625.2907
2026-08-28 13:20:00,621868.97,438454935.9882
2026-08-28 13:25:00,621638.65,437817234.7881029
2026-08-28 13:30:00,621658.92,437898739.35760033
2026-08-28 13:35:00,621449.29,438143425.83117145
2026-08-28 13:40:00,621412.28,437741452.4004
2026-08-28 13:45:00,621122.17,437412071.98496675
2026-08-28 13:50:00,621106.36,437678911.23686874
2026-08-28 13:55:00,621087.38,438413159.7944
2026-08-28 14:00:00,621341.88,438580379.4168
2026-08-28 14:05:00,622372.86,436743930.7764
2026-08-28 14:10:00,621154.62,435752389.0224
2026-08-28 14:15:00,621441.12,434282949.310441
2026-08-28 14:20:00,621253.65,434638760.73389435
2026-08-28 14:25:00,621368.53,434710079.41762865
2026-08-28 14:30:00,620822.12,435159056.7928
2026-08-28 14:35:00,620375.38,436236773.522461
2026-08-28 14:40:00,620730.66,437391652.2624
2026-08-28 14:45:00,620472.91,437185212.386
2026-08-28 14:50:00,620136.62,435726593.3106
2026-08-28 14:55:00,620154.58,436960627.6790668
2026-08-28 15:00:00,620260.85,437117408.3922578
2026-08-28 15:05:00,620349.46,436912124.678
2026-08-28 15:10:00,620323.43,436228764.022458
2026-08-28 15:15:00,620824.44,436061032.9720526
2026-08-28 15:20:00,620751.93,437141007.3609956
2026-08-28 15:25:00,620572.75,437069387.825
2026-08-28 15:30:00,620303.03,435972460.949034
2026-08-28 15:35:00,620226.82,435386823.1036
2026-08-28 15:40:00,620325.42,435226517.9262
2026-08-28 15:45:00,619712.23,433420536.5397
2026-08-28 15:50:00,620006.63,432845228.6019
2026-08-28 15:55:00,619332.46,432253372.4246636
2026-08-28 16:00:00,618798.17,430900105.6795
2026-08-28 16:05:00,618563.5,429538397.21676105
2026-08-28 16:10:00,618823.18,430700933.28
2026-08-28 16:15:00,619253.47,429148847.2447
2026-08-28 16:20:00,618351.4,427713663.38
2026-08-28 16:25:00,617376.81,424927423.2945057
2026-08-28 16:30:00,617427.03,426734691.7845
2026-08-28 16:35:00,617852.25,427200337.91959584
2026-08-28 16:40:00,617748.58,428559211.78237325
2026-08-28 16:45:00,617531.89,427937249.1322
2026-08-28 16:50:00,617305.25,428757206.15817446
2026-08-28 16:55:00,617160.78,428154615.11793965
2026-08-28 17:00:00,616921.5,427896752.4
2026-08-28 17:05:00,616892.4,428061636.36
2026-08-28 17:10:00,616978.89,428263556.9157
2026-08-28 17:15:00,617098.87,429044884.6574857
2026-08-28 17:20:00,616749.53,429461200.2249
2026-08-28 17:25:00,616615.34,428936128.9642
2026-08-28 17:30:00,617219.63,428793055.47589415
2026-08-28 17:35:00,617371.05,428739499.383
2026-08-28 17:40:00,617425.28,428190605.9328
2026-08-28 17:45:00,617467.38,428318597.4846
2026-08-28 17:50:00,617804.62,429639866.8866
2026-08-28 17:55:00,617781.48,428999815.3416
2026-08-28 18:00:00,617782.97,428691958.5424
2026-08-28 18:05:00,617926.76,428439519.046
2026-08-28 18:10:00,617674.35,427744627.19768494
2026-08-28 18:15:00,618177.85,427556528.174
2026-08-28 18:20:00,618483.33,426883379.1993
2026-08-28 18:25:00,618226.2,426155684.184
2026-08-28 18:30:00,617997.88,426023018.5568
2026-08-28 18:35:00,616247.3,424538927.443
2026-08-28 18:40:00,618837.86,424900263.0546
2026-08-28 18:45:00,619070.69,425181089.76599115
2026-08-28 18:50:00,619198.52,424721910.84547955
2026-08-28 18:55:00,619402.41,426085015.0533786
2026-08-28 19:00:00,619566.89,426491260.0693
2026-08-28 19:05:00,620539.62,427638110.307852
2026-08-28 19:10:00,620517.77,428386471.53570443
2026-08-28 19:15:00,620465.47,428425202.3803
2026-08-28 19:20:00,620440.09,427960960.8793
2026-08-28 19:25:00,620479.39,427993507.5282972
2026-08-28 19:30:00,620508.53,428151438.2070002
2026-08-28 19:35:00,620613.45,428092951.6755
2026-08-28 19:40:00,620668.07,428161661.4088
2026-08-28 19:45:00,620732.36,427908059.6896
2026-08-28 19:50:00,620931.64,427595909.7660358
2026-08-28 19:55:00,621147.7,427816374.324654
2026-08-28 20:00:00,621199.92,428058905.8197306
2026-08-28 20:05:00,621201.6,427926711.7670851
2026-08-28 20:10:00,621536.29,428511979.7776
2026-08-28 20:15:00,621443.56,428733912.044
2026-08-28 20:20:00,621374.94,428015486.1708
2026-08-28 20:25:00,621284.31,428481150.0777
2026-08-28 20:30:00,621288.41,428531732.42462045
2026-08-28 20:35:00,621374.91,427813139.025235
2026-08-28 20:40:00,621389.08,428267567.8268
2026-08-28 20:45:00,621452.36,428379540.7952
2026-08-28 20:50:00,621507.7,428466879.9927987
2026-08-28 20:55:00,621519.3,428239228.086
2026-08-28 21:00:00,621158.17,427766785.3522
2026-08-28 21:05:00,621305.62,427495544.8972
2026-08-28 21:10:00,621453.93,427829368.0550133
2026-08-28 21:15:00,621584.68,428155345.9258318
2026-08-28 21:20:00,621684.04,428029461.54
2026-08-28 21:25:00,621614.79,427829285.4469115
2026-08-28 21:30:00,621625.82,428206946.107
2026-08-28 21:35:00,621688.61,428625891.9532534
2026-08-28 21:40:00,621894.26,428572210.3364
2026-08-28 21:45:00,622015.09,428128092.89256305
2026-08-28 21:50:00,622061.82,427545466.667542
2026-08-28 21:55:00,624116.18,429136044.2062
2026-08-28 22:00:00,624173.87,429238128.6603
2026-08-28 22:05:00,624095.92,429087424.09737533
2026-08-28 22:10:00,624108.14,429760557.5374102
2026-08-28 22:15:00,624184.88,430057140.4712
2026-08-28 22:20:00,624187.99,429943654.5396754
2026-08-28 22:25:00,624203.16,429963620.6712
2026-08-28 22:30:00,624074.44,430227314.4990166
2026-08-28 22:35:00,624707.29,431011226.6069769
2026-08-28 22:40:00,624885.41,431420887.064
2026-08-28 22:45:00,625125.91,431968255.0691
2026-08-28 22:50:00,625371.58,432127530.9536498
2026-08-28 22:55:00,625291.89,431957890.5309
2026-08-28 23:00:00,625342.38,431636324.3712
2026-08-28 23:05:00,625287.74,431453134.6077844
2026-08-28 23:10:00,625222.1,431815895.586
2026-08-28 23:15:00,625222.89,432013933.46902204
2026-08-28 23:20:00,625109.97,431885806.5717415
2026-08-28 23:25:00,625171.64,431893575.7776
2026-08-28 23:30:00,625175.17,431788463.0451007
2026-08-28 23:35:00,625272.8,432049999.10135454
2026-08-28 23:40:00,625303.06,431971859.9092
2026-08-28 23:45:00,625313.68,432116765.4272
2026-08-28 23:50:00,625248.1,431952649.885
2026-08-28 23:55:00,625160.14,432369735.31243956
2026-08-29 00:00:00,625163.44,432469312.8888
2026-08-29 00:05:00,625309.09,432995279.3705
2026-08-29 00:10:00,625380.73,432956126.4391358
2026-08-29 00:15:00,625256.29,432704123.2594012
2026-08-29 00:20:00,625426.8,433020499.248
2026-08-29 00:25:00,625350.44,433060391.1016663
2026-08-29 00:30:00,625368.98,433106609.77577335
2026-08-29 00:35:00,625283.04,432320041.0104836
2026-08-29 00:40:00,625337.27,432483255.932
2026-08-29 00:45:00,625420.79,432415969.16702217
2026-08-29 00:50:00,625479.9,432581898.84
2026-08-29 00:55:00,625397.51,432443616.2397
2026-08-29 01:00:00,625340.79,432254314.2717
2026-08-29 01:05:00,625308.1,431973445.02625495
2026-08-29 01:10:00,625259.86,432045369.05761003
2026-08-29 01:15:00,625276.75,431887880.766282
2026-08-29 01:20:00,625268.9,432078157.654238
2026-08-29 01:25:00,625310.97,432415041.9744
2026-08-29 01:30:00,625287.65,432454382.3629705
2026-08-29 01:35:00,625257.28,432402845.2991872
2026-08-29 01:40:00,625202.96,432520316.840398
2026-08-29 01:45:00,625304.02,432629092.3174
2026-08-29 01:50:00,625300.14,432466560.6174124
2026-08-29 01:55:00,625231.49,432478873.9479
2026-08-29 02:00:00,625089.19,432073944.401227
2026-08-29 02:05:00,625127.0,432081531.13
2026-08-29 02:10:00,625232.54,432267893.31667006
2026-08-29 02:15:00,625126.7,432018358.0424242
2026-08-29 02:20:00,625180.91,431631152.0731
2026-08-29 02:25:00,625053.44,431409125.7521543
2026-08-29 02:30:00,625056.1,431439765.95140505
2026-08-29 02:35:00,625067.72,431179609.6990027
2026-08-29 02:40:00,625033.71,431879542.5987
2026-08-29 02:45:00,625081.48,431514557.51309806
2026-08-29 02:50:00,625024.29,431585522.4879
2026-08-29 02:55:00,625499.11,432063510.2325
2026-08-29 03:00:00,625591.87,432034431.0018744
2026-08-29 03:05:00,625556.51,431903140.6911878
2026-08-29 03:10:00,625518.38,432039710.93113196
2026-08-29 03:15:00,625507.4,431800191.18664193
2026-08-29 03:20:00,625443.64,431738395.98555285
2026-08-29 03:25:00,625378.87,431887758.4387103
2026-08-29 03:30:00,625376.22,431847294.9588
2026-08-29 03:35:00,625393.84,431597197.882092
2026-08-29 03:40:00,625534.87,431028589.08028346
2026-08-29 03:45:00,625652.39,431318501.1421
2026-08-29 03:50:00,625678.62,431117596.3248
2026-08-29 03:55:00,625659.36,431012782.0964246
2026-08-29 04:00:00,625665.82,431003832.3646565
2026-08-29 04:05:00,625726.54,431144357.8562
2026-08-29 04:10:00,625970.86,431313280.6888455
2026-08-29 04:15:00,626592.07,431615617.91721123
2026-08-29 04:20:00,626518.37,431698418.7804634
2026-08-29 04:25:00,626539.81,432129325.6809441
2026-08-29 04:30:00,626710.09,432429962.1
2026-08-29 04:35:00,626830.93,432603399.571594
2026-08-29 04:40:00,626786.73,432721022.6574
2026-08-29 04:45:00,626854.8,432637189.287291
2026-08-29 04:50:00,626796.5,432771643.425
2026-08-29 04:55:00,626810.26,432812916.87864494
2026-08-29 05:00:00,626923.89,432859599.8505
2026-08-29 05:05:00,626802.7,433189731.0273321
2026-08-29 05:10:00,626748.09,433032790.3428
2026-08-29 05:15:00,626776.84,433221884.0396
2026-08-29 05:20:00,626836.08,433125772.5203334
2026-08-29 05:25:00,626632.19,433159501.3375
2026-08-29 05:30:00,626499.11,433092569.7519
2026-08-29 05:35:00,626425.0,432959903.0
2026-08-29 05:40:00,626359.42,433131992.364267
2026-08-29 05:45:00,626854.47,433164281.3462742
2026-08-29 05:50:00,626825.89,433230713.8735
2026-08-29 05:55:00,626643.02,432822000.93469846
2026-08-29 06:00:00,627075.37,433434495.744
2026-08-29 06:05:00,626735.85,432059160.273
2026-08-29 06:10:00,626710.89,431866474.299
2026-08-29 06:15:00,626907.1,431650614.634
2026-08-29 06:20:00,626882.27,431333272.1765936
2026-08-29 06:25:00,627042.59,431311245.5315
2026-08-29 06:30:00,627592.35,431764709.0295
2026-08-29 06:35:00,627747.72,431942001.5445529
2026-08-29 06:40:00,627844.51,431850289.3133
2026-08-29 06:45:00,627917.48,431937255.01539636
2026-08-29 06:50:00,628051.14,431992415.6262
2026-08-29 06:55:00,628101.22,431905386.2272268
2026-08-29 07:00:00,628375.96,432027323.7788
2026-08-29 07:05:00,628495.28,432624725.988
2026-08-29 07:10:00,628889.48,432504667.67548424
2026-08-29 07:15:00,628838.18,432264727.7123734
2026-08-29 07:20:00,628780.16,432342950.2144
2026-08-29 07:25:00,628802.86,432236045.31231415
2026-08-29 07:30:00,628843.2,432337645.24517906
2026-08-29 07:35:00,628876.38,432371377.5414
2026-08-29 07:40:00,628969.83,432746507.7666819
2026-08-29 07:45:00,629058.41,432829929.5846
2026-08-29 07:50:00,629093.88,432735580.05226785
2026-08-29 07:55:00,629339.03,432981812.8301968
2026-08-29 08:00:00,629211.75,433143076.5825
2026-08-29 08:05:00,630407.49,433461886.0491
2026-08-29 08:10:00,630400.33,433444354.8981
2026-08-29 08:15:00,630339.25,433723831.14
2026-08-29 08:20:00,630281.47,433829038.6157
2026-08-29 08:25:00,630315.59,433921188.43602467
2026-08-29 08:30:00,630311.19,434158347.672
2026-08-29 08:35:00,630541.48,434102486.57918775
2026-08-29 08:40:00,630563.64,433996663.084747
2026-08-29 08:45:00,630567.38,433987999.285
2026-08-29 08:50:00,630628.18,434033629.8522735
2026-08-29 08:55:00,630634.21,433961541.20955306
2026-08-29 09:00:00,631036.02,434329177.3600205
2026-08-29 09:05:00,631029.8,434381983.426
2026-08-29 09:10:00,631002.11,434308855.0890748
2026-08-29 09:15:00,630990.97,434719012.78538275
2026-08-29 09:20:00,630928.96,434276239.3624668
2026-08-29 09:25:00,630914.11,434214017.9253
2026-08-29 09:30:00,630866.9,433993618.1998026
2026-08-29 09:35:00,630788.41,434114891.6461
2026-08-29 09:40:00,630819.61,434508547.368
2026-08-29 09:45:00,630832.87,434505064.1986
2026-08-29 09:50:00,630919.6,434505674.8393848
2026-08-29 09:55:00,630897.38,434631514.0558
2026-08-29 10:00:00,631062.34,434741913.3423673
2026-08-29 10:05:00,630908.58,434572619.7943589
2026-08-29 10:10:00,630794.37,434175764.871
2026-08-29 10:15:00,630751.78,434417673.4394
2026-08-29 10:20:00,630718.25,434886470.055814
2026-08-29 10:25:00,630434.54,434590050.149
2026-08-29 10:30:00,630286.7,434455205.9612421
2026-08-29 10:35:00,630281.44,434500469.15685666
2026-08-29 10:40:00,630232.58,434544543.99001807
2026-08-29 10:45:00,630191.41,434567392.5078
2026-08-29 10:50:00,630079.5,434778321.85101944
2026-08-29 10:55:00,629886.3,434433961.5499185
2026-08-29 11:00:00,629885.54,434136010.7342
2026-08-29 11:05:00,629875.98,434232823.4338213
2026-08-29 11:10:00,629855.79,434247775.8576
2026-08-29 11:15:00,629812.01,434416318.1938867
2026-08-29 11:20:00,629739.86,434085982.8966
2026-08-29 11:25:00,629694.55,433935108.296
2026-08-29 11:30:00,629703.23,434104812.6974
2026-08-29 11:35:00,629667.71,434256632.8786
2026-08-29 11:40:00,629669.18,434144306.2264
2026-08-29 11:45:00,629572.52,433947646.02867985
2026-08-29 11:50:00,629554.85,434159911.2055
2026-08-29 11:55:00,629550.35,434200876.395
2026-08-29 12:00:00,629458.65,434125041.732
2026-08-29 12:05:00,629358.57,434109114.0031557
2026-08-29 12:10:00,629075.05,433605464.3731821
2026-08-29 12:15:00,628658.6,433569268.09116405
2026-08-29 12:20:00,628607.54,433390920.1094632
2026-08-29 12:25:00,628425.64,432761989.4848047
2026-08-29 12:30:00,628338.7,433208116.715
2026-08-29 12:35:00,628268.54,432851720.2178519
2026-08-29 12:40:00,628717.26,433085597.3784
2026-08-29 12:45:00,628702.23,433087818.1578
2026-08-29 12:50:00,628716.53,433055306.1812081
2026-08-29 12:55:00,628934.9,432820419.482
2026-08-29 13:00:00,629509.86,433543763.0043601
2026-08-29 13:05:00,629475.37,433281280.9693061
2026-08-29 13:10:00,629638.15,433547067.9066216
2026-08-29 13:15:00,628903.5,432947048.90797186
2026-08-29 13:20:00,627901.34,432008679.9468
2026-08-29 13:25:00,627905.83,432482698.5291
2026-08-29 13:30:00,627910.98,432228802.1928
2026-08-29 13:35:00,627815.9,432169631.083
2026-08-29 13:40:00,627789.84,432113649.0632923
2026-08-29 13:45:00,627783.62,432166086.20203143
2026-08-29 13:50:00,627798.11,432370836.3381
2026-08-29 13:55:00,627848.92,432489182.2251854
2026-08-29 14:00:00,627759.66,432469907.3706
2026-08-29 14:05:00,627879.55,432474503.8849666
2026-08-29 14:10:00,627839.34,432531078.1128
2026-08-29 14:15:00,627866.44,432454968.4421524
2026-08-29 14:20:00,627840.32,432406185.1904
2026-08-29 14:25:00,627746.05,432772249.6989002
2026-08-29 14:30:00,627787.72,432814873.6844847
2026-08-29 14:35:00,627832.96,432908263.0512712
2026-08-29 14:40:00,627821.61,433003681.17029166
2026-08-29 14:45:00,627385.44,433642542.2736
2026-08-29 14:50:00,626863.04,433841681.5287312
2026-08-29 14:55:00,626626.4,433654826.3909641
2026-08-29 15:00:00,626945.04,433970796.56903183
2026-08-29 15:05:00,626895.69,433379259.4539
2026-08-29 15:10:00,626656.46,433226410.4918
2026-08-29 15:15:00,626866.45,433551616.1647276
2026-08-29 15:20:00,626805.44,433210311.8016
2026-08-29 15:25:00,626811.84,433336711.53459835
2026-08-29 15:30:00,626804.92,433107630.51089346
2026-08-29 15:35:00,626897.41,432972965.1906
2026-08-29 15:40:00,626812.58,432869631.7312336
2026-08-29 15:45:00,626815.3,433067629.6578334
2026-08-29 15:50:00,626828.3,433671159.355
2026-08-29 15:55:00,626812.52,433104184.74755573
2026-08-29 16:00:00,626648.98,433077110.078
2026-08-29 16:05:00,626450.16,432989821.5888
2026-08-29 16:10:00,626358.52,432929209.3129846
2026-08-29 16:15:00,626154.43,432912054.14003253
2026-08-29 16:20:00,626566.24,433558775.4304
2026-08-29 16:25:00,626407.13,433104883.04153705
2026-08-29 16:30:00,626553.0,433430568.81
2026-08-29 16:35:00,626518.78,433695095.0794
2026-08-29 16:40:00,626356.42,433327024.77972376
2026-08-29 16:45:00,626351.65,433529607.6857439
2026-08-29 16:50:00,626359.35,433597260.0375
2026-08-29 16:55:00,626392.76,433401150.644
2026-08-29 17:00:00,626402.65,433162915.1080423
2026-08-29 17:05:00,626387.65,433369226.47020334
2026-08-29 17:10:00,626403.3,433355389.4850076
2026-08-29 17:15:00,626475.87,433481845.4996394
2026-08-29 17:20:00,626446.37,433676293.0236
2026-08-29 17:25:00,626301.27,433375426.7892
2026-08-29 17:30:00,626085.81,432840236.54247403
2026-08-29 17:35:00,626109.29,432647780.4829
2026-08-29 17:40:00,626057.75,432689563.36252946
2026-08-29 17:45:00,626061.39,432736013.3852173
2026-08-29 17:50:00,625999.23,432830745.8208193
2026-08-29 17:55:00,626068.67,432757446.7641
2026-08-29 18:00:00,626938.63,433252209.6478
2026-08-29 18:05:00,626648.19,433082830.5909
2026-08-29 18:10:00,626684.96,433415318.336
2026-08-29 18:15:00,626730.39,433427935.8123
2026-08-29 18:20:00,626733.02,433248002.0656
2026-08-29 18:25:00,626804.58,433568381.301262
2026-08-29 18:30:00,626504.71,433385876.47242224
2026-08-29 18:35:00,626144.27,433028854.2466
2026-08-29 18:40:00,626015.9,433628281.98776525
2026-08-29 18:45:00,625793.41,433480837.1729
2026-08-29 18:50:00,625666.75,434244686.07277036
2026-08-29 18:55:00,625697.29,434218907.85598093
2026-08-29 19:00:00,625801.68,434131141.4496
2026-08-29 19:05:00,625832.04,434652868.4208
2026-08-29 19:10:00,625771.93,434298234.8586
2026-08-29 19:15:00,625807.07,434344237.76592004
2026-08-29 19:20:00,625690.14,434296928.6079172
2026-08-29 19:25:00,625408.22,433949459.9961725
2026-08-29 19:30:00,625330.24,433785334.1856
2026-08-29 19:35:00,625293.42,433590963.2964
2026-08-29 19:40:00,625201.36,433533379.0648
2026-08-29 19:45:00,625503.35,433682742.6337859
2026-08-29 19:50:00,625512.04,433698772.934
2026-08-29 19:55:00,625272.07,433630065.22906375
2026-08-29 20:00:00,625737.81,434105605.6875
2026-08-29 20:05:00,625502.12,433993724.5260992
2026-08-29 20:10:00,625498.89,434039934.7599
2026-08-29 20:15:00,625155.39,433613068.58766484
2026-08-29 20:20:00,625096.25,433685527.2875
2026-08-29 20:25:00,625111.75,433402478.51
2026-08-29 20:30:00,624913.33,432978169.436496
2026-08-29 20:35:00,624884.0,432907137.52
2026-08-29 20:40:00,624855.23,432999680.1808
2026-08-29 20:45:00,625120.37,433111117.4371045
2026-08-29 20:50:00,625180.5,433127794.34222174
2026-08-29 20:55:00,625199.46,433063161.9528
2026-08-29 21:00:00,625577.05,433563998.5008278
2026-08-29 21:05:00,625417.97,433310818.40417284
2026-08-29 21:10:00,625236.54,433258269.0420146
2026-08-29 21:15:00,625464.14,433352254.30974185
2026-08-29 21:20:00,625469.95,433394383.0545
2026-08-29 21:25:00,625413.22,433317549.477
2026-08-29 21:30:00,625205.3,433236780.58092207
2026-08-29 21:35:00,625176.97,433328857.2627612
2026-08-29 21:40:00,625225.16,433387324.1572
2026-08-29 21:45:00,625188.57,433168152.6102
2026-08-29 21:50:00,625189.92,433335407.4269227
2026-08-29 21:55:00,625178.06,433354675.8502
2026-08-29 22:00:00,625171.55,433114875.76199436
2026-08-29 22:05:00,625226.49,433074153.9800832
2026-08-29 22:10:00,625591.24,433547892.44784
2026-08-29 22:15:00,625616.8,433298890.47762775
2026-08-29 22:20:00,625526.31,433120672.3071
2026-08-29 22:25:00,625530.61,433217479.2616
2026-08-29 22:30:00,626400.6,434026711.734
2026-08-29 22:35:00,626338.59,433971218.8533
2026-08-29 22:40:00,626370.33,434049727.44087964
2026-08-29 22:45:00,626362.91,434188971.77855027
2026-08-29 22:50:00,626366.07,434204204.3052839
2026-08-29 22:55:00,626359.84,434230222.6784
2026-08-29 23:00:00,626219.59,434183090.5306
2026-08-29 23:05:00,626111.89,434008239.9102
2026-08-29 23:10:00,625612.19,433858271.5264074
2026-08-29 23:15:00,625366.5,433419810.37000984
2026-08-29 23:20:00,625323.01,433523936.3728
2026-08-29 23:25:00,625152.94,432949668.597
2026-08-29 23:30:00,625043.25,433148721.8175
2026-08-29 23:35:00,625029.14,432757524.29612947
2026-08-29 23:40:00,624848.25,433021818.5063341
2026-08-29 23:45:00,624752.31,432640974.675
2026-08-29 23:50:00,624676.93,432786278.0050227
2026-08-29 23:55:00,624629.89,432737341.4931
2026-08-30 00:00:00,624593.52,432734142.3924077
2026-08-30 00:05:00,624595.06,432616291.00336516
2026-08-30 00:10:00,624686.42,432514136.6154
2026-08-30 00:15:00,624521.08,432493338.3216
2026-08-30 00:20:00,624491.34,432918930.90438664
2026-08-30 00:25:00,624366.73,432798529.9014
2026-08-30 00:30:00,624232.75,432462869.8701038
2026-08-30 00:35:00,624093.17,432494034.526999
2026-08-30 00:40:00,624037.4,432670090.916
2026-08-30 00:45:00,623996.41,432498151.7351
2026-08-30 00:50:00,623969.2,432595395.5025778
2026-08-30 00:55:00,623919.93,432326597.8956
2026-08-30 01:00:00,623917.49,432119014.3991
2026-08-30 01:05:00,623864.21,432213124.688
2026-08-30 01:10:00,623812.53,432208511.4105
2026-08-30 01:15:00,623731.35,431670795.879811
2026-08-30 01:20:00,625755.67,432732436.875974
2026-08-30 01:25:00,625899.41,432627931.1861
2026-08-30 01:30:00,625908.61,432502849.51
2026-08-30 01:35:00,625758.95,432630965.2615
2026-08-30 01:40:00,625820.34,432955027.6188
2026-08-30 01:45:00,625909.51,432954684.0051644
2026-08-30 01:50:00,625835.86,433102899.2707824
2026-08-30 01:55:00,625792.96,432845842.81302255
2026-08-30 02:00:00,625655.04,432978313.8816
2026-08-30 02:05:00,625513.33,432970029.0561801
2026-08-30 02:10:00,625476.5,432898540.415
2026-08-30 02:15:00,625467.14,433067193.0646
2026-08-30 02:20:00,625289.26,433337962.9652
2026-08-30 02:25:00,624973.35,433637758.8975
2026-08-30 02:30:00,624845.36,433561449.9432
2026-08-30 02:35:00,624900.0,433473497.254242
2026-08-30 02:40:00,624802.46,433369234.2806
2026-08-30 02:45:00,624885.16,433682497.9984702
2026-08-30 02:50:00,624823.28,433720425.95318216
2026-08-30 02:55:00,624818.28,434204967.3204
2026-08-30 03:00:00,624734.05,433656364.67680204
2026-08-30 03:05:00,624647.45,433799060.9314116
2026-08-30 03:10:00,624589.8,434229802.00143945
2026-08-30 03:15:00,624549.54,434530342.455
2026-08-30 03:20:00,624714.24,434582461.056
2026-08-30 03:25:00,624852.45,434459908.485
2026-08-30 03:30:00,624920.44,434522899.40597373
2026-08-30 03:35:00,624795.12,434853574.55682635
2026-08-30 03:40:00,624828.08,434631700.0499693
2026-08-30 03:45:00,624757.34,434562462.9838
2026-08-30 03:50:00,624747.79,434349653.5196
2026-08-30 03:55:00,624754.26,434404132.0632
2026-08-30 04:00:00,624744.02,434225948.4335142
2026-08-30 04:05:00,624545.44,434485593.5107394
2026-08-30 04:10:00,624547.36,434079151.6208
2026-08-30 04:15:00,624274.93,433828956.2457919
2026-08-30 04:20:00,624052.74,433747856.937
2026-08-30 04:25:00,623905.5,432929030.5884679
2026-08-30 04:30:00,624009.86,433069082.9386
2026-08-30 04:35:00,624008.14,432931390.63073635
2026-08-30 04:40:00,624098.53,432824812.5256
2026-08-30 04:45:00,624007.78,432599633.5628
2026-08-30 04:50:00,623702.14,432100842.592
2026-08-30 04:55:00,623846.56,432502830.3056962
2026-08-30 05:00:00,623814.12,432965782.87056255
2026-08-30 05:05:00,623669.81,433381914.2709
2026-08-30 05:10:00,623493.81,433133932.65416133
2026-08-30 05:15:00,623529.58,433091175.6764
2026-08-30 05:20:00,623612.61,432886509.6288967
2026-08-30 05:25:00,623597.38,433082144.4362
2026-08-30 05:30:00,623621.67,433292336.316
2026-08-30 05:35:00,623552.5,433075917.825
2026-08-30 05:40:00,623471.38,433075689.9756
2026-08-30 05:45:00,623704.14,433137577.0644
2026-08-30 05:50:00,623840.37,433288913.92742294
2026-08-30 05:55:00,623878.97,433302661.0341
2026-08-30 06:00:00,623827.06,433453756.0998
2026-08-30 06:05:00,623970.09,433286143.96551883
2026-08-30 06:10:00,624058.84,433202924.9628
2026-08-30 06:15:00,624167.95,433185166.5349505
2026-08-30 06:20:00,624224.64,433404975.91857946
2026-08-30 06:25:00,624232.48,433692110.5648168
2026-08-30 06:30:00,624232.69,433691142.652389
2026-08-30 06:35:00,624296.44,433667522.046
2026-08-30 06:40:00,624442.3,433744730.7868968
2026-08-30 06:45:00,624786.19,433776145.02133995
2026-08-30 06:50:00,624483.86,433910120.4438
2026-08-30 06:55:00,624552.72,433722339.8840349
2026-08-30 07:00:00,624496.89,433862969.3586
2026-08-30 07:05:00,625184.31,434090473.8054
2026-08-30 07:10:00,625035.1,433929924.6423034
2026-08-30 07:15:00,625059.62,433906756.5478047
2026-08-30 07:20:00,624989.68,433849968.0010389
2026-08-30 07:25:00,624976.71,433927884.87122095
2026-08-30 07:30:00,624977.9,433816483.3379664
2026-08-30 07:35:00,624940.59,433673695.73803467
2026-08-30 07:40:00,624956.08,433630884.2490155
2026-08-30 07:45:00,626146.87,434508358.9678
2026-08-30 07:50:00,626163.78,434282151.2568
2026-08-30 07:55:00,626180.66,434594425.2664
2026-08-30 08:00:00,626237.04,434358010.944
2026-08-30 08:05:00,626285.43,434516831.334
2026-08-30 08:10:00,626247.9,434569959.00224483
2026-08-30 08:15:00,625588.74,433751311.38779426
2026-08-30 08:20:00,625480.72,433865003.79163486
2026-08-30 08:25:00,625624.31,433887516.53171223
2026-08-30 08:30:00,625379.69,433695027.8764247
2026-08-30 08:35:00,625229.0,433627572.95
2026-08-30 08:40:00,625346.39,433239535.7464788
2026-08-30 08:45:00,625308.87,433295894.88890004
2026-08-30 08:50:00,625301.58,433233946.6872
2026-08-30 08:55:00,624939.21,433351596.3903
2026-08-30 09:00:00,624780.54,433804190.1890519
2026-08-30 09:05:00,624572.61,433990523.7846
2026-08-30 09:10:00,624508.84,433797984.2151494
2026-08-30 09:15:00,624546.2,433871843.0321746
2026-08-30 09:20:00,624697.25,433664830.95
2026-08-30 09:25:00,624803.96,433345282.5372
2026-08-30 09:30:00,624972.49,433074686.9455
2026-08-30 09:35:00,625038.57,432856544.3321873
2026-08-30 09:40:00,625318.25,432720229.0
2026-08-30 09:45:00,625180.69,432885923.3813588
2026-08-30 09:50:00,625330.89,432612396.7741321
2026-08-30 09:55:00,625366.66,432641591.0535864
2026-08-30 10:00:00,625360.99,432860600.211555
2026-08-30 10:05:00,625421.84,432760642.188
2026-08-30 10:10:00,625374.96,433065906.0504
2026-08-30 10:15:00,625487.88,432809174.4092052
2026-08-30 10:20:00,625425.74,432683282.5082
2026-08-30 10:25:00,625913.76,433138581.0576
2026-08-30 10:30:00,625073.79,432851098.0992
2026-08-30 10:35:00,624717.48,432427379.7937947
2026-08-30 10:40:00,624674.05,432520958.7385702
2026-08-30 10:45:00,625445.98,433138317.0735882
2026-08-30 10:50:00,625427.7,433161360.4991274
2026-08-30 10:55:00,625406.9,433183437.8774679
2026-08-30 11:00:00,625436.59,433242816.5858666
2026-08-30 11:05:00,625597.57,433514161.55478626
2026-08-30 11:10:00,624898.18,433853685.9430739
2026-08-30 11:15:00,624910.51,433831623.3573
2026-08-30 11:20:00,624772.25,433722283.94839764
2026-08-30 11:25:00,624740.78,433726860.333159
2026-08-30 11:30:00,624763.6,433617176.58
2026-08-30 11:35:00,624737.25,433661362.0875
2026-08-30 11:40:00,624744.37,433478881.1245
2026-08-30 11:45:00,624806.35,433484397.5665
2026-08-30 11:50:00,624818.27,433380200.2547
2026-08-30 11:55:00,624861.42,433115888.27594304
2026-08-30 12:00:00,624738.49,433085925.78509146
2026-08-30 12:05:00,624499.2,433503844.07937986
2026-08-30 12:10:00,624538.75,434354209.85
2026-08-30 12:15:00,624164.03,434489545.3020998
2026-08-30 12:20:00,624272.47,433938036.6217
2026-08-30 12:25:00,624026.46,433929033.4490473
2026-08-30 12:30:00,624091.76,434105746.4208
2026-08-30 12:35:00,623526.7,433443977.7597608
2026-08-30 12:40:00,623287.64,433524214.50217557
2026-08-30 12:45:00,623373.89,433537642.87188846
2026-08-30 12:50:00,623264.67,433474345.3383
2026-08-30 12:55:00,623237.41,433661054.6262
2026-08-30 13:00:00,622973.59,434080942.1367417
2026-08-30 13:05:00,622752.09,433883836.1448
2026-08-30 13:10:00,622682.25,433352894.82941324
2026-08-30 13:15:00,622641.7,433259000.528
2026-08-30 13:20:00,622694.66,433717200.08791786
2026-08-30 13:25:00,621974.23,433702630.579
2026-08-30 13:30:00,621186.97,433465839.40569526
2026-08-30 13:35:00,621377.11,433106059.4411
2026-08-30 13:40:00,621351.47,433293234.0898
2026-08-30 13:45:00,621083.52,433777152.0384
2026-08-30 13:50:00,620632.92,433934125.0056
2026-08-30 13:55:00,621300.13,435152398.0507
2026-08-30 14:00:00,620802.99,434382846.40471894
2026-08-30 14:05:00,620644.39,434029034.8148
2026-08-30 14:10:00,620380.0,433834980.6904882
2026-08-30 14:15:00,620392.26,434057444.709
2026-08-30 14:20:00,620436.82,433586067.2888
2026-08-30 14:25:00,620318.01,433593473.50808674
2026-08-30 14:30:00,620270.16,433599855.348
2026-08-30 14:35:00,620221.15,433432819.75614715
2026-08-30 14:40:00,620167.83,432870943.6617
2026-08-30 14:45:00,620127.24,433028650.4196
2026-08-30 14:50:00,620053.68,432959290.27420855
2026-08-30 14:55:00,620101.17,433394908.7247
2026-08-30 15:00:00,619993.43,433346641.57363
2026-08-30 15:05:00,619806.35,432748793.57
2026-08-30 15:10:00,619548.83,432869527.9724561
2026-08-30 15:15:00,620027.21,432262353.4192022
2026-08-30 15:20:00,620048.29,432668120.79146177
2026-08-30 15:25:00,620041.76,433441274.5488879
2026-08-30 15:30:00,620094.05,433280471.6545166
2026-08-30 15:35:00,620050.59,433517593.1828207
2026-08-30 15:40:00,619991.65,433234531.0687569
2026-08-30 15:45:00,619485.38,433230905.6492
2026-08-30 15:50:00,619322.99,433179272.1256
2026-08-30 15:55:00,619407.41,433529440.3331
2026-08-30 16:00:00,619324.78,433372514.805
2026-08-30 16:05:00,619139.16,433622019.63296956
2026-08-30 16:10:00,619075.37,433021538.52827567
2026-08-30 16:15:00,618286.88,434006475.416
2026-08-30 16:20:00,618230.88,434301010.8912
2026-08-30 16:25:00,618516.91,434984387.2957
2026-08-30 16:30:00,618612.45,434556687.7515
2026-08-30 16:35:00,618705.43,434995560.5321619
2026-08-30 16:40:00,618708.82,434932417.8560957
2026-08-30 16:45:00,618957.86,435598365.5720549
2026-08-30 16:50:00,619128.71,435383691.4462
2026-08-30 16:55:00,619156.79,435415820.9996
2026-08-30 17:00:00,619159.66,435915411.8207053
2026-08-30 17:05:00,619237.2,435626330.8972816
2026-08-30 17:10:00,619282.85,435289012.1797347
2026-08-30 17:15:00,619270.29,435010297.67604154
2026-08-30 17:20:00,618753.01,433623780.6722551
2026-08-30 17:25:00,618580.84,432599731.9541258
2026-08-30 17:30:00,619064.01,433127983.0867742
2026-08-30 17:35:00,619168.42,433585069.4734
2026-08-30 17:40:00,619234.32,433847949.2784
2026-08-30 17:45:00,619198.63,433965154.8002576
2026-08-30 17:50:00,619002.89,433702416.3843062
2026-08-30 17:55:00,619130.37,433886563.296
2026-08-30 18:00:00,619191.55,434226650.184
2026-08-30 18:05:00,619176.97,434464096.3096
2026-08-30 18:10:00,619097.77,433665933.47565717
2026-08-30 18:15:00,619227.53,433773857.8122548
2026-08-30 18:20:00,619260.74,434111842.9965095
2026-08-30 18:25:00,619283.77,434092809.14725316
2026-08-30 18:30:00,619336.66,434922976.1184
2026-08-30 18:35:00,619397.43,435295161.2549251
2026-08-30 18:40:00,619435.42,435331980.20823693
2026-08-30 18:45:00,619433.45,435148859.5530771
2026-08-30 18:50:00,619404.73,435066525.12261695
2026-08-30 18:55:00,619396.34,434709334.8384533
2026-08-30 19:00:00,619432.89,434917331.4566924
2026-08-30 19:05:00,619506.76,434662642.190662
2026-08-30 19:10:00,619530.47,434526281.0486
2026-08-30 19:15:00,619510.25,434800131.8059597
2026-08-30 19:20:00,619642.57,434782994.8320198
2026-08-30 19:25:00,619620.44,434161846.1036
2026-08-30 19:30:00,619643.97,434029618.7865
2026-08-30 19:35:00,619686.98,433997456.83944005
2026-08-30 19:40:00,619701.37,433456320.2602
2026-08-30 19:45:00,619654.52,433355388.562
2026-08-30 19:50:00,619647.77,433127818.3336084
2026-08-30 19:55:00,619621.51,433400461.3846
2026-08-30 20:00:00,619635.56,433713910.222
2026-08-30 20:05:00,619523.6,433722277.124
2026-08-30 20:10:00,619586.04,433925940.696476
2026-08-30 20:15:00,619496.18,433758835.3124
2026-08-30 20:20:00,619618.25,433893104.12200093
2026-08-30 20:25:00,619634.46,433985779.4394
2026-08-30 20:30:00,619657.52,433570121.550886
2026-08-30 20:35:00,619816.31,433493329.0509
2026-08-30 20:40:00,619823.79,433253076.8711542
2026-08-30 20:45:00,619990.21,432123268.6288489
2026-08-30 20:50:00,620485.82,433366004.7574034
2026-08-30 20:55:00,620334.82,433390718.6448
2026-08-30 21:00:00,620497.82,433067344.3314182
2026-08-30 21:05:00,620863.49,432201701.2937
2026-08-30 21:10:00,620896.25,432289477.4934736
2026-08-30 21:15:00,620835.03,432294349.72624034
2026-08-30 21:20:00,621071.78,432402594.6716
2026-08-30 21:25:00,621344.12,432708403.42478025
2026-08-30 21:30:00,621415.47,433213580.7558
2026-08-30 21:35:00,621459.57,433654487.946
2026-08-30 21:40:00,621456.22,433335207.6438
2026-08-30 21:45:00,621563.69,433264266.3910608
2026-08-30 21:50:00,621693.67,433033561.3163082
2026-08-30 21:55:00,621657.61,433136116.45508355
2026-08-30 22:00:00,621691.0,433505134.3
2026-08-30 22:05:00,621660.8,433870840.7141998
2026-08-30 22:10:00,621587.63,433375736.4920878
2026-08-30 22:15:00,621575.67,432591803.2932
2026-08-30 22:20:00,621817.0,432666486.77
2026-08-30 22:25:00,621952.55,432201225.43759006
2026-08-30 22:30:00,622104.21,432182015.7291
2026-08-30 22:35:00,621590.55,431433568.944
2026-08-30 22:40:00,621722.19,431835341.6897837
2026-08-30 22:45:00,621703.99,431801040.93863016
2026-08-30 22:50:00,621963.45,431567829.70475024
2026-08-30 22:55:00,622108.15,431699508.5295
2026-08-30 23:00:00,622180.01,431895490.04820347
2026-08-30 23:05:00,622361.21,431507921.3414
2026-08-30 23:10:00,622254.06,431651418.8814
2026-08-30 23:15:00,622620.25,431754959.76070535
2026-08-30 23:20:00,622700.15,431587246.9635
2026-08-30 23:25:00,622616.26,429433717.2793965
2026-08-30 23:30:00,622608.65,427524409.1739275
2026-08-30 23:35:00,622371.95,427581977.089
2026-08-30 23:40:00,622327.0,426144636.52
2026-08-30 23:45:00,622246.0,425504259.72
2026-08-30 23:50:00,618409.26,421554052.8449101
2026-08-30 23:55:00,618574.52,423370958.7236
2026-08-31 00:00:00,618444.95,423653344.0985
2026-08-31 00:05:00,618883.71,424496636.241232
2026-08-31 00:10:00,618770.28,422484212.8884273
2026-08-31 00:15:00,618883.84,424043753.0072537
2026-08-31 00:20:00,619409.15,425101694.1012167
2026-08-31 00:25:00,619281.23,425808999.4742784
2026-08-31 00:30:00,619372.56,425515142.4456
2026-08-31 00:35:00,619543.12,425726377.69703376
2026-08-31 00:40:00,619929.25,426257153.0075
2026-08-31 00:45:00,620063.61,426271964.5295697
2026-08-31 00:50:00,619958.91,425809170.28904134
2026-08-31 00:55:00,620149.11,426362939.7043894
2026-08-31 01:00:00,620230.25,425823595.34263605
2026-08-31 01:05:00,620454.41,425317192.20687187
2026-08-31 01:10:00,620493.84,424683264.148286
2026-08-31 01:15:00,620630.32,425038674.652
2026-08-31 01:20:00,620510.08,425514787.36
2026-08-31 01:25:00,620452.26,425585704.72319883
2026-08-31 01:30:00,620428.51,425467348.58049005
2026-08-31 01:35:00,620408.25,424861773.6825
2026-08-31 01:40:00,620418.69,425483137.602
2026-08-31 01:45:00,620418.81,424782146.6427
2026-08-31 01:50:00,620418.85,424648505.2908068
2026-08-31 01:55:00,620403.32,424144933.7512
2026-08-31 02:00:00,620623.78,424022578.9716
2026-08-31 02:05:00,621077.0,424351717.26794153
2026-08-31 02:10:00,621164.18,424876476.2573892
2026-08-31 02:15:00,621121.78,425921838.1994
2026-08-31 02:20:00,621282.59,425629308.99337196
2026-08-31 02:25:00,621282.64,425510267.3096
2026-08-31 02:30:00,621338.04,425877519.3768
2026-08-31 02:35:00,621421.17,425460035.4171272
2026-08-31 02:40:00,621639.89,425580885.0929
2026-08-31 02:45:00,621735.85,425390323.4507059
2026-08-31 02:50:00,621644.04,425136142.5156
2026-08-31 02:55:00,622035.55,424711799.631121
2026-08-31 03:00:00,622039.55,425207258.7744217
2026-08-31 03:05:00,621902.15,425816373.29849243
2026-08-31 03:10:00,621797.71,425870150.43733364
2026-08-31 03:15:00,622140.4,425948424.86
2026-08-31 03:20:00,622170.71,425583238.6847584
2026-08-31 03:25:00,622155.9,426337948.2192559
2026-08-31 03:30:00,622259.93,426363975.96365935
2026-08-31 03:35:00,622203.18,426136959.33867025
2026-08-31 03:40:00,621991.9,426624244.21
2026-08-31 03:45:00,621895.61,427204970.3334
2026-08-31 03:50:00,622158.21,427186270.1502
2026-08-31 03:55:00,622155.69,426941899.1487
2026-08-31 04:00:00,622179.01,426592698.80655116
2026-08-31 04:05:00,622300.53,425904040.44979465
2026-08-31 04:10:00,622526.53,426119455.752359
2026-08-31 04:15:00,622610.15,426043662.12543887
2026-08-31 04:20:00,622869.17,425892115.579551
2026-08-31 04:25:00,622933.35,425799862.059
2026-08-31 04:30:00,623020.83,425773512.4125547
2026-08-31 04:35:00,623081.51,425957212.6813
2026-08-31 04:40:00,622942.0,425911674.82
2026-08-31 04:45:00,623251.92,426273168.3718895
2026-08-31 04:50:00,623391.21,425956859.7596477
2026-08-31 04:55:00,623294.72,426383452.0576
2026-08-31 05:00:00,623706.06,426465379.18542993
2026-08-31 05:05:00,623712.57,426759448.4086163
2026-08-31 05:10:00,623756.91,426982722.316177
2026-08-31 05:15:00,623746.02,427172846.779281
2026-08-31 05:20:00,623215.25,428044852.7142247
2026-08-31 05:25:00,622687.96,427786628.52
2026-08-31 05:30:00,622634.05,427690513.62477064
2026-08-31 05:35:00,622532.82,427810779.2322
2026-08-31 05:40:00,622446.87,427104368.7879
2026-08-31 05:45:00,622173.66,427402195.737
2026-08-31 05:50:00,622384.62,427758725.4798
2026-08-31 05:55:00,622364.88,427583343.5064
2026-08-31 06:00:00,623550.53,428422862.6471
2026-08-31 06:05:00,623566.16,428502931.6821658
2026-08-31 06:10:00,623500.13,428269769.2944
2026-08-31 06:15:00,623496.5,428368071.67353266
2026-08-31 06:20:00,623537.77,428784852.1708963
2026-08-31 06:25:00,623623.71,428286055.3167
2026-08-31 06:30:00,623637.76,428464382.78973585
2026-08-31 06:35:00,623903.64,428259936.5688
2026-08-31 06:40:00,623865.97,428531988.5162387
2026-08-31 06:45:00,624048.1,428511547.79012454
2026-08-31 06:50:00,624088.29,428806528.8842872
2026-08-31 06:55:00,624084.15,428807230.6223869
2026-08-31 07:00:00,624068.34,428616376.5954
2026-08-31 07:05:00,623959.72,428694005.8284494
2026-08-31 07:10:00,623904.92,428566751.7305556
2026-08-31 07:15:00,624114.08,428928642.6208
2026-08-31 07:20:00,624127.15,429230964.8695
2026-08-31 07:25:00,624283.31,429617782.0924293
2026-08-31 07:30:00,624515.62,429504372.4988
2026-08-31 07:35:00,624769.61,429529106.875
2026-08-31 07:40:00,625307.3,430248940.838
2026-08-31 07:45:00,625173.03,430019016.9552
2026-08-31 07:50:00,626171.29,430573808.984606
2026-08-31 07:55:00,626162.36,430643163.09
2026-08-31 08:00:00,624557.2,429140567.14003026
2026-08-31 08:05:00,624549.88,428403744.6872
2026-08-31 08:10:00,624978.2,428797543.02
2026-08-31 08:15:00,624998.99,429018056.7057
2026-08-31 08:20:00,625268.23,428627624.3473
2026-08-31 08:25:00,625246.38,428437576.9674
2026-08-31 08:30:00,625177.55,428805690.25632644
2026-08-31 08:35:00,625089.37,428917573.0129
2026-08-31 08:40:00,625123.08,429247014.1128
2026-08-31 08:45:00,624878.79,429588558.0341958
2026-08-31 08:50:00,624700.81,429365860.3931274
2026-08-31 08:55:00,624798.73,429678853.53540653
2026-08-31 09:00:00,624914.11,429865917.9868
2026-08-31 09:05:00,625045.89,429954384.7904989
2026-08-31 09:10:00,624862.65,430742819.151
2026-08-31 09:15:00,625068.12,430171432.6539781
2026-08-31 09:20:00,625595.12,430816079.388
2026-08-31 09:25:00,625588.0,430948805.56
2026-08-31 09:30:00,625674.88,430590048.14608026
2026-08-31 09:35:00,625730.35,430496223.4965
2026-08-31 09:40:00,625641.41,430321477.95439416
2026-08-31 09:45:00,625637.16,430415783.14989275
2026-08-31 09:50:00,625767.06,430521479.6094
2026-08-31 09:55:00,625717.17,429736295.1843
2026-08-31 10:00:00,625903.98,429745672.668
2026-08-31 10:05:00,626153.56,429647788.2652
2026-08-31 10:10:00,626160.32,429502148.2976
2026-08-31 10:15:00,626338.83,430169508.444
2026-08-31 10:20:00,626848.21,430137756.592108
2026-08-31 10:25:00,626830.94,430150195.9562
2026-08-31 10:30:00,626891.57,430229415.5753
2026-08-31 10:35:00,626819.98,430286843.4708
2026-08-31 10:40:00,626808.81,430730044.4670738
2026-08-31 10:45:00,626979.03,431160939.3504
2026-08-31 10:50:00,626950.58,431304382.0052
2026-08-31 10:55:00,627091.18,432611392.3466
2026-08-31 11:00:00,627194.67,432354424.7615504
2026-08-31 11:05:00,627629.45,432163196.5024032
2026-08-31 11:10:00,627573.67,432111242.55648243
2026-08-31 11:15:00,627605.08,432193962.2912
2026-08-31 11:20:00,627609.34,432322993.7917283
2026-08-31 11:25:00,627638.7,432016269.984
2026-08-31 11:30:00,627410.5,431644479.8706527
2026-08-31 11:35:00,627463.95,431387740.2645
2026-08-31 11:40:00,627484.59,431407010.64261425
2026-08-31 11:45:00,627382.82,431313141.0936
2026-08-31 11:50:00,627421.33,431296684.857218
2026-08-31 11:55:00,627453.96,431337952.7769646
2026-08-31 12:00:00,627542.04,431384949.1368
2026-08-31 12:05:00,627620.75,432386763.2975
2026-08-31 12:10:00,627647.11,432304499.9547
2026-08-31 12:15:00,627735.08,432289762.842
2026-08-31 12:20:00,627804.41,432846028.5186
2026-08-31 12:25:00,628515.9,432480233.70470935
2026-08-31 12:30:00,628317.22,432081185.8496
2026-08-31 12:35:00,628065.99,431729376.06322795
2026-08-31 12:40:00,628171.98,431076739.5552
2026-08-31 12:45:00,628016.16,430975977.23438346
2026-08-31 12:50:00,627880.96,430594483.5584
2026-08-31 12:55:00,627805.74,430608703.2430204
2026-08-31 13:00:00,627726.74,430943700.5985447
2026-08-31 13:05:00,627603.23,430818134.1936017
2026-08-31 13:10:00,627550.69,430836480.32853866
2026-08-31 13:15:00,627449.48,431164459.1716
2026-08-31 13:20:00,627473.39,430704009.6299
2026-08-31 13:25:00,627495.59,431108295.1977
2026-08-31 13:30:00,627559.42,431045780.3709041
2026-08-31 13:35:00,627544.42,430806820.2639653
2026-08-31 13:40:00,627422.16,431007652.812
2026-08-31 13:45:00,627181.65,430662077.45226634
2026-08-31 13:50:00,627034.59,430431984.5900782
2026-08-31 13:55:00,627305.11,430280890.80513245
2026-08-31 14:00:00,627207.25,430125355.73896486
2026-08-31 14:05:00,627311.89,430668431.8417
2026-08-31 14:10:00,627234.6,430581458.91332585
2026-08-31 14:15:00,627075.51,430067197.0233
2026-08-31 14:20:00,626896.55,430533743.6435
2026-08-31 14:25:00,626876.21,429832364.7445198
2026-08-31 14:30:00,626807.43,430460179.43128866
2026-08-31 14:35:00,626675.37,430337976.579
2026-08-31 14:40:00,626431.47,431379503.1861
2026-08-31 14:45:00,624679.34,431515994.4852
2026-08-31 14:50:00,624711.61,431150964.7576
2026-08-31 14:55:00,625086.65,431674378.3022233
2026-08-31 15:00:00,624779.75,431737269.8515825
2026-08-31 15:05:00,624533.14,431277605.1584
2026-08-31 15:10:00,624468.13,430937456.8764249
2026-08-31 15:15:00,624232.07,430083411.5886
2026-08-31 15:20:00,624347.48,429956892.102
2026-08-31 15:25:00,624737.37,430522001.74691206
2026-08-31 15:30:00,624764.79,430831551.5361
2026-08-31 15:35:00,624883.99,431163704.2601
2026-08-31 15:40:00,624841.93,430870959.02785146
2026-08-31 15:45:00,624521.55,431613088.4205
2026-08-31 15:50:00,624855.45,431662641.969
2026-08-31 15:55:00,624793.38,431310191.82837176
2026-08-31 16:00:00,625181.07,431288944.4125045
2026-08-31 16:05:00,625291.18,431239319.0162487
2026-08-31 16:10:00,625337.34,431259757.11047786
2026-08-31 16:15:00,625407.81,431526453.64436525
2026-08-31 16:20:00,625562.8,431481941.3
2026-08-31 16:25:00,625413.5,430611096.6163938
2026-08-31 16:30:00,625939.85,431191184.4695
2026-08-31 16:35:00,625877.21,431325756.9879402
2026-08-31 16:40:00,625798.54,431326695.9752931
2026-08-31 16:45:00,625790.75,431883228.205
2026-08-31 16:50:00,625756.69,431609419.3606
2026-08-31 16:55:00,625699.32,431820128.7048
2026-08-31 17:00:00,625614.7,431367591.797
2026-08-31 17:05:00,625707.75,431500578.555
2026-08-31 17:10:00,625670.83,431475117.7846
2026-08-31 17:15:00,625560.12,431693374.53401464
2026-08-31 17:20:00,625511.6,431378840.540084
2026-08-31 17:25:00,625464.83,431358074.6578
2026-08-31 17:30:00,625361.26,431136559.8692
2026-08-31 17:35:00,625245.74,431313268.8242
2026-08-31 17:40:00,625207.67,431887741.5120572
2026-08-31 17:45:00,625483.7,432590781.757
2026-08-31 17:50:00,624938.58,432444998.5884
2026-08-31 17:55:00,626767.99,434529436.1369601
2026-08-31 18:00:00,626748.71,434474740.7462
2026-08-31 18:05:00,626580.5,433897801.48192114
2026-08-31 18:10:00,626545.41,434082424.22752
2026-08-31 18:15:00,626520.15,434516784.831
2026-08-31 18:20:00,625935.31,434477011.9655411
2026-08-31 18:25:00,626001.21,433631038.167
2026-08-31 18:30:00,626312.6,433875404.06586134
2026-08-31 18:35:00,626261.27,433942696.5957
2026-08-31 18:40:00,626304.65,434242066.031
2026-08-31 18:45:00,625723.67,434702748.0224
2026-08-31 18:50:00,626077.78,434435371.542
2026-08-31 18:55:00,626003.3,434070688.22
2026-08-31 19:00:00,625859.16,433825936.9545108
2026-08-31 19:05:00,625830.43,434049046.3069706
2026-08-31 19:10:00,626187.17,434793416.8444571
2026-08-31 19:15:00,625966.32,434539559.6808
2026-08-31 19:20:00,625640.34,433800057.53769505
2026-08-31 19:25:00,625176.0,433559556.0
2026-08-31 19:30:00,624338.36,432488028.2784133
2026-08-31 19:35:00,624155.4,432377411.796
2026-08-31 19:40:00,624081.4,432163887.872
2026-08-31 19:45:00,624115.38,432092951.52699167
2026-08-31 19:50:00,624085.09,432316223.5448
2026-08-31 19:55:00,624032.94,431804509.2889984
2026-08-31 20:00:00,624065.09,431784395.1201
2026-08-31 20:05:00,624108.09,431882798.28
2026-08-31 20:10:00,624100.98,431728093.9248
2026-08-31 20:15:00,624154.23,431903781.9477319
2026-08-31 20:20:00,624180.66,432476053.8942
2026-08-31 20:25:00,624196.7,432274940.651
2026-08-31 20:30:00,624080.87,431770349.9095
2026-08-31 20:35:00,624104.96,431183886.57294196
2026-08-31 20:40:00,623875.73,430997621.3654325
2026-08-31 20:45:00,623872.6,431376709.27
2026-08-31 20:50:00,623892.12,431212605.5309627
2026-08-31 20:55:00,623944.99,431507835.33452153
2026-08-31 21:00:00,623967.36,431567024.544
2026-08-31 21:05:00,623953.44,431364465.748857
2026-08-31 21:10:00,623894.59,431316063.48461354
2026-08-31 21:15:00,623814.47,431115065.54254204
2026-08-31 21:20:00,623802.57,430947767.4588
2026-08-31 21:25:00,623823.18,431196514.2417133
2026-08-31 21:30:00,623748.65,431495770.1891803
2026-08-31 21:35:00,623598.03,431629612.4448
2026-08-31 21:40:00,623496.22,431509263.9376
2026-08-31 21:45:00,623299.07,431829070.16132164
2026-08-31 21:50:00,623183.13,431953154.7282
2026-08-31 21:55:00,623173.39,431856577.6807559
2026-08-31 22:00:00,623239.32,431879919.1872
2026-08-31 22:05:00,623151.38,431579234.2510989
2026-08-31 22:10:00,623172.48,431819977.3084063
2026-08-31 22:15:00,623273.1,431331668.1259859
2026-08-31 22:20:00,623314.13,431165083.1449
2026-08-31 22:25:00,623340.71,431025358.4086687
2026-08-31 22:30:00,623429.4,431086732.9202209
2026-08-31 22:35:00,623464.93,431180151.7188614
2026-08-31 22:40:00,623520.61,431088414.87941414
2026-08-31 22:45:00,623518.54,431036265.2325239
2026-08-31 22:50:00,623438.27,430852930.2438182
2026-08-31 22:55:00,623452.73,431005354.78888255
2026-08-31 23:00:00,623475.55,431102169.0475
2026-08-31 23:05:00,623489.04,430463068.1064
2026-08-31 23:10:00,623463.58,430925557.2244
2026-08-31 23:15:00,623500.29,430812062.11325014
2026-08-31 23:20:00,623539.4,430984197.886
2026-08-31 23:25:00,623630.9,430981684.9689505
2026-08-31 23:30:00,623705.59,431136421.8769856
2026-08-31 23:35:00,623714.45,431105190.6955
2026-08-31 23:40:00,623591.63,431188668.4798
2026-08-31 23:45:00,623595.33,431066507.8158
2026-08-31 23:50:00,623605.29,431096036.1852825
2026-08-31 23:55:00,623573.13,431101167.6384916
2026-09-01 00:00:00,623423.81,431209780.9008
2026-09-01 00:05:00,623410.91,431300603.9744
2026-09-01 00:10:00,623520.75,431862941.865
2026-09-01 00:15:00,623592.36,432256967.84809077
2026-09-01 00:20:00,623665.28,432617894.7776
2026-09-01 00:25:00,623553.21,432596274.9696
2026-09-01 00:30:00,623445.23,432111471.7219844
2026-09-01 00:35:00,623453.97,431986533.92226017
2026-09-01 00:40:00,623267.83,432142749.9305
2026-09-01 00:45:00,623915.19,432616553.5941
2026-09-01 00:50:00,623910.37,433174730.7873
2026-09-01 00:55:00,623852.71,432676627.0554231
2026-09-01 01:00:00,623728.29,432566302.64931226
2026-09-01 01:05:00,623426.34,432601038.10337394
2026-09-01 01:10:00,623375.23,432522669.5832
2026-09-01 01:15:00,623320.95,431729033.7345499
2026-09-01 01:20:00,623378.63,431961306.4900623
2026-09-01 01:25:00,623358.26,431893150.4675754
2026-09-01 01:30:00,623203.18,431056509.65603423
2026-09-01 01:35:00,622874.09,430817093.0894
2026-09-01 01:40:00,623064.78,431484821.4456
2026-09-01 01:45:00,623132.69,431863565.60123473
2026-09-01 01:50:00,623238.58,431663990.66897297
2026-09-01 01:55:00,623187.35,431166863.2104298
2026-09-01 02:00:00,623197.73,431191092.6128276
2026-09-01 02:05:00,623031.61,430656077.2341551
2026-09-01 02:10:00,622934.51,430430197.5537265
2026-09-01 02:15:00,622898.12,430520367.48331183
2026-09-01 02:20:00,622919.6,430493844.21690345
2026-09-01 02:25:00,622915.79,430532854.46537155
2026-09-01 02:30:00,623295.28,430538269.8079553
2026-09-01 02:35:00,623171.73,430776818.95650744
2026-09-01 02:40:00,623209.35,430786156.66238433
2026-09-01 02:45:00,623100.28,430900673.4270234
2026-09-01 02:50:00,623105.43,431273495.8127585
2026-09-01 02:55:00,623058.14,431230999.8568
2026-09-01 03:00:00,623012.86,431613350.3916797
2026-09-01 03:05:00,622920.56,431814761.3976
2026-09-01 03:10:00,622845.64,431553615.9349417
2026-09-01 03:15:00,623149.66,431880103.3596
2026-09-01 03:20:00,623228.48,431994637.1207193
2026-09-01 03:25:00,623218.07,431756952.1447777
2026-09-01 03:30:00,623326.09,431906567.0297563
2026-09-01 03:35:00,622976.96,432570281.9456
2026-09-01 03:40:00,622539.5,432559120.785
2026-09-01 03:45:00,622589.63,432325411.7935774
2026-09-01 03:50:00,622600.26,432065902.4322
2026-09-01 03:55:00,622764.95,432155281.7535
2026-09-01 04:00:00,622691.53,432060745.0058
2026-09-01 04:05:00,622693.71,432089488.3839276
2026-09-01 04:10:00,622889.4,432134461.62875825
2026-09-01 04:15:00,622927.36,431963818.3151602
2026-09-01 04:20:00,622920.02,432076013.4726
2026-09-01 04:25:00,623039.6,432276320.10996693
2026-09-01 04:30:00,622901.85,432250280.7705
2026-09-01 04:35:00,622982.68,432019799.0996
2026-09-01 04:40:00,623013.08,431848560.2875646
2026-09-01 04:45:00,623129.51,431778900.0692
2026-09-01 04:50:00,623234.1,432044575.143
2026-09-01 04:55:00,623197.56,431751269.568
2026-09-01 05:00:00,623302.38,431705461.4118
2026-09-01 05:05:00,623212.58,432141835.0978
2026-09-01 05:10:00,623046.06,431988502.3480971
2026-09-01 05:15:00,623172.45,431538718.39474684
2026-09-01 05:20:00,623242.88,431452348.5376
2026-09-01 05:25:00,623334.88,431189887.2253977
2026-09-01 05:30:00,623436.98,432235092.6038
2026-09-01 05:35:00,623438.57,432429460.9234
2026-09-01 05:40:00,623398.8,432427245.56837267
2026-09-01 05:45:00,623471.9,432802958.5213742
2026-09-01 05:50:00,623564.78,432810078.1502
2026-09-01 05:55:00,623523.44,432881148.22
2026-09-01 06:00:00,623540.19,432955130.9265
2026-09-01 06:05:00,623574.91,432655554.566766
2026-09-01 06:10:00,623589.32,432136261.0431759
2026-09-01 06:15:00,623737.05,432106316.1285
2026-09-01 06:20:00,623863.42,431607429.8586
2026-09-01 06:25:00,623899.79,431100149.0652492
2026-09-01 06:30:00,624337.67,431696358.0811603
2026-09-01 06:35:00,623951.97,431412871.0974
2026-09-01 06:40:00,623866.84,431304101.1656
2026-09-01 06:45:00,623976.24,431540074.4962457
2026-09-01 06:50:00,623690.33,431231967.9686
2026-09-01 06:55:00,623950.25,431099706.73
2026-09-01 07:00:00,623694.49,430908001.7687069
2026-09-01 07:05:00,623660.64,430771862.65365463
2026-09-01 07:10:00,623746.99,430865708.2823
2026-09-01 07:15:00,623921.91,430762056.50115186
2026-09-01 07:20:00,623722.06,430693513.99141276
2026-09-01 07:25:00,623769.6,430588154.88
2026-09-01 07:30:00,623545.55,430096834.5000358
2026-09-01 07:35:00,623487.92,430410686.30175406
2026-09-01 07:40:00,623664.08,430116169.4128
2026-09-01 07:45:00,623525.31,430431991.9992
2026-09-01 07:50:00,623467.63,430647796.0699
2026-09-01 07:55:00,623611.26,430654529.0214154
2026-09-01 08:00:00,623603.45,430804327.3038772
2026-09-01 08:05:00,623540.98,430690895.7176313
2026-09-01 08:10:00,623464.08,429590442.76127464
2026-09-01 08:15:00,623518.82,429816680.6564032
2026-09-01 08:20:00,623035.67,429159430.2094
2026-09-01 08:25:00,622925.67,428572860.96
2026-09-01 08:30:00,622763.61,427658810.46396965
2026-09-01 08:35:00,623058.58,428302929.0636
2026-09-01 08:40:00,623339.66,428632074.6917613
2026-09-01 08:45:00,623450.75,428491465.9675
2026-09-01 08:50:00,623360.7,428213750.9485768
2026-09-01 08:55:00,623217.3,428063034.678
2026-09-01 09:00:00,623197.77,427966358.3255938
2026-09-01 09:05:00,623108.38,427973276.38929343
2026-09-01 09:10:00,623018.13,427944923.3157
2026-09-01 09:15:00,623627.34,428247460.0868934
2026-09-01 09:20:00,620304.81,425863592.1496121
2026-09-01 09:25:00,620264.61,425935707.687
2026-09-01 09:30:00,620245.06,425835741.71989375
2026-09-01 09:35:00,620322.88,426021434.1884954
2026-09-01 09:40:00,620798.82,425973526.3194
2026-09-01 09:45:00,620863.16,426589151.9228858
2026-09-01 09:50:00,620893.42,426299213.2378
2026-09-01 09:55:00,620921.7,426219089.73481214
2026-09-01 10:00:00,620939.62,426219526.91972464
2026-09-01 10:05:00,620896.97,425991202.1473
2026-09-01 10:10:00,620876.48,426057858.1056
2026-09-01 10:15:00,620626.36,426252390.3116
2026-09-01 10:20:00,620908.84,426502282.196
2026-09-01 10:25:00,620977.82,427027817.4794
2026-09-01 10:30:00,620933.5,426944112.24004763
2026-09-01 10:35:00,620843.67,427121217.5184582
2026-09-01 10:40:00,620886.56,427635618.2
2026-09-01 10:45:00,621004.12,427455765.9196
2026-09-01 10:50:00,620676.37,426758451.7209
2026-09-01 10:55:00,620686.44,426430204.8732
2026-09-01 11:00:00,620686.7,426424176.634
2026-09-01 11:05:00,620740.25,426417514.7375
2026-09-01 11:10:00,620772.85,426191600.1675
2026-09-01 11:15:00,620618.31,426121947.1799916
2026-09-01 11:20:00,620650.25,426188113.67
2026-09-01 11:25:00,620731.61,426275018.5353
2026-09-01 11:30:00,620725.27,426388602.4684
2026-09-01 11:35:00,620749.17,426698674.4631862
2026-09-01 11:40:00,620673.99,427141633.1781
2026-09-01 11:45:00,620526.25,426884828.425
2026-09-01 11:50:00,620571.91,426754891.0688
2026-09-01 11:55:00,620687.2,427082448.576
2026-09-01 12:00:00,620648.33,426813650.0577
2026-09-01 12:05:00,620835.31,426681483.5037
2026-09-01 12:10:00,620760.62,426568075.2454
2026-09-01 12:15:00,620808.27,426592230.19972706
2026-09-01 12:20:00,620847.1,426362811.98943555
2026-09-01 12:25:00,620869.88,426423296.6235745
2026-09-01 12:30:00,620876.72,426671905.95681715
2026-09-01 12:35:00,620818.45,426247739.5855
2026-09-01 12:40:00,620895.33,425704912.9534926
2026-09-01 12:45:00,620821.87,426349419.2225
2026-09-01 12:50:00,620874.75,426680803.9525568
2026-09-01 12:55:00,620956.85,426789810.60923606
2026-09-01 13:00:00,620931.31,426575456.4777714
2026-09-01 13:05:00,620898.11,425780878.9325
2026-09-01 13:10:00,620557.4,425454153.44
2026-09-01 13:15:00,620443.3,425635312.5921603
2026-09-01 13:20:00,620622.76,425852719.2292
2026-09-01 13:25:00,620628.3,425769349.9341905
2026-09-01 13:30:00,620627.65,426091913.1075
2026-09-01 13:35:00,620619.95,425999739.8795
2026-09-01 13:40:00,620018.37,424566579.7013784
2026-09-01 13:45:00,620128.47,425625175.3845
2026-09-01 13:50:00,620245.02,426275794.8954
2026-09-01 13:55:00,620069.24,426111581.728
2026-09-01 14:00:00,620171.45,426374073.5895
2026-09-01 14:05:00,620392.3,426715072.63673776
2026-09-01 14:10:00,620383.27,427270365.7144
2026-09-01 14:15:00,620555.12,427017272.06299144
2026-09-01 14:20:00,620548.85,426751444.145
2026-09-01 14:25:00,620613.66,426853816.1198944
2026-09-01 14:30:00,620530.67,426762214.77418894
2026-09-01 14:35:00,620549.82,427149263.0988
2026-09-01 14:40:00,620598.91,427120993.8184
2026-09-01 14:45:00,620579.02,427423800.025
2026-09-01 14:50:00,620575.14,427328041.404
2026-09-01 14:55:00,620563.33,426905084.3639862
2026-09-01 15:00:00,620653.04,426752398.17462826
2026-09-01 15:05:00,620691.28,425553453.22973275
2026-09-01 15:10:00,620660.69,425450489.7812
2026-09-01 15:15:00,620777.97,425741947.3854
2026-09-01 15:20:00,620888.14,425761624.2422
2026-09-01 15:25:00,620774.9,425813728.303391
2026-09-01 15:30:00,620864.88,426163461.6464084
2026-09-01 15:35:00,620914.98,426482891.42576766
2026-09-01 15:40:00,620885.9,426486524.71
2026-09-01 15:45:00,620900.18,426657767.6888
2026-09-01 15:50:00,620826.59,426812072.3591
2026-09-01 15:55:00,620687.71,426634453.3763541
2026-09-01 16:00:00,620563.54,426376797.0632
2026-09-01 16:05:00,620377.54,426039397.98825973
2026-09-01 16:10:00,620134.08,425622619.010578
2026-09-01 16:15:00,620175.24,425034785.70045185
2026-09-01 16:20:00,620496.28,425006514.81291646
2026-09-01 16:25:00,620310.15,424490641.848
2026-09-01 16:30:00,620505.8,425207804.508
2026-09-01 16:35:00,620441.85,424744463.3569252
2026-09-01 16:40:00,620860.65,425301962.463
2026-09-01 16:45:00,620823.88,424678625.02753997
2026-09-01 16:50:00,620960.59,425022685.4314
2026-09-01 16:55:00,620955.99,425212033.2723
2026-09-01 17:00:00,620998.03,424920904.9379938
2026-09-01 17:05:00,620881.19,424763448.5147
2026-09-01 17:10:00,620791.55,424757994.341
2026-09-01 17:15:00,620639.94,424677679.3032351
2026-09-01 17:20:00,620642.81,424863227.39179
2026-09-01 17:25:00,620497.42,425229842.74733406
2026-09-01 17:30:00,620442.23,425124248.9043117
2026-09-01 17:35:00,620842.64,426016473.1044
2026-09-01 17:40:00,620942.36,425922992.9948
2026-09-01 17:45:00,620899.93,425732755.5683381
2026-09-01 17:50:00,621011.47,425124896.6673389
2026-09-01 17:55:00,620911.26,424560492.2502
2026-09-01 18:00:00,621157.31,424389902.7765559
2026-09-01 18:05:00,621065.99,424136553.88897467
2026-09-01 18:10:00,621038.09,423648079.4542197
2026-09-01 18:15:00,621390.04,423850146.284
2026-09-01 18:20:00,621454.07,423418562.1707436
2026-09-01 18:25:00,621508.41,423474944.6533652
2026-09-01 18:30:00,621150.22,422400784.1066
2026-09-01 18:35:00,622052.69,422424194.02359664
2026-09-01 18:40:00,621297.05,420692658.496
2026-09-01 18:45:00,621312.85,419758961.46
2026-09-01 18:50:00,621576.26,421267094.4524
2026-09-01 18:55:00,621957.23,422333837.4592
2026-09-01 19:00:00,622004.37,422894551.1193
2026-09-01 19:05:00,621822.47,423548157.2158
2026-09-01 19:10:00,621635.44,422848858.9968
2026-09-01 19:15:00,621566.33,422850236.7566301
2026-09-01 19:20:00,621734.96,423171465.8248
2026-09-01 19:25:00,621631.78,423252958.77208525
2026-09-01 19:30:00,621688.95,423786706.5465
2026-09-01 19:35:00,621648.77,423454467.47642416
2026-09-01 19:40:00,621635.71,423209591.368
2026-09-01 19:45:00,621730.13,423236568.6962
2026-09-01 19:50:00,621883.1,422893647.05285436
2026-09-01 19:55:00,621982.7,422790866.9939653
2026-09-01 20:00:00,621999.6,423087243.8829762
2026-09-01 20:05:00,622091.24,422914740.5918325
2026-09-01 20:10:00,622171.88,423008439.4932
2026-09-01 20:15:00,622365.8,424034485.3011817
2026-09-01 20:20:00,622081.08,423948256.02
2026-09-01 20:25:00,621960.86,423723275.0922
2026-09-01 20:30:00,621959.31,423645149.01092297
2026-09-01 20:35:00,621938.97,423478244.673
2026-09-01 20:40:00,621347.98,423169041.779
2026-09-01 20:45:00,621008.75,422770336.825
2026-09-01 20:50:00,620867.32,422296140.6964243
2026-09-01 20:55:00,621041.75,422960483.8375
2026-09-01 21:00:00,621087.58,423216948.2163841
2026-09-01 21:05:00,620686.6,422951636.21746504
2026-09-01 21:10:00,621554.37,422700480.4059
2026-09-01 21:15:00,621576.27,422066830.3897374
2026-09-01 21:20:00,621902.23,422272237.7700231
2026-09-01 21:25:00,624137.89,425056627.2267
2026-09-01 21:30:00,624126.25,424924413.1650445
2026-09-01 21:35:00,624370.74,424456020.0983636
2026-09-01 21:40:00,624377.43,424776423.8443483
2026-09-01 21:45:00,624468.09,424883804.166509
2026-09-01 21:50:00,624379.12,425239643.4672
2026-09-01 21:55:00,624320.82,425280511.5465319
2026-09-01 22:00:00,624335.63,425234842.5080295
2026-09-01 22:05:00,624142.14,425334144.1458
2026-09-01 22:10:00,624083.69,425454703.8482737
2026-09-01 22:15:00,624148.86,425311118.57493377
2026-09-01 22:20:00,624146.47,425149850.9699
2026-09-01 22:25:00,624018.44,424794312.8456
2026-09-01 22:30:00,624003.27,424414205.6693789
2026-09-01 22:35:00,624112.98,424315691.7126
2026-09-01 22:40:00,623903.55,424219928.3738944
2026-09-01 22:45:00,624067.59,424384683.2277
2026-09-01 22:50:00,624138.09,425319736.85181624
2026-09-01 22:55:00,624014.29,425178376.6344
2026-09-01 23:00:00,624048.33,425239013.0286
2026-09-01 23:05:00,624211.76,425050755.8544
2026-09-01 23:10:00,624189.71,425641205.1461
2026-09-01 23:15:00,624201.06,425385258.5522477
2026-09-01 23:20:00,624261.01,425548305.43928695
2026-09-01 23:25:00,624268.63,425392500.88023126
2026-09-01 23:30:00,624141.79,425681965.103639
2026-09-01 23:35:00,624058.51,426306006.4478517
2026-09-01 23:40:00,622957.71,425939633.1220749
2026-09-01 23:45:00,622750.41,425818047.8457
2026-09-01 23:50:00,622848.94,426101315.0477374
2026-09-01 23:55:00,622689.92,425682425.69751465
2026-09-02 00:00:00,622727.32,425540714.122
2026-09-02 00:05:00,622607.7,425938379.724
2026-09-02 00:10:00,622618.32,427209560.268
2026-09-02 00:15:00,621919.84,426737158.82520777
2026-09-02 00:20:00,621815.07,426524903.6189131
2026-09-02 00:25:00,621794.17,426484531.40159035
2026-09-02 00:30:00,620377.48,424070820.08424956
2026-09-02 00:35:00,620496.03,424787452.8858394
2026-09-02 00:40:00,620109.14,425153027.4754
2026-09-02 00:45:00,620149.24,424654836.7503009
2026-09-02 00:50:00,620180.25,424766933.8695017
2026-09-02 00:55:00,620148.47,424533067.1334282
2026-09-02 01:00:00,620238.59,424382902.18118155
2026-09-02 01:05:00,620168.38,424324081.1861564
2026-09-02 01:10:00,620276.16,424166065.3607751
2026-09-02 01:15:00,620301.51,424943752.4406
2026-09-02 01:20:00,620326.96,424883660.106452
2026-09-02 01:25:00,620496.56,425213882.6368
2026-09-02 01:30:00,620462.92,424297363.2128
2026-09-02 01:35:00,620476.36,424050585.9685513
2026-09-02 01:40:00,620429.45,423399669.5635
2026-09-02 01:45:00,620827.34,423315718.4653329
2026-09-02 01:50:00,620725.9,422751581.454
2026-09-02 01:55:00,620437.81,422363039.1575
2026-09-02 02:00:00,620425.22,423713199.7468
2026-09-02 02:05:00,620161.09,423030797.79452616
2026-09-02 02:10:00,618980.16,422961522.9312
2026-09-02 02:15:00,618841.74,423102097.638
2026-09-02 02:20:00,618649.48,423391331.1224
2026-09-02 02:25:00,618559.28,423787333.9136
2026-09-02 02:30:00,618296.4,423978207.408
2026-09-02 02:35:00,618350.22,423967972.23064256
2026-09-02 02:40:00,618126.1,423735351.32291013
2026-09-02 02:45:00,617873.26,423679782.80611026
2026-09-02 02:50:00,617893.29,423714479.99675167
2026-09-02 02:55:00,617991.25,423768329.92028046
2026-09-02 03:00:00,617996.93,423816282.4850261
2026-09-02 03:05:00,618081.83,424414532.462435
2026-09-02 03:10:00,616871.97,424396473.100528
2026-09-02 03:15:00,616451.52,424261351.67312557
2026-09-02 03:20:00,616345.44,424347671.9856
2026-09-02 03:25:00,616527.04,424515858.6624
2026-09-02 03:30:00,616304.26,424596656.8844
2026-09-02 03:35:00,615433.91,423451291.399479
2026-09-02 03:40:00,615241.77,423903199.2277885
2026-09-02 03:45:00,615151.7,423298187.804
2026-09-02 03:50:00,615095.69,423412835.36612946
2026-09-02 03:55:00,614538.08,422513366.1424
2026-09-02 04:00:00,614423.42,422625005.2128
2026-09-02 04:05:00,614149.05,422344160.1945
2026-09-02 04:10:00,614206.37,422002015.2112014
2026-09-02 04:15:00,613811.0,421632914.01
2026-09-02 04:20:00,613789.87,421692054.3861
2026-09-02 04:25:00,613750.11,421627913.0667
2026-09-02 04:30:00,613849.34,421688320.595458
2026-09-02 04:35:00,613919.17,422026711.07422906
2026-09-02 04:40:00,613957.74,422263072.3003631
2026-09-02 04:45:00,613870.39,422127973.6835
2026-09-02 04:50:00,613759.72,421967689.43301225
2026-09-02 04:55:00,613942.29,422361598.4055
2026-09-02 05:00:00,613864.16,422369235.288
2026-09-02 05:05:00,613425.24,421374065.8608
2026-09-02 05:10:00,613246.51,421306484.8351
2026-09-02 05:15:00,613279.82,422089836.115
2026-09-02 05:20:00,612861.07,422059033.0769
2026-09-02 05:25:00,612612.58,422322860.4004
2026-09-02 05:30:00,612571.09,422594417.8583
2026-09-02 05:35:00,612103.89,421757943.3267
2026-09-02 05:40:00,611896.07,421614749.1121
2026-09-02 05:45:00,611835.47,421703862.98648924
2026-09-02 05:50:00,611668.68,421892355.3432
2026-09-02 05:55:00,611493.24,421549002.88763714
2026-09-02 06:00:00,611439.9,421378875.891199
2026-09-02 06:05:00,610973.69,421156383.9908
2026-09-02 06:10:00,610972.92,421154192.9993553
2026-09-02 06:15:00,610654.67,420625020.1538469
2026-09-02 06:20:00,610339.35,420175626.2336767
2026-09-02 06:25:00,609608.53,419172921.3133
2026-09-02 06:30:00,608831.56,418487489.2702502
2026-09-02 06:35:00,608858.88,418718340.3648
2026-09-02 06:40:00,608772.54,418868523.0081091
2026-09-02 06:45:00,608767.47,419039120.38527113
2026-09-02 06:50:00,608711.98,418976455.834
2026-09-02 06:55:00,608735.51,418832497.3901572
2026-09-02 07:00:00,608782.06,419179002.303613
2026-09-02 07:05:00,608729.76,419256534.9024
2026-09-02 07:10:00,608717.38,419187300.55774933
2026-09-02 07:15:00,608495.35,419291692.1396505
2026-09-02 07:20:00,608398.12,418972299.1142107
2026-09-02 07:25:00,608379.67,419060250.45106596
2026-09-02 07:30:00,608250.89,418902387.943
2026-09-02 07:35:00,608167.1,418913623.9573563
2026-09-02 07:40:00,608154.91,418994406.7936
2026-09-02 07:45:00,608106.62,418880355.5818003
2026-09-02 07:50:00,608077.37,418761060.01952857
2026-09-02 07:55:00,608027.1,418338643.31241983
2026-09-02 08:00:00,608114.97,418407423.9588
2026-09-02 08:05:00,608181.2,418492667.23232776
2026-09-02 08:10:00,608163.66,418507822.629
2026-09-02 08:15:00,608166.95,418295267.8568167
2026-09-02 08:20:00,608015.02,418040727.001
2026-09-02 08:25:00,607943.89,417680476.8457684
2026-09-02 08:30:00,607912.05,417501837.699
2026-09-02 08:35:00,607558.34,416701235.4332268
2026-09-02 08:40:00,607513.9,416705934.288
2026-09-02 08:45:00,607467.44,416106877.005841
2026-09-02 08:50:00,607716.57,415880181.3411791
2026-09-02 08:55:00,608200.12,415692618.0176
2026-09-02 09:00:00,608173.11,415921847.21631926
2026-09-02 09:05:00,607705.96,416548614.9384393
2026-09-02 09:10:00,607515.48,416554429.2047095
2026-09-02 09:15:00,607372.84,416372303.0052
2026-09-02 09:20:00,607309.0,416170985.1427081
2026-09-02 09:25:00,607211.82,416184406.1412375
2026-09-02 09:30:00,607274.15,416814758.3355
2026-09-02 09:35:00,607261.96,415361876.1096175
2026-09-02 09:40:00,607330.25,414928026.8
2026-09-02 09:45:00,607972.09,414965270.3086
2026-09-02 09:50:00,608214.68,415696487.3396
2026-09-02 09:55:00,608344.17,415764031.16613793
2026-09-02 10:00:00,608276.89,415956149.9394598
2026-09-02 10:05:00,608209.4,415495622.70393574
2026-09-02 10:10:00,607861.2,415011155.688
2026-09-02 10:15:00,607924.12,415272966.372
2026-09-02 10:20:00,607880.18,415923776.7596
2026-09-02 10:25:00,608157.85,415894827.301
2026-09-02 10:30:00,608174.38,415666392.4989996
2026-09-02 10:35:00,608212.73,415378290.67847466
2026-09-02 10:40:00,608187.03,415193674.91069984
2026-09-02 10:45:00,608245.94,415572425.3990817
2026-09-02 10:50:00,608180.41,414640754.3620859
2026-09-02 10:55:00,608073.1,414797065.165
2026-09-02 11:00:00,608014.58,415468522.8056
2026-09-02 11:05:00,608166.38,414632310.8428872
2026-09-02 11:10:00,608375.17,415404491.2607957
2026-09-02 11:15:00,608263.13,415644444.6229
2026-09-02 11:20:00,608257.04,415025943.5328
2026-09-02 11:25:00,607980.38,414387267.4004
2026-09-02 11:30:00,608060.07,414924249.1869591
2026-09-02 11:35:00,608168.23,416133029.6952
2026-09-02 11:40:00,608080.62,416200780.359
2026-09-02 11:45:00,608000.3,415800737.7560965
2026-09-02 11:50:00,607906.41,415552663.7478
2026-09-02 11:55:00,607824.72,415600152.3
2026-09-02 12:00:00,607932.45,415959540.939
2026-09-02 12:05:00,607833.22,415358816.2397569
2026-09-02 12:10:00,607932.12,415673587.05
2026-09-02 12:15:00,608062.84,415978791.73801285
2026-09-02 12:20:00,608081.93,416128707.1569
2026-09-02 12:25:00,607687.94,416649082.3022
2026-09-02 12:30:00,607712.71,416622630.823334
2026-09-02 12:35:00,607718.16,416214013.4208
2026-09-02 12:40:00,607569.28,415737010.36317223
2026-09-02 12:45:00,607459.72,415804811.05143845
2026-09-02 12:50:00,607431.4,415480234.5962984
2026-09-02 12:55:00,607285.11,415108718.86952305
2026-09-02 13:00:00,607122.49,414974293.1399
2026-09-02 13:05:00,607247.81,415746140.6384
2026-09-02 13:10:00,607200.75,415851321.306657
2026-09-02 13:15:00,607146.91,415435775.2956899
2026-09-02 13:20:00,607141.34,415709675.498
2026-09-02 13:25:00,607074.96,415735188.07706803
2026-09-02 13:30:00,607107.2,416032478.4972227
2026-09-02 13:35:00,607242.51,415911334.95538044
2026-09-02 13:40:00,607415.65,415748184.6306378
2026-09-02 13:45:00,606076.03,417689417.5951
2026-09-02 13:50:00,605799.9,416408633.0638393
2026-09-02 13:55:00,605757.43,416404997.6173701
2026-09-02 14:00:00,605721.19,416633615.40350807
2026-09-02 14:05:00,605962.22,416748067.38451433
2026-09-02 14:10:00,605856.79,416893819.4666703
2026-09-02 14:15:00,606096.24,417539699.736
2026-09-02 14:20:00,605748.8,416997473.92
2026-09-02 14:25:00,605857.4,417101665.9915217
2026-09-02 14:30:00,606121.56,417302571.6288
2026-09-02 14:35:00,606182.65,416750571.875
2026-09-02 14:40:00,606089.34,416779513.8391611
2026-09-02 14:45:00,606267.47,417468514.49026906
2026-09-02 14:50:00,606141.68,416924527.5256271
2026-09-02 14:55:00,606033.37,416369166.5248
2026-09-02 15:00:00,605902.11,415963916.5572
2026-09-02 15:05:00,605445.79,415729968.30765593
2026-09-02 15:10:00,605396.05,415114017.5245
2026-09-02 15:15:00,605631.3,414605786.92885053
2026-09-02 15:20:00,605324.32,415543039.1936
2026-09-02 15:25:00,605204.4,414982605.036
2026-09-02 15:30:00,605228.78,415347934.2199375
2026-09-02 15:35:00,605206.72,416084632.90910554
2026-09-02 15:40:00,605225.39,415874574.4846
2026-09-02 15:45:00,605087.16,416523848.3292
2026-09-02 15:50:00,605129.9,415771067.2622289
2026-09-02 15:55:00,605165.29,415964794.8446294
2026-09-02 16:00:00,605136.26,416339798.2426
2026-09-02 16:05:00,605145.67,416576227.7713
2026-09-02 16:10:00,605060.65,416370217.63469404
2026-09-02 16:15:00,605081.11,416543512.2809783
2026-09-02 16:20:00,605153.99,416951099.11
2026-09-02 16:25:00,605421.36,417298808.2933297
2026-09-02 16:30:00,605168.22,416648580.3768019
2026-09-02 16:35:00,605280.73,416739516.04917634
2026-09-02 16:40:00,605680.72,416887512.4458775
2026-09-02 16:45:00,606255.61,416667355.6408
2026-09-02 16:50:00,607319.68,417471548.032
2026-09-02 16:55:00,607297.75,417314096.88044286
2026-09-02 17:00:00,607099.17,416828219.1303
2026-09-02 17:05:00,606852.95,416561327.27996624
2026-09-02 17:10:00,606584.74,416024446.1165103
2026-09-02 17:15:00,606402.63,416063824.70276594
2026-09-02 17:20:00,606210.8,415466127.8942659
2026-09-02 17:25:00,606112.25,415612999.2293597
2026-09-02 17:30:00,606064.53,415716511.0724579
2026-09-02 17:35:00,606044.76,416307343.13754505
2026-09-02 17:40:00,606086.92,416076891.5573072
2026-09-02 17:45:00,605959.33,416529580.93440896
2026-09-02 17:50:00,605889.98,416894718.5386
2026-09-02 17:55:00,606029.18,416757217.60375196
2026-09-02 18:00:00,606139.88,417109097.0232
2026-09-02 18:05:00,606343.73,416915843.7822179
2026-09-02 18:10:00,606464.24,417217046.5928506
2026-09-02 18:15:00,606568.64,417035959.55533576
2026-09-02 18:20:00,606488.95,417220257.71024215
2026-09-02 18:25:00,606624.24,417216646.37268895
2026-09-02 18:30:00,606623.38,416962580.243
2026-09-02 18:35:00,606679.39,417055601.7273614
2026-09-02 18:40:00,606754.58,416840396.46
2026-09-02 18:45:00,607146.31,416920026.50701696
2026-09-02 18:50:00,606949.75,416983630.71840763
2026-09-02 18:55:00,607261.12,417492020.0
2026-09-02 19:00:00,607245.93,417481576.875
2026-09-02 19:05:00,607151.52,417379716.81560796
2026-09-02 19:10:00,607442.2,417793060.62477607
2026-09-02 19:15:00,607109.54,417594386.8654859
2026-09-02 19:20:00,606806.85,416941174.8522871
2026-09-02 19:25:00,606724.31,416713848.5587324
2026-09-02 19:30:00,606813.36,416286101.2272
2026-09-02 19:35:00,607106.58,416450829.6168
2026-09-02 19:40:00,607201.55,416600983.455
2026-09-02 19:45:00,607317.89,416832633.8015
2026-09-02 19:50:00,607326.19,416759378.1018
2026-09-02 19:55:00,607453.07,416858747.8653463
2026-09-02 20:00:00,607582.2,417378592.29
2026-09-02 20:05:00,607551.07,417946532.0744
2026-09-02 20:10:00,607433.27,417737934.1117
2026-09-02 20:15:00,607394.02,417693274.50981545
2026-09-02 20:20:00,607496.95,417350050.35170376
2026-09-02 20:25:00,607357.38,418020402.860497
2026-09-02 20:30:00,607401.08,417588242.5
2026-09-02 20:35:00,607521.01,418035206.981
2026-09-02 20:40:00,607387.08,417719595.2968627
2026-09-02 20:45:00,607383.85,417539953.844
2026-09-02 20:50:00,607561.88,417867933.8450716
2026-09-02 20:55:00,607382.67,417769948.0794
2026-09-02 21:00:00,607439.43,417831722.6370705
2026-09-02 21:05:00,607319.02,417919971.27534
2026-09-02 21:10:00,607279.96,417838976.478
2026-09-02 21:15:00,607225.49,417804040.4893636
2026-09-02 21:20:00,607146.74,417644857.03604454
2026-09-02 21:25:00,607132.09,417974016.0396
2026-09-02 21:30:00,607006.84,417547865.0992
2026-09-02 21:35:00,607105.82,417510764.1433082
2026-09-02 21:40:00,607100.41,417842928.1866
2026-09-02 21:45:00,606597.21,417605783.2524
2026-09-02 21:50:00,606691.64,417294643.8248
2026-09-02 21:55:00,606796.18,417415718.7633277
2026-09-02 22:00:00,606789.42,417150074.5394638
2026-09-02 22:05:00,606759.74,416965293.328
2026-09-02 22:10:00,606742.53,416674365.0522
2026-09-02 22:15:00,606802.01,416830504.7293
2026-09-02 22:20:00,606826.99,416561924.7334905
2026-09-02 22:25:00,606826.82,416465716.50482595
2026-09-02 22:30:00,606707.19,416267870.1309
2026-09-02 22:35:00,606714.74,416655280.5476
2026-09-02 22:40:00,606729.5,416835301.09
2026-09-02 22:45:00,606756.34,416944213.8958873
2026-09-02 22:50:00,606746.89,416744101.3965
2026-09-02 22:55:00,606737.48,416670897.0152
2026-09-02 23:00:00,606697.27,416541568.8372055
2026-09-02 23:05:00,606885.3,416893787.982
2026-09-02 23:10:00,606941.42,417527141.6464
2026-09-02 23:15:00,606838.32,417322712.664
2026-09-02 23:20:00,606894.11,417021218.7454
2026-09-02 23:25:00,606868.97,417022150.1149
2026-09-02 23:30:00,606820.39,417182949.9211
2026-09-02 23:35:00,606857.37,417214441.875
2026-09-02 23:40:00,606801.53,417151779.8138
2026-09-02 23:45:00,606816.16,417046744.4682763
2026-09-02 23:50:00,606730.96,417618987.0776
2026-09-02 23:55:00,606744.28,417778468.7021363
2026-09-03 00:00:00,607158.13,418374452.6391
2026-09-03 00:05:00,606954.32,418673844.97004944
2026-09-03 00:10:00,606860.26,417947338.77827984
2026-09-03 00:15:00,606924.89,417827248.58255345
2026-09-03 00:20:00,606757.54,417752872.6782874
2026-09-03 00:25:00,606820.67,417850645.1553
2026-09-03 00:30:00,606812.97,417513037.26592016
2026-09-03 00:35:00,607191.83,417201506.393
2026-09-03 00:40:00,607180.46,417691582.0432
2026-09-03 00:45:00,607218.96,417678728.046061
2026-09-03 00:50:00,607236.22,417766374.6356
2026-09-03 00:55:00,607257.04,417883932.076
2026-09-03 01:00:00,607068.39,417444736.3822625
2026-09-03 01:05:00,607263.48,417562791.96897095
2026-09-03 01:10:00,607298.2,418555992.422
2026-09-03 01:15:00,607262.06,419089765.4678
2026-09-03 01:20:00,607449.26,419036723.0258
2026-09-03 01:25:00,607540.75,419463511.19086576
2026-09-03 01:30:00,607380.23,420020842.7394487
2026-09-03 01:35:00,607652.64,420368019.8256
2026-09-03 01:40:00,607524.48,420022715.1725549
2026-09-03 01:45:00,607433.95,419975513.4213974
2026-09-03 01:50:00,607404.34,419673880.6362
2026-09-03 01:55:00,607486.46,419839967.3706
2026-09-03 02:00:00,607615.19,419570440.9988
2026-09-03 02:05:00,607600.98,419536871.79077846
2026-09-03 02:10:00,607652.19,419473234.506618
2026-09-03 02:15:00,607752.88,420370512.0384
2026-09-03 02:20:00,607813.76,420315371.3152
2026-09-03 02:25:00,607883.12,420582173.0656
2026-09-03 02:30:00,607985.1,421014506.2230294
2026-09-03 02:35:00,607810.06,421996446.5574
2026-09-03 02:40:00,607417.05,421368264.0832989
2026-09-03 02:45:00,607265.3,421674480.7369553
2026-09-03 02:50:00,607339.68,421894582.1088
2026-09-03 02:55:00,607382.16,422294594.3832
2026-09-03 03:00:00,607242.43,421738464.6818476
2026-09-03 03:05:00,607252.31,421329870.2473
2026-09-03 03:10:00,607192.86,421124679.9816
2026-09-03 03:15:00,607382.74,421481104.7682
2026-09-03 03:20:00,607272.0,421191713.76
2026-09-03 03:25:00,607334.29,420894809.6558
2026-09-03 03:30:00,607298.14,420748297.3548
2026-09-03 03:35:00,607693.74,421168223.4444
2026-09-03 03:40:00,607659.72,420834739.086
2026-09-03 03:45:00,607600.55,420660088.7815
2026-09-03 03:50:00,607634.53,420944897.0028
2026-09-03 03:55:00,607669.6,421165375.0360946
2026-09-03 04:00:00,607697.82,421137963.5082225
2026-09-03 04:05:00,607587.45,421319365.4535
2026-09-03 04:10:00,607647.27,421886029.20844686
2026-09-03 04:15:00,606496.84,420404603.15067774
2026-09-03 04:20:00,606414.98,419884621.4101081
2026-09-03 04:25:00,606663.8,420332882.446869
2026-09-03 04:30:00,606508.08,420061431.1272
2026-09-03 04:35:00,606484.62,420183454.71505105
2026-09-03 04:40:00,606433.26,420130898.1954
2026-09-03 04:45:00,606462.98,420070750.80156803
2026-09-03 04:50:00,606662.81,420599326.173
2026-09-03 04:55:00,606786.11,421714886.02505475
2026-09-03 05:00:00,606861.97,421749122.96855414
2026-09-03 05:05:00,606656.54,421260533.0571178
2026-09-03 05:10:00,606667.11,421093707.7221
2026-09-03 05:15:00,606793.44,420868323.4829176
2026-09-03 05:20:00,606768.34,420613515.0122833
2026-09-03 05:25:00,606436.22,419375469.8082986
2026-09-03 05:30:00,606622.51,419304010.9321943
2026-09-03 05:35:00,606768.33,420077850.2256
2026-09-03 05:40:00,606862.69,420786451.9922
2026-09-03 05:45:00,606983.44,421173669.3472
2026-09-03 05:50:00,607315.47,421721404.22658837
2026-09-03 05:55:00,607314.83,422182966.63435435
2026-09-03 06:00:00,607284.11,422534634.942608
2026-09-03 06:05:00,607314.62,422362193.87138903
2026-09-03 06:10:00,607407.63,422279034.4774639
2026-09-03 06:15:00,607384.79,422405752.2055
2026-09-03 06:20:00,608867.43,423832618.023
2026-09-03 06:25:00,608985.26,424005599.63761246
2026-09-03 06:30:00,609575.59,425044867.3952
2026-09-03 06:35:00,609595.99,424766191.3300813
2026-09-03 06:40:00,609871.09,425421677.5404
2026-09-03 06:45:00,609988.52,425515791.7816
2026-09-03 06:50:00,610041.25,425601378.475
2026-09-03 06:55:00,610879.27,426503653.0227067
2026-09-03 07:00:00,611006.53,426591613.89265186
2026-09-03 07:05:00,612033.68,428106354.0045442
2026-09-03 07:10:00,611961.74,427596026.5902
2026-09-03 07:15:00,611978.47,427662794.4054
2026-09-03 07:20:00,611921.36,427580050.3
2026-09-03 07:25:00,611712.26,427088340.7215112
2026-09-03 07:30:00,611938.37,427237011.7829
2026-09-03 07:35:00,612209.9,427468599.2832775
2026-09-03 07:40:00,612149.61,427592624.0811
2026-09-03 07:45:00,612066.43,427692816.0533001
2026-09-03 07:50:00,611954.03,427009283.0534
2026-09-03 07:55:00,611943.48,426926042.86945957
2026-09-03 08:00:00,612237.9,427586949.36
2026-09-03 08:05:00,612826.28,429229654.7748
2026-09-03 08:10:00,612786.46,429465781.04374516
2026-09-03 08:15:00,613272.68,430486757.726
2026-09-03 08:20:00,613474.86,430788181.4406
2026-09-03 08:25:00,614309.46,431970126.0828
2026-09-03 08:30:00,615029.09,432602322.5060694
2026-09-03 08:35:00,614922.85,432470142.8667519
2026-09-03 08:40:00,615129.4,432070286.11119574
2026-09-03 08:45:00,615232.99,431864148.03146327
2026-09-03 08:50:00,615400.4,431641840.56
2026-09-03 08:55:00,615615.96,432008499.93
2026-09-03 09:00:00,615611.03,431906542.5377
2026-09-03 09:05:00,615532.77,431985063.3701185
2026-09-03 09:10:00,615699.67,432725020.9438113
2026-09-03 09:15:00,615848.13,432516300.1803
2026-09-03 09:20:00,615875.79,432647280.9254468
2026-09-03 09:25:00,616274.66,433232137.0741504
2026-09-03 09:30:00,616391.34,432700556.7666
2026-09-03 09:35:00,616719.88,432887249.9463143
2026-09-03 09:40:00,616694.76,432568253.8680031
2026-09-03 09:45:00,616720.79,432979732.79377335
2026-09-03 09:50:00,617230.8,433158426.2633439
2026-09-03 09:55:00,617509.94,433281917.4550519
2026-09-03 10:00:00,617564.28,432995404.5087268
2026-09-03 10:05:00,617506.18,433682536.6972534
2026-09-03 10:10:00,617759.06,434321684.7236
2026-09-03 10:15:00,619099.83,434586706.1393133
2026-09-03 10:20:00,620484.14,436729885.0744012
2026-09-03 10:25:00,620031.52,436477388.8192
2026-09-03 10:30:00,620065.05,436122752.9175
2026-09-03 10:35:00,619957.41,435358891.5984
2026-09-03 10:40:00,619751.34,435251366.082
2026-09-03 10:45:00,619583.86,435468320.1624
2026-09-03 10:50:00,619676.9,435670477.1203702
2026-09-03 10:55:00,619748.62,437059050.4819263
2026-09-03 11:00:00,619697.9,437345595.946
2026-09-03 11:05:00,620256.54,438285676.2948
2026-09-03 11:10:00,620556.74,438315190.5562778
2026-09-03 11:15:00,620552.13,438544190.271
2026-09-03 11:20:00,623205.37,442207834.3909
2026-09-03 11:25:00,623444.46,442383719.9268
2026-09-03 11:30:00,626627.37,446359208.1984
2026-09-03 11:35:00,627563.1,447245394.477
2026-09-03 11:40:00,625576.84,444872713.9976
2026-09-03 11:45:00,626456.93,447276741.66497034
2026-09-03 11:50:00,628745.87,449084536.7675261
2026-09-03 11:55:00,628635.12,447594491.7912
2026-09-03 12:00:00,628682.97,447571980.0024
2026-09-03 12:05:00,628836.98,447795623.5572395
2026-09-03 12:10:00,628435.52,447835720.2624
2026-09-03 12:15:00,628251.02,446890069.3930788
2026-09-03 12:20:00,628053.8,446839267.88238287
2026-09-03 12:25:00,628441.88,447837081.9357647
2026-09-03 12:30:00,628569.73,447365648.2356
2026-09-03 12:35:00,628997.99,449494543.6138
2026-09-03 12:40:00,630149.46,450501695.51836246
2026-09-03 12:45:00,629885.11,449514145.8830816
2026-09-03 12:50:00,630113.26,450070998.2202
2026-09-03 12:55:00,630319.82,450609336.1198
2026-09-03 13:00:00,630552.85,450208120.0474939
2026-09-03 13:05:00,630766.39,450584155.0833766
2026-09-03 13:10:00,630519.31,449523226.81121236
2026-09-03 13:15:00,630606.47,449451183.04696965
2026-09-03 13:20:00,630632.26,449639249.88590133
2026-09-03 13:25:00,630724.82,449776176.3902
2026-09-03 13:30:00,629181.35,448021163.8945
2026-09-03 13:35:00,628947.85,448458685.4855
2026-09-03 13:40:00,628808.67,447589935.5185549
2026-09-03 13:45:00,628612.76,447803284.3739665
2026-09-03 13:50:00,628912.14,447999273.8076
2026-09-03 13:55:00,628863.05,447712759.817
2026-09-03 14:00:00,629072.7,447862251.7007637
2026-09-03 14:05:00,629324.46,448525835.8866
2026-09-03 14:10:00,629248.46,448931021.3024
2026-09-03 14:15:00,629292.1,449207579.743
2026-09-03 14:20:00,629269.47,449545188.8394282
2026-09-03 14:25:00,629827.9,450851022.32482153
2026-09-03 14:30:00,629030.43,451315457.0571015
2026-09-03 14:35:00,629913.94,453214413.51180834
2026-09-03 14:40:00,630982.18,453605581.4416018
2026-09-03 14:45:00,630799.01,453627508.0892654
2026-09-03 14:50:00,630639.22,455359355.1932
2026-09-03 14:55:00,631258.28,456008802.6754424
2026-09-03 15:00:00,631769.08,456710864.669466
2026-09-03 15:05:00,633859.98,457902512.9690701
2026-09-03 15:10:00,634535.92,457502824.87419313
2026-09-03 15:15:00,634697.83,457041502.8720208
2026-09-03 15:20:00,634811.37,456482533.3342615
2026-09-03 15:25:00,634718.88,457264175.5296
2026-09-03 15:30:00,634789.92,456680564.2464
2026-09-03 15:35:00,634913.62,457340978.7584
2026-09-03 15:40:00,634866.47,457538903.1245467
2026-09-03 15:45:00,634780.78,457555151.4732937
2026-09-03 15:50:00,635012.04,458096868.48440623
2026-09-03 15:55:00,634516.56,459873161.90959966
2026-09-03 16:00:00,638605.95,464908018.4948297
2026-09-03 16:05:00,638457.37,462276406.09785706
2026-09-03 16:10:00,638297.87,462352410.9664099
2026-09-03 16:15:00,638120.6,460875831.5950492
2026-09-03 16:20:00,638020.75,459878976.3925
2026-09-03 16:25:00,638344.2,459805710.702
2026-09-03 16:30:00,638421.85,459733958.4035
2026-09-03 16:35:00,639086.69,461427574.12573916
2026-09-03 16:40:00,639276.22,461180257.8702
2026-09-03 16:45:00,639927.01,461880118.0077
2026-09-03 16:50:00,640099.69,462734466.8979
2026-09-03 16:55:00,640211.98,462950086.9776
2026-09-03 17:00:00,640233.47,462568682.075
2026-09-03 17:05:00,640400.56,463017303.45533204
2026-09-03 17:10:00,640580.44,462973107.2056
2026-09-03 17:15:00,640776.07,463211188.56950223
2026-09-03 17:20:00,640005.54,461470232.8199249
2026-09-03 17:25:00,639711.39,461033601.6591
2026-09-03 17:30:00,640054.14,461216612.7426
2026-09-03 17:35:00,640234.12,462151137.3242339
2026-09-03 17:40:00,640434.23,462518043.9470953
2026-09-03 17:45:00,640351.55,462425134.16594326
2026-09-03 17:50:00,640338.65,463038052.57437044
2026-09-03 17:55:00,640105.46,462447235.467623
2026-09-03 18:00:00,639894.59,462183064.4652
2026-09-03 18:05:00,640055.72,462682282.62226045
2026-09-03 18:10:00,640076.35,463022921.9268014
2026-09-03 18:15:00,640241.06,462606177.903
2026-09-03 18:20:00,640146.02,462229984.1045907
2026-09-03 18:25:00,640129.26,462307752.8646
2026-09-03 18:30:00,639882.37,461177166.5583411
2026-09-03 18:35:00,639713.03,461047577.8513
2026-09-03 18:40:00,639720.92,460992336.86813825
2026-09-03 18:45:00,639612.47,460966180.224807
2026-09-03 18:50:00,639582.05,461685986.08156776
2026-09-03 18:55:00,639644.28,461980244.32446444
2026-09-03 19:00:00,639599.05,462246833.4262624
2026-09-03 19:05:00,639396.02,462669016.86193526
2026-09-03 19:10:00,639198.84,461659184.6824477
2026-09-03 19:15:00,639224.15,461477233.7235232
2026-09-03 19:20:00,639103.56,461862870.29693085
2026-09-03 19:25:00,639180.22,462875139.9174
2026-09-03 19:30:00,639074.91,463234955.91227174
2026-09-03 19:35:00,638912.64,462714663.5049249
2026-09-03 19:40:00,638893.29,463280691.3777
2026-09-03 19:45:00,638620.46,462921278.11277354
2026-09-03 19:50:00,638911.3,462026528.48248714
2026-09-03 19:55:00,638901.35,462666801.616
2026-09-03 20:00:00,639084.5,463320752.9864561
2026-09-03 20:05:00,639214.8,463173982.37617797
2026-09-03 20:10:00,639144.79,463168174.3236511
2026-09-03 20:15:00,638972.3,462190180.51895595
2026-09-03 20:20:00,638965.15,462336374.7924993
2026-09-03 20:25:00,638935.66,462029968.0251575
2026-09-03 20:30:00,639012.55,462868740.5925
2026-09-03 20:35:00,639111.26,462275565.4706
2026-09-03 20:40:00,639160.27,463595223.2950164
2026-09-03 20:45:00,639307.98,463453533.9414
2026-09-03 20:50:00,639391.42,463437295.1302
2026-09-03 20:55:00,639380.44,463310123.5044683
2026-09-03 21:00:00,639390.22,463308547.3142
2026-09-03 21:05:00,639510.58,463107981.6128
2026-09-03 21:10:00,639545.46,463419972.8268591
2026-09-03 21:15:00,639726.9,464396948.517
2026-09-03 21:20:00,639763.56,464433463.243229
2026-09-03 21:25:00,639687.18,463660422.112563
2026-09-03 21:30:00,640016.89,464356284.99798435
2026-09-03 21:35:00,639767.63,465366974.062
2026-09-03 21:40:00,639406.51,463556931.6198
2026-09-03 21:45:00,639177.1,463288769.0001275
2026-09-03 21:50:00,639133.93,463480752.0181
2026-09-03 21:55:00,639101.79,464198803.1307
2026-09-03 22:00:00,638982.35,463536703.9540927
2026-09-03 22:05:00,639018.49,463563183.2007
2026-09-03 22:10:00,638994.31,463296864.0224255
2026-09-03 22:15:00,639244.32,463548018.648
2026-09-03 22:20:00,639465.09,463944712.0968
2026-09-03 22:25:00,639589.36,463523917.3000955
2026-09-03 22:30:00,638735.96,461703901.3264
2026-09-03 22:35:00,638758.27,461209021.2708
2026-09-03 22:40:00,638448.96,461521984.2048
2026-09-03 22:45:00,638279.34,461879244.47461027
2026-09-03 22:50:00,638218.79,461600008.43229544
2026-09-03 22:55:00,638254.11,461949177.1947
2026-09-03 23:00:00,638241.75,462144468.7575
2026-09-03 23:05:00,638633.09,462632385.76229465
2026-09-03 23:10:00,638744.74,462936561.79010063
2026-09-03 23:15:00,638911.62,462706184.3202
2026-09-03 23:20:00,638979.44,463075450.31570226
2026-09-03 23:25:00,639068.91,463114067.0097
2026-09-03 23:30:00,639115.7,463466578.1737769
2026-09-03 23:35:00,639146.5,463071497.70766604
2026-09-03 23:40:00,639165.12,463886869.1424
2026-09-03 23:45:00,638954.75,463229414.655
2026-09-03 23:50:00,639219.9,463479409.372402
2026-09-03 23:55:00,639116.68,463730280.6744
2026-09-04 00:00:00,639214.99,463798659.00886804
2026-09-04 00:05:00,638773.9,463355669.68584675
2026-09-04 00:10:00,638981.85,463632450.723
2026-09-04 00:15:00,638957.05,463855815.4511222
2026-09-04 00:20:00,638885.29,464528610.3492898
2026-09-04 00:25:00,639168.78,465027245.889
2026-09-04 00:30:00,639296.79,464589763.2288
2026-09-04 00:35:00,639774.61,465508591.3522984
2026-09-04 00:40:00,639891.8,466170064.7426436
2026-09-04 00:45:00,640233.62,466490399.2614113
2026-09-04 00:50:00,640407.15,464320800.036
2026-09-04 00:55:00,640359.47,464059825.77442664
2026-09-04 01:00:00,641303.41,463117257.5315
2026-09-04 01:05:00,641899.76,463719669.4116235
2026-09-04 01:10:00,642296.15,464766847.25887626
2026-09-04 01:15:00,642241.65,464257221.5355
2026-09-04 01:20:00,642273.53,464145389.1898
2026-09-04 01:25:00,641705.47,462949994.45945626
2026-09-04 01:30:00,643331.32,463663851.2220542
2026-09-04 01:35:00,643449.78,463377437.16154903
2026-09-04 01:40:00,643565.24,463759547.5964
2026-09-04 01:45:00,643250.58,463111031.53347844
2026-09-04 01:50:00,643396.2,464030207.364
2026-09-04 01:55:00,643484.49,465035099.5295826
2026-09-04 02:00:00,643647.88,465240264.50786406
2026-09-04 02:05:00,643781.75,464906990.7625
2026-09-04 02:10:00,643861.48,464913058.8636
2026-09-04 02:15:00,643882.71,465151321.7747655
2026-09-04 02:20:00,643998.11,465255511.0182504
2026-09-04 02:25:00,643956.32,464667649.2440646
2026-09-04 02:30:00,642963.59,464033252.5389
2026-09-04 02:35:00,642940.34,464453672.2126
2026-09-04 02:40:00,642842.48,465353671.272
2026-09-04 02:45:00,642700.46,465069074.95679784
2026-09-04 02:50:00,642631.39,464655368.1489767
2026-09-04 02:55:00,642760.77,465352369.8723
2026-09-04 03:00:00,642780.13,465822760.211
2026-09-04 03:05:00,642605.2,465612449.764
2026-09-04 03:10:00,642562.67,465928617.6437
2026-09-04 03:15:00,642593.12,466134326.9600805
2026-09-04 03:20:00,642599.87,466019779.1217667
2026-09-04 03:25:00,642632.17,466158949.7963
2026-09-04 03:30:00,642649.39,465836078.116736
2026-09-04 03:35:00,642834.73,465708048.4958
2026-09-04 03:40:00,643079.58,466064064.24008954
2026-09-04 03:45:00,643103.01,466185371.949
2026-09-04 03:50:00,642681.45,465507056.1419838
2026-09-04 03:55:00,642750.29,465878265.1978
2026-09-04 04:00:00,642675.28,465309756.2256
2026-09-04 04:05:00,643046.24,466014550.130578
2026-09-04 04:10:00,643089.68,465789855.224
2026-09-04 04:15:00,643064.79,466221972.75
2026-09-04 04:20:00,643256.33,467203505.0423
2026-09-04 04:25:00,643218.53,468020874.6783652
2026-09-04 04:30:00,643817.2,469568074.82
2026-09-04 04:35:00,644243.8,468919292.268
2026-09-04 04:40:00,643923.7,467951416.9516497
2026-09-04 04:45:00,644258.86,468063801.92737865
2026-09-04 04:50:00,644297.44,468326278.30344933
2026-09-04 04:55:00,644575.75,468258499.345
2026-09-04 05:00:00,644625.35,468281639.254
2026-09-04 05:05:00,644853.33,468363422.1123
2026-09-04 05:10:00,644822.89,468417373.7261284
2026-09-04 05:15:00,644710.14,467664519.66654253
2026-09-04 05:20:00,644877.37,468193868.1674
2026-09-04 05:25:00,644703.76,467764813.068
2026-09-04 05:30:00,644610.24,467277962.976
2026-09-04 05:35:00,644658.24,466951749.5616
2026-09-04 05:40:00,645027.89,467046650.91949564
2026-09-04 05:45:00,645007.95,467526259.4135892
2026-09-04 05:50:00,644757.43,466555127.69674814
2026-09-04 05:55:00,644927.85,466727835.7665
2026-09-04 06:00:00,645504.17,468099943.5784726
2026-09-04 06:05:00,645822.09,467913994.1731579
2026-09-04 06:10:00,646021.14,468422883.4562986
2026-09-04 06:15:00,646001.79,468109054.30105
2026-09-04 06:20:00,645870.13,467629350.2239
2026-09-04 06:25:00,645888.75,466730627.2470251
2026-09-04 06:30:00,645881.5,466117967.68168575
2026-09-04 06:35:00,645973.66,465870560.6051165
2026-09-04 06:40:00,646168.56,466191230.9832
2026-09-04 06:45:00,646266.88,466489653.1349684
2026-09-04 06:50:00,646284.81,465879124.7316222
2026-09-04 06:55:00,646252.87,466032332.1431
2026-09-04 07:00:00,646146.53,465710111.4975
2026-09-04 07:05:00,646099.92,466197226.0835089
2026-09-04 07:10:00,646414.59,466608947.5392151
2026-09-04 07:15:00,646337.52,466880880.3800963
2026-09-04 07:20:00,646130.64,466540358.4071042
2026-09-04 07:25:00,645787.89,466036586.64337367
2026-09-04 07:30:00,645453.59,465365583.8541
2026-09-04 07:35:00,642182.95,461202951.031
2026-09-04 07:40:00,640582.68,459214056.7183005
2026-09-04 07:45:00,640144.7,458650648.5184833
2026-09-04 07:50:00,639005.15,457476566.988
2026-09-04 07:55:00,639183.46,456807318.8380293
2026-09-04 08:00:00,639703.85,457362664.596
2026-09-04 08:05:00,639147.77,456789123.9108491
2026-09-04 08:10:00,639379.33,458153652.7048
2026-09-04 08:15:00,639048.57,458050321.88911426
2026-09-04 08:20:00,639066.04,458420244.4821093
2026-09-04 08:25:00,639003.23,458990748.1150914
2026-09-04 08:30:00,638617.58,458878662.109
2026-09-04 08:35:00,638073.68,458424035.396
2026-09-04 08:40:00,637783.51,457864781.829
2026-09-04 08:45:00,637551.88,457486413.3570205
2026-09-04 08:50:00,636936.18,457416124.3061654
2026-09-04 08:55:00,635739.95,457580186.412
2026-09-04 09:00:00,636137.49,457698648.756594
2026-09-04 09:05:00,635589.31,457522608.9104
2026-09-04 09:10:00,635373.49,457353297.4377625
2026-09-04 09:15:00,635346.01,457502855.50853443
2026-09-04 09:20:00,635104.85,457624799.6675
2026-09-04 09:25:00,634670.91,455801511.5930459
2026-09-04 09:30:00,634585.28,456004198.57680935
2026-09-04 09:35:00,634682.27,456488875.8748
2026-09-04 09:40:00,634373.73,456695002.2198985
2026-09-04 09:45:00,634273.55,456289390.5429021
2026-09-04 09:50:00,634183.93,456250944.7599
2026-09-04 09:55:00,634187.59,456414386.4173253
2026-09-04 10:00:00,633906.8,455855058.016
2026-09-04 10:05:00,633853.66,455771350.5335701
2026-09-04 10:10:00,633708.89,454836218.0199263
2026-09-04 10:15:00,633527.92,454455554.9170535
2026-09-04 10:20:00,633028.63,454060508.4586963
2026-09-04 10:25:00,633085.64,454856942.946358
2026-09-04 10:30:00,632710.26,455423505.1878843
2026-09-04 10:35:00,632549.93,455353718.1091
2026-09-04 10:40:00,632210.44,456310529.2788
2026-09-04 10:45:00,631955.33,456113759.4275
2026-09-04 10:50:00,631867.49,456081954.282
2026-09-04 10:55:00,631439.98,455969123.9578
2026-09-04 11:00:00,631640.04,456543104.5116
2026-09-04 11:05:00,631615.58,456632799.7168
2026-09-04 11:10:00,630596.08,456357249.82950616
2026-09-04 11:15:00,630673.1,456505778.0465785
2026-09-04 11:20:00,630749.18,456668713.8118
2026-09-04 11:25:00,630446.8,456746097.664
2026-09-04 11:30:00,630764.32,457196902.0656
2026-09-04 11:35:00,630759.96,457076866.5655293
2026-09-04 11:40:00,630722.64,457178825.4916192
2026-09-04 11:45:00,630904.74,457469026.974
2026-09-04 11:50:00,631072.26,457540009.9452
2026-09-04 11:55:00,631436.36,457633501.91
2026-09-04 12:00:00,631740.77,457842905.76730937
2026-09-04 12:05:00,631751.16,457911206.4632655
2026-09-04 12:10:00,632728.43,459436767.5916
2026-09-04 12:15:00,632636.56,459464954.4312
2026-09-04 12:20:00,632884.62,459252724.503
2026-09-04 12:25:00,632715.7,459332282.7563449
2026-09-04 12:30:00,632510.75,460240122.13
2026-09-04 12:35:00,631989.37,453105153.95775026
2026-09-04 12:40:00,633017.91,454930981.3797
2026-09-04 12:45:00,631782.17,452668592.128782
2026-09-04 12:50:00,631517.35,451679355.2636943
2026-09-04 12:55:00,630707.95,452493879.9573657
2026-09-04 13:00:00,630725.3,451473169.74
2026-09-04 13:05:00,630950.28,451614609.4298631
2026-09-04 13:10:00,630578.62,450838205.60029197
2026-09-04 13:15:00,630905.03,450895438.98821485
2026-09-04 13:20:00,630955.63,451920259.23333347
2026-09-04 13:25:00,631354.88,452231224.2644032
2026-09-04 13:30:00,631547.73,451613466.2457
2026-09-04 13:35:00,631397.78,451214034.148897
2026-09-04 13:40:00,630505.05,451464544.3242099
2026-09-04 13:45:00,630511.31,451587645.630577
2026-09-04 13:50:00,630436.98,452353631.47892964
2026-09-04 13:55:00,630436.32,450916041.33398443
2026-09-04 14:00:00,630458.61,451118353.7994
2026-09-04 14:05:00,630509.31,451665864.8741729
2026-09-04 14:10:00,630685.4,451140259.4097603
2026-09-04 14:15:00,630718.28,451695203.4048
2026-09-04 14:20:00,630803.85,450696734.748
2026-09-04 14:25:00,630518.74,450122556.8147535
2026-09-04 14:30:00,630551.55,451018845.8621294
2026-09-04 14:35:00,630483.27,451015998.06319934
2026-09-04 14:40:00,630631.57,450693464.1319
2026-09-04 14:45:00,629958.51,448711262.6678107
2026-09-04 14:50:00,629994.04,446924071.9164
2026-09-04 14:55:00,629260.41,447180924.4692211
2026-09-04 15:00:00,629452.51,448217537.98090744
2026-09-04 15:05:00,629578.9,449431193.554
2026-09-04 15:10:00,629381.51,449742405.04616976
2026-09-04 15:15:00,629424.51,450239940.4932
2026-09-04 15:20:00,629631.9,450715699.296
2026-09-04 15:25:00,629830.88,451236035.6672
2026-09-04 15:30:00,629652.61,451377804.2598162
2026-09-04 15:35:00,629829.28,451284289.5000185
2026-09-04 15:40:00,630128.72,452066946.3024
2026-09-04 15:45:00,630325.83,452510913.357
2026-09-04 15:50:00,630066.53,451422445.7831165
2026-09-04 15:55:00,630180.14,451883154.06850576
2026-09-04 16:00:00,630172.7,451868341.84515893
2026-09-04 16:05:00,630294.34,451759959.67416227
2026-09-04 16:10:00,630118.76,452085005.5496
2026-09-04 16:15:00,630256.61,452019496.2322223
2026-09-04 16:20:00,630030.45,452183904.1446662
2026-09-04 16:25:00,629827.28,452647618.0797307
2026-09-04 16:30:00,630000.2,452661443.702
2026-09-04 16:35:00,629788.65,453660567.75302744
2026-09-04 16:40:00,629475.11,453243190.7565555
2026-09-04 16:45:00,629552.39,454167930.49927735
2026-09-04 16:50:00,629637.99,454104170.35158885
2026-09-04 16:55:00,629420.51,453484889.0448
2026-09-04 17:00:00,629336.2,453037242.6459533
2026-09-04 17:05:00,629229.48,452472626.7732
2026-09-04 17:10:00,629323.92,452634936.2208
2026-09-04 17:15:00,629104.69,452162704.8906
2026-09-04 17:20:00,629153.97,452037157.5062821
2026-09-04 17:25:00,629602.19,452318805.3398
2026-09-04 17:30:00,629824.03,452175864.0982
2026-09-04 17:35:00,630054.79,452543153.4654
2026-09-04 17:40:00,630049.95,452516901.49956447
2026-09-04 17:45:00,630490.51,452757435.0502188
2026-09-04 17:50:00,630217.14,452300539.2066
2026-09-04 17:55:00,630956.35,452762314.8182055
2026-09-04 18:00:00,630990.61,452617796.24196124
2026-09-04 18:05:00,630882.74,453026774.2791139
2026-09-04 18:10:00,630882.03,453200415.0708
2026-09-04 18:15:00,630929.11,452514976.2742
2026-09-04 18:20:00,630911.76,453136634.4157324
2026-09-04 18:25:00,630854.58,453332101.188
2026-09-04 18:30:00,630788.43,453193150.2671351
2026-09-04 18:35:00,630772.45,453484990.5998084
2026-09-04 18:40:00,630774.64,453469612.1495432
2026-09-04 18:45:00,630730.84,453558107.9228819
2026-09-04 18:50:00,630689.11,453268317.0337068
2026-09-04 18:55:00,630652.53,453332936.7360439
2026-09-04 19:00:00,631294.58,454096504.3398
2026-09-04 19:05:00,631385.51,454464976.2429
2026-09-04 19:10:00,631295.88,454260326.36787987
2026-09-04 19:15:00,631438.35,454698755.835
2026-09-04 19:20:00,631487.48,455427435.7125053
2026-09-04 19:25:00,631442.17,455617097.7635
2026-09-04 19:30:00,631529.45,455680074.6475
2026-09-04 19:35:00,631270.7,455316617.789
2026-09-04 19:40:00,631159.05,454868345.893313
2026-09-04 19:45:00,631161.27,454964108.34623283
2026-09-04 19:50:00,631217.37,455361575.1132818
2026-09-04 19:55:00,629832.4,453762752.58
2026-09-04 20:00:00,630120.83,453945347.1403
2026-09-04 20:05:00,629926.29,454183154.3529
2026-09-04 20:10:00,629909.36,453900072.80228955
2026-09-04 20:15:00,629946.05,453769413.31677383
2026-09-04 20:20:00,629950.12,453870172.8890048
2026-09-04 20:25:00,629781.88,453197338.6668
2026-09-04 20:30:00,629701.75,453107292.2614847
2026-09-04 20:35:00,629631.94,452967795.4274067
2026-09-04 20:40:00,629516.97,453053026.67182845
2026-09-04 20:45:00,629691.15,453106860.8055
2026-09-04 20:50:00,629635.43,452896764.799
2026-09-04 20:55:00,629662.2,452630956.08010566
2026-09-04 21:00:00,629601.25,452437242.7303724
2026-09-04 21:05:00,629559.73,452422295.10786027
2026-09-04 21:10:00,629482.56,452689969.7830046
2026-09-04 21:15:00,629473.68,452731324.314181
2026-09-04 21:20:00,629366.09,452794963.67320865
2026-09-04 21:25:00,629401.54,452728973.1872339
2026-09-04 21:30:00,629567.94,452359215.855133
2026-09-04 21:35:00,629522.83,452353341.11372226
2026-09-04 21:40:00,629506.34,452452463.39963776
2026-09-04 21:45:00,629495.52,452332358.5335659
2026-09-04 21:50:00,629474.12,452386924.5347941
2026-09-04 21:55:00,629392.04,451645278.7881108
2026-09-04 22:00:00,629250.91,451686316.06501025
2026-09-04 22:05:00,629035.4,451776773.49272776
2026-09-04 22:10:00,628984.16,451837061.1776
2026-09-04 22:15:00,628948.83,452031813.6093
2026-09-04 22:20:00,628878.44,451786271.296
2026-09-04 22:25:00,628819.16,451913465.7172
2026-09-04 22:30:00,628825.3,452029417.816939
2026-09-04 22:35:00,628831.33,451765004.0986
2026-09-04 22:40:00,628796.05,452086397.1395276
2026-09-04 22:45:00,628906.7,452234229.836
2026-09-04 22:50:00,628883.9,452072867.2058616
2026-09-04 22:55:00,628798.74,452200507.3084775
2026-09-04 23:00:00,628769.31,452136747.31166375
2026-09-04 23:05:00,628741.39,452194766.87882024
2026-09-04 23:10:00,628732.63,452322828.6746
2026-09-04 23:15:00,628595.61,452386027.7106214
2026-09-04 23:20:00,628047.48,452114169.3992248
2026-09-04 23:25:00,628283.89,452948704.8177
2026-09-04 23:30:00,628137.93,452921571.2235493
2026-09-04 23:35:00,627778.03,452427070.6604
2026-09-04 23:40:00,627627.98,452761991.54208577
2026-09-04 23:45:00,627707.98,452926360.9303645
2026-09-04 23:50:00,627648.13,452823575.1187182
2026-09-04 23:55:00,627576.45,452576282.53873724
2026-09-05 00:00:00,627477.63,452913353.334
2026-09-05 00:05:00,627649.22,452987477.6955442
2026-09-05 00:10:00,627211.64,453067649.3502312
2026-09-05 00:15:00,626646.9,452157070.695
2026-09-05 00:20:00,624869.03,450239587.39389944
2026-09-05 00:25:00,624868.29,450194151.83803415
2026-09-05 00:30:00,624828.79,450124925.62882346
2026-09-05 00:35:00,624888.22,450319446.8608
2026-09-05 00:40:00,624830.64,450284118.5445225
2026-09-05 00:45:00,624620.31,450343132.00326824
2026-09-05 00:50:00,624626.55,449781163.13420737
2026-09-05 00:55:00,624588.27,449961466.9022453
2026-09-05 01:00:00,624422.16,449583955.2
2026-09-05 01:05:00,624636.65,449876355.70693654
2026-09-05 01:10:00,624575.09,449997133.36684155
2026-09-05 01:15:00,624499.17,449483274.8097437
2026-09-05 01:20:00,624477.3,450337751.62516797
2026-09-05 01:25:00,624610.84,450275708.4476
2026-09-05 01:30:00,624688.6,451590252.1377292
2026-09-05 01:35:00,624216.06,451801342.0674
2026-09-05 01:40:00,623967.39,451003629.492
2026-09-05 01:45:00,624285.22,451367829.91275793
2026-09-05 01:50:00,624124.67,450736595.4273
2026-09-05 01:55:00,624214.08,450892881.61072886
2026-09-05 02:00:00,624322.1,449966163.590573
2026-09-05 02:05:00,624846.48,450257358.03664273
2026-09-05 02:10:00,624923.45,450669795.202
2026-09-05 02:15:00,625411.23,451348956.8438253
2026-09-05 02:20:00,625537.08,451038150.1933055
2026-09-05 02:25:00,625564.0,451206801.92
2026-09-05 02:30:00,625460.66,450800770.695
2026-09-05 02:35:00,625643.85,450982856.3955
2026-09-05 02:40:00,625678.99,451555924.7764441
2026-09-05 02:45:00,625684.46,451567902.8085524
2026-09-05 02:50:00,625715.32,451147074.61146146
2026-09-05 02:55:00,625569.62,451112417.4296095
2026-09-05 03:00:00,625676.15,451259356.61168003
2026-09-05 03:05:00,625620.56,451541639.18
2026-09-05 03:10:00,625840.7,451950861.505
2026-09-05 03:15:00,625731.94,451679873.9222057
2026-09-05 03:20:00,625662.43,452328910.3928
2026-09-05 03:25:00,626187.36,453171792.432
2026-09-05 03:30:00,626146.89,453084482.93618596
2026-09-05 03:35:00,626074.73,453182602.08522695
2026-09-05 03:40:00,626067.4,453722328.13606256
2026-09-05 03:45:00,626478.19,454228011.6595
2026-09-05 03:50:00,626582.4,453877493.088
2026-09-05 03:55:00,626500.69,453965462.1151575
2026-09-05 04:00:00,626564.1,453588548.913
2026-09-05 04:05:00,626675.75,453368571.3375
2026-09-05 04:10:00,626702.72,452856858.1607217
2026-09-05 04:15:00,626709.72,452797772.7
2026-09-05 04:20:00,626735.89,452917797.6673122
2026-09-05 04:25:00,626863.32,452777107.4028
2026-09-05 04:30:00,627319.56,452941298.26075447
2026-09-05 04:35:00,627054.39,453071878.9506
2026-09-05 04:40:00,627133.51,452978534.273
2026-09-05 04:45:00,627278.83,453259136.9814
2026-09-05 04:50:00,627183.61,452945731.3059
2026-09-05 04:55:00,627346.49,453195104.376
2026-09-05 05:00:00,627298.42,452783999.556
2026-09-05 05:05:00,627341.58,452495208.2382
2026-09-05 05:10:00,627745.89,453295307.169
2026-09-05 05:15:00,627727.18,453664710.2578
2026-09-05 05:20:00,627695.59,453556056.73821133
2026-09-05 05:25:00,627555.9,453409137.75
2026-09-05 05:30:00,627410.96,453561657.0936
2026-09-05 05:35:00,627452.72,453773807.104
2026-09-05 05:40:00,627460.21,453590985.809
2026-09-05 05:45:00,627545.17,453351181.7114
2026-09-05 05:50:00,627554.39,453194678.2824
2026-09-05 05:55:00,627641.5,453691042.83094704
2026-09-05 06:00:00,627463.19,453599414.6829
2026-09-05 06:05:00,627466.57,453457540.8076
2026-09-05 06:10:00,627431.75,453721697.7409337
2026-09-05 06:15:00,628367.81,454190536.7461
2026-09-05 06:20:00,628720.13,454690398.016
2026-09-05 06:25:00,629027.76,454755619.092
2026-09-05 06:30:00,628961.95,454789806.806
2026-09-05 06:35:00,629256.84,455783314.3488
2026-09-05 06:40:00,630044.98,458455398.38221794
2026-09-05 06:45:00,631036.69,458643776.6589
2026-09-05 06:50:00,631117.09,458526346.0728321
2026-09-05 06:55:00,631155.19,458811953.8186
2026-09-05 07:00:00,630983.24,459160193.9156
2026-09-05 07:05:00,631287.34,459413048.8116
2026-09-05 07:10:00,631543.96,459397707.3832
2026-09-05 07:15:00,638651.08,469781797.45231843
2026-09-05 07:20:00,638291.03,466971084.4506943
2026-09-05 07:25:00,638289.67,467387610.8575
2026-09-05 07:30:00,638451.37,467946547.1278
2026-09-05 07:35:00,638952.4,469757804.48
2026-09-05 07:40:00,640619.81,473821630.0703
2026-09-05 07:45:00,641676.27,473704672.8021
2026-09-05 07:50:00,642236.22,474130889.415
2026-09-05 07:55:00,643031.64,475399721.7684
2026-09-05 08:00:00,643550.87,475358029.6238828
2026-09-05 08:05:00,643777.06,476143951.3466
2026-09-05 08:10:00,644190.91,476585319.0362
2026-09-05 08:15:00,645078.03,478344711.5859
2026-09-05 08:20:00,650363.79,485860772.9574
2026-09-05 08:25:00,653206.88,489401914.8466025
2026-09-05 08:30:00,653283.71,488172785.1346
2026-09-05 08:35:00,654819.24,489235098.7812
2026-09-05 08:40:00,656068.68,492748836.5364841
2026-09-05 08:45:00,655910.71,492188837.6769
2026-09-05 08:50:00,657836.08,493818596.695574
2026-09-05 08:55:00,657945.53,494446065.795
2026-09-05 09:00:00,658525.06,493985988.5084
2026-09-05 09:05:00,658744.71,493827971.8515
2026-09-05 09:10:00,659476.6,495187789.408
2026-09-05 09:15:00,660280.15,494812353.7422962
2026-09-05 09:20:00,661349.55,496441870.7789844
2026-09-05 09:25:00,663752.55,498557815.356
2026-09-05 09:30:00,663054.27,497177983.2741
2026-09-05 09:35:00,664060.64,498643134.576
2026-09-05 09:40:00,663716.05,497041537.1968159
2026-09-05 09:45:00,656960.56,491688975.5033556
2026-09-05 09:50:00,656953.7,491269448.05825824
2026-09-05 09:55:00,657868.64,492158108.2704
2026-09-05 10:00:00,658320.62,492450156.5848
2026-09-05 10:05:00,658035.92,492596599.9920423
2026-09-05 10:10:00,658735.46,493511431.9228
2026-09-05 10:15:00,658559.02,492678841.5909909
2026-09-05 10:20:00,658345.45,492778152.7795
2026-09-05 10:25:00,660281.36,495825081.6648
2026-09-05 10:30:00,660687.31,494660193.06609666
2026-09-05 10:35:00,660513.02,494523701.8978917
2026-09-05 10:40:00,660690.79,494478244.33408284
2026-09-05 10:45:00,661354.28,494679774.3544
2026-09-05 10:50:00,661902.26,495824363.9434
2026-09-05 10:55:00,662443.58,496223236.9064
2026-09-05 11:00:00,662273.74,495793592.7434759
2026-09-05 11:05:00,662588.44,496470892.2076
2026-09-05 11:10:00,662852.5,496819922.4645318
2026-09-05 11:15:00,673816.59,508300282.8324
2026-09-05 11:20:00,674433.57,507167300.3043
2026-09-05 11:25:00,675011.85,507811414.755
2026-09-05 11:30:00,675436.81,508538399.07346904
2026-09-05 11:35:00,676231.1,508370254.047
2026-09-05 11:40:00,676155.98,507014810.8670154
2026-09-05 11:45:00,674430.16,504222623.7332089
2026-09-05 11:50:00,674401.91,504665374.85235876
2026-09-05 11:55:00,674632.21,504483780.7463695
2026-09-05 12:00:00,674620.66,504886101.944
2026-09-05 12:05:00,674623.71,506756137.6009267
2026-09-05 12:10:00,674641.28,507006414.7456
2026-09-05 12:15:00,674695.39,507690149.5012082
2026-09-05 12:20:00,674695.62,508841942.6916
2026-09-05 12:25:00,675459.29,510644458.6999541
2026-09-05 12:30:00,675445.71,511128134.5648946
2026-09-05 12:35:00,675410.03,511798704.3328
2026-09-05 12:40:00,676672.88,512548640.83904856
2026-09-05 12:45:00,676567.35,512567424.36
2026-09-05 12:50:00,677679.54,514606974.9627271
2026-09-05 12:55:00,679347.62,520122124.8244
2026-09-05 13:00:00,682242.81,520919675.1474
2026-09-05 13:05:00,684303.62,523362251.6122
2026-09-05 13:10:00,685284.78,523770010.2018
2026-09-05 13:15:00,685863.1,526421097.680708
2026-09-05 13:20:00,686649.47,526488481.1225
2026-09-05 13:25:00,687085.64,525860994.574
2026-09-05 13:30:00,687563.78,525682875.13938093
2026-09-05 13:35:00,689308.14,528203041.5192
2026-09-05 13:40:00,689854.18,527789712.6336206
2026-09-05 13:45:00,690607.48,528572632.31892985
2026-09-05 13:50:00,690496.31,527739424.7699
2026-09-05 13:55:00,690201.59,525402156.3557
2026-09-05 14:00:00,690118.2,525488117.10618925
2026-09-05 14:05:00,691342.23,527183017.4865
2026-09-05 14:10:00,691611.25,528510966.6249621
2026-09-05 14:15:00,692091.47,529041640.5827
2026-09-05 14:20:00,692769.04,528167116.096
2026-09-05 14:25:00,693262.85,529694413.171
2026-09-05 14:30:00,694300.64,531952961.7300523
2026-09-05 14:35:00,695825.26,536161264.8523493
2026-09-05 14:40:00,696885.02,535388885.4652
2026-09-05 14:45:00,700006.32,535763837.1384
2026-09-05 14:50:00,701465.01,538970640.4335
2026-09-05 14:55:00,702501.49,540863441.693852
2026-09-05 15:00:00,704078.6,542362687.0459335
2026-09-05 15:05:00,705291.68,543843361.5312
2026-09-05 15:10:00,705298.17,542827537.4703047
2026-09-05 15:15:00,705138.24,542491053.5616
2026-09-05 15:20:00,703904.27,541471320.6548
2026-09-05 15:25:00,703529.58,540022270.3122
2026-09-05 15:30:00,703551.26,539459072.7232836
2026-09-05 15:35:00,703876.35,539964664.3755
2026-09-05 15:40:00,704079.1,539811370.4855276
2026-09-05 15:45:00,704269.66,540252298.8826
2026-09-05 15:50:00,704334.09,540569024.2228577
2026-09-05 15:55:00,705524.0,544226949.1252766
2026-09-05 16:00:00,706025.2,543900499.4404414
2026-09-05 16:05:00,705882.68,543283703.7495681
2026-09-05 16:10:00,705987.47,543193819.2927
2026-09-05 16:15:00,708078.96,546247513.692
2026-09-05 16:20:00,708998.02,547435596.0290141
2026-09-05 16:25:00,709979.79,548956373.628
2026-09-05 16:30:00,709786.07,547808234.1980081
2026-09-05 16:35:00,709684.62,547880753.7486959
2026-09-05 16:40:00,709748.99,548139144.977
2026-09-05 16:45:00,710607.41,549931968.5249
2026-09-05 16:50:00,713010.76,553001815.8314172
2026-09-05 16:55:00,714913.56,555422610.438019
2026-09-05 17:00:00,714576.28,552828478.7721132
2026-09-05 17:05:00,714931.63,554213967.5435948
2026-09-05 17:10:00,715666.76,558312718.5243623
2026-09-05 17:15:00,714513.82,555886583.1384456
2026-09-05 17:20:00,713761.05,554470996.4715
2026-09-05 17:25:00,713646.66,554345709.42026
2026-09-05 17:30:00,713646.57,555292689.4575839
2026-09-05 17:35:00,715089.38,557154739.5332
2026-09-05 17:40:00,713647.52,553317039.0433714
2026-09-05 17:45:00,713517.29,554360123.2926
2026-09-05 17:50:00,713509.02,555141798.6216881
2026-09-05 17:55:00,713472.77,554653731.398
2026-09-05 18:00:00,712916.5,553615308.075
2026-09-05 18:05:00,712821.71,553780355.1303473
2026-09-05 18:10:00,712482.77,552604150.941816
2026-09-05 18:15:00,712691.96,553170118.5932
2026-09-05 18:20:00,712777.85,554313078.388
2026-09-05 18:25:00,712922.12,554838769.1112
2026-09-05 18:30:00,712682.92,554738131.2696
2026-09-05 18:35:00,712853.0,554478448.99
2026-09-05 18:40:00,713251.01,555633558.9146279
2026-09-05 18:45:00,713402.87,555536837.3446422
2026-09-05 18:50:00,713994.33,555293436.7957071
2026-09-05 18:55:00,713939.86,554680600.5592737
2026-09-05 19:00:00,714168.47,555040045.9029677
2026-09-05 19:05:00,713120.8,553388872.008
2026-09-05 19:10:00,713630.65,553306388.171
2026-09-05 19:15:00,713284.76,554143797.1964
2026-09-05 19:20:00,713303.58,554742347.1940114
2026-09-05 19:25:00,713169.77,554389044.8364779
2026-09-05 19:30:00,713432.09,555114374.9081
2026-09-05 19:35:00,713294.25,555406567.7625
2026-09-05 19:40:00,713167.51,554245027.332514
2026-09-05 19:45:00,713491.67,555278316.6663891
2026-09-05 19:50:00,713504.92,553323065.46
2026-09-05 19:55:00,713309.16,552736134.9924
2026-09-05 20:00:00,712061.96,550912541.4691966
2026-09-05 20:05:00,711798.38,549910871.1445864
2026-09-05 20:10:00,712060.6,550739378.4554386
2026-09-05 20:15:00,711979.96,550360509.08
2026-09-05 20:20:00,711566.55,549037634.3145
2026-09-05 20:25:00,711724.8,549643711.296
2026-09-05 20:30:00,711659.05,548795013.7842157
2026-09-05 20:35:00,711292.54,548047745.6595633
2026-09-05 20:40:00,711752.3,549498269.193704
2026-09-05 20:45:00,711858.61,549536830.5402696
2026-09-05 20:50:00,711935.59,549747160.607261
2026-09-05 20:55:00,711597.53,548819595.0125
2026-09-05 21:00:00,711669.02,548497469.5580603
2026-09-05 21:05:00,711973.56,548988572.6448
2026-09-05 21:10:00,711932.58,549320059.4022
2026-09-05 21:15:00,711881.06,549109455.631
2026-09-05 21:20:00,711826.21,548872449.9374402
2026-09-05 21:25:00,712067.98,548890481.7032
2026-09-05 21:30:00,711900.17,548330874.4278288
2026-09-05 21:35:00,711919.21,549238551.3229
2026-09-05 21:40:00,711841.74,549107191.8122699
2026-09-05 21:45:00,711671.97,549560211.9537
2026-09-05 21:50:00,711445.13,549349471.5808
2026-09-05 21:55:00,711475.71,549380324.3456054
2026-09-05 22:00:00,711563.03,549113190.251
2026-09-05 22:05:00,711635.0,548635003.25
2026-09-05 22:10:00,711604.86,548576186.574
2026-09-05 22:15:00,711597.37,549153136.1822777
2026-09-05 22:20:00,711309.52,548212539.7205734
2026-09-05 22:25:00,711426.97,548773421.8489
2026-09-05 22:30:00,711547.7,548503660.022
2026-09-05 22:35:00,711498.91,548416244.8389
2026-09-05 22:40:00,711034.99,547617818.2483
2026-09-05 22:45:00,710900.54,547656448.9998
2026-09-05 22:50:00,711011.28,547563274.448449
2026-09-05 22:55:00,710265.48,548559338.1684
2026-09-05 23:00:00,710189.67,547499420.3964
2026-09-05 23:05:00,710239.88,547346209.5135844
2026-09-05 23:10:00,704509.49,539853359.7766209
2026-09-05 23:15:00,704464.23,539209515.560379
2026-09-05 23:20:00,704608.25,539551775.9468343
2026-09-05 23:25:00,704834.58,539501532.5694
2026-09-05 23:30:00,704846.11,539967797.0057712
2026-09-05 23:35:00,704569.05,540749700.1845
2026-09-05 23:40:00,703896.58,539772891.6656588
2026-09-05 23:45:00,703818.82,540096486.0916
2026-09-05 23:50:00,703653.13,539783894.487487
2026-09-05 23:55:00,703424.2,539893529.706296
2026-09-06 00:00:00,703231.84,539245367.1523527
2026-09-06 00:05:00,703330.99,540298866.518
2026-09-06 00:10:00,702929.0,540053425.6684293
2026-09-06 00:15:00,702861.99,540295835.1354457
2026-09-06 00:20:00,702535.28,540261295.6162342
2026-09-06 00:25:00,702288.96,538971033.1783437
2026-09-06 00:30:00,702123.56,539560892.1532
2026-09-06 00:35:00,701855.26,539266102.755497
2026-09-06 00:40:00,701581.82,538438087.6421256
2026-09-06 00:45:00,701260.0,538741722.2551756
2026-09-06 00:50:00,701294.31,538699224.2265
2026-09-06 00:55:00,701273.85,538804464.341511
2026-09-06 01:00:00,701195.86,537964475.7506
2026-09-06 01:05:00,701103.74,538260463.9008198
2026-09-06 01:10:00,701005.54,538140922.8918
2026-09-06 01:15:00,700660.06,538185155.3572469
2026-09-06 01:20:00,700959.01,537045684.6040095
2026-09-06 01:25:00,701398.26,536885298.117
2026-09-06 01:30:00,701379.45,537286088.750053
2026-09-06 01:35:00,701156.38,537390606.7108372
2026-09-06 01:40:00,701360.74,538133054.9798
2026-09-06 01:45:00,701354.93,537995339.7044
2026-09-06 01:50:00,701949.56,537082666.8428
2026-09-06 01:55:00,701553.82,537323053.632594
2026-09-06 02:00:00,701334.85,537005081.2965
2026-09-06 02:05:00,700985.49,534922027.419
2026-09-06 02:10:00,700645.94,535314517.5382
2026-09-06 02:15:00,700602.6,534569367.9034475
2026-09-06 02:20:00,701039.68,534495813.80116427
2026-09-06 02:25:00,700755.88,533821814.2664
2026-09-06 02:30:00,700890.01,534491712.7259
2026-09-06 02:35:00,700682.25,535636546.0125
2026-09-06 02:40:00,700499.45,535172760.4558845
2026-09-06 02:45:00,700069.44,534792623.8111024
2026-09-06 02:50:00,700249.73,534793164.0593514
2026-09-06 02:55:00,701457.67,536369607.3655
2026-09-06 03:00:00,701673.92,536404324.1338459
2026-09-06 03:05:00,701646.84,536688858.8400123
2026-09-06 03:10:00,701547.33,536608885.98908347
2026-09-06 03:15:00,701431.17,536552759.1798
2026-09-06 03:20:00,701179.2,536212161.9109992
2026-09-06 03:25:00,701113.79,536002074.75804716
2026-09-06 03:30:00,700874.66,535552345.1992
2026-09-06 03:35:00,700711.89,535701247.0239
2026-09-06 03:40:00,700562.68,536427849.7028
2026-09-06 03:45:00,700192.23,536270227.0347
2026-09-06 03:50:00,699559.36,535344795.8336
2026-09-06 03:55:00,699615.43,535646561.6709
2026-09-06 04:00:00,699481.48,535278202.57
2026-09-06 04:05:00,699145.87,535070317.2284
2026-09-06 04:10:00,699073.65,534943165.1148915
2026-09-06 04:15:00,698802.26,534181029.6813844
2026-09-06 04:20:00,697823.57,533057752.8277562
2026-09-06 04:25:00,697740.29,532550276.3425
2026-09-06 04:30:00,697936.81,532338019.0012243
2026-09-06 04:35:00,697964.64,532421386.6848
2026-09-06 04:40:00,697901.22,532331134.5672
2026-09-06 04:45:00,697771.69,532545261.62459
2026-09-06 04:50:00,697330.36,532277302.25088996
2026-09-06 04:55:00,697123.86,532274980.8258
2026-09-06 05:00:00,697096.03,532113242.74662274
2026-09-06 05:05:00,697127.23,532214812.4712
2026-09-06 05:10:00,696866.12,531841254.1228
2026-09-06 05:15:00,696783.89,531293303.97095525
2026-09-06 05:20:00,696657.09,530907810.1900577
2026-09-06 05:25:00,696716.26,531123325.5060885
2026-09-06 05:30:00,696186.78,530654449.3194
2026-09-06 05:35:00,695790.76,531503623.35752577
2026-09-06 05:40:00,695600.09,532113200.8473
2026-09-06 05:45:00,694510.99,530266085.9749
2026-09-06 05:50:00,694393.69,529505525.595118
2026-09-06 05:55:00,693979.18,528321431.67010635
2026-09-06 06:00:00,693894.34,528879327.0046
2026-09-06 06:05:00,693734.17,529123953.01373035
2026-09-06 06:10:00,693668.77,529088224.5922686
2026-09-06 06:15:00,693765.14,529828437.418
2026-09-06 06:20:00,690506.26,525875757.4908
2026-09-06 06:25:00,690426.08,526326086.4038298
2026-09-06 06:30:00,690059.51,525340099.6846191
2026-09-06 06:35:00,689434.45,524673405.139
2026-09-06 06:40:00,689458.45,524981242.168
2026-09-06 06:45:00,688673.76,524728358.00835514
2026-09-06 06:50:00,688229.66,524217649.7254
2026-09-06 06:55:00,688266.04,524141951.50395083
2026-09-06 07:00:00,688567.59,523717623.2781
2026-09-06 07:05:00,688618.12,524217430.0312
2026-09-06 07:10:00,688368.66,523042955.6043489
2026-09-06 07:15:00,687297.89,520872284.89592963
2026-09-06 07:20:00,687142.72,520854181.76
2026-09-06 07:25:00,686716.64,519940636.8096
2026-09-06 07:30:00,685980.17,519204671.0696
2026-09-06 07:35:00,685698.59,518737840.3209
2026-09-06 07:40:00,685718.61,518657728.1452433
2026-09-06 07:45:00,685757.07,519015238.4295
2026-09-06 07:50:00,685392.06,519218755.053
2026-09-06 07:55:00,683852.44,517830112.9114776
2026-09-06 08:00:00,683317.25,517243825.56
2026-09-06 08:05:00,682940.89,517460296.3190963
2026-09-06 08:10:00,681840.65,516237893.8829116
2026-09-06 08:15:00,682333.09,515734642.7456
2026-09-06 08:20:00,682276.58,516022768.3241271
2026-09-06 08:25:00,682252.77,515647479.94649327
2026-09-06 08:30:00,682312.68,515801093.5728
2026-09-06 08:35:00,682240.14,515787190.6428
2026-09-06 08:40:00,682097.9,515741043.169
2026-09-06 08:45:00,682111.41,516321975.0202578
2026-09-06 08:50:00,682210.44,516467413.602
2026-09-06 08:55:00,682212.93,516708073.182
2026-09-06 09:00:00,682060.01,516633946.8027305
2026-09-06 09:05:00,681381.2,516400846.76926863
2026-09-06 09:10:00,681051.25,516140150.3043492
2026-09-06 09:15:00,680099.62,516025586.675
2026-09-06 09:20:00,679833.16,515721461.26799667
2026-09-06 09:25:00,679389.19,515479754.0206
2026-09-06 09:30:00,679160.09,515659089.9334
2026-09-06 09:35:00,678643.58,514979403.2520074
2026-09-06 09:40:00,678725.19,514938271.1841664
2026-09-06 09:45:00,678585.95,514144216.7365
2026-09-06 09:50:00,678495.07,513960092.5816851
2026-09-06 09:55:00,678298.53,513903097.5578991
2026-09-06 10:00:00,678952.39,514629696.8518639
2026-09-06 10:05:00,678661.45,514656123.993
2026-09-06 10:10:00,678425.43,514504277.6034
2026-09-06 10:15:00,678407.41,514513190.3783559
2026-09-06 10:20:00,678915.85,514998407.176
2026-09-06 10:25:00,678987.36,514551470.6510771
2026-09-06 10:30:00,678051.35,513290936.4209329
2026-09-06 10:35:00,678172.83,513828409.3139575
2026-09-06 10:40:00,678068.42,513437562.9967949
2026-09-06 10:45:00,678137.97,513825139.869
2026-09-06 10:50:00,678138.39,514035681.0039
2026-09-06 10:55:00,678027.1,513620068.72422683
2026-09-06 11:00:00,677640.0,513630790.8
2026-09-06 11:05:00,677117.25,512862147.495
2026-09-06 11:10:00,676842.74,512432153.2324455
2026-09-06 11:15:00,676527.97,512827714.2953512
2026-09-06 11:20:00,676041.28,512158981.5539704
2026-09-06 11:25:00,675644.32,512112735.50079983
2026-09-06 11:30:00,674968.22,511949895.5056
2026-09-06 11:35:00,674461.12,511362931.9616
2026-09-06 11:40:00,674104.18,510546282.8066
2026-09-06 11:45:00,674205.68,511142294.2352
2026-09-06 11:50:00,674280.63,511590199.5936
2026-09-06 11:55:00,674096.88,511579306.4599444
2026-09-06 12:00:00,674292.13,511511266.8967
2026-09-06 12:05:00,674272.32,511190151.17843544
2026-09-06 12:10:00,674254.8,511233474.456
2026-09-06 12:15:00,675341.5,512293801.655
2026-09-06 12:20:00,675501.39,512117868.8007
2026-09-06 12:25:00,675308.45,512153928.48
2026-09-06 12:30:00,675348.12,511811801.5147074
2026-09-06 12:35:00,675308.66,511775914.8944
2026-09-06 12:40:00,675185.5,511170955.7586446
2026-09-06 12:45:00,675062.87,510307025.9478
2026-09-06 12:50:00,673978.56,508981868.7264
2026-09-06 12:55:00,674492.08,510489330.748
2026-09-06 13:00:00,674563.61,509922151.78948677
2026-09-06 13:05:00,674252.06,509075766.99876666
2026-09-06 13:10:00,674676.41,509313221.909
2026-09-06 13:15:00,675003.44,508925342.9531225
2026-09-06 13:20:00,674276.0,507375475.52469444
2026-09-06 13:25:00,674053.7,506571362.38726956
2026-09-06 13:30:00,674492.88,507107614.0133849
2026-09-06 13:35:00,674313.17,506864285.5252695
2026-09-06 13:40:00,674286.72,507097327.776
2026-09-06 13:45:00,674688.07,507400552.26671743
2026-09-06 13:50:00,674634.96,507541373.1072
2026-09-06 13:55:00,675154.15,507486368.389
2026-09-06 14:00:00,676812.43,508726063.0095
2026-09-06 14:05:00,676705.41,507874177.2591
2026-09-06 14:10:00,675288.62,505815515.7807191
2026-09-06 14:15:00,673770.11,504279269.00970036
2026-09-06 14:20:00,673441.59,504010420.3719
2026-09-06 14:25:00,671897.86,500407802.33310944
2026-09-06 14:30:00,672097.25,500919216.6728362
2026-09-06 14:35:00,670830.44,499681434.39611953
2026-09-06 14:40:00,670839.92,499393361.6456
2026-09-06 14:45:00,670472.92,499445893.2565255
2026-09-06 14:50:00,669660.93,497533464.1852848
2026-09-06 14:55:00,669021.28,497367028.948596
2026-09-06 15:00:00,668920.05,496399855.83209616
2026-09-06 15:05:00,668667.03,496812916.6197
2026-09-06 15:10:00,669101.07,497249151.1812
2026-09-06 15:15:00,668895.91,497283975.3304
2026-09-06 15:20:00,668807.08,498068052.81029576
2026-09-06 15:25:00,668429.32,497732524.5516
2026-09-06 15:30:00,668304.8,497706633.704
2026-09-06 15:35:00,668339.57,497819412.1102
2026-09-06 15:40:00,668010.97,497943552.1896514
2026-09-06 15:45:00,668995.18,498515138.2806
2026-09-06 15:50:00,668939.16,499404363.9983588
2026-09-06 15:55:00,668761.74,498861954.0536743
2026-09-06 16:00:00,668447.62,498875827.7584
2026-09-06 16:05:00,667202.36,497339311.1676
2026-09-06 16:10:00,666836.52,497215905.94103605
2026-09-06 16:15:00,666753.65,498378451.1785997
2026-09-06 16:20:00,666512.68,498164817.56632817
2026-09-06 16:25:00,666316.9,497499158.75404054
2026-09-06 16:30:00,665699.22,498090538.1899198
2026-09-06 16:35:00,666046.91,498802530.899
2026-09-06 16:40:00,665392.97,497549940.3913927
2026-09-06 16:45:00,665070.16,497419370.03017336
2026-09-06 16:50:00,664846.17,497238450.543
2026-09-06 16:55:00,664571.6,496997062.9990985
2026-09-06 17:00:00,664846.45,497424816.961
2026-09-06 17:05:00,663485.75,496136355.0245378
2026-09-06 17:10:00,663408.85,495985443.98842627
2026-09-06 17:15:00,663070.88,496010171.784
2026-09-06 17:20:00,663069.96,496163974.2570824
2026-09-06 17:25:00,662572.81,495733891.90716606
2026-09-06 17:30:00,661647.0,494495118.39
2026-09-06 17:35:00,661430.25,494720239.2472411
2026-09-06 17:40:00,661099.0,494735794.26786476
2026-09-06 17:45:00,661037.51,494541992.3563
2026-09-06 17:50:00,660913.66,494297326.314
2026-09-06 17:55:00,660815.31,493999093.1436
2026-09-06 18:00:00,661027.06,494805195.4924
2026-09-06 18:05:00,660814.21,494394759.3536
2026-09-06 18:10:00,660598.63,494471286.5276
2026-09-06 18:15:00,661041.24,494810857.98255444
2026-09-06 18:20:00,660584.06,494433957.2288
2026-09-06 18:25:00,660317.52,494705730.2096561
2026-09-06 18:30:00,659623.88,494407222.7990024
2026-09-06 18:35:00,658847.8,493965310.9299292
2026-09-06 18:40:00,658538.35,493480127.407013
2026-09-06 18:45:00,659010.41,494099645.0016
2026-09-06 18:50:00,658659.54,493882682.8782
2026-09-06 18:55:00,658800.51,493770982.245
2026-09-06 19:00:00,658537.63,493910989.63524777
2026-09-06 19:05:00,657999.48,493795709.766
2026-09-06 19:10:00,657992.35,493764592.1889327
2026-09-06 19:15:00,658155.86,494117093.4536
2026-09-06 19:20:00,657829.97,493668500.9865
2026-09-06 19:25:00,657639.05,493235863.8905
2026-09-06 19:30:00,657398.32,493009296.1008
2026-09-06 19:35:00,657376.71,492664533.6159548
2026-09-06 19:40:00,657312.74,492521108.0944511
2026-09-06 19:45:00,657105.88,492494824.538895
2026-09-06 19:50:00,656987.17,492267346.7376
2026-09-06 19:55:00,656989.11,492415110.9155219
2026-09-06 20:00:00,657704.64,492993108.2640915
2026-09-06 20:05:00,656724.23,492583898.2089319
2026-09-06 20:10:00,656802.07,492575280.4172
2026-09-06 20:15:00,656749.02,492535495.0392
2026-09-06 20:20:00,656842.65,492710808.618
2026-09-06 20:25:00,657015.61,493125388.72109336
2026-09-06 20:30:00,657717.67,494011741.937
2026-09-06 20:35:00,657882.78,494458118.6202
2026-09-06 20:40:00,657691.43,494116994.4447
2026-09-06 20:45:00,657553.32,494076180.68484366
2026-09-06 20:50:00,657377.27,494319807.9223661
2026-09-06 20:55:00,657248.0,494099328.96
2026-09-06 21:00:00,657114.82,494085789.5618025
2026-09-06 21:05:00,656913.2,494174874.4819819
2026-09-06 21:10:00,656933.73,494940441.5193
2026-09-06 21:15:00,656767.68,494427012.61473125
2026-09-06 21:20:00,657236.88,495617167.9222089
2026-09-06 21:25:00,656951.31,494962736.2341758
2026-09-06 21:30:00,656678.46,494597082.5028
2026-09-06 21:35:00,656530.65,494472624.354
2026-09-06 21:40:00,656254.56,494468123.3232
2026-09-06 21:45:00,655824.82,493547526.5392
2026-09-06 21:50:00,654066.39,492239527.286243
2026-09-06 21:55:00,653854.03,491719729.9735917
2026-09-06 22:00:00,653734.73,491497382.0559
2026-09-06 22:05:00,653250.64,490655401.6714194
2026-09-06 22:10:00,653004.66,489949396.398
2026-09-06 22:15:00,653079.1,489900756.074
2026-09-06 22:20:00,653405.08,489413473.0216
2026-09-06 22:25:00,653034.96,489364807.9752
2026-09-06 22:30:00,652989.67,489598594.7726
2026-09-06 22:35:00,652901.27,490265611.4808914
2026-09-06 22:40:00,652967.97,490378945.47
2026-09-06 22:45:00,652799.95,490487770.432
2026-09-06 22:50:00,652799.53,490324254.9783
2026-09-06 22:55:00,652844.94,490885559.90874475
2026-09-06 23:00:00,652700.57,490772085.5887
2026-09-06 23:05:00,652318.21,491439734.607539
2026-09-06 23:10:00,651881.59,490850061.33847755
2026-09-06 23:15:00,651836.49,490676436.2124
2026-09-06 23:20:00,651637.67,491174828.7059838
2026-09-06 23:25:00,651729.08,490427815.93372947
2026-09-06 23:30:00,651722.87,490388767.8676711
2026-09-06 23:35:00,651628.32,490533955.07810205
2026-09-06 23:40:00,651114.73,491240751.39384735
2026-09-06 23:45:00,650638.09,490672316.8732039
2026-09-06 23:50:00,650659.27,490980978.5493
2026-09-06 23:55:00,650843.49,490280401.017
2026-09-07 00:00:00,651061.66,490555428.9602
2026-09-07 00:05:00,652095.36,491908162.3083404
2026-09-07 00:10:00,654996.35,494849400.27455664
2026-09-07 00:15:00,655588.57,495048040.9784
2026-09-07 00:20:00,655883.55,493542356.1446917
2026-09-07 00:25:00,655770.77,493434715.8865
2026-09-07 00:30:00,655557.4,493628166.626
2026-09-07 00:35:00,655656.63,493174567.946046
2026-09-07 00:40:00,655193.13,493486531.8462118
2026-09-07 00:45:00,655154.46,493383720.7368
2026-09-07 00:50:00,655052.66,493248102.4534
2026-09-07 00:55:00,654829.25,492369358.35637665
2026-09-07 01:00:00,654141.84,491063998.7396477
2026-09-07 01:05:00,653751.81,491154658.6924089
2026-09-07 01:10:00,653165.33,488900829.9497501
2026-09-07 01:15:00,653288.4,489079799.06721413
2026-09-07 01:20:00,652937.25,487855125.0825
2026-09-07 01:25:00,652905.41,488183904.1111
2026-09-07 01:30:00,652946.39,488090485.4528
2026-09-07 01:35:00,652438.13,488069391.9091
2026-09-07 01:40:00,652365.32,487459937.9684358
2026-09-07 01:45:00,651816.96,486575053.67864954
2026-09-07 01:50:00,651680.74,486779445.5504
2026-09-07 01:55:00,651635.71,487556009.2636623
2026-09-07 02:00:00,651976.69,488500054.7494
2026-09-07 02:05:00,651840.05,487993535.032
2026-09-07 02:10:00,652002.65,487751048.9890847
2026-09-07 02:15:00,651816.48,488126967.45449847
2026-09-07 02:20:00,651687.27,489038158.92354745
2026-09-07 02:25:00,651743.17,489876236.2988
2026-09-07 02:30:00,651435.38,490322381.8184
2026-09-07 02:35:00,651400.7,490289425.5674034
2026-09-07 02:40:00,649477.78,491005201.68
2026-09-07 02:45:00,649027.53,489605749.6504383
2026-09-07 02:50:00,648784.92,489309921.2238375
2026-09-07 02:55:00,648576.32,487586705.8496
2026-09-07 03:00:00,646777.86,484321874.0778999
2026-09-07 03:05:00,646139.42,484921708.67461646
2026-09-07 03:10:00,646415.8,484495187.8162815
2026-09-07 03:15:00,646323.69,484316193.8646
2026-09-07 03:20:00,646519.39,484406601.37298566
2026-09-07 03:25:00,646675.05,484437995.9651443
2026-09-07 03:30:00,646645.62,483943115.5518
2026-09-07 03:35:00,646862.78,484091988.95016366
2026-09-07 03:40:00,647650.14,483283308.86255836
2026-09-07 03:45:00,647916.52,483323707.22423387
2026-09-07 03:50:00,648183.46,483455056.36574686
2026-09-07 03:55:00,648265.45,483806987.9895
2026-09-07 04:00:00,648192.68,484005474.156
2026-09-07 04:05:00,648091.82,484247726.9858
2026-09-07 04:10:00,648052.65,483959238.4935
2026-09-07 04:15:00,648293.85,484422563.5460681
2026-09-07 04:20:00,648653.56,484666234.38446665
2026-09-07 04:25:00,648585.7,484729495.5982061
2026-09-07 04:30:00,648777.58,484396804.5554
2026-09-07 04:35:00,648816.61,484490827.1853
2026-09-07 04:40:00,648928.84,484425379.06
2026-09-07 04:45:00,648785.82,484688888.5248395
2026-09-07 04:50:00,648957.94,484894080.7326385
2026-09-07 04:55:00,648966.58,484413250.84685737
2026-09-07 05:00:00,648666.11,484936297.1749
2026-09-07 05:05:00,648653.94,485156629.99833024
2026-09-07 05:10:00,648667.72,485249183.3314896
2026-09-07 05:15:00,648648.57,485054014.579626
2026-09-07 05:20:00,648348.48,485480418.5374064
2026-09-07 05:25:00,648326.92,485681145.5796
2026-09-07 05:30:00,648276.3,485487638.307
2026-09-07 05:35:00,648579.39,485766505.7283
2026-09-07 05:40:00,649828.15,487208655.4625
2026-09-07 05:45:00,649773.19,487535656.40349793
2026-09-07 05:50:00,649880.28,487567786.8939138
2026-09-07 05:55:00,649157.73,486361954.4706
2026-09-07 06:00:00,649305.26,486355611.9504
2026-09-07 06:05:00,649145.64,486588498.66311306
2026-09-07 06:10:00,649208.64,486380621.0016
2026-09-07 06:15:00,649556.07,486843265.1094579
2026-09-07 06:20:00,649753.26,486398792.9034
2026-09-07 06:25:00,649056.23,485332955.7226623
2026-09-07 06:30:00,649107.47,484849448.991637
2026-09-07 06:35:00,649034.91,484711056.51557547
2026-09-07 06:40:00,648353.27,483437026.2364073
2026-09-07 06:45:00,648293.98,483426337.9462
2026-09-07 06:50:00,648357.07,483700308.5028
2026-09-07 06:55:00,648350.02,483759883.9228
2026-09-07 07:00:00,648184.99,483495421.1455858
2026-09-07 07:05:00,648147.24,483000447.1871659
2026-09-07 07:10:00,647975.35,483026744.904
2026-09-07 07:15:00,647717.7,482567914.28004044
2026-09-07 07:20:00,647674.61,482492794.5941976
2026-09-07 07:25:00,647187.54,481593795.6588349
2026-09-07 07:30:00,646649.09,480537871.7608
2026-09-07 07:35:00,646034.91,480121777.41712016
2026-09-07 07:40:00,645621.91,478909420.3998
2026-09-07 07:45:00,645259.22,479711514.5168
2026-09-07 07:50:00,645635.73,480193837.9284092
2026-09-07 07:55:00,645845.35,480298171.81841755
2026-09-07 08:00:00,646068.25,480902287.75558174
2026-09-07 08:05:00,645951.82,481138221.7226313
2026-09-07 08:10:00,645580.6,481538501.7282138
2026-09-07 08:15:00,645579.76,481156432.90563995
2026-09-07 08:20:00,645444.06,481146274.527
2026-09-07 08:25:00,645491.62,480849280.457308
2026-09-07 08:30:00,645148.82,480610064.9472
2026-09-07 08:35:00,645115.12,480636437.95611453
2026-09-07 08:40:00,645170.02,480632309.7994
2026-09-07 08:45:00,644807.23,480478107.4345
2026-09-07 08:50:00,644891.52,480302306.2656
2026-09-07 08:55:00,644899.22,480559551.7674
2026-09-07 09:00:00,644823.09,480825233.5203
2026-09-07 09:05:00,644882.1,480630629.13
2026-09-07 09:10:00,644936.71,480759619.2768965
2026-09-07 09:15:00,645240.97,481535209.4365082
2026-09-07 09:20:00,644765.3,480861448.15661836
2026-09-07 09:25:00,644385.49,480356327.8813966
2026-09-07 09:30:00,644204.85,480448181.6714819
2026-09-07 09:35:00,644144.35,479875557.48144066
2026-09-07 09:40:00,644227.63,479956026.6263
2026-09-07 09:45:00,644163.81,480030871.212
2026-09-07 09:50:00,644049.85,479442441.5113573
2026-09-07 09:55:00,644153.77,478950941.71522343
2026-09-07 10:00:00,644037.32,478696094.6575463
2026-09-07 10:05:00,644043.83,478943194.1795
2026-09-07 10:10:00,644080.12,479073285.9571761
2026-09-07 10:15:00,644306.04,479286377.0352
2026-09-07 10:20:00,644373.38,479529781.9284
2026-09-07 10:25:00,644422.69,479646736.5332552
2026-09-07 10:30:00,644042.28,479171379.73540384
2026-09-07 10:35:00,643656.31,478951096.8341
2026-09-07 10:40:00,643528.91,479107273.495
2026-09-07 10:45:00,643493.76,479595899.328
2026-09-07 10:50:00,643506.34,479270570.7783557
2026-09-07 10:55:00,643421.41,479341850.8094778
2026-09-07 11:00:00,643452.7,478831674.15998065
2026-09-07 11:05:00,643268.39,478475893.8498
2026-09-07 11:10:00,643244.76,478555023.4372307
2026-09-07 11:15:00,643159.21,478896347.766
2026-09-07 11:20:00,643143.54,479257703.1372
2026-09-07 11:25:00,643057.75,478608591.5925
2026-09-07 11:30:00,643324.64,478633532.16
2026-09-07 11:35:00,642889.4,478734020.604
2026-09-07 11:40:00,643297.3,478804974.6064068
2026-09-07 11:45:00,643207.73,478602023.580134
2026-09-07 11:50:00,642988.94,478956031.5166
2026-09-07 11:55:00,643161.45,479070813.8567715
2026-09-07 12:00:00,643129.53,479384407.68217736
2026-09-07 12:05:00,643023.02,479212905.655
2026-09-07 12:10:00,642866.42,479499836.12126935
2026-09-07 12:15:00,642595.91,479055250.905
2026-09-07 12:20:00,642742.83,479451740.73423946
2026-09-07 12:25:00,642724.26,479414452.7766
2026-09-07 12:30:00,642683.51,479525447.3163
2026-09-07 12:35:00,642737.5,479252368.7381744
2026-09-07 12:40:00,642775.09,479227396.1004
2026-09-07 12:45:00,642793.52,479639668.7536
2026-09-07 12:50:00,642823.35,479923357.2340632
2026-09-07 12:55:00,643149.68,480835276.1437514
2026-09-07 13:00:00,643174.09,480817654.4613
2026-09-07 13:05:00,642798.13,480298762.736
2026-09-07 13:10:00,642413.63,480037160.8812
2026-09-07 13:15:00,642353.2,480526238.3188587
2026-09-07 13:20:00,641498.5,479246014.3817398
2026-09-07 13:25:00,640984.29,479055944.1289826
2026-09-07 13:30:00,640789.49,478836354.2974
2026-09-07 13:35:00,641903.45,479160242.0120341
2026-09-07 13:40:00,641501.29,479128665.49908966
2026-09-07 13:45:00,641712.56,478677809.0316001
2026-09-07 13:50:00,641301.59,478109574.3927
2026-09-07 13:55:00,640984.33,478318561.6587265
2026-09-07 14:00:00,641187.15,478407689.88826716
2026-09-07 14:05:00,641469.47,477889282.4147285
2026-09-07 14:10:00,641405.15,477513306.072
2026-09-07 14:15:00,641495.54,477854305.5333487
2026-09-07 14:20:00,641465.68,477801124.96782434
2026-09-07 14:25:00,641512.87,477357036.7472865
2026-09-07 14:30:00,641398.58,476986606.71051925
2026-09-07 14:35:00,641592.32,477351102.0032
2026-09-07 14:40:00,641462.84,476767255.83
2026-09-07 14:45:00,641191.56,476137677.5130157
2026-09-07 14:50:00,641320.99,476706718.2868
2026-09-07 14:55:00,641163.51,477385976.8884966
2026-09-07 15:00:00,641142.63,476969978.9345399
2026-09-07 15:05:00,641054.29,476101504.9820761
2026-09-07 15:10:00,640830.71,475724809.26041967
2026-09-07 15:15:00,640439.76,474713163.3048
2026-09-07 15:20:00,640020.09,474626098.3422
2026-09-07 15:25:00,640034.53,475065629.8925
2026-09-07 15:30:00,639863.44,474537352.4306549
2026-09-07 15:35:00,640244.11,473351677.8463
2026-09-07 15:40:00,640525.5,472401652.52526766
2026-09-07 15:45:00,640200.6,472032706.392
2026-09-07 15:50:00,640401.39,472129520.7636
2026-09-07 15:55:00,640325.42,471364850.4305365
2026-09-07 16:00:00,641398.67,471370296.5697
2026-09-07 16:05:00,641755.18,472498668.8268
2026-09-07 16:10:00,641784.55,472858063.4333124
2026-09-07 16:15:00,641444.45,473616924.102
2026-09-07 16:20:00,641032.75,473166725.20053285
2026-09-07 16:25:00,640397.65,472645485.5825
2026-09-07 16:30:00,640234.55,472569926.046
2026-09-07 16:35:00,640037.52,472910922.7776
2026-09-07 16:40:00,639864.93,473392943.28892833
2026-09-07 16:45:00,639876.88,473491498.29060477
2026-09-07 16:50:00,640139.5,473888870.455
2026-09-07 16:55:00,640016.58,473842675.1688
2026-09-07 17:00:00,640105.33,473935095.19286424
2026-09-07 17:05:00,640616.83,473928330.834
2026-09-07 17:10:00,640686.72,474162765.0683176
2026-09-07 17:15:00,640684.91,474657822.4226
2026-09-07 17:20:00,640543.88,474482879.11
2026-09-07 17:25:00,640604.85,474380703.522
2026-09-07 17:30:00,640666.52,474490438.0424
2026-09-07 17:35:00,640600.86,474335007.02254355
2026-09-07 17:40:00,640533.06,474769509.4026
2026-09-07 17:45:00,640525.05,474853245.8175
2026-09-07 17:50:00,640489.9,474763138.375
2026-09-07 17:55:00,640437.73,474908820.6036954
2026-09-07 18:00:00,640205.64,474494812.1424
2026-09-07 18:05:00,640269.53,474630109.4666576
2026-09-07 18:10:00,640776.68,474475908.2396
2026-09-07 18:15:00,640649.99,474286000.5968
2026-09-07 18:20:00,640742.4,474498540.13871
2026-09-07 18:25:00,640349.01,473698180.1475
2026-09-07 18:30:00,640286.66,473799322.6668
2026-09-07 18:35:00,639913.44,473132800.1328
2026-09-07 18:40:00,639516.58,472851682.8307881
2026-09-07 18:45:00,639383.01,473028338.4582
2026-09-07 18:50:00,639309.15,473082377.9085
2026-09-07 18:55:00,639340.76,473451013.0028
2026-09-07 19:00:00,639226.38,473159335.96315134
2026-09-07 19:05:00,639175.87,472874395.9722177
2026-09-07 19:10:00,639203.26,472709986.8678
2026-09-07 19:15:00,639186.67,473066207.7230094
2026-09-07 19:20:00,639171.96,473060256.0971502
2026-09-07 19:25:00,639118.23,473458784.784
2026-09-07 19:30:00,639112.73,473288541.0742
2026-09-07 19:35:00,639374.23,474198291.4218
2026-09-07 19:40:00,639326.53,474497267.4319519
2026-09-07 19:45:00,639344.88,474566524.0776
2026-09-07 19:50:00,639187.25,474401986.232899
2026-09-07 19:55:00,638855.52,474030795.84
2026-09-07 20:00:00,638966.53,474251448.36450905
2026-09-07 20:05:00,638923.97,473786308.33705866
2026-09-07 20:10:00,638619.43,473020162.94958764
2026-09-07 20:15:00,638344.36,472413127.0616
2026-09-07 20:20:00,638279.1,472607376.804
2026-09-07 20:25:00,638430.14,472170162.9412
2026-09-07 20:30:00,638410.4,472283245.712
2026-09-07 20:35:00,638502.69,472677551.7281956
2026-09-07 20:40:00,638431.96,472516262.2352
2026-09-07 20:45:00,638398.55,472475066.345885
2026-09-07 20:50:00,638488.81,472658621.1017837
2026-09-07 20:55:00,638351.59,472456778.7908
2026-09-07 21:00:00,638259.91,472695289.346
2026-09-07 21:05:00,637892.8,472244500.85896444
2026-09-07 21:10:00,637866.87,472078891.8183
2026-09-07 21:15:00,637760.02,472290712.76006496
2026-09-07 21:20:00,637668.0,472161270.6
2026-09-07 21:25:00,637618.11,472054191.5574
2026-09-07 21:30:00,637718.65,471905344.6726155
2026-09-07 21:35:00,637722.58,471812673.5872
2026-09-07 21:40:00,637800.12,471882796.7832
2026-09-07 21:45:00,638506.91,472565349.1601
2026-09-07 21:50:00,638545.44,472153269.2448
2026-09-07 21:55:00,638347.19,472364380.5184079
2026-09-07 22:00:00,637432.81,471528172.5413
2026-09-07 22:05:00,637407.25,471260676.215
2026-09-07 22:10:00,637549.28,471697210.3008
2026-09-07 22:15:00,637508.2,471239207.4745903
2026-09-07 22:20:00,637637.84,470826004.24846095
2026-09-07 22:25:00,637589.96,471555158.5164
2026-09-07 22:30:00,638197.6,471585936.17058015
2026-09-07 22:35:00,637462.08,470782049.50417626
2026-09-07 22:40:00,637541.47,470050541.19808817
2026-09-07 22:45:00,637035.92,469534095.06901735
2026-09-07 22:50:00,636940.59,470188045.4473629
2026-09-07 22:55:00,636973.67,470163005.3004
2026-09-07 23:00:00,637357.39,470901683.1962305
2026-09-07 23:05:00,637359.49,471397452.3989
2026-09-07 23:10:00,637314.86,471674552.2014115
2026-09-07 23:15:00,637423.96,471820370.7199893
2026-09-07 23:20:00,637250.63,471584583.7189
2026-09-07 23:25:00,637071.08,470655589.16938645
2026-09-07 23:30:00,636996.7,471008148.19834983
2026-09-07 23:35:00,636875.74,470585446.29000074
2026-09-07 23:40:00,636729.18,471056402.49307907
2026-09-07 23:45:00,636737.03,471322268.16239196
2026-09-07 23:50:00,636336.21,471588765.231
2026-09-07 23:55:00,636171.95,471295265.7185
2026-09-08 00:00:00,636031.94,470852736.5966789
2026-09-08 00:05:00,636114.66,470424222.3355547
2026-09-08 00:10:00,636275.85,470646883.4865
2026-09-08 00:15:00,636401.18,470924134.1412035
2026-09-08 00:20:00,636228.76,470452434.3176569
2026-09-08 00:25:00,636325.83,470512668.53793
2026-09-08 00:30:00,636188.75,470035334.1625
2026-09-08 00:35:00,636149.83,470911874.389655
2026-09-08 00:40:00,636104.7,471417193.17
2026-09-08 00:45:00,636032.31,471312662.3562
2026-09-08 00:50:00,635955.18,471321147.1904924
2026-09-08 00:55:00,635770.4,471233020.48
2026-09-08 01:00:00,635115.95,470569136.3651578
2026-09-08 01:05:00,635134.87,470603181.9265
2026-09-08 01:10:00,634856.43,470843409.13773954
2026-09-08 01:15:00,634928.52,470418540.468
2026-09-08 01:20:00,635115.06,470785389.3756
2026-09-08 01:25:00,635079.58,471419572.234
2026-09-08 01:30:00,634811.9,471412552.80450314
2026-09-08 01:35:00,634890.72,471309958.72636455
2026-09-08 01:40:00,634973.86,471174951.2909988
2026-09-08 01:45:00,634991.75,471474001.161945
2026-09-08 01:50:00,634983.13,471536766.3796233
2026-09-08 01:55:00,635070.02,471513652.9597892
2026-09-08 02:00:00,635010.06,471754585.7675099
2026-09-08 02:05:00,634935.5,471426910.04
2026-09-08 02:10:00,634794.18,471058137.9481393
2026-09-08 02:15:00,634983.76,471348445.048
2026-09-08 02:20:00,634904.66,471575436.215
2026-09-08 02:25:00,634994.47,472207287.6708
2026-09-08 02:30:00,635043.36,470653325.0652622
2026-09-08 02:35:00,635098.29,470182910.0841322
2026-09-08 02:40:00,635524.14,470479759.01461625
2026-09-08 02:45:00,637033.01,471696970.7441536
2026-09-08 02:50:00,637393.25,472614347.01
2026-09-08 02:55:00,637283.22,471625458.23826295
2026-09-08 03:00:00,637023.66,470621052.4725696
2026-09-08 03:05:00,636805.4,470165687.6928661
2026-09-08 03:10:00,636916.91,471067119.3084827
2026-09-08 03:15:00,636953.82,470364917.9172
2026-09-08 03:20:00,636995.57,470179170.1284
2026-09-08 03:25:00,636869.44,469742020.7624729
2026-09-08 03:30:00,636620.58,470392580.3562
2026-09-08 03:35:00,637462.85,472963792.94869584
2026-09-08 03:40:00,637847.83,474067848.69661367
2026-09-08 03:45:00,638040.8,474638551.12
2026-09-08 03:50:00,638411.94,474754262.1123707
2026-09-08 03:55:00,638257.91,474709624.4155237
2026-09-08 04:00:00,638461.29,474581046.0828
2026-09-08 04:05:00,638648.49,474825408.2250746
2026-09-08 04:10:00,638705.9,474871449.591
2026-09-08 04:15:00,638399.58,474107448.087
2026-09-08 04:20:00,638502.83,474861843.2829649
2026-09-08 04:25:00,638273.73,475060754.5017
2026-09-08 04:30:00,638536.02,475750115.1944781
2026-09-08 04:35:00,638467.74,475856391.2994
2026-09-08 04:40:00,638602.94,476436109.4164
2026-09-08 04:45:00,638801.22,476584038.1932
2026-09-08 04:50:00,639249.43,477078242.1033
2026-09-08 04:55:00,639944.08,478109247.50610745
2026-09-08 05:00:00,639715.91,477164097.269
2026-09-08 05:05:00,640199.13,477317094.4555184
2026-09-08 05:10:00,640670.59,478555303.9064
2026-09-08 05:15:00,640566.7,478864649.762026
2026-09-08 05:20:00,641312.1,481462983.38501775
2026-09-08 05:25:00,641670.17,481940638.39025694
2026-09-08 05:30:00,643041.45,484480289.259
2026-09-08 05:35:00,642168.38,482429482.2514754
2026-09-08 05:40:00,642726.51,483510934.1751189
2026-09-08 05:45:00,643241.42,484296465.118
2026-09-08 05:50:00,642697.44,485056611.9168
2026-09-08 05:55:00,642082.18,482048208.36251026
2026-09-08 06:00:00,641376.95,481921334.2481092
2026-09-08 06:05:00,641227.26,480388168.72145706
2026-09-08 06:10:00,641521.47,481005651.5156895
2026-09-08 06:15:00,641930.19,481312837.1601
2026-09-08 06:20:00,641604.87,479841653.41890603
2026-09-08 06:25:00,639631.41,478105290.0327
2026-09-08 06:30:00,639697.08,478218346.0956
2026-09-08 06:35:00,639886.2,478902303.12794155
2026-09-08 06:40:00,639637.18,478304246.4537819
2026-09-08 06:45:00,639633.08,478206446.9158885
2026-09-08 06:50:00,639573.95,478426281.25814605
2026-09-08 06:55:00,640384.42,477918892.646
2026-09-08 07:00:00,640390.71,478941337.3634969
2026-09-08 07:05:00,640759.11,479467226.8308
2026-09-08 07:10:00,641086.01,480580119.90925586
2026-09-08 07:15:00,641265.89,480789595.0266784
2026-09-08 07:20:00,641841.21,481735706.184943
2026-09-08 07:25:00,642422.51,482586526.15601295
2026-09-08 07:30:00,642987.99,483668425.8378
2026-09-08 07:35:00,642475.64,485191178.5716
2026-09-08 07:40:00,643116.02,486247160.4016
2026-09-08 07:45:00,643463.28,486857119.4529097
2026-09-08 07:50:00,643215.65,485996625.0485412
2026-09-08 07:55:00,643487.99,486953101.5526
2026-09-08 08:00:00,643801.6,486192071.4923518
2026-09-08 08:05:00,645018.24,487563901.1267294
2026-09-08 08:10:00,645148.61,488312982.909
2026-09-08 08:15:00,646392.55,489962042.03825647
2026-09-08 08:20:00,646828.14,491102487.3196819
2026-09-08 08:25:00,647006.72,492412361.393572
2026-09-08 08:30:00,648558.4,492100171.584
2026-09-08 08:35:00,648533.75,491834166.9970672
2026-09-08 08:40:00,649034.93,492416416.5877603
2026-09-08 08:45:00,648855.81,491360745.0546703
2026-09-08 08:50:00,648890.53,491936888.6036
2026-09-08 08:55:00,646575.44,488163125.51322377
2026-09-08 09:00:00,646338.06,488224380.3822
2026-09-08 09:05:00,645800.24,486046138.3355783
2026-09-08 09:10:00,643197.22,484507601.8816
2026-09-08 09:15:00,643042.69,485921639.1254
2026-09-08 09:20:00,643060.24,485092271.93091047
2026-09-08 09:25:00,643124.88,485044784.496
2026-09-08 09:30:00,643053.32,486158626.1414693
2026-09-08 09:35:00,643516.28,487354184.3324
2026-09-08 09:40:00,643899.19,487077398.66666365
2026-09-08 09:45:00,645592.16,488239599.24593014
2026-09-08 09:50:00,645620.78,487882711.0304
2026-09-08 09:55:00,645545.4,488142065.118
2026-09-08 10:00:00,645096.29,487086404.7274
2026-09-08 10:05:00,645330.14,487536818.5461229
2026-09-08 10:10:00,644415.42,486436979.787
2026-09-08 10:15:00,644566.02,487298356.7802
2026-09-08 10:20:00,644631.89,487941216.4977
2026-09-08 10:25:00,644922.39,488615454.7243357
2026-09-08 10:30:00,644454.31,488199917.9974
2026-09-08 10:35:00,644097.1,487208544.6541053
2026-09-08 10:40:00,644215.94,487935595.1154
2026-09-08 10:45:00,646331.43,489201963.84033924
2026-09-08 10:50:00,646268.65,490061381.6926549
2026-09-08 10:55:00,646160.66,489789780.28
2026-09-08 11:00:00,645280.48,488238569.5824
2026-09-08 11:05:00,644982.68,487639155.214
2026-09-08 11:10:00,644807.81,486732006.0711212
2026-09-08 11:15:00,643941.55,484929861.14929444
2026-09-08 11:20:00,644131.28,486011563.2825083
2026-09-08 11:25:00,643971.6,487082720.9994813
2026-09-08 11:30:00,644093.39,485617004.5336904
2026-09-08 11:35:00,644308.87,485293571.60138357
2026-09-08 11:40:00,644194.09,484440805.43441063
2026-09-08 11:45:00,643313.0,484082283.8141027
2026-09-08 11:50:00,643381.24,484318096.0348
2026-09-08 11:55:00,643144.23,483831041.19795173
2026-09-08 12:00:00,643109.9,484191012.611
2026-09-08 12:05:00,642665.97,482465746.02481943
2026-09-08 12:10:00,642368.64,483010106.58321345
2026-09-08 12:15:00,642058.08,482025103.56
2026-09-08 12:20:00,641920.16,482107472.6451679
2026-09-08 12:25:00,641914.49,482154811.7288
2026-09-08 12:30:00,641544.72,481986132.6888
2026-09-08 12:35:00,641777.51,482669212.79913306
2026-09-08 12:40:00,641788.29,482721062.3235
2026-09-08 12:45:00,641866.88,482061282.8864
2026-09-08 12:50:00,641940.82,482967885.234382
2026-09-08 12:55:00,641790.32,482680252.36640817
2026-09-08 13:00:00,641659.23,482572827.6783731
2026-09-08 13:05:00,641423.57,483100990.2169
2026-09-08 13:10:00,641408.23,482473684.6883
2026-09-08 13:15:00,641332.36,482544880.9876
2026-09-08 13:20:00,641440.14,482586196.49998343
2026-09-08 13:25:00,641209.88,481444576.0748144
2026-09-08 13:30:00,640977.2,481617448.536
2026-09-08 13:35:00,639985.09,478868843.5925
2026-09-08 13:40:00,637677.66,474948697.9446
2026-09-08 13:45:00,636381.37,473614106.9951
2026-09-08 13:50:00,635895.72,473958515.9448
2026-09-08 13:55:00,636121.86,474051471.9372501
2026-09-08 14:00:00,637353.69,476339027.2953
2026-09-08 14:05:00,636826.63,476021537.6587
2026-09-08 14:10:00,636565.15,476540100.73098475
2026-09-08 14:15:00,636007.21,477309913.7599894
2026-09-08 14:20:00,636011.8,477990428.0565705
2026-09-08 14:25:00,635868.66,477333885.6888
2026-09-08 14:30:00,635483.29,476931734.8831858
2026-09-08 14:35:00,635317.04,476380396.058274
2026-09-08 14:40:00,634012.84,474938591.20810765
2026-09-08 14:45:00,634069.56,475564851.3912
2026-09-08 14:50:00,634365.14,476478000.3054
2026-09-08 14:55:00,634371.53,476311519.5852
2026-09-08 15:00:00,634319.21,476456188.2073
2026-09-08 15:05:00,634047.19,476606128.9450126
2026-09-08 15:10:00,634097.53,476517107.3140535
2026-09-08 15:15:00,633988.89,476586398.9906821
2026-09-08 15:20:00,633920.57,476587823.7317
2026-09-08 15:25:00,633688.41,476140797.5058
2026-09-08 15:30:00,633411.05,474969609.953
2026-09-08 15:35:00,633268.3,475825135.254
2026-09-08 15:40:00,632936.24,477188711.77364373
2026-09-08 15:45:00,633172.82,477821641.978466
2026-09-08 15:50:00,632688.19,478242675.9391
2026-09-08 15:55:00,632660.83,478626897.7199
2026-09-08 16:00:00,632553.58,478591825.8512105
2026-09-08 16:05:00,632166.81,477406053.2439
2026-09-08 16:10:00,632173.74,477145844.5622241
2026-09-08 16:15:00,632087.06,476773969.5242949
2026-09-08 16:20:00,632116.08,476692618.6952319
2026-09-08 16:25:00,632002.92,476871483.2568
2026-09-08 16:30:00,632001.96,477312864.7210034
2026-09-08 16:35:00,632131.69,477486993.3584
2026-09-08 16:40:00,632241.26,479145889.5117473
2026-09-08 16:45:00,632056.29,478300869.05241966
2026-09-08 16:50:00,632064.36,478365710.12133825
2026-09-08 16:55:00,631843.73,478027692.3688
2026-09-08 17:00:00,631805.11,477739433.9265
2026-09-08 17:05:00,631745.55,477921826.0305
2026-09-08 17:10:00,631794.74,477207203.0168
2026-09-08 17:15:00,631752.51,477021185.684089
2026-09-08 17:20:00,631489.11,476214453.50690794
2026-09-08 17:25:00,631531.4,475328423.524
2026-09-08 17:30:00,631522.85,475416716.7085
2026-09-08 17:35:00,631153.64,475750990.7592
2026-09-08 17:40:00,631299.83,475826917.6084629
2026-09-08 17:45:00,631298.14,475128018.7306383
2026-09-08 17:50:00,631333.79,475356598.8217643
2026-09-08 17:55:00,631273.49,475494037.7346093
2026-09-08 18:00:00,631503.03,475123934.6811
2026-09-08 18:05:00,631521.26,474870601.8644055
2026-09-08 18:10:00,631791.65,476592455.5582692
2026-09-08 18:15:00,631780.61,476036584.60739774
2026-09-08 18:20:00,631823.44,476319502.0696938
2026-09-08 18:25:00,631820.28,476341945.4976
2026-09-08 18:30:00,631737.17,475813304.205333
2026-09-08 18:35:00,631657.92,475518398.7552
2026-09-08 18:40:00,631574.33,474501794.129
2026-09-08 18:45:00,631748.96,474614041.1792
2026-09-08 18:50:00,631309.85,472688654.8325971
2026-09-08 18:55:00,631003.84,472588469.32754135
2026-09-08 19:00:00,630824.15,472859474.5985
2026-09-08 19:05:00,630646.96,473223681.5339544
2026-09-08 19:10:00,630532.68,473050837.8432
2026-09-08 19:15:00,630506.8,472550097.6903584
2026-09-08 19:20:00,630534.86,472630015.0102
2026-09-08 19:25:00,630649.82,472706884.65295064
2026-09-08 19:30:00,630704.15,473179945.3599812
2026-09-08 19:35:00,630672.67,472890981.4194
2026-09-08 19:40:00,630572.52,472721301.0684
2026-09-08 19:45:00,630421.61,472299462.7960346
2026-09-08 19:50:00,630481.05,472258738.7306126
2026-09-08 19:55:00,630491.24,471899036.188158
2026-09-08 20:00:00,630611.59,472485733.8075
2026-09-08 20:05:00,630594.2,472982451.364005
2026-09-08 20:10:00,630538.89,473616676.4457
2026-09-08 20:15:00,630241.26,473481513.4730424
2026-09-08 20:20:00,630160.13,472584768.51125014
2026-09-08 20:25:00,628043.45,471036036.2624361
2026-09-08 20:30:00,627834.75,471409722.0375
2026-09-08 20:35:00,627738.48,470747363.5368
2026-09-08 20:40:00,627681.03,471325685.427
2026-09-08 20:45:00,627766.07,471366150.19392097
2026-09-08 20:50:00,627590.64,471213880.2312
2026-09-08 20:55:00,627685.29,471392038.23898286
2026-09-08 21:00:00,628332.18,472040496.3146357
2026-09-08 21:05:00,628352.41,472282866.109407
2026-09-08 21:10:00,628526.05,472909285.2805
2026-09-08 21:15:00,628603.33,472877719.6907373
2026-09-08 21:20:00,628688.36,472874236.8576
2026-09-08 21:25:00,628772.74,472887402.2992
2026-09-08 21:30:00,628526.73,473092261.76133925
2026-09-08 21:35:00,628358.59,472820289.3820105
2026-09-08 21:40:00,628415.96,473051816.2897121
2026-09-08 21:45:00,629498.84,473698653.30354464
2026-09-08 21:50:00,629372.06,473311135.084956
2026-09-08 21:55:00,628725.56,473042944.5876301
2026-09-08 22:00:00,628672.64,472911521.954863
2026-09-08 22:05:00,627859.33,472975469.8737003
2026-09-08 22:10:00,627811.08,471766075.67035055
2026-09-08 22:15:00,627957.94,472205143.5363084
2026-09-08 22:20:00,627812.72,472557821.6047825
2026-09-08 22:25:00,627834.63,473129898.8217
2026-09-08 22:30:00,627867.96,473181593.1248524
2026-09-08 22:35:00,627844.29,472577331.2859255
2026-09-08 22:40:00,627725.97,472922468.5383
2026-09-08 22:45:00,627702.39,473281325.0361
2026-09-08 22:50:00,627799.1,473668695.3594281
2026-09-08 22:55:00,627852.17,473776914.9212626
2026-09-08 23:00:00,627973.07,474241660.44186914
2026-09-08 23:05:00,628107.78,473605828.2756
2026-09-08 23:10:00,628179.53,473773001.526
2026-09-08 23:15:00,628182.58,473133685.90446347
2026-09-08 23:20:00,628256.51,473075932.81028646
2026-09-08 23:25:00,628374.7,473040474.16
2026-09-08 23:30:00,628271.92,473139017.5136
2026-09-08 23:35:00,628210.42,472916804.176
2026-09-08 23:40:00,628197.71,472937558.016732
2026-09-08 23:45:00,628117.03,472858107.7678709
2026-09-08 23:50:00,628067.97,472873018.5208442
2026-09-08 23:55:00,627992.01,472752385.128
2026-09-09 00:00:00,628817.27,473172419.3296
2026-09-09 00:05:00,629086.86,474432146.3376
2026-09-09 00:10:00,629082.56,474787480.5088
2026-09-09 00:15:00,629170.98,475308840.7124243
2026-09-09 00:20:00,629241.69,475463967.00007784
2026-09-09 00:25:00,629308.9,475290806.2118903
2026-09-09 00:30:00,629488.25,475669382.15221983
2026-09-09 00:35:00,629636.25,475544232.70294356
2026-09-09 00:40:00,629641.43,475649190.5414746
2026-09-09 00:45:00,629968.92,476250203.8308
2026-09-09 00:50:00,629238.35,475817455.503
2026-09-09 00:55:00,627953.54,474594726.4612
2026-09-09 01:00:00,627349.63,473680338.1315
2026-09-09 01:05:00,626352.85,471361837.2675
2026-09-09 01:10:00,626330.23,471913272.7174773
2026-09-09 01:15:00,625790.66,470976308.6226
2026-09-09 01:20:00,626034.56,470141837.5284931
2026-09-09 01:25:00,626053.67,470397946.0279
2026-09-09 01:30:00,626044.52,470597665.684
2026-09-09 01:35:00,626076.48,470822034.4896
2026-09-09 01:40:00,626981.77,473333617.4438
2026-09-09 01:45:00,627254.8,473462107.84518564
2026-09-09 01:50:00,627287.09,474239878.2436123
2026-09-09 01:55:00,626725.48,473334418.77
2026-09-09 02:00:00,626437.48,472985354.8992
2026-09-09 02:05:00,626586.74,473110583.9044
2026-09-09 02:10:00,626444.2,472771173.298
2026-09-09 02:15:00,626292.35,471914914.6946041
2026-09-09 02:20:00,626096.9,471169642.3500222
2026-09-09 02:25:00,625996.72,471269110.7176
2026-09-09 02:30:00,625796.94,470847437.62352186
2026-09-09 02:35:00,626131.48,470980275.859776
2026-09-09 02:40:00,626106.1,470969089.12467736
2026-09-09 02:45:00,625978.83,470996156.45461065
2026-09-09 02:50:00,625998.85,470831530.2791891
2026-09-09 02:55:00,625974.75,470820648.465
2026-09-09 03:00:00,625854.43,470717633.8916
2026-09-09 03:05:00,625790.07,469899505.6623
2026-09-09 03:10:00,625773.35,469633274.2427119
2026-09-09 03:15:00,625353.86,468617501.46845657
2026-09-09 03:20:00,625439.4,468505795.467251
2026-09-09 03:25:00,625492.04,468405969.0744
2026-09-09 03:30:00,625285.47,467813823.1349639
2026-09-09 03:35:00,625214.62,468727342.3921104
2026-09-09 03:40:00,625077.11,468529226.6684672
2026-09-09 03:45:00,625142.4,468856800.0
2026-09-09 03:50:00,624969.98,468520676.19641757
2026-09-09 03:55:00,624975.24,468482713.253553
2026-09-09 04:00:00,625325.81,468875545.5961
2026-09-09 04:05:00,625114.72,470248799.2672
2026-09-09 04:10:00,625031.15,469729660.1595
2026-09-09 04:15:00,624922.15,469641494.168
2026-09-09 04:20:00,624946.29,469074604.95283693
2026-09-09 04:25:00,624892.53,469719216.9504
2026-09-09 04:30:00,624847.93,469812414.5630313
2026-09-09 04:35:00,624929.04,470352841.956
2026-09-09 04:40:00,625002.27,471093175.6479496
2026-09-09 04:45:00,624196.6,471522502.5634666
2026-09-09 04:50:00,623609.89,470862511.4977396
2026-09-09 04:55:00,623728.73,471164682.642
2026-09-09 05:00:00,623726.62,470891547.84832734
2026-09-09 05:05:00,623463.5,469935613.125
2026-09-09 05:10:00,623327.53,469666378.5048246
2026-09-09 05:15:00,623452.55,470313900.1435
2026-09-09 05:20:00,623658.29,470431605.5689533
2026-09-09 05:25:00,623569.62,470106531.19424206
2026-09-09 05:30:00,623479.47,469704493.5192
2026-09-09 05:35:00,623476.55,469346912.0745
2026-09-09 05:40:00,623678.32,468981149.5072
2026-09-09 05:45:00,623706.8,469021276.532
2026-09-09 05:50:00,623465.82,468383047.1149756
2026-09-09 05:55:00,623475.8,468592021.4317377
2026-09-09 06:00:00,623497.0,468768068.7355877
2026-09-09 06:05:00,623624.58,468684630.59958327
2026-09-09 06:10:00,623711.65,469131671.8637892
2026-09-09 06:15:00,623792.23,470121014.1395
2026-09-09 06:20:00,623907.66,470800720.236
2026-09-09 06:25:00,624052.31,471649199.44262475
2026-09-09 06:30:00,623608.84,471423338.6864
2026-09-09 06:35:00,623304.11,470767514.24830276
2026-09-09 06:40:00,623370.24,470587582.8875723
2026-09-09 06:45:00,623370.44,470582345.156
2026-09-09 06:50:00,623463.02,470140994.1216
2026-09-09 06:55:00,623420.57,470258494.5343982
2026-09-09 07:00:00,623419.01,470798005.9171749
2026-09-09 07:05:00,623360.42,471104830.5071237
2026-09-09 07:10:00,623572.89,471976084.7121
2026-09-09 07:15:00,623396.15,471423729.5427716
2026-09-09 07:20:00,623432.52,470785067.478
2026-09-09 07:25:00,622913.94,470499357.1608
2026-09-09 07:30:00,623038.37,470211075.2215617
2026-09-09 07:35:00,622849.63,469959585.43759763
2026-09-09 07:40:00,623109.05,469951618.8001421
2026-09-09 07:45:00,622922.48,469434380.928
2026-09-09 07:50:00,623035.51,469494638.9156
2026-09-09 07:55:00,623048.87,470171368.7681
2026-09-09 08:00:00,623048.64,470358109.7952
2026-09-09 08:05:00,623103.14,470525610.70288223
2026-09-09 08:10:00,623080.36,470710154.2854416
2026-09-09 08:15:00,623065.34,470177566.8708
2026-09-09 08:20:00,623026.19,470465766.8547
2026-09-09 08:25:00,623000.53,470538713.55210143
2026-09-09 08:30:00,623141.24,470920018.66944176
2026-09-09 08:35:00,623215.23,471248218.3208086
2026-09-09 08:40:00,623080.25,470631205.2325
2026-09-09 08:45:00,623236.96,471117282.8032
2026-09-09 08:50:00,623284.0,471071244.990066
2026-09-09 08:55:00,623438.44,471980305.3864
2026-09-09 09:00:00,623301.4,472342380.408881
2026-09-09 09:05:00,622989.96,471757702.0415001
2026-09-09 09:10:00,623534.19,472132057.54139745
2026-09-09 09:15:00,623501.44,472165170.4832
2026-09-09 09:20:00,623833.39,472248114.5639
2026-09-09 09:25:00,623922.43,472027222.42912805
2026-09-09 09:30:00,623787.59,472425531.2865
2026-09-09 09:35:00,623968.0,472249465.96354014
2026-09-09 09:40:00,623807.88,471494315.8901205
2026-09-09 09:45:00,623368.78,469869102.86093915
2026-09-09 09:50:00,622732.07,468779698.3301864
2026-09-09 09:55:00,622238.9,467483957.2824612
2026-09-09 10:00:00,622213.84,467550145.7912
2026-09-09 10:05:00,621979.46,468011301.23584616
2026-09-09 10:10:00,621932.78,467351387.531
2026-09-09 10:15:00,622011.63,467266062.9175564
2026-09-09 10:20:00,621892.42,466965963.0080893
2026-09-09 10:25:00,622037.98,466864398.5844383
2026-09-09 10:30:00,622217.18,467272657.8364
2026-09-09 10:35:00,622134.73,467175012.4033434
2026-09-09 10:40:00,622168.44,467003290.99473506
2026-09-09 10:45:00,622240.1,467034751.857
2026-09-09 10:50:00,622119.19,466869346.1355
2026-09-09 10:55:00,621954.17,466405329.45370823
2026-09-09 11:00:00,621587.09,466755961.7519
2026-09-09 11:05:00,621641.49,465652990.9143
2026-09-09 11:10:00,621644.89,466034440.98018134
2026-09-09 11:15:00,622347.05,466202327.83477557
2026-09-09 11:20:00,622082.71,465888508.99932754
2026-09-09 11:25:00,622283.69,466574462.75323606
2026-09-09 11:30:00,622349.78,466920415.4786427
2026-09-09 11:35:00,622346.9,466608879.02080816
2026-09-09 11:40:00,622279.65,466892619.6397063
2026-09-09 11:45:00,622469.3,466914221.93
2026-09-09 11:50:00,622153.39,466924709.3829752
2026-09-09 11:55:00,622153.7,467620721.84785986
2026-09-09 12:00:00,622241.02,467005802.4530948
2026-09-09 12:05:00,622202.26,466869465.791
2026-09-09 12:10:00,622193.15,467291943.376
2026-09-09 12:15:00,622231.78,467047174.068
2026-09-09 12:20:00,622198.7,466835684.61
2026-09-09 12:25:00,622060.78,466601001.3343512
2026-09-09 12:30:00,622074.2,466723610.034
2026-09-09 12:35:00,623315.91,468671232.729
2026-09-09 12:40:00,623198.56,468009654.5888
2026-09-09 12:45:00,623261.37,467835157.9192181
2026-09-09 12:50:00,623026.21,467609899.35284555
2026-09-09 12:55:00,622768.87,467923618.1632
2026-09-09 13:00:00,622670.06,467438414.042
2026-09-09 13:05:00,622369.52,467193448.5483589
2026-09-09 13:10:00,622292.8,466966838.2113632
2026-09-09 13:15:00,622092.74,466840296.01248
2026-09-09 13:20:00,621903.19,466757001.1907
2026-09-09 13:25:00,621907.01,466977535.6688
2026-09-09 13:30:00,621552.6,466636829.976
2026-09-09 13:35:00,621495.18,466718020.3728
2026-09-09 13:40:00,621993.77,465562336.845
2026-09-09 13:45:00,621540.28,464601359.3
2026-09-09 13:50:00,620676.62,464106831.7209901
2026-09-09 13:55:00,620718.36,463272747.2750555
2026-09-09 14:00:00,620764.84,462842264.704
2026-09-09 14:05:00,619435.01,461460499.3997
2026-09-09 14:10:00,619087.1,460265232.59546953
2026-09-09 14:15:00,617990.32,460087613.3368
2026-09-09 14:20:00,618222.78,459340771.93276453
2026-09-09 14:25:00,617959.35,459520752.2535
2026-09-09 14:30:00,617569.89,460595975.3598
2026-09-09 14:35:00,618019.38,461252584.0692
2026-09-09 14:40:00,617585.97,460830299.0946
2026-09-09 14:45:00,617732.05,459786054.9057289
2026-09-09 14:50:00,619325.03,461274726.709062
2026-09-09 14:55:00,619406.95,460299886.7535
2026-09-09 15:00:00,619273.85,460643311.85636306
2026-09-09 15:05:00,618686.59,459380979.9409
2026-09-09 15:10:00,617563.98,457880684.422025
2026-09-09 15:15:00,616494.36,456126361.9661905
2026-09-09 15:20:00,616591.04,456076603.6481888
2026-09-09 15:25:00,615332.39,452498326.97225446
2026-09-09 15:30:00,613978.23,453429062.6373
2026-09-09 15:35:00,614079.68,454588032.55089873
2026-09-09 15:40:00,614376.01,454832773.5652152
2026-09-09 15:45:00,614205.78,454528944.74870044
2026-09-09 15:50:00,613983.62,454225082.076
2026-09-09 15:55:00,613218.55,453849181.0405
2026-09-09 16:00:00,613262.57,453440211.6323
2026-09-09 16:05:00,613185.86,454566941.7352
2026-09-09 16:10:00,612913.86,453150135.7108113
2026-09-09 16:15:00,612457.43,453365487.9832
2026-09-09 16:20:00,612548.2,452568986.606
2026-09-09 16:25:00,612451.98,452343472.85140413
2026-09-09 16:30:00,612338.51,452996420.7763323
2026-09-09 16:35:00,612006.12,453866256.5687795
2026-09-09 16:40:00,612190.74,454060688.07700986
2026-09-09 16:45:00,611884.86,453768259.6513133
2026-09-09 16:50:00,611909.81,453126137.13439727
2026-09-09 16:55:00,612195.47,453306257.7162
2026-09-09 17:00:00,612043.03,453531316.06278855
2026-09-09 17:05:00,611762.75,452984919.17290395
2026-09-09 17:10:00,611586.15,453413834.51190126
2026-09-09 17:15:00,611498.85,453652651.8495
2026-09-09 17:20:00,610957.46,452902765.098
2026-09-09 17:25:00,610920.65,453044026.76527584
2026-09-09 17:30:00,610677.45,453299764.3605
2026-09-09 17:35:00,610605.83,452593557.3271367
2026-09-09 17:40:00,610698.23,452472425.5893
2026-09-09 17:45:00,610773.59,452727510.17519003
2026-09-09 17:50:00,610681.22,452929840.94316345
2026-09-09 17:55:00,610688.58,453076541.70835596
2026-09-09 18:00:00,610805.25,453009821.715
2026-09-09 18:05:00,611056.18,453173023.8470828
2026-09-09 18:10:00,611294.44,452711017.09622097
2026-09-09 18:15:00,611458.13,452882578.5658
2026-09-09 18:20:00,611609.59,452678525.92178226
2026-09-09 18:25:00,611768.18,453124455.5624
2026-09-09 18:30:00,611836.33,453512483.38699955
2026-09-09 18:35:00,611974.86,453509728.3988044
2026-09-09 18:40:00,611853.15,453407658.276
2026-09-09 18:45:00,612154.27,453869540.4061
2026-09-09 18:50:00,612081.95,453614173.8523477
2026-09-09 18:55:00,612053.75,453077909.6564808
2026-09-09 19:00:00,612094.53,453107667.60440284
2026-09-09 19:05:00,611974.4,452994214.02871794
2026-09-09 19:10:00,611939.02,453085769.7982
2026-09-09 19:15:00,611831.44,453562883.1008
2026-09-09 19:20:00,611763.56,453671620.8248
2026-09-09 19:25:00,612303.01,453857360.1023
2026-09-09 19:30:00,612392.71,453517334.2709078
2026-09-09 19:35:00,611536.14,452940357.4524
2026-09-09 19:40:00,611742.51,451875839.8617
2026-09-09 19:45:00,612034.04,451968777.5188
2026-09-09 19:50:00,612059.26,451956798.7692
2026-09-09 19:55:00,613043.36,451917173.6912
2026-09-09 20:00:00,613053.33,452113050.4844628
2026-09-09 20:05:00,613234.18,451790912.29533184
2026-09-09 20:10:00,613379.96,452551734.488
2026-09-09 20:15:00,613817.18,452800719.5711857
2026-09-09 20:20:00,613985.48,452666934.9848
2026-09-09 20:25:00,614319.78,452849489.974187
2026-09-09 20:30:00,610801.18,448376331.9896163
2026-09-09 20:35:00,610368.19,448870870.6079
2026-09-09 20:40:00,609989.33,448634952.4284
2026-09-09 20:45:00,609981.28,448090154.4967573
2026-09-09 20:50:00,609839.88,447032575.2432981
2026-09-09 20:55:00,609977.68,447143727.3210392
2026-09-09 21:00:00,609834.38,447705557.6585382
2026-09-09 21:05:00,609998.46,447424900.40704566
2026-09-09 21:10:00,609990.36,446682478.20175385
2026-09-09 21:15:00,609612.65,446183596.9342489
2026-09-09 21:20:00,609165.58,444567092.8060074
2026-09-09 21:25:00,608824.03,445440013.3092
2026-09-09 21:30:00,608800.3,445670889.783885
2026-09-09 21:35:00,608539.06,444647320.3608
2026-09-09 21:40:00,608536.64,444597832.2845133
2026-09-09 21:45:00,608601.82,444454176.4764578
2026-09-09 21:50:00,608130.14,442840367.948
2026-09-09 21:55:00,607846.7,443102008.899
2026-09-09 22:00:00,606709.61,440319499.4575
2026-09-09 22:05:00,606976.21,440082031.2984
2026-09-09 22:10:00,606334.6,437134431.68656117
2026-09-09 22:15:00,605579.9,436344541.146
2026-09-09 22:20:00,604922.12,435803021.21628696
2026-09-09 22:25:00,604959.07,436914571.4443337
2026-09-09 22:30:00,605271.62,437006109.64
2026-09-09 22:35:00,605610.25,436229801.6917658
2026-09-09 22:40:00,605532.01,436873179.2547
2026-09-09 22:45:00,605708.54,437279166.2822
2026-09-09 22:50:00,605505.67,435724863.5916473
2026-09-09 22:55:00,605132.45,435441208.371
2026-09-09 23:00:00,605038.51,435192099.4728
2026-09-09 23:05:00,605265.47,436705089.2597
2026-09-09 23:10:00,605236.35,436611450.5265
2026-09-09 23:15:00,605230.52,436791717.7477366
2026-09-09 23:20:00,605448.23,436994011.2319588
2026-09-09 23:25:00,605493.88,436718515.8888
2026-09-09 23:30:00,605294.56,436901613.408
2026-09-09 23:35:00,605243.58,437181390.87134343
2026-09-09 23:40:00,605043.74,437198556.0866
2026-09-09 23:45:00,605272.98,437546653.09103173
2026-09-09 23:50:00,605391.55,438261104.7915
2026-09-09 23:55:00,605290.76,437758383.4472
2026-09-10 00:00:00,605265.84,437638361.33886397
2026-09-10 00:05:00,605010.55,438010297.6054197
2026-09-10 00:10:00,605058.56,437488822.497111
2026-09-10 00:15:00,605553.72,437781643.7836387
2026-09-10 00:20:00,605293.49,437209540.7619
2026-09-10 00:25:00,605385.25,437227389.1075
2026-09-10 00:30:00,605507.15,437206506.7821962
2026-09-10 00:35:00,605545.81,436846388.23543847
2026-09-10 00:40:00,606303.68,438058712.11312526
2026-09-10 00:45:00,606248.94,437735984.6376
2026-09-10 00:50:00,606217.74,437992317.15
2026-09-10 00:55:00,606128.92,437861470.5188
2026-09-10 01:00:00,606038.55,437038639.947
2026-09-10 01:05:00,606025.05,438163823.0611713
2026-09-10 01:10:00,606154.55,439080171.3835
2026-09-10 01:15:00,606380.8,438637679.296
2026-09-10 01:20:00,606196.09,438237339.3437
2026-09-10 01:25:00,606222.4,437716821.696
2026-09-10 01:30:00,606325.81,436797113.524
2026-09-10 01:35:00,606054.55,435824841.6858428
2026-09-10 01:40:00,606117.84,435070995.18180513
2026-09-10 01:45:00,605592.73,435703049.14314884
2026-09-10 01:50:00,604692.77,435402982.1108
2026-09-10 01:55:00,604375.33,434835962.4284
2026-09-10 02:00:00,604283.84,435749077.024
2026-09-10 02:05:00,604493.51,436081618.114
2026-09-10 02:10:00,604415.39,436128012.9623
2026-09-10 02:15:00,604523.05,436320427.2121578
2026-09-10 02:20:00,604594.62,436215018.33
2026-09-10 02:25:00,604311.34,435758351.6590482
2026-09-10 02:30:00,604382.26,435928836.4928
2026-09-10 02:35:00,604535.77,437135884.1057495
2026-09-10 02:40:00,604575.95,437433414.06386673
2026-09-10 02:45:00,604868.25,437590511.62078553
2026-09-10 02:50:00,605021.49,438346804.9081263
2026-09-10 02:55:00,605523.82,439186426.646
2026-09-10 03:00:00,605752.88,439382851.508
2026-09-10 03:05:00,605752.22,439963894.9082
2026-09-10 03:10:00,606370.71,439649083.2855
2026-09-10 03:15:00,606324.67,439348919.1287
2026-09-10 03:20:00,606269.23,439163242.1351
2026-09-10 03:25:00,606184.05,438877252.2
2026-09-10 03:30:00,605988.2,438935432.906
2026-09-10 03:35:00,606075.4,439150971.2923362
2026-09-10 03:40:00,605927.07,438690696.69971883
2026-09-10 03:45:00,605792.45,438884514.176
2026-09-10 03:50:00,605784.06,439027551.09203404
2026-09-10 03:55:00,605967.74,438469319.33063823
2026-09-10 04:00:00,605888.85,438536290.7415
2026-09-10 04:05:00,606579.24,438823685.3856
2026-09-10 04:10:00,607010.13,439128246.1647133
2026-09-10 04:15:00,607217.04,439139493.0902814
2026-09-10 04:20:00,607582.69,439786502.6399253
2026-09-10 04:25:00,607669.09,439326521.9973
2026-09-10 04:30:00,607650.18,439218458.2677918
2026-09-10 04:35:00,607571.13,439401516.9273
2026-09-10 04:40:00,607443.0,438974758.38
2026-09-10 04:45:00,607635.96,438919538.06361246
2026-09-10 04:50:00,607845.71,439198917.7605
2026-09-10 04:55:00,607697.65,439051586.3818521
2026-09-10 05:00:00,607831.21,439319711.4904061
2026-09-10 05:05:00,607644.83,438187240.60824686
2026-09-10 05:10:00,607524.37,438179491.2596894
2026-09-10 05:15:00,607625.85,439379189.6905046
2026-09-10 05:20:00,607812.53,438863657.5489014
2026-09-10 05:25:00,607793.26,438715502.3324759
2026-09-10 05:30:00,607519.55,438908574.093
2026-09-10 05:35:00,607223.27,438855806.6745976
2026-09-10 05:40:00,607260.63,438699264.3377426
2026-09-10 05:45:00,607262.19,438959474.0415
2026-09-10 05:50:00,607313.88,438826111.4100718
2026-09-10 05:55:00,607564.51,439390653.632
2026-09-10 06:00:00,608273.74,440159043.7388
2026-09-10 06:05:00,609588.6,440338617.7264233
2026-09-10 06:10:00,609949.22,439919775.4328
2026-09-10 06:15:00,609694.68,439243569.9505261
2026-09-10 06:20:00,609447.44,438379208.50418043
2026-09-10 06:25:00,609962.26,438510383.1100915
2026-09-10 06:30:00,610183.08,438417899.32545936
2026-09-10 06:35:00,610477.78,438695437.4858
2026-09-10 06:40:00,610642.63,439253563.0379
2026-09-10 06:45:00,611234.11,439865832.0549703
2026-09-10 06:50:00,611190.44,440832648.24493074
2026-09-10 06:55:00,611388.06,440832639.79314274
2026-09-10 07:00:00,611556.98,441073562.37048703
2026-09-10 07:05:00,611499.55,439691372.68257
2026-09-10 07:10:00,612371.96,440117851.3716
2026-09-10 07:15:00,612493.55,440453334.5062533
2026-09-10 07:20:00,612299.31,440155732.15150887
2026-09-10 07:25:00,609991.0,437495620.73244244
2026-09-10 07:30:00,611129.34,438311853.7335889
2026-09-10 07:35:00,611915.81,438252164.92762506
2026-09-10 07:40:00,611881.86,438100619.3818485
2026-09-10 07:45:00,611769.44,439065106.7374428
2026-09-10 07:50:00,611723.62,439293805.1566513
2026-09-10 07:55:00,611638.08,440079714.9408
2026-09-10 08:00:00,611501.78,439810425.2294
2026-09-10 08:05:00,611936.09,439800975.7072453
2026-09-10 08:10:00,612014.62,440449878.5574205
2026-09-10 08:15:00,612432.63,440185952.8125
2026-09-10 08:20:00,612164.48,440121774.5408
2026-09-10 08:25:00,612139.88,440576953.0516996
2026-09-10 08:30:00,612218.96,440577252.3744
2026-09-10 08:35:00,612131.07,440184256.2630359
2026-09-10 08:40:00,611958.07,440108004.7826
2026-09-10 08:45:00,612001.72,440011137.439053
2026-09-10 08:50:00,611976.39,440004904.6461
2026-09-10 08:55:00,612031.04,440215566.1408
2026-09-10 09:00:00,612082.15,439870950.5440181
2026-09-10 09:05:00,612111.47,440218095.00435287
2026-09-10 09:10:00,612225.43,439573336.2674821
2026-09-10 09:15:00,612263.68,440131869.0048
2026-09-10 09:20:00,612195.66,439762118.9451683
2026-09-10 09:25:00,612290.18,440028460.7588
2026-09-10 09:30:00,612416.86,440112896.5736452
2026-09-10 09:35:00,613004.86,440082319.0426
2026-09-10 09:40:00,613445.72,439387305.61471856
2026-09-10 09:45:00,613754.29,439883837.1859
2026-09-10 09:50:00,613580.67,440004834.2637
2026-09-10 09:55:00,613638.24,440499428.9991101
2026-09-10 10:00:00,613704.38,440347073.98352396
2026-09-10 10:05:00,613477.25,440599360.95
2026-09-10 10:10:00,613605.16,440385047.5832095
2026-09-10 10:15:00,613436.8,440478294.24
2026-09-10 10:20:00,613370.87,440436410.2414562
2026-09-10 10:25:00,613418.01,440127422.175
2026-09-10 10:30:00,613416.2,440322416.684
2026-09-10 10:35:00,613655.79,440079337.2028217
2026-09-10 10:40:00,613439.45,440596750.568
2026-09-10 10:45:00,613299.5,440422636.94
2026-09-10 10:50:00,613293.66,440350980.8166
2026-09-10 10:55:00,613208.0,440013532.48
2026-09-10 11:00:00,613172.8,439771770.32454944
2026-09-10 11:05:00,613694.41,439397167.23976934
2026-09-10 11:10:00,613915.55,439950300.5965
2026-09-10 11:15:00,614530.78,441220809.4244
2026-09-10 11:20:00,614695.49,441721127.57684714
2026-09-10 11:25:00,614180.56,441260644.95557857
2026-09-10 11:30:00,614380.21,441567344.5312
2026-09-10 11:35:00,614589.84,441753205.5211673
2026-09-10 11:40:00,614434.16,441606119.4752
2026-09-10 11:45:00,614602.92,441549175.8156
2026-09-10 11:50:00,614390.64,441157055.1456
2026-09-10 11:55:00,614666.82,440882069.9814
2026-09-10 12:00:00,614601.24,440460124.6584
2026-09-10 12:05:00,615154.3,440573069.7816147
2026-09-10 12:10:00,615313.43,440330596.7766
2026-09-10 12:15:00,615819.11,440963431.9066
2026-09-10 12:20:00,616029.29,440867521.6814
2026-09-10 12:25:00,616359.33,441029754.9882
2026-09-10 12:30:00,616487.93,441688942.3278
2026-09-10 12:35:00,615017.1,439565348.46443504
2026-09-10 12:40:00,613131.63,436187972.8983
2026-09-10 12:45:00,609608.6,434303454.898
2026-09-10 12:50:00,606115.71,429608754.0909
2026-09-10 12:55:00,606229.76,427937587.584
2026-09-10 13:00:00,604842.04,426736991.35743195
2026-09-10 13:05:00,604623.74,427998553.07295984
2026-09-10 13:10:00,604662.51,427496394.57
2026-09-10 13:15:00,604230.17,426278342.6333
2026-09-10 13:20:00,605914.57,427375782.8038
2026-09-10 13:25:00,606050.4,428132184.072
2026-09-10 13:30:00,605270.28,427853455.5264
2026-09-10 13:35:00,605651.27,428504330.0377
2026-09-10 13:40:00,605999.57,429826775.667087
2026-09-10 13:45:00,606344.8,429764377.93602586
2026-09-10 13:50:00,606142.54,430294073.8895575
2026-09-10 13:55:00,606267.33,430500782.270255
2026-09-10 14:00:00,606069.25,430613318.6681972
2026-09-10 14:05:00,605765.88,430748001.9504
2026-09-10 14:10:00,605819.67,429362574.7191
2026-09-10 14:15:00,605867.39,429170661.17588836
2026-09-10 14:20:00,605665.43,429054815.2582244
2026-09-10 14:25:00,605450.27,429966563.7432
2026-09-10 14:30:00,606437.35,430481931.64800537
2026-09-10 14:35:00,606394.1,430517751.0739313
2026-09-10 14:40:00,606478.43,430689919.4533039
2026-09-10 14:45:00,607310.06,431513390.9768838
2026-09-10 14:50:00,606891.74,430935617.8218
2026-09-10 14:55:00,607163.68,431520866.4151451
2026-09-10 15:00:00,607709.03,431556460.3967206
2026-09-10 15:05:00,607606.22,430618849.01991224
2026-09-10 15:10:00,607347.75,431210829.0225
2026-09-10 15:15:00,607446.13,431006508.285338
2026-09-10 15:20:00,607067.71,429931422.8991
2026-09-10 15:25:00,607330.09,429738301.0447425
2026-09-10 15:30:00,606957.92,428955370.8016
2026-09-10 15:35:00,606826.65,429675746.0655
2026-09-10 15:40:00,606600.81,429938048.6931314
2026-09-10 15:45:00,606626.3,429525832.8844272
2026-09-10 15:50:00,606612.64,429425842.4616078
2026-09-10 15:55:00,606594.86,429202259.1416
2026-09-10 16:00:00,607192.75,429983545.9125
2026-09-10 16:05:00,607361.58,429321482.1110522
2026-09-10 16:10:00,606169.58,427967846.8716
2026-09-10 16:15:00,606261.68,428523943.2744
2026-09-10 16:20:00,605956.02,427253530.1418
2026-09-10 16:25:00,606262.36,428263731.104
2026-09-10 16:30:00,606110.42,427871528.7906
2026-09-10 16:35:00,605927.24,427427134.3684
2026-09-10 16:40:00,605297.63,427557288.22433174
2026-09-10 16:45:00,605206.07,428056201.2503
2026-09-10 16:50:00,605164.86,428796627.14321965
2026-09-10 16:55:00,605244.76,428773722.75430137
2026-09-10 17:00:00,605356.86,429263114.98506314
2026-09-10 17:05:00,605421.08,429115919.43278533
2026-09-10 17:10:00,605517.31,429281496.9245
2026-09-10 17:15:00,605434.09,429428957.4509219
2026-09-10 17:20:00,605316.01,429945131.9581919
2026-09-10 17:25:00,605224.45,430652641.3264816
2026-09-10 17:30:00,605594.71,430971475.3715
2026-09-10 17:35:00,605402.97,431973181.1841
2026-09-10 17:40:00,605669.38,431418299.374
2026-09-10 17:45:00,605925.91,431811228.3108529
2026-09-10 17:50:00,605875.29,432213255.6273
2026-09-10 17:55:00,606071.55,432328464.6181604
2026-09-10 18:00:00,606056.81,432168070.21348906
2026-09-10 18:05:00,605968.42,431196581.95510924
2026-09-10 18:10:00,605897.47,430738570.3977
2026-09-10 18:15:00,606014.24,430750911.1776394
2026-09-10 18:20:00,605958.63,430775990.067
2026-09-10 18:25:00,606266.98,431571149.713
2026-09-10 18:30:00,606348.18,431592571.0422
2026-09-10 18:35:00,606780.04,431832083.8851352
2026-09-10 18:40:00,606804.49,432449324.11269003
2026-09-10 18:45:00,606864.92,432500414.5628352
2026-09-10 18:50:00,606988.37,432780986.3181441
2026-09-10 18:55:00,607072.63,433358796.9255
2026-09-10 19:00:00,607269.8,433760679.35716814
2026-09-10 19:05:00,607086.27,433568919.1513766
2026-09-10 19:10:00,607066.28,433493362.29493964
2026-09-10 19:15:00,607930.92,433768440.12027484
2026-09-10 19:20:00,608199.53,434116897.2462342
2026-09-10 19:25:00,608179.31,434384102.13576907
2026-09-10 19:30:00,608118.48,434695251.8736
2026-09-10 19:35:00,608196.4,434586737.62
2026-09-10 19:40:00,608125.52,435034753.2424
2026-09-10 19:45:00,608187.36,435476014.59508216
2026-09-10 19:50:00,608214.75,434879628.3975
2026-09-10 19:55:00,607406.32,433937488.61740696
2026-09-10 20:00:00,607403.85,433990282.6953457
2026-09-10 20:05:00,607383.68,433855385.7125164
2026-09-10 20:10:00,607350.08,434394634.7902862
2026-09-10 20:15:00,607361.42,434664273.8372
2026-09-10 20:20:00,607386.04,434675828.39991003
2026-09-10 20:25:00,607814.93,435000989.1024
2026-09-10 20:30:00,607847.51,435164110.8841
2026-09-10 20:35:00,607844.84,434981516.58962893
2026-09-10 20:40:00,607802.61,434981860.8148765
2026-09-10 20:45:00,608147.38,435518664.7132
2026-09-10 20:50:00,607662.26,434934693.8468293
2026-09-10 20:55:00,606921.73,434396970.1251539
2026-09-10 21:00:00,606894.72,434156383.8527273
2026-09-10 21:05:00,606853.16,433815049.9576
2026-09-10 21:10:00,607952.28,435106806.2536901
2026-09-10 21:15:00,607510.22,434475677.18869895
2026-09-10 21:20:00,607457.32,433998664.0776454
2026-09-10 21:25:00,607318.26,434025457.5918224
2026-09-10 21:30:00,607180.48,433891171.008
2026-09-10 21:35:00,606955.88,433657789.4599461
2026-09-10 21:40:00,607112.17,433892391.5947168
2026-09-10 21:45:00,606451.14,433266887.9502
2026-09-10 21:50:00,605994.88,433207559.8656
2026-09-10 21:55:00,605960.75,433098326.8475
2026-09-10 22:00:00,605994.3,433148773.32484794
2026-09-10 22:05:00,605913.85,433488945.7055
2026-09-10 22:10:00,605945.06,433777890.1022
2026-09-10 22:15:00,605876.62,433443966.5988188
2026-09-10 22:20:00,606309.84,434010816.1589509
2026-09-10 22:25:00,606371.93,434034820.8285812
2026-09-10 22:30:00,606447.61,433290247.5649507
2026-09-10 22:35:00,606057.62,432203931.1268
2026-09-10 22:40:00,605970.15,432079885.0128046
2026-09-10 22:45:00,605833.74,431662598.0874
2026-09-10 22:50:00,605981.61,432204263.7003
2026-09-10 22:55:00,606164.36,432255805.116
2026-09-10 23:00:00,606556.63,432040729.1930674
2026-09-10 23:05:00,605791.14,431238480.9204
2026-09-10 23:10:00,605363.58,430340861.7504
2026-09-10 23:15:00,605089.06,429246672.20092785
2026-09-10 23:20:00,606623.55,430620144.3545551
2026-09-10 23:25:00,606434.83,430920461.5014
2026-09-10 23:30:00,606321.63,431088615.7137
2026-09-10 23:35:00,606378.94,431296728.15885764
2026-09-10 23:40:00,606685.16,431188928.0661284
2026-09-10 23:45:00,606477.71,431339076.9062
2026-09-10 23:50:00,606455.61,430922421.44926834
2026-09-10 23:55:00,606303.32,430232793.503524
2026-09-11 00:00:00,606366.62,429951575.43119
2026-09-11 00:05:00,606032.78,430483264.6174
2026-09-11 00:10:00,605970.6,431850459.9319208
2026-09-11 00:15:00,605951.13,431988620.0883
2026-09-11 00:20:00,605956.97,431871592.0887
2026-09-11 00:25:00,605785.72,431440589.784
2026-09-11 00:30:00,605498.9,431405072.7624784
2026-09-11 00:35:00,605528.32,431196716.672
2026-09-11 00:40:00,605554.67,431336774.2882326
2026-09-11 00:45:00,605734.13,431482592.8229
2026-09-11 00:50:00,605745.02,431659321.1252792
2026-09-11 00:55:00,605543.53,431880678.0515639
2026-09-11 01:00:00,605483.15,432266530.448
2026-09-11 01:05:00,605493.12,433095650.201598
2026-09-11 01:10:00,605437.0,432826911.3
2026-09-11 01:15:00,605391.92,432354970.1059716
2026-09-11 01:20:00,605419.64,432299863.9676736
2026-09-11 01:25:00,605553.11,432243809.918
2026-09-11 01:30:00,605628.34,431575874.4300766
2026-09-11 01:35:00,605873.25,431456951.613076
2026-09-11 01:40:00,605975.27,431454226.22095525
2026-09-11 01:45:00,606000.11,431887533.0457926
2026-09-11 01:50:00,605850.26,432159048.9606
2026-09-11 01:55:00,605877.39,432398255.5712934
2026-09-11 02:00:00,605903.6,432572757.148
2026-09-11 02:05:00,605948.34,432384057.70351475
2026-09-11 02:10:00,605996.98,432064013.47333133
2026-09-11 02:15:00,606020.5,432607733.925
2026-09-11 02:20:00,606100.08,431950259.8005159
2026-09-11 02:25:00,606182.18,431777504.9922
2026-09-11 02:30:00,604429.4,429960853.69
2026-09-11 02:35:00,604485.77,429859430.64976394
2026-09-11 02:40:00,604495.54,430848151.1796
2026-09-11 02:45:00,604499.22,430596120.5572756
2026-09-11 02:50:00,604423.3,430735337.43747026
2026-09-11 02:55:00,604494.73,430267258.9194
2026-09-11 03:00:00,604443.21,430108583.77514505
2026-09-11 03:05:00,604432.4,430081092.5374747
2026-09-11 03:10:00,604453.27,429590983.5217
2026-09-11 03:15:00,604520.19,430563460.1256
2026-09-11 03:20:00,604355.95,430313801.9880911
2026-09-11 03:25:00,604378.7,429940771.2270789
2026-09-11 03:30:00,604477.97,430281667.0632457
2026-09-11 03:35:00,604612.89,429954420.72697175
2026-09-11 03:40:00,604693.2,430723111.31100696
2026-09-11 03:45:00,604720.38,431064800.75882494
2026-09-11 03:50:00,604641.58,430547129.8706
2026-09-11 03:55:00,604644.76,430693737.55353653
2026-09-11 04:00:00,604722.07,430896847.88487875
2026-09-11 04:05:00,604590.02,431069042.23994905
2026-09-11 04:10:00,604491.9,430998460.1365888
2026-09-11 04:15:00,604806.23,431589996.7356236
2026-09-11 04:20:00,604816.5,431759247.9803234
2026-09-11 04:25:00,605155.92,432860730.62100524
2026-09-11 04:30:00,605285.51,433505482.262
2026-09-11 04:35:00,605170.42,433739255.4830563
2026-09-11 04:40:00,605489.84,433775825.8381037
2026-09-11 04:45:00,605848.52,434248861.3066863
2026-09-11 04:50:00,606020.71,434675283.7913085
2026-09-11 04:55:00,606385.94,435027337.2154
2026-09-11 05:00:00,606495.24,434893476.7944
2026-09-11 05:05:00,606462.82,434487240.6331935
2026-09-11 05:10:00,606383.43,434546493.6066
2026-09-11 05:15:00,606727.94,434877044.6857139
2026-09-11 05:20:00,606800.89,434614968.71251625
2026-09-11 05:25:00,606821.28,434526513.9696
2026-09-11 05:30:00,606683.86,434695052.5286
2026-09-11 05:35:00,606680.55,434735148.519
2026-09-11 05:40:00,606957.79,435308142.4241836
2026-09-11 05:45:00,606831.14,435286045.0334
2026-09-11 05:50:00,606811.15,435098048.30614406
2026-09-11 05:55:00,606779.4,434947734.3841754
2026-09-11 06:00:00,606849.57,435132266.15387416
2026-09-11 06:05:00,606885.64,435100590.7416
2026-09-11 06:10:00,606839.88,435000865.4281552
2026-09-11 06:15:00,607095.77,435354447.6247
2026-09-11 06:20:00,607214.84,435209092.2732
2026-09-11 06:25:00,606903.81,434433885.2742
2026-09-11 06:30:00,606924.52,434193801.608
2026-09-11 06:35:00,606996.89,433923866.7543
2026-09-11 06:40:00,607015.01,434167485.9025
2026-09-11 06:45:00,607131.55,434184056.667
2026-09-11 06:50:00,607143.2,434447388.192
2026-09-11 06:55:00,607409.41,434637877.4196
2026-09-11 07:00:00,607532.87,434750521.772
2026-09-11 07:05:00,607398.16,434714863.112
2026-09-11 07:10:00,607428.14,434940917.37653506
2026-09-11 07:15:00,607509.57,434679854.8401249
2026-09-11 07:20:00,607540.99,434923528.13757586
2026-09-11 07:25:00,607580.45,434991147.373
2026-09-11 07:30:00,607623.78,434687975.9742
2026-09-11 07:35:00,607389.51,434030531.41258305
2026-09-11 07:40:00,607399.47,433914768.8057303
2026-09-11 07:45:00,607272.59,433714083.778
2026-09-11 07:50:00,607019.48,433078048.006
2026-09-11 07:55:00,606744.19,433112205.1477
2026-09-11 08:00:00,606264.16,432882755.07038176
2026-09-11 08:05:00,605819.74,432578492.3125529
2026-09-11 08:10:00,605733.27,431890268.95710546
2026-09-11 08:15:00,605659.74,432143873.4057158
2026-09-11 08:20:00,605604.67,432619903.42603123
2026-09-11 08:25:00,605685.38,433403858.9793311
2026-09-11 08:30:00,605448.67,432927926.5358435
2026-09-11 08:35:00,605878.95,433397988.40159905
2026-09-11 08:40:00,605437.29,432887662.35
2026-09-11 08:45:00,605596.4,433018570.18578947
2026-09-11 08:50:00,605658.72,432858230.5968
2026-09-11 08:55:00,605615.27,432580119.9462367
2026-09-11 09:00:00,605665.94,432651407.5796
2026-09-11 09:05:00,605707.37,432546503.8379089
2026-09-11 09:10:00,605623.18,432009181.1785867
2026-09-11 09:15:00,605458.87,432265766.23887837
2026-09-11 09:20:00,605526.44,432454872.9192
2026-09-11 09:25:00,605429.05,432063073.09938115
2026-09-11 09:30:00,605264.03,431886148.6065
2026-09-11 09:35:00,605262.9,431679552.909
2026-09-11 09:40:00,605067.86,430711505.4624
2026-09-11 09:45:00,605065.18,430921370.5442
2026-09-11 09:50:00,604802.03,431161119.7547526
2026-09-11 09:55:00,604931.65,431552189.7935
2026-09-11 10:00:00,604872.43,431437358.1461
2026-09-11 10:05:00,604683.39,432159841.477956
2026-09-11 10:10:00,604794.29,432189376.3577676
2026-09-11 10:15:00,604643.66,432110805.33432156
2026-09-11 10:20:00,604611.87,432001056.75129104
2026-09-11 10:25:00,604583.25,431811494.6475
2026-09-11 10:30:00,604414.3,431654560.631
2026-09-11 10:35:00,604576.31,431558661.6042
2026-09-11 10:40:00,604524.93,431395035.2973
2026-09-11 10:45:00,604520.53,431130016.40636975
2026-09-11 10:50:00,604494.51,431095259.8065
2026-09-11 10:55:00,604586.27,431269523.9791
2026-09-11 11:00:00,604213.26,430840307.1756
2026-09-11 11:05:00,604437.55,430292350.6134486
2026-09-11 11:10:00,604153.84,429624449.29698074
2026-09-11 11:15:00,604056.55,429429657.7534551
2026-09-11 11:20:00,603919.28,429754088.54119086
2026-09-11 11:25:00,603956.23,429688401.98253846
2026-09-11 11:30:00,604197.98,430055555.3958362
2026-09-11 11:35:00,604249.73,430120571.51221573
2026-09-11 11:40:00,604461.16,430569773.4912
2026-09-11 11:45:00,604534.59,431051298.7077
2026-09-11 11:50:00,604677.07,431219405.6998
2026-09-11 11:55:00,604684.18,431226223.1303581
2026-09-11 12:00:00,604722.25,431556952.2716612
2026-09-11 12:05:00,604619.46,431553185.7696
2026-09-11 12:10:00,604572.87,430667483.9445
2026-09-11 12:15:00,604555.4,430559307.16530794
2026-09-11 12:20:00,604225.08,430310975.2236
2026-09-11 12:25:00,603946.89,430151025.8048535
2026-09-11 12:30:00,604665.15,431041598.829
2026-09-11 12:35:00,603752.48,432977933.5272801
2026-09-11 12:40:00,603546.14,435717132.58265483
2026-09-11 12:45:00,603855.04,435965223.2288
2026-09-11 12:50:00,605067.53,436708210.7215127
2026-09-11 12:55:00,603116.98,436071817.70449907
2026-09-11 13:00:00,602991.83,436569364.4900548
2026-09-11 13:05:00,603417.8,434702183.12
2026-09-11 13:10:00,602698.58,433527115.5798
2026-09-11 13:15:00,603147.99,434796714.97358537
2026-09-11 13:20:00,603344.65,435240763.617
2026-09-11 13:25:00,603355.5,435250233.2072481
2026-09-11 13:30:00,603233.26,433973802.92996866
2026-09-11 13:35:00,603400.27,433959440.1813
2026-09-11 13:40:00,603532.53,434609810.1783
2026-09-11 13:45:00,603206.51,435561524.57944274
2026-09-11 13:50:00,600866.19,438373946.2383
2026-09-11 13:55:00,599871.14,438823149.46199054
2026-09-11 14:00:00,598936.67,441353871.8783636
2026-09-11 14:05:00,599371.03,443558537.0412
2026-09-11 14:10:00,594729.8,436490042.114
2026-09-11 14:15:00,595225.93,436886731.8774297
2026-09-11 14:20:00,595213.36,436917437.9051593
2026-09-11 14:25:00,595451.0,437322899.2852474
2026-09-11 14:30:00,595583.13,437985877.9707
2026-09-11 14:35:00,596130.43,437058986.0588
2026-09-11 14:40:00,596534.27,437630463.402678
2026-09-11 14:45:00,596702.36,437394763.9272
2026-09-11 14:50:00,596915.33,436912175.7935
2026-09-11 14:55:00,597649.35,438369821.7315
2026-09-11 15:00:00,597775.66,438365924.5335226
2026-09-11 15:05:00,597950.69,438209026.08109975
2026-09-11 15:10:00,598000.67,437856090.574
2026-09-11 15:15:00,598086.1,436901961.42081076
2026-09-11 15:20:00,598016.61,438621262.7706
2026-09-11 15:25:00,597951.14,439440413.1866476
2026-09-11 15:30:00,597995.77,439554607.7250418
2026-09-11 15:35:00,598213.04,440754312.96049875
2026-09-11 15:40:00,602690.52,445786400.2192552
2026-09-11 15:45:00,605221.76,447433206.35538554
2026-09-11 15:50:00,604707.41,445606692.04544634
2026-09-11 15:55:00,603673.44,440397884.6832
2026-09-11 16:00:00,602839.52,439491540.1317531
2026-09-11 16:05:00,602491.75,440566067.27
2026-09-11 16:10:00,603011.8,442194583.058
2026-09-11 16:15:00,602676.61,440481523.79072785
2026-09-11 16:20:00,602920.93,439547445.5979
2026-09-11 16:25:00,602956.42,439183580.49876726
2026-09-11 16:30:00,602352.33,439718839.81033707
2026-09-11 16:35:00,602182.41,440327821.8402
2026-09-11 16:40:00,602051.02,439069788.3758
2026-09-11 16:45:00,602850.82,440187079.3280464
2026-09-11 16:50:00,602311.01,440476064.7231
2026-09-11 16:55:00,602316.93,440365953.8616
2026-09-11 17:00:00,602354.52,440192369.4707266
2026-09-11 17:05:00,602046.89,439884018.5892744
2026-09-11 17:10:00,602022.24,439188213.5646996
2026-09-11 17:15:00,602069.31,439050576.55583435
2026-09-11 17:20:00,602242.76,439841977.3384
2026-09-11 17:25:00,602216.08,439780336.7416
2026-09-11 17:30:00,602192.09,440009716.3212
2026-09-11 17:35:00,602444.78,440025667.312
2026-09-11 17:40:00,602119.82,438295008.43506324
2026-09-11 17:45:00,602270.01,438494726.1807
2026-09-11 17:50:00,602124.12,438783006.591327
2026-09-11 17:55:00,602078.51,437820297.10508347
2026-09-11 18:00:00,601798.53,437970356.4513052
2026-09-11 18:05:00,601178.08,435674959.3068134
2026-09-11 18:10:00,599836.53,433765788.3042
2026-09-11 18:15:00,599683.86,433836940.3172742
2026-09-11 18:20:00,599697.85,435146756.9385
2026-09-11 18:25:00,599539.61,434672212.6461
2026-09-11 18:30:00,599501.81,434632817.2319
2026-09-11 18:35:00,599635.82,434878103.0852565
2026-09-11 18:40:00,599685.54,434692014.3171306
2026-09-11 18:45:00,599434.66,434183276.66490597
2026-09-11 18:50:00,599732.1,434080096.659
2026-09-11 18:55:00,599507.69,432808581.7186
2026-09-11 19:00:00,599680.33,433284222.80470306
2026-09-11 19:05:00,599316.2,433395795.5682103
2026-09-11 19:10:00,599238.27,433703849.67776245
2026-09-11 19:15:00,599440.83,434295559.4884054
2026-09-11 19:20:00,599508.54,433931231.1686566
2026-09-11 19:25:00,599869.47,435187304.4009
2026-09-11 19:30:00,600104.49,435189775.1031
2026-09-11 19:35:00,600606.37,435289466.6575
2026-09-11 19:40:00,600546.86,435360440.6884
2026-09-11 19:45:00,600696.11,435725520.60496634
2026-09-11 19:50:00,600867.24,435754931.1204
2026-09-11 19:55:00,600945.02,436051715.9622
2026-09-11 20:00:00,602156.86,436732327.4208
2026-09-11 20:05:00,603480.92,439128926.2472
2026-09-11 20:10:00,603481.3,438863670.986
2026-09-11 20:15:00,603605.6,438904150.2145688
2026-09-11 20:20:00,603633.01,438427302.091178
2026-09-11 20:25:00,603624.35,438738962.6131158
2026-09-11 20:30:00,603561.76,438439144.0782019
2026-09-11 20:35:00,603822.1,438743176.081
2026-09-11 20:40:00,603792.86,439374026.2934
2026-09-11 20:45:00,603784.18,439228839.5828
2026-09-11 20:50:00,603667.31,438122102.57854575
2026-09-11 20:55:00,604074.98,438188014.3342901
2026-09-11 21:00:00,603814.99,438713857.2843
2026-09-11 21:05:00,603734.33,438486206.5357
2026-09-11 21:10:00,603705.35,439050752.841
2026-09-11 21:15:00,603592.07,438776573.0115558
2026-09-11 21:20:00,603558.86,439083035.0614
2026-09-11 21:25:00,603575.47,438964868.7557781
2026-09-11 21:30:00,603579.6,438850655.568
2026-09-11 21:35:00,603841.57,439167935.4453
2026-09-11 21:40:00,603805.01,439121481.9932411
2026-09-11 21:45:00,603681.58,438607658.7665062
2026-09-11 21:50:00,603580.03,437595521.75
2026-09-11 21:55:00,603701.52,437200640.784
2026-09-11 22:00:00,603567.67,436681267.59188664
2026-09-11 22:05:00,603404.54,437675274.85522735
2026-09-11 22:10:00,603290.77,436311950.6794
2026-09-11 22:15:00,603712.7,437455267.985113
2026-09-11 22:20:00,603643.44,437381927.3208
2026-09-11 22:25:00,603675.03,437936050.5135
2026-09-11 22:30:00,603460.26,437363858.0376
2026-09-11 22:35:00,603404.73,436539185.9658
2026-09-11 22:40:00,603620.49,437852651.7658034
2026-09-11 22:45:00,603537.14,437321465.7922526
2026-09-11 22:50:00,603451.8,436814619.948
2026-09-11 22:55:00,603422.15,436762986.3915
2026-09-11 23:00:00,603424.97,437127082.5177
2026-09-11 23:05:00,603425.33,437851453.7013
