T,p,q,sell_agg
1789044300042,712.44,5.58,True
1789044300355,712.44,7.81,True
1789044300356,712.4,0.08,True
1789044300382,712.4,7.29,False
1789044300518,712.4,0.45,False
1789044300521,712.39,0.03,True
1789044300789,712.38,1.31,True
1789044301013,712.39,1.33,False
1789044301015,712.4,0.02,False
1789044301028,712.41,0.03,False
1789044301031,712.44,0.02,False
1789044301054,712.45,0.05,False
1789044301083,712.47,0.01,False
1789044301092,712.49,0.03,False
1789044301174,712.49,2.09,True
1789044301725,712.5,0.65,False
1789044301728,712.53,0.05,False
1789044301812,712.56,0.05,False
1789044301814,712.57,0.01,False
1789044301950,712.6,0.07,False
1789044301992,712.59,0.1,True
1789044302049,712.58,1.36,False
1789044302542,712.58,19.23,False
1789044302577,712.59,0.01,False
1789044302866,712.61,2.0,False
1789044302951,712.6,0.1,True
1789044303049,712.61,7.01,False
1789044303523,712.6,1.68,True
1789044303546,712.59,0.02,True
1789044303706,712.57,0.05,True
1789044303708,712.55,0.05,True
1789044303898,712.51,0.16,False
1789044303957,712.52,0.01,False
1789044304002,712.53,0.01,True
1789044304120,712.54,1.09,False
1789044304169,712.55,0.03,False
1789044304211,712.56,0.41,False
1789044304213,712.57,0.04,False
1789044304567,712.58,0.6,False
1789044304569,712.61,0.1,False
1789044304587,712.63,4.73,False
1789044304667,712.64,0.86,False
1789044304676,712.69,1.04,True
1789044304800,712.69,5.6,True
1789044304933,712.7,0.11,False
1789044304937,712.71,0.01,False
1789044304961,712.72,0.05,False
1789044304963,712.74,0.02,False
1789044305042,712.74,1.58,True
1789044305322,712.73,0.59,True
1789044305471,712.71,0.01,True
1789044305473,712.67,0.01,True
1789044305475,712.64,0.01,True
1789044305664,712.63,0.01,True
1789044305666,712.6,0.17,True
1789044305670,712.59,0.03,True
1789044305673,712.54,0.03,True
1789044305717,712.55,18.4,False
1789044305749,712.56,0.01,False
1789044306327,712.56,6.4,False
1789044306383,712.59,0.05,False
1789044306410,712.58,0.02,True
1789044306460,712.56,5.26,False
1789044306825,712.56,9.05,False
1789044306826,712.58,0.03,False
1789044307031,712.58,0.72,True
1789044307036,712.55,0.2,True
1789044307038,712.53,0.05,True
1789044307087,712.53,0.55,False
1789044307111,712.52,10.33,True
1789044307113,712.51,0.06,True
1789044307222,712.49,10.55,False
1789044307493,712.48,0.11,True
1789044307995,712.49,6.83,False
1789044308006,712.53,0.56,False
1789044308015,712.56,0.01,False
1789044308149,712.59,0.02,False
1789044308165,712.62,0.09,False
1789044308168,712.63,0.05,False
1789044308298,712.64,0.54,False
1789044308816,712.64,0.21,False
1789044308916,712.63,0.1,True
1789044309471,712.64,7.01,False
1789044310184,712.63,0.04,True
1789044310186,712.64,7.01,False
1789044310361,712.63,0.01,True
1789044311236,712.63,7.28,True
1789044311237,712.62,0.01,True
1789044311238,712.61,0.04,True
1789044311239,712.6,0.57,True
1789044311240,712.59,0.04,True
1789044311247,712.58,0.02,True
1789044311249,712.57,0.01,True
1789044311275,712.55,0.01,True
1789044311277,712.54,0.1,True
1789044311673,712.53,0.05,True
1789044311775,712.53,0.74,True
1789044312048,712.53,0.9,True
1789044312050,712.52,0.02,True
1789044312054,712.48,0.05,True
1789044312507,712.47,3.0,True
1789044312534,712.46,0.02,True
1789044313037,712.45,0.04,False
1789044313117,712.44,2.67,True
1789044313118,712.43,0.97,True
1789044313594,712.4,0.09,True
1789044313892,712.4,2.65,True
1789044313893,712.39,0.03,True
1789044314062,712.37,0.79,False
1789044314518,712.37,23.46,False
1789044315124,712.37,0.04,False
1789044315331,712.38,1.84,True
1789044315517,712.38,0.28,True
1789044315774,712.39,0.87,False
1789044316192,712.38,0.95,True
1789044316306,712.36,2.5,True
1789044316399,712.36,0.02,False
1789044316447,712.35,0.35,True
1789044316450,712.3,0.03,True
1789044316501,712.27,0.02,False
1789044316689,712.27,0.02,False
1789044316704,712.26,0.01,True
1789044317001,712.26,0.71,True
1789044317356,712.27,0.07,False
1789044317406,712.26,0.98,True
1789044317585,712.26,0.31,True
1789044318048,712.27,0.01,False
1789044318114,712.25,0.24,False
1789044318158,712.26,0.01,False
1789044318318,712.26,0.01,True
1789044318801,712.26,0.8,False
1789044318885,712.25,0.01,True
1789044319532,712.25,0.54,True
1789044319535,712.22,1.03,True
1789044319542,712.19,0.05,True
1789044319922,712.19,0.1,False
1789044320193,712.2,0.01,True
1789044320422,712.2,0.17,True
1789044320743,712.21,0.02,False
1789044320744,712.2,0.26,True
1789044320798,712.21,0.01,False
1789044321694,712.2,0.23,True
1789044321968,712.2,1.83,True
1789044322046,712.19,1.48,True
1789044322047,712.18,1.49,True
1789044322048,712.15,0.09,True
1789044322260,712.14,0.07,True
1789044322366,712.13,0.19,True
1789044322662,712.13,0.01,True
1789044322872,712.13,0.02,True
1789044323102,712.13,0.01,True
1789044323246,712.14,0.07,False
1789044324082,712.13,1.28,True
1789044324083,712.12,0.12,True
1789044324088,712.11,0.21,True
1789044324093,712.1,0.03,True
1789044324825,712.09,4.61,False
1789044324827,712.11,0.21,False
1789044324834,712.12,0.08,False
1789044324971,712.12,0.01,True
1789044325144,712.12,0.14,True
1789044325740,712.13,6.05,False
1789044325842,712.14,0.34,False
1789044325844,712.15,0.1,False
1789044325845,712.16,0.03,False
1789044325851,712.17,0.04,False
1789044325853,712.18,3.18,False
1789044325856,712.19,0.01,False
1789044325861,712.21,0.46,False
1789044326086,712.21,0.01,False
1789044327216,712.2,0.3,True
1789044328097,712.2,3.01,True
1789044328100,712.19,0.01,True
1789044328120,712.18,8.02,False
1789044328124,712.2,0.01,False
1789044328228,712.2,11.04,True
1789044328230,712.18,0.01,True
1789044328298,712.18,1.27,False
1789044328423,712.18,1.54,False
1789044328596,712.17,0.01,True
1789044328758,712.18,1.45,False
1789044329080,712.17,0.01,True
1789044329351,712.17,0.54,True
1789044329352,712.16,0.04,True
1789044329353,712.15,0.03,True
1789044329389,712.14,0.02,True
1789044329396,712.12,0.18,True
1789044329397,712.11,0.01,True
1789044329401,712.08,0.03,True
1789044329647,712.07,0.02,True
1789044329656,712.01,0.13,False
1789044329971,712.01,0.08,False
1789044330289,712.0,0.63,True
1789044331035,712.0,5.24,True
1789044331350,712.01,0.15,False
1789044331748,712.0,0.51,True
1789044332034,712.0,3.7,True
1789044332038,711.99,0.2,True
1789044332041,711.95,0.02,True
1789044332087,711.94,5.12,True
1789044332088,711.95,0.01,False
1789044335179,711.92,10.77,True
1789044335239,711.93,10.19,False
1789044335241,711.94,0.07,False
1789044335664,711.95,0.01,False
1789044335843,711.94,12.42,True
1789044335937,711.95,0.29,False
1789044335941,711.96,0.01,False
1789044336032,711.97,0.01,False
1789044336106,711.98,5.09,False
1789044336108,712.05,0.03,False
1789044336213,712.05,0.01,False
1789044336313,712.08,0.24,False
1789044336769,712.09,0.24,True
1789044337171,712.09,11.59,True
1789044337172,712.08,0.01,True
1789044337173,712.07,6.36,True
1789044337175,712.06,0.07,True
1789044337203,712.05,0.01,True
1789044337205,712.04,0.04,True
1789044337352,711.99,0.01,False
1789044337408,712.01,0.04,True
1789044337419,712.0,0.01,True
1789044337730,711.97,0.17,True
1789044337805,711.98,0.01,False
1789044338846,711.97,0.07,True
1789044339297,711.98,0.01,False
1789044340541,711.98,1.33,False
1789044340542,711.99,0.01,False
1789044340547,712.01,0.01,False
1789044340800,712.03,0.19,False
1789044341500,712.02,0.13,True
1789044342235,712.03,3.22,False
1789044342498,712.03,2.1,True
1789044343142,712.04,0.67,False
1789044343170,712.05,0.11,True
1789044343189,712.06,0.02,False
1789044343225,712.07,0.1,True
1789044343661,712.07,0.29,True
1789044343829,712.07,25.63,True
1789044343830,712.06,1.53,True
1789044344230,712.04,0.56,True
1789044345148,712.05,0.67,False
1789044345703,712.04,0.03,True
1789044345842,712.04,0.07,True
1789044346108,712.05,1.13,False
1789044346119,712.08,1.14,False
1789044346120,712.09,3.53,False
1789044346122,712.11,0.05,False
1789044346136,712.12,0.02,False
1789044346139,712.13,0.01,False
1789044346306,712.15,0.04,False
1789044346376,712.14,2.19,True
1789044347040,712.14,1.69,True
1789044347043,712.12,0.04,True
1789044347045,712.1,0.05,True
1789044347048,712.09,0.01,True
1789044347051,712.05,0.04,True
1789044347090,712.05,0.1,False
1789044347453,712.05,1.76,False
1789044347590,712.04,0.01,True
1789044347619,712.05,0.01,False
1789044347789,712.05,1.79,False
1789044347792,712.06,0.03,False
1789044348320,712.06,0.02,False
1789044348490,712.06,1.41,False
1789044348756,712.05,8.54,True
1789044348757,712.04,0.01,True
1789044348758,712.03,0.01,True
1789044348760,712.01,0.07,True
1789044348764,712.0,0.04,True
1789044350252,711.98,6.4,True
1789044350822,711.98,0.08,True
1789044351336,711.99,1.43,False
1789044352990,711.98,0.06,True
1789044353145,711.99,0.1,False
1789044353876,711.99,5.0,False
1789044353963,711.98,8.5,True
1789044353982,711.98,0.21,False
1789044354157,711.97,1.38,True
1789044354160,711.96,0.08,True
1789044354616,711.96,0.04,False
1789044355153,711.98,0.41,False
1789044355154,711.99,0.04,False
1789044355156,712.02,2.72,False
1789044355160,712.04,4.33,False
1789044355177,712.05,0.02,False
1789044356692,712.05,0.35,True
1789044357124,712.05,8.56,True
1789044357126,712.04,0.04,True
1789044357907,712.03,36.96,False
1789044357958,712.03,0.02,False
1789044358822,712.04,6.58,True
1789044358823,712.03,0.01,True
1789044358824,712.02,0.01,True
1789044358933,712.01,0.01,True
1789044358934,711.98,0.05,True
1789044360118,711.98,1.69,False
1789044360387,712.04,1.54,True
1789044360388,712.02,0.03,True
1789044360543,712.01,0.03,True
1789044360582,712.02,3.1,False
1789044360710,712.02,1.54,False
1789044360753,712.03,0.02,False
1789044361023,712.06,0.12,True
1789044361121,712.07,0.11,False
1789044361262,712.06,0.02,True
1789044361626,712.06,0.04,True
1789044362122,712.07,0.04,False
1789044362601,712.06,13.99,True
1789044362699,712.05,12.25,True
1789044362701,712.02,0.03,True
1789044362702,712.01,0.09,True
1789044363149,712.01,0.02,False
1789044363296,712.01,0.01,False
1789044364088,712.0,1.03,True
1789044364089,711.99,0.04,True
1789044364090,711.96,0.04,True
1789044364091,711.93,0.06,True
1789044364092,711.92,2.57,True
1789044364093,711.9,0.87,True
1789044364098,711.88,6.88,True
1789044364100,711.84,2.77,True
1789044364112,711.81,0.05,True
1789044364118,711.79,0.04,True
1789044364121,711.78,2.99,True
1789044364125,711.77,0.24,True
1789044364126,711.76,4.66,True
1789044364134,711.75,4.68,True
1789044364135,711.71,0.04,False
1789044364141,711.7,2.14,True
1789044364149,711.62,5.0,True
1789044364168,711.6,0.08,True
1789044364170,711.59,0.04,True
1789044364175,711.58,0.16,True
1789044364278,711.57,24.32,False
1789044364282,711.58,9.14,False
1789044364283,711.59,0.38,False
1789044364284,711.56,0.04,True
1789044364309,711.58,2.66,False
1789044364320,711.61,1.3,False
1789044364321,711.61,0.15,True
1789044364323,711.62,0.98,False
1789044364366,711.62,0.98,False
1789044364369,711.63,2.51,False
1789044364384,711.64,0.01,True
1789044364386,711.65,0.32,False
1789044364403,711.65,0.03,True
1789044364446,711.66,0.35,False
1789044364448,711.65,0.02,True
1789044364540,711.66,0.01,False
1789044364620,711.69,0.06,False
1789044364646,711.68,0.01,True
1789044364758,711.69,0.01,False
1789044364789,711.7,11.43,True
1789044364838,711.69,0.01,False
1789044364856,711.71,0.18,False
1789044364861,711.73,0.11,False
1789044365035,711.74,0.04,False
1789044365036,711.75,0.01,False
1789044365047,711.76,9.25,False
1789044365049,711.78,2.08,False
1789044365050,711.84,0.06,False
1789044365055,711.85,0.03,False
1789044365333,711.84,0.04,True
1789044366392,711.84,7.97,True
1789044366394,711.83,0.02,True
1789044366395,711.81,0.04,True
1789044366448,711.8,0.01,True
1789044367097,711.81,0.68,False
1789044367301,711.8,1.59,True
1789044367831,711.8,9.98,True
1789044367833,711.75,0.01,True
1789044368013,711.74,11.91,True
1789044368015,711.73,1.3,True
1789044368019,711.72,0.06,True
1789044368022,711.72,0.01,True
1789044368035,711.71,0.01,True
1789044368036,711.7,0.05,True
1789044368038,711.66,0.16,True
1789044368225,711.66,4.01,False
1789044368227,711.69,0.01,False
1789044368229,711.72,0.04,False
1789044368244,711.73,0.07,False
1789044368254,711.73,0.03,True
1789044368516,711.73,4.26,True
1789044368627,711.74,3.54,False
1789044368629,711.75,0.01,False
1789044370255,711.78,10.65,False
1789044370570,711.78,0.3,False
1789044370663,711.81,0.04,False
1789044370664,711.82,0.06,False
1789044371086,711.83,0.01,False
1789044371206,711.83,9.2,False
1789044371208,711.84,0.05,False
1789044371218,711.84,0.01,True
1789044371351,711.85,0.08,False
1789044371604,711.86,0.25,False
1789044371775,711.85,0.01,True
1789044371876,711.85,0.08,True
1789044372477,711.85,11.25,True
1789044372741,711.86,0.7,False
1789044372798,711.89,2.1,True
1789044372806,711.9,0.14,False
1789044372849,711.9,0.34,False
1789044372898,711.89,0.02,True
1789044373452,711.89,0.94,True
1789044373810,711.89,0.01,True
1789044374396,711.89,0.66,True
1789044374455,711.88,0.19,True
1789044374461,711.81,0.01,True
1789044374493,711.79,8.02,False
1789044374494,711.8,0.07,False
1789044374686,711.82,0.01,False
1789044374687,711.85,0.03,False
1789044374706,711.85,0.03,True
1789044374898,711.85,0.02,True
1789044374983,711.86,0.75,False
1789044375006,711.85,8.08,True
1789044375857,711.85,0.22,True
1789044376312,711.85,0.02,True
1789044376560,711.85,0.4,True
1789044376772,711.86,0.06,False
1789044376829,711.85,22.56,True
1789044376833,711.73,8.06,True
1789044376835,711.7,2.83,False
1789044376837,711.73,2.37,True
1789044377058,711.74,0.04,False
1789044377222,711.74,0.01,False
1789044377230,711.76,10.05,False
1789044377417,711.76,0.65,True
1789044377589,711.77,58.98,False
1789044377594,711.78,2.14,False
1789044377598,711.79,0.04,False
1789044377623,711.82,0.5,True
1789044377713,711.83,0.01,False
1789044377973,711.82,0.02,True
1789044379129,711.82,2.51,True
1789044379640,711.82,0.01,True
1789044379900,711.82,2.66,True
1789044379901,711.77,0.03,True
1789044380122,711.75,0.14,True
1789044381341,711.76,0.05,False
1789044381432,711.75,3.63,True
1789044381700,711.75,0.66,True
1789044381749,711.73,0.06,True
1789044381916,711.7,0.01,True
1789044382083,711.7,1.67,True
1789044382489,711.71,0.22,False
1789044382491,711.73,0.03,False
1789044382576,711.74,0.01,False
1789044382581,711.75,0.03,False
1789044383539,711.76,0.64,False
1789044383894,711.75,0.19,True
1789044383949,711.76,0.23,False
1789044384447,711.76,9.46,False
1789044385212,711.76,0.17,False
1789044386167,711.76,0.02,False
1789044386470,711.75,3.17,True
1789044386849,711.72,3.52,True
1789044387118,711.7,10.98,True
1789044387120,711.68,0.05,True
1789044387143,711.67,0.37,False
1789044387214,711.66,0.06,True
1789044387215,711.63,0.01,True
1789044387218,711.61,0.11,True
1789044387373,711.62,0.05,False
1789044387378,711.62,0.01,True
1789044387714,711.63,0.2,False
1789044388089,711.62,0.35,True
1789044388095,711.61,0.05,True
1789044389281,711.58,0.91,True
1789044389282,711.53,0.02,True
1789044389286,711.49,8.45,False
1789044389418,711.48,3.81,True
1789044389422,711.46,0.25,True
1789044389427,711.45,0.02,True
1789044389436,711.42,0.13,False
1789044389462,711.41,0.13,True
1789044389481,711.4,0.09,True
1789044389485,711.37,7.77,True
1789044389490,711.38,0.04,False
1789044389643,711.37,22.14,True
1789044389657,711.36,0.01,True
1789044389899,711.35,0.12,True
1789044389901,711.34,0.07,True
1789044389906,711.31,0.01,True
1789044390407,711.3,0.86,True
1789044390517,711.31,0.05,False
1789044390655,711.3,1.06,True
1789044390950,711.24,1.31,True
1789044391010,711.25,6.01,False
1789044391020,711.26,0.02,False
1789044391099,711.28,0.09,False
1789044391106,711.29,0.07,False
1789044391275,711.3,0.01,False
1789044391277,711.31,0.45,False
1789044391278,711.33,0.03,False
1789044391300,711.34,0.01,True
1789044391419,711.35,0.01,False
1789044391438,711.35,0.02,True
1789044391555,711.36,0.13,False
1789044391558,711.38,0.15,False
1789044391559,711.39,0.01,False
1789044391805,711.4,0.06,False
1789044391920,711.41,0.01,False
1789044391922,711.42,0.07,False
1789044392052,711.43,0.01,False
1789044392264,711.43,0.1,True
1789044392315,711.44,0.81,False
1789044392316,711.45,0.02,False
1789044393359,711.46,1.28,False
1789044393424,711.46,5.46,True
1789044393832,711.46,0.02,True
1789044393998,711.46,0.03,True
1789044394503,711.46,2.73,True
1789044394505,711.45,0.01,True
1789044394506,711.43,0.04,True
1789044394625,711.41,0.01,True
1789044394627,711.38,0.01,True
1789044395154,711.36,0.72,False
1789044395158,711.35,0.43,True
1789044395520,711.3,6.54,True
1789044395559,711.31,0.17,False
1789044395893,711.31,1.04,False
1789044395895,711.34,3.81,False
1789044395912,711.35,0.03,False
1789044395923,711.35,0.01,True
1789044395937,711.36,0.05,False
1789044395946,711.35,0.07,True
1789044395977,711.34,2.07,True
1789044396128,711.35,0.38,False
1789044396475,711.35,0.01,True
1789044396550,711.36,0.64,False
1789044396551,711.37,0.08,False
1789044396987,711.37,2.02,True
1789044397128,711.38,0.01,False
1789044397509,711.38,0.01,False
1789044398107,711.37,0.04,True
1789044398355,711.37,1.89,True
1789044398736,711.38,0.52,False
1789044398742,711.37,0.71,True
1789044399589,711.38,0.08,False
1789044399766,711.37,0.02,True
1789044400159,711.38,0.92,False
1789044400160,711.39,0.03,False
1789044400172,711.4,0.02,False
1789044400173,711.46,0.03,False
1789044400175,711.49,0.14,False
1789044400678,711.49,79.22,False
1789044400711,711.56,0.01,True
1789044400877,711.57,0.01,False
1789044401572,711.62,0.01,True
1789044401995,711.62,1.94,True
1789044402140,711.55,0.4,True
1789044402143,711.52,0.01,True
1789044402147,711.48,0.06,True
1789044402423,711.47,0.14,True
1789044402424,711.45,0.04,True
1789044402498,711.43,0.01,True
1789044402522,711.38,0.12,True
1789044402682,711.37,2.22,True
1789044402684,711.34,0.02,True
1789044403113,711.29,0.02,True
1789044403305,711.27,0.07,True
1789044403313,711.28,8.96,False
1789044404185,711.28,2.01,False
1789044404323,711.27,0.71,True
1789044404325,711.26,0.05,True
1789044404326,711.25,0.05,True
1789044404339,711.24,0.03,True
1789044404447,711.23,2.3,True
1789044404448,711.22,0.04,True
1789044404562,711.2,0.75,True
1789044404567,711.19,0.08,True
1789044404568,711.18,0.03,True
1789044404569,711.17,0.02,True
1789044404573,711.16,0.03,True
1789044405105,711.16,0.82,False
1789044405114,711.18,0.05,False
1789044405217,711.19,0.01,False
1789044405219,711.2,1.47,False
1789044405220,711.21,0.01,False
1789044405337,711.23,0.6,True
1789044406710,711.23,0.98,True
1789044406754,711.19,0.06,True
1789044407196,711.16,0.12,False
1789044407289,711.17,0.07,True
1789044407333,711.18,5.48,False
1789044407335,711.19,0.07,False
1789044407338,711.2,0.09,False
1789044407385,711.21,0.01,False
1789044407658,711.23,0.13,False
1789044407906,711.22,0.01,True
1789044408100,711.22,5.44,True
1789044408565,711.22,0.42,True
1789044408977,711.22,0.13,True
1789044409026,711.17,0.01,False
1789044409109,711.18,0.01,False
1789044409144,711.17,0.01,True
1789044409545,711.17,0.02,True
1789044409863,711.18,0.1,False
1789044409998,711.17,8.85,True
1789044410000,711.16,0.02,True
1789044410324,711.15,0.04,True
1789044410508,711.15,0.06,True
1789044410650,711.15,0.93,True
1789044410653,711.14,0.06,True
1789044411281,711.14,2.17,False
1789044411302,711.15,0.06,False
1789044411324,711.14,0.07,True
1789044411731,711.13,0.08,True
1789044411955,711.13,0.02,True
1789044412291,711.13,1.45,True
1789044412311,711.12,0.31,True
1789044412315,711.06,0.04,True
1789044412344,711.04,0.06,True
1789044412376,711.02,0.21,True
1789044412390,710.99,0.05,True
1789044412391,710.8,1.44,True
1789044412401,711.0,14.17,False
1789044412483,710.84,5.21,True
1789044412558,710.83,7.67,True
1789044412616,710.84,0.14,False
1789044412623,710.83,0.61,True
1789044412634,710.79,0.01,True
1789044412718,710.79,2.95,False
1789044412720,710.81,1.2,False
1789044412725,710.83,5.17,False
1789044412739,710.84,3.08,False
1789044412745,710.83,7.39,True
1789044412906,710.84,5.8,False
1789044412918,710.85,0.06,False
1789044412948,710.86,0.06,False
1789044412980,710.87,0.11,False
1789044412996,710.88,0.1,False
1789044413006,710.87,9.96,True
1789044413091,710.88,0.17,False
1789044413118,710.87,3.17,True
1789044413131,710.81,0.01,True
1789044413330,710.78,0.28,True
1789044413432,710.79,3.83,False
1789044413444,710.8,0.01,True
1789044413490,710.79,0.04,False
1789044413573,710.81,0.06,False
1789044413662,710.82,2.52,False
1789044413789,710.81,6.94,True
1789044413829,710.82,0.46,False
1789044414011,710.81,0.01,True
1789044414027,710.8,0.02,True
1789044414042,710.78,0.11,True
1789044414043,710.77,0.01,True
1789044414046,710.77,0.21,False
1789044414051,710.77,0.01,False
1789044414061,710.76,0.33,True
1789044414173,710.75,3.15,True
1789044414222,710.74,0.06,True
1789044414339,710.71,2.06,True
1789044414353,710.72,0.01,False
1789044414391,710.72,11.75,True
1789044414534,710.72,0.01,True
1789044414761,710.72,9.96,True
1789044414827,710.71,0.66,True
1789044414831,710.7,3.06,True
1789044414844,710.69,1.0,True
1789044415154,710.69,0.09,False
1789044415332,710.68,0.06,True
1789044415391,710.69,4.82,False
1789044415471,710.7,1.01,False
1789044415581,710.72,0.01,False
1789044415588,710.73,2.06,False
1789044415911,710.73,2.07,False
1789044416027,710.74,0.1,False
1789044416028,710.75,0.1,False
1789044416049,710.75,3.58,True
1789044416196,710.75,1.05,True
1789044416297,710.75,0.08,True
1789044416346,710.74,0.01,True
1789044416382,710.72,0.16,False
1789044416385,710.71,0.9,True
1789044416437,710.7,0.03,True
1789044416461,710.68,0.07,True
1789044416494,710.67,0.23,True
1789044416577,710.65,7.06,True
1789044416578,710.66,17.09,False
1789044416621,710.65,1.67,True
1789044416684,710.64,0.02,True
1789044416724,710.62,9.55,True
1789044416947,710.63,0.12,False
1789044417005,710.62,18.07,True
1789044417037,710.61,0.13,True
1789044417038,710.6,13.55,True
1789044417048,710.58,0.08,True
1789044417051,710.58,0.15,False
1789044417053,710.57,1.24,True
1789044417056,710.56,0.88,True
1789044417059,710.54,44.31,True
1789044417060,710.51,0.03,True
1789044417063,710.49,0.01,True
1789044417064,710.43,0.18,True
1789044417103,710.4,2.18,True
1789044417105,710.37,5.93,True
1789044417131,710.36,4.28,True
1789044417150,710.35,0.31,True
1789044417156,710.32,9.3,True
1789044417157,710.15,0.04,True
1789044417162,710.35,1.74,False
1789044417163,710.09,1.23,True
1789044417168,710.25,0.02,True
1789044417183,710.29,4.35,False
1789044417197,710.25,1.0,True
1789044417200,710.28,0.01,True
1789044417212,710.29,0.64,False
1789044417214,710.3,1.21,False
1789044417223,710.31,0.04,False
1789044417243,710.28,0.14,True
1789044417247,710.29,0.01,False
1789044417249,710.31,0.95,False
1789044417257,710.34,1.55,False
1789044417282,710.33,2.07,True
1789044417291,710.34,0.01,False
1789044417310,710.35,0.01,True
1789044417313,710.36,0.32,False
1789044417336,710.37,0.77,False
1789044417435,710.38,0.14,True
1789044417514,710.39,2.32,False
1789044417545,710.4,2.09,False
1789044417547,710.41,0.1,False
1789044417623,710.41,0.01,False
1789044417671,710.42,1.3,True
1789044417699,710.43,0.01,False
1789044417700,710.46,0.24,False
1789044417729,710.47,1.26,False
1789044417732,710.48,0.03,False
1789044417753,710.5,0.06,False
1789044417819,710.53,5.0,True
1789044417831,710.54,2.81,False
1789044417974,710.54,0.76,False
1789044418130,710.55,0.57,False
1789044418131,710.56,0.07,False
1789044418133,710.57,0.08,False
1789044418135,710.58,0.09,False
1789044418147,710.58,1.09,True
1789044418210,710.59,0.01,False
1789044418222,710.6,0.92,True
1789044418312,710.61,0.02,False
1789044418313,710.63,0.98,False
1789044418321,710.65,0.02,False
1789044418328,710.66,0.03,False
1789044418331,710.7,9.17,False
1789044418339,710.71,0.04,False
1789044418341,710.7,0.55,True
1789044418376,710.73,1.31,True
1789044418403,710.74,0.24,False
1789044418493,710.76,0.79,True
1789044418504,710.77,0.78,False
1789044418550,710.66,0.21,True
1789044418568,710.62,0.01,False
1789044418595,710.63,0.01,True
1789044418609,710.63,0.01,True
1789044418615,710.61,0.02,True
1789044418620,710.62,0.3,False
1789044418626,710.61,0.03,True
1789044418637,710.62,5.71,False
1789044418644,710.63,0.02,True
1789044418749,710.64,1.97,False
1789044418830,710.68,0.15,False
1789044418833,710.72,0.01,True
1789044418865,710.73,0.01,False
1789044419035,710.72,2.6,True
1789044419042,710.7,0.04,True
1789044419055,710.69,0.01,True
1789044419069,710.65,0.02,True
1789044419080,710.64,0.01,True
1789044419187,710.63,0.1,True
1789044419376,710.64,0.22,False
1789044419458,710.63,5.93,True
1789044419506,710.63,0.7,True
1789044419519,710.62,0.02,True
1789044419593,710.59,0.13,True
1789044419860,710.6,0.03,False
1789044419912,710.59,0.95,True
1789044419917,710.57,0.04,True
1789044419980,710.55,0.04,True
1789044419982,710.54,0.01,True
1789044420012,710.5,0.04,True
1789044420021,710.45,0.46,True
1789044420368,710.46,10.96,False
1789044420388,710.48,0.06,False
1789044420447,710.48,0.04,True
1789044420506,710.49,0.52,False
1789044420608,710.48,0.7,True
1789044420618,710.46,0.95,False
1789044420622,710.45,0.01,True
1789044420638,710.46,0.95,False
1789044420643,710.45,0.87,True
1789044420663,710.44,0.01,True
1789044420675,710.43,0.08,True
1789044420692,710.41,0.12,True
1789044420704,710.38,0.01,True
1789044420756,710.35,4.79,False
1789044420826,710.37,0.01,False
1789044421312,710.38,1.37,True
1789044421379,710.39,5.39,False
1789044421382,710.4,0.01,False
1789044421392,710.41,0.95,False
1789044421508,710.4,13.95,True
1789044421560,710.39,0.01,True
1789044421561,710.38,2.02,True
1789044421567,710.36,0.04,True
1789044421800,710.35,0.21,False
1789044422006,710.34,0.1,True
1789044422045,710.32,0.03,True
1789044422181,710.3,0.02,True
1789044422296,710.31,3.66,False
1789044422311,710.33,0.08,False
1789044422344,710.33,0.05,True
1789044422420,710.32,0.01,True
1789044422453,710.32,0.36,False
1789044422466,710.31,0.01,True
1789044422592,710.28,0.08,False
1789044422714,710.32,0.02,False
1789044422715,710.34,1.21,False
1789044422727,710.35,0.36,False
1789044422730,710.36,0.02,False
1789044422778,710.36,0.34,True
1789044422895,710.36,0.33,True
1789044422951,710.31,0.02,True
1789044423053,710.26,0.28,True
1789044423071,710.27,0.09,False
1789044423086,710.26,0.02,True
1789044423212,710.26,0.05,True
1789044423218,710.27,0.02,False
1789044423246,710.26,8.31,True
1789044423284,710.25,15.26,True
1789044423297,710.24,0.05,True
1789044423391,710.22,0.46,True
1789044423661,710.17,0.75,True
1789044423780,710.17,0.38,True
1789044423937,710.17,7.18,True
1789044423942,710.16,0.03,True
1789044423956,710.15,0.01,True
1789044423959,710.12,2.08,True
1789044423960,710.09,0.08,True
1789044423963,710.01,0.72,False
1789044423964,710.01,2.0,False
1789044423965,710.01,2.12,False
1789044423966,709.84,0.5,True
1789044423967,709.3,44.75,True
1789044423968,710.04,0.01,False
1789044423970,709.13,1.0,True
1789044423973,709.8,5.03,True
1789044423974,709.44,0.52,True
1789044423975,709.62,1.4,False
1789044423978,709.53,1.0,True
1789044423979,709.52,5.94,True
1789044423981,709.49,3.42,True
1789044423985,709.47,1.0,True
1789044423988,709.45,0.41,False
1789044423991,709.41,5.66,False
1789044423992,709.43,4.21,False
1789044423993,709.5,19.69,False
1789044423997,709.53,0.87,True
1789044424001,709.54,2.42,False
1789044424002,709.56,0.01,False
1789044424003,709.61,8.38,False
1789044424004,709.64,16.64,False
1789044424012,709.65,1.01,False
1789044424014,709.7,0.57,False
1789044424016,709.67,0.09,True
1789044424017,709.73,0.3,False
1789044424018,709.74,3.02,False
1789044424019,709.75,2.37,False
1789044424021,709.77,0.03,False
1789044424022,709.79,6.32,False
1789044424024,709.83,2.09,False
1789044424025,709.86,2.41,False
1789044424030,709.85,2.06,True
1789044424036,709.86,0.12,False
1789044424038,709.85,2.06,True
1789044424045,709.86,0.26,False
1789044424050,709.85,16.8,True
1789044424056,709.83,0.03,True
1789044424057,709.85,0.01,True
1789044424060,709.83,0.83,True
1789044424115,709.84,1.91,False
1789044424120,709.86,4.38,False
1789044424122,709.87,0.89,False
1789044424123,709.89,0.04,False
1789044424125,709.89,18.51,True
1789044424179,709.9,0.06,False
1789044424201,709.92,0.01,False
1789044424230,709.92,0.51,True
1789044424241,709.93,14.25,False
1789044424256,709.94,0.01,False
1789044424260,709.95,0.01,False
1789044424266,709.96,0.01,True
1789044424267,709.97,0.05,False
1789044424278,709.99,2.14,False
1789044424281,710.14,17.6,True
1789044424284,710.08,0.01,True
1789044424288,710.05,5.35,True
1789044424349,710.02,6.3,False
1789044424357,710.01,12.29,True
1789044424420,710.02,0.02,False
1789044424436,710.01,0.01,True
1789044424437,710.02,0.38,False
1789044424500,710.04,0.07,False
1789044424504,710.04,6.13,True
1789044424515,710.04,1.51,True
1789044424525,710.02,0.14,True
1789044424549,709.92,15.12,True
1789044424568,709.93,4.22,True
1789044424584,709.87,6.5,True
1789044424591,709.87,2.97,True
1789044424593,709.73,0.22,True
1789044424595,709.74,15.45,False
1789044424599,709.76,4.76,True
1789044424605,709.76,1.38,True
1789044424611,709.74,1.0,True
1789044424622,709.66,0.01,True
1789044424625,709.55,27.13,False
1789044424628,709.56,0.01,False
1789044424633,709.6,0.75,True
1789044424641,709.53,3.27,False
1789044424643,709.55,9.2,True
1789044424646,709.55,0.02,True
1789044424649,709.45,0.01,True
1789044424653,709.34,25.27,False
1789044424655,709.35,0.01,False
1789044424656,709.34,12.93,True
1789044424657,709.08,2.08,True
1789044424658,709.42,6.16,False
1789044424663,709.39,32.1,True
1789044424669,709.13,12.97,True
1789044424671,709.14,13.01,False
1789044424673,709.14,4.68,True
1789044424676,709.13,0.01,True
1789044424679,709.14,23.48,False
1789044424680,709.09,5.74,True
1789044424681,708.8,7.44,True
1789044424683,709.06,2.66,False
1789044424686,709.03,0.48,False
1789044424687,708.83,5.28,True
1789044424688,708.66,5.22,True
1789044424689,708.81,2.03,True
1789044424690,708.64,10.48,True
1789044424699,708.73,9.82,True
1789044424700,708.82,0.01,True
1789044424702,708.72,15.47,False
1789044424708,708.77,0.05,False
1789044424709,708.83,0.14,False
1789044424711,708.87,0.02,False
1789044424712,708.84,6.71,True
1789044424716,708.83,0.28,False
1789044424719,708.87,0.65,False
1789044424746,708.86,3.54,True
1789044424764,708.8,0.1,False
1789044424777,708.75,0.01,True
1789044424778,708.8,18.15,False
1789044424779,708.75,13.66,True
1789044424785,708.73,0.33,False
1789044424811,708.75,2.07,True
1789044424818,708.76,2.7,False
1789044424820,708.75,1.0,False
1789044424822,708.72,2.8,True
1789044424823,708.75,1.47,False
1789044424832,708.73,9.96,True
1789044424833,708.72,3.09,True
1789044424835,708.74,7.38,False
1789044424838,708.79,2.0,False
1789044424844,708.75,3.42,True
1789044424848,708.79,0.31,False
1789044424849,708.76,1.31,False
1789044424854,708.75,1.84,True
1789044424856,708.52,0.09,False
1789044424859,708.3,25.23,True
1789044424862,708.42,0.29,True
1789044424865,708.51,0.01,True
1789044424869,708.46,2.78,False
1789044424886,708.45,7.73,True
1789044424892,708.44,0.01,True
1789044424893,708.46,0.01,False
1789044424897,708.15,3.71,True
1789044424908,708.46,0.54,False
1789044424911,708.45,3.0,True
1789044424912,708.46,0.01,False
1789044424915,708.44,0.17,False
1789044424923,708.42,0.01,True
1789044424924,708.4,0.96,True
1789044424943,708.43,3.76,False
1789044424948,708.41,1.48,True
1789044424950,708.27,0.43,False
1789044424954,708.19,0.09,True
1789044424974,708.35,7.0,True
1789044424975,708.38,0.5,False
1789044424976,707.86,0.44,True
1789044424977,707.99,0.01,True
1789044424981,708.15,0.01,False
1789044424986,708.15,0.01,False
1789044424989,708.16,1.0,True
1789044424991,708.12,0.03,True
1789044424992,708.13,0.01,False
1789044424993,708.04,0.01,True
1789044425000,708.09,0.66,True
1789044425001,707.98,0.01,True
1789044425002,707.67,2.52,True
1789044425009,707.67,1.08,False
1789044425013,707.66,20.73,True
1789044425028,707.67,0.14,False
1789044425032,707.67,0.28,False
1789044425033,707.67,2.29,False
1789044425046,708.03,0.06,False
1789044425052,707.93,0.01,True
1789044425059,707.91,0.03,True
1789044425065,707.56,6.36,True
1789044425066,707.5,1.92,True
1789044425070,707.46,0.62,True
1789044425072,707.88,0.07,False
1789044425084,707.71,1.0,True
1789044425093,707.84,11.34,True
1789044425117,707.88,0.8,False
1789044425129,707.85,1.12,True
1789044425135,707.78,0.09,True
1789044425138,707.84,0.01,True
1789044425142,707.74,0.14,True
1789044425143,707.69,0.03,True
1789044425149,707.85,0.06,True
1789044425156,707.68,5.29,True
1789044425175,707.67,3.79,True
1789044425179,707.58,1.06,False
1789044425208,707.46,0.01,True
1789044425218,707.38,8.97,True
1789044425219,707.34,0.41,True
1789044425220,707.24,2.12,True
1789044425221,707.13,0.04,True
1789044425223,707.26,17.39,False
1789044425255,707.24,5.13,True
1789044425257,707.26,0.06,False
1789044425276,707.24,0.6,True
1789044425288,707.11,19.59,True
1789044425322,707.1,2.29,True
1789044425324,707.07,0.01,True
1789044425325,707.05,20.93,True
1789044425330,707.16,0.67,False
1789044425350,707.08,1.94,True
1789044425357,707.0,18.62,True
1789044425389,707.16,0.04,False
1789044425391,707.04,5.3,True
1789044425403,707.01,5.56,True
1789044425404,707.05,0.06,False
1789044425407,707.0,68.35,True
1789044425409,707.01,2.1,False
1789044425414,707.0,13.44,True
1789044425420,707.01,1.32,False
1789044425423,707.0,0.04,True
1789044425428,707.03,11.28,False
1789044425434,707.0,12.51,True
1789044425451,707.03,1.02,False
1789044425452,706.99,0.01,True
1789044425468,707.05,2.57,False
1789044425498,707.09,1.33,False
1789044425500,707.02,0.01,True
1789044425503,706.97,0.01,True
1789044425515,707.0,1.06,False
1789044425517,706.93,0.01,True
1789044425520,707.0,10.02,False
1789044425521,707.0,16.91,False
1789044425538,706.69,5.88,True
1789044425542,706.66,0.48,True
1789044425550,707.0,39.26,False
1789044425559,707.03,1.01,False
1789044425576,706.95,0.01,True
1789044425579,706.87,0.28,False
1789044425583,706.68,1.79,False
1789044425592,706.75,2.66,False
1789044425616,706.66,0.01,True
1789044425629,706.88,0.05,False
1789044425632,706.69,0.01,True
1789044425635,706.88,3.1,False
1789044425639,707.01,1.01,False
1789044425643,707.05,0.01,False
1789044425644,706.64,0.85,True
1789044425649,707.05,17.4,False
1789044425673,707.09,25.35,False
1789044425674,707.16,26.86,False
1789044425682,707.03,4.24,True
1789044425685,707.01,4.67,True
1789044425686,707.04,1.09,False
1789044425694,707.04,0.01,False
1789044425695,706.84,0.01,True
1789044425702,706.97,9.37,False
1789044425718,706.95,24.35,True
1789044425726,706.97,0.05,False
1789044425732,706.96,22.76,True
1789044425741,706.88,0.01,True
1789044425742,706.68,0.01,True
1789044425750,706.97,2.88,False
1789044425757,706.9,14.11,True
1789044425763,706.91,0.86,False
1789044425774,706.9,3.31,True
1789044425788,706.91,27.68,False
1789044425814,706.9,1.01,True
1789044425816,706.91,0.28,False
1789044425819,706.9,0.25,True
1789044425821,706.91,0.16,False
1789044425824,706.9,0.15,True
1789044425825,706.91,0.3,False
1789044425832,706.9,23.79,True
1789044425841,706.84,0.06,True
1789044425843,706.91,0.97,False
1789044425845,706.64,0.67,True
1789044425851,706.9,0.09,False
1789044425852,706.9,0.4,False
1789044425853,706.86,1.21,True
1789044425854,706.9,0.09,False
1789044425859,706.86,1.85,True
1789044425874,706.44,0.14,True
1789044425878,706.42,0.28,True
1789044425882,706.4,0.58,True
1789044425883,706.37,0.01,True
1789044425890,706.36,0.04,True
1789044425894,706.28,6.38,True
1789044425896,706.27,0.65,True
1789044425897,706.33,0.01,True
1789044425905,706.37,0.01,False
1789044425906,706.25,2.39,True
1789044425907,706.37,0.04,False
1789044425923,706.25,0.01,True
1789044425928,706.37,0.81,False
1789044425931,706.25,0.01,True
1789044425933,706.37,1.41,False
1789044425934,706.21,1.87,True
1789044425946,706.36,6.37,True
1789044425954,706.2,1.13,True
1789044425957,706.19,1.02,True
1789044425962,706.16,0.01,True
1789044425966,706.36,4.19,True
1789044425967,706.29,0.01,True
1789044425968,706.37,0.1,False
1789044425969,706.37,0.05,False
1789044425971,706.01,0.04,True
1789044426021,706.13,0.85,True
1789044426023,706.17,1.13,False
1789044426042,706.2,0.94,True
1789044426058,706.19,0.01,False
1789044426061,706.14,0.01,True
1789044426063,706.08,0.01,True
1789044426076,706.09,1.81,False
1789044426090,706.09,1.29,False
1789044426092,706.0,22.93,True
1789044426094,706.09,25.62,False
1789044426095,706.0,29.53,True
1789044426096,706.03,1.53,True
1789044426097,706.13,1.41,False
1789044426107,706.13,7.07,False
1789044426110,706.0,1.77,True
1789044426111,706.0,35.0,True
1789044426112,706.13,0.08,False
1789044426161,705.83,1.12,True
1789044426175,705.79,0.11,True
1789044426181,706.0,25.13,False
1789044426250,705.96,0.01,True
1789044426251,705.75,4.95,True
1789044426271,705.96,0.4,True
1789044426294,706.0,44.3,False
1789044426297,705.99,1.26,True
1789044426305,706.19,2.7,False
1789044426345,706.16,0.02,True
1789044426346,706.19,1.76,False
1789044426350,706.2,34.76,False
1789044426380,706.22,0.62,False
1789044426383,706.22,0.02,False
1789044426387,706.24,6.41,False
1789044426438,706.23,0.13,True
1789044426439,706.24,39.07,False
1789044426457,706.23,75.29,True
1789044426458,706.22,3.54,True
1789044426460,706.17,15.12,False
1789044426472,706.12,23.02,True
1789044426478,706.14,27.75,False
1789044426494,706.12,0.26,True
1789044426500,706.14,0.65,False
1789044426502,706.16,0.01,False
1789044426534,706.12,2.04,True
1789044426569,706.17,14.9,False
1789044426577,706.12,3.0,True
1789044426591,706.17,0.25,False
1789044426594,706.12,15.8,True
1789044426605,706.08,0.07,True
1789044426606,706.17,19.98,False
1789044426610,705.99,23.92,True
1789044426613,706.0,0.4,False
1789044426616,705.99,10.47,True
1789044426617,705.96,0.34,True
1789044426631,705.98,1.0,True
1789044426635,705.96,0.33,True
1789044426636,705.99,0.02,False
1789044426642,705.94,11.21,True
1789044426644,705.91,0.01,True
1789044426647,705.94,0.11,False
1789044426657,705.92,0.03,True
1789044426659,705.83,0.01,True
1789044426661,705.79,1.6,True
1789044426662,705.7,0.05,True
1789044426664,705.65,4.39,True
1789044426666,705.68,0.31,False
1789044426667,705.84,0.47,False
1789044426668,705.63,1.25,True
1789044426669,705.84,0.01,False
1789044426672,705.62,0.03,True
1789044426673,705.79,0.01,True
1789044426678,705.8,0.48,False
1789044426680,705.78,0.03,True
1789044426688,705.75,1.7,True
1789044426692,705.74,0.01,True
1789044426700,705.74,0.01,True
1789044426701,705.6,7.24,True
1789044426703,705.58,1.47,True
1789044426704,705.57,0.8,True
1789044426705,705.55,2.33,True
1789044426709,705.51,0.08,True
1789044426710,705.53,0.13,False
1789044426713,705.48,0.36,True
1789044426716,705.48,0.01,True
1789044426725,705.53,0.56,False
1789044426726,705.48,15.65,True
1789044426744,705.53,3.05,False
1789044426745,705.48,22.12,True
1789044426751,705.56,6.1,False
1789044426753,705.48,6.08,True
1789044426804,705.56,8.23,False
1789044426807,705.61,0.83,False
1789044426813,705.58,5.53,True
1789044426819,705.57,0.03,True
1789044426825,705.45,2.1,True
1789044426828,705.64,0.05,False
1789044426830,705.56,0.48,True
1789044426836,705.5,4.0,True
1789044426844,705.55,4.0,True
1789044426846,705.43,21.85,True
1789044426856,705.56,4.0,True
1789044426857,705.31,0.11,True
1789044426858,705.64,2.0,False
1789044426859,705.64,0.15,False
1789044426860,705.0,0.32,False
1789044426861,705.42,3.81,True
1789044426864,705.55,7.81,False
1789044426895,705.28,0.17,True
1789044426910,705.42,0.11,False
1789044426920,705.28,13.01,True
1789044426944,705.41,1.09,True
1789044426962,705.42,0.01,False
1789044426972,705.41,0.01,True
1789044426977,705.42,26.56,False
1789044427014,705.55,26.16,False
1789044427035,705.61,26.68,False
1789044427049,705.68,0.01,True
1789044427050,705.75,1.0,True
1789044427052,705.67,0.01,True
1789044427053,705.76,10.24,False
1789044427059,705.76,2.84,False
1789044427060,705.74,1.0,True
1789044427065,705.66,3.12,False
1789044427070,705.56,0.03,True
1789044427072,705.64,0.01,True
1789044427073,705.15,0.01,True
1789044427081,705.56,2.62,True
1789044427085,705.6,10.19,False
1789044427095,705.59,0.28,False
1789044427110,705.56,0.26,True
1789044427112,705.59,2.49,False
1789044427113,705.58,0.77,True
1789044427116,705.57,1.0,True
1789044427122,705.57,1.52,False
1789044427127,705.56,1.86,True
1789044427130,705.57,1.07,False
1789044427131,705.56,0.02,True
1789044427142,705.57,1.1,False
1789044427146,705.56,0.97,True
1789044427150,705.57,1.07,False
1789044427155,705.56,25.79,True
1789044427156,705.53,1.07,False
1789044427163,705.52,0.59,True
1789044427165,705.53,2.84,False
1789044427169,705.52,0.52,True
1789044427176,705.53,0.23,False
1789044427199,705.52,10.8,True
1789044427201,705.53,0.18,False
1789044427203,705.52,0.71,True
1789044427207,705.53,3.45,False
1789044427208,705.52,15.57,True
1789044427223,705.55,2.77,False
1789044427225,705.52,1.28,True
1789044427226,705.57,1.3,False
1789044427229,705.56,1.17,True
1789044427237,705.57,9.38,False
1789044427239,705.59,7.62,False
1789044427246,705.56,0.64,True
1789044427248,705.56,0.01,True
1789044427251,705.59,4.18,False
1789044427255,705.59,5.63,False
1789044427264,705.56,0.01,True
1789044427274,705.57,0.01,False
1789044427282,705.56,17.44,True
1789044427289,705.5,0.58,True
1789044427298,705.49,1.85,True
1789044427299,705.48,2.43,True
1789044427300,705.47,0.01,True
1789044427314,705.41,0.56,False
1789044427320,705.41,0.09,True
1789044427322,705.42,0.05,False
1789044427324,705.41,0.22,True
1789044427330,705.42,7.13,False
1789044427334,705.41,2.01,True
1789044427337,705.42,2.84,False
1789044427338,705.41,28.68,True
1789044427339,705.15,4.24,True
1789044427340,705.0,4.04,True
1789044427341,705.62,14.46,False
1789044427345,705.42,12.25,False
1789044427347,705.41,0.09,True
1789044427348,705.47,8.26,False
1789044427352,705.42,2.84,False
1789044427358,705.41,36.04,True
1789044427374,705.42,0.31,False
1789044427376,705.41,0.01,True
1789044427379,705.42,24.09,False
1789044427381,705.44,5.85,False
1789044427382,705.42,0.04,True
1789044427387,705.44,0.01,False
1789044427390,705.44,19.66,False
1789044427412,705.45,0.07,True
1789044427417,705.47,5.68,False
1789044427419,705.45,0.15,True
1789044427423,705.47,2.84,False
1789044427424,705.45,4.96,True
1789044427429,705.47,5.68,False
1789044427432,705.42,0.53,True
1789044427433,705.41,0.03,True
1789044427440,705.45,0.99,True
1789044427494,705.41,2.76,True
1789044427505,705.46,1.04,False
1789044427511,705.41,0.38,True
1789044427516,705.46,0.71,False
1789044427529,705.3,1.0,True
1789044427534,705.4,0.01,True
1789044427555,705.34,9.78,True
1789044427568,705.41,0.04,True
1789044427570,705.35,30.44,True
1789044427579,705.34,13.06,True
1789044427584,705.4,2.84,False
1789044427594,705.38,0.03,True
1789044427600,705.4,2.04,False
1789044427615,705.38,2.13,True
1789044427623,705.4,29.8,False
1789044427642,705.47,26.29,False
1789044427643,705.48,1.83,False
1789044427656,705.4,1.38,True
1789044427662,705.42,0.01,False
1789044427675,705.4,0.01,True
1789044427681,705.42,2.84,False
1789044427685,705.4,3.65,True
1789044427709,705.41,4.63,False
1789044427720,705.4,0.73,True
1789044427721,705.41,4.59,False
1789044427730,705.4,1.11,True
1789044427732,705.41,21.98,False
1789044427734,705.42,18.95,False
1789044427737,705.47,3.54,True
1789044427738,705.51,0.01,False
1789044427739,705.46,2.84,False
1789044427741,705.41,1.19,True
1789044427745,705.42,5.59,False
1789044427749,705.41,32.57,True
1789044427751,705.42,2.13,False
1789044427764,705.42,27.81,False
1789044427771,705.43,22.37,True
1789044427774,705.41,54.66,True
1789044427778,705.42,2.67,False
1789044427789,705.37,6.41,True
1789044427790,705.42,6.85,False
1789044427811,705.41,0.71,True
1789044427825,705.42,0.01,False
1789044427828,705.41,2.33,True
1789044427829,705.42,1.76,False
1789044427830,705.41,21.99,True
1789044427846,705.42,1.75,False
1789044427852,705.41,6.63,True
1789044427869,705.42,4.0,True
1789044427887,705.42,1.5,False
1789044427889,705.39,0.08,True
1789044427898,705.42,0.41,False
1789044427930,705.39,5.52,True
1789044427939,705.41,1.75,False
1789044427951,705.3,3.4,True
1789044427979,705.34,1.75,False
1789044427987,705.3,3.95,True
1789044428006,705.34,4.4,False
1789044428016,705.31,0.06,True
1789044428040,705.34,2.84,False
1789044428045,705.31,0.35,True
1789044428048,705.34,11.68,False
1789044428054,705.32,0.54,True
1789044428055,705.34,0.16,False
1789044428056,705.18,0.01,True
1789044428088,705.27,2.84,False
1789044428089,705.2,11.41,True
1789044428094,704.97,0.02,True
1789044428095,704.75,11.61,True
1789044428096,704.7,4.33,True
1789044428097,704.71,0.12,False
1789044428098,704.63,3.4,True
1789044428115,704.66,0.02,False
1789044428121,704.63,4.2,True
1789044428126,704.62,0.11,True
1789044428127,704.59,0.01,False
1789044428133,704.58,0.02,True
1789044428134,704.54,1.32,True
1789044428135,704.54,0.86,True
1789044428146,704.59,0.02,False
1789044428147,704.54,9.05,True
1789044428171,704.57,0.07,True
1789044428181,704.59,0.01,False
1789044428246,704.59,4.61,False
1789044428249,704.58,0.69,True
1789044428253,704.59,0.29,False
1789044428259,704.58,0.22,True
1789044428263,704.59,4.04,False
1789044428269,704.7,7.33,True
1789044428327,704.71,13.28,False
1789044428334,704.7,0.01,True
1789044428349,704.71,0.01,False
1789044428352,704.7,1.53,True
1789044428402,704.71,0.28,False
1789044428405,704.7,3.14,True
1789044428432,704.71,1.3,False
1789044428442,704.7,0.01,True
1789044428443,704.71,11.11,False
1789044428446,704.72,5.32,False
1789044428447,704.7,7.6,True
1789044428454,704.69,0.02,True
1789044428458,704.66,0.09,False
1789044428459,704.65,6.58,True
1789044428470,704.66,7.68,False
1789044428471,704.7,14.24,False
1789044428477,704.65,11.47,True
1789044428486,704.7,15.61,False
1789044428492,704.65,10.61,True
1789044428508,704.7,14.24,False
1789044428509,704.65,15.34,True
1789044428515,704.7,4.21,False
1789044428517,704.63,0.57,True
1789044428518,704.42,7.17,True
1789044428521,704.37,14.48,False
1789044428527,704.39,12.11,False
1789044428532,704.42,3.14,False
1789044428538,704.57,2.49,False
1789044428543,704.34,0.14,True
1789044428546,704.59,7.64,False
1789044428548,704.41,0.19,True
1789044428551,704.35,5.3,False
1789044428552,704.42,4.31,False
1789044428561,704.37,4.21,False
1789044428568,704.35,3.06,True
1789044428570,704.42,0.36,False
1789044428572,704.55,4.97,False
1789044428576,704.59,1.31,True
1789044428578,704.72,7.77,False
1789044428579,704.73,0.04,False
1789044428583,704.78,0.43,True
1789044428593,704.78,3.11,True
1789044428594,704.2,0.29,True
1789044428595,704.83,0.2,False
1789044428596,704.88,2.96,False
1789044428601,704.57,0.27,False
1789044428606,704.71,6.06,False
1789044428607,704.35,0.01,True
1789044428609,704.71,1.71,False
1789044428615,704.7,6.0,False
1789044428616,704.7,1.75,False
1789044428638,704.7,17.29,True
1789044428658,704.71,5.68,False
1789044428659,704.7,3.55,True
1789044428675,704.71,0.06,False
1789044428686,704.7,0.52,True
1789044428764,704.71,8.24,False
1789044428768,704.7,0.01,True
1789044428780,704.71,3.69,False
1789044428791,704.7,0.01,True
1789044428800,704.7,0.01,True
1789044428801,704.71,1.12,False
1789044428821,704.7,0.21,True
1789044428822,704.71,0.03,False
1789044428829,704.71,19.74,False
1789044428854,704.71,1.21,False
1789044428867,704.7,11.38,True
1789044428879,704.71,2.24,False
1789044428909,704.7,3.04,True
1789044428918,704.71,0.01,False
1789044428924,704.71,0.24,False
1789044428927,704.7,4.41,True
1789044428928,704.65,0.01,True
1789044428948,704.7,0.01,True
1789044428958,704.7,1.5,False
1789044428959,704.65,0.03,True
1789044428960,704.65,1.06,True
1789044428974,704.53,0.02,True
1789044428986,704.5,17.23,False
1789044428988,704.55,8.71,False
1789044428997,704.59,3.58,False
1789044429006,704.71,9.02,False
1789044429008,704.76,0.01,False
1789044429009,704.81,0.01,False
1789044429018,704.73,0.02,True
1789044429020,704.88,1.14,False
1789044429034,704.73,0.01,True
1789044429040,704.82,0.01,False
1789044429044,704.85,0.01,False
1789044429049,704.88,0.02,False
1789044429051,704.9,0.02,False
1789044429056,704.87,0.03,True
1789044429060,704.92,0.62,False
1789044429063,704.86,0.01,True
1789044429065,704.92,0.45,False
1789044429069,704.93,7.77,False
1789044429074,704.94,0.81,False
1789044429077,704.91,0.31,False
1789044429081,704.87,0.34,False
1789044429097,704.86,3.15,True
1789044429110,704.75,3.57,True
1789044429148,704.71,14.48,True
1789044429156,704.5,0.37,True
1789044429180,704.73,5.39,False
1789044429182,704.75,2.41,False
1789044429187,704.87,13.11,False
1789044429202,704.79,0.38,True
1789044429231,704.85,0.01,True
1789044429240,704.87,3.07,False
1789044429263,704.96,3.75,False
1789044429264,704.93,0.04,True
1789044429268,704.96,4.55,False
1789044429280,704.94,5.52,False
1789044429294,704.96,5.8,False
1789044429303,705.01,3.76,True
1789044429390,705.02,1.5,False
1789044429400,705.03,0.02,False
1789044429401,705.06,8.07,False
1789044429403,705.07,25.04,False
1789044429415,705.06,0.05,True
1789044429416,705.07,27.69,False
1789044429436,705.08,2.97,True
1789044429452,705.09,0.01,False
1789044429464,705.12,0.05,True
1789044429474,705.13,0.01,False
1789044429477,705.12,0.53,True
1789044429481,705.16,13.3,False
1789044429491,705.12,0.62,True
1789044429493,705.16,10.69,False
1789044429499,705.16,0.05,True
1789044429504,705.16,0.01,True
1789044429521,705.13,1.31,True
1789044429522,705.12,0.64,True
1789044429525,705.2,1.0,False
1789044429537,705.12,0.05,True
1789044429538,705.2,0.07,False
1789044429540,705.21,9.23,False
1789044429542,705.22,1.56,False
1789044429545,705.27,0.01,False
1789044429556,705.3,1.46,False
1789044429557,705.32,1.94,False
1789044429569,705.41,5.76,False
1789044429586,705.37,1.0,True
1789044429587,705.45,6.19,False
1789044429589,705.48,0.02,False
1789044429592,705.42,0.06,True
1789044429596,705.46,0.02,False
1789044429597,705.42,0.92,True
1789044429604,705.37,4.84,True
1789044429611,705.53,0.01,True
1789044429613,705.59,0.98,False
1789044429619,705.6,0.05,False
1789044429627,705.61,1.59,False
1789044429628,705.62,2.48,False
1789044429643,705.59,0.03,True
1789044429644,705.65,0.09,False
1789044429650,705.68,0.05,False
1789044429651,705.64,0.01,True
1789044429654,705.75,0.83,False
1789044429664,705.65,0.04,True
1789044429667,705.64,0.56,True
1789044429668,705.66,0.04,False
1789044429669,705.81,0.01,False
1789044429688,705.77,0.17,False
1789044429689,705.9,0.02,False
1789044429691,705.94,0.01,True
1789044429709,705.96,0.22,False
1789044429710,706.0,2.14,False
1789044429711,706.01,0.13,False
1789044429715,705.94,10.94,True
1789044429723,705.94,0.25,True
1789044429725,705.96,0.14,True
1789044429728,706.0,0.01,False
1789044429734,705.96,1.61,True
1789044429748,705.96,9.02,True
1789044429766,705.95,7.77,True
1789044429768,705.96,0.33,True
1789044429779,705.97,3.59,False
1789044429781,706.0,15.87,False
1789044429784,706.0,1.75,True
1789044429792,706.0,0.01,True
1789044429794,706.0,0.08,True
1789044429799,706.01,15.26,False
1789044429800,706.01,1.75,True
1789044429801,706.01,1.75,True
1789044429803,705.95,0.01,False
1789044429804,706.01,3.58,False
1789044429806,706.03,2.01,True
1789044429813,706.04,0.03,False
1789044429821,706.03,0.98,True
1789044429833,706.04,18.18,False
1789044429842,706.06,0.02,False
1789044429852,706.04,0.17,True
1789044429866,706.05,6.18,True
1789044429869,706.06,13.79,False
1789044429872,706.06,9.52,True
1789044429873,706.05,9.27,True
1789044429879,706.0,7.78,True
1789044429883,705.97,0.02,False
1789044429889,706.0,0.73,False
1789044429902,705.99,0.02,True
1789044429908,706.0,5.49,False
1789044429925,706.04,2.21,False
1789044429939,706.03,16.56,True
1789044429948,705.65,0.22,False
1789044429951,705.64,0.02,True
1789044429965,705.65,2.41,False
1789044429991,705.64,0.04,True
1789044430034,705.63,108.33,True
1789044430080,705.62,8.43,True
1789044430085,705.6,0.32,False
1789044430087,705.58,0.01,True
1789044430089,705.6,1.91,False
1789044430102,705.61,3.97,False
1789044430112,705.5,0.93,False
1789044430116,705.63,7.1,True
1789044430125,705.64,0.13,False
1789044430145,705.64,0.5,False
1789044430147,705.63,0.03,True
1789044430152,705.64,44.37,False
1789044430155,705.65,0.54,False
1789044430162,705.66,0.02,False
1789044430163,705.84,2.36,False
1789044430190,705.85,0.02,False
1789044430191,705.88,0.02,False
1789044430192,705.91,15.6,False
1789044430193,705.93,0.02,False
1789044430196,705.98,0.2,True
1789044430204,705.99,0.24,False
1789044430224,705.98,0.44,True
1789044430229,705.99,0.29,False
1789044430242,705.98,3.67,True
1789044430252,705.99,2.95,False
1789044430253,706.02,0.01,False
1789044430254,706.04,4.29,False
1789044430256,706.05,4.32,False
1789044430260,706.06,0.29,False
1789044430261,706.08,0.61,False
1789044430264,706.11,0.02,True
1789044430268,706.13,0.03,False
1789044430269,706.19,4.29,False
1789044430277,706.25,0.02,False
1789044430278,706.27,2.37,False
1789044430279,706.3,7.07,False
1789044430281,706.31,0.02,True
1789044430286,706.33,0.06,False
1789044430287,706.36,4.13,False
1789044430289,706.38,0.03,False
1789044430290,706.41,1.09,False
1789044430292,706.43,0.02,False
1789044430293,706.4,0.19,True
1789044430314,706.43,0.12,True
1789044430323,706.41,0.01,True
1789044430330,706.42,3.41,False
1789044430343,706.44,0.26,False
1789044430355,706.43,0.15,True
1789044430376,706.44,4.08,False
1789044430379,706.43,0.05,True
1789044430381,706.45,0.22,True
1789044430387,706.51,0.01,False
1789044430390,706.5,2.23,True
1789044430409,706.44,1.85,True
1789044430413,706.44,7.7,False
1789044430423,706.47,0.01,False
1789044430429,706.5,0.05,True
1789044430449,706.51,0.2,False
1789044430460,706.5,4.3,True
1789044430462,706.48,4.28,True
1789044430464,706.43,0.02,True
1789044430500,706.5,0.02,True
1789044430508,706.51,1.34,False
1789044430510,706.53,0.01,False
1789044430512,706.54,0.01,True
1789044430515,706.61,0.44,False
1789044430516,706.69,14.28,False
1789044430519,706.72,13.89,True
1789044430528,706.74,3.59,False
1789044430552,706.74,2.72,True
1789044430590,706.75,0.01,False
1789044430599,706.74,4.84,True
1789044430602,706.72,2.93,True
1789044430606,706.71,0.94,False
1789044430617,706.7,20.41,True
1789044430618,706.63,0.01,True
1789044430620,706.71,5.9,False
1789044430622,706.63,4.73,True
1789044430625,706.65,0.01,True
1789044430631,706.66,1.4,False
1789044430640,706.65,6.68,True
1789044430717,706.66,4.73,False
1789044430721,706.66,0.6,True
1789044430776,706.68,2.61,True
1789044430786,706.64,6.79,True
1789044430811,706.6,0.01,True
1789044430812,706.57,0.01,True
1789044430817,706.51,0.01,True
1789044430826,706.49,1.12,True
1789044430827,706.43,39.72,True
1789044430828,706.42,0.03,True
1789044430837,706.43,0.01,False
1789044430844,706.42,0.15,False
1789044430846,706.4,0.01,True
1789044430860,706.37,0.01,True
1789044430894,706.35,0.52,False
1789044430932,706.28,20.0,True
1789044430961,706.27,2.84,False
1789044430963,706.25,0.75,True
1789044430966,706.27,18.3,False
1789044430968,706.25,16.51,True
1789044430983,706.28,2.84,False
1789044430984,706.25,1.39,True
1789044430992,706.28,8.2,False
1789044430995,706.28,0.02,True
1789044430999,706.35,2.84,False
1789044431002,706.29,5.24,False
1789044431004,706.28,0.01,True
1789044431005,706.39,1.47,False
1789044431006,706.28,0.05,True
1789044431007,706.43,2.36,False
1789044431035,706.29,5.46,False
1789044431042,706.4,1.01,False
1789044431045,706.45,0.45,False
1789044431048,706.41,0.01,False
1789044431049,706.44,1.01,True
1789044431057,706.27,8.14,True
1789044431065,706.29,0.01,True
1789044431066,706.34,0.01,False
1789044431082,706.29,0.36,True
1789044431123,706.32,0.21,False
1789044431124,706.29,0.52,True
1789044431133,706.3,0.13,True
1789044431139,706.32,0.57,True
1789044431140,706.3,3.97,True
1789044431197,706.32,1.67,True
1789044431208,706.31,1.62,True
1789044431210,706.24,0.03,True
1789044431212,706.19,0.01,True
1789044431213,706.18,0.02,True
1789044431214,706.17,0.03,True
1789044431215,706.08,0.14,True
1789044431216,706.06,0.02,True
1789044431217,706.04,0.3,True
1789044431236,706.04,2.83,False
1789044431268,706.03,0.64,True
1789044431292,706.04,27.42,False
1789044431294,706.05,0.01,False
1789044431297,706.03,0.07,True
1789044431313,706.04,2.84,False
1789044431326,706.03,0.74,True
1789044431363,706.04,9.0,False
1789044431486,706.04,0.86,False
1789044431502,706.03,0.21,True
1789044431509,706.04,1.45,False
1789044431517,706.05,0.01,False
1789044431518,706.07,0.22,True
1789044431519,706.08,6.85,False
1789044431549,706.07,0.97,True
1789044431586,706.03,0.68,True
1789044431589,706.04,2.84,False
1789044431592,706.03,0.13,True
1789044431598,706.04,1.41,False
1789044431599,706.09,0.73,False
1789044431626,706.08,1.4,True
1789044431649,706.03,39.4,True
1789044431653,706.02,0.02,True
1789044431659,706.0,0.04,True
1789044431660,705.98,0.03,True
1789044431665,705.97,0.01,True
1789044431693,705.91,0.25,False
1789044431705,705.9,2.55,True
1789044431719,705.89,0.04,True
1789044431743,705.82,0.03,True
1789044431746,705.79,0.01,True
1789044431759,705.77,0.13,False
1789044431772,705.76,6.19,True
1789044431790,705.75,0.04,True
1789044431793,705.74,0.01,True
1789044431803,705.71,0.01,True
1789044431828,705.69,2.32,True
1789044431837,705.7,0.14,False
1789044431839,705.69,0.01,True
1789044431841,705.68,0.05,True
1789044431855,705.66,0.02,True
1789044431858,705.64,0.7,True
1789044431860,705.63,0.02,True
1789044431864,705.59,0.01,False
1789044431871,705.56,1.57,True
1789044431885,705.55,0.04,True
1789044431942,705.46,0.07,True
1789044431952,705.43,1.0,False
1789044431998,705.32,0.12,True
1789044432014,705.37,0.21,False
1789044432038,705.33,1.75,False
1789044432048,705.39,0.01,False
1789044432049,705.32,0.31,True
1789044432051,705.42,0.16,False
1789044432054,705.31,3.84,True
1789044432074,705.32,9.14,True
1789044432094,705.2,0.02,True
1789044432102,705.32,0.02,True
1789044432109,705.36,0.01,False
1789044432110,705.32,14.88,True
1789044432122,705.36,0.01,False
1789044432127,705.32,51.28,True
1789044432135,705.36,2.06,False
1789044432137,705.32,169.09,True
1789044432156,705.33,2.06,False
1789044432157,705.33,0.01,False
1789044432160,705.32,12.33,True
1789044432178,705.34,1.2,False
1789044432179,705.32,886.64,True
1789044432180,705.34,0.01,False
1789044432182,705.25,0.01,True
1789044432186,705.19,0.03,True
1789044432196,705.36,0.01,True
1789044432198,705.32,0.03,True
1789044432201,705.14,0.56,True
1789044432215,705.19,0.03,True
1789044432220,705.14,0.15,True
1789044432221,705.17,0.01,False
1789044432227,705.12,0.04,True
1789044432228,705.11,0.1,True
1789044432229,705.08,0.01,False
1789044432237,705.01,0.41,True
1789044432238,705.0,0.12,True
1789044432244,704.88,0.23,True
1789044432259,704.92,2.64,False
1789044432270,704.91,0.03,True
1789044432286,704.97,0.01,True
1789044432295,704.98,0.12,False
1789044432300,704.88,0.08,True
1789044432302,704.91,0.03,True
1789044432322,704.97,0.01,True
1789044432330,704.87,1.29,True
1789044432344,704.77,0.03,True
1789044432348,704.64,0.01,True
1789044432359,704.53,0.01,False
1789044432360,704.52,0.01,True
1789044432381,704.49,0.03,True
1789044432388,704.53,8.66,False
1789044432410,704.48,0.02,True
1789044432426,704.5,0.01,True
1789044432449,704.53,0.25,False
1789044432462,704.5,3.0,False
1789044432468,704.43,6.38,False
1789044432478,704.48,24.13,False
1789044432481,704.49,7.18,False
1789044432483,704.52,9.22,False
1789044432485,704.53,0.01,False
1789044432503,704.58,0.02,False
1789044432533,704.54,1.23,True
1789044432596,704.59,0.29,True
1789044432614,704.61,0.18,True
1789044432617,704.66,6.26,False
1789044432647,704.61,1.23,True
1789044432659,704.58,0.02,False
1789044432661,704.55,4.11,True
1789044432675,704.43,0.03,True
1789044432681,704.42,0.31,True
1789044432718,704.56,1.12,True
1789044432719,704.59,0.82,False
1789044432788,704.55,6.78,True
1789044432812,704.56,0.06,False
1789044432818,704.55,0.84,True
1789044432827,704.56,4.12,False
1789044432844,704.57,2.23,False
1789044432873,704.5,1.26,True
1789044432880,704.49,1.27,True
1789044432882,704.44,4.78,True
1789044432890,704.46,0.05,False
1789044432895,704.42,0.55,False
1789044432898,704.4,0.01,True
1789044432899,704.35,0.03,True
1789044432907,704.31,0.01,True
1789044432920,704.36,2.64,False
1789044433004,704.35,0.03,True
1789044433010,704.27,0.02,True
1789044433012,704.28,0.01,False
1789044433013,704.23,0.69,True
1789044433014,704.21,0.08,True
1789044433016,704.2,0.04,True
1789044433019,704.19,0.05,True
1789044433020,704.21,0.14,False
1789044433048,704.17,0.17,False
1789044433071,704.16,0.39,True
1789044433074,704.15,0.04,False
1789044433087,704.14,0.03,True
1789044433099,704.13,0.93,True
1789044433100,704.15,0.01,False
1789044433104,704.1,0.77,True
1789044433105,703.73,3.44,True
1789044433108,704.15,0.4,False
1789044433114,704.13,0.93,True
1789044433128,704.03,2.01,False
1789044433189,703.74,0.01,True
1789044433201,703.82,0.1,False
1789044433254,703.79,0.03,True
1789044433260,703.82,0.01,False
1789044433268,703.81,0.01,False
1789044433270,703.78,0.01,True
1789044433271,703.8,0.02,False
1789044433279,703.68,0.05,True
1789044433287,703.74,0.04,True
1789044433288,703.8,0.37,False
1789044433308,703.74,8.32,True
1789044433327,703.67,4.12,False
1789044433333,703.64,0.01,True
1789044433336,703.67,1.26,False
1789044433376,703.65,0.03,True
1789044433379,703.52,0.28,True
1789044433382,703.67,0.02,False
1789044433384,703.5,0.13,True
1789044433385,703.67,3.42,False
1789044433386,703.7,1.5,False
1789044433430,703.74,7.45,False
1789044433436,703.78,1.75,False
1789044433439,703.65,0.53,True
1789044433460,703.71,0.17,True
1789044433468,703.68,0.01,False
1789044433471,703.73,2.19,False
1789044433487,703.78,1.75,False
1789044433492,703.81,0.14,False
1789044433498,703.76,0.2,False
1789044433506,703.72,1.36,False
1789044433507,703.81,15.68,False
1789044433508,703.73,0.12,False
1789044433520,703.8,1.98,True
1789044433535,703.81,0.18,False
1789044433543,703.84,0.01,False
1789044433544,703.81,1.46,True
1789044433553,703.86,0.18,True
1789044433576,703.88,0.01,True
1789044433581,703.89,4.68,False
1789044433596,703.88,1.32,True
1789044433601,703.89,10.92,False
1789044433604,703.93,0.02,False
1789044433607,703.93,1.01,False
1789044433610,703.88,5.23,True
1789044433627,703.86,9.46,True
1789044433630,703.89,0.02,False
1789044433634,703.91,0.01,False
1789044433645,703.94,0.22,True
1789044433650,703.98,7.41,False
1789044433689,703.99,0.01,False
1789044433690,703.98,1.25,True
1789044433695,704.01,0.02,False
1789044433712,703.99,1.26,True
1789044433713,704.02,0.01,False
1789044433724,704.01,0.02,True
1789044433725,704.02,0.01,False
1789044433732,704.01,1.58,True
1789044433737,704.02,0.14,False
1789044433739,704.04,4.19,False
1789044433754,704.01,0.01,True
1789044433786,704.02,2.88,False
1789044433795,704.04,11.57,False
1789044433797,704.08,1.99,True
1789044433807,704.08,1.07,True
1789044433819,704.09,0.32,False
1789044433820,704.08,0.02,True
1789044433864,704.11,0.01,False
1789044433866,704.12,0.06,False
1789044433868,704.12,0.17,True
1789044433895,704.13,0.01,False
1789044433897,704.17,2.91,False
1789044433905,704.11,5.26,True
1789044433908,704.14,0.01,False
1789044433909,704.18,0.01,False
1789044433913,704.26,0.22,False
1789044433914,704.3,0.24,False
1789044433915,704.21,0.03,True
1789044433927,704.16,1.54,False
1789044433941,704.17,0.01,False
1789044433954,704.12,0.01,False
1789044433959,704.36,0.05,False
1789044433985,704.35,0.07,True
1789044433993,704.03,0.32,True
1789044433997,704.03,0.8,False
1789044434004,704.03,0.66,False
1789044434008,704.17,0.01,False
1789044434010,704.24,0.01,False
1789044434022,704.39,0.02,False
1789044434051,704.38,0.06,True
1789044434057,704.39,0.01,False
1789044434058,704.38,0.13,True
1789044434074,704.13,0.08,True
1789044434102,704.14,0.75,False
1789044434110,704.45,0.49,True
1789044434117,704.17,1.59,False
1789044434120,704.13,0.66,True
1789044434121,704.14,0.75,False
1789044434123,704.24,0.01,False
1789044434140,704.22,0.35,False
1789044434144,704.47,0.76,False
1789044434151,704.43,1.94,True
1789044434237,704.44,0.68,False
1789044434238,704.49,0.01,False
1789044434240,704.54,0.89,False
1789044434252,704.43,0.69,True
1789044434264,704.51,0.3,False
1789044434281,704.54,0.1,False
1789044434288,704.5,5.7,True
1789044434308,704.49,0.03,True
1789044434310,704.46,0.01,False
1789044434311,704.43,1.15,True
1789044434368,704.41,5.73,True
1789044434407,704.46,0.02,False
1789044434409,704.43,12.63,True
1789044434453,704.46,0.53,False
1789044434458,704.43,0.25,True
1789044434466,704.44,0.93,False
1789044434487,704.46,3.71,False
1789044434493,704.54,1.73,False
1789044434495,704.43,0.01,True
1789044434512,704.53,0.02,False
1789044434541,704.45,0.58,True
1789044434542,704.43,7.65,True
1789044434550,704.35,0.03,True
1789044434623,704.38,0.01,True
1789044434624,704.25,0.07,True
1789044434641,704.43,0.01,False
1789044434669,704.35,0.03,True
1789044434728,704.43,0.01,False
1789044434759,704.41,0.56,True
1789044434769,704.26,1.0,True
1789044434797,704.36,1.39,False
1789044434812,704.29,0.19,True
1789044434831,704.36,0.55,False
1789044434834,704.44,0.01,False
1789044434840,704.29,0.43,True
1789044434854,704.37,0.02,False
1789044434884,704.28,0.22,True
1789044434896,704.37,0.58,False
1789044434948,704.36,0.1,True
1789044434983,704.37,5.44,False
1789044434986,704.42,0.02,False
1789044434987,704.5,0.01,False
1789044434989,704.37,0.22,False
1789044434990,704.36,1.42,True
1789044435032,704.37,0.78,False
1789044435045,704.44,0.76,True
1789044435046,704.51,0.43,True
1789044435058,704.45,2.48,True
1789044435065,704.56,0.85,False
1789044435074,704.6,1.09,False
1789044435091,704.59,1.7,True
1789044435094,704.6,0.01,False
1789044435128,704.6,12.77,True
1789044435139,704.61,0.01,False
1789044435140,704.65,0.12,False
1789044435175,704.7,0.28,True
1789044435186,704.71,10.12,False
1789044435203,704.7,1.42,True
1789044435206,704.71,2.84,False
1789044435213,704.7,6.68,True
1789044435215,704.71,5.68,False
1789044435220,704.61,0.74,False
1789044435222,704.73,0.01,False
1789044435228,704.73,0.29,True
1789044435261,704.74,2.84,False
1789044435279,704.73,0.01,True
1789044435301,704.74,0.23,False
1789044435302,704.75,0.02,False
1789044435303,704.76,0.02,False
1789044435304,704.74,0.22,True
1789044435307,704.79,0.21,False
1789044435319,704.93,3.54,False
1789044435359,704.92,6.39,True
1789044435370,704.91,0.01,True
1789044435414,704.84,5.57,True
1789044435431,704.83,0.01,True
1789044435443,704.77,6.38,False
1789044435444,704.79,0.01,False
1789044435447,704.85,0.01,False
1789044435464,704.8,0.04,True
1789044435469,704.76,0.44,True
1789044435473,704.8,1.26,True
1789044435474,704.84,0.01,True
1789044435484,704.73,1.58,True
1789044435505,704.75,1.51,False
1789044435509,704.75,0.1,False
1789044435524,704.74,1.04,True
1789044435545,704.75,3.0,False
1789044435549,704.76,2.76,False
1789044435559,704.74,2.53,True
1789044435561,704.76,8.52,False
1789044435581,704.75,4.32,True
1789044435587,704.73,0.56,True
1789044435607,704.69,0.02,True
1789044435608,704.64,0.01,True
1789044435613,704.61,0.03,True
1789044435624,704.7,2.84,False
1789044435630,704.61,0.48,True
1789044435633,704.7,0.01,False
1789044435641,704.7,0.17,True
1789044435642,704.62,1.65,True
1789044435666,704.7,4.07,False
1789044435675,704.61,2.06,True
1789044435680,704.7,0.17,False
1789044435683,704.71,0.11,False
1789044435700,704.62,6.28,True
1789044435710,704.63,0.62,True
1789044435711,704.62,0.71,False
1789044435721,704.61,0.92,False
1789044435742,704.53,0.5,True
1789044435746,704.54,1.01,False
1789044435749,704.62,2.79,False
1789044435776,704.57,0.01,False
1789044435788,704.53,1.8,True
1789044435790,704.51,0.98,True
1789044435794,704.49,0.04,True
1789044435812,704.42,0.01,False
1789044435813,704.41,0.01,True
1789044435854,704.48,0.06,False
1789044435858,704.47,0.02,True
1789044435879,704.48,0.03,False
1789044435887,704.42,20.63,True
1789044435889,704.46,0.02,False
1789044435904,704.4,0.02,True
1789044435906,704.4,0.47,False
1789044435908,704.42,0.03,True
1789044435916,704.4,3.66,False
1789044435998,704.42,0.59,True
1789044436005,704.4,3.33,False
1789044436018,704.41,0.61,False
1789044436033,704.4,0.01,True
1789044436092,704.41,0.07,False
1789044436110,704.4,0.78,True
1789044436119,704.41,0.03,False
1789044436121,704.42,1.89,False
1789044436122,704.45,0.01,False
1789044436125,704.46,1.1,False
1789044436134,704.48,2.85,False
1789044436138,704.49,2.08,False
1789044436142,704.51,0.01,False
1789044436146,704.57,5.79,False
1789044436156,704.58,1.75,True
1789044436164,704.58,0.07,True
1789044436177,704.59,0.01,False
1789044436187,704.61,0.16,False
1789044436210,704.61,0.04,True
1789044436213,704.6,0.01,True
1789044436229,704.6,0.07,False
1789044436233,704.59,0.59,True
1789044436235,704.58,0.01,True
1789044436241,704.57,0.68,True
1789044436301,704.58,4.98,False
1789044436309,704.58,1.55,True
1789044436310,704.6,0.72,False
1789044436325,704.63,2.06,False
1789044436337,704.67,0.14,False
1789044436343,704.66,20.9,True
1789044436349,704.63,6.15,False
1789044436378,704.65,3.43,False
1789044436384,704.7,0.14,True
1789044436391,704.71,1.49,False
1789044436394,704.76,19.65,False
1789044436403,704.77,0.01,False
1789044436417,704.86,0.02,False
1789044436419,704.9,22.21,False
1789044436458,704.91,7.75,False
1789044436465,704.92,0.02,True
1789044436474,704.97,0.79,False
1789044436475,704.99,0.1,False
1789044436478,705.02,10.98,False
1789044436483,705.03,0.01,False
1789044436488,705.12,0.54,False
1789044436495,705.13,0.1,True
1789044436497,705.17,4.13,False
1789044436500,705.19,5.2,False
1789044436503,705.2,0.06,False
1789044436516,705.27,0.03,False
1789044436517,705.28,0.24,True
1789044436543,705.3,0.01,False
1789044436556,705.31,0.05,False
1789044436557,705.33,6.59,False
1789044436558,705.35,0.18,False
1789044436560,705.39,0.08,False
1789044436579,705.42,0.02,False
1789044436593,705.43,0.99,True
1789044436594,705.39,0.15,True
1789044436595,705.31,5.24,True
1789044436606,705.39,0.19,True
1789044436609,705.39,0.07,False
1789044436626,705.37,1.26,False
1789044436640,705.43,3.42,False
1789044436655,705.42,0.01,True
1789044436669,705.45,3.94,False
1789044436679,705.47,0.04,False
1789044436680,705.52,0.1,False
1789044436732,705.51,0.6,True
1789044436770,705.57,1.76,True
1789044436780,705.58,0.01,False
1789044436801,705.63,8.33,True
1789044436806,705.59,6.38,True
1789044436807,705.58,0.46,True
1789044436810,705.51,0.03,True
1789044436858,705.56,0.01,False
1789044436859,705.63,2.69,False
1789044436860,705.64,0.02,False
1789044436908,705.65,0.01,True
1789044436927,705.66,0.3,False
1789044436934,705.65,11.24,True
1789044436935,705.54,0.02,True
1789044436938,705.54,2.67,False
1789044436958,705.53,0.01,True
1789044437065,705.65,16.64,True
1789044437068,705.6,0.01,True
1789044437072,705.58,1.54,True
1789044437087,705.57,0.01,True
1789044437091,705.53,0.01,True
1789044437092,705.51,0.2,True
1789044437117,705.49,0.06,False
1789044437123,705.48,1.65,True
1789044437181,705.48,10.56,False
1789044437206,705.49,2.68,False
1789044437242,705.57,0.28,False
1789044437271,705.56,0.05,True
1789044437277,705.57,0.03,False
1789044437280,705.56,5.49,True
1789044437305,705.55,0.01,True
1789044437403,705.48,2.73,False
1789044437407,705.53,2.89,False
1789044437409,705.53,2.66,False
1789044437412,705.6,0.01,False
1789044437413,705.6,0.01,True
1789044437423,705.61,2.64,False
1789044437436,705.6,0.06,True
1789044437459,705.61,0.02,False
1789044437519,705.61,0.65,False
1789044437521,705.63,0.01,False
1789044437524,705.64,0.01,False
1789044437534,705.67,0.05,True
1789044437539,705.68,0.07,False
1789044437540,705.72,0.13,False
1789044437549,705.74,0.01,True
1789044437552,705.72,0.01,True
1789044437559,705.7,0.03,True
1789044437568,705.67,1.67,True
1789044437580,705.63,0.01,True
1789044437582,705.62,3.86,True
1789044437583,705.6,0.13,True
1789044437587,705.58,0.02,True
1789044437594,705.57,0.02,True
1789044437636,705.57,0.28,False
1789044437662,705.56,0.02,True
1789044437673,705.57,0.05,False
1789044437690,705.56,0.02,True
1789044437695,705.57,12.68,False
1789044437705,705.63,0.08,True
1789044437708,705.64,3.0,False
1789044437710,705.63,0.06,True
1789044437711,705.64,0.6,False
1789044437713,705.64,0.15,True
1789044437732,705.66,0.01,False
1789044437735,705.65,0.04,True
1789044437747,705.66,6.6,False
1789044437824,705.68,0.02,False
1789044437827,705.69,1.26,False
1789044437831,705.69,0.01,False
1789044437907,705.68,0.01,True
1789044437926,705.69,0.01,False
1789044437928,705.77,0.01,False
1789044437930,705.85,0.07,False
1789044437945,705.85,0.21,False
1789044438022,705.84,0.06,True
1789044438024,705.85,7.1,False
1789044438025,705.84,0.01,True
1789044438029,705.88,0.12,False
1789044438099,705.91,0.48,True
1789044438138,705.91,0.13,True
1789044438158,705.91,0.33,False
1789044438172,705.9,0.31,True
1789044438177,705.89,0.01,True
1789044438182,705.83,0.02,True
1789044438183,705.79,8.36,True
1789044438189,705.78,0.01,True
1789044438195,705.75,0.28,False
1789044438210,705.74,2.01,True
1789044438232,705.75,14.62,False
1789044438245,705.76,0.59,True
1789044438291,705.77,0.21,False
1789044438313,705.78,6.37,False
1789044438407,705.77,0.6,True
1789044438418,705.78,5.95,False
1789044438449,705.77,0.01,True
1789044438450,705.78,0.07,False
1789044438459,705.77,0.22,True
1789044438473,705.78,0.02,False
1789044438478,705.77,1.03,True
1789044438489,705.78,0.02,False
1789044438494,705.77,19.67,True
1789044438501,705.76,0.01,True
1789044438505,705.71,0.01,True
1789044438510,705.7,42.12,True
1789044438516,705.68,0.01,True
1789044438539,705.63,7.2,False
1789044438561,705.7,5.21,True
1789044438577,705.68,0.22,True
1789044438623,705.69,0.21,False
1789044438629,705.68,0.38,True
1789044438654,705.69,4.43,False
1789044438657,705.7,4.06,False
1789044438661,705.72,2.03,False
1789044438665,705.75,0.04,False
1789044438668,705.78,0.15,False
1789044438689,705.77,0.01,True
1789044438704,705.78,0.07,False
1789044438708,705.78,0.07,True
1789044438709,705.79,0.01,False
1789044438717,705.79,12.21,True
1789044438772,705.8,0.01,False
1789044438915,705.8,0.15,True
1789044438952,705.79,13.55,True
1789044438954,705.78,0.01,True
1789044438959,705.74,0.01,True
1789044438977,705.71,0.01,True
1789044439004,705.71,5.05,False
1789044439006,705.72,2.04,False
1789044439011,705.73,3.02,False
1789044439025,705.74,0.01,False
1789044439027,705.75,0.83,False
1789044439030,705.74,0.01,True
1789044439099,705.75,0.02,False
1789044439102,705.77,0.04,False
1789044439115,705.78,0.01,False
1789044439117,705.8,1.08,False
1789044439118,705.83,2.98,False
1789044439193,705.85,1.25,False
1789044439198,705.9,5.06,False
1789044439230,705.91,0.17,True
1789044439237,705.92,0.01,False
1789044439240,705.93,0.01,False
1789044439241,705.94,0.57,False
1789044439242,705.94,0.01,False
1789044439243,705.98,0.16,False
1789044439301,706.0,4.23,False
1789044439310,706.01,0.99,False
1789044439313,706.02,0.01,False
1789044439315,706.04,0.01,False
1789044439316,706.07,0.9,False
1789044439317,706.1,0.6,False
1789044439318,706.16,3.2,False
1789044439319,706.22,0.42,True
1789044439320,706.28,2.07,False
1789044439339,706.3,0.07,False
1789044439342,706.29,0.79,True
1789044439367,706.3,3.06,False
1789044439387,706.29,0.01,True
1789044439390,706.3,4.73,False
1789044439391,706.32,1.52,False
1789044439392,706.33,0.11,False
1789044439403,706.35,2.01,False
1789044439410,706.38,0.06,False
1789044439508,706.47,2.18,False
1789044439513,706.49,0.01,False
1789044439514,706.52,2.28,False
1789044439517,706.54,0.05,False
1789044439518,706.57,1.43,False
1789044439528,706.58,0.06,False
1789044439529,706.59,0.97,False
1789044439534,706.61,0.17,False
1789044439542,706.62,0.76,False
1789044439545,706.61,15.86,True
1789044439546,706.62,0.02,False
1789044439547,706.53,9.32,True
1789044439548,706.51,9.32,True
1789044439550,706.48,5.84,True
1789044439556,706.46,0.3,True
1789044439572,706.45,0.02,True
1789044439592,706.43,1.38,False
1789044439640,706.42,9.42,True
1789044439641,706.4,0.01,True
1789044439644,706.37,0.01,True
1789044439688,706.37,0.59,False
1789044439708,706.34,5.32,True
1789044439723,706.32,0.02,True
1789044439725,706.29,0.01,True
1789044439727,706.27,9.32,True
1789044439730,706.28,4.73,False
1789044439800,706.28,20.59,True
1789044439801,706.27,65.78,True
1789044439802,706.25,0.01,True
1789044439803,706.22,0.01,True
1789044439805,706.2,0.01,True
1789044439806,706.15,0.01,True
1789044439819,706.13,31.96,True
1789044439824,706.12,0.03,True
1789044439847,706.08,12.26,False
1789044439854,706.07,0.84,True
1789044439896,706.11,0.31,False
1789044439967,706.07,0.49,True
1789044440023,706.08,45.18,False
1789044440135,706.09,0.88,False
1789044440150,706.12,42.43,False
1789044440214,706.13,13.23,False
1789044440293,706.14,17.19,False
1789044440294,706.15,1.93,False
1789044440295,706.2,2.01,False
1789044440296,706.21,0.6,False
1789044440301,706.21,7.52,True
1789044440321,706.22,12.03,False
1789044440370,706.24,0.32,False
1789044440378,706.28,1.02,False
1789044440383,706.29,4.25,False
1789044440388,706.33,0.02,False
1789044440419,706.35,1.02,False
1789044440434,706.35,29.69,True
1789044440451,706.36,0.07,False
1789044440453,706.35,0.01,True
1789044440463,706.36,4.91,False
1789044440525,706.37,0.39,False
1789044440527,706.37,0.07,True
1789044440531,706.38,0.04,False
1789044440538,706.39,0.01,True
1789044440540,706.4,3.93,False
1789044440569,706.41,27.39,False
1789044440593,706.43,0.01,False
1789044440600,706.45,0.04,False
1789044440607,706.46,0.02,False
1789044440609,706.47,1.05,False
1789044440620,706.51,3.01,False
1789044440621,706.52,0.39,False
1789044440628,706.53,0.28,False
1789044440637,706.54,0.01,False
1789044440639,706.56,0.72,False
1789044440649,706.58,1.01,False
1789044440650,706.59,17.09,False
1789044440672,706.6,0.01,False
1789044440703,706.63,0.78,False
1789044440720,706.65,0.02,True
1789044440727,706.66,5.39,False
1789044440769,706.67,21.63,False
1789044440827,706.68,5.82,False
1789044440846,706.71,0.01,True
1789044440847,706.72,16.07,False
1789044440866,706.73,4.52,False
1789044440872,706.74,0.05,False
1789044440888,706.75,0.11,False
1789044440901,706.78,0.04,False
1789044440903,706.84,2.96,False
1789044440923,706.88,9.36,False
1789044440935,706.89,0.02,False
1789044440936,706.91,0.13,False
1789044440937,706.93,7.01,False
1789044440939,706.94,1.92,False
1789044440941,706.95,0.03,False
1789044440949,707.0,1.13,False
1789044441036,706.99,0.01,True
1789044441051,707.0,1.41,False
1789044441096,706.99,0.01,True
1789044441101,707.0,0.12,False
1789044441107,706.99,43.03,True
1789044441121,706.98,0.01,True
1789044441123,706.97,0.03,True
1789044441142,706.95,5.39,True
1789044441150,706.93,0.11,True
1789044441151,706.9,0.03,True
1789044441152,706.89,11.14,False
1789044441164,706.88,0.01,True
1789044441188,706.87,4.91,False
1789044441218,706.86,2.06,True
1789044441280,706.87,15.97,False
1789044441298,706.86,1.51,True
1789044441319,706.8,0.01,True
1789044441322,706.77,0.44,True
1789044441348,706.78,38.47,False
1789044441351,706.8,4.18,False
1789044441352,706.8,0.5,False
1789044441382,706.82,0.01,True
1789044441384,706.78,5.79,False
1789044441497,706.84,0.07,False
1789044441519,706.83,0.79,True
1789044441529,706.77,1.64,True
1789044441539,706.78,2.92,False
1789044441556,706.77,1.96,True
1789044441570,706.78,0.76,False
1789044441620,706.85,52.54,False
1789044441622,706.86,17.05,False
1789044441625,706.88,0.16,False
1789044441650,706.89,7.19,False
1789044441655,706.93,0.29,False
1789044441666,706.93,0.55,True
1789044441682,706.94,0.06,False
1789044441691,706.95,2.38,False
1789044441700,706.96,0.29,False
1789044441701,706.97,4.97,False
1789044441702,706.98,0.77,False
1789044441708,706.99,0.04,False
1789044441709,707.05,0.02,False
1789044441712,707.03,7.14,True
1789044441726,707.04,5.85,False
1789044441803,707.06,10.01,False
1789044441829,707.07,0.19,True
1789044441840,707.04,9.03,False
1789044441873,707.05,0.01,True
1789044441883,707.08,6.53,False
1789044441891,707.09,0.03,False
1789044441903,707.1,0.33,True
1789044441929,707.15,0.37,False
1789044442016,707.18,0.07,False
1789044442034,707.17,3.62,True
1789044442037,707.05,0.53,False
1789044442039,707.05,2.7,False
1789044442114,707.13,0.01,False
1789044442116,707.13,0.61,True
1789044442155,707.14,0.05,False
1789044442175,707.13,0.66,True
1789044442264,707.14,0.02,False
1789044442371,707.14,0.83,False
1789044442398,707.15,0.03,False
1789044442405,707.19,2.08,False
1789044442435,707.19,0.73,True
1789044442465,707.2,9.66,False
1789044442502,707.2,6.23,True
1789044442535,707.21,0.06,False
1789044442540,707.25,0.68,False
1789044442545,707.24,0.01,True
1789044442561,707.25,0.89,False
1789044442619,707.26,0.44,False
1789044442620,707.27,0.63,False
1789044442624,707.29,0.04,False
1789044442625,707.3,3.21,False
1789044442655,707.31,5.66,False
1789044442656,707.32,2.1,False
1789044442658,707.33,0.07,False
1789044442663,707.35,0.03,False
1789044442664,707.36,0.15,False
1789044442728,707.36,17.5,True
1789044442775,707.37,4.16,False
1789044442785,707.38,0.03,True
1789044442794,707.39,0.03,False
1789044442864,707.36,0.01,True
1789044442895,707.32,4.35,False
1789044442908,707.31,11.21,True
1789044442918,707.32,7.71,False
1789044442952,707.35,0.01,True
1789044442955,707.34,15.02,False
1789044442965,707.34,0.01,True
1789044442999,707.32,11.29,False
1789044443000,707.35,2.68,False
1789044443020,707.35,0.66,True
1789044443098,707.36,1.02,False
1789044443113,707.37,0.18,False
1789044443139,707.4,1.34,False
1789044443177,707.4,0.01,True
1789044443256,707.41,0.04,False
1789044443266,707.4,3.58,True
1789044443315,707.39,9.32,True
1789044443318,707.25,6.16,False
1789044443361,707.24,0.01,True
1789044443417,707.17,4.2,False
1789044443451,707.16,0.01,True
1789044443457,707.04,2.67,False
1789044443462,707.09,0.01,True
1789044443501,707.1,10.94,False
1789044443503,707.13,10.76,False
1789044443504,707.15,37.41,False
1789044443512,707.1,5.57,False
1789044443595,707.14,0.73,False
1789044443600,707.17,6.56,False
1789044443611,707.18,0.1,True
1789044443628,707.19,0.01,False
1789044443642,707.2,0.03,False
1789044443672,707.24,2.47,False
1789044443675,707.27,0.28,False
1789044443678,707.29,0.28,False
1789044443682,707.31,0.29,False
1789044443690,707.32,1.46,False
1789044443698,707.34,0.01,False
1789044443786,707.36,2.0,True
1789044443788,707.4,6.35,False
1789044443793,707.41,2.61,False
1789044443795,707.42,1.04,False
1789044443819,707.43,0.06,False
1789044443829,707.5,0.67,True
1789044443835,707.43,0.17,True
1789044443843,707.42,0.27,True
1789044443844,707.37,2.07,True
1789044443852,707.34,0.02,True
1789044443901,707.34,0.55,False
1789044443935,707.33,0.01,True
1789044443936,707.3,0.02,True
1789044443938,707.28,0.01,True
1789044443942,707.22,0.01,True
1789044443956,707.2,0.03,True
1789044443998,707.19,1.8,False
1789044444003,707.18,0.01,True
1789044444014,707.16,0.32,True
1789044444038,707.11,0.03,True
1789044444047,707.1,2.07,True
1789044444058,707.09,2.14,False
1789044444072,707.08,0.01,True
1789044444107,707.04,2.67,False
1789044444135,707.08,43.86,False
1789044444149,707.09,8.11,False
1789044444167,707.11,0.39,True
1789044444292,707.11,1.86,True
1789044444312,707.04,2.67,False
1789044444340,707.12,1.87,False
1789044444351,707.15,0.06,False
1789044444366,707.17,0.04,False
1789044444369,707.18,0.01,False
1789044444400,707.19,3.6,True
1789044444449,707.17,0.01,True
1789044444456,707.17,3.04,False
1789044444509,707.14,0.02,True
1789044444568,707.06,0.02,True
1789044444571,707.04,0.42,True
1789044444589,707.05,2.67,False
1789044444629,707.12,0.01,True
1789044444765,707.13,1.82,False
1789044444775,707.15,0.05,False
1789044444778,707.16,1.86,False
1789044444804,707.15,0.09,True
1789044444979,707.16,0.11,False
1789044445003,707.2,0.02,False
1789044445024,707.21,1.13,False
1789044445042,707.22,0.03,False
1789044445043,707.23,0.01,False
1789044445057,707.26,0.01,False
1789044445082,707.33,0.28,False
1789044445085,707.34,0.02,False
1789044445102,707.36,0.04,False
1789044445103,707.37,2.08,False
1789044445111,707.39,3.66,False
1789044445179,707.39,18.85,True
1789044445232,707.38,0.02,True
1789044445233,707.39,0.6,False
1789044445239,707.36,0.01,True
1789044445244,707.36,19.56,False
1789044445246,707.35,0.01,True
1789044445269,707.31,0.04,True
1789044445314,707.28,0.01,True
1789044445315,707.26,0.02,True
1789044445318,707.23,0.01,True
1789044445319,707.22,0.01,True
1789044445321,707.2,0.01,True
1789044445323,707.18,0.01,True
1789044445347,707.15,0.02,True
1789044445379,707.16,3.53,False
1789044445505,707.15,0.6,True
1789044445517,707.16,6.28,False
1789044445518,707.17,1.08,False
1789044445520,707.18,11.35,False
1789044445558,707.19,0.98,False
1789044445577,707.18,0.45,True
1789044445630,707.19,0.49,False
1789044445666,707.2,0.09,False
1789044445669,707.24,0.02,False
1789044445686,707.25,0.24,False
1789044445705,707.25,0.2,True
1789044445775,707.26,0.03,False
1789044445776,707.33,0.01,False
1789044445778,707.39,0.02,False
1789044445781,707.42,1.04,False
1789044445789,707.44,0.42,False
1789044445873,707.45,0.56,False
1789044445944,707.44,0.04,True
1789044446042,707.45,1.12,False
1789044446190,707.45,7.53,False
1789044446206,707.46,0.01,False
1789044446229,707.54,0.01,True
1789044446235,707.55,2.38,False
1789044446237,707.63,0.01,False
1789044446263,707.65,3.81,False
1789044446266,707.66,0.01,False
1789044446268,707.66,0.01,False
1789044446284,707.69,0.23,False
1789044446303,707.69,13.4,True
1789044446370,707.7,6.46,False
1789044446406,707.71,0.04,False
1789044446408,707.72,2.08,False
1789044446409,707.73,2.79,False
1789044446410,707.74,2.86,False
1789044446411,707.75,0.51,False
1789044446412,707.78,2.12,False
1789044446423,707.79,6.97,False
1789044446428,707.8,0.27,False
1789044446431,707.79,0.02,True
1789044446565,707.81,2.53,True
1789044446567,707.8,1.99,True
1789044446611,707.75,1.21,False
1789044446719,707.75,13.47,False
1789044446802,707.79,1.24,False
1789044446840,707.78,5.83,True
1789044446901,707.79,2.11,False
1789044446909,707.8,3.76,True
1789044446960,707.81,3.43,False
1789044447046,707.8,0.03,True
1789044447047,707.81,7.18,False
1789044447067,707.82,2.71,False
1789044447074,707.84,7.13,False
1789044447097,707.85,0.03,False
1789044447122,707.84,1.91,True
1789044447129,707.83,0.02,True
1789044447133,707.81,0.01,True
1789044447252,707.81,11.81,False
1789044447255,707.82,15.11,False
1789044447257,707.84,10.56,False
1789044447297,707.84,0.61,True
1789044447333,707.85,0.23,False
1789044447336,707.9,1.59,False
1789044447367,707.91,3.41,False
1789044447403,707.92,9.11,False
1789044447404,707.95,0.17,False
1789044447407,707.97,0.02,False
1789044447483,707.99,0.2,False
1789044447490,707.99,1.34,True
1789044447500,708.0,0.19,False
1789044447514,708.04,1.08,False
1789044447515,708.09,1.78,False
1789044447536,708.1,0.02,True
1789044447606,708.11,2.25,False
1789044447608,708.15,0.03,False
1789044447609,708.19,0.05,False
1789044447611,708.2,5.09,False
1789044447613,708.21,3.56,False
1789044447614,708.22,0.03,False
1789044447635,708.23,0.02,False
1789044447643,708.23,4.34,True
1789044447649,708.22,0.01,True
1789044447651,708.21,2.78,True
1789044447688,708.17,0.14,True
1789044447771,708.18,2.67,False
1789044447773,708.18,7.79,False
1789044447775,708.18,0.01,False
1789044447782,708.23,1.0,False
1789044447806,708.24,0.86,True
1789044447816,708.25,2.93,False
1789044447906,708.26,7.43,False
1789044447907,708.29,0.1,False
1789044447917,708.3,0.11,False
1789044448040,708.31,0.86,False
1789044448193,708.31,2.52,False
1789044448195,708.33,0.03,False
1789044448199,708.33,0.07,True
1789044448227,708.34,0.06,False
1789044448263,708.38,0.01,True
1789044448270,708.39,0.24,False
1789044448324,708.38,1.44,True
1789044448427,708.33,0.23,True
1789044448455,708.32,0.28,True
1789044448515,708.3,1.36,False
1789044448595,708.29,1.31,True
1789044448684,708.3,0.48,False
1789044448722,708.29,0.28,True
1789044448748,708.3,1.05,False
1789044448802,708.31,1.5,True
1789044448804,708.18,2.67,False
1789044448899,708.3,2.76,False
1789044448902,708.31,4.96,False
1789044448911,708.32,0.54,True
1789044448943,708.33,0.2,False
1789044448998,708.32,3.59,True
1789044449066,708.3,0.73,False
1789044449172,708.29,0.43,True
1789044449230,708.18,0.04,True
1789044449238,708.15,2.67,False
1789044449239,708.19,1.66,False
1789044449351,708.24,0.01,True
1789044449506,708.25,2.77,False
1789044449560,708.29,0.04,False
1789044449591,708.33,0.14,False
1789044449642,708.32,0.91,False
1789044449712,708.29,0.07,True
1789044449879,708.25,2.76,False
1789044449938,708.26,6.52,False
1789044450032,708.3,0.63,True
1789044450043,708.31,0.14,False
1789044450067,708.34,0.04,True
1789044450085,708.35,0.04,False
1789044450109,708.35,4.16,False
1789044450159,708.42,0.03,False
1789044450166,708.44,2.28,False
1789044450173,708.45,2.95,False
1789044450222,708.45,0.01,True
1789044450227,708.46,4.2,False
1789044450235,708.47,2.16,False
1789044450237,708.48,0.91,False
1789044450238,708.49,0.16,False
1789044450239,708.5,0.35,False
1789044450261,708.51,0.51,False
1789044450265,708.51,21.38,True
1789044450273,708.5,8.16,True
1789044450288,708.51,3.91,False
1789044450381,708.52,7.71,False
1789044450382,708.53,3.99,False
1789044450383,708.56,0.02,False
1789044450404,708.56,9.42,True
1789044450438,708.51,0.55,True
1789044450440,708.5,0.37,True
1789044450441,708.48,0.01,True
1789044450511,708.47,9.25,True
1789044450548,708.37,0.1,True
1789044450588,708.38,4.0,False
1789044450610,708.43,0.23,True
1789044450674,708.44,2.25,False
1789044450726,708.48,0.05,False
1789044450756,708.49,0.04,False
1789044450791,708.48,0.04,True
1789044450801,708.49,5.73,False
1789044450804,708.48,0.31,True
1789044450832,708.45,71.83,False
1789044450902,708.47,0.01,True
1789044450914,708.35,4.56,False
1789044451082,708.35,0.56,False
1789044451112,708.34,0.02,True
1789044451255,708.35,0.57,False
1789044451265,708.34,0.03,True
1789044451318,708.33,2.07,True
1789044451321,708.3,0.02,True
1789044451350,708.23,0.2,False
1789044451425,708.22,0.01,True
1789044451432,708.22,32.97,False
1789044451513,708.23,0.08,False
1789044451530,708.34,0.56,False
1789044451544,708.31,0.52,True
1789044451601,708.34,5.14,False
1789044451745,708.37,2.34,True
1789044451974,708.38,0.01,False
1789044452130,708.42,10.0,True
1789044452241,708.42,0.01,True
1789044452336,708.43,5.7,False
1789044452421,708.45,0.07,False
1789044452422,708.44,0.01,True
1789044452533,708.45,0.02,False
1789044452577,708.44,0.03,True
1789044452704,708.44,4.75,True
1789044452706,708.43,9.33,True
1789044452707,708.42,19.49,True
1789044452708,708.41,0.01,True
1789044452709,708.38,5.51,True
1789044452710,708.35,4.91,True
1789044452711,708.34,18.39,True
1789044452795,708.32,0.01,True
1789044452804,708.24,5.22,True
1789044452805,708.23,1.61,True
1789044452809,708.21,5.45,True
1789044452811,708.2,2.08,True
1789044452812,708.19,0.6,False
1789044452814,708.18,0.01,True
1789044452817,708.14,0.01,True
1789044452819,708.12,46.59,True
1789044452821,708.11,0.02,True
1789044452822,708.05,0.09,True
1789044452823,708.0,0.03,True
1789044452865,708.0,0.35,False
1789044452872,707.99,0.03,True
1789044452942,707.97,2.07,False
1789044452945,707.96,0.01,True
1789044452977,707.97,1.09,False
1789044453089,707.96,9.1,True
1789044453104,707.91,0.01,True
1789044453109,707.89,7.59,True
1789044453166,707.87,0.01,True
1789044453167,707.84,0.03,True
1789044453348,707.79,2.72,False
1789044453359,707.79,0.16,True
1789044453455,707.81,9.41,False
1789044453581,707.81,0.01,False
1789044453859,707.81,0.16,False
1789044453920,707.8,0.71,True
1789044453972,707.79,5.45,True
1789044453973,707.78,1.11,True
1789044454156,707.72,0.03,True
1789044454160,707.73,1.37,False
1789044454192,707.72,0.28,True
1789044454333,707.72,1.15,True
1789044454369,707.71,43.13,True
1789044454372,707.7,0.12,True
1789044454374,707.67,0.58,True
1789044454375,707.65,2.08,True
1789044454391,707.64,0.01,True
1789044454449,707.62,2.01,True
1789044454455,707.6,0.01,True
1789044454506,707.61,2.97,False
1789044454507,707.63,0.01,False
1789044454509,707.61,0.01,False
1789044454561,707.63,0.01,True
1789044454566,707.64,0.01,False
1789044454567,707.66,0.01,False
1789044454570,707.7,0.01,False
1789044455027,707.72,2.74,False
1789044455030,707.73,0.04,False
1789044455031,707.74,6.36,False
1789044455072,707.77,0.01,False
1789044455122,707.78,2.07,False
1789044455123,707.8,0.02,False
1789044455161,707.85,0.97,False
1789044455175,707.86,0.01,False
1789044455196,707.87,0.12,True
1789044455211,707.86,4.72,True
1789044455220,707.82,0.01,True
1789044455225,707.77,0.21,True
1789044455311,707.78,0.6,False
1789044455489,707.78,2.21,False
1789044455525,707.79,0.01,False
1789044455533,707.82,0.02,False
1789044455550,707.83,0.01,False
1789044455605,707.84,0.15,False
1789044455607,707.83,1.57,True
1789044455610,707.84,0.17,False
1789044455657,707.83,1.27,True
1789044455661,707.66,0.6,True
1789044455663,707.65,22.45,False
1789044455665,707.7,6.76,False
1789044455666,707.69,0.01,True
1789044455667,707.7,0.86,False
1789044455705,707.82,0.01,False
1789044455847,707.84,0.27,False
1789044455901,707.83,0.01,True
1789044455978,707.83,0.13,False
1789044456009,707.82,0.44,True
1789044456010,707.81,0.02,True
1789044456026,707.79,3.14,True
1789044456028,707.68,0.01,True
1789044456029,707.64,0.01,True
1789044456030,707.57,0.01,True
1789044456036,707.54,0.01,True
1789044456042,707.5,0.02,True
1789044456058,707.48,0.01,True
1789044456067,707.45,0.03,True
1789044456121,707.44,6.01,True
1789044456132,707.41,1.13,True
1789044456140,707.4,0.16,True
1789044456141,707.39,0.26,True
1789044456217,707.37,2.52,False
1789044456270,707.38,0.7,False
1789044456286,707.38,2.02,True
1789044456343,707.39,0.01,False
1789044456387,707.41,0.01,False
1789044456543,707.43,0.16,True
1789044456756,707.44,0.42,False
1789044456767,707.47,1.98,False
1789044456848,707.49,0.01,False
1789044456914,707.5,0.05,False
1789044456939,707.51,2.07,False
1789044457030,707.53,0.07,True
1789044457057,707.54,0.14,False
1789044457145,707.53,3.32,True
1789044457188,707.48,0.01,True
1789044457259,707.46,0.28,False
1789044457303,707.45,4.75,False
1789044457378,707.46,0.03,False
1789044457382,707.52,0.01,False
1789044457385,707.54,1.91,False
1789044457499,707.55,0.11,False
1789044457514,707.56,0.01,False
1789044457519,707.57,0.05,False
1789044457539,707.61,0.01,False
1789044457608,707.63,0.01,True
1789044457708,707.64,0.18,False
1789044457935,707.64,5.01,False
1789044457967,707.65,0.33,False
1789044458077,707.64,0.02,True
1789044458168,707.65,0.02,False
1789044458221,707.64,2.25,True
1789044458260,707.65,5.89,False
1789044458268,707.67,0.01,False
1789044458305,707.69,0.01,False
1789044458455,707.69,0.7,True
1789044458475,707.7,0.09,False
1789044458537,707.71,1.07,False
1789044458560,707.72,0.52,False
1789044458580,707.78,10.18,False
1789044458583,707.71,0.01,False
1789044458585,707.73,0.01,True
1789044458643,707.76,0.04,False
1789044458645,707.76,2.7,True
1789044458736,707.72,2.31,True
1789044458998,707.74,0.93,True
1789044459043,707.73,2.66,True
1789044459086,707.74,4.29,False
1789044459087,707.75,9.19,False
1789044459161,707.8,6.21,False
1789044459426,707.78,0.15,False
1789044459444,707.8,0.13,False
1789044459458,707.79,0.01,True
1789044459552,707.78,0.02,False
1789044459585,707.79,1.59,True
1789044459588,707.73,21.37,True
1789044459589,707.72,0.01,True
1789044459591,707.71,0.01,True
1789044459599,707.63,6.1,True
1789044459663,707.65,0.07,False
1789044459669,707.64,2.6,True
1789044459721,707.63,0.03,True
1789044459722,707.61,0.69,True
1789044459727,707.6,0.03,True
1789044459743,707.56,0.14,True
1789044459892,707.57,0.1,False
1789044459949,707.56,0.2,True
1789044460003,707.57,0.28,False
1789044460073,707.56,4.48,True
1789044460353,707.56,0.09,True
1789044460397,707.57,3.99,False
1789044460440,707.57,0.79,True
1789044460520,707.56,5.78,True
1789044460521,707.55,0.01,True
1789044460531,707.54,2.62,False
1789044460543,707.53,0.01,True
1789044460612,707.51,0.08,True
1789044460629,707.52,10.55,False
1789044460721,707.51,5.85,True
1789044460812,707.5,0.01,True
1789044460850,707.48,10.0,False
1789044460997,707.51,0.2,False
1789044461113,707.5,0.07,True
1789044461231,707.53,0.11,False
1789044461293,707.51,0.38,True
1789044461422,707.51,0.11,True
1789044461714,707.52,0.21,True
1789044461725,707.47,0.01,True
1789044461727,707.43,0.55,True
1789044461737,707.42,0.56,True
1789044461740,707.4,0.11,True
1789044461803,707.42,0.11,False
1789044461808,707.38,0.01,True
1789044462117,707.39,2.64,False
1789044462232,707.39,0.24,False
1789044462233,707.41,0.05,False
1789044462234,707.43,1.32,False
1789044462239,707.44,0.07,False
1789044462247,707.48,0.03,False
1789044462332,707.53,1.57,False
1789044462335,707.54,0.01,False
1789044462391,707.56,0.01,False
1789044462572,707.62,0.08,False
1789044462721,707.63,1.45,True
1789044462854,707.64,0.02,False
1789044463031,707.64,2.93,False
1789044463032,707.65,2.09,False
1789044463233,707.67,0.02,False
1789044463316,707.66,0.95,True
1789044463347,707.65,4.94,True
1789044463361,707.68,8.04,False
1789044463365,707.7,0.02,False
1789044463366,707.72,1.42,False
1789044463368,707.73,0.07,False
1789044463543,707.76,0.8,True
1789044463550,707.74,7.25,True
1789044463555,707.72,0.61,True
1789044463565,707.71,0.81,True
1789044463568,707.7,1.17,True
1789044463584,707.67,2.24,True
1789044463597,707.66,3.77,True
1789044463628,707.69,0.06,False
1789044463643,707.65,1.26,True
1789044463697,707.7,0.33,False
1789044463718,707.67,0.39,True
1789044463756,707.64,0.01,True
1789044463767,707.61,0.28,True
1789044463900,707.61,0.3,True
1789044463905,707.56,2.24,True
1789044463906,707.54,0.01,True
1789044463965,707.43,0.01,True
1789044463986,707.43,0.04,False
1789044463989,707.42,0.01,True
1789044464014,707.45,0.33,False
1789044464165,707.44,0.01,True
1789044464166,707.45,0.01,False
1789044464183,707.44,0.01,True
1789044464317,707.44,0.48,True
1789044464416,707.42,0.56,True
1789044464420,707.41,0.01,True
1789044464431,707.31,0.01,True
1789044464545,707.31,0.72,True
1789044464751,707.28,0.01,False
1789044464807,707.34,0.01,True
1789044464846,707.35,0.03,False
1789044464853,707.4,0.01,False
1789044464857,707.4,1.49,True
1789044464907,707.42,0.02,False
1789044465019,707.42,0.64,False
1789044465024,707.43,2.54,False
1789044465034,707.46,0.03,False
1789044465035,707.24,5.5,True
1789044465036,707.05,0.01,True
1789044465037,706.81,1.27,True
1789044465038,706.61,1.16,True
1789044465039,706.75,32.29,False
1789044465040,706.61,8.6,False
1789044465043,706.75,0.04,True
1789044465044,706.76,3.42,False
1789044465045,706.81,0.05,False
1789044465047,706.77,1.2,False
1789044465049,706.75,0.26,True
1789044465051,706.85,0.03,False
1789044465056,706.84,2.06,True
1789044465062,706.94,5.63,True
1789044465064,706.94,5.63,False
1789044465067,706.84,0.02,True
1789044465069,706.9,4.81,False
1789044465100,706.95,2.06,False
1789044465101,706.96,2.08,False
1789044465102,706.94,5.91,True
1789044465105,706.84,4.4,False
1789044465108,706.91,2.06,False
1789044465111,706.95,0.35,False
1789044465114,706.98,4.24,False
1789044465118,707.0,0.01,False
1789044465121,707.02,2.16,False
1789044465180,706.95,4.93,True
1789044465181,706.9,0.01,True
1789044465182,706.96,10.45,False
1789044465184,706.95,0.02,False
1789044465185,706.92,15.84,False
1789044465187,706.9,0.01,False
1789044465246,706.96,2.28,False
1789044465253,707.0,0.01,False
1789044465257,707.05,0.15,True
1789044465312,707.06,0.07,False
1789044465313,707.09,1.46,False
1789044465314,707.11,15.84,False
1789044465343,707.14,0.05,False
1789044465414,707.13,0.15,True
1789044465428,707.14,0.24,False
1789044465431,707.13,6.36,True
1789044465436,707.08,4.67,False
1789044465514,707.09,0.05,True
1789044465535,707.1,20.4,False
1789044465559,707.11,4.66,True
1789044465583,707.12,20.35,False
1789044465650,707.12,0.69,True
1789044465663,707.13,1.96,False
1789044465730,707.12,2.8,True
1789044465818,707.13,13.95,False
1789044465870,707.14,0.26,False
1789044465879,707.18,0.11,False
1789044465932,707.17,0.01,True
1789044465958,707.18,1.99,False
1789044466000,707.24,0.11,True
1789044466004,707.24,1.14,False
1789044466048,707.17,0.12,True
1789044466062,707.16,0.4,True
1789044466070,707.11,3.62,True
1789044466072,707.1,2.07,True
1789044466073,707.04,0.01,True
1789044466214,706.99,0.1,True
1789044466375,706.99,0.01,True
1789044466449,707.0,0.01,False
1789044466489,706.99,1.7,True
1789044466491,706.98,0.04,True
1789044466565,706.97,0.01,False
1789044466568,706.96,2.52,True
1789044466730,706.96,0.09,True
1789044466834,706.97,0.15,False
1789044466898,706.96,5.6,True
1789044466960,706.95,0.02,True
1789044466965,706.91,2.06,False
1789044466987,706.9,0.01,True
1789044467059,706.91,12.9,False
1789044467522,706.9,5.03,True
1789044467572,706.89,0.01,True
1789044467671,706.8,2.77,True
1789044467674,706.79,0.28,True
1789044467813,706.69,2.04,True
1789044467892,706.69,15.93,False
1789044467975,706.68,0.11,True
1789044468026,706.67,0.02,True
1789044468036,706.66,0.01,True
1789044468056,706.62,0.55,True
1789044468057,706.6,7.31,True
1789044468121,706.58,0.01,True
1789044468246,706.56,5.31,False
1789044468390,706.56,0.58,False
1789044468496,706.56,0.96,False
1789044468649,706.56,0.17,False
1789044468652,706.58,5.64,False
1789044468680,706.64,0.01,True
1789044468684,706.65,0.1,False
1789044468687,706.64,0.71,True
1789044468692,706.66,0.01,False
1789044468727,706.7,0.01,False
1789044468850,706.74,0.54,True
1789044468916,706.75,0.02,False
1789044468942,706.75,0.01,True
1789044469025,706.76,0.01,False
1789044469136,706.8,3.45,True
1789044469273,706.81,0.82,False
1789044469311,706.82,2.08,False
1789044469381,706.84,0.01,False
1789044469383,706.86,0.04,False
1789044469395,706.9,0.02,False
1789044469482,706.91,0.93,False
1789044469484,706.92,0.03,False
1789044469494,706.96,0.2,False
1789044469505,706.95,0.02,True
1789044469701,706.95,0.45,True
1789044470045,706.95,0.72,True
1789044470207,706.88,4.18,False
1789044470362,706.93,4.27,True
1789044470528,706.91,2.28,True
1789044470951,706.91,0.58,False
1789044470961,706.92,0.02,False
1789044470980,706.93,0.07,False
1789044471311,706.92,0.01,True
1789044471339,706.93,0.11,False
1789044471443,706.93,0.29,False
1789044471714,706.93,0.88,False
1789044471856,706.93,1.39,True
1789044471894,706.94,0.04,False
1789044472307,707.0,0.01,True
1789044472369,707.01,0.01,False
1789044472387,707.03,0.02,True
1789044472751,707.04,0.48,False
1789044472883,707.04,0.09,False
1789044472928,707.05,0.01,False
1789044472930,707.09,0.32,False
1789044472997,707.09,0.01,True
1789044473024,707.1,0.01,False
1789044473070,707.12,3.19,False
1789044473079,707.13,0.04,False
1789044473260,707.13,0.02,True
1789044473329,707.14,0.13,False
1789044473365,707.13,0.24,True
1789044473594,707.13,0.01,True
1789044473757,707.13,11.1,True
1789044473758,707.12,0.01,True
1789044473770,707.1,0.99,True
1789044473777,707.06,0.29,True
1789044473778,707.05,0.01,True
1789044473781,707.04,0.01,True
1789044473785,707.03,0.64,True
1789044473848,707.0,0.03,True
1789044473849,706.99,0.01,True
1789044473859,706.96,2.11,True
1789044473862,706.95,0.03,True
1789044473940,706.96,8.69,False
1789044473941,706.97,0.01,False
1789044473946,707.01,3.58,False
1789044474040,707.09,0.01,True
1789044474082,707.1,0.12,False
1789044474086,707.09,2.12,True
1789044474283,707.1,17.43,False
1789044474320,707.11,0.03,False
1789044474427,707.09,0.01,True
1789044474623,707.14,0.01,False
1789044474756,707.13,0.22,True
1789044474862,707.1,0.07,True
1789044474895,707.06,1.83,True
1789044475044,707.0,0.07,True
1789044475120,707.01,0.03,False
1789044475318,707.01,0.14,False
1789044475337,707.07,0.08,True
1789044475397,707.11,0.01,True
1789044475449,707.12,1.57,False
1789044475569,707.13,6.2,False
1789044475667,707.14,1.64,False
1789044475694,707.14,1.02,True
1789044475798,707.14,0.02,True
1789044476340,707.15,0.04,False
1789044476478,707.14,0.01,True
1789044476543,707.15,21.41,False
1789044476621,707.16,0.03,False
1789044476622,707.19,0.64,False
1789044476632,707.2,0.39,False
1789044476703,707.21,0.1,False
1789044476950,707.21,0.04,False
1789044477008,707.2,1.72,True
1789044477009,707.19,0.02,True
1789044477199,707.14,2.0,True
1789044477355,707.1,0.01,True
1789044477358,707.08,20.01,True
1789044477360,707.07,0.01,True
1789044477569,707.0,0.01,True
1789044477612,707.01,0.71,False
1789044477727,707.0,2.4,True
1789044477947,707.0,0.56,True
1789044478025,707.01,10.61,False
1789044478129,707.06,0.01,False
1789044478248,707.08,0.04,False
1789044478412,707.08,0.54,False
1789044478549,707.07,0.01,True
1789044478800,707.07,8.24,True
1789044479103,707.07,0.01,True
1789044479449,707.08,4.8,False
1789044479473,707.09,0.06,False
1789044479483,707.09,0.02,True
1789044479661,707.1,0.01,False
1789044480036,707.11,0.11,False
1789044480053,707.1,0.01,True
1789044480099,707.11,21.72,False
1789044480176,707.12,0.01,False
1789044480240,707.11,0.02,False
1789044480249,707.16,0.01,False
1789044480270,707.17,0.01,False
1789044480349,707.19,0.68,False
1789044480451,707.2,0.23,False
1789044480459,707.22,0.04,False
1789044480467,707.23,1.35,False
1789044480472,707.24,2.07,False
1789044480487,707.25,0.01,False
1789044480551,707.24,0.03,True
1789044480742,707.24,0.01,True
1789044480759,707.25,0.05,False
1789044480765,707.26,0.01,False
1789044480779,707.27,4.31,True
1789044480790,707.28,3.87,False
1789044480959,707.28,49.77,True
1789044480960,707.27,0.1,True
1789044480963,707.29,0.96,False
1789044480980,707.23,0.08,True
1789044480984,707.18,1.69,True
1789044480993,707.16,0.01,True
1789044480999,707.14,0.01,True
1789044481027,707.11,0.94,False
1789044481031,707.1,2.09,True
1789044481067,707.1,0.95,False
1789044481072,707.09,40.94,True
1789044481083,707.08,0.01,True
1789044481085,707.07,0.66,True
1789044481088,707.06,1.54,True
1789044481091,707.05,0.01,True
1789044481097,707.05,0.92,False
1789044481100,707.04,0.02,True
1789044481103,707.02,0.05,True
1789044481151,707.01,5.43,False
1789044481343,707.01,0.95,False
1789044481414,707.0,1.68,True
1789044481418,706.98,0.01,True
1789044481429,706.93,0.26,True
1789044481444,706.92,2.63,True
1789044481445,706.91,0.04,True
1789044481450,706.89,0.01,True
1789044481451,706.88,0.09,True
1789044481460,706.86,0.01,True
1789044481472,706.84,0.02,True
1789044481494,706.83,0.54,True
1789044481508,706.82,2.49,True
1789044481557,706.81,0.01,True
1789044481576,706.8,2.52,True
1789044481591,706.79,0.01,True
1789044481630,706.74,0.95,True
1789044481663,706.73,0.2,True
1789044481757,706.72,0.02,True
1789044481767,706.73,18.52,False
1789044481858,706.74,0.01,False
1789044481859,706.74,0.21,True
1789044481863,706.77,4.25,False
1789044481899,706.74,0.03,True
1789044481904,706.78,0.04,False
1789044481905,706.8,0.03,False
1789044481923,706.82,0.35,False
1789044481929,706.8,0.01,False
1789044481931,706.83,2.84,False
1789044481934,706.81,0.02,False
1789044481936,706.82,0.01,False
1789044481942,706.87,0.03,False
1789044482002,706.89,0.3,False
1789044482003,706.9,0.03,False
1789044482107,706.95,0.01,False
1789044482112,706.97,0.01,False
1789044482115,706.97,0.01,False
1789044482140,707.01,0.03,False
1789044482143,707.08,0.14,False
1789044482201,707.12,0.34,False
1789044482208,707.16,0.01,False
1789044482210,707.19,0.3,False
1789044482267,707.19,0.03,True
1789044482304,707.2,0.05,False
1789044482334,707.21,0.14,True
1789044482347,707.2,0.01,True
1789044482374,707.21,2.0,False
1789044482469,707.2,0.01,True
1789044482523,707.21,1.29,False
1789044482588,707.22,0.02,False
1789044482593,707.23,0.04,False
1789044482601,707.24,2.11,False
1789044482608,707.25,0.01,False
1789044482631,707.24,0.01,True
1789044482685,707.25,0.07,False
1789044482766,707.28,0.01,False
1789044482792,707.3,0.04,False
1789044482819,707.29,0.02,True
1789044482908,707.29,0.5,False
1789044482923,707.28,3.32,True
1789044483011,707.26,0.06,True
1789044483019,707.22,0.2,True
1789044483122,707.23,0.01,False
1789044483253,707.28,0.47,True
1789044483395,707.28,6.94,True
1789044483440,707.29,0.81,False
1789044483493,707.3,0.13,False
1789044483501,707.33,0.59,False
1789044483504,707.35,0.03,False
1789044483509,707.37,4.27,False
1789044483518,707.38,1.06,False
1789044483522,707.41,0.01,False
1789044483535,707.42,0.02,False
1789044483552,707.47,0.02,True
1789044483586,707.48,0.51,False
1789044483725,707.48,0.02,True
1789044483785,707.49,0.19,False
1789044483979,707.49,0.23,False
1789044484041,707.48,1.34,True
1789044484044,707.47,0.33,True
1789044484047,707.46,0.07,True
1789044484049,707.45,0.02,False
1789044484052,707.44,0.03,True
1789044484112,707.4,1.02,True
1789044484113,707.37,0.01,True
1789044484124,707.36,0.01,True
1789044484126,707.35,0.01,True
1789044484127,707.34,0.01,True
1789044484138,707.32,0.02,True
1789044484142,707.3,0.01,True
1789044484155,707.29,0.65,True
1789044484158,707.28,0.01,True
1789044484191,707.24,2.82,True
1789044484193,707.23,0.03,True
1789044484215,707.22,0.2,True
1789044484219,707.21,0.01,True
1789044484226,707.2,0.22,True
1789044484242,707.17,0.01,True
1789044484250,707.13,0.01,False
1789044484280,707.12,2.04,True
1789044484406,707.1,0.01,True
1789044484459,707.11,11.0,False
1789044484587,707.11,1.28,False
1789044484588,707.13,0.06,False
1789044484589,707.14,0.04,False
1789044484595,707.15,1.96,True
1789044484596,707.16,0.46,False
1789044484677,707.15,0.52,True
1789044484699,707.16,0.38,False
1789044484769,707.15,0.55,True
1789044484807,707.16,3.93,False
1789044484864,707.18,1.23,False
1789044484868,707.19,0.05,False
1789044484950,707.25,0.1,True
1789044485076,707.26,0.01,False
1789044485096,707.29,0.05,False
1789044485159,707.3,0.1,False
1789044485168,707.33,0.01,False
1789044485187,707.36,0.01,False
1789044485191,707.37,2.12,False
1789044485193,707.38,0.64,False
1789044485194,707.39,0.01,False
1789044485383,707.43,7.51,True
1789044485384,707.42,0.16,True
1789044485386,707.41,0.06,True
1789044485388,707.4,0.08,True
1789044485403,707.36,0.01,True
1789044485406,707.35,0.03,True
1789044485475,707.3,0.94,True
1789044485476,707.28,0.01,True
1789044485583,707.27,0.8,True
1789044485585,707.25,0.02,True
1789044485589,707.24,2.93,True
1789044485590,707.23,0.03,True
1789044485684,707.2,0.03,True
1789044485686,707.18,0.01,True
1789044485757,707.16,0.33,True
1789044485824,707.15,0.09,True
1789044485855,707.16,0.66,False
1789044485860,707.16,0.03,True
1789044485893,707.17,0.32,False
1789044485896,707.16,1.19,True
1789044486014,707.16,0.02,True
1789044486162,707.16,0.01,True
1789044486417,707.17,2.12,False
1789044486527,707.16,10.49,True
1789044486529,707.15,0.01,True
1789044486668,707.14,2.06,False
1789044486679,707.16,0.01,False
1789044486683,707.17,0.1,False
1789044486719,707.19,0.01,False
1789044486743,707.21,0.01,False
1789044486793,707.24,0.05,False
1789044486803,707.25,0.01,False
1789044486908,707.3,7.07,True
1789044486909,707.17,0.28,True
1789044486911,707.25,1.26,True
1789044486914,707.21,0.01,True
1789044486971,707.22,0.02,True
1789044487166,707.23,0.08,False
1789044487413,707.24,3.15,False
1789044487415,707.25,0.01,False
1789044487556,707.34,0.19,False
1789044487560,707.37,2.08,False
1789044487565,707.38,1.59,True
1789044487580,707.37,0.93,True
1789044487691,707.38,0.06,True
1789044487722,707.39,0.02,False
1789044487855,707.38,1.59,True
1789044487860,707.37,0.53,True
1789044487861,707.35,0.02,True
1789044487947,707.32,0.01,True
1789044487970,707.33,0.91,False
1789044488000,707.35,0.35,False
1789044488003,707.38,1.26,False
1789044488004,707.39,0.02,False
1789044488060,707.42,0.01,False
1789044488077,707.44,42.07,False
1789044488184,707.48,13.38,False
1789044488266,707.48,0.01,True
1789044488341,707.49,15.8,False
1789044488361,707.5,0.06,False
1789044488362,707.51,2.07,False
1789044488663,707.51,5.18,True
1789044488667,707.5,0.01,True
1789044488739,707.49,0.4,False
1789044488818,707.48,62.57,True
1789044488820,707.47,0.07,True
1789044488951,707.38,0.22,False
1789044488967,707.37,2.26,True
1789044488970,707.35,0.01,True
1789044488993,707.34,0.02,True
1789044489000,707.32,0.03,True
1789044489126,707.31,0.03,True
1789044489140,707.3,0.01,True
1789044489212,707.31,2.34,False
1789044489246,707.3,0.19,True
1789044489302,707.24,0.06,True
1789044489491,707.24,2.45,True
1789044489492,707.23,0.01,True
1789044489558,707.24,0.5,True
1789044489559,707.2,3.42,True
1789044489586,707.19,0.62,True
1789044489821,707.17,5.88,False
1789044490077,707.2,0.17,True
1789044490091,707.21,0.2,False
1789044490093,707.22,0.01,False
1789044490094,707.23,0.05,False
1789044490101,707.24,1.08,True
1789044490116,707.25,0.01,False
1789044490231,707.28,0.07,False
1789044490322,707.32,0.01,True
1789044490331,707.28,0.01,True
1789044490333,707.27,0.86,True
1789044490335,707.25,4.16,False
1789044490350,707.24,0.01,True
1789044490359,707.22,0.01,True
1789044490363,707.2,1.1,True
1789044490376,707.18,0.01,True
1789044490590,707.17,0.07,False
1789044490614,707.16,1.48,True
1789044490624,707.14,0.04,True
1789044490631,707.15,0.5,True
1789044490635,707.13,2.12,False
1789044490689,707.14,0.96,True
1789044490735,707.15,0.06,False
1789044490745,707.17,2.84,False
1789044490766,707.19,0.01,False
1789044490784,707.21,0.25,False
1789044490785,707.23,1.02,False
1789044490787,707.25,0.05,False
1789044490788,707.28,0.02,False
1789044490919,707.32,0.76,False
1789044491077,707.36,0.13,True
1789044491154,707.37,0.14,False
1789044491200,707.36,0.01,True
1789044491220,707.37,0.27,False
1789044491403,707.37,0.13,False
1789044491577,707.37,1.41,False
1789044491601,707.38,0.02,False
1789044491698,707.43,0.01,False
1789044491709,707.46,0.01,True
1789044491851,707.47,0.59,False
1789044491995,707.46,0.05,True
1789044492168,707.46,0.11,True
1789044492286,707.46,0.13,True
1789044492297,707.47,2.47,False
1789044492459,707.47,0.7,False
1789044492594,707.47,0.01,False
1789044492631,707.46,0.03,True
1789044492702,707.47,0.72,False
1789044492803,707.46,3.96,True
1789044493048,707.46,0.05,True
1789044493052,707.45,0.02,False
1789044493074,707.44,0.01,True
1789044493076,707.43,0.11,True
1789044493078,707.41,0.01,True
1789044493088,707.41,0.02,False
1789044493097,707.4,1.59,True
1789044493100,707.44,0.62,True
1789044493161,707.4,1.45,True
1789044493216,707.41,0.01,False
1789044493269,707.45,0.13,True
1789044493285,707.46,10.13,False
1789044493318,707.48,0.01,False
1789044493413,707.49,0.84,False
1789044493429,707.5,0.05,False
1789044493458,707.5,0.09,True
1789044493590,707.51,2.1,False
1789044493608,707.53,0.04,True
1789044493609,707.54,0.06,False
1789044493688,707.55,1.0,False
1789044493960,707.54,0.09,True
1789044494184,707.55,0.01,False
1789044494307,707.54,0.14,True
1789044494483,707.55,0.03,False
1789044494549,707.56,0.1,False
1789044494551,707.57,0.03,False
1789044494715,707.59,0.1,False
1789044494955,707.59,0.34,True
1789044495022,707.6,2.42,False
1789044495023,707.66,0.04,False
1789044495151,707.67,2.05,False
1789044495174,707.68,0.01,False
1789044495252,707.69,0.02,False
1789044495351,707.71,5.14,True
1789044495528,707.71,5.0,True
1789044495529,707.7,1.11,True
1789044495530,707.67,0.06,True
1789044495547,707.65,0.01,True
1789044495549,707.63,0.01,True
1789044495785,707.6,0.11,True
1789044495817,707.59,0.03,True
1789044495954,707.58,0.29,False
1789044496178,707.57,0.06,True
1789044496248,707.56,0.08,True
1789044496337,707.55,0.14,True
1789044496407,707.56,0.02,False
1789044496442,707.55,0.01,True
1789044496534,707.55,0.5,False
1789044496653,707.55,1.53,False
1789044496657,707.58,0.44,False
1789044496658,707.58,1.0,True
1789044496669,707.59,0.03,False
1789044496680,707.59,0.01,True
1789044496799,707.6,0.09,False
1789044496935,707.6,0.11,False
1789044497153,707.6,0.04,False
1789044497257,707.59,4.42,True
1789044497258,707.58,0.01,True
1789044497307,707.59,0.14,True
1789044497324,707.57,0.01,True
1789044497328,707.57,1.91,False
1789044497430,707.58,5.14,False
1789044497500,707.64,0.05,True
1789044497542,707.64,0.14,False
1789044497606,707.63,0.02,True
1789044497609,707.6,0.03,True
1789044497775,707.62,0.06,False
1789044497899,707.61,0.03,True
1789044497984,707.62,0.02,False
1789044498013,707.63,0.01,True
1789044498077,707.64,0.54,False
1789044498080,707.65,0.04,False
1789044498081,707.66,0.05,False
1789044498087,707.69,0.09,True
1789044498147,707.7,1.08,False
1789044498259,707.7,0.55,False
1789044498274,707.69,0.2,True
1789044498402,707.69,0.87,True
1789044498521,707.7,0.06,False
