T,p,q,sell_agg
1789130400075,0.08488,136042.0,False
1789130400115,0.08489,28416.0,False
1789130400226,0.08489,86444.0,True
1789130400334,0.08488,73680.0,True
1789130400527,0.08488,26891.0,False
1789130400565,0.08487,34393.0,True
1789130400567,0.08486,115319.0,True
1789130400608,0.08486,88464.0,False
1789130400750,0.08486,20390.0,False
1789130401001,0.08486,1139.0,True
1789130401013,0.08487,30994.0,False
1789130401216,0.08488,1183.0,False
1789130401226,0.08487,2219.0,True
1789130401238,0.08486,114268.0,True
1789130401277,0.08486,533.0,False
1789130401402,0.08486,155.0,True
1789130401415,0.08487,8307.0,False
1789130401501,0.08487,206.0,True
1789130401877,0.08487,9564.0,True
1789130401888,0.08487,470.0,False
1789130401894,0.08486,1978.0,True
1789130402087,0.08486,340.0,True
1789130402126,0.08487,4338.0,False
1789130402183,0.08488,1364.0,False
1789130402819,0.08487,56088.0,True
1789130402845,0.08486,130301.0,True
1789130402858,0.08485,78520.0,True
1789130402934,0.08484,9817.0,True
1789130403091,0.08485,3068.0,False
1789130403286,0.08484,180320.0,True
1789130403412,0.08484,5017.0,False
1789130403467,0.08484,4997.0,True
1789130403544,0.08484,251.0,False
1789130403547,0.08485,19008.0,False
1789130403549,0.08486,17674.0,False
1789130403596,0.08485,265.0,True
1789130403643,0.08485,25430.0,False
1789130403858,0.08484,1791.0,True
1789130403966,0.08484,92819.0,True
1789130404102,0.08484,3212.0,False
1789130404138,0.08483,58359.0,True
1789130404290,0.08483,4784.0,True
1789130404342,0.08484,20784.0,False
1789130404357,0.08485,5461.0,False
1789130404417,0.08485,61956.0,True
1789130404467,0.08484,185.0,True
1789130404826,0.08484,105335.0,True
1789130404857,0.08483,327419.0,True
1789130404892,0.08482,1024037.0,True
1789130404940,0.08481,28528.0,True
1789130404967,0.0848,151854.0,True
1789130405014,0.08479,2171.0,True
1789130405100,0.0848,1325.0,False
1789130405101,0.08479,87500.0,True
1789130405117,0.08478,14906.0,True
1789130405124,0.08479,35360.0,False
1789130405246,0.08478,445037.0,True
1789130405247,0.08477,101264.0,True
1789130405267,0.08477,8445.0,False
1789130405297,0.08476,13205.0,True
1789130405338,0.08477,3944.0,False
1789130405341,0.08476,1000.0,True
1789130405357,0.08477,399.0,False
1789130405526,0.08477,30238.0,False
1789130405538,0.08478,16179.0,False
1789130405543,0.08479,11299.0,False
1789130405614,0.08479,69.0,True
1789130405647,0.0848,513997.0,False
1789130405688,0.08481,34962.0,False
1789130405704,0.08482,46025.0,False
1789130405720,0.08483,33660.0,False
1789130405747,0.08484,27294.0,False
1789130405771,0.08484,65.0,True
1789130405847,0.08485,2068.0,False
1789130406040,0.08484,2131.0,True
1789130406042,0.08485,1074.0,False
1789130406262,0.08485,61082.0,False
1789130406359,0.08486,44.0,False
1789130406533,0.08485,9138.0,True
1789130406619,0.08484,1282.0,True
1789130406859,0.08484,31721.0,False
1789130406874,0.08485,314.0,False
1789130406892,0.08486,11294.0,False
1789130406902,0.08487,447.0,False
1789130406972,0.08488,45188.0,False
1789130407027,0.08488,11822.0,True
1789130407040,0.08489,41694.0,False
1789130407066,0.08489,2274.0,True
1789130407136,0.0849,1431.0,False
1789130407159,0.08489,154253.0,True
1789130407219,0.08488,146035.0,True
1789130407359,0.08488,44.0,False
1789130407546,0.08487,1305.0,True
1789130407692,0.08487,13223.0,True
1789130407860,0.08487,28474.0,False
1789130407898,0.08488,13.0,False
1789130408054,0.08487,72994.0,True
1789130408148,0.08486,146326.0,True
1789130408173,0.08485,11220.0,True
1789130408348,0.08485,8598.0,False
1789130408819,0.08486,3255.0,False
1789130409017,0.08486,1774.0,True
1789130409037,0.08487,4443.0,False
1789130409397,0.08488,5000.0,False
1789130409499,0.08488,3687.0,False
1789130409786,0.08488,60.0,False
1789130410062,0.08487,1444.0,True
1789130410075,0.08488,53206.0,False
1789130410254,0.08489,4375.0,False
1789130410440,0.08489,20604.0,True
1789130410529,0.08489,62805.0,False
1789130410541,0.08492,10097886.0,False
1789130410590,0.08493,18424.0,False
1789130410608,0.08495,2352.0,False
1789130410610,0.08493,65.0,False
1789130410612,0.08494,71.0,False
1789130410616,0.08495,29502.0,False
1789130410629,0.08496,4706.0,False
1789130410649,0.08497,16655.0,False
1789130410650,0.08498,14699.0,False
1789130410653,0.08499,5140.0,False
1789130410765,0.08498,267591.0,True
1789130410799,0.08497,2547.0,True
1789130410806,0.08496,42232.0,True
1789130410809,0.08494,186366.0,True
1789130410811,0.08493,2500.0,True
1789130410821,0.08495,161.0,True
1789130410832,0.08496,200.0,False
1789130410841,0.08495,1565.0,True
1789130410849,0.08495,133.0,True
1789130410856,0.08495,133.0,True
1789130410865,0.08495,73.0,True
1789130410867,0.08496,200.0,False
1789130410869,0.08495,73.0,True
1789130410870,0.08493,1089.0,True
1789130410881,0.08494,517.0,False
1789130410896,0.08493,57409.0,True
1789130410982,0.08493,12260.0,False
1789130411025,0.08492,1597.0,True
1789130411026,0.08493,588.0,False
1789130411177,0.08492,131.0,True
1789130411290,0.08493,19824.0,False
1789130411295,0.08494,1117.0,False
1789130411444,0.08493,1363.0,True
1789130411549,0.08492,826.0,True
1789130411637,0.08493,28676.0,False
1789130411660,0.08492,37950.0,True
1789130411937,0.08492,69987.0,True
1789130412026,0.08491,2419.0,True
1789130412148,0.08492,2009.0,False
1789130412618,0.08491,446124.0,True
1789130412620,0.0849,29726.0,True
1789130412623,0.0849,17636.0,False
1789130412714,0.08489,183122.0,True
1789130412930,0.08489,172.0,False
1789130412991,0.08488,26102.0,True
1789130413023,0.08487,14388.0,True
1789130413138,0.08486,10575.0,True
1789130413189,0.08486,78.0,False
1789130413312,0.08485,50174.0,True
1789130413328,0.08484,12915.0,True
1789130413411,0.08483,24219.0,True
1789130413465,0.08483,74876.0,False
1789130413467,0.08485,16366.0,False
1789130413584,0.08486,61976.0,False
1789130413637,0.08485,6524.0,True
1789130413689,0.08484,7547.0,True
1789130413762,0.08483,1604.0,True
1789130413795,0.08483,294.0,False
1789130413797,0.08482,8696.0,True
1789130414019,0.08481,2749.0,True
1789130414155,0.08481,44761.0,True
1789130414159,0.08481,1170.0,False
1789130414271,0.0848,25157.0,True
1789130414281,0.08479,19276.0,True
1789130414297,0.08479,1508.0,False
1789130414378,0.08478,25766.0,True
1789130414397,0.08478,2105.0,False
1789130414437,0.08477,43373.0,True
1789130414696,0.08477,202383.0,True
1789130414742,0.08476,15674.0,True
1789130414844,0.08476,1768.0,False
1789130414852,0.08475,17305.0,True
1789130414861,0.08476,2379.0,False
1789130415034,0.08475,22757.0,True
1789130415166,0.08474,24888.0,True
1789130415265,0.08473,64170.0,True
1789130415277,0.08472,377729.0,True
1789130415280,0.08473,1415.0,False
1789130415281,0.08472,133.0,True
1789130415397,0.08471,31400.0,True
1789130415402,0.08471,9962.0,False
1789130415557,0.0847,4585.0,True
1789130415745,0.08471,1415.0,False
1789130415754,0.0847,192839.0,True
1789130415815,0.08469,8193.0,True
1789130415827,0.08468,486.0,True
1789130415919,0.08469,2052.0,False
1789130415988,0.08469,830.0,True
1789130416084,0.0847,32484.0,False
1789130416108,0.08471,13596.0,False
1789130416137,0.08472,3003.0,False
1789130416138,0.08473,455.0,False
1789130416153,0.08474,448.0,False
1789130416195,0.08474,2155.0,True
1789130416432,0.08474,2272.0,True
1789130416484,0.08475,6746.0,False
1789130416510,0.08476,217.0,False
1789130416538,0.08475,53294.0,True
1789130416607,0.08475,864.0,False
1789130416637,0.08474,2700.0,True
1789130416752,0.08474,107422.0,True
1789130416794,0.08474,377.0,False
1789130416896,0.08474,5245.0,False
1789130416994,0.08475,28455.0,False
1789130417006,0.08475,87.0,True
1789130417046,0.08476,18793.0,False
1789130417124,0.08477,9809.0,False
1789130417154,0.08477,3760.0,True
1789130417167,0.08476,10512.0,True
1789130417181,0.08475,5497.0,True
1789130417207,0.08475,192.0,False
1789130417281,0.08475,33772.0,True
1789130417357,0.08474,5297.0,True
1789130417430,0.08473,42479.0,True
1789130417508,0.08472,44311.0,True
1789130417957,0.08472,2796.0,False
1789130418101,0.08472,1686.0,True
1789130418444,0.08471,1995.0,True
1789130418559,0.08472,1589.0,False
1789130418591,0.08473,3518.0,False
1789130418839,0.08473,13225.0,True
1789130418930,0.08473,253.0,False
1789130419014,0.08473,37277.0,True
1789130419162,0.08473,1398.0,True
1789130419298,0.08473,397.0,True
1789130419325,0.08474,2823.0,False
1789130419527,0.08473,19264.0,True
1789130419651,0.08473,51778.0,False
1789130419717,0.08474,106005.0,False
1789130419755,0.08475,83779.0,False
1789130419806,0.08475,9094.0,True
1789130419922,0.08474,3200.0,True
1789130420019,0.08474,25154.0,False
1789130420021,0.08475,460.0,False
1789130420181,0.08475,1382.0,True
1789130420240,0.08476,25910.0,False
1789130421170,0.08476,2523.0,True
1789130421453,0.08477,45422.0,False
1789130421613,0.08478,41637.0,False
1789130421675,0.08478,13002.0,True
1789130421713,0.08477,40644.0,True
1789130421794,0.08476,47394.0,True
1789130422073,0.08476,2927.0,True
1789130422705,0.08476,357.0,True
1789130422737,0.08477,45293.0,False
1789130422754,0.08478,74834.0,False
1789130423060,0.08479,43564.0,False
1789130423085,0.0848,129895.0,False
1789130423094,0.08481,28476.0,False
1789130423104,0.08481,10486.0,True
1789130423586,0.08482,180070.0,False
1789130423684,0.08482,6117.0,True
1789130423765,0.08483,520.0,False
1789130423812,0.08482,2199.0,True
1789130424254,0.08482,1158.0,True
1789130424571,0.08482,64347.0,True
1789130424768,0.08481,68927.0,True
1789130424873,0.0848,4925.0,True
1789130424929,0.0848,470.0,False
1789130425187,0.08479,1874.0,True
1789130425455,0.0848,1371.0,False
1789130425664,0.0848,163831.0,False
1789130425986,0.0848,17294.0,False
1789130426106,0.0848,2075.0,True
1789130426245,0.08481,29891.0,False
1789130426458,0.0848,25469.0,True
1789130426484,0.08479,128923.0,True
1789130426496,0.08478,8568.0,True
1789130426765,0.08478,1163.0,False
1789130426838,0.08479,1627.0,False
1789130426997,0.08479,41684.0,False
1789130427034,0.0848,11321.0,False
1789130427036,0.08481,21446.0,False
1789130427097,0.08481,2078.0,True
1789130427142,0.08482,88.0,False
1789130427269,0.08481,6020.0,True
1789130427432,0.0848,480.0,True
1789130427751,0.08481,13845.0,False
1789130427941,0.08481,44965.0,True
1789130428043,0.08481,52321.0,False
1789130428046,0.08483,1479.0,True
1789130428049,0.08482,7656.0,True
1789130428054,0.08481,10076.0,True
1789130428290,0.0848,161985.0,True
1789130428293,0.08479,16837.0,True
1789130428331,0.08478,7948.0,True
1789130428369,0.08477,6800.0,True
1789130428655,0.08477,105.0,False
1789130428800,0.08477,41740.0,False
1789130428802,0.08477,106636.0,True
1789130428805,0.08479,3463.0,False
1789130428837,0.08479,22385.0,True
1789130429083,0.08478,5566.0,True
1789130429112,0.08477,2391.0,True
1789130429246,0.08478,191.0,False
1789130429312,0.08479,1193.0,False
1789130429458,0.08478,179402.0,True
1789130429757,0.08478,11141.0,True
1789130430015,0.08478,40932.0,False
1789130430120,0.08477,2313.0,True
1789130430194,0.08478,13128.0,False
1789130430829,0.08478,8887.0,True
1789130430895,0.08478,588.0,False
1789130431009,0.08478,225.0,False
1789130431136,0.08477,2394.0,True
1789130431622,0.08477,162217.0,True
1789130431656,0.08476,34469.0,True
1789130431723,0.08475,10752.0,True
1789130431994,0.08475,214.0,False
1789130432053,0.08474,118226.0,True
1789130432149,0.08473,2938.0,True
1789130432300,0.08474,78.0,False
1789130432346,0.08473,68175.0,True
1789130432559,0.08472,70235.0,True
1789130432700,0.08471,12041.0,True
1789130432801,0.0847,32645.0,True
1789130433096,0.08469,86583.0,True
1789130433423,0.08468,42185.0,True
1789130433432,0.08467,92788.0,True
1789130433507,0.08467,13946.0,False
1789130433558,0.08468,388.0,False
1789130433617,0.08469,276.0,False
1789130433731,0.08468,2582.0,True
1789130433940,0.08468,5872.0,False
1789130433960,0.08467,5903.0,True
1789130434067,0.08467,276784.0,True
1789130434070,0.08467,32594.0,False
1789130434091,0.08468,78390.0,False
1789130434124,0.08468,2383.0,True
1789130434253,0.08469,153462.0,False
1789130434793,0.08469,6958.0,True
1789130435026,0.08469,1177.0,True
1789130435244,0.08469,1484.0,True
1789130435424,0.0847,61521.0,False
1789130435551,0.0847,11798.0,True
1789130435737,0.08471,2545.0,False
1789130436150,0.08471,23615.0,False
1789130436286,0.08471,4742.0,False
1789130436332,0.0847,6575.0,True
1789130436525,0.08469,2433.0,True
1789130436630,0.08469,60286.0,False
1789130436783,0.08468,3492.0,True
1789130436874,0.08467,3160.0,True
1789130437313,0.08467,1670.0,True
1789130437963,0.08468,12005.0,False
1789130438253,0.08468,3507.0,False
1789130438306,0.08467,2358.0,True
1789130438401,0.08468,58271.0,False
1789130438407,0.08469,9815.0,False
1789130438668,0.08468,161.0,True
1789130438841,0.08469,470.0,False
1789130439097,0.08468,33177.0,True
1789130439294,0.08468,1944.0,True
1789130439422,0.08469,3516.0,False
1789130439799,0.08468,2025.0,True
1789130440073,0.08469,83.0,False
1789130440177,0.08469,63553.0,False
1789130440195,0.08469,39955.0,True
1789130440340,0.08469,2424.0,True
1789130440445,0.0847,97309.0,False
1789130440636,0.08471,1.0,False
1789130440892,0.08471,1299.0,False
1789130440906,0.0847,111.0,True
1789130440914,0.08471,2235.0,False
1789130441127,0.0847,5821.0,True
1789130441308,0.0847,54399.0,True
1789130441373,0.08469,4278.0,True
1789130441624,0.08468,15707.0,True
1789130441765,0.08469,155014.0,False
1789130441809,0.08468,1950.0,True
1789130442077,0.08469,112.0,False
1789130442247,0.08468,1809.0,True
1789130442317,0.08469,160126.0,False
1789130442527,0.08468,78916.0,True
1789130442763,0.08468,389.0,False
1789130442903,0.08467,8775.0,True
1789130442923,0.08468,22454.0,False
1789130443001,0.08469,354.0,False
1789130443107,0.08468,5904.0,True
1789130443295,0.08468,1145.0,True
1789130443338,0.08468,46658.0,True
1789130443413,0.08468,147815.0,False
1789130443675,0.08467,13981.0,True
1789130443742,0.08467,1331.0,False
1789130443785,0.08466,78533.0,True
1789130443880,0.08466,6239.0,False
1789130444189,0.08465,16004.0,True
1789130444610,0.08465,88.0,True
1789130444719,0.08465,44310.0,True
1789130444882,0.08465,4195.0,False
1789130444981,0.08466,62449.0,False
1789130445049,0.08467,23588.0,False
1789130445077,0.08466,237.0,True
1789130445320,0.08466,1723.0,True
1789130445517,0.08466,17957.0,True
1789130445845,0.08466,61.0,True
1789130445956,0.08466,1540.0,True
1789130446213,0.08466,190.0,True
1789130446326,0.08466,1618.0,True
1789130446499,0.08466,46852.0,True
1789130446713,0.08466,10156.0,False
1789130446960,0.08466,24947.0,False
1789130446990,0.08465,191996.0,True
1789130447244,0.08465,3508.0,True
1789130447375,0.08465,1891.0,True
1789130447659,0.08465,80198.0,True
1789130447716,0.08465,148068.0,False
1789130447839,0.08464,195936.0,True
1789130447849,0.08463,36265.0,True
1789130447857,0.08463,98067.0,False
1789130447879,0.08464,1380.0,False
1789130448118,0.08464,94638.0,False
1789130448137,0.08465,454.0,False
1789130448302,0.08464,20000.0,True
1789130448415,0.08464,1628.0,True
1789130448765,0.08464,26833.0,True
1789130448921,0.08465,61738.0,False
1789130449459,0.08466,467284.0,False
1789130449460,0.08478,247500.0,False
1789130449461,0.08479,65.0,False
1789130449462,0.08478,894168.0,True
1789130449463,0.08475,192.0,True
1789130449465,0.08473,6120.0,True
1789130449469,0.08472,1755.0,True
1789130449472,0.08471,193.0,True
1789130449473,0.08472,179.0,False
1789130449477,0.08471,51014.0,True
1789130449487,0.08469,4153.0,True
1789130449544,0.0847,19917.0,False
1789130449546,0.08471,316.0,False
1789130449567,0.08471,449.0,True
1789130449568,0.0847,254.0,True
1789130449585,0.08469,59066.0,True
1789130449598,0.0847,183111.0,False
1789130449602,0.08471,64537.0,False
1789130449608,0.0847,64990.0,True
1789130449614,0.08469,85581.0,True
1789130449670,0.08468,2768.0,True
1789130449784,0.08469,13825.0,False
1789130450027,0.08468,10227.0,True
1789130450295,0.08469,1034.0,False
1789130450500,0.08468,1017.0,True
1789130450717,0.08469,14540.0,False
1789130450735,0.0847,1179.0,False
1789130450770,0.08469,1439.0,True
1789130451267,0.0847,1070.0,False
1789130451340,0.08469,35.0,True
1789130451688,0.08469,1341.0,True
1789130452091,0.08469,4374.0,True
1789130452287,0.0847,191.0,False
1789130452301,0.08469,174.0,True
1789130452734,0.08469,2367.0,True
1789130453334,0.08469,202980.0,True
1789130453554,0.08468,107503.0,True
1789130453655,0.08467,52382.0,True
1789130453679,0.08467,2500.0,False
1789130454542,0.08466,2000.0,True
1789130454652,0.08466,49765.0,True
1789130454880,0.08466,118.0,False
1789130454965,0.08465,32744.0,True
1789130455504,0.08465,118.0,True
1789130455517,0.08466,7931.0,False
1789130455590,0.08465,59562.0,True
1789130455593,0.08464,1020.0,True
1789130456520,0.08464,1135.0,True
1789130456969,0.08464,78.0,True
1789130457106,0.08464,212727.0,True
1789130457147,0.08463,33274.0,True
1789130457148,0.08462,19394.0,True
1789130457153,0.08463,453.0,False
1789130457373,0.08463,10974.0,True
1789130457574,0.08463,2359.0,True
1789130457773,0.08463,15713.0,True
1789130457786,0.08462,10000.0,True
1789130457835,0.08463,79732.0,False
1789130457842,0.08462,27409.0,True
1789130458005,0.08462,87770.0,True
1789130458007,0.08461,10317.0,True
1789130458125,0.08461,2500.0,False
1789130458511,0.08462,2864.0,False
1789130458670,0.08461,1530.0,True
1789130458877,0.08461,68789.0,True
1789130458952,0.0846,208303.0,True
1789130458960,0.08459,28234.0,True
1789130459243,0.08459,12679.0,True
1789130459321,0.08458,9524.0,True
1789130459480,0.08458,156586.0,True
1789130459527,0.08457,42623.0,True
1789130459563,0.08456,20443.0,True
1789130459679,0.08456,9598.0,True
1789130459729,0.08455,6121.0,True
1789130459867,0.08455,5887.0,True
1789130460160,0.08456,37470.0,False
1789130460240,0.08455,32564.0,True
1789130460374,0.08455,6364.0,True
1789130460379,0.08456,62280.0,False
1789130460381,0.08457,25738.0,False
1789130460560,0.08457,108450.0,False
1789130460677,0.08457,884.0,False
1789130460685,0.08456,1781.0,True
1789130460801,0.08456,136593.0,True
1789130460810,0.08455,23725.0,True
1789130460811,0.08454,24546.0,True
1789130460813,0.08455,673.0,False
1789130460899,0.08455,79478.0,True
1789130461033,0.08454,122.0,True
1789130461039,0.08455,11828.0,False
1789130461166,0.08454,351141.0,True
1789130461621,0.08453,31515.0,True
1789130461657,0.08452,124084.0,True
1789130461792,0.08452,42460.0,False
1789130461878,0.08451,2044.0,True
1789130461921,0.08452,1088.0,False
1789130461932,0.08453,10660.0,False
1789130461987,0.08454,82497.0,False
1789130462025,0.08454,1999.0,True
1789130462045,0.08455,104.0,False
1789130462051,0.08454,4412.0,True
1789130462133,0.08455,68395.0,False
1789130462500,0.08455,5911.0,True
1789130462534,0.08454,440.0,True
1789130462646,0.08454,120094.0,True
1789130462702,0.08453,5609.0,True
1789130463104,0.08453,59269.0,True
1789130463246,0.08454,11235.0,False
1789130463365,0.08454,13993.0,True
1789130463431,0.08453,11793.0,True
1789130463447,0.08452,94592.0,True
1789130463519,0.08451,96815.0,True
1789130463548,0.0845,19114.0,True
1789130463596,0.08451,23638.0,False
1789130463739,0.0845,2449.0,True
1789130463782,0.08451,1181.0,False
1789130463839,0.0845,11900.0,True
1789130463969,0.0845,12751.0,True
1789130464187,0.08449,86664.0,True
1789130464253,0.08449,1770.0,False
1789130464272,0.08448,229444.0,True
1789130464275,0.08447,3661.0,False
1789130464276,0.08447,10974.0,False
1789130464279,0.08448,10449.0,False
1789130464331,0.08448,88699.0,True
1789130464721,0.08448,41741.0,True
1789130464736,0.08449,125454.0,False
1789130464786,0.0845,181.0,False
1789130464804,0.08449,295699.0,True
1789130464812,0.08448,188079.0,True
1789130464815,0.08449,193.0,True
1789130464858,0.08449,36043.0,False
1789130464897,0.0845,163428.0,False
1789130464898,0.0845,273.0,False
1789130464912,0.0845,101.0,True
1789130465005,0.08451,4624.0,False
1789130465090,0.0845,1956.0,True
1789130465227,0.08451,13526.0,False
1789130465291,0.08452,133104.0,False
1789130465318,0.08453,20755.0,False
1789130465399,0.08453,9561.0,True
1789130465573,0.08454,7225.0,False
1789130465839,0.08454,647.0,False
1789130465900,0.08455,1050.0,False
1789130465902,0.08454,885.0,True
1789130466164,0.08454,1155.0,True
1789130466193,0.08455,47233.0,False
1789130466197,0.08456,14125.0,False
1789130466206,0.08456,90.0,True
1789130466284,0.08457,39305.0,False
1789130466394,0.08457,68928.0,True
1789130466395,0.08456,22443.0,True
1789130466400,0.08455,641.0,True
1789130466404,0.08453,12336.0,True
1789130466411,0.08452,108927.0,True
1789130466458,0.08453,14668.0,False
1789130466465,0.08453,40079.0,True
1789130466566,0.08452,7769.0,True
1789130466700,0.08452,5000.0,False
1789130466757,0.08451,16281.0,True
1789130466808,0.08451,22551.0,False
1789130466854,0.08452,2943.0,False
1789130466888,0.08452,2456.0,True
1789130467056,0.08452,1312.0,True
1789130467253,0.08451,2205.0,True
1789130467320,0.0845,16457.0,True
1789130467348,0.08449,17901.0,True
1789130467372,0.08449,254.0,False
1789130467462,0.0845,60.0,False
1789130467589,0.08449,3716.0,True
1789130467698,0.08448,1684.0,True
1789130467796,0.08449,218761.0,False
1789130467960,0.08449,21264.0,True
1789130468030,0.08448,2424.0,True
1789130468374,0.08447,30001.0,True
1789130468378,0.08447,149709.0,False
1789130468384,0.08448,3847.0,False
1789130468413,0.08449,1177.0,False
1789130468839,0.08449,6061.0,False
1789130468936,0.08449,2483.0,True
1789130468975,0.0845,129.0,False
1789130469940,0.08449,1423.0,True
1789130470086,0.0845,260545.0,False
1789130470174,0.08451,41966.0,False
1789130470185,0.08452,11953.0,False
1789130470280,0.08453,1000.0,False
1789130470305,0.08452,4135.0,True
1789130470392,0.08451,32877.0,True
1789130470528,0.08451,61.0,False
1789130470598,0.0845,9537.0,True
1789130470611,0.0845,294.0,False
1789130470637,0.08449,131005.0,True
1789130470782,0.08449,253.0,False
1789130470857,0.08449,188.0,True
1789130471024,0.08449,901.0,True
1789130471340,0.0845,7500.0,False
1789130471915,0.0845,8351.0,False
1789130471940,0.0845,741.0,True
1789130472015,0.08451,1181.0,False
1789130472070,0.0845,1687.0,True
1789130472084,0.08449,1447.0,True
1789130472198,0.08449,1183.0,True
1789130472460,0.08449,62647.0,True
1789130472595,0.08449,75071.0,False
1789130472605,0.08449,53742.0,True
1789130472692,0.08448,65003.0,True
1789130472960,0.08449,274.0,False
1789130473073,0.08449,37395.0,False
1789130473077,0.0845,2380.0,False
1789130473106,0.08451,11830.0,False
1789130473111,0.0845,914.0,True
1789130473576,0.0845,34926.0,True
1789130473604,0.08451,46229.0,False
1789130473742,0.08451,389.0,True
1789130473886,0.08451,27015.0,False
1789130473947,0.08452,7682.0,False
1789130474132,0.08451,3958.0,True
1789130474162,0.0845,981.0,True
1789130474206,0.08451,3759.0,False
1789130474210,0.0845,71014.0,True
1789130474349,0.08451,2923.0,False
1789130474730,0.08451,30845.0,True
1789130474769,0.08451,34881.0,False
1789130475126,0.08451,313.0,False
1789130475207,0.08451,843.0,True
1789130475366,0.08452,2115.0,False
1789130475524,0.08452,432.0,False
1789130476241,0.08451,2119.0,True
1789130476313,0.08452,5915.0,False
1789130476503,0.08451,45804.0,True
1789130476566,0.08451,394.0,False
1789130476791,0.0845,1446.0,True
1789130476917,0.0845,1147.0,True
1789130476953,0.08451,8656.0,False
1789130477021,0.08452,475.0,False
1789130477295,0.08451,8010.0,True
1789130477459,0.08451,249.0,True
1789130477993,0.08451,8955.0,True
1789130478041,0.08451,1084.0,False
1789130478220,0.0845,1721.0,True
1789130478458,0.08451,2215.0,False
1789130478463,0.08452,19022.0,False
1789130478517,0.08452,220.0,True
1789130478595,0.08453,47066.0,False
1789130478948,0.08453,30289.0,True
1789130478975,0.08452,13715.0,True
1789130479061,0.08451,200.0,True
1789130479289,0.08452,11020.0,False
1789130479347,0.08452,23255.0,True
1789130479849,0.08452,300.0,True
1789130480216,0.08452,368.0,True
1789130480378,0.08452,1589.0,True
1789130480593,0.08453,71089.0,False
1789130480610,0.08454,5915.0,False
1789130480857,0.08454,42847.0,False
1789130480945,0.08454,23.0,True
1789130480946,0.08455,32875.0,False
1789130481194,0.08455,22683.0,True
1789130481227,0.08454,1332.0,True
1789130481304,0.08453,84515.0,True
1789130481331,0.08452,121411.0,True
1789130481832,0.08452,1508.0,False
1789130481838,0.08453,64216.0,False
1789130481885,0.08454,414.0,False
1789130482086,0.08454,4551.0,False
1789130482333,0.08454,1747.0,True
1789130482557,0.08454,34597.0,True
1789130482730,0.08454,120407.0,True
1789130482732,0.08454,187.0,True
1789130482919,0.08454,3329.0,True
1789130482978,0.08454,267.0,False
1789130483325,0.08455,59157.0,False
1789130483355,0.08454,1548.0,True
1789130483519,0.08455,5914.0,False
1789130483657,0.08454,49439.0,True
1789130484045,0.08454,2415.0,True
1789130484178,0.08454,3124.0,False
1789130484212,0.08454,785.0,True
1789130484478,0.08454,1270.0,True
1789130484709,0.08454,1312.0,True
1789130485161,0.08454,88.0,False
1789130485432,0.08453,1057.0,True
1789130485791,0.08454,20621.0,False
1789130485794,0.08455,38422.0,False
1789130485796,0.08455,180.0,True
1789130486490,0.08455,878.0,True
1789130486627,0.08455,1188.0,True
1789130486698,0.08456,45786.0,False
1789130487243,0.08456,2572.0,True
1789130487457,0.08457,2000.0,False
1789130487478,0.08456,2169.0,True
1789130487979,0.08457,5759.0,False
1789130488032,0.08458,69129.0,False
1789130488116,0.08459,84.0,False
1789130488219,0.08459,75.0,False
1789130488465,0.08459,70.0,False
1789130488548,0.08458,1573.0,True
1789130488643,0.08459,376.0,False
1789130489194,0.08459,8149.0,False
1789130489196,0.08459,102324.0,True
1789130489305,0.0846,56277.0,False
1789130489330,0.08461,12607.0,False
1789130489350,0.08462,45508.0,False
1789130489384,0.08462,65.0,True
1789130489408,0.08463,32515.0,False
1789130489496,0.08464,180.0,False
1789130489527,0.08463,39447.0,True
1789130489685,0.08463,74261.0,True
1789130489790,0.08463,944.0,True
1789130489868,0.08462,8512.0,True
1789130489872,0.08461,31554.0,True
1789130490083,0.08461,8683.0,True
1789130490568,0.08461,23990.0,True
1789130490695,0.08461,15691.0,True
1789130490831,0.08462,1520.0,False
1789130490893,0.08461,7367.0,True
1789130491089,0.08461,139573.0,True
1789130491097,0.0846,7876.0,True
1789130491293,0.0846,95662.0,True
1789130491388,0.0846,52759.0,False
1789130491609,0.0846,42002.0,False
1789130491714,0.08459,1797.0,True
1789130491988,0.0846,56408.0,False
1789130492007,0.08461,12968.0,False
1789130492544,0.08461,286270.0,True
1789130492562,0.0846,213836.0,True
1789130492564,0.08461,187.0,True
1789130492659,0.08462,11818.0,False
1789130492859,0.08461,2099.0,True
1789130492868,0.08462,4088.0,False
1789130493098,0.08461,19947.0,True
1789130493477,0.08462,49339.0,False
1789130493656,0.08463,88.0,False
1789130493743,0.08462,3.0,True
1789130493952,0.08462,29802.0,True
1789130494104,0.08462,11900.0,False
1789130494172,0.08461,107546.0,True
1789130494185,0.0846,648.0,True
1789130494248,0.08459,30575.0,True
1789130494347,0.08458,17431.0,True
1789130494856,0.08458,3674.0,False
1789130495120,0.08459,553.0,True
1789130495514,0.08458,37217.0,True
1789130495762,0.08458,41008.0,False
1789130496242,0.08458,553.0,True
1789130496429,0.08457,261964.0,True
1789130496490,0.08457,447.0,False
1789130497206,0.08458,118.0,False
1789130497212,0.08457,41322.0,True
1789130497704,0.08456,9482.0,True
1789130497722,0.08457,272842.0,False
1789130497808,0.08458,36513.0,False
1789130497832,0.08458,178.0,True
1789130497876,0.08459,420.0,False
1789130498297,0.08458,1388.0,True
1789130498360,0.08459,91592.0,False
1789130498373,0.0846,1007.0,False
1789130498402,0.0846,1773.0,True
1789130498666,0.08461,1048.0,False
1789130498764,0.08462,10827.0,False
1789130498813,0.08462,11892.0,True
1789130499276,0.08463,11255.0,False
1789130499419,0.08464,128.0,False
1789130499529,0.08463,1486.0,True
1789130499547,0.08464,66517.0,False
1789130499807,0.08465,24682.0,False
1789130500039,0.08466,11812.0,False
1789130500158,0.08465,3699.0,True
1789130500402,0.08466,258140.0,False
1789130500545,0.08465,2204.0,True
1789130501605,0.08466,71.0,False
1789130501620,0.08465,1349.0,True
1789130501757,0.08465,71.0,True
1789130502427,0.08466,389306.0,False
1789130502433,0.08467,785.0,False
1789130502443,0.08468,16763.0,False
1789130502562,0.08467,1468.0,True
1789130502708,0.08467,1742.0,True
1789130503058,0.08468,39048.0,False
1789130503136,0.08468,191838.0,True
1789130503192,0.08468,120.0,False
1789130503548,0.08468,80.0,False
1789130503668,0.08467,3783.0,True
1789130503976,0.08467,1712.0,True
1789130504019,0.08468,42677.0,False
1789130504367,0.08468,4595.0,True
1789130504760,0.08468,1612.0,True
1789130505188,0.08468,93168.0,True
1789130505386,0.08468,2510.0,False
1789130505744,0.08467,2125.0,True
1789130505794,0.08468,36818.0,False
1789130505928,0.08469,363.0,False
1789130506230,0.08469,75791.0,False
1789130506457,0.08469,10410.0,True
1789130506565,0.08469,31315.0,True
1789130506798,0.08469,2221.0,True
1789130506853,0.0847,242837.0,False
1789130507723,0.08471,1500.0,False
1789130507752,0.0847,2371.0,True
1789130507895,0.0847,75776.0,True
1789130508708,0.08469,1160.0,True
1789130508828,0.08469,1986.0,True
1789130509075,0.08469,86.0,True
1789130509132,0.0847,78.0,False
1789130509242,0.0847,42097.0,False
1789130509732,0.0847,1475.0,True
1789130509835,0.0847,10632.0,True
1789130509909,0.08469,127236.0,True
1789130509919,0.08468,2092.0,True
1789130510064,0.08468,750.0,True
1789130510086,0.08469,3541.0,False
1789130510665,0.08469,62150.0,False
1789130510850,0.08469,7641.0,True
1789130511059,0.08469,166.0,False
1789130511311,0.08468,23350.0,True
1789130511770,0.08468,1168.0,True
1789130511866,0.08469,24738.0,False
1789130511978,0.08469,112750.0,True
1789130512528,0.08469,13000.0,True
1789130512731,0.08468,852.0,True
1789130512997,0.08469,2159.0,False
1789130513219,0.08469,5525.0,False
1789130513652,0.08468,178980.0,True
1789130513705,0.08467,4524.0,True
1789130514111,0.08468,12808.0,False
1789130514660,0.08468,2131.0,False
1789130514696,0.08467,2000.0,True
1789130514868,0.08468,18836.0,False
1789130514892,0.08468,60.0,True
1789130514979,0.08469,199478.0,False
1789130515252,0.0847,20000.0,False
1789130515650,0.0847,12276.0,False
1789130515735,0.08469,844679.0,True
1789130515776,0.08468,4251.0,True
1789130515791,0.08467,1113.0,True
1789130516031,0.08468,118.0,False
1789130516651,0.08467,118.0,True
1789130516729,0.08468,67894.0,False
1789130516731,0.08469,875.0,False
1789130516735,0.08471,5000.0,False
1789130516748,0.0847,1446.0,True
1789130517029,0.08469,39617.0,True
1789130517063,0.08469,60.0,False
1789130517414,0.08468,28004.0,True
1789130517421,0.08469,674.0,False
1789130517486,0.08468,86818.0,True
1789130517668,0.08468,965.0,True
1789130518047,0.08469,31277.0,False
1789130518115,0.0847,275.0,False
1789130518188,0.08469,220.0,True
1789130518511,0.08469,196.0,True
1789130518519,0.0847,371.0,False
1789130518635,0.0847,97.0,False
1789130518703,0.08469,7959.0,True
1789130518712,0.08468,1735.0,True
1789130519195,0.08468,313.0,True
1789130519281,0.08467,171.0,True
1789130519660,0.08467,42416.0,True
1789130520035,0.08467,41325.0,True
1789130520085,0.08467,23618.0,False
1789130520173,0.08466,137938.0,True
1789130520205,0.08465,5851.0,True
1789130520340,0.08464,60070.0,True
1789130520460,0.08465,3114.0,False
1789130520579,0.08465,10463.0,False
1789130520676,0.08464,2156.0,True
1789130520686,0.08465,89827.0,False
1789130520712,0.08465,42668.0,True
1789130520970,0.08465,795.0,True
1789130521726,0.08465,45688.0,True
1789130522412,0.08464,205245.0,True
1789130522642,0.08465,146412.0,False
1789130522643,0.08466,57795.0,False
1789130522768,0.08466,50000.0,False
1789130522813,0.08465,3573.0,True
1789130522840,0.08466,14917.0,False
1789130522901,0.08466,2222.0,True
1789130523109,0.08466,5668.0,True
1789130523110,0.08465,3368.0,True
1789130523111,0.08465,12846.0,True
1789130523145,0.08464,958.0,False
1789130523262,0.08465,2362.0,False
1789130523405,0.08464,29064.0,True
1789130523777,0.08463,23950.0,True
1789130523779,0.08461,39859.0,True
1789130524078,0.0846,2216.0,True
1789130524304,0.0846,2454.0,True
1789130524372,0.08459,13676.0,True
1789130524489,0.08458,129.0,True
1789130524770,0.08458,48092.0,True
1789130524926,0.08457,405920.0,True
1789130524932,0.08456,205.0,True
1789130525077,0.08456,36891.0,True
1789130525139,0.08455,1941.0,True
1789130525416,0.08456,114.0,False
1789130525864,0.08456,4708.0,False
1789130526078,0.08456,8688.0,False
1789130526132,0.08456,7895.0,True
1789130526379,0.08457,2115.0,False
1789130526678,0.08456,343.0,True
1789130526710,0.08457,2115.0,False
1789130527124,0.08456,1608.0,True
1789130527345,0.08457,53018.0,False
1789130527463,0.08457,11767.0,False
1789130527662,0.08456,2833.0,True
1789130528100,0.08456,2136.0,True
1789130528226,0.08456,75596.0,True
1789130528298,0.08455,59295.0,True
1789130528303,0.08454,119.0,True
1789130528422,0.08455,354.0,False
1789130528576,0.08454,35214.0,True
1789130529087,0.08453,41014.0,True
1789130529143,0.08452,1309.0,True
1789130529156,0.08453,164.0,False
1789130529224,0.08452,121.0,True
1789130529537,0.08452,392660.0,True
1789130530037,0.08452,99546.0,False
1789130530154,0.08452,88.0,False
1789130530168,0.08451,983.0,True
1789130530287,0.08452,7454.0,False
1789130530472,0.08451,235.0,True
1789130530610,0.08452,29572.0,False
1789130530739,0.08453,121.0,False
1789130531025,0.08452,1734.0,True
1789130531145,0.08453,6018.0,False
1789130531280,0.08454,39405.0,False
1789130531282,0.08455,10979.0,False
1789130531409,0.08455,57550.0,True
1789130531410,0.08454,11312.0,True
1789130531450,0.08454,1047.0,False
1789130531585,0.08454,26039.0,True
1789130531778,0.08454,15182.0,True
1789130532141,0.08453,1892.0,True
1789130532916,0.08454,26414.0,False
1789130533102,0.08455,1794.0,True
1789130533111,0.08456,148.0,False
1789130533114,0.08455,96.0,True
1789130533310,0.08455,36905.0,True
1789130533559,0.08454,294275.0,True
1789130533714,0.08454,30340.0,True
1789130533787,0.08453,590.0,True
1789130533873,0.08454,68292.0,False
1789130534154,0.08453,1384.0,True
1789130534506,0.08454,83.0,False
1789130534784,0.08454,60151.0,False
1789130534879,0.08455,1774.0,False
1789130535132,0.08454,1021.0,True
1789130535305,0.08455,893.0,False
1789130535654,0.08456,977.0,False
1789130535927,0.08456,6426.0,False
1789130535936,0.08457,39452.0,False
1789130536319,0.08457,1425.0,True
1789130536423,0.08457,330.0,True
1789130536472,0.08458,57191.0,False
1789130536575,0.08459,337.0,False
1789130536875,0.08459,6432.0,False
1789130536976,0.0846,495.0,False
1789130537078,0.08459,1182.0,True
1789130537227,0.0846,91376.0,False
1789130537399,0.0846,1127.0,True
1789130537811,0.0846,1843.0,True
1789130538143,0.08459,69791.0,True
1789130538408,0.08458,1133.0,True
1789130538665,0.08458,442.0,True
1789130538911,0.08459,5790.0,False
1789130539471,0.08458,1365.0,True
1789130540014,0.08459,12057.0,False
1789130540026,0.08458,91328.0,True
1789130540035,0.08457,22467.0,True
1789130540042,0.08456,35930.0,True
1789130540054,0.08455,30816.0,True
1789130540337,0.08454,128299.0,True
1789130540469,0.08454,3759.0,False
1789130540486,0.08453,1574.0,True
1789130540629,0.08454,9493.0,False
1789130540784,0.08453,52541.0,True
1789130540848,0.08453,84909.0,False
1789130541497,0.08452,1597.0,True
1789130541766,0.08453,125188.0,False
1789130541777,0.08454,42085.0,False
1789130541779,0.08455,810.0,False
1789130541990,0.08455,18456.0,True
1789130542313,0.08455,589.0,False
1789130542415,0.08454,27346.0,True
1789130542429,0.08455,553.0,True
1789130542496,0.08454,2361.0,False
1789130542822,0.08453,97827.0,True
1789130543396,0.08452,1127.0,True
1789130543942,0.08453,182.0,False
1789130544360,0.08453,38124.0,False
1789130544381,0.08453,1896.0,True
1789130544670,0.08453,119874.0,True
1789130545172,0.08453,31213.0,False
1789130545340,0.08454,20559.0,False
1789130545346,0.08454,60.0,True
1789130545450,0.08454,1434.0,True
1789130545569,0.08455,62006.0,False
1789130545656,0.08455,24390.0,True
1789130546447,0.08454,1238.0,True
1789130546754,0.08454,20586.0,True
1789130547170,0.08453,94598.0,True
1789130547185,0.08453,165582.0,False
1789130547446,0.08452,23042.0,True
1789130547783,0.08451,22710.0,True
1789130547988,0.08451,11827.0,False
1789130548234,0.0845,354.0,True
1789130548434,0.08451,522.0,False
1789130548511,0.0845,1378.0,True
1789130548636,0.0845,176304.0,True
1789130548691,0.08449,5918.0,True
1789130548792,0.08449,46086.0,True
1789130549347,0.08449,41357.0,True
1789130549405,0.08448,37651.0,True
1789130549570,0.08447,1937.0,True
1789130549770,0.08448,10140.0,False
1789130549792,0.08448,4757.0,True
1789130549929,0.08448,59178.0,True
1789130550089,0.08448,3462.0,True
1789130550108,0.08449,88.0,False
1789130550269,0.08449,58978.0,False
1789130550428,0.08449,207.0,True
1789130550641,0.08449,1591.0,True
1789130550889,0.0845,52129.0,False
1789130551406,0.08451,2691.0,False
1789130551646,0.0845,1653.0,True
1789130552686,0.0845,835.0,True
1789130552850,0.0845,67156.0,True
1789130552851,0.08449,63600.0,True
1789130552852,0.08448,134311.0,True
1789130552853,0.08447,5000.0,True
1789130553179,0.08448,11837.0,False
1789130553646,0.08447,16730.0,True
1789130554234,0.08446,42057.0,True
1789130554356,0.08446,13687.0,True
1789130554422,0.08446,25400.0,False
1789130554624,0.08445,53523.0,True
1789130554647,0.08445,11900.0,False
1789130554758,0.08444,1433.0,True
1789130555015,0.08444,10558.0,True
1789130555254,0.08444,5386.0,True
1789130555395,0.08444,93512.0,True
1789130555520,0.08444,62532.0,False
1789130555709,0.08443,95.0,True
1789130555728,0.08444,944.0,False
1789130555766,0.08443,6286.0,True
1789130556170,0.08444,19359.0,False
1789130556422,0.08444,88.0,False
1789130556704,0.08443,1040.0,True
1789130556839,0.08444,37514.0,False
1789130556860,0.08445,33256.0,False
1789130557213,0.08445,81.0,True
1789130557564,0.08445,48007.0,True
1789130557743,0.08444,5813.0,True
1789130557880,0.08444,40168.0,True
1789130557993,0.08445,868.0,False
1789130558886,0.08444,984.0,True
1789130559236,0.08445,50193.0,False
1789130559331,0.08446,129.0,False
1789130559706,0.08446,13806.0,False
1789130559722,0.08447,4065.0,False
1789130559953,0.08447,1057.0,True
1789130559969,0.08448,12283.0,False
1789130560112,0.08449,92563.0,False
1789130560273,0.08449,14115.0,True
1789130560987,0.08448,3427.0,True
1789130561183,0.08449,48714.0,False
1789130561243,0.0845,3512539.0,False
1789130561288,0.08449,2115.0,True
1789130561289,0.0845,3611573.0,False
1789130561344,0.08449,341.0,True
1789130561373,0.0845,145869.0,False
1789130561676,0.0845,139940.0,False
1789130561822,0.08449,4782.0,True
1789130562038,0.0845,11835.0,False
1789130562110,0.08449,1910.0,True
1789130562280,0.0845,38978.0,False
1789130562328,0.08449,5274.0,True
1789130562621,0.08449,132.0,True
1789130563147,0.08449,851.0,True
1789130563156,0.0845,88828.0,False
1789130563158,0.08449,35.0,True
1789130563440,0.0845,2466.0,False
1789130563718,0.08449,198.0,True
1789130564076,0.08449,1524.0,True
1789130564106,0.0845,1745.0,False
1789130564375,0.0845,100.0,False
1789130564907,0.0845,817.0,False
1789130565114,0.08449,1834.0,True
1789130565193,0.0845,2368445.0,False
1789130565223,0.08451,5390.0,False
1789130565235,0.08452,747.0,False
1789130565237,0.08451,1884.0,False
1789130565286,0.08452,73681.0,False
1789130565427,0.08452,4201.0,True
1789130565587,0.08451,155014.0,True
1789130565655,0.0845,150704.0,True
1789130565658,0.08449,64978.0,True
1789130565748,0.0845,2100.0,False
1789130565911,0.08449,1098.0,True
1789130566075,0.08449,992.0,True
1789130566251,0.08449,84927.0,True
1789130566348,0.08449,2116.0,False
1789130566357,0.08448,30865.0,True
1789130566402,0.08449,643.0,False
1789130566564,0.08449,5409.0,False
1789130566663,0.08448,40826.0,True
1789130566680,0.08447,19380.0,True
1789130566804,0.08446,24056.0,True
1789130566940,0.08447,62.0,False
1789130567030,0.08446,1799.0,True
1789130567166,0.08447,30175.0,False
1789130567168,0.08448,3640.0,False
1789130567221,0.08448,60.0,True
1789130567459,0.08449,7366.0,False
1789130567498,0.0845,137.0,False
1789130567504,0.08449,8322.0,True
1789130567904,0.08449,51296.0,True
1789130568138,0.08448,753.0,True
1789130568220,0.08449,724.0,False
1789130568907,0.0845,47275.0,False
1789130568943,0.0845,60.0,True
1789130569294,0.0845,1050.0,True
1789130569297,0.08451,9468.0,False
1789130569319,0.0845,78.0,True
1789130569713,0.0845,12473.0,True
1789130569818,0.08451,1894.0,False
1789130569962,0.0845,60215.0,True
1789130570320,0.08449,1590.0,True
1789130570785,0.08449,115.0,True
1789130571290,0.0845,301901.0,False
1789130571496,0.08451,15641.0,False
1789130571702,0.08451,58758.0,True
1789130571707,0.08452,129.0,False
1789130571895,0.08452,10843.0,False
1789130571968,0.08453,11725.0,False
1789130572167,0.08454,2115.0,False
1789130572272,0.08454,61107.0,False
1789130572276,0.08454,232710.0,True
1789130572414,0.08455,10389.0,False
1789130572442,0.08455,3213.0,True
1789130573445,0.08456,51120.0,False
1789130573448,0.08457,19065.0,False
1789130573545,0.08458,13298.0,True
1789130573584,0.08457,33038.0,True
1789130574341,0.08456,114067.0,True
1789130574536,0.08456,5000.0,False
1789130574896,0.08456,43442.0,False
1789130574930,0.08457,8866.0,False
1789130575095,0.08457,184273.0,False
1789130575097,0.08458,47363.0,False
1789130575161,0.08459,58664.0,False
1789130575240,0.08459,60.0,False
1789130575347,0.08459,32798.0,False
1789130575720,0.08459,88.0,True
1789130576335,0.0846,104.0,False
1789130576406,0.08459,11909.0,True
1789130577081,0.08459,98848.0,True
1789130577105,0.08459,77125.0,False
1789130577136,0.08459,28004.0,True
1789130577259,0.08459,5306.0,True
1789130577450,0.08458,20310.0,True
1789130577451,0.08457,76771.0,True
1789130577455,0.08456,2231.0,True
1789130578015,0.08457,125.0,False
1789130578629,0.08457,32633.0,False
1789130579412,0.08457,61121.0,True
1789130579752,0.08456,70641.0,True
1789130579974,0.08455,4491.0,True
1789130580148,0.08455,75306.0,True
1789130580215,0.08454,34026.0,True
1789130580319,0.08453,23214.0,True
1789130580511,0.08453,19076.0,False
1789130580581,0.08454,26937.0,False
1789130581230,0.08453,59940.0,True
1789130581359,0.08453,113408.0,True
1789130581569,0.08452,2532.0,True
1789130581803,0.08453,8117.0,False
1789130581905,0.08454,5050.0,False
1789130581954,0.08455,414.0,False
1789130582043,0.08454,118.0,True
1789130582463,0.08455,50256.0,False
1789130582653,0.08455,886.0,False
1789130583088,0.08454,355.0,True
1789130583188,0.08455,11071.0,False
1789130583579,0.08455,707.0,False
1789130583690,0.08456,40912.0,False
1789130583719,0.08457,35369.0,False
1789130584215,0.08458,28149.0,False
1789130584320,0.08459,70.0,False
1789130584476,0.08459,1682.0,False
1789130584902,0.08459,12127.0,True
1789130585180,0.08459,737.0,True
1789130585214,0.0846,179.0,False
1789130586502,0.0846,46735.0,False
1789130586586,0.08461,95535.0,False
1789130587178,0.08462,65486.0,False
1789130587753,0.08462,710.0,True
1789130588432,0.08463,1712.0,False
1789130588460,0.08462,63525.0,True
1789130588463,0.08461,91529.0,True
1789130588489,0.0846,25329.0,True
1789130588655,0.08459,52700.0,True
1789130589199,0.08458,62063.0,True
1789130589389,0.08458,128.0,False
1789130589635,0.08457,1434.0,True
1789130590310,0.08457,50530.0,True
1789130590425,0.08456,16598.0,True
1789130590427,0.08455,1118.0,True
1789130590454,0.08456,295.0,False
1789130590561,0.08455,75166.0,True
1789130590689,0.08454,46352.0,True
1789130590701,0.08453,58589.0,True
1789130590851,0.08452,58654.0,True
1789130590869,0.08451,91993.0,True
1789130590911,0.0845,31970.0,True
1789130590986,0.0845,28352.0,False
1789130591041,0.0845,194.0,True
1789130591231,0.0845,1190.0,True
1789130591662,0.0845,95.0,True
1789130592216,0.0845,117384.0,True
1789130592379,0.08449,97293.0,True
1789130592388,0.08448,371.0,True
1789130592396,0.08449,8940.0,False
1789130592581,0.08448,562.0,True
1789130592584,0.08449,4470.0,False
1789130592706,0.08449,27994.0,False
1789130592807,0.08449,13205.0,False
1789130592919,0.0845,27250.0,False
1789130593162,0.0845,72097.0,False
1789130593525,0.0845,1181.0,False
1789130593570,0.08449,64627.0,True
1789130593602,0.08448,70679.0,True
1789130593981,0.08448,26759.0,False
1789130594395,0.08447,52737.0,True
1789130594409,0.08446,24532.0,True
1789130594454,0.08445,7495.0,True
1789130594756,0.08445,50475.0,True
1789130595010,0.08445,40503.0,False
1789130595051,0.08446,80000.0,False
1789130595420,0.08446,60.0,False
1789130595830,0.08445,48594.0,True
1789130595885,0.08445,509.0,False
1789130595958,0.08446,26710.0,False
1789130595995,0.08445,68.0,True
1789130596443,0.08445,275.0,True
1789130596626,0.08446,130682.0,False
1789130596841,0.08445,41980.0,True
1789130597050,0.08445,23919.0,False
1789130597227,0.08445,970.0,False
1789130597282,0.08446,3412.0,False
1789130597461,0.08447,302.0,False
1789130597552,0.08446,11402.0,True
1789130597577,0.08447,21341.0,False
1789130597938,0.08448,9773.0,False
1789130598105,0.08448,48710.0,True
1789130598826,0.08448,2183.0,True
1789130598930,0.08449,147.0,False
1789130599044,0.08448,370.0,True
1789130599079,0.08449,100.0,False
1789130599666,0.08448,33163.0,True
1789130599870,0.08448,44176.0,False
1789130599873,0.08449,39011.0,False
1789130599885,0.0845,7175.0,False
1789130600043,0.08451,3041.0,False
1789130600648,0.08451,136.0,True
1789130600819,0.08451,2223.0,True
1789130601210,0.08452,298600.0,False
1789130601211,0.08453,144.0,False
1789130601212,0.08454,428192.0,False
1789130601213,0.08456,2633.0,False
1789130601215,0.08456,77566.0,True
1789130601216,0.08457,2000.0,False
1789130601218,0.08455,47567.0,True
1789130601221,0.08454,1118.0,True
1789130601232,0.08454,58684.0,True
1789130601236,0.08454,72128.0,False
1789130601239,0.08454,24269.0,True
1789130601258,0.08453,5435.0,True
1789130601318,0.08454,48464.0,False
1789130601434,0.08453,72.0,True
1789130602104,0.08453,536.0,True
1789130602309,0.08454,29694.0,False
1789130602377,0.08453,186647.0,True
1789130602469,0.08452,87932.0,True
1789130602474,0.08452,2648.0,False
1789130602747,0.08452,100.0,False
1789130602833,0.08451,247741.0,True
1789130602836,0.0845,7481.0,True
1789130603263,0.0845,29142.0,False
1789130603531,0.08449,50321.0,True
1789130603834,0.08448,102610.0,True
1789130603839,0.08447,71258.0,True
1789130604199,0.08447,28605.0,False
1789130604421,0.08447,112528.0,False
1789130604556,0.08448,22844.0,False
1789130604901,0.08448,3545.0,False
1789130605262,0.08448,14711.0,False
1789130605833,0.08449,72.0,False
1789130606272,0.08449,27786.0,False
1789130607204,0.08449,27273.0,False
1789130607335,0.08449,14267.0,False
1789130607725,0.08449,51209.0,True
1789130607728,0.08448,125734.0,True
1789130607813,0.08447,1662.0,True
1789130607917,0.08448,118.0,False
1789130608168,0.08448,26962.0,False
1789130608373,0.08449,545.0,False
1789130608641,0.08448,11912.0,True
1789130608736,0.08447,21423.0,True
1789130608782,0.08447,118.0,False
1789130609167,0.08447,26272.0,False
1789130609315,0.08446,37262.0,True
1789130609463,0.08446,124599.0,True
1789130609606,0.08446,258002.0,True
1789130609724,0.08446,88673.0,False
1789130609762,0.08445,956.0,True
1789130609880,0.08446,11532.0,False
1789130610151,0.08447,25787.0,False
1789130610398,0.08446,591.0,True
1789130611125,0.08446,12017.0,True
1789130611662,0.08446,22039.0,True
1789130611987,0.08447,11274.0,False
1789130612334,0.08447,76.0,True
1789130612552,0.08448,53491.0,False
1789130612833,0.08447,2210.0,True
1789130612981,0.08448,135.0,False
1789130613452,0.08448,1757.0,False
1789130613635,0.08447,589.0,True
1789130613642,0.08448,9911.0,False
1789130614171,0.08448,1158.0,False
1789130614220,0.08449,26335.0,False
1789130614779,0.0845,22583.0,False
1789130615163,0.08451,11900.0,False
1789130615686,0.08451,9453.0,False
1789130615844,0.08451,5950.0,True
1789130616218,0.08451,20503.0,True
1789130616233,0.0845,7811.0,True
1789130616751,0.08449,138259.0,True
1789130616775,0.08448,26632.0,True
1789130616778,0.08447,1118.0,True
1789130616885,0.08447,70268.0,True
1789130617321,0.08446,92.0,True
1789130617487,0.08447,5624.0,False
1789130617750,0.08448,35059.0,False
1789130618015,0.08449,137.0,False
1789130618769,0.08449,100000.0,False
1789130619198,0.08448,57272.0,True
1789130619338,0.08448,128.0,False
1789130619917,0.08447,78.0,True
1789130620061,0.08448,1183.0,False
1789130620360,0.08448,294.0,False
1789130620809,0.08448,13848.0,False
1789130621158,0.08451,553.0,True
1789130621368,0.08448,48038.0,False
1789130621374,0.08448,60.0,True
1789130621548,0.08448,2160.0,True
1789130621772,0.08449,34885.0,False
1789130621848,0.08449,158.0,True
1789130622024,0.0845,38685.0,False
1789130622440,0.08451,11353.0,False
1789130623059,0.08451,1511.0,True
1789130623252,0.08452,359.0,False
1789130623313,0.08451,99778.0,True
1789130623624,0.08451,11683.0,False
1789130623720,0.08451,5458.0,True
1789130624209,0.0845,260.0,True
1789130624361,0.08451,886.0,False
1789130624397,0.0845,6325.0,True
1789130624416,0.08449,15173.0,True
1789130624588,0.08449,116.0,False
1789130624908,0.08449,7010.0,False
1789130625115,0.0845,2507.0,False
1789130625234,0.08451,28072.0,False
1789130625244,0.08452,12935.0,False
1789130625283,0.08453,71006.0,False
1789130625387,0.08453,2111.0,False
1789130625568,0.08454,44548.0,False
1789130625761,0.08455,10088.0,False
1789130625830,0.08455,50000.0,True
1789130626133,0.08456,12238.0,False
1789130626170,0.08457,505.0,False
1789130627102,0.08457,8775.0,True
1789130627677,0.08457,131235.0,True
1789130628731,0.08456,37741.0,True
1789130629017,0.08456,84.0,True
1789130629257,0.08457,75271.0,False
1789130629781,0.08457,14126.0,True
1789130630830,0.08456,1594.0,True
1789130631080,0.08456,35473.0,True
1789130631276,0.08456,2728.0,True
1789130631582,0.08456,5364.0,True
1789130633168,0.08456,74108.0,True
1789130633180,0.08455,12746.0,True
1789130633335,0.08455,3537.0,False
1789130633754,0.08455,17023.0,False
1789130633883,0.08455,100.0,False
1789130634170,0.08455,5000.0,False
1789130634738,0.08454,18312.0,True
1789130635027,0.08454,29104.0,False
1789130635860,0.08455,15684.0,False
1789130636233,0.08456,891.0,False
1789130636371,0.08455,75101.0,True
1789130636696,0.08455,8916.0,False
1789130636797,0.08455,2207.0,True
1789130637351,0.08455,12092.0,True
1789130637372,0.08455,52133.0,False
1789130637515,0.08456,5000.0,False
1789130637565,0.08455,10752.0,True
1789130637606,0.08456,78506.0,False
1789130637879,0.08457,5000.0,False
1789130638157,0.08456,4180.0,True
1789130638287,0.08456,44430.0,False
1789130640065,0.08455,127.0,True
1789130640268,0.08455,204536.0,True
1789130640452,0.08455,49461.0,True
1789130640480,0.08454,1111705.0,True
1789130640508,0.08454,45233.0,False
1789130640606,0.08455,17899.0,False
1789130640609,0.08454,2002.0,False
1789130640829,0.08453,1165.0,True
1789130641010,0.08454,4666.0,False
1789130641013,0.08455,914.0,False
1789130641041,0.08455,954.0,True
1789130642096,0.08455,72.0,True
1789130642351,0.08455,107.0,True
1789130642578,0.08456,26598.0,False
1789130642919,0.08455,2357.0,True
1789130643534,0.08456,59136.0,False
1789130644104,0.08456,48787.0,False
1789130644621,0.08455,25671.0,True
1789130644995,0.08454,122641.0,True
1789130645269,0.08453,26139.0,True
1789130645432,0.08453,11900.0,True
1789130646138,0.08453,10220.0,True
1789130646272,0.08454,108.0,False
1789130646411,0.08454,78.0,False
1789130646484,0.08453,171087.0,True
1789130646485,0.08452,70809.0,True
1789130647507,0.08452,34936.0,True
1789130648144,0.08451,9859.0,True
1789130648535,0.08451,2500.0,False
1789130649032,0.08451,9990.0,False
1789130649124,0.08452,38487.0,False
1789130649463,0.08453,15030.0,False
1789130649702,0.08454,1109.0,False
1789130650336,0.08454,295.0,False
1789130650529,0.08453,352.0,True
1789130651179,0.08454,11829.0,False
1789130651338,0.08454,6388.0,False
1789130651484,0.08454,134.0,True
1789130651886,0.08455,473.0,False
1789130652238,0.08454,23412.0,True
1789130652653,0.08454,476.0,False
1789130652882,0.08453,14624.0,True
1789130653297,0.08453,90345.0,True
1789130653592,0.08452,17973.0,True
1789130653684,0.08452,8532.0,False
1789130654569,0.08451,29589.0,True
1789130654690,0.08451,11828.0,False
1789130655327,0.08451,24686.0,False
1789130655408,0.08452,4405.0,False
1789130656632,0.08453,357.0,False
1789130656825,0.08452,283.0,True
1789130656918,0.08453,45899.0,False
1789130657119,0.08454,57178.0,False
1789130657291,0.08455,347.0,False
1789130657320,0.08454,20793.0,True
1789130657321,0.08453,47885.0,True
1789130657327,0.08452,25487.0,True
1789130657328,0.08451,29169.0,True
1789130657408,0.08451,49820.0,False
1789130657751,0.08451,476.0,True
1789130659138,0.08451,11919.0,True
1789130659649,0.08451,1774.0,False
1789130659695,0.0845,110698.0,True
1789130659805,0.0845,8723.0,True
1789130659817,0.08449,585.0,True
1789130659909,0.0845,25136.0,False
1789130659932,0.08449,414.0,True
1789130660039,0.08449,2921.0,True
1789130660245,0.08449,1629.0,True
1789130660363,0.0845,100000.0,False
1789130660493,0.08449,5451.0,True
1789130661547,0.0845,26042.0,False
1789130661816,0.0845,3023.0,True
1789130663615,0.08451,4310.0,False
1789130663670,0.0845,19370.0,True
1789130663799,0.08451,1000.0,False
1789130664372,0.0845,87542.0,True
1789130664459,0.0845,383.0,False
1789130665066,0.08449,458259.0,True
1789130665100,0.08449,79199.0,False
1789130665267,0.08448,32101.0,True
1789130665699,0.08449,100.0,False
1789130666833,0.08449,45599.0,False
1789130667402,0.0845,35486.0,False
1789130667820,0.08449,3042.0,True
1789130668717,0.08449,398.0,True
1789130668958,0.08449,1065.0,True
1789130669236,0.08449,37262.0,True
1789130669716,0.08449,604.0,True
1789130669824,0.08449,22418.0,True
1789130669845,0.08447,1877.0,True
1789130669948,0.08448,127.0,False
1789130670253,0.08448,11686.0,False
1789130670256,0.08449,138129.0,False
1789130670398,0.0845,200000.0,False
1789130670460,0.08449,26017.0,True
1789130670480,0.0845,10536.0,False
1789130670507,0.08449,3500.0,True
1789130670962,0.08449,12089.0,True
1789130671195,0.08449,2542.0,True
1789130671807,0.08449,2961.0,True
1789130671831,0.0845,212.0,False
1789130672130,0.08449,141992.0,True
1789130672132,0.08448,95046.0,True
1789130672162,0.08447,6555.0,False
1789130672205,0.08448,62410.0,False
1789130672797,0.08448,86.0,True
1789130673696,0.08448,2207.0,True
1789130673815,0.08448,13977.0,True
1789130673951,0.08448,3810.0,True
1789130674071,0.08449,240.0,False
1789130674122,0.08448,8988.0,True
1789130674242,0.08448,713.0,True
1789130674480,0.08448,712.0,True
1789130675702,0.08449,11900.0,False
1789130676254,0.08449,5918.0,False
1789130676783,0.08449,40145.0,False
1789130676821,0.08449,3653.0,True
1789130676900,0.0845,5903930.0,False
1789130677037,0.0845,11835.0,False
1789130677083,0.08449,3885.0,True
1789130677393,0.0845,3932859.0,False
1789130677396,0.08451,29814.0,False
1789130677523,0.08452,43240.0,False
1789130677551,0.08452,92022.0,True
1789130677637,0.08453,22433.0,False
1789130677958,0.08453,11855.0,False
1789130679037,0.08453,58336.0,False
1789130679494,0.08453,604.0,False
1789130679501,0.08454,67.0,False
1789130679951,0.08454,7932.0,False
1789130680224,0.08453,7651.0,True
1789130680599,0.08453,668.0,False
1789130681622,0.08453,24782.0,False
1789130682239,0.08454,65942.0,False
1789130682655,0.08455,30988.0,False
1789130683072,0.08456,4651.0,False
1789130683074,0.08457,3850.0,False
1789130683175,0.08458,450.0,False
1789130683279,0.08458,1782.0,False
1789130683338,0.08457,91.0,True
1789130683798,0.08458,112921.0,False
1789130683897,0.08459,382569.0,False
1789130684096,0.08458,4254.0,True
1789130684373,0.08458,29811.0,True
1789130684393,0.08459,32247.0,False
1789130684417,0.08459,60.0,True
1789130684829,0.08459,89.0,True
1789130685053,0.0846,27658.0,False
1789130685861,0.08459,483.0,True
1789130686023,0.08459,1305.0,True
1789130686245,0.08459,309637.0,True
1789130687230,0.08459,12537.0,False
1789130688267,0.08459,31607.0,True
1789130688577,0.08458,49516.0,True
1789130689697,0.08458,13005.0,True
1789130689803,0.08459,1494.0,False
1789130689954,0.08459,2000.0,False
1789130690191,0.08459,285.0,False
1789130691372,0.08458,721990.0,True
1789130691441,0.08457,100263.0,True
1789130691492,0.08457,59630.0,False
1789130691790,0.08456,165007.0,True
1789130692442,0.08455,840.0,True
1789130694387,0.08455,55463.0,True
1789130695365,0.08454,292.0,True
1789130695752,0.08454,133729.0,True
1789130695837,0.08453,2905.0,True
1789130696131,0.08454,11388.0,False
1789130697825,0.08453,96905.0,True
1789130698155,0.08452,85.0,True
1789130698266,0.08452,63780.0,True
1789130699179,0.08452,11832.0,False
1789130699656,0.08451,19437.0,True
1789130699757,0.08451,2887.0,True
1789130700154,0.08452,388.0,False
1789130700543,0.08452,154670.0,False
1789130700621,0.08453,97837.0,False
1789130700826,0.08453,3485.0,False
1789130701586,0.08454,70.0,False
1789130701722,0.08453,59792.0,True
1789130701956,0.08453,9915.0,True
1789130702069,0.08453,3223.0,True
1789130702678,0.08453,133140.0,True
1789130702724,0.08452,9820.0,True
1789130702832,0.08451,31726.0,True
1789130703112,0.0845,126795.0,True
1789130703118,0.08449,94704.0,True
1789130703120,0.08448,91677.0,True
1789130703182,0.08448,10614.0,False
1789130703284,0.08447,53599.0,True
1789130703341,0.08447,202048.0,False
1789130703390,0.08448,270421.0,False
1789130703432,0.08448,62.0,True
1789130703437,0.08449,566.0,False
1789130703458,0.08448,505.0,True
1789130703661,0.08448,6250.0,True
1789130703670,0.08447,3734.0,True
1789130703902,0.08447,128.0,False
1789130704179,0.08447,11839.0,False
1789130704316,0.08447,61.0,False
1789130704493,0.08447,99289.0,False
1789130704905,0.08446,155.0,True
1789130705074,0.08447,477.0,False
1789130705180,0.08447,11839.0,False
1789130705213,0.08446,523177.0,True
1789130705225,0.08445,81812.0,True
1789130705393,0.08444,365143.0,True
1789130705403,0.08444,21.0,False
1789130705648,0.08444,2217.0,False
1789130705878,0.08445,1854.0,False
1789130705880,0.08445,146110.0,True
1789130705999,0.08446,35500.0,False
1789130706045,0.08445,876.0,True
1789130706167,0.08445,43984.0,True
1789130706375,0.08446,464.0,False
1789130706626,0.08447,74211.0,False
1789130706678,0.08447,5953.0,True
1789130706909,0.08448,824.0,False
1789130707212,0.08448,1486.0,False
1789130707244,0.08447,69652.0,True
1789130707377,0.08446,70064.0,True
1789130707456,0.08445,8880.0,True
1789130707708,0.08446,5192.0,False
1789130707943,0.08446,73.0,False
1789130708043,0.08445,76071.0,True
1789130708058,0.08444,53309.0,True
1789130708104,0.08444,1093.0,False
1789130708105,0.08445,118742.0,False
1789130708112,0.08446,96524.0,False
1789130708120,0.08448,101376.0,False
1789130708132,0.08449,20979.0,False
1789130708284,0.08449,236821.0,False
1789130708507,0.08449,22812.0,False
1789130708554,0.08448,441.0,True
1789130708783,0.08449,4157.0,False
1789130708991,0.08449,39452.0,False
1789130709031,0.0845,2997.0,False
1789130709150,0.0845,43845.0,False
1789130709171,0.08451,12174.0,False
1789130709696,0.08451,1012.0,False
1789130710110,0.08452,1154.0,False
1789130710373,0.08452,35901.0,False
1789130710374,0.08453,14720.0,False
1789130710383,0.08452,57356.0,True
1789130710426,0.08452,10448.0,False
1789130710530,0.08452,10695.0,False
1789130710635,0.08452,402568.0,False
1789130710756,0.08453,195508.0,False
1789130710904,0.08453,5700.0,False
1789130711253,0.08453,577.0,False
1789130711489,0.08453,17333.0,False
1789130711649,0.08453,16250.0,False
1789130711669,0.08452,50482.0,True
1789130711751,0.08452,2575.0,False
1789130711879,0.08452,2880.0,False
1789130712014,0.08452,621.0,False
1789130712053,0.08451,148.0,True
1789130712150,0.08452,5014.0,False
1789130712194,0.08451,140268.0,True
1789130712210,0.0845,38561.0,True
1789130712216,0.0845,1053.0,False
1789130712431,0.0845,1372.0,False
1789130712515,0.08449,96217.0,True
1789130712590,0.08449,17133.0,False
1789130712765,0.08449,16057.0,False
1789130712913,0.08449,3530.0,False
1789130713034,0.08449,31424.0,False
1789130713048,0.0845,1025.0,False
1789130713049,0.08449,695.0,True
1789130713051,0.0845,1129.0,False
1789130713424,0.08449,117.0,True
1789130713553,0.0845,412.0,False
1789130713874,0.08449,12840.0,True
1789130714257,0.08448,5984.0,True
1789130714374,0.08448,10763.0,True
1789130714375,0.08449,12794.0,False
1789130714388,0.0845,5679.0,False
1789130714397,0.08452,24559.0,False
1789130714399,0.08452,37584.0,True
1789130714414,0.08453,1685.0,False
1789130714428,0.08454,12780.0,False
1789130714510,0.08454,6253.0,True
1789130714652,0.08454,454.0,False
1789130714820,0.08453,165141.0,True
1789130714890,0.08454,21468.0,False
1789130715016,0.08454,154774.0,True
1789130715154,0.08454,31209.0,True
1789130715317,0.08454,32159.0,True
1789130716410,0.08455,23640.0,False
1789130716490,0.08456,279.0,False
1789130716492,0.08455,425.0,True
1789130716518,0.08456,5673.0,False
1789130716621,0.08456,2596.0,False
1789130716643,0.08455,60.0,True
1789130716878,0.08455,8359.0,True
1789130717048,0.08456,26117.0,False
1789130717233,0.08455,3548.0,True
1789130717271,0.08456,4551.0,False
1789130717279,0.08456,28008.0,True
1789130717353,0.08456,3909.0,False
1789130717466,0.08456,1015.0,False
1789130717580,0.08456,3162.0,False
1789130718020,0.08455,45810.0,True
1789130718199,0.08454,46729.0,True
1789130719099,0.08454,1272.0,False
1789130719246,0.08454,4143.0,False
1789130719448,0.08455,2701.0,False
1789130719449,0.08456,1699.0,False
1789130719463,0.08457,13270.0,False
1789130719466,0.08459,22890.0,False
1789130719473,0.0846,4415314.0,False
1789130719586,0.0846,703447.0,False
1789130719626,0.08459,216187.0,True
1789130719670,0.08458,57848.0,True
1789130719677,0.08457,2732.0,True
1789130719837,0.08458,104297.0,False
1789130719885,0.08457,281.0,True
1789130719903,0.08458,25073.0,False
1789130720012,0.08459,1605.0,False
1789130720167,0.08459,12655.0,False
1789130720827,0.08459,165253.0,False
1789130721941,0.0846,212.0,False
1789130722098,0.0846,717220.0,False
1789130722763,0.0846,11820.0,False
1789130723114,0.08459,2825.0,True
1789130723312,0.08459,39.0,True
1789130723378,0.0846,1927.0,False
1789130723531,0.08459,311.0,True
1789130723908,0.0846,9961.0,False
1789130724079,0.08459,383863.0,True
1789130724081,0.08458,93532.0,True
1789130724350,0.08458,3122.0,True
1789130724364,0.08459,12034.0,False
1789130724665,0.08459,49131.0,False
1789130725195,0.0846,1628971.0,False
1789130725238,0.08461,36286.0,False
1789130725389,0.08462,4996.0,False
1789130725880,0.08461,43861.0,True
1789130725908,0.08461,2487.0,False
1789130725937,0.0846,14074.0,True
1789130725973,0.08461,84.0,False
1789130726171,0.0846,107409.0,True
1789130726559,0.08461,2140.0,False
1789130726769,0.08461,11820.0,False
1789130727115,0.0846,127911.0,True
1789130728431,0.08459,1666550.0,True
1789130728433,0.08458,79487.0,True
1789130728480,0.08457,5521.0,True
1789130728587,0.08458,5490.0,False
1789130728893,0.08458,103961.0,False
1789130728906,0.08459,777.0,False
1789130729230,0.08459,37258.0,True
1789130729525,0.08459,54331.0,True
1789130729548,0.08458,550.0,True
1789130729671,0.08458,449.0,False
1789130729902,0.08459,712.0,False
1789130730435,0.08459,9572.0,False
1789130730615,0.0846,85345.0,False
1789130730621,0.08461,1321.0,False
1789130731074,0.08462,13250.0,False
1789130731302,0.08463,178.0,False
1789130731685,0.08463,44315.0,False
1789130732053,0.08463,3425.0,False
1789130732273,0.08464,2357.0,False
1789130732531,0.08463,219272.0,True
1789130732807,0.08463,2500.0,False
1789130733029,0.08463,1181.0,False
1789130733721,0.08463,10000.0,False
1789130733793,0.08462,120018.0,True
1789130733844,0.08461,1089.0,True
1789130734073,0.08462,24813.0,False
1789130734248,0.08462,43192.0,False
1789130734252,0.08463,4331.0,False
1789130734577,0.08463,20575.0,True
1789130734605,0.08463,444.0,False
1789130734646,0.08462,5355.0,True
1789130734671,0.08461,13612.0,True
1789130734816,0.08461,2550.0,False
1789130735141,0.08461,23218.0,False
1789130735256,0.0846,29954.0,True
1789130735320,0.0846,141.0,False
1789130735664,0.08459,85284.0,True
1789130735737,0.08458,4609.0,True
1789130735827,0.08458,14655.0,False
1789130736197,0.08458,11900.0,False
1789130736717,0.08457,52549.0,True
1789130737230,0.08457,194.0,True
1789130737436,0.08458,5505.0,False
1789130737439,0.08459,667.0,False
1789130737500,0.0846,241990.0,False
1789130737671,0.0846,103.0,False
1789130737766,0.08459,25847.0,True
1789130737946,0.08459,23.0,True
1789130737970,0.0846,103802.0,False
1789130738138,0.0846,536.0,False
1789130738340,0.0846,500.0,False
1789130738672,0.08459,43488.0,True
1789130739081,0.08458,37266.0,True
1789130739125,0.08458,78.0,False
1789130739143,0.08457,23615.0,True
1789130739357,0.08457,153696.0,True
1789130739426,0.08457,208.0,False
1789130740154,0.08457,1210.0,False
1789130740171,0.08456,62076.0,True
1789130740189,0.08455,1244.0,True
1789130740434,0.08456,21627.0,False
1789130740663,0.08456,341.0,True
1789130741016,0.08456,588.0,True
1789130741499,0.08457,4315.0,False
1789130741501,0.08457,60.0,True
1789130741571,0.08458,39721.0,False
1789130741577,0.08459,640.0,False
1789130741586,0.08459,60.0,True
1789130741756,0.08459,59925.0,True
1789130742050,0.08459,22625.0,True
1789130742105,0.08458,1183.0,True
1789130742532,0.08459,1774.0,False
1789130742625,0.08458,4.0,True
1789130742782,0.08459,3901.0,False
1789130743487,0.08458,20310.0,True
1789130743505,0.08457,320.0,True
1789130744102,0.08457,119.0,False
1789130744534,0.08457,73127.0,False
1789130744536,0.08457,187.0,False
1789130744646,0.08457,2190.0,False
1789130744805,0.08456,2541.0,True
1789130744820,0.08457,61804.0,False
1789130745071,0.08456,2832.0,True
1789130745310,0.08456,3966.0,False
1789130745688,0.08455,76967.0,True
1789130745710,0.08454,38344.0,True
1789130745911,0.08454,37334.0,False
1789130745928,0.08454,60.0,True
1789130746137,0.08455,17967.0,False
1789130746278,0.08455,1578.0,False
1789130746303,0.08454,306204.0,True
1789130746305,0.08453,322435.0,True
1789130746310,0.08452,3547.0,True
1789130746441,0.08453,26875.0,False
1789130747420,0.08452,94073.0,True
1789130747606,0.08452,47918.0,False
1789130747943,0.08451,10000.0,True
1789130748812,0.08451,20266.0,True
1789130748823,0.0845,3513.0,True
1789130748938,0.0845,261106.0,True
1789130749046,0.08449,47756.0,True
1789130749121,0.08448,183137.0,True
1789130749184,0.08447,69756.0,True
1789130749239,0.08447,50014.0,False
1789130749241,0.08447,187.0,False
1789130750237,0.08447,35176.0,False
1789130750240,0.08448,709.0,False
1789130750416,0.08449,1052.0,False
1789130750484,0.0845,88.0,False
1789130751008,0.0845,41894.0,False
1789130751175,0.0845,119091.0,False
1789130751416,0.0845,226463.0,True
1789130751523,0.08451,29310.0,False
1789130751658,0.08452,236.0,False
1789130752286,0.08452,31714.0,False
1789130752481,0.08453,10481.0,False
1789130752565,0.08454,3879.0,False
1789130752852,0.08454,2544.0,True
1789130753173,0.08455,8709.0,False
1789130753316,0.08455,6372.0,False
1789130753486,0.08456,1557.0,False
1789130753588,0.08457,21943.0,False
1789130753888,0.08458,5628.0,False
1789130754145,0.08458,29076.0,True
1789130754265,0.08457,23728.0,True
1789130754606,0.08456,75554.0,True
1789130754687,0.08455,223187.0,True
1789130754883,0.08454,2335.0,True
1789130755181,0.08454,28705.0,True
1789130755820,0.08454,519286.0,False
1789130755821,0.08455,367868.0,False
1789130756542,0.08453,30741.0,True
1789130757024,0.08453,60968.0,False
1789130757349,0.08453,9340.0,True
1789130757723,0.08453,88.0,False
1789130757834,0.08453,193.0,False
1789130757870,0.08453,15381.0,True
1789130757961,0.08454,2000.0,False
1789130758321,0.08453,186033.0,True
1789130758791,0.08453,5912.0,False
1789130758897,0.08453,24395.0,False
1789130759467,0.08453,1509.0,False
1789130759604,0.08453,127.0,True
1789130760252,0.08454,45127.0,False
1789130760408,0.08455,1195.0,False
1789130760509,0.08455,5230.0,False
1789130760611,0.08455,217.0,False
1789130760982,0.08454,2793.0,True
1789130761017,0.08455,28537.0,False
1789130761045,0.08456,4555.0,False
1789130761078,0.08457,14552.0,False
1789130761149,0.08458,44277.0,False
1789130761417,0.08458,4592.0,False
1789130761644,0.08459,25204.0,False
1789130761845,0.08459,6147.0,True
1789130762038,0.08459,7610.0,False
1789130762067,0.08458,45336.0,True
1789130762100,0.08457,23295.0,True
1789130762110,0.08456,17654.0,True
1789130762217,0.08456,276.0,True
1789130762330,0.08455,4687.0,True
1789130762333,0.08455,7308.0,False
1789130762419,0.08454,174210.0,True
1789130762457,0.08453,148104.0,True
1789130762468,0.08452,6768.0,True
1789130762781,0.08452,83.0,False
1789130763038,0.08452,98.0,False
1789130763091,0.08451,9590.0,True
1789130763242,0.0845,42539.0,True
1789130763796,0.0845,51288.0,False
1789130764079,0.08451,21878.0,False
1789130764133,0.08452,29268.0,False
1789130764173,0.08453,28358.0,False
1789130764346,0.08454,5837.0,False
1789130764577,0.08454,16351.0,True
1789130764607,0.08453,7734.0,True
1789130765337,0.08453,440.0,False
1789130765594,0.08453,3312.0,False
1789130766468,0.08452,11900.0,True
1789130766710,0.08453,11387.0,False
1789130766895,0.08454,70970.0,False
1789130767171,0.08455,15058.0,False
1789130767180,0.08456,44798.0,False
1789130768432,0.08457,11218.0,False
1789130768665,0.08456,62033.0,True
1789130768722,0.08455,2734.0,True
1789130768727,0.08454,5996.0,True
1789130768982,0.08454,709.0,False
1789130769167,0.08453,4767.0,True
1789130769410,0.08454,128.0,False
1789130769751,0.08454,10000.0,False
1789130770300,0.08454,2365.0,False
1789130770427,0.08454,157317.0,False
1789130770553,0.08454,8135.0,False
1789130770715,0.08454,2038.0,True
1789130770854,0.08455,293.0,False
1789130770897,0.08454,138.0,True
1789130771123,0.08455,8240.0,False
1789130771621,0.08455,176.0,True
1789130772070,0.08455,224486.0,True
1789130772640,0.08455,100000.0,False
1789130773282,0.08455,46775.0,False
1789130773376,0.08456,22247.0,False
1789130773445,0.08457,26629.0,False
1789130773605,0.08456,10176.0,True
1789130773624,0.08455,15113.0,True
1789130773902,0.08455,536.0,False
1789130774511,0.08455,46745.0,False
1789130774614,0.08456,25735.0,False
1789130775233,0.08457,10150.0,False
1789130775428,0.08457,36127.0,True
1789130776225,0.08458,89424.0,False
1789130776313,0.08457,287.0,True
1789130776452,0.08458,4892.0,False
1789130776468,0.08458,60.0,True
1789130776636,0.08459,196.0,False
1789130776640,0.08458,483.0,True
1789130776689,0.08459,43803.0,False
1789130776792,0.0846,2476306.0,False
1789130776894,0.0846,64001.0,False
1789130776940,0.08459,15905.0,True
1789130776941,0.0846,226.0,False
1789130776959,0.08459,182.0,True
1789130776972,0.0846,129559.0,False
1789130777197,0.08459,1935.0,True
1789130777256,0.0846,148380.0,False
1789130777613,0.08459,51606.0,True
1789130778129,0.08458,24664.0,True
1789130778786,0.08458,950.0,True
1789130779407,0.08459,49280.0,False
1789130779634,0.08459,5833.0,True
1789130780500,0.0846,241898.0,False
1789130781142,0.08459,218.0,True
1789130781396,0.0846,133.0,False
1789130782046,0.08459,3060.0,True
1789130783081,0.08459,377893.0,True
1789130783093,0.08458,59543.0,True
1789130783094,0.08458,196.0,True
1789130783519,0.08458,7862.0,False
1789130783551,0.08459,18683.0,False
1789130783564,0.0846,8863.0,False
1789130783618,0.08459,68.0,True
1789130783921,0.08459,93558.0,True
1789130783987,0.08458,1398.0,True
1789130784289,0.08459,11135.0,False
1789130784385,0.0846,2746.0,False
1789130784750,0.08459,444653.0,True
1789130785153,0.08458,166593.0,True
1789130785334,0.08458,1223.0,False
1789130785832,0.08458,75174.0,True
1789130786076,0.08458,4926.0,False
1789130786852,0.08458,13180.0,False
1789130787125,0.08458,29069.0,True
1789130788117,0.08459,2396.0,False
1789130788269,0.08459,2397.0,False
1789130788747,0.08459,1687.0,False
1789130788979,0.08459,2396.0,False
1789130789229,0.08458,11835.0,True
1789130789374,0.08459,12178.0,False
1789130789787,0.08459,689.0,False
1789130789825,0.08458,3802.0,True
1789130790179,0.08459,2396.0,False
1789130790637,0.08458,166559.0,True
1789130790914,0.08458,484.0,False
1789130791064,0.08458,1764.0,False
1789130791318,0.08459,4557.0,False
1789130791811,0.08458,4014.0,True
1789130792091,0.08459,4206.0,False
1789130792399,0.08459,65150.0,False
1789130793807,0.08459,3701.0,True
1789130793885,0.0846,282993.0,False
1789130794008,0.0846,37773.0,False
1789130794040,0.08459,591.0,True
1789130794078,0.0846,1764052.0,False
1789130794533,0.08459,2319.0,True
1789130794842,0.0846,69128.0,False
1789130795123,0.0846,8861.0,False
1789130795419,0.0846,29968.0,False
1789130795623,0.0846,1372.0,False
1789130795785,0.08459,61.0,True
1789130796132,0.08459,4623.0,True
1789130796388,0.0846,2364.0,False
1789130796471,0.08459,87.0,True
1789130796656,0.08459,1250.0,True
1789130796719,0.0846,11900.0,False
1789130796833,0.08459,134.0,True
1789130796852,0.0846,73914.0,False
1789130797047,0.08459,36621.0,True
1789130797542,0.0846,18566.0,False
1789130797579,0.08459,100.0,True
1789130797621,0.0846,14269.0,False
1789130797732,0.08459,993.0,True
1789130798978,0.0846,129.0,False
1789130798983,0.08459,89.0,True
1789130799735,0.0846,79.0,False
1789130800052,0.0846,86.0,False
1789130800297,0.08459,442117.0,True
1789130800299,0.08458,145629.0,True
1789130800327,0.08457,3544.0,True
1789130800426,0.08458,30067.0,False
1789130800542,0.08458,652.0,True
1789130800544,0.08459,57841.0,False
1789130800822,0.08459,13992.0,True
1789130800930,0.08459,328.0,True
1789130801051,0.08459,312.0,True
1789130801536,0.08459,16609.0,True
1789130801919,0.08459,72702.0,True
1789130802047,0.0846,1737880.0,False
1789130802266,0.0846,669752.0,False
1789130802376,0.0846,2295256.0,False
1789130802381,0.08461,7443.0,False
1789130802384,0.08462,11302.0,False
1789130802400,0.08461,620.0,True
1789130802426,0.08462,20274.0,False
1789130802428,0.08462,9896.0,True
1789130802436,0.08463,5927.0,False
1789130802455,0.08462,287.0,True
1789130802462,0.08463,211.0,False
1789130802474,0.08464,5471.0,False
1789130802523,0.08463,144.0,True
1789130802533,0.08464,33178.0,False
1789130802619,0.08463,96547.0,True
1789130802746,0.08462,417865.0,True
1789130802850,0.08462,589414.0,False
1789130803047,0.08463,1027.0,False
1789130803121,0.08464,147.0,False
1789130803409,0.08464,17295.0,False
1789130803444,0.08463,1210.0,True
1789130803761,0.08463,242072.0,True
1789130804019,0.08464,28567.0,False
1789130804021,0.08464,60.0,True
1789130804023,0.08465,2802.0,False
1789130804136,0.08465,1040.0,False
1789130804267,0.08466,2515.0,False
1789130804331,0.08467,6604.0,False
1789130804333,0.08468,5179.0,False
1789130804365,0.08467,62643.0,True
1789130805047,0.08467,7047.0,False
1789130805127,0.08467,71766.0,True
1789130805374,0.08466,117065.0,True
1789130805574,0.08465,91.0,True
1789130805915,0.08465,18693.0,True
1789130806028,0.08466,7175.0,False
1789130806165,0.08466,12791.0,False
1789130806493,0.08467,32025.0,False
1789130806499,0.08468,73225.0,False
1789130806571,0.08467,430.0,True
1789130806688,0.08467,131885.0,True
1789130806838,0.08468,324.0,False
1789130806865,0.08469,15815.0,False
1789130807011,0.0847,62.0,False
1789130807012,0.08469,137825.0,True
1789130807046,0.08469,61404.0,False
1789130807111,0.08469,231661.0,True
1789130807187,0.08468,49682.0,True
1789130807347,0.08467,107451.0,True
1789130807461,0.08466,3571.0,True
1789130807575,0.08466,82033.0,True
1789130807657,0.08466,1181.0,False
1789130807668,0.08465,239339.0,True
1789130807685,0.08464,4000.0,True
1789130807917,0.08465,4035.0,False
1789130807949,0.08465,185.0,True
1789130807963,0.08466,32054.0,False
1789130808065,0.08467,3358.0,False
1789130808072,0.08468,641.0,False
1789130808073,0.08469,6499.0,False
1789130808182,0.08468,28116.0,True
1789130808302,0.08467,55763.0,True
1789130808589,0.08466,11830.0,True
1789130808607,0.08467,4259.0,False
1789130808696,0.08467,49364.0,True
1789130808931,0.08468,443912.0,False
1789130808972,0.08468,566.0,True
1789130809141,0.08468,65088.0,True
1789130809313,0.08468,31052.0,False
1789130809424,0.08468,1849.0,False
1789130809540,0.08469,1786.0,False
1789130809632,0.08468,11251.0,True
1789130809671,0.08468,2065.0,False
1789130809769,0.08468,34431.0,True
1789130810073,0.08469,45838.0,False
1789130810180,0.08469,9810.0,True
1789130810300,0.08469,73162.0,True
1789130810305,0.08468,50932.0,True
1789130810317,0.08467,74.0,True
1789130810329,0.08468,232.0,False
1789130810485,0.08468,133.0,False
1789130810505,0.08469,152927.0,False
1789130810624,0.0847,112451.0,False
1789130810673,0.08469,8014.0,True
1789130810833,0.0847,345515.0,False
1789130811149,0.0847,8190.0,False
1789130811368,0.0847,14847.0,False
1789130812016,0.0847,4723.0,False
1789130812336,0.08469,329284.0,True
1789130812352,0.08468,100856.0,True
1789130812597,0.08467,189068.0,True
1789130812868,0.08467,699.0,False
1789130812976,0.08467,6017.0,True
1789130813108,0.08468,36.0,False
1789130813428,0.08468,2458.0,False
1789130813593,0.08467,87385.0,True
1789130813744,0.08467,78.0,False
1789130813899,0.08467,2787.0,False
1789130814005,0.08467,4195.0,False
1789130814599,0.08468,3075.0,False
1789130814704,0.08467,206.0,True
1789130814966,0.08468,2595.0,False
1789130815430,0.08468,14709.0,False
1789130815730,0.08468,293.0,True
1789130815757,0.08469,6427.0,False
1789130816322,0.08468,55780.0,True
1789130817003,0.08467,195527.0,True
1789130817054,0.08466,193131.0,True
1789130817065,0.08465,53185.0,True
1789130817150,0.08465,7108.0,False
1789130817173,0.08466,7460.0,False
1789130817182,0.08466,120.0,True
1789130817326,0.08467,31157.0,False
1789130818556,0.08468,2008.0,False
1789130818604,0.08467,53962.0,True
1789130818794,0.08467,188.0,True
1789130818888,0.08468,61000.0,False
1789130819407,0.08468,55272.0,True
1789130819652,0.08468,7291.0,False
1789130819780,0.08468,2361.0,False
1789130820020,0.08468,7517.0,False
1789130820452,0.08469,16105.0,False
1789130820453,0.08468,73866.0,True
1789130820536,0.08468,533570.0,False
1789130820695,0.08467,137.0,True
1789130820807,0.08468,49795.0,False
1789130821164,0.08469,22705.0,False
1789130821714,0.08469,195.0,True
1789130821839,0.08469,12869.0,True
1789130822867,0.0847,36441.0,False
1789130823171,0.08469,2994.0,True
1789130823391,0.08469,70.0,True
1789130823403,0.0847,70846.0,False
1789130823805,0.08469,87935.0,True
1789130823965,0.08469,3870.0,True
1789130824379,0.08469,5561.0,True
1789130824416,0.08468,82538.0,True
1789130824469,0.08467,243114.0,True
1789130824520,0.08466,124.0,True
1789130824586,0.08467,311391.0,False
1789130824707,0.08468,412980.0,False
1789130824810,0.08468,89.0,False
1789130825125,0.08467,16089.0,True
1789130825161,0.08466,37097.0,True
1789130825288,0.08465,119196.0,True
1789130825313,0.08464,44709.0,True
1789130825724,0.08463,69.0,True
1789130825764,0.08464,45511.0,False
1789130825768,0.08465,28420.0,False
1789130825910,0.08466,3998.0,False
1789130825932,0.08467,28427.0,False
1789130825976,0.08468,322040.0,False
1789130825982,0.08469,776.0,False
1789130826001,0.0847,9846891.0,False
1789130826003,0.08471,27779.0,False
1789130826004,0.08472,49519.0,False
1789130826005,0.08473,62284.0,False
1789130826006,0.08474,9380.0,False
1789130826026,0.08475,24419.0,False
1789130826049,0.08474,19443.0,True
1789130826092,0.08475,421771.0,False
1789130826195,0.08474,11919.0,True
1789130826297,0.08474,518118.0,False
1789130826349,0.08473,3566.0,True
1789130826506,0.08474,463.0,False
1789130826641,0.08474,239551.0,True
1789130826719,0.08475,623.0,False
1789130826853,0.08475,990.0,False
1789130826985,0.08474,11900.0,True
1789130827134,0.08475,2500.0,False
1789130827263,0.08475,143.0,False
1789130827560,0.08475,1103.0,False
1789130827737,0.08474,130.0,True
1789130828025,0.08474,14615.0,True
1789130828428,0.08474,1198.0,False
1789130828929,0.08474,128.0,False
1789130829145,0.08473,11429.0,True
1789130829456,0.08473,59626.0,False
1789130830300,0.08472,117.0,True
1789130830315,0.08473,4916.0,False
1789130830549,0.08472,82.0,True
1789130830578,0.08473,80.0,False
1789130830738,0.08472,47905.0,True
1789130830779,0.08472,134.0,False
1789130831095,0.08472,75814.0,False
1789130831918,0.08472,139.0,True
1789130832364,0.08473,520.0,False
1789130832524,0.08472,22771.0,True
1789130832528,0.08471,23683.0,True
1789130832532,0.0847,7492.0,True
1789130832725,0.0847,66575.0,True
1789130833423,0.08469,57582.0,True
1789130833512,0.08469,16004.0,False
1789130834749,0.08469,11238.0,False
1789130835098,0.08469,1823.0,False
1789130835713,0.08469,6226.0,False
1789130835819,0.08469,347.0,False
1789130835926,0.08469,684.0,False
1789130836024,0.08468,285.0,True
1789130836194,0.08469,156.0,False
1789130836488,0.08469,119248.0,False
1789130836889,0.08469,59004.0,False
1789130837221,0.08469,11872.0,False
1789130837750,0.08469,5900.0,False
1789130837779,0.08468,4478.0,True
1789130837859,0.08469,1558.0,False
1789130838479,0.08468,236155.0,True
1789130838554,0.08469,2000.0,False
1789130838559,0.08468,68.0,True
1789130838636,0.08469,124677.0,False
1789130838643,0.0847,65773.0,False
1789130838708,0.08471,11460.0,False
1789130839189,0.08471,10228.0,False
1789130839452,0.08471,480.0,True
1789130839469,0.08472,80.0,False
1789130839667,0.08471,393.0,True
1789130839807,0.08471,4388.0,True
1789130840004,0.08472,57.0,False
1789130840400,0.08471,75.0,True
1789130840444,0.08472,2117.0,False
1789130840570,0.08472,124.0,False
1789130840797,0.08472,24636.0,False
1789130840828,0.08472,354.0,True
1789130841809,0.08472,4368.0,True
1789130842128,0.08473,50094.0,False
1789130842134,0.08474,941.0,False
1789130842166,0.08474,60.0,True
1789130842208,0.08475,12468.0,False
1789130842295,0.08475,59.0,True
1789130842483,0.08475,1719.0,True
1789130842590,0.08476,13860.0,False
1789130842688,0.08476,130407.0,True
1789130843027,0.08477,18818.0,False
1789130843180,0.08478,11794.0,True
1789130843600,0.08478,11794.0,True
1789130843610,0.08479,115098.0,False
1789130843667,0.08478,53439.0,True
1789130843769,0.08477,42136.0,True
1789130843781,0.08476,2400.0,True
1789130843794,0.08477,115.0,False
1789130844272,0.08477,30870.0,False
1789130844276,0.08477,190753.0,True
1789130844400,0.08477,1324.0,False
1789130844719,0.08477,39904.0,True
1789130844812,0.08478,4484.0,False
1789130845098,0.08479,16519.0,False
1789130845771,0.08478,36571.0,True
1789130846055,0.08479,40738.0,False
1789130846059,0.0848,67904.0,False
1789130846116,0.08481,65790.0,False
1789130846121,0.0848,685.0,True
1789130846281,0.08481,589.0,False
1789130846401,0.08481,47907.0,False
1789130846542,0.08482,1178.0,False
1789130847179,0.08481,144173.0,True
1789130847183,0.0848,167073.0,True
1789130847186,0.0848,12262.0,True
1789130847297,0.08479,121295.0,True
1789130847339,0.08479,6158.0,False
1789130847585,0.08478,3935.0,True
1789130847813,0.08477,25624.0,True
1789130847815,0.08476,180656.0,True
1789130847851,0.08475,700.0,True
1789130848492,0.08476,82.0,False
1789130848533,0.08475,593918.0,True
1789130848700,0.08475,102816.0,False
1789130848731,0.08475,56782.0,True
1789130848881,0.08475,12.0,True
1789130848992,0.08476,55706.0,False
1789130849782,0.08477,222.0,False
1789130849996,0.08477,62504.0,False
1789130850043,0.08478,7959.0,False
1789130850099,0.08478,33667.0,True
1789130851272,0.08479,76191.0,False
1789130851788,0.0848,597789.0,False
1789130851801,0.08481,3028.0,False
1789130851834,0.08482,78.0,False
1789130852439,0.08482,9666.0,False
1789130852609,0.08482,279849.0,True
1789130852617,0.08481,16595.0,True
1789130852764,0.08481,133.0,False
1789130852935,0.08482,61.0,False
1789130853228,0.08481,376734.0,True
1789130853230,0.08479,544884.0,True
1789130853335,0.08479,76609.0,False
1789130853366,0.0848,365708.0,False
1789130853632,0.08479,9870.0,True
1789130853814,0.08478,20672.0,True
1789130853831,0.08477,5752.0,True
1789130853905,0.08477,448.0,False
1789130853953,0.08477,133.0,True
1789130854179,0.08477,1817.0,False
1789130854252,0.08478,750.0,False
1789130854320,0.08479,19979.0,False
1789130854404,0.08478,14008.0,True
1789130854436,0.08478,207.0,False
1789130854499,0.08479,63229.0,False
1789130854855,0.08478,117.0,True
1789130855054,0.08478,117.0,True
1789130855308,0.08478,101220.0,True
1789130855318,0.08478,25185.0,False
1789130855466,0.08477,8663.0,True
1789130855488,0.08476,8046.0,True
1789130855533,0.08476,198.0,False
1789130855654,0.08477,5929.0,False
1789130855711,0.08478,329.0,False
1789130856171,0.08478,4926.0,False
1789130856320,0.08479,19550.0,False
1789130856947,0.08479,13424.0,False
1789130857249,0.0848,19334.0,False
1789130858784,0.0848,30000.0,False
1789130859002,0.0848,757945.0,False
1789130859113,0.0848,12595.0,False
1789130859282,0.08479,171715.0,True
1789130859460,0.08479,12030.0,False
1789130859578,0.08479,6.0,False
1789130859783,0.08478,104109.0,True
1789130859821,0.08477,22069.0,True
1789130859835,0.08477,70.0,False
1789130859915,0.08476,10520.0,True
1789130859989,0.08476,448.0,False
1789130860001,0.08477,253.0,False
1789130860005,0.08478,21776.0,False
1789130860112,0.08477,16609.0,True
1789130860416,0.08478,2294.0,False
1789130860592,0.08477,13991.0,True
1789130860602,0.08478,6076.0,False
1789130860915,0.08477,183.0,True
1789130861351,0.08479,373.0,True
1789130861364,0.08478,2781.0,False
1789130861664,0.08477,116.0,True
1789130862049,0.08478,177038.0,False
1789130862344,0.08478,28381.0,False
1789130862357,0.08479,18190.0,True
1789130862547,0.0848,3260601.0,False
1789130862576,0.08481,32241.0,False
1789130862584,0.08482,25481.0,False
1789130862647,0.08482,42148.0,True
1789130862655,0.08481,68237.0,True
1789130862741,0.0848,177367.0,True
1789130862927,0.08479,22133.0,True
1789130863126,0.08479,1717.0,False
1789130863127,0.0848,444.0,False
1789130863189,0.0848,59.0,True
1789130863232,0.08481,20661.0,False
1789130863269,0.0848,44903.0,True
1789130863287,0.0848,23584.0,False
1789130863681,0.08479,37328.0,True
1789130864007,0.08479,2583.0,False
1789130864010,0.0848,141811.0,False
1789130864026,0.08481,1884.0,False
1789130864259,0.08481,3184.0,False
1789130864351,0.08482,7295.0,False
1789130864361,0.08482,52209.0,True
1789130864681,0.08481,2395.0,False
1789130864817,0.08481,3446.0,False
1789130864941,0.08482,649.0,False
1789130865220,0.08483,20456.0,False
1789130865468,0.08482,18692.0,True
1789130865550,0.08483,66881.0,False
1789130865597,0.08484,15.0,False
1789130865647,0.08483,14699.0,True
1789130865702,0.08482,15075.0,True
1789130865845,0.08482,198.0,False
1789130865971,0.08482,5102.0,True
1789130866016,0.08481,5734.0,True
1789130866145,0.0848,5894.0,True
1789130866192,0.08481,20217.0,False
1789130866267,0.0848,5999.0,True
1789130866292,0.08479,253.0,True
1789130866458,0.08479,3049.0,False
1789130866465,0.0848,313.0,False
1789130866501,0.0848,133.0,True
1789130866516,0.08479,5019.0,True
1789130866624,0.08478,304.0,True
1789130866628,0.08479,16078.0,False
1789130866633,0.0848,378.0,False
1789130866645,0.08481,5630.0,False
1789130866662,0.08482,195.0,False
1789130866674,0.08481,156.0,True
1789130866685,0.08482,394.0,False
1789130866686,0.08483,48772.0,False
1789130866693,0.08484,32579.0,False
1789130866699,0.08485,45813.0,False
1789130866700,0.08486,20432.0,False
1789130866706,0.08487,17899.0,False
1789130866741,0.08486,73.0,False
1789130866747,0.08487,71.0,False
1789130866779,0.08485,1496.0,True
1789130866860,0.08484,40170.0,True
1789130866876,0.08485,1162.0,False
1789130866883,0.08484,207.0,True
1789130866907,0.08485,138047.0,False
1789130866987,0.08484,3558.0,True
1789130867155,0.08484,21371.0,False
1789130867412,0.08484,812.0,False
1789130867418,0.08484,6737.0,True
1789130867561,0.08484,8989.0,True
1789130867614,0.08484,2385.0,False
1789130868195,0.08484,19746.0,False
1789130868319,0.08483,22794.0,True
1789130868528,0.08482,59712.0,True
1789130868593,0.08482,35360.0,False
1789130868961,0.08482,65.0,False
1789130869123,0.08481,11088.0,True
1789130869609,0.08481,13694.0,False
1789130869841,0.08481,6639.0,True
1789130869938,0.08481,1179.0,False
1789130870333,0.08481,1407.0,False
1789130870931,0.08481,8106.0,True
1789130871162,0.08481,41092.0,False
1789130871386,0.0848,24475.0,True
1789130871640,0.0848,21008.0,False
1789130872259,0.0848,4884.0,False
1789130872423,0.0848,27409.0,False
1789130872707,0.0848,60.0,False
1789130873674,0.0848,2350.0,False
1789130873925,0.0848,41894.0,False
1789130874077,0.0848,11054.0,False
1789130874142,0.08481,31276.0,False
1789130874211,0.08481,121944.0,True
1789130874370,0.08481,506.0,True
1789130874867,0.08482,29833.0,False
1789130875072,0.08482,192.0,False
1789130875289,0.08483,2747.0,False
1789130875338,0.08483,59.0,True
1789130875703,0.08484,3300.0,False
1789130875925,0.08484,23576.0,False
1789130876078,0.08484,59198.0,False
1789130876243,0.08485,7284.0,False
1789130876642,0.08485,205384.0,True
1789130876912,0.08485,313.0,False
1789130877117,0.08484,23041.0,True
1789130877165,0.08483,24449.0,True
1789130877344,0.08482,19196.0,True
1789130877375,0.08482,133.0,True
1789130877577,0.08482,42677.0,False
1789130877579,0.08482,57323.0,True
1789130877869,0.08483,7945.0,False
1789130877942,0.08484,19814.0,False
1789130877967,0.08485,4331.0,False
1789130877969,0.08486,3037.0,False
1789130877974,0.08487,11841.0,False
1789130878335,0.08486,555.0,False
1789130878431,0.08486,6324.0,True
1789130878580,0.08486,6609.0,False
1789130878670,0.08485,16590.0,True
1789130878747,0.08484,14926.0,True
1789130878869,0.08484,325.0,False
1789130879025,0.08485,628.0,False
1789130879339,0.08484,27255.0,True
1789130879655,0.08483,115580.0,True
1789130879728,0.08483,1656.0,False
1789130880052,0.08484,8536.0,False
1789130880212,0.08484,51458.0,True
1789130880454,0.08485,31723.0,False
1789130880483,0.08486,4755.0,False
1789130880618,0.08486,54840.0,True
1789130880679,0.08487,126.0,False
1789130880708,0.08486,20985.0,True
1789130880726,0.08485,3839.0,True
1789130880802,0.08484,10993.0,True
1789130880882,0.08483,11910.0,True
1789130881237,0.08483,53674.0,True
1789130881286,0.08482,88587.0,True
1789130881312,0.08481,5867.0,True
1789130881347,0.08482,5890.0,False
1789130881489,0.08482,31921.0,False
1789130881506,0.08483,7023.0,False
1789130881699,0.08483,185.0,True
1789130881751,0.08484,7041.0,False
1789130882341,0.08485,35355.0,False
1789130882550,0.08485,329.0,True
1789130882729,0.08485,836.0,True
1789130883214,0.08486,28058.0,False
1789130883408,0.08486,977.0,False
1789130883570,0.08486,6941.0,False
1789130884375,0.08486,13361.0,False
1789130884720,0.08486,510.0,False
1789130885094,0.08486,48059.0,False
1789130885097,0.08488,182759.0,False
1789130885101,0.08488,43708.0,True
1789130885123,0.08487,2640.0,True
1789130885161,0.08488,70713.0,False
1789130885172,0.08487,5892.0,True
1789130885192,0.08488,3079.0,False
1789130885393,0.08488,4980.0,False
1789130885397,0.08489,7668.0,False
1789130885400,0.0849,5405.0,False
1789130885724,0.08489,67125.0,True
1789130886047,0.0849,1737896.0,False
1789130886107,0.08489,27984.0,True
1789130886133,0.0849,547377.0,False
1789130886252,0.0849,7131.0,False
1789130886435,0.0849,200.0,False
1789130886677,0.0849,205000.0,False
1789130887088,0.08489,115482.0,True
1789130887509,0.08488,109904.0,True
1789130887951,0.08487,144503.0,True
1789130888540,0.08486,103456.0,True
1789130888566,0.08485,6897.0,True
1789130888714,0.08485,657.0,False
1789130889190,0.08485,5887.0,True
1789130889245,0.08484,85982.0,True
1789130889357,0.08484,27687.0,False
1789130889613,0.08484,144053.0,True
1789130889735,0.08484,135.0,True
1789130889836,0.08484,26368.0,True
1789130890256,0.08483,4714.0,False
1789130890534,0.08483,2382.0,False
1789130890715,0.08482,66563.0,True
1789130890888,0.08482,142421.0,False
1789130890953,0.08483,13857.0,False
1789130890964,0.08482,161.0,True
1789130891074,0.08483,65443.0,False
1789130891075,0.08484,3952.0,False
1789130891076,0.08487,7500.0,False
1789130891077,0.08486,4063.0,True
1789130891078,0.08486,20590.0,True
1789130891082,0.08485,11885.0,False
1789130891101,0.08486,18187.0,False
1789130891614,0.08487,73921.0,False
1789130891664,0.08486,25723.0,True
1789130891981,0.08486,27626.0,False
1789130891990,0.08486,59.0,True
1789130892473,0.08487,4553.0,False
1789130892691,0.08486,12432.0,True
1789130892781,0.08486,618.0,False
1789130893092,0.08487,68459.0,False
1789130893193,0.08486,183620.0,True
1789130893221,0.08486,47219.0,False
1789130893266,0.08485,1697.0,True
1789130893276,0.08486,5890.0,False
1789130893288,0.08485,10521.0,True
1789130893561,0.08486,71658.0,False
1789130893675,0.08486,171215.0,True
1789130893678,0.08486,4689.0,True
1789130893993,0.08486,31681.0,False
1789130894030,0.08487,133.0,True
1789130894444,0.08486,1894.0,True
1789130894746,0.08487,17313.0,False
1789130895417,0.08486,49071.0,True
1789130895698,0.08485,12103.0,True
1789130895847,0.08485,5194.0,False
1789130895970,0.08485,5720.0,False
1789130896310,0.08485,126.0,False
1789130896449,0.08485,126.0,False
1789130896514,0.08484,284.0,True
1789130896665,0.08485,358.0,False
1789130896930,0.08485,175727.0,False
1789130897002,0.08484,219.0,True
1789130897108,0.08485,23636.0,False
1789130897266,0.08486,5271.0,False
1789130897362,0.08486,5654.0,True
1789130897440,0.08484,32048.0,True
1789130897689,0.08484,235.0,False
1789130897714,0.08483,5000.0,True
1789130897764,0.08484,18133.0,False
1789130897779,0.08483,5312.0,True
1789130898253,0.08483,16436.0,True
1789130898258,0.08484,262909.0,False
1789130898589,0.08484,277.0,False
1789130899062,0.08483,327100.0,True
1789130899063,0.08482,131874.0,True
1789130899066,0.08481,115176.0,True
1789130899081,0.0848,328323.0,True
1789130899104,0.08479,65.0,True
1789130899128,0.0848,71459.0,False
1789130899193,0.08481,641.0,False
1789130899197,0.08482,2358.0,False
1789130899209,0.08481,142.0,True
1789130899214,0.08482,2990.0,False
1789130899217,0.08482,74.0,True
1789130899346,0.08482,812.0,True
1789130899823,0.08481,227.0,True
1789130900134,0.08482,60.0,False
1789130901060,0.08481,410.0,True
1789130901087,0.08482,28960.0,False
1789130901453,0.08481,334.0,True
1789130901611,0.08481,12744.0,True
1789130902042,0.0848,14325.0,True
1789130902191,0.0848,5076.0,False
1789130902367,0.08479,212.0,True
1789130902580,0.0848,95102.0,False
1789130902737,0.08481,11900.0,False
1789130902923,0.0848,445.0,True
1789130903105,0.08481,5206.0,False
1789130903624,0.08481,17591.0,False
1789130903630,0.08482,20884.0,False
1789130903631,0.08483,36838.0,False
1789130903778,0.08482,1721.0,True
1789130903884,0.08482,48087.0,True
1789130903902,0.08481,3430.0,True
1789130903963,0.08481,2121.0,False
1789130904111,0.08481,95585.0,False
1789130904707,0.08482,1232.0,False
1789130905023,0.08482,251.0,True
1789130905060,0.08482,65607.0,False
1789130905199,0.08483,542.0,False
1789130905304,0.08483,70.0,True
1789130906313,0.08483,6000.0,True
1789130906375,0.08484,49129.0,False
1789130906667,0.08484,948.0,False
1789130906790,0.08484,44473.0,False
1789130907580,0.08485,5578.0,False
1789130908692,0.08485,62266.0,True
1789130908805,0.08484,8950.0,True
1789130909215,0.08483,437.0,True
1789130909575,0.08484,2878.0,False
1789130909620,0.08485,47179.0,False
1789130910072,0.08486,21789.0,False
1789130910109,0.08487,2764.0,False
1789130910117,0.08487,4773.0,True
1789130911455,0.08488,16530.0,False
1789130911821,0.08489,33047.0,False
1789130911887,0.08489,6662.0,True
1789130912090,0.08489,276.0,True
1789130913003,0.08489,23.0,True
1789130914701,0.08489,769.0,True
1789130915149,0.08489,77128.0,True
1789130915178,0.08488,79392.0,True
1789130915469,0.08488,2658.0,False
1789130915659,0.08487,43220.0,True
1789130916358,0.08488,67351.0,False
1789130916360,0.08489,14458.0,False
1789130916361,0.0849,59812.0,False
1789130916515,0.08489,117.0,True
1789130916677,0.0849,223673.0,False
1789130916712,0.08489,48077.0,True
1789130917514,0.08489,100421.0,True
1789130917759,0.08489,38033.0,True
1789130917914,0.0849,84.0,False
1789130918562,0.08489,40988.0,True
1789130918760,0.08488,4205.0,True
1789130918814,0.08489,3024.0,False
1789130919027,0.08488,16609.0,True
1789130919311,0.08489,15091.0,False
1789130919322,0.0849,70680.0,False
1789130919468,0.0849,128.0,False
1789130919591,0.0849,5569010.0,False
1789130919682,0.08491,49360.0,False
1789130919741,0.0849,17403.0,True
1789130919806,0.08491,505.0,False
1789130919860,0.08492,91812.0,False
1789130919934,0.08493,5148.0,False
1789130920025,0.08492,30493.0,True
1789130920308,0.08493,103199.0,False
1789130920525,0.08494,589.0,False
1789130920538,0.08493,61321.0,True
1789130920649,0.08493,26489.0,False
1789130920864,0.08493,326.0,False
1789130921052,0.08494,314.0,False
1789130921251,0.08494,130192.0,False
1789130921365,0.08494,104.0,False
1789130921586,0.08493,195256.0,True
1789130921674,0.08492,92150.0,True
1789130922117,0.08491,36297.0,True
1789130922523,0.0849,1308505.0,True
1789130922525,0.08489,46009.0,True
1789130922912,0.08488,526720.0,True
1789130922913,0.08488,47856.0,True
1789130922914,0.08487,723.0,True
1789130922915,0.08486,309.0,True
1789130923213,0.08487,2347.0,False
1789130923467,0.08487,24321.0,False
1789130923691,0.08487,9463.0,True
1789130923912,0.08487,60986.0,False
1789130924108,0.08486,2316.0,True
1789130924361,0.08487,144.0,False
1789130924478,0.08486,89.0,True
1789130924831,0.08487,34924.0,False
1789130924988,0.08488,15171.0,False
1789130925274,0.08488,9338.0,True
1789130925296,0.08489,174.0,False
1789130925750,0.08489,353.0,False
1789130927309,0.08489,117799.0,False
1789130927683,0.08488,200.0,True
1789130927961,0.08488,1195.0,True
1789130928264,0.08489,57658.0,False
1789130928627,0.08489,200000.0,False
1789130928798,0.08488,90454.0,True
1789130929230,0.08487,1177.0,True
1789130929524,0.08487,296281.0,True
1789130930058,0.08487,12465.0,False
1789130930813,0.08486,2045.0,True
1789130931085,0.08486,62079.0,True
1789130931144,0.08485,1984.0,True
1789130931406,0.08486,233.0,False
1789130931901,0.08485,4465.0,True
1789130932751,0.08485,103573.0,True
1789130932752,0.08484,39539.0,True
1789130932764,0.08483,22180.0,True
1789130933027,0.08484,1028.0,False
1789130933154,0.08485,15000.0,False
1789130933200,0.08484,64.0,True
1789130933388,0.08485,844.0,False
1789130934120,0.08485,82.0,False
1789130934668,0.08485,56692.0,False
1789130934843,0.08485,786.0,False
1789130935122,0.08485,15006.0,False
1789130935358,0.08485,1680.0,True
1789130935378,0.08486,5629.0,False
1789130935841,0.08486,22117.0,False
1789130936144,0.08487,10818.0,False
1789130936314,0.08486,66856.0,True
1789130936317,0.08485,59207.0,True
1789130936556,0.08485,8214.0,False
1789130936633,0.08484,11996.0,True
1789130937414,0.08485,1272.0,False
1789130937624,0.08485,2689.0,True
1789130937797,0.08486,32205.0,False
1789130937823,0.08486,59.0,True
1789130937881,0.08487,88308.0,False
1789130938694,0.08487,25737.0,False
1789130938927,0.08487,41894.0,True
1789130939201,0.08488,151.0,False
1789130939638,0.08487,18127.0,True
1789130940481,0.08487,131966.0,False
1789130940632,0.08487,131.0,False
1789130940675,0.08486,62735.0,True
1789130940715,0.08485,45264.0,True
1789130940965,0.08484,123.0,True
1789130941152,0.08485,200000.0,False
1789130941275,0.08485,100.0,False
1789130941498,0.08484,39348.0,True
1789130941593,0.08483,64.0,True
1789130941823,0.08484,70.0,False
1789130941929,0.08483,125830.0,True
1789130942079,0.08484,4025.0,False
1789130942905,0.08485,155126.0,False
1789130942957,0.08485,35506.0,True
1789130943060,0.08485,503.0,False
1789130943293,0.08485,4667.0,False
1789130944038,0.08484,21123.0,True
1789130944140,0.08483,43666.0,True
1789130944279,0.08482,343174.0,True
1789130944289,0.08481,76293.0,True
1789130944293,0.08481,5892.0,False
1789130944576,0.08481,10476.0,False
1789130944705,0.08481,5304.0,True
1789130944990,0.08481,5000.0,False
1789130945619,0.0848,24166.0,True
1789130945780,0.08479,39601.0,True
1789130946087,0.08479,16409.0,True
1789130946168,0.08478,54208.0,True
1789130946655,0.08478,5447.0,False
1789130946727,0.08479,27866.0,False
1789130947005,0.08478,2995.0,True
1789130947140,0.08479,131450.0,False
1789130947205,0.08479,3328.0,True
1789130947927,0.0848,37324.0,False
1789130947945,0.08481,29081.0,False
1789130947966,0.08481,30000.0,True
1789130948549,0.08482,1179.0,False
1789130948653,0.08482,7974.0,False
1789130949217,0.08483,12513.0,False
1789130949593,0.08483,37184.0,False
1789130949605,0.08484,645.0,False
1789130949731,0.08483,107.0,True
1789130949863,0.08484,30879.0,False
1789130949955,0.08485,7591.0,False
1789130950011,0.08486,34231.0,False
1789130950302,0.08486,689518.0,True
1789130950304,0.08485,127551.0,True
1789130950759,0.08484,17030.0,True
1789130950823,0.08484,295.0,False
1789130951218,0.08483,69.0,True
1789130951541,0.08484,40071.0,False
1789130951574,0.08484,42698.0,True
1789130952143,0.08484,323.0,True
1789130952546,0.08484,108577.0,True
1789130952726,0.08483,44785.0,True
1789130953278,0.08483,188.0,True
1789130953417,0.08483,94.0,True
1789130953442,0.08484,5212.0,False
1789130953688,0.08484,63428.0,True
1789130953701,0.08483,9633.0,True
1789130953703,0.08484,30000.0,False
1789130953776,0.08483,41996.0,True
1789130953974,0.08483,12466.0,True
1789130954175,0.08484,149215.0,False
1789130954616,0.08485,36629.0,False
1789130954850,0.08484,12530.0,True
1789130955029,0.08485,70721.0,False
1789130955872,0.08485,282.0,True
1789130956108,0.08485,943.0,True
1789130956137,0.08486,23463.0,False
1789130956250,0.08487,92.0,False
1789130956533,0.08486,95024.0,True
1789130956572,0.08486,642258.0,False
1789130956573,0.08487,525310.0,False
1789130956617,0.08486,59.0,True
1789130956711,0.08487,16338.0,False
1789130957070,0.08487,469.0,True
1789130957079,0.08488,172581.0,False
1789130957080,0.0849,93532.0,False
1789130957781,0.08489,107.0,True
1789130958049,0.0849,403.0,False
1789130958231,0.08489,34165.0,True
1789130958925,0.08488,12286.0,True
1789130958929,0.08487,94377.0,True
1789130959045,0.08486,3938.0,True
1789130959559,0.08486,5864.0,True
1789130959562,0.08485,92346.0,True
1789130959860,0.08484,271923.0,True
1789130959965,0.08483,2000.0,True
1789130960158,0.08484,3678.0,False
1789130960172,0.08483,388.0,True
1789130960628,0.08484,72.0,False
1789130960946,0.08483,333.0,True
1789130960988,0.08484,1178.0,False
1789130961301,0.08484,5890.0,False
1789130961687,0.08483,117305.0,True
1789130962059,0.08482,109355.0,True
1789130962062,0.08481,174881.0,True
1789130962482,0.08481,2396.0,True
1789130962545,0.0848,214.0,True
1789130962594,0.08481,354.0,False
1789130962861,0.08481,890.0,False
1789130964219,0.08481,11867.0,False
1789130965145,0.08481,13800.0,False
1789130965163,0.08481,107.0,True
1789130965689,0.08482,205.0,False
1789130966348,0.08482,159000.0,False
1789130966630,0.08483,25431.0,False
1789130967540,0.08484,30775.0,False
1789130967625,0.08484,1503.0,True
1789130968532,0.08485,1942.0,False
1789130968838,0.08484,4701.0,True
1789130969438,0.08485,37078.0,False
1789130969606,0.08486,21782.0,False
1789130969609,0.08487,70400.0,False
1789130969747,0.08487,735.0,True
1789130969783,0.08487,130298.0,False
1789130969939,0.08486,1425.0,True
1789130969959,0.08487,2307.0,False
1789130970131,0.08487,194568.0,False
1789130970135,0.08488,12793.0,False
1789130970191,0.08487,1361.0,True
1789130970507,0.08486,8019.0,True
1789130970509,0.08485,15368.0,True
1789130970718,0.08484,49096.0,True
1789130970977,0.08484,52176.0,False
1789130971235,0.08483,68.0,True
1789130971494,0.08483,220945.0,True
1789130971674,0.08483,249.0,True
1789130971882,0.08483,297.0,True
1789130972081,0.08483,315.0,True
1789130972092,0.08484,15674.0,False
1789130972101,0.08483,253.0,True
1789130972213,0.08483,126.0,True
1789130972416,0.08483,1025.0,True
1789130972580,0.08484,733.0,False
1789130972581,0.08483,124477.0,True
1789130972988,0.08483,1178.0,False
1789130973095,0.08483,6568.0,False
1789130973152,0.08482,107.0,True
1789130974850,0.08482,123373.0,True
1789130974974,0.08482,18835.0,False
1789130975011,0.08481,192.0,True
1789130975404,0.08481,29474.0,True
1789130975548,0.08481,32945.0,True
1789130977710,0.0848,472.0,True
1789130977955,0.08481,18.0,False
1789130978026,0.0848,16607.0,True
1789130978227,0.08481,37449.0,False
1789130978272,0.08481,1190.0,True
1789130978521,0.08481,5137.0,True
1789130978525,0.0848,80937.0,True
1789130978724,0.08479,191297.0,True
1789130978759,0.08478,7568.0,True
1789130979064,0.08479,668.0,False
1789130979298,0.08478,690.0,True
1789130980462,0.08478,32987.0,True
1789130980596,0.08478,294.0,False
1789130980774,0.08477,26780.0,True
1789130981479,0.08476,15310.0,True
1789130981633,0.08475,5107.0,True
1789130982130,0.08475,287.0,True
1789130982227,0.08476,102289.0,False
1789130982769,0.08476,235732.0,True
1789130982770,0.08475,26815.0,True
1789130982780,0.08475,35420.0,False
1789130982849,0.08476,2296.0,False
1789130983361,0.08476,825.0,True
1789130984524,0.08476,133.0,False
1789130984835,0.08475,3562.0,True
1789130984865,0.08476,373.0,False
1789130984963,0.08475,350.0,True
1789130985401,0.08475,1710.0,True
1789130985463,0.08476,15000.0,False
1789130985699,0.08476,5687.0,False
1789130986836,0.08475,174.0,True
1789130987005,0.08475,227218.0,True
1789130987101,0.08475,201.0,False
1789130987272,0.08475,48408.0,False
1789130987345,0.08475,124812.0,True
1789130987562,0.08476,71897.0,False
1789130987702,0.08476,101.0,True
1789130988169,0.08477,38145.0,False
1789130988269,0.08478,15735.0,False
1789130988394,0.08478,133.0,True
1789130988813,0.08477,3341.0,True
1789130989969,0.08478,463.0,False
1789130990261,0.08477,50984.0,True
1789130990839,0.08476,59.0,True
1789130991714,0.08477,40145.0,False
1789130991752,0.08477,59.0,True
1789130992124,0.08477,22982.0,True
1789130992813,0.08477,193644.0,False
1789130993489,0.08478,2159.0,False
1789130994188,0.08478,21442.0,False
1789130994668,0.08478,2840.0,True
1789130995369,0.08477,7016.0,True
1789130995858,0.08476,4620.0,True
1789130996031,0.08477,1179.0,False
1789130996232,0.08476,30000.0,True
1789130997263,0.08476,600263.0,True
1789130997298,0.08476,1098.0,False
1789130998701,0.08475,372.0,True
1789130999783,0.08476,229.0,False
