T,p,q,sell_agg
1789135500015,105.28,59.98,False
1789135500034,105.27,1.16,True
1789135500126,105.28,4.12,False
1789135500158,105.27,28.89,True
1789135500165,105.26,14.54,True
1789135500194,105.25,16.22,True
1789135500198,105.24,3.28,True
1789135500228,105.24,39.38,False
1789135500276,105.23,125.77,True
1789135500409,105.24,0.17,False
1789135500415,105.23,396.39,True
1789135500442,105.22,110.06,True
1789135500528,105.22,608.07,False
1789135500553,105.23,62.57,False
1789135500733,105.25,292.54,False
1789135500771,105.25,4.99,True
1789135500773,105.26,289.22,False
1789135500785,105.26,5.13,True
1789135500786,105.27,4.5,False
1789135500787,105.27,29.04,True
1789135500795,105.28,20.34,False
1789135500829,105.29,114.87,False
1789135500868,105.29,2.08,True
1789135501035,105.3,0.48,False
1789135501050,105.29,1.16,True
1789135501057,105.3,775.72,False
1789135501138,105.31,2.89,False
1789135501314,105.31,0.12,True
1789135501388,105.32,0.46,False
1789135501406,105.31,20.23,True
1789135501531,105.32,0.05,False
1789135501642,105.31,33.76,True
1789135501663,105.32,0.14,False
1789135501693,105.31,49.26,True
1789135501778,105.32,89.74,False
1789135501794,105.33,0.54,False
1789135501902,105.33,3.59,False
1789135501911,105.32,1.24,True
1789135502010,105.32,22.58,True
1789135502031,105.31,22.55,True
1789135502057,105.32,0.05,False
1789135502064,105.31,1.16,True
1789135502069,105.32,60.34,False
1789135502189,105.32,4.01,False
1789135502206,105.33,5.68,False
1789135502212,105.32,0.09,True
1789135502214,105.33,114.14,False
1789135502270,105.34,9.8,False
1789135502324,105.33,3.39,True
1789135502326,105.34,0.05,False
1789135502333,105.33,35.73,True
1789135502403,105.34,0.4,False
1789135502441,105.33,2.72,True
1789135502561,105.34,4.65,False
1789135502587,105.33,479.07,True
1789135502596,105.32,2.0,True
1789135502618,105.3,41.57,True
1789135502678,105.31,0.36,False
1789135502742,105.3,17.54,True
1789135502761,105.31,9.29,False
1789135502809,105.3,18.59,True
1789135502823,105.3,0.55,False
1789135502826,105.29,90.36,True
1789135502831,105.29,6.67,False
1789135502903,105.28,17.78,True
1789135502909,105.27,4.5,True
1789135502923,105.26,0.32,True
1789135502949,105.27,5.15,False
1789135503016,105.26,0.18,True
1789135503051,105.27,0.68,False
1789135503052,105.26,301.16,True
1789135503092,105.27,0.05,False
1789135503124,105.26,347.48,True
1789135503145,105.26,73.32,False
1789135503164,105.25,22.53,True
1789135503168,105.25,0.15,False
1789135503189,105.24,10.69,True
1789135503281,105.24,0.31,False
1789135503408,105.23,2.34,True
1789135503436,105.24,3.64,False
1789135503582,105.24,13.5,False
1789135503765,105.23,5.55,True
1789135503789,105.24,5.81,False
1789135503887,105.23,496.68,True
1789135503933,105.23,0.21,False
1789135503990,105.22,83.32,True
1789135504081,105.22,4.41,False
1789135504093,105.21,23.15,True
1789135504119,105.21,19.03,False
1789135504138,105.2,55.04,True
1789135504204,105.19,9.97,True
1789135504214,105.2,0.5,False
1789135504228,105.19,3.37,True
1789135504232,105.2,0.05,False
1789135504235,105.19,19.66,True
1789135504426,105.19,986.54,True
1789135504432,105.18,99.08,True
1789135504635,105.18,0.05,False
1789135504649,105.17,171.57,True
1789135504688,105.17,5.04,False
1789135504743,105.16,7.19,True
1789135504744,105.15,2.18,True
1789135504769,105.16,263.43,False
1789135504982,105.16,98.47,True
1789135505030,105.15,16.22,True
1789135505032,105.14,117.2,True
1789135505039,105.13,19.43,True
1789135505107,105.12,1.16,True
1789135505128,105.13,93.55,False
1789135505233,105.13,6.61,False
1789135505234,105.12,500.0,True
1789135505285,105.13,217.11,True
1789135505329,105.13,1.48,False
1789135505354,105.12,346.89,True
1789135505379,105.11,43.34,True
1789135505380,105.11,1.48,False
1789135505392,105.1,471.51,True
1789135505452,105.1,1244.16,False
1789135505534,105.11,165.4,False
1789135505562,105.12,24.72,False
1789135505585,105.12,99.48,True
1789135505637,105.13,0.86,False
1789135505641,105.12,0.46,True
1789135505724,105.13,83.14,False
1789135505829,105.14,2.29,False
1789135505901,105.13,28.07,True
1789135505918,105.14,9.55,False
1789135506013,105.13,195.58,True
1789135506026,105.12,216.58,True
1789135506034,105.12,0.44,False
1789135506048,105.11,237.76,True
1789135506074,105.1,27.13,True
1789135506172,105.11,9.86,False
1789135506222,105.1,0.51,True
1789135506262,105.11,18.85,False
1789135506286,105.1,23.0,True
1789135506303,105.11,0.5,False
1789135506344,105.1,16.38,True
1789135506352,105.11,64.59,False
1789135506377,105.1,0.5,True
1789135506390,105.11,0.62,False
1789135506524,105.11,0.05,False
1789135506572,105.1,2.0,True
1789135506687,105.11,0.05,False
1789135506711,105.1,35.91,True
1789135506718,105.11,339.6,False
1789135506772,105.11,58.7,True
1789135506811,105.12,28.32,False
1789135506971,105.12,0.54,False
1789135506994,105.11,27.05,True
1789135507079,105.12,344.9,False
1789135507127,105.13,123.2,False
1789135507131,105.12,5.26,False
1789135507135,105.12,1.16,True
1789135507201,105.13,0.05,False
1789135507229,105.12,10.8,True
1789135507293,105.13,6.44,False
1789135507435,105.12,5.7,True
1789135507467,105.13,0.05,False
1789135507551,105.12,0.94,True
1789135507787,105.13,0.05,False
1789135507921,105.12,285.54,True
1789135507929,105.11,15.07,True
1789135507948,105.12,0.95,False
1789135508065,105.11,9.31,True
1789135508229,105.12,188.83,False
1789135508353,105.12,22.12,True
1789135508473,105.13,6.64,False
1789135508591,105.13,22.99,False
1789135508742,105.14,0.05,False
1789135508754,105.13,2.7,True
1789135508793,105.14,203.66,False
1789135508843,105.15,0.05,False
1789135508863,105.14,32.94,True
1789135508912,105.14,0.05,False
1789135508916,105.13,61.68,True
1789135508923,105.13,4.49,False
1789135508943,105.12,1.0,True
1789135508963,105.12,0.09,False
1789135509026,105.11,256.65,True
1789135509107,105.1,0.48,True
1789135509111,105.11,0.17,False
1789135509132,105.1,66.73,True
1789135509255,105.11,0.05,False
1789135509315,105.1,136.85,True
1789135509378,105.09,3.03,True
1789135509393,105.1,0.36,False
1789135509430,105.09,0.29,True
1789135509512,105.1,0.4,False
1789135509526,105.09,185.63,True
1789135509536,105.07,0.97,False
1789135509638,105.06,119.93,True
1789135509675,105.05,23.17,True
1789135509676,105.04,38.19,True
1789135509737,105.03,14.46,False
1789135509748,105.03,0.9,True
1789135509790,105.04,13.42,False
1789135509863,105.03,1.9,True
1789135509868,105.04,62.21,False
1789135509950,105.03,95.25,True
1789135510065,105.03,21.74,True
1789135510091,105.02,24.94,True
1789135510283,105.03,0.05,False
1789135510333,105.02,58.67,True
1789135510373,105.03,90.71,False
1789135510391,105.02,62.69,True
1789135510498,105.03,1.16,False
1789135510610,105.03,59.84,False
1789135510758,105.04,0.94,False
1789135510854,105.03,515.55,True
1789135510902,105.03,0.44,False
1789135510927,105.02,0.55,True
1789135510943,105.03,63.04,False
1789135511082,105.03,34.07,False
1789135511094,105.04,2.44,False
1789135511137,105.03,3.92,True
1789135511148,105.04,98.67,False
1789135511163,105.05,0.05,False
1789135511192,105.04,1.16,True
1789135511196,105.05,10.93,False
1789135511275,105.05,5.47,True
1789135511304,105.06,2.87,False
1789135511349,105.05,92.83,True
1789135511425,105.06,41.0,False
1789135511593,105.06,52.73,False
1789135511597,105.05,28.49,True
1789135511766,105.05,487.06,True
1789135511767,104.99,333.84,True
1789135511768,104.92,788.6,True
1789135511771,104.95,6.8,True
1789135511773,105.02,432.14,True
1789135511774,104.96,0.06,True
1789135511775,105.0,0.07,True
1789135511776,104.93,47.63,True
1789135511777,104.91,1.95,True
1789135511778,104.93,0.18,True
1789135511779,104.91,3.02,True
1789135511780,104.91,0.06,True
1789135511783,104.9,2.15,True
1789135511786,104.88,22.4,True
1789135511787,104.87,4.26,True
1789135511791,104.88,0.06,True
1789135511793,104.88,0.15,True
1789135511797,104.89,0.44,False
1789135511803,104.88,38.66,True
1789135511805,104.89,463.79,False
1789135511810,104.9,135.33,False
1789135511811,104.92,28.53,False
1789135511817,104.91,0.9,True
1789135511818,104.92,35.99,False
1789135511819,104.93,654.45,False
1789135511820,104.94,8.78,False
1789135511821,104.94,50.0,True
1789135511823,104.95,2.09,True
1789135511824,104.96,2.0,False
1789135511825,104.95,0.29,True
1789135511827,104.96,15.86,True
1789135511828,104.97,12.34,False
1789135511829,104.96,0.7,True
1789135511830,104.97,31.95,False
1789135511833,104.96,0.15,True
1789135511834,104.98,58.1,False
1789135511835,104.98,0.09,False
1789135511836,104.98,0.05,False
1789135511837,104.98,1.1,True
1789135511840,104.99,117.67,False
1789135511845,104.98,3.86,True
1789135511855,104.99,181.65,False
1789135511857,104.99,0.17,True
1789135511858,105.0,65.64,False
1789135511862,105.0,251.94,True
1789135511874,105.01,1.9,False
1789135511875,105.0,16.19,True
1789135511877,105.01,1.9,False
1789135511886,105.0,78.15,True
1789135511888,105.01,128.62,False
1789135511889,105.01,512.35,True
1789135511900,105.01,122.59,False
1789135511914,105.02,356.92,False
1789135511922,105.02,20.22,True
1789135511923,105.03,0.1,False
1789135511924,105.02,151.12,True
1789135511926,105.02,500.0,False
1789135511967,105.01,163.54,True
1789135511971,105.01,724.47,False
1789135511981,105.0,24.75,True
1789135511983,105.01,41.92,False
1789135512002,105.01,157.34,True
1789135512004,105.0,7.44,True
1789135512023,105.01,614.11,False
1789135512027,105.02,358.89,False
1789135512029,105.03,92.05,False
1789135512034,105.03,1026.04,True
1789135512035,105.02,77.31,True
1789135512038,105.01,12.87,True
1789135512042,105.01,16.21,False
1789135512101,105.02,1.44,False
1789135512105,105.01,243.73,True
1789135512153,105.02,372.0,False
1789135512173,105.01,936.12,True
1789135512193,105.01,48.73,False
1789135512195,105.0,399.44,True
1789135512289,105.01,5.04,False
1789135512293,105.0,0.48,True
1789135512299,105.01,66.47,False
1789135512344,105.0,4.6,True
1789135512430,105.01,1.82,False
1789135512486,105.0,100.07,True
1789135512628,105.0,1.9,True
1789135512695,105.01,420.89,False
1789135512786,105.01,0.29,True
1789135512850,105.02,66.73,False
1789135512891,105.02,131.95,True
1789135512933,105.03,4.8,False
1789135513020,105.02,14.64,True
1789135513033,105.03,112.13,False
1789135513114,105.02,0.06,True
1789135513220,105.02,228.16,True
1789135513272,105.03,7.54,False
1789135513363,105.04,0.05,False
1789135513425,105.03,57.13,True
1789135513484,105.04,0.11,False
1789135513551,105.03,17.82,True
1789135513650,105.04,21.35,False
1789135513717,105.05,95.73,False
1789135513755,105.06,0.22,False
1789135513785,105.05,2.45,True
1789135513835,105.06,1.05,False
1789135513906,105.05,125.71,True
1789135514025,105.05,6.04,True
1789135514233,105.05,955.92,True
1789135514265,105.04,75.16,True
1789135514266,105.04,500.0,False
1789135514272,105.03,18.97,True
1789135514277,105.04,170.52,False
1789135514320,105.03,665.04,True
1789135514387,105.04,0.05,False
1789135514394,105.03,274.54,True
1789135514560,105.03,1.07,False
1789135514594,105.03,118.4,False
1789135514646,105.02,80.45,True
1789135514757,105.01,3.0,True
1789135514794,105.02,0.1,False
1789135514835,105.01,43.4,True
1789135514856,105.0,24.11,True
1789135514892,105.0,105.25,True
1789135514903,105.01,0.17,False
1789135515047,105.0,4.49,True
1789135515055,105.01,0.48,False
1789135515069,105.0,298.67,True
1789135515072,104.99,3.56,True
1789135515079,104.99,374.38,True
1789135515109,104.99,903.96,False
1789135515208,105.0,524.68,False
1789135515246,104.98,6.47,True
1789135515281,104.99,11.15,False
1789135515293,105.0,0.43,False
1789135515300,105.01,4.83,False
1789135515306,105.0,10.1,True
1789135515416,105.01,1.54,False
1789135515533,105.01,22.29,False
1789135515648,105.01,0.31,False
1789135515664,105.0,2.0,True
1789135515686,105.01,10.76,False
1789135515803,105.01,0.05,False
1789135515827,105.0,125.4,True
1789135515832,105.01,5.46,False
1789135515880,105.0,66.62,True
1789135515899,105.0,0.15,False
1789135515909,104.99,0.69,True
1789135515925,105.0,11.04,False
1789135516061,104.99,120.27,True
1789135516259,104.99,41.2,True
1789135516358,105.0,1.93,False
1789135516371,104.99,1.78,True
1789135516442,105.0,0.05,False
1789135516457,104.99,57.17,True
1789135516468,105.0,2.36,False
1789135516504,104.99,53.03,True
1789135516619,105.0,1.01,False
1789135516632,104.99,5.45,True
1789135516635,105.0,0.21,False
1789135516716,104.99,0.06,True
1789135516803,105.0,83.07,False
1789135516874,104.99,115.88,True
1789135516943,104.98,11.4,True
1789135516960,104.99,0.05,False
1789135517025,104.98,39.66,True
1789135517054,104.97,5.0,True
1789135517156,104.98,57.44,False
1789135517223,104.97,29.76,True
1789135517266,104.98,47.61,False
1789135517274,104.97,1.16,True
1789135517321,104.98,21.29,False
1789135517419,104.97,12.15,True
1789135517468,104.98,0.05,False
1789135517508,104.97,0.34,True
1789135517734,104.97,0.14,True
1789135517850,104.97,78.99,True
1789135517965,104.97,2.85,True
1789135517984,104.98,0.65,False
1789135518199,104.97,257.01,True
1789135518268,104.96,37.72,True
1789135518291,104.95,1.16,True
1789135518294,104.96,0.31,False
1789135518365,104.95,238.14,True
1789135518462,104.95,0.36,False
1789135518480,104.94,2.62,True
1789135518497,104.95,0.05,False
1789135518569,104.94,1.21,True
1789135518734,104.95,224.85,False
1789135518751,104.96,111.18,False
1789135518755,104.97,0.6,False
1789135518789,104.97,0.57,True
1789135518829,104.98,10.5,False
1789135518988,104.97,1.41,True
1789135519010,104.98,0.05,False
1789135519031,104.97,38.12,True
1789135519038,104.98,0.72,False
1789135519051,104.97,30.52,True
1789135519109,104.98,34.69,False
1789135519112,104.99,248.42,False
1789135519201,105.0,651.87,False
1789135519202,105.0,12.6,True
1789135519285,105.01,30.64,False
1789135519305,105.01,1.16,True
1789135519311,105.02,42.72,False
1789135519312,105.02,1.34,True
1789135519353,105.03,0.5,False
1789135519373,105.02,249.53,True
1789135519524,105.03,0.05,False
1789135519555,105.02,0.74,True
1789135519583,105.03,0.53,False
1789135519600,105.02,11.5,True
1789135519654,105.03,2.06,False
1789135519756,105.03,0.06,False
1789135519795,105.02,19.22,True
1789135519880,105.01,39.93,True
1789135519996,105.02,3.91,False
1789135519998,105.01,11.2,True
1789135520038,105.02,0.05,False
1789135520086,105.01,26.07,True
1789135520089,105.01,1.75,False
1789135520151,105.0,11.14,True
1789135520283,105.01,476.27,False
1789135520295,105.02,72.67,False
1789135520304,105.03,756.28,False
1789135520313,105.02,0.4,True
1789135520322,105.03,167.58,False
1789135520341,105.02,1.16,True
1789135520455,105.03,0.53,False
1789135520575,105.02,1.48,True
1789135520632,105.03,2.33,False
1789135520787,105.03,33.87,False
1789135520898,105.04,49.78,False
1789135520964,105.05,135.46,False
1789135521008,105.04,127.03,True
1789135521011,105.03,0.47,True
1789135521064,105.04,2.22,False
1789135521195,105.03,16.25,True
1789135521305,105.03,3.16,True
1789135521375,105.04,1.7,False
1789135521457,105.03,122.08,True
1789135521473,105.03,366.74,False
1789135521640,105.05,1389.05,False
1789135521641,105.05,1810.61,False
1789135521649,105.06,90.62,False
1789135521726,105.07,108.18,False
1789135521732,105.07,2.06,True
1789135521756,105.08,14.1,False
1789135521758,105.08,17.97,True
1789135521807,105.09,0.05,False
1789135521868,105.08,432.9,True
1789135521871,105.08,0.26,False
1789135521881,105.07,0.19,True
1789135521882,105.07,10.56,True
1789135521889,105.06,83.94,True
1789135521921,105.05,0.53,True
1789135521955,105.04,14.24,True
1789135521990,105.03,52.33,True
1789135522007,105.04,215.82,False
1789135522062,105.03,19.04,True
1789135522091,105.04,0.05,False
1789135522172,105.03,565.75,True
1789135522250,105.02,490.84,True
1789135522251,105.03,151.98,True
1789135522255,105.01,0.42,True
1789135522260,105.0,1.8,True
1789135522295,105.01,84.93,False
1789135522367,105.01,2.15,True
1789135522439,105.02,122.55,False
1789135522606,105.03,0.05,False
1789135522749,105.03,23.29,False
1789135522873,105.03,135.41,True
1789135522903,105.03,0.05,False
1789135523055,105.02,22.54,True
1789135523070,105.01,0.88,True
1789135523072,105.01,0.1,False
1789135523082,105.0,0.52,True
1789135523118,105.01,0.05,False
1789135523261,105.01,2.92,False
1789135523381,105.0,352.45,True
1789135523467,104.99,223.42,True
1789135523470,104.99,122.92,False
1789135523564,105.0,45.54,False
1789135523575,104.99,649.17,True
1789135523662,105.0,121.14,False
1789135523664,104.99,0.23,True
1789135523810,105.0,0.05,False
1789135523972,105.0,29.05,False
1789135524048,104.99,2.18,True
1789135524145,105.0,0.05,False
1789135524175,104.99,154.61,True
1789135524397,104.99,1.16,True
1789135524636,104.99,85.72,True
1789135524659,105.0,0.05,False
1789135524714,104.99,2.63,True
1789135524716,105.0,39.15,False
1789135524779,104.99,95.17,True
1789135524846,105.0,52.47,False
1789135525041,104.99,20.0,True
1789135525082,105.0,0.83,False
1789135525133,104.99,5.19,True
1789135525143,105.0,28.47,False
1789135525157,104.99,19.9,True
1789135525172,105.0,0.53,False
1789135525298,104.99,178.99,True
1789135525311,104.98,147.65,True
1789135525315,104.97,65.97,True
1789135525344,104.96,3.94,True
1789135525356,104.97,3.59,False
1789135525391,104.96,6.27,True
1789135525402,104.97,0.45,False
1789135525416,104.96,4.24,True
1789135525459,104.97,5.03,False
1789135525491,104.96,76.77,True
1789135525496,104.97,1.49,False
1789135525533,104.96,2.16,True
1789135525569,104.97,0.45,False
1789135525584,104.96,42.87,True
1789135525719,104.96,19.76,True
1789135525746,104.97,53.01,False
1789135525812,104.98,0.13,False
1789135525820,104.97,0.55,True
1789135525868,104.98,10.15,False
1789135525907,104.99,179.01,False
1789135525941,105.0,0.86,False
1789135526080,104.99,0.06,True
1789135526087,105.0,33.04,False
1789135526183,104.99,160.1,True
1789135526196,105.0,0.05,False
1789135526230,104.99,19.87,True
1789135526432,104.99,5.53,True
1789135526614,104.99,0.27,True
1789135526669,105.0,3.05,False
1789135526755,104.99,8.36,True
1789135526806,105.0,15.0,False
1789135526845,104.99,52.88,True
1789135527085,104.99,3.72,True
1789135527228,105.0,0.05,False
1789135527388,104.99,10.0,True
1789135527400,105.0,1.85,False
1789135527446,104.99,1.16,True
1789135527578,105.0,3.0,False
1789135527609,104.99,5.56,True
1789135527702,105.0,150.75,False
1789135527767,104.99,2.6,True
1789135527815,105.0,47.39,False
1789135527913,104.99,687.89,True
1789135528081,104.99,1.15,False
1789135528094,104.98,0.42,True
1789135528111,104.99,293.0,False
1789135528163,104.98,0.75,True
1789135528195,104.99,9.77,False
1789135528247,104.98,90.79,True
1789135528253,104.99,0.05,False
1789135528257,104.97,2.04,True
1789135528313,104.96,161.61,True
1789135528432,104.97,0.71,False
1789135528438,104.96,5.09,True
1789135528616,104.96,402.37,True
1789135528620,104.96,1.71,False
1789135528727,104.95,2.95,True
1789135528734,104.96,30.61,False
1789135528762,104.95,0.36,True
1789135528766,104.96,0.05,False
1789135528770,104.95,146.38,True
1789135528888,104.96,39.33,False
1789135528947,104.95,17.08,True
1789135529083,104.95,0.26,False
1789135529100,104.94,134.85,True
1789135529104,104.93,150.8,True
1789135529138,104.92,0.16,True
1789135529205,104.93,0.2,False
1789135529297,104.92,105.65,True
1789135529320,104.91,54.55,True
1789135529328,104.91,0.5,False
1789135529415,104.9,39.88,True
1789135529439,104.91,211.4,False
1789135529475,104.9,1.16,True
1789135529578,104.9,0.05,True
1789135529720,104.91,0.05,False
1789135529723,104.9,3.71,True
1789135529777,104.91,0.05,False
1789135529806,104.9,0.24,True
1789135529954,104.9,2.01,True
1789135530059,104.9,7.39,True
1789135530129,104.91,299.09,False
1789135530201,104.92,0.11,False
1789135530316,104.92,0.8,False
1789135530393,104.91,2.0,True
1789135530425,104.92,96.98,False
1789135530488,104.92,2.12,True
1789135530541,104.93,10.06,False
1789135530820,104.93,646.76,False
1789135530872,104.94,127.1,False
1789135530873,104.95,336.75,False
1789135530882,104.96,85.07,True
1789135530884,104.96,1.56,True
1789135530896,104.96,670.25,False
1789135530951,104.97,170.85,False
1789135530978,104.98,1.38,False
1789135530998,104.97,26.93,True
1789135531197,104.98,5.57,False
1789135531303,104.98,50.71,False
1789135531401,104.97,20.74,True
1789135531493,104.98,138.64,False
1789135531502,104.98,15.89,True
1789135531618,104.98,125.01,True
1789135531687,104.99,19.13,False
1789135531710,104.98,5.63,True
1789135531754,104.99,290.34,False
1789135531987,104.98,3.55,True
1789135532024,104.99,19.17,False
1789135532050,104.98,22.87,True
1789135532086,104.99,1.29,False
1789135532099,104.98,26.24,True
1789135532183,104.99,2.42,False
1789135532225,104.98,6.88,True
1789135532241,104.99,6.08,False
1789135532338,104.99,14.45,True
1789135532358,105.0,0.36,False
1789135532368,104.99,153.93,True
1789135532437,105.0,573.73,False
1789135532440,105.01,18.75,False
1789135532451,105.02,0.79,False
1789135532516,105.01,32.66,True
1789135532629,105.01,253.96,True
1789135532732,105.0,1.65,True
1789135532740,104.99,36.58,True
1789135532815,104.99,2.0,False
1789135532822,104.98,29.69,True
1789135532873,104.98,0.05,False
1789135532903,104.97,1.93,True
1789135532921,104.96,93.03,True
1789135533088,104.95,42.77,True
1789135533130,104.94,174.66,True
1789135533192,104.95,1.15,False
1789135533302,104.95,24.9,False
1789135533406,104.94,2.36,True
1789135533445,104.95,2.87,False
1789135533482,104.94,23.7,True
1789135533499,104.93,30.37,True
1789135533511,104.92,3.01,True
1789135533519,104.93,0.07,False
1789135533529,104.92,1.16,True
1789135533641,104.93,18.55,False
1789135533643,104.94,1.95,False
1789135533802,104.94,25.0,True
1789135533804,104.95,1.71,False
1789135534184,104.94,2.22,True
1789135534190,104.95,3.84,False
1789135534234,104.94,51.9,True
1789135534252,104.95,0.47,False
1789135534363,104.94,1.27,True
1789135534379,104.95,1.79,False
1789135534400,104.94,0.43,True
1789135534412,104.95,0.05,False
1789135534445,104.94,39.0,True
1789135534529,104.95,0.05,False
1789135534542,104.94,1.16,True
1789135534639,104.95,0.08,False
1789135534783,104.94,8.14,True
1789135534927,104.95,1.17,False
1789135535041,104.95,0.42,False
1789135535064,104.94,356.99,True
1789135535167,104.94,146.35,True
1789135535180,104.94,0.51,False
1789135535233,104.93,6.49,True
1789135535249,104.93,1.97,False
1789135535274,104.92,22.25,True
1789135535286,104.92,0.1,False
1789135535360,104.91,27.76,True
1789135535377,104.9,80.59,True
1789135535440,104.9,0.05,False
1789135535446,104.89,8.05,True
1789135535556,104.9,1.16,True
1789135535573,104.91,0.98,False
1789135535595,104.9,46.8,True
1789135535623,104.89,4.12,True
1789135535646,104.89,15.93,False
1789135535914,104.89,3.92,False
1789135536045,104.9,173.15,False
1789135536048,104.91,69.62,False
1789135536062,104.91,16.35,True
1789135536140,104.92,2.91,False
1789135536141,104.91,61.63,True
1789135536270,104.92,5.82,False
1789135536387,104.92,0.52,False
1789135536469,104.91,10.2,True
1789135536570,104.91,1.16,True
1789135536592,104.92,3.28,False
1789135536763,104.92,0.15,False
1789135536903,104.91,1.36,True
1789135536981,104.92,5.52,False
1789135537139,104.92,0.45,False
1789135537209,104.91,3.38,True
1789135537368,104.91,10.93,True
1789135537494,104.92,21.25,False
1789135537585,104.91,1.16,True
1789135537633,104.92,0.42,False
1789135537694,104.91,469.13,True
1789135537822,104.91,174.63,False
1789135537955,104.9,122.98,True
1789135538006,104.89,0.05,False
1789135538011,104.88,23.72,True
1789135538053,104.89,1.28,False
1789135538054,104.88,50.14,True
1789135538195,104.88,19.79,True
1789135538302,104.88,1236.62,True
1789135538310,104.88,16.33,False
1789135538436,104.87,57.69,True
1789135538470,104.86,4.19,True
1789135538485,104.87,49.51,False
1789135538601,104.86,1.16,True
1789135538607,104.87,119.38,False
1789135538739,104.88,71.44,False
1789135538753,104.89,246.1,False
1789135538890,104.9,2.78,False
1789135538983,104.89,0.72,True
1789135539001,104.9,0.66,False
1789135539058,104.89,1.96,True
1789135539096,104.89,0.61,False
1789135539108,104.88,21.71,True
1789135539181,104.86,0.67,True
1789135539283,104.87,0.51,False
1789135539336,104.86,60.02,True
1789135539337,104.85,278.63,True
1789135539342,104.85,152.43,False
1789135539414,104.85,336.62,True
1789135539548,104.86,0.54,False
1789135539614,104.85,1.16,True
1789135539652,104.86,0.07,False
1789135539708,104.85,11.96,True
1789135539745,104.84,13.4,True
1789135539766,104.83,73.87,True
1789135539773,104.82,0.19,True
1789135539818,104.83,403.59,False
1789135539830,104.83,0.87,True
1789135539871,104.82,18.08,True
1789135540030,104.83,0.16,False
1789135540058,104.82,449.48,True
1789135540065,104.82,0.12,False
1789135540119,104.81,6.57,True
1789135540138,104.82,120.9,False
1789135540218,104.81,0.22,True
1789135540262,104.82,171.0,False
1789135540335,104.81,4.0,True
1789135540358,104.82,130.89,False
1789135540526,104.82,0.52,False
1789135540618,104.81,74.55,True
1789135540621,104.8,181.57,True
1789135540632,104.8,0.05,False
1789135540691,104.79,0.47,True
1789135540762,104.8,2.8,False
1789135540824,104.79,5.94,True
1789135540874,104.79,0.4,False
1789135540891,104.78,91.73,True
1789135540991,104.77,3.11,True
1789135541035,104.78,3.14,False
1789135541129,104.77,24.29,True
1789135541321,104.78,0.44,False
1789135541373,104.77,5.31,True
1789135541417,104.78,5.47,False
1789135541439,104.77,156.55,True
1789135541509,104.78,353.43,False
1789135541568,104.79,1.79,False
1789135541649,104.78,1.53,True
1789135541771,104.78,32.83,True
1789135541785,104.79,153.82,False
1789135541825,104.8,6.24,False
1789135541933,104.8,566.11,False
1789135541939,104.81,17.02,False
1789135541957,104.8,0.06,True
1789135541977,104.81,0.35,False
1789135542009,104.8,304.56,True
1789135542092,104.81,263.02,False
1789135542093,104.81,0.66,True
1789135542117,104.82,0.05,False
1789135542172,104.81,256.83,True
1789135542319,104.82,65.12,False
1789135542355,104.83,83.76,False
1789135542428,104.84,8.66,False
1789135542455,104.84,0.47,True
1789135542473,104.85,281.23,False
1789135542484,104.85,15.58,True
1789135542601,104.86,0.56,False
1789135542614,104.85,100.0,True
1789135542628,104.86,0.1,False
1789135542642,104.85,49.53,True
1789135542708,104.86,0.93,False
1789135542778,104.85,54.79,True
1789135542881,104.85,0.1,True
1789135543022,104.85,0.11,True
1789135543134,104.85,0.23,True
1789135543143,104.86,0.44,False
1789135543194,104.85,31.11,True
1789135543424,104.86,1.15,False
1789135543449,104.85,759.69,True
1789135543452,104.84,84.65,True
1789135543542,104.85,23.44,False
1789135543576,104.86,9.53,False
1789135543604,104.85,11.18,True
1789135543642,104.86,0.05,False
1789135543679,104.85,120.69,True
1789135543739,104.86,4.77,False
1789135543840,104.86,0.05,False
1789135543863,104.85,1.53,True
1789135543941,104.86,0.08,False
1789135544014,104.85,0.22,True
1789135544047,104.86,237.52,False
1789135544086,104.85,95.46,True
1789135544144,104.86,17.86,False
1789135544253,104.85,41.89,True
1789135544357,104.86,0.53,False
1789135544416,104.85,46.06,True
1789135544536,104.85,3.0,True
1789135544545,104.86,16.36,False
1789135544569,104.86,25.72,True
1789135544602,104.87,6.47,False
1789135544625,104.86,30.51,True
1789135544684,104.87,0.05,False
1789135544692,104.86,1.16,True
1789135544702,104.87,7.02,False
1789135544941,104.86,4.79,True
1789135545164,104.87,20.12,False
1789135545192,104.86,6.64,True
1789135545196,104.87,0.05,False
1789135545218,104.86,17.53,True
1789135545341,104.86,12.4,True
1789135545610,104.87,252.62,False
1789135545707,104.86,1.16,True
1789135545719,104.87,0.26,False
1789135545747,104.86,5.23,True
1789135545793,104.87,0.07,False
1789135545805,104.86,9.5,True
1789135545844,104.87,5.05,False
1789135545884,104.86,2.5,True
1789135545935,104.87,23.96,False
1789135546077,104.86,1067.36,True
1789135546090,104.85,1.97,True
1789135546131,104.86,0.47,False
1789135546163,104.85,12.33,True
1789135546200,104.85,23.84,False
1789135546211,104.84,1.17,True
1789135546220,104.84,1.07,False
1789135546254,104.83,39.6,True
1789135546295,104.84,0.66,False
1789135546450,104.83,23.1,True
1789135546476,104.84,11.8,False
1789135546491,104.83,189.37,True
1789135546547,104.82,20.62,True
1789135546593,104.81,12.73,True
1789135546674,104.82,153.14,False
1789135546697,104.83,31.35,False
1789135546733,104.83,207.67,True
1789135546738,104.82,1.16,True
1789135546746,104.83,0.05,False
1789135546812,104.82,357.37,True
1789135546814,104.81,8.9,True
1789135546818,104.82,0.65,False
1789135546960,104.81,16.25,True
1789135547068,104.82,5.9,False
1789135547144,104.83,17.13,False
1789135547248,104.84,0.05,False
1789135547249,104.83,0.74,True
1789135547304,104.84,70.09,False
1789135547337,104.84,21.82,True
1789135547428,104.85,106.75,False
1789135547527,104.86,400.85,False
1789135547529,104.87,421.35,False
1789135547553,104.87,61.61,True
1789135547667,104.87,49.0,True
1789135547740,104.88,8.43,False
1789135547760,104.88,1.16,True
1789135547845,104.89,0.05,False
1789135547953,104.88,133.4,True
1789135548000,104.89,15.43,False
1789135548123,104.9,11.07,False
1789135548125,104.91,0.08,False
1789135548135,104.9,30.0,True
1789135548146,104.91,43.31,False
1789135548275,104.91,0.37,False
1789135548298,104.92,27.53,False
1789135548496,104.92,0.18,False
1789135548519,104.91,28.1,True
1789135548551,104.92,1.17,False
1789135548724,104.92,0.48,False
1789135548774,104.91,1.16,True
1789135548789,104.92,0.05,False
1789135548849,104.91,177.85,True
1789135548850,104.9,188.88,True
1789135548851,104.89,41.85,True
1789135548880,104.89,0.2,False
1789135548908,104.88,9.89,True
1789135549113,104.89,39.78,False
1789135549251,104.88,13.99,True
1789135549326,104.89,1.11,False
1789135549419,104.88,8.55,True
1789135549522,104.89,0.36,False
1789135549556,104.88,9.5,True
1789135549611,104.89,10.0,False
1789135549622,104.88,414.26,True
1789135549744,104.89,6.47,False
1789135549787,104.88,100.41,True
1789135549823,104.88,13.93,False
1789135549948,104.88,22.85,False
1789135549990,104.87,48.68,True
1789135550090,104.86,6379.35,True
1789135550097,104.86,0.86,False
1789135550112,104.85,18.11,True
1789135550148,104.84,35.9,True
1789135550206,104.84,198.4,False
1789135550280,104.83,229.7,True
1789135550295,104.84,65.06,False
1789135550467,104.84,4.81,False
1789135550563,104.83,242.13,True
1789135550679,104.83,50.27,True
1789135550719,104.83,0.1,False
1789135550800,104.82,34.15,True
1789135550842,104.83,0.99,False
1789135550854,104.82,10.34,True
1789135550859,104.83,4.51,False
1789135550899,104.82,1.55,True
1789135550932,104.83,4.95,False
1789135550943,104.82,0.39,True
1789135551006,104.83,0.09,False
1789135551047,104.82,92.81,True
1789135551098,104.83,155.05,False
1789135551168,104.82,18.13,True
1789135551190,104.83,384.66,False
1789135551201,104.83,243.0,True
1789135551354,104.84,0.05,False
1789135551513,104.83,0.36,True
1789135551531,104.84,0.05,False
1789135551546,104.83,28.42,True
1789135551595,104.84,4.77,False
1789135551602,104.83,0.82,True
1789135551610,104.84,0.05,False
1789135551737,104.84,317.49,False
1789135551751,104.83,28.82,True
1789135551861,104.84,9.6,False
1789135552022,104.84,1.22,False
1789135552072,104.83,665.43,True
1789135552122,104.84,0.05,False
1789135552155,104.83,5.24,True
1789135552196,104.84,3.05,False
1789135552230,104.83,3.01,True
1789135552277,104.84,0.06,False
1789135552281,104.83,248.59,True
1789135552371,104.84,0.12,False
1789135552476,104.84,0.05,False
1789135552761,104.84,7.18,False
1789135552828,104.83,3.82,True
1789135552898,104.84,0.1,False
1789135552947,104.83,3.07,True
1789135553073,104.84,14.88,False
1789135553188,104.84,240.66,False
1789135553269,104.85,224.74,False
1789135553294,104.85,184.11,True
1789135553358,104.86,3.0,False
1789135553375,104.85,0.06,True
1789135553411,104.86,9.39,False
1789135553431,104.85,0.59,True
1789135553509,104.84,21.99,True
1789135553841,104.84,1.16,True
1789135553937,104.85,0.05,False
1789135553997,104.84,21.21,True
1789135554165,104.84,60.85,True
1789135554182,104.83,0.47,True
1789135554204,104.84,0.1,False
1789135554255,104.83,124.66,True
1789135554266,104.82,1.23,True
1789135554330,104.83,1.71,False
1789135554347,104.82,0.05,True
1789135554438,104.83,0.97,False
1789135554551,104.83,3.45,False
1789135554631,104.82,650.24,True
1789135554715,104.83,0.25,False
1789135554727,104.82,44.88,True
1789135554781,104.83,2.6,False
1789135554855,104.82,85.38,True
1789135554867,104.83,6.52,False
1789135554953,104.82,11.49,True
1789135555151,104.83,5.84,False
1789135555161,104.82,5.0,True
1789135555238,104.83,0.05,False
1789135555254,104.82,269.31,True
1789135555302,104.81,330.26,True
1789135555327,104.81,12.53,False
1789135555422,104.8,3.45,True
1789135555466,104.81,0.05,False
1789135555551,104.8,10.37,True
1789135555731,104.81,7.65,False
1789135555840,104.8,203.96,True
1789135555842,104.79,188.77,True
1789135555846,104.77,108.57,True
1789135555853,104.76,448.49,True
1789135555858,104.75,608.2,True
1789135555867,104.74,163.16,True
1789135555881,104.75,4.86,True
1789135555899,104.76,17.69,False
1789135555901,104.75,66.33,True
1789135555903,104.74,0.05,True
1789135555908,104.75,3.98,False
1789135555919,104.77,1.36,True
1789135555963,104.78,452.0,False
1789135555996,104.78,12.0,True
1789135555999,104.79,6.37,False
1789135556012,104.8,0.05,False
1789135556013,104.79,85.88,True
1789135556018,104.79,0.17,False
1789135556030,104.8,41.77,False
1789135556081,104.8,471.68,True
1789135556170,104.8,211.43,False
1789135556242,104.79,1.13,True
1789135556244,104.79,0.75,False
1789135556327,104.78,159.92,True
1789135556444,104.79,50.05,False
1789135556672,104.78,5.75,True
1789135556686,104.79,130.02,False
1789135556746,104.8,37.59,False
1789135556767,104.8,23.42,True
1789135556935,104.8,1.16,True
1789135557006,104.81,0.05,False
1789135557108,104.8,2.0,True
1789135557145,104.81,3.0,False
1789135557317,104.8,133.99,True
1789135557336,104.81,2.75,False
1789135557410,104.8,54.96,True
1789135557446,104.8,0.05,False
1789135557448,104.79,23.19,True
1789135557518,104.79,0.14,False
1789135557519,104.78,0.06,True
1789135557618,104.78,9.69,True
1789135557623,104.79,4.77,False
1789135557662,104.78,5.85,True
1789135557684,104.78,0.18,False
1789135557747,104.77,0.19,True
1789135557751,104.78,7.63,False
1789135557774,104.77,9.27,True
1789135557949,104.77,1.16,True
1789135558032,104.78,0.05,False
1789135558073,104.77,23.63,True
1789135558098,104.77,30.16,False
1789135558255,104.76,133.7,True
1789135558350,104.77,7.36,False
1789135558390,104.77,8.9,True
1789135558509,104.77,48.72,True
1789135558512,104.76,17.36,False
1789135558589,104.75,9.54,True
1789135558704,104.75,8.52,True
1789135558725,104.76,10.84,False
1789135558738,104.77,10.09,False
1789135558820,104.77,29.98,True
1789135558837,104.78,17.47,False
1789135558844,104.78,0.05,True
1789135558932,104.79,0.14,False
1789135558962,104.78,11.16,True
1789135559059,104.79,0.27,False
1789135559186,104.78,112.51,True
1789135559387,104.78,0.08,True
1789135559396,104.79,2.29,False
1789135559461,104.78,9.08,True
1789135559482,104.79,5.77,False
1789135559626,104.79,135.04,False
1789135559691,104.78,23.05,True
1789135559790,104.77,0.1,True
1789135559880,104.78,13.83,False
1789135559974,104.77,3.54,True
1789135559996,104.78,6.47,False
1789135560108,104.78,0.19,False
1789135560177,104.77,102.96,True
1789135560205,104.78,72.73,False
1789135560213,104.79,5.83,False
1789135560262,104.79,1.02,True
1789135560265,104.8,38.51,False
1789135560298,104.81,19.74,False
1789135560321,104.8,112.45,True
1789135560478,104.81,5.17,False
1789135560482,104.8,11.45,True
1789135560525,104.81,7.66,False
1789135560544,104.82,20.89,False
1789135560554,104.83,7.08,False
1789135560713,104.83,146.17,False
1789135560737,104.82,92.57,True
1789135560753,104.83,121.15,False
1789135560755,104.83,5.53,True
1789135560946,104.83,209.54,True
1789135560955,104.82,147.91,True
1789135560986,104.82,0.1,False
1789135560997,104.81,10.38,True
1789135561035,104.8,15.14,True
1789135561069,104.79,10.58,True
1789135561097,104.78,12.78,True
1789135561114,104.78,0.05,False
1789135561168,104.77,99.23,True
1789135561274,104.77,0.5,False
1789135561295,104.76,38.08,True
1789135561296,104.77,471.74,False
1789135561367,104.78,0.62,False
1789135561374,104.78,0.4,True
1789135561411,104.79,1.94,False
1789135561414,104.78,39.61,True
1789135561453,104.79,0.72,False
1789135561470,104.8,13.35,False
1789135561590,104.79,9.5,True
1789135561762,104.8,165.2,False
1789135561813,104.81,21.91,False
1789135561819,104.82,7.9,False
1789135561866,104.81,87.48,True
1789135561868,104.82,0.05,False
1789135561899,104.81,18.46,True
1789135561919,104.81,44.4,False
1789135561947,104.8,0.42,True
1789135561961,104.81,63.32,False
1789135562034,104.82,0.2,False
1789135562065,104.81,532.76,True
1789135562086,104.82,9.35,False
1789135562115,104.81,3.43,True
1789135562141,104.82,0.05,False
1789135562179,104.81,86.17,True
1789135562196,104.82,0.63,False
1789135562408,104.81,12.76,True
1789135562472,104.82,2.37,False
1789135562498,104.81,1.88,True
1789135562516,104.82,113.97,False
1789135562596,104.81,100.0,True
1789135562615,104.82,0.12,False
1789135562628,104.81,1.74,True
1789135562655,104.82,1.21,False
1789135562682,104.81,0.23,True
1789135562700,104.82,228.92,False
1789135562751,104.83,76.22,False
1789135562808,104.84,94.06,False
1789135562819,104.83,189.25,True
1789135562936,104.83,6.86,True
1789135562990,104.84,23.86,False
1789135563028,104.83,1.16,True
1789135563102,104.84,4.75,False
1789135563124,104.83,1.9,True
1789135563128,104.84,27.51,False
1789135563132,104.85,0.91,False
1789135563140,104.84,78.7,True
1789135563143,104.85,0.47,False
1789135563281,104.84,4.89,True
1789135563382,104.85,287.55,False
1789135563539,104.84,1.74,True
1789135563585,104.85,0.39,False
1789135563607,104.84,403.88,True
1789135563622,104.83,13.18,True
1789135563743,104.83,97.42,True
1789135563750,104.82,25.52,True
1789135563771,104.82,21.98,False
1789135563782,104.81,0.55,True
1789135563784,104.82,3.69,False
1789135563797,104.81,18.63,True
1789135563800,104.81,0.1,False
1789135563828,104.8,27.88,True
1789135563833,104.8,10.0,False
1789135563850,104.79,30.38,True
1789135563874,104.79,24.49,False
1789135563890,104.78,127.46,True
1789135563893,104.78,577.89,False
1789135563955,104.77,44.23,True
1789135563962,104.76,0.09,True
1789135564002,104.77,0.73,False
1789135564043,104.76,1.16,True
1789135564047,104.77,2.04,False
1789135564057,104.76,8.92,True
1789135564070,104.77,668.86,False
1789135564090,104.77,106.42,True
1789135564173,104.77,3.58,False
1789135564240,104.76,43.0,True
1789135564245,104.76,0.1,False
1789135564428,104.75,10.0,True
1789135564440,104.76,37.0,False
1789135564512,104.75,526.75,True
1789135564519,104.75,0.05,False
1789135564588,104.74,24.98,True
1789135564592,104.73,167.8,True
1789135564593,104.74,0.05,False
1789135564594,104.72,223.03,True
1789135564600,104.71,30.26,True
1789135564608,104.72,185.53,False
1789135564651,104.73,0.12,False
1789135564759,104.72,110.19,True
1789135564802,104.71,234.15,True
1789135564872,104.71,427.34,False
1789135564918,104.71,0.33,True
1789135564966,104.72,3.39,False
1789135564976,104.73,6.55,False
1789135565026,104.74,116.87,False
1789135565058,104.73,1.16,True
1789135565128,104.74,6.47,False
1789135565187,104.73,92.61,True
1789135565191,104.72,1.54,True
1789135565217,104.72,8.44,False
1789135565242,104.71,46.51,True
1789135565255,104.7,98.31,True
1789135565259,104.69,47.38,True
1789135565264,104.68,59.37,True
1789135565293,104.69,20.15,False
1789135565356,104.68,18.61,True
1789135565389,104.69,14.85,False
1789135565403,104.7,61.27,False
1789135565412,104.71,0.44,False
1789135565413,104.71,223.81,True
1789135565528,104.71,77.52,True
1789135565715,104.71,1.21,True
1789135565823,104.72,1.08,False
1789135565928,104.72,0.11,False
1789135565939,104.71,7.33,True
1789135565944,104.72,42.96,False
1789135566062,104.72,0.07,False
1789135566075,104.71,199.29,True
1789135566237,104.71,92.58,True
1789135566247,104.72,0.05,False
1789135566249,104.71,18.48,True
1789135566471,104.72,52.03,False
1789135566486,104.72,39.51,True
1789135566532,104.73,148.0,False
1789135566556,104.74,11.31,False
1789135566568,104.74,879.64,True
1789135566624,104.75,8.85,False
1789135566694,104.74,104.51,True
1789135566761,104.75,0.05,False
1789135566928,104.74,7.88,True
1789135566992,104.75,0.05,False
1789135567066,104.74,231.9,True
1789135567081,104.74,4.77,False
1789135567090,104.73,1.16,True
1789135567138,104.74,324.24,False
1789135567208,104.75,9.52,False
1789135567251,104.74,0.72,True
1789135567274,104.75,0.05,False
1789135567321,104.74,58.18,True
1789135567392,104.75,1.49,False
1789135567447,104.74,4.42,True
1789135567494,104.75,43.63,False
1789135567586,104.75,0.57,True
1789135567668,104.76,100.16,False
1789135567734,104.75,0.06,True
1789135567742,104.76,4.77,False
1789135567747,104.75,133.71,True
1789135567874,104.76,0.05,False
1789135567883,104.75,9.13,True
1789135567903,104.75,3.31,False
1789135568104,104.75,1.7,True
1789135568215,104.75,0.48,True
1789135568301,104.76,65.13,False
1789135568328,104.75,43.9,True
1789135568346,104.74,89.5,True
1789135568362,104.73,32.67,True
1789135568477,104.72,75.46,True
1789135568554,104.73,15.33,False
1789135568564,104.74,8.38,False
1789135568573,104.75,5.0,False
1789135568813,104.75,0.05,False
1789135568895,104.74,93.13,True
1789135568989,104.73,2.63,True
1789135569031,104.73,0.27,False
1789135569088,104.73,1.69,True
1789135569140,104.74,4.05,False
1789135569193,104.73,36.9,True
1789135569243,104.74,30.84,False
1789135569327,104.74,0.05,False
1789135569440,104.74,0.74,False
1789135569564,104.73,29.33,True
1789135569646,104.72,23.56,True
1789135569733,104.73,136.8,False
1789135569745,104.73,24.61,True
1789135569814,104.74,13.66,False
1789135569854,104.73,44.71,True
1789135569874,104.74,1.52,False
1789135569983,104.73,5.12,True
1789135570012,104.74,26.95,False
1789135570022,104.73,3.23,True
1789135570061,104.74,71.25,False
1789135570092,104.73,0.94,True
1789135570100,104.74,13.68,False
1789135570132,104.73,1.16,True
1789135570259,104.74,6.49,False
1789135570269,104.73,7.54,True
1789135570355,104.74,0.05,False
1789135570403,104.73,20.39,True
1789135570561,104.74,3.88,False
1789135570618,104.73,219.96,True
1789135570741,104.72,0.95,True
1789135570782,104.73,1.58,False
1789135570805,104.72,35.13,True
1789135570829,104.72,0.06,False
1789135570840,104.71,49.94,True
1789135570842,104.7,0.22,True
1789135570862,104.71,0.12,False
1789135570879,104.7,74.83,True
1789135570948,104.7,0.27,False
1789135570953,104.69,15.05,True
1789135570960,104.7,0.27,False
1789135570963,104.69,48.91,True
1789135571000,104.69,0.13,False
1789135571077,104.68,0.25,True
1789135571094,104.69,6.94,False
1789135571147,104.68,1.34,True
1789135571165,104.69,0.95,False
1789135571188,104.68,54.13,True
1789135571320,104.69,2.68,False
1789135571328,104.68,42.87,True
1789135571329,104.64,429.87,True
1789135571330,104.66,7.79,False
1789135571336,104.64,101.63,False
1789135571337,104.64,19.1,True
1789135571339,104.65,7.12,False
1789135571340,104.65,7.93,True
1789135571341,104.66,0.05,False
1789135571358,104.65,0.07,True
1789135571361,104.66,189.08,False
1789135571477,104.67,165.96,False
1789135571540,104.68,13.56,False
1789135571679,104.69,310.17,False
1789135571688,104.7,0.45,False
1789135571705,104.69,2.23,True
1789135571799,104.7,273.06,False
1789135571905,104.71,118.6,False
1789135571911,104.72,0.91,False
1789135571923,104.71,1009.83,True
1789135571933,104.72,481.94,False
1789135572034,104.72,9.55,True
1789135572062,104.73,123.24,False
1789135572104,104.74,126.93,False
1789135572135,104.74,464.06,True
1789135572166,104.73,4.1,True
1789135572228,104.72,1.87,True
1789135572276,104.73,17.91,False
1789135572387,104.72,26.53,True
1789135572408,104.72,3.66,False
1789135572417,104.71,13.89,True
1789135572529,104.71,2.57,True
1789135572543,104.72,63.45,False
1789135572562,104.71,74.76,True
1789135572597,104.72,0.28,False
1789135572599,104.71,3.45,True
1789135572618,104.72,3.53,False
1789135572671,104.71,5.88,True
1789135572809,104.72,1.0,False
1789135572825,104.71,40.21,True
1789135572920,104.72,0.05,False
1789135572949,104.71,25.0,True
1789135572978,104.72,1.82,False
1789135572999,104.71,1.31,True
1789135573083,104.72,3.78,False
1789135573184,104.71,161.1,True
1789135573231,104.7,14.75,True
1789135573298,104.71,2.85,False
1789135573323,104.7,276.37,True
1789135573329,104.71,22.58,False
1789135573340,104.7,172.58,True
1789135573344,104.7,2.41,False
1789135573430,104.7,29.6,True
1789135573436,104.71,0.05,False
1789135573597,104.71,0.83,False
1789135573642,104.71,8.53,False
1789135573660,104.72,1.89,False
1789135573668,104.71,34.83,True
1789135573690,104.72,4.77,False
1789135573727,104.71,0.96,True
1789135573798,104.72,0.05,False
1789135573864,104.71,0.96,True
1789135573965,104.72,0.05,False
1789135573991,104.71,16.26,True
1789135574032,104.7,30.47,True
1789135574044,104.7,0.05,False
1789135574071,104.69,1.53,True
1789135574076,104.7,3.8,False
1789135574197,104.69,1.16,True
1789135574241,104.7,1.56,False
1789135574463,104.7,0.05,False
1789135574467,104.69,4.77,True
1789135574542,104.7,0.84,False
1789135574549,104.69,38.68,True
1789135574676,104.69,2.48,True
1789135574693,104.7,3.47,False
1789135574846,104.69,477.5,True
1789135574975,104.7,0.05,False
1789135574978,104.69,16.92,True
1789135575153,104.7,21.13,False
1789135575206,104.69,31.16,True
1789135575216,104.7,0.68,False
1789135575320,104.69,10.36,True
1789135575430,104.69,1.77,True
1789135575489,104.7,0.05,False
1789135575527,104.69,55.37,True
1789135575537,104.7,0.69,False
1789135575652,104.69,435.91,True
1789135575659,104.69,5.14,False
1789135575726,104.68,2.19,True
1789135575840,104.68,31.71,True
1789135575846,104.68,0.15,False
1789135575855,104.67,1.8,True
1789135575871,104.68,6.23,False
1789135576006,104.68,2.62,False
1789135576115,104.68,399.13,False
1789135576194,104.69,76.61,False
1789135576220,104.7,22.15,False
1789135576232,104.7,1.16,True
1789135576237,104.71,6.96,False
1789135576259,104.72,72.16,False
1789135576268,104.72,954.41,True
1789135576285,104.72,11.8,True
1789135576393,104.72,0.25,False
1789135576421,104.71,37.55,True
1789135576461,104.72,6.0,False
1789135576463,104.71,0.64,True
1789135576475,104.72,250.59,False
1789135576515,104.73,0.89,False
1789135576525,104.72,22.13,True
1789135576616,104.73,10.09,False
1789135576636,104.72,9.5,True
1789135576768,104.72,25.55,True
1789135576995,104.73,12.07,False
1789135577014,104.72,1.5,True
1789135577030,104.73,0.05,False
1789135577047,104.72,1.43,True
1789135577184,104.73,1.43,False
1789135577246,104.72,370.06,True
1789135577270,104.71,178.34,True
1789135577412,104.7,12.73,True
1789135577462,104.69,33.98,True
1789135577469,104.7,0.05,False
1789135577516,104.69,121.62,True
1789135577536,104.7,0.05,False
1789135577537,104.69,23.84,True
1789135577544,104.69,0.05,False
1789135577580,104.68,13.91,True
1789135577583,104.68,13.19,False
1789135577703,104.68,6.02,False
1789135577807,104.67,0.84,True
1789135577938,104.68,5.71,False
1789135577978,104.67,48.4,True
1789135578031,104.68,134.05,False
1789135578041,104.67,3.72,True
1789135578057,104.68,0.05,False
1789135578066,104.67,1.74,True
1789135578230,104.67,6.65,True
1789135578322,104.68,49.29,False
1789135578430,104.67,26.59,True
1789135578437,104.68,0.05,False
1789135578571,104.68,19.22,False
1789135578690,104.67,31.4,True
1789135578795,104.67,47.42,True
1789135578817,104.68,15.68,False
1789135578895,104.67,107.9,True
1789135579010,104.67,413.72,True
1789135579074,104.66,129.88,True
1789135579086,104.65,331.78,True
1789135579096,104.62,255.59,True
1789135579115,104.64,0.4,False
1789135579141,104.61,19.03,True
1789135579162,104.63,599.64,False
1789135579200,104.62,24.8,True
1789135579223,104.63,87.44,False
1789135579224,104.64,23.16,False
1789135579278,104.65,1.36,False
1789135579284,104.64,155.4,True
1789135579309,104.65,79.71,False
1789135579312,104.64,32.07,True
1789135579316,104.65,20.47,False
1789135579323,104.66,220.99,False
1789135579324,104.64,1.16,True
1789135579325,104.65,1.43,False
1789135579342,104.66,0.1,True
1789135579358,104.67,1.44,False
1789135579378,104.66,7.93,True
1789135579404,104.67,0.99,False
1789135579425,104.66,131.81,True
1789135579444,104.65,60.17,True
1789135579487,104.66,12.4,False
1789135579489,104.65,36.17,True
1789135579515,104.64,24.21,True
1789135579555,104.65,7.93,False
1789135579578,104.64,0.12,True
1789135579579,104.65,0.14,False
1789135579580,104.64,37.76,True
1789135579597,104.65,0.05,False
1789135579601,104.64,36.95,True
1789135579644,104.63,24.69,True
1789135579729,104.64,3.15,False
1789135579732,104.63,19.09,True
1789135579803,104.64,543.12,False
1789135579806,104.63,18.98,True
1789135579808,104.65,0.91,False
1789135579922,104.64,0.69,True
1789135579929,104.65,1.2,False
1789135580058,104.65,79.54,False
1789135580061,104.66,299.9,True
1789135580066,104.65,0.36,True
1789135580096,104.66,0.93,False
1789135580180,104.65,58.86,True
1789135580191,104.65,121.51,False
1789135580340,104.64,67.49,True
1789135580406,104.65,136.7,False
1789135580438,104.66,164.91,False
1789135580537,104.66,20.95,True
1789135580625,104.67,0.05,False
1789135580755,104.67,0.05,False
1789135580889,104.67,97.73,False
1789135580917,104.68,105.16,False
1789135581047,104.67,17.43,True
1789135581098,104.68,77.36,False
1789135581199,104.68,8.68,True
1789135581297,104.69,95.49,False
1789135581336,104.68,11.82,True
1789135581691,104.68,99.82,True
1789135581749,104.69,5.14,False
1789135581868,104.69,3.75,False
1789135581893,104.68,29.26,True
1789135581896,104.69,0.05,False
1789135582051,104.69,0.23,False
1789135582140,104.68,15.47,True
1789135582165,104.69,0.05,False
1789135582213,104.68,10.36,True
1789135582286,104.69,382.68,False
1789135582287,104.69,130.05,False
1789135582290,104.7,3.1,False
1789135582292,104.7,511.68,True
1789135582294,104.7,0.11,False
1789135582345,104.69,7.16,True
1789135582423,104.7,137.29,False
1789135582453,104.71,0.44,False
1789135582561,104.71,387.92,False
1789135582583,104.7,0.15,True
1789135582598,104.71,36.68,False
1789135582599,104.71,0.01,True
1789135582678,104.72,0.05,False
1789135582686,104.71,50.95,True
1789135582763,104.72,25.13,False
1789135582921,104.71,1.31,True
1789135583079,104.71,3.43,True
1789135583081,104.72,119.53,False
1789135583155,104.72,95.37,True
1789135583169,104.73,1.91,False
1789135583186,104.72,20.0,True
1789135583189,104.73,1.94,False
1789135583237,104.72,23.41,True
1789135583272,104.73,0.86,False
1789135583318,104.72,118.05,True
1789135583329,104.71,59.66,True
1789135583349,104.7,13.68,True
1789135583422,104.71,103.27,False
1789135583495,104.7,17.46,True
1789135583631,104.71,154.63,False
1789135583684,104.71,54.74,True
1789135583767,104.72,84.71,False
1789135583854,104.72,10.0,True
1789135583856,104.73,2.82,False
1789135583909,104.72,19.07,True
1789135583933,104.73,0.7,False
1789135584001,104.72,206.33,True
1789135584119,104.72,23.54,True
1789135584216,104.72,0.05,False
1789135584233,104.71,41.11,True
1789135584345,104.72,0.45,False
1789135584402,104.71,1.16,True
1789135584446,104.72,386.42,False
1789135584457,104.73,0.91,False
1789135584540,104.72,0.99,True
1789135584710,104.73,6.94,False
1789135584824,104.72,9.06,True
1789135584935,104.72,4.79,True
1789135584942,104.73,275.7,False
1789135584986,104.73,27.16,True
1789135585094,104.73,48.74,True
1789135585165,104.74,185.76,False
1789135585244,104.75,19.56,False
1789135585397,104.75,236.05,False
1789135585416,104.75,1.16,True
1789135585459,104.76,4.39,False
1789135585497,104.75,1.33,True
1789135585531,104.76,118.41,False
1789135585593,104.76,38.6,True
1789135585753,104.76,0.71,True
1789135585808,104.77,1.42,False
1789135585840,104.76,0.01,True
1789135585886,104.77,172.58,False
1789135585904,104.78,0.05,False
1789135585918,104.77,12.29,True
1789135585943,104.78,8.14,True
1789135586004,104.79,1.22,False
1789135586162,104.79,0.17,False
1789135586209,104.78,28.65,True
1789135586271,104.79,0.05,False
1789135586272,104.78,50.39,True
1789135586323,104.78,353.66,False
1789135586331,104.79,208.8,False
1789135586433,104.79,1.16,True
1789135586577,104.8,1.26,False
1789135586608,104.79,7.47,True
1789135586714,104.79,13.78,True
1789135586715,104.78,196.35,True
1789135586745,104.78,11.73,False
1789135586777,104.77,5.74,True
1789135586787,104.78,0.49,False
1789135586947,104.77,5.2,True
1789135587014,104.76,26.37,True
1789135587026,104.76,0.31,False
1789135587228,104.75,165.82,True
1789135587292,104.74,2.09,True
1789135587299,104.75,0.05,False
1789135587354,104.74,24.96,True
1789135587365,104.73,4.5,True
1789135587447,104.72,103.17,True
1789135587455,104.71,286.13,True
1789135587532,104.72,73.65,False
1789135587536,104.73,130.21,False
1789135587547,104.73,0.27,True
1789135587575,104.74,31.4,False
1789135587578,104.75,0.44,False
1789135587715,104.76,41.17,False
1789135587729,104.77,2.54,False
1789135587831,104.76,2.12,True
1789135587841,104.77,3.0,False
1789135587886,104.76,8.99,True
1789135587919,104.77,1.01,False
1789135587992,104.76,9.31,True
1789135588083,104.77,11.04,False
1789135588132,104.76,2.0,True
1789135588326,104.77,0.05,False
1789135588354,104.76,12.28,True
1789135588374,104.77,27.79,False
1789135588429,104.77,31.29,True
1789135588525,104.76,51.38,True
1789135588665,104.76,91.24,True
1789135588669,104.75,233.05,True
1789135588727,104.75,1.44,False
1789135588749,104.74,2.0,True
1789135588759,104.75,6.04,False
1789135588931,104.75,50.0,False
1789135588936,104.74,83.02,True
1789135589013,104.73,22.0,True
1789135589121,104.72,0.95,True
1789135589178,104.73,9.54,False
1789135589187,104.72,5.5,True
1789135589294,104.72,5.81,True
1789135589353,104.73,0.05,False
1789135589469,104.73,0.12,False
1789135589477,104.72,1.35,True
1789135589561,104.73,3.65,False
1789135589720,104.72,25.08,True
1789135589735,104.72,0.05,False
1789135589736,104.71,2.25,True
1789135589741,104.71,2.21,False
1789135589857,104.71,0.32,False
1789135589878,104.71,384.22,True
1789135589900,104.72,4.91,False
1789135590034,104.72,41.51,False
1789135590200,104.72,0.15,True
1789135590263,104.73,0.08,False
1789135590380,104.73,0.05,False
1789135590433,104.72,29.53,True
1789135590460,104.73,29.72,False
1789135590492,104.73,1.16,True
1789135590662,104.73,9.53,True
1789135590688,104.74,34.93,False
1789135590777,104.75,5.31,False
1789135590818,104.74,124.71,True
1789135590821,104.73,4.06,True
1789135590852,104.73,0.05,False
1789135590874,104.72,4.53,True
1789135590893,104.73,0.05,False
1789135591042,104.73,6.69,False
1789135591142,104.72,0.37,True
1789135591144,104.73,9.33,False
1789135591171,104.74,10.19,False
1789135591186,104.74,24.98,True
1789135591285,104.75,0.07,False
1789135591320,104.74,19.47,True
1789135591405,104.75,0.05,False
1789135591412,104.74,2.44,True
1789135591455,104.75,167.12,False
1789135591460,104.76,0.91,False
1789135591479,104.75,3.29,True
1789135591486,104.76,0.39,False
1789135591511,104.75,1.16,True
1789135591618,104.75,1.91,True
1789135591725,104.76,1.97,False
1789135591803,104.75,20.0,True
1789135591812,104.76,4.82,False
1789135591918,104.76,0.05,False
1789135591984,104.75,2.01,True
1789135592014,104.76,0.64,False
1789135592225,104.75,24.54,True
1789135592278,104.76,4.68,False
1789135592423,104.76,3.56,False
1789135592525,104.75,1.16,True
1789135592581,104.76,23.92,False
1789135592629,104.75,64.79,True
1789135592648,104.76,0.47,False
1789135592948,104.76,0.05,False
1789135593059,104.76,0.23,False
1789135593064,104.75,58.29,True
1789135593346,104.76,259.88,False
1789135593347,104.77,338.91,False
1789135593460,104.77,1.76,False
1789135593538,104.76,1.16,True
1789135593552,104.77,0.17,False
1789135593628,104.76,826.37,True
1789135593630,104.75,106.48,True
1789135593672,104.75,241.33,False
1789135593705,104.74,35.77,True
1789135593774,104.73,2.02,True
1789135593807,104.74,34.2,False
1789135593844,104.75,1.48,False
1789135593850,104.74,0.24,True
1789135593989,104.75,0.05,False
1789135594029,104.74,10.26,True
1789135594161,104.73,25.13,True
1789135594217,104.73,0.22,False
1789135594274,104.72,9.91,True
1789135594325,104.73,62.8,False
1789135594372,104.72,29.5,True
1789135594488,104.73,40.85,False
1789135594528,104.72,1.27,True
1789135594559,104.73,4.69,False
1789135594612,104.72,501.17,True
1789135594653,104.71,24.01,False
1789135594710,104.7,90.4,True
1789135594770,104.71,2.63,False
1789135594848,104.7,72.88,True
1789135594975,104.71,2.62,False
1789135594990,104.7,0.23,True
1789135594995,104.71,70.21,False
1789135595028,104.7,6.0,True
1789135595031,104.71,1.79,False
1789135595135,104.7,18.52,True
1789135595143,104.69,82.14,True
1789135595166,104.7,2.97,False
1789135595437,104.7,11.38,False
1789135595451,104.69,0.42,True
1789135595514,104.7,0.05,False
1789135595564,104.69,97.81,True
1789135595662,104.7,117.11,False
1789135595667,104.69,400.0,True
1789135595821,104.7,39.03,False
1789135595961,104.7,0.19,False
1789135595991,104.69,20.89,True
1789135596041,104.69,0.05,False
1789135596043,104.68,3.02,True
1789135596096,104.69,12.33,False
1789135596276,104.68,0.84,True
1789135596514,104.69,11.39,False
1789135596578,104.68,17.35,True
1789135596639,104.69,145.76,False
1789135596719,104.68,2.49,True
1789135596812,104.69,39.22,False
1789135596947,104.68,0.47,True
1789135596994,104.69,0.1,False
1789135597061,104.68,103.43,True
1789135597067,104.67,0.91,True
1789135597100,104.68,0.05,False
1789135597123,104.67,4.59,True
1789135597140,104.68,0.36,False
1789135597203,104.67,1.12,True
1789135597217,104.68,5.0,False
1789135597225,104.67,1.05,True
1789135597251,104.68,410.38,False
1789135597383,104.69,12.75,False
1789135597439,104.68,7.48,True
1789135597568,104.69,0.05,False
1789135597593,104.68,1.16,True
1789135597616,104.69,1.33,False
1789135597763,104.69,119.96,False
1789135597950,104.68,71.04,True
1789135598081,104.69,0.05,False
1789135598314,104.69,135.28,False
1789135598541,104.68,3.98,True
1789135598574,104.69,2.87,False
1789135598606,104.68,10.47,True
1789135598901,104.68,118.19,True
1789135598914,104.68,8.84,False
1789135599048,104.67,1.0,True
1789135599106,104.68,19.11,False
1789135599186,104.67,9.36,True
1789135599357,104.68,4.83,False
1789135599621,104.68,0.05,False
1789135599625,104.67,1.16,True
1789135599629,104.68,33.46,False
1789135599663,104.67,20.46,True
1789135599769,104.67,5.8,True
1789135599796,104.68,13.23,False
1789135599849,104.69,2.68,False
1789135600040,104.68,0.46,True
1789135600147,104.69,0.05,False
1789135600173,104.68,63.41,True
1789135600180,104.67,9.7,True
1789135600324,104.67,53.37,True
1789135600550,104.67,5.65,True
1789135600649,104.68,0.05,False
1789135600737,104.67,230.64,True
1789135600901,104.66,27.42,True
1789135600905,104.67,3.0,False
1789135600927,104.66,2.02,True
1789135601008,104.67,0.13,False
1789135601038,104.66,60.99,True
1789135601162,104.67,0.05,False
1789135601236,104.66,9.59,True
1789135601276,104.67,13.32,False
1789135601481,104.68,2.0,False
1789135601622,104.67,0.61,True
1789135601632,104.68,0.05,False
1789135601654,104.67,1.16,True
1789135601680,104.68,1.91,False
1789135601682,104.67,0.84,True
1789135601760,104.68,8.34,False
1789135601880,104.68,428.8,False
1789135601999,104.67,151.86,True
1789135602016,104.66,17.5,True
1789135602039,104.67,0.18,False
1789135602053,104.66,38.24,True
1789135602192,104.67,0.45,False
1789135602312,104.66,50.0,True
1789135602453,104.66,5.88,True
1789135602636,104.66,7.64,True
1789135602704,104.67,0.05,False
1789135602735,104.66,135.07,True
1789135602863,104.67,42.58,False
1789135602883,104.68,0.99,False
1789135602927,104.68,0.13,True
1789135603060,104.68,96.44,True
1789135603169,104.68,0.24,True
1789135603214,104.69,0.05,False
1789135603225,104.68,0.62,True
1789135603334,104.69,9.55,False
1789135603379,104.68,43.54,True
1789135603458,104.69,1.02,False
1789135603462,104.68,307.82,True
1789135603640,104.68,390.65,True
1789135603660,104.67,237.48,True
1789135603662,104.65,1.22,True
1789135603696,104.66,0.42,False
1789135603702,104.65,1.89,True
1789135603705,104.64,1.76,True
1789135603733,104.65,0.22,False
1789135603736,104.64,2.24,True
1789135603737,104.63,36.37,True
1789135603745,104.64,0.9,False
1789135603791,104.63,42.69,True
1789135603913,104.62,22.95,True
1789135603943,104.63,0.1,False
1789135604036,104.62,41.28,True
1789135604054,104.63,4.18,False
1789135604060,104.62,32.8,True
1789135604066,104.61,71.73,True
1789135604070,104.6,436.0,True
1789135604080,104.59,31.0,True
1789135604084,104.57,309.49,True
1789135604104,104.56,35.93,True
1789135604105,104.56,26.97,True
1789135604112,104.58,0.59,True
1789135604114,104.59,10.37,False
1789135604119,104.56,81.93,True
1789135604120,104.53,487.54,True
1789135604130,104.56,0.48,True
1789135604132,104.56,0.77,True
1789135604134,104.54,0.05,True
1789135604140,104.57,52.08,False
1789135604141,104.58,44.86,False
1789135604142,104.57,0.05,True
1789135604144,104.57,0.11,True
1789135604158,104.56,10.04,True
1789135604175,104.57,58.0,False
1789135604176,104.6,156.03,False
1789135604187,104.6,48.88,True
1789135604233,104.61,38.28,False
1789135604256,104.6,626.38,True
1789135604259,104.61,0.46,False
1789135604270,104.6,7.93,True
1789135604271,104.61,143.2,False
1789135604326,104.6,536.28,True
1789135604371,104.59,306.23,True
1789135604408,104.59,6.27,False
1789135604549,104.58,2.04,True
1789135604617,104.59,303.61,False
1789135604699,104.59,451.02,True
1789135604749,104.59,68.41,False
1789135604882,104.58,1.6,True
1789135605002,104.58,3.79,True
1789135605008,104.59,143.35,False
1789135605012,104.6,48.11,False
1789135605055,104.6,0.28,True
1789135605067,104.61,59.17,False
1789135605093,104.62,11.84,False
1789135605096,104.61,148.26,True
1789135605126,104.6,658.87,True
1789135605253,104.59,13.73,True
1789135605373,104.59,54.17,True
1789135605414,104.58,43.23,True
1789135605531,104.59,0.05,False
1789135605546,104.58,2.29,True
1789135605561,104.59,1.15,False
1789135605604,104.58,12.95,True
1789135605635,104.59,0.05,False
1789135605641,104.58,5.64,True
1789135605686,104.59,108.16,False
1789135605691,104.58,6.22,True
1789135605793,104.59,696.09,False
1789135605795,104.6,115.31,False
1789135605801,104.61,48.79,False
1789135605929,104.62,17.19,False
1789135605993,104.61,15.0,True
1789135606061,104.62,92.79,False
1789135606140,104.61,0.46,True
1789135606234,104.62,4.37,False
1789135606341,104.61,448.92,True
1789135606405,104.6,9.31,True
1789135606570,104.6,20.55,False
1789135606582,104.59,5.13,True
1789135606731,104.59,1.16,True
1789135606751,104.6,17.61,False
1789135606776,104.61,3.69,False
1789135606824,104.62,0.05,False
1789135606954,104.61,35.22,True
1789135607062,104.61,212.49,True
1789135607081,104.61,0.45,False
1789135607127,104.6,1.18,True
1789135607239,104.6,30.0,True
1789135607337,104.61,0.05,False
1789135607366,104.6,9.77,True
1789135607468,104.61,1.17,False
1789135607488,104.6,62.03,True
1789135607522,104.61,0.78,False
1789135607542,104.6,1625.58,True
1789135607560,104.6,2.94,False
1789135607600,104.59,100.0,True
1789135607649,104.6,0.19,False
1789135607745,104.59,1.22,True
1789135607923,104.59,22.91,True
1789135608045,104.59,266.56,True
1789135608101,104.6,0.1,False
1789135608156,104.59,136.0,True
1789135608226,104.6,9.52,False
1789135608234,104.59,25.1,True
1789135608293,104.59,0.19,False
1789135608304,104.58,16.68,True
1789135608334,104.59,0.17,False
1789135608422,104.58,71.7,True
1789135608532,104.58,282.52,True
1789135608591,104.58,0.05,False
1789135608625,104.57,45.74,True
1789135608760,104.57,191.17,True
1789135608794,104.56,52.52,True
1789135608799,104.55,68.0,True
1789135608811,104.54,56.89,True
1789135608816,104.53,126.71,True
1789135608864,104.54,0.05,False
1789135608869,104.53,38.77,True
1789135608967,104.53,2.18,False
1789135609073,104.52,63.99,True
1789135609098,104.53,0.05,False
1789135609101,104.52,10.94,True
1789135609148,104.52,46.26,False
1789135609150,104.53,0.91,False
1789135609160,104.52,12.35,True
1789135609317,104.52,0.6,True
1789135609378,104.53,0.05,False
1789135609381,104.52,109.02,True
1789135609505,104.53,0.67,False
1789135609628,104.52,78.1,True
1789135609742,104.53,0.07,False
1789135609773,104.52,138.62,True
1789135609890,104.52,0.2,True
1789135609937,104.52,0.35,False
1789135609974,104.51,595.24,True
1789135609975,104.52,248.69,False
1789135609976,104.53,0.05,False
1789135609978,104.49,30.92,True
1789135609984,104.5,7.93,False
1789135610051,104.49,68.69,True
1789135610232,104.49,335.46,True
1789135610333,104.49,25.0,True
1789135610388,104.5,70.81,False
1789135610398,104.51,28.54,False
1789135610405,104.52,0.05,False
1789135610414,104.51,10.6,True
1789135610475,104.52,2.15,False
1789135610498,104.51,2.33,True
1789135610502,104.52,0.87,False
1789135610571,104.51,63.9,True
1789135610583,104.51,0.05,False
1789135610595,104.5,62.04,True
1789135610596,104.49,48.25,True
1789135610613,104.49,439.16,False
1789135610633,104.48,0.81,True
1789135610646,104.49,0.06,False
1789135610660,104.48,17.99,True
1789135610678,104.48,3.24,False
1789135610718,104.479,1.0,True
1789135610760,104.48,793.52,False
1789135610788,104.48,65.66,True
1789135610866,104.49,4.04,False
1789135610929,104.48,553.22,True
1789135610934,104.48,14.28,False
1789135610946,104.47,28.71,True
1789135610996,104.48,115.16,False
1789135611019,104.48,19.05,True
1789135611080,104.49,341.89,False
1789135611102,104.49,6.51,True
1789135611138,104.5,94.12,False
1789135611186,104.51,57.06,False
1789135611369,104.5,6.64,True
1789135611428,104.51,42.85,False
1789135611430,104.52,0.96,False
1789135611439,104.51,0.72,True
1789135611461,104.52,10.97,False
1789135611523,104.51,0.56,True
1789135611543,104.52,161.36,False
1789135611611,104.53,40.34,False
1789135611657,104.52,920.76,True
1789135611721,104.51,596.48,True
1789135611725,104.52,376.3,False
1789135611755,104.51,3.85,True
1789135611786,104.52,0.48,False
1789135611788,104.51,17.63,True
1789135611881,104.52,172.6,False
1789135611960,104.53,0.05,False
1789135611977,104.52,164.88,True
1789135612129,104.53,0.82,False
1789135612134,104.52,35.14,True
1789135612283,104.52,10.48,True
1789135612312,104.53,93.96,False
1789135612319,104.54,0.21,False
1789135612336,104.53,7.6,True
1789135612457,104.53,11.64,True
1789135612459,104.54,0.05,False
1789135612514,104.53,48.8,True
1789135612556,104.54,44.23,False
1789135612566,104.53,0.55,True
1789135612651,104.54,0.78,False
1789135612675,104.53,5.3,True
1789135612690,104.54,0.22,False
1789135612731,104.53,43.79,True
1789135612814,104.52,244.12,True
1789135612900,104.53,56.05,False
1789135613050,104.53,1.39,False
1789135613095,104.53,6.02,True
1789135613223,104.54,11.12,False
1789135613330,104.54,91.71,False
1789135613365,104.55,4.78,False
1789135613380,104.53,94.13,True
1789135613389,104.54,0.2,False
1789135613492,104.54,9.73,False
1789135613570,104.53,270.32,True
1789135613574,104.54,22.25,False
1789135613631,104.53,0.06,True
1789135613673,104.54,6.67,False
1789135613677,104.54,36.21,True
1789135613831,104.54,19.66,True
1789135613886,104.53,11.93,True
1789135613896,104.53,0.05,False
1789135613952,104.52,628.72,True
1789135613986,104.52,0.16,False
1789135613995,104.51,27.86,True
1789135614064,104.5,37.04,True
1789135614090,104.5,0.18,False
1789135614098,104.49,1.91,True
1789135614106,104.49,11.38,True
1789135614110,104.5,130.27,False
1789135614245,104.5,19.69,True
1789135614364,104.5,4.24,True
1789135614396,104.51,0.84,False
1789135614438,104.5,16.29,True
1789135614510,104.51,0.05,False
1789135614583,104.5,1.51,True
1789135614593,104.51,7.59,False
1789135614617,104.5,8.04,True
1789135614657,104.49,31.29,True
1789135614700,104.5,1.01,False
1789135614738,104.49,16.44,True
1789135614838,104.5,0.26,False
1789135614846,104.49,17.4,True
1789135614962,104.49,16.82,True
1789135615104,104.48,236.37,True
1789135615217,104.48,9.16,True
1789135615400,104.48,33.25,True
1789135615520,104.49,0.05,False
1789135615567,104.48,97.54,True
1789135615682,104.49,63.35,False
1789135615746,104.49,537.4,True
1789135615764,104.48,540.12,True
1789135615765,104.44,939.64,True
1789135615766,104.39,2151.09,True
1789135615767,104.35,1986.09,True
1789135615768,104.29,863.48,True
1789135615769,104.25,3064.72,True
1789135615773,104.47,0.06,True
1789135615774,104.46,33.97,True
1789135615775,104.45,91.39,True
1789135615776,104.43,220.16,True
1789135615777,104.44,3.57,False
1789135615779,104.4,4.0,True
1789135615789,104.34,22.69,True
1789135615790,104.33,0.05,False
1789135615795,104.32,52.8,True
1789135615801,104.31,0.23,True
1789135615807,104.32,210.59,True
1789135615809,104.33,29.68,False
1789135615810,104.33,1838.78,False
1789135615816,104.32,11.93,True
1789135615817,104.33,442.92,False
1789135615818,104.34,10.0,False
1789135615819,104.36,0.25,True
1789135615820,104.36,1.49,False
1789135615821,104.4,100.69,False
1789135615825,104.37,1.05,False
1789135615827,104.38,0.1,False
1789135615828,104.4,0.43,False
1789135615829,104.4,0.15,False
1789135615833,104.36,11.8,True
1789135615837,104.38,14.67,False
1789135615839,104.37,1.51,True
1789135615840,104.38,24.52,False
1789135615842,104.39,0.18,False
1789135615843,104.41,3.35,False
1789135615844,104.4,0.17,True
1789135615845,104.4,0.22,True
1789135615846,104.4,0.11,True
1789135615847,104.4,0.07,True
1789135615848,104.4,0.07,True
1789135615849,104.4,0.15,True
1789135615850,104.4,0.72,True
1789135615851,104.42,52.28,False
1789135615852,104.42,18.28,True
1789135615855,104.43,99.1,False
1789135615856,104.44,4.0,False
1789135615857,104.43,8.13,True
1789135615859,104.44,4.7,False
1789135615860,104.43,0.17,True
1789135615861,104.44,0.46,False
1789135615863,104.43,1.16,True
1789135615864,104.43,324.07,True
1789135615865,104.43,0.82,True
1789135615866,104.44,0.17,False
1789135615867,104.44,318.74,True
1789135615869,104.43,74.05,True
1789135615872,104.42,16.01,True
1789135615874,104.41,41.28,True
1789135615886,104.42,14.66,False
1789135615888,104.42,17.61,True
1789135615896,104.43,43.84,False
1789135615900,104.44,53.61,False
1789135615903,104.45,70.6,False
1789135615904,104.45,425.84,True
1789135615906,104.44,17.71,True
1789135615908,104.43,25.67,True
1789135615917,104.42,25.55,True
1789135615923,104.42,10.06,False
1789135615927,104.41,227.42,True
1789135615928,104.41,114.93,False
1789135615930,104.43,500.0,False
1789135615931,104.42,14.05,True
1789135615970,104.43,310.23,False
1789135615974,104.44,158.03,False
1789135615977,104.45,1.42,False
1789135615979,104.44,111.89,True
1789135615981,104.43,2391.08,True
1789135615985,104.42,46.19,True
1789135615997,104.41,0.01,True
1789135616008,104.42,481.73,False
1789135616046,104.42,45.1,True
1789135616069,104.43,461.64,False
1789135616071,104.43,128.15,True
1789135616088,104.43,173.08,False
1789135616095,104.44,144.02,False
1789135616127,104.44,0.26,True
1789135616154,104.45,34.4,False
1789135616164,104.44,1.67,True
1789135616169,104.45,19.25,False
1789135616181,104.46,158.73,False
1789135616204,104.47,328.36,False
1789135616221,104.46,36.07,True
1789135616222,104.47,362.76,False
1789135616223,104.47,348.04,True
1789135616242,104.47,340.0,False
1789135616270,104.46,0.4,True
1789135616279,104.47,0.11,False
1789135616291,104.47,167.93,True
1789135616293,104.46,196.51,True
1789135616295,104.47,0.06,False
1789135616296,104.45,1.71,True
1789135616302,104.46,0.05,False
1789135616315,104.45,3.8,True
1789135616337,104.46,19.08,False
1789135616338,104.49,22.1,False
1789135616348,104.47,1.97,True
1789135616362,104.48,119.2,False
1789135616374,104.47,504.32,True
1789135616414,104.46,33.52,True
1789135616421,104.47,0.05,False
1789135616490,104.46,3.0,True
1789135616498,104.47,84.29,False
1789135616503,104.48,108.78,False
1789135616530,104.47,0.22,False
1789135616565,104.48,0.05,False
1789135616627,104.47,100.58,True
1789135616673,104.48,1.49,False
1789135616704,104.47,56.7,True
1789135616784,104.48,24.97,False
1789135616793,104.47,272.82,True
1789135616865,104.48,206.8,False
1789135616874,104.49,21.4,False
1789135616877,104.49,5.97,True
1789135617028,104.49,103.99,True
1789135617077,104.5,0.05,False
1789135617190,104.49,29.16,True
1789135617445,104.49,1.79,True
1789135617471,104.5,4.79,False
1789135617484,104.49,109.74,True
1789135617514,104.5,500.58,False
1789135617613,104.51,184.01,False
1789135617618,104.52,0.08,False
1789135617636,104.51,66.04,True
1789135617787,104.51,25.11,True
1789135617790,104.52,163.47,False
1789135617862,104.53,169.49,False
1789135617869,104.54,0.05,False
1789135617883,104.53,50.51,True
1789135617887,104.54,7.5,False
1789135617890,104.53,1.16,True
1789135617928,104.54,18.06,False
1789135617938,104.53,694.15,True
1789135618032,104.53,509.43,False
1789135618092,104.52,57.7,True
1789135618116,104.53,66.71,False
1789135618205,104.52,950.24,True
1789135618252,104.53,17.26,False
1789135618253,104.52,51.38,True
1789135618277,104.53,27.41,False
1789135618326,104.52,208.56,True
1789135618439,104.53,44.62,False
1789135618443,104.53,0.32,True
1789135618567,104.53,1.91,True
1789135618619,104.54,0.05,False
1789135618702,104.53,41.91,True
1789135618812,104.53,23.83,True
1789135618872,104.54,0.57,False
1789135618904,104.53,111.56,True
1789135618925,104.54,0.08,False
1789135618950,104.53,110.94,True
1789135618967,104.53,1.87,False
1789135618991,104.52,386.41,True
1789135619104,104.52,0.2,True
1789135619126,104.52,11.52,False
1789135619147,104.51,15.29,True
1789135619358,104.51,798.38,True
1789135619398,104.52,122.49,False
1789135619448,104.51,4216.17,True
1789135619572,104.51,19.22,True
1789135619586,104.52,0.31,False
1789135619642,104.51,4.85,True
1789135619648,104.52,0.05,False
1789135619666,104.51,3.99,True
1789135619674,104.52,1.42,False
1789135619709,104.51,927.63,True
1789135619764,104.52,359.8,False
1789135619846,104.51,123.15,True
1789135619891,104.52,0.06,False
1789135619896,104.51,6.81,True
1789135619935,104.52,30.0,False
1789135619967,104.51,766.01,True
1789135620018,104.51,2.86,False
1789135620019,104.5,45.05,True
1789135620147,104.5,19.12,True
1789135620174,104.51,240.4,False
1789135620280,104.5,30.82,True
1789135620426,104.5,9.25,True
1789135620427,104.51,2.88,False
1789135620437,104.5,63.89,True
1789135620503,104.51,9.72,False
1789135620507,104.5,20.48,True
1789135620526,104.49,87.89,True
1789135620529,104.48,180.96,True
1789135620531,104.47,1.82,True
1789135620536,104.48,9.17,False
1789135620674,104.48,1.15,False
1789135620679,104.47,3.82,True
1789135620790,104.47,9.25,True
1789135620857,104.48,232.85,False
1789135620863,104.48,6.6,True
1789135620873,104.49,2.69,False
1789135620885,104.48,10.91,True
1789135620913,104.49,0.38,False
1789135620932,104.48,14.09,True
1789135621050,104.48,17.51,True
1789135621106,104.49,159.39,False
1789135621115,104.49,193.52,True
1789135621171,104.5,91.12,False
1789135621178,104.51,60.51,False
1789135621187,104.52,1.57,False
1789135621202,104.51,303.62,True
1789135621332,104.52,0.32,False
1789135621344,104.51,186.07,True
1789135621480,104.51,6.69,True
1789135621481,104.52,2.06,False
1789135621619,104.52,34.24,False
1789135621668,104.53,0.16,False
1789135621764,104.52,19.0,True
1789135621805,104.53,0.06,False
1789135621866,104.52,22.38,True
1789135621955,104.53,45.56,False
1789135621959,104.54,0.05,False
1789135621973,104.53,725.09,True
1789135622043,104.52,2.09,True
1789135622161,104.52,1.93,True
1789135622225,104.53,0.05,False
1789135622280,104.52,480.25,True
1789135622393,104.52,2.18,False
1789135622481,104.5,25.45,True
1789135622484,104.5,0.87,False
1789135622502,104.49,1.93,True
1789135622503,104.5,0.54,False
1789135622570,104.49,18.37,True
1789135622600,104.49,0.89,False
1789135622663,104.48,79.83,True
1789135622667,104.47,5.0,True
1789135622715,104.48,0.15,False
1789135622743,104.47,7.11,True
1789135622759,104.48,40.16,False
1789135622855,104.49,2.96,False
1789135622959,104.48,21.3,True
1789135623000,104.49,3.09,False
1789135623040,104.48,83.21,True
1789135623097,104.49,17.33,False
1789135623173,104.48,1.84,True
1789135623239,104.49,0.05,False
1789135623313,104.48,11.42,True
1789135623438,104.48,0.05,True
1789135623595,104.49,88.0,False
1789135623596,104.48,412.96,True
1789135623603,104.47,42.76,True
1789135623687,104.48,64.78,False
1789135623788,104.48,922.67,False
1789135623869,104.49,4.35,False
1789135623973,104.49,20.12,False
1789135623980,104.48,1.16,True
1789135624017,104.49,13.0,False
1789135624108,104.48,3.57,True
1789135624125,104.48,70.07,False
1789135624204,104.47,225.51,True
1789135624210,104.47,0.23,False
1789135624387,104.47,41.54,False
1789135624437,104.46,285.23,True
1789135624450,104.47,0.05,False
1789135624455,104.46,5.68,True
1789135624546,104.46,437.24,False
1789135624706,104.46,0.05,False
1789135624714,104.45,758.85,True
1789135624750,104.44,199.6,True
1789135624752,104.42,201.88,True
1789135624753,104.41,30.68,True
1789135624827,104.39,153.58,True
1789135624830,104.38,47.85,True
1789135624833,104.39,0.05,False
1789135624836,104.38,107.71,True
1789135624964,104.39,0.05,False
1789135624986,104.38,392.03,True
1789135624987,104.34,208.48,True
1789135624988,104.38,0.55,False
1789135624989,104.37,1571.78,True
1789135624990,104.36,0.15,True
1789135624992,104.35,25.36,True
1789135624995,104.36,277.4,False
1789135624996,104.36,1.16,True
1789135625003,104.37,0.96,False
1789135625042,104.36,0.38,True
1789135625068,104.37,26.62,False
1789135625096,104.37,52.28,True
1789135625112,104.38,22.33,False
1789135625257,104.38,10.75,False
1789135625331,104.37,75.0,True
1789135625486,104.38,126.31,False
1789135625490,104.38,0.16,True
1789135625493,104.39,15.0,False
1789135625500,104.4,39.64,False
1789135625528,104.41,24.49,False
1789135625542,104.4,600.39,True
1789135625692,104.4,504.79,True
1789135625695,104.39,0.83,True
1789135625701,104.4,0.05,False
1789135625706,104.39,173.22,True
1789135625707,104.39,0.05,False
1789135625719,104.38,185.39,True
1789135625771,104.37,128.68,True
1789135625807,104.37,0.1,False
1789135625862,104.36,208.1,True
1789135625959,104.37,31.8,False
1789135625969,104.36,1.2,True
1789135625979,104.37,0.05,False
1789135626010,104.36,1.16,True
1789135626014,104.37,6.98,False
1789135626107,104.36,4.45,True
1789135626177,104.37,1.44,False
1789135626192,104.36,575.23,True
1789135626238,104.37,43.77,False
1789135626258,104.36,47.53,True
1789135626287,104.37,346.05,False
1789135626360,104.36,0.2,True
1789135626396,104.37,16.98,False
1789135626415,104.36,21.84,True
1789135626523,104.37,0.49,False
1789135626559,104.36,0.96,True
1789135626563,104.37,9.68,False
1789135626571,104.36,42.1,True
1789135626584,104.35,96.66,True
1789135626585,104.36,3.08,False
1789135626717,104.36,0.95,False
1789135626721,104.35,2.43,True
1789135626834,104.36,0.05,False
1789135626838,104.35,9.93,True
1789135626867,104.36,60.1,False
1789135626874,104.35,107.59,True
1789135626931,104.36,18.58,False
1789135626970,104.35,53.14,True
1789135627083,104.35,37.62,True
1789135627119,104.35,0.2,False
1789135627282,104.35,19.0,False
1789135627285,104.34,1.07,True
1789135627296,104.35,8.66,False
1789135627302,104.34,0.67,True
1789135627339,104.35,15.34,False
1789135627357,104.34,8.63,True
1789135627386,104.35,17.37,False
1789135627395,104.36,0.04,False
1789135627513,104.35,1.86,True
1789135627516,104.36,4.79,False
1789135627552,104.35,13.81,True
1789135627615,104.36,0.22,False
1789135627631,104.35,49.32,True
1789135627732,104.35,0.05,False
1789135627745,104.34,485.96,True
1789135627771,104.33,473.0,True
1789135627800,104.34,286.07,False
1789135627802,104.35,0.91,False
1789135627804,104.34,115.91,True
1789135627888,104.35,18.73,False
1789135627984,104.34,20.81,True
1789135628024,104.34,0.97,False
1789135628039,104.33,1.16,True
1789135628041,104.34,0.87,False
1789135628093,104.33,42.34,True
1789135628171,104.34,77.0,False
1789135628341,104.33,1.55,True
1789135628362,104.34,0.38,False
1789135628398,104.33,22.93,True
1789135628431,104.33,0.1,False
1789135628593,104.32,164.63,True
1789135628610,104.31,43.29,True
1789135628632,104.32,113.9,False
1789135628664,104.33,0.68,False
1789135628668,104.34,6.0,False
1789135628672,104.33,4.5,True
1789135628731,104.34,66.18,False
1789135628789,104.33,86.66,True
1789135628988,104.33,0.05,False
1789135628999,104.32,90.81,True
1789135629000,104.31,11.03,True
1789135629066,104.32,0.38,False
1789135629068,104.32,0.28,True
1789135629109,104.33,15.25,False
1789135629114,104.32,0.12,True
1789135629152,104.33,9.08,False
1789135629175,104.34,2.0,False
1789135629184,104.33,0.2,True
1789135629309,104.34,6.9,False
1789135629313,104.33,0.71,True
1789135629319,104.34,19.04,False
1789135629326,104.33,1.79,True
1789135629402,104.34,1.96,False
1789135629465,104.33,30.59,True
1789135629471,104.34,1.03,False
1789135629515,104.33,2.87,True
1789135629523,104.34,4.98,False
1789135629571,104.33,64.76,True
1789135629621,104.34,287.57,False
1789135629628,104.34,7.93,True
1789135629816,104.34,180.42,True
1789135629883,104.33,11.5,True
1789135629892,104.32,26.0,True
1789135629909,104.31,31.29,True
1789135629969,104.32,0.05,False
1789135629990,104.31,19.07,True
1789135629997,104.3,2.72,True
1789135630123,104.3,3.8,True
1789135630133,104.31,85.43,False
1789135630143,104.32,50.74,False
1789135630250,104.32,0.92,False
1789135630269,104.33,50.66,False
1789135630358,104.32,22.94,True
1789135630429,104.32,0.1,False
1789135630537,104.31,19.14,True
1789135630585,104.32,1.0,False
1789135630609,104.31,101.03,True
1789135630674,104.32,66.0,False
1789135630727,104.33,15.44,False
1789135630746,104.34,334.34,False
1789135630769,104.34,79.76,True
1789135630897,104.34,401.3,True
1789135630912,104.33,11.06,True
1789135630915,104.32,22.79,True
1789135630942,104.33,0.37,False
1789135630972,104.32,9.37,True
1789135630985,104.33,0.44,False
1789135631072,104.32,15.59,True
1789135631081,104.31,20.59,True
1789135631195,104.31,11.58,True
1789135631308,104.32,0.05,False
1789135631345,104.31,1.91,True
1789135631457,104.32,0.05,False
1789135631460,104.31,0.2,True
1789135631461,104.32,40.47,False
1789135631592,104.31,116.92,True
1789135631662,104.32,138.77,False
1789135631681,104.31,30.88,True
1789135631789,104.32,0.11,False
1789135631794,104.31,73.05,True
1789135631908,104.32,377.67,False
1789135631941,104.33,390.88,False
1789135631963,104.32,11.33,True
1789135631981,104.33,11.21,False
1789135632024,104.32,876.68,True
1789135632026,104.31,631.08,False
1789135632039,104.32,1.88,False
1789135632078,104.31,56.14,True
1789135632081,104.31,0.1,False
1789135632103,104.3,3.27,True
1789135632135,104.31,52.33,False
1789135632264,104.31,3.44,False
1789135632395,104.3,197.67,True
1789135632474,104.29,9.58,True
1789135632482,104.3,0.05,False
1789135632638,104.3,142.38,False
1789135632757,104.29,70.6,True
1789135632995,104.3,1.96,False
1789135633024,104.29,1.44,True
1789135633082,104.3,1.72,False
1789135633118,104.29,3.05,True
1789135633404,104.29,166.34,True
1789135633509,104.3,0.05,False
1789135633515,104.29,0.62,True
1789135633597,104.3,0.14,False
1789135633719,104.29,2.08,True
1789135633764,104.3,512.73,False
1789135633798,104.3,19.0,True
1789135633827,104.31,10.0,False
1789135633975,104.31,0.55,False
1789135634057,104.3,101.59,True
1789135634109,104.31,0.05,False
1789135634132,104.3,44.47,True
1789135634177,104.31,136.83,False
1789135634246,104.31,6.57,True
1789135634367,104.31,107.8,True
1789135634525,104.32,5.37,False
1789135634526,104.31,44.47,True
1789135634536,104.32,216.7,False
1789135634665,104.33,35.29,False
1789135634672,104.32,20.97,True
1789135634741,104.33,10.15,False
1789135634789,104.32,8.14,True
1789135634845,104.33,0.95,False
1789135634899,104.32,9.36,True
1789135635003,104.33,2.99,False
1789135635024,104.32,15.28,True
1789135635049,104.33,0.05,False
1789135635059,104.32,14.19,True
1789135635227,104.33,0.61,False
1789135635239,104.32,203.31,True
1789135635309,104.33,4.96,False
1789135635359,104.32,5.0,True
1789135635365,104.33,204.51,False
1789135635371,104.34,134.16,False
1789135635393,104.35,12.8,False
1789135635418,104.34,10.02,True
1789135635425,104.35,6.14,False
1789135635502,104.34,106.69,True
1789135635564,104.34,0.05,False
1789135635586,104.32,187.6,True
1789135635613,104.32,0.99,False
1789135635614,104.31,19.46,True
1789135635626,104.31,190.8,False
1789135635785,104.32,233.7,False
1789135635823,104.32,1.26,True
1789135635861,104.32,8.65,False
1789135635884,104.31,0.72,True
1789135635975,104.31,68.4,False
1789135635992,104.3,93.72,True
1789135636018,104.29,36.78,True
1789135636075,104.3,6.67,False
1789135636147,104.29,2.55,True
1789135636193,104.3,0.16,False
1789135636264,104.29,59.59,True
1789135636274,104.3,11.9,False
1789135636322,104.29,19.89,True
1789135636365,104.3,0.14,False
1789135636399,104.29,43.0,True
1789135636428,104.3,0.16,False
1789135636502,104.29,29.7,True
1789135636514,104.3,1.45,False
1789135636533,104.29,47.94,True
1789135636591,104.3,211.68,False
1789135636719,104.31,15.56,False
1789135636747,104.32,15.17,False
1789135636801,104.31,2.82,True
1789135636838,104.32,11.58,False
1789135637012,104.31,2.08,True
1789135637050,104.32,0.15,False
1789135637068,104.31,1.0,True
1789135637084,104.32,0.52,False
1789135637175,104.31,512.74,True
1789135637192,104.3,578.45,True
1789135637194,104.29,9.56,True
1789135637198,104.3,275.93,False
1789135637201,104.3,1.46,True
1789135637206,104.31,39.32,False
1789135637221,104.32,97.81,False
1789135637224,104.33,67.89,False
1789135637239,104.34,41.38,False
1789135637253,104.33,40.25,True
1789135637365,104.34,14.19,False
1789135637407,104.33,0.53,True
1789135637615,104.34,0.05,False
1789135637620,104.33,0.33,True
1789135637813,104.33,128.61,True
1789135637892,104.34,0.06,False
1789135637913,104.33,200.21,True
1789135638081,104.33,18.28,True
1789135638082,104.34,142.08,False
1789135638104,104.34,387.1,True
1789135638143,104.35,0.05,False
1789135638151,104.34,77.65,True
1789135638251,104.35,129.5,False
1789135638317,104.35,0.19,True
1789135638333,104.36,31.09,False
1789135638387,104.37,8.68,False
1789135638388,104.36,9.41,True
1789135638395,104.37,10.0,False
1789135638438,104.36,182.17,True
1789135638487,104.37,1.11,False
1789135638516,104.36,0.74,True
1789135638636,104.36,47.68,True
1789135638642,104.37,0.05,False
1789135638662,104.36,28.74,True
1789135638750,104.37,0.05,False
1789135638756,104.36,279.71,True
1789135638759,104.35,177.62,True
1789135638776,104.34,6.56,True
1789135638876,104.35,18.88,False
1789135639117,104.35,0.32,False
1789135639120,104.34,29.85,True
1789135639155,104.35,0.32,False
1789135639170,104.34,19.09,True
1789135639185,104.35,0.94,False
1789135639203,104.34,1.16,True
1789135639220,104.35,9.29,False
1789135639285,104.34,40.45,True
1789135639309,104.35,0.05,False
1789135639359,104.34,424.55,True
1789135639364,104.33,18.78,True
1789135639377,104.32,5.43,True
1789135639412,104.33,60.47,False
1789135639415,104.34,0.91,False
1789135639431,104.33,20.02,True
1789135639540,104.33,14.28,True
1789135639596,104.34,111.11,False
1789135639741,104.33,327.47,True
1789135639814,104.34,1.06,False
1789135639909,104.33,1.21,True
1789135639994,104.34,15.01,False
1789135640007,104.33,12.88,True
1789135640133,104.33,0.35,True
1789135640217,104.33,346.23,True
1789135640280,104.32,136.98,True
1789135640343,104.33,0.86,False
1789135640405,104.32,450.83,True
1789135640526,104.31,23.32,True
1789135640569,104.33,530.33,False
1789135640571,104.33,0.62,False
1789135640574,104.34,0.36,False
1789135640585,104.33,9.61,True
1789135640643,104.34,0.35,False
1789135640681,104.33,115.01,True
1789135640696,104.34,0.05,False
1789135640718,104.33,9.81,True
1789135640915,104.34,361.11,False
1789135641069,104.34,0.05,False
1789135641138,104.33,40.44,True
1789135641161,104.33,1.03,False
1789135641231,104.32,334.44,True
1789135641331,104.32,0.12,False
1789135641487,104.31,134.38,True
1789135641652,104.31,0.34,True
1789135641725,104.32,0.05,False
1789135641776,104.31,37.58,True
1789135641852,104.3,2.56,True
1789135641867,104.31,3.66,False
1789135641871,104.3,11.33,True
1789135642004,104.29,11.68,True
1789135642186,104.29,403.0,True
1789135642244,104.28,1.16,True
1789135642344,104.28,32.75,True
1789135642369,104.29,1.78,False
1789135642420,104.28,0.55,True
1789135642751,104.29,0.05,False
1789135642819,104.28,19.16,True
1789135642965,104.29,109.24,False
1789135643104,104.28,55.47,True
1789135643259,104.28,1.16,True
1789135643265,104.29,0.05,False
1789135643275,104.28,471.97,True
1789135643297,104.27,4.77,True
1789135643347,104.28,2.13,False
1789135643501,104.27,392.11,True
1789135643506,104.27,59.85,False
1789135643584,104.26,16.9,True
1789135643662,104.27,4.76,False
1789135643670,104.26,100.91,True
1789135643858,104.27,209.41,False
1789135643899,104.28,35.51,False
1789135643990,104.29,4.81,False
1789135644076,104.28,27.84,True
1789135644164,104.29,311.91,False
1789135644217,104.28,2.0,True
1789135644292,104.29,0.05,False
1789135644355,104.28,63.98,True
1789135644396,104.29,1.08,False
1789135644436,104.28,35.0,True
1789135644546,104.28,336.58,True
1789135644564,104.27,135.52,True
1789135644585,104.26,2.15,True
1789135644773,104.26,0.72,True
1789135644774,104.27,1.87,False
1789135644775,104.26,0.09,True
1789135644805,104.27,0.92,False
1789135644925,104.26,82.33,True
1789135644946,104.25,452.6,True
1789135644997,104.25,20.6,False
1789135645022,104.24,9.92,True
1789135645027,104.25,0.9,False
1789135645069,104.24,49.14,True
1789135645072,104.23,7.74,True
1789135645286,104.23,1.16,True
1789135645319,104.24,0.05,False
1789135645326,104.23,0.34,True
1789135645343,104.24,0.94,False
1789135645352,104.23,9.61,True
1789135645382,104.24,10.0,False
1789135645437,104.23,2.54,True
1789135645494,104.24,434.95,False
1789135645541,104.24,172.71,True
1789135645552,104.24,4.85,False
1789135645673,104.23,55.89,True
1789135645706,104.24,0.38,False
1789135645770,104.23,13.51,True
1789135645800,104.24,5.4,False
1789135645818,104.23,2.56,True
1789135645832,104.23,5.29,False
1789135645834,104.23,0.1,False
1789135645953,104.23,23.98,False
1789135645962,104.22,46.45,True
1789135645987,104.23,0.05,False
1789135646134,104.22,271.54,True
1789135646164,104.22,0.05,False
1789135646165,104.21,3.85,True
1789135646189,104.22,0.41,False
1789135646236,104.21,67.18,True
1789135646245,104.21,0.1,False
1789135646252,104.2,579.05,True
1789135646256,104.2,0.05,False
1789135646258,104.19,1927.08,True
1789135646268,104.2,0.05,False
1789135646269,104.19,716.61,True
1789135646344,104.18,500.28,True
1789135646346,104.17,2.36,False
1789135646347,104.16,956.06,True
1789135646348,104.16,10.12,False
1789135646351,104.15,4.0,True
1789135646352,104.16,10.0,False
1789135646353,104.15,14.4,True
1789135646355,104.16,444.07,False
1789135646356,104.15,24.86,True
1789135646360,104.16,23.95,False
1789135646365,104.17,96.98,False
1789135646372,104.17,3.3,True
1789135646385,104.18,55.71,False
1789135646515,104.17,25.0,True
1789135646518,104.18,10.69,False
1789135646566,104.17,370.65,True
1789135646574,104.16,1.96,True
1789135646602,104.17,0.81,False
1789135646603,104.16,1.05,True
1789135646608,104.17,1.07,False
1789135646680,104.16,6.98,True
1789135646700,104.16,257.76,False
1789135646806,104.17,164.82,False
1789135646812,104.16,5.36,True
1789135646832,104.17,19.2,False
1789135646846,104.16,0.57,True
1789135646858,104.17,0.05,False
1789135646888,104.16,10.0,True
1789135646939,104.17,326.41,False
1789135646979,104.17,92.04,True
1789135646995,104.16,268.74,True
1789135647048,104.15,148.52,True
1789135647200,104.15,104.82,True
1789135647306,104.16,0.17,False
1789135647340,104.15,1.16,True
1789135647373,104.16,0.05,False
1789135647382,104.15,110.32,True
1789135647464,104.16,4.8,False
1789135647475,104.15,86.08,True
1789135647476,104.14,22.23,True
1789135647477,104.15,8.46,False
1789135647490,104.15,0.24,False
1789135647528,104.14,227.82,True
1789135647617,104.13,7.04,True
1789135647669,104.14,1.93,False
1789135647703,104.13,1.33,True
1789135647743,104.14,67.44,False
1789135647856,104.14,0.94,False
1789135647938,104.13,0.02,True
1789135647948,104.14,138.99,False
1789135647954,104.15,2.74,False
1789135647962,104.15,40.32,True
1789135647964,104.16,0.47,False
1789135647973,104.15,23.22,True
1789135647993,104.16,4.04,False
1789135648112,104.15,0.94,True
1789135648140,104.16,3.17,False
1789135648196,104.15,16.21,True
1789135648235,104.16,31.23,False
1789135648265,104.15,44.57,True
1789135648314,104.14,1.0,True
1789135648343,104.15,3.1,False
1789135648354,104.14,1.16,True
1789135648402,104.15,0.05,False
1789135648510,104.14,46.36,True
1789135648612,104.15,346.22,False
1789135648653,104.15,0.68,True
1789135648656,104.16,327.21,False
1789135648661,104.16,324.36,True
1789135648737,104.15,3.36,True
1789135648772,104.16,25.52,False
1789135648776,104.15,0.37,True
1789135648783,104.16,0.23,False
1789135648784,104.15,58.68,True
1789135648791,104.14,29.69,True
1789135648815,104.13,10.29,True
1789135648913,104.14,500.96,False
1789135648954,104.13,0.09,True
1789135648973,104.14,100.0,False
1789135648976,104.13,1.0,True
1789135648978,104.14,0.94,False
1789135649086,104.14,0.47,False
1789135649106,104.13,2.0,True
1789135649129,104.14,1.02,False
1789135649206,104.13,36.09,True
1789135649241,104.14,1.3,False
1789135649243,104.13,104.44,True
1789135649282,104.12,90.09,True
1789135649404,104.12,61.58,True
1789135649427,104.13,0.05,False
1789135649433,104.12,4.06,True
1789135649483,104.13,0.24,False
1789135649559,104.12,139.41,True
1789135649598,104.12,1.47,False
1789135649629,104.11,3.52,True
1789135649657,104.12,2.94,False
1789135649761,104.12,93.01,False
1789135649855,104.11,1.92,True
1789135649862,104.12,13.65,False
1789135649964,104.11,6.32,True
1789135650004,104.12,0.52,False
1789135650031,104.11,0.76,True
1789135650059,104.12,1.48,False
1789135650065,104.11,1.48,True
1789135650075,104.12,0.08,False
1789135650076,104.11,7.24,True
1789135650118,104.12,0.47,False
1789135650136,104.11,4.96,True
1789135650172,104.12,0.47,False
1789135650178,104.11,1.77,True
1789135650226,104.12,0.47,False
1789135650280,104.11,17.66,True
1789135650281,104.12,0.47,False
1789135650286,104.11,0.5,True
1789135650335,104.12,0.52,False
1789135650388,104.11,1.16,True
1789135650395,104.12,0.47,False
1789135650404,104.11,12.13,True
1789135650453,104.12,0.52,False
1789135650467,104.11,1.5,True
1789135650508,104.12,0.47,False
1789135650543,104.11,1.95,True
1789135650564,104.12,121.16,False
1789135650574,104.13,244.35,False
1789135650649,104.13,0.1,True
1789135650658,104.14,0.55,False
1789135650665,104.13,3.19,True
1789135650802,104.13,3.18,True
1789135650941,104.14,14.36,False
1789135650944,104.13,19.69,True
1789135650967,104.14,0.1,False
1789135651019,104.13,14.54,True
1789135651041,104.14,90.06,False
1789135651045,104.15,3.95,True
1789135651090,104.16,34.39,False
1789135651097,104.16,36.78,True
1789135651163,104.17,382.84,False
1789135651182,104.16,0.17,True
1789135651188,104.17,19.16,False
1789135651194,104.16,489.87,True
1789135651334,104.17,10.3,False
1789135651403,104.16,67.01,True
1789135651431,104.17,0.95,False
1789135651463,104.16,233.57,True
1789135651466,104.15,1313.27,True
1789135651469,104.14,723.44,True
1789135651479,104.15,0.05,False
1789135651481,104.14,1.77,True
1789135651517,104.15,1.24,False
1789135651531,104.14,169.85,True
1789135651548,104.13,34.54,True
1789135651552,104.14,31.32,False
1789135651566,104.13,98.19,True
1789135651587,104.12,0.54,True
1789135651614,104.13,132.42,False
1789135651716,104.13,0.3,False
1789135651737,104.12,0.09,True
1789135651776,104.13,4.8,False
1789135651790,104.12,249.09,True
1789135651829,104.11,74.02,True
1789135652002,104.12,0.05,False
1789135652022,104.11,12.46,True
1789135652122,104.12,213.32,False
1789135652231,104.12,87.58,False
1789135652287,104.13,16.36,False
1789135652295,104.12,2.32,True
1789135652394,104.13,0.82,False
1789135652417,104.12,98.38,True
1789135652474,104.13,0.31,False
1789135652483,104.12,60.98,True
1789135652507,104.13,3.85,False
1789135652554,104.12,46.39,True
1789135652609,104.11,2.58,True
1789135652612,104.12,5.93,False
1789135652665,104.11,119.44,True
1789135652722,104.11,33.53,True
1789135652771,104.12,99.77,False
1789135652772,104.11,5.0,True
1789135652774,104.12,0.91,False
1789135652877,104.11,860.03,True
1789135652883,104.1,528.33,True
1789135652884,104.07,738.4,True
1789135652885,104.07,39.46,False
1789135652887,104.09,613.8,False
1789135652888,104.09,8.13,True
1789135652890,104.1,11.71,True
1789135652923,104.11,22.2,False
1789135652925,104.11,0.34,True
1789135653013,104.12,145.97,False
1789135653051,104.11,11.63,True
1789135653085,104.12,38.09,False
1789135653121,104.13,5.41,False
1789135653140,104.14,137.04,False
1789135653209,104.14,22.03,True
1789135653304,104.14,8.64,False
1789135653348,104.13,195.34,True
1789135653357,104.14,2.72,False
1789135653386,104.13,1.32,True
1789135653432,104.14,23.34,False
1789135653513,104.13,20.53,True
1789135653534,104.13,0.05,False
1789135653543,104.12,19.66,True
1789135653545,104.13,5.4,False
1789135653568,104.13,16.02,True
1789135653590,104.14,7.84,False
1789135653595,104.14,28.81,True
1789135653605,104.15,0.16,False
1789135653715,104.14,90.5,True
1789135653760,104.15,31.52,False
1789135653808,104.14,0.75,True
1789135653850,104.13,2.33,True
1789135653864,104.13,0.27,False
1789135653877,104.12,2.98,True
1789135654058,104.12,199.02,True
1789135654067,104.13,0.05,False
1789135654070,104.12,6.28,True
1789135654159,104.11,1.81,True
1789135654184,104.12,156.91,False
1789135654187,104.11,212.62,True
1789135654304,104.11,6.99,True
1789135654368,104.12,4.42,False
1789135654444,104.12,16.54,True
1789135654562,104.13,0.05,False
1789135654590,104.12,19.15,True
1789135654591,104.11,52.49,True
1789135654652,104.12,0.17,False
1789135654788,104.11,27.54,True
1789135654989,104.12,0.05,False
1789135655063,104.11,377.07,True
1789135655077,104.1,71.08,True
1789135655079,104.11,0.05,False
1789135655085,104.1,0.05,False
1789135655087,104.09,3.48,True
1789135655121,104.1,171.34,False
1789135655190,104.09,0.11,True
1789135655214,104.1,2.0,False
1789135655234,104.09,8.47,True
1789135655240,104.1,10.0,False
1789135655269,104.09,40.02,True
1789135655272,104.08,16.47,True
1789135655278,104.07,19.2,True
1789135655284,104.08,185.31,False
1789135655388,104.08,2.85,True
1789135655588,104.09,142.8,False
1789135655623,104.1,16.07,False
1789135655651,104.11,2.6,False
1789135655686,104.11,23.06,True
1789135655863,104.12,9.6,False
1789135655890,104.11,0.05,True
1789135655903,104.12,0.24,False
1789135655947,104.11,3.56,True
1789135655958,104.12,0.54,False
1789135655983,104.11,48.58,True
1789135656100,104.12,0.05,False
1789135656101,104.11,11.68,True
1789135656131,104.12,14.19,False
1789135656194,104.11,45.04,True
1789135656266,104.12,0.13,False
1789135656352,104.11,68.66,True
1789135656468,104.11,192.99,False
1789135656475,104.1,1.39,True
1789135656576,104.1,66.16,True
1789135656588,104.11,74.84,False
1789135656636,104.1,7.72,True
1789135656738,104.1,7.52,True
1789135656798,104.11,78.59,False
1789135656927,104.1,62.5,True
1789135657040,104.1,133.93,False
1789135657047,104.09,48.12,True
1789135657130,104.09,0.05,False
1789135657133,104.08,1.24,True
1789135657138,104.09,48.13,False
1789135657168,104.08,0.24,True
1789135657199,104.09,0.96,False
1789135657202,104.08,75.38,True
1789135657256,104.09,105.44,False
1789135657274,104.08,6.01,True
1789135657281,104.09,2.05,False
1789135657316,104.08,0.06,True
1789135657368,104.09,1.32,False
1789135657419,104.08,12.51,True
1789135657480,104.09,1.69,False
1789135657492,104.08,1.16,True
1789135657507,104.09,193.02,False
1789135657510,104.1,0.91,False
1789135657633,104.09,52.07,True
1789135657642,104.1,134.42,False
1789135657666,104.1,7.21,True
1789135657681,104.11,109.4,False
1789135657701,104.11,39.97,True
1789135657704,104.1,36.99,True
1789135657709,104.1,0.05,False
1789135657796,104.09,196.67,True
1789135657797,104.1,2.11,False
1789135657800,104.1,7.93,True
1789135657814,104.11,6.69,False
1789135657846,104.1,17.26,True
1789135657917,104.1,57.76,False
1789135658029,104.09,92.98,True
1789135658102,104.08,78.36,True
1789135658159,104.09,0.05,False
1789135658181,104.08,20.0,True
1789135658293,104.08,4.0,True
1789135658339,104.09,5.76,False
1789135658367,104.08,93.04,True
1789135658479,104.07,9.43,True
1789135658536,104.08,1.0,False
1789135658668,104.08,0.05,False
1789135658686,104.07,76.44,True
1789135658714,104.06,20.55,True
1789135658730,104.07,1.3,False
1789135658796,104.06,1.5,True
1789135658809,104.07,3.74,False
1789135658842,104.06,0.05,True
1789135658862,104.07,9.6,False
1789135658869,104.06,0.37,True
1789135658947,104.07,2.6,False
1789135658982,104.06,32.74,True
1789135658986,104.06,577.28,False
1789135659013,104.07,5.16,False
1789135659028,104.06,20.77,True
1789135659151,104.06,2.45,True
1789135659155,104.07,1.25,False
1789135659336,104.06,28.44,True
1789135659356,104.07,0.96,False
1789135659357,104.06,8.65,True
1789135659385,104.07,0.34,False
1789135659488,104.06,2.94,True
1789135659491,104.07,0.24,False
1789135659521,104.06,1.16,True
1789135659535,104.07,1.17,False
1789135659561,104.06,89.78,True
1789135659610,104.07,9.6,False
1789135659613,104.06,1.98,True
1789135659628,104.07,0.61,False
1789135659781,104.06,4.6,True
1789135659834,104.07,19.3,False
1789135659951,104.06,6.68,True
1789135660077,104.06,100.06,True
1789135660165,104.07,217.78,False
1789135660168,104.08,0.91,False
1789135660211,104.07,636.84,True
1789135660409,104.08,2.88,False
1789135660534,104.07,1.16,True
1789135660593,104.08,0.05,False
1789135660667,104.07,56.71,True
1789135660696,104.08,0.05,False
1789135660797,104.07,57.91,True
1789135660828,104.06,1.47,True
1789135660884,104.07,4.73,False
1789135661041,104.07,0.07,False
1789135661042,104.06,0.03,True
1789135661182,104.06,42.19,True
1789135661233,104.07,0.05,False
1789135661340,104.06,6.82,True
1789135661350,104.07,33.18,False
1789135661372,104.09,332.81,False
1789135661399,104.08,7.7,True
1789135661447,104.09,7.23,False
1789135661460,104.08,4.22,True
1789135661575,104.08,44.0,True
1789135661611,104.09,4.8,False
1789135661645,104.08,91.24,True
1789135661648,104.07,0.19,True
1789135661659,104.08,0.61,False
1789135661686,104.07,9.18,True
1789135661694,104.06,10.55,True
1789135661750,104.07,0.05,False
1789135661778,104.06,65.11,True
1789135661894,104.06,111.33,True
1789135661935,104.06,507.33,False
1789135662036,104.06,1.16,False
1789135662146,104.05,48.22,True
1789135662157,104.06,271.74,False
1789135662163,104.07,185.34,False
1789135662180,104.08,0.53,False
1789135662236,104.07,1.96,True
1789135662254,104.08,0.42,False
1789135662259,104.07,8.0,True
1789135662260,104.08,0.05,False
1789135662268,104.07,3.0,True
1789135662416,104.08,2.3,False
1789135662560,104.08,1.91,False
1789135662562,104.07,88.57,True
1789135662695,104.07,10.0,True
1789135662775,104.08,0.05,False
1789135662797,104.07,6.94,True
1789135662878,104.08,1.59,False
1789135662912,104.07,53.82,True
1789135663047,104.08,3.57,False
1789135663135,104.07,1.71,True
1789135663186,104.08,1.87,False
1789135663190,104.07,0.38,True
1789135663210,104.08,297.72,False
1789135663213,104.09,1.05,False
1789135663417,104.09,0.39,False
1789135663443,104.08,78.04,True
1789135663522,104.09,0.54,False
1789135663575,104.08,1.16,True
1789135663617,104.09,38.74,False
1789135663705,104.08,130.39,True
1789135663868,104.08,88.61,True
1789135663901,104.08,75.15,False
1789135663929,104.07,635.0,True
1789135663952,104.06,62.92,True
1789135664014,104.06,0.05,False
1789135664078,104.05,95.92,True
1789135664080,104.06,0.3,False
1789135664082,104.05,2.69,True
1789135664190,104.05,0.14,True
1789135664201,104.06,156.0,False
1789135664223,104.05,9.67,True
1789135664232,104.06,79.4,False
1789135664377,104.06,0.05,False
1789135664382,104.05,2.02,True
1789135664429,104.06,0.4,False
1789135664443,104.05,16.74,True
1789135664557,104.06,265.73,False
1789135664561,104.07,1.42,False
1789135664588,104.07,1.16,True
1789135664613,104.08,8.62,False
1789135664712,104.07,56.52,True
1789135664829,104.07,7.76,False
1789135664868,104.06,10.06,True
1789135664871,104.06,1.38,True
1789135665021,104.06,0.01,False
1789135665042,104.05,891.78,True
1789135665057,104.04,337.97,True
1789135665058,104.06,529.96,False
1789135665059,104.04,0.06,True
1789135665119,104.05,116.23,False
1789135665144,104.04,18.01,True
1789135665161,104.05,0.81,False
1789135665169,104.04,180.71,True
1789135665339,104.05,418.64,False
1789135665469,104.06,259.49,False
1789135665604,104.06,1.16,True
1789135665699,104.07,0.17,False
1789135665785,104.06,284.92,True
1789135665840,104.06,0.91,False
1789135665920,104.05,52.02,True
1789135666022,104.06,0.05,False
1789135666134,104.06,169.92,False
1789135666250,104.05,25.27,True
1789135666370,104.06,0.05,False
1789135666378,104.05,104.8,True
1789135666500,104.06,18.28,False
1789135666513,104.06,182.47,True
1789135666557,104.07,14.95,False
1789135666617,104.07,1.16,True
1789135666632,104.08,239.54,False
1789135666685,104.08,40.73,True
1789135666713,104.08,1.51,False
1789135666727,104.07,15.05,True
1789135666734,104.07,0.1,False
1789135666812,104.06,0.37,True
1789135666815,104.07,0.89,False
1789135666846,104.06,2.61,True
1789135666853,104.07,43.15,False
1789135666892,104.06,28.8,True
1789135666913,104.07,1.23,False
1789135666916,104.06,65.01,True
1789135666917,104.05,35.97,True
1789135667033,104.05,6.74,True
1789135667133,104.06,0.26,False
1789135667186,104.05,48.44,True
1789135667204,104.04,52.45,True
1789135667333,104.05,0.55,False
1789135667476,104.05,43.17,False
1789135667481,104.04,4.43,True
1789135667601,104.04,275.85,True
1789135667658,104.05,116.97,False
1789135667802,104.04,151.13,True
1789135667889,104.05,200.0,False
1789135667951,104.04,36.21,True
1789135667985,104.03,5.43,True
1789135668039,104.04,1.65,False
1789135668094,104.03,1.93,True
1789135668259,104.03,5.79,True
1789135668396,104.03,13.38,True
1789135668403,104.04,19.66,False
1789135668432,104.03,58.05,True
1789135668525,104.04,0.09,False
1789135668542,104.03,131.81,True
1789135668645,104.03,1.16,True
1789135668646,104.04,5.78,False
1789135668680,104.03,3.45,True
1789135668707,104.04,705.46,False
1789135668719,104.05,511.14,False
1789135668720,104.07,937.12,False
1789135668721,104.11,403.9,False
1789135668724,104.11,1589.73,True
1789135668726,104.1,10965.21,True
1789135668730,104.11,317.91,True
1789135668732,104.1,1352.46,True
1789135668734,104.09,14.41,True
1789135668737,104.09,0.1,False
1789135668739,104.08,0.71,True
1789135668743,104.07,2.2,True
1789135668793,104.08,3.67,False
1789135668806,104.07,2.01,True
1789135668845,104.08,12.0,False
1789135668856,104.07,3.92,True
1789135668906,104.08,0.05,False
1789135668910,104.07,304.0,True
1789135668912,104.06,26.78,True
1789135668938,104.06,0.05,False
1789135668987,104.05,10.06,True
1789135669068,104.06,9.1,False
1789135669074,104.05,20.92,True
1789135669131,104.05,384.56,False
1789135669156,104.04,0.17,True
1789135669179,104.05,1.91,False
1789135669338,104.04,1.59,True
1789135669363,104.05,1.5,False
1789135669391,104.04,3.3,True
1789135669450,104.05,0.05,False
1789135669470,104.04,0.48,True
1789135669594,104.04,6.19,True
1789135669596,104.05,1.5,False
1789135669652,104.04,0.53,True
1789135669654,104.05,4.81,False
1789135669660,104.04,1.16,True
1789135669700,104.05,363.04,False
1789135669769,104.04,4.04,True
1789135669775,104.05,122.05,False
1789135669803,104.04,1.4,True
1789135669814,104.05,0.06,False
1789135669845,104.04,64.14,True
1789135670017,104.05,0.11,False
1789135670027,104.05,151.88,False
1789135670041,104.06,289.77,False
1789135670128,104.06,4.95,True
1789135670145,104.07,41.27,False
1789135670240,104.06,260.52,True
1789135670409,104.06,16.57,True
1789135670478,104.07,0.05,False
1789135670539,104.06,2.28,True
1789135670642,104.07,421.73,False
1789135670674,104.07,1.16,True
1789135670684,104.08,11.89,False
1789135670694,104.07,113.21,True
1789135670700,104.07,2.63,False
1789135670709,104.06,4.97,True
1789135670809,104.07,92.83,False
1789135670816,104.06,0.2,True
1789135670818,104.07,1.81,False
1789135670882,104.07,215.51,True
1789135670965,104.06,59.11,True
1789135670991,104.07,12.11,False
1789135671068,104.06,16.29,True
1789135671184,104.06,11.51,True
1789135671201,104.07,9.72,False
1789135671206,104.08,538.75,False
1789135671211,104.09,21.16,False
1789135671215,104.08,0.13,True
1789135671217,104.09,185.71,False
1789135671224,104.1,21.21,False
1789135671260,104.09,0.97,True
1789135671384,104.1,95.29,False
1789135671502,104.1,0.05,False
1789135671503,104.09,55.38,True
1789135671690,104.09,1.16,True
1789135671697,104.1,5.14,False
1789135671752,104.1,5.88,True
1789135671779,104.11,28.98,False
1789135671952,104.1,230.85,True
1789135671956,104.09,3.1,True
1789135671984,104.1,14.09,False
1789135672139,104.09,9.49,True
1789135672260,104.09,98.78,True
1789135672429,104.1,2.09,False
1789135672533,104.1,0.05,False
1789135672660,104.09,1.49,True
1789135672741,104.1,0.18,False
1789135672784,104.09,4.52,True
1789135672909,104.09,6.9,True
1789135672937,104.1,5.75,False
1789135673043,104.1,66.04,False
1789135673066,104.09,0.48,True
1789135673095,104.1,529.78,False
1789135673096,104.11,588.01,False
1789135673097,104.1,8.0,False
1789135673133,104.09,0.5,True
1789135673173,104.1,48.49,False
1789135673246,104.09,0.1,True
1789135673265,104.1,0.5,False
1789135673270,104.09,3.92,True
1789135673426,104.1,0.86,False
1789135673523,104.09,2.96,True
1789135673546,104.1,0.1,False
1789135673585,104.09,1.78,True
1789135673596,104.1,10.0,False
1789135673641,104.09,6.86,True
1789135673748,104.09,98.46,True
1789135673808,104.1,14.11,False
1789135673881,104.09,15.16,True
1789135673916,104.1,0.11,False
1789135673920,104.09,6.84,True
1789135673929,104.1,45.26,False
1789135673978,104.11,3.86,False
1789135674077,104.1,0.42,True
1789135674087,104.11,4.07,False
1789135674115,104.1,18.0,True
1789135674117,104.11,1.89,False
1789135674220,104.11,59.91,False
1789135674413,104.1,49.75,True
1789135674414,104.11,3.46,False
1789135674456,104.1,17.11,True
1789135674586,104.11,0.05,False
1789135674599,104.1,0.19,True
1789135674743,104.1,1.16,True
1789135674819,104.11,0.06,False
1789135674996,104.1,15.36,True
1789135675004,104.11,4.55,False
1789135675006,104.1,184.67,True
1789135675053,104.1,0.05,False
1789135675062,104.09,1.0,True
1789135675099,104.1,0.05,False
1789135675105,104.09,218.32,True
1789135675186,104.08,245.63,True
1789135675228,104.09,20.16,False
1789135675269,104.09,632.49,True
1789135675543,104.1,11.28,False
1789135675749,104.09,21.86,True
1789135675867,104.1,0.05,False
1789135676000,104.1,0.05,False
1789135676041,104.09,30.0,True
1789135676140,104.1,10.75,False
1789135676201,104.1,30.24,True
1789135676399,104.11,2.43,False
1789135676422,104.1,14.07,True
1789135676451,104.11,258.52,False
1789135676452,104.12,415.24,False
1789135676610,104.12,0.12,False
1789135676654,104.11,0.37,True
1789135676789,104.11,1.16,True
1789135676798,104.12,47.43,False
1789135676883,104.11,7.23,True
1789135677008,104.12,182.23,False
1789135677044,104.13,31.54,False
1789135677105,104.14,1.0,False
1789135677146,104.13,27.92,True
1789135677153,104.14,0.05,False
1789135677235,104.13,6.82,True
1789135677325,104.14,16.35,False
1789135677423,104.13,1.61,True
1789135677501,104.14,0.85,False
1789135677548,104.13,97.87,True
1789135677667,104.14,25.15,False
1789135677785,104.13,38.46,True
1789135677816,104.14,4.11,False
1789135678029,104.13,100.97,True
1789135678183,104.14,0.1,False
1789135678254,104.13,13.99,True
1789135678345,104.14,15.94,False
1789135678395,104.14,90.04,False
1789135678495,104.13,8.06,True
1789135678545,104.14,0.17,False
1789135678695,104.14,0.05,False
1789135678735,104.13,4.48,True
1789135678891,104.13,474.28,True
1789135679042,104.13,68.38,False
1789135679065,104.12,9.57,True
1789135679094,104.11,9.41,True
1789135679202,104.12,1.06,False
1789135679204,104.11,0.66,True
1789135679209,104.12,0.05,False
1789135679255,104.11,2.2,True
1789135679279,104.12,55.38,False
1789135679282,104.12,19.21,True
1789135679294,104.13,1.71,False
1789135679400,104.13,6.01,False
1789135679503,104.12,3.69,True
1789135679552,104.13,10.41,False
1789135679688,104.12,6.78,True
1789135679708,104.13,13.97,False
1789135679720,104.14,0.05,False
1789135679779,104.13,6.09,True
1789135679974,104.13,92.07,True
1789135680041,104.14,5.17,False
1789135680122,104.13,0.17,True
1789135680142,104.14,138.26,False
1789135680255,104.13,13.69,True
1789135680359,104.13,5.01,True
1789135680405,104.14,73.49,False
1789135680471,104.15,0.77,False
1789135680544,104.14,0.18,True
1789135680562,104.15,1044.98,False
1789135680582,104.16,101.23,False
1789135680586,104.17,9.93,False
1789135680606,104.16,35.35,True
1789135680612,104.17,64.12,False
1789135680649,104.18,63.49,False
1789135680671,104.18,19.21,True
1789135680748,104.19,6.25,False
1789135680848,104.18,1.16,True
1789135680948,104.19,110.13,False
1789135680959,104.19,33.88,True
1789135681013,104.2,46.84,False
1789135681030,104.21,51.5,False
1789135681090,104.22,20.0,False
1789135681246,104.23,9.78,False
1789135681249,104.22,547.76,True
1789135681251,104.22,7.93,False
1789135681253,104.21,0.67,True
1789135681259,104.21,0.05,False
1789135681260,104.2,71.09,True
1789135681319,104.2,0.56,False
1789135681361,104.19,37.61,True
1789135681423,104.2,46.98,False
1789135681518,104.21,21.16,False
1789135681629,104.22,0.16,False
1789135681670,104.21,3.0,True
1789135681709,104.22,47.33,False
1789135681862,104.22,1.16,True
1789135681892,104.23,4.68,False
1789135681913,104.22,5.0,True
1789135681924,104.23,89.46,False
1789135681935,104.23,17.56,True
1789135681960,104.24,0.13,False
1789135681963,104.23,2.27,True
1789135682009,104.24,112.02,False
1789135682045,104.25,228.04,False
1789135682051,104.26,0.19,False
1789135682094,104.25,146.6,True
1789135682198,104.25,27.87,True
1789135682226,104.26,1.5,False
1789135682233,104.25,30.76,True
1789135682247,104.24,31.32,True
1789135682280,104.25,165.35,False
1789135682330,104.24,1.42,True
1789135682497,104.25,35.05,False
1789135682536,104.25,2.28,True
1789135682578,104.26,17.99,False
1789135682762,104.26,0.37,False
1789135682809,104.25,0.74,True
1789135682818,104.26,35.69,False
1789135682825,104.27,4.68,False
1789135682832,104.26,476.43,True
1789135682855,104.25,204.91,True
1789135682866,104.24,33.14,True
1789135682870,104.24,1.97,False
1789135682872,104.23,42.02,True
1789135682896,104.22,3.47,True
1789135682926,104.23,32.93,False
1789135682929,104.22,21.5,True
1789135682934,104.23,1.69,False
1789135682959,104.22,20.96,True
1789135682968,104.21,19.76,True
1789135683027,104.21,0.1,False
1789135683035,104.2,84.11,True
1789135683037,104.21,0.16,False
1789135683039,104.2,33.61,True
1789135683054,104.2,3.77,False
1789135683175,104.2,334.56,False
1789135683176,104.2,0.38,True
1789135683180,104.21,4.76,False
1789135683240,104.21,68.88,True
1789135683259,104.2,31.35,True
1789135683262,104.2,104.59,False
1789135683328,104.19,56.81,True
1789135683332,104.18,52.59,True
1789135683358,104.17,187.38,True
1789135683483,104.17,5.58,False
1789135683490,104.17,1232.37,True
1789135683514,104.18,32.11,False
1789135683625,104.17,2.33,True
1789135683688,104.18,14.98,False
1789135683699,104.19,30.03,False
1789135683802,104.18,0.69,True
1789135683803,104.19,20.0,False
1789135683819,104.18,0.06,True
1789135683843,104.19,136.32,False
1789135683882,104.2,30.92,False
1789135683922,104.19,1.16,True
1789135683943,104.2,63.81,False
1789135684052,104.2,35.32,False
1789135684158,104.2,17.33,False
1789135684312,104.2,26.27,False
1789135684424,104.2,0.27,False
1789135684473,104.19,5.26,True
1789135684479,104.2,35.17,False
1789135684483,104.21,0.91,False
1789135684593,104.2,828.37,True
1789135684594,104.19,544.49,True
1789135684597,104.18,0.35,True
1789135684684,104.19,26.31,False
1789135684800,104.19,0.6,False
1789135684927,104.18,23.23,True
1789135685112,104.18,10.99,True
1789135685144,104.19,34.19,False
1789135685220,104.2,17.86,False
1789135685334,104.2,25.35,False
1789135685366,104.21,0.05,False
1789135685425,104.2,96.43,True
1789135685428,104.21,23.16,False
1789135685491,104.2,10.0,True
1789135685501,104.21,198.46,False
1789135685507,104.22,17.28,False
1789135685671,104.23,30.42,False
1789135685696,104.23,49.91,True
1789135685755,104.24,89.24,False
1789135685898,104.23,40.82,True
1789135685929,104.22,30.81,True
1789135685945,104.22,1.05,False
1789135685948,104.21,6.89,True
1789135686065,104.21,0.05,False
1789135686077,104.2,181.19,True
1789135686081,104.19,6.4,True
1789135686088,104.18,0.19,True
1789135686109,104.19,3.37,False
1789135686141,104.18,3.51,True
1789135686149,104.19,0.47,False
1789135686252,104.18,0.46,True
1789135686394,104.19,6.02,False
1789135686435,104.2,142.09,False
1789135686470,104.19,0.01,True
1789135686472,104.2,96.45,False
1789135686549,104.19,69.12,True
1789135686584,104.2,44.15,False
1789135686627,104.19,2.78,True
1789135686663,104.19,1.1,False
1789135686766,104.19,50.0,False
1789135686816,104.18,0.07,True
1789135686846,104.19,18.34,False
1789135686965,104.18,1.16,True
1789135687078,104.18,0.24,True
1789135687240,104.19,18.41,False
1789135687423,104.19,12.1,False
1789135687574,104.19,194.23,False
1789135687626,104.2,146.72,False
1789135687710,104.19,20.0,True
1789135687822,104.19,43.21,True
1789135687931,104.2,4.55,False
1789135687952,104.19,9.5,True
1789135687970,104.2,1.4,False
1789135687978,104.19,6.02,True
1789135688055,104.2,0.05,False
1789135688070,104.19,18.72,True
1789135688174,104.2,10.39,False
1789135688178,104.2,539.95,True
1789135688186,104.19,479.94,True
1789135688188,104.2,1.52,True
1789135688300,104.2,4.85,False
1789135688333,104.19,120.87,True
1789135688449,104.2,20.63,False
1789135688572,104.19,0.06,True
1789135688606,104.2,35.12,False
1789135688763,104.2,0.58,False
1789135688780,104.19,1.38,True
1789135688863,104.2,3.88,False
1789135688991,104.19,3.14,True
1789135689109,104.19,0.12,True
1789135689317,104.2,162.4,False
1789135689379,104.19,126.19,True
1789135689422,104.18,385.72,True
1789135689475,104.19,0.63,False
1789135689552,104.18,7.95,True
1789135689625,104.19,147.68,False
1789135689669,104.2,6.65,False
1789135689723,104.19,4.31,True
1789135689785,104.2,75.37,False
1789135689811,104.21,5.0,True
1789135689852,104.22,59.24,False
1789135689871,104.23,9.56,False
1789135689899,104.22,7.32,True
1789135689923,104.23,0.22,False
1789135690006,104.22,9.78,True
1789135690060,104.23,0.05,False
1789135690063,104.22,1299.5,True
1789135690081,104.21,127.18,True
1789135690082,104.2,139.28,True
1789135690089,104.19,2.81,True
1789135690414,104.2,9.94,False
1789135690503,104.21,4.05,False
1789135690585,104.2,32.73,True
1789135690693,104.21,6.26,False
1789135690694,104.22,1.13,False
1789135690713,104.21,584.81,True
1789135690771,104.21,0.65,False
1789135690806,104.2,3.35,True
1789135690823,104.21,25.37,False
1789135690865,104.2,38.37,True
1789135691017,104.21,0.05,False
1789135691023,104.2,13.01,True
1789135691284,104.21,11.2,False
1789135691289,104.2,10.74,True
1789135691402,104.2,94.59,True
1789135691510,104.21,0.06,False
1789135691582,104.2,458.63,True
1789135691648,104.19,1.45,True
1789135691651,104.18,106.63,True
1789135691678,104.17,168.7,True
1789135691685,104.17,1.76,False
1789135691746,104.16,66.37,True
1789135691785,104.16,0.08,False
1789135691791,104.15,44.09,True
1789135691793,104.15,8.94,False
1789135691915,104.14,16.39,True
1789135691936,104.15,339.38,False
1789135692037,104.14,41.9,True
1789135692064,104.15,0.05,False
1789135692137,104.14,5.42,True
1789135692142,104.15,48.47,False
1789135692217,104.14,5.0,True
1789135692269,104.15,3.51,False
1789135692294,104.14,96.79,True
1789135692312,104.15,29.89,False
1789135692323,104.14,5.07,True
1789135692424,104.14,127.24,True
1789135692511,104.14,31.42,False
1789135692586,104.13,386.21,True
1789135692588,104.13,0.05,False
1789135692597,104.12,71.82,True
1789135692683,104.11,9.6,True
1789135692704,104.12,0.05,False
1789135692706,104.11,6.84,True
1789135692713,104.12,0.05,False
1789135692764,104.11,37.9,True
1789135692778,104.1,0.19,True
1789135692798,104.11,0.05,False
1789135692832,104.1,6.27,True
1789135692835,104.11,0.2,False
1789135693050,104.1,1.16,True
1789135693068,104.11,97.47,False
1789135693275,104.11,6.72,False
1789135693355,104.1,0.3,True
1789135693388,104.11,5.69,False
1789135693409,104.1,428.7,True
1789135693412,104.09,5.38,True
1789135693452,104.1,5.78,False
1789135693476,104.09,2.72,True
1789135693496,104.1,0.52,False
1789135693519,104.09,142.83,True
1789135693526,104.08,18.1,True
1789135693583,104.09,2.33,False
1789135693614,104.08,42.95,True
1789135693619,104.07,70.95,True
1789135693641,104.08,208.23,False
1789135693684,104.07,26.97,True
1789135693764,104.08,2.62,False
1789135693894,104.07,20.37,True
1789135694066,104.07,1.16,True
1789135694067,104.08,19.14,False
1789135694075,104.07,16.85,True
1789135694112,104.08,0.05,False
1789135694242,104.08,109.68,False
1789135694246,104.09,14.44,False
1789135694319,104.09,200.0,True
1789135694328,104.1,0.11,False
1789135694332,104.09,1.92,True
1789135694388,104.1,2.74,False
1789135694556,104.09,123.72,True
1789135694597,104.1,7.46,False
1789135694652,104.09,2.55,True
1789135694682,104.1,23.81,False
1789135694704,104.11,102.75,False
1789135694764,104.12,0.91,False
1789135694810,104.11,47.55,True
1789135694840,104.12,185.41,False
1789135694865,104.13,0.05,False
1789135694907,104.12,25.93,True
1789135694935,104.13,24.53,False
1789135694984,104.13,3.56,True
1789135695121,104.14,0.05,False
1789135695243,104.13,390.61,True
1789135695321,104.12,41.24,True
1789135695347,104.13,0.08,False
1789135695452,104.12,0.09,True
1789135695458,104.13,82.27,False
1789135695481,104.12,54.11,True
1789135695552,104.13,18.92,False
1789135695598,104.12,4.52,True
1789135695605,104.13,25.05,False
1789135695741,104.13,6.3,False
1789135695773,104.12,2.75,True
1789135695890,104.13,75.48,False
1789135696025,104.13,1.01,False
1789135696092,104.12,1.16,True
1789135696107,104.13,0.69,False
1789135696198,104.12,134.44,True
1789135696235,104.13,10.22,False
1789135696342,104.12,0.85,True
1789135696431,104.13,91.53,False
1789135696440,104.14,41.52,False
1789135696444,104.14,181.63,True
1789135696511,104.15,27.42,False
1789135696583,104.15,10.5,True
1789135696604,104.16,26.53,False
1789135696843,104.17,0.86,False
1789135696978,104.16,9.6,True
1789135697037,104.17,0.16,False
1789135697090,104.16,133.16,True
1789135697119,104.17,0.1,False
1789135697134,104.16,22.0,True
1789135697178,104.17,0.42,False
1789135697367,104.16,44.25,True
1789135697373,104.17,0.24,False
1789135697478,104.17,181.77,False
1789135697525,104.17,0.49,True
1789135697558,104.18,24.37,False
1789135697623,104.19,266.33,False
1789135697637,104.2,0.34,False
1789135697643,104.19,0.26,True
1789135697681,104.2,0.32,False
1789135697682,104.19,5.76,True
1789135697690,104.2,0.05,False
1789135697692,104.19,0.61,True
1789135697755,104.2,221.94,False
1789135697761,104.21,200.91,False
1789135697808,104.2,960.72,True
1789135697817,104.19,0.37,False
1789135697917,104.19,79.07,True
1789135697989,104.2,0.41,False
1789135698029,104.19,9.59,True
1789135698063,104.2,1.23,False
1789135698130,104.19,15.16,True
1789135698149,104.2,94.15,False
1789135698187,104.22,68.23,False
1789135698190,104.22,199.99,False
1789135698237,104.21,0.6,True
1789135698293,104.22,0.1,False
1789135698430,104.22,16.4,False
1789135698548,104.22,1.91,False
1789135698674,104.21,368.67,True
1789135698704,104.2,29.72,True
1789135698714,104.19,38.19,True
1789135698717,104.18,1.77,True
1789135698720,104.19,1.05,False
1789135698949,104.19,15.94,False
1789135699063,104.19,19.07,False
1789135699146,104.19,1.16,True
1789135699230,104.2,4.84,False
1789135699250,104.19,0.09,True
1789135699273,104.2,49.13,False
1789135699415,104.19,20.0,True
1789135699605,104.2,2.0,False
1789135699745,104.2,193.32,False
1789135699986,104.19,20.4,True
1789135700031,104.2,0.69,False
1789135700085,104.19,0.65,True
1789135700156,104.2,9.59,False
1789135700159,104.19,194.48,True
1789135700206,104.18,47.4,True
1789135700208,104.17,0.38,True
1789135700235,104.18,1.78,False
1789135700261,104.17,8.25,True
1789135700264,104.16,22.04,True
1789135700419,104.16,0.07,True
1789135700443,104.17,658.22,False
1789135700540,104.19,2.0,True
1789135700591,104.2,126.52,False
1789135700624,104.19,2.32,True
1789135700767,104.2,276.96,False
1789135700770,104.19,5.0,True
1789135700771,104.2,28.55,False
1789135700923,104.2,190.41,False
1789135701020,104.2,19.65,True
1789135701174,104.2,1.16,True
1789135701188,104.21,190.61,False
1789135701230,104.21,0.39,True
1789135701252,104.22,0.89,False
1789135701327,104.21,50.74,True
1789135701383,104.22,1.22,False
1789135701513,104.21,51.43,True
1789135701599,104.22,163.61,False
1789135701609,104.23,0.91,False
1789135701622,104.22,2.39,True
1789135701705,104.23,52.74,False
1789135701797,104.23,3.28,True
1789135701798,104.24,0.05,False
1789135701904,104.23,10.33,True
1789135701961,104.24,71.79,False
1789135702077,104.25,43.54,False
1789135702188,104.24,1.16,True
1789135702328,104.25,0.05,False
1789135702387,104.24,20.23,True
1789135702493,104.25,22.26,False
1789135702528,104.25,0.54,True
1789135702588,104.26,17.97,False
1789135702667,104.25,239.58,True
1789135702679,104.26,49.84,False
1789135702695,104.25,339.75,True
1789135702721,104.24,237.77,True
1789135702778,104.24,0.05,False
1789135702803,104.23,12.76,True
1789135702804,104.22,7.27,True
1789135702825,104.23,0.05,False
1789135702900,104.22,0.13,True
1789135702974,104.23,3.42,False
1789135702979,104.22,63.14,True
1789135702987,104.21,47.73,True
1789135702996,104.2,19.0,True
1789135703037,104.21,34.25,False
1789135703195,104.2,5.56,True
1789135703198,104.21,132.94,False
1789135703204,104.2,1.49,True
1789135703337,104.21,2.85,False
1789135703547,104.21,4.25,False
1789135703640,104.21,7.35,True
1789135703661,104.22,104.84,False
1789135703730,104.21,0.15,True
1789135703846,104.22,0.15,False
1789135703866,104.22,3.22,True
1789135703986,104.22,1.0,True
1789135704044,104.23,76.45,False
1789135704150,104.22,24.03,True
1789135704276,104.23,15.59,False
1789135704303,104.24,0.12,False
1789135704380,104.23,25.9,True
1789135704466,104.22,50.12,True
1789135704470,104.21,30.55,True
1789135704483,104.2,1.77,True
1789135704494,104.21,0.53,False
1789135704503,104.2,0.34,True
1789135704539,104.21,1.13,False
1789135704712,104.21,146.57,False
1789135704765,104.22,1.05,False
1789135704776,104.23,9.58,False
1789135704780,104.22,53.28,True
1789135704876,104.23,0.05,False
1789135704980,104.23,1.71,False
1789135705059,104.22,116.13,True
1789135705082,104.22,0.05,False
1789135705103,104.21,13.88,True
1789135705125,104.21,17.95,False
1789135705176,104.2,2.41,True
1789135705261,104.21,1.42,False
1789135705290,104.2,7.67,True
1789135705302,104.21,97.29,False
1789135705323,104.2,9.59,True
1789135705391,104.21,0.17,False
1789135705420,104.2,28.57,True
1789135705764,104.21,349.1,False
1789135705778,104.22,116.14,False
1789135705800,104.23,14.49,False
1789135705809,104.24,2.91,False
1789135705982,104.24,35.47,True
1789135706021,104.25,0.05,False
1789135706022,104.24,91.99,True
1789135706097,104.25,43.48,False
1789135706248,104.25,1.16,True
1789135706275,104.26,5.18,False
1789135706328,104.25,2.16,True
1789135706353,104.26,0.12,False
1789135706631,104.26,3.8,False
1789135706651,104.25,31.36,True
1789135706685,104.25,858.75,False
1789135706725,104.26,815.79,False
1789135706726,104.28,968.11,False
1789135706727,104.29,0.06,False
1789135706729,104.28,7238.88,True
1789135706731,104.29,0.91,False
1789135706732,104.28,0.06,True
1789135706736,104.27,0.26,False
1789135706737,104.26,0.34,True
1789135706751,104.26,108.15,False
1789135706754,104.25,0.07,True
1789135706798,104.26,74.04,False
1789135706832,104.26,0.13,True
1789135706912,104.27,110.33,False
1789135707039,104.26,9.39,True
1789135707047,104.25,10.74,True
1789135707073,104.26,205.21,False
1789135707100,104.25,0.13,True
1789135707112,104.26,4.74,False
1789135707172,104.25,22.75,True
1789135707179,104.26,167.21,False
1789135707222,104.25,20.47,True
1789135707262,104.26,10.57,False
1789135707408,104.25,113.17,True
1789135707447,104.25,0.05,False
1789135707554,104.25,90.59,False
1789135707656,104.26,6.47,False
1789135707718,104.27,0.55,False
1789135707723,104.26,77.35,True
1789135707907,104.27,11.07,False
1789135708085,104.27,0.26,False
1789135708189,104.27,85.42,False
1789135708274,104.26,47.37,True
1789135708340,104.27,0.05,False
1789135708372,104.26,38.25,True
1789135708379,104.26,54.16,False
1789135708553,104.25,234.08,True
1789135708608,104.25,383.79,False
1789135708720,104.25,308.79,True
1789135708788,104.24,0.19,True
1789135708791,104.25,339.36,False
1789135708848,104.25,314.76,True
1789135708950,104.25,19.9,False
1789135709012,104.24,19.0,True
1789135709017,104.25,3.74,False
1789135709164,104.24,142.25,True
1789135709170,104.25,136.59,False
1789135709241,104.26,156.7,False
1789135709288,104.25,2.03,True
1789135709476,104.26,13.68,False
1789135709575,104.27,100.0,False
1789135709665,104.26,12.92,True
1789135709678,104.27,3.41,False
1789135709779,104.26,22.54,True
1789135709980,104.26,1.9,True
1789135709994,104.27,2.05,False
1789135710147,104.26,28.41,True
1789135710238,104.25,0.13,True
1789135710245,104.26,11.87,False
1789135710302,104.25,1.16,True
1789135710381,104.26,45.4,False
1789135710527,104.26,1.55,False
1789135710602,104.25,4.95,True
1789135710629,104.26,2.0,False
1789135710706,104.25,0.13,True
1789135710763,104.26,10.3,False
1789135710816,104.25,0.17,True
1789135710830,104.26,2.57,False
1789135710881,104.25,36.14,True
1789135710904,104.26,0.05,False
1789135710910,104.25,4.61,True
1789135711033,104.26,3.64,False
1789135711268,104.25,479.7,True
1789135711274,104.26,160.0,False
1789135711315,104.25,1.16,True
1789135711408,104.26,0.66,False
1789135711554,104.26,0.05,False
1789135711556,104.25,64.32,True
1789135711746,104.25,0.35,True
1789135711873,104.26,124.13,False
1789135711875,104.27,0.91,False
1789135711893,104.26,253.06,True
1789135711968,104.27,0.24,False
1789135712018,104.26,0.76,True
1789135712091,104.27,0.05,False
1789135712108,104.26,0.39,True
1789135712140,104.27,24.26,False
1789135712199,104.26,33.91,True
1789135712329,104.26,48.28,True
1789135712420,104.27,12.68,False
1789135712470,104.26,41.19,True
1789135712535,104.25,0.67,True
1789135712582,104.26,0.05,False
1789135712777,104.25,145.48,True
1789135712791,104.25,0.1,False
1789135712795,104.24,13.9,True
1789135712813,104.24,10.0,False
1789135712946,104.24,18.21,False
1789135712948,104.23,4.75,True
1789135713014,104.24,17.62,False
1789135713342,104.24,5.6,True
1789135713501,104.25,0.13,False
1789135713510,104.24,1.33,True
1789135713575,104.25,357.3,False
1789135713578,104.26,4.25,False
1789135713608,104.27,0.05,False
1789135713616,104.26,0.13,True
1789135713782,104.27,7.8,False
1789135713956,104.26,6.36,True
1789135714026,104.27,0.14,False
1789135714075,104.26,11.99,True
1789135714122,104.27,0.05,False
1789135714148,104.26,492.2,True
1789135714186,104.26,13.24,False
1789135714312,104.25,21.16,True
1789135714468,104.25,23.49,True
1789135714475,104.24,3.17,True
1789135714480,104.25,0.81,False
1789135714482,104.24,12.07,True
1789135714497,104.25,329.46,False
1789135714578,104.27,32.46,False
1789135714612,104.26,6.49,True
1789135714634,104.27,0.05,False
1789135714643,104.26,0.03,True
1789135714708,104.27,42.75,False
1789135714998,104.26,30.25,True
1789135715148,104.27,0.15,False
1789135715264,104.27,0.22,False
1789135715369,104.26,1.43,True
1789135715589,104.26,54.12,True
1789135715661,104.27,0.05,False
1789135715674,104.26,0.13,True
1789135715676,104.27,4.85,False
1789135715701,104.26,2.24,True
1789135715781,104.27,582.93,False
1789135715808,104.26,5.0,True
1789135715854,104.27,0.98,False
1789135715954,104.26,500.73,True
1789135716036,104.27,5720.66,False
1789135716149,104.27,0.05,False
1789135716155,104.26,57.28,True
1789135716176,104.26,0.05,False
1789135716180,104.25,4.69,True
1789135716185,104.26,117.15,False
1789135716289,104.26,17.57,False
1789135716382,104.25,1.43,True
1789135716484,104.26,17.88,False
1789135716542,104.27,4.93,False
1789135716552,104.26,5.85,True
1789135716619,104.27,9.55,False
1789135716688,104.27,1.2,False
1789135716772,104.26,0.13,True
1789135716896,104.27,0.12,False
1789135716920,104.26,279.71,True
1789135716940,104.26,20.13,False
1789135716969,104.25,174.27,True
1789135716981,104.25,1.09,False
1789135717050,104.24,6.0,True
1789135717088,104.25,2.35,False
1789135717100,104.24,184.49,True
1789135717202,104.24,3.1,False
1789135717292,104.23,155.77,True
1789135717360,104.22,4.18,True
1789135717397,104.23,0.19,False
1789135717427,104.22,25.39,True
1789135717452,104.21,435.43,True
1789135717513,104.21,0.45,False
1789135717637,104.21,243.22,False
1789135717743,104.2,0.21,True
1789135718038,104.21,2.97,False
1789135718039,104.2,9.5,True
1789135718077,104.21,77.9,False
1789135718163,104.22,249.35,False
1789135718218,104.21,0.13,True
1789135718226,104.22,26.07,False
1789135718316,104.23,0.51,False
1789135718408,104.22,1.16,True
1789135718489,104.23,14.16,False
1789135718540,104.22,1.7,True
1789135718743,104.23,1.55,False
1789135718888,104.22,15.39,True
1789135718893,104.23,55.75,False
1789135718925,104.22,538.62,True
1789135718926,104.19,751.77,True
1789135718927,104.13,655.57,True
1789135718928,104.1,400.32,True
1789135718930,104.22,246.08,True
1789135718931,104.22,104.29,True
1789135718932,104.21,233.07,True
1789135718933,104.2,97.84,True
1789135718934,104.19,95.41,True
1789135718935,104.18,228.76,True
1789135718937,104.19,50.46,False
1789135718938,104.15,337.5,True
1789135718942,104.14,288.83,True
1789135718943,104.13,1.14,False
1789135718945,104.12,32.4,True
1789135718953,104.13,0.4,False
1789135718955,104.12,0.59,True
1789135718956,104.12,7.93,True
1789135718959,104.13,782.17,False
1789135718960,104.12,0.1,True
1789135718961,104.14,37.7,False
1789135718962,104.14,0.05,False
1789135718963,104.14,0.59,True
1789135718965,104.15,20.63,False
1789135718966,104.17,7.93,False
1789135718970,104.15,5.01,True
1789135718971,104.16,9.84,False
1789135718999,104.15,14.63,True
1789135719052,104.13,111.34,True
1789135719107,104.13,0.05,False
1789135719108,104.12,73.69,True
1789135719114,104.12,0.05,False
1789135719117,104.11,17.48,True
1789135719142,104.1,95.12,True
1789135719184,104.09,53.75,True
1789135719214,104.09,327.29,False
1789135719238,104.1,0.05,False
1789135719241,104.09,93.0,True
1789135719255,104.1,0.05,False
1789135719265,104.09,1.62,True
1789135719296,104.1,192.19,False
1789135719351,104.09,24.93,True
1789135719449,104.1,0.15,False
1789135719561,104.1,8.61,False
1789135719676,104.1,10.05,False
1789135719819,104.09,624.78,True
1789135719832,104.08,5.13,True
1789135719940,104.08,0.13,True
1789135719943,104.08,23.26,True
1789135720015,104.09,0.24,False
1789135720074,104.08,6.0,True
1789135720085,104.09,7.31,False
1789135720119,104.08,108.07,True
1789135720234,104.08,140.93,True
1789135720240,104.08,0.45,False
1789135720288,104.07,21.04,True
1789135720350,104.06,10.27,True
1789135720413,104.06,0.1,False
1789135720440,104.05,7.41,True
1789135720546,104.05,7.65,True
1789135720620,104.06,0.24,False
1789135720661,104.05,18.75,True
1789135720789,104.06,0.05,False
1789135720798,104.05,0.59,True
1789135720873,104.06,0.01,False
1789135720977,104.05,1.92,True
1789135721041,104.06,0.16,False
1789135721047,104.05,68.26,True
1789135721055,104.04,17.56,True
1789135721060,104.05,0.95,False
1789135721067,104.04,488.19,True
1789135721113,104.04,0.05,False
1789135721257,104.03,69.16,True
1789135721284,104.04,10.0,False
1789135721404,104.03,228.16,True
1789135721480,104.04,4.8,False
1789135721493,104.03,0.06,True
1789135721591,104.04,0.79,False
1789135721608,104.03,39.75,True
1789135721750,104.03,24.93,True
1789135721802,104.04,0.05,False
1789135721875,104.03,2.2,True
1789135721936,104.04,450.98,False
1789135722024,104.03,2.94,True
1789135722042,104.04,2.86,False
1789135722074,104.03,83.91,True
1789135722128,104.04,0.53,False
1789135722136,104.03,4.85,True
1789135722258,104.04,0.05,False
1789135722287,104.03,130.0,True
1789135722295,104.04,118.6,False
1789135722379,104.05,1.0,False
1789135722470,104.04,10.3,True
1789135722569,104.05,0.05,False
1789135722592,104.04,0.28,True
1789135722691,104.05,5.02,False
1789135722714,104.04,29.59,True
1789135722850,104.05,22.99,False
1789135722882,104.04,104.8,True
1789135722896,104.03,51.91,True
1789135723050,104.02,83.86,True
1789135723068,104.03,0.31,False
1789135723073,104.02,1.5,True
1789135723087,104.03,9.26,False
1789135723129,104.02,0.58,True
1789135723162,104.03,55.32,False
1789135723235,104.02,0.71,True
1789135723344,104.03,4.85,False
1789135723484,104.02,1.16,True
1789135723493,104.03,3.97,False
1789135723583,104.02,80.69,True
1789135723599,104.03,0.05,False
1789135723603,104.02,69.46,True
1789135723828,104.02,0.43,True
1789135723883,104.03,19.2,False
1789135723912,104.02,17.95,True
1789135723929,104.03,1.66,False
1789135723958,104.02,0.06,True
1789135723996,104.03,50.0,False
1789135724022,104.02,62.0,True
1789135724056,104.01,29.6,True
1789135724124,104.02,0.05,False
1789135724137,104.01,2.54,True
1789135724252,104.01,106.3,True
1789135724273,104.0,95.63,True
1789135724274,103.99,253.23,True
1789135724275,104.01,12.61,False
1789135724276,104.01,3.15,False
1789135724277,103.91,609.79,True
1789135724278,104.0,0.29,False
1789135724279,103.97,0.06,True
1789135724280,103.89,14.01,True
1789135724281,103.99,0.06,False
1789135724282,103.95,43.28,True
1789135724290,103.96,469.69,True
1789135724291,103.96,0.91,False
1789135724293,103.95,31.23,True
1789135724297,103.94,6.99,True
1789135724300,103.94,12.31,False
1789135724308,103.93,7.93,True
1789135724309,103.95,0.2,True
1789135724311,103.96,0.1,True
1789135724313,103.97,4.0,False
1789135724316,103.97,114.88,False
1789135724318,103.97,0.15,True
1789135724326,103.98,0.55,False
1789135724337,103.97,1.04,True
1789135724398,103.98,0.05,False
1789135724503,103.97,1.16,True
1789135724562,103.98,0.14,False
1789135724568,103.97,33.65,True
1789135724581,103.98,0.05,False
1789135724631,103.97,2.13,True
1789135724635,103.98,4.88,False
1789135724812,103.97,9.85,True
1789135724903,103.98,0.05,False
1789135724989,103.97,106.5,True
1789135725087,103.98,9.45,False
1789135725091,103.97,41.74,True
1789135725103,103.98,0.23,False
1789135725106,103.97,14.49,True
1789135725142,103.98,0.78,False
1789135725143,103.97,33.56,True
1789135725151,103.98,10.0,False
1789135725162,103.97,11.74,True
1789135725179,103.98,0.07,False
1789135725186,103.97,1.95,True
1789135725191,103.98,2.97,False
1789135725212,103.97,183.24,True
1789135725256,103.98,18.07,False
1789135725273,103.97,0.06,True
1789135725395,103.97,2.78,True
1789135725418,103.98,14.86,False
1789135725515,103.97,25.84,True
1789135725696,103.97,7.5,True
1789135725700,103.98,1.0,False
1789135725788,103.97,1.42,True
1789135725898,103.98,1.79,False
1789135726049,103.97,59.25,True
1789135726126,103.98,65.19,False
1789135726240,103.98,97.18,False
1789135726255,103.97,402.41,True
1789135726282,103.96,14.74,True
1789135726341,103.97,0.98,False
1789135726347,103.96,10.78,True
1789135726445,103.97,0.05,False
1789135726487,103.96,23.4,True
1789135726641,103.96,50.06,True
1789135726758,103.96,18.87,True
1789135726886,103.96,4.55,True
1789135726958,103.97,1.36,False
1789135727050,103.96,0.81,True
1789135727053,103.97,0.15,False
1789135727158,103.96,18.86,True
1789135727262,103.96,4.52,True
1789135727337,103.97,8.51,False
1789135727470,103.97,0.05,False
1789135727477,103.96,62.14,True
1789135727478,103.96,481.28,False
1789135727496,103.95,0.81,True
1789135727514,103.96,0.96,False
1789135727537,103.95,2.54,True
1789135727602,103.96,0.24,False
1789135727614,103.95,196.35,True
1789135727639,103.96,0.67,False
1789135727735,103.95,336.52,True
1789135727770,103.95,0.15,False
1789135727795,103.94,24.1,True
1789135727945,103.94,96.19,False
1789135728027,103.93,6.92,True
1789135728115,103.94,0.05,False
1789135728154,103.93,281.2,True
1789135728189,103.92,14.49,True
1789135728194,103.93,0.1,False
1789135728250,103.92,6.72,True
1789135728357,103.93,8.65,False
1789135728422,103.93,0.25,True
1789135728496,103.94,9.74,False
1789135728541,103.93,51.96,True
1789135728818,103.93,16.07,True
1789135728888,103.92,0.64,True
1789135728897,103.93,52.0,False
1789135729002,103.93,0.1,False
1789135729026,103.92,3.41,True
1789135729080,103.93,214.98,False
1789135729126,103.93,84.1,True
1789135729216,103.92,148.58,True
1789135729273,103.92,0.87,False
1789135729324,103.91,15.31,True
1789135729437,103.91,3.93,True
1789135729470,103.91,0.09,False
1789135729479,103.91,0.27,False
1789135729483,103.9,212.66,True
1789135729501,103.9,0.24,False
1789135729508,103.89,17.21,True
1789135729511,103.9,9.91,False
1789135729579,103.89,1.16,True
1789135729598,103.9,9.62,False
1789135729694,103.89,106.45,True
1789135729799,103.89,1.02,True
1789135729800,103.9,0.64,False
1789135729874,103.89,52.09,True
1789135729877,103.9,0.05,False
1789135729988,103.9,1.73,False
1789135729991,103.89,4.81,True
1789135729996,103.9,0.94,False
1789135730060,103.89,4.7,True
1789135730073,103.9,9.52,False
1789135730137,103.89,6.56,True
1789135730179,103.9,0.08,False
1789135730183,103.89,6.66,True
1789135730313,103.89,210.09,True
1789135730404,103.88,100.9,True
1789135730405,103.87,184.35,True
1789135730409,103.86,4.08,True
1789135730458,103.86,1.9,False
1789135730554,103.85,7.22,True
1789135730575,103.86,1.73,False
1789135730592,103.85,1.16,True
1789135730598,103.86,9.62,False
1789135730653,103.85,42.58,True
1789135730762,103.85,5.95,False
1789135730770,103.84,0.05,True
1789135730789,103.85,0.05,False
1789135730901,103.84,0.07,True
1789135730930,103.85,218.85,False
1789135730932,103.86,11.67,False
1789135731010,103.85,11.26,True
1789135731017,103.84,62.13,True
1789135731036,103.83,50.02,True
1789135731039,103.83,8.89,False
1789135731040,103.82,0.08,True
1789135731042,103.83,1.52,False
1789135731094,103.83,248.36,True
1789135731180,103.84,0.05,False
1789135731189,103.83,109.19,True
1789135731222,103.82,122.57,True
1789135731320,103.83,162.72,False
1789135731327,103.84,81.97,False
1789135731465,103.84,8.84,False
1789135731503,103.85,0.28,False
1789135731577,103.85,244.93,True
1789135731579,103.85,16.21,True
1789135731610,103.86,0.08,False
1789135731765,103.86,0.76,False
1789135731819,103.85,12.99,True
1789135731874,103.86,7.0,False
1789135731998,103.86,6.02,False
1789135732106,103.86,0.6,False
1789135732209,103.86,11.75,False
1789135732260,103.85,251.72,True
1789135732306,103.84,110.97,True
1789135732309,103.84,0.16,False
1789135732384,103.83,29.06,True
1789135732391,103.84,3.75,False
1789135732459,103.83,1.45,True
1789135732482,103.84,118.03,False
1789135732484,103.85,31.82,False
1789135732509,103.86,0.84,False
1789135732551,103.85,0.19,True
1789135732559,103.86,115.77,False
1789135732571,103.87,201.06,False
1789135732575,103.88,46.17,False
1789135732603,103.89,0.05,False
1789135732605,103.88,4.15,True
1789135732655,103.89,0.66,False
1789135732878,103.88,147.64,True
1789135732917,103.87,834.0,True
1789135732919,103.87,3.64,True
1789135732952,103.86,0.05,True
1789135733055,103.86,38.63,True
1789135733118,103.87,0.05,False
1789135733122,103.86,4.34,True
1789135733180,103.87,2.57,False
1789135733190,103.86,0.77,True
1789135733205,103.87,28.14,False
1789135733206,103.88,52.25,False
1789135733314,103.88,1.31,False
1789135733372,103.87,0.12,True
1789135733434,103.88,32.6,False
1789135733461,103.89,0.47,False
1789135733516,103.88,17.4,True
1789135733533,103.89,0.27,False
1789135733534,103.88,0.2,True
1789135733631,103.88,0.05,False
1789135733634,103.87,1.16,True
1789135733663,103.87,395.87,True
1789135733665,103.86,108.41,True
1789135733794,103.87,5.82,False
1789135733898,103.86,11.38,True
1789135733935,103.87,50.0,False
1789135733948,103.86,315.64,True
1789135733951,103.86,70.13,True
1789135734099,103.86,49.4,True
1789135734119,103.87,2.7,False
1789135734121,103.88,4.14,False
1789135734286,103.87,0.44,True
1789135734369,103.88,2.28,False
1789135734437,103.87,106.05,True
1789135734451,103.87,0.5,False
1789135734452,103.86,0.27,True
1789135734568,103.86,28.76,True
1789135734598,103.85,41.28,True
1789135734606,103.86,240.49,False
1789135734627,103.87,25.31,False
1789135734648,103.87,1.16,True
1789135734659,103.89,169.11,False
1789135734857,103.88,3.19,True
1789135734860,103.89,0.81,False
1789135735069,103.89,5.71,True
1789135735161,103.9,271.73,False
1789135735171,103.91,0.05,False
1789135735261,103.9,6.4,True
1789135735399,103.9,1.17,True
1789135735546,103.9,69.19,True
1789135735560,103.9,50.68,False
1789135735614,103.89,7.07,True
1789135735617,103.9,1.0,False
1789135735661,103.89,1.16,True
1789135735686,103.9,0.05,False
1789135735727,103.89,124.76,True
1789135735824,103.88,125.03,True
1789135735842,103.89,0.1,False
1789135735856,103.88,8.11,True
1789135735930,103.89,19.24,False
1789135735934,103.88,11.95,True
1789135736047,103.89,8.15,False
1789135736093,103.88,4.09,True
1789135736136,103.89,80.58,False
1789135736180,103.9,0.05,False
1789135736208,103.89,4.14,True
1789135736209,103.9,0.05,False
1789135736210,103.89,0.32,True
1789135736217,103.88,98.57,True
1789135736230,103.87,0.39,True
1789135736246,103.88,1.37,False
1789135736266,103.87,0.76,True
1789135736271,103.87,0.12,False
1789135736402,103.87,9.85,False
1789135736455,103.86,38.54,True
1789135736467,103.86,3.35,False
1789135736515,103.87,24.25,False
1789135736536,103.87,6.78,True
1789135736675,103.87,1.51,True
1789135736713,103.88,1.1,False
1789135736730,103.87,0.13,True
1789135736834,103.88,19.25,False
1789135736902,103.87,20.5,True
1789135737025,103.87,4.81,True
1789135737126,103.88,0.28,False
1789135737127,103.87,3.42,True
1789135737226,103.88,1.05,False
1789135737288,103.87,581.85,True
1789135737327,103.87,25.12,False
1789135737335,103.86,11.92,True
1789135737359,103.85,202.9,True
1789135737361,103.84,157.77,False
1789135737477,103.85,7.9,False
1789135737501,103.86,9.53,False
1789135737614,103.86,31.0,True
1789135737739,103.87,0.05,False
1789135737825,103.86,20.0,True
1789135737832,103.87,18.43,False
1789135737843,103.86,0.15,True
1789135737860,103.87,0.12,False
1789135737880,103.86,93.11,True
1789135737897,103.87,1.14,False
1789135737918,103.86,0.13,True
1789135738242,103.86,117.86,True
1789135738250,103.87,0.05,False
1789135738259,103.86,25.57,True
1789135738379,103.86,0.49,True
1789135738487,103.87,8.78,False
1789135738588,103.86,189.06,True
1789135738708,103.86,1.16,True
1789135738766,103.87,0.05,False
1789135738838,103.86,2.9,True
1789135738880,103.87,50.91,False
1789135738946,103.86,60.94,True
1789135739098,103.86,9.87,True
1789135739206,103.86,97.32,True
1789135739209,103.86,353.59,False
1789135739348,103.85,25.61,True
1789135739386,103.84,212.4,True
1789135739468,103.84,0.41,False
1789135739475,103.83,5.46,True
1789135739642,103.83,0.05,True
1789135739660,103.84,150.63,False
1789135739722,103.84,3.25,True
1789135739793,103.85,0.05,False
1789135739800,103.84,109.59,True
1789135739898,103.85,0.16,False
1789135739964,103.84,0.16,True
1789135740074,103.84,215.73,True
1789135740101,103.83,153.31,True
1789135740140,103.84,341.93,False
1789135740142,103.85,77.34,False
1789135740154,103.86,50.58,False
1789135740186,103.85,0.13,True
1789135740219,103.85,483.59,True
1789135740222,103.84,619.54,False
1789135740304,103.85,0.64,False
1789135740316,103.86,0.51,False
1789135740432,103.85,41.99,True
1789135740507,103.86,9.67,False
1789135740530,103.87,61.69,False
1789135740534,103.88,54.82,False
1789135740538,103.88,99.56,True
1789135740563,103.89,13.6,False
1789135740630,103.88,26.1,True
1789135740660,103.89,0.72,False
1789135740661,103.88,0.08,True
1789135740664,103.89,190.35,False
1789135740735,103.89,427.8,True
1789135740771,103.88,226.26,True
1789135740791,103.88,0.16,False
1789135740797,103.87,8.51,True
1789135740823,103.88,0.1,False
1789135740842,103.87,43.58,True
1789135740854,103.86,144.95,True
1789135740881,103.86,0.07,False
1789135740949,103.85,3.84,True
1789135740984,103.86,16.52,False
1789135740988,103.87,0.56,False
1789135741043,103.88,0.08,False
1789135741166,103.88,0.48,False
1789135741183,103.87,0.11,True
1789135741314,103.87,28.44,True
1789135741322,103.88,0.52,False
1789135741460,103.88,10.08,False
1789135741538,103.87,362.49,True
1789135741580,103.86,4.46,True
1789135741583,103.86,4.96,False
1789135741646,103.85,47.88,True
1789135741671,103.86,3.33,False
1789135741751,103.85,1.16,True
1789135741763,103.86,126.7,False
1789135741860,103.85,0.16,True
1789135741866,103.86,0.77,False
1789135741930,103.85,400.0,True
1789135741939,103.86,658.56,False
1789135741996,103.87,1.17,False
1789135742107,103.87,1.06,True
1789135742144,103.88,131.14,False
1789135742159,103.89,0.81,False
1789135742272,103.89,0.21,True
1789135742326,103.9,2.22,False
1789135742399,103.89,49.46,True
1789135742441,103.9,143.08,False
1789135742514,103.9,48.36,True
1789135742580,103.91,18.78,False
1789135742597,103.92,25.24,False
1789135742634,103.93,6.45,False
1789135742648,103.93,75.28,True
1789135742765,103.93,26.48,True
1789135742837,103.94,57.41,False
1789135742840,103.95,0.96,False
1789135743100,103.95,3.82,False
1789135743103,103.94,1.03,True
1789135743230,103.95,33.33,False
1789135743240,103.96,191.82,False
1789135743253,103.96,0.05,True
1789135743285,103.97,423.88,False
1789135743286,103.99,407.02,False
1789135743287,104.01,4.0,False
1789135743288,103.97,689.58,False
1789135743309,103.98,0.69,False
1789135743355,103.99,82.88,False
1789135743545,103.99,1.5,True
1789135743647,103.99,313.25,True
1789135743664,103.98,26.76,True
1789135743666,103.97,53.03,True
1789135743681,103.97,0.38,False
1789135743686,103.96,4.18,True
1789135743695,103.96,15.03,True
1789135743731,103.96,0.05,False
1789135743738,103.95,30.15,True
1789135743779,103.94,1.16,True
1789135743795,103.95,27.49,False
1789135743826,103.94,41.85,True
1789135743837,103.93,1.5,True
1789135743840,103.94,257.16,False
1789135743849,103.93,5.23,True
1789135743864,103.94,0.33,False
1789135743939,103.93,7.92,True
1789135743960,103.94,0.4,False
1789135743975,103.93,4.25,True
1789135744013,103.93,23.31,True
1789135744035,103.94,0.33,False
1789135744073,103.93,179.04,True
1789135744149,103.93,0.05,False
1789135744192,103.92,130.78,True
1789135744217,103.92,30.44,False
1789135744254,103.91,61.12,True
1789135744379,103.92,184.06,False
1789135744460,103.91,0.05,True
1789135744500,103.92,39.11,False
1789135744502,103.93,0.49,False
1789135744522,103.94,142.63,False
1789135744525,103.94,498.67,True
1789135744727,103.94,23.0,True
1789135744739,103.95,2.92,False
1789135744795,103.94,30.57,True
1789135744916,103.95,102.8,False
1789135744965,103.94,62.35,True
1789135744977,103.93,9.15,True
1789135744981,103.92,341.0,True
1789135744983,103.93,2.32,False
1789135744994,103.92,24.2,False
1789135745093,103.91,97.92,True
1789135745109,103.92,13.92,False
1789135745116,103.91,9.6,True
1789135745138,103.92,73.87,False
1789135745279,103.92,1.22,False
1789135745288,103.91,5.1,True
1789135745392,103.91,23.19,True
1789135745421,103.92,11.25,False
1789135745432,103.91,17.1,True
1789135745434,103.92,3.3,False
1789135745536,103.91,67.28,True
1789135745625,103.91,0.52,False
1789135745657,103.9,4.05,True
1789135745682,103.91,10.09,False
1789135745773,103.9,2.72,True
1789135745829,103.91,69.38,False
1789135745891,103.9,39.59,True
1789135745907,103.89,70.22,True
1789135745983,103.88,150.0,True
1789135745997,103.89,26.99,False
1789135745998,103.88,81.0,True
1789135746003,103.88,1254.22,False
1789135746021,103.89,421.99,False
1789135746023,103.91,154.55,False
1789135746024,103.94,561.95,False
1789135746025,103.94,7.93,True
1789135746028,103.94,0.22,True
1789135746031,103.97,417.91,False
1789135746032,103.98,86.09,False
1789135746035,103.98,129.01,False
1789135746038,103.98,452.85,True
1789135746039,103.97,0.9,False
1789135746044,103.96,2.41,True
1789135746051,103.95,0.67,True
1789135746071,103.94,1.92,True
1789135746077,103.95,336.47,False
1789135746100,103.96,14.2,False
1789135746174,103.95,0.13,True
1789135746177,103.96,11.46,False
1789135746228,103.95,17.41,True
1789135746419,103.95,218.45,True
1789135746454,103.96,0.67,False
1789135746487,103.95,778.76,True
1789135746489,103.95,500.1,False
1789135746514,103.94,12.22,True
1789135746537,103.95,0.16,False
1789135746712,103.94,66.45,True
1789135746755,103.95,9.47,False
1789135746763,103.94,570.6,True
1789135746767,103.94,378.02,False
1789135746821,103.93,1.16,True
1789135746917,103.94,1.4,False
1789135747069,103.93,74.43,True
1789135747151,103.94,49.13,False
1789135747206,103.93,27.96,True
1789135747292,103.94,63.65,False
1789135747303,103.95,90.28,False
1789135747339,103.96,1.24,False
1789135747370,103.95,8.96,True
1789135747417,103.96,8.19,False
1789135747431,103.97,20.4,False
1789135747524,103.98,267.95,False
1789135747607,103.99,4.81,False
1789135747625,103.98,626.93,True
1789135747659,103.98,380.86,False
1789135747693,103.97,0.81,True
1789135747746,103.98,771.32,False
1789135747747,103.98,0.07,False
1789135747752,103.97,0.13,True
1789135747778,103.98,0.33,False
1789135747834,103.97,1.16,True
1789135747870,103.98,11.78,False
1789135747879,103.97,4.0,True
1789135747900,103.98,4.5,False
1789135748015,103.97,5.8,True
1789135748034,103.98,0.09,False
1789135748101,103.97,3.11,True
1789135748107,103.98,14.43,False
1789135748124,103.97,322.62,True
1789135748145,103.97,0.05,False
1789135748155,103.96,9.53,True
1789135748178,103.97,0.76,False
1789135748203,103.96,443.16,True
1789135748215,103.96,2.03,False
1789135748353,103.96,5.44,False
1789135748419,103.95,21.25,True
1789135748495,103.94,69.0,True
1789135748524,103.95,1.69,False
1789135748604,103.94,10.49,True
1789135748766,103.94,245.43,True
1789135748848,103.93,1.16,True
1789135749002,103.94,0.28,False
1789135749070,103.93,1.47,True
1789135749156,103.94,20.0,False
1789135749174,103.93,0.13,True
1789135749204,103.94,40.28,False
1789135749319,103.94,392.81,False
1789135749389,103.95,174.12,False
1789135749485,103.95,1.22,True
1789135749546,103.96,0.05,False
1789135749558,103.95,0.13,True
1789135749670,103.96,28.68,False
1789135749766,103.95,69.94,True
1789135749790,103.95,4.24,False
1789135749862,103.94,7.49,True
1789135750004,103.95,0.23,False
1789135750032,103.94,27.97,True
1789135750094,103.94,0.95,False
1789135750135,103.93,0.64,True
1789135750145,103.94,183.29,False
1789135750252,103.93,0.61,True
1789135750345,103.94,1.66,False
1789135750400,103.93,11.01,True
1789135750574,103.94,355.71,False
1789135750677,103.94,203.38,False
1789135750692,103.95,41.21,True
1789135750859,103.94,7.02,True
1789135750879,103.93,1.16,True
1789135750923,103.94,35.79,False
1789135751041,103.93,63.32,True
1789135751042,103.93,0.1,False
1789135751099,103.92,9.9,True
1789135751147,103.91,246.5,True
1789135751228,103.9,4.48,True
1789135751237,103.91,1.2,False
1789135751342,103.91,2.87,False
1789135751407,103.9,24.04,True
1789135751419,103.89,44.49,False
1789135751510,103.9,1.55,False
1789135751552,103.91,5.95,False
1789135751657,103.91,20.32,False
1789135751759,103.91,0.24,False
1789135751893,103.9,1.16,True
1789135751936,103.91,139.91,False
1789135752046,103.91,18.88,False
1789135752149,103.92,0.24,False
1789135752267,103.91,447.07,True
1789135752318,103.9,20.52,True
1789135752417,103.9,169.71,False
1789135752433,103.91,1.06,False
1789135752488,103.92,0.71,False
1789135752560,103.91,44.78,True
1789135752569,103.92,0.13,False
1789135752644,103.91,8.48,True
1789135752743,103.91,0.1,False
1789135752772,103.9,1.92,True
1789135752906,103.9,1.16,True
1789135753098,103.9,0.13,True
1789135753142,103.91,0.05,False
1789135753151,103.9,2.54,True
1789135753162,103.91,45.02,False
1789135753187,103.9,14.89,True
1789135753259,103.91,12.54,False
1789135753261,103.91,47.98,True
1789135753311,103.92,0.95,False
1789135753338,103.91,0.13,True
1789135753500,103.91,4.2,True
1789135753508,103.92,19.25,False
1789135753569,103.91,197.63,True
1789135753591,103.92,15.0,False
1789135753648,103.91,6.88,True
1789135753654,103.92,6.3,False
1789135753796,103.91,102.44,True
1789135753800,103.9,3.36,True
1789135753925,103.9,18.83,True
1789135754010,103.91,31.5,False
1789135754029,103.9,7.22,True
1789135754031,103.91,1.06,False
1789135754034,103.9,12.5,True
1789135754036,103.91,0.29,False
1789135754063,103.9,1.08,True
1789135754078,103.91,2.36,False
1789135754106,103.9,118.25,True
1789135754143,103.91,5.6,False
1789135754148,103.9,8.05,True
1789135754179,103.91,0.05,False
1789135754203,103.9,0.3,True
1789135754230,103.91,0.5,False
1789135754354,103.9,504.54,True
1789135754463,103.91,45.6,False
1789135754466,103.9,1.44,True
1789135754534,103.9,21.91,True
1789135754547,103.91,1.0,False
1789135754572,103.9,0.09,True
1789135754648,103.91,87.39,False
1789135754663,103.92,27.15,False
1789135754698,103.93,16.7,False
1789135754699,103.94,0.05,False
1789135754723,103.93,3.46,True
1789135754737,103.94,0.05,False
1789135754759,103.93,2.63,True
1789135754940,103.93,147.27,True
1789135755136,103.94,76.34,False
1789135755146,103.95,3.09,False
1789135755182,103.96,2.05,False
1789135755204,103.95,0.13,True
1789135755252,103.96,6.2,False
1789135755306,103.95,6.31,True
1789135755416,103.96,27.96,False
1789135755465,103.97,0.07,False
1789135755607,103.97,16.11,False
1789135755708,103.98,16.36,False
1789135755775,103.97,21.14,True
1789135755931,103.98,32.15,False
1789135755936,103.99,15.52,False
1789135755953,103.99,4.07,True
1789135756000,104.0,26.99,False
1789135756005,103.99,51.54,True
1789135756032,104.0,48.73,False
1789135756066,104.01,61.79,False
1789135756245,104.01,0.05,False
1789135756282,104.0,5.26,True
1789135756388,104.01,8.47,False
1789135756432,104.0,6.4,True
1789135756536,104.01,1.15,False
1789135756613,104.0,71.54,True
1789135756617,104.0,100.0,False
1789135756629,103.99,8.84,True
1789135756652,103.98,2.42,True
1789135756686,103.99,1.1,False
1789135756906,103.99,45.3,False
1789135756958,103.99,1.65,True
1789135757001,104.0,2.47,False
1789135757017,103.99,0.97,True
1789135757056,104.0,10.92,False
1789135757150,104.0,9.6,True
1789135757193,104.01,0.37,False
1789135757196,104.0,441.68,True
1789135757199,104.0,250.54,True
1789135757200,103.99,0.28,True
1789135757248,103.99,0.05,False
1789135757285,103.98,4.81,True
1789135757311,103.99,102.83,False
1789135757371,103.98,2.88,True
1789135757405,103.99,16.07,False
1789135757560,103.98,48.28,True
1789135757617,103.98,0.11,False
1789135757622,103.97,10.08,True
1789135757730,103.98,0.37,False
1789135757764,103.99,1.33,False
1789135757859,103.98,40.0,True
1789135757900,103.99,18.5,False
1789135757987,103.98,1.16,True
1789135758053,103.99,20.0,False
1789135758129,103.98,129.89,True
1789135758147,103.97,244.26,True
1789135758161,103.97,2.66,False
1789135758217,103.96,0.98,True
1789135758232,103.97,29.38,False
1789135758258,103.98,0.66,False
1789135758276,103.99,35.53,False
1789135758335,104.0,4.74,False
1789135758349,104.01,252.18,False
1789135758425,104.02,26.61,False
1789135758459,104.02,216.67,True
1789135758514,104.03,70.06,False
1789135758525,104.03,82.9,True
1789135758574,104.03,4.59,False
1789135758677,104.03,33.09,False
1789135758790,104.04,0.55,False
1789135758864,104.03,31.54,True
1789135758868,104.02,5.17,True
1789135758972,104.02,10.71,True
1789135758976,104.01,9.73,True
1789135759001,103.99,1.16,True
1789135759007,104.0,38.9,False
1789135759064,103.99,16.22,True
1789135759158,103.99,9.75,False
1789135759239,103.98,25.23,True
1789135759302,103.99,132.43,False
1789135759320,104.0,1.97,False
1789135759598,104.01,0.05,False
1789135759600,104.0,110.58,True
1789135759751,104.0,15.21,True
1789135759817,104.01,0.05,False
1789135759850,104.0,104.14,True
1789135759945,104.01,50.31,False
1789135759948,104.02,1.72,False
1789135760017,104.01,1.16,True
1789135760033,104.02,23.75,False
1789135760036,104.01,50.75,True
1789135760203,104.02,19.01,False
1789135760235,104.01,0.34,True
1789135760241,104.02,15.11,False
1789135760247,104.03,9.04,False
1789135760268,104.03,3.18,True
1789135760330,104.04,0.05,False
1789135760332,104.03,27.43,True
1789135760443,104.04,85.46,False
1789135760446,104.05,5.18,False
1789135760476,104.04,3.8,True
1789135760692,104.04,101.78,True
1789135760800,104.04,0.08,True
1789135760845,104.05,66.43,False
1789135760958,104.05,2.82,True
1789135761056,104.06,0.34,False
1789135761104,104.05,75.0,True
1789135761179,104.06,5.74,False
1789135761205,104.05,174.22,True
1789135761267,104.06,604.85,False
1789135761318,104.07,306.39,False
1789135761319,104.09,678.31,False
1789135761320,104.08,0.05,False
1789135761327,104.08,7.01,True
1789135761358,104.09,0.05,False
1789135761372,104.08,1.83,False
1789135761412,104.07,2.87,True
1789135761454,104.08,18.5,False
1789135761585,104.07,0.49,True
1789135761713,104.07,15.13,True
1789135761766,104.08,1.97,False
1789135761852,104.07,9.61,True
1789135761871,104.08,0.24,False
1789135762024,104.08,343.23,False
1789135762039,104.09,9.16,False
1789135762043,104.08,1.16,True
1789135762091,104.09,1.23,False
1789135762176,104.08,41.21,True
1789135762208,104.09,1.9,False
1789135762214,104.08,2.56,True
1789135762360,104.08,1.49,True
1789135762415,104.09,0.05,False
1789135762430,104.08,74.13,True
1789135762567,104.08,5.51,True
1789135762649,104.09,8.32,False
1789135762814,104.09,0.69,False
1789135762919,104.09,100.97,False
1789135763058,104.08,1.58,True
1789135763091,104.09,1.05,False
1789135763138,104.08,4.28,True
1789135763190,104.09,22.19,False
1789135763196,104.08,45.22,True
1789135763228,104.09,0.31,False
1789135763327,104.1,175.77,False
1789135763435,104.09,14.88,True
1789135763538,104.1,42.53,False
1789135763611,104.09,1.89,True
1789135763719,104.09,6.54,True
1789135763728,104.1,68.37,False
1789135763808,104.1,100.73,True
1789135763989,104.1,25.0,True
1789135764015,104.11,39.12,False
1789135764071,104.1,1.16,True
1789135764168,104.11,52.31,False
1789135764308,104.1,1.58,True
1789135764325,104.11,34.6,False
1789135764439,104.11,0.05,False
1789135764445,104.1,2.56,True
1789135764603,104.1,0.02,True
1789135764752,104.11,129.2,False
1789135764792,104.11,0.59,True
1789135764830,104.12,1.38,False
1789135764951,104.12,0.05,False
1789135764969,104.11,4.7,True
1789135764988,104.12,53.85,False
1789135765085,104.12,1.16,True
1789135765154,104.13,89.78,False
1789135765157,104.14,0.91,False
1789135765205,104.13,842.05,True
1789135765217,104.14,74.77,False
1789135765235,104.13,21.98,True
1789135765314,104.14,65.85,False
1789135765320,104.15,4.42,False
1789135765446,104.14,20.06,True
1789135765465,104.15,1.78,False
1789135765593,104.14,3.61,True
1789135765669,104.15,84.06,False
1789135765729,104.16,12.47,False
1789135765769,104.15,3.61,True
1789135765824,104.16,87.62,False
1789135765830,104.17,1.3,False
1789135765926,104.16,1.47,True
1789135765972,104.17,63.86,False
1789135766071,104.17,1.58,True
1789135766189,104.18,84.44,False
1789135766193,104.19,33.18,False
1789135766294,104.19,0.38,True
1789135766299,104.2,178.55,False
1789135766313,104.19,726.05,True
1789135766336,104.2,55.45,False
1789135766378,104.19,0.49,True
1789135766391,104.2,2.1,False
1789135766411,104.21,9.38,False
1789135766436,104.2,0.25,True
1789135766493,104.21,0.05,False
1789135766566,104.2,58.84,True
1789135766593,104.21,0.56,False
1789135766646,104.2,2.12,True
1789135766736,104.21,93.21,False
1789135766844,104.21,1.59,False
1789135766916,104.2,0.13,True
1789135766941,104.21,50.0,False
1789135766996,104.2,3.92,True
1789135767004,104.21,1.5,False
1789135767094,104.2,25.0,True
1789135767099,104.21,0.32,False
1789135767115,104.2,1.16,True
1789135767117,104.21,149.68,False
1789135767236,104.21,0.74,True
1789135767265,104.22,1.75,False
1789135767284,104.21,13.89,True
1789135767382,104.22,231.59,False
1789135767394,104.22,19.82,True
1789135767412,104.23,0.06,False
1789135767421,104.22,0.13,True
1789135767463,104.23,0.75,False
1789135767659,104.22,17.35,True
1789135767671,104.23,71.95,False
1789135767678,104.22,4.01,True
1789135767719,104.23,10.06,False
1789135767780,104.22,51.02,True
1789135767863,104.23,4.79,False
1789135767866,104.22,7.17,True
1789135767872,104.23,1.02,False
1789135767938,104.22,2.82,True
1789135768039,104.23,41.2,False
1789135768132,104.22,1.16,True
1789135768135,104.23,11.16,False
1789135768255,104.23,1.96,False
1789135768437,104.23,16.83,False
1789135768477,104.23,3.89,True
1789135768613,104.23,20.58,True
1789135768653,104.24,7.56,False
1789135768810,104.24,0.93,False
1789135769019,104.24,5.21,False
1789135769137,104.24,0.48,False
1789135769146,104.23,4.21,True
1789135769311,104.24,0.05,False
1789135769317,104.23,1.37,True
1789135769349,104.24,53.41,False
1789135769563,104.24,190.54,False
1789135769579,104.25,67.44,False
1789135769730,104.25,9.61,False
1789135769845,104.24,10.53,True
1789135770007,104.25,6.35,False
1789135770054,104.24,4.79,True
1789135770108,104.25,3.33,False
1789135770128,104.24,0.38,True
1789135770147,104.25,0.5,False
1789135770161,104.24,1.16,True
1789135770297,104.25,1.47,False
1789135770407,104.25,96.23,False
1789135770410,104.26,34.06,False
1789135770413,104.27,0.91,False
1789135770414,104.26,14.69,True
1789135770428,104.26,1.94,True
1789135770476,104.27,38.29,False
1789135770491,104.26,0.2,True
1789135770497,104.27,1.5,False
1789135770572,104.26,25.38,True
1789135770602,104.27,0.77,False
1789135770781,104.27,62.08,False
1789135770899,104.26,5.0,True
1789135770948,104.27,85.16,False
1789135771051,104.26,27.41,True
1789135771065,104.27,100.0,False
1789135771108,104.26,0.13,True
1789135771114,104.27,0.05,False
1789135771140,104.26,1.29,True
1789135771202,104.27,9.13,False
1789135771205,104.28,72.09,False
1789135771208,104.27,420.49,True
1789135771313,104.27,9.89,False
1789135771416,104.26,0.13,True
1789135771468,104.27,2.56,False
1789135771588,104.26,49.74,True
1789135771616,104.25,75.82,True
1789135771635,104.25,0.72,False
1789135771648,104.24,0.91,True
1789135771649,104.25,0.42,False
1789135771666,104.24,18.92,True
1789135771719,104.25,5.07,False
1789135771862,104.24,22.57,True
1789135771865,104.24,32.19,False
1789135771979,104.24,2.0,False
1789135772023,104.23,47.96,True
1789135772038,104.24,15.05,False
1789135772091,104.23,76.61,True
1789135772137,104.23,0.42,False
1789135772207,104.22,1.29,True
1789135772267,104.23,31.4,False
1789135772297,104.22,0.31,True
1789135772337,104.23,15.92,False
1789135772385,104.24,15.83,False
1789135772414,104.23,10.96,True
1789135772463,104.24,53.75,False
1789135772583,104.24,1.43,False
1789135772782,104.24,569.27,False
1789135772784,104.24,2.38,False
1789135772785,104.26,0.33,False
1789135772786,104.26,603.69,False
1789135772804,104.27,71.97,False
1789135772816,104.26,1.55,True
1789135772842,104.26,5.68,False
1789135773004,104.26,0.15,False
1789135773013,104.25,35.62,True
1789135773073,104.26,4.17,False
1789135773134,104.25,34.82,True
1789135773136,104.25,78.1,False
1789135773181,104.24,10.93,True
1789135773292,104.25,0.05,False
1789135773325,104.24,34.85,True
1789135773346,104.24,0.05,False
1789135773348,104.23,22.32,True
1789135773356,104.22,1133.6,True
1789135773437,104.22,3.86,False
1789135773504,104.21,0.13,True
1789135773522,104.22,100.06,False
1789135773558,104.21,0.13,True
1789135773595,104.22,1.63,False
1789135773612,104.21,2.18,True
1789135773662,104.22,826.1,False
1789135773693,104.21,8.57,True
1789135773870,104.22,24.3,False
1789135773970,104.21,0.19,True
1789135774015,104.22,22.75,False
1789135774147,104.22,1.78,False
1789135774171,104.21,0.13,True
1789135774188,104.22,1.06,False
1789135774214,104.21,420.39,True
1789135774308,104.21,0.07,False
1789135774319,104.2,56.55,True
1789135774331,104.2,3.06,False
1789135774552,104.19,0.37,True
1789135774706,104.2,0.05,False
1789135774713,104.19,15.83,True
1789135774830,104.2,2.92,False
1789135775059,104.19,1.91,True
1789135775060,104.2,5.0,False
1789135775070,104.19,0.13,True
1789135775090,104.2,4.1,False
1789135775149,104.19,1.78,True
1789135775196,104.2,451.06,False
1789135775204,104.21,4.05,False
1789135775217,104.2,0.08,True
1789135775221,104.21,0.05,False
1789135775250,104.2,21.16,True
1789135775435,104.2,0.4,True
1789135775504,104.21,1.78,False
1789135775516,104.2,7.96,True
1789135775523,104.19,62.4,True
1789135775602,104.19,4.09,False
1789135775684,104.18,1.78,True
1789135775732,104.19,4.9,False
1789135775955,104.19,3.56,False
1789135776039,104.18,1003.96,True
1789135776050,104.18,4.29,False
1789135776074,104.17,98.59,True
1789135776081,104.17,3.03,False
1789135776083,104.16,12.56,True
1789135776231,104.16,67.09,True
1789135776267,104.17,0.05,False
1789135776268,104.16,1.16,True
1789135776280,104.17,574.43,False
1789135776303,104.18,106.95,False
1789135776329,104.19,266.23,True
1789135776333,104.2,0.05,False
1789135776343,104.18,6.34,True
1789135776366,104.17,51.26,True
1789135776373,104.17,0.77,False
1789135776402,104.16,15.16,True
1789135776413,104.17,120.28,False
1789135776586,104.17,0.99,False
1789135776592,104.16,12.52,True
1789135776762,104.15,5.78,False
1789135776898,104.14,134.32,True
1789135777007,104.15,1.13,False
1789135777052,104.15,0.63,True
1789135777090,104.16,14.26,False
1789135777121,104.15,1.13,True
1789135777148,104.16,0.15,False
1789135777224,104.17,0.29,False
1789135777282,104.16,1.37,True
1789135777361,104.17,1.0,False
1789135777368,104.16,1.15,True
1789135777369,104.17,23.74,False
1789135777515,104.16,0.69,True
1789135777604,104.17,54.73,False
1789135777608,104.18,0.91,False
1789135777614,104.17,1981.86,True
1789135777657,104.16,1.92,True
1789135777658,104.17,0.2,False
1789135777744,104.16,0.12,True
1789135777788,104.17,21.96,False
1789135777994,104.18,0.05,False
1789135778030,104.17,103.04,True
1789135778209,104.17,9.5,True
1789135778210,104.18,1.02,False
1789135778295,104.17,1.16,True
1789135778299,104.18,0.05,False
1789135778355,104.17,9.79,True
1789135778432,104.18,0.55,False
1789135778496,104.17,15.08,True
1789135778588,104.18,1.5,False
1789135778605,104.17,0.15,True
1789135778725,104.17,79.55,True
1789135778815,104.18,161.97,False
1789135778883,104.19,34.18,False
1789135779135,104.19,6.96,False
1789135779231,104.18,0.1,True
1789135779279,104.19,29.08,False
1789135779309,104.19,1.16,True
1789135779327,104.2,0.05,False
1789135779376,104.19,160.91,True
1789135779416,104.18,2.82,True
1789135779417,104.19,198.58,False
1789135779469,104.18,4.87,True
1789135779480,104.19,0.95,False
1789135779544,104.2,130.1,False
1789135779671,104.2,4.87,False
1789135779718,104.19,217.01,True
1789135779815,104.18,10.57,True
1789135779834,104.19,0.21,False
1789135779841,104.2,123.39,False
1789135779872,104.21,10.0,False
1789135780014,104.2,8.17,True
1789135780098,104.21,0.65,False
1789135780207,104.21,350.52,True
1789135780250,104.21,0.05,False
1789135780323,104.2,1.16,True
1789135780354,104.21,0.05,False
1789135780515,104.21,0.07,False
1789135780570,104.2,0.19,True
1789135780574,104.21,4.69,False
1789135780711,104.2,1.94,True
1789135780811,104.21,24.92,False
1789135780818,104.22,38.33,False
1789135780957,104.21,2.39,True
1789135781000,104.22,0.05,False
1789135781261,104.21,3.63,True
1789135781383,104.22,0.05,False
1789135781782,104.21,136.06,True
1789135781790,104.21,2.08,False
1789135781895,104.21,0.05,False
1789135781928,104.2,27.99,True
1789135781956,104.19,1.71,True
1789135781970,104.2,484.86,False
1789135782088,104.19,1.0,True
1789135782174,104.2,0.92,False
1789135782186,104.19,0.27,True
1789135782355,104.19,1.16,True
1789135782408,104.2,9.05,False
1789135782497,104.21,22.46,False
1789135782571,104.22,85.85,False
1789135782725,104.22,14.04,False
1789135782763,104.21,0.13,True
1789135782831,104.22,5.03,False
1789135782980,104.22,462.29,False
1789135782981,104.22,9.12,False
1789135783044,104.23,0.48,False
1789135783090,104.22,57.8,True
1789135783192,104.23,421.99,False
1789135783247,104.24,158.82,False
1789135783334,104.23,273.14,True
1789135783337,104.23,0.96,False
1789135783369,104.22,1.16,True
1789135783436,104.23,22.38,False
1789135783594,104.22,0.1,True
1789135783753,104.23,8.73,False
1789135783775,104.22,100.12,True
1789135783803,104.21,37.88,True
1789135783975,104.21,0.95,False
1789135784149,104.2,4.79,True
1789135784197,104.21,20.05,False
1789135784350,104.2,239.13,True
1789135784465,104.2,0.05,False
1789135784778,104.2,3.66,False
1789135784797,104.21,34.88,False
1789135784803,104.22,0.91,False
1789135784855,104.21,368.7,True
1789135784939,104.2,21.37,True
1789135784976,104.2,1.66,False
1789135785152,104.2,253.33,False
1789135785386,104.21,0.05,False
1789135785397,104.2,1.16,True
1789135785413,104.21,1.0,False
1789135785539,104.2,54.34,True
1789135785709,104.2,1.06,False
1789135785717,104.19,37.29,True
1789135785733,104.2,0.86,False
1789135785766,104.19,0.09,True
1789135785828,104.2,1.09,False
1789135785983,104.19,7.8,True
1789135785986,104.19,1.93,False
1789135786147,104.18,0.24,True
1789135786195,104.19,0.11,False
1789135786300,104.18,176.47,True
1789135786310,104.18,25.88,False
1789135786326,104.17,0.06,True
1789135786333,104.18,0.1,False
1789135786411,104.17,1.16,True
1789135786517,104.18,0.05,False
1789135786656,104.18,14.5,False
1789135786906,104.17,384.14,True
1789135786927,104.17,10.31,False
1789135787029,104.17,0.63,False
1789135787053,104.18,95.59,False
1789135787210,104.18,0.05,False
1789135787387,104.18,0.26,False
1789135787425,104.17,1.16,True
1789135787489,104.18,8.1,False
1789135787701,104.18,19.65,False
1789135787810,104.18,0.43,False
1789135787918,104.17,29.24,True
1789135787942,104.18,2.54,False
1789135787966,104.17,1.75,True
1789135788030,104.18,3.99,False
1789135788118,104.17,252.11,True
1789135788170,104.18,49.53,False
1789135788395,104.18,0.44,False
1789135788439,104.18,1.16,True
1789135788440,104.19,22.28,False
1789135788444,104.2,49.51,False
1789135788552,104.2,2.02,False
1789135788722,104.19,54.66,True
1789135788758,104.19,0.15,False
1789135788784,104.18,23.09,True
1789135788874,104.17,24.18,True
1789135788879,104.16,120.29,True
1789135788886,104.16,20.97,False
1789135789002,104.16,14.88,False
1789135789101,104.15,1.42,True
1789135789199,104.16,44.19,False
1789135789323,104.15,272.21,True
1789135789326,104.14,10.82,True
1789135789454,104.14,1.16,True
1789135789484,104.15,93.47,False
1789135789597,104.15,0.05,False
1789135789628,104.14,5.0,True
1789135789740,104.15,36.66,False
1789135789892,104.16,76.97,False
1789135790004,104.16,124.87,False
1789135790131,104.16,1.61,False
1789135790133,104.17,54.74,False
1789135790149,104.18,11.67,False
1789135790216,104.19,0.15,False
1789135790404,104.19,7.68,False
1789135790468,104.19,1.38,True
1789135790531,104.2,144.93,False
1789135790533,104.23,115.02,False
1789135790576,104.23,191.29,True
1789135790624,104.23,107.26,False
1789135790765,104.23,0.97,True
1789135790860,104.24,21.58,False
1789135790905,104.23,2.5,True
1789135790921,104.24,2.0,False
1789135790937,104.23,482.96,True
1789135790942,104.21,66.9,True
1789135790943,104.2,102.19,True
1789135790944,104.19,213.57,True
1789135790949,104.18,174.95,True
1789135790951,104.17,167.76,True
1789135790959,104.16,19.21,True
1789135790965,104.15,4.0,True
1789135790972,104.16,0.05,True
1789135790991,104.16,0.06,False
1789135790996,104.15,140.09,True
1789135791008,104.16,167.91,False
1789135791023,104.15,164.36,True
1789135791125,104.16,0.65,False
1789135791179,104.15,0.97,True
1789135791185,104.16,219.74,False
1789135791197,104.15,11.33,True
1789135791207,104.14,94.3,True
1789135791235,104.13,92.54,True
1789135791245,104.13,4.14,False
1789135791348,104.13,4.8,False
1789135791396,104.12,8.71,True
1789135791498,104.12,0.14,True
1789135791652,104.13,5.05,False
1789135791730,104.12,65.87,True
1789135791974,104.12,649.17,False
1789135791976,104.12,313.69,True
1789135792062,104.13,0.05,False
1789135792164,104.12,149.5,True
1789135792172,104.13,5.51,False
1789135792207,104.12,0.97,True
1789135792210,104.13,4.13,False
1789135792255,104.12,8.16,True
1789135792373,104.12,1.0,True
1789135792495,104.12,1.16,True
1789135792678,104.13,0.05,False
1789135792730,104.12,43.14,True
1789135792788,104.12,2.45,False
1789135792899,104.11,33.75,True
1789135792922,104.11,0.14,False
1789135792930,104.1,56.29,True
1789135792934,104.11,0.43,False
1789135792938,104.1,1.8,True
1789135793149,104.1,151.13,True
1789135793191,104.11,0.05,False
1789135793193,104.1,139.06,True
1789135793220,104.11,10.0,False
1789135793251,104.1,28.8,True
1789135793263,104.11,3.64,False
1789135793339,104.1,20.51,True
1789135793356,104.11,4.8,False
1789135793384,104.1,19.72,True
1789135793509,104.1,1.16,True
1789135793705,104.11,0.05,False
1789135793791,104.1,27.77,True
1789135793880,104.1,1.76,False
1789135793985,104.1,0.27,False
1789135794113,104.09,367.17,True
1789135794114,104.09,0.05,False
1789135794119,104.08,9.6,True
1789135794136,104.09,19.19,False
1789135794154,104.08,84.19,True
1789135794166,104.08,8.9,False
1789135794196,104.07,1.73,True
1789135794200,104.08,0.2,False
1789135794238,104.07,184.35,True
1789135794274,104.06,75.55,True
1789135794284,104.06,145.53,False
1789135794414,104.05,18.81,True
1789135794511,104.06,50.0,False
1789135794525,104.05,1.16,True
1789135794618,104.06,0.94,False
1789135794633,104.05,21.88,True
1789135794652,104.04,7.37,True
1789135794682,104.04,180.01,False
1789135794707,104.03,3.9,True
1789135794731,104.04,0.05,False
1789135794791,104.03,29.75,True
1789135794829,104.04,38.42,False
1789135795077,104.04,1.05,False
1789135795245,104.04,0.05,False
1789135795282,104.03,70.27,True
1789135795308,104.02,0.86,True
1789135795309,104.03,1.54,False
1789135795324,104.02,2.18,True
1789135795332,104.03,2.85,False
1789135795449,104.03,253.08,False
1789135795502,104.04,0.91,False
1789135795539,104.03,1.16,True
1789135795648,104.04,1.22,False
1789135795756,104.04,4.85,False
1789135796017,104.04,0.33,False
1789135796193,104.03,115.0,True
1789135796278,104.04,0.05,False
1789135796493,104.04,0.05,False
1789135796553,104.03,15.16,True
1789135796786,104.04,0.05,False
1789135796924,104.03,2.47,True
1789135796976,104.04,29.74,False
1789135797078,104.03,137.47,True
1789135797216,104.03,37.78,True
1789135797220,104.03,0.13,False
1789135797233,104.02,9.6,True
1789135797298,104.03,0.05,False
1789135797332,104.02,0.07,True
1789135797469,104.02,36.27,True
1789135797572,104.02,1.16,True
1789135797590,104.03,31.06,False
1789135797629,104.03,0.12,True
1789135797657,104.04,4.8,False
1789135797679,104.03,0.8,True
1789135797803,104.04,43.32,False
1789135797960,104.04,13.02,False
1789135798119,104.03,102.17,True
1789135798324,104.04,1.69,False
1789135798525,104.04,96.06,False
1789135798528,104.05,3.53,False
1789135798585,104.04,1.16,True
1789135798696,104.05,3.84,False
1789135798810,104.05,10.1,False
1789135798968,104.05,549.67,False
1789135799010,104.05,612.2,True
1789135799015,104.04,268.37,True
1789135799016,104.04,115.51,False
1789135799068,104.05,384.54,False
1789135799087,104.04,269.6,True
1789135799103,104.03,92.0,True
1789135799152,104.04,9.61,False
1789135799167,104.03,121.33,True
1789135799215,104.03,0.28,False
1789135799280,104.02,42.68,True
1789135799352,104.03,25.96,False
1789135799599,104.02,1.16,True
1789135799777,104.03,91.31,False
1789135799847,104.02,2.25,True
1789135799867,104.03,0.05,False
1789135800103,104.02,89.51,True
1789135800165,104.03,84.27,False
1789135800228,104.03,1.15,True
1789135800307,104.04,2.48,False
1789135800328,104.03,3.95,True
1789135800377,104.04,0.05,False
1789135800420,104.03,0.12,True
1789135800439,104.04,9.78,False
1789135800607,104.04,493.88,False
1789135800738,104.05,109.08,False
1789135800740,104.07,53.31,False
1789135800760,104.08,147.12,False
1789135800893,104.08,0.05,False
1789135801040,104.08,19.03,False
1789135801049,104.08,79.14,True
1789135801128,104.09,0.05,False
1789135801179,104.08,37.16,True
1789135801380,104.09,1.08,False
1789135801383,104.09,1.13,True
1789135801405,104.1,201.21,False
1789135801416,104.11,316.2,False
1789135801581,104.11,117.69,False
1789135801611,104.12,12.15,False
1789135801628,104.11,0.69,True
1789135801688,104.12,88.17,False
1789135801733,104.13,250.11,False
1789135801828,104.13,5.15,True
1789135801869,104.14,48.82,False
1789135801912,104.14,3.47,True
1789135801919,104.15,12.24,False
1789135801980,104.16,94.68,False
1789135802009,104.16,78.25,True
1789135802022,104.17,256.67,False
1789135802034,104.18,69.06,False
1789135802182,104.19,65.25,False
1789135802283,104.19,0.91,False
1789135802292,104.18,2.66,True
1789135802407,104.18,366.8,True
1789135802434,104.18,0.05,False
1789135802476,104.17,46.54,True
1789135802481,104.17,79.99,False
1789135802487,104.16,11.06,True
1789135802502,104.16,426.05,False
1789135802532,104.15,1.16,True
1789135802536,104.16,300.51,False
1789135802557,104.17,0.7,False
1789135802592,104.18,76.82,False
1789135802593,104.17,69.86,True
1789135802598,104.17,102.69,False
1789135802601,104.16,0.32,True
1789135802632,104.17,0.39,False
1789135802641,104.16,220.38,True
1789135802755,104.16,7.13,True
1789135802783,104.17,261.21,False
1789135802799,104.18,1.01,False
1789135802849,104.19,0.18,False
1789135803055,104.18,247.6,True
1789135803094,104.17,45.77,True
1789135803187,104.17,23.7,False
1789135803195,104.16,68.31,True
1789135803208,104.15,15.69,True
1789135803214,104.16,256.17,False
1789135803253,104.15,0.96,True
1789135803438,104.16,115.16,False
1789135803483,104.15,47.95,True
1789135803490,104.16,1.39,False
1789135803552,104.15,1.16,True
1789135803597,104.16,29.59,False
1789135803639,104.15,1085.98,True
1789135803645,104.16,0.24,False
1789135803656,104.15,0.05,False
1789135803662,104.14,26.14,True
1789135803676,104.13,0.56,True
1789135803677,104.13,2.06,False
1789135803833,104.12,111.79,True
1789135803847,104.12,0.1,False
1789135803859,104.11,34.88,True
1789135803906,104.1,64.44,True
1789135803930,104.1,1.91,False
1789135804000,104.09,37.93,True
1789135804011,104.08,4.7,True
1789135804050,104.09,0.2,False
1789135804069,104.08,2.73,True
1789135804169,104.09,0.32,False
1789135804203,104.08,21.21,True
1789135804228,104.07,48.07,True
1789135804229,104.08,0.05,False
1789135804338,104.07,57.3,True
1789135804349,104.07,0.05,False
1789135804404,104.06,24.1,True
1789135804410,104.06,522.13,False
1789135804453,104.07,1.5,False
1789135804504,104.06,10.43,True
1789135804508,104.05,53.51,True
1789135804627,104.06,0.42,False
1789135804710,104.05,82.32,True
1789135804716,104.05,145.01,False
1789135804748,104.04,2.87,True
1789135804752,104.05,0.1,False
1789135804872,104.05,5.2,False
1789135804996,104.04,23.37,True
1789135805001,104.05,0.05,False
1789135805097,104.04,0.05,True
1789135805107,104.05,50.02,False
1789135805110,104.06,152.8,False
1789135805111,104.07,155.96,False
1789135805157,104.07,7.04,True
1789135805187,104.08,97.57,False
1789135805286,104.08,28.8,True
1789135805311,104.09,0.79,False
1789135805313,104.08,225.91,True
1789135805320,104.07,20.68,True
1789135805430,104.07,479.09,True
1789135805437,104.06,2.77,True
1789135805448,104.06,6.11,False
1789135805515,104.07,2.26,False
1789135805583,104.06,1.16,True
1789135805626,104.07,0.78,False
1789135805636,104.08,0.61,False
1789135805757,104.09,2.37,False
1789135805789,104.08,3.06,True
1789135805858,104.09,230.02,False
1789135805861,104.1,3.79,False
1789135805976,104.1,11.02,False
1789135806020,104.11,1.06,False
1789135806030,104.11,47.97,True
1789135806161,104.12,26.65,False
1789135806191,104.13,2.79,False
1789135806215,104.13,430.42,True
1789135806230,104.13,0.63,False
1789135806361,104.12,6.89,True
1789135806407,104.13,1.85,False
1789135806419,104.13,0.05,True
1789135806456,104.14,0.86,False
1789135806564,104.14,0.1,False
1789135806600,104.13,1.16,True
1789135806617,104.14,0.1,False
1789135806690,104.13,10.77,True
1789135806693,104.14,1.4,False
1789135806756,104.13,0.13,True
1789135807032,104.13,0.13,True
1789135807054,104.14,0.05,False
1789135807062,104.13,21.56,True
1789135807106,104.14,0.1,False
1789135807313,104.14,18.29,False
1789135807326,104.13,0.13,True
1789135807377,104.14,3.6,False
1789135807569,104.14,5.22,False
1789135807613,104.13,1.43,True
1789135807736,104.14,131.14,False
1789135807742,104.15,363.26,False
1789135807782,104.15,80.34,True
1789135807837,104.15,6.15,False
1789135807944,104.16,76.12,False
1789135807949,104.17,0.91,False
1789135808016,104.16,1.85,True
1789135808071,104.17,0.1,False
1789135808126,104.16,66.99,True
1789135808137,104.15,12.5,True
1789135808149,104.15,0.76,False
1789135808173,104.14,0.27,True
1789135808235,104.15,7.19,False
1789135808331,104.14,1.86,True
1789135808472,104.14,156.26,True
1789135808490,104.13,164.89,True
1789135808498,104.12,1.62,True
1789135808568,104.13,2.11,False
1789135808627,104.12,1.16,True
1789135808792,104.13,4.8,False
1789135808825,104.12,0.21,True
1789135808903,104.13,0.49,False
1789135808978,104.14,0.82,False
1789135809012,104.13,10.15,True
1789135809110,104.14,0.05,False
1789135809129,104.13,38.8,True
1789135809220,104.12,0.53,True
1789135809390,104.13,2.24,False
1789135809622,104.13,0.05,False
1789135809643,104.12,1.16,True
1789135809796,104.12,59.17,True
1789135809815,104.11,7.27,True
1789135809835,104.11,103.78,False
1789135809923,104.1,3.29,True
1789135810034,104.1,242.15,True
1789135810236,104.1,25.05,False
1789135810374,104.09,0.36,True
1789135810464,104.1,151.46,False
1789135810575,104.1,0.06,True
1789135810624,104.11,0.93,False
1789135810658,104.11,4.96,True
1789135810893,104.12,0.48,False
1789135810910,104.11,27.33,True
1789135810942,104.12,108.32,False
1789135810948,104.13,95.89,False
1789135810956,104.14,51.26,False
1789135811035,104.13,0.39,True
1789135811100,104.14,9.46,False
1789135811103,104.13,530.19,True
1789135811115,104.12,0.39,True
1789135811141,104.12,100.05,False
1789135811286,104.12,1.47,False
1789135811303,104.11,19.2,True
1789135811312,104.12,20.0,False
1789135811335,104.11,2.12,True
1789135811432,104.12,1.81,False
1789135811521,104.13,0.13,True
1789135811674,104.13,1.16,True
1789135811676,104.14,0.26,False
1789135811813,104.13,9.48,True
1789135811919,104.13,441.46,True
1789135811971,104.14,60.02,False
1789135812080,104.14,1.5,False
1789135812090,104.13,643.33,True
1789135812112,104.13,0.19,True
1789135812121,104.14,5.09,False
1789135812240,104.15,1.01,False
1789135812273,104.14,47.84,True
1789135812546,104.14,3.17,True
1789135812688,104.14,1.16,True
1789135812702,104.15,0.1,False
1789135812778,104.14,2.24,True
1789135812815,104.15,1.26,False
1789135812954,104.14,7.07,True
1789135813062,104.14,526.45,True
1789135813179,104.14,0.35,False
1789135813230,104.13,2.78,True
1789135813234,104.14,0.09,False
1789135813594,104.14,2.77,False
1789135813613,104.13,25.81,True
1789135813645,104.14,0.23,False
1789135813698,104.13,1.77,True
1789135813704,104.14,5.74,False
1789135813742,104.13,402.59,True
1789135813760,104.13,4.95,False
1789135814220,104.12,74.0,True
1789135814244,104.13,0.41,False
1789135814492,104.12,21.16,True
1789135814720,104.12,1.16,True
1789135814755,104.13,0.05,False
1789135814868,104.12,5.58,True
1789135814962,104.13,403.13,False
1789135814979,104.14,194.03,False
1789135814984,104.15,18.64,False
1789135815127,104.15,37.31,False
1789135815223,104.16,55.77,False
1789135815252,104.17,313.15,False
1789135815254,104.17,0.47,True
1789135815267,104.18,0.2,False
1789135815289,104.17,5.09,True
1789135815424,104.18,0.77,False
1789135815526,104.17,0.77,True
1789135815529,104.18,234.43,False
1789135815559,104.17,17.92,True
1789135815575,104.18,0.31,False
1789135815734,104.17,10.59,True
1789135815784,104.18,0.19,False
1789135815972,104.18,2.6,False
1789135815977,104.18,1.1,True
1789135815992,104.19,0.09,False
1789135816084,104.18,1.68,True
1789135816105,104.19,19.98,False
1789135816307,104.2,0.05,False
1789135816385,104.19,5.35,True
1789135816437,104.2,28.0,False
1789135816441,104.19,9.75,True
1789135816547,104.19,193.16,True
1789135816562,104.18,103.87,True
1789135816689,104.19,17.66,False
1789135816748,104.18,1.16,True
1789135816759,104.19,5.64,False
1789135816916,104.18,71.54,True
1789135816933,104.17,332.73,True
1789135816939,104.16,106.99,False
1789135816975,104.15,11.77,True
1789135816997,104.16,0.05,False
1789135817085,104.15,66.2,True
1789135817167,104.16,1.34,False
1789135817239,104.15,6.78,True
1789135817257,104.14,19.19,True
1789135817258,104.15,0.47,False
1789135817281,104.14,145.83,True
1789135817321,104.14,0.62,False
1789135817402,104.13,0.36,True
1789135817542,104.14,0.44,False
1789135817655,104.13,36.04,True
1789135817763,104.12,417.99,True
1789135817793,104.12,1.16,False
1789135817918,104.11,61.47,True
1789135817929,104.11,1.34,False
1789135818349,104.11,0.05,False
1789135818398,104.1,960.06,True
1789135818430,104.11,2.0,False
1789135818516,104.1,28.93,True
1789135818588,104.11,1.96,False
1789135818634,104.1,4.23,True
1789135818652,104.09,72.0,True
1789135818712,104.08,3.37,True
1789135818864,104.09,0.05,False
1789135818869,104.08,21.9,True
1789135818897,104.08,662.73,False
1789135818935,104.07,0.68,True
1789135818983,104.08,0.97,False
1789135819093,104.07,5.21,True
1789135819227,104.07,3.62,True
1789135819239,104.08,167.72,False
1789135819377,104.08,0.05,False
1789135819511,104.08,27.57,False
1789135819643,104.08,1.07,False
1789135819796,104.07,862.46,True
1789135819844,104.07,20.15,False
1789135820071,104.07,0.98,False
1789135820304,104.06,2.4,True
1789135820407,104.07,409.83,False
1789135820457,104.08,0.91,False
1789135820662,104.08,0.95,False
1789135820775,104.09,5.97,False
1789135820811,104.08,1.16,True
1789135820917,104.09,0.05,False
1789135820965,104.08,0.05,True
1789135821004,104.09,24.95,False
1789135821245,104.09,4992.52,False
1789135821285,104.1,0.21,False
1789135821416,104.1,4.8,False
1789135821426,104.09,2.51,True
1789135821431,104.1,0.05,False
1789135821456,104.09,24.04,True
1789135821730,104.1,6.02,False
1789135821796,104.1,6.16,True
1789135821944,104.11,0.05,False
1789135822001,104.1,32.46,True
1789135822119,104.1,237.32,True
1789135822372,104.09,16.59,True
1789135822382,104.1,39.35,False
1789135822397,104.09,5.0,True
1789135822407,104.1,157.64,False
1789135822569,104.09,1.1,True
1789135822727,104.1,147.99,False
1789135822838,104.1,16.17,True
1789135822951,104.11,0.05,False
1789135823058,104.1,29.3,True
1789135823207,104.11,0.05,False
1789135823345,104.1,2.3,True
1789135823470,104.1,2.09,True
1789135823485,104.11,20.69,False
1789135823605,104.11,0.17,False
1789135823769,104.11,0.26,False
1789135823878,104.1,0.84,True
1789135823998,104.11,0.05,False
1789135824140,104.1,7.04,True
1789135824176,104.11,10.67,False
1789135824365,104.11,7.03,False
1789135824509,104.11,0.1,False
1789135824681,104.1,0.2,True
1789135824867,104.1,1.16,True
1789135824971,104.11,0.1,False
1789135824974,104.1,2.96,True
1789135825023,104.11,0.05,False
1789135825029,104.1,141.44,True
1789135825055,104.09,1.0,True
1789135825082,104.1,2.84,False
1789135825095,104.09,88.32,True
1789135825260,104.08,2.0,False
1789135825397,104.08,2.13,False
1789135825403,104.07,1.64,True
1789135825538,104.08,0.05,False
1789135825551,104.07,324.01,True
1789135825786,104.08,61.99,False
1789135825881,104.07,13.34,True
1789135826055,104.07,8.13,True
1789135826173,104.07,1.78,True
1789135826259,104.08,0.05,False
1789135826664,104.07,52.76,True
1789135826670,104.08,200.05,False
1789135826894,104.07,429.97,True
1789135827012,104.07,9.41,False
1789135827125,104.07,269.19,False
1789135827312,104.07,45.55,False
1789135827393,104.06,687.31,True
1789135827426,104.05,984.15,True
1789135827441,104.04,189.79,True
1789135827464,104.03,1.47,True
1789135827482,104.04,0.29,False
1789135827547,104.03,13.98,True
1789135827572,104.04,406.63,False
1789135827625,104.04,1.26,True
1789135827761,104.04,3.52,True
1789135827777,104.05,59.81,False
1789135827887,104.05,20.19,True
1789135828101,104.06,219.6,False
1789135828120,104.05,0.06,True
1789135828240,104.05,2.38,True
1789135828263,104.06,0.05,False
1789135828377,104.05,3.0,True
1789135828394,104.06,58.74,False
1789135828397,104.07,0.91,False
1789135828534,104.06,25.57,True
1789135828596,104.08,6.42,False
1789135828826,104.09,17.87,False
1789135828921,104.09,1.16,True
1789135828966,104.1,0.05,False
1789135829115,104.1,0.05,False
1789135829554,104.1,4.8,False
1789135829580,104.09,150.0,True
1789135829716,104.09,19.52,True
1789135829768,104.1,5.98,False
1789135829909,104.09,23.56,True
1789135829996,104.1,0.06,False
1789135830122,104.1,0.05,False
1789135830134,104.09,1.0,True
1789135830279,104.09,1.92,True
1789135830418,104.1,0.05,False
1789135830634,104.1,0.05,False
1789135830689,104.09,1.36,True
1789135830879,104.1,0.53,False
1789135830948,104.09,1.16,True
1789135831160,104.09,35.0,True
1789135831187,104.1,18.97,False
1789135831278,104.1,3.46,True
1789135831283,104.11,4.32,False
1789135831678,104.1,1.0,True
1789135831697,104.11,9.76,False
1789135831899,104.1,300.0,True
1789135831917,104.11,0.35,False
1789135831962,104.1,163.44,True
1789135832090,104.1,0.46,True
1789135832129,104.11,1.06,False
1789135832151,104.1,123.84,True
1789135832267,104.11,0.05,False
1789135832364,104.1,41.5,True
1789135832535,104.1,50.8,True
1789135832607,104.09,453.22,True
1789135832609,104.1,26.41,False
1789135832727,104.1,0.05,False
1789135832949,104.1,4.85,False
1789135832969,104.09,9.3,True
1789135833052,104.1,3.37,False
1789135833160,104.1,6.7,False
1789135833319,104.09,35.18,True
1789135833421,104.08,80.31,True
1789135833495,104.08,1.55,False
1789135833513,104.07,108.02,True
1789135833517,104.06,18.99,True
1789135833528,104.05,0.13,True
1789135833566,104.06,0.87,False
1789135833663,104.05,76.58,True
1789135833671,104.04,2.52,True
1789135833697,104.03,0.13,True
1789135833700,104.04,1.3,False
1789135833740,104.03,10.11,True
1789135833755,104.04,58.99,False
1789135833894,104.04,1.3,False
1789135833989,104.03,9.56,True
1789135834139,104.03,217.58,True
1789135834173,104.02,21.15,True
1789135834269,104.03,8.85,False
1789135834449,104.02,534.44,True
1789135834523,104.01,231.57,True
1789135834524,104.0,0.64,True
1789135834525,104.01,21.42,False
1789135834656,104.0,0.13,True
1789135834724,104.01,24.02,False
1789135834842,104.0,869.33,True
1789135834895,103.99,0.5,True
1789135834925,104.0,0.83,False
1789135834932,103.99,20.34,True
1789135835094,103.99,224.17,True
1789135835292,103.99,0.05,False
1789135835365,103.98,18.67,True
1789135835506,103.98,0.96,True
1789135835511,103.99,24.02,False
1789135835607,103.98,1.5,True
1789135835744,103.98,728.38,True
1789135835808,103.98,0.05,False
1789135835919,103.98,0.14,False
1789135836018,103.97,76.84,True
1789135836092,103.98,0.05,False
1789135836227,103.98,1.0,False
1789135836245,103.97,692.14,True
1789135836246,103.96,0.06,True
1789135836293,103.97,166.47,False
1789135836306,103.98,50.91,False
1789135836391,103.99,12.56,False
1789135836439,103.99,1.15,True
1789135836522,104.0,9.61,False
1789135836569,103.99,10.0,True
1789135836650,104.0,1.43,False
1789135836663,104.01,37.69,False
1789135836674,104.02,7.36,False
1789135836693,104.03,0.09,False
1789135836834,104.03,8.79,False
1789135836904,104.04,14.0,False
1789135836911,104.03,0.45,True
1789135836951,104.04,6.71,False
1789135837032,104.04,3.05,True
1789135837345,104.05,0.05,False
1789135837360,104.04,0.15,True
1789135837364,104.05,31.59,False
1789135837508,104.05,15.67,False
1789135837581,104.05,26.9,True
1789135837683,104.05,5.76,True
1789135837774,104.06,0.59,False
1789135837962,104.06,8.74,False
1789135838013,104.05,2.31,True
1789135838245,104.06,0.05,False
1789135838374,104.06,0.05,False
1789135838436,104.05,2.84,True
1789135838452,104.06,1.74,False
1789135838586,104.06,0.29,False
1789135838684,104.05,0.96,True
1789135838763,104.06,2.53,False
1789135838767,104.05,0.08,True
1789135838889,104.06,0.05,False
1789135838925,104.05,3.21,True
1789135839017,104.06,0.23,False
1789135839026,104.05,2.6,True
1789135839157,104.05,10.87,True
1789135839402,104.06,0.05,False
1789135839608,104.05,57.57,True
1789135839680,104.06,5.76,False
1789135839751,104.05,108.05,True
1789135839915,104.06,0.05,False
1789135840002,104.05,395.84,True
1789135840144,104.05,30.4,True
1789135840186,104.06,11.07,False
1789135840421,104.07,1.6,False
1789135840618,104.06,4.76,True
1789135840753,104.06,4.96,True
1789135840757,104.07,0.05,False
1789135840864,104.07,1.44,False
1789135840867,104.06,355.92,True
1789135840924,104.06,2.04,False
1789135841091,104.05,26.16,True
1789135841271,104.05,111.34,True
1789135841289,104.04,21.52,True
1789135841296,104.05,82.27,False
1789135841298,104.04,106.11,True
1789135841390,104.04,15.3,True
1789135841396,104.04,271.47,False
1789135841455,104.05,0.05,False
1789135841538,104.04,5.0,True
1789135841607,104.05,12.57,False
1789135841669,104.04,625.31,True
1789135841670,104.03,49.76,True
1789135841671,104.02,58.1,True
1789135841687,104.03,1.61,False
1789135841776,104.02,552.07,True
1789135841910,104.03,1.44,False
1789135841943,104.02,2.2,True
1789135841966,104.03,379.77,False
1789135842104,104.02,1.16,True
1789135842255,104.03,1.38,False
1789135842346,104.02,19.22,True
1789135842435,104.03,17.26,False
1789135842693,104.03,0.06,False
1789135842773,104.02,68.92,True
1789135842835,104.03,0.19,False
1789135842983,104.03,1.46,False
1789135843012,104.02,299.37,True
1789135843025,104.02,1.37,False
1789135843028,104.01,61.85,True
1789135843119,104.0,4.22,True
1789135843280,104.01,67.72,False
1789135843317,104.03,0.91,False
1789135843508,104.03,0.05,False
1789135843648,104.03,16.29,False
1789135843761,104.02,64.27,True
1789135844023,104.03,35.05,False
1789135844136,104.02,20.38,True
1789135844211,104.01,1.58,True
1789135844216,104.02,0.9,False
1789135844249,104.01,184.29,True
1789135844324,104.0,191.44,True
1789135844357,104.01,0.2,False
1789135844448,104.0,105.0,True
1789135844536,104.01,0.05,False
1789135844644,104.0,8.06,True
1789135844747,104.0,59.93,True
1789135845000,104.01,23.1,False
1789135845025,104.02,0.48,False
1789135845048,104.01,0.27,True
1789135845050,104.02,0.05,False
1789135845102,104.01,1.42,True
1789135845205,104.02,0.05,False
1789135845465,104.02,56.79,False
1789135845622,104.01,116.24,True
1789135845691,104.02,0.82,False
1789135845703,104.01,0.27,True
1789135845848,104.02,10.04,False
1789135846087,104.01,1.29,True
1789135846287,104.02,0.05,False
1789135846315,104.01,0.4,True
1789135846348,104.02,0.09,False
1789135846473,104.01,0.19,True
1789135846589,104.02,0.05,False
1789135846676,104.01,0.27,True
1789135846915,104.01,0.27,True
1789135847014,104.02,0.19,False
1789135847180,104.01,1.16,True
1789135847357,104.01,58.1,True
1789135847526,104.02,0.05,False
1789135847536,104.01,64.24,True
1789135847616,104.02,0.13,False
1789135847755,104.01,10.08,True
1789135847856,104.01,23.77,True
1789135847949,104.02,9.38,False
1789135848128,104.02,0.17,False
1789135848193,104.01,1.16,True
1789135848269,104.02,0.59,False
1789135848452,104.02,9.61,False
1789135848462,104.01,2.01,True
1789135848585,104.01,6.82,True
1789135848643,104.02,0.05,False
1789135848722,104.01,1.6,True
1789135848732,104.02,0.96,False
1789135848914,104.01,4.09,True
1789135848951,104.02,0.16,False
1789135848967,104.01,0.13,True
1789135849086,104.01,859.86,True
1789135849123,104.0,100.0,True
1789135849159,104.01,0.05,False
1789135849167,104.0,68.74,True
1789135849174,103.99,47.47,True
1789135849178,103.98,3655.05,True
1789135849192,103.97,161.31,True
1789135849193,103.96,243.34,True
1789135849206,103.95,1.72,True
1789135849209,103.98,0.06,False
1789135849215,103.96,2.0,True
1789135849219,103.97,0.07,False
1789135849220,103.96,2.19,True
1789135849234,103.96,0.37,False
1789135849240,103.95,21.16,True
1789135849258,103.96,249.1,False
1789135849274,103.97,1.43,False
1789135849284,103.97,407.66,False
1789135849298,103.97,7.93,True
1789135849306,103.98,524.64,False
1789135849370,103.99,21.45,False
1789135849380,103.99,2.71,True
1789135849381,103.99,0.05,False
1789135849395,104.0,37.98,False
1789135849413,103.98,0.38,True
1789135849422,103.97,165.32,True
1789135849434,103.96,794.91,True
1789135849445,103.95,16.74,True
1789135849542,103.96,106.14,False
1789135849650,103.96,3.6,False
1789135849741,103.95,11.0,True
1789135849844,103.96,1.07,False
1789135850038,103.95,1153.82,True
1789135850082,103.94,232.64,True
1789135850090,103.94,0.1,False
1789135850146,103.93,269.18,True
1789135850235,103.92,23.84,True
1789135850293,103.93,0.11,False
1789135850334,103.92,188.73,True
1789135850387,103.91,1.9,True
1789135850398,103.92,0.06,False
1789135850415,103.91,28.8,True
1789135850478,103.92,2.25,False
1789135850665,103.92,1.48,False
1789135850803,103.91,2.14,True
1789135850829,103.92,0.09,False
1789135850935,103.92,11.0,False
1789135851058,103.91,40.67,True
1789135851140,103.92,1.01,False
1789135851214,103.91,14.41,True
1789135851219,103.92,9.14,False
1789135851288,103.91,22.26,True
1789135851380,103.9,1.81,True
1789135851409,103.91,1.02,False
1789135851501,103.9,1.66,True
1789135851629,103.9,59.02,True
1789135851723,103.91,0.05,False
1789135851847,103.91,7.5,False
1789135852163,103.91,0.05,False
1789135852192,103.9,0.5,True
1789135852238,103.91,4.65,False
1789135852302,103.9,1.16,True
1789135852313,103.91,2.26,False
1789135852370,103.9,80.5,True
1789135852397,103.89,98.03,True
1789135852402,103.88,334.15,True
1789135852415,103.87,1.77,True
1789135852424,103.88,92.09,False
1789135852643,103.88,0.1,False
1789135852655,103.87,4.79,True
1789135852717,103.88,0.94,False
1789135852850,103.88,142.28,False
1789135853067,103.87,11.49,True
1789135853184,103.88,2.0,False
1789135853210,103.87,3.31,True
1789135853265,103.88,0.05,False
1789135853291,103.87,9.21,True
1789135853345,103.88,0.35,False
1789135853424,103.87,9.6,True
1789135853482,103.88,380.63,False
1789135853483,103.9,189.51,False
1789135853485,103.92,4.0,False
1789135853548,103.91,84.61,True
1789135853549,103.92,3.97,False
1789135853615,103.91,9.73,True
1789135853616,103.89,184.37,True
1789135853617,103.88,258.04,True
1789135853622,103.88,0.47,False
1789135853742,103.88,11.84,False
1789135853963,103.87,364.59,True
1789135854010,103.86,40.95,True
1789135854268,103.85,5.93,True
1789135854296,103.86,0.05,False
1789135854328,103.85,1.16,True
1789135854369,103.86,0.22,False
1789135854380,103.85,42.71,True
1789135854481,103.86,209.82,False
1789135854573,103.85,121.86,True
1789135854678,103.84,1.53,True
1789135854785,103.84,70.07,True
1789135854788,103.85,1.04,False
1789135855059,103.85,436.05,False
1789135855064,103.86,820.77,False
1789135855078,103.87,0.68,False
1789135855182,103.87,0.75,False
1789135855213,103.86,0.06,True
1789135855316,103.87,0.05,False
1789135855341,103.86,1.16,True
1789135855435,103.87,1.0,False
1789135855467,103.86,92.87,True
1789135855585,103.87,0.16,False
1789135855601,103.86,1.87,True
1789135855659,103.87,5.22,False
1789135855728,103.86,10.56,True
1789135855831,103.87,0.05,False
1789135855839,103.86,3.13,True
1789135855874,103.87,5.97,False
1789135855948,103.86,4.0,True
1789135855975,103.87,0.98,False
1789135856008,103.86,2.78,True
1789135856136,103.86,30.0,True
1789135856230,103.87,20.0,False
1789135856304,103.86,0.8,True
1789135856335,103.87,0.53,False
1789135856355,103.86,20.9,True
1789135856468,103.86,4.0,True
1789135856630,103.86,51.21,True
1789135856669,103.85,15.13,True
1789135856700,103.84,190.73,True
1789135856744,103.85,2.99,False
1789135856818,103.84,8.59,True
1789135856843,103.85,0.17,False
1789135856860,103.84,9.29,True
1789135856863,103.84,0.56,False
1789135856879,103.83,0.45,True
1789135856881,103.84,0.12,False
1789135856894,103.83,2.91,True
1789135856903,103.84,14.47,False
1789135856924,103.83,23.59,True
1789135856931,103.84,9.4,False
1789135857072,103.84,0.08,False
1789135857113,103.83,4.62,True
1789135857156,103.84,21.2,False
1789135857263,103.83,59.24,True
1789135857367,103.83,62.8,True
1789135857371,103.84,1.13,False
1789135857527,103.84,8.71,False
1789135857714,103.84,97.25,False
1789135857769,103.83,100.0,True
1789135857871,103.83,21.95,True
1789135857885,103.84,0.05,False
1789135857976,103.83,38.96,True
1789135857983,103.83,0.05,False
1789135858005,103.82,2.56,True
1789135858122,103.82,52.23,True
1789135858227,103.81,21.76,True
1789135858238,103.81,28.69,True
1789135858264,103.82,0.09,False
1789135858318,103.81,10.0,True
1789135858359,103.82,0.51,False
1789135858381,103.81,1.16,True
1789135858412,103.82,0.87,False
1789135858501,103.81,300.09,True
1789135858608,103.81,227.07,True
1789135858888,103.8,1385.4,True
1789135858889,103.79,416.66,True
1789135858890,103.77,1004.32,True
1789135858891,103.81,1.45,False
1789135858896,103.78,62.83,True
1789135858898,103.79,0.2,False
1789135858901,103.78,0.07,True
1789135858912,103.79,0.69,False
1789135859040,103.79,254.08,False
1789135859079,103.78,0.4,True
1789135859166,103.79,0.1,False
1789135859225,103.78,16.62,True
1789135859230,103.77,0.33,True
1789135859352,103.78,0.19,False
1789135859364,103.77,29.47,True
1789135859369,103.77,405.36,False
1789135859394,103.76,1.16,True
1789135859404,103.77,17.92,False
1789135859408,103.76,0.09,True
1789135859427,103.77,11.07,False
1789135859548,103.76,0.06,True
1789135859553,103.77,1.72,False
1789135859562,103.76,0.07,True
1789135859591,103.77,186.5,False
1789135859614,103.77,1.12,True
1789135859622,103.78,0.5,False
1789135859672,103.78,0.82,False
1789135859680,103.77,28.86,True
1789135859684,103.77,26.78,True
1789135859785,103.78,0.95,False
1789135859822,103.77,2.4,True
1789135859825,103.78,9.33,False
1789135859908,103.77,21.28,True
1789135859937,103.78,0.05,False
1789135859945,103.77,18.31,True
1789135860064,103.77,324.23,True
1789135860107,103.77,1.12,False
1789135860138,103.78,1.73,False
1789135860195,103.77,2.56,True
1789135860231,103.78,10.24,False
1789135860387,103.78,90.38,False
1789135860401,103.79,0.91,False
1789135860410,103.78,1.16,True
1789135860416,103.79,133.21,False
1789135860502,103.8,19.28,False
1789135860511,103.8,20.08,True
1789135860708,103.8,35.06,True
1789135860741,103.81,26.44,False
1789135860848,103.81,191.95,False
1789135860849,103.83,600.44,False
1789135860863,103.83,236.9,True
1789135860966,103.84,0.18,False
1789135861056,103.83,5.18,True
1789135861274,103.84,0.56,False
1789135861379,103.83,4.81,True
1789135861391,103.84,4.82,False
1789135861425,103.83,230.86,True
1789135861481,103.83,1.01,False
1789135861584,103.82,25.0,True
1789135861667,103.82,31.79,True
1789135861697,103.82,0.41,False
1789135861758,103.81,15.24,True
1789135861761,103.82,2.47,False
1789135861774,103.81,2.0,True
1789135861910,103.81,100.58,True
1789135861993,103.82,0.05,False
1789135862073,103.81,134.83,True
1789135862079,103.8,3.26,True
1789135862099,103.81,0.4,False
1789135862116,103.8,622.08,True
1789135862161,103.79,809.49,True
1789135862162,103.77,846.44,True
1789135862163,103.73,1026.9,True
1789135862165,103.75,0.05,False
1789135862166,103.74,27.4,True
1789135862170,103.75,153.6,False
1789135862172,103.76,46.57,True
1789135862175,103.77,18.31,False
1789135862181,103.77,0.22,True
1789135862234,103.77,7.83,True
1789135862244,103.77,1.05,False
1789135862284,103.76,92.96,True
1789135862319,103.75,46.6,True
1789135862320,103.75,0.41,False
1789135862328,103.74,0.75,True
1789135862358,103.73,4.16,True
1789135862448,103.74,283.17,False
1789135862449,103.73,9.6,True
1789135862452,103.74,7.0,False
1789135862627,103.73,1.34,True
1789135862631,103.74,37.06,False
1789135862711,103.73,39.15,True
1789135862717,103.73,0.2,False
1789135862849,103.72,18.02,True
1789135862862,103.72,0.18,False
1789135862895,103.71,0.08,True
1789135862930,103.72,0.28,False
1789135863010,103.71,86.61,True
1789135863011,103.71,16.0,False
1789135863020,103.71,0.05,False
1789135863024,103.7,98.76,True
1789135863027,103.71,2.71,False
1789135863056,103.7,1061.58,True
1789135863087,103.69,7.03,True
1789135863088,103.68,349.89,True
1789135863116,103.69,13.23,False
1789135863262,103.68,81.66,True
1789135863311,103.69,3.41,False
1789135863323,103.68,21.05,True
1789135863340,103.69,1132.54,False
1789135863397,103.7,24.14,False
1789135863403,103.7,151.65,True
1789135863457,103.71,183.87,False
1789135863538,103.7,121.01,True
1789135863543,103.71,19.59,False
1789135863610,103.7,51.84,True
1789135863612,103.69,74.97,True
1789135863628,103.69,176.03,False
1789135863703,103.68,147.09,True
1789135863728,103.69,66.94,False
1789135864048,103.7,0.05,False
1789135864191,103.69,76.55,True
1789135864278,103.7,2.87,False
1789135864390,103.7,50.79,False
1789135864420,103.71,0.05,False
1789135864473,103.7,11.73,True
1789135864536,103.71,156.91,False
1789135864543,103.7,35.55,True
1789135864558,103.71,4.81,False
1789135864624,103.7,2.87,True
1789135864632,103.71,15.27,False
1789135864737,103.71,4.25,True
1789135864743,103.72,17.04,False
1789135864763,103.72,4.82,True
1789135864768,103.73,14.13,False
1789135864796,103.74,2.14,False
1789135864860,103.73,6.83,True
1789135864861,103.74,34.52,False
1789135864992,103.74,1.0,True
1789135865046,103.75,0.86,False
1789135865069,103.74,0.14,True
1789135865072,103.75,0.61,False
1789135865080,103.74,57.61,True
1789135865152,103.75,26.51,False
1789135865179,103.75,72.13,True
1789135865274,103.76,0.1,False
1789135865338,103.75,2.39,True
1789135865361,103.76,4.82,False
1789135865461,103.75,105.9,True
1789135865588,103.76,0.05,False
1789135865621,103.75,244.43,True
1789135865625,103.76,25.94,False
1789135865732,103.75,519.92,True
1789135865768,103.75,1.8,False
1789135865869,103.74,0.06,True
1789135865888,103.75,1.99,False
1789135865906,103.74,216.89,True
1789135865949,103.73,50.31,True
1789135865989,103.72,41.77,True
1789135866006,103.73,0.17,False
1789135866029,103.72,4.67,True
1789135866081,103.73,0.05,False
1789135866085,103.72,83.62,True
1789135866158,103.72,0.2,False
1789135866315,103.72,0.05,False
1789135866510,103.71,1.16,True
1789135866537,103.72,20.07,False
1789135866705,103.72,0.76,False
1789135866731,103.71,110.58,True
1789135866749,103.7,38.42,True
1789135866758,103.71,0.15,False
1789135866770,103.7,16.74,True
1789135866860,103.71,2.05,False
1789135866972,103.7,25.77,True
1789135866973,103.7,0.05,False
1789135867042,103.69,40.62,True
1789135867068,103.69,0.15,False
1789135867268,103.69,1.39,False
1789135867334,103.68,0.05,True
1789135867348,103.69,0.33,False
1789135867369,103.68,76.47,True
1789135867372,103.68,0.05,False
1789135867393,103.67,9.6,True
1789135867508,103.67,17.25,True
1789135867558,103.68,5.44,False
1789135867656,103.67,51.24,True
1789135867743,103.68,47.2,False
1789135867822,103.67,0.72,True
1789135867902,103.68,114.02,False
1789135867938,103.69,109.56,False
1789135868019,103.69,60.44,True
1789135868055,103.7,200.32,False
1789135868066,103.7,7.09,True
1789135868170,103.7,10.86,False
1789135868320,103.7,0.05,False
1789135868323,103.69,75.23,True
1789135868370,103.67,4.24,True
1789135868402,103.68,16.38,False
1789135868537,103.67,1.16,True
1789135868564,103.68,10.07,False
1789135868666,103.68,62.78,False
1789135868738,103.69,8.21,False
1789135868765,103.69,48.52,True
1789135868825,103.7,15.33,False
1789135868863,103.69,0.08,True
1789135868993,103.69,115.93,True
1789135869111,103.7,0.1,False
1789135869208,103.69,19.28,True
1789135869230,103.7,1.17,False
1789135869258,103.69,114.99,True
1789135869271,103.68,61.85,True
1789135869372,103.68,25.55,True
1789135869478,103.68,58.14,True
1789135869578,103.69,0.42,False
1789135869660,103.68,18.23,True
1789135869697,103.69,2.05,False
1789135869747,103.68,1.43,True
1789135869826,103.69,17.62,False
1789135869833,103.7,4.82,False
1789135869942,103.7,1.0,False
1789135869972,103.69,40.39,True
1789135870102,103.69,128.18,True
1789135870148,103.7,0.45,False
1789135870152,103.69,5.71,True
1789135870323,103.7,0.05,False
1789135870372,103.69,560.34,True
1789135870391,103.69,646.66,False
1789135870429,103.7,0.91,False
1789135870468,103.69,182.7,True
1789135870517,103.7,224.19,False
1789135870552,103.71,0.06,False
1789135870564,103.7,14.16,True
1789135870633,103.71,76.01,False
1789135870703,103.7,2.0,True
1789135870707,103.71,26.86,False
1789135870820,103.72,0.36,False
1789135870926,103.72,2.74,False
1789135870969,103.71,101.45,True
1789135871096,103.71,18.48,True
1789135871120,103.72,100.21,False
1789135871225,103.74,8.49,False
1789135871262,103.75,14.0,False
1789135871308,103.74,29.22,True
1789135871382,103.75,0.1,False
1789135871579,103.74,1.24,True
1789135871625,103.75,108.55,False
1789135871727,103.76,18.95,False
1789135871749,103.77,4.87,False
1789135871897,103.77,63.98,False
1789135871905,103.78,0.91,False
1789135871961,103.77,9.8,True
1789135871973,103.78,233.83,False
1789135872016,103.78,43.97,True
1789135872054,103.79,0.86,False
1789135872055,103.78,113.21,True
1789135872167,103.78,0.98,True
1789135872171,103.79,3.71,False
1789135872201,103.78,23.92,True
1789135872323,103.79,0.05,False
1789135872430,103.79,2.69,False
1789135872472,103.78,187.13,True
1789135872499,103.77,242.52,True
1789135872506,103.78,0.05,False
1789135872546,103.77,21.45,True
1789135872586,103.77,0.27,False
1789135872596,103.76,1.16,True
1789135872775,103.77,0.29,False
1789135872897,103.77,28.23,False
1789135872902,103.77,4.78,True
1789135872950,103.78,7.55,False
1789135873160,103.79,1.98,False
1789135873261,103.78,2.32,True
1789135873287,103.79,0.05,False
1789135873292,103.78,26.75,True
1789135873388,103.79,192.56,False
1789135873392,103.8,16.36,False
1789135873471,103.8,0.1,True
1789135873505,103.81,79.38,False
1789135873601,103.82,9.63,False
1789135873614,103.82,10.41,True
1789135873662,103.83,50.83,False
1789135873733,103.84,0.12,False
1789135873747,103.83,0.1,True
1789135873803,103.84,0.05,False
1789135873871,103.83,1.73,True
1789135873935,103.84,57.94,False
1789135874120,103.85,1.29,False
1789135874286,103.84,473.86,True
1789135874291,103.83,44.27,True
1789135874301,103.82,18.98,True
1789135874332,103.82,23.64,False
1789135874363,103.83,0.98,False
1789135874383,103.84,2.78,False
1789135874451,103.83,322.81,True
1789135874476,103.84,15.04,False
1789135874519,103.84,69.17,True
1789135874552,103.84,156.91,False
1789135874656,103.83,1.16,True
1789135874660,103.84,3.14,False
1789135874683,103.83,6.46,True
1789135874709,103.84,103.23,False
1789135874830,103.84,27.04,False
1789135874953,103.83,0.19,True
1789135874954,103.84,8.9,False
1789135874997,103.85,3.28,False
1789135875057,103.84,0.75,True
1789135875067,103.85,39.2,False
1789135875216,103.85,17.75,False
1789135875344,103.85,1.11,False
1789135875371,103.84,60.0,True
1789135875383,103.85,1.83,False
1789135875621,103.85,0.68,False
1789135875669,103.84,1.16,True
1789135875747,103.85,6.05,False
1789135875914,103.85,9.57,False
1789135876017,103.85,48.57,False
1789135876084,103.84,572.25,True
1789135876085,103.76,776.34,True
1789135876091,103.79,465.88,True
1789135876095,103.79,0.05,False
1789135876096,103.78,748.8,True
1789135876101,103.79,16.71,False
1789135876104,103.78,0.56,True
1789135876108,103.79,100.43,False
1789135876109,103.8,38.5,False
1789135876119,103.81,11.66,False
1789135876213,103.81,65.07,True
1789135876230,103.82,1.1,False
1789135876242,103.81,87.19,True
1789135876290,103.82,124.02,False
1789135876306,103.81,0.97,True
1789135876318,103.82,307.2,False
1789135876429,103.82,1139.14,False
1789135876434,103.82,462.69,True
1789135876533,103.82,0.97,True
1789135876565,103.83,562.17,False
1789135876683,103.82,1.16,True
1789135876839,103.83,579.19,False
1789135876848,103.83,5.11,True
1789135876850,103.84,38.88,False
1789135876882,103.85,80.36,False
1789135877027,103.84,1.27,True
1789135877070,103.85,6.38,False
1789135877133,103.84,0.49,True
1789135877140,103.85,115.63,False
1789135877228,103.86,207.89,False
1789135877229,103.87,307.62,False
1789135877230,103.87,1.13,False
1789135877234,103.86,29.37,True
1789135877235,103.87,7.93,False
1789135877242,103.86,344.11,True
1789135877245,103.87,0.35,False
1789135877251,103.88,151.5,False
1789135877292,103.88,1.36,True
1789135877311,103.88,0.1,False
1789135877318,103.87,0.58,True
1789135877342,103.88,3.49,False
1789135877478,103.88,0.21,False
1789135877520,103.87,0.05,True
1789135877599,103.88,0.47,False
1789135877697,103.87,1.16,True
1789135877744,103.88,25.06,False
1789135877910,103.88,0.05,False
1789135877929,103.87,4.91,True
1789135877938,103.88,19.96,False
1789135877994,103.87,613.33,True
1789135877997,103.86,106.27,True
1789135878005,103.85,39.86,True
1789135878006,103.84,72.18,True
1789135878039,103.83,11.17,True
1789135878044,103.82,51.31,True
1789135878073,103.82,0.1,False
1789135878099,103.81,54.08,True
1789135878197,103.81,87.98,False
1789135878307,103.81,0.54,False
1789135878346,103.8,0.38,True
1789135878450,103.81,20.4,False
1789135878559,103.81,0.65,False
1789135878600,103.8,1.3,True
1789135878658,103.81,4.76,False
1789135878712,103.8,8.4,True
1789135878861,103.8,12.01,True
1789135878862,103.81,0.85,False
1789135878967,103.81,0.42,False
1789135879059,103.8,3.9,True
1789135879063,103.81,241.15,False
1789135879151,103.8,3.76,True
1789135879304,103.81,42.37,False
1789135879459,103.81,0.22,False
1789135879468,103.8,18.78,True
1789135879505,103.81,14.28,False
1789135879618,103.81,89.2,False
1789135879707,103.8,150.76,True
1789135879779,103.81,80.0,False
1789135879876,103.8,24.05,True
1789135879914,103.81,183.01,False
1789135879967,103.82,0.84,False
1789135879976,103.81,16.74,True
1789135880002,103.82,0.05,False
1789135880028,103.81,0.19,True
1789135880153,103.81,0.08,True
1789135880159,103.82,0.1,False
1789135880472,103.82,2.84,False
1789135880510,103.81,5.0,True
1789135880511,103.82,18.78,False
1789135880556,103.81,18.84,True
1789135880694,103.82,0.05,False
1789135880739,103.81,393.97,True
1789135880857,103.8,1.57,True
1789135880876,103.81,0.58,False
1789135880991,103.81,4.32,False
1789135881109,103.8,105.97,True
1789135881130,103.8,110.53,False
1789135881230,103.79,0.84,True
1789135881370,103.79,413.96,True
1789135881409,103.78,74.11,True
1789135881504,103.79,2.56,False
1789135881538,103.79,14.65,True
1789135881646,103.8,1.6,False
1789135881754,103.79,1.16,True
1789135881971,103.79,1.1,True
1789135882013,103.8,2.86,False
1789135882056,103.79,5.0,True
1789135882135,103.8,0.18,False
1789135882183,103.79,0.2,True
1789135882319,103.8,0.05,False
1789135882448,103.79,67.23,True
1789135882530,103.8,1.38,False
1789135882635,103.8,82.38,False
1789135882640,103.81,20.67,False
1789135882728,103.81,4.72,True
1789135882786,103.82,192.83,False
1789135882806,103.83,10.93,False
1789135882868,103.84,17.34,False
1789135882949,103.85,72.23,True
1789135883045,103.86,6.75,False
1789135883177,103.85,186.82,True
1789135883255,103.84,2.82,True
1789135883390,103.85,4.82,False
1789135883441,103.84,3.0,True
1789135883475,103.85,3.85,False
1789135883507,103.84,183.59,True
1789135883519,103.83,45.25,True
1789135883558,103.83,0.05,False
1789135883596,103.82,460.52,True
1789135883658,103.82,0.13,False
1789135883709,103.81,9.07,True
1789135883785,103.8,1.16,True
1789135883798,103.81,6.27,False
1789135883913,103.8,60.23,True
1789135884014,103.81,1.68,False
1789135884076,103.8,418.69,True
1789135884094,103.81,0.58,False
1789135884223,103.81,2.43,True
1789135884359,103.82,1.4,False
1789135884445,103.81,86.8,True
1789135884562,103.8,23.81,True
1789135884572,103.8,58.73,False
1789135884726,103.79,0.65,True
1789135884729,103.8,68.26,False
1789135884797,103.79,1.16,True
1789135884844,103.8,16.07,False
1789135885011,103.79,107.33,True
1789135885043,103.79,98.22,False
1789135885155,103.79,0.5,False
1789135885218,103.78,183.74,True
1789135885219,103.78,2.12,False
1789135885421,103.78,1.23,False
1789135885441,103.78,4.02,True
1789135885521,103.78,13.32,True
1789135885612,103.79,0.05,False
1789135885651,103.78,3.9,True
1789135885737,103.79,101.59,False
1789135885808,103.79,51.16,True
1789135885902,103.8,1.32,False
1789135885953,103.79,19.27,True
1789135885966,103.8,272.85,False
1789135885967,103.81,558.49,False
1789135886016,103.81,5.19,True
1789135886104,103.82,3.66,False
1789135886217,103.82,587.1,True
1789135886249,103.81,453.33,True
1789135886345,103.83,268.56,False
1789135886517,103.83,12.38,True
1789135886636,103.84,0.05,False
1789135886738,103.84,1.29,False
1789135886834,103.83,0.37,True
1789135886897,103.84,1.44,False
1789135886898,103.83,7.2,True
1789135886961,103.84,95.25,False
1789135887004,103.85,0.91,False
1789135887034,103.84,6.01,True
1789135887152,103.85,326.51,False
1789135887283,103.86,9.11,False
1789135887538,103.86,258.0,True
1789135887560,103.86,0.05,False
1789135887652,103.85,14.24,True
1789135887665,103.85,0.72,False
1789135887782,103.84,69.03,True
1789135887830,103.84,7.34,False
1789135887834,103.83,83.67,True
1789135887909,103.83,4.82,False
1789135887947,103.82,207.43,True
1789135887966,103.82,0.28,False
1789135888096,103.82,2.83,False
1789135888152,103.81,0.71,True
1789135888351,103.82,0.05,False
1789135888488,103.82,0.06,False
1789135888496,103.81,2.98,True
1789135888545,103.82,0.87,False
1789135888564,103.81,15.22,True
1789135888640,103.82,9.68,False
1789135888790,103.82,145.39,False
1789135888827,103.81,62.35,True
1789135888864,103.8,0.19,True
1789135888878,103.81,0.97,False
1789135889030,103.81,183.36,False
1789135889045,103.82,25.69,False
1789135889196,103.82,11.14,False
1789135889361,103.82,366.69,False
1789135889604,103.82,5.91,False
1789135889719,103.82,3.11,False
1789135889824,103.82,747.29,False
1789135889847,103.84,0.14,False
1789135890069,103.83,276.65,True
1789135890084,103.83,7.04,False
1789135890117,103.82,0.48,True
1789135890355,103.83,0.8,False
1789135890362,103.84,0.05,False
1789135890363,103.83,3.14,True
1789135890428,103.84,0.65,False
1789135890450,103.83,21.87,True
1789135890627,103.83,10.26,True
1789135890719,103.82,0.43,False
1789135890795,103.81,5.96,True
1789135891225,103.82,18.02,False
1789135891293,103.81,1.64,True
1789135891295,103.82,5.56,False
1789135891495,103.82,0.5,False
1789135891617,103.82,0.05,False
1789135891774,103.82,0.05,False
1789135891984,103.82,26.71,False
1789135892103,103.81,383.24,True
1789135892106,103.81,0.05,False
1789135892187,103.8,52.65,True
1789135892204,103.8,7.04,False
1789135892314,103.79,58.72,True
1789135892322,103.79,0.15,False
1789135892583,103.78,1.9,True
1789135892638,103.79,17.51,False
1789135892658,103.8,31.31,False
1789135892799,103.8,25.07,False
1789135892949,103.8,5.0,False
1789135892977,103.79,14.83,True
1789135893046,103.8,6.38,False
1789135893047,103.79,7.45,True
1789135893129,103.8,0.32,False
1789135893263,103.79,5.77,True
1789135893313,103.8,0.4,False
1789135893597,103.79,130.6,True
1789135893824,103.79,0.1,False
1789135893953,103.78,0.35,True
1789135893954,103.79,6.57,False
1789135894127,103.79,50.91,False
1789135894204,103.78,0.18,True
1789135894327,103.79,1.13,False
1789135894454,103.79,7.44,False
1789135894648,103.78,4.93,True
1789135894694,103.79,30.8,False
1789135894703,103.8,110.85,False
1789135894840,103.81,4.17,False
1789135894854,103.8,75.77,True
1789135894898,103.79,1.18,True
1789135894934,103.79,0.05,False
1789135895011,103.78,0.01,True
1789135895053,103.79,0.28,False
1789135895218,103.79,0.3,False
1789135895341,103.79,0.95,False
1789135895478,103.79,4.82,False
1789135895582,103.79,19.73,False
1789135895700,103.79,0.69,False
1789135895792,103.78,3.94,True
1789135895882,103.79,0.05,False
1789135896013,103.78,509.89,True
1789135896051,103.77,4.88,True
1789135896079,103.78,2.84,False
1789135896197,103.78,0.27,False
1789135896215,103.77,0.81,True
1789135896238,103.78,0.05,False
1789135896330,103.77,199.22,True
1789135896355,103.77,0.05,False
1789135896376,103.76,0.87,True
1789135896418,103.77,0.05,False
1789135896591,103.76,65.63,True
1789135896617,103.75,34.83,True
1789135896673,103.74,0.14,True
1789135896676,103.75,1.07,False
1789135896696,103.74,0.05,True
1789135896729,103.75,0.1,False
1789135896797,103.74,150.15,True
1789135896908,103.74,0.05,False
1789135896927,103.73,4.82,True
1789135897001,103.74,61.89,False
1789135897046,103.73,6.02,True
1789135897138,103.74,19.89,False
1789135897171,103.73,0.07,True
1789135897310,103.73,164.01,True
1789135897365,103.73,50.85,False
1789135897373,103.72,10.38,True
1789135897424,103.73,4.87,False
1789135897613,103.73,7.68,False
1789135897629,103.72,94.25,True
1789135897634,103.72,174.24,False
1789135897744,103.72,0.52,False
1789135897802,103.71,2.86,True
1789135897852,103.72,67.14,False
1789135897936,103.73,29.94,False
1789135898034,103.73,9.65,True
1789135898138,103.74,25.13,False
1789135898204,103.75,10.94,False
1789135898245,103.74,7.99,True
1789135898357,103.75,3.18,False
1789135898433,103.74,0.43,True
1789135898449,103.75,0.38,False
1789135898485,103.74,5.38,True
1789135898559,103.75,1.02,False
1789135898606,103.74,2.64,True
1789135898672,103.75,1.38,False
1789135898782,103.75,4.81,False
1789135898816,103.74,75.0,True
1789135898877,103.75,2.57,False
1789135898880,103.74,0.37,True
1789135898902,103.73,10.28,True
1789135898931,103.74,0.78,False
1789135899044,103.74,15.13,False
1789135899127,103.75,3.14,False
1789135899130,103.75,551.83,True
1789135899131,103.74,1457.52,True
1789135899243,103.75,2.0,False
1789135899266,103.74,0.89,True
1789135899328,103.75,19.82,False
1789135899444,103.74,3.84,True
1789135899475,103.75,1.55,False
1789135899766,103.76,4.58,False
1789135899867,103.75,246.95,True
1789135899917,103.74,2.5,True
1789135899991,103.75,0.05,False
1789135900116,103.74,39.69,True
1789135900314,103.74,1.5,True
1789135900461,103.75,3.9,False
1789135900655,103.75,0.97,False
1789135900788,103.75,46.65,False
1789135900877,103.76,0.05,False
1789135900903,103.75,157.85,True
1789135900936,103.76,3.35,False
1789135901169,103.76,0.85,False
1789135901378,103.76,130.1,False
1789135901526,103.76,3.02,True
1789135901529,103.77,12.54,False
1789135901606,103.77,199.21,True
1789135901607,103.77,0.26,False
1789135901629,103.76,21.77,True
1789135901672,103.76,162.1,False
1789135901844,103.76,0.37,False
1789135901845,103.77,7.58,False
1789135901959,103.77,0.1,False
1789135901962,103.76,28.91,True
1789135901973,103.77,91.53,False
1789135902042,103.78,1.05,False
1789135902191,103.78,0.75,False
1789135902295,103.78,0.11,False
1789135902448,103.78,0.47,False
1789135902556,103.78,0.05,False
1789135902594,103.77,0.05,True
1789135902637,103.78,0.07,False
1789135902659,103.77,236.46,True
1789135902662,103.76,0.38,True
1789135903036,103.76,2.98,False
1789135903169,103.76,0.21,False
1789135903220,103.75,5.6,True
1789135903492,103.76,6.75,False
1789135903543,103.75,5.17,True
1789135903583,103.76,0.05,False
1789135903718,103.76,0.06,False
1789135903839,103.76,451.03,False
1789135903841,103.76,0.98,False
1789135904010,103.75,101.03,True
1789135904070,103.76,3.95,False
1789135904123,103.75,1.0,True
1789135904338,103.76,0.86,False
1789135904389,103.75,7.72,True
1789135904529,103.76,148.06,False
1789135904583,103.77,93.03,False
1789135904686,103.77,0.58,False
1789135904761,103.76,1.61,True
1789135904906,103.75,6.4,True
1789135904984,103.76,2.36,False
1789135905108,103.76,1.32,False
1789135905226,103.75,4.81,True
1789135905249,103.76,0.85,False
1789135905345,103.75,50.0,True
1789135905369,103.76,24.14,False
1789135905459,103.75,65.48,True
1789135905626,103.76,43.6,False
1789135905647,103.75,83.22,True
1789135905676,103.75,9.13,False
1789135905764,103.74,1.3,True
1789135905996,103.75,0.06,False
1789135906001,103.74,59.05,True
1789135906007,103.74,0.1,False
1789135906009,103.73,131.68,True
1789135906020,103.73,1.24,False
1789135906343,103.73,13.28,False
1789135906510,103.72,5.59,True
1789135906517,103.73,3.13,False
1789135906663,103.73,0.05,False
1789135906800,103.72,67.86,True
1789135906902,103.73,29.78,False
1789135906936,103.72,3.61,True
1789135907101,103.72,1.5,True
1789135907167,103.73,0.07,False
1789135907199,103.72,61.57,True
1789135907437,103.73,15.06,False
1789135907561,103.72,0.51,True
1789135907584,103.73,22.38,False
1789135907615,103.74,4.0,True
1789135907683,103.75,10.05,False
1789135907704,103.74,85.94,True
1789135907863,103.75,100.05,False
1789135907906,103.74,2.64,True
1789135907913,103.74,0.15,False
1789135908077,103.74,8.11,False
1789135908199,103.74,0.17,False
1789135908229,103.73,0.06,True
1789135908339,103.74,13.73,False
1789135908374,103.73,10.1,True
1789135908426,103.74,7.64,False
1789135908439,103.74,3.55,True
1789135908480,103.75,5.29,False
1789135908590,103.74,14.71,True
1789135908731,103.74,76.55,True
1789135908736,103.75,0.05,False
1789135908739,103.74,1.75,True
1789135908834,103.75,0.18,False
1789135909088,103.74,4.81,True
1789135909089,103.75,0.39,False
1789135909231,103.75,11.34,False
1789135909411,103.75,0.1,False
1789135909539,103.74,2.93,True
1789135909556,103.75,35.31,False
1789135909702,103.75,46.97,False
1789135909893,103.74,1.64,True
1789135909993,103.75,20.0,False
1789135910022,103.74,0.55,True
1789135910129,103.75,28.86,False
1789135910247,103.74,2.0,True
1789135910269,103.75,98.98,False
1789135910386,103.76,0.05,False
1789135910500,103.76,13.66,False
1789135910504,103.75,65.64,True
1789135910632,103.75,100.85,True
1789135910702,103.74,1.44,True
1789135910770,103.75,0.05,False
1789135910785,103.74,316.37,True
1789135910848,103.75,1.77,False
1789135911009,103.74,10.98,True
1789135911270,103.73,3.18,True
1789135911284,103.74,0.05,False
1789135911346,103.73,1.23,True
1789135911667,103.73,65.26,True
1789135911798,103.74,0.25,False
1789135911935,103.73,4.07,True
1789135912027,103.74,6.65,False
1789135912254,103.74,279.04,False
1789135912389,103.74,0.1,False
1789135912536,103.74,8.28,False
1789135912578,103.73,152.62,True
1789135912674,103.74,50.36,False
1789135912713,103.73,5.0,True
1789135912752,103.74,5.56,False
1789135912812,103.73,10.0,True
1789135912824,103.74,0.05,False
1789135913122,103.74,29.1,False
1789135913252,103.73,4.28,True
1789135913288,103.74,18.6,False
1789135913534,103.74,2.64,False
1789135913651,103.73,1.2,True
1789135913753,103.73,0.37,True
1789135913873,103.73,44.78,True
1789135914015,103.74,3.43,False
1789135914168,103.73,25.14,True
1789135914347,103.74,3.66,False
1789135914483,103.73,5.68,True
1789135914652,103.73,6.49,True
1789135914696,103.74,0.6,False
1789135914751,103.73,38.74,True
1789135914795,103.74,0.05,False
1789135914807,103.73,678.17,True
1789135914818,103.72,55.99,True
1789135914839,103.72,0.24,False
1789135914841,103.71,0.26,True
1789135914845,103.72,0.54,False
1789135915123,103.72,44.43,False
1789135915160,103.72,0.31,True
1789135915321,103.73,0.34,False
1789135915369,103.72,0.23,True
1789135915391,103.73,0.36,False
1789135915498,103.72,306.98,True
1789135915654,103.72,24.56,True
1789135915683,103.73,0.13,False
1789135915743,103.72,18.59,True
1789135915750,103.72,0.05,False
1789135915905,103.72,181.36,False
1789135916000,103.71,9.4,True
1789135916111,103.71,1.92,True
1789135916157,103.72,10.02,False
1789135916222,103.71,1.06,True
1789135916344,103.71,0.62,True
1789135916418,103.72,0.05,False
1789135916462,103.71,1.64,True
1789135916515,103.72,173.31,False
1789135916591,103.72,28.08,True
1789135916932,103.73,0.05,False
1789135917086,103.72,0.96,True
1789135917117,103.73,0.05,False
1789135917362,103.72,141.98,True
1789135917427,103.73,0.29,False
1789135917493,103.72,0.48,True
1789135917623,103.73,4.82,False
1789135917706,103.72,54.11,True
1789135917792,103.71,5.63,True
1789135917911,103.72,0.34,False
1789135917930,103.71,10.49,True
1789135917939,103.71,18.85,False
1789135917959,103.72,0.05,False
1789135918031,103.71,51.45,True
1789135918035,103.7,1050.45,True
1789135918044,103.71,9.64,False
1789135918063,103.7,0.11,True
1789135918080,103.7,0.05,False
1789135918271,103.7,4.41,False
1789135918397,103.7,1.59,False
1789135918489,103.71,0.05,False
1789135918937,103.71,12.83,False
1789135918962,103.7,1.01,True
1789135918986,103.71,0.05,False
1789135919014,103.7,40.41,True
1789135919016,103.69,204.2,True
1789135919057,103.68,0.96,True
1789135919104,103.69,0.1,False
1789135919105,103.68,0.15,True
1789135919186,103.69,1.76,False
1789135919286,103.68,66.35,True
1789135919382,103.68,0.1,False
1789135919499,103.68,0.05,False
1789135919603,103.67,134.33,True
1789135919611,103.66,21.83,True
1789135919658,103.67,4.9,False
1789135919767,103.66,315.49,True
1789135919834,103.66,0.71,False
1789135919849,103.65,572.8,True
1789135919850,103.64,133.21,True
1789135919905,103.66,104.06,False
1789135920013,103.67,0.17,False
1789135920187,103.66,20.35,True
1789135920345,103.66,16.0,True
1789135920418,103.67,1.92,False
1789135920503,103.66,1.46,True
1789135920510,103.67,170.07,False
1789135920520,103.67,383.05,True
1789135920531,103.68,19.34,False
1789135920533,103.67,6.59,True
1789135920579,103.68,27.48,False
1789135920587,103.69,0.91,False
1789135920603,103.68,0.11,True
1789135920607,103.69,3.52,False
1789135920626,103.68,0.07,True
1789135920650,103.69,1.03,False
1789135920788,103.68,0.24,True
1789135920811,103.69,0.12,False
1789135920817,103.68,130.28,True
1789135920852,103.67,1.59,True
1789135920901,103.68,0.2,False
1789135920934,103.67,16.7,True
1789135921040,103.68,0.05,False
1789135921042,103.67,19.28,True
1789135921043,103.68,9.64,False
1789135921339,103.67,14.09,True
1789135921363,103.68,26.68,False
1789135921504,103.67,40.4,True
1789135921553,103.68,4.87,False
1789135921672,103.68,0.33,False
1789135921766,103.67,9.46,True
1789135921825,103.68,0.47,False
1789135921952,103.67,0.13,True
1789135922061,103.68,0.23,False
1789135922111,103.67,57.92,True
1789135922301,103.68,63.84,False
1789135922404,103.68,268.57,False
1789135922405,103.67,194.55,True
1789135922582,103.68,0.41,False
1789135922657,103.67,9.73,True
1789135922740,103.68,39.3,False
1789135922853,103.67,0.4,True
1789135922861,103.68,88.94,False
1789135922869,103.69,9.91,False
1789135923007,103.68,6.1,True
1789135923054,103.68,53.14,False
1789135923095,103.67,98.49,True
1789135923096,103.65,154.79,True
1789135923197,103.66,20.0,False
1789135923256,103.65,0.56,True
1789135923325,103.66,41.49,False
1789135923446,103.66,9.89,False
1789135923557,103.65,11.76,True
1789135923606,103.66,1.29,False
1789135923709,103.66,1.6,False
1789135923756,103.65,0.45,True
1789135923764,103.66,0.12,False
1789135923836,103.65,0.66,True
1789135923853,103.66,0.32,False
1789135923926,103.65,0.48,True
1789135923955,103.66,92.46,False
1789135924042,103.66,1.44,True
1789135924075,103.67,0.17,False
1789135924218,103.66,82.43,True
1789135924219,103.67,5.84,False
1789135924289,103.66,43.5,True
1789135924305,103.66,0.05,False
1789135924306,103.65,1.94,True
1789135924311,103.66,143.8,False
1789135924362,103.65,48.0,True
1789135924364,103.66,268.83,False
1789135924428,103.65,0.92,True
1789135924622,103.66,8.75,False
1789135924661,103.65,8.3,True
1789135924798,103.66,260.49,False
1789135924860,103.65,0.07,True
1789135925049,103.65,13.03,True
1789135925148,103.66,389.92,False
1789135925479,103.67,27.74,False
1789135925482,103.68,61.68,False
1789135925484,103.69,199.02,False
1789135925506,103.7,471.56,False
1789135925519,103.71,279.96,False
1789135925523,103.7,145.6,True
1789135925628,103.69,14.83,True
1789135925655,103.69,200.06,False
1789135925749,103.68,19.75,True
1789135925752,103.67,73.54,True
1789135925758,103.65,7.17,True
1789135925761,103.66,1.37,False
1789135925809,103.65,520.4,True
1789135925818,103.64,1.08,True
1789135926054,103.64,103.57,True
1789135926192,103.64,0.39,True
1789135926251,103.65,9.58,False
1789135926258,103.64,40.51,True
1789135926265,103.63,724.56,True
1789135926374,103.64,0.3,False
1789135926408,103.63,99.45,True
1789135926412,103.63,0.05,False
1789135926501,103.62,539.13,True
1789135926505,103.61,403.35,True
1789135926520,103.6,0.06,True
1789135926528,103.61,7.37,False
